datetime,close_price,total_volume,net_flow,trade_count,future_price_5s,target
2026-01-18 09:43:05,95238.62,0.05781,-0.05781,2,95238.63,1
2026-01-18 09:43:07,95238.63,6e-05,6e-05,1,95238.62,0
2026-01-18 09:43:08,95238.63,0.00021,0.00021,1,95238.62,0
2026-01-18 09:43:09,95238.62,0.001,-0.001,1,95238.63,1
2026-01-18 09:43:10,95238.63,0.14303000000000002,0.14303000000000002,2,95238.63,0
2026-01-18 09:43:11,95238.62,0.00041,-0.00041,2,95238.62,0
2026-01-18 09:43:12,95238.62,0.0017599999999999998,-0.00134,3,95238.62,0
2026-01-18 09:43:13,95238.62,0.00212,0.0007999999999999999,3,95238.63,1
2026-01-18 09:43:14,95238.63,0.00012,0.00012,1,95238.62,0
2026-01-18 09:43:15,95238.63,0.01913,0.001890000000000001,2,95238.62,0
2026-01-18 09:43:16,95238.62,0.00315,-0.00315,3,95238.62,0
2026-01-18 09:43:17,95238.62,0.00412,0.0032,2,95238.62,0
2026-01-18 09:43:18,95238.63,0.00012,0.00012,1,95238.63,0
2026-01-18 09:43:19,95238.62,0.00628,-0.0021599999999999996,3,95238.62,0
2026-01-18 09:43:20,95238.62,0.00021,-0.00021,1,95238.62,0
2026-01-18 09:43:21,95238.62,9e-05,-9e-05,1,95238.62,0
2026-01-18 09:43:23,95238.63,0.10287,-0.10241,4,95238.63,0
2026-01-18 09:43:25,95238.62,0.00366,-0.00366,1,95238.62,0
2026-01-18 09:43:30,95238.62,0.0833,-0.0833,12,95238.63,1
2026-01-18 09:43:32,95238.62,0.00396,-0.00374,3,95238.63,1
2026-01-18 09:43:34,95238.62,0.00272,-0.00272,1,95238.62,0
2026-01-18 09:43:35,95238.63,0.04799,-0.04753,5,95238.62,0
2026-01-18 09:43:36,95238.63,0.0013700000000000001,0.0013700000000000001,2,95238.62,0
2026-01-18 09:43:38,95238.63,0.26888999999999996,0.26015,7,95238.63,0
2026-01-18 09:43:39,95238.62,0.25574,-0.25574,4,95238.62,0
2026-01-18 09:43:41,95238.62,0.00055,-0.00055,1,95238.63,1
2026-01-18 09:43:44,95238.62,0.00188,-0.00188,1,95238.63,1
2026-01-18 09:43:46,95238.63,0.00549,0.00549,1,95238.62,0
2026-01-18 09:43:52,95238.63,6e-05,6e-05,1,95238.63,0
2026-01-18 09:43:53,95238.63,0.00059,0.00059,1,95238.62,0
2026-01-18 09:43:58,95238.62,0.00017,-0.00017,1,95238.62,0
2026-01-18 09:43:59,95238.63,0.00142,0.00142,1,95238.62,0
2026-01-18 09:44:00,95238.63,0.01296,-0.00772,2,95238.63,0
2026-01-18 09:44:01,95238.63,0.00193,0.00163,3,95238.63,0
2026-01-18 09:44:03,95238.62,0.01085,-0.01007,6,95238.62,0
2026-01-18 09:44:06,95238.63,0.03428,-0.0133,2,95238.63,0
2026-01-18 09:44:07,95238.62,0.00029,-0.00029,1,95238.62,0
2026-01-18 09:44:08,95238.62,0.05116,-0.05116,1,95238.63,1
2026-01-18 09:44:11,95238.63,0.00157,0.00157,2,95238.63,0
2026-01-18 09:44:13,95238.63,0.009089999999999999,-0.0069099999999999995,3,95238.62,0
2026-01-18 09:44:14,95238.62,0.00021,-0.00011000000000000002,2,95238.63,1
2026-01-18 09:44:15,95238.62,0.00196,0.00136,4,95238.63,1
2026-01-18 09:44:16,95238.63,0.00256,-0.00212,2,95238.63,0
2026-01-18 09:44:18,95238.62,0.00105,-0.00079,3,95238.63,1
2026-01-18 09:44:19,95238.63,0.01337,-0.01293,3,95238.62,0
2026-01-18 09:44:21,95238.63,0.25149,-0.24705000000000002,13,95238.62,0
2026-01-18 09:44:23,95238.63,0.0029700000000000004,0.0014900000000000002,2,95238.62,0
2026-01-18 09:44:24,95238.62,0.00482,0.0005600000000000002,2,95238.62,0
2026-01-18 09:44:27,95238.63,0.01157,-0.007390000000000001,3,95238.62,0
2026-01-18 09:44:28,95238.62,0.00077,-0.00077,1,95238.63,1
2026-01-18 09:44:29,95238.62,0.0009,-0.00058,2,95238.63,1
2026-01-18 09:44:30,95238.62,0.01612,-0.01612,1,95238.62,0
2026-01-18 09:44:33,95238.63,0.00347,0.00317,4,95238.63,0
2026-01-18 09:44:34,95238.63,0.00336,0.00336,2,95238.62,0
2026-01-18 09:44:35,95238.62,0.00566,-0.00566,4,95238.63,1
2026-01-18 09:44:38,95238.63,0.0021000000000000003,-0.0016,3,95238.63,0
2026-01-18 09:44:39,95238.62,9e-05,-9e-05,1,95238.62,0
2026-01-18 09:44:40,95238.63,0.00294,0.00294,3,95238.62,0
2026-01-18 09:44:41,95238.63,0.012830000000000001,-0.00689,3,95238.63,0
2026-01-18 09:44:42,95238.63,0.00122,0.0006600000000000001,3,95238.63,0
2026-01-18 09:44:46,95238.63,0.00086,0.00086,1,95238.63,0
2026-01-18 09:44:47,95238.63,0.00061,0.00061,2,95238.62,0
2026-01-18 09:44:51,95238.63,0.01614,-0.01372,9,95238.62,0
2026-01-18 09:44:52,95238.62,0.28536,-0.28536,14,95238.63,1
2026-01-18 09:44:53,95238.63,0.11297,-0.11147,10,95238.63,0
2026-01-18 09:44:54,95238.63,0.00248,0.0018,5,95238.62,0
2026-01-18 09:44:55,95238.63,0.00289,0.00289,2,95238.63,0
2026-01-18 09:44:56,95238.62,0.16402,-0.16402,12,95238.63,1
2026-01-18 09:44:57,95238.63,0.01578,0.00318,5,95238.62,0
2026-01-18 09:44:58,95238.63,0.00574,0.00574,3,95238.63,0
2026-01-18 09:44:59,95238.62,0.00123,-0.00123,2,95238.62,0
2026-01-18 09:45:00,95238.63,0.00102,-0.00074,3,95238.63,0
2026-01-18 09:45:04,95238.62,0.0024000000000000002,-0.0007999999999999999,4,95238.62,0
2026-01-18 09:45:05,95238.63,0.00046,0.00034,2,95238.62,0
2026-01-18 09:45:10,95238.62,0.00221,-0.00145,4,95238.62,0
2026-01-18 09:45:11,95238.62,0.00198,-0.00198,1,95238.62,0
2026-01-18 09:45:12,95238.62,0.0012799999999999999,-3.9999999999999996e-05,3,95238.63,1
2026-01-18 09:45:13,95238.62,0.00067,-0.00067,1,95238.62,0
2026-01-18 09:45:15,95238.62,0.00475,-0.00475,4,95238.62,0
2026-01-18 09:45:16,95238.62,0.012219999999999998,0.0005599999999999997,4,95238.62,0
2026-01-18 09:45:17,95238.63,0.00103,0.00103,1,95238.62,0
2026-01-18 09:45:18,95238.62,0.00019,-0.00019,2,95238.63,1
2026-01-18 09:45:20,95238.62,0.06643,-0.06643,2,95238.62,0
2026-01-18 09:45:21,95238.62,0.00035,-0.00035,1,95238.62,0
2026-01-18 09:45:23,95238.63,0.00183,0.00183,2,95238.63,0
2026-01-18 09:45:24,95238.62,0.02567,-0.02567,4,95238.63,1
2026-01-18 09:45:25,95238.62,0.20376000000000002,-0.20308,6,95238.63,1
2026-01-18 09:45:26,95238.62,0.00021,-0.00021,1,95238.62,0
2026-01-18 09:45:28,95238.63,0.00031,0.00031,2,95238.62,0
2026-01-18 09:45:30,95238.63,0.00059,-0.00047,2,95238.62,0
2026-01-18 09:45:31,95238.62,0.00037,-0.00037,1,95238.63,1
2026-01-18 09:45:33,95238.62,0.00174,-0.00174,3,95238.62,0
2026-01-18 09:45:35,95238.62,0.02658,-0.02658,2,95238.62,0
2026-01-18 09:45:36,95238.63,0.00048,0.00048,2,95238.63,0
2026-01-18 09:45:38,95238.62,9e-05,-9e-05,1,95238.62,0
2026-01-18 09:45:39,95238.63,0.00157,-0.00091,5,95238.63,0
2026-01-18 09:45:41,95238.63,0.0017699999999999999,-0.00071,2,95238.62,0
2026-01-18 09:45:43,95238.62,0.00598,-0.00598,1,95238.62,0
2026-01-18 09:45:44,95238.63,0.00022,0.00022,1,95238.62,0
2026-01-18 09:45:48,95238.62,0.01964,-0.013340000000000001,5,95238.63,1
2026-01-18 09:45:49,95238.62,6e-05,-6e-05,1,95238.62,0
2026-01-18 09:45:50,95238.62,0.0005,-0.0005,1,95254.19,1
2026-01-18 09:45:53,95238.63,0.00324,0.00324,1,95254.19,1
2026-01-18 09:45:54,95238.62,0.17373,-0.16997,13,95254.18,1
2026-01-18 09:45:55,95254.19,4.61592,4.61592,93,95254.19,0
2026-01-18 09:45:56,95254.19,0.06971000000000001,-0.06463,6,95254.19,0
2026-01-18 09:45:57,95254.19,0.21896,0.21883999999999998,4,95254.28,1
2026-01-18 09:45:58,95254.19,8e-05,8e-05,1,95254.28,1
2026-01-18 09:45:59,95254.18,0.00347,-0.00347,1,95254.28,1
2026-01-18 09:46:00,95254.19,0.02472,0.0244,6,95254.27,1
2026-01-18 09:46:01,95254.19,0.01047,0.01047,3,95254.28,1
2026-01-18 09:46:03,95254.28,0.00035999999999999997,-0.00010000000000000002,2,95254.27,0
2026-01-18 09:46:04,95254.28,0.00852,-0.008400000000000001,3,95254.28,0
2026-01-18 09:46:06,95254.28,0.00525,0.00525,1,95265.91,1
2026-01-18 09:46:08,95254.27,0.01429,-0.01429,3,95265.9,1
2026-01-18 09:46:11,95265.91,1.32517,1.32517,84,95265.91,0
2026-01-18 09:46:13,95265.9,0.01549,-0.015250000000000001,3,95265.91,1
2026-01-18 09:46:15,95265.9,0.0051400000000000005,-0.00196,3,95265.91,1
2026-01-18 09:46:16,95265.91,0.01328,0.01328,4,95265.9,0
2026-01-18 09:46:18,95265.91,0.00367,0.00033,3,95265.91,0
2026-01-18 09:46:19,95265.91,0.00356,-0.00272,5,95265.91,0
2026-01-18 09:46:21,95265.9,0.00074,0.00014000000000000004,3,95265.9,0
2026-01-18 09:46:22,95265.91,0.20359000000000002,0.20359000000000002,2,95265.9,0
2026-01-18 09:46:23,95265.91,0.00107,0.00041000000000000005,3,95265.9,0
2026-01-18 09:46:24,95265.91,0.04247,-0.03105,3,95265.9,0
2026-01-18 09:46:26,95265.9,0.02154,0.018039999999999997,3,95265.9,0
2026-01-18 09:46:27,95265.9,0.00026,-0.00026,1,95265.9,0
2026-01-18 09:46:28,95265.9,0.00012,-0.00012,1,95265.9,0
2026-01-18 09:46:29,95265.9,0.02148,-0.015039999999999998,3,95265.91,1
2026-01-18 09:46:31,95265.9,0.00037,-0.00037,2,95265.9,0
2026-01-18 09:46:32,95265.9,0.00467,-0.00419,3,95265.91,1
2026-01-18 09:46:33,95265.9,0.00101,0.00073,2,95265.91,1
2026-01-18 09:46:34,95265.91,0.00262,0.00262,1,95265.9,0
2026-01-18 09:46:35,95265.9,0.00695,0.00665,2,95265.9,0
2026-01-18 09:46:36,95265.9,0.00155,-0.00155,1,95265.91,1
2026-01-18 09:46:37,95265.91,0.00013000000000000002,-3.0000000000000004e-05,2,95265.9,0
2026-01-18 09:46:38,95265.91,0.00021,0.00021,1,95265.9,0
2026-01-18 09:46:39,95265.9,0.00965,-0.00965,7,95265.91,1
2026-01-18 09:46:40,95265.9,0.00129,-0.00129,2,95265.91,1
2026-01-18 09:46:41,95265.91,0.00037,-0.00018999999999999996,2,95265.9,0
2026-01-18 09:46:42,95265.9,0.00028,-0.00028,2,95265.9,0
2026-01-18 09:46:44,95265.91,0.00022,0.00022,1,95265.91,0
2026-01-18 09:46:45,95265.91,0.03391,0.03345,3,95265.91,0
2026-01-18 09:46:46,95265.9,0.03422,0.0294,4,95265.9,0
2026-01-18 09:46:47,95265.9,0.00107,-0.00107,2,95265.91,1
2026-01-18 09:46:49,95265.91,0.0001,0.0001,1,95265.9,0
2026-01-18 09:46:50,95265.91,0.0015699999999999998,0.0015699999999999998,2,95265.9,0
2026-01-18 09:46:53,95265.9,0.0026,-0.0026,3,95265.9,0
2026-01-18 09:46:54,95265.9,0.00013,-0.00013,1,95265.9,0
2026-01-18 09:46:55,95265.9,0.00232,0.0018599999999999999,3,95265.91,1
2026-01-18 09:46:58,95265.9,0.0008700000000000001,-0.0008700000000000001,2,95265.91,1
2026-01-18 09:46:59,95265.9,0.00216,0.0020399999999999997,3,95265.91,1
2026-01-18 09:47:00,95265.91,0.00189,-0.0011899999999999999,3,95265.9,0
2026-01-18 09:47:01,95265.9,0.0016899999999999999,0.00123,2,95265.9,0
2026-01-18 09:47:02,95265.9,0.00198,-0.00198,1,95265.9,0
2026-01-18 09:47:03,95265.91,0.00205,0.00205,2,95265.9,0
2026-01-18 09:47:04,95265.91,0.01552,0.0141,5,95265.91,0
2026-01-18 09:47:06,95265.9,0.00048,-0.00048,1,95265.9,0
2026-01-18 09:47:07,95265.9,0.00036,-0.00036,1,95265.9,0
2026-01-18 09:47:08,95265.9,0.03704,-0.03704,2,95265.91,1
2026-01-18 09:47:12,95265.9,0.00044,-0.00044,2,95265.91,1
2026-01-18 09:47:13,95265.91,0.0020499999999999997,-0.00155,2,95265.91,0
2026-01-18 09:47:17,95265.91,0.00171,-0.00127,2,95265.9,0
2026-01-18 09:47:18,95265.91,0.01626,0.01574,9,95265.9,0
2026-01-18 09:47:20,95265.9,0.01578,-0.01578,1,95265.9,0
2026-01-18 09:47:21,95265.9,0.0038,-0.00308,3,95265.91,1
2026-01-18 09:47:22,95265.9,0.1004,0.09992,3,95265.91,1
2026-01-18 09:47:25,95265.9,0.00328,-0.00328,1,95265.91,1
2026-01-18 09:47:26,95265.91,0.0018,-0.00134,2,95265.9,0
2026-01-18 09:47:27,95265.91,0.00016,0.00016,1,95265.91,0
2026-01-18 09:47:30,95265.91,0.00011,0.00011,1,95271.6,1
2026-01-18 09:47:31,95265.9,0.00231,0.00169,2,95271.6,1
2026-01-18 09:47:32,95265.91,0.00209,0.00209,2,95271.6,1
2026-01-18 09:47:33,95265.91,0.0004,0.0004,1,95271.6,1
2026-01-18 09:47:34,95265.91,0.00601,0.00471,4,95271.6,1
2026-01-18 09:47:35,95271.6,0.29668,0.29566,42,95271.59,0
2026-01-18 09:47:36,95271.6,0.00763,0.00763,3,95271.6,0
2026-01-18 09:47:37,95271.6,0.23195,0.20363,3,95271.6,0
2026-01-18 09:47:38,95271.6,0.018000000000000002,0.018000000000000002,9,95271.59,0
2026-01-18 09:47:40,95271.59,0.00021,-0.00021,1,95271.6,1
2026-01-18 09:47:41,95271.6,0.32677,0.32631,3,95271.59,0
2026-01-18 09:47:42,95271.6,0.012,0.012,6,95271.6,0
2026-01-18 09:47:43,95271.59,0.0006100000000000001,3.0000000000000024e-05,2,95271.6,1
2026-01-18 09:47:45,95271.6,0.02105,0.02105,11,95271.6,0
2026-01-18 09:47:46,95271.59,0.006370000000000001,-0.006370000000000001,2,95271.6,1
2026-01-18 09:47:47,95271.6,0.03168,0.03154,3,95271.59,0
2026-01-18 09:47:48,95271.6,0.01043,0.00551,3,95271.59,0
2026-01-18 09:47:49,95271.59,0.00017,-0.00017,2,95271.6,1
2026-01-18 09:47:50,95271.6,0.00175,0.00041000000000000005,5,95271.59,0
2026-01-18 09:47:52,95271.59,0.00059,-0.00059,1,95271.59,0
2026-01-18 09:47:53,95271.59,0.00026,-0.00026,1,95271.6,1
2026-01-18 09:47:54,95271.6,0.00042,0.00042,1,95273.79,1
2026-01-18 09:47:55,95271.59,0.00822,-0.00822,2,95278.8,1
2026-01-18 09:47:57,95271.59,0.00017,-0.00017,1,95278.8,1
2026-01-18 09:47:58,95271.6,0.05288,0.05288,15,95278.8,1
2026-01-18 09:47:59,95273.79,0.06331,0.06331,33,95278.8,1
2026-01-18 09:48:00,95278.8,0.18331,0.16901,74,95278.79,0
2026-01-18 09:48:01,95278.79,0.00051,0.00041,3,95278.79,0
2026-01-18 09:48:02,95278.8,0.00022,0.00022,1,95278.79,0
2026-01-18 09:48:03,95278.8,0.00585,-0.00519,3,95278.79,0
2026-01-18 09:48:04,95278.8,6e-05,6e-05,1,95278.79,0
2026-01-18 09:48:06,95278.79,0.04653,-0.04653,6,95278.8,1
2026-01-18 09:48:07,95278.79,0.00064,0.00031999999999999997,2,95278.79,0
2026-01-18 09:48:08,95278.79,0.00434,-0.00434,2,95278.8,1
2026-01-18 09:48:09,95278.79,0.06934,-0.06934,1,95278.79,0
2026-01-18 09:48:12,95278.79,0.10376,-0.10376,7,95278.79,0
2026-01-18 09:48:13,95278.8,0.0542,-0.05398,5,95278.8,0
2026-01-18 09:48:14,95278.79,0.14394,-0.14006,6,95278.79,0
2026-01-18 09:48:15,95278.79,0.0064,-0.00586,3,95278.8,1
2026-01-18 09:48:17,95278.79,0.00019,-0.00019,1,95278.8,1
2026-01-18 09:48:18,95278.8,0.01033,-0.00211,8,95278.8,0
2026-01-18 09:48:19,95278.79,0.04226,-0.0419,3,95278.79,0
2026-01-18 09:48:20,95278.8,0.00017,0.00017,1,95278.79,0
2026-01-18 09:48:21,95278.8,0.00043000000000000004,0.00043000000000000004,2,95278.8,0
2026-01-18 09:48:22,95278.8,0.01932,-0.015979999999999998,8,95278.8,0
2026-01-18 09:48:23,95278.8,0.00936,-0.00392,3,95278.79,0
2026-01-18 09:48:24,95278.79,0.00496,-0.00496,1,95278.8,1
2026-01-18 09:48:25,95278.79,0.00184,-0.00184,5,95278.8,1
2026-01-18 09:48:27,95278.8,0.00019999999999999998,-5.9999999999999995e-05,2,95278.79,0
2026-01-18 09:48:28,95278.79,0.00105,-0.00105,4,95278.79,0
2026-01-18 09:48:29,95278.8,0.80906,-0.8029799999999999,6,95278.79,0
2026-01-18 09:48:30,95278.8,0.00048,0.0003,3,95278.79,0
2026-01-18 09:48:33,95278.79,0.0806,-0.0806,6,95278.79,0
2026-01-18 09:48:34,95278.79,0.03407,-0.032490000000000005,4,95278.8,1
2026-01-18 09:48:35,95278.79,0.08878,-0.08878,3,95278.8,1
2026-01-18 09:48:36,95278.8,0.00012,0.00012,1,95278.79,0
2026-01-18 09:48:38,95278.79,0.00747,-0.00747,1,95278.79,0
2026-01-18 09:48:39,95278.8,0.20897000000000002,0.20897000000000002,3,95278.79,0
2026-01-18 09:48:40,95278.8,0.08635,-0.08565,5,95278.79,0
2026-01-18 09:48:41,95278.79,0.007,-0.007,2,95278.79,0
2026-01-18 09:48:42,95278.8,0.00621,-0.00499,2,95278.8,0
2026-01-18 09:48:43,95278.79,0.01272,-0.0025000000000000005,4,95278.79,0
2026-01-18 09:48:44,95278.79,0.01181,-0.009689999999999999,5,95278.79,0
2026-01-18 09:48:45,95278.79,0.0002,-0.0002,1,95278.8,1
2026-01-18 09:48:46,95278.79,0.00114,-0.00114,1,95278.8,1
2026-01-18 09:48:47,95278.8,0.0017599999999999998,-7.999999999999999e-05,4,95278.79,0
2026-01-18 09:48:48,95278.79,0.1477,-0.14406,14,95278.79,0
2026-01-18 09:48:49,95278.79,0.00052,-0.00052,1,95278.8,1
2026-01-18 09:48:50,95278.8,0.0023100000000000004,0.0023100000000000004,3,95278.79,0
2026-01-18 09:48:51,95278.8,0.00018,0.00018,1,95278.8,0
2026-01-18 09:48:52,95278.79,0.00048,5.9999999999999995e-05,2,95278.79,0
2026-01-18 09:48:54,95278.8,0.00105,0.00105,1,95278.79,0
2026-01-18 09:48:55,95278.79,0.00115,-0.00115,3,95278.8,1
2026-01-18 09:48:56,95278.8,0.00044,0.00044,2,95278.79,0
2026-01-18 09:48:57,95278.79,8e-05,-8e-05,1,95278.8,1
2026-01-18 09:48:59,95278.79,0.00344,0.0003599999999999999,3,95278.79,0
2026-01-18 09:49:00,95278.8,0.00011,0.00011,1,95278.79,0
2026-01-18 09:49:01,95278.79,0.00217,0.00145,3,95278.8,1
2026-01-18 09:49:02,95278.8,0.0002,0.0002,2,95278.79,0
2026-01-18 09:49:03,95278.8,0.00031,5e-05,3,95278.79,0
2026-01-18 09:49:04,95278.79,0.00382,-0.00218,3,95278.79,0
2026-01-18 09:49:05,95278.79,0.0024000000000000002,-0.0024000000000000002,3,95278.79,0
2026-01-18 09:49:06,95278.8,0.0005300000000000001,-0.00019,2,95278.8,0
2026-01-18 09:49:07,95278.79,0.00762,-0.00762,2,95278.79,0
2026-01-18 09:49:08,95278.79,0.02765,-0.02435,4,95278.79,0
2026-01-18 09:49:09,95278.79,0.00157,-0.00157,1,95278.79,0
2026-01-18 09:49:10,95278.79,0.009470000000000001,-0.00881,3,95278.79,0
2026-01-18 09:49:11,95278.8,0.00189,0.00157,3,95278.8,0
2026-01-18 09:49:12,95278.79,0.80508,-0.80508,2,95278.8,1
2026-01-18 09:49:13,95278.79,0.02122,-0.02122,2,95278.79,0
2026-01-18 09:49:14,95278.79,0.00194,-0.00194,1,95278.8,1
2026-01-18 09:49:15,95278.79,0.0006,-0.0006,1,95278.79,0
2026-01-18 09:49:16,95278.8,0.01293,0.01267,2,95278.79,0
2026-01-18 09:49:17,95278.8,0.041819999999999996,-0.02084,3,95278.79,0
2026-01-18 09:49:18,95278.79,0.06035,-0.060070000000000005,5,95278.79,0
2026-01-18 09:49:19,95278.8,0.0069900000000000006,-0.00483,2,95278.79,0
2026-01-18 09:49:21,95278.79,0.12545,-0.12545,2,95278.79,0
2026-01-18 09:49:22,95278.79,8e-05,-8e-05,1,95278.79,0
2026-01-18 09:49:23,95278.79,0.0037099999999999998,-0.0037099999999999998,3,95278.8,1
2026-01-18 09:49:27,95278.79,0.00389,-0.00389,2,95278.79,0
2026-01-18 09:49:28,95278.8,0.00015,0.00015,1,95278.79,0
2026-01-18 09:49:32,95278.79,0.00445,-0.00283,3,95278.79,0
2026-01-18 09:49:33,95278.79,0.00032,-0.00032,1,95278.8,1
2026-01-18 09:49:34,95278.79,0.00066,-0.00066,1,95278.8,1
2026-01-18 09:49:37,95278.79,0.00494,-0.00494,1,95278.8,1
2026-01-18 09:49:40,95278.8,0.02496,-0.02338,2,95278.79,0
2026-01-18 09:49:42,95278.8,0.00012,0.00012,1,95278.79,0
2026-01-18 09:49:45,95278.79,0.00677,0.0019299999999999999,7,95278.79,0
2026-01-18 09:49:46,95278.79,0.00033,-0.00033,1,95278.79,0
2026-01-18 09:49:47,95278.79,0.0021899999999999997,-0.0021899999999999997,2,95278.8,1
2026-01-18 09:49:48,95278.8,0.00045,0.00015,2,95278.8,0
2026-01-18 09:49:49,95278.79,0.0009400000000000001,-0.00042000000000000007,2,95278.79,0
2026-01-18 09:49:51,95278.79,0.00277,0.00249,2,95278.8,1
2026-01-18 09:49:52,95278.8,0.00793,0.00271,3,95278.8,0
2026-01-18 09:49:53,95278.8,0.00213,-0.00053,2,95278.79,0
2026-01-18 09:49:54,95278.79,0.00421,-0.00421,1,95278.8,1
2026-01-18 09:49:56,95278.8,0.00054,0.00054,2,95278.8,0
2026-01-18 09:49:58,95278.79,0.0008799999999999999,-0.0008799999999999999,2,95278.79,0
2026-01-18 09:49:59,95278.8,0.0089,-0.0085,4,95278.8,0
2026-01-18 09:50:00,95278.79,0.0007400000000000001,-0.0007400000000000001,2,95278.79,0
2026-01-18 09:50:03,95278.79,0.00238,-0.00238,3,95278.79,0
2026-01-18 09:50:07,95278.8,0.00021,0.00021,1,95278.8,0
2026-01-18 09:50:08,95278.79,0.0010999999999999998,-3.9999999999999996e-05,4,95278.79,0
2026-01-18 09:50:11,95278.8,1.00031,0.99989,3,95278.79,0
2026-01-18 09:50:12,95278.8,0.00053,0.00053,1,95278.79,0
2026-01-18 09:50:13,95278.79,0.03711,-0.033209999999999996,4,95278.8,1
2026-01-18 09:50:14,95278.8,0.68575,0.68575,12,95278.8,0
2026-01-18 09:50:16,95278.79,0.00027,-0.00027,1,95278.79,0
2026-01-18 09:50:18,95278.8,0.00207,0.00207,1,95278.8,0
2026-01-18 09:50:20,95278.8,0.00011,0.00011,1,95278.79,0
2026-01-18 09:50:21,95278.79,0.00544,-0.00544,2,95278.8,1
2026-01-18 09:50:23,95278.8,0.00188,0.00188,1,95278.8,0
2026-01-18 09:50:25,95278.79,0.00303,-0.00303,1,95278.79,0
2026-01-18 09:50:26,95278.8,0.00065,0.00065,1,95278.8,0
2026-01-18 09:50:27,95278.79,0.00051,-0.00019,3,95278.79,0
2026-01-18 09:50:29,95278.8,0.01116,0.01116,2,95278.79,0
2026-01-18 09:50:30,95278.79,0.07886,0.07426,5,95278.79,0
2026-01-18 09:50:34,95278.79,0.00215,0.00149,6,95278.79,0
2026-01-18 09:50:35,95278.79,3.64977,-3.64905,2,95278.79,0
2026-01-18 09:50:39,95278.79,0.00116,0.00116,2,95278.79,0
2026-01-18 09:50:40,95278.79,0.00038,0.00038,2,95278.79,0
2026-01-18 09:50:44,95278.79,0.0005200000000000001,-0.00014,2,95278.79,0
2026-01-18 09:50:45,95278.79,0.0054800000000000005,-0.00396,3,95278.78,0
2026-01-18 09:50:50,95278.78,0.00936,-0.00936,3,95278.78,0
2026-01-18 09:50:52,95278.79,0.02278,-0.022379999999999997,3,95278.78,0
2026-01-18 09:50:53,95278.78,0.00169,0.00063,3,95278.78,0
2026-01-18 09:50:57,95278.78,0.007549999999999999,-0.0065899999999999995,4,95278.78,0
2026-01-18 09:50:58,95278.78,0.00017,-0.00017,1,95278.79,1
2026-01-18 09:50:59,95278.78,0.00966,-0.00966,2,95278.78,0
2026-01-18 09:51:02,95278.78,0.00029,-0.00029,1,95278.79,1
2026-01-18 09:51:03,95278.79,0.00639,0.00639,1,95278.79,0
2026-01-18 09:51:07,95278.79,0.00346,0.0005999999999999998,4,95278.78,0
2026-01-18 09:51:08,95278.79,0.0025599999999999998,-0.0022,4,95278.79,0
2026-01-18 09:51:11,95278.78,0.00163,0.0009699999999999999,3,95278.78,0
2026-01-18 09:51:12,95278.78,0.00147,-0.00147,1,95278.78,0
2026-01-18 09:51:13,95278.79,0.00021,0.00021,1,95278.78,0
2026-01-18 09:51:15,95278.78,0.00052,-0.00052,1,95278.79,1
2026-01-18 09:51:16,95278.78,0.00275,0.00075,2,95278.78,0
2026-01-18 09:51:17,95278.78,0.0020700000000000002,0.00111,2,95278.79,1
2026-01-18 09:51:18,95278.78,0.00028,-0.00028,1,95278.79,1
2026-01-18 09:51:19,95278.79,0.0021,0.0021,1,95278.78,0
2026-01-18 09:51:20,95278.79,0.0008,0.0008,2,95278.78,0
2026-01-18 09:51:21,95278.78,0.024929999999999997,0.02315,2,95278.79,1
2026-01-18 09:51:22,95278.79,0.00026999999999999995,0.00026999999999999995,2,95278.79,0
2026-01-18 09:51:23,95278.79,0.00483,-0.00461,2,95278.79,0
2026-01-18 09:51:24,95278.78,0.00082,-0.00082,2,95278.78,0
2026-01-18 09:51:25,95278.78,0.00339,-0.00339,2,95278.79,1
2026-01-18 09:51:26,95278.79,0.00284,0.00284,1,95278.78,0
2026-01-18 09:51:27,95278.79,0.00012,0.00012,1,95278.79,0
2026-01-18 09:51:28,95278.79,0.00165,0.0010899999999999998,2,95278.79,0
2026-01-18 09:51:29,95278.78,0.00079,-0.00029,2,95278.78,0
2026-01-18 09:51:30,95278.79,0.011689999999999999,0.01013,2,95278.78,0
2026-01-18 09:51:32,95278.79,0.00013,0.00013,2,95278.79,0
2026-01-18 09:51:33,95278.79,0.20039,0.20039,3,95278.79,0
2026-01-18 09:51:34,95278.78,0.00026000000000000003,-0.00026000000000000003,2,95278.79,1
2026-01-18 09:51:37,95278.79,0.00047,0.00047,1,95278.79,0
2026-01-18 09:51:38,95278.79,0.00936,-0.0069,3,95278.79,0
2026-01-18 09:51:39,95278.79,0.00054,0.00024,2,95278.78,0
2026-01-18 09:51:44,95278.78,0.00852,-0.00852,2,95278.79,1
2026-01-18 09:51:49,95278.79,0.00289,0.00289,1,95278.78,0
2026-01-18 09:51:50,95278.79,0.00022,0.00022,1,95278.78,0
2026-01-18 09:51:51,95278.79,0.0004,0.0004,2,95278.79,0
2026-01-18 09:51:52,95278.79,0.00046,0.00046,1,95278.78,0
2026-01-18 09:51:53,95278.79,9e-05,9e-05,1,95278.79,0
2026-01-18 09:51:54,95278.78,0.0041600000000000005,-0.0018,4,95278.78,0
2026-01-18 09:51:56,95278.79,0.00702,0.00642,5,95279.09,1
2026-01-18 09:51:57,95278.78,0.00168,-0.00124,3,95279.1,1
2026-01-18 09:51:58,95278.79,0.00386,0.00386,2,95279.09,1
2026-01-18 09:51:59,95278.78,0.00209,-0.00209,1,95279.1,1
2026-01-18 09:52:01,95279.09,9.276750000000002,9.27641,14,95279.1,1
2026-01-18 09:52:02,95279.1,0.0009,0.0009,2,95279.09,0
2026-01-18 09:52:03,95279.09,0.00103,-0.00103,1,95279.09,0
2026-01-18 09:52:04,95279.1,0.00043,0.00043,2,95279.09,0
2026-01-18 09:52:05,95279.09,0.00016,-0.00016,2,95279.1,1
2026-01-18 09:52:06,95279.1,0.01054,0.01054,2,95279.1,0
2026-01-18 09:52:07,95279.09,0.00494,-0.0035800000000000003,4,95279.1,1
2026-01-18 09:52:08,95279.09,0.00091,-0.00045000000000000004,2,95279.1,1
2026-01-18 09:52:09,95279.09,0.012190000000000001,0.00026999999999999995,7,95279.1,1
2026-01-18 09:52:11,95279.1,0.00023,0.00023,1,95279.09,0
2026-01-18 09:52:12,95279.1,0.0005200000000000001,0.0005200000000000001,3,95279.1,0
2026-01-18 09:52:13,95279.1,0.00015,0.00015,1,95279.1,0
2026-01-18 09:52:14,95279.1,0.00046,0.00046,1,95279.1,0
2026-01-18 09:52:16,95279.09,0.00583,-0.00473,2,95279.1,1
2026-01-18 09:52:18,95279.1,0.00197,0.00197,7,95279.1,0
2026-01-18 09:52:19,95279.1,0.02178,0.02178,8,95279.1,0
2026-01-18 09:52:21,95279.1,0.0015300000000000001,0.0015300000000000001,4,95279.1,0
2026-01-18 09:52:23,95279.1,0.0007999999999999999,0.0007999999999999999,2,95279.1,0
2026-01-18 09:52:24,95279.1,0.0006,0.0006,1,95279.1,0
2026-01-18 09:52:26,95279.1,0.00053,0.00053,1,95279.09,0
2026-01-18 09:52:27,95279.1,0.0067399999999999995,0.0004599999999999998,4,95279.1,0
2026-01-18 09:52:29,95279.1,0.00542,0.00542,2,95279.09,0
2026-01-18 09:52:30,95279.1,0.00754,-0.00712,2,95279.1,0
2026-01-18 09:52:31,95279.09,0.00677,0.0035700000000000003,3,95279.1,1
2026-01-18 09:52:32,95279.1,0.0005200000000000001,0.0005200000000000001,2,95295.35,1
2026-01-18 09:52:34,95279.09,0.00534,0.00514,2,95295.34,1
2026-01-18 09:52:35,95279.1,0.00081,0.00081,2,95295.34,1
2026-01-18 09:52:36,95279.1,0.00047000000000000004,0.00047000000000000004,3,95295.34,1
2026-01-18 09:52:37,95295.35,1.70906,1.70906,129,95295.35,0
2026-01-18 09:52:38,95295.34,0.0286,-0.02502,5,95295.35,1
2026-01-18 09:52:39,95295.34,0.00999,-0.00999,1,95295.35,1
2026-01-18 09:52:40,95295.34,0.04513,-0.033490000000000006,6,95295.35,1
2026-01-18 09:52:41,95295.34,0.06075,-0.05919,5,95295.35,1
2026-01-18 09:52:42,95295.35,0.01495,0.013689999999999999,7,95295.35,0
2026-01-18 09:52:43,95295.35,0.00214,0.00214,2,95295.35,0
2026-01-18 09:52:44,95295.35,0.00087,0.00031000000000000005,4,95295.35,0
2026-01-18 09:52:45,95295.35,0.00262,0.0018,3,95295.35,0
2026-01-18 09:52:46,95295.35,0.01319,0.01261,4,95295.34,0
2026-01-18 09:52:48,95295.35,0.0224,0.0224,3,95295.35,0
2026-01-18 09:52:49,95295.35,0.09469,0.09469,4,95295.35,0
2026-01-18 09:52:50,95295.35,0.0007199999999999999,0.00021999999999999998,2,95295.34,0
2026-01-18 09:52:51,95295.34,0.13269999999999998,0.1311,4,95295.35,1
2026-01-18 09:52:53,95295.35,7e-05,7e-05,1,95295.35,0
2026-01-18 09:52:54,95295.35,0.002,0.002,1,95295.35,0
2026-01-18 09:52:55,95295.34,0.0003,-0.0003,1,95295.35,1
2026-01-18 09:52:56,95295.35,0.02036,0.02036,11,95295.34,0
2026-01-18 09:52:57,95295.35,0.00635,0.0042699999999999995,3,95295.35,0
2026-01-18 09:52:58,95295.35,0.0020800000000000003,0.0020800000000000003,2,95295.34,0
2026-01-18 09:52:59,95295.35,0.00056,-0.00021999999999999998,2,95295.34,0
2026-01-18 09:53:00,95295.35,0.0013499999999999999,0.0013499999999999999,2,95295.35,0
2026-01-18 09:53:01,95295.34,0.00329,0.00223,4,95295.34,0
2026-01-18 09:53:02,95295.35,0.00505,0.00505,8,95295.35,0
2026-01-18 09:53:03,95295.34,0.00073,6.999999999999997e-05,3,95295.35,1
2026-01-18 09:53:04,95295.34,0.00356,0.00056,8,95295.35,1
2026-01-18 09:53:05,95295.35,0.0047,0.00458,3,95295.35,0
2026-01-18 09:53:06,95295.34,0.00087,0.00053,3,95295.35,1
2026-01-18 09:53:07,95295.35,0.00041,0.00011000000000000002,3,95295.34,0
2026-01-18 09:53:08,95295.35,0.0020599999999999998,-0.0003599999999999999,5,95295.35,0
2026-01-18 09:53:09,95295.35,0.00317,-0.0023899999999999998,4,95295.35,0
2026-01-18 09:53:10,95295.35,0.00039,-0.00016999999999999996,2,95295.34,0
2026-01-18 09:53:12,95295.34,0.00077,-0.00034999999999999994,3,95295.34,0
2026-01-18 09:53:13,95295.35,0.01601,0.01561,9,95295.34,0
2026-01-18 09:53:14,95295.35,0.33321999999999996,0.30276,4,95295.35,0
2026-01-18 09:53:17,95295.34,0.01173,-0.01009,3,95295.35,1
2026-01-18 09:53:18,95295.34,0.0010400000000000001,-0.0006000000000000001,4,95295.35,1
2026-01-18 09:53:19,95295.35,0.00021,0.00021,1,95295.35,0
2026-01-18 09:53:21,95295.35,0.034890000000000004,-0.02465,18,95295.34,0
2026-01-18 09:53:22,95295.35,0.015710000000000002,-0.0017100000000000006,3,95295.35,0
2026-01-18 09:53:23,95295.35,0.0023,0.0023,3,95295.35,0
2026-01-18 09:53:24,95295.35,0.00119,0.00061,5,95295.35,0
2026-01-18 09:53:25,95295.35,0.00030000000000000003,0.00030000000000000003,2,95295.34,0
2026-01-18 09:53:26,95295.34,0.08072,-0.05641999999999999,11,95295.34,0
2026-01-18 09:53:27,95295.35,0.00309,0.00309,4,95295.35,0
2026-01-18 09:53:28,95295.35,0.02218,0.02218,14,95295.35,0
2026-01-18 09:53:29,95295.35,0.00361,0.00361,4,95295.34,0
2026-01-18 09:53:30,95295.34,0.05451,-0.02973,10,95295.34,0
2026-01-18 09:53:31,95295.34,0.00554,-0.00456,3,95295.35,1
2026-01-18 09:53:32,95295.35,0.00144,0.00144,3,95295.35,0
2026-01-18 09:53:33,95295.35,0.01824,-0.00944,3,95295.35,0
2026-01-18 09:53:34,95295.34,0.01143,-0.010329999999999999,3,95295.35,1
2026-01-18 09:53:35,95295.34,0.01069,-0.00965,2,95295.34,0
2026-01-18 09:53:36,95295.35,0.06606000000000001,-0.0651,4,95295.35,0
2026-01-18 09:53:37,95295.35,0.051930000000000004,0.04469,14,95295.35,0
2026-01-18 09:53:38,95295.35,0.01378,0.01366,8,95295.34,0
2026-01-18 09:53:40,95295.34,0.74029,-0.74029,1,95295.35,1
2026-01-18 09:53:41,95295.35,0.00152,0.00152,4,95295.35,0
2026-01-18 09:53:42,95295.35,0.0012,0.0012,2,95295.34,0
2026-01-18 09:53:43,95295.34,0.00037,-0.00037,2,95295.34,0
2026-01-18 09:53:46,95295.35,0.00306,-0.00186,3,95295.35,0
2026-01-18 09:53:47,95295.34,0.25989,0.12067,8,95295.35,1
2026-01-18 09:53:48,95295.34,0.0046,-0.0026,2,95295.34,0
2026-01-18 09:53:49,95295.35,0.00728,-0.006019999999999999,4,95295.34,0
2026-01-18 09:53:51,95295.35,0.00075,0.00075,2,95295.34,0
2026-01-18 09:53:52,95295.35,0.00032,0.00032,1,95295.35,0
2026-01-18 09:53:53,95295.34,0.00044,-0.00044,2,95295.35,1
2026-01-18 09:53:54,95295.34,0.0067800000000000004,0.00522,5,95295.34,0
2026-01-18 09:53:55,95295.34,0.01476,0.0012400000000000002,6,95295.35,1
2026-01-18 09:53:56,95295.34,0.0072699999999999996,-0.00573,4,95295.34,0
2026-01-18 09:53:57,95295.35,0.008,0.008,4,95295.35,0
2026-01-18 09:53:59,95295.34,0.00057,-0.00057,1,95295.35,1
2026-01-18 09:54:00,95295.35,0.00955,0.00955,6,95295.34,0
2026-01-18 09:54:01,95295.34,0.00537,0.0026300000000000004,3,95295.35,1
2026-01-18 09:54:02,95295.35,0.03474,-0.034219999999999993,2,95295.35,0
2026-01-18 09:54:04,95295.35,0.00615,-0.00563,5,95295.34,0
2026-01-18 09:54:05,95295.34,0.00206,0.00194,2,95295.35,1
2026-01-18 09:54:06,95295.35,0.022,0.022,11,95295.35,0
2026-01-18 09:54:07,95295.35,0.00673,-0.0014499999999999997,3,95295.35,0
2026-01-18 09:54:08,95295.34,0.00466,-0.004039999999999999,2,95295.34,0
2026-01-18 09:54:09,95295.34,0.0071400000000000005,-0.0066,2,95295.34,0
2026-01-18 09:54:10,95295.35,0.00106,0.00106,1,95295.34,0
2026-01-18 09:54:11,95295.35,0.00025,0.00025,1,95295.35,0
2026-01-18 09:54:12,95295.35,0.00472,-0.0020599999999999998,4,95295.34,0
2026-01-18 09:54:13,95295.34,0.00164,-0.00164,1,95295.35,1
2026-01-18 09:54:14,95295.34,0.0015799999999999998,-3.9999999999999996e-05,2,95295.35,1
2026-01-18 09:54:15,95295.34,0.023049999999999998,-0.023049999999999998,2,95295.35,1
2026-01-18 09:54:16,95295.35,0.012900000000000002,-0.00262,5,95295.35,0
2026-01-18 09:54:17,95295.34,0.00241,0.00211,3,95295.34,0
2026-01-18 09:54:18,95295.35,0.01659,-0.013569999999999999,6,95295.35,0
2026-01-18 09:54:19,95295.35,0.00095,0.00095,4,95295.35,0
2026-01-18 09:54:20,95295.35,0.0024600000000000004,0.00192,7,95295.35,0
2026-01-18 09:54:21,95295.35,0.00057,0.00057,2,95295.34,0
2026-01-18 09:54:22,95295.34,0.00017999999999999998,-4.000000000000001e-05,2,95295.35,1
2026-01-18 09:54:23,95295.35,0.010450000000000001,0.01005,7,95295.35,0
2026-01-18 09:54:24,95295.35,0.00689,0.00689,4,95295.35,0
2026-01-18 09:54:25,95295.35,0.02027,-0.01509,7,95295.35,0
2026-01-18 09:54:26,95295.34,0.00452,0.00348,3,95295.35,1
2026-01-18 09:54:27,95295.35,0.00057,-0.00043000000000000004,2,95295.34,0
2026-01-18 09:54:28,95295.35,0.00037,0.00037,1,95295.34,0
2026-01-18 09:54:29,95295.35,0.01338,-0.006819999999999999,5,95295.34,0
2026-01-18 09:54:30,95295.35,0.01283,0.01187,3,95295.34,0
2026-01-18 09:54:31,95295.35,0.045009999999999994,-0.03647,4,95295.34,0
2026-01-18 09:54:32,95295.34,0.00016,-0.00016,1,95295.34,0
2026-01-18 09:54:33,95295.34,0.06658,0.055040000000000006,5,95295.35,1
2026-01-18 09:54:34,95295.34,0.02206,-0.02206,2,95295.35,1
2026-01-18 09:54:35,95295.34,0.16686,-0.16560000000000002,3,95295.35,1
2026-01-18 09:54:36,95295.34,0.00429,-0.00429,1,95295.35,1
2026-01-18 09:54:37,95295.34,0.00034,8.000000000000002e-05,2,95295.34,0
2026-01-18 09:54:38,95295.35,0.00638,0.00622,3,95295.34,0
2026-01-18 09:54:39,95295.35,0.0003,0.0003,1,95295.34,0
2026-01-18 09:54:40,95295.35,0.00753,-0.00469,3,95295.34,0
2026-01-18 09:54:41,95295.35,0.0059,-0.0044800000000000005,3,95295.34,0
2026-01-18 09:54:42,95295.34,0.03982,-0.0394,4,95295.35,1
2026-01-18 09:54:43,95295.34,0.03519,-0.03333,5,95295.35,1
2026-01-18 09:54:45,95295.34,0.0034300000000000003,0.00301,2,95295.35,1
2026-01-18 09:54:46,95295.34,0.00039,-0.00039,1,95295.35,1
2026-01-18 09:54:47,95295.35,0.03154,-0.03046,2,95295.34,0
2026-01-18 09:54:48,95295.35,0.00020999999999999998,0.00020999999999999998,2,95295.34,0
2026-01-18 09:54:50,95295.35,0.01345,0.006229999999999999,8,95295.35,0
2026-01-18 09:54:51,95295.35,0.11509,0.11509,6,95295.35,0
2026-01-18 09:54:52,95295.34,0.011810000000000001,-0.011810000000000001,2,95295.35,1
2026-01-18 09:54:53,95295.34,0.00535,-0.00535,1,95295.34,0
2026-01-18 09:54:54,95295.34,5e-05,-5e-05,1,95295.34,0
2026-01-18 09:54:55,95295.35,0.00034,0.00034,1,95295.34,0
2026-01-18 09:54:56,95295.35,0.00068,-0.00010000000000000005,3,95295.34,0
2026-01-18 09:54:57,95295.35,0.00101,0.00101,2,95295.35,0
2026-01-18 09:54:58,95295.34,0.01962,-0.0195,3,95295.35,1
2026-01-18 09:54:59,95295.34,0.012969999999999999,-0.012969999999999999,4,95295.35,1
2026-01-18 09:55:00,95295.34,0.00021,-0.00021,1,95295.34,0
2026-01-18 09:55:01,95295.34,0.031760000000000004,-0.029160000000000002,3,95295.35,1
2026-01-18 09:55:02,95295.35,0.01701,-0.01511,3,95295.35,0
2026-01-18 09:55:03,95295.35,9e-05,9e-05,1,95295.35,0
2026-01-18 09:55:05,95295.34,0.0057599999999999995,-0.0057599999999999995,3,95295.34,0
2026-01-18 09:55:06,95295.35,0.00975,0.00975,2,95295.34,0
2026-01-18 09:55:07,95295.35,0.00545,0.00545,3,95295.34,0
2026-01-18 09:55:08,95295.35,0.00147,0.00147,1,95295.34,0
2026-01-18 09:55:10,95295.34,0.06774000000000001,-0.06476,4,95295.35,1
2026-01-18 09:55:11,95295.34,0.00734,-0.00734,1,95295.35,1
2026-01-18 09:55:12,95295.34,0.16699999999999998,-0.16582,4,95295.34,0
2026-01-18 09:55:13,95295.34,0.00173,-0.00173,1,95295.34,0
2026-01-18 09:55:14,95295.34,0.00077,-0.00077,3,95295.34,0
2026-01-18 09:55:15,95295.35,0.00066,0.00066,1,95295.35,0
2026-01-18 09:55:16,95295.35,0.01435,-0.011649999999999999,2,95295.35,0
2026-01-18 09:55:17,95295.34,0.00272,-0.00272,3,95295.34,0
2026-01-18 09:55:18,95295.34,0.00013,-0.00013,1,95295.34,0
2026-01-18 09:55:19,95295.34,0.0161,-0.0161,3,95295.35,1
2026-01-18 09:55:20,95295.35,0.00118,0.00118,1,95295.35,0
2026-01-18 09:55:23,95295.34,0.00419,-0.00419,4,95295.34,0
2026-01-18 09:55:24,95295.35,0.00991,0.00991,3,95295.34,0
2026-01-18 09:55:25,95295.35,0.10546,0.10546,1,95295.34,0
2026-01-18 09:55:28,95295.34,0.03239,0.03203,5,95295.35,1
2026-01-18 09:55:29,95295.34,0.00031,-0.00031,2,95295.35,1
2026-01-18 09:55:30,95295.34,0.00582,-0.00582,1,95295.35,1
2026-01-18 09:55:31,95295.35,0.61625,0.61625,1,95295.35,0
2026-01-18 09:55:32,95295.34,0.0017,-0.0017,1,95295.34,0
2026-01-18 09:55:33,95295.35,0.00902,-0.00792,5,95295.34,0
2026-01-18 09:55:34,95295.35,0.00075,-5.000000000000002e-05,2,95295.34,0
2026-01-18 09:55:35,95295.35,0.00034,0.00034,1,95295.35,0
2026-01-18 09:55:36,95295.35,0.25478,0.19436,6,95295.35,0
2026-01-18 09:55:37,95295.34,0.008459999999999999,-0.008459999999999999,4,95295.35,1
2026-01-18 09:55:38,95295.34,0.00249,-0.00051,3,95295.34,0
2026-01-18 09:55:39,95295.34,0.00786,-0.00786,2,95295.34,0
2026-01-18 09:55:40,95295.35,6e-05,6e-05,1,95295.35,0
2026-01-18 09:55:41,95295.35,0.00021,0.00021,1,95295.35,0
2026-01-18 09:55:42,95295.35,0.00032,0.00032,1,95295.35,0
2026-01-18 09:55:44,95295.34,0.01044,-0.01044,3,95295.34,0
2026-01-18 09:55:45,95295.35,7e-05,7e-05,1,95295.35,0
2026-01-18 09:55:46,95295.35,0.00211,0.00199,3,95295.34,0
2026-01-18 09:55:47,95295.35,9e-05,9e-05,1,95295.34,0
2026-01-18 09:55:50,95295.35,0.0048000000000000004,0.00438,3,95295.35,0
2026-01-18 09:55:51,95295.34,0.0001,-0.0001,1,95295.35,1
2026-01-18 09:55:52,95295.34,0.00109,-0.00109,1,95295.34,0
2026-01-18 09:55:55,95295.35,0.010159999999999999,0.00232,2,95295.35,0
2026-01-18 09:55:56,95295.35,0.00015,0.00015,1,95295.35,0
2026-01-18 09:55:59,95295.35,0.00135,-0.00095,2,95295.34,0
2026-01-18 09:56:00,95295.35,0.0021000000000000003,0.0021000000000000003,2,95295.34,0
2026-01-18 09:56:01,95295.35,0.00583,0.00583,1,95295.35,0
2026-01-18 09:56:05,95295.34,6e-05,-6e-05,1,95295.35,1
2026-01-18 09:56:06,95295.35,0.0162,0.0158,9,95295.34,0
2026-01-18 09:56:08,95295.34,0.0022,-0.0022,2,95295.35,1
2026-01-18 09:56:11,95295.34,0.0026499999999999996,0.00213,3,95295.35,1
2026-01-18 09:56:13,95295.35,0.00204,0.00164,3,95295.35,0
2026-01-18 09:56:14,95295.34,0.00117,-0.00117,1,95295.35,1
2026-01-18 09:56:16,95295.35,0.00054,0.00054,1,95295.35,0
2026-01-18 09:56:17,95295.35,0.00014,0.00014,1,95295.34,0
2026-01-18 09:56:18,95295.35,0.00453,0.00439,4,95295.34,0
2026-01-18 09:56:19,95295.35,0.010100000000000001,-0.00946,4,95295.34,0
2026-01-18 09:56:20,95295.35,0.01538,-0.01474,5,95295.34,0
2026-01-18 09:56:21,95295.35,0.00109,9.999999999999999e-06,5,95295.34,0
2026-01-18 09:56:24,95295.34,0.00402,-0.00402,2,95295.34,0
2026-01-18 09:56:25,95295.34,0.023960000000000002,-0.02292,7,95295.34,0
2026-01-18 09:56:26,95295.34,0.00052,-0.00052,1,95295.34,0
2026-01-18 09:56:29,95295.34,0.00439,-0.00439,1,95295.34,0
2026-01-18 09:56:30,95295.34,0.01651,-0.01651,2,95295.34,0
2026-01-18 09:56:31,95295.34,0.00804,-0.00804,3,95295.34,0
2026-01-18 09:56:32,95295.35,0.00013000000000000002,0.00013000000000000002,2,95295.34,0
2026-01-18 09:56:35,95295.34,0.08116,-0.03716,13,95295.34,0
2026-01-18 09:56:37,95295.34,0.00016,-0.00016,1,95295.34,0
2026-01-18 09:56:40,95295.34,0.11034,0.10482,3,95295.34,0
2026-01-18 09:56:42,95295.34,0.08263000000000001,-0.08215,5,95295.34,0
2026-01-18 09:56:45,95295.34,0.00418,-0.00418,3,95295.35,1
2026-01-18 09:56:46,95295.35,0.20729,-0.20687,20,95295.34,0
2026-01-18 09:56:49,95295.35,0.00834,0.00834,2,95295.34,0
2026-01-18 09:56:50,95295.35,0.00011,0.00011,1,95295.35,0
2026-01-18 09:56:54,95295.34,0.00403,0.0035499999999999998,3,95295.34,0
2026-01-18 09:56:55,95295.35,0.0004,0.0,2,95295.35,0
2026-01-18 09:56:57,95295.34,0.00092,-0.00092,3,95295.35,1
2026-01-18 09:56:58,95295.34,0.12897999999999998,0.08764,3,95295.34,0
2026-01-18 09:56:59,95295.34,0.0007,-0.0007,4,95295.34,0
2026-01-18 09:57:00,95295.35,0.00229,-0.00026999999999999995,4,95295.34,0
2026-01-18 09:57:01,95295.35,0.00083,0.00083,1,95295.34,0
2026-01-18 09:57:02,95295.35,0.0005,0.0005,1,95295.35,0
2026-01-18 09:57:03,95295.34,0.013080000000000001,-0.013080000000000001,4,95295.35,1
2026-01-18 09:57:04,95295.34,0.00884,-0.00872,5,95295.35,1
2026-01-18 09:57:05,95295.34,0.07392,0.07171999999999999,3,95295.35,1
2026-01-18 09:57:06,95295.34,0.011439999999999999,-0.011439999999999999,2,95295.35,1
2026-01-18 09:57:07,95295.35,0.01133,0.01133,1,95295.34,0
2026-01-18 09:57:08,95295.35,0.00681,0.00289,4,95295.34,0
2026-01-18 09:57:09,95295.35,0.03251,-0.032010000000000004,4,95295.34,0
2026-01-18 09:57:10,95295.35,0.0002,0.0002,1,95295.34,0
2026-01-18 09:57:11,95295.35,0.00027,0.00027,2,95295.34,0
2026-01-18 09:57:12,95295.34,0.00382,-0.00382,3,95295.34,0
2026-01-18 09:57:15,95295.34,0.00019,-0.00019,1,95295.34,0
2026-01-18 09:57:17,95295.34,1.01649,-1.01261,3,95295.34,0
2026-01-18 09:57:20,95295.34,0.31278,-0.28722,4,95295.35,1
2026-01-18 09:57:22,95295.34,0.00458,-0.00458,1,95295.35,1
2026-01-18 09:57:23,95295.34,0.03964,-0.03964,3,95295.34,0
2026-01-18 09:57:24,95295.35,0.00061,0.00061,1,95295.34,0
2026-01-18 09:57:25,95295.35,0.00033,0.00033,2,95295.34,0
2026-01-18 09:57:26,95295.34,0.00037,-0.00037,1,95295.34,0
2026-01-18 09:57:29,95295.34,0.00012,-0.00012,1,95295.35,1
2026-01-18 09:57:30,95295.34,0.0005,-0.0005,2,95295.34,0
2026-01-18 09:57:31,95295.34,0.0004,-0.0004,1,95295.35,1
2026-01-18 09:57:34,95295.35,8e-05,8e-05,1,95295.34,0
2026-01-18 09:57:35,95295.34,0.00214,0.0018799999999999997,5,95295.34,0
2026-01-18 09:57:40,95295.34,0.00113,-0.00113,1,95295.35,1
2026-01-18 09:57:45,95295.35,0.01432,-0.014159999999999999,2,95295.34,0
2026-01-18 09:57:47,95295.35,0.01427,0.008849999999999998,5,95295.34,0
2026-01-18 09:57:48,95295.34,0.01093,-0.01093,2,95295.35,1
2026-01-18 09:57:52,95295.34,0.00166,-0.00166,1,95295.35,1
2026-01-18 09:57:53,95295.35,0.00593,0.00593,3,95295.35,0
2026-01-18 09:57:54,95295.34,0.00021,-0.00021,1,95295.34,0
2026-01-18 09:57:56,95295.35,0.00024,0.00024,1,95295.34,0
2026-01-18 09:57:57,95295.35,0.00021,0.00021,1,95295.35,0
2026-01-18 09:57:58,95295.35,0.007730000000000001,-0.00481,2,95295.35,0
2026-01-18 09:57:59,95295.34,0.00307,-0.00013000000000000012,2,95295.35,1
2026-01-18 09:58:00,95295.35,0.0031999999999999997,0.00206,3,95295.34,0
2026-01-18 09:58:01,95295.34,0.00114,-0.0008799999999999999,4,95295.35,1
2026-01-18 09:58:02,95295.35,0.00109,0.00109,1,95295.34,0
2026-01-18 09:58:04,95295.35,6e-05,6e-05,1,95295.34,0
2026-01-18 09:58:06,95295.35,0.00084,0.00084,1,95295.34,0
2026-01-18 09:58:07,95295.34,0.0125,-0.0125,1,95295.34,0
2026-01-18 09:58:09,95295.34,0.00294,-0.00294,1,95295.34,0
2026-01-18 09:58:11,95295.34,0.04598,-0.04392,3,95295.34,0
2026-01-18 09:58:12,95295.34,0.0007199999999999999,-0.00031999999999999997,2,95270.75,0
2026-01-18 09:58:13,95295.34,0.0022700000000000003,-0.00185,3,95270.75,0
2026-01-18 09:58:14,95295.34,0.12718,-0.12718,3,95270.75,0
2026-01-18 09:58:15,95295.34,0.00139,-0.0006100000000000001,2,95270.75,0
2026-01-18 09:58:16,95295.34,0.00443,-0.00443,2,95270.75,0
2026-01-18 09:58:17,95270.75,12.7005,-9.229840000000001,133,95270.75,0
2026-01-18 09:58:18,95270.75,0.10178000000000001,0.10178000000000001,5,95270.8,1
2026-01-18 09:58:19,95270.75,1.00173,1.00173,4,95270.8,1
2026-01-18 09:58:20,95270.75,1.00062,1.00062,3,95270.79,1
2026-01-18 09:58:21,95270.75,1.0067,1.00384,5,95275.74,1
2026-01-18 09:58:22,95270.75,0.50122,0.50072,7,95275.74,1
2026-01-18 09:58:23,95270.8,0.31624,0.31624,6,95275.74,1
2026-01-18 09:58:24,95270.8,0.10020000000000001,0.10020000000000001,2,95275.74,1
2026-01-18 09:58:25,95270.79,0.00214,-0.00214,1,95275.74,1
2026-01-18 09:58:26,95275.74,0.70295,0.70191,31,95275.74,0
2026-01-18 09:58:27,95275.74,0.01062,0.01062,2,95275.73,0
2026-01-18 09:58:28,95275.74,0.3,0.3,1,95275.73,0
2026-01-18 09:58:30,95275.74,0.00676,-0.0030600000000000002,3,95275.74,0
2026-01-18 09:58:31,95275.74,0.00091,0.00091,2,95275.73,0
2026-01-18 09:58:32,95275.73,0.00198,-0.00198,2,95275.74,1
2026-01-18 09:58:35,95275.74,0.00034,0.00034,2,95275.74,0
2026-01-18 09:58:36,95275.73,0.48386,-0.48386,1,95275.74,1
2026-01-18 09:58:37,95275.74,0.00228,0.00196,3,95275.74,0
2026-01-18 09:58:39,95275.73,0.00561,-0.00561,1,95275.73,0
2026-01-18 09:58:40,95275.74,0.0003,0.0003,1,95275.74,0
2026-01-18 09:58:41,95275.74,0.00106,0.00106,1,95275.74,0
2026-01-18 09:58:44,95275.73,0.00019,-0.00019,1,95275.74,1
2026-01-18 09:58:46,95275.74,0.00016,0.00016,1,95275.74,0
2026-01-18 09:58:48,95275.73,0.0014700000000000002,-0.00125,2,95275.73,0
2026-01-18 09:58:49,95275.74,0.00339,0.00339,1,95275.73,0
2026-01-18 09:58:51,95275.74,7e-05,7e-05,1,95275.73,0
2026-01-18 09:58:52,95275.74,0.00389,0.00389,2,95275.74,0
2026-01-18 09:58:53,95275.73,0.09337,-0.09305,5,95275.73,0
2026-01-18 09:58:54,95275.73,0.059820000000000005,-0.0586,7,95275.74,1
2026-01-18 09:58:55,95275.74,0.00019,0.00019,1,95275.74,0
2026-01-18 09:58:56,95275.73,0.0002,-0.0002,1,95275.73,0
2026-01-18 09:58:57,95275.74,0.00136,0.00011999999999999988,5,95275.74,0
2026-01-18 09:58:58,95275.73,0.0622,-0.0618,3,95275.73,0
2026-01-18 09:58:59,95275.74,0.00671,0.00671,1,95275.73,0
2026-01-18 09:59:00,95275.74,0.00047999999999999996,-0.00022,2,95275.73,0
2026-01-18 09:59:01,95275.73,0.0024600000000000004,-0.00026000000000000003,3,95275.74,1
2026-01-18 09:59:02,95275.74,0.00089,0.00089,1,95275.73,0
2026-01-18 09:59:04,95275.73,0.00109,-0.0009699999999999999,3,95275.74,1
2026-01-18 09:59:05,95275.73,0.08806,-0.08806,6,95275.74,1
2026-01-18 09:59:06,95275.74,0.021410000000000002,-0.02091,5,95275.74,0
2026-01-18 09:59:07,95275.73,0.108,-0.108,4,95275.73,0
2026-01-18 09:59:09,95275.74,0.02769,0.02389,4,95275.73,0
2026-01-18 09:59:10,95275.74,0.00013,0.00013,1,95275.74,0
2026-01-18 09:59:11,95275.74,0.0050100000000000006,0.0050100000000000006,2,95275.74,0
2026-01-18 09:59:12,95275.73,0.00015,-0.00015,1,95275.73,0
2026-01-18 09:59:13,95275.74,0.13064,-0.13042,7,95275.74,0
2026-01-18 09:59:14,95275.73,0.005,-0.005,1,95275.74,1
2026-01-18 09:59:15,95275.74,0.00328,-0.00306,4,95275.73,0
2026-01-18 09:59:16,95275.74,0.25253,0.25133,2,95275.73,0
2026-01-18 09:59:17,95275.73,0.00048,-0.00048,1,95275.73,0
2026-01-18 09:59:18,95275.74,0.00452,0.00452,2,95275.73,0
2026-01-18 09:59:19,95275.74,0.00023,0.00023,1,95275.74,0
2026-01-18 09:59:20,95275.73,0.18969,-0.18935000000000002,12,95275.74,1
2026-01-18 09:59:21,95275.73,0.00978,-0.00344,4,95275.74,1
2026-01-18 09:59:22,95275.73,0.00029,-0.00029,1,95275.74,1
2026-01-18 09:59:23,95275.73,0.0064399999999999995,0.0013999999999999998,3,95275.74,1
2026-01-18 09:59:24,95275.74,0.00015,0.00015,1,95275.73,0
2026-01-18 09:59:25,95275.74,0.01324,0.01324,2,95275.73,0
2026-01-18 09:59:26,95275.74,0.00165,0.00165,2,95275.73,0
2026-01-18 09:59:27,95275.74,0.0068,-0.0057799999999999995,3,95275.73,0
2026-01-18 09:59:29,95275.73,0.00049,1.0000000000000026e-05,3,95275.74,1
2026-01-18 09:59:31,95275.73,0.00443,-0.00443,4,95275.73,0
2026-01-18 09:59:32,95275.73,0.00124,-0.00058,3,95275.73,0
2026-01-18 09:59:34,95275.74,0.00362,0.00316,3,95275.74,0
2026-01-18 09:59:36,95275.73,0.00241,-0.00241,2,95275.73,0
2026-01-18 09:59:37,95275.73,0.0002,-0.0002,1,95275.73,0
2026-01-18 09:59:38,95275.74,0.00132,-0.0010999999999999998,2,95275.74,0
2026-01-18 09:59:39,95275.74,0.00487,0.00487,1,95275.74,0
2026-01-18 09:59:40,95275.74,0.03666,-0.003919999999999999,5,95275.73,0
2026-01-18 09:59:41,95275.73,0.297,-0.297,31,95275.73,0
2026-01-18 09:59:42,95275.73,0.124,-0.124,4,95275.74,1
2026-01-18 09:59:44,95275.74,0.09205,0.09205,6,95275.73,0
2026-01-18 09:59:45,95275.73,0.00761,-0.00761,1,95275.74,1
2026-01-18 09:59:46,95275.73,0.00045,-9.999999999999986e-06,3,95275.73,0
2026-01-18 09:59:47,95275.74,0.00383,0.0019899999999999996,4,95275.73,0
2026-01-18 09:59:49,95275.73,0.00382,-0.0034200000000000003,5,95275.74,1
2026-01-18 09:59:50,95275.74,0.00023,0.00023,1,95275.74,0
2026-01-18 09:59:51,95275.73,0.00209,-0.00209,1,95275.73,0
2026-01-18 09:59:52,95275.73,0.29843000000000003,-0.29799000000000003,21,95275.74,1
2026-01-18 09:59:54,95275.74,0.045419999999999995,-0.04258,4,95275.73,0
2026-01-18 09:59:55,95275.74,0.0042699999999999995,0.0042699999999999995,3,95275.73,0
2026-01-18 09:59:56,95275.73,0.03604,-0.03562,7,95275.73,0
2026-01-18 09:59:57,95275.74,0.13688,-0.13666,9,95275.74,0
2026-01-18 09:59:59,95275.73,0.01142,-0.01142,5,95275.74,1
2026-01-18 10:00:00,95275.73,0.0055,-0.0055,9,95275.74,1
2026-01-18 10:00:01,95275.73,0.05502,-0.05472,10,95275.74,1
2026-01-18 10:00:02,95275.74,0.02258,0.02258,3,95275.73,0
2026-01-18 10:00:03,95275.74,0.006529999999999999,0.00613,3,95275.73,0
2026-01-18 10:00:04,95275.74,0.01248,-0.012360000000000001,3,95275.73,0
2026-01-18 10:00:05,95275.74,0.01175,0.01027,4,95275.74,0
2026-01-18 10:00:06,95275.74,0.01537,0.01537,3,95275.73,0
2026-01-18 10:00:07,95275.73,0.07930999999999999,-0.052629999999999996,5,95275.73,0
2026-01-18 10:00:08,95275.73,0.00068,-0.00068,1,95275.74,1
2026-01-18 10:00:09,95275.73,0.0008900000000000001,-0.00041,3,95275.73,0
2026-01-18 10:00:10,95275.74,0.0002,0.0002,1,95275.73,0
2026-01-18 10:00:11,95275.73,0.07022,-0.07022,2,95275.73,0
2026-01-18 10:00:12,95275.73,0.00038,-0.00038,1,95275.73,0
2026-01-18 10:00:14,95275.73,0.00023,-0.00023,2,95275.74,1
2026-01-18 10:00:15,95275.73,0.00057,-0.00046999999999999993,2,95275.74,1
2026-01-18 10:00:16,95275.73,0.00035999999999999997,0.00015999999999999999,2,95275.73,0
2026-01-18 10:00:17,95275.73,0.001,0.0003,3,95275.73,0
2026-01-18 10:00:19,95275.74,0.00031,0.00031,1,95275.74,0
2026-01-18 10:00:20,95275.74,0.0002,0.0002,1,95275.74,0
2026-01-18 10:00:21,95275.73,0.00136,0.0003200000000000001,3,95275.74,1
2026-01-18 10:00:22,95275.73,0.01774,-0.01774,1,95275.73,0
2026-01-18 10:00:23,95275.74,0.00029,0.00029,1,95275.74,0
2026-01-18 10:00:24,95275.74,0.021969999999999996,-0.02157,4,95275.73,0
2026-01-18 10:00:25,95275.74,9e-05,9e-05,1,95275.74,0
2026-01-18 10:00:27,95275.73,0.035519999999999996,-0.03538,4,95275.74,1
2026-01-18 10:00:29,95275.73,0.02399,-0.02185,3,95275.74,1
2026-01-18 10:00:30,95275.74,0.0024000000000000002,0.00138,5,95275.74,0
2026-01-18 10:00:32,95275.74,0.00065,0.00033,2,95277.49,1
2026-01-18 10:00:34,95275.74,0.03878,-0.0362,5,95277.49,1
2026-01-18 10:00:35,95275.74,0.01927,0.01911,2,95277.48,1
2026-01-18 10:00:36,95277.48,0.16466,0.15178,16,95277.49,1
2026-01-18 10:00:37,95277.49,0.00086,0.00086,2,95277.49,0
2026-01-18 10:00:38,95277.49,0.00015999999999999999,2.0000000000000012e-05,2,95277.49,0
2026-01-18 10:00:39,95277.49,0.00047999999999999996,0.00047999999999999996,2,95277.48,0
2026-01-18 10:00:40,95277.48,0.0036299999999999995,-0.0034099999999999994,7,95277.49,1
2026-01-18 10:00:41,95277.49,0.042019999999999995,0.0416,6,95295.39,1
2026-01-18 10:00:42,95277.49,0.0040100000000000005,0.0026299999999999995,5,95295.39,1
2026-01-18 10:00:43,95277.49,0.02006,-0.011720000000000001,6,95295.39,1
2026-01-18 10:00:44,95277.48,0.00464,-0.00464,1,95295.39,1
2026-01-18 10:00:45,95277.49,0.0013499999999999999,0.0013499999999999999,2,95295.39,1
2026-01-18 10:00:46,95295.39,0.13726,0.13726,85,95295.39,0
2026-01-18 10:00:47,95295.39,0.02592,0.02,10,95295.38,0
2026-01-18 10:00:48,95295.39,0.00704,-0.0059,4,95295.38,0
2026-01-18 10:00:49,95295.39,0.021150000000000002,0.02051,13,95295.39,0
2026-01-18 10:00:50,95295.39,0.09089000000000001,0.06973,3,95295.39,0
2026-01-18 10:00:51,95295.39,6e-05,6e-05,1,95295.39,0
2026-01-18 10:00:52,95295.38,0.02731,0.024890000000000002,4,95295.39,1
2026-01-18 10:00:54,95295.39,0.00442,0.00442,3,95295.39,0
2026-01-18 10:00:56,95295.39,0.02206,-0.01926,4,95295.38,0
2026-01-18 10:00:57,95295.39,0.01157,0.00869,7,95295.39,0
2026-01-18 10:00:59,95295.39,0.00031,0.00031,1,95295.38,0
2026-01-18 10:01:01,95295.38,0.00029,-0.00029,1,95295.39,1
2026-01-18 10:01:02,95295.39,0.0008799999999999999,0.00017999999999999998,3,95295.39,0
2026-01-18 10:01:03,95295.38,0.00874,-0.00874,2,95295.39,1
2026-01-18 10:01:04,95295.38,0.010409999999999999,-0.01011,6,95295.39,1
2026-01-18 10:01:05,95295.38,0.00886,-0.00886,3,95295.38,0
2026-01-18 10:01:07,95295.39,0.01659,0.01659,11,95295.38,0
2026-01-18 10:01:08,95295.39,0.00014,0.00014,1,95295.39,0
2026-01-18 10:01:09,95295.39,0.00428,0.00428,3,95295.38,0
2026-01-18 10:01:10,95295.38,0.09639,-0.08985,5,95295.39,1
2026-01-18 10:01:12,95295.38,0.00169,-0.00169,3,95295.39,1
2026-01-18 10:01:13,95295.39,0.02753,0.02753,2,95295.39,0
2026-01-18 10:01:14,95295.38,0.00053,-0.00053,1,95295.39,1
2026-01-18 10:01:15,95295.39,0.02197,0.02029,11,95295.39,0
2026-01-18 10:01:16,95295.39,0.00247,0.00247,3,95295.39,0
2026-01-18 10:01:17,95295.39,8e-05,8e-05,1,95295.39,0
2026-01-18 10:01:19,95295.39,0.022,0.022,11,95295.38,0
2026-01-18 10:01:20,95295.39,7e-05,7e-05,1,95295.38,0
2026-01-18 10:01:21,95295.39,0.00062,-0.00022,2,95295.39,0
2026-01-18 10:01:22,95295.39,0.00434,-0.004200000000000001,2,95295.38,0
2026-01-18 10:01:25,95295.38,0.0066300000000000005,-0.0066300000000000005,2,95295.39,1
2026-01-18 10:01:26,95295.39,0.02831,0.02831,5,95295.39,0
2026-01-18 10:01:27,95295.38,0.00011,-0.00011,1,95295.39,1
2026-01-18 10:01:28,95295.39,0.00769,0.00769,4,95294.08,0
2026-01-18 10:01:30,95295.39,0.014889999999999999,0.014889999999999999,4,95245.38,0
2026-01-18 10:01:31,95295.39,8e-05,8e-05,1,95238.62,0
2026-01-18 10:01:32,95295.39,0.0087,0.0087,3,95227.67,0
2026-01-18 10:01:33,95294.08,0.66559,-0.63487,39,95227.67,0
2026-01-18 10:01:35,95245.38,4.1829,-4.18062,247,95227.67,0
2026-01-18 10:01:36,95238.62,0.53625,-0.50649,83,95227.68,0
2026-01-18 10:01:38,95227.67,1.0058500000000001,1.00177,5,95227.67,0
2026-01-18 10:01:39,95227.68,1.0998400000000002,1.0994400000000002,7,95227.67,0
2026-01-18 10:01:40,95227.67,0.00866,-0.004359999999999999,5,95227.67,0
2026-01-18 10:01:41,95227.68,0.0056,0.0056,1,95227.67,0
2026-01-18 10:01:43,95227.67,0.00638,-0.00638,2,95227.67,0
2026-01-18 10:01:44,95227.67,0.00497,-0.00497,1,95227.67,0
2026-01-18 10:01:45,95227.67,0.05303,0.032029999999999996,2,95227.67,0
2026-01-18 10:01:46,95227.67,0.27524,-0.27234,17,95227.68,1
2026-01-18 10:01:47,95227.67,8e-05,-8e-05,1,95227.67,0
2026-01-18 10:01:48,95227.67,0.037540000000000004,0.03572,4,95227.67,0
2026-01-18 10:01:49,95227.67,0.14621,-0.14621,6,95227.68,1
2026-01-18 10:01:50,95227.67,0.00365,-0.00365,1,95227.68,1
2026-01-18 10:01:51,95227.68,0.0012900000000000001,0.0012900000000000001,2,95227.67,0
2026-01-18 10:01:52,95227.67,0.00055,-0.00055,1,95227.67,0
2026-01-18 10:01:55,95227.68,0.01642,-0.01524,3,95227.68,0
2026-01-18 10:01:56,95227.67,0.20227,-0.20227,3,95227.68,1
2026-01-18 10:01:57,95227.67,0.00011,-0.00011,1,95227.67,0
2026-01-18 10:02:00,95227.68,0.0039,0.0039,2,95227.68,0
2026-01-18 10:02:01,95227.68,0.0005600000000000001,0.0005600000000000001,3,95227.68,0
2026-01-18 10:02:02,95227.67,0.00018,-0.00018,1,95227.68,1
2026-01-18 10:02:03,95227.67,0.00181,0.0009299999999999998,2,95227.68,1
2026-01-18 10:02:04,95227.67,0.00037,-0.00025,2,95227.67,0
2026-01-18 10:02:05,95227.68,0.00375,0.0036300000000000004,3,95227.68,0
2026-01-18 10:02:06,95227.68,0.00332,0.00332,3,95227.68,0
2026-01-18 10:02:07,95227.68,0.00108,0.00108,1,95227.68,0
2026-01-18 10:02:08,95227.68,0.00575,-0.00477,3,95227.68,0
2026-01-18 10:02:09,95227.67,0.00543,-0.00457,3,95227.68,1
2026-01-18 10:02:10,95227.68,0.00096,0.00096,1,95227.68,0
2026-01-18 10:02:11,95227.68,0.008499999999999999,-0.0033599999999999997,3,95227.67,0
2026-01-18 10:02:12,95227.68,0.00077,0.00077,1,95227.68,0
2026-01-18 10:02:13,95227.68,0.00325,0.00325,2,95227.68,0
2026-01-18 10:02:14,95227.68,0.00204,-0.00019999999999999987,4,95227.68,0
2026-01-18 10:02:15,95227.68,0.16294,0.15646000000000002,3,95244.93,1
2026-01-18 10:02:16,95227.67,0.05807,0.04793,2,95244.93,1
2026-01-18 10:02:17,95227.68,0.036489999999999995,-0.03473,5,95244.93,1
2026-01-18 10:02:18,95227.68,0.00013,0.00013,1,95244.93,1
2026-01-18 10:02:19,95227.68,0.82968,-0.8117400000000001,6,95244.93,1
2026-01-18 10:02:20,95244.93,4.9292300000000004,4.92197,78,95235.9,0
2026-01-18 10:02:21,95244.93,0.0274,-0.02492,6,95235.9,0
2026-01-18 10:02:22,95244.93,0.02365,-0.02365,2,95235.9,0
2026-01-18 10:02:23,95244.93,0.00259,-0.00259,1,95235.9,0
2026-01-18 10:02:24,95244.93,0.0005200000000000001,-0.0005200000000000001,2,95235.9,0
2026-01-18 10:02:26,95235.9,6e-05,-6e-05,1,95235.9,0
2026-01-18 10:02:27,95235.9,0.0002,-0.0002,1,95235.9,0
2026-01-18 10:02:28,95235.9,0.055709999999999996,-0.05437,3,95235.9,0
2026-01-18 10:02:29,95235.9,0.0043100000000000005,-0.0013500000000000003,3,95235.9,0
2026-01-18 10:02:31,95235.9,0.63139,0.36883,8,95235.91,1
2026-01-18 10:02:32,95235.9,0.01181,-0.01181,1,95235.91,1
2026-01-18 10:02:33,95235.9,0.0095,-0.0095,4,95235.91,1
2026-01-18 10:02:34,95235.9,0.01405,-0.01405,1,95235.9,0
2026-01-18 10:02:36,95235.91,0.11635,-0.10985,5,95235.91,0
2026-01-18 10:02:37,95235.91,0.2633,0.060600000000000015,3,95235.9,0
2026-01-18 10:02:38,95235.91,0.09637,-0.09051,2,95235.9,0
2026-01-18 10:02:39,95235.9,0.00876,-0.00876,1,95235.9,0
2026-01-18 10:02:42,95235.9,0.00152,0.00035999999999999997,2,95235.9,0
2026-01-18 10:02:44,95235.9,0.00049,-0.00049,1,95235.91,1
2026-01-18 10:02:47,95235.9,0.0948,-0.0948,1,95235.91,1
2026-01-18 10:02:49,95235.91,0.00014,0.00014,1,95235.9,0
2026-01-18 10:02:51,95235.91,0.00034,0.00034,1,95235.9,0
2026-01-18 10:02:52,95235.91,0.00518,-0.00458,4,95235.9,0
2026-01-18 10:02:53,95235.9,0.00197,-0.00147,4,95235.9,0
2026-01-18 10:02:55,95235.9,9e-05,-9e-05,1,95235.91,1
2026-01-18 10:02:56,95235.9,6e-05,-6e-05,1,95235.91,1
2026-01-18 10:02:57,95235.9,0.00017,-0.00017,1,95235.91,1
2026-01-18 10:02:58,95235.9,0.007319999999999999,-0.00662,2,95235.91,1
2026-01-18 10:03:00,95235.91,0.77515,0.22487000000000001,17,95235.9,0
2026-01-18 10:03:01,95235.91,0.10627,-0.10037000000000001,6,95235.9,0
2026-01-18 10:03:02,95235.91,0.09869,-0.09809000000000001,5,95235.9,0
2026-01-18 10:03:03,95235.91,0.00059,0.00059,2,95235.9,0
2026-01-18 10:03:04,95235.9,0.0007700000000000001,-0.00065,3,95233.33,0
2026-01-18 10:03:05,95235.9,6e-05,-6e-05,1,95225.59,0
2026-01-18 10:03:06,95235.9,0.00931,-0.00931,5,95225.59,0
2026-01-18 10:03:07,95235.9,0.79848,-0.78956,7,95225.59,0
2026-01-18 10:03:08,95235.9,0.5,-0.5,1,95216.0,0
2026-01-18 10:03:09,95233.33,0.50818,-0.49234,17,95216.0,0
2026-01-18 10:03:10,95225.59,0.56614,-0.5641,46,95216.01,0
2026-01-18 10:03:11,95225.59,0.09703,-0.09703,1,95216.01,0
2026-01-18 10:03:12,95225.59,0.09855,-0.09855,1,95216.0,0
2026-01-18 10:03:13,95216.0,0.83345,-0.83345,71,95216.0,0
2026-01-18 10:03:14,95216.0,0.10929,-0.10929,5,95212.96,0
2026-01-18 10:03:15,95216.01,0.19136999999999998,-0.19123,3,95206.64,0
2026-01-18 10:03:16,95216.01,0.21297,-0.20355,6,95206.63,0
2026-01-18 10:03:17,95216.0,0.20593,-0.20525000000000002,5,95206.63,0
2026-01-18 10:03:18,95216.0,1.01298,-1.01214,12,95206.64,0
2026-01-18 10:03:19,95212.96,0.28752,-0.28276,26,95206.63,0
2026-01-18 10:03:20,95206.64,1.0217,-1.02154,45,95206.63,0
2026-01-18 10:03:21,95206.63,0.0017,-0.00158,2,95206.63,0
2026-01-18 10:03:22,95206.63,0.06626,0.0291,9,95206.64,1
2026-01-18 10:03:23,95206.64,0.00044,0.00044,1,95206.64,0
2026-01-18 10:03:25,95206.63,0.00046,-0.00046,1,95206.63,0
2026-01-18 10:03:26,95206.63,0.00136,-0.00136,2,95206.63,0
2026-01-18 10:03:27,95206.64,0.00022,1.9999999999999998e-05,2,95206.64,0
2026-01-18 10:03:28,95206.64,0.00404,-0.0036,3,95193.08,0
2026-01-18 10:03:30,95206.63,0.15362,-0.05536,2,95192.62,0
2026-01-18 10:03:31,95206.63,0.30027,-0.30027,3,95190.38,0
2026-01-18 10:03:32,95206.64,0.00059,-0.00041,2,95185.45,0
2026-01-18 10:03:33,95193.08,1.9969000000000001,-1.9868999999999999,109,95185.46,0
2026-01-18 10:03:34,95193.08,0.61659,-0.61245,8,95183.94,0
2026-01-18 10:03:35,95192.62,0.78508,-0.7842399999999999,13,95183.13,0
2026-01-18 10:03:36,95190.38,1.1153,-1.1149,27,95176.75,0
2026-01-18 10:03:37,95185.45,1.0990900000000001,-1.09561,43,95176.75,0
2026-01-18 10:03:38,95185.46,0.00336,0.0008399999999999998,2,95175.63,0
2026-01-18 10:03:39,95183.94,1.5,-1.5,16,95171.09,0
2026-01-18 10:03:40,95183.13,0.82915,-0.77661,12,95171.09,0
2026-01-18 10:03:41,95176.75,1.00007,-0.99993,30,95164.0,0
2026-01-18 10:03:42,95176.75,0.41518,-0.41518,5,95160.48,0
2026-01-18 10:03:43,95175.63,1.70058,-1.70058,16,95160.48,0
2026-01-18 10:03:44,95171.09,0.8114600000000001,-0.8114600000000001,33,95160.48,0
2026-01-18 10:03:45,95171.09,0.13962,-0.1393,3,95160.48,0
2026-01-18 10:03:46,95164.0,1.45575,-1.43473,58,95160.48,0
2026-01-18 10:03:47,95160.48,2.02811,-1.99247,30,95160.47,0
2026-01-18 10:03:48,95160.48,0.40849,-0.39769,5,95160.47,0
2026-01-18 10:03:49,95160.48,1.16902,-1.16692,4,95160.47,0
2026-01-18 10:03:50,95160.48,0.2037,-0.2037,2,95158.95,0
2026-01-18 10:03:51,95160.48,0.29671000000000003,-0.29671000000000003,3,95157.57,0
2026-01-18 10:03:52,95160.47,0.10903,-0.10903,3,95157.58,0
2026-01-18 10:03:53,95160.47,0.09203,-0.09203,2,95152.38,0
2026-01-18 10:03:54,95160.47,0.51957,-0.51871,6,95152.37,0
2026-01-18 10:03:55,95158.95,1.12497,-1.07791,16,95152.38,0
2026-01-18 10:03:56,95157.57,2.0,-2.0,19,95152.37,0
2026-01-18 10:03:57,95157.58,0.007949999999999999,-0.00575,4,95152.37,0
2026-01-18 10:03:58,95152.38,1.75255,-1.24979,39,95152.37,0
2026-01-18 10:03:59,95152.37,0.00924,0.00904,4,95152.37,0
2026-01-18 10:04:00,95152.38,0.02228,0.02228,2,95150.05,0
2026-01-18 10:04:01,95152.37,1.60487,-1.60487,2,95148.96,0
2026-01-18 10:04:02,95152.37,0.20773,-0.20002999999999999,5,95148.95,0
2026-01-18 10:04:03,95152.37,0.21123,-0.21009,3,95148.26,0
2026-01-18 10:04:04,95152.37,0.19442,-0.19148,6,95146.01,0
2026-01-18 10:04:05,95150.05,1.085,-1.08394,25,95146.01,0
2026-01-18 10:04:06,95148.96,1.5002600000000001,-1.49974,13,95146.01,0
2026-01-18 10:04:08,95148.26,1.51774,-1.50444,11,95146.01,0
2026-01-18 10:04:10,95146.01,0.00559,0.005350000000000001,3,95146.01,0
2026-01-18 10:04:11,95146.01,0.00401,0.00371,3,95146.02,1
2026-01-18 10:04:15,95146.01,0.00093,-0.00093,1,95145.76,0
2026-01-18 10:04:16,95146.02,0.00197,-0.00163,2,95145.76,0
2026-01-18 10:04:17,95146.02,0.15557,-0.15421,14,95145.75,0
2026-01-18 10:04:21,95145.76,0.00977,0.00977,4,95145.75,0
2026-01-18 10:04:22,95145.75,0.03338,-0.033159999999999995,3,95145.75,0
2026-01-18 10:04:23,95145.76,0.014499999999999999,-0.00942,4,95145.75,0
2026-01-18 10:04:26,95145.75,0.18825999999999998,-0.18825999999999998,2,95138.47,0
2026-01-18 10:04:27,95145.75,0.31313,-0.31313,5,95137.3,0
2026-01-18 10:04:28,95145.75,0.20983000000000002,-0.20983000000000002,2,95133.03,0
2026-01-18 10:04:29,95145.76,0.70502,-0.7002200000000001,5,95133.04,0
2026-01-18 10:04:30,95145.75,0.50523,-0.50523,2,95133.04,0
2026-01-18 10:04:31,95138.47,1.59612,-1.5746799999999999,63,95123.83,0
2026-01-18 10:04:32,95137.3,1.0031,-0.9969,16,95117.15,0
2026-01-18 10:04:33,95133.03,1.50662,-1.4933800000000002,25,95117.16,0
2026-01-18 10:04:34,95133.04,0.00033,0.00013000000000000002,2,95111.21,0
2026-01-18 10:04:35,95133.04,0.00022,0.00022,1,95105.44,0
2026-01-18 10:04:36,95123.83,3.00022,-2.99978,50,95103.24,0
2026-01-18 10:04:37,95117.15,3.92372,-3.89708,46,95103.01,0
2026-01-18 10:04:38,95117.16,3.00176,-2.99824,4,95103.02,0
2026-01-18 10:04:39,95111.21,3.00007,-2.99993,38,95105.44,0
2026-01-18 10:04:40,95105.44,3.02448,-2.9807,46,95105.45,1
2026-01-18 10:04:41,95103.24,1.5960400000000001,-1.59544,19,95103.51,1
2026-01-18 10:04:42,95103.01,1.5022,-1.49958,14,95103.52,1
2026-01-18 10:04:43,95103.02,0.05277,0.05277,2,95103.52,1
2026-01-18 10:04:44,95105.44,2.60096,2.17962,28,95103.52,0
2026-01-18 10:04:45,95105.45,6.06064,-5.47144,13,95103.51,0
2026-01-18 10:04:46,95103.51,4.55124,-4.44876,12,95100.05,0
2026-01-18 10:04:47,95103.52,1.55193,-1.4488699999999999,4,95100.01,0
2026-01-18 10:04:48,95103.52,0.37638,-0.37194,7,95096.13,0
2026-01-18 10:04:49,95103.52,0.5143,-0.50838,5,95096.13,0
2026-01-18 10:04:50,95103.51,0.45337,-0.35205,6,95096.13,0
2026-01-18 10:04:52,95100.01,2.01612,-1.98442,10,95096.14,0
2026-01-18 10:04:53,95096.13,1.8184,-1.78172,34,95096.13,0
2026-01-18 10:04:54,95096.13,1.5,-1.5,1,95089.45,0
2026-01-18 10:04:55,95096.13,0.10203,-0.09621,5,95089.45,0
2026-01-18 10:04:57,95096.14,0.20020000000000002,-0.19934,3,95113.14,1
2026-01-18 10:04:58,95096.13,0.39715,-0.39715,5,95113.14,1
2026-01-18 10:04:59,95089.45,6.98449,-6.41831,51,95113.13,1
2026-01-18 10:05:00,95089.45,0.00267,-0.00237,2,95113.13,1
2026-01-18 10:05:01,95113.14,4.10262,4.10262,142,95113.13,0
2026-01-18 10:05:02,95113.14,0.80735,-0.77141,7,95097.45,0
2026-01-18 10:05:03,95113.14,1.50521,-1.49785,7,95097.44,0
2026-01-18 10:05:04,95113.13,1.59872,-1.59836,5,95097.44,0
2026-01-18 10:05:05,95113.13,0.41453,-0.40495000000000003,9,95089.46,0
2026-01-18 10:05:06,95113.13,0.64134,-0.577,8,95089.46,0
2026-01-18 10:05:07,95097.45,20.109460000000002,-19.94156,69,95089.45,0
2026-01-18 10:05:08,95097.44,1.50169,-1.49831,4,95089.46,0
2026-01-18 10:05:09,95097.44,2.00304,-2.00304,5,95089.46,0
2026-01-18 10:05:10,95089.46,1.50855,-1.5057500000000001,35,95089.45,0
2026-01-18 10:05:11,95089.46,1.4777200000000001,0.66316,26,95089.45,0
2026-01-18 10:05:12,95089.45,0.49895,-0.49819,6,95111.04,1
2026-01-18 10:05:13,95089.46,1.032,-0.968,4,95111.04,1
2026-01-18 10:05:14,95089.46,2.51672,-2.4844,10,95111.03,1
2026-01-18 10:05:15,95089.45,0.65161,-0.14561000000000002,10,95111.03,1
2026-01-18 10:05:16,95089.45,0.4042,-0.3558,8,95111.04,1
2026-01-18 10:05:17,95111.04,4.11048,3.5049,110,95111.03,0
2026-01-18 10:05:18,95111.04,0.00194,0.00194,1,95111.03,0
2026-01-18 10:05:19,95111.03,0.17715999999999998,-0.00896000000000001,2,95111.03,0
2026-01-18 10:05:20,95111.03,0.29765,-0.29765,3,95111.04,1
2026-01-18 10:05:21,95111.04,0.09955000000000001,-0.08649,4,95111.03,0
2026-01-18 10:05:22,95111.03,0.1229,-0.12078,3,95111.03,0
2026-01-18 10:05:23,95111.03,0.22061,-0.16860999999999998,5,95111.04,1
2026-01-18 10:05:25,95111.04,0.10207000000000001,-0.10067,2,95111.03,0
2026-01-18 10:05:26,95111.03,0.0013,-0.0013,1,95111.04,1
2026-01-18 10:05:28,95111.04,0.01081,-0.010169999999999998,2,95111.03,0
2026-01-18 10:05:30,95111.03,0.03286,-0.03076,3,95102.55,0
2026-01-18 10:05:31,95111.04,0.03758,-0.035460000000000005,3,95102.55,0
2026-01-18 10:05:33,95111.03,0.10525999999999999,-0.10525999999999999,2,95102.55,0
2026-01-18 10:05:34,95111.03,0.74931,-0.74121,6,95102.55,0
2026-01-18 10:05:35,95102.55,1.0,-1.0,42,95102.55,0
2026-01-18 10:05:36,95102.55,0.50087,-0.50061,3,95096.1,0
2026-01-18 10:05:38,95102.55,0.32841,-0.32841,3,95096.1,0
2026-01-18 10:05:39,95102.55,1.0,-1.0,2,95095.14,0
2026-01-18 10:05:40,95102.55,1.5,-1.5,3,95095.14,0
2026-01-18 10:05:41,95096.1,2.00079,-2.00065,39,95095.14,0
2026-01-18 10:05:42,95096.1,0.59914,-0.59808,3,95095.11,0
2026-01-18 10:05:43,95096.1,0.39466,-0.38761999999999996,6,95095.11,0
2026-01-18 10:05:44,95095.14,0.70853,-0.70853,15,95094.9,0
2026-01-18 10:05:45,95095.14,0.60389,-0.60361,3,95094.9,0
2026-01-18 10:05:46,95095.14,0.39031,-0.39031,5,95094.9,0
2026-01-18 10:05:47,95095.11,0.6004700000000001,-0.6004700000000001,6,95092.93,0
2026-01-18 10:05:48,95095.11,1.00123,-1.00099,5,95092.93,0
2026-01-18 10:05:49,95094.9,0.5,-0.5,8,95092.93,0
2026-01-18 10:05:50,95094.9,0.69062,-0.6876,8,95088.0,0
2026-01-18 10:05:51,95094.9,0.20683999999999997,-0.20683999999999997,3,95088.0,0
2026-01-18 10:05:52,95092.93,1.21428,-1.21428,19,95088.01,0
2026-01-18 10:05:53,95092.93,1.18821,-1.18821,4,95088.01,0
2026-01-18 10:05:55,95088.0,3.0822499999999997,-3.0822499999999997,55,95088.01,1
2026-01-18 10:05:56,95088.0,0.00277,0.0017300000000000002,3,95088.01,1
2026-01-18 10:05:57,95088.01,0.026410000000000003,0.026410000000000003,4,95088.0,0
2026-01-18 10:05:58,95088.01,0.002,0.002,1,95088.0,0
2026-01-18 10:06:00,95088.01,0.00114,0.0009599999999999999,2,95088.01,0
2026-01-18 10:06:01,95088.01,0.00107,0.00107,2,95088.01,0
2026-01-18 10:06:02,95088.0,0.00315,-0.00315,2,95088.01,1
2026-01-18 10:06:03,95088.0,0.00112,-6.000000000000005e-05,3,95088.01,1
2026-01-18 10:06:04,95088.01,6e-05,6e-05,1,95088.0,0
2026-01-18 10:06:05,95088.01,0.03516,-0.03492,5,95088.0,0
2026-01-18 10:06:07,95088.01,0.00627,-0.005350000000000001,5,95088.0,0
2026-01-18 10:06:09,95088.0,0.00142,0.0013000000000000002,2,95094.0,1
2026-01-18 10:06:10,95088.0,0.0111,-0.0005999999999999994,3,95094.0,1
2026-01-18 10:06:12,95088.0,0.00023,-0.00023,1,95094.0,1
2026-01-18 10:06:14,95094.0,0.63142,0.63142,43,95094.0,0
2026-01-18 10:06:15,95094.0,0.004,0.004,2,95094.0,0
2026-01-18 10:06:16,95094.0,0.01,0.01,5,95094.0,0
2026-01-18 10:06:17,95094.0,0.00805,0.00785,3,95094.0,0
2026-01-18 10:06:18,95094.0,0.00171,0.00171,5,95102.58,1
2026-01-18 10:06:19,95094.0,0.00511,0.00511,7,95102.58,1
2026-01-18 10:06:20,95094.0,0.00213,0.00213,7,95117.3,1
2026-01-18 10:06:21,95094.0,0.00258,0.00258,1,95117.3,1
2026-01-18 10:06:22,95094.0,0.02442,0.0007400000000000012,6,95117.31,1
2026-01-18 10:06:23,95102.58,0.27366,0.2733,98,95117.31,1
2026-01-18 10:06:24,95102.58,0.0016099999999999999,0.00034999999999999994,2,95117.3,1
2026-01-18 10:06:25,95117.3,0.27401000000000003,0.25211,91,95117.3,0
2026-01-18 10:06:26,95117.3,0.01724,-0.00578,6,95117.3,0
2026-01-18 10:06:27,95117.31,0.00231,0.0012699999999999999,2,95117.3,0
2026-01-18 10:06:28,95117.31,0.01384,0.0135,4,95117.3,0
2026-01-18 10:06:29,95117.3,0.00158,-0.00158,1,95117.31,1
2026-01-18 10:06:30,95117.3,0.00216,-0.00216,2,95117.3,0
2026-01-18 10:06:33,95117.3,0.09567,-0.09567,1,95117.31,1
2026-01-18 10:06:34,95117.31,0.04065,-0.026829999999999996,6,95117.31,0
2026-01-18 10:06:38,95117.31,0.02009,0.013689999999999999,2,95117.3,0
2026-01-18 10:06:39,95117.31,0.0012100000000000001,0.0007300000000000001,2,95117.31,0
2026-01-18 10:06:41,95117.3,0.03946,0.03846,8,95117.31,1
2026-01-18 10:06:42,95117.3,0.00124,-0.0002600000000000001,4,95117.31,1
2026-01-18 10:06:43,95117.3,0.00197,0.0010500000000000002,3,95117.3,0
2026-01-18 10:06:44,95117.31,0.03033,0.03033,1,95117.31,0
2026-01-18 10:06:45,95117.31,0.0023,6.000000000000016e-05,2,95117.31,0
2026-01-18 10:06:46,95117.31,0.0422,0.04192,13,95117.31,0
2026-01-18 10:06:47,95117.31,0.00192,0.0014600000000000001,2,95117.31,0
2026-01-18 10:06:48,95117.3,0.0006399999999999999,-0.00047999999999999996,2,95117.3,0
2026-01-18 10:06:49,95117.31,0.02283,0.02283,4,95124.0,1
2026-01-18 10:06:50,95117.31,0.00086,0.00074,3,95125.43,1
2026-01-18 10:06:51,95117.31,0.00043,0.00043,1,95125.43,1
2026-01-18 10:06:52,95117.31,0.0009,0.0009,2,95125.42,1
2026-01-18 10:06:53,95117.3,0.00048,-0.00048,2,95125.42,1
2026-01-18 10:06:54,95124.0,0.07369,0.07369,51,95125.43,1
2026-01-18 10:06:55,95125.43,0.01172,0.0014600000000000004,9,95125.43,0
2026-01-18 10:06:56,95125.43,0.00034,0.00034,1,95125.42,0
2026-01-18 10:06:57,95125.42,7e-05,-7e-05,1,95125.43,1
2026-01-18 10:06:58,95125.42,0.01491,0.01213,4,95125.43,1
2026-01-18 10:06:59,95125.43,0.00118,0.00118,2,95125.43,0
2026-01-18 10:07:00,95125.43,0.00521,0.00521,3,95125.42,0
2026-01-18 10:07:02,95125.43,0.00013,0.00013,1,95125.42,0
2026-01-18 10:07:03,95125.43,0.0081,0.0081,1,95125.43,0
2026-01-18 10:07:04,95125.43,0.00024,-0.00012000000000000002,2,95125.42,0
2026-01-18 10:07:05,95125.42,0.00018,6e-05,2,95125.42,0
2026-01-18 10:07:07,95125.42,0.52838,0.52286,3,95125.43,1
2026-01-18 10:07:08,95125.43,0.00098,0.00098,1,95125.42,0
2026-01-18 10:07:11,95125.42,0.00075,-0.00045000000000000004,4,95125.42,0
2026-01-18 10:07:12,95125.43,0.00037,-7.000000000000002e-05,2,95119.48,0
2026-01-18 10:07:16,95125.42,0.006730000000000001,0.00633,3,95119.48,0
2026-01-18 10:07:17,95119.48,2.84482,-2.84482,37,95119.49,1
2026-01-18 10:07:20,95119.48,0.00053,-0.00053,2,95119.49,1
2026-01-18 10:07:23,95119.49,0.00123,0.00123,2,95119.49,0
2026-01-18 10:07:28,95119.49,0.00052,0.00052,1,95119.48,0
2026-01-18 10:07:31,95119.48,0.05727,-0.05727,1,95119.49,1
2026-01-18 10:07:32,95119.49,0.0002,0.0002,2,95119.49,0
2026-01-18 10:07:35,95119.48,0.00052,-0.00052,1,95119.49,1
2026-01-18 10:07:36,95119.49,0.02552,0.02552,2,95119.49,0
2026-01-18 10:07:37,95119.49,0.00324,0.0018999999999999998,3,95119.48,0
2026-01-18 10:07:39,95119.49,0.00024,0.00024,1,95119.49,0
2026-01-18 10:07:40,95119.49,0.1653,0.1653,8,95119.49,0
2026-01-18 10:07:41,95119.49,0.00033,0.00033,2,95119.49,0
2026-01-18 10:07:42,95119.48,0.0013700000000000001,-0.0013700000000000001,4,95119.48,0
2026-01-18 10:07:43,95119.48,0.0044800000000000005,0.0041,4,95119.48,0
2026-01-18 10:07:44,95119.49,0.00034,0.00034,1,95119.48,0
2026-01-18 10:07:45,95119.49,0.00022,0.00022,1,95119.48,0
2026-01-18 10:07:46,95119.49,0.00014,0.00014,1,95119.49,0
2026-01-18 10:07:47,95119.48,0.0022,-0.0022,1,95119.48,0
2026-01-18 10:07:48,95119.48,0.00872,0.00728,8,95119.48,0
2026-01-18 10:07:49,95119.48,0.00017,-0.00017,1,95119.48,0
2026-01-18 10:07:50,95119.48,0.00119,-0.00119,1,95119.49,1
2026-01-18 10:07:51,95119.49,0.008,0.008,4,95119.48,0
2026-01-18 10:07:52,95119.48,0.00796,-0.00796,6,95119.49,1
2026-01-18 10:07:53,95119.48,0.0016099999999999999,0.00121,3,95119.49,1
2026-01-18 10:07:56,95119.48,0.00065,-0.00065,2,95119.48,0
2026-01-18 10:07:57,95119.49,0.00021,0.00021,1,95119.49,0
2026-01-18 10:07:58,95119.49,0.00251,0.00251,2,95119.48,0
2026-01-18 10:08:01,95119.48,0.04728,-0.039279999999999995,3,95119.48,0
2026-01-18 10:08:02,95119.49,0.00011,0.00011,1,95119.49,0
2026-01-18 10:08:03,95119.48,0.00813,-0.00813,1,95119.49,1
2026-01-18 10:08:04,95119.48,0.00026000000000000003,-0.00014000000000000001,2,95119.48,0
2026-01-18 10:08:05,95119.48,6e-05,-6e-05,1,95119.49,1
2026-01-18 10:08:06,95119.48,0.00066,-0.00066,1,95119.49,1
2026-01-18 10:08:07,95119.49,0.00155,0.0014500000000000001,2,95119.49,0
2026-01-18 10:08:08,95119.49,0.007,0.007,2,95119.49,0
2026-01-18 10:08:09,95119.48,0.02817,-0.02771,2,95119.48,0
2026-01-18 10:08:10,95119.49,0.0101,-0.00982,3,95119.49,0
2026-01-18 10:08:11,95119.49,0.00045,0.00045,2,95119.48,0
2026-01-18 10:08:12,95119.49,0.014280000000000001,0.0061200000000000004,2,95119.49,0
2026-01-18 10:08:13,95119.49,0.00117,0.0001300000000000001,4,95118.51,0
2026-01-18 10:08:14,95119.48,0.00013,-0.00013,1,95118.51,0
2026-01-18 10:08:15,95119.49,0.00103,0.00103,1,95118.51,0
2026-01-18 10:08:16,95119.48,0.00225,-0.00225,1,95118.51,0
2026-01-18 10:08:17,95119.49,0.00745,0.00705,11,95118.51,0
2026-01-18 10:08:18,95118.51,0.32363,-0.32291,28,95118.51,0
2026-01-18 10:08:19,95118.51,0.00751,0.0072499999999999995,7,95118.5,0
2026-01-18 10:08:20,95118.51,0.00119,0.00119,1,95118.5,0
2026-01-18 10:08:21,95118.51,0.0026100000000000003,0.00221,4,95118.51,0
2026-01-18 10:08:22,95118.51,0.00489,-0.0046700000000000005,2,95118.51,0
2026-01-18 10:08:23,95118.51,0.006,0.006,3,95118.51,0
2026-01-18 10:08:24,95118.5,0.00197,-0.00038999999999999994,4,95118.51,1
2026-01-18 10:08:25,95118.5,0.00952,-0.00952,2,95118.5,0
2026-01-18 10:08:26,95118.51,0.00213,0.00213,2,95118.51,0
2026-01-18 10:08:27,95118.51,0.00241,0.00241,1,95118.5,0
2026-01-18 10:08:28,95118.51,0.008,0.008,4,95118.5,0
2026-01-18 10:08:29,95118.51,0.0002,0.0002,1,95118.5,0
2026-01-18 10:08:30,95118.5,0.00029,-0.00029,1,95118.5,0
2026-01-18 10:08:31,95118.51,0.00013,0.00013,1,95118.51,0
2026-01-18 10:08:32,95118.5,0.0063100000000000005,-0.0063100000000000005,2,95118.5,0
2026-01-18 10:08:33,95118.5,0.00315,-0.00315,1,95118.51,1
2026-01-18 10:08:34,95118.5,0.00034,-6.000000000000002e-05,2,95118.51,1
2026-01-18 10:08:37,95118.5,0.00315,-0.00315,1,95118.51,1
2026-01-18 10:08:38,95118.51,0.00611,0.00589,4,95118.51,0
2026-01-18 10:08:39,95118.51,0.002,0.002,1,95118.51,0
2026-01-18 10:08:42,95118.51,0.00423,-0.00397,4,95118.51,0
2026-01-18 10:08:43,95118.51,0.02229,0.02229,5,95118.51,0
2026-01-18 10:08:44,95118.51,0.01148,0.01148,2,95118.51,0
2026-01-18 10:08:46,95118.5,0.00042,-0.00042,1,95118.5,0
2026-01-18 10:08:47,95118.51,0.00766,0.0025,6,95118.51,0
2026-01-18 10:08:49,95118.51,0.032080000000000004,0.02768,6,95118.51,0
2026-01-18 10:08:51,95118.5,0.00477,-0.0035499999999999998,2,95118.51,1
2026-01-18 10:08:52,95118.51,0.0021999999999999997,0.0021999999999999997,2,95118.51,0
2026-01-18 10:08:54,95118.51,0.00032,0.00032,1,95118.51,0
2026-01-18 10:08:55,95118.5,0.00029,-0.00029,1,95118.51,1
2026-01-18 10:08:56,95118.51,0.00177,0.00177,3,95118.5,0
2026-01-18 10:08:57,95118.51,0.00021,0.00021,1,95118.5,0
2026-01-18 10:08:58,95118.51,0.03203,0.031030000000000002,2,95118.5,0
2026-01-18 10:08:59,95118.51,0.00029,0.00029,2,95118.5,0
2026-01-18 10:09:00,95118.51,0.13848999999999997,0.13624999999999998,4,95125.17,1
2026-01-18 10:09:02,95118.5,0.00174,-0.00174,2,95125.17,1
2026-01-18 10:09:04,95118.5,0.00478,-0.00066,4,95125.43,1
2026-01-18 10:09:05,95125.17,0.16424,0.16412,52,95126.34,1
2026-01-18 10:09:07,95125.17,0.00165,-0.00165,1,95126.34,1
2026-01-18 10:09:09,95125.43,0.10877,0.10877,15,95126.35,1
2026-01-18 10:09:10,95126.34,0.15359,0.15359,58,95127.49,1
2026-01-18 10:09:12,95126.34,0.03853,0.02687,3,95127.48,1
2026-01-18 10:09:13,95126.34,0.06547,0.06533,7,95137.42,1
2026-01-18 10:09:14,95126.35,0.06439,0.002409999999999999,4,95137.41,1
2026-01-18 10:09:15,95127.49,0.0063,0.0063,9,95137.41,1
2026-01-18 10:09:16,95127.49,0.00118,0.00054,3,95137.42,1
2026-01-18 10:09:17,95127.48,0.0001,-0.0001,1,95137.42,1
2026-01-18 10:09:18,95137.42,0.112,0.1077,62,95137.42,0
2026-01-18 10:09:19,95137.41,0.00019,-0.00019,1,95137.41,0
2026-01-18 10:09:20,95137.41,0.04238,0.0417,2,95137.42,1
2026-01-18 10:09:21,95137.42,0.00933,0.00933,6,95137.42,0
2026-01-18 10:09:22,95137.42,0.0098,-0.0008200000000000004,7,95137.42,0
2026-01-18 10:09:23,95137.42,0.002,0.002,1,95137.42,0
2026-01-18 10:09:24,95137.41,0.02444,0.02174,7,95137.42,1
2026-01-18 10:09:26,95137.42,0.01884,0.0138,11,95137.42,0
2026-01-18 10:09:27,95137.42,0.03718,0.03574,7,95137.42,0
2026-01-18 10:09:28,95137.42,0.0006000000000000001,-7.999999999999999e-05,3,95142.41,1
2026-01-18 10:09:29,95137.42,0.009080000000000001,0.008660000000000001,3,95143.37,1
2026-01-18 10:09:31,95137.42,0.00215,0.00215,2,95148.94,1
2026-01-18 10:09:32,95137.42,0.1513,0.1513,3,95148.95,1
2026-01-18 10:09:33,95142.41,0.11721999999999999,0.11649999999999999,51,95148.94,1
2026-01-18 10:09:34,95143.37,0.01269,0.01269,9,95148.95,1
2026-01-18 10:09:35,95148.95,0.09613000000000001,0.09613000000000001,34,95148.95,0
2026-01-18 10:09:36,95148.94,0.011090000000000001,0.00993,4,95148.95,1
2026-01-18 10:09:37,95148.95,0.01051,0.01051,1,95148.94,0
2026-01-18 10:09:38,95148.94,0.06538000000000001,-0.04488,11,95148.95,1
2026-01-18 10:09:39,95148.95,0.01072,0.0103,2,95148.95,0
2026-01-18 10:09:40,95148.95,0.009930000000000001,0.009930000000000001,6,95148.95,0
2026-01-18 10:09:41,95148.95,0.01269,0.01269,3,95150.0,1
2026-01-18 10:09:42,95148.94,0.0015300000000000001,-0.0015300000000000001,2,95150.0,1
2026-01-18 10:09:43,95148.95,0.01677,-0.001409999999999999,3,95150.0,1
2026-01-18 10:09:44,95148.95,0.01051,0.01051,1,95149.99,1
2026-01-18 10:09:45,95148.95,0.01102,0.01,2,95149.99,1
2026-01-18 10:09:46,95150.0,0.04716,0.04716,28,95150.0,0
2026-01-18 10:09:47,95150.0,0.01051,0.01051,1,95149.99,0
2026-01-18 10:09:48,95150.0,0.01097,0.01097,3,95150.0,0
2026-01-18 10:09:51,95150.0,0.10374,0.09508,8,95150.0,0
2026-01-18 10:09:52,95149.99,0.00777,0.004229999999999999,5,95150.0,1
2026-01-18 10:09:53,95150.0,0.004,0.004,2,95149.99,0
2026-01-18 10:09:56,95150.0,0.0074800000000000005,0.0057,5,95149.99,0
2026-01-18 10:09:57,95150.0,0.028950000000000004,0.028950000000000004,3,95150.0,0
2026-01-18 10:09:58,95149.99,0.01153,-0.01081,4,95149.99,0
2026-01-18 10:09:59,95150.0,0.00037,0.00037,1,95150.0,0
2026-01-18 10:10:00,95150.0,0.0001,0.0001,1,95149.99,0
2026-01-18 10:10:01,95149.99,0.00527,0.00375,2,95149.99,0
2026-01-18 10:10:02,95150.0,0.00139,-0.0011499999999999998,3,95150.0,0
2026-01-18 10:10:04,95150.0,0.00031,0.00031,2,95150.0,0
2026-01-18 10:10:05,95149.99,6e-05,-6e-05,1,95149.99,0
2026-01-18 10:10:06,95149.99,0.02217,-0.02061,2,95149.99,0
2026-01-18 10:10:07,95150.0,0.0001,0.0001,1,95137.41,0
2026-01-18 10:10:09,95150.0,0.008150000000000001,0.008150000000000001,2,95137.42,0
2026-01-18 10:10:11,95149.99,0.42312,-0.42182000000000003,8,95137.42,0
2026-01-18 10:10:12,95137.41,0.61021,-0.60289,71,95137.41,0
2026-01-18 10:10:13,95137.41,0.00047999999999999996,-3.999999999999997e-05,2,95137.42,1
2026-01-18 10:10:14,95137.42,0.0021200000000000004,0.0021200000000000004,2,95137.41,0
2026-01-18 10:10:16,95137.42,0.00042,0.00042,1,95137.41,0
2026-01-18 10:10:17,95137.41,0.00124,-0.00096,3,95137.41,0
2026-01-18 10:10:18,95137.42,0.00034,0.00034,1,95137.41,0
2026-01-18 10:10:19,95137.41,0.00047000000000000004,-0.00047000000000000004,2,95137.42,1
2026-01-18 10:10:21,95137.41,0.00034,-0.00034,1,95137.41,0
2026-01-18 10:10:22,95137.41,0.00596,-0.00596,3,95137.42,1
2026-01-18 10:10:23,95137.41,0.00602,-0.00602,3,95137.42,1
2026-01-18 10:10:24,95137.42,0.03066,-0.005700000000000002,4,95137.42,0
2026-01-18 10:10:26,95137.41,0.0012300000000000002,-0.00079,3,95137.42,1
2026-01-18 10:10:27,95137.42,0.0036899999999999997,0.0026499999999999996,3,95137.42,0
2026-01-18 10:10:28,95137.42,0.0162,-0.0124,5,95137.42,0
2026-01-18 10:10:29,95137.42,0.00045000000000000004,0.00045000000000000004,2,95137.42,0
2026-01-18 10:10:31,95137.42,0.00021,0.00021,2,95137.42,0
2026-01-18 10:10:32,95137.42,0.00175,0.00107,4,95137.41,0
2026-01-18 10:10:33,95137.42,0.0017000000000000001,0.0017000000000000001,3,95137.41,0
2026-01-18 10:10:36,95137.42,0.0007700000000000001,0.0007700000000000001,2,95137.42,0
2026-01-18 10:10:37,95137.41,0.00069,-0.00069,2,95137.42,1
2026-01-18 10:10:38,95137.41,0.00049,-0.00049,2,95137.41,0
2026-01-18 10:10:40,95137.42,0.00318,0.00318,1,95137.42,0
2026-01-18 10:10:41,95137.42,0.0005600000000000001,0.0005600000000000001,2,95137.41,0
2026-01-18 10:10:42,95137.42,0.00038,-1.9999999999999998e-05,2,95137.41,0
2026-01-18 10:10:45,95137.42,0.00016,0.00016,1,95137.41,0
2026-01-18 10:10:46,95137.41,0.00179,0.00035,3,95137.41,0
2026-01-18 10:10:47,95137.41,0.00251,0.00014999999999999996,3,95137.42,1
2026-01-18 10:10:50,95137.41,0.017320000000000002,-0.01416,2,95137.41,0
2026-01-18 10:10:51,95137.41,0.00104,-0.00104,2,95137.41,0
2026-01-18 10:10:52,95137.42,0.00106,0.00106,1,95137.42,0
2026-01-18 10:10:53,95137.42,0.00301,0.0017100000000000001,3,95137.41,0
2026-01-18 10:10:55,95137.41,0.005,-0.005,1,95137.41,0
2026-01-18 10:10:56,95137.41,0.00445,-0.0039499999999999995,4,95137.41,0
2026-01-18 10:10:57,95137.42,0.00017,0.00017,1,95137.42,0
2026-01-18 10:10:58,95137.41,0.00247,-0.00035000000000000005,2,95137.41,0
2026-01-18 10:11:00,95137.41,0.00449,-0.00449,1,95137.41,0
2026-01-18 10:11:01,95137.41,0.00251,-0.00251,2,95137.42,1
2026-01-18 10:11:02,95137.42,0.00013,-9.999999999999992e-06,2,95137.41,0
2026-01-18 10:11:03,95137.41,0.00485,0.0004099999999999999,4,95137.42,1
2026-01-18 10:11:04,95137.41,0.00075,-0.00063,3,95137.41,0
2026-01-18 10:11:05,95137.41,0.0034300000000000003,0.00269,4,95137.42,1
2026-01-18 10:11:06,95137.42,0.00099,0.00099,1,95137.42,0
2026-01-18 10:11:07,95137.41,0.00157,-0.00087,5,95137.42,1
2026-01-18 10:11:08,95137.42,0.00148,0.00042,2,95137.42,0
2026-01-18 10:11:09,95137.41,0.00302,-0.0022199999999999998,2,95137.42,1
2026-01-18 10:11:10,95137.42,0.02523,-0.02455,2,95135.67,0
2026-01-18 10:11:11,95137.42,0.008660000000000001,0.008660000000000001,2,95135.65,0
2026-01-18 10:11:12,95137.42,0.00296,0.00296,1,95135.65,0
2026-01-18 10:11:13,95137.42,0.00409,0.0032099999999999997,6,95135.65,0
2026-01-18 10:11:14,95137.42,0.93273,-0.93165,2,95135.65,0
2026-01-18 10:11:15,95135.67,0.03454,-0.03386,19,95135.65,0
2026-01-18 10:11:16,95135.65,0.01857,-0.01857,6,95135.66,1
2026-01-18 10:11:17,95135.65,0.01,-0.01,1,95135.66,1
2026-01-18 10:11:18,95135.65,0.078,-0.078,4,95135.65,0
2026-01-18 10:11:19,95135.65,0.00034,-0.00034,1,95135.65,0
2026-01-18 10:11:20,95135.65,0.00132,0.00047999999999999996,3,95135.65,0
2026-01-18 10:11:21,95135.66,0.0003,0.0003,1,95135.66,0
2026-01-18 10:11:22,95135.66,0.00707,-0.00639,2,95135.66,0
2026-01-18 10:11:23,95135.65,0.0001,-0.0001,1,95135.66,1
2026-01-18 10:11:25,95135.65,0.00385,-0.00385,8,95135.65,0
2026-01-18 10:11:26,95135.66,0.0049,-0.00392,2,95126.55,0
2026-01-18 10:11:28,95135.66,0.00102,0.00102,2,95126.56,0
2026-01-18 10:11:30,95135.65,0.00117,-0.00057,3,95126.56,0
2026-01-18 10:11:31,95126.55,0.70692,-0.70608,54,95126.56,1
2026-01-18 10:11:34,95126.55,0.03333,-0.03333,1,95126.56,1
2026-01-18 10:11:35,95126.56,0.01451,0.014070000000000001,2,95126.56,0
2026-01-18 10:11:36,95126.56,0.00226,-0.0006999999999999999,4,95126.55,0
2026-01-18 10:11:40,95126.56,0.00048,0.00028000000000000003,2,95126.55,0
2026-01-18 10:11:43,95126.56,0.00016,0.00016,1,95126.55,0
2026-01-18 10:11:45,95126.55,0.0001,-0.0001,1,95126.56,1
2026-01-18 10:11:48,95126.55,0.02453,-0.02453,3,95126.55,0
2026-01-18 10:11:50,95126.56,0.0047599999999999995,0.0047599999999999995,2,95126.56,0
2026-01-18 10:11:51,95126.55,0.00054,0.00030000000000000003,2,95126.55,0
2026-01-18 10:11:52,95126.55,0.02157,-0.02157,1,95126.55,0
2026-01-18 10:11:53,95126.55,0.01987,-0.01949,3,95126.55,0
2026-01-18 10:11:55,95126.56,0.00138,0.00138,2,95126.55,0
2026-01-18 10:11:58,95126.55,0.0018,0.0006799999999999999,4,95126.56,1
2026-01-18 10:11:59,95126.55,0.00034,-0.00034,1,95131.85,1
2026-01-18 10:12:00,95126.55,0.00088,0.00064,4,95131.85,1
2026-01-18 10:12:03,95126.56,0.043859999999999996,0.04328,4,95135.66,1
2026-01-18 10:12:04,95131.85,1.08948,1.08948,45,95135.66,1
2026-01-18 10:12:05,95131.85,0.03275,0.03263,8,95135.66,1
2026-01-18 10:12:06,95133.94,0.01965,0.01943,13,95135.66,1
2026-01-18 10:12:07,95133.94,0.01051,0.01051,1,95135.66,1
2026-01-18 10:12:08,95135.66,0.01934,0.00884,13,95135.66,0
2026-01-18 10:12:09,95135.66,0.00483,0.00453,2,95135.65,0
2026-01-18 10:12:10,95135.66,0.0006,0.0006,1,95135.66,0
2026-01-18 10:12:11,95135.66,0.0001,0.0001,1,95135.66,0
2026-01-18 10:12:12,95135.66,0.0026,0.0026,2,95135.65,0
2026-01-18 10:12:13,95135.66,0.0023899999999999998,0.0023899999999999998,2,95135.66,0
2026-01-18 10:12:14,95135.65,0.00048,0.0003,2,95135.66,1
2026-01-18 10:12:15,95135.66,0.00525,0.00525,1,95135.65,0
2026-01-18 10:12:16,95135.66,0.0086,0.0086,2,95135.66,0
2026-01-18 10:12:17,95135.65,0.00363,0.00333,5,95135.66,1
2026-01-18 10:12:19,95135.66,0.0032199999999999998,0.0032199999999999998,5,95135.66,0
2026-01-18 10:12:21,95135.66,0.0055000000000000005,0.0055000000000000005,3,95135.65,0
2026-01-18 10:12:22,95135.66,0.00571,-0.00503,4,95135.66,0
2026-01-18 10:12:24,95135.66,0.01608,-0.015439999999999999,2,95135.66,0
2026-01-18 10:12:27,95135.66,0.01046,0.01026,3,95135.65,0
2026-01-18 10:12:28,95135.66,0.00075,0.00075,1,95135.66,0
2026-01-18 10:12:29,95135.66,9e-05,9e-05,1,95135.66,0
2026-01-18 10:12:30,95135.65,0.00085,-0.00085,1,95135.66,1
2026-01-18 10:12:32,95135.65,9e-05,-9e-05,1,95135.65,0
2026-01-18 10:12:33,95135.66,0.0329,-0.0327,3,95135.66,0
2026-01-18 10:12:34,95135.66,0.00014,0.00014,1,95135.66,0
2026-01-18 10:12:36,95135.65,0.00042,-0.00042,1,95135.66,1
2026-01-18 10:12:38,95135.66,0.0036699999999999997,0.0027300000000000002,4,95135.66,0
2026-01-18 10:12:39,95135.66,0.00324,0.0030600000000000002,2,95135.65,0
2026-01-18 10:12:41,95135.66,0.03096,0.03096,5,95135.65,0
2026-01-18 10:12:43,95135.66,0.00034,0.00034,2,95138.55,1
2026-01-18 10:12:44,95135.65,0.0034400000000000003,-0.0011,3,95138.54,1
2026-01-18 10:12:45,95135.66,0.00131,0.00037,3,95138.55,1
2026-01-18 10:12:46,95135.65,0.00021,-0.00021,1,95138.55,1
2026-01-18 10:12:47,95136.19,0.22614,0.20656,38,95138.55,1
2026-01-18 10:12:48,95138.55,0.04149,0.04149,27,95138.55,0
2026-01-18 10:12:49,95138.54,9e-05,-9e-05,1,95138.55,1
2026-01-18 10:12:50,95138.55,0.1131,0.1117,3,95138.55,0
2026-01-18 10:12:51,95138.55,0.020550000000000002,-0.01961,4,95138.54,0
2026-01-18 10:12:53,95138.55,0.032619999999999996,0.01678,10,95138.55,0
2026-01-18 10:12:55,95138.55,0.00718,0.0060799999999999995,3,95139.44,1
2026-01-18 10:12:56,95138.54,0.00101,-0.00101,1,95139.45,1
2026-01-18 10:13:00,95139.44,0.01071,0.00947,13,95139.44,0
2026-01-18 10:13:01,95139.45,0.00013,0.00013,1,95139.45,0
2026-01-18 10:13:02,95139.44,0.01278,-0.01278,2,95139.44,0
2026-01-18 10:13:04,95139.45,6e-05,6e-05,1,95139.44,0
2026-01-18 10:13:05,95139.44,6e-05,-6e-05,1,95139.45,1
2026-01-18 10:13:07,95139.44,0.00043,-0.00043,1,95139.45,1
2026-01-18 10:13:12,95139.45,0.00526,0.00526,1,95139.45,0
2026-01-18 10:13:17,95139.45,0.0022500000000000003,-0.00022999999999999995,3,95139.45,0
2026-01-18 10:13:18,95139.45,0.19203,0.19203,1,95139.46,1
2026-01-18 10:13:20,95139.46,0.0002,0.0002,1,95139.46,0
2026-01-18 10:13:22,95139.45,0.0427,0.018699999999999998,5,95139.46,1
2026-01-18 10:13:25,95139.46,0.023,0.023,3,95139.46,0
2026-01-18 10:13:26,95139.45,0.33522,0.33356,3,95139.46,1
2026-01-18 10:13:27,95139.46,0.0014299999999999998,-0.00129,3,95139.46,0
2026-01-18 10:13:29,95139.46,0.00088,0.00026000000000000003,3,95139.46,0
2026-01-18 10:13:30,95139.46,0.00091,0.00045,4,95139.46,0
2026-01-18 10:13:31,95139.46,0.00013,0.00013,1,95139.45,0
2026-01-18 10:13:32,95139.46,0.00018,0.00018,1,95139.45,0
2026-01-18 10:13:34,95139.46,0.00014,0.00014,1,95139.46,0
2026-01-18 10:13:35,95139.46,5e-05,5e-05,1,95139.45,0
2026-01-18 10:13:37,95139.45,0.06078,0.05448,2,95139.46,1
2026-01-18 10:13:38,95139.45,0.0007499999999999999,-0.0007499999999999999,3,95139.45,0
2026-01-18 10:13:40,95139.45,0.00355,-0.00355,3,95139.46,1
2026-01-18 10:13:42,95139.46,0.00014,0.00014,1,95139.46,0
2026-01-18 10:13:43,95139.45,0.00373,0.0026699999999999996,3,95139.46,1
2026-01-18 10:13:45,95139.46,0.457,0.457,1,95140.47,1
2026-01-18 10:13:46,95139.46,0.0535,0.053219999999999996,3,95140.48,1
2026-01-18 10:13:47,95139.46,0.00146,0.0007599999999999999,3,95140.48,1
2026-01-18 10:13:48,95139.46,0.0017900000000000001,0.0017900000000000001,2,95140.48,1
2026-01-18 10:13:49,95139.46,0.004430000000000001,0.004430000000000001,2,95140.48,1
2026-01-18 10:13:50,95140.47,0.89662,0.28379999999999994,23,95140.47,0
2026-01-18 10:13:51,95140.48,0.0001,0.0001,1,95140.47,0
2026-01-18 10:13:56,95140.47,0.00059,-0.00059,3,95140.48,1
2026-01-18 10:14:02,95140.47,0.0029,-0.0029,2,95140.48,1
2026-01-18 10:14:03,95140.48,0.0011099999999999999,0.00069,2,95140.47,0
2026-01-18 10:14:04,95140.48,0.0005,0.0005,3,95140.47,0
2026-01-18 10:14:05,95140.47,0.04248999999999999,-0.04248999999999999,3,95140.47,0
2026-01-18 10:14:08,95140.47,0.00019,9.999999999999999e-06,2,95140.48,1
2026-01-18 10:14:10,95140.47,0.05056,-0.05056,2,95140.48,1
2026-01-18 10:14:11,95140.48,0.01438,0.01438,2,95140.48,0
2026-01-18 10:14:13,95140.48,0.02404,0.02404,1,95140.49,1
2026-01-18 10:14:15,95140.48,0.61202,0.51978,5,95141.6,1
2026-01-18 10:14:16,95140.48,0.00632,0.00498,4,95141.59,1
2026-01-18 10:14:17,95140.48,0.00709,0.006730000000000001,5,95141.59,1
2026-01-18 10:14:18,95140.49,0.00979,0.00461,7,95141.6,1
2026-01-18 10:14:19,95140.49,0.032529999999999996,-0.022129999999999997,8,95141.59,1
2026-01-18 10:14:20,95141.6,0.02234,0.02234,21,95141.59,0
2026-01-18 10:14:21,95141.59,0.00597,0.00507,6,95141.59,0
2026-01-18 10:14:22,95141.59,0.01025,-0.01009,5,95141.6,1
2026-01-18 10:14:23,95141.6,0.052539999999999996,-0.04204,2,95141.59,0
2026-01-18 10:14:25,95141.59,0.06662,-0.05612,2,95141.59,0
2026-01-18 10:14:26,95141.59,0.00027,-0.00013000000000000002,2,95141.6,1
2026-01-18 10:14:30,95141.59,0.00481,-0.0033100000000000004,2,95141.59,0
2026-01-18 10:14:31,95141.6,0.00015,0.00015,1,95141.6,0
2026-01-18 10:14:34,95141.59,0.00203,-1.0000000000000026e-05,2,95141.59,0
2026-01-18 10:14:35,95141.59,0.04656,-0.04656,1,95141.59,0
2026-01-18 10:14:36,95141.6,0.00018,0.00018,1,95141.59,0
2026-01-18 10:14:40,95141.59,0.048209999999999996,-0.048209999999999996,2,95141.6,1
2026-01-18 10:14:41,95141.59,0.00184,0.0008,2,95141.6,1
2026-01-18 10:14:42,95141.59,0.0041,-0.00368,4,95141.59,0
2026-01-18 10:14:43,95141.59,0.00183,-0.00115,3,95141.59,0
2026-01-18 10:14:47,95141.59,0.00023,-0.00023,1,95141.6,1
2026-01-18 10:14:48,95141.59,0.00189,-0.00189,1,95141.6,1
2026-01-18 10:14:53,95141.6,0.00126,0.00042,2,95141.6,0
2026-01-18 10:14:54,95141.6,0.0004,0.0004,1,95141.6,0
2026-01-18 10:14:55,95141.6,0.04802,-0.03892,3,95141.6,0
2026-01-18 10:14:58,95141.6,0.00755,0.00707,3,95141.6,0
2026-01-18 10:14:59,95141.6,5e-05,5e-05,1,95133.46,0
2026-01-18 10:15:00,95141.6,0.04297,-0.041949999999999994,3,95133.46,0
2026-01-18 10:15:01,95141.59,0.03689,-0.03667,4,95133.47,0
2026-01-18 10:15:03,95141.6,0.004,0.00382,4,95133.47,0
2026-01-18 10:15:05,95133.46,0.06611,-0.06593,5,95133.46,0
2026-01-18 10:15:06,95133.47,0.00012,0.00012,1,95133.46,0
2026-01-18 10:15:08,95133.47,0.00446,0.00294,5,95133.47,0
2026-01-18 10:15:10,95133.46,0.0043,-0.00302,2,95133.46,0
2026-01-18 10:15:11,95133.46,0.00258,-0.00258,1,95133.47,1
2026-01-18 10:15:12,95133.47,0.0018,0.0018,1,95133.46,0
2026-01-18 10:15:13,95133.47,0.00144,0.00144,1,95133.47,0
2026-01-18 10:15:14,95133.47,0.00031,0.00031,1,95133.46,0
2026-01-18 10:15:15,95133.46,0.07339,-0.04889,3,95133.46,0
2026-01-18 10:15:17,95133.46,0.00041,-0.00041,1,95133.47,1
2026-01-18 10:15:18,95133.47,0.00157,0.00157,2,95133.47,0
2026-01-18 10:15:19,95133.46,0.01626,-0.015200000000000002,3,95133.47,1
2026-01-18 10:15:20,95133.46,0.00296,-0.00296,2,95133.47,1
2026-01-18 10:15:22,95133.47,0.00675,-0.006169999999999999,3,95133.47,0
2026-01-18 10:15:23,95133.47,0.00098,0.00042,2,95133.47,0
2026-01-18 10:15:24,95133.47,0.0001,0.0001,1,95133.47,0
2026-01-18 10:15:25,95133.47,0.05165,-0.05137,3,95133.46,0
2026-01-18 10:15:27,95133.47,0.00021,0.00021,1,95133.47,0
2026-01-18 10:15:29,95133.47,5e-05,5e-05,1,95133.46,0
2026-01-18 10:15:30,95133.46,0.04274,-0.0417,3,95133.46,0
2026-01-18 10:15:32,95133.47,0.00011999999999999999,0.00011999999999999999,2,95133.46,0
2026-01-18 10:15:34,95133.46,0.0013,-0.0013,2,95133.46,0
2026-01-18 10:15:35,95133.46,0.0006399999999999999,-0.0006399999999999999,2,95133.46,0
2026-01-18 10:15:37,95133.46,0.00616,0.00356,5,95133.47,1
2026-01-18 10:15:38,95133.46,0.00433,-0.00433,1,95133.46,0
2026-01-18 10:15:39,95133.46,0.04785,-0.04785,3,95133.47,1
2026-01-18 10:15:40,95133.46,0.04646,-0.04646,2,95133.46,0
2026-01-18 10:15:42,95133.47,0.00031,0.00031,1,95133.46,0
2026-01-18 10:15:43,95133.46,0.017449999999999997,-0.017449999999999997,3,95133.47,1
2026-01-18 10:15:45,95133.46,0.05319,-0.05319,2,95133.47,1
2026-01-18 10:15:47,95133.46,0.0013599999999999999,-0.0013599999999999999,2,95133.47,1
2026-01-18 10:15:48,95133.47,0.00022,0.00022,1,95133.47,0
2026-01-18 10:15:50,95133.47,0.00098,0.0003,3,95133.47,0
2026-01-18 10:15:52,95133.47,0.00109,-6.999999999999997e-05,3,95133.47,0
2026-01-18 10:15:53,95133.47,0.01099,0.00553,3,95133.46,0
2026-01-18 10:15:54,95133.47,0.02712,0.02712,1,95133.47,0
2026-01-18 10:15:55,95133.47,0.07381,-0.02505,7,95133.46,0
2026-01-18 10:15:57,95133.47,0.00545,-0.00507,2,95133.47,0
2026-01-18 10:15:59,95133.47,0.0008,0.0008,1,95133.47,0
2026-01-18 10:16:00,95133.46,0.049670000000000006,-0.049670000000000006,2,95133.46,0
2026-01-18 10:16:02,95133.47,0.00036,0.00036,1,95133.47,0
2026-01-18 10:16:05,95133.46,0.00146,-0.00146,2,95133.46,0
2026-01-18 10:16:06,95133.46,0.00037,-0.00037,1,95133.47,1
2026-01-18 10:16:07,95133.47,0.00054,0.00054,1,95133.46,0
2026-01-18 10:16:10,95133.46,0.06127,-0.06127,3,95133.47,1
2026-01-18 10:16:11,95133.47,0.00474,0.00474,1,95133.47,0
2026-01-18 10:16:12,95133.46,0.00058,-0.00058,1,95133.46,0
2026-01-18 10:16:13,95133.46,0.00092,-0.00092,1,95133.47,1
2026-01-18 10:16:14,95133.47,0.00238,0.00226,2,95133.46,0
2026-01-18 10:16:15,95133.47,0.04471,-0.044509999999999994,2,95133.47,0
2026-01-18 10:16:16,95133.47,0.00019,0.00019,1,95133.47,0
2026-01-18 10:16:17,95133.46,0.00048,0.00034,3,95133.47,1
2026-01-18 10:16:18,95133.47,0.00079,0.00059,3,95133.47,0
2026-01-18 10:16:19,95133.46,0.0041,0.00082,6,95133.46,0
2026-01-18 10:16:20,95133.47,0.00056,4.000000000000005e-05,3,95133.47,0
2026-01-18 10:16:21,95133.47,0.0003,0.0003,1,95133.46,0
2026-01-18 10:16:22,95133.47,0.01006,-0.00434,5,95133.47,0
2026-01-18 10:16:23,95133.47,0.00484,0.00484,5,95133.46,0
2026-01-18 10:16:24,95133.46,0.00011,-0.00011,1,95133.46,0
2026-01-18 10:16:25,95133.47,0.052899999999999996,-0.04942,4,95133.46,0
2026-01-18 10:16:27,95133.47,0.00245,-0.00157,3,95133.46,0
2026-01-18 10:16:28,95133.46,0.00011,-0.00011,1,95133.47,1
2026-01-18 10:16:29,95133.46,0.09334,-0.09334,4,95133.47,1
2026-01-18 10:16:30,95133.46,0.00558,0.0009599999999999999,3,95133.47,1
2026-01-18 10:16:32,95133.46,0.00126,-0.0010400000000000001,3,95133.47,1
2026-01-18 10:16:33,95133.47,0.01723,0.01723,3,95133.47,0
2026-01-18 10:16:35,95133.47,0.07441,-0.07391,5,95133.47,0
2026-01-18 10:16:36,95133.46,0.0018700000000000001,0.00018999999999999996,4,95133.46,0
2026-01-18 10:16:37,95133.47,0.00198,0.00198,2,95133.46,0
2026-01-18 10:16:38,95133.47,6e-05,6e-05,1,95133.46,0
2026-01-18 10:16:41,95133.46,0.02135,-0.02135,3,95133.47,1
2026-01-18 10:16:42,95133.46,0.00129,0.0007300000000000001,2,95133.47,1
2026-01-18 10:16:43,95133.46,0.00842,-0.0033800000000000006,6,95133.46,0
2026-01-18 10:16:44,95133.47,0.0076500000000000005,0.00647,2,95133.46,0
2026-01-18 10:16:47,95133.47,0.0017699999999999999,0.00139,4,95133.46,0
2026-01-18 10:16:48,95133.46,0.0012000000000000001,-0.0004,2,95133.47,1
2026-01-18 10:16:49,95133.46,0.00675,-0.00607,2,95133.46,0
2026-01-18 10:16:50,95133.47,0.0014299999999999998,-0.00021,2,95133.47,0
2026-01-18 10:16:52,95133.46,0.0006000000000000001,-8.000000000000005e-05,2,95133.46,0
2026-01-18 10:16:54,95133.46,0.014759999999999999,0.003919999999999999,3,95133.46,0
2026-01-18 10:16:56,95133.46,0.00344,-0.0018,2,95133.47,1
2026-01-18 10:16:57,95133.46,0.00133,-0.00053,4,95133.46,0
2026-01-18 10:16:59,95133.46,0.30846999999999997,-0.30846999999999997,2,95133.47,1
2026-01-18 10:17:01,95133.47,0.00694,0.00672,2,95133.47,0
2026-01-18 10:17:03,95133.47,0.00094,0.0007599999999999999,2,95133.46,0
2026-01-18 10:17:04,95133.47,0.00513,-0.0030499999999999998,4,95133.46,0
2026-01-18 10:17:05,95133.46,6e-05,-6e-05,1,95133.46,0
2026-01-18 10:17:06,95133.47,0.00082,0.00082,1,95133.46,0
2026-01-18 10:17:08,95133.46,6e-05,-6e-05,1,95133.46,0
2026-01-18 10:17:11,95133.46,0.00134,-0.00134,2,95133.47,1
2026-01-18 10:17:13,95133.46,0.01477,-0.0033699999999999997,8,95133.47,1
2026-01-18 10:17:16,95133.47,0.00082,0.00082,1,95133.46,0
2026-01-18 10:17:17,95133.46,0.00023,-0.00023,1,95133.46,0
2026-01-18 10:17:18,95133.47,0.002,0.002,1,95133.47,0
2026-01-18 10:17:19,95133.47,0.0022199999999999998,0.0022199999999999998,3,95133.47,0
2026-01-18 10:17:20,95133.46,0.00082,-0.00082,1,95133.46,0
2026-01-18 10:17:21,95133.46,0.01107,-0.01107,2,95133.46,0
2026-01-18 10:17:22,95133.46,0.00994,-0.005939999999999999,5,95133.46,0
2026-01-18 10:17:24,95133.47,0.00082,0.00082,2,95133.47,0
2026-01-18 10:17:25,95133.46,0.00227,-0.00227,1,95133.46,0
2026-01-18 10:17:26,95133.46,0.00138,-0.00138,2,95133.47,1
2026-01-18 10:17:27,95133.46,6e-05,-6e-05,1,95133.46,0
2026-01-18 10:17:29,95133.47,0.00082,0.00082,2,95133.47,0
2026-01-18 10:17:30,95133.46,0.00473,-0.00473,4,95133.47,1
2026-01-18 10:17:31,95133.47,0.00184,0.00030000000000000003,5,95133.46,0
2026-01-18 10:17:32,95133.46,0.00020999999999999998,-0.00020999999999999998,2,95133.47,1
2026-01-18 10:17:33,95133.47,0.002,0.002,1,95133.47,0
2026-01-18 10:17:34,95133.47,0.00197,0.00197,3,95133.47,0
2026-01-18 10:17:35,95133.47,0.00282,0.00118,2,95133.47,0
2026-01-18 10:17:36,95133.46,0.00921,-0.00859,2,95133.46,0
2026-01-18 10:17:37,95133.47,0.00142,0.00142,1,95133.46,0
2026-01-18 10:17:38,95133.47,0.00082,0.00082,2,95133.47,0
2026-01-18 10:17:39,95133.47,0.00736,0.00736,1,95133.47,0
2026-01-18 10:17:41,95133.46,0.00012,-0.00012,1,95133.47,1
2026-01-18 10:17:42,95133.46,0.08745,0.01274999999999999,5,95133.47,1
2026-01-18 10:17:43,95133.47,0.00396,0.00396,3,95133.46,0
2026-01-18 10:17:44,95133.47,0.00212,-0.00172,4,95133.46,0
2026-01-18 10:17:46,95133.47,0.0006399999999999999,0.0006399999999999999,2,95133.46,0
2026-01-18 10:17:47,95133.47,0.0057,-0.0029600000000000004,4,95133.46,0
2026-01-18 10:17:48,95133.46,7e-05,-7e-05,1,95133.46,0
2026-01-18 10:17:49,95133.46,0.00226,-0.00226,3,95133.47,1
2026-01-18 10:17:52,95133.46,0.00016,-0.00016,1,95133.46,0
2026-01-18 10:17:54,95133.47,0.00125,0.00125,2,95133.47,0
2026-01-18 10:17:57,95133.46,0.00509,-0.00445,3,95133.47,1
2026-01-18 10:17:59,95133.47,0.00149,0.00149,1,95123.29,0
2026-01-18 10:18:05,95123.29,0.05006,0.049940000000000005,2,95123.29,0
2026-01-18 10:18:10,95123.29,0.0116,0.0116,1,95123.28,0
2026-01-18 10:18:11,95123.29,0.0012699999999999999,0.0012699999999999999,2,95123.28,0
2026-01-18 10:18:12,95123.29,0.00427,-0.00417,4,95123.29,0
2026-01-18 10:18:15,95123.28,0.042249999999999996,0.03665,2,95123.28,0
2026-01-18 10:18:17,95123.29,0.00038,0.00038,1,95123.29,0
2026-01-18 10:18:22,95123.29,0.010570000000000001,-0.006770000000000001,4,95122.08,0
2026-01-18 10:18:23,95123.28,0.00412,-0.00412,1,95112.37,0
2026-01-18 10:18:24,95123.28,0.00041,-0.00041,1,95112.38,0
2026-01-18 10:18:27,95122.08,0.10483,-0.08117,8,95112.38,0
2026-01-18 10:18:28,95112.37,0.17157999999999998,-0.17157999999999998,51,95112.38,1
2026-01-18 10:18:30,95112.38,0.004880000000000001,0.004880000000000001,2,95112.38,0
2026-01-18 10:18:31,95112.38,0.00161,0.00161,1,95112.37,0
2026-01-18 10:18:32,95112.38,0.00018,0.00018,1,95112.37,0
2026-01-18 10:18:33,95112.38,0.00157,0.00157,1,95112.38,0
2026-01-18 10:18:35,95112.38,0.00031,0.00031,1,95112.37,0
2026-01-18 10:18:36,95112.37,0.02,-0.02,1,95112.38,1
2026-01-18 10:18:37,95112.37,0.00457,-0.00457,1,95112.38,1
2026-01-18 10:18:38,95112.38,0.00068,0.00068,1,95112.38,0
2026-01-18 10:18:40,95112.37,0.0026,-0.0026,2,95112.37,0
2026-01-18 10:18:41,95112.38,0.0072299999999999994,0.0072299999999999994,2,95112.37,0
2026-01-18 10:18:43,95112.38,0.00203,0.00203,1,95112.38,0
2026-01-18 10:18:46,95112.37,0.0001,-0.0001,1,95112.37,0
2026-01-18 10:18:52,95112.38,0.00234,0.0012799999999999999,2,95112.38,0
2026-01-18 10:18:55,95112.38,0.00371,0.00371,1,95112.38,0
2026-01-18 10:18:57,95112.38,0.00027,0.00027,1,95112.38,0
2026-01-18 10:18:58,95112.38,0.00148,0.00148,2,95112.38,0
2026-01-18 10:18:59,95112.38,0.00057,0.00043000000000000004,2,95112.38,0
2026-01-18 10:19:00,95112.38,0.00217,0.00217,2,95112.37,0
2026-01-18 10:19:01,95112.38,0.00918,0.00918,6,95112.38,0
2026-01-18 10:19:02,95112.38,0.00223,-0.00165,3,95112.38,0
2026-01-18 10:19:03,95112.38,0.00723,0.00723,4,95112.37,0
2026-01-18 10:19:04,95112.38,0.03472,0.03472,2,95112.37,0
2026-01-18 10:19:05,95112.37,0.060289999999999996,0.06017,2,95112.38,1
2026-01-18 10:19:09,95112.37,0.00833,-0.00793,2,95112.37,0
2026-01-18 10:19:10,95112.38,0.0013599999999999999,0.0013599999999999999,2,95112.38,0
2026-01-18 10:19:14,95112.37,0.00304,-0.00304,1,95112.38,1
2026-01-18 10:19:15,95112.38,0.14179,-0.13157,4,95112.38,0
2026-01-18 10:19:16,95112.38,0.00092,0.00092,1,95112.38,0
2026-01-18 10:19:17,95112.38,0.01068,0.01068,4,95112.38,0
2026-01-18 10:19:19,95112.38,0.005059999999999999,0.005059999999999999,2,95112.37,0
2026-01-18 10:19:20,95112.38,0.03447000000000001,-0.03259,4,95112.37,0
2026-01-18 10:19:24,95112.37,0.00034,-0.00034,2,95112.38,1
2026-01-18 10:19:25,95112.37,0.0056500000000000005,-0.00495,3,95112.38,1
2026-01-18 10:19:29,95112.38,0.00664,0.00664,2,95112.37,0
2026-01-18 10:19:30,95112.38,0.00091,0.00091,1,95112.38,0
2026-01-18 10:19:34,95112.37,0.0085,-0.0085,2,95112.37,0
2026-01-18 10:19:35,95112.38,0.00111,0.00111,1,95112.38,0
2026-01-18 10:19:37,95112.37,0.00069,-0.00041,3,95112.38,1
2026-01-18 10:19:38,95112.37,0.00087,-0.00087,2,95112.38,1
2026-01-18 10:19:39,95112.37,0.00014,-0.00014,1,95112.38,1
2026-01-18 10:19:40,95112.38,0.00431,0.00431,3,95112.37,0
2026-01-18 10:19:41,95112.38,0.00021,0.00021,1,95112.38,0
2026-01-18 10:19:42,95112.38,0.00134,0.00134,3,95112.38,0
2026-01-18 10:19:43,95112.38,0.0013700000000000001,0.0007899999999999999,6,95112.38,0
2026-01-18 10:19:45,95112.37,0.00068,0.0004,2,95112.37,0
2026-01-18 10:19:46,95112.38,0.004710000000000001,-0.00265,5,95112.37,0
2026-01-18 10:19:47,95112.38,0.00029,0.00029,2,95112.38,0
2026-01-18 10:19:48,95112.38,0.0002,0.0002,1,95112.38,0
2026-01-18 10:19:50,95112.37,0.00014,-0.00014,1,95112.37,0
2026-01-18 10:19:51,95112.37,0.00382,-0.00382,2,95112.37,0
2026-01-18 10:19:52,95112.38,0.00366,0.00232,3,95112.37,0
2026-01-18 10:19:55,95112.37,0.14331000000000002,-0.14081000000000002,5,95112.37,0
2026-01-18 10:19:56,95112.37,0.004569999999999999,-0.00415,3,95112.37,0
2026-01-18 10:19:57,95112.37,0.00207,-0.00059,5,95112.38,1
2026-01-18 10:19:59,95112.38,0.00075,-0.00028999999999999995,2,95112.38,0
2026-01-18 10:20:00,95112.37,0.00023,4.999999999999998e-05,2,95112.38,1
2026-01-18 10:20:02,95112.38,0.00125,0.0008699999999999999,2,95112.38,0
2026-01-18 10:20:03,95112.37,0.00132,-0.00037999999999999997,2,95112.37,0
2026-01-18 10:20:04,95112.38,0.00019999999999999998,0.00019999999999999998,2,95112.38,0
2026-01-18 10:20:05,95112.38,0.00397,-0.00327,6,95112.37,0
2026-01-18 10:20:07,95112.38,3.0289200000000003,-3.0258200000000004,5,95112.38,0
2026-01-18 10:20:10,95112.37,0.00112,-0.00112,1,95112.38,1
2026-01-18 10:20:11,95112.37,0.0484,-0.0484,5,95112.38,1
2026-01-18 10:20:12,95112.38,0.0012799999999999999,8.00000000000001e-05,2,95112.38,0
2026-01-18 10:20:15,95112.38,0.00028000000000000003,0.00012,2,95112.38,0
2026-01-18 10:20:16,95112.38,0.00285,0.0006900000000000001,3,95112.38,0
2026-01-18 10:20:17,95112.38,0.00011,0.00011,1,95112.38,0
2026-01-18 10:20:18,95112.38,0.00367,0.00367,1,95112.37,0
2026-01-18 10:20:19,95112.38,0.00318,0.00318,1,95112.38,0
2026-01-18 10:20:20,95112.38,0.00517,0.00517,2,95112.38,0
2026-01-18 10:20:21,95112.38,0.01076,0.0103,3,95112.38,0
2026-01-18 10:20:22,95112.38,0.0135,-0.00866,5,95112.37,0
2026-01-18 10:20:25,95112.38,0.04718,0.04718,2,95112.38,0
2026-01-18 10:20:26,95112.38,0.00529,0.00271,5,95112.38,0
2026-01-18 10:20:27,95112.37,0.00026000000000000003,0.00014000000000000001,2,95116.7,1
2026-01-18 10:20:30,95112.38,0.027790000000000002,0.027790000000000002,2,95116.69,1
2026-01-18 10:20:31,95112.38,0.00634,0.00014000000000000004,8,95116.7,1
2026-01-18 10:20:32,95116.7,0.2445,0.24008,41,95121.83,1
2026-01-18 10:20:33,95116.7,0.00223,0.00223,4,95123.36,1
2026-01-18 10:20:34,95116.7,0.00459,0.00459,4,95125.13,1
2026-01-18 10:20:35,95116.69,0.00184,0.0008,3,95130.54,1
2026-01-18 10:20:36,95116.7,0.01005,0.00889,4,95130.53,1
2026-01-18 10:20:38,95123.36,0.13494,0.13494,72,95130.54,1
2026-01-18 10:20:39,95125.13,0.04165,0.03709,28,95130.53,1
2026-01-18 10:20:40,95130.54,0.14999,0.14999,31,95130.53,0
2026-01-18 10:20:41,95130.53,0.00115,-0.00115,3,95130.54,1
2026-01-18 10:20:43,95130.54,0.01097,0.0033099999999999996,5,95130.54,0
2026-01-18 10:20:44,95130.53,0.00016,-0.00016,1,95130.54,1
2026-01-18 10:20:45,95130.53,0.00031,0.00019,2,95130.53,0
2026-01-18 10:20:46,95130.54,0.00247,0.0020499999999999997,3,95130.54,0
2026-01-18 10:20:47,95130.53,0.00028,-0.00028,1,95130.54,1
2026-01-18 10:20:48,95130.54,0.00063,0.00063,1,95130.53,0
2026-01-18 10:20:49,95130.54,0.01577,0.01577,1,95130.54,0
2026-01-18 10:20:50,95130.53,0.06675,0.04573,2,95130.54,1
2026-01-18 10:20:51,95130.54,0.00823,-0.00777,5,95130.54,0
2026-01-18 10:20:52,95130.54,0.00011,0.00011,1,95130.53,0
2026-01-18 10:20:53,95130.53,0.027999999999999997,-0.027999999999999997,2,95130.53,0
2026-01-18 10:20:54,95130.54,0.00048,0.00048,1,95130.53,0
2026-01-18 10:20:55,95130.54,0.05559,0.054689999999999996,4,95130.54,0
2026-01-18 10:20:56,95130.54,0.00033,0.00033,2,95130.53,0
2026-01-18 10:20:57,95130.53,0.066,-0.066,4,95130.54,1
2026-01-18 10:20:59,95130.53,0.004,-0.004,2,95130.53,0
2026-01-18 10:21:00,95130.54,0.01313,-0.010870000000000001,6,95130.53,0
2026-01-18 10:21:01,95130.53,0.0001,-0.0001,1,95130.54,1
2026-01-18 10:21:02,95130.54,0.0027400000000000002,0.00192,2,95130.53,0
2026-01-18 10:21:04,95130.53,0.00249,-0.0008699999999999998,6,95130.53,0
2026-01-18 10:21:05,95130.53,0.059430000000000004,0.05733,3,95130.54,1
2026-01-18 10:21:06,95130.54,0.03238,-0.010699999999999998,7,95130.53,0
2026-01-18 10:21:07,95130.53,0.030100000000000002,-0.021400000000000002,11,95130.53,0
2026-01-18 10:21:08,95130.54,0.00418,0.0010799999999999998,4,95130.53,0
2026-01-18 10:21:10,95130.54,0.00047,0.00047,1,95130.53,0
2026-01-18 10:21:11,95130.53,0.00148,-0.00148,2,95130.53,0
2026-01-18 10:21:12,95130.53,0.00028000000000000003,-0.00012,3,95130.53,0
2026-01-18 10:21:13,95130.53,0.003,-0.003,1,95130.53,0
2026-01-18 10:21:15,95130.53,0.10048,0.016659999999999998,3,95130.53,0
2026-01-18 10:21:16,95130.53,0.09615000000000001,-0.09615000000000001,11,95130.53,0
2026-01-18 10:21:17,95130.53,0.04758,-0.004899999999999996,5,95130.54,1
2026-01-18 10:21:18,95130.53,0.00016,-0.00016,1,95121.65,0
2026-01-18 10:21:20,95130.53,0.01242,0.0018199999999999996,2,95115.77,0
2026-01-18 10:21:21,95130.53,0.00076,-0.00076,1,95115.78,0
2026-01-18 10:21:22,95130.54,0.03179,0.010210000000000002,4,95115.78,0
2026-01-18 10:21:23,95121.65,1.43956,-1.43752,80,95115.78,0
2026-01-18 10:21:24,95118.08,0.12286,-0.12286,28,95115.77,0
2026-01-18 10:21:25,95115.77,0.06079,0.02473,13,95115.78,1
2026-01-18 10:21:27,95115.78,0.00452,0.00452,3,95115.78,0
2026-01-18 10:21:29,95115.77,8e-05,-8e-05,1,95115.77,0
2026-01-18 10:21:30,95115.78,0.05278,0.05278,4,95115.78,0
2026-01-18 10:21:32,95115.78,0.00498,0.00498,2,95115.78,0
2026-01-18 10:21:34,95115.77,0.00104,-0.00104,1,95115.77,0
2026-01-18 10:21:35,95115.78,0.0527,0.0527,2,95115.78,0
2026-01-18 10:21:37,95115.78,0.00136,0.00096,2,95115.77,0
2026-01-18 10:21:38,95115.78,0.00021,0.00021,1,95115.77,0
2026-01-18 10:21:39,95115.77,0.0004,-0.0004,1,95115.78,1
2026-01-18 10:21:40,95115.78,0.00012,0.00012,1,95115.77,0
2026-01-18 10:21:41,95115.78,0.020130000000000002,-0.01981,2,95115.77,0
2026-01-18 10:21:42,95115.77,0.00017,-0.00017,1,95115.78,1
2026-01-18 10:21:43,95115.77,0.00083,-0.00083,1,95115.78,1
2026-01-18 10:21:44,95115.78,0.00113,0.00113,1,95115.77,0
2026-01-18 10:21:45,95115.77,0.00023,-0.00023,1,95115.78,1
2026-01-18 10:21:46,95115.77,0.0015500000000000002,0.00075,3,95115.77,0
2026-01-18 10:21:47,95115.78,0.27363,0.27363,15,95115.77,0
2026-01-18 10:21:48,95115.78,0.00326,0.00023999999999999976,3,95115.77,0
2026-01-18 10:21:49,95115.77,0.00606,-0.00394,2,95115.77,0
2026-01-18 10:21:50,95115.78,0.05799,0.05799,1,95115.77,0
2026-01-18 10:21:51,95115.77,0.00106,-0.00106,1,95115.77,0
2026-01-18 10:21:52,95115.77,0.00033,-0.00033,1,95115.77,0
2026-01-18 10:21:54,95115.77,0.0073,-0.0073,1,95115.78,1
2026-01-18 10:21:57,95115.77,0.00084,-0.00084,1,95115.77,0
2026-01-18 10:21:59,95115.78,0.0018700000000000001,0.0018700000000000001,3,95115.78,0
2026-01-18 10:22:02,95115.77,0.00149,0.00065,2,95115.78,1
2026-01-18 10:22:05,95115.77,0.04206,0.04194,4,95115.78,1
2026-01-18 10:22:06,95115.78,0.00085,0.00085,1,95115.78,0
2026-01-18 10:22:10,95115.78,0.00111,0.00111,1,95115.77,0
2026-01-18 10:22:11,95115.78,0.00023,0.00023,1,95115.77,0
2026-01-18 10:22:13,95115.78,0.00718,-0.00708,3,95115.77,0
2026-01-18 10:22:14,95115.78,0.00186,0.00186,1,95115.78,0
2026-01-18 10:22:15,95115.77,0.00243,0.0017699999999999999,3,95115.78,1
2026-01-18 10:22:16,95115.77,0.00666,-0.0003600000000000001,2,95115.78,1
2026-01-18 10:22:18,95115.77,0.00351,0.00321,4,95115.78,1
2026-01-18 10:22:19,95115.78,0.00566,-0.0011799999999999994,4,95115.77,0
2026-01-18 10:22:21,95115.78,0.00030000000000000003,0.00030000000000000003,2,95115.77,0
2026-01-18 10:22:22,95115.78,0.01085,-0.01005,5,95115.78,0
2026-01-18 10:22:24,95115.77,0.00015000000000000001,-0.00015000000000000001,2,95115.78,1
2026-01-18 10:22:26,95115.77,0.00058,-0.00058,1,95115.78,1
2026-01-18 10:22:29,95115.78,0.00199,0.00199,2,95115.77,0
2026-01-18 10:22:33,95115.78,0.00607,0.00607,1,95115.78,0
2026-01-18 10:22:34,95115.77,0.00026,-0.00026,2,95115.78,1
2026-01-18 10:22:37,95115.77,0.0012000000000000001,-0.00014000000000000004,2,95115.77,0
2026-01-18 10:22:38,95115.78,0.00041,9.999999999999999e-06,2,95115.77,0
2026-01-18 10:22:39,95115.78,0.00032,0.00014,2,95115.77,0
2026-01-18 10:22:40,95115.78,0.00166,0.00166,3,95115.78,0
2026-01-18 10:22:42,95115.77,0.00141,0.00041,3,95115.78,1
2026-01-18 10:22:45,95115.78,0.00025,0.00025,1,95115.78,0
2026-01-18 10:22:47,95115.78,0.00369,-0.00311,4,95115.78,0
2026-01-18 10:22:50,95115.78,0.04196999999999999,-0.03905,3,95115.77,0
2026-01-18 10:22:52,95115.78,0.0001,0.0001,1,95115.77,0
2026-01-18 10:22:54,95115.77,0.0054800000000000005,-0.005240000000000001,3,95115.77,0
2026-01-18 10:22:55,95115.77,0.05167,-0.05167,1,95115.78,1
2026-01-18 10:22:57,95115.77,0.0052,-0.0052,1,95115.77,0
2026-01-18 10:22:59,95115.77,0.00075,0.00031,3,95115.78,1
2026-01-18 10:23:00,95115.78,0.00213,0.00213,2,95116.79,1
2026-01-18 10:23:02,95115.77,0.00402,-0.00382,4,95117.2,1
2026-01-18 10:23:03,95115.78,0.16492,0.16452,20,95118.92,1
2026-01-18 10:23:04,95115.78,0.060450000000000004,0.060450000000000004,8,95119.27,1
2026-01-18 10:23:05,95116.79,0.07991,-0.03627,13,95119.44,1
2026-01-18 10:23:06,95117.19,0.00387,0.00387,4,95119.43,1
2026-01-18 10:23:07,95117.2,0.00436,0.00366,4,95119.43,1
2026-01-18 10:23:08,95118.92,0.02803,0.02765,19,95119.44,1
2026-01-18 10:23:09,95119.27,0.04239,0.04199,8,95119.54,1
2026-01-18 10:23:10,95119.44,0.0043300000000000005,0.0043300000000000005,2,95128.16,1
2026-01-18 10:23:11,95119.43,0.00075,-0.0004500000000000001,3,95128.16,1
2026-01-18 10:23:12,95119.43,0.0015,0.0013,3,95128.15,1
2026-01-18 10:23:13,95119.44,0.00101,0.00101,2,95128.16,1
2026-01-18 10:23:14,95119.54,0.00839,0.00815,6,95128.15,1
2026-01-18 10:23:15,95128.16,0.08953,-0.016750000000000004,35,95128.15,0
2026-01-18 10:23:16,95128.16,0.0045,0.0045,1,95128.16,0
2026-01-18 10:23:17,95128.15,0.0076500000000000005,-0.0076500000000000005,2,95128.15,0
2026-01-18 10:23:18,95128.16,0.00118,0.00076,3,95128.16,0
2026-01-18 10:23:19,95128.15,0.00379,0.00147,3,95128.16,1
2026-01-18 10:23:20,95128.15,7e-05,-7e-05,1,95128.15,0
2026-01-18 10:23:21,95128.16,0.00791,0.00791,4,95128.16,0
2026-01-18 10:23:22,95128.15,0.08614,0.05174,6,95128.16,1
2026-01-18 10:23:24,95128.16,0.00046,0.00046,2,95128.15,0
2026-01-18 10:23:25,95128.15,0.04369,-0.04369,2,95128.16,1
2026-01-18 10:23:26,95128.16,0.002,0.002,1,95128.16,0
2026-01-18 10:23:27,95128.16,0.00667,0.00667,2,95128.16,0
2026-01-18 10:23:29,95128.15,0.00031,0.00019,2,95128.16,1
2026-01-18 10:23:30,95128.16,0.07311999999999999,-0.051899999999999995,2,95128.16,0
2026-01-18 10:23:31,95128.16,0.00232,0.00204,2,95128.16,0
2026-01-18 10:23:33,95128.16,0.00102,0.00102,1,95128.15,0
2026-01-18 10:23:34,95128.16,0.00253,0.00039000000000000005,4,95128.16,0
2026-01-18 10:23:35,95128.16,0.00016,0.00016,1,95128.15,0
2026-01-18 10:23:39,95128.16,0.00118,0.00118,2,95128.15,0
2026-01-18 10:23:44,95128.15,0.00259,-0.00259,2,95128.16,1
2026-01-18 10:23:46,95128.16,0.01551,0.01551,1,95128.16,0
2026-01-18 10:23:49,95128.16,0.03125,0.01815,6,95128.16,0
2026-01-18 10:23:50,95128.16,0.06276000000000001,-0.04422,3,95128.15,0
2026-01-18 10:23:51,95128.16,0.00496,0.00396,3,95128.16,0
2026-01-18 10:23:52,95128.16,0.0017,-0.0008799999999999999,2,95128.15,0
2026-01-18 10:23:54,95128.16,0.00449,-0.0043100000000000005,2,95128.15,0
2026-01-18 10:23:55,95128.15,0.0656,-0.0656,4,95128.15,0
2026-01-18 10:23:56,95128.16,0.00013,0.00013,1,95128.16,0
2026-01-18 10:23:57,95128.15,0.0002,-0.0002,1,95128.15,0
2026-01-18 10:23:58,95128.15,0.00167,-0.00167,1,95128.16,1
2026-01-18 10:23:59,95128.15,0.00946,-0.00946,1,95128.15,0
2026-01-18 10:24:00,95128.15,0.00343,-0.00223,3,95128.15,0
2026-01-18 10:24:01,95128.16,0.0014199999999999998,-0.00035999999999999997,2,95128.16,0
2026-01-18 10:24:02,95128.15,0.00941,0.00811,4,95128.16,1
2026-01-18 10:24:03,95128.16,0.04553,0.04553,1,95128.15,0
2026-01-18 10:24:04,95128.15,0.001,-0.0008799999999999999,2,95128.15,0
2026-01-18 10:24:05,95128.15,0.04971,-0.04971,3,95128.16,1
2026-01-18 10:24:06,95128.16,0.00051,0.00051,1,95128.16,0
2026-01-18 10:24:07,95128.16,0.0107,-0.010320000000000001,2,95128.16,0
2026-01-18 10:24:08,95128.15,0.00101,-0.00101,1,95128.16,1
2026-01-18 10:24:09,95128.15,0.00329,0.0009099999999999998,2,95128.15,0
2026-01-18 10:24:10,95128.16,0.00767,0.00745,2,95128.16,0
2026-01-18 10:24:11,95128.16,0.02844,0.02844,1,95128.16,0
2026-01-18 10:24:13,95128.16,0.01202,0.01202,1,95128.16,0
2026-01-18 10:24:14,95128.15,0.041080000000000005,0.00502,3,95128.15,0
2026-01-18 10:24:15,95128.16,0.06929,-0.06515,3,95128.16,0
2026-01-18 10:24:16,95128.16,0.00229,0.00229,4,95128.15,0
2026-01-18 10:24:18,95128.16,0.008639999999999998,0.008639999999999998,3,95128.16,0
2026-01-18 10:24:19,95128.15,0.00247,0.00035000000000000005,6,95128.16,1
2026-01-18 10:24:20,95128.16,0.01258,-0.00266,7,95142.18,1
2026-01-18 10:24:21,95128.15,0.00049,0.00013,3,95142.18,1
2026-01-18 10:24:22,95128.16,0.03859,0.020110000000000003,7,95142.19,1
2026-01-18 10:24:23,95128.16,0.00425,0.00425,4,95142.19,1
2026-01-18 10:24:24,95128.16,0.00074,0.00074,2,95142.19,1
2026-01-18 10:24:25,95142.18,10.32204,10.20196,93,95142.18,0
2026-01-18 10:24:26,95142.18,0.00244,-0.00244,2,95142.19,1
2026-01-18 10:24:27,95142.19,0.001,1.9999999999999998e-05,3,95142.18,0
2026-01-18 10:24:28,95142.19,0.01063,0.01063,1,95142.19,0
2026-01-18 10:24:29,95142.19,0.00053,0.00053,2,95142.19,0
2026-01-18 10:24:30,95142.18,0.00051,-0.00021,3,95142.18,0
2026-01-18 10:24:31,95142.19,0.00033,0.00033,2,95142.19,0
2026-01-18 10:24:32,95142.18,0.00065,0.00035000000000000005,2,95142.18,0
2026-01-18 10:24:33,95142.19,0.0018700000000000001,-0.00165,2,95142.18,0
2026-01-18 10:24:34,95142.19,0.00011,0.00011,1,95142.19,0
2026-01-18 10:24:35,95142.18,0.0729,-0.05292,3,95142.18,0
2026-01-18 10:24:36,95142.19,0.00146,0.0012799999999999999,3,95142.19,0
2026-01-18 10:24:37,95142.18,0.0019399999999999999,0.00164,2,95142.18,0
2026-01-18 10:24:38,95142.18,0.00024,-0.00024,2,95142.18,0
2026-01-18 10:24:39,95142.19,0.00479,0.00321,4,95142.19,0
2026-01-18 10:24:40,95142.18,0.00026,-0.00026,1,95142.18,0
2026-01-18 10:24:41,95142.19,0.0001,0.0001,1,95142.19,0
2026-01-18 10:24:43,95142.18,0.01161,0.01087,3,95142.18,0
2026-01-18 10:24:45,95142.18,0.01001,-0.01001,2,95142.18,0
2026-01-18 10:24:46,95142.19,0.00026,0.00026,1,95142.18,0
2026-01-18 10:24:48,95142.18,0.18428,0.0009600000000000095,6,95142.18,0
2026-01-18 10:24:50,95142.18,0.06956,-0.0688,3,95142.18,0
2026-01-18 10:24:51,95142.18,0.00982,-0.00982,3,95142.18,0
2026-01-18 10:24:52,95142.18,0.00021,-0.00021,1,95142.18,0
2026-01-18 10:24:53,95142.18,0.00031,-0.00031,1,95142.18,0
2026-01-18 10:24:54,95142.18,0.00297,-0.00297,1,95142.19,1
2026-01-18 10:24:55,95142.18,0.05333,-0.05069,3,95142.18,0
2026-01-18 10:24:57,95142.18,0.00318,-0.00318,1,95142.19,1
2026-01-18 10:24:58,95142.18,0.00259,-0.00259,3,95142.18,0
2026-01-18 10:24:59,95142.19,5e-05,5e-05,1,95142.19,0
2026-01-18 10:25:00,95142.18,0.06493,-0.06441000000000001,2,95142.19,1
2026-01-18 10:25:03,95142.18,0.0024000000000000002,-0.00116,4,95142.19,1
2026-01-18 10:25:04,95142.19,0.00175,0.00175,4,95142.18,0
2026-01-18 10:25:05,95142.19,0.07014999999999999,-0.05748999999999999,5,95142.18,0
2026-01-18 10:25:06,95142.18,0.0027199999999999998,0.00148,2,95142.19,1
2026-01-18 10:25:08,95142.19,0.01115,-0.00885,3,95142.18,0
2026-01-18 10:25:10,95142.18,0.06794,-0.06794,1,95142.19,1
2026-01-18 10:25:11,95142.19,0.00162,-0.0015199999999999999,3,95142.19,0
2026-01-18 10:25:12,95142.19,0.01142,0.01142,1,95142.18,0
2026-01-18 10:25:13,95142.18,0.01137,-0.01137,1,95142.19,1
2026-01-18 10:25:15,95142.19,0.00015,0.00015,1,95142.19,0
2026-01-18 10:25:16,95142.19,0.0015799999999999998,0.0015799999999999998,2,95142.18,0
2026-01-18 10:25:17,95142.18,0.00121,-0.00121,1,95142.19,1
2026-01-18 10:25:18,95142.19,0.00106,0.00106,1,95142.18,0
2026-01-18 10:25:20,95142.19,0.06824,-0.06774,3,95142.18,0
2026-01-18 10:25:23,95142.18,0.00252,-0.00252,1,95142.18,0
2026-01-18 10:25:24,95142.18,0.004229999999999999,0.0008699999999999997,4,95142.19,1
2026-01-18 10:25:25,95142.18,0.05298,-0.05298,4,95142.19,1
2026-01-18 10:25:30,95142.19,0.0011,0.00010000000000000005,3,95142.18,0
2026-01-18 10:25:31,95142.19,0.00263,0.00263,3,95142.18,0
2026-01-18 10:25:32,95142.19,0.01674,-0.01662,3,95142.18,0
2026-01-18 10:25:36,95142.18,0.00099,-0.00099,1,95142.18,0
2026-01-18 10:25:37,95142.18,0.0010899999999999998,0.00026999999999999995,3,95142.19,1
2026-01-18 10:25:39,95142.19,0.04861,0.04861,7,95142.19,0
2026-01-18 10:25:41,95142.18,0.00263,-0.00263,1,95142.19,1
2026-01-18 10:25:44,95142.19,0.019710000000000002,0.019030000000000002,6,95142.18,0
2026-01-18 10:25:46,95142.19,0.01578,0.01578,7,95142.19,0
2026-01-18 10:25:48,95142.19,0.0023,0.00031999999999999997,3,95142.18,0
2026-01-18 10:25:49,95142.18,0.0005,-0.0005,1,95142.19,1
2026-01-18 10:25:51,95142.19,0.13234,0.13142,3,95142.18,0
2026-01-18 10:25:52,95142.19,0.0059099999999999995,0.0059099999999999995,3,95142.19,0
2026-01-18 10:25:53,95142.18,0.0005499999999999999,-0.0005499999999999999,2,95142.19,1
2026-01-18 10:25:54,95142.19,0.00144,0.00144,3,95142.19,0
2026-01-18 10:25:55,95142.18,0.0023799999999999997,-0.0023799999999999997,3,95142.19,1
2026-01-18 10:25:56,95142.18,0.007560000000000001,0.00312,3,95142.18,0
2026-01-18 10:25:57,95142.19,0.00078,0.00078,1,95142.19,0
2026-01-18 10:25:58,95142.19,0.00014,0.00014,1,95142.19,0
2026-01-18 10:25:59,95142.19,0.00161,0.00161,1,95142.18,0
2026-01-18 10:26:00,95142.19,0.00021,0.00021,1,95142.18,0
2026-01-18 10:26:01,95142.18,0.01123,-0.01123,1,95142.19,1
2026-01-18 10:26:03,95142.19,0.00032,0.00032,1,95142.18,0
2026-01-18 10:26:05,95142.18,6e-05,-6e-05,1,95142.19,1
2026-01-18 10:26:06,95142.19,0.00011,0.00011,1,95142.18,0
2026-01-18 10:26:08,95142.18,0.00011,-0.00011,1,95142.19,1
2026-01-18 10:26:11,95142.18,0.00011,-0.00011,1,95142.19,1
2026-01-18 10:26:12,95142.19,0.00677,0.00677,2,95142.19,0
2026-01-18 10:26:13,95142.19,0.00428,0.00428,2,95142.19,0
2026-01-18 10:26:16,95142.19,0.002,0.002,1,95142.19,0
2026-01-18 10:26:17,95142.19,0.0012200000000000002,0.0012200000000000002,3,95142.19,0
2026-01-18 10:26:18,95142.19,0.00123,0.00123,4,95142.18,0
2026-01-18 10:26:19,95142.19,0.00235,0.00235,2,95142.18,0
2026-01-18 10:26:20,95142.19,0.00063,0.00063,2,95142.18,0
2026-01-18 10:26:21,95142.19,0.00058,0.00028,2,95142.19,0
2026-01-18 10:26:25,95142.18,0.00031,-0.00031,1,95142.19,1
2026-01-18 10:26:26,95142.19,0.02793,0.02793,3,95142.19,0
2026-01-18 10:26:30,95142.19,0.00021,0.00021,1,95142.18,0
2026-01-18 10:26:31,95142.19,0.00048,0.00048,1,95142.18,0
2026-01-18 10:26:32,95142.18,0.00426,-0.00404,2,95142.19,1
2026-01-18 10:26:33,95142.19,0.64451,0.64451,2,95142.19,0
2026-01-18 10:26:34,95142.19,0.01962,0.01962,1,95142.19,0
2026-01-18 10:26:35,95142.18,0.01321,0.00969,2,95142.19,1
2026-01-18 10:26:36,95142.18,0.0021,-0.0021,1,95142.19,1
2026-01-18 10:26:37,95142.19,0.00031,0.00031,1,95142.19,0
2026-01-18 10:26:38,95142.19,0.05965,0.05965,2,95142.19,0
2026-01-18 10:26:39,95142.19,0.01136,0.00874,3,95142.19,0
2026-01-18 10:26:41,95142.19,0.00015,0.00015,1,95139.65,0
2026-01-18 10:26:42,95142.19,0.00792,0.00666,4,95138.98,0
2026-01-18 10:26:43,95142.19,0.00147,0.00147,1,95138.99,0
2026-01-18 10:26:44,95142.19,0.00089,0.00089,1,95138.99,0
2026-01-18 10:26:46,95139.65,1.2065299999999999,-1.20283,20,95138.99,0
2026-01-18 10:26:48,95138.99,0.00461,0.00461,2,95138.98,0
2026-01-18 10:26:49,95138.99,0.00024,0.00024,1,95138.98,0
2026-01-18 10:26:50,95138.99,0.01408,0.00708,3,95138.98,0
2026-01-18 10:26:51,95138.99,0.00025,0.00025,2,95138.99,0
2026-01-18 10:26:53,95138.98,0.07339,0.07311,3,95138.98,0
2026-01-18 10:26:54,95138.98,0.00011,-0.00011,1,95138.98,0
2026-01-18 10:26:55,95138.98,0.01192,-0.00068,3,95138.98,0
2026-01-18 10:26:56,95138.99,0.00104,0.00104,1,95138.99,0
2026-01-18 10:26:57,95138.99,0.00027,0.00027,1,95138.98,0
2026-01-18 10:26:59,95138.98,0.00817,-0.00567,5,95138.99,1
2026-01-18 10:27:00,95138.98,0.00228,-0.00228,2,95138.99,1
2026-01-18 10:27:02,95138.98,0.00426,-0.00426,2,95138.98,0
2026-01-18 10:27:07,95138.98,0.01566,-0.014339999999999999,2,95138.98,0
2026-01-18 10:27:12,95138.98,0.011640000000000001,-0.011640000000000001,2,95138.98,0
2026-01-18 10:27:14,95138.99,8e-05,8e-05,1,95138.99,0
2026-01-18 10:27:17,95138.98,0.00228,0.0013800000000000002,2,95138.98,0
2026-01-18 10:27:20,95138.99,0.05104,0.05104,3,95138.98,0
2026-01-18 10:27:22,95138.98,0.00071,-0.00071,3,95138.99,1
2026-01-18 10:27:25,95138.98,0.00477,-0.00477,1,95118.09,0
2026-01-18 10:27:26,95138.98,0.0001,-0.0001,1,95118.09,0
2026-01-18 10:27:27,95138.99,0.0001,0.0001,1,95118.09,0
2026-01-18 10:27:28,95118.08,3.22444,-3.11094,116,95118.09,1
2026-01-18 10:27:29,95118.09,0.00153,0.00153,1,95118.08,0
2026-01-18 10:27:32,95118.09,0.0006799999999999999,0.0006799999999999999,2,95118.09,0
2026-01-18 10:27:33,95118.09,0.04206,0.04206,1,95118.09,0
2026-01-18 10:27:34,95118.08,0.0004,-0.0004,1,95108.53,0
2026-01-18 10:27:38,95118.09,0.00243,0.00243,1,95108.53,0
2026-01-18 10:27:39,95108.53,3.00046,-2.99978,65,95108.54,1
2026-01-18 10:27:40,95108.54,0.00063,0.00063,1,95108.54,0
2026-01-18 10:27:41,95108.53,0.01245,-0.01021,3,95108.54,1
2026-01-18 10:27:44,95108.54,0.011559999999999999,0.011559999999999999,2,95108.54,0
2026-01-18 10:27:45,95108.54,0.00025,-2.9999999999999984e-05,2,95108.54,0
2026-01-18 10:27:46,95108.54,0.011510000000000001,0.011510000000000001,2,95108.54,0
2026-01-18 10:27:47,95108.54,0.017240000000000002,-0.015220000000000001,3,95108.53,0
2026-01-18 10:27:49,95108.54,0.00015,0.00015,1,95108.53,0
2026-01-18 10:27:51,95108.54,0.0022,0.0022,1,95108.54,0
2026-01-18 10:27:53,95108.54,0.003,0.00194,4,95108.54,0
2026-01-18 10:27:54,95108.53,0.00046,-0.00046,2,95108.53,0
2026-01-18 10:27:58,95108.54,0.00057,0.00046999999999999993,2,95108.54,0
2026-01-18 10:27:59,95108.53,0.00026,-0.00026,1,95108.54,1
2026-01-18 10:28:00,95108.54,5e-05,5e-05,1,95108.53,0
2026-01-18 10:28:03,95108.54,0.00821,0.00821,1,95108.53,0
2026-01-18 10:28:04,95108.54,0.03265,0.03265,3,95108.54,0
2026-01-18 10:28:05,95108.53,6e-05,-6e-05,1,95108.54,1
2026-01-18 10:28:08,95108.53,0.04056,0.030899999999999997,3,95108.53,0
2026-01-18 10:28:09,95108.54,0.02138,0.02138,4,95108.54,0
2026-01-18 10:28:10,95108.54,0.0015300000000000001,-0.00025,10,95108.53,0
2026-01-18 10:28:12,95108.53,0.0005,0.00018000000000000004,3,95108.54,1
2026-01-18 10:28:13,95108.53,0.014649999999999998,-0.014369999999999999,5,95108.54,1
2026-01-18 10:28:14,95108.54,0.00026,0.00026,1,95108.53,0
2026-01-18 10:28:15,95108.53,6e-05,-6e-05,1,95108.54,1
2026-01-18 10:28:16,95108.53,0.00313,-0.0007100000000000001,3,95108.54,1
2026-01-18 10:28:17,95108.54,0.00122,0.00122,1,95108.53,0
2026-01-18 10:28:18,95108.54,0.04736,-0.014740000000000003,3,95108.53,0
2026-01-18 10:28:19,95108.53,0.00584,0.00202,5,95108.54,1
2026-01-18 10:28:20,95108.54,0.00197,-0.0004299999999999999,4,95108.54,0
2026-01-18 10:28:21,95108.54,0.00043000000000000004,0.00043000000000000004,2,95108.53,0
2026-01-18 10:28:22,95108.53,0.14178000000000002,-0.13492,7,95108.54,1
2026-01-18 10:28:24,95108.54,0.00243,-0.0001699999999999998,3,95108.54,0
2026-01-18 10:28:25,95108.54,0.01005,0.01005,1,95108.54,0
2026-01-18 10:28:26,95108.53,0.00015,-0.00015,1,95108.53,0
2026-01-18 10:28:27,95108.54,0.0005,0.00014000000000000001,2,95122.2,1
2026-01-18 10:28:29,95108.54,0.029460000000000004,-0.02124,9,95122.2,1
2026-01-18 10:28:30,95108.54,0.00627,0.00627,2,95122.19,1
2026-01-18 10:28:31,95108.53,0.00412,0.00348,2,95122.2,1
2026-01-18 10:28:32,95122.2,2.81306,2.81306,168,95122.19,0
2026-01-18 10:28:33,95122.2,0.01374,0.00838,4,95122.19,0
2026-01-18 10:28:34,95122.2,0.05169,-0.048389999999999996,15,95122.2,0
2026-01-18 10:28:35,95122.19,0.00063,-0.00063,1,95122.2,1
2026-01-18 10:28:36,95122.2,0.00257,0.00257,2,95122.2,0
2026-01-18 10:28:37,95122.19,0.0014399999999999999,-0.0014399999999999999,2,95122.19,0
2026-01-18 10:28:38,95122.19,0.00538,-0.0006199999999999999,2,95122.19,0
2026-01-18 10:28:39,95122.2,0.00032,0.00032,1,95122.2,0
2026-01-18 10:28:41,95122.2,0.01324,0.01324,3,95122.2,0
2026-01-18 10:28:42,95122.19,0.00556,0.0029000000000000002,6,95122.19,0
2026-01-18 10:28:43,95122.19,0.00733,-0.00733,2,95122.19,0
2026-01-18 10:28:47,95122.19,0.00105,-0.00040999999999999994,2,95122.19,0
2026-01-18 10:28:48,95122.19,0.00415,8.99999999999998e-05,3,95122.19,0
2026-01-18 10:28:50,95122.19,0.00092,-0.00032,3,95122.2,1
2026-01-18 10:28:52,95122.19,0.00051,-0.00018999999999999998,3,95122.19,0
2026-01-18 10:28:53,95122.19,0.01049,-0.01049,1,95122.19,0
2026-01-18 10:28:56,95122.19,0.00038,-0.00010000000000000002,2,95122.2,1
2026-01-18 10:28:57,95122.19,0.01138,-0.01098,4,95122.19,0
2026-01-18 10:28:58,95122.19,0.00023,-2.9999999999999984e-05,2,95122.2,1
2026-01-18 10:28:59,95122.2,0.00199,0.0007099999999999999,4,95122.2,0
2026-01-18 10:29:01,95122.2,0.0092,0.0092,7,95122.2,0
2026-01-18 10:29:02,95122.19,0.00016,-0.00016,2,95122.2,1
2026-01-18 10:29:03,95122.2,0.00014,0.00014,2,95122.19,0
2026-01-18 10:29:04,95122.2,6e-05,6e-05,1,95122.2,0
2026-01-18 10:29:06,95122.2,0.02819,-0.02769,2,95122.2,0
2026-01-18 10:29:07,95122.2,0.0015300000000000001,0.00113,5,95122.2,0
2026-01-18 10:29:08,95122.19,0.00085,-0.00085,2,95122.19,0
2026-01-18 10:29:09,95122.2,0.00152,0.00152,1,95122.19,0
2026-01-18 10:29:11,95122.2,0.00105,0.00105,1,95122.2,0
2026-01-18 10:29:12,95122.2,0.0043100000000000005,0.0035900000000000003,4,95122.19,0
2026-01-18 10:29:13,95122.19,0.00167,-0.00167,1,95122.2,1
2026-01-18 10:29:14,95122.19,0.013970000000000002,0.01307,2,95122.19,0
2026-01-18 10:29:15,95122.19,0.0015300000000000001,-0.00115,3,95122.2,1
2026-01-18 10:29:16,95122.2,9e-05,9e-05,1,95122.19,0
2026-01-18 10:29:19,95122.19,0.01,-0.01,1,95122.2,1
2026-01-18 10:29:20,95122.2,0.00032,0.00032,1,95122.19,0
2026-01-18 10:29:21,95122.19,0.00073,-0.00073,2,95122.19,0
2026-01-18 10:29:24,95122.2,0.01288,0.00712,7,95122.2,0
2026-01-18 10:29:25,95122.19,0.012199999999999999,-0.012199999999999999,2,95122.2,1
2026-01-18 10:29:28,95122.19,8e-05,-8e-05,1,95122.2,1
2026-01-18 10:29:29,95122.2,0.00367,0.00319,3,95122.2,0
2026-01-18 10:29:30,95122.2,0.0161,0.0161,2,95122.2,0
2026-01-18 10:29:32,95122.19,0.00021,4.999999999999998e-05,2,95125.34,1
2026-01-18 10:29:33,95122.2,0.00046,0.00046,2,95125.36,1
2026-01-18 10:29:34,95122.2,0.07333,0.04941,10,95125.37,1
2026-01-18 10:29:35,95122.2,0.00022,0.00022,1,95125.37,1
2026-01-18 10:29:37,95125.34,0.02533,0.01643,19,95125.37,1
2026-01-18 10:29:38,95125.36,0.01323,0.01303,8,95125.36,0
2026-01-18 10:29:40,95125.37,0.00035,0.00035,1,95125.37,0
2026-01-18 10:29:43,95125.36,0.024220000000000002,0.021399999999999995,5,95125.37,1
2026-01-18 10:29:48,95125.37,0.0007,0.0007,1,95127.34,1
2026-01-18 10:29:49,95125.36,0.00082,-0.00082,4,95127.34,1
2026-01-18 10:29:53,95127.34,0.09252,0.09234,24,95127.34,0
2026-01-18 10:29:54,95127.34,0.16596,0.16528,15,95127.34,0
2026-01-18 10:29:58,95127.34,0.00047,0.00047,1,95127.33,0
2026-01-18 10:29:59,95127.34,0.01057,0.00955,3,95127.34,0
2026-01-18 10:30:00,95127.33,0.00072,-0.00072,4,95127.33,0
2026-01-18 10:30:03,95127.33,0.00524,-0.00524,1,95127.34,1
2026-01-18 10:30:04,95127.34,0.00096,6.776263578034403e-21,3,95127.33,0
2026-01-18 10:30:05,95127.33,0.00055,0.00043000000000000004,3,95127.34,1
2026-01-18 10:30:06,95127.34,6e-05,6e-05,1,95127.34,0
2026-01-18 10:30:08,95127.34,0.00052,0.00052,1,95127.33,0
2026-01-18 10:30:09,95127.33,0.00841,-0.00841,3,95127.34,1
2026-01-18 10:30:10,95127.34,0.00022,0.00022,1,95127.34,0
2026-01-18 10:30:11,95127.34,0.00445,0.00403,5,95127.34,0
2026-01-18 10:30:13,95127.33,0.0015400000000000001,-0.00078,4,95127.34,1
2026-01-18 10:30:14,95127.34,0.01925,0.01925,3,95127.34,0
2026-01-18 10:30:15,95127.34,0.02057,0.02057,2,95127.34,0
2026-01-18 10:30:16,95127.34,0.11061,0.10515000000000001,4,95127.33,0
2026-01-18 10:30:17,95127.34,0.00452,0.00452,1,95127.34,0
2026-01-18 10:30:18,95127.34,0.0072,0.00676,3,95127.34,0
2026-01-18 10:30:19,95127.34,0.0006,0.0006,1,95127.34,0
2026-01-18 10:30:20,95127.34,0.0042,0.00316,2,95127.34,0
2026-01-18 10:30:21,95127.33,0.00204,-0.00204,1,95127.34,1
2026-01-18 10:30:22,95127.34,0.0031000000000000003,0.0031000000000000003,2,95127.33,0
2026-01-18 10:30:23,95127.34,0.03242,0.03242,1,95127.33,0
2026-01-18 10:30:24,95127.34,0.00032,0.00032,2,95127.34,0
2026-01-18 10:30:25,95127.34,0.00927,0.00909,3,95127.33,0
2026-01-18 10:30:27,95127.33,0.00147,-1.0000000000000026e-05,3,95127.34,1
2026-01-18 10:30:28,95127.33,0.00109,-0.00109,1,95127.33,0
2026-01-18 10:30:29,95127.34,0.00165,0.00165,1,95127.34,0
2026-01-18 10:30:30,95127.33,0.00586,-0.00586,1,95127.34,1
2026-01-18 10:30:32,95127.34,0.00024,0.00024,1,95127.34,0
2026-01-18 10:30:33,95127.33,0.014830000000000001,0.01459,2,95127.34,1
2026-01-18 10:30:34,95127.34,0.00037999999999999997,0.00037999999999999997,4,95127.34,0
2026-01-18 10:30:35,95127.34,0.01015,0.00917,5,95127.34,0
2026-01-18 10:30:36,95127.33,0.00222,0.00134,4,95127.34,1
2026-01-18 10:30:37,95127.34,0.0002,0.0002,2,95127.34,0
2026-01-18 10:30:39,95127.34,0.0014399999999999999,0.0014399999999999999,5,95127.34,0
2026-01-18 10:30:40,95127.34,0.00822,0.00272,7,95127.34,0
2026-01-18 10:30:42,95127.34,0.00079,0.0006699999999999999,2,95127.34,0
2026-01-18 10:30:44,95127.34,0.0030499999999999998,0.0030499999999999998,2,95127.33,0
2026-01-18 10:30:45,95127.34,0.0022900000000000004,-0.0018300000000000002,3,95127.33,0
2026-01-18 10:30:47,95127.34,0.004,0.004,1,95127.33,0
2026-01-18 10:30:49,95127.33,0.00254,0.0014399999999999999,3,95127.33,0
2026-01-18 10:30:51,95127.34,0.00547,0.00547,2,95127.34,0
2026-01-18 10:30:52,95127.33,0.05,-0.05,1,95127.34,1
2026-01-18 10:30:56,95127.34,6e-05,6e-05,1,95127.33,0
2026-01-18 10:30:57,95127.34,0.00027,-0.00015000000000000001,2,95127.33,0
2026-01-18 10:30:58,95127.34,0.00021,0.00021,1,95127.33,0
2026-01-18 10:31:00,95127.34,0.0017800000000000001,-0.00146,5,95127.33,0
2026-01-18 10:31:01,95127.33,0.00219,-0.00219,9,95127.33,0
2026-01-18 10:31:02,95127.33,0.0008,-0.0008,2,95127.34,1
2026-01-18 10:31:03,95127.33,0.01083,0.01021,2,95127.34,1
2026-01-18 10:31:04,95127.34,6e-05,6e-05,1,95127.34,0
2026-01-18 10:31:05,95127.33,0.00114,-0.00024000000000000003,4,95127.33,0
2026-01-18 10:31:06,95127.33,0.008060000000000001,0.00402,5,95127.34,1
2026-01-18 10:31:07,95127.34,0.01431,0.01431,5,95127.33,0
2026-01-18 10:31:08,95127.34,0.00012,0.00012,1,95127.34,0
2026-01-18 10:31:09,95127.34,0.0052,-0.0040999999999999995,3,95127.34,0
2026-01-18 10:31:10,95127.33,0.00123,0.00105,2,95127.34,1
2026-01-18 10:31:11,95127.34,0.00316,0.00316,1,95127.34,0
2026-01-18 10:31:12,95127.33,0.00129,-0.00025,2,95127.34,1
2026-01-18 10:31:15,95127.34,0.02714,0.020120000000000002,2,95127.33,0
2026-01-18 10:31:17,95127.34,0.0005600000000000001,-8.000000000000002e-05,2,95127.33,0
2026-01-18 10:31:20,95127.33,0.06686,-0.06686,3,95127.34,1
2026-01-18 10:31:22,95127.33,0.01734,-0.016300000000000002,2,95127.34,1
2026-01-18 10:31:23,95127.34,0.00355,0.00355,1,95127.33,0
2026-01-18 10:31:24,95127.33,0.00105,-0.00105,2,95127.34,1
2026-01-18 10:31:27,95127.34,0.00184,-0.00132,2,95127.33,0
2026-01-18 10:31:28,95127.33,0.00032,-0.00032,1,95127.33,0
2026-01-18 10:31:29,95127.34,0.00296,0.00296,1,95127.34,0
2026-01-18 10:31:32,95127.33,0.00014,-0.00014,1,95127.33,0
2026-01-18 10:31:33,95127.33,0.00077,-0.00063,2,95127.33,0
2026-01-18 10:31:34,95127.34,0.00753,0.00693,3,95127.34,0
2026-01-18 10:31:38,95127.33,0.00103,-0.00103,2,95127.34,1
2026-01-18 10:31:45,95127.33,0.01632,-0.01632,1,95127.33,0
2026-01-18 10:31:47,95127.33,0.00071,-0.00071,2,95127.34,1
2026-01-18 10:31:50,95127.33,0.0002,-0.0002,1,95127.33,0
2026-01-18 10:31:55,95127.33,8e-05,-8e-05,1,95127.34,1
2026-01-18 10:32:00,95127.34,0.0003,0.0003,2,95127.33,0
2026-01-18 10:32:01,95127.34,0.00011,0.00011,1,95127.33,0
2026-01-18 10:32:02,95127.34,0.05268,0.05268,2,95127.33,0
2026-01-18 10:32:03,95127.33,0.00028,-0.00028,2,95127.34,1
2026-01-18 10:32:04,95127.34,0.010589999999999999,0.010589999999999999,2,95127.34,0
2026-01-18 10:32:05,95127.33,0.00691,0.00679,3,95127.33,0
2026-01-18 10:32:06,95127.33,0.0014,0.00047999999999999996,3,95127.34,1
2026-01-18 10:32:07,95127.33,0.0012,-0.0012,1,95127.33,0
2026-01-18 10:32:08,95127.34,0.03192,0.03192,2,95127.34,0
2026-01-18 10:32:11,95127.34,0.00137,0.00015000000000000004,5,95127.34,0
2026-01-18 10:32:12,95127.33,0.00655,-0.00641,6,95127.33,0
2026-01-18 10:32:13,95127.34,0.00074,0.00074,1,95127.34,0
2026-01-18 10:32:16,95127.34,0.00205,0.00205,2,95127.34,0
2026-01-18 10:32:17,95127.33,0.00114,-0.00114,1,95127.34,1
2026-01-18 10:32:18,95127.34,0.00368,0.00368,3,95127.34,0
2026-01-18 10:32:19,95127.34,0.01628,0.01612,4,95127.34,0
2026-01-18 10:32:21,95127.34,0.00164,0.00164,5,95127.34,0
2026-01-18 10:32:22,95127.34,0.00767,0.006809999999999999,4,95127.34,0
2026-01-18 10:32:23,95127.34,0.00167,0.00167,2,95127.34,0
2026-01-18 10:32:24,95127.34,0.00119,-0.00083,2,95127.34,0
2026-01-18 10:32:26,95127.34,0.00064,0.00064,1,95138.06,1
2026-01-18 10:32:27,95127.34,0.0002,0.0002,1,95138.06,1
2026-01-18 10:32:28,95127.34,0.00894,0.00894,1,95138.06,1
2026-01-18 10:32:29,95127.34,0.16939,0.16939,9,95138.06,1
2026-01-18 10:32:30,95138.06,1.1703000000000001,1.1703000000000001,98,95138.06,0
2026-01-18 10:32:31,95138.06,0.02334,0.02334,6,95138.06,0
2026-01-18 10:32:32,95138.06,0.0006399999999999999,-0.00038,3,95138.06,0
2026-01-18 10:32:33,95138.06,0.002,0.002,1,95138.05,0
2026-01-18 10:32:35,95138.06,0.05067000000000001,0.05067000000000001,3,95138.06,0
2026-01-18 10:32:36,95138.06,0.0066500000000000005,0.00555,5,95138.06,0
2026-01-18 10:32:37,95138.06,0.004,0.004,2,95138.05,0
2026-01-18 10:32:38,95138.05,0.00679,-0.00679,2,95138.06,1
2026-01-18 10:32:40,95138.06,0.00011,0.00011,1,95138.06,0
2026-01-18 10:32:41,95138.06,0.00533,0.00515,2,95138.06,0
2026-01-18 10:32:43,95138.06,0.00348,0.00284,4,95138.06,0
2026-01-18 10:32:45,95138.06,0.00096,0.00044000000000000007,3,95138.06,0
2026-01-18 10:32:46,95138.06,0.01222,0.01222,4,95138.05,0
2026-01-18 10:32:48,95138.06,0.006790000000000001,0.006390000000000001,4,95138.05,0
2026-01-18 10:32:50,95138.06,0.00021,0.00021,2,95138.06,0
2026-01-18 10:32:51,95138.05,0.019440000000000002,-0.014680000000000002,3,95138.06,1
2026-01-18 10:32:52,95138.06,0.00106,0.00106,1,95138.05,0
2026-01-18 10:32:53,95138.05,0.02583,0.02477,8,95138.05,0
2026-01-18 10:32:54,95138.06,0.00012,0.00012,1,95138.06,0
2026-01-18 10:32:55,95138.06,0.00032,0.00032,1,95138.06,0
2026-01-18 10:32:56,95138.06,0.00235,-5.000000000000013e-05,4,95138.05,0
2026-01-18 10:32:57,95138.05,0.00041000000000000005,-0.00041000000000000005,2,95138.06,1
2026-01-18 10:32:58,95138.05,0.01565,-0.01565,2,95138.05,0
2026-01-18 10:32:59,95138.06,0.00473,0.00473,2,95138.06,0
2026-01-18 10:33:00,95138.06,0.00011,0.00011,1,95138.05,0
2026-01-18 10:33:01,95138.05,0.0004,-0.00017999999999999998,2,95138.06,1
2026-01-18 10:33:02,95138.06,0.00769,0.00769,2,95138.06,0
2026-01-18 10:33:03,95138.05,0.00032,-0.00032,1,95138.06,1
2026-01-18 10:33:04,95138.06,0.00909,0.00909,6,95138.4,1
2026-01-18 10:33:05,95138.05,6e-05,-6e-05,1,95138.99,1
2026-01-18 10:33:06,95138.06,0.00333,0.00333,1,95141.75,1
2026-01-18 10:33:07,95138.06,0.00476,0.0004199999999999998,5,95141.74,1
2026-01-18 10:33:08,95138.06,0.14036,0.14036,6,95141.99,1
2026-01-18 10:33:09,95138.4,0.01731,0.01707,14,95142.03,1
2026-01-18 10:33:10,95138.99,0.01279,0.012150000000000001,13,95142.04,1
2026-01-18 10:33:11,95141.75,0.161,0.15726,47,95142.04,1
2026-01-18 10:33:12,95141.74,0.03579,-0.03579,2,95142.04,1
2026-01-18 10:33:13,95141.99,0.07458000000000001,0.06668,12,95142.04,1
2026-01-18 10:33:14,95142.03,0.07764,0.07764,17,95148.93,1
2026-01-18 10:33:15,95142.04,0.01059,0.01059,5,95148.92,1
2026-01-18 10:33:16,95142.04,0.0043,0.0043,3,95148.92,1
2026-01-18 10:33:17,95142.04,0.00066,0.00066,3,95148.93,1
2026-01-18 10:33:18,95142.04,0.00743,0.00743,4,95148.93,1
2026-01-18 10:33:19,95148.93,0.216,0.216,56,95148.92,0
2026-01-18 10:33:20,95148.92,0.00035,-0.00035,1,95148.93,1
2026-01-18 10:33:21,95148.92,0.00017,-0.00017,1,95148.92,0
2026-01-18 10:33:22,95148.93,0.00187,0.00187,1,95148.93,0
2026-01-18 10:33:24,95148.92,9e-05,-9e-05,1,95148.93,1
2026-01-18 10:33:25,95148.93,0.002,0.002,1,95148.93,0
2026-01-18 10:33:26,95148.92,0.0077,0.0033799999999999998,6,95148.93,1
2026-01-18 10:33:27,95148.93,0.00116,0.00116,3,95148.93,0
2026-01-18 10:33:30,95148.93,0.01063,-0.00937,2,95148.92,0
2026-01-18 10:33:31,95148.93,0.01728,0.01688,4,95148.92,0
2026-01-18 10:33:32,95148.93,0.05987,-0.05897,4,95148.92,0
2026-01-18 10:33:33,95148.93,0.0002,0.0002,1,95148.93,0
2026-01-18 10:33:35,95148.92,0.004739999999999999,-0.004739999999999999,4,95148.93,1
2026-01-18 10:33:36,95148.92,0.00407,0.0018499999999999999,3,95148.93,1
2026-01-18 10:33:38,95148.93,0.03693,-0.009949999999999999,2,95148.93,0
2026-01-18 10:33:39,95148.92,0.039760000000000004,0.038900000000000004,5,95148.92,0
2026-01-18 10:33:40,95148.93,0.01212,0.01006,7,95148.92,0
2026-01-18 10:33:41,95148.93,0.00075,0.00045,3,95148.93,0
2026-01-18 10:33:43,95148.93,0.00369,0.00369,3,95148.93,0
2026-01-18 10:33:44,95148.92,0.00139,-0.00139,1,95148.92,0
2026-01-18 10:33:45,95148.92,0.00187,-0.00187,1,95148.93,1
2026-01-18 10:33:48,95148.93,0.010579999999999999,-0.0027999999999999995,3,95148.93,0
2026-01-18 10:33:49,95148.92,0.01231,0.0003099999999999995,2,95148.93,1
2026-01-18 10:33:50,95148.93,0.13719,0.13615,10,95148.93,0
2026-01-18 10:33:52,95148.92,0.00026,-0.00026,1,95150.16,1
2026-01-18 10:33:54,95148.93,0.01222,0.0104,3,95150.16,1
2026-01-18 10:33:55,95148.93,0.00043000000000000004,0.00043000000000000004,2,95150.17,1
2026-01-18 10:33:56,95150.17,0.012920000000000001,0.012920000000000001,18,95150.17,0
2026-01-18 10:33:57,95150.16,0.0017499999999999998,-0.0017499999999999998,2,95150.17,1
2026-01-18 10:33:59,95150.16,0.00979,-0.0014299999999999998,5,95150.17,1
2026-01-18 10:34:00,95150.17,0.00105,0.00105,1,95150.16,0
2026-01-18 10:34:01,95150.17,0.018430000000000002,0.018430000000000002,10,95150.17,0
2026-01-18 10:34:03,95150.17,0.27273000000000003,-0.27231,17,95150.17,0
2026-01-18 10:34:05,95150.16,0.03377,0.03121,4,95150.16,0
2026-01-18 10:34:10,95150.16,0.03386,0.02416,5,95150.16,0
2026-01-18 10:34:14,95150.17,0.01925,0.01925,5,95150.17,0
2026-01-18 10:34:15,95150.16,0.02029,-0.02013,2,95150.17,1
2026-01-18 10:34:16,95150.17,0.00016,0.00016,1,95150.17,0
2026-01-18 10:34:17,95150.17,0.00030000000000000003,0.00030000000000000003,2,95150.17,0
2026-01-18 10:34:20,95150.17,0.00122,-4.000000000000005e-05,3,95150.16,0
2026-01-18 10:34:21,95150.17,0.00143,0.00143,1,95150.16,0
2026-01-18 10:34:22,95150.17,0.00277,0.0025299999999999997,6,95150.16,0
2026-01-18 10:34:25,95150.16,0.0042,-0.0042,1,95150.16,0
2026-01-18 10:34:26,95150.16,0.00911,-0.008889999999999999,2,95150.17,1
2026-01-18 10:34:28,95150.17,0.05233,0.05233,6,95150.17,0
2026-01-18 10:34:30,95150.16,0.01037,-0.01037,1,95150.17,1
2026-01-18 10:34:31,95150.17,0.00551,-0.0032900000000000004,2,95150.16,0
2026-01-18 10:34:35,95150.17,0.00105,0.00105,1,95150.17,0
2026-01-18 10:34:36,95150.16,0.00113,9.000000000000002e-05,3,95150.16,0
2026-01-18 10:34:37,95150.17,0.003,0.003,3,95150.17,0
2026-01-18 10:34:39,95150.17,0.00018,0.00018,1,95150.16,0
2026-01-18 10:34:40,95150.17,0.00084,0.00084,1,95150.16,0
2026-01-18 10:34:41,95150.16,0.00318,-0.00318,1,95150.17,1
2026-01-18 10:34:42,95150.17,0.00945,0.00425,8,95150.17,0
2026-01-18 10:34:43,95150.16,0.00741,-0.0059299999999999995,4,95150.16,0
2026-01-18 10:34:44,95150.16,0.027039999999999998,-0.02506,4,95150.17,1
2026-01-18 10:34:47,95150.17,0.0015699999999999998,0.00053,2,95150.17,0
2026-01-18 10:34:49,95150.17,0.0274,0.0274,2,95150.17,0
2026-01-18 10:34:54,95150.17,0.0008100000000000001,0.0008100000000000001,2,95150.17,0
2026-01-18 10:34:58,95150.16,0.0002,-0.0002,1,95150.17,1
2026-01-18 10:34:59,95150.17,0.00065,0.00065,2,95150.17,0
2026-01-18 10:35:03,95150.17,0.006,0.006,3,95150.17,0
2026-01-18 10:35:05,95150.16,6e-05,-6e-05,1,95150.16,0
2026-01-18 10:35:08,95150.17,0.0002,0.0002,1,95150.17,0
2026-01-18 10:35:10,95150.16,0.00985,-0.00985,3,95150.16,0
2026-01-18 10:35:14,95150.16,0.00277,0.00257,4,95150.17,1
2026-01-18 10:35:15,95150.16,0.0001,-0.0001,1,95150.17,1
2026-01-18 10:35:17,95150.16,0.00223,-0.00013000000000000012,3,95150.17,1
2026-01-18 10:35:19,95150.17,0.00116,0.00116,1,95150.16,0
2026-01-18 10:35:20,95150.17,0.00395,0.00395,4,95150.17,0
2026-01-18 10:35:21,95150.16,0.0036699999999999997,-0.0036699999999999997,2,95150.17,1
2026-01-18 10:35:22,95150.17,0.00145,0.00145,3,95150.17,0
2026-01-18 10:35:23,95150.17,0.00701,0.00701,1,95150.16,0
2026-01-18 10:35:25,95150.17,0.00013,0.00013,1,95150.17,0
2026-01-18 10:35:26,95150.17,0.00122,0.00122,1,95150.17,0
2026-01-18 10:35:27,95150.17,0.00196,0.00196,1,95150.17,0
2026-01-18 10:35:28,95150.16,0.06573999999999999,0.06314,3,95152.0,1
2026-01-18 10:35:31,95150.17,0.00278,0.00278,1,95154.58,1
2026-01-18 10:35:32,95150.17,0.00345,0.00345,2,95154.59,1
2026-01-18 10:35:33,95152.0,0.012,0.012,19,95154.58,1
2026-01-18 10:35:34,95152.0,0.01229,-0.00429,4,95154.58,1
2026-01-18 10:35:36,95154.58,0.07901,0.06477000000000001,33,95154.59,1
2026-01-18 10:35:37,95154.59,0.00074,0.00034,2,95154.58,0
2026-01-18 10:35:38,95154.58,0.00042,-0.00023999999999999998,2,95154.59,1
2026-01-18 10:35:40,95154.58,0.00181,-0.00181,2,95154.59,1
2026-01-18 10:35:41,95154.59,0.00478,0.00478,2,95154.58,0
2026-01-18 10:35:42,95154.58,0.0038199999999999996,-0.0038199999999999996,2,95154.58,0
2026-01-18 10:35:43,95154.59,0.06981,0.06981,9,95154.59,0
2026-01-18 10:35:45,95154.59,0.00367,-0.00333,2,95154.59,0
2026-01-18 10:35:46,95154.58,0.0021,-0.0015400000000000001,3,95154.58,0
2026-01-18 10:35:47,95154.58,0.00385,-0.00385,3,95154.58,0
2026-01-18 10:35:48,95154.59,0.012060000000000001,0.012060000000000001,2,95154.59,0
2026-01-18 10:35:49,95154.58,0.01665,-0.01665,1,95154.59,1
2026-01-18 10:35:50,95154.59,0.014,0.014,7,95154.59,0
2026-01-18 10:35:52,95154.58,0.00014,-0.00014,1,95154.59,1
2026-01-18 10:35:53,95154.59,0.03162,0.03162,1,95154.59,0
2026-01-18 10:35:54,95154.59,0.00087,0.00069,3,95154.59,0
2026-01-18 10:35:55,95154.59,0.02019,0.01975,10,95154.59,0
2026-01-18 10:35:57,95154.59,0.00132,0.00114,5,95154.58,0
2026-01-18 10:35:58,95154.59,0.09584000000000001,0.09584000000000001,4,95154.59,0
2026-01-18 10:35:59,95154.59,0.00028,0.00028,1,95154.58,0
2026-01-18 10:36:00,95154.59,0.02237,-0.011809999999999998,4,95154.59,0
2026-01-18 10:36:01,95154.58,0.044509999999999994,-0.042230000000000004,10,95154.58,0
2026-01-18 10:36:03,95154.59,0.09143,0.01997,2,95154.58,0
2026-01-18 10:36:04,95154.58,0.021339999999999998,-0.02026,3,95154.59,1
2026-01-18 10:36:05,95154.59,0.03719,-0.03589,8,95154.58,0
2026-01-18 10:36:06,95154.58,0.03727,-0.03727,2,95154.59,1
2026-01-18 10:36:08,95154.58,0.00049,-0.00049,2,95154.59,1
2026-01-18 10:36:09,95154.59,0.0027,-0.00182,4,95154.59,0
2026-01-18 10:36:10,95154.58,0.01746,0.01714,3,95154.59,1
2026-01-18 10:36:11,95154.59,0.0007999999999999999,-0.00023999999999999998,2,95154.59,0
2026-01-18 10:36:12,95154.58,0.00023,-0.00023,1,95154.58,0
2026-01-18 10:36:13,95154.59,0.00037999999999999997,0.00037999999999999997,2,95154.59,0
2026-01-18 10:36:14,95154.59,0.10275000000000001,0.10275000000000001,2,95154.59,0
2026-01-18 10:36:15,95154.59,0.15991999999999998,0.15605999999999998,5,95154.59,0
2026-01-18 10:36:16,95154.59,0.00047999999999999996,0.00047999999999999996,3,95154.59,0
2026-01-18 10:36:17,95154.58,0.0025099999999999996,-0.0025099999999999996,2,95154.59,1
2026-01-18 10:36:18,95154.59,0.11176,0.11176,2,95154.59,0
2026-01-18 10:36:19,95154.59,0.0018599999999999999,-0.00122,3,95154.59,0
2026-01-18 10:36:20,95154.59,0.10506,0.10506,5,95154.58,0
2026-01-18 10:36:21,95154.59,0.10032,0.08984,6,95154.58,0
2026-01-18 10:36:22,95154.59,0.0012699999999999999,0.0012699999999999999,2,95154.59,0
2026-01-18 10:36:23,95154.59,0.10093,0.10093,1,95154.58,0
2026-01-18 10:36:24,95154.59,0.00154,0.00154,1,95154.59,0
2026-01-18 10:36:25,95154.58,0.00022,-0.00022,1,95154.58,0
2026-01-18 10:36:26,95154.58,0.00105,-0.00105,1,95154.59,1
2026-01-18 10:36:27,95154.59,0.00341,-0.00189,3,95154.58,0
2026-01-18 10:36:28,95154.58,0.00073,-0.00073,2,95154.58,0
2026-01-18 10:36:29,95154.59,0.00399,0.00283,3,95154.58,0
2026-01-18 10:36:30,95154.58,0.00129,-0.00103,3,95154.59,1
2026-01-18 10:36:31,95154.59,0.00011,0.00011,1,95154.58,0
2026-01-18 10:36:32,95154.58,0.0009599999999999999,-0.00033999999999999997,2,95154.59,1
2026-01-18 10:36:33,95154.58,0.00036,-0.00036,1,95154.59,1
2026-01-18 10:36:37,95154.59,0.09709,0.09709,1,95154.58,0
2026-01-18 10:36:38,95154.59,0.00207,0.00207,1,95154.58,0
2026-01-18 10:36:42,95154.58,0.0293,-0.0293,2,95154.59,1
2026-01-18 10:36:43,95154.58,0.11156,0.11082,4,95154.58,0
2026-01-18 10:36:44,95154.58,0.0002,-0.0002,1,95154.59,1
2026-01-18 10:36:45,95154.58,0.00509,-0.00509,2,95154.58,0
2026-01-18 10:36:46,95154.59,0.0162,-0.0097,5,95154.58,0
2026-01-18 10:36:47,95154.59,0.11053,0.11007,3,95154.59,0
2026-01-18 10:36:48,95154.58,0.00665,-0.005469999999999999,3,95154.58,0
2026-01-18 10:36:49,95154.59,0.10667,0.10371,3,95154.58,0
2026-01-18 10:36:50,95154.58,0.00347,-0.00347,2,95141.25,0
2026-01-18 10:36:51,95154.58,0.10671,0.10497000000000001,2,95141.25,0
2026-01-18 10:36:52,95154.59,0.20949,0.20499,5,95141.24,0
2026-01-18 10:36:53,95154.58,0.11529,0.08721000000000001,2,95141.23,0
2026-01-18 10:36:54,95154.58,0.10762,0.10318,2,95141.24,0
2026-01-18 10:36:55,95141.25,8.39164,-8.18004,114,95141.24,0
2026-01-18 10:36:56,95141.25,0.061939999999999995,-0.05942,9,95141.23,0
2026-01-18 10:36:57,95141.24,0.14579999999999999,0.04486,9,95141.23,0
2026-01-18 10:36:58,95141.23,0.00637,-0.0029300000000000003,4,95141.24,1
2026-01-18 10:36:59,95141.24,0.11087,0.09163,5,95141.23,0
2026-01-18 10:37:00,95141.24,0.10002,-0.0959,7,95141.23,0
2026-01-18 10:37:01,95141.23,0.0132,0.010100000000000001,5,95141.23,0
2026-01-18 10:37:02,95141.23,0.011649999999999999,-0.011649999999999999,4,95141.23,0
2026-01-18 10:37:03,95141.24,0.00014,0.00014,1,95141.23,0
2026-01-18 10:37:04,95141.23,0.0009299999999999999,-0.00081,4,95141.23,0
2026-01-18 10:37:05,95141.23,0.20998,-0.20998,7,95141.23,0
2026-01-18 10:37:06,95141.23,0.00334,-0.00334,1,95141.23,0
2026-01-18 10:37:07,95141.23,0.06042,-0.06042,2,95141.23,0
2026-01-18 10:37:08,95141.23,0.00045,-0.00015,2,95141.24,1
2026-01-18 10:37:09,95141.23,0.0020499999999999997,-0.0020499999999999997,3,95141.23,0
2026-01-18 10:37:10,95141.23,0.04812,-0.04812,3,95141.23,0
2026-01-18 10:37:11,95141.23,0.0008,-0.0008,1,95141.24,1
2026-01-18 10:37:12,95141.23,0.02935,-0.02935,1,95141.23,0
2026-01-18 10:37:13,95141.24,0.00136,-0.00118,2,95141.24,0
2026-01-18 10:37:14,95141.23,0.29883000000000004,-0.29667,3,95141.24,1
2026-01-18 10:37:15,95141.23,0.02153,-0.02153,3,95141.24,1
2026-01-18 10:37:16,95141.24,0.0001,0.0001,1,95141.23,0
2026-01-18 10:37:17,95141.23,0.02809,-0.02787,9,95141.23,0
2026-01-18 10:37:18,95141.24,0.0038900000000000002,-0.00341,2,95141.23,0
2026-01-18 10:37:19,95141.24,0.0005200000000000001,2.0000000000000012e-05,4,95141.24,0
2026-01-18 10:37:21,95141.23,0.02624,-0.02606,5,95141.23,0
2026-01-18 10:37:22,95141.23,0.019629999999999998,0.00445,6,95141.24,1
2026-01-18 10:37:23,95141.23,0.0032300000000000002,-0.0032300000000000002,4,95141.24,1
2026-01-18 10:37:24,95141.24,0.00011,0.00011,1,95141.23,0
2026-01-18 10:37:26,95141.23,0.00278,0.0013399999999999998,5,95141.23,0
2026-01-18 10:37:27,95141.24,0.0001,0.0001,1,95141.24,0
2026-01-18 10:37:28,95141.24,0.0033399999999999997,-0.00314,3,95141.24,0
2026-01-18 10:37:29,95141.23,0.00119,-0.00119,1,95141.23,0
2026-01-18 10:37:30,95141.23,0.00994,-0.00994,3,95140.93,0
2026-01-18 10:37:31,95141.23,0.0126,-0.0126,5,95140.93,0
2026-01-18 10:37:32,95141.24,0.00152,0.00138,5,95140.94,0
2026-01-18 10:37:33,95141.24,0.01722,0.01702,2,95140.93,0
2026-01-18 10:37:34,95141.23,0.00116,-0.0009599999999999999,3,95140.93,0
2026-01-18 10:37:35,95140.93,0.17292000000000002,-0.17292000000000002,7,95136.16,0
2026-01-18 10:37:36,95140.93,0.00039000000000000005,-2.9999999999999997e-05,3,95136.15,0
2026-01-18 10:37:37,95140.94,0.00379,-0.00317,5,95136.16,0
2026-01-18 10:37:38,95140.93,0.0001,-0.0001,1,95136.16,0
2026-01-18 10:37:39,95140.93,0.0216,-0.0214,4,95136.16,0
2026-01-18 10:37:40,95136.16,0.0214,-0.0212,19,95136.16,0
2026-01-18 10:37:41,95136.15,0.0001,-0.0001,1,95136.15,0
2026-01-18 10:37:43,95136.16,0.0036,-0.0005599999999999998,5,95136.15,0
2026-01-18 10:37:44,95136.16,0.0014,-0.00096,3,95136.15,0
2026-01-18 10:37:45,95136.16,0.13163999999999998,-0.13072,4,95136.16,0
2026-01-18 10:37:46,95136.15,0.00126,-0.00126,6,95136.15,0
2026-01-18 10:37:48,95136.15,0.0033799999999999998,-0.00318,3,95136.16,1
2026-01-18 10:37:49,95136.15,0.00133,-0.00113,3,95136.15,0
2026-01-18 10:37:50,95136.16,0.005979999999999999,0.00578,4,95136.15,0
2026-01-18 10:37:51,95136.15,0.15965000000000001,-0.15945,13,95136.15,0
2026-01-18 10:37:52,95136.15,0.15246,-0.15246,8,95132.66,0
2026-01-18 10:37:53,95136.16,0.1585,-0.1583,11,95132.65,0
2026-01-18 10:37:54,95136.15,0.004860000000000001,-0.004860000000000001,2,95132.66,0
2026-01-18 10:37:55,95136.15,0.00294,-0.0014399999999999999,5,95132.65,0
2026-01-18 10:37:56,95136.15,0.00099,0.0007899999999999999,3,95132.66,0
2026-01-18 10:37:57,95132.66,0.19494999999999998,-0.19427,37,95132.66,0
2026-01-18 10:37:58,95132.65,0.0037600000000000003,-0.00026000000000000003,2,95132.65,0
2026-01-18 10:37:59,95132.66,0.00030000000000000003,-0.0001,3,95132.65,0
2026-01-18 10:38:00,95132.65,0.00637,-0.00637,6,95132.66,1
2026-01-18 10:38:01,95132.66,0.02185,-0.01995,6,95132.65,0
2026-01-18 10:38:02,95132.66,0.00018,0.00018,2,95132.66,0
2026-01-18 10:38:04,95132.65,0.017050000000000003,0.01625,5,95132.65,0
2026-01-18 10:38:05,95132.66,0.00079,-0.00010999999999999996,3,95132.66,0
2026-01-18 10:38:06,95132.65,0.00035,0.00015000000000000001,2,95132.65,0
2026-01-18 10:38:07,95132.66,0.0001,0.0001,1,95132.66,0
2026-01-18 10:38:09,95132.65,0.00469,0.00157,4,95132.65,0
2026-01-18 10:38:10,95132.66,0.00299,-0.00259,2,95131.89,0
2026-01-18 10:38:11,95132.65,0.00726,-0.00726,1,95130.87,0
2026-01-18 10:38:12,95132.66,0.0002,0.0002,1,95130.86,0
2026-01-18 10:38:13,95132.66,0.0021799999999999996,0.0021799999999999996,2,95130.87,0
2026-01-18 10:38:14,95132.65,0.00294,-0.00294,1,95130.87,0
2026-01-18 10:38:15,95131.89,1.51827,-1.51827,6,95130.87,0
2026-01-18 10:38:16,95130.87,0.022430000000000002,0.022430000000000002,3,95130.87,0
2026-01-18 10:38:17,95130.86,0.003,-0.00234,7,95130.87,1
2026-01-18 10:38:18,95130.87,0.00597,0.0033900000000000002,5,95130.86,0
2026-01-18 10:38:19,95130.87,0.01157,-0.00597,8,95130.86,0
2026-01-18 10:38:20,95130.87,0.03136,-0.0018600000000000005,13,95130.87,0
2026-01-18 10:38:21,95130.87,0.00058,0.00058,3,95130.86,0
2026-01-18 10:38:22,95130.87,0.02793,-0.02443,10,95130.86,0
2026-01-18 10:38:23,95130.86,0.08319,-0.08263,26,95130.87,1
2026-01-18 10:38:24,95130.86,0.00079,-0.00059,3,95130.86,0
2026-01-18 10:38:25,95130.87,0.01468,-0.0141,9,95130.87,0
2026-01-18 10:38:26,95130.86,0.03835,-0.03835,2,95130.87,1
2026-01-18 10:38:27,95130.86,0.0069500000000000004,0.00355,3,95130.86,0
2026-01-18 10:38:28,95130.87,0.00158,0.00124,3,95130.86,0
2026-01-18 10:38:29,95130.86,0.00917,-0.00897,3,95130.86,0
2026-01-18 10:38:30,95130.87,0.01574,-0.01408,3,95130.87,0
2026-01-18 10:38:31,95130.87,0.00286,-0.0002999999999999999,6,95130.86,0
2026-01-18 10:38:32,95130.86,0.0002,0.0,2,95130.87,1
2026-01-18 10:38:33,95130.86,0.01595,-0.01165,6,95130.86,0
2026-01-18 10:38:34,95130.86,0.00032,-0.00032,2,95130.86,0
2026-01-18 10:38:35,95130.87,0.0007700000000000001,0.0007700000000000001,3,95130.86,0
2026-01-18 10:38:36,95130.86,0.0001,-0.0001,1,95130.87,1
2026-01-18 10:38:37,95130.87,0.0001,0.0001,1,95130.86,0
2026-01-18 10:38:38,95130.86,0.00102,-0.00082,3,95130.87,1
2026-01-18 10:38:39,95130.86,0.0027,-0.0027,3,95130.87,1
2026-01-18 10:38:40,95130.86,0.0001,-0.0001,1,95130.86,0
2026-01-18 10:38:41,95130.87,0.0001,0.0001,1,95130.87,0
2026-01-18 10:38:42,95130.86,0.0001,-0.0001,1,95130.87,1
2026-01-18 10:38:43,95130.87,0.00283,0.00283,3,95130.86,0
2026-01-18 10:38:44,95130.87,0.00026000000000000003,-8e-05,3,95125.36,0
2026-01-18 10:38:45,95130.86,9e-05,-9e-05,1,95125.36,0
2026-01-18 10:38:46,95130.87,0.0008100000000000001,0.0008100000000000001,2,95125.26,0
2026-01-18 10:38:47,95130.87,0.01346,-0.009840000000000002,7,95125.0,0
2026-01-18 10:38:48,95130.86,0.00228,-0.0021000000000000003,2,95124.82,0
2026-01-18 10:38:49,95125.36,0.22336,-0.22075999999999998,111,95122.18,0
2026-01-18 10:38:50,95125.36,0.00298,-0.0028,30,95122.18,0
2026-01-18 10:38:51,95125.26,0.00601,-0.00583,28,95122.19,0
2026-01-18 10:38:52,95125.0,0.014830000000000001,-0.014830000000000001,31,95122.19,0
2026-01-18 10:38:53,95124.82,0.01297,-0.01297,8,95122.18,0
2026-01-18 10:38:54,95122.18,0.62769,-0.62751,25,95122.19,1
2026-01-18 10:38:55,95122.18,0.00041000000000000005,0.00023,2,95122.19,1
2026-01-18 10:38:56,95122.19,0.011519999999999999,-0.01134,2,95122.19,0
2026-01-18 10:38:57,95122.19,0.0021899999999999997,-0.00201,3,95122.18,0
2026-01-18 10:38:58,95122.18,0.0018,-0.0014399999999999999,5,95122.18,0
2026-01-18 10:38:59,95122.19,0.0008,0.0008,2,95122.19,0
2026-01-18 10:39:00,95122.19,0.0065899999999999995,-0.00539,4,95122.18,0
2026-01-18 10:39:01,95122.19,0.00711,0.00687,5,95122.18,0
2026-01-18 10:39:02,95122.18,0.00124,-0.00124,3,95122.19,1
2026-01-18 10:39:03,95122.18,0.00396,0.0014599999999999997,4,95122.18,0
2026-01-18 10:39:04,95122.19,0.00015000000000000001,0.00015000000000000001,2,95122.19,0
2026-01-18 10:39:05,95122.18,0.022750000000000003,-0.022510000000000002,5,95122.18,0
2026-01-18 10:39:06,95122.18,0.1175,-0.11404,3,95122.19,1
2026-01-18 10:39:07,95122.19,0.00018,0.0,2,95122.19,0
2026-01-18 10:39:08,95122.18,0.00102,0.00052,2,95122.18,0
2026-01-18 10:39:09,95122.19,0.00018,0.0,2,95122.18,0
2026-01-18 10:39:10,95122.18,0.00133,0.00011000000000000007,3,95122.19,1
2026-01-18 10:39:11,95122.19,9e-05,9e-05,1,95122.18,0
2026-01-18 10:39:12,95122.19,0.00134,0.00116,4,95122.19,0
2026-01-18 10:39:13,95122.18,0.00191,-0.00038999999999999994,2,95122.19,1
2026-01-18 10:39:14,95122.18,0.02436,-0.02436,2,95122.18,0
2026-01-18 10:39:15,95122.19,9e-05,9e-05,1,95122.19,0
2026-01-18 10:39:16,95122.18,0.0008100000000000001,-0.0008100000000000001,2,95122.19,1
2026-01-18 10:39:17,95122.19,9e-05,9e-05,1,95122.19,0
2026-01-18 10:39:18,95122.19,0.00028000000000000003,-0.0001,3,95122.19,0
2026-01-18 10:39:19,95122.18,0.00083,0.00065,2,95122.19,1
2026-01-18 10:39:20,95122.19,0.00037,0.00037,1,95122.19,0
2026-01-18 10:39:21,95122.19,0.0012,-0.0011,2,95122.18,0
2026-01-18 10:39:22,95122.19,0.005719999999999999,0.005719999999999999,4,95122.18,0
2026-01-18 10:39:23,95122.19,0.00038,0.00038,1,95122.19,0
2026-01-18 10:39:24,95122.19,0.0021899999999999997,-0.00201,2,95122.18,0
2026-01-18 10:39:25,95122.19,0.00131,0.00113,2,95122.18,0
2026-01-18 10:39:26,95122.18,0.01777,-0.01759,7,95122.19,1
2026-01-18 10:39:27,95122.18,0.0008,-0.0008,2,95122.19,1
2026-01-18 10:39:28,95122.19,0.00291,0.00251,3,95122.18,0
2026-01-18 10:39:29,95122.18,0.00123,-0.00123,2,95122.19,1
2026-01-18 10:39:30,95122.18,0.00105,-0.00105,1,95122.18,0
2026-01-18 10:39:31,95122.19,0.00407,0.00407,1,95122.18,0
2026-01-18 10:39:32,95122.19,0.0042499999999999994,-0.0024699999999999995,4,95122.19,0
2026-01-18 10:39:33,95122.18,0.00124,-0.00124,2,95122.18,0
2026-01-18 10:39:35,95122.18,0.0002,-0.0002,1,95122.19,1
2026-01-18 10:39:36,95122.18,0.00031,-0.00031,1,95122.18,0
2026-01-18 10:39:37,95122.19,0.00083,-0.00059,2,95122.18,0
2026-01-18 10:39:42,95122.18,0.00362,-0.0021,5,95122.18,0
2026-01-18 10:39:47,95122.18,0.00219,-0.0020499999999999997,4,95122.18,0
2026-01-18 10:39:48,95122.18,0.0006,-0.0006,1,95122.19,1
2026-01-18 10:39:50,95122.19,0.00049,0.00049,1,95122.18,0
2026-01-18 10:39:51,95122.19,0.01668,0.01668,1,95122.18,0
2026-01-18 10:39:53,95122.19,0.00981,0.00981,1,95122.18,0
2026-01-18 10:39:54,95122.19,0.01064,0.01064,1,95122.18,0
2026-01-18 10:39:55,95122.18,0.00908,-0.00622,3,95122.18,0
2026-01-18 10:39:56,95122.18,0.28531999999999996,-0.27258,3,95122.19,1
2026-01-18 10:39:58,95122.18,0.02733,-0.02733,1,95122.19,1
2026-01-18 10:39:59,95122.18,0.00023,-0.00023,1,95122.19,1
2026-01-18 10:40:00,95122.18,0.00102,-0.00102,2,95122.18,0
2026-01-18 10:40:02,95122.19,0.00263,0.0013700000000000001,2,95122.19,0
2026-01-18 10:40:03,95122.19,0.00129,0.00129,1,95122.19,0
2026-01-18 10:40:05,95122.18,0.00091,-0.00091,2,95122.19,1
2026-01-18 10:40:10,95122.19,0.00037,0.00025,2,95122.19,0
2026-01-18 10:40:11,95122.19,0.00043,0.00043,1,95122.19,0
2026-01-18 10:40:14,95122.19,0.00032,0.00032,1,95122.18,0
2026-01-18 10:40:15,95122.19,0.00275,0.00275,1,95122.18,0
2026-01-18 10:40:16,95122.19,0.00702,0.006880000000000001,3,95122.19,0
2026-01-18 10:40:17,95122.18,0.00172,0.00128,2,95122.19,1
2026-01-18 10:40:18,95122.19,0.01153,0.00949,2,95122.19,0
2026-01-18 10:40:19,95122.18,0.00293,-0.00263,2,95122.18,0
2026-01-18 10:40:20,95122.18,0.00032,-0.00032,1,95122.19,1
2026-01-18 10:40:21,95122.19,0.00028,0.00028,1,95122.18,0
2026-01-18 10:40:22,95122.19,0.01347,0.01347,3,95122.18,0
2026-01-18 10:40:23,95122.19,0.00017999999999999998,0.00017999999999999998,2,95122.19,0
2026-01-18 10:40:24,95122.18,0.02289,-0.016149999999999998,2,95122.19,1
2026-01-18 10:40:25,95122.19,0.00176,0.00176,2,95122.19,0
2026-01-18 10:40:26,95122.18,0.00532,0.005180000000000001,2,95122.18,0
2026-01-18 10:40:27,95122.18,0.00925,-0.00925,3,95122.19,1
2026-01-18 10:40:28,95122.19,6e-05,6e-05,1,95122.19,0
2026-01-18 10:40:29,95122.19,7e-05,7e-05,1,95122.19,0
2026-01-18 10:40:30,95122.19,0.0035499999999999998,0.0035499999999999998,4,95122.19,0
2026-01-18 10:40:32,95122.19,0.00451,-0.00381,4,95122.18,0
2026-01-18 10:40:33,95122.19,0.00266,0.00266,7,95122.19,0
2026-01-18 10:40:34,95122.19,0.00231,0.00231,3,95122.18,0
2026-01-18 10:40:35,95122.19,0.00454,0.00426,3,95122.18,0
2026-01-18 10:40:37,95122.18,7e-05,-7e-05,1,95122.19,1
2026-01-18 10:40:41,95122.19,0.00291,0.00207,7,95122.19,0
2026-01-18 10:40:42,95122.19,0.00057,0.00057,1,95122.18,0
2026-01-18 10:40:47,95122.18,0.00349,-0.00349,1,95122.18,0
2026-01-18 10:40:49,95122.19,0.00011,0.00011,1,95122.18,0
2026-01-18 10:40:50,95122.19,0.021,0.021,2,95122.19,0
2026-01-18 10:40:52,95122.18,0.0003,-0.0003,1,95122.18,0
2026-01-18 10:40:54,95122.18,0.00437,-0.00437,2,95122.18,0
2026-01-18 10:40:55,95122.19,0.00139,0.00139,1,95122.19,0
2026-01-18 10:40:56,95122.19,0.00237,0.00237,2,95122.18,0
2026-01-18 10:40:57,95122.18,0.0039000000000000003,-0.0039000000000000003,2,95122.19,1
2026-01-18 10:40:59,95122.18,0.00515,0.0049099999999999994,2,95122.19,1
2026-01-18 10:41:00,95122.19,0.00078,0.00078,1,95122.18,0
2026-01-18 10:41:01,95122.18,0.00086,-0.00086,2,95122.19,1
2026-01-18 10:41:02,95122.19,0.02474,0.02474,3,95122.18,0
2026-01-18 10:41:03,95122.18,0.00027,-0.00027,2,95122.18,0
2026-01-18 10:41:05,95122.18,6e-05,-6e-05,1,95122.18,0
2026-01-18 10:41:08,95122.18,0.00268,-0.00268,2,95122.18,0
2026-01-18 10:41:10,95122.18,0.017869999999999997,-0.017869999999999997,3,95122.18,0
2026-01-18 10:41:13,95122.18,0.00192,-0.00192,1,95122.19,1
2026-01-18 10:41:14,95122.18,0.00184,-0.0008600000000000001,4,95122.19,1
2026-01-18 10:41:15,95122.18,0.00184,-0.00184,2,95122.18,0
2026-01-18 10:41:17,95122.19,9e-05,9e-05,1,95122.19,0
2026-01-18 10:41:19,95122.19,0.00802,-0.00246,3,95122.18,0
2026-01-18 10:41:20,95122.18,0.00047,-0.00047,2,95122.18,0
2026-01-18 10:41:22,95122.19,0.0049499999999999995,0.0049499999999999995,3,95122.19,0
2026-01-18 10:41:25,95122.18,0.00039000000000000005,-0.00039000000000000005,2,95122.19,1
2026-01-18 10:41:27,95122.19,0.00232,-0.00202,2,95122.19,0
2026-01-18 10:41:28,95122.18,0.00191,0.00175,2,95122.18,0
2026-01-18 10:41:30,95122.19,0.00037,0.00037,2,95122.18,0
2026-01-18 10:41:31,95122.19,0.00445,-0.00353,4,95122.19,0
2026-01-18 10:41:32,95122.19,0.00285,0.00285,1,95122.19,0
2026-01-18 10:41:33,95122.18,0.00243,-0.00243,1,95130.71,1
2026-01-18 10:41:34,95122.19,0.22127,0.22127,27,95133.25,1
2026-01-18 10:41:35,95122.18,0.04861,0.046450000000000005,3,95133.37,1
2026-01-18 10:41:36,95122.19,0.03611,0.03591,3,95133.37,1
2026-01-18 10:41:37,95122.19,0.10183,0.10115,34,95133.36,1
2026-01-18 10:41:38,95130.71,0.35953,0.29913,58,95133.37,1
2026-01-18 10:41:39,95133.25,0.19407,0.19069,43,95133.36,1
2026-01-18 10:41:41,95133.37,0.00238,0.00238,3,95133.37,0
2026-01-18 10:41:42,95133.36,0.00215,-0.0017100000000000001,2,95133.37,1
2026-01-18 10:41:43,95133.37,0.026000000000000002,0.026000000000000002,2,95133.37,0
2026-01-18 10:41:44,95133.36,0.00527,0.0032300000000000002,5,95133.37,1
2026-01-18 10:41:46,95133.37,0.00445,-0.00289,2,95133.37,0
2026-01-18 10:41:48,95133.37,0.09215,0.09090999999999999,3,95133.37,0
2026-01-18 10:41:49,95133.37,0.00025,0.00025,1,95133.36,0
2026-01-18 10:41:50,95133.37,0.0014,0.0007199999999999999,2,95140.89,1
2026-01-18 10:41:51,95133.37,0.20353000000000002,0.20353000000000002,3,95140.9,1
2026-01-18 10:41:53,95133.37,0.10728,0.10728,4,95140.9,1
2026-01-18 10:41:54,95133.36,0.00075,-0.00075,3,95140.9,1
2026-01-18 10:41:55,95140.89,0.50066,0.4997,44,95140.9,1
2026-01-18 10:41:56,95140.9,0.00025,0.00025,1,95141.0,1
2026-01-18 10:41:57,95140.9,0.10203,0.10189,2,95148.65,1
2026-01-18 10:41:59,95140.9,0.09554,0.0903,2,95148.65,1
2026-01-18 10:42:00,95140.9,0.59899,0.59295,5,95148.64,1
2026-01-18 10:42:01,95141.0,0.20118,0.20118,11,95148.65,1
2026-01-18 10:42:02,95148.65,0.60854,0.6082,46,95148.65,0
2026-01-18 10:42:04,95148.65,0.00045,-0.00033,2,95153.46,1
2026-01-18 10:42:05,95148.64,0.00116,-0.00116,2,95153.46,1
2026-01-18 10:42:06,95148.65,0.7042999999999999,0.70216,4,95153.45,1
2026-01-18 10:42:07,95148.65,0.7189,0.7189,5,95153.46,1
2026-01-18 10:42:08,95153.46,0.60138,0.5954200000000001,38,95153.46,0
2026-01-18 10:42:09,95153.46,0.50341,0.50341,3,95153.46,0
2026-01-18 10:42:10,95153.46,0.09870000000000001,0.08726,5,95153.46,0
2026-01-18 10:42:12,95153.46,0.20681,0.20681,2,95153.46,0
2026-01-18 10:42:13,95153.46,0.20229999999999998,0.20229999999999998,2,95153.46,0
2026-01-18 10:42:14,95153.46,0.69243,0.69243,3,95158.91,1
2026-01-18 10:42:15,95153.46,0.00025,-9.999999999999986e-06,2,95159.07,1
2026-01-18 10:42:17,95153.46,0.1172,0.09362000000000001,7,95161.44,1
2026-01-18 10:42:18,95153.46,0.50219,0.49803,5,95161.43,1
2026-01-18 10:42:19,95158.91,0.66578,0.6548200000000001,45,95161.44,1
2026-01-18 10:42:20,95159.07,0.6039399999999999,0.6039399999999999,15,95164.42,1
2026-01-18 10:42:21,95161.43,0.6108,0.6105600000000001,20,95164.42,1
2026-01-18 10:42:22,95161.44,0.60733,0.60693,6,95164.42,1
2026-01-18 10:42:23,95161.43,0.00093,-0.00093,2,95164.42,1
2026-01-18 10:42:24,95161.44,0.09845999999999999,0.09845999999999999,2,95164.41,1
2026-01-18 10:42:25,95164.42,1.00454,1.00454,33,95164.42,0
2026-01-18 10:42:27,95164.42,0.29161000000000004,0.29161000000000004,3,95166.08,1
2026-01-18 10:42:28,95164.42,0.22394,0.15682,5,95166.09,1
2026-01-18 10:42:29,95164.41,0.00019,-0.00019,1,95166.09,1
2026-01-18 10:42:30,95164.42,0.5995699999999999,0.5995699999999999,3,95166.09,1
2026-01-18 10:42:32,95166.08,0.16312000000000001,0.16026,17,95166.09,1
2026-01-18 10:42:33,95166.09,0.21517,0.21481,3,95166.09,0
2026-01-18 10:42:34,95166.09,1.07256,-0.88802,5,95166.09,0
2026-01-18 10:42:35,95166.09,0.09526,0.08918,4,95166.09,0
2026-01-18 10:42:36,95166.09,0.60838,0.60838,4,95166.09,0
2026-01-18 10:42:37,95166.09,0.11098,0.10152,3,95166.08,0
2026-01-18 10:42:38,95166.09,0.19589,0.19589,2,95166.09,0
2026-01-18 10:42:39,95166.09,0.6081300000000001,0.60531,4,95166.09,0
2026-01-18 10:42:40,95166.09,1.11097,1.10467,6,95166.09,0
2026-01-18 10:42:41,95166.09,0.5,0.5,1,95166.63,1
2026-01-18 10:42:42,95166.08,0.59288,0.59212,4,95169.06,1
2026-01-18 10:42:43,95166.09,1.0,1.0,2,95171.48,1
2026-01-18 10:42:44,95166.09,1.00546,1.00546,4,95171.48,1
2026-01-18 10:42:45,95166.09,0.5012000000000001,0.49922,3,95171.48,1
2026-01-18 10:42:46,95166.63,1.01055,1.00983,17,95171.82,1
2026-01-18 10:42:47,95169.06,0.30512,0.30498,26,95171.82,1
2026-01-18 10:42:48,95171.48,0.7112700000000001,0.7112700000000001,24,95171.82,1
2026-01-18 10:42:49,95171.48,0.60722,0.5914,4,95176.95,1
2026-01-18 10:42:50,95171.48,0.28256,0.28256,3,95176.95,1
2026-01-18 10:42:51,95171.82,0.60762,0.60762,10,95176.95,1
2026-01-18 10:42:52,95171.82,0.70887,0.70887,3,95176.94,1
2026-01-18 10:42:53,95171.82,0.10503,0.10503,2,95180.66,1
2026-01-18 10:42:54,95176.95,2.04215,2.04215,53,95180.66,1
2026-01-18 10:42:55,95176.95,0.10334,0.10334,1,95180.65,1
2026-01-18 10:42:56,95176.95,0.11762,0.0946,3,95173.39,0
2026-01-18 10:42:57,95176.94,0.09703999999999999,0.09414,3,95173.29,0
2026-01-18 10:42:58,95180.66,0.25814,0.25692,33,95173.29,0
2026-01-18 10:42:59,95180.66,0.00821,0.00429,7,95173.28,0
2026-01-18 10:43:00,95180.65,1.1108,1.09714,6,95173.29,0
2026-01-18 10:43:01,95173.39,1.13831,-0.55293,72,95173.29,0
2026-01-18 10:43:02,95173.29,0.22527000000000003,0.14257,7,95173.29,0
2026-01-18 10:43:03,95173.29,0.59663,0.59663,2,95173.29,0
2026-01-18 10:43:05,95173.29,0.30484,0.30416,7,95173.28,0
2026-01-18 10:43:06,95173.29,0.20473999999999998,0.20473999999999998,2,95170.9,0
2026-01-18 10:43:07,95173.29,0.59661,0.59379,3,95170.9,0
2026-01-18 10:43:08,95173.29,0.0007,0.00048,2,95170.91,0
2026-01-18 10:43:10,95173.28,0.00017,-0.00017,1,95170.91,0
2026-01-18 10:43:11,95170.9,0.19003,-0.19003,22,95170.91,1
2026-01-18 10:43:12,95170.9,0.00016,-0.00016,1,95170.91,1
2026-01-18 10:43:13,95170.91,0.11145,0.07099,4,95170.91,0
2026-01-18 10:43:14,95170.91,0.70731,0.70627,5,95170.91,0
2026-01-18 10:43:15,95170.91,0.19361,0.19361,2,95170.91,0
2026-01-18 10:43:16,95170.91,0.21815,0.21761,5,95170.91,0
2026-01-18 10:43:17,95170.91,0.59609,0.59409,4,95170.91,0
2026-01-18 10:43:18,95170.91,0.19246000000000002,0.18356,5,95170.91,0
2026-01-18 10:43:19,95170.91,0.09686,0.0882,4,95170.9,0
2026-01-18 10:43:20,95170.91,0.20282,0.2017,5,95170.9,0
2026-01-18 10:43:21,95170.91,0.20396,0.20396,2,95170.91,0
2026-01-18 10:43:22,95170.91,0.70885,0.70885,4,95170.9,0
2026-01-18 10:43:23,95170.91,0.2993,0.29874,6,95170.91,0
2026-01-18 10:43:24,95170.9,0.00135,-0.00135,1,95170.91,1
2026-01-18 10:43:25,95170.9,0.60153,0.59781,6,95170.9,0
2026-01-18 10:43:26,95170.91,0.30114,0.30114,3,95170.91,0
2026-01-18 10:43:27,95170.9,0.10261,0.10201,5,95170.91,1
2026-01-18 10:43:28,95170.91,0.30346,0.30346,3,95170.91,0
2026-01-18 10:43:29,95170.91,0.31266,0.31266,3,95170.91,0
2026-01-18 10:43:30,95170.9,0.27082,0.13818,6,95170.91,1
2026-01-18 10:43:31,95170.91,0.6971499999999999,0.6971499999999999,4,95170.91,0
2026-01-18 10:43:32,95170.91,1.50237,1.50237,4,95176.8,1
2026-01-18 10:43:33,95170.91,1.2189999999999999,1.12024,5,95176.8,1
2026-01-18 10:43:34,95170.91,0.28099,0.28083,6,95176.8,1
2026-01-18 10:43:35,95170.91,1.6063399999999999,1.6063399999999999,4,95176.8,1
2026-01-18 10:43:36,95170.91,0.01863,0.01863,1,95176.79,1
2026-01-18 10:43:37,95176.8,1.61063,1.61049,35,95176.8,0
2026-01-18 10:43:38,95176.8,0.50053,0.49947,2,95176.8,0
2026-01-18 10:43:39,95176.8,0.19186999999999999,0.19186999999999999,3,95176.8,0
2026-01-18 10:43:40,95176.8,1.1074,1.1074,4,95179.28,1
2026-01-18 10:43:41,95176.79,0.09955,0.09733,3,95179.27,1
2026-01-18 10:43:42,95176.8,0.29597,0.29525,4,95179.28,1
2026-01-18 10:43:43,95176.8,0.61189,0.57387,5,95179.27,1
2026-01-18 10:43:44,95176.8,0.10093,0.10093,1,95179.28,1
2026-01-18 10:43:45,95179.28,1.11667,1.10531,19,95179.28,0
2026-01-18 10:43:46,95179.27,0.30171,0.30095,5,95179.27,0
2026-01-18 10:43:48,95179.27,0.18348,0.18056,5,95179.27,0
2026-01-18 10:43:50,95179.28,0.10984,0.10984,1,95179.27,0
2026-01-18 10:43:51,95179.27,0.00379,-0.00379,2,95179.28,1
2026-01-18 10:43:55,95179.27,0.01661,-0.01661,1,95179.28,1
2026-01-18 10:43:56,95179.28,0.008690000000000002,0.008690000000000002,2,95179.28,0
2026-01-18 10:43:57,95179.28,0.002,0.002,1,95179.28,0
2026-01-18 10:43:59,95179.28,0.0006799999999999999,0.0006799999999999999,2,95179.27,0
2026-01-18 10:44:00,95179.28,0.0007,0.0007,1,95179.27,0
2026-01-18 10:44:02,95179.28,0.00012,0.00012,1,95179.27,0
2026-01-18 10:44:03,95179.27,0.00715,-0.00503,2,95179.27,0
2026-01-18 10:44:05,95179.27,0.00438,-0.00035999999999999964,4,95179.27,0
2026-01-18 10:44:07,95179.27,0.88992,-0.88992,1,95179.27,0
2026-01-18 10:44:08,95179.27,0.00094,-0.00094,1,95179.27,0
2026-01-18 10:44:10,95179.27,0.26709,-0.26709,14,95179.27,0
2026-01-18 10:44:12,95179.27,0.27269,-0.26869,16,95179.28,1
2026-01-18 10:44:13,95179.27,0.0014600000000000001,-0.0014600000000000001,2,95179.27,0
2026-01-18 10:44:14,95179.27,0.26532,-0.26532,12,95179.28,1
2026-01-18 10:44:15,95179.27,0.0105,-0.0105,1,95179.28,1
2026-01-18 10:44:16,95179.27,0.00387,-0.00205,5,95179.27,0
2026-01-18 10:44:17,95179.28,0.00441,-0.00229,3,95179.28,0
2026-01-18 10:44:18,95179.27,0.0001,-0.0001,1,95179.28,1
2026-01-18 10:44:20,95179.28,0.018500000000000003,-0.016620000000000003,6,95179.27,0
2026-01-18 10:44:22,95179.28,0.00244,0.00244,1,95179.28,0
2026-01-18 10:44:27,95179.28,0.00026,0.00026,1,95179.27,0
2026-01-18 10:44:29,95179.27,0.0006900000000000001,-0.00041000000000000005,2,95179.28,1
2026-01-18 10:44:31,95179.28,0.00086,0.00086,3,95179.28,0
2026-01-18 10:44:32,95179.27,0.00313,-0.00313,1,95179.27,0
2026-01-18 10:44:33,95179.28,0.00869,0.00841,5,95179.28,0
2026-01-18 10:44:34,95179.28,2.0,2.0,1,95179.27,0
2026-01-18 10:44:35,95179.27,0.00037,-0.00037,1,95179.27,0
2026-01-18 10:44:36,95179.28,0.01637,-0.01421,3,95179.28,0
2026-01-18 10:44:37,95179.27,0.00349,-0.00349,4,95179.27,0
2026-01-18 10:44:38,95179.28,0.01382,-0.01338,4,95179.27,0
2026-01-18 10:44:39,95179.27,0.00049,-0.00049,2,95179.27,0
2026-01-18 10:44:40,95179.27,0.0001,-0.0001,1,95179.28,1
2026-01-18 10:44:42,95179.27,0.00207,0.00065,4,95179.27,0
2026-01-18 10:44:43,95179.27,0.0018,-0.0018,2,95179.27,0
2026-01-18 10:44:44,95179.27,0.00195,-5.000000000000002e-05,4,95179.27,0
2026-01-18 10:44:45,95179.28,0.00014,0.00014,1,95179.28,0
2026-01-18 10:44:47,95179.27,0.00485,0.0013900000000000002,5,95179.28,1
2026-01-18 10:44:48,95179.27,0.01703,-0.01703,3,95179.27,0
2026-01-18 10:44:49,95179.27,0.00264,-0.00264,4,95179.27,0
2026-01-18 10:44:50,95179.28,0.01045,0.01045,1,95179.27,0
2026-01-18 10:44:51,95179.27,0.36911,-0.36887000000000003,19,95179.27,0
2026-01-18 10:44:52,95179.28,0.00103,0.00103,1,95179.27,0
2026-01-18 10:44:53,95179.27,0.00132,-0.00132,2,95179.27,0
2026-01-18 10:44:55,95179.27,0.00758,-0.00758,4,95179.28,1
2026-01-18 10:44:56,95179.27,0.26136000000000004,-0.26136000000000004,16,95170.9,0
2026-01-18 10:44:57,95179.27,0.0002,-0.0002,1,95167.86,0
2026-01-18 10:44:58,95179.27,0.00287,-0.00287,1,95167.87,0
2026-01-18 10:45:00,95179.28,0.15894,-0.15786,13,95167.86,0
2026-01-18 10:45:01,95170.9,3.58779,-3.58227,58,95167.86,0
2026-01-18 10:45:02,95167.86,0.67399,-0.66391,29,95167.87,1
2026-01-18 10:45:03,95167.87,0.00122,-0.00058,4,95167.86,0
2026-01-18 10:45:04,95167.87,0.00078,-0.00038,4,95167.86,0
2026-01-18 10:45:05,95167.86,0.00277,-0.00249,6,95167.86,0
2026-01-18 10:45:06,95167.86,0.06978,-0.06978,5,95167.87,1
2026-01-18 10:45:07,95167.87,0.0012000000000000001,0.0012000000000000001,2,95167.87,0
2026-01-18 10:45:09,95167.86,0.07617,0.07604999999999999,2,95167.87,1
2026-01-18 10:45:11,95167.87,0.015170000000000001,-0.01283,3,95167.86,0
2026-01-18 10:45:12,95167.87,0.00045,0.00045,2,95167.86,0
2026-01-18 10:45:14,95167.87,0.00031,0.00031,1,95167.87,0
2026-01-18 10:45:16,95167.86,0.00017,-0.00017,1,95167.86,0
2026-01-18 10:45:17,95167.86,0.00086,-0.00086,2,95167.86,0
2026-01-18 10:45:20,95167.86,0.13697,-0.12517,14,95167.87,1
2026-01-18 10:45:21,95167.86,0.10439,-0.10439,2,95167.87,1
2026-01-18 10:45:22,95167.86,0.00513,0.0005100000000000003,4,95167.86,0
2026-01-18 10:45:25,95167.87,0.023209999999999998,0.02197,2,95167.87,0
2026-01-18 10:45:26,95167.87,0.00523,0.00523,1,95167.86,0
2026-01-18 10:45:27,95167.86,0.0105,-0.0105,1,95167.86,0
2026-01-18 10:45:28,95167.86,0.00501,-0.00381,5,95167.86,0
2026-01-18 10:45:30,95167.87,0.0021,0.0021,1,95167.86,0
2026-01-18 10:45:31,95167.86,0.00797,-0.00797,2,95167.87,1
2026-01-18 10:45:32,95167.86,0.00294,-0.00294,4,95167.86,0
2026-01-18 10:45:33,95167.86,0.00734,-0.00734,1,95167.86,0
2026-01-18 10:45:35,95167.86,0.0013700000000000001,-0.0013700000000000001,2,95167.86,0
2026-01-18 10:45:36,95167.87,0.10657,0.10657,1,95167.87,0
2026-01-18 10:45:37,95167.86,0.00198,-0.00198,1,95167.86,0
2026-01-18 10:45:38,95167.86,0.03631,-0.03631,2,95167.86,0
2026-01-18 10:45:40,95167.86,0.0111,-0.0111,2,95167.86,0
2026-01-18 10:45:41,95167.87,0.00632,0.00632,1,95167.86,0
2026-01-18 10:45:42,95167.86,0.02672,-0.02672,1,95167.86,0
2026-01-18 10:45:43,95167.86,0.00056,-0.00021999999999999998,2,95167.87,1
2026-01-18 10:45:45,95167.86,0.00223,-0.00223,3,95167.87,1
2026-01-18 10:45:46,95167.86,0.00117,-0.00117,1,95167.86,0
2026-01-18 10:45:47,95167.86,0.0003,-0.0003,1,95167.86,0
2026-01-18 10:45:49,95167.87,0.00034,0.00034,2,95167.86,0
2026-01-18 10:45:50,95167.87,0.00079,0.00079,1,95167.86,0
2026-01-18 10:45:51,95167.86,0.00343,-0.00343,2,95167.87,1
2026-01-18 10:45:52,95167.86,0.00042,1.9999999999999998e-05,2,95167.87,1
2026-01-18 10:45:54,95167.86,0.15971000000000002,0.15519,2,95167.88,1
2026-01-18 10:45:55,95167.86,0.00017,-0.00017,1,95167.87,1
2026-01-18 10:45:56,95167.87,0.00325,0.00325,1,95167.88,1
2026-01-18 10:45:57,95167.87,0.00319,0.0023499999999999997,2,95168.7,1
2026-01-18 10:45:59,95167.88,0.5528299999999999,0.5528299999999999,4,95168.71,1
2026-01-18 10:46:00,95167.87,0.00063,-0.00063,2,95168.7,1
2026-01-18 10:46:01,95167.88,0.01813,0.01813,2,95168.7,1
2026-01-18 10:46:02,95168.7,0.50674,0.49422,18,95168.71,1
2026-01-18 10:46:04,95168.71,0.51082,0.48941999999999997,6,95168.71,0
2026-01-18 10:46:05,95168.7,6e-05,-6e-05,1,95168.7,0
2026-01-18 10:46:06,95168.7,0.10784,0.10592,2,95168.7,0
2026-01-18 10:46:07,95168.71,0.013900000000000001,0.013900000000000001,2,95168.71,0
2026-01-18 10:46:08,95168.71,0.0013900000000000002,0.0013900000000000002,3,95168.71,0
2026-01-18 10:46:09,95168.71,0.00019,0.00019,1,95168.71,0
2026-01-18 10:46:10,95168.7,0.00077,-0.00077,2,95168.72,1
2026-01-18 10:46:11,95168.7,0.00117,-0.00117,2,95168.71,1
2026-01-18 10:46:12,95168.71,0.0017,0.0017,2,95168.72,1
2026-01-18 10:46:13,95168.71,0.8538,0.8538,1,95168.72,1
2026-01-18 10:46:14,95168.71,0.00306,-0.00306,1,95168.72,1
2026-01-18 10:46:15,95168.72,0.00101,0.00101,2,95168.72,0
2026-01-18 10:46:16,95168.71,0.00335,0.00297,3,95168.71,0
2026-01-18 10:46:17,95168.72,0.0327,-0.026619999999999998,6,95168.72,0
2026-01-18 10:46:19,95168.72,0.00135,0.00135,2,95168.72,0
2026-01-18 10:46:20,95168.72,0.029920000000000002,-0.001380000000000001,5,95172.32,1
2026-01-18 10:46:21,95168.71,0.00207,-0.0013499999999999999,3,95172.33,1
2026-01-18 10:46:22,95168.72,0.0020800000000000003,0.0020800000000000003,2,95180.67,1
2026-01-18 10:46:24,95168.72,0.002,0.002,1,95180.67,1
2026-01-18 10:46:25,95172.32,0.3436,0.3436,22,95180.67,1
2026-01-18 10:46:26,95172.33,0.0063,0.00506,6,95180.66,1
2026-01-18 10:46:27,95180.67,0.28618,0.25542,50,95180.66,0
2026-01-18 10:46:28,95180.66,0.0025,-0.0025,2,95180.67,1
2026-01-18 10:46:29,95180.67,0.01236,0.0098,7,95180.66,0
2026-01-18 10:46:31,95180.66,0.00116,0.00036,2,95180.66,0
2026-01-18 10:46:32,95180.66,0.00293,0.00147,3,95180.66,0
2026-01-18 10:46:33,95180.67,0.00062,0.00062,2,95180.66,0
2026-01-18 10:46:34,95180.66,0.0018700000000000001,-0.0018700000000000001,2,95180.67,1
2026-01-18 10:46:36,95180.66,0.0081,-0.005639999999999999,4,95180.67,1
2026-01-18 10:46:37,95180.66,0.03579,-0.03579,2,95180.66,0
2026-01-18 10:46:38,95180.66,0.00041,-0.00025,2,95180.66,0
2026-01-18 10:46:39,95180.67,0.0016,0.0016,4,95180.66,0
2026-01-18 10:46:42,95180.66,0.00157,0.00057,5,95180.66,0
2026-01-18 10:46:43,95180.66,0.0087,-0.0087,2,95180.67,1
2026-01-18 10:46:44,95180.66,0.00018,-0.00018,1,95180.66,0
2026-01-18 10:46:47,95180.66,0.01493,0.01307,8,95180.66,0
2026-01-18 10:46:48,95180.67,0.00385,0.00385,1,95180.67,0
2026-01-18 10:46:49,95180.66,0.09347,-0.09347,1,95180.66,0
2026-01-18 10:46:50,95180.66,0.10307999999999999,-0.10307999999999999,2,95180.66,0
2026-01-18 10:46:52,95180.66,0.09635999999999999,-0.09635999999999999,2,95180.67,1
2026-01-18 10:46:54,95180.66,0.00011,-0.00011,1,95180.67,1
2026-01-18 10:46:55,95180.66,0.00046,0.00026000000000000003,2,95180.67,1
2026-01-18 10:46:57,95180.67,0.00039,0.00039,1,95180.66,0
2026-01-18 10:46:59,95180.67,0.00069,0.00069,3,95180.67,0
2026-01-18 10:47:00,95180.67,0.00037999999999999997,0.00037999999999999997,2,95180.66,0
2026-01-18 10:47:01,95180.66,0.0030800000000000003,-0.0023,4,95180.67,1
2026-01-18 10:47:02,95180.66,0.00524,-0.00524,3,95180.67,1
2026-01-18 10:47:03,95180.67,0.01123,0.01123,3,95180.67,0
2026-01-18 10:47:04,95180.67,0.00043999999999999996,0.00043999999999999996,3,95180.67,0
2026-01-18 10:47:05,95180.66,0.00016,4e-05,2,95180.66,0
2026-01-18 10:47:07,95180.67,0.01655,0.01655,1,95180.67,0
2026-01-18 10:47:09,95180.67,0.00235,0.00205,4,95180.66,0
2026-01-18 10:47:10,95180.66,0.00034,-0.00034,1,95180.67,1
2026-01-18 10:47:12,95180.67,8e-05,8e-05,1,95180.67,0
2026-01-18 10:47:14,95180.66,0.0005,-0.0005,1,95180.67,1
2026-01-18 10:47:15,95180.67,0.00096,0.00096,1,95180.67,0
2026-01-18 10:47:17,95180.67,0.00044,0.00044,3,95180.67,0
2026-01-18 10:47:19,95180.67,0.012,0.012,6,95180.66,0
2026-01-18 10:47:20,95180.67,0.00403,0.00253,5,95180.67,0
2026-01-18 10:47:22,95180.67,0.013940000000000001,0.01344,8,95180.67,0
2026-01-18 10:47:23,95180.67,0.00013,0.00013,1,95176.81,0
2026-01-18 10:47:24,95180.66,0.00059,0.00041,2,95176.81,0
2026-01-18 10:47:25,95180.67,0.00029,0.00029,1,95168.71,0
2026-01-18 10:47:26,95180.67,0.01862,0.00238,5,95168.72,0
2026-01-18 10:47:27,95180.67,0.003,0.003,2,95168.72,0
2026-01-18 10:47:28,95176.81,0.35905,-0.35719,36,95168.71,0
2026-01-18 10:47:29,95176.81,0.00976,0.00976,3,95168.72,0
2026-01-18 10:47:32,95168.72,0.05891,0.057629999999999994,5,95168.72,0
2026-01-18 10:47:33,95168.71,0.00218,0.00132,3,95168.72,1
2026-01-18 10:47:34,95168.72,0.0023,0.0023,1,95168.71,0
2026-01-18 10:47:37,95168.72,9e-05,9e-05,1,95168.71,0
2026-01-18 10:47:38,95168.72,0.00449,0.0042899999999999995,3,95168.71,0
2026-01-18 10:47:39,95168.71,0.0005,-0.0005,1,95168.71,0
2026-01-18 10:47:40,95168.71,0.00023,-0.00011000000000000002,3,95168.72,1
2026-01-18 10:47:41,95168.71,0.0006900000000000001,-0.0006900000000000001,2,95168.72,1
2026-01-18 10:47:42,95168.71,0.01021,0.00625,6,95168.71,0
2026-01-18 10:47:43,95168.71,0.00347,-0.00347,1,95168.72,1
2026-01-18 10:47:44,95168.71,0.00108,-0.0009,2,95168.72,1
2026-01-18 10:47:45,95168.72,4.11623,4.115209999999999,2,95168.72,0
2026-01-18 10:47:47,95168.71,0.00064,-0.00064,1,95168.71,0
2026-01-18 10:47:50,95168.72,0.01413,-0.00865,5,95168.71,0
2026-01-18 10:47:55,95168.71,0.00055,-0.00055,1,95168.72,1
2026-01-18 10:47:56,95168.71,0.00031,0.00013000000000000002,2,95168.71,0
2026-01-18 10:48:00,95168.72,0.04203,0.04203,1,95168.71,0
2026-01-18 10:48:01,95168.71,0.00014,-0.00014,1,95168.71,0
2026-01-18 10:48:02,95168.72,0.00152,0.00152,2,95168.71,0
2026-01-18 10:48:04,95168.72,0.00034,1.9999999999999985e-05,3,95168.71,0
2026-01-18 10:48:05,95168.71,0.01331,-0.012570000000000001,3,95168.72,1
2026-01-18 10:48:06,95168.71,9e-05,-9e-05,1,95168.72,1
2026-01-18 10:48:07,95168.71,0.00455,-0.00455,2,95168.71,0
2026-01-18 10:48:09,95168.71,0.00175,-0.00133,4,95168.72,1
2026-01-18 10:48:10,95168.72,0.00114,0.001,2,95168.71,0
2026-01-18 10:48:11,95168.72,0.02308,0.02288,3,95168.72,0
2026-01-18 10:48:12,95168.71,0.00129,-0.0008699999999999999,3,95168.72,1
2026-01-18 10:48:13,95168.71,0.06543,-0.06543,2,95168.71,0
2026-01-18 10:48:14,95168.72,0.00205,0.0019500000000000001,2,95168.71,0
2026-01-18 10:48:15,95168.71,0.02213,-0.02213,2,95168.72,1
2026-01-18 10:48:16,95168.72,0.00039,-0.00027,3,95168.71,0
2026-01-18 10:48:17,95168.72,0.00152,-0.00118,4,95168.72,0
2026-01-18 10:48:18,95168.71,0.0069,-0.0037800000000000004,3,95168.71,0
2026-01-18 10:48:19,95168.71,0.0053,-0.00478,5,95168.71,0
2026-01-18 10:48:21,95168.71,0.00405,-0.0020099999999999996,6,95168.72,1
2026-01-18 10:48:22,95168.72,0.0029200000000000003,0.0021200000000000004,3,95168.71,0
2026-01-18 10:48:23,95168.71,0.04507,-0.04451,5,95168.72,1
2026-01-18 10:48:24,95168.71,0.013090000000000001,0.00717,4,95168.71,0
2026-01-18 10:48:26,95168.72,0.00093,-0.00024999999999999995,3,95168.71,0
2026-01-18 10:48:27,95168.71,0.0092,-0.0026999999999999997,6,95168.72,1
2026-01-18 10:48:28,95168.72,0.00681,-0.00613,2,95168.72,0
2026-01-18 10:48:30,95168.71,0.0004,-0.0004,2,95168.72,1
2026-01-18 10:48:31,95168.71,0.04249,0.03307,3,95168.71,0
2026-01-18 10:48:32,95168.72,9e-05,9e-05,1,95168.71,0
2026-01-18 10:48:33,95168.72,0.04506,-0.04326000000000001,4,95168.71,0
2026-01-18 10:48:35,95168.72,0.050210000000000005,0.04991,4,95168.72,0
2026-01-18 10:48:37,95168.71,0.00066,-0.00066,1,95168.71,0
2026-01-18 10:48:38,95168.71,0.05062,-0.05062,1,95168.72,1
2026-01-18 10:48:39,95168.71,0.0016,0.00034,3,95168.72,1
2026-01-18 10:48:40,95168.72,0.00023,0.00023,2,95168.71,0
2026-01-18 10:48:42,95168.71,0.00334,-0.0012200000000000002,5,95168.71,0
2026-01-18 10:48:43,95168.72,0.0024000000000000002,-0.00122,3,95168.71,0
2026-01-18 10:48:44,95168.72,0.035930000000000004,0.03555,3,95168.71,0
2026-01-18 10:48:46,95168.72,0.00209,0.00157,2,95168.72,0
2026-01-18 10:48:47,95168.71,0.00136,-0.00118,3,95168.72,1
2026-01-18 10:48:48,95168.71,0.05481,-0.05481,2,95168.71,0
2026-01-18 10:48:51,95168.72,0.00357,0.00033,2,95168.72,0
2026-01-18 10:48:52,95168.72,0.00095,0.00065,5,95168.71,0
2026-01-18 10:48:53,95168.71,0.00029,-0.00029,1,95168.71,0
2026-01-18 10:48:55,95168.71,9e-05,-9e-05,1,95168.71,0
2026-01-18 10:48:56,95168.72,0.04287,0.04287,1,95168.72,0
2026-01-18 10:48:57,95168.71,0.03301,-0.03301,4,95168.71,0
2026-01-18 10:48:58,95168.71,0.05448,-0.05448,4,95168.71,0
2026-01-18 10:48:59,95168.72,0.049049999999999996,0.049049999999999996,2,95168.71,0
2026-01-18 10:49:00,95168.71,0.08504,-0.08504,7,95168.71,0
2026-01-18 10:49:01,95168.72,0.03426,0.033839999999999995,4,95168.71,0
2026-01-18 10:49:02,95168.71,0.00041,0.00025,3,95168.71,0
2026-01-18 10:49:03,95168.71,0.10626,0.006899999999999996,3,95168.72,1
2026-01-18 10:49:04,95168.71,0.00015000000000000001,-3.0000000000000004e-05,2,95168.71,0
2026-01-18 10:49:06,95168.71,0.00521,0.0005500000000000001,4,95168.72,1
2026-01-18 10:49:07,95168.71,0.0033900000000000002,-0.0027700000000000003,5,95168.71,0
2026-01-18 10:49:08,95168.72,0.00204,0.00182,2,95168.71,0
2026-01-18 10:49:11,95168.72,0.00055,0.00055,1,95168.71,0
2026-01-18 10:49:12,95168.71,7e-05,-7e-05,1,95168.72,1
2026-01-18 10:49:13,95168.71,0.0434,-0.0434,1,95168.72,1
2026-01-18 10:49:16,95168.71,0.05701,0.05273,4,95168.72,1
2026-01-18 10:49:17,95168.72,0.00022,0.00022,2,95168.71,0
2026-01-18 10:49:18,95168.72,0.039709999999999995,-0.03941,2,95168.71,0
2026-01-18 10:49:20,95168.71,0.0003,-0.0003,1,95168.72,1
2026-01-18 10:49:21,95168.72,0.00176,0.00138,3,95168.71,0
2026-01-18 10:49:22,95168.71,0.00399,-0.0002099999999999999,2,95168.71,0
2026-01-18 10:49:25,95168.72,0.0055,-0.00102,3,95168.71,0
2026-01-18 10:49:26,95168.71,0.00015,-0.00015,1,95168.71,0
2026-01-18 10:49:27,95168.71,0.0038900000000000002,-0.0013499999999999999,2,95168.72,1
2026-01-18 10:49:30,95168.71,0.00377,-0.00377,1,95168.72,1
2026-01-18 10:49:32,95168.72,7e-05,7e-05,1,95168.72,0
2026-01-18 10:49:33,95168.71,0.05274,-0.03964,3,95168.72,1
2026-01-18 10:49:34,95168.71,0.00041,-0.00041,1,95168.72,1
2026-01-18 10:49:35,95168.72,0.00117,0.00117,1,95168.72,0
2026-01-18 10:49:37,95168.72,0.00602,-0.005359999999999999,3,95168.72,0
2026-01-18 10:49:38,95168.72,0.00021,0.00021,1,95168.71,0
2026-01-18 10:49:39,95168.72,9e-05,9e-05,1,95168.71,0
2026-01-18 10:49:40,95168.72,0.01309,0.01309,1,95168.71,0
2026-01-18 10:49:41,95168.71,0.00566,-0.00566,1,95168.71,0
2026-01-18 10:49:42,95168.72,0.00021,0.00021,1,95168.71,0
2026-01-18 10:49:43,95168.71,0.06441,-0.06375,3,95168.71,0
2026-01-18 10:49:44,95168.71,0.001,-0.001,1,95168.71,0
2026-01-18 10:49:45,95168.71,0.0019100000000000002,-0.0019100000000000002,3,95168.71,0
2026-01-18 10:49:46,95168.71,0.00052,-0.00052,1,95168.72,1
2026-01-18 10:49:47,95168.71,8e-05,-8e-05,1,95168.72,1
2026-01-18 10:49:48,95168.71,0.023770000000000003,-0.023770000000000003,2,95168.71,0
2026-01-18 10:49:49,95168.71,0.002,-0.002,1,95168.72,1
2026-01-18 10:49:50,95168.71,0.00185,-0.00185,3,95168.72,1
2026-01-18 10:49:51,95168.72,0.00029,0.00029,2,95168.72,0
2026-01-18 10:49:52,95168.72,0.034030000000000005,0.03275,2,95168.72,0
2026-01-18 10:49:53,95168.71,0.00599,-0.00599,1,95168.71,0
2026-01-18 10:49:54,95168.72,0.020989999999999998,0.02073,3,95168.72,0
2026-01-18 10:49:55,95168.72,0.00593,0.00593,1,95168.72,0
2026-01-18 10:49:56,95168.72,0.0001,0.0001,1,95168.71,0
2026-01-18 10:49:57,95168.72,0.00107,-0.00053,3,95168.71,0
2026-01-18 10:49:58,95168.71,0.00018,-0.00018,1,95158.66,0
2026-01-18 10:49:59,95168.72,0.01065,0.010129999999999998,3,95158.65,0
2026-01-18 10:50:00,95168.72,0.00106,0.00106,1,95158.65,0
2026-01-18 10:50:01,95168.71,0.03406,-0.03406,17,95158.65,0
2026-01-18 10:50:02,95168.71,0.09702999999999999,-0.09702999999999999,8,95158.65,0
2026-01-18 10:50:03,95158.66,0.69048,-0.66838,118,95158.65,0
2026-01-18 10:50:04,95158.65,0.00274,-0.0025199999999999997,10,95158.65,0
2026-01-18 10:50:05,95158.65,0.00039999999999999996,-0.00023999999999999998,3,95158.65,0
2026-01-18 10:50:06,95158.65,0.00263,-0.00263,9,95158.66,1
2026-01-18 10:50:07,95158.65,0.02445,0.02393,2,95158.66,1
2026-01-18 10:50:08,95158.65,0.00124,0.0007199999999999999,2,95158.65,0
2026-01-18 10:50:09,95158.65,0.00121,-0.00121,2,95158.66,1
2026-01-18 10:50:10,95158.65,0.02046,-0.01626,4,95158.65,0
2026-01-18 10:50:12,95158.66,0.00020999999999999998,0.00020999999999999998,2,95158.66,0
2026-01-18 10:50:13,95158.65,0.00224,-0.00224,1,95158.65,0
2026-01-18 10:50:14,95158.66,0.00055,0.00055,1,95158.65,0
2026-01-18 10:50:15,95158.65,0.01194,-0.01194,3,95158.66,1
2026-01-18 10:50:17,95158.66,0.00029,0.00029,1,95158.66,0
2026-01-18 10:50:18,95158.65,0.00025,-0.00025,1,95158.65,0
2026-01-18 10:50:21,95158.66,0.0001,0.0001,1,95158.65,0
2026-01-18 10:50:22,95158.66,0.00409,0.00409,2,95158.66,0
2026-01-18 10:50:23,95158.65,0.02643,-0.02643,2,95158.65,0
2026-01-18 10:50:26,95158.65,0.00081,-0.00081,1,95158.66,1
2026-01-18 10:50:27,95158.66,0.0048200000000000005,0.0048200000000000005,2,95158.65,0
2026-01-18 10:50:28,95158.65,0.00174,-0.00174,1,95158.65,0
2026-01-18 10:50:29,95158.65,0.0072499999999999995,0.00677,2,95158.66,1
2026-01-18 10:50:31,95158.66,0.004860000000000001,-0.0047,2,95158.65,0
2026-01-18 10:50:32,95158.65,0.00099,6.999999999999997e-05,3,95158.65,0
2026-01-18 10:50:33,95158.65,0.0038900000000000002,-0.00321,5,95158.66,1
2026-01-18 10:50:36,95158.65,0.0025,-0.0025,1,95158.65,0
2026-01-18 10:50:37,95158.65,0.00263,-0.0015299999999999997,2,95158.65,0
2026-01-18 10:50:40,95158.66,0.01458,0.0011599999999999996,3,95158.66,0
2026-01-18 10:50:41,95158.65,0.00055,-0.00055,1,95158.66,1
2026-01-18 10:50:42,95158.65,0.00016,4e-05,2,95158.66,1
2026-01-18 10:50:45,95158.66,0.00675,0.00675,2,95158.65,0
2026-01-18 10:50:46,95158.66,0.00045,0.00045,1,95158.65,0
2026-01-18 10:50:47,95158.66,0.03946,0.03842,4,95158.66,0
2026-01-18 10:50:48,95158.65,6e-05,-6e-05,1,95158.66,1
2026-01-18 10:50:49,95158.65,0.00123,-0.0001299999999999999,3,95158.65,0
2026-01-18 10:50:50,95158.65,0.00011,-0.00011,1,95158.66,1
2026-01-18 10:50:51,95158.65,0.00075,-0.00075,1,95158.65,0
2026-01-18 10:50:52,95158.66,0.00151,-0.0007100000000000001,2,95158.65,0
2026-01-18 10:50:53,95158.66,0.00108,-0.00066,2,95158.66,0
2026-01-18 10:50:54,95158.65,0.0005499999999999999,-0.0005499999999999999,2,95158.66,1
2026-01-18 10:50:56,95158.65,0.03261,-0.03261,1,95158.66,1
2026-01-18 10:50:58,95158.66,0.00058,0.00058,1,95158.66,0
2026-01-18 10:50:59,95158.66,0.0006699999999999999,-0.00037,2,95158.66,0
2026-01-18 10:51:01,95158.66,0.00118,-0.00076,2,95158.65,0
2026-01-18 10:51:03,95158.66,0.11792,-0.0999,15,95158.66,0
2026-01-18 10:51:04,95158.66,0.0031100000000000004,-0.00299,2,95158.65,0
2026-01-18 10:51:05,95158.65,0.00782,0.00742,3,95158.66,1
2026-01-18 10:51:06,95158.65,0.00266,0.0020800000000000003,5,95158.65,0
2026-01-18 10:51:07,95158.65,0.00158,-0.0014,4,95158.66,1
2026-01-18 10:51:08,95158.66,0.00025,3.0000000000000004e-05,3,95158.66,0
2026-01-18 10:51:09,95158.65,0.00126,-0.00126,1,95158.66,1
2026-01-18 10:51:10,95158.66,0.00959,0.00038999999999999994,7,95158.65,0
2026-01-18 10:51:11,95158.65,0.02152,-0.02152,3,95158.66,1
2026-01-18 10:51:12,95158.66,0.00017999999999999998,0.00017999999999999998,2,95158.65,0
2026-01-18 10:51:13,95158.66,0.06004,0.06004,1,95158.66,0
2026-01-18 10:51:15,95158.65,0.00047999999999999996,0.00019999999999999998,3,95158.65,0
2026-01-18 10:51:17,95158.65,0.00068,-0.00068,4,95158.66,1
2026-01-18 10:51:18,95158.66,0.00012,0.00012,1,95158.66,0
2026-01-18 10:51:22,95158.66,0.00177,0.00177,1,95158.65,0
2026-01-18 10:51:24,95158.65,0.0002,-0.0002,1,95158.66,1
2026-01-18 10:51:26,95158.66,0.00575,-0.00541,3,95158.66,0
2026-01-18 10:51:27,95158.65,0.00847,-0.0042499999999999994,4,95158.65,0
2026-01-18 10:51:29,95158.66,0.00054,0.00054,2,95158.66,0
2026-01-18 10:51:30,95158.65,0.00046,-0.00046,1,95158.65,0
2026-01-18 10:51:31,95158.66,0.0006,0.0006,1,95158.66,0
2026-01-18 10:51:32,95158.65,0.00333,-0.0030700000000000002,2,95158.65,0
2026-01-18 10:51:34,95158.66,0.00033,9e-05,2,95158.65,0
2026-01-18 10:51:35,95158.65,0.00032,-0.00032,1,95158.66,1
2026-01-18 10:51:36,95158.66,0.01104,0.01104,1,95159.83,1
2026-01-18 10:51:37,95158.65,0.0002,-0.0002,1,95159.82,1
2026-01-18 10:51:39,95158.65,0.00026,-0.00026,1,95159.83,1
2026-01-18 10:51:42,95159.82,0.00028,-0.00028,1,95159.83,1
2026-01-18 10:51:43,95159.82,0.02042,-0.02004,3,95160.09,1
2026-01-18 10:51:44,95159.83,0.00058,0.00058,1,95161.27,1
2026-01-18 10:51:47,95159.83,0.00022,0.00022,1,95161.28,1
2026-01-18 10:51:48,95160.09,0.013680000000000001,0.013340000000000001,9,95161.27,1
2026-01-18 10:51:49,95161.27,0.13273,0.11449,11,95161.28,1
2026-01-18 10:51:50,95161.27,0.00019,-0.00019,1,95161.28,1
2026-01-18 10:51:52,95161.28,0.00141,-0.0011899999999999999,2,95161.28,0
2026-01-18 10:51:54,95161.28,0.00271,0.00271,3,95161.28,0
2026-01-18 10:51:55,95161.28,0.00207,0.00195,3,95168.71,1
2026-01-18 10:51:56,95161.27,0.0013700000000000001,0.00099,2,95168.72,1
2026-01-18 10:51:57,95161.28,0.0028399999999999996,0.0028399999999999996,2,95168.72,1
2026-01-18 10:51:59,95161.28,0.00022,0.00022,1,95168.76,1
2026-01-18 10:52:00,95168.71,0.12095,0.11721000000000001,55,95168.75,1
2026-01-18 10:52:01,95168.72,0.05258,0.0388,8,95168.76,1
2026-01-18 10:52:03,95168.76,0.03606,0.03606,14,95168.76,0
2026-01-18 10:52:04,95168.76,0.04494,0.04388,18,95180.56,1
2026-01-18 10:52:05,95168.75,0.00406,0.00394,2,95180.67,1
2026-01-18 10:52:08,95168.76,0.00019999999999999998,5.9999999999999995e-05,2,95180.66,1
2026-01-18 10:52:09,95180.56,0.22294,0.22294,66,95180.67,1
2026-01-18 10:52:10,95180.67,0.15017,0.13391,11,95180.66,0
2026-01-18 10:52:12,95180.67,0.06309,0.06309,1,95180.66,0
2026-01-18 10:52:13,95180.66,9e-05,-9e-05,1,95180.67,1
2026-01-18 10:52:15,95180.66,0.02014,0.017560000000000003,5,95180.67,1
2026-01-18 10:52:16,95180.66,0.00212,-0.00126,4,95180.66,0
2026-01-18 10:52:17,95180.66,0.16,0.04000000000000001,2,95180.67,1
2026-01-18 10:52:18,95180.67,0.038270000000000005,0.038270000000000005,7,95180.67,0
2026-01-18 10:52:21,95180.66,0.00084,-0.00056,2,95180.67,1
2026-01-18 10:52:22,95180.67,0.00316,0.00316,2,95180.66,0
2026-01-18 10:52:23,95180.67,0.00149,0.00024999999999999995,3,95180.67,0
2026-01-18 10:52:24,95180.66,0.17048000000000002,0.12854000000000002,14,95180.67,1
2026-01-18 10:52:26,95180.67,7e-05,7e-05,1,95180.66,0
2026-01-18 10:52:27,95180.66,0.0012000000000000001,0.00054,3,95180.67,1
2026-01-18 10:52:28,95180.67,0.00488,0.00488,1,95180.66,0
2026-01-18 10:52:29,95180.67,0.00188,0.00188,1,95180.67,0
2026-01-18 10:52:31,95180.66,0.01329,0.01243,3,95180.67,1
2026-01-18 10:52:32,95180.67,0.10534,0.10534,4,95180.66,0
2026-01-18 10:52:33,95180.66,0.00395,-0.00333,3,95180.67,1
2026-01-18 10:52:34,95180.67,0.00175,0.00175,6,95180.66,0
2026-01-18 10:52:36,95180.67,0.00263,0.0013700000000000001,2,95180.66,0
2026-01-18 10:52:37,95180.66,0.00075,-0.00075,3,95180.67,1
2026-01-18 10:52:38,95180.67,0.04744,0.04744,2,95180.67,0
2026-01-18 10:52:39,95180.66,0.00816,-0.00816,2,95180.67,1
2026-01-18 10:52:40,95180.67,0.0008700000000000001,0.0008700000000000001,2,95180.67,0
2026-01-18 10:52:41,95180.66,0.00113,-0.0009699999999999999,2,95180.66,0
2026-01-18 10:52:42,95180.67,0.00015000000000000001,5e-05,2,95180.66,0
2026-01-18 10:52:43,95180.67,0.03501,0.034390000000000004,4,95180.66,0
2026-01-18 10:52:44,95180.67,0.00577,0.00577,1,95170.49,0
2026-01-18 10:52:45,95180.67,0.00014,0.00014,1,95170.48,0
2026-01-18 10:52:46,95180.66,0.62289,-0.62185,15,95170.48,0
2026-01-18 10:52:47,95180.66,0.78417,-0.78417,11,95170.48,0
2026-01-18 10:52:48,95180.66,0.047020000000000006,-0.047020000000000006,3,95170.49,0
2026-01-18 10:52:49,95170.49,0.91733,-0.91511,46,95170.48,0
2026-01-18 10:52:51,95170.48,0.0002,-0.0002,1,95168.75,0
2026-01-18 10:52:52,95170.48,0.00012,-0.00012,1,95168.76,0
2026-01-18 10:52:56,95168.75,0.028589999999999997,-0.00499,16,95168.76,1
2026-01-18 10:52:57,95168.76,0.00358,-0.00304,2,95168.75,0
2026-01-18 10:53:00,95168.75,0.00053,-0.00053,2,95168.75,0
2026-01-18 10:53:01,95168.76,0.00046,0.00046,2,95168.75,0
2026-01-18 10:53:02,95168.75,0.00671,-0.006169999999999999,4,95168.76,1
2026-01-18 10:53:03,95168.76,0.00045,0.00045,3,95168.75,0
2026-01-18 10:53:04,95168.76,0.00648,0.0063,5,95168.75,0
2026-01-18 10:53:05,95168.75,0.0041199999999999995,0.00292,7,95168.75,0
2026-01-18 10:53:06,95168.75,0.0061600000000000005,-0.0058200000000000005,11,95168.76,1
2026-01-18 10:53:07,95168.76,0.00163,0.00163,1,95168.75,0
2026-01-18 10:53:09,95168.75,0.00316,-0.00039999999999999975,4,95168.76,1
2026-01-18 10:53:10,95168.75,0.0002,-0.0002,1,95168.76,1
2026-01-18 10:53:11,95168.76,0.00065,0.00065,2,95168.76,0
2026-01-18 10:53:12,95168.75,0.00051,-0.00051,1,95168.76,1
2026-01-18 10:53:14,95168.76,0.01115,0.010110000000000001,6,95168.76,0
2026-01-18 10:53:15,95168.76,0.00054,0.00015999999999999999,3,95168.76,0
2026-01-18 10:53:16,95168.76,0.00423,-0.00299,6,95168.76,0
2026-01-18 10:53:17,95168.76,0.00482,0.00442,3,95168.75,0
2026-01-18 10:53:18,95168.75,0.00025,-0.00025,1,95168.75,0
2026-01-18 10:53:19,95168.76,0.00341,0.0032700000000000003,4,95168.75,0
2026-01-18 10:53:20,95168.76,0.00203,0.00203,2,95168.76,0
2026-01-18 10:53:22,95168.75,0.008889999999999999,-0.004369999999999999,4,95168.76,1
2026-01-18 10:53:23,95168.75,0.005829999999999999,-0.005829999999999999,2,95168.76,1
2026-01-18 10:53:24,95168.75,0.00026,-0.00026,1,95168.75,0
2026-01-18 10:53:25,95168.76,0.00025,0.00025,1,95168.76,0
2026-01-18 10:53:27,95168.76,0.0017499999999999998,0.0017499999999999998,3,95168.76,0
2026-01-18 10:53:28,95168.76,0.00055,0.00055,1,95168.75,0
2026-01-18 10:53:29,95168.75,0.00017,-9.999999999999999e-06,2,95168.76,1
2026-01-18 10:53:30,95168.76,0.00091,0.00091,3,95168.76,0
2026-01-18 10:53:31,95168.76,0.00149,0.0012499999999999998,3,95168.75,0
2026-01-18 10:53:34,95168.76,0.01379,-0.012469999999999998,3,95168.75,0
2026-01-18 10:53:35,95168.76,9e-05,9e-05,1,95168.76,0
2026-01-18 10:53:36,95168.75,0.0045000000000000005,-0.00182,5,95168.75,0
2026-01-18 10:53:39,95168.75,0.00031,-0.00031,1,95168.76,1
2026-01-18 10:53:40,95168.76,0.00453,0.00453,3,95168.76,0
2026-01-18 10:53:41,95168.75,0.00174,-0.0016,3,95168.76,1
2026-01-18 10:53:42,95168.76,0.0007999999999999999,0.0007999999999999999,3,95168.75,0
2026-01-18 10:53:43,95168.76,0.0005,0.0005,1,95168.76,0
2026-01-18 10:53:44,95168.76,0.01038,0.01038,5,95168.76,0
2026-01-18 10:53:45,95168.76,7e-05,7e-05,1,95170.48,1
2026-01-18 10:53:46,95168.76,0.00176,0.00176,1,95170.49,1
2026-01-18 10:53:48,95168.76,0.0013599999999999999,0.00084,4,95170.49,1
2026-01-18 10:53:49,95168.76,0.00616,0.00616,2,95177.64,1
2026-01-18 10:53:50,95170.48,0.09275,0.07847,15,95177.63,1
2026-01-18 10:53:51,95170.49,0.00255,0.00161,3,95177.64,1
2026-01-18 10:53:53,95170.49,0.00030000000000000003,0.00030000000000000003,2,95177.63,1
2026-01-18 10:53:54,95177.64,0.23291,0.23291,33,95177.64,0
2026-01-18 10:53:55,95177.63,0.00216,0.00184,2,95177.64,1
2026-01-18 10:53:56,95177.64,0.00488,0.00488,1,95177.63,0
2026-01-18 10:53:57,95177.64,0.0015600000000000002,0.0015600000000000002,2,95177.64,0
2026-01-18 10:53:58,95177.63,0.00898,-0.00898,2,95177.64,1
2026-01-18 10:53:59,95177.64,0.01647,-0.015969999999999998,2,95177.64,0
2026-01-18 10:54:00,95177.64,0.00097,0.00097,1,95177.64,0
2026-01-18 10:54:01,95177.63,0.0497,-0.04804,4,95177.64,1
2026-01-18 10:54:02,95177.64,0.00155,0.00105,3,95177.64,0
2026-01-18 10:54:03,95177.64,0.00393,0.00393,3,95177.64,0
2026-01-18 10:54:04,95177.64,0.00124,0.00124,3,95177.64,0
2026-01-18 10:54:05,95177.64,0.00197,0.0008100000000000001,4,95177.64,0
2026-01-18 10:54:07,95177.64,0.00034,0.00034,1,95177.64,0
2026-01-18 10:54:08,95177.64,0.005399999999999999,-0.0029999999999999996,3,95177.64,0
2026-01-18 10:54:09,95177.64,0.00834,0.00834,6,95177.64,0
2026-01-18 10:54:10,95177.64,0.0001,0.0001,1,95177.64,0
2026-01-18 10:54:12,95177.64,0.00064,-0.00024,2,95177.64,0
2026-01-18 10:54:13,95177.64,0.00035,0.00035,1,95177.64,0
2026-01-18 10:54:14,95177.64,0.0021,0.0021,1,95177.64,0
2026-01-18 10:54:15,95177.64,0.00031,0.00031,2,95177.63,0
2026-01-18 10:54:16,95177.64,0.32092,0.32092,3,95177.64,0
2026-01-18 10:54:17,95177.64,0.005370000000000001,0.005370000000000001,4,95177.64,0
2026-01-18 10:54:18,95177.64,0.00324,0.00324,5,95177.64,0
2026-01-18 10:54:19,95177.64,0.0012699999999999999,0.0012699999999999999,3,95177.64,0
2026-01-18 10:54:20,95177.63,0.11506999999999999,0.11481,5,95177.64,1
2026-01-18 10:54:21,95177.64,0.00234,-0.0016799999999999999,4,95177.64,0
2026-01-18 10:54:22,95177.64,0.00292,0.00292,4,95177.63,0
2026-01-18 10:54:24,95177.64,0.01937,0.01937,4,95177.64,0
2026-01-18 10:54:25,95177.64,0.00377,0.00377,3,95177.64,0
2026-01-18 10:54:26,95177.64,0.00736,0.00204,6,95177.64,0
2026-01-18 10:54:27,95177.63,0.0048400000000000006,0.004580000000000001,4,95177.64,1
2026-01-18 10:54:29,95177.64,0.00082,0.00082,3,95177.64,0
2026-01-18 10:54:30,95177.64,0.00029,0.00029,1,95177.64,0
2026-01-18 10:54:31,95177.64,0.00012,0.00012,1,95177.64,0
2026-01-18 10:54:32,95177.64,0.00106,0.0007800000000000001,2,95177.64,0
2026-01-18 10:54:34,95177.64,0.00058,0.00058,2,95177.63,0
2026-01-18 10:54:35,95177.64,0.0005,0.0005,1,95177.64,0
2026-01-18 10:54:36,95177.64,0.015710000000000002,0.01527,3,95177.64,0
2026-01-18 10:54:37,95177.64,0.00125,-0.00075,2,95180.67,1
2026-01-18 10:54:38,95177.63,0.00149,-0.00113,3,95180.66,1
2026-01-18 10:54:39,95177.63,0.01483,0.01321,3,95180.67,1
2026-01-18 10:54:40,95177.64,0.28278000000000003,0.28252,4,95180.67,1
2026-01-18 10:54:41,95177.64,0.04517,-0.04485,2,95180.67,1
2026-01-18 10:54:42,95180.67,0.0908,0.0908,28,95180.67,0
2026-01-18 10:54:43,95180.66,0.00148,0.00047999999999999996,3,95180.67,1
2026-01-18 10:54:44,95180.67,0.00227,0.00227,3,95180.67,0
2026-01-18 10:54:45,95180.67,0.012029999999999999,0.012029999999999999,2,95180.67,0
2026-01-18 10:54:46,95180.67,0.0016099999999999999,0.0005700000000000001,3,95180.66,0
2026-01-18 10:54:47,95180.67,0.0179,0.010100000000000001,4,95180.66,0
2026-01-18 10:54:48,95180.67,0.00302,0.00234,2,95180.66,0
2026-01-18 10:54:49,95180.67,0.00693,-0.00411,5,95180.66,0
2026-01-18 10:54:50,95180.67,0.00073,0.00073,3,95180.67,0
2026-01-18 10:54:51,95180.66,0.00181,-0.0006299999999999999,2,95180.67,1
2026-01-18 10:54:53,95180.66,0.00179,-0.00149,4,95180.67,1
2026-01-18 10:54:54,95180.66,0.0027199999999999998,-0.00212,2,95180.67,1
2026-01-18 10:54:55,95180.67,0.0013,0.0013,1,95180.66,0
2026-01-18 10:54:56,95180.67,0.027360000000000002,-0.006019999999999999,3,95180.67,0
2026-01-18 10:54:58,95180.67,0.00025,0.00025,2,95180.67,0
2026-01-18 10:54:59,95180.67,0.00251,-0.0016499999999999998,3,95180.67,0
2026-01-18 10:55:00,95180.66,0.00515,-0.00391,4,95180.66,0
2026-01-18 10:55:01,95180.67,0.0045000000000000005,0.0036200000000000004,3,95180.66,0
2026-01-18 10:55:02,95180.67,0.00184,0.0011,5,95180.67,0
2026-01-18 10:55:03,95180.67,0.00407,0.0022700000000000003,4,95180.67,0
2026-01-18 10:55:04,95180.67,0.00124,0.00124,4,95180.67,0
2026-01-18 10:55:05,95180.66,0.0005,0.00038,2,95180.67,1
2026-01-18 10:55:06,95180.66,0.00396,0.0031599999999999996,2,95180.67,1
2026-01-18 10:55:09,95180.67,0.0003,0.0003,1,95180.67,0
2026-01-18 10:55:10,95180.67,0.00165,0.00165,2,95180.66,0
2026-01-18 10:55:11,95180.67,0.00018,0.00018,1,95180.67,0
2026-01-18 10:55:14,95180.67,0.11247,0.11233000000000001,5,95180.67,0
2026-01-18 10:55:15,95180.66,0.006750000000000001,-0.00417,4,95180.66,0
2026-01-18 10:55:16,95180.67,0.00048,8e-05,3,95180.67,0
2026-01-18 10:55:17,95180.67,0.00025,0.00025,1,95180.67,0
2026-01-18 10:55:18,95180.66,0.0036100000000000004,-0.0036100000000000004,2,95180.66,0
2026-01-18 10:55:19,95180.67,0.00024,0.00024,1,95180.67,0
2026-01-18 10:55:20,95180.66,0.00243,-0.00243,1,95180.67,1
2026-01-18 10:55:21,95180.67,0.0016400000000000002,-0.0009400000000000001,4,95180.66,0
2026-01-18 10:55:22,95180.67,0.0013,-0.00118,2,95180.66,0
2026-01-18 10:55:23,95180.66,0.00123,-0.00097,2,95180.67,1
2026-01-18 10:55:24,95180.67,0.0001,0.0001,1,95180.66,0
2026-01-18 10:55:25,95180.67,0.00022,0.00022,1,95180.67,0
2026-01-18 10:55:26,95180.66,0.00133,0.00059,5,95180.66,0
2026-01-18 10:55:27,95180.66,0.00266,-0.00224,2,95180.67,1
2026-01-18 10:55:28,95180.67,0.00011,0.00011,1,95180.67,0
2026-01-18 10:55:29,95180.66,0.0011200000000000001,0.0003200000000000001,4,95180.67,1
2026-01-18 10:55:30,95180.67,0.00082,0.00082,1,95180.67,0
2026-01-18 10:55:31,95180.66,0.004200000000000001,-0.0029000000000000002,3,95180.67,1
2026-01-18 10:55:32,95180.67,0.00167,0.00093,4,95180.67,0
2026-01-18 10:55:33,95180.67,0.00644,0.0063,3,95180.67,0
2026-01-18 10:55:34,95180.67,0.01137,0.01105,3,95180.67,0
2026-01-18 10:55:35,95180.67,0.022629999999999997,0.022629999999999997,5,95180.67,0
2026-01-18 10:55:36,95180.67,0.011720000000000001,0.011720000000000001,4,95180.67,0
2026-01-18 10:55:37,95180.67,0.48573,-0.43205000000000005,6,95180.67,0
2026-01-18 10:55:38,95180.67,0.019450000000000002,0.019450000000000002,3,95180.67,0
2026-01-18 10:55:39,95180.67,0.02441,0.02411,7,95180.67,0
2026-01-18 10:55:40,95180.67,0.007299999999999999,0.00596,4,95180.67,0
2026-01-18 10:55:41,95180.67,0.04942,0.04942,3,95180.67,0
2026-01-18 10:55:42,95180.67,0.0035700000000000003,0.0035700000000000003,2,95180.67,0
2026-01-18 10:55:43,95180.67,0.04887999999999999,0.04528,6,95180.67,0
2026-01-18 10:55:44,95180.67,0.01034,0.01034,2,95180.67,0
2026-01-18 10:55:45,95180.67,0.04291,0.04291,2,95180.67,0
2026-01-18 10:55:46,95180.67,0.06639,0.06639,3,95180.67,0
2026-01-18 10:55:47,95180.67,0.04695,0.04695,5,95180.67,0
2026-01-18 10:55:48,95180.67,0.01165,0.01165,5,95180.67,0
2026-01-18 10:55:49,95180.67,0.06863999999999999,0.06863999999999999,5,95180.67,0
2026-01-18 10:55:50,95180.67,0.04964,0.04964,4,95180.67,0
2026-01-18 10:55:51,95180.67,0.04328,0.04328,3,95180.67,0
2026-01-18 10:55:52,95180.67,0.01107,0.01107,3,95180.67,0
2026-01-18 10:55:53,95180.67,0.031420000000000003,0.031420000000000003,3,95180.67,0
2026-01-18 10:55:54,95180.67,0.04984,0.04984,4,95180.67,0
2026-01-18 10:55:55,95180.67,0.04116,0.04116,5,95180.67,0
2026-01-18 10:55:56,95180.67,0.01942,0.01942,2,95180.67,0
2026-01-18 10:55:57,95180.67,0.04607,0.04559,3,95180.67,0
2026-01-18 10:55:58,95180.67,0.025750000000000002,0.025750000000000002,3,95180.67,0
2026-01-18 10:55:59,95180.67,0.049909999999999996,0.013730000000000001,5,95180.67,0
2026-01-18 10:56:00,95180.67,0.05982,0.05982,5,95180.67,0
2026-01-18 10:56:01,95180.67,0.06978,0.057319999999999996,8,95180.67,0
2026-01-18 10:56:02,95180.67,0.06284999999999999,0.06284999999999999,3,95180.67,0
2026-01-18 10:56:03,95180.67,0.02693,0.02693,3,95180.66,0
2026-01-18 10:56:04,95180.67,0.06286,0.05966,7,95180.67,0
2026-01-18 10:56:06,95180.67,0.02019,0.02019,4,95180.66,0
2026-01-18 10:56:07,95180.67,0.03296,0.03296,5,95180.66,0
2026-01-18 10:56:09,95180.67,0.02318,0.02146,5,95180.66,0
2026-01-18 10:56:11,95180.66,0.00185,-0.00185,1,95180.66,0
2026-01-18 10:56:12,95180.66,0.00105,-0.00105,1,95180.67,1
2026-01-18 10:56:14,95180.66,0.00019,-0.00019,1,95180.67,1
2026-01-18 10:56:16,95180.66,0.01107,0.008790000000000001,6,95180.67,1
2026-01-18 10:56:17,95180.67,0.0008,0.0008,3,95180.66,0
2026-01-18 10:56:18,95180.66,0.0016,-0.00026000000000000003,4,95180.67,1
2026-01-18 10:56:19,95180.67,0.01251,0.011689999999999999,5,95180.67,0
2026-01-18 10:56:20,95180.66,0.004770000000000001,-0.00371,4,95180.66,0
2026-01-18 10:56:21,95180.67,0.00114,0.00114,2,95180.66,0
2026-01-18 10:56:23,95180.67,0.00647,0.00647,2,95180.66,0
2026-01-18 10:56:24,95180.67,0.02768,0.02768,3,95180.67,0
2026-01-18 10:56:26,95180.66,0.00062,0.00043999999999999996,2,95180.67,1
2026-01-18 10:56:28,95180.66,0.0007300000000000001,0.00037,2,95180.67,1
2026-01-18 10:56:31,95180.67,0.0001,0.0001,1,95180.67,0
2026-01-18 10:56:33,95180.67,0.00038,0.00038,2,95180.67,0
2026-01-18 10:56:35,95180.67,0.00018,0.00018,1,95180.67,0
2026-01-18 10:56:38,95180.67,0.00086,0.00086,1,95180.67,0
2026-01-18 10:56:42,95180.66,0.00106,0.00017999999999999998,2,95180.67,1
2026-01-18 10:56:43,95180.67,0.00013,0.00013,1,95180.66,0
2026-01-18 10:56:46,95180.66,0.0054199999999999995,0.0043,3,95180.67,1
2026-01-18 10:56:48,95180.66,0.0049299999999999995,-0.00453,2,95180.66,0
2026-01-18 10:56:50,95180.66,0.00018,-0.00018,2,95180.67,1
2026-01-18 10:56:53,95180.66,0.0001,-0.0001,1,95180.66,0
2026-01-18 10:56:57,95180.67,0.00058,0.00058,2,95180.66,0
2026-01-18 10:56:59,95180.66,0.00268,-0.0014399999999999999,3,95180.66,0
2026-01-18 10:57:02,95180.66,0.00063,-0.00063,1,95180.67,1
2026-01-18 10:57:04,95180.66,0.00065,0.00019000000000000004,4,95180.67,1
2026-01-18 10:57:05,95180.66,0.00038,-0.00038,2,95180.66,0
2026-01-18 10:57:07,95180.67,0.0105,0.0105,4,95180.67,0
2026-01-18 10:57:08,95180.66,0.00523,-0.00523,1,95180.67,1
2026-01-18 10:57:09,95180.67,0.0013900000000000002,0.0013900000000000002,2,95180.67,0
2026-01-18 10:57:10,95180.66,0.0001,-0.0001,1,95180.66,0
2026-01-18 10:57:12,95180.67,0.00024,0.00024,1,95180.67,0
2026-01-18 10:57:13,95180.67,0.0063100000000000005,0.00419,3,95180.66,0
2026-01-18 10:57:15,95180.66,0.00021,-0.00021,1,95180.67,1
2026-01-18 10:57:17,95180.67,0.00031,0.00031,1,95180.66,0
2026-01-18 10:57:18,95180.66,0.009470000000000001,-0.00803,5,95180.66,0
2026-01-18 10:57:23,95180.66,0.00198,-0.00198,3,95180.67,1
2026-01-18 10:57:24,95180.67,0.01463,0.01441,3,95180.67,0
2026-01-18 10:57:26,95180.67,0.00098,0.00098,1,95180.66,0
2026-01-18 10:57:29,95180.67,0.00083,0.00083,1,95180.67,0
2026-01-18 10:57:30,95180.66,0.00038,-0.00038,4,95180.67,1
2026-01-18 10:57:32,95180.66,0.00027,-0.00027,2,95180.67,1
2026-01-18 10:57:34,95180.67,0.00126,0.00086,2,95180.67,0
2026-01-18 10:57:35,95180.67,0.00025,9.999999999999986e-06,2,95180.66,0
2026-01-18 10:57:37,95180.67,0.031630000000000005,0.031630000000000005,2,95180.66,0
2026-01-18 10:57:38,95180.67,0.00032,0.00032,2,95180.66,0
2026-01-18 10:57:39,95180.67,0.00843,-0.00783,3,95180.66,0
2026-01-18 10:57:40,95180.66,0.00021,-0.00021,1,95180.66,0
2026-01-18 10:57:41,95180.66,0.0012699999999999999,-0.0012699999999999999,2,95180.67,1
2026-01-18 10:57:43,95180.66,0.00043,-0.00043,1,95180.66,0
2026-01-18 10:57:45,95180.66,0.0016300000000000002,0.00093,3,95180.67,1
2026-01-18 10:57:46,95180.67,0.01254,-0.008280000000000001,2,95180.67,0
2026-01-18 10:57:48,95180.66,0.0002,-0.0002,1,95180.66,0
2026-01-18 10:57:50,95180.67,0.00304,0.0019,5,95180.66,0
2026-01-18 10:57:51,95180.67,0.012299999999999998,0.005699999999999999,2,95180.67,0
2026-01-18 10:57:53,95180.66,0.00019,-0.00019,1,95180.66,0
2026-01-18 10:57:55,95180.66,0.0002,-0.0002,1,95180.67,1
2026-01-18 10:57:56,95180.67,0.00736,0.00736,1,95180.66,0
2026-01-18 10:57:57,95180.66,0.00091,-0.00026999999999999995,3,95180.67,1
2026-01-18 10:57:58,95180.66,0.04202,-0.04202,1,95180.67,1
2026-01-18 10:57:59,95180.67,0.00033,0.00033,2,95180.67,0
2026-01-18 10:58:00,95180.67,0.00055,0.00055,2,95180.66,0
2026-01-18 10:58:01,95180.66,0.01372,-0.01342,4,95180.66,0
2026-01-18 10:58:03,95180.67,0.0002,0.0002,1,95180.66,0
2026-01-18 10:58:04,95180.67,0.06011,0.06011,4,95180.67,0
2026-01-18 10:58:05,95180.66,6e-05,-6e-05,1,95180.67,1
2026-01-18 10:58:09,95180.67,0.00030000000000000003,-0.0001,2,95180.67,0
2026-01-18 10:58:10,95180.67,0.03344,-0.0168,6,95180.66,0
2026-01-18 10:58:12,95180.66,0.01,-0.01,1,95180.67,1
2026-01-18 10:58:14,95180.67,0.00021,0.00021,1,95180.66,0
2026-01-18 10:58:15,95180.66,0.02621,-0.02621,1,95180.67,1
2026-01-18 10:58:17,95180.67,0.00457,0.00457,3,95180.66,0
2026-01-18 10:58:31,95180.66,0.0001,-0.0001,1,95180.67,1
2026-01-18 10:58:34,95180.67,6e-05,6e-05,1,95180.66,0
2026-01-18 10:58:39,95180.66,0.010570000000000001,-0.010570000000000001,2,95180.66,0
2026-01-18 10:58:42,95180.66,0.0012100000000000001,0.00010999999999999996,2,95180.67,1
2026-01-18 10:58:46,95180.67,0.00418,0.00418,2,95180.66,0
2026-01-18 10:58:47,95180.67,0.016050000000000002,0.01307,8,95180.67,0
2026-01-18 10:58:48,95180.67,0.00726,0.00726,1,95180.67,0
2026-01-18 10:58:50,95180.67,0.00074,0.00074,2,95180.67,0
2026-01-18 10:58:51,95180.66,0.0034799999999999996,-0.0026799999999999997,3,95180.67,1
2026-01-18 10:58:52,95180.67,0.00037,0.00017,2,95180.66,0
2026-01-18 10:58:53,95180.67,0.0038100000000000005,0.00237,4,95180.66,0
2026-01-18 10:58:54,95180.66,0.00166,-0.00166,2,95180.66,0
2026-01-18 10:58:55,95180.67,0.0002,0.0002,1,95180.67,0
2026-01-18 10:58:57,95180.66,0.0047,-0.0047,1,95180.67,1
2026-01-18 10:58:58,95180.66,6e-05,-6e-05,1,95180.66,0
2026-01-18 10:58:59,95180.66,0.006010000000000001,0.00449,2,95180.67,1
2026-01-18 10:59:00,95180.67,0.00074,0.00034,3,95180.66,0
2026-01-18 10:59:03,95180.66,0.00207,-0.00131,3,95180.67,1
2026-01-18 10:59:04,95180.67,6e-05,6e-05,1,95180.66,0
2026-01-18 10:59:08,95180.67,0.00086,0.00086,2,95180.67,0
2026-01-18 10:59:09,95180.66,0.00221,-0.00221,1,95180.66,0
2026-01-18 10:59:12,95180.66,0.00032,-0.00032,1,95180.66,0
2026-01-18 10:59:13,95180.67,0.0123,0.009420000000000001,5,95180.67,0
2026-01-18 10:59:14,95180.66,0.00104,0.0006,2,95180.67,1
2026-01-18 10:59:17,95180.66,0.00714,-0.00714,1,95180.67,1
2026-01-18 10:59:19,95180.67,0.0065699999999999995,0.0065699999999999995,2,95180.66,0
2026-01-18 10:59:20,95180.67,0.02802,-0.02786,2,95180.67,0
2026-01-18 10:59:22,95180.67,0.00015,0.00015,1,95180.66,0
2026-01-18 10:59:27,95180.66,0.00065,-0.00065,2,95180.66,0
2026-01-18 10:59:28,95180.67,0.00405,0.00405,4,95180.67,0
2026-01-18 10:59:32,95180.66,0.0001,-0.0001,1,95180.67,1
2026-01-18 10:59:33,95180.67,0.00131,0.0006100000000000001,3,95180.67,0
2026-01-18 10:59:38,95180.67,0.4943,-0.49100000000000005,4,95180.67,0
2026-01-18 10:59:44,95180.66,0.0021,-0.0021,1,95180.67,1
2026-01-18 10:59:45,95180.67,0.0042,0.0042,3,95180.67,0
2026-01-18 10:59:46,95180.67,0.0014,0.0014,1,95180.66,0
2026-01-18 10:59:49,95180.67,0.0007999999999999999,0.0007999999999999999,2,95180.67,0
2026-01-18 10:59:50,95180.67,0.00029,3.0000000000000024e-05,2,95180.66,0
2026-01-18 10:59:51,95180.66,0.01295,-0.00853,3,95180.66,0
2026-01-18 10:59:55,95180.66,0.00966,-0.00966,1,95180.66,0
2026-01-18 10:59:56,95180.66,0.00014,-0.00014,1,95180.67,1
2026-01-18 10:59:58,95180.66,0.00417,-0.00417,1,95180.67,1
2026-01-18 11:00:00,95180.66,0.00199,7.000000000000008e-05,6,95180.66,0
2026-01-18 11:00:01,95180.67,0.00051,-0.00037,2,95180.67,0
2026-01-18 11:00:02,95180.67,0.00451,0.00425,5,95175.38,0
2026-01-18 11:00:03,95180.67,0.00184,0.0015199999999999999,4,95175.38,0
2026-01-18 11:00:04,95180.67,0.0025,0.0025,2,95175.37,0
2026-01-18 11:00:05,95180.66,6e-05,-6e-05,1,95175.38,0
2026-01-18 11:00:06,95180.67,0.00046,0.00046,2,95170.48,0
2026-01-18 11:00:07,95175.38,2.15542,-2.15532,39,95170.48,0
2026-01-18 11:00:08,95175.38,0.00046,-0.00016,2,95170.49,0
2026-01-18 11:00:10,95175.38,0.00024,0.00024,1,95170.48,0
2026-01-18 11:00:11,95170.48,0.1393,-0.13885999999999998,17,95170.49,1
2026-01-18 11:00:12,95170.48,0.017910000000000002,-0.01287,6,95170.48,0
2026-01-18 11:00:13,95170.49,0.00037,0.00037,1,95170.49,0
2026-01-18 11:00:15,95170.48,0.02969,-0.008689999999999998,3,95170.49,1
2026-01-18 11:00:16,95170.49,0.05714,0.055060000000000005,4,95170.48,0
2026-01-18 11:00:17,95170.48,0.0052,-0.0052,1,95170.39,0
2026-01-18 11:00:18,95170.49,0.00454,0.0044199999999999995,2,95170.38,0
2026-01-18 11:00:19,95170.49,0.03172,-0.028079999999999997,3,95170.39,0
2026-01-18 11:00:20,95170.49,0.00023,0.00023,1,95170.0,0
2026-01-18 11:00:21,95170.48,0.2439,-0.2439,5,95170.01,0
2026-01-18 11:00:23,95170.38,0.18734,0.16946,7,95170.0,0
2026-01-18 11:00:24,95170.39,0.00012,0.00012,1,95170.01,0
2026-01-18 11:00:25,95170.0,0.11938,-0.04348,21,95170.01,1
2026-01-18 11:00:26,95170.01,0.0020800000000000003,0.0020800000000000003,2,95170.0,0
2026-01-18 11:00:28,95170.0,0.02071,-0.0038899999999999994,6,95170.01,1
2026-01-18 11:00:29,95170.01,0.00042,0.00042,1,95170.01,0
2026-01-18 11:00:30,95170.01,0.00053,0.00053,1,95170.01,0
2026-01-18 11:00:31,95170.0,0.0009,-0.0009,1,95170.01,1
2026-01-18 11:00:32,95170.01,0.00435,0.0009499999999999999,3,95170.01,0
2026-01-18 11:00:33,95170.01,0.05662,0.05662,2,95170.01,0
2026-01-18 11:00:34,95170.01,0.00035000000000000005,0.00035000000000000005,2,95166.99,0
2026-01-18 11:00:35,95170.01,7e-05,7e-05,1,95163.89,0
2026-01-18 11:00:36,95170.01,0.00501,0.00501,4,95163.9,0
2026-01-18 11:00:37,95170.01,0.0136,0.01138,3,95163.9,0
2026-01-18 11:00:38,95170.01,0.0022700000000000003,0.0007700000000000001,6,95163.9,0
2026-01-18 11:00:39,95166.99,0.28450000000000003,-0.28338,30,95163.89,0
2026-01-18 11:00:40,95163.89,0.01006,-0.00976,80,95163.89,0
2026-01-18 11:00:41,95163.9,0.00378,-0.00312,27,95163.9,0
2026-01-18 11:00:42,95163.9,0.00591,0.00591,3,95163.89,0
2026-01-18 11:00:44,95163.89,0.00258,0.00038,4,95163.89,0
2026-01-18 11:00:45,95163.89,0.01141,-0.01141,1,95163.89,0
2026-01-18 11:00:50,95163.89,0.00181,-0.0004499999999999999,3,95163.9,1
2026-01-18 11:00:55,95163.9,0.01198,0.01198,1,95163.9,0
2026-01-18 11:00:56,95163.9,0.00046,3.9999999999999996e-05,2,95163.9,0
2026-01-18 11:00:57,95163.89,0.043,-0.043,1,95163.9,1
2026-01-18 11:00:58,95163.9,0.06676,0.06676,2,95163.9,0
2026-01-18 11:00:59,95163.89,0.00209,-0.00209,1,95163.9,1
2026-01-18 11:01:00,95163.9,0.01507,0.01507,2,95163.89,0
2026-01-18 11:01:01,95163.9,0.02253,-0.0033500000000000005,4,95163.9,0
2026-01-18 11:01:02,95163.9,0.00058,2.710505431213761e-20,4,95163.9,0
2026-01-18 11:01:04,95163.9,0.00013,0.00013,2,95163.9,0
2026-01-18 11:01:05,95163.89,0.00448,-0.004,3,95163.89,0
2026-01-18 11:01:06,95163.9,0.00337,0.00337,1,95163.9,0
2026-01-18 11:01:07,95163.9,0.00512,0.00512,2,95163.9,0
2026-01-18 11:01:09,95163.9,0.00713,0.00561,4,95163.9,0
2026-01-18 11:01:10,95163.89,0.029320000000000002,-0.029320000000000002,3,95163.89,0
2026-01-18 11:01:11,95163.9,0.14662,-0.14648,3,95163.89,0
2026-01-18 11:01:12,95163.9,0.010740000000000001,0.010740000000000001,2,95163.89,0
2026-01-18 11:01:14,95163.9,9e-05,9e-05,1,95163.89,0
2026-01-18 11:01:15,95163.89,0.00192,0.0018,4,95163.89,0
2026-01-18 11:01:16,95163.89,0.0023899999999999998,-0.00181,3,95163.89,0
2026-01-18 11:01:17,95163.89,0.0014700000000000002,0.00123,3,95163.9,1
2026-01-18 11:01:18,95163.89,0.00065,-0.00041,4,95163.89,0
2026-01-18 11:01:19,95163.89,0.00718,-0.00718,2,95163.9,1
2026-01-18 11:01:20,95163.89,0.00031,-0.00031,1,95163.9,1
2026-01-18 11:01:21,95163.89,0.0001,-0.0001,1,95163.9,1
2026-01-18 11:01:23,95163.89,0.00028,-0.00028,1,95163.9,1
2026-01-18 11:01:24,95163.9,0.00259,0.00099,2,95163.9,0
2026-01-18 11:01:25,95163.9,0.03912,0.03912,1,95163.9,0
2026-01-18 11:01:26,95163.9,8e-05,8e-05,1,95163.9,0
2026-01-18 11:01:29,95163.9,0.0026,0.0026,2,95147.49,0
2026-01-18 11:01:30,95163.9,0.01227,-0.01167,2,95147.48,0
2026-01-18 11:01:31,95163.9,0.02055,0.02033,5,95147.48,0
2026-01-18 11:01:32,95160.93,0.05736,-0.05736,30,95147.49,0
2026-01-18 11:01:34,95147.49,0.36052999999999996,-0.35824999999999996,66,95147.49,0
2026-01-18 11:01:35,95147.48,0.00609,-0.00609,1,95147.49,1
2026-01-18 11:01:36,95147.48,0.11609,-0.11549000000000001,2,95147.49,1
2026-01-18 11:01:37,95147.49,0.00125,0.00125,2,95147.49,0
2026-01-18 11:01:38,95147.48,0.0056500000000000005,0.00435,3,95147.48,0
2026-01-18 11:01:39,95147.49,0.00275,-0.0014299999999999998,4,95147.48,0
2026-01-18 11:01:40,95147.49,0.03632,0.035739999999999994,3,95147.49,0
2026-01-18 11:01:41,95147.49,0.00466,0.00466,3,95147.49,0
2026-01-18 11:01:43,95147.48,0.00118,-0.00096,2,95147.49,1
2026-01-18 11:01:44,95147.48,0.0001,-0.0001,1,95147.49,1
2026-01-18 11:01:45,95147.49,0.04385,0.04361,3,95147.48,0
2026-01-18 11:01:48,95147.49,0.00023,6.999999999999998e-05,2,95147.49,0
2026-01-18 11:01:49,95147.49,0.00429,0.00429,1,95147.49,0
2026-01-18 11:01:50,95147.48,0.00033,-0.00033,2,95147.48,0
2026-01-18 11:01:52,95147.49,0.00186,0.00186,2,95147.49,0
2026-01-18 11:01:54,95147.49,0.00497,0.00497,1,95147.48,0
2026-01-18 11:01:55,95147.48,0.04536,0.03812,3,95147.48,0
2026-01-18 11:01:56,95147.48,9e-05,-9e-05,1,95147.48,0
2026-01-18 11:01:57,95147.49,0.008490000000000001,0.00773,4,95147.49,0
2026-01-18 11:01:59,95147.48,6e-05,-6e-05,1,95147.49,1
2026-01-18 11:02:00,95147.48,0.04464,0.043660000000000004,3,95147.48,0
2026-01-18 11:02:01,95147.48,0.00309,-0.00193,2,95147.48,0
2026-01-18 11:02:02,95147.49,0.00011,0.00011,1,95147.49,0
2026-01-18 11:02:04,95147.49,0.00016,-4e-05,2,95147.48,0
2026-01-18 11:02:05,95147.48,6e-05,-6e-05,1,95147.49,1
2026-01-18 11:02:06,95147.48,0.00021999999999999998,7.999999999999999e-05,2,95147.49,1
2026-01-18 11:02:09,95147.48,0.00018,-0.00018,1,95147.49,1
2026-01-18 11:02:10,95147.49,0.05425,0.053869999999999994,3,95147.48,0
2026-01-18 11:02:11,95147.49,0.00158,0.00158,1,95147.49,0
2026-01-18 11:02:14,95147.49,0.00102,-0.00017999999999999993,2,95147.48,0
2026-01-18 11:02:15,95147.48,0.00464,-0.00464,2,95147.49,1
2026-01-18 11:02:16,95147.49,0.00123,0.00123,2,95147.49,0
2026-01-18 11:02:18,95147.49,0.00013,0.00013,1,95147.49,0
2026-01-18 11:02:19,95147.48,0.00094,0.0006399999999999999,4,95147.48,0
2026-01-18 11:02:23,95147.49,7e-05,7e-05,1,95147.49,0
2026-01-18 11:02:24,95147.48,0.00013,-0.00013,1,95147.48,0
2026-01-18 11:02:28,95147.49,0.0018499999999999999,0.0018499999999999999,2,95147.49,0
2026-01-18 11:02:30,95147.48,0.00495,-0.00495,2,95147.49,1
2026-01-18 11:02:33,95147.49,0.00017,0.00017,1,95147.49,0
2026-01-18 11:02:38,95147.49,0.02312,0.02312,1,95147.49,0
2026-01-18 11:02:43,95147.49,0.03614,0.03508,6,95147.49,0
2026-01-18 11:02:45,95147.49,0.06819,0.06819,2,95147.48,0
2026-01-18 11:02:47,95147.49,0.00033,-9.999999999999999e-06,2,95147.49,0
2026-01-18 11:02:48,95147.49,0.00047,0.00047,1,95147.49,0
2026-01-18 11:02:50,95147.48,0.00238,-0.00146,3,95147.48,0
2026-01-18 11:02:52,95147.49,0.00011,0.00011,1,95147.48,0
2026-01-18 11:02:53,95147.49,0.00013,0.00013,1,95147.49,0
2026-01-18 11:02:54,95147.48,0.00158,-0.00158,2,95147.48,0
2026-01-18 11:02:55,95147.48,0.05366,0.04124,2,95147.49,1
2026-01-18 11:02:56,95147.48,0.10438,0.10412,3,95147.48,0
2026-01-18 11:02:57,95147.48,0.001,-0.001,2,95147.48,0
2026-01-18 11:02:58,95147.49,7e-05,7e-05,1,95147.49,0
2026-01-18 11:02:59,95147.48,0.0025,-0.0025,1,95147.49,1
2026-01-18 11:03:00,95147.49,0.00016,0.00016,1,95147.48,0
2026-01-18 11:03:02,95147.48,0.00017,-0.00017,2,95147.48,0
2026-01-18 11:03:03,95147.49,0.00045,0.00045,1,95147.49,0
2026-01-18 11:03:04,95147.49,0.00119,-0.00067,5,95147.49,0
2026-01-18 11:03:07,95147.48,0.015960000000000002,0.015560000000000001,4,95147.48,0
2026-01-18 11:03:08,95147.49,0.00287,0.00287,1,95147.49,0
2026-01-18 11:03:09,95147.49,0.00829,-0.00797,3,95147.49,0
2026-01-18 11:03:11,95147.49,0.07003,0.07003,1,95147.49,0
2026-01-18 11:03:13,95147.49,0.0014199999999999998,0.0014199999999999998,2,95147.48,0
2026-01-18 11:03:14,95147.49,0.00398,-0.00348,3,95147.49,0
2026-01-18 11:03:15,95147.49,0.05564,0.05564,3,95147.49,0
2026-01-18 11:03:16,95147.49,0.00279,0.00185,2,95147.48,0
2026-01-18 11:03:18,95147.48,0.0011099999999999999,-0.0011099999999999999,2,95147.49,1
2026-01-18 11:03:19,95147.49,0.0519,0.0519,1,95147.49,0
2026-01-18 11:03:20,95147.49,0.00065,0.00065,2,95147.49,0
2026-01-18 11:03:21,95147.48,0.00316,-0.0029400000000000003,2,95147.48,0
2026-01-18 11:03:22,95147.48,0.015430000000000001,-0.010790000000000001,4,95147.48,0
2026-01-18 11:03:23,95147.49,0.00143,0.00143,2,95147.48,0
2026-01-18 11:03:24,95147.49,0.00667,-0.00539,2,95147.48,0
2026-01-18 11:03:25,95147.49,0.03748,0.03748,1,95147.48,0
2026-01-18 11:03:26,95147.48,0.0031,0.0014199999999999998,4,95147.48,0
2026-01-18 11:03:27,95147.48,0.01868,-0.01868,1,95147.49,1
2026-01-18 11:03:28,95147.48,0.00021,-0.00021,1,95147.48,0
2026-01-18 11:03:29,95147.48,0.02462,-0.02462,8,95147.48,0
2026-01-18 11:03:30,95147.48,0.09352,-0.09352,4,95147.49,1
2026-01-18 11:03:31,95147.48,0.00668,0.0009599999999999999,2,95147.49,1
2026-01-18 11:03:32,95147.49,0.00046,0.00026,3,95147.48,0
2026-01-18 11:03:33,95147.48,0.00046,-0.00046,1,95147.49,1
2026-01-18 11:03:34,95147.48,0.00106,-0.00106,1,95147.48,0
2026-01-18 11:03:35,95147.49,0.03889,0.03889,1,95147.48,0
2026-01-18 11:03:36,95147.49,0.00069,0.00069,1,95147.48,0
2026-01-18 11:03:37,95147.48,0.00035,-9.000000000000002e-05,2,95147.48,0
2026-01-18 11:03:38,95147.49,0.00928,0.00472,2,95147.48,0
2026-01-18 11:03:39,95147.48,0.00393,-0.00393,1,95147.48,0
2026-01-18 11:03:40,95147.48,0.00415,-0.00415,2,95147.49,1
2026-01-18 11:03:41,95147.48,0.00085,-0.00069,3,95147.49,1
2026-01-18 11:03:42,95147.48,6e-05,-6e-05,1,95147.48,0
2026-01-18 11:03:44,95147.48,0.00013,-0.00013,1,95147.48,0
2026-01-18 11:03:45,95147.49,0.03504,0.03338,4,95147.48,0
2026-01-18 11:03:46,95147.49,0.00188,-0.0016799999999999999,3,95147.49,0
2026-01-18 11:03:49,95147.48,0.00219,-0.0014899999999999998,4,95142.13,0
2026-01-18 11:03:51,95147.49,0.00092,-0.00023999999999999998,2,95142.13,0
2026-01-18 11:03:53,95147.48,0.00021,-0.00021,1,95142.14,0
2026-01-18 11:03:56,95142.13,0.004,-0.00296,3,95142.13,0
2026-01-18 11:03:57,95142.14,0.00016,0.00016,1,95137.15,0
2026-01-18 11:03:58,95142.14,0.00117,0.00117,1,95137.16,0
2026-01-18 11:04:00,95142.14,0.11082000000000002,-0.022580000000000003,5,95137.15,0
2026-01-18 11:04:01,95142.13,0.0303,-0.0303,6,95137.16,0
2026-01-18 11:04:02,95137.15,0.06631000000000001,-0.06631000000000001,28,95137.15,0
2026-01-18 11:04:03,95137.16,0.00014,0.00014,1,95137.16,0
2026-01-18 11:04:04,95137.15,0.00116,-0.0010400000000000001,2,95137.16,1
2026-01-18 11:04:05,95137.15,0.06804,0.06792,2,95136.62,0
2026-01-18 11:04:06,95137.16,0.0002,0.0002,1,95136.63,0
2026-01-18 11:04:07,95137.15,0.00653,-0.00653,1,95136.52,0
2026-01-18 11:04:08,95137.16,0.00481,0.00481,2,95136.0,0
2026-01-18 11:04:09,95137.16,0.00207,0.00207,2,95136.01,0
2026-01-18 11:04:10,95136.62,0.025240000000000002,-0.025240000000000002,13,95136.0,0
2026-01-18 11:04:12,95136.52,0.00248,-0.00248,3,95136.01,0
2026-01-18 11:04:13,95136.0,0.01102,-0.01102,10,95136.01,1
2026-01-18 11:04:14,95136.01,0.00342,0.0020399999999999997,2,95136.01,0
2026-01-18 11:04:15,95136.0,0.0035399999999999997,0.00044000000000000007,2,95136.01,1
2026-01-18 11:04:17,95136.01,0.00016,0.00016,1,95134.15,0
2026-01-18 11:04:18,95136.01,0.00392,0.00392,1,95134.16,0
2026-01-18 11:04:19,95136.01,0.00058,0.00058,2,95134.15,0
2026-01-18 11:04:21,95135.51,0.00767,-0.0013499999999999999,9,95134.15,0
2026-01-18 11:04:22,95134.15,0.0235,-0.012440000000000001,10,95134.16,1
2026-01-18 11:04:24,95134.15,0.00307,-0.00277,2,95134.15,0
2026-01-18 11:04:27,95134.16,0.0319,-0.02646,5,95126.86,0
2026-01-18 11:04:29,95134.15,0.008199999999999999,-0.0057799999999999995,2,95126.75,0
2026-01-18 11:04:30,95128.95,0.10616,-0.10616,32,95126.76,0
2026-01-18 11:04:32,95126.86,0.04507,-0.04105,20,95122.19,0
2026-01-18 11:04:33,95126.87,0.0007800000000000001,0.00044,3,95122.19,0
2026-01-18 11:04:34,95126.75,0.00712,-0.00686,6,95122.2,0
2026-01-18 11:04:37,95122.19,0.0926,-0.09032,42,95111.37,0
2026-01-18 11:04:39,95122.2,0.00036,1.9999999999999998e-05,2,95111.36,0
2026-01-18 11:04:42,95111.37,0.6615599999999999,-0.51414,73,95111.37,0
2026-01-18 11:04:44,95111.36,0.00327,-0.00327,1,95111.37,1
2026-01-18 11:04:45,95111.37,0.06662,0.06662,2,95111.37,0
2026-01-18 11:04:46,95111.37,0.00453,0.00453,2,95111.36,0
2026-01-18 11:04:47,95111.37,0.00847,-0.0052899999999999996,5,95111.36,0
2026-01-18 11:04:48,95111.37,0.012,0.00498,3,95111.36,0
2026-01-18 11:04:50,95111.37,0.00072,0.00072,1,95111.37,0
2026-01-18 11:04:52,95111.36,0.01091,-0.01091,1,95111.37,1
2026-01-18 11:04:55,95111.37,0.03682,0.0363,3,95111.37,0
2026-01-18 11:04:57,95111.37,0.00164,0.00164,2,95111.37,0
2026-01-18 11:04:59,95111.37,0.00795,-0.00771,2,95111.37,0
2026-01-18 11:05:00,95111.37,0.042570000000000004,0.04247,2,95111.37,0
2026-01-18 11:05:02,95111.37,0.00030000000000000003,0.00030000000000000003,2,95111.37,0
2026-01-18 11:05:03,95111.37,0.00043999999999999996,0.00021999999999999995,3,95111.36,0
2026-01-18 11:05:04,95111.37,0.00248,-0.00182,4,95111.36,0
2026-01-18 11:05:05,95111.37,0.00147,0.00095,4,95111.37,0
2026-01-18 11:05:06,95111.36,0.00257,-0.00163,2,95111.37,1
2026-01-18 11:05:07,95111.37,0.00021,0.00021,1,95111.36,0
2026-01-18 11:05:08,95111.36,0.0004,-0.0004,1,95111.37,1
2026-01-18 11:05:10,95111.37,0.00233,0.00233,2,95111.37,0
2026-01-18 11:05:11,95111.37,0.08371,0.08371,1,95111.36,0
2026-01-18 11:05:12,95111.36,0.00119,-0.00119,2,95111.37,1
2026-01-18 11:05:13,95111.37,0.00017999999999999998,-4.000000000000001e-05,2,95111.36,0
2026-01-18 11:05:15,95111.37,0.046549999999999994,0.046549999999999994,3,95111.37,0
2026-01-18 11:05:16,95111.36,0.00023,-0.00023,1,95111.37,1
2026-01-18 11:05:17,95111.37,0.00136,0.00136,2,95111.36,0
2026-01-18 11:05:18,95111.36,0.00105,-0.00105,1,95111.37,1
2026-01-18 11:05:19,95111.37,0.00074,0.00074,1,95111.36,0
2026-01-18 11:05:20,95111.37,0.02907,0.02907,1,95111.36,0
2026-01-18 11:05:21,95111.37,0.00037,-0.00018999999999999996,2,95111.37,0
2026-01-18 11:05:22,95111.36,0.015250000000000001,-0.015250000000000001,2,95111.37,1
2026-01-18 11:05:23,95111.37,0.0012799999999999999,-0.0008399999999999999,2,95111.37,0
2026-01-18 11:05:24,95111.36,0.00047,-0.00047,1,95111.37,1
2026-01-18 11:05:25,95111.36,0.01006,-0.01006,3,95111.37,1
2026-01-18 11:05:26,95111.37,0.00135,-0.0007100000000000001,2,95111.36,0
2026-01-18 11:05:27,95111.37,0.01906,-0.008879999999999999,4,95111.37,0
2026-01-18 11:05:29,95111.37,0.00353,0.00353,3,95111.36,0
2026-01-18 11:05:30,95111.37,0.00031,0.00031,1,95111.36,0
2026-01-18 11:05:31,95111.36,0.011949999999999999,0.01047,4,95111.36,0
2026-01-18 11:05:32,95111.37,0.00145,0.00145,2,95111.36,0
2026-01-18 11:05:34,95111.36,0.00116,-0.00116,2,95111.37,1
2026-01-18 11:05:35,95111.36,0.0025900000000000003,0.00043000000000000004,2,95111.36,0
2026-01-18 11:05:36,95111.36,0.0014,-0.0014,1,95111.36,0
2026-01-18 11:05:37,95111.36,0.00196,-0.0015999999999999999,2,95111.36,0
2026-01-18 11:05:38,95111.37,0.01127,-0.00355,3,95111.36,0
2026-01-18 11:05:41,95111.36,0.03305,-0.03295,3,95111.36,0
2026-01-18 11:05:43,95111.36,0.00054,0.00039999999999999996,2,95111.36,0
2026-01-18 11:05:46,95111.36,0.02876,0.027819999999999998,3,95111.36,0
2026-01-18 11:05:48,95111.36,0.00025,-0.00025,1,95111.36,0
2026-01-18 11:05:49,95111.37,0.01252,0.01252,1,95111.37,0
2026-01-18 11:05:50,95111.37,0.0038399999999999997,0.0038399999999999997,5,95111.36,0
2026-01-18 11:05:51,95111.36,0.012240000000000001,-0.012240000000000001,4,95111.37,1
2026-01-18 11:05:52,95111.36,0.0028899999999999998,-0.0028899999999999998,3,95111.36,0
2026-01-18 11:05:53,95111.36,0.00037,9.999999999999999e-06,2,95111.37,1
2026-01-18 11:05:54,95111.37,0.00023,0.00023,2,95111.36,0
2026-01-18 11:05:55,95111.36,0.0012000000000000001,0.0001600000000000001,2,95111.36,0
2026-01-18 11:05:56,95111.37,0.00377,0.00377,1,95111.37,0
2026-01-18 11:05:57,95111.36,0.00033,7.000000000000002e-05,2,95111.37,1
2026-01-18 11:05:59,95111.36,0.0031599999999999996,-0.0031599999999999996,6,95111.37,1
2026-01-18 11:06:00,95111.36,0.00521,-0.00443,4,95111.36,0
2026-01-18 11:06:01,95111.37,0.00679,-0.00203,3,95111.36,0
2026-01-18 11:06:02,95111.37,0.00013,0.00013,1,95111.36,0
2026-01-18 11:06:04,95111.37,0.0011099999999999999,-0.00099,2,95111.36,0
2026-01-18 11:06:05,95111.36,0.00087,-0.00087,2,95111.36,0
2026-01-18 11:06:07,95111.36,0.016,-0.016,3,95111.36,0
2026-01-18 11:06:08,95111.37,0.038020000000000005,0.038020000000000005,3,95111.36,0
2026-01-18 11:06:09,95111.36,2.47024,-2.46902,20,95111.37,1
2026-01-18 11:06:10,95111.36,0.00016,-0.00016,1,95111.36,0
2026-01-18 11:06:12,95111.36,0.00242,0.0022,6,95111.36,0
2026-01-18 11:06:13,95111.36,0.07450999999999999,0.03593,3,95111.37,1
2026-01-18 11:06:14,95111.37,0.01436,0.01436,1,95111.37,0
2026-01-18 11:06:15,95111.36,0.00848,0.0029200000000000003,5,95111.37,1
2026-01-18 11:06:16,95111.36,0.00047,-0.00047,1,95111.37,1
2026-01-18 11:06:17,95111.36,0.01172,-0.01072,5,95111.37,1
2026-01-18 11:06:18,95111.37,0.01632,0.01064,4,95111.37,0
2026-01-18 11:06:19,95111.37,0.15977,0.15977,7,95111.36,0
2026-01-18 11:06:21,95111.37,0.00259,0.00259,4,95111.37,0
2026-01-18 11:06:22,95111.37,0.01443,-0.01283,6,95111.37,0
2026-01-18 11:06:24,95111.36,0.00062,-0.00062,2,95111.37,1
2026-01-18 11:06:26,95111.37,0.01217,0.012029999999999999,2,95111.36,0
2026-01-18 11:06:27,95111.37,0.00123,0.0008500000000000001,4,95111.37,0
2026-01-18 11:06:29,95111.37,0.00062,0.00062,2,95111.37,0
2026-01-18 11:06:30,95111.36,0.00069,-0.00069,2,95111.36,0
2026-01-18 11:06:31,95111.36,0.00031,-0.00031,2,95111.36,0
2026-01-18 11:06:32,95111.37,0.0001,0.0001,1,95111.37,0
2026-01-18 11:06:33,95111.36,0.00047,-0.00047,1,95111.37,1
2026-01-18 11:06:34,95111.37,0.00118,-0.00082,2,95111.37,0
2026-01-18 11:06:35,95111.36,0.00643,-0.004030000000000001,3,95111.36,0
2026-01-18 11:06:36,95111.36,0.00015,-0.00015,1,95111.36,0
2026-01-18 11:06:37,95111.37,0.00225,-0.00133,4,95111.36,0
2026-01-18 11:06:38,95111.37,0.00403,0.00403,2,95111.37,0
2026-01-18 11:06:41,95111.36,0.00021,-0.00021,1,95111.36,0
2026-01-18 11:06:42,95111.36,0.00032,-0.00032,1,95111.37,1
2026-01-18 11:06:47,95111.37,0.00842,0.00782,3,95111.36,0
2026-01-18 11:06:50,95111.37,0.00325,0.00257,2,95111.37,0
2026-01-18 11:06:53,95111.37,0.00091,0.00091,3,95111.37,0
2026-01-18 11:06:55,95111.37,0.00468,0.00468,1,95111.37,0
2026-01-18 11:06:56,95111.36,0.00046,-0.00046,1,95111.37,1
2026-01-18 11:06:58,95111.37,0.00719,0.005890000000000001,3,95111.36,0
2026-01-18 11:06:59,95111.37,0.00209,0.00209,2,95111.36,0
2026-01-18 11:07:00,95111.37,0.00061,0.00029,2,95111.36,0
2026-01-18 11:07:01,95111.37,0.00023,0.00023,1,95111.37,0
2026-01-18 11:07:02,95111.36,0.00011,-0.00011,1,95111.37,1
2026-01-18 11:07:03,95111.36,0.00017,-0.00017,1,95111.36,0
2026-01-18 11:07:04,95111.36,0.00227,-0.00215,3,95111.36,0
2026-01-18 11:07:05,95111.36,0.00017,5e-05,2,95111.36,0
2026-01-18 11:07:06,95111.37,0.23078,0.1705,3,95111.36,0
2026-01-18 11:07:07,95111.37,0.00617,0.00617,1,95111.36,0
2026-01-18 11:07:09,95111.36,0.00424,-0.00424,3,95111.37,1
2026-01-18 11:07:10,95111.36,6e-05,-6e-05,1,95111.36,0
2026-01-18 11:07:11,95111.36,0.013909999999999999,0.00771,4,95111.37,1
2026-01-18 11:07:12,95111.36,0.00124,-0.00124,1,95111.36,0
2026-01-18 11:07:14,95111.37,0.00031,0.00031,1,95111.37,0
2026-01-18 11:07:15,95111.36,0.003,-0.003,1,95111.37,1
2026-01-18 11:07:16,95111.37,0.02615,0.02391,3,95111.37,0
2026-01-18 11:07:17,95111.36,0.00744,-0.0015200000000000003,6,95111.36,0
2026-01-18 11:07:18,95111.36,0.00451,-0.0035700000000000003,3,95111.36,0
2026-01-18 11:07:19,95111.37,0.005229999999999999,0.005229999999999999,6,95111.37,0
2026-01-18 11:07:20,95111.37,0.0018800000000000002,-0.0010400000000000001,5,95111.36,0
2026-01-18 11:07:21,95111.37,0.00033,0.00033,3,95111.36,0
2026-01-18 11:07:22,95111.36,0.02445,-0.02445,5,95111.37,1
2026-01-18 11:07:23,95111.36,0.00019999999999999998,-0.00019999999999999998,2,95111.37,1
2026-01-18 11:07:24,95111.37,0.00289,0.00289,1,95111.36,0
2026-01-18 11:07:25,95111.36,0.00083,-0.00083,1,95111.36,0
2026-01-18 11:07:26,95111.36,0.00012,-0.00012,1,95111.36,0
2026-01-18 11:07:27,95111.37,8e-05,8e-05,1,95111.37,0
2026-01-18 11:07:28,95111.37,0.04098,0.04052,3,95111.37,0
2026-01-18 11:07:29,95111.36,0.00165,0.0010700000000000002,2,95111.36,0
2026-01-18 11:07:30,95111.36,0.0013,0.00098,2,95111.37,1
2026-01-18 11:07:31,95111.36,0.00441,-0.00413,3,95111.37,1
2026-01-18 11:07:32,95111.37,0.00046,0.00046,1,95111.36,0
2026-01-18 11:07:33,95111.37,0.0007700000000000001,0.0007700000000000001,2,95111.37,0
2026-01-18 11:07:34,95111.36,0.00014,-0.00014,1,95111.37,1
2026-01-18 11:07:35,95111.37,0.00863,0.00863,2,95111.37,0
2026-01-18 11:07:36,95111.37,0.00681,0.00491,4,95111.36,0
2026-01-18 11:07:37,95111.36,0.0033399999999999997,0.00104,4,95111.37,1
2026-01-18 11:07:38,95111.37,0.006699999999999999,0.0057799999999999995,3,95111.37,0
2026-01-18 11:07:39,95111.37,0.00044,0.00044,2,95111.37,0
2026-01-18 11:07:40,95111.37,0.00123,0.0006299999999999999,4,95111.36,0
2026-01-18 11:07:41,95111.36,0.00065,0.00023,2,95111.37,1
2026-01-18 11:07:42,95111.37,0.00014,0.00014,1,95111.36,0
2026-01-18 11:07:43,95111.37,0.00022,0.00022,1,95109.86,0
2026-01-18 11:07:44,95111.37,0.00041,8.999999999999998e-05,3,95109.86,0
2026-01-18 11:07:45,95111.36,0.00106,-0.00106,2,95109.86,0
2026-01-18 11:07:46,95111.37,0.00034,0.00034,1,95109.85,0
2026-01-18 11:07:48,95109.86,6.18172,-6.1753,20,95109.85,0
2026-01-18 11:07:50,95109.86,0.00091,-0.00073,2,95109.85,0
2026-01-18 11:07:59,95109.85,0.00678,-0.00678,1,95109.85,0
2026-01-18 11:08:01,95109.85,0.0005499999999999999,-0.0005499999999999999,2,95109.86,1
2026-01-18 11:08:02,95109.85,7e-05,-7e-05,1,95109.85,0
2026-01-18 11:08:03,95109.86,7e-05,7e-05,1,95109.86,0
2026-01-18 11:08:04,95109.85,0.37686,0.37422,6,95109.85,0
2026-01-18 11:08:05,95109.85,0.00027,-0.00027,2,95109.85,0
2026-01-18 11:08:06,95109.86,0.03862,0.03572,4,95109.86,0
2026-01-18 11:08:08,95109.86,0.0006,0.00043999999999999996,2,95109.86,0
2026-01-18 11:08:09,95109.85,0.00015,-0.00015,1,95109.86,1
2026-01-18 11:08:11,95109.86,0.00137,0.00137,2,95109.85,0
2026-01-18 11:08:13,95109.86,0.0020299999999999997,0.00121,2,95109.86,0
2026-01-18 11:08:14,95109.86,0.00169,0.00133,2,95109.85,0
2026-01-18 11:08:16,95109.85,0.00186,-0.0012799999999999999,2,95109.86,1
2026-01-18 11:08:17,95109.86,0.0006900000000000001,0.00025,4,95109.86,0
2026-01-18 11:08:19,95109.85,0.00792,-0.0047799999999999995,7,95109.86,1
2026-01-18 11:08:21,95109.86,0.0008600000000000001,0.0008600000000000001,3,95109.86,0
2026-01-18 11:08:22,95109.86,0.02578,-0.02562,2,95109.85,0
2026-01-18 11:08:24,95109.86,0.00127,0.00127,1,95109.86,0
2026-01-18 11:08:26,95109.86,0.00098,-0.00054,3,95109.86,0
2026-01-18 11:08:27,95109.85,0.14943,-0.14839,5,95109.85,0
2026-01-18 11:08:28,95109.85,0.00021,-0.00021,1,95109.86,1
2026-01-18 11:08:29,95109.86,0.00016,0.00016,1,95109.86,0
2026-01-18 11:08:30,95109.85,0.02086,-0.02086,2,95109.85,0
2026-01-18 11:08:31,95109.86,0.00104,0.00104,2,95109.86,0
2026-01-18 11:08:33,95109.86,0.00039999999999999996,0.00039999999999999996,2,95109.85,0
2026-01-18 11:08:34,95109.86,0.0014299999999999998,0.00101,2,95109.85,0
2026-01-18 11:08:35,95109.85,0.00151,-0.00151,2,95109.86,1
2026-01-18 11:08:36,95109.86,0.00021,0.00021,1,95109.86,0
2026-01-18 11:08:38,95109.85,0.00303,-0.00303,1,95109.85,0
2026-01-18 11:08:40,95109.86,0.008719999999999999,0.00624,4,95109.86,0
2026-01-18 11:08:42,95109.86,0.029830000000000002,0.02973,2,95109.86,0
2026-01-18 11:08:43,95109.85,0.01815,-0.017730000000000003,3,95109.86,1
2026-01-18 11:08:45,95109.86,0.00267,0.00267,1,95109.86,0
2026-01-18 11:08:47,95109.86,0.03398,0.03222,5,95109.85,0
2026-01-18 11:08:48,95109.86,0.00052,0.00052,2,95109.86,0
2026-01-18 11:08:50,95109.86,0.007500000000000001,0.007500000000000001,2,95109.85,0
2026-01-18 11:08:51,95109.85,0.00102,-0.00102,1,95109.86,1
2026-01-18 11:08:53,95109.86,0.0046300000000000004,-0.00421,2,95109.85,0
2026-01-18 11:08:54,95109.85,0.00214,-0.00214,1,95109.86,1
2026-01-18 11:08:55,95109.85,0.00655,-0.005549999999999999,3,95109.86,1
2026-01-18 11:08:58,95109.85,0.00092,-0.00092,1,95109.86,1
2026-01-18 11:08:59,95109.86,0.00177,0.00177,1,95109.85,0
2026-01-18 11:09:00,95109.86,0.0002,0.0002,1,95109.85,0
2026-01-18 11:09:02,95109.86,0.00031,0.00031,2,95109.85,0
2026-01-18 11:09:03,95109.86,0.00036,0.00036,1,95109.86,0
2026-01-18 11:09:04,95109.85,0.00106,-0.00094,3,95109.86,1
2026-01-18 11:09:05,95109.85,0.00063,-0.00063,3,95109.85,0
2026-01-18 11:09:06,95109.86,0.00627,0.00585,4,95109.86,0
2026-01-18 11:09:07,95109.85,0.00025,-0.00025,1,95109.86,1
2026-01-18 11:09:08,95109.86,0.00275,0.00275,2,95109.85,0
2026-01-18 11:09:09,95109.86,0.00022,0.00022,1,95109.85,0
2026-01-18 11:09:10,95109.85,0.00046,5.999999999999997e-05,2,95109.86,1
2026-01-18 11:09:11,95109.86,0.00021,0.00021,1,95109.86,0
2026-01-18 11:09:12,95109.86,0.0017599999999999998,0.00118,2,95109.86,0
2026-01-18 11:09:13,95109.85,0.08397,-0.08357,5,95110.0,1
2026-01-18 11:09:14,95109.85,0.00206,-0.00206,1,95110.0,1
2026-01-18 11:09:15,95109.86,0.00092,0.0005,3,95110.0,1
2026-01-18 11:09:16,95109.86,0.00013,0.00013,1,95110.0,1
2026-01-18 11:09:17,95109.86,0.00031,0.00031,1,95110.0,1
2026-01-18 11:09:18,95110.0,2.83327,2.83163,24,95110.0,0
2026-01-18 11:09:21,95110.0,0.04227,0.04227,3,95110.0,0
2026-01-18 11:09:22,95110.0,0.12991,0.11609,7,95110.0,0
2026-01-18 11:09:23,95110.0,0.01207,0.01193,3,95110.0,0
2026-01-18 11:09:27,95110.0,0.00529,0.00483,3,95109.99,0
2026-01-18 11:09:28,95110.0,0.00029,0.00029,1,95109.99,0
2026-01-18 11:09:29,95110.0,0.00523,0.00523,1,95110.0,0
2026-01-18 11:09:30,95110.0,0.00022,0.00022,1,95109.99,0
2026-01-18 11:09:32,95109.99,0.00037,-0.00037,3,95110.0,1
2026-01-18 11:09:33,95109.99,0.02614,-0.02614,2,95110.0,1
2026-01-18 11:09:34,95110.0,0.00021,0.00021,1,95110.0,0
2026-01-18 11:09:35,95109.99,0.00028,-0.00028,1,95110.0,1
2026-01-18 11:09:38,95110.0,0.00052,0.00052,1,95110.0,0
2026-01-18 11:09:39,95110.0,0.00021,0.00021,1,95110.0,0
2026-01-18 11:09:43,95110.0,0.00072,0.00072,2,95110.0,0
2026-01-18 11:09:44,95110.0,0.00024,0.00024,1,95109.99,0
2026-01-18 11:09:47,95109.99,0.00031,-0.00011,2,95110.0,1
2026-01-18 11:09:48,95110.0,0.00211,0.00211,1,95109.99,0
2026-01-18 11:09:50,95109.99,0.00043,-0.00043,1,95110.0,1
2026-01-18 11:09:51,95109.99,0.025,-0.025,1,95109.99,0
2026-01-18 11:09:52,95110.0,0.00031,0.00031,2,95110.0,0
2026-01-18 11:09:55,95110.0,0.00022,0.00022,1,95109.99,0
2026-01-18 11:09:56,95109.99,0.00017,-0.00017,1,95109.99,0
2026-01-18 11:09:57,95110.0,0.00293,0.00293,3,95109.99,0
2026-01-18 11:09:59,95110.0,0.0007700000000000001,0.0007700000000000001,3,95110.0,0
2026-01-18 11:10:00,95109.99,0.00022,-0.00022,1,95109.99,0
2026-01-18 11:10:01,95109.99,0.00082,-0.00082,1,95110.0,1
2026-01-18 11:10:02,95109.99,0.0011300000000000001,-0.00045000000000000004,6,95110.0,1
2026-01-18 11:10:06,95110.0,0.00091,0.00049,3,95110.0,0
2026-01-18 11:10:07,95110.0,0.00737,0.00737,1,95109.99,0
2026-01-18 11:10:08,95109.99,0.0014000000000000002,0.00098,2,95110.0,1
2026-01-18 11:10:11,95110.0,0.05273,0.05273,2,95110.0,0
2026-01-18 11:10:12,95109.99,0.05424,-0.05424,4,95109.99,0
2026-01-18 11:10:13,95110.0,0.00063,0.00063,2,95110.0,0
2026-01-18 11:10:15,95110.0,0.00283,0.00283,1,95110.0,0
2026-01-18 11:10:16,95110.0,0.00214,0.00214,1,95109.99,0
2026-01-18 11:10:17,95109.99,0.00037,-0.00037,1,95110.0,1
2026-01-18 11:10:19,95110.0,0.0002,0.0002,1,95110.0,0
2026-01-18 11:10:20,95110.0,0.00079,0.00079,1,95109.99,0
2026-01-18 11:10:21,95109.99,0.00568,-0.00568,1,95110.0,1
2026-01-18 11:10:22,95110.0,0.010239999999999999,-0.00814,4,95110.0,0
2026-01-18 11:10:24,95110.0,0.00021,0.00021,1,95110.0,0
2026-01-18 11:10:25,95109.99,0.00017,-0.00017,1,95110.0,1
2026-01-18 11:10:27,95110.0,0.0234,0.021300000000000003,3,95110.0,0
2026-01-18 11:10:28,95109.99,0.00115,-0.0009499999999999999,2,95110.0,1
2026-01-18 11:10:29,95110.0,0.00093,0.00093,2,95109.99,0
2026-01-18 11:10:32,95110.0,0.0008600000000000001,0.0008600000000000001,2,95110.0,0
2026-01-18 11:10:33,95110.0,0.00782,-0.0047799999999999995,5,95110.0,0
2026-01-18 11:10:34,95109.99,0.00181,-0.0012699999999999999,2,95110.0,1
2026-01-18 11:10:36,95109.99,0.11587,-0.11587,2,95110.0,1
2026-01-18 11:10:39,95110.0,0.011600000000000001,-0.00976,3,95109.99,0
2026-01-18 11:10:41,95110.0,0.00294,-0.00142,3,95110.0,0
2026-01-18 11:10:46,95110.0,0.00029,-5.000000000000001e-05,2,95109.99,0
2026-01-18 11:10:47,95109.99,0.0012,0.0006000000000000001,2,95109.99,0
2026-01-18 11:10:48,95110.0,0.0006399999999999999,0.0006399999999999999,2,95110.0,0
2026-01-18 11:10:50,95110.0,4.9227,4.92218,3,95110.0,0
2026-01-18 11:10:52,95109.99,0.00225,-0.00225,1,95109.99,0
2026-01-18 11:10:53,95110.0,0.00159,0.00159,3,95110.0,0
2026-01-18 11:10:54,95109.99,0.01,-0.01,1,95110.0,1
2026-01-18 11:10:55,95110.0,0.00011,0.00011,1,95109.99,0
2026-01-18 11:10:57,95109.99,0.00448,-0.00448,1,95110.0,1
2026-01-18 11:10:59,95110.0,0.04157,-0.03355,7,95110.0,0
2026-01-18 11:11:00,95109.99,0.00037999999999999997,0.00017999999999999998,2,95109.99,0
2026-01-18 11:11:01,95109.99,0.0009699999999999999,0.0006900000000000001,3,95109.99,0
2026-01-18 11:11:02,95110.0,0.00847,0.0024100000000000002,6,95110.0,0
2026-01-18 11:11:04,95110.0,0.023849999999999996,0.016229999999999998,8,95110.0,0
2026-01-18 11:11:05,95109.99,0.026340000000000002,0.02622,2,95110.0,1
2026-01-18 11:11:06,95109.99,0.1036,-0.1036,1,95110.0,1
2026-01-18 11:11:07,95110.0,0.00118,-0.00082,5,95109.99,0
2026-01-18 11:11:08,95109.99,0.05028,-0.05028,1,95110.0,1
2026-01-18 11:11:09,95110.0,0.03275,-0.009009999999999999,4,95110.0,0
2026-01-18 11:11:10,95110.0,0.01086,0.0038799999999999998,8,95110.0,0
2026-01-18 11:11:11,95110.0,0.00078,0.00078,2,95109.99,0
2026-01-18 11:11:12,95109.99,0.00067,-0.00067,2,95110.0,1
2026-01-18 11:11:13,95110.0,0.0015600000000000002,0.0011400000000000002,4,95110.0,0
2026-01-18 11:11:14,95110.0,0.00041,0.00041,1,95110.0,0
2026-01-18 11:11:16,95109.99,0.0002,-0.0002,1,95110.0,1
2026-01-18 11:11:17,95110.0,0.01862,0.01804,4,95109.99,0
2026-01-18 11:11:19,95110.0,0.00011,0.00011,1,95110.0,0
2026-01-18 11:11:21,95110.0,0.00012,0.00012,1,95110.0,0
2026-01-18 11:11:22,95109.99,0.01033,-0.00993,2,95109.99,0
2026-01-18 11:11:24,95110.0,0.00125,0.00125,1,95109.99,0
2026-01-18 11:11:25,95110.0,0.00063,0.00063,1,95110.0,0
2026-01-18 11:11:26,95110.0,0.00189,0.00189,2,95110.0,0
2026-01-18 11:11:27,95109.99,0.16058,-0.16058,1,95110.0,1
2026-01-18 11:11:29,95109.99,0.00016,-0.00016,1,95110.0,1
2026-01-18 11:11:30,95110.0,0.004200000000000001,0.00118,4,95110.0,0
2026-01-18 11:11:34,95110.0,0.00181,-0.00133,2,95110.0,0
2026-01-18 11:11:35,95110.0,0.00485,0.00485,2,95110.0,0
2026-01-18 11:11:38,95109.99,0.00503,-0.00467,3,95110.0,1
2026-01-18 11:11:39,95110.0,0.014459999999999999,0.014459999999999999,4,95110.0,0
2026-01-18 11:11:40,95110.0,8e-05,8e-05,1,95109.99,0
2026-01-18 11:11:41,95110.0,0.00514,0.00498,5,95109.99,0
2026-01-18 11:11:42,95109.99,0.00027,-0.00027,1,95110.0,1
2026-01-18 11:11:43,95110.0,0.00197,0.00197,2,95109.99,0
2026-01-18 11:11:44,95110.0,0.02626,0.02626,3,95110.0,0
2026-01-18 11:11:45,95109.99,0.007699999999999999,-0.007699999999999999,5,95109.99,0
2026-01-18 11:11:46,95109.99,0.023100000000000002,-0.019780000000000002,5,95110.0,1
2026-01-18 11:11:48,95109.99,0.02707,-0.02707,1,95110.0,1
2026-01-18 11:11:49,95110.0,0.00453,-0.00433,2,95109.99,0
2026-01-18 11:11:50,95109.99,0.00563,-0.00563,4,95109.99,0
2026-01-18 11:11:51,95110.0,0.00203,0.00203,4,95110.0,0
2026-01-18 11:11:53,95110.0,0.0045,0.0045,2,95110.0,0
2026-01-18 11:11:54,95109.99,0.01906,-0.01906,1,95110.0,1
2026-01-18 11:11:55,95109.99,0.006500000000000001,-0.00318,4,95109.99,0
2026-01-18 11:11:56,95110.0,0.00691,-0.0035900000000000003,3,95109.99,0
2026-01-18 11:11:57,95109.99,0.00035,-0.00035,1,95109.99,0
2026-01-18 11:11:58,95110.0,0.0049700000000000005,0.00485,5,95110.0,0
2026-01-18 11:11:59,95110.0,8e-05,8e-05,1,95110.0,0
2026-01-18 11:12:00,95109.99,0.0004,-0.0004,1,95109.99,0
2026-01-18 11:12:01,95109.99,0.0284,-0.0284,3,95109.99,0
2026-01-18 11:12:02,95109.99,0.0007300000000000001,-0.0007300000000000001,2,95110.0,1
2026-01-18 11:12:03,95110.0,0.00209,0.00209,1,95109.99,0
2026-01-18 11:12:04,95110.0,0.00030000000000000003,-0.00018,3,95109.99,0
2026-01-18 11:12:05,95109.99,0.00489,0.00477,3,95110.0,1
2026-01-18 11:12:06,95109.99,0.0022500000000000003,-0.00175,2,95110.0,1
2026-01-18 11:12:07,95110.0,0.00383,0.00383,2,95109.99,0
2026-01-18 11:12:08,95109.99,0.0048200000000000005,-0.0048200000000000005,2,95109.99,0
2026-01-18 11:12:09,95109.99,0.00218,-0.00043999999999999996,3,95110.0,1
2026-01-18 11:12:10,95110.0,0.003,0.003,1,95110.0,0
2026-01-18 11:12:11,95110.0,0.00482,0.00482,2,95110.0,0
2026-01-18 11:12:12,95109.99,0.00337,0.0032300000000000002,3,95110.0,1
2026-01-18 11:12:13,95109.99,0.00132,0.0008,4,95110.0,1
2026-01-18 11:12:14,95110.0,0.00819,-0.0014500000000000003,5,95109.99,0
2026-01-18 11:12:15,95110.0,0.0030600000000000002,-0.0009400000000000001,2,95110.0,0
2026-01-18 11:12:16,95110.0,0.00031,0.00031,1,95109.99,0
2026-01-18 11:12:17,95110.0,0.00481,0.00481,2,95110.0,0
2026-01-18 11:12:18,95110.0,0.00226,0.0017000000000000001,2,95110.0,0
2026-01-18 11:12:19,95109.99,0.0053,-0.00432,6,95109.99,0
2026-01-18 11:12:20,95110.0,0.00323,0.00323,5,95110.0,0
2026-01-18 11:12:21,95109.99,0.00396,-0.0036,4,95110.0,1
2026-01-18 11:12:22,95110.0,0.04294,-0.0311,10,95110.0,0
2026-01-18 11:12:23,95110.0,0.0001,0.0001,1,95110.0,0
2026-01-18 11:12:24,95109.99,0.01325,-0.01325,4,95110.0,1
2026-01-18 11:12:25,95110.0,0.005399999999999999,0.0019,4,95109.99,0
2026-01-18 11:12:26,95110.0,0.00012,0.00012,1,95110.0,0
2026-01-18 11:12:27,95110.0,0.0048000000000000004,0.0048000000000000004,2,95110.0,0
2026-01-18 11:12:28,95110.0,0.014320000000000001,-0.01264,2,95110.0,0
2026-01-18 11:12:29,95110.0,0.00444,0.00444,3,95110.0,0
2026-01-18 11:12:30,95109.99,0.0048000000000000004,-0.0048000000000000004,2,95109.99,0
2026-01-18 11:12:32,95110.0,0.00376,0.0022,4,95109.99,0
2026-01-18 11:12:33,95110.0,0.0048000000000000004,0.0048000000000000004,2,95110.0,0
2026-01-18 11:12:35,95109.99,0.00579,-0.00579,6,95109.99,0
2026-01-18 11:12:37,95109.99,0.01006,-2.0000000000000052e-05,6,95110.0,1
2026-01-18 11:12:38,95110.0,0.00024,0.00024,1,95110.0,0
2026-01-18 11:12:40,95109.99,0.0054,-0.0054,3,95109.99,0
2026-01-18 11:12:41,95110.0,4.25711,4.24733,57,95110.0,0
2026-01-18 11:12:43,95110.0,0.03422,0.03422,3,95110.0,0
2026-01-18 11:12:44,95109.99,0.00146,0.0004000000000000001,2,95110.0,1
2026-01-18 11:12:45,95109.99,0.01705,0.01133,3,95110.0,1
2026-01-18 11:12:46,95110.0,0.00819,-0.0013700000000000001,5,95109.99,0
2026-01-18 11:12:48,95110.0,0.0047799999999999995,0.0047799999999999995,2,95110.0,0
2026-01-18 11:12:50,95110.0,0.00282,-0.00206,3,95109.99,0
2026-01-18 11:12:51,95109.99,0.01442,0.00456,4,95109.99,0
2026-01-18 11:12:52,95110.0,0.00304,0.00304,4,95110.0,0
2026-01-18 11:12:53,95110.0,0.00488,0.00488,3,95110.0,0
2026-01-18 11:12:55,95109.99,0.00014,-0.00014,1,95119.2,1
2026-01-18 11:12:56,95109.99,0.00594,-0.0057799999999999995,4,95121.5,1
2026-01-18 11:12:57,95110.0,0.538,0.538,6,95121.49,1
2026-01-18 11:12:59,95110.0,0.00625,0.006070000000000001,3,95121.5,1
2026-01-18 11:13:00,95119.2,8.26084,8.26084,44,95121.5,1
2026-01-18 11:13:01,95121.5,0.44208000000000003,0.4314,38,95121.5,0
2026-01-18 11:13:02,95121.49,0.026529999999999998,0.02607,6,95121.5,1
2026-01-18 11:13:04,95121.5,0.06555,0.06429,6,95121.5,0
2026-01-18 11:13:05,95121.5,0.12347,0.11481,10,95121.49,0
2026-01-18 11:13:06,95121.5,0.01821,0.01779,3,95121.49,0
2026-01-18 11:13:07,95121.5,0.026639999999999997,0.02064,3,95121.5,0
2026-01-18 11:13:08,95121.5,0.0063999999999999994,-0.0040999999999999995,5,95121.5,0
2026-01-18 11:13:09,95121.5,0.00228,-0.00144,3,95121.49,0
2026-01-18 11:13:10,95121.49,0.00703,0.00649,4,95121.5,1
2026-01-18 11:13:11,95121.49,0.00228,-0.00228,1,95121.5,1
2026-01-18 11:13:12,95121.5,0.0017000000000000001,-0.00146,2,95121.5,0
2026-01-18 11:13:13,95121.5,0.016,0.00648,4,95121.5,0
2026-01-18 11:13:14,95121.49,0.01129,-0.009810000000000001,2,95121.5,1
2026-01-18 11:13:15,95121.5,0.11844,-0.08894,4,95121.49,0
2026-01-18 11:13:16,95121.5,0.00011,0.00011,1,95121.5,0
2026-01-18 11:13:17,95121.5,0.00053,0.00053,1,95121.49,0
2026-01-18 11:13:18,95121.5,0.00481,-0.004690000000000001,3,95121.49,0
2026-01-18 11:13:19,95121.5,0.00647,0.00613,2,95121.5,0
2026-01-18 11:13:20,95121.49,0.09633,-0.03634999999999999,4,95121.5,1
2026-01-18 11:13:21,95121.5,0.01899,0.01899,2,95122.85,1
2026-01-18 11:13:22,95121.49,0.051399999999999994,0.025719999999999996,5,95122.84,1
2026-01-18 11:13:23,95121.49,0.01742,0.0059,4,95122.85,1
2026-01-18 11:13:24,95121.5,0.00542,-0.00462,2,95122.84,1
2026-01-18 11:13:25,95121.5,0.00019,0.00019,1,95122.84,1
2026-01-18 11:13:26,95122.85,0.06601,0.06601,16,95122.85,0
2026-01-18 11:13:27,95122.84,0.00311,-0.00311,2,95122.85,1
2026-01-18 11:13:28,95122.85,0.00011,0.00011,1,95122.85,0
2026-01-18 11:13:29,95122.84,0.00221,0.00179,2,95122.84,0
2026-01-18 11:13:30,95122.84,0.00474,-0.00474,2,95122.84,0
2026-01-18 11:13:31,95122.85,0.00366,0.0023,3,95122.85,0
2026-01-18 11:13:33,95122.85,0.00473,0.00473,3,95122.85,0
2026-01-18 11:13:34,95122.84,0.00356,-0.00356,1,95122.85,1
2026-01-18 11:13:35,95122.84,0.0049,-0.0049,3,95122.84,0
2026-01-18 11:13:36,95122.85,0.005220000000000001,0.005220000000000001,3,95122.85,0
2026-01-18 11:13:38,95122.85,0.00473,0.00473,3,95122.84,0
2026-01-18 11:13:40,95122.84,0.00012,-0.00012,1,95122.84,0
2026-01-18 11:13:41,95122.85,0.00681,-0.00263,4,95122.85,0
2026-01-18 11:13:43,95122.84,0.017689999999999997,-0.0076100000000000004,4,95122.85,1
2026-01-18 11:13:45,95122.84,0.01459,-0.01459,5,95122.84,0
2026-01-18 11:13:46,95122.85,0.02225,0.019790000000000002,3,95122.84,0
2026-01-18 11:13:48,95122.85,0.00477,0.00477,3,95122.85,0
2026-01-18 11:13:49,95122.84,0.00125,-0.00125,1,95122.85,1
2026-01-18 11:13:50,95122.84,0.00707,-0.0025700000000000002,6,95122.85,1
2026-01-18 11:13:52,95122.85,0.00102,0.00102,1,95122.85,0
2026-01-18 11:13:54,95122.85,0.005509999999999999,0.005509999999999999,4,95122.85,0
2026-01-18 11:13:55,95122.85,0.04,0.04,1,95122.84,0
2026-01-18 11:13:57,95122.85,0.00482,-0.0046,4,95122.85,0
2026-01-18 11:13:59,95122.85,0.01598,-0.0011800000000000007,6,95122.85,0
2026-01-18 11:14:00,95122.84,0.00092,-0.00092,2,95122.85,1
2026-01-18 11:14:02,95122.85,0.00494,-0.00446,4,95122.84,0
2026-01-18 11:14:04,95122.85,0.01294,-0.0033200000000000005,5,95122.85,0
2026-01-18 11:14:06,95122.85,0.00337,0.00049,5,95122.84,0
2026-01-18 11:14:07,95122.84,0.00498,-0.00498,3,95122.85,1
2026-01-18 11:14:08,95122.85,0.00022,0.00022,2,95122.84,0
2026-01-18 11:14:09,95122.85,0.0049499999999999995,0.0049499999999999995,5,95122.85,0
2026-01-18 11:14:11,95122.84,0.00036,-0.00036,1,95122.84,0
2026-01-18 11:14:12,95122.85,0.00057,0.00057,2,95122.85,0
2026-01-18 11:14:13,95122.84,0.00538,-0.00428,4,95122.84,0
2026-01-18 11:14:14,95122.85,0.00058,0.00018,3,95122.85,0
2026-01-18 11:14:16,95122.84,0.01,0.00752,4,95122.85,1
2026-01-18 11:14:17,95122.85,0.00027,0.00027,1,95122.85,0
2026-01-18 11:14:19,95122.85,0.00233,0.0003299999999999999,5,95122.84,0
2026-01-18 11:14:20,95122.85,0.00065,0.00065,4,95122.84,0
2026-01-18 11:14:21,95122.85,0.00495,0.00495,5,95122.85,0
2026-01-18 11:14:22,95122.85,0.02382,-0.01506,5,95122.84,0
2026-01-18 11:14:24,95122.84,0.00468,-0.00468,3,95122.85,1
2026-01-18 11:14:26,95122.85,0.00598,0.00598,3,95122.85,0
2026-01-18 11:14:27,95122.84,0.00097,-0.0007100000000000001,3,95122.85,1
2026-01-18 11:14:29,95122.85,0.00012,0.00012,1,95122.84,0
2026-01-18 11:14:32,95122.85,0.00257,0.00257,3,95122.85,0
2026-01-18 11:14:34,95122.84,0.0046700000000000005,-0.0046700000000000005,2,95122.85,1
2026-01-18 11:14:37,95122.85,0.00793,0.00793,4,95122.85,0
2026-01-18 11:14:38,95122.85,0.01012,0.01012,2,95122.85,0
2026-01-18 11:14:39,95122.85,0.00079,-0.00037,2,95122.85,0
2026-01-18 11:14:40,95122.84,0.06548,-0.06548,3,95122.84,0
2026-01-18 11:14:41,95122.84,0.1985,-0.1985,1,95122.85,1
2026-01-18 11:14:42,95122.85,0.01143,-0.00901,4,95122.85,0
2026-01-18 11:14:43,95122.85,0.00638,0.00322,7,95122.85,0
2026-01-18 11:14:44,95122.85,0.04312,-0.01346,3,95122.85,0
2026-01-18 11:14:45,95122.84,0.0047599999999999995,-0.0047599999999999995,3,95122.85,1
2026-01-18 11:14:46,95122.85,0.22802000000000003,-0.22562000000000001,4,95122.85,0
2026-01-18 11:14:47,95122.85,0.00904,0.0006399999999999995,5,95122.85,0
2026-01-18 11:14:48,95122.85,0.00236,0.00236,1,95122.84,0
2026-01-18 11:14:49,95122.85,0.00032,0.00032,1,95122.85,0
2026-01-18 11:14:50,95122.85,0.00601,-0.00329,3,95122.84,0
2026-01-18 11:14:51,95122.85,0.00077,0.00077,1,95122.84,0
2026-01-18 11:14:52,95122.85,0.00486,0.0044399999999999995,3,95122.85,0
2026-01-18 11:14:53,95122.84,0.03188,-0.03188,9,95122.85,1
2026-01-18 11:14:54,95122.85,0.0073,-0.006379999999999999,6,95122.84,0
2026-01-18 11:14:55,95122.84,0.01,-0.01,1,95122.85,1
2026-01-18 11:14:56,95122.84,0.006010000000000001,0.00529,3,95122.84,0
2026-01-18 11:14:57,95122.85,0.00476,0.00476,3,95122.84,0
2026-01-18 11:14:59,95122.84,0.00502,-0.00426,4,95122.84,0
2026-01-18 11:15:00,95122.85,0.00248,0.0004999999999999999,6,95122.84,0
2026-01-18 11:15:01,95122.84,0.00526,-0.00526,2,95122.84,0
2026-01-18 11:15:02,95122.84,0.00592,0.0036,4,95122.85,1
2026-01-18 11:15:04,95122.84,0.0047,-0.00458,3,95122.84,0
2026-01-18 11:15:05,95122.84,0.00478,-0.00478,2,95122.85,1
2026-01-18 11:15:06,95122.84,0.0002,3.9999999999999996e-05,2,95122.84,0
2026-01-18 11:15:07,95122.85,0.0046300000000000004,0.0046300000000000004,2,95122.85,0
2026-01-18 11:15:08,95122.84,0.00023,-0.00023,1,95122.85,1
2026-01-18 11:15:09,95122.84,0.0007700000000000001,-0.00012999999999999996,3,95122.85,1
2026-01-18 11:15:10,95122.85,0.08287,0.07361,4,95122.85,0
2026-01-18 11:15:11,95122.84,0.00404,-0.00404,1,95122.85,1
2026-01-18 11:15:12,95122.85,0.00692,0.00692,4,95122.84,0
2026-01-18 11:15:13,95122.85,0.00779,0.00779,3,95122.85,0
2026-01-18 11:15:14,95122.85,0.001,0.00030000000000000003,3,95122.84,0
2026-01-18 11:15:15,95122.85,0.01322,0.00398,6,95122.85,0
2026-01-18 11:15:16,95122.85,9e-05,9e-05,1,95122.84,0
2026-01-18 11:15:17,95122.84,0.02373,0.018529999999999998,3,95122.84,0
2026-01-18 11:15:18,95122.85,0.00462,0.00462,2,95122.85,0
2026-01-18 11:15:19,95122.84,0.00073,-0.00073,1,95122.85,1
2026-01-18 11:15:20,95122.85,0.00112,0.00112,2,95122.85,0
2026-01-18 11:15:21,95122.84,0.11108,-0.11108,4,95122.85,1
2026-01-18 11:15:22,95122.84,0.00751,-0.00751,2,95122.85,1
2026-01-18 11:15:23,95122.85,0.00399,0.00399,1,95122.84,0
2026-01-18 11:15:24,95122.85,0.00335,-0.00197,2,95122.84,0
2026-01-18 11:15:25,95122.85,0.00013,0.00013,1,95122.85,0
2026-01-18 11:15:26,95122.85,0.00016,4e-05,2,95122.84,0
2026-01-18 11:15:27,95122.85,0.01044,-0.00015999999999999966,4,95122.84,0
2026-01-18 11:15:29,95122.84,0.00144,-0.0009,3,95122.85,1
2026-01-18 11:15:30,95122.85,0.00018,0.00018,1,95122.85,0
2026-01-18 11:15:31,95122.84,0.00894,-0.00894,2,95122.85,1
2026-01-18 11:15:32,95122.84,0.00418,-0.00418,2,95122.85,1
2026-01-18 11:15:34,95122.85,0.01014,0.00036000000000000094,4,95122.85,0
2026-01-18 11:15:35,95122.85,0.00057,0.00057,1,95122.85,0
2026-01-18 11:15:36,95122.85,0.00033,0.00033,1,95122.85,0
2026-01-18 11:15:37,95122.85,0.00491,0.00491,3,95122.84,0
2026-01-18 11:15:38,95122.85,0.01087,0.01017,2,95122.85,0
2026-01-18 11:15:39,95122.85,0.01555,-0.01469,6,95122.84,0
2026-01-18 11:15:40,95122.85,0.00021,0.00021,1,95122.85,0
2026-01-18 11:15:41,95122.85,0.0048400000000000006,0.00438,3,95122.85,0
2026-01-18 11:15:42,95122.84,0.00112,-0.00112,1,95122.84,0
2026-01-18 11:15:43,95122.85,0.00044,0.00044,2,95122.85,0
2026-01-18 11:15:44,95122.84,0.00701,-0.00257,5,95122.84,0
2026-01-18 11:15:45,95122.85,0.00152,0.00152,2,95122.84,0
2026-01-18 11:15:46,95122.85,0.0046,0.0046,2,95122.85,0
2026-01-18 11:15:47,95122.84,0.0068,-0.0068,1,95122.85,1
2026-01-18 11:15:51,95122.85,0.00056,-9.999999999999999e-05,3,95122.84,0
2026-01-18 11:15:52,95122.85,0.00576,0.00576,3,95122.85,0
2026-01-18 11:15:56,95122.84,0.00459,-0.00459,2,95122.85,1
2026-01-18 11:15:57,95122.85,0.00077,0.00077,3,95122.84,0
2026-01-18 11:15:58,95122.85,0.00459,0.00459,2,95122.84,0
2026-01-18 11:16:00,95122.84,0.00023,-0.00023,1,95122.84,0
2026-01-18 11:16:03,95122.84,0.00458,-0.00458,2,95122.84,0
2026-01-18 11:16:04,95122.85,0.00027,0.00027,2,95122.84,0
2026-01-18 11:16:08,95122.84,0.00474,0.00296,2,95122.84,0
2026-01-18 11:16:09,95122.84,0.00579,-0.00579,5,95122.84,0
2026-01-18 11:16:11,95122.85,0.0072299999999999994,0.0072299999999999994,3,95122.85,0
2026-01-18 11:16:12,95122.84,0.00012,-0.00012,1,95122.84,0
2026-01-18 11:16:13,95122.84,0.00526,-0.00526,4,95122.84,0
2026-01-18 11:16:14,95122.84,0.00359,-0.0005699999999999998,3,95122.84,0
2026-01-18 11:16:15,95122.84,0.06448,-0.02186,4,95122.85,1
2026-01-18 11:16:16,95122.85,0.00525,0.00525,4,95122.85,0
2026-01-18 11:16:17,95122.84,0.02386,-0.02386,1,95122.85,1
2026-01-18 11:16:18,95122.84,0.00469,-0.00469,3,95122.84,0
2026-01-18 11:16:19,95122.84,0.00026,-3.999999999999998e-05,2,95122.85,1
2026-01-18 11:16:20,95122.85,0.0012799999999999999,0.0012799999999999999,2,95122.84,0
2026-01-18 11:16:21,95122.85,0.04387,-0.03451,6,95122.84,0
2026-01-18 11:16:22,95122.85,0.042550000000000004,0.025850000000000005,6,95122.85,0
2026-01-18 11:16:23,95122.84,0.52338,0.16292,20,95122.85,1
2026-01-18 11:16:24,95122.85,0.02012,0.006959999999999999,4,95122.85,0
2026-01-18 11:16:26,95122.84,0.00931,-0.00911,3,95122.84,0
2026-01-18 11:16:27,95122.85,0.01198,0.003,6,95122.84,0
2026-01-18 11:16:28,95122.85,0.00119,0.00099,3,95122.85,0
2026-01-18 11:16:29,95122.85,0.02987,0.02783,5,95122.84,0
2026-01-18 11:16:31,95122.84,0.00456,-0.00456,2,95122.84,0
2026-01-18 11:16:32,95122.84,9e-05,-9e-05,1,95122.85,1
2026-01-18 11:16:33,95122.85,0.0042,0.0042,2,95122.85,0
2026-01-18 11:16:34,95122.84,0.0017200000000000002,0.00148,3,95122.84,0
2026-01-18 11:16:35,95122.85,0.00732,0.00732,1,95122.84,0
2026-01-18 11:16:36,95122.84,0.030979999999999997,-0.02388,5,95122.85,1
2026-01-18 11:16:37,95122.85,0.00103,0.00103,1,95122.84,0
2026-01-18 11:16:38,95122.85,0.00464,0.00452,4,95122.84,0
2026-01-18 11:16:39,95122.84,0.00437,-0.004229999999999999,3,95122.85,1
2026-01-18 11:16:40,95122.84,0.00185,-0.00133,2,95122.85,1
2026-01-18 11:16:41,95122.85,0.00082,0.0005200000000000001,3,95122.85,0
2026-01-18 11:16:42,95122.84,0.00615,-0.00569,6,95122.84,0
2026-01-18 11:16:43,95122.84,0.00349,0.00287,4,95122.85,1
2026-01-18 11:16:44,95122.85,7e-05,7e-05,1,95122.84,0
2026-01-18 11:16:45,95122.85,0.00476,0.00476,3,95122.84,0
2026-01-18 11:16:46,95122.85,0.00569,0.00569,1,95122.84,0
2026-01-18 11:16:47,95122.84,0.04715,-0.04715,4,95122.84,0
2026-01-18 11:16:49,95122.84,0.01466,-0.0138,4,95122.85,1
2026-01-18 11:16:51,95122.84,0.011899999999999999,-0.011899999999999999,3,95122.85,1
2026-01-18 11:16:52,95122.84,0.34268,-0.34008,14,95122.84,0
2026-01-18 11:16:54,95122.85,0.00665,0.0025500000000000006,5,95122.85,0
2026-01-18 11:16:56,95122.85,0.0002,0.0002,1,95122.85,0
2026-01-18 11:16:57,95122.84,0.10633000000000001,-0.10547000000000001,7,95122.84,0
2026-01-18 11:16:59,95122.85,0.00047,0.00047,1,95122.85,0
2026-01-18 11:17:00,95122.84,0.0047,0.0043,3,95122.84,0
2026-01-18 11:17:03,95122.84,0.00444,-0.00394,3,95122.85,1
2026-01-18 11:17:04,95122.85,0.00114,0.00114,3,95122.84,0
2026-01-18 11:17:05,95122.84,0.0070999999999999995,0.00686,6,95122.85,1
2026-01-18 11:17:08,95122.85,0.00507,-0.0039700000000000004,3,95122.84,0
2026-01-18 11:17:09,95122.84,0.00011,-0.00011,1,95122.84,0
2026-01-18 11:17:10,95122.85,0.02088,-0.01184,4,95122.84,0
2026-01-18 11:17:12,95122.84,0.00055,-0.00055,2,95122.85,1
2026-01-18 11:17:13,95122.84,0.0009,-0.0009,1,95122.85,1
2026-01-18 11:17:14,95122.84,0.00362,-0.00362,1,95122.84,0
2026-01-18 11:17:15,95122.84,0.01104,0.009980000000000001,2,95122.85,1
2026-01-18 11:17:16,95122.85,0.01755,0.01755,4,95122.85,0
2026-01-18 11:17:17,95122.85,0.07094,0.07094,2,95122.85,0
2026-01-18 11:17:18,95122.85,0.00274,-0.00148,4,95122.84,0
2026-01-18 11:17:19,95122.84,0.1424,-0.1424,7,95122.84,0
2026-01-18 11:17:20,95122.85,0.00255,-0.0005099999999999998,3,95122.84,0
2026-01-18 11:17:21,95122.85,0.00044,0.00044,1,95122.85,0
2026-01-18 11:17:22,95122.85,0.00906,-0.00864,3,95122.85,0
2026-01-18 11:17:23,95122.84,0.03186,-0.0317,4,95122.84,0
2026-01-18 11:17:24,95122.84,0.0001,-0.0001,1,95122.85,1
2026-01-18 11:17:25,95122.84,0.00123,-0.00109,2,95122.85,1
2026-01-18 11:17:26,95122.85,0.21474,-0.09803999999999999,13,95122.85,0
2026-01-18 11:17:27,95122.85,0.00012,0.00012,1,95122.84,0
2026-01-18 11:17:28,95122.84,0.00029,-0.00029,2,95122.84,0
2026-01-18 11:17:29,95122.85,0.02591,0.02591,1,95122.84,0
2026-01-18 11:17:30,95122.85,0.00023,0.00023,1,95122.85,0
2026-01-18 11:17:33,95122.84,0.00633,-0.00633,1,95122.85,1
2026-01-18 11:17:34,95122.84,0.0001,-0.0001,1,95122.84,0
2026-01-18 11:17:38,95122.85,0.00586,0.00586,1,95122.85,0
2026-01-18 11:17:39,95122.84,0.00029,-0.00013000000000000002,2,95122.85,1
2026-01-18 11:17:41,95122.84,0.00026,-0.00026,1,95122.84,0
2026-01-18 11:17:42,95122.84,0.01291,-0.01227,4,95122.85,1
2026-01-18 11:17:43,95122.85,0.00486,-0.0034,3,95122.84,0
2026-01-18 11:17:44,95122.85,0.00197,0.00197,2,95122.84,0
2026-01-18 11:17:45,95122.84,0.01218,-0.01126,2,95122.85,1
2026-01-18 11:17:46,95122.84,0.05018,-0.021859999999999997,3,95122.84,0
2026-01-18 11:17:47,95122.85,0.00054,0.0,3,95122.84,0
2026-01-18 11:17:49,95122.84,0.006350000000000001,-0.006130000000000001,5,95122.84,0
2026-01-18 11:17:50,95122.85,0.04997,-0.046310000000000004,3,95122.85,0
2026-01-18 11:17:51,95122.84,0.00064,-0.00064,2,95122.84,0
2026-01-18 11:17:52,95122.84,0.00346,-0.00238,5,95122.85,1
2026-01-18 11:17:54,95122.84,0.00517,0.00421,6,95122.84,0
2026-01-18 11:17:55,95122.85,0.00122,0.00092,2,95122.84,0
2026-01-18 11:17:56,95122.84,0.00472,-0.00472,3,95122.85,1
2026-01-18 11:17:57,95122.85,0.007050000000000001,0.007050000000000001,2,95122.84,0
2026-01-18 11:17:58,95122.84,0.0045899999999999995,-0.0045899999999999995,2,95122.84,0
2026-01-18 11:17:59,95122.84,0.00529,0.00403,4,95122.85,1
2026-01-18 11:18:00,95122.84,0.011,-0.011,3,95122.84,0
2026-01-18 11:18:01,95122.85,0.0009299999999999999,-0.00026999999999999995,3,95122.85,0
2026-01-18 11:18:02,95122.84,0.005390000000000001,-0.005390000000000001,4,95122.85,1
2026-01-18 11:18:03,95122.84,0.00294,0.0009599999999999999,2,95122.84,0
2026-01-18 11:18:04,95122.85,0.0021700000000000005,-0.00191,3,95122.84,0
2026-01-18 11:18:05,95122.84,0.00088,0.0,3,95122.84,0
2026-01-18 11:18:07,95122.85,0.0105,0.0105,1,95122.84,0
2026-01-18 11:18:08,95122.84,9e-05,-9e-05,1,95122.85,1
2026-01-18 11:18:09,95122.84,0.0045000000000000005,-0.0045000000000000005,2,95122.85,1
2026-01-18 11:18:10,95122.84,0.00212,-0.00212,3,95122.84,0
2026-01-18 11:18:12,95122.84,0.01722,-0.008220000000000002,5,95122.85,1
2026-01-18 11:18:13,95122.85,0.0115,-0.01138,3,95122.85,0
2026-01-18 11:18:14,95122.85,0.0094,0.0094,2,95122.85,0
2026-01-18 11:18:15,95122.84,0.0045000000000000005,-0.0045000000000000005,2,95122.85,1
2026-01-18 11:18:16,95122.85,0.0093,0.0093,2,95122.85,0
2026-01-18 11:18:17,95122.85,0.0279,0.026860000000000002,3,95122.85,0
2026-01-18 11:18:18,95122.85,0.00477,0.00477,4,95122.85,0
2026-01-18 11:18:19,95122.85,0.00129,0.00115,4,95122.85,0
2026-01-18 11:18:20,95122.85,0.00048000000000000007,0.00048000000000000007,2,95122.84,0
2026-01-18 11:18:21,95122.85,0.00471,-0.00427,3,95122.84,0
2026-01-18 11:18:22,95122.85,0.012910000000000001,-0.00285,4,95122.84,0
2026-01-18 11:18:23,95122.85,0.00547,-0.0029100000000000003,3,95122.84,0
2026-01-18 11:18:24,95122.85,0.02772,0.02772,4,95122.84,0
2026-01-18 11:18:25,95122.84,0.00048,-0.00048,2,95122.85,1
2026-01-18 11:18:26,95122.84,0.0010400000000000001,-0.0010400000000000001,3,95122.85,1
2026-01-18 11:18:29,95122.84,0.00023999999999999998,-0.00023999999999999998,2,95122.84,0
2026-01-18 11:18:31,95122.85,0.0044800000000000005,0.0044800000000000005,2,95122.84,0
2026-01-18 11:18:34,95122.84,0.0044800000000000005,-0.0044800000000000005,3,95122.84,0
2026-01-18 11:18:36,95122.84,0.0029500000000000004,-0.0029500000000000004,2,95122.84,0
2026-01-18 11:18:37,95122.85,0.00469,0.00469,3,95122.85,0
2026-01-18 11:18:38,95122.84,0.00027,-0.00027,1,95122.84,0
2026-01-18 11:18:39,95122.84,0.00447,-0.00447,2,95122.85,1
2026-01-18 11:18:40,95122.85,0.0005300000000000001,-7.000000000000002e-05,3,95122.84,0
2026-01-18 11:18:41,95122.84,0.0021,-0.0021,1,95122.84,0
2026-01-18 11:18:42,95122.85,0.00436,0.00394,2,95122.84,0
2026-01-18 11:18:43,95122.84,0.00603,0.00485,4,95122.85,1
2026-01-18 11:18:44,95122.85,0.020479999999999998,-0.01812,4,95122.84,0
2026-01-18 11:18:45,95122.84,0.00447,-0.00447,2,95122.84,0
2026-01-18 11:18:46,95122.84,0.017459999999999996,0.015119999999999998,3,95122.84,0
2026-01-18 11:18:47,95122.84,0.00023999999999999998,-0.00023999999999999998,2,95122.84,0
2026-01-18 11:18:48,95122.85,0.00444,0.00444,3,95122.84,0
2026-01-18 11:18:49,95122.84,0.09093000000000001,-0.08041000000000001,11,95122.85,1
2026-01-18 11:18:50,95122.84,0.0001,-0.0001,1,95122.84,0
2026-01-18 11:18:51,95122.84,0.03763,-0.025029999999999997,5,95122.84,0
2026-01-18 11:18:52,95122.84,0.0006399999999999999,0.00021999999999999998,3,95122.85,1
2026-01-18 11:18:53,95122.84,0.0022199999999999998,-0.0022199999999999998,2,95122.84,0
2026-01-18 11:18:54,95122.85,0.00781,-0.006350000000000001,3,95122.84,0
2026-01-18 11:18:55,95122.84,0.01636,0.01614,2,95122.84,0
2026-01-18 11:18:56,95122.84,8e-05,-8e-05,1,95122.84,0
2026-01-18 11:18:57,95122.85,0.00349,-0.0012700000000000003,3,95122.84,0
2026-01-18 11:18:58,95122.84,0.00811,-0.00811,3,95122.84,0
2026-01-18 11:18:59,95122.84,0.01963,-0.01963,4,95122.85,1
2026-01-18 11:19:00,95122.84,0.0063,0.00426,5,95122.84,0
2026-01-18 11:19:01,95122.84,0.00557,-0.0012299999999999998,7,95122.84,0
2026-01-18 11:19:03,95122.84,0.00031,-0.00011,2,95122.84,0
2026-01-18 11:19:04,95122.85,0.00027,0.00027,2,95122.84,0
2026-01-18 11:19:08,95122.84,0.00154,-0.00058,4,95122.84,0
2026-01-18 11:19:12,95122.84,0.00042,-0.00042,1,95122.84,0
2026-01-18 11:19:15,95122.85,0.00899,0.00899,2,95122.84,0
2026-01-18 11:19:16,95122.84,0.00052,-0.00052,1,95122.84,0
2026-01-18 11:19:17,95122.84,0.00827,-0.00749,2,95122.84,0
2026-01-18 11:19:19,95122.84,0.0005600000000000001,-0.0005600000000000001,2,95122.84,0
2026-01-18 11:19:20,95122.84,0.00108,-0.00108,1,95122.84,0
2026-01-18 11:19:21,95122.84,0.002,-0.002,1,95122.84,0
2026-01-18 11:19:22,95122.84,0.00796,-0.00796,1,95122.85,1
2026-01-18 11:19:25,95122.84,0.014,-0.014,1,95122.84,0
2026-01-18 11:19:26,95122.84,0.00069,-0.00069,1,95122.85,1
2026-01-18 11:19:27,95122.85,0.0008,0.0008,1,95122.84,0
2026-01-18 11:19:28,95122.85,0.00664,-0.00536,3,95122.84,0
2026-01-18 11:19:31,95122.85,0.0001,0.0001,1,95122.84,0
2026-01-18 11:19:32,95122.84,0.0006100000000000001,-0.00041000000000000005,2,95122.85,1
2026-01-18 11:19:34,95122.85,0.00819,-0.00807,2,95122.85,0
2026-01-18 11:19:36,95122.84,0.00071,-0.00071,1,95122.84,0
2026-01-18 11:19:37,95122.85,0.00458,0.00436,3,95122.84,0
2026-01-18 11:19:40,95122.84,0.03412,-0.03354,13,95122.84,0
2026-01-18 11:19:41,95122.84,0.00307,-0.00155,3,95122.84,0
2026-01-18 11:19:42,95122.84,0.09299,-0.09299,4,95122.84,0
2026-01-18 11:19:43,95122.85,0.13166,-0.12274,3,95122.85,0
2026-01-18 11:19:45,95122.84,0.0001,-0.0001,1,95122.84,0
2026-01-18 11:19:47,95122.84,0.00151,0.00063,3,95122.84,0
2026-01-18 11:19:48,95122.85,0.010280000000000001,0.00972,3,95122.84,0
2026-01-18 11:19:49,95122.85,0.02622,0.02622,3,95122.84,0
2026-01-18 11:19:50,95122.84,0.00442,-0.00442,2,95122.85,1
2026-01-18 11:19:53,95122.84,0.02,-0.02,2,95122.85,1
2026-01-18 11:19:54,95122.84,0.00059,-0.00059,1,95122.84,0
2026-01-18 11:19:55,95122.85,0.00498,0.00498,4,95122.84,0
2026-01-18 11:19:56,95122.84,0.00019,-0.00019,1,95122.84,0
2026-01-18 11:19:58,95122.85,0.00068,0.00068,3,95122.84,0
2026-01-18 11:19:59,95122.84,0.00444,-0.00444,2,95122.84,0
2026-01-18 11:20:00,95122.84,0.0057,0.0013000000000000002,3,95122.85,1
2026-01-18 11:20:01,95122.84,0.00356,-0.00328,2,95122.84,0
2026-01-18 11:20:02,95122.85,0.00705,0.00391,4,95122.84,0
2026-01-18 11:20:03,95122.84,0.00053,-0.00053,2,95122.85,1
2026-01-18 11:20:04,95122.84,0.00408,-0.00396,4,95122.85,1
2026-01-18 11:20:06,95122.84,0.00341,-0.00341,1,95122.85,1
2026-01-18 11:20:07,95122.84,0.00434,0.00422,2,95122.84,0
2026-01-18 11:20:08,95122.85,0.02439,0.02439,1,95122.85,0
2026-01-18 11:20:09,95122.85,0.00444,0.00444,2,95122.85,0
2026-01-18 11:20:11,95122.85,0.0057599999999999995,-0.00534,4,95122.85,0
2026-01-18 11:20:12,95122.84,0.0086,0.00808,3,95122.84,0
2026-01-18 11:20:15,95122.84,0.00321,-0.00321,1,95122.85,1
2026-01-18 11:20:17,95122.84,0.00557,-0.00557,4,95122.84,0
2026-01-18 11:20:20,95122.85,0.00807,0.00787,5,95122.84,0
2026-01-18 11:20:22,95122.84,0.009819999999999999,-0.0077399999999999995,2,95122.85,1
2026-01-18 11:20:23,95122.84,0.15199000000000001,0.15071,12,95122.84,0
2026-01-18 11:20:24,95122.85,0.00457,-0.0042699999999999995,3,95122.84,0
2026-01-18 11:20:25,95122.84,0.00038,-1.9999999999999998e-05,2,95122.84,0
2026-01-18 11:20:26,95122.85,0.00294,0.00294,1,95122.85,0
2026-01-18 11:20:27,95122.85,0.00442,0.00442,2,95122.85,0
2026-01-18 11:20:28,95122.84,0.00023,-9.999999999999999e-06,2,95122.85,1
2026-01-18 11:20:29,95122.84,0.00016,-0.00016,1,95122.85,1
2026-01-18 11:20:30,95122.84,0.0049,-0.00432,4,95122.84,0
2026-01-18 11:20:32,95122.85,0.02254,-0.013319999999999999,6,95122.85,0
2026-01-18 11:20:33,95122.85,0.00117,0.00117,2,95122.85,0
2026-01-18 11:20:34,95122.85,0.00307,0.00307,4,95122.84,0
2026-01-18 11:20:35,95122.84,0.00446,-0.00402,3,95122.84,0
2026-01-18 11:20:37,95122.85,0.00508,0.00508,2,95122.85,0
2026-01-18 11:20:38,95122.85,0.015470000000000001,0.015470000000000001,4,95122.85,0
2026-01-18 11:20:39,95122.84,0.0005200000000000001,-0.0005200000000000001,2,95122.84,0
2026-01-18 11:20:40,95122.84,0.20021,-0.20021,16,95122.85,1
2026-01-18 11:20:41,95122.85,0.15945,0.15063000000000001,12,95122.84,0
2026-01-18 11:20:42,95122.85,0.00844,0.00328,4,95122.85,0
2026-01-18 11:20:44,95122.84,0.0007899999999999999,-0.00040999999999999994,2,95122.85,1
2026-01-18 11:20:46,95122.84,0.00561,-0.00511,5,95122.85,1
2026-01-18 11:20:47,95122.85,0.0017100000000000001,0.00031000000000000005,3,95122.84,0
2026-01-18 11:20:49,95122.85,0.01067,-0.0018700000000000004,3,95122.85,0
2026-01-18 11:20:51,95122.85,0.00056,0.00056,1,95122.84,0
2026-01-18 11:20:52,95122.84,0.0047,-0.0041,3,95122.84,0
2026-01-18 11:20:53,95122.85,0.00334,-0.0002800000000000001,2,95122.85,0
2026-01-18 11:20:54,95122.85,0.00324,0.00324,3,95122.85,0
2026-01-18 11:20:55,95122.85,0.00451,0.00451,3,95122.85,0
2026-01-18 11:20:56,95122.84,0.01975,-0.00929,6,95122.85,1
2026-01-18 11:20:57,95122.84,1.60057,-1.60039,145,95122.85,1
2026-01-18 11:20:58,95122.85,0.040010000000000004,-0.03857,11,95122.84,0
2026-01-18 11:20:59,95122.85,0.33224,0.33152,7,95119.59,0
2026-01-18 11:21:00,95122.85,0.31554,-0.31342,5,95119.58,0
2026-01-18 11:21:01,95122.85,0.11333,-0.10455,8,95119.58,0
2026-01-18 11:21:02,95122.85,0.16989,-0.16739,11,95119.58,0
2026-01-18 11:21:03,95122.84,0.26595,-0.26595,16,95119.59,0
2026-01-18 11:21:05,95119.58,0.10414,-0.10414,9,95119.58,0
2026-01-18 11:21:06,95119.58,0.0026899999999999997,-0.0026899999999999997,3,95119.58,0
2026-01-18 11:21:08,95119.59,0.00137,0.00137,1,95119.59,0
2026-01-18 11:21:10,95119.58,0.00517,-0.0035900000000000003,3,95119.58,0
2026-01-18 11:21:11,95119.58,0.00263,0.0015899999999999998,3,95119.58,0
2026-01-18 11:21:13,95119.59,0.00438,0.00438,2,95119.58,0
2026-01-18 11:21:14,95119.59,0.04331,0.03773,4,95119.58,0
2026-01-18 11:21:15,95119.58,0.00106,-0.00106,1,95119.59,1
2026-01-18 11:21:16,95119.58,0.0045,-0.0045,4,95119.58,0
2026-01-18 11:21:18,95119.58,0.00468,-0.00468,2,95119.58,0
2026-01-18 11:21:19,95119.58,0.019049999999999997,0.00021000000000000012,6,95119.58,0
2026-01-18 11:21:20,95119.59,0.02039,-0.01745,4,95119.58,0
2026-01-18 11:21:21,95119.58,0.00325,-0.00325,1,95119.59,1
2026-01-18 11:21:22,95119.58,0.0151,-0.0151,3,95119.59,1
2026-01-18 11:21:23,95119.58,0.00694,-0.00626,3,95119.58,0
2026-01-18 11:21:24,95119.58,0.00018,-0.00018,1,95119.59,1
2026-01-18 11:21:25,95119.58,0.01989,-0.01989,1,95119.58,0
2026-01-18 11:21:26,95119.59,0.0050999999999999995,0.0048,4,95119.59,0
2026-01-18 11:21:27,95119.59,0.00684,0.00684,2,95119.59,0
2026-01-18 11:21:28,95119.58,0.11036,-0.10998000000000001,10,95119.59,1
2026-01-18 11:21:29,95119.59,0.00022,0.00022,1,95119.59,0
2026-01-18 11:21:30,95119.58,0.014289999999999999,-0.014289999999999999,4,95119.58,0
2026-01-18 11:21:31,95119.59,0.00046,0.00011999999999999999,2,95119.59,0
2026-01-18 11:21:32,95119.59,0.0019399999999999999,-0.0007400000000000001,3,95119.58,0
2026-01-18 11:21:33,95119.59,0.00456,0.00456,3,95119.59,0
2026-01-18 11:21:34,95119.59,0.00042,0.0,2,95119.58,0
2026-01-18 11:21:35,95119.58,0.0052,-0.0052,1,95119.59,1
2026-01-18 11:21:36,95119.59,0.00449,-0.004229999999999999,4,95119.58,0
2026-01-18 11:21:37,95119.58,0.00059,-0.00059,1,95119.58,0
2026-01-18 11:21:38,95119.59,0.00048,-0.00028000000000000003,2,95119.58,0
2026-01-18 11:21:39,95119.58,0.00692,0.00482,4,95119.59,1
2026-01-18 11:21:40,95119.59,0.007,-0.006540000000000001,6,95119.58,0
2026-01-18 11:21:41,95119.58,0.00021,-0.00021,1,95119.59,1
2026-01-18 11:21:42,95119.58,0.00579,-0.00335,4,95119.58,0
2026-01-18 11:21:43,95119.58,0.00826,-0.00826,4,95119.58,0
2026-01-18 11:21:44,95119.59,0.00435,0.00435,2,95119.58,0
2026-01-18 11:21:45,95119.58,0.00022,-0.00022,1,95119.58,0
2026-01-18 11:21:46,95119.59,0.0002,0.0002,1,95119.59,0
2026-01-18 11:21:47,95119.58,0.00454,-0.00454,3,95119.59,1
2026-01-18 11:21:48,95119.58,0.00116,0.0009599999999999999,2,95119.59,1
2026-01-18 11:21:49,95119.58,0.00523,-0.00523,1,95119.59,1
2026-01-18 11:21:50,95119.58,0.00026000000000000003,-0.00026000000000000003,2,95119.58,0
2026-01-18 11:21:51,95119.59,0.00497,0.00497,4,95119.58,0
2026-01-18 11:21:53,95119.59,0.00129,0.00047,3,95119.59,0
2026-01-18 11:21:54,95119.59,0.07836,0.07836,2,95119.59,0
2026-01-18 11:21:55,95119.58,0.00335,-0.00295,2,95119.59,1
2026-01-18 11:21:56,95119.58,0.00573,-0.0046700000000000005,5,95119.58,0
2026-01-18 11:21:58,95119.59,0.00149,-0.0012100000000000001,4,95119.59,0
2026-01-18 11:21:59,95119.59,0.00454,0.00414,3,95119.59,0
2026-01-18 11:22:00,95119.59,0.00061,0.00039,2,95119.58,0
2026-01-18 11:22:01,95119.58,0.029869999999999997,0.02729,7,95119.58,0
2026-01-18 11:22:04,95119.59,6e-05,6e-05,1,95119.58,0
2026-01-18 11:22:05,95119.58,0.0028599999999999997,-9.999999999999999e-05,4,95119.58,0
2026-01-18 11:22:06,95119.58,0.00136,-0.00136,1,95119.59,1
2026-01-18 11:22:09,95119.58,0.01,-0.01,1,95119.58,0
2026-01-18 11:22:11,95119.59,0.00067,0.00067,1,95119.58,0
2026-01-18 11:22:12,95119.59,0.00368,0.00368,1,95119.59,0
2026-01-18 11:22:13,95119.59,0.001,0.001,1,95119.59,0
2026-01-18 11:22:14,95119.58,0.0009500000000000001,-0.0008100000000000001,3,95119.59,1
2026-01-18 11:22:16,95119.58,0.0044800000000000005,0.0042,3,95119.59,1
2026-01-18 11:22:17,95119.59,0.00059,0.00059,3,95119.59,0
2026-01-18 11:22:18,95119.59,0.0017400000000000002,-0.00023999999999999998,3,95119.59,0
2026-01-18 11:22:19,95119.59,0.00579,-0.0028899999999999998,7,95119.59,0
2026-01-18 11:22:20,95119.59,0.00131,0.00131,3,95119.58,0
2026-01-18 11:22:23,95119.59,0.00113,0.00113,2,95119.58,0
2026-01-18 11:22:24,95119.59,0.0002,0.0002,1,95119.59,0
2026-01-18 11:22:25,95119.58,0.01341,-0.01327,3,95119.58,0
2026-01-18 11:22:28,95119.58,0.008239999999999999,0.00812,2,95119.59,1
2026-01-18 11:22:29,95119.59,0.06858,0.05572,5,95119.59,0
2026-01-18 11:22:30,95119.58,0.00966,-0.00966,3,95119.58,0
2026-01-18 11:22:31,95119.59,6e-05,6e-05,1,95119.58,0
2026-01-18 11:22:32,95119.59,0.00455,0.00455,4,95119.58,0
2026-01-18 11:22:33,95119.59,0.00048,0.00048,1,95119.59,0
2026-01-18 11:22:34,95119.59,0.009899999999999999,-0.00978,2,95119.59,0
2026-01-18 11:22:35,95119.58,0.00432,-0.00432,2,95119.58,0
2026-01-18 11:22:36,95119.58,0.00117,-0.00117,2,95119.59,1
2026-01-18 11:22:37,95119.58,6e-05,-6e-05,1,95119.59,1
2026-01-18 11:22:38,95119.59,0.00583,-0.0015300000000000001,3,95119.59,0
2026-01-18 11:22:39,95119.59,0.0024300000000000003,0.0024300000000000003,2,95119.58,0
2026-01-18 11:22:40,95119.58,0.00063,-0.00063,1,95119.59,1
2026-01-18 11:22:42,95119.59,0.0033,0.0021000000000000003,3,95119.59,0
2026-01-18 11:22:43,95119.59,7e-05,7e-05,1,95119.58,0
2026-01-18 11:22:44,95119.58,0.03853,0.03841,5,95119.59,1
2026-01-18 11:22:45,95119.59,0.09746,0.09706,5,95119.58,0
2026-01-18 11:22:47,95119.59,0.019700000000000002,0.009340000000000001,5,95119.58,0
2026-01-18 11:22:48,95119.58,0.00499,-0.00499,3,95119.58,0
2026-01-18 11:22:49,95119.59,0.00193,0.00040999999999999994,3,95119.58,0
2026-01-18 11:22:50,95119.58,0.03986000000000001,-0.035660000000000004,4,95119.59,1
2026-01-18 11:22:51,95119.58,0.02458,-0.01596,4,95119.59,1
2026-01-18 11:22:54,95119.58,0.04277,0.037489999999999996,2,95119.58,0
2026-01-18 11:22:55,95119.59,0.00039,0.00039,2,95119.58,0
2026-01-18 11:22:56,95119.59,0.00577,0.00285,3,95119.58,0
2026-01-18 11:22:59,95119.58,0.00020999999999999998,8.999999999999999e-05,2,95119.59,1
2026-01-18 11:23:00,95119.58,0.00533,-0.00411,5,95120.95,1
2026-01-18 11:23:01,95119.58,0.01194,-0.01194,3,95120.95,1
2026-01-18 11:23:02,95119.58,0.00595,0.00179,7,95120.96,1
2026-01-18 11:23:03,95119.59,0.06014,0.06014,7,95120.96,1
2026-01-18 11:23:04,95119.59,0.15474,0.15474,7,95120.96,1
2026-01-18 11:23:05,95120.95,0.28988,0.28858,26,95120.95,0
2026-01-18 11:23:06,95120.95,0.01748,-0.01748,4,95120.95,0
2026-01-18 11:23:08,95120.96,0.0011,0.0009,2,95121.05,1
2026-01-18 11:23:09,95120.96,0.0047,0.00402,4,95121.06,1
2026-01-18 11:23:11,95120.95,0.00451,-0.00409,3,95121.06,1
2026-01-18 11:23:13,95121.05,0.29641,0.29559,6,95121.05,0
2026-01-18 11:23:17,95121.06,0.01959,0.01959,1,95121.06,0
2026-01-18 11:23:18,95121.05,0.00693,-0.00693,6,95121.06,1
2026-01-18 11:23:22,95121.06,0.015390000000000001,-0.004489999999999999,5,95121.05,0
2026-01-18 11:23:23,95121.06,5e-05,5e-05,1,95121.05,0
2026-01-18 11:23:24,95121.05,0.00151,-0.00151,2,95121.06,1
2026-01-18 11:23:25,95121.05,0.00428,-0.00428,2,95121.06,1
2026-01-18 11:23:27,95121.05,0.0056,-0.0025599999999999998,6,95121.06,1
2026-01-18 11:23:28,95121.05,0.00241,-0.00241,1,95121.06,1
2026-01-18 11:23:29,95121.06,0.04712,0.04712,4,95121.05,0
2026-01-18 11:23:30,95121.06,0.036449999999999996,0.035949999999999996,3,95121.05,0
2026-01-18 11:23:31,95121.06,6e-05,6e-05,1,95121.06,0
2026-01-18 11:23:32,95121.06,0.02596,0.02558,4,95121.06,0
2026-01-18 11:23:34,95121.05,6e-05,-6e-05,1,95121.05,0
2026-01-18 11:23:35,95121.05,0.0012599999999999998,-0.0012599999999999998,3,95121.06,1
2026-01-18 11:23:36,95121.06,0.00574,0.00574,4,95121.05,0
2026-01-18 11:23:37,95121.06,0.00011,0.00011,2,95121.05,0
2026-01-18 11:23:39,95121.05,0.04154,0.032999999999999995,4,95121.06,1
2026-01-18 11:23:40,95121.06,0.00298,0.0004000000000000002,2,95121.06,0
2026-01-18 11:23:41,95121.05,0.00474,-0.00474,1,95121.05,0
2026-01-18 11:23:42,95121.05,0.00023,-0.00023,1,95121.06,1
2026-01-18 11:23:43,95121.06,0.00523,0.00473,5,95121.05,0
2026-01-18 11:23:44,95121.06,0.04342,0.04342,1,95121.06,0
2026-01-18 11:23:45,95121.06,0.00035999999999999997,0.00035999999999999997,2,95122.85,1
2026-01-18 11:23:46,95121.05,0.0042699999999999995,-0.0042699999999999995,2,95122.84,1
2026-01-18 11:23:47,95121.06,0.00319,-0.00245,7,95124.99,1
2026-01-18 11:23:48,95121.05,0.00205,0.0006500000000000001,2,95125.0,1
2026-01-18 11:23:50,95122.85,0.03789,0.03789,18,95125.0,1
2026-01-18 11:23:51,95122.84,0.01929,-0.0036300000000000013,5,95124.99,1
2026-01-18 11:23:52,95124.99,0.05331,-0.004489999999999999,25,95124.99,0
2026-01-18 11:23:53,95125.0,0.00264,0.00212,4,95124.99,0
2026-01-18 11:23:55,95125.0,0.00489,0.00489,5,95124.99,0
2026-01-18 11:23:56,95124.99,0.00596,-0.00412,3,95124.99,0
2026-01-18 11:23:57,95124.99,0.00233,-0.00233,1,95124.99,0
2026-01-18 11:23:58,95124.99,0.00426,-0.00426,2,95124.99,0
2026-01-18 11:23:59,95124.99,0.08269000000000001,0.05387000000000001,6,95125.0,1
2026-01-18 11:24:00,95124.99,0.03946,-0.03848,3,95125.0,1
2026-01-18 11:24:01,95124.99,0.00969,0.00865,5,95124.99,0
2026-01-18 11:24:02,95124.99,0.00146,-0.00146,1,95124.99,0
2026-01-18 11:24:03,95124.99,0.0043,-0.0042,3,95124.99,0
2026-01-18 11:24:04,95125.0,6e-05,6e-05,1,95125.0,0
2026-01-18 11:24:05,95125.0,0.25556,-0.25312,5,95125.0,0
2026-01-18 11:24:06,95124.99,0.00011,-0.00011,1,95124.99,0
2026-01-18 11:24:07,95124.99,0.00045,-0.00045,1,95124.99,0
2026-01-18 11:24:08,95124.99,0.00996,-0.00996,1,95125.0,1
2026-01-18 11:24:09,95125.0,0.00255,0.00243,2,95124.99,0
2026-01-18 11:24:10,95125.0,0.00425,0.00425,2,95125.0,0
2026-01-18 11:24:11,95124.99,0.024939999999999997,0.011399999999999999,3,95125.0,1
2026-01-18 11:24:12,95124.99,0.00425,-0.00425,2,95125.0,1
2026-01-18 11:24:13,95125.0,0.00419,0.00419,1,95124.99,0
2026-01-18 11:24:14,95124.99,0.043730000000000005,0.04353,2,95125.0,1
2026-01-18 11:24:15,95125.0,0.00713,0.00149,4,95125.0,0
2026-01-18 11:24:16,95125.0,0.00031,0.00031,2,95125.0,0
2026-01-18 11:24:17,95125.0,0.00115,0.00065,3,95125.0,0
2026-01-18 11:24:18,95124.99,0.0567,-0.03538,8,95125.0,1
2026-01-18 11:24:19,95125.0,0.0025399999999999997,-0.0005399999999999999,4,95124.99,0
2026-01-18 11:24:20,95125.0,0.00013,0.00013,1,95125.0,0
2026-01-18 11:24:22,95125.0,0.017150000000000002,-0.00819,7,95125.0,0
2026-01-18 11:24:23,95125.0,0.00247,0.0008900000000000001,2,95125.0,0
2026-01-18 11:24:24,95124.99,0.05026,-0.04922,4,95125.0,1
2026-01-18 11:24:25,95125.0,0.79583,-0.79281,16,95124.99,0
2026-01-18 11:24:27,95125.0,0.0049700000000000005,0.00349,4,95125.0,0
2026-01-18 11:24:28,95125.0,0.00079,0.00079,1,95121.06,0
2026-01-18 11:24:29,95125.0,0.07023,0.06889,3,95121.06,0
2026-01-18 11:24:30,95124.99,0.07833,-0.07833,3,95121.06,0
2026-01-18 11:24:31,95124.99,0.00013,-0.00013,1,95121.05,0
2026-01-18 11:24:33,95121.06,0.37821,-0.35211,45,95121.05,0
2026-01-18 11:24:34,95121.06,0.00052,0.00052,1,95121.06,0
2026-01-18 11:24:35,95121.06,0.00012,0.0,2,95121.05,0
2026-01-18 11:24:36,95121.05,0.00423,-0.00423,2,95121.06,1
2026-01-18 11:24:38,95121.05,0.00224,0.0012000000000000001,4,95121.05,0
2026-01-18 11:24:39,95121.06,0.0014299999999999998,-0.00133,2,95121.06,0
2026-01-18 11:24:40,95121.05,0.0046,0.00386,4,95121.06,1
2026-01-18 11:24:41,95121.06,0.005280000000000001,-0.004860000000000001,3,95121.06,0
2026-01-18 11:24:42,95121.05,0.00079,-0.00079,1,95121.05,0
2026-01-18 11:24:43,95121.05,0.00553,-0.00509,5,95121.05,0
2026-01-18 11:24:44,95121.06,0.06399,0.06279000000000001,3,95121.06,0
2026-01-18 11:24:45,95121.06,0.00422,0.00422,2,95121.06,0
2026-01-18 11:24:46,95121.06,0.00618,0.00618,3,95121.05,0
2026-01-18 11:24:47,95121.05,0.0030299999999999997,-0.0030299999999999997,3,95121.06,1
2026-01-18 11:24:48,95121.05,9e-05,-9e-05,1,95121.05,0
2026-01-18 11:24:49,95121.06,0.01849,0.01005,5,95121.06,0
2026-01-18 11:24:50,95121.06,0.00061,0.00061,1,95121.05,0
2026-01-18 11:24:51,95121.05,0.00033,0.00017,2,95121.06,1
2026-01-18 11:24:52,95121.06,0.00915,0.00915,5,95121.06,0
2026-01-18 11:24:54,95121.06,0.08167999999999999,0.0405,9,95121.05,0
2026-01-18 11:24:55,95121.05,0.00021,-0.00021,2,95121.05,0
2026-01-18 11:24:56,95121.06,0.02543,0.02247,4,95121.06,0
2026-01-18 11:24:57,95121.06,0.03911,0.03911,3,95121.05,0
2026-01-18 11:24:59,95121.05,0.00033,9e-05,2,95121.06,1
2026-01-18 11:25:00,95121.05,0.00653,-0.00653,3,95121.05,0
2026-01-18 11:25:01,95121.06,0.00027,0.00027,1,95121.06,0
2026-01-18 11:25:02,95121.05,0.00187,0.00105,3,95121.06,1
2026-01-18 11:25:03,95121.06,0.0069299999999999995,0.0069299999999999995,5,95121.06,0
2026-01-18 11:25:04,95121.06,0.00848,-0.008360000000000001,4,95121.06,0
2026-01-18 11:25:05,95121.05,0.013399999999999999,-0.0018000000000000004,6,95121.06,1
2026-01-18 11:25:06,95121.06,0.00027,0.00027,1,95121.05,0
2026-01-18 11:25:07,95121.06,0.0028799999999999997,-0.0018199999999999996,4,95121.06,0
2026-01-18 11:25:08,95121.06,0.00472,0.00374,4,95121.06,0
2026-01-18 11:25:09,95121.06,7e-05,7e-05,1,95121.06,0
2026-01-18 11:25:11,95121.05,0.0042,-0.0042,2,95121.05,0
2026-01-18 11:25:12,95121.06,0.00335,0.0006299999999999998,4,95121.05,0
2026-01-18 11:25:13,95121.06,0.00296,-0.00242,3,95121.05,0
2026-01-18 11:25:14,95121.06,0.03833,0.03833,5,95121.05,0
2026-01-18 11:25:18,95121.05,0.00024,-0.00024,1,95121.05,0
2026-01-18 11:25:19,95121.05,0.046380000000000005,0.04546,3,95121.06,1
2026-01-18 11:25:24,95121.06,0.0015300000000000001,0.0015300000000000001,2,95121.05,0
2026-01-18 11:25:27,95121.05,0.0063,-0.0063,1,95121.06,1
2026-01-18 11:25:29,95121.05,0.0395,0.02382,6,95121.06,1
2026-01-18 11:25:30,95121.05,0.00107,-0.00107,4,95121.05,0
2026-01-18 11:25:32,95121.06,1.65161,1.30059,7,95121.06,0
2026-01-18 11:25:33,95121.06,8e-05,8e-05,1,95121.05,0
2026-01-18 11:25:34,95121.06,0.04591,0.04581,3,95121.06,0
2026-01-18 11:25:35,95121.05,0.00015,-0.00015,1,95121.06,1
2026-01-18 11:25:36,95121.05,0.00861,-0.00861,3,95121.05,0
2026-01-18 11:25:37,95121.06,0.0075,0.006840000000000001,2,95121.05,0
2026-01-18 11:25:38,95121.05,0.0025399999999999997,-0.0025399999999999997,2,95121.05,0
2026-01-18 11:25:39,95121.06,0.00417,0.00417,2,95121.06,0
2026-01-18 11:25:40,95121.06,0.00625,0.00625,1,95121.06,0
2026-01-18 11:25:41,95121.05,0.0050100000000000006,-0.00333,3,95121.06,1
2026-01-18 11:25:42,95121.05,0.00613,-0.005350000000000001,2,95121.06,1
2026-01-18 11:25:43,95121.05,0.0037,0.00286,4,95121.05,0
2026-01-18 11:25:44,95121.06,0.06563,0.06563,4,95121.06,0
2026-01-18 11:25:45,95121.06,0.00564,0.00564,1,95121.05,0
2026-01-18 11:25:46,95121.06,0.00418,0.00418,1,95121.05,0
2026-01-18 11:25:47,95121.06,0.00164,0.0015,2,95121.06,0
2026-01-18 11:25:48,95121.05,0.00417,-0.00417,3,95121.05,0
2026-01-18 11:25:49,95121.06,0.00087,0.00087,1,95121.06,0
2026-01-18 11:25:50,95121.05,0.00453,0.00381,3,95121.06,1
2026-01-18 11:25:51,95121.05,0.0019299999999999999,-0.0019299999999999999,2,95121.06,1
2026-01-18 11:25:53,95121.05,0.0041600000000000005,-0.0041600000000000005,2,95121.06,1
2026-01-18 11:25:54,95121.06,0.00029,0.00029,1,95121.06,0
2026-01-18 11:25:55,95121.06,0.00014,0.00014,1,95121.06,0
2026-01-18 11:25:56,95121.06,0.00416,0.00416,2,95121.06,0
2026-01-18 11:25:58,95121.06,0.00432,-0.0041400000000000005,4,95121.05,0
2026-01-18 11:25:59,95121.06,0.00701,0.00701,2,95121.06,0
2026-01-18 11:26:00,95121.06,0.00096,0.00022000000000000003,2,95121.05,0
2026-01-18 11:26:01,95121.06,0.0042899999999999995,0.0042899999999999995,4,95121.05,0
2026-01-18 11:26:03,95121.05,0.0006900000000000001,-0.00027,2,95121.06,1
2026-01-18 11:26:04,95121.06,0.06858,0.061040000000000004,5,95121.05,0
2026-01-18 11:26:05,95121.05,6e-05,-6e-05,1,95121.06,1
2026-01-18 11:26:06,95121.05,0.00079,-0.00079,3,95121.05,0
2026-01-18 11:26:07,95121.06,0.00376,0.00376,2,95121.05,0
2026-01-18 11:26:08,95121.06,0.00192,0.00192,1,95121.05,0
2026-01-18 11:26:09,95121.05,0.00543,-0.00371,4,95121.05,0
2026-01-18 11:26:10,95121.06,0.0001,0.0001,1,95121.05,0
2026-01-18 11:26:11,95121.05,0.00031999999999999997,-0.00031999999999999997,2,95121.06,1
2026-01-18 11:26:12,95121.05,0.004350000000000001,0.00395,4,95121.06,1
2026-01-18 11:26:13,95121.05,0.00134,-0.00134,2,95121.06,1
2026-01-18 11:26:14,95121.05,0.00461,-0.00461,3,95121.05,0
2026-01-18 11:26:15,95121.05,0.00173,-0.00173,2,95121.06,1
2026-01-18 11:26:16,95121.06,0.00162,0.00162,1,95121.06,0
2026-01-18 11:26:18,95121.06,0.0060999999999999995,-0.00242,5,95121.05,0
2026-01-18 11:26:19,95121.05,0.04705,0.04141,8,95121.06,1
2026-01-18 11:26:20,95121.06,0.0014,0.0005400000000000001,5,95121.05,0
2026-01-18 11:26:21,95121.06,0.00053,0.00053,1,95121.06,0
2026-01-18 11:26:23,95121.05,0.0041400000000000005,-0.0041400000000000005,2,95121.05,0
2026-01-18 11:26:24,95121.06,0.01332,0.013179999999999999,2,95121.06,0
2026-01-18 11:26:25,95121.05,0.00227,-0.0019299999999999999,2,95121.06,1
2026-01-18 11:26:26,95121.06,0.0012799999999999999,0.0012799999999999999,2,95121.05,0
2026-01-18 11:26:27,95121.06,0.00429,0.00429,3,95121.06,0
2026-01-18 11:26:28,95121.05,0.0007199999999999999,0.00031999999999999997,2,95121.05,0
2026-01-18 11:26:29,95121.06,0.06675,0.05829,5,95121.06,0
2026-01-18 11:26:30,95121.06,0.00028,0.00028,1,95121.06,0
2026-01-18 11:26:31,95121.05,0.00293,0.00223,5,95121.05,0
2026-01-18 11:26:32,95121.06,0.00625,0.00625,4,95121.06,0
2026-01-18 11:26:33,95121.05,0.00017,-0.00017,1,95121.06,1
2026-01-18 11:26:34,95121.06,0.00021,0.00021,1,95121.05,0
2026-01-18 11:26:35,95121.06,0.00422,-0.004039999999999999,3,95121.05,0
2026-01-18 11:26:37,95121.06,0.00561,0.00457,4,95121.06,0
2026-01-18 11:26:38,95121.06,0.00039,0.00039,1,95121.05,0
2026-01-18 11:26:39,95121.05,0.0007700000000000001,-0.0007700000000000001,2,95121.06,1
2026-01-18 11:26:40,95121.05,0.02512,-0.02512,3,95121.06,1
2026-01-18 11:26:42,95121.06,0.00049,0.00049,1,95121.05,0
2026-01-18 11:26:43,95121.05,0.00584,0.0049,4,95121.05,0
2026-01-18 11:26:44,95121.06,0.05172,0.0382,3,95121.06,0
2026-01-18 11:26:45,95121.06,0.00126,0.00086,2,95121.05,0
2026-01-18 11:26:46,95121.05,0.0041199999999999995,-0.0041199999999999995,3,95121.06,1
2026-01-18 11:26:47,95121.05,0.00025,-0.00025,1,95121.05,0
2026-01-18 11:26:48,95121.05,0.00015,-0.00015,1,95121.06,1
2026-01-18 11:26:49,95121.06,0.00411,0.00411,2,95121.05,0
2026-01-18 11:26:50,95121.05,0.00027,-0.00027,1,95121.05,0
2026-01-18 11:26:51,95121.06,0.00622,-0.002,3,95121.06,0
2026-01-18 11:26:52,95121.05,0.00238,0.0022000000000000006,3,95121.06,1
2026-01-18 11:26:53,95121.06,0.00097,0.00097,1,95121.05,0
2026-01-18 11:26:54,95121.05,0.07783,0.07703,10,95121.05,0
2026-01-18 11:26:55,95121.05,0.0074800000000000005,0.0007399999999999998,3,95121.06,1
2026-01-18 11:26:56,95121.06,0.00093,-7.000000000000002e-05,2,95121.05,0
2026-01-18 11:26:57,95121.06,0.02346,-0.02224,8,95121.06,0
2026-01-18 11:26:58,95121.05,0.01105,-0.00997,2,95121.05,0
2026-01-18 11:26:59,95121.05,0.01516,0.013059999999999999,3,95121.05,0
2026-01-18 11:27:00,95121.06,0.00411,0.00411,3,95121.05,0
2026-01-18 11:27:01,95121.05,0.01031,-0.01031,2,95121.05,0
2026-01-18 11:27:02,95121.06,0.0001,0.0001,1,95121.06,0
2026-01-18 11:27:03,95121.05,0.00522,-0.00522,3,95121.05,0
2026-01-18 11:27:04,95121.05,0.00128,0.00114,8,95121.05,0
2026-01-18 11:27:05,95121.05,0.0034200000000000003,0.0033,2,95121.05,0
2026-01-18 11:27:06,95121.05,0.00429,0.00391,3,95121.06,1
2026-01-18 11:27:07,95121.06,0.0019,0.0019,1,95121.05,0
2026-01-18 11:27:08,95121.05,0.00074,-0.00074,4,95121.06,1
2026-01-18 11:27:09,95121.05,0.0010799999999999998,0.00046,3,95121.06,1
2026-01-18 11:27:10,95121.05,0.0051199999999999996,-0.0051199999999999996,4,95121.05,0
2026-01-18 11:27:12,95121.05,0.01369,-0.01315,4,95121.06,1
2026-01-18 11:27:13,95121.06,0.02564,0.02564,2,95121.05,0
2026-01-18 11:27:15,95121.05,0.00105,-0.00105,1,95121.06,1
2026-01-18 11:27:17,95121.06,2.1553,2.1553,4,95121.06,0
2026-01-18 11:27:18,95121.05,0.01736,-0.0030600000000000002,2,95121.05,0
2026-01-18 11:27:20,95121.06,0.0016099999999999999,0.0016099999999999999,2,95121.06,0
2026-01-18 11:27:22,95121.06,0.00221,0.00179,2,95121.05,0
2026-01-18 11:27:23,95121.05,0.03111,-0.03111,1,95121.05,0
2026-01-18 11:27:24,95121.06,0.00417,0.00381,3,95121.05,0
2026-01-18 11:27:25,95121.06,0.00409,0.00409,2,95121.06,0
2026-01-18 11:27:27,95121.05,0.00034,-0.00034,1,95121.06,1
2026-01-18 11:27:28,95121.05,0.00409,-0.00409,2,95121.05,0
2026-01-18 11:27:30,95121.06,0.00409,0.00409,2,95121.06,0
2026-01-18 11:27:31,95121.05,0.00033,-0.00033,1,95121.06,1
2026-01-18 11:27:33,95121.05,0.0044,-0.0044,3,95121.05,0
2026-01-18 11:27:35,95121.06,0.016390000000000002,0.016390000000000002,3,95121.06,0
2026-01-18 11:27:36,95121.06,0.00481,0.00481,2,95121.06,0
2026-01-18 11:27:38,95121.05,0.00408,-0.00408,3,95121.06,1
2026-01-18 11:27:39,95121.06,0.00145,0.00145,4,95121.06,0
2026-01-18 11:27:40,95121.06,0.00462,0.00462,4,95121.06,0
2026-01-18 11:27:41,95121.06,0.00017,0.00017,1,95121.05,0
2026-01-18 11:27:42,95121.05,0.00058,-0.00047999999999999996,3,95121.06,1
2026-01-18 11:27:43,95121.06,0.0051199999999999996,-0.00304,3,95121.06,0
2026-01-18 11:27:44,95121.06,0.00012,0.00012,1,95121.05,0
2026-01-18 11:27:45,95121.06,0.0012599999999999998,-0.0008199999999999999,2,95121.06,0
2026-01-18 11:27:46,95121.05,0.00524,0.0038199999999999996,6,95121.06,1
2026-01-18 11:27:48,95121.06,0.00066,-0.0003600000000000001,2,95121.06,0
2026-01-18 11:27:50,95121.06,0.00052,0.00052,1,95121.05,0
2026-01-18 11:27:51,95121.06,1.58101,1.58101,3,95121.06,0
2026-01-18 11:27:53,95121.06,0.00843,-0.004149999999999999,2,95121.06,0
2026-01-18 11:27:55,95121.05,0.00497,-0.00317,4,95121.05,0
2026-01-18 11:27:56,95121.06,0.0039900000000000005,0.0037700000000000003,2,95121.06,0
2026-01-18 11:27:57,95121.06,0.00105,0.00105,2,95121.06,0
2026-01-18 11:27:58,95121.06,0.00407,0.00407,2,95121.05,0
2026-01-18 11:27:59,95121.05,0.0052,-0.0052,1,95121.06,1
2026-01-18 11:28:00,95121.05,0.00321,-0.00083,2,95121.05,0
2026-01-18 11:28:01,95121.06,0.00437,-0.00397,4,95121.05,0
2026-01-18 11:28:02,95121.06,0.0029500000000000004,0.0029500000000000004,3,95121.06,0
2026-01-18 11:28:03,95121.05,0.00669,0.00237,6,95121.06,1
2026-01-18 11:28:04,95121.06,0.0007999999999999999,1.9999999999999998e-05,4,95121.06,0
2026-01-18 11:28:05,95121.05,0.12841,0.12027,22,95121.06,1
2026-01-18 11:28:06,95121.05,0.00439,-0.00365,3,95121.05,0
2026-01-18 11:28:07,95121.06,0.00066,-0.00010000000000000002,3,95121.06,0
2026-01-18 11:28:08,95121.06,0.00043000000000000004,0.00043000000000000004,2,95121.06,0
2026-01-18 11:28:09,95121.06,0.00559,0.00441,6,95121.06,0
2026-01-18 11:28:10,95121.06,0.019889999999999998,0.00020999999999999936,11,95121.06,0
2026-01-18 11:28:13,95121.06,0.00216,0.0007400000000000001,3,95121.05,0
2026-01-18 11:28:14,95121.06,0.00473,0.00383,4,95121.05,0
2026-01-18 11:28:15,95121.06,0.00099,0.00099,1,95121.06,0
2026-01-18 11:28:18,95121.05,0.00545,-0.0030900000000000003,6,95121.05,0
2026-01-18 11:28:19,95121.05,0.0004,-0.0004,1,95121.06,1
2026-01-18 11:28:20,95121.06,0.00075,0.00075,2,95121.05,0
2026-01-18 11:28:21,95121.06,0.00178,0.00043999999999999996,4,95121.05,0
2026-01-18 11:28:22,95121.06,0.00537,0.00537,3,95121.06,0
2026-01-18 11:28:24,95121.06,0.00025,0.00025,1,95121.06,0
2026-01-18 11:28:25,95121.05,0.00404,-0.00404,2,95121.06,1
2026-01-18 11:28:26,95121.05,0.10119,-0.10119,2,95121.05,0
2026-01-18 11:28:27,95121.06,0.00562,0.0028000000000000004,5,95121.06,0
2026-01-18 11:28:29,95121.06,0.011470000000000001,0.011470000000000001,2,95121.06,0
2026-01-18 11:28:31,95121.05,0.00030000000000000003,6.000000000000001e-05,2,95121.05,0
2026-01-18 11:28:32,95121.06,0.00515,0.00515,4,95121.06,0
2026-01-18 11:28:33,95121.05,0.00155,-0.00091,3,95121.05,0
2026-01-18 11:28:34,95121.06,0.00154,0.00154,3,95121.06,0
2026-01-18 11:28:36,95121.05,0.00464,-0.00464,3,95121.06,1
2026-01-18 11:28:37,95121.06,0.0105,0.0105,1,95121.05,0
2026-01-18 11:28:38,95121.05,0.03599,-0.008230000000000001,2,95121.05,0
2026-01-18 11:28:39,95121.06,0.00013,0.00013,1,95121.06,0
2026-01-18 11:28:40,95121.05,0.0001,-0.0001,1,95121.06,1
2026-01-18 11:28:41,95121.06,0.00011,0.00011,1,95121.06,0
2026-01-18 11:28:43,95121.05,0.00292,-0.00042,3,95121.06,1
2026-01-18 11:28:44,95121.06,0.00258,0.0021799999999999996,3,95121.06,0
2026-01-18 11:28:45,95121.06,0.00026999999999999995,0.00026999999999999995,2,95121.05,0
2026-01-18 11:28:46,95121.06,0.00235,0.00010999999999999996,4,95121.05,0
2026-01-18 11:28:48,95121.06,0.00025,0.00025,2,95121.05,0
2026-01-18 11:28:49,95121.06,0.05838,0.05838,2,95121.06,0
2026-01-18 11:28:50,95121.05,0.00877,0.0056300000000000005,5,95121.06,1
2026-01-18 11:28:51,95121.05,0.00642,-0.005980000000000001,3,95121.06,1
2026-01-18 11:28:53,95121.05,0.10174000000000001,-0.10174000000000001,2,95121.06,1
2026-01-18 11:28:56,95121.06,0.017439999999999997,-0.015499999999999998,3,95121.06,0
2026-01-18 11:28:57,95121.06,0.00391,0.00391,1,95121.06,0
2026-01-18 11:28:58,95121.06,0.0127,0.01178,3,95121.05,0
2026-01-18 11:29:01,95121.06,0.00302,0.0012,3,95121.06,0
2026-01-18 11:29:02,95121.06,0.0005600000000000001,0.0005600000000000001,2,95121.06,0
2026-01-18 11:29:03,95121.05,0.060079999999999995,0.00436,9,95121.06,1
2026-01-18 11:29:04,95121.06,0.00026000000000000003,0.00026000000000000003,2,95121.05,0
2026-01-18 11:29:05,95121.05,0.00122,-0.00108,3,95121.05,0
2026-01-18 11:29:06,95121.06,0.00401,0.00401,3,95121.06,0
2026-01-18 11:29:07,95121.06,0.00238,-0.0018199999999999998,3,95121.05,0
2026-01-18 11:29:09,95121.05,0.0919,0.09124,5,95121.05,0
2026-01-18 11:29:10,95121.05,0.0046099999999999995,-0.0046099999999999995,2,95101.49,0
2026-01-18 11:29:11,95121.06,0.0012799999999999999,0.0006199999999999999,3,95101.5,0
2026-01-18 11:29:12,95121.05,0.00101,-0.00101,2,95101.5,0
2026-01-18 11:29:14,95121.05,0.00059,-0.00059,1,95113.13,0
2026-01-18 11:29:15,95101.49,4.07362,-4.0695,127,95113.12,1
2026-01-18 11:29:16,95101.5,8e-05,8e-05,1,95113.13,1
2026-01-18 11:29:18,95113.13,1.23375,0.8860100000000001,52,95113.12,0
2026-01-18 11:29:19,95113.13,0.00166,0.00047999999999999996,2,95113.12,0
2026-01-18 11:29:20,95113.12,0.00771,-0.00759,7,95113.13,1
2026-01-18 11:29:25,95113.13,0.00021,0.00021,1,95113.13,0
2026-01-18 11:29:27,95113.13,0.0002,0.0002,1,95113.13,0
2026-01-18 11:29:31,95113.13,0.0025900000000000003,0.0025900000000000003,3,95113.12,0
2026-01-18 11:29:32,95113.13,0.00194,0.00194,1,95113.13,0
2026-01-18 11:29:33,95113.12,0.01818,-0.01818,4,95113.12,0
2026-01-18 11:29:34,95113.12,0.00654,0.0054600000000000004,5,95113.12,0
2026-01-18 11:29:36,95113.12,0.00873,0.00625,6,95113.12,0
2026-01-18 11:29:37,95113.13,0.00068,0.00068,1,95113.13,0
2026-01-18 11:29:39,95113.12,0.00067,-0.00067,1,95113.13,1
2026-01-18 11:29:40,95113.13,0.00388,-0.0009000000000000002,3,95113.12,0
2026-01-18 11:29:41,95113.12,0.00119,-0.00119,1,95113.12,0
2026-01-18 11:29:42,95113.13,0.00163,0.00131,2,95113.12,0
2026-01-18 11:29:44,95113.13,0.0022500000000000003,0.00059,2,95113.12,0
2026-01-18 11:29:45,95113.12,0.00135,-0.00135,2,95113.13,1
2026-01-18 11:29:46,95113.12,0.0009,-0.0009,1,95113.13,1
2026-01-18 11:29:47,95113.12,0.00519,-0.00235,5,95113.13,1
2026-01-18 11:29:50,95113.13,0.00978,0.00372,5,95113.13,0
2026-01-18 11:29:52,95113.13,0.00023,0.00023,2,95113.13,0
2026-01-18 11:29:53,95113.12,0.0015300000000000001,0.00113,2,95113.13,1
2026-01-18 11:29:55,95113.13,0.00144,0.00144,2,95113.13,0
2026-01-18 11:29:57,95113.13,0.00134,0.0012200000000000002,2,95113.12,0
2026-01-18 11:29:58,95113.13,0.017169999999999998,0.012669999999999999,3,95113.12,0
2026-01-18 11:29:59,95113.12,0.00193,0.00151,3,95113.13,1
2026-01-18 11:30:00,95113.13,0.00027,0.00013000000000000002,2,95113.13,0
2026-01-18 11:30:01,95113.12,0.07049,-0.06462999999999999,11,95112.4,0
2026-01-18 11:30:02,95113.12,0.4106,-0.41026,17,95111.06,0
2026-01-18 11:30:03,95113.12,0.00215,0.00151,4,95111.05,0
2026-01-18 11:30:04,95113.13,0.00048,0.00048,2,95111.06,0
2026-01-18 11:30:05,95113.13,0.00227,0.00065,4,95111.06,0
2026-01-18 11:30:06,95112.4,0.23364,-0.2107,28,95111.06,0
2026-01-18 11:30:07,95111.06,0.01433,-0.00583,9,95111.05,0
2026-01-18 11:30:08,95111.05,0.0004,-0.0004,2,95109.54,0
2026-01-18 11:30:09,95111.06,0.0014399999999999999,0.0013199999999999998,4,95109.54,0
2026-01-18 11:30:10,95111.06,0.020569999999999998,0.00203,6,95109.53,0
2026-01-18 11:30:11,95111.06,0.00155,0.0011899999999999999,3,95109.53,0
2026-01-18 11:30:12,95111.05,0.00203,1.0000000000000026e-05,2,95109.54,0
2026-01-18 11:30:13,95109.54,0.02961,-0.025330000000000002,16,95109.54,0
2026-01-18 11:30:14,95109.54,0.00021,0.00021,1,95109.54,0
2026-01-18 11:30:15,95109.53,0.01082,-0.00844,3,95109.53,0
2026-01-18 11:30:16,95109.53,0.0024,0.0015,2,95109.53,0
2026-01-18 11:30:17,95109.54,0.00439,0.00439,3,95109.54,0
2026-01-18 11:30:18,95109.54,0.17742,-0.17698,2,95109.54,0
2026-01-18 11:30:19,95109.54,0.00823,-0.00489,4,95109.54,0
2026-01-18 11:30:21,95109.53,0.0031999999999999997,-0.00264,4,95109.54,1
2026-01-18 11:30:22,95109.54,0.00262,0.0023799999999999997,3,95109.53,0
2026-01-18 11:30:23,95109.54,0.00263,0.00263,1,95109.53,0
2026-01-18 11:30:24,95109.54,0.00113,0.00113,1,95109.54,0
2026-01-18 11:30:26,95109.54,0.0014699999999999997,0.00087,3,95109.04,0
2026-01-18 11:30:27,95109.53,0.00262,-0.00262,1,95109.04,0
2026-01-18 11:30:28,95109.53,0.00248,6.000000000000016e-05,3,95109.04,0
2026-01-18 11:30:29,95109.54,0.00122,0.00122,1,95109.04,0
2026-01-18 11:30:30,95109.04,0.023030000000000002,-0.01847,11,95109.04,0
2026-01-18 11:30:31,95109.04,0.00233,0.00233,2,95109.03,0
2026-01-18 11:30:32,95109.04,0.004880000000000001,0.0027,5,95109.04,0
2026-01-18 11:30:33,95109.04,0.00568,0.00568,3,95109.04,0
2026-01-18 11:30:34,95109.04,0.0030499999999999998,0.00010999999999999996,3,95109.03,0
2026-01-18 11:30:35,95109.04,0.00741,1.0000000000000026e-05,5,95109.03,0
2026-01-18 11:30:36,95109.03,0.0072699999999999996,-0.00475,5,95109.03,0
2026-01-18 11:30:37,95109.04,0.14995999999999998,-0.14884,15,95109.03,0
2026-01-18 11:30:38,95109.04,0.21825999999999998,-0.2142,8,95109.03,0
2026-01-18 11:30:39,95109.03,0.00293,0.00029000000000000016,4,95109.04,1
2026-01-18 11:30:41,95109.03,0.00035,-0.00035,2,95109.04,1
2026-01-18 11:30:43,95109.03,0.00526,-0.00526,1,95109.04,1
2026-01-18 11:30:44,95109.04,0.00519,0.00519,2,95109.03,0
2026-01-18 11:30:46,95109.04,0.0025499999999999997,0.00045,3,95109.03,0
2026-01-18 11:30:48,95109.04,0.04306,-0.0411,2,95109.04,0
2026-01-18 11:30:49,95109.03,0.0028799999999999997,0.0005199999999999998,3,95109.04,1
2026-01-18 11:30:50,95109.04,0.00705,0.00577,4,95109.03,0
2026-01-18 11:30:51,95109.03,0.00205,0.00095,2,95109.04,1
2026-01-18 11:30:52,95109.03,0.24722,-0.24528,22,95109.03,0
2026-01-18 11:30:53,95109.04,0.00058,0.00058,1,95109.04,0
2026-01-18 11:30:54,95109.04,0.00869,-0.00679,4,95109.03,0
2026-01-18 11:30:55,95109.03,0.00047999999999999996,-0.00011999999999999996,2,95109.03,0
2026-01-18 11:30:56,95109.04,0.00558,-0.00368,3,95109.03,0
2026-01-18 11:30:58,95109.04,0.146,-0.1384,11,95109.03,0
2026-01-18 11:30:59,95109.03,0.13166,-0.12846,12,95109.04,1
2026-01-18 11:31:00,95109.03,0.00025,-0.00025,1,95109.04,1
2026-01-18 11:31:01,95109.03,0.00315,0.0014299999999999998,8,95109.03,0
2026-01-18 11:31:03,95109.03,0.01115,-0.00927,2,95109.04,1
2026-01-18 11:31:04,95109.04,0.006840000000000001,0.006840000000000001,12,95109.03,0
2026-01-18 11:31:05,95109.04,0.00677,0.0066500000000000005,7,95109.04,0
2026-01-18 11:31:06,95109.03,0.00015,-0.00015,1,95109.04,1
2026-01-18 11:31:07,95109.04,0.00092,0.00092,1,95109.03,0
2026-01-18 11:31:08,95109.04,0.00087,-9.000000000000002e-05,2,95109.04,0
2026-01-18 11:31:09,95109.03,0.00177,7.000000000000006e-05,5,95109.03,0
2026-01-18 11:31:10,95109.04,0.00023999999999999998,-3.999999999999998e-05,2,95109.03,0
2026-01-18 11:31:11,95109.04,0.00197,0.00197,2,95109.04,0
2026-01-18 11:31:12,95109.03,0.02936,-0.01198,6,95109.04,1
2026-01-18 11:31:13,95109.04,0.00504,-0.00304,5,95109.03,0
2026-01-18 11:31:14,95109.03,0.01315,-0.01315,3,95109.03,0
2026-01-18 11:31:15,95109.03,0.00106,0.0007,2,95109.04,1
2026-01-18 11:31:16,95109.04,0.00172,0.00078,4,95109.04,0
2026-01-18 11:31:17,95109.04,0.01781,-0.01607,3,95109.04,0
2026-01-18 11:31:18,95109.03,0.00448,-0.00448,3,95109.04,1
2026-01-18 11:31:19,95109.03,0.12363,-0.11767,10,95109.04,1
2026-01-18 11:31:20,95109.04,0.00017,0.00017,1,95109.03,0
2026-01-18 11:31:21,95109.04,0.00095,0.00079,2,95109.04,0
2026-01-18 11:31:22,95109.04,0.03474,-0.02446,8,95109.04,0
2026-01-18 11:31:23,95109.04,0.0064600000000000005,0.0064600000000000005,3,95109.03,0
2026-01-18 11:31:24,95109.04,0.00276,0.00212,2,95109.04,0
2026-01-18 11:31:25,95109.03,0.34998,-0.34793999999999997,4,95109.03,0
2026-01-18 11:31:26,95109.04,0.14727,-0.14507,10,95109.04,0
2026-01-18 11:31:27,95109.04,0.0635,-0.06182,3,95109.03,0
2026-01-18 11:31:28,95109.03,0.0016,0.0008399999999999999,3,95109.04,1
2026-01-18 11:31:29,95109.04,0.00109,0.0005499999999999999,2,95109.03,0
2026-01-18 11:31:30,95109.03,0.01364,-0.004699999999999999,3,95109.04,1
2026-01-18 11:31:31,95109.04,0.00248,-0.00088,3,95109.04,0
2026-01-18 11:31:33,95109.04,0.00378,0.00378,3,95109.04,0
2026-01-18 11:31:34,95109.03,0.00362,-0.00362,2,95109.03,0
2026-01-18 11:31:35,95109.04,0.00018999999999999998,0.00018999999999999998,2,95109.04,0
2026-01-18 11:31:36,95109.04,0.004690000000000001,0.004690000000000001,2,95109.03,0
2026-01-18 11:31:38,95109.04,0.00242,0.00168,4,95109.04,0
2026-01-18 11:31:39,95109.03,0.00027,-0.00027,1,95109.04,1
2026-01-18 11:31:40,95109.04,0.00361,0.00361,3,95109.03,0
2026-01-18 11:31:41,95109.03,1.05115,-1.05115,1,95109.03,0
2026-01-18 11:31:42,95109.04,0.0009500000000000001,0.0009500000000000001,2,95109.03,0
2026-01-18 11:31:43,95109.04,0.00033,0.00033,1,95109.04,0
2026-01-18 11:31:44,95109.04,0.00075,0.00075,1,95109.03,0
2026-01-18 11:31:45,95109.03,0.00071,-0.00071,1,95109.04,1
2026-01-18 11:31:47,95109.03,0.0011400000000000002,-0.0011400000000000002,2,95109.04,1
2026-01-18 11:31:48,95109.04,0.00142,0.00015999999999999996,3,95109.03,0
2026-01-18 11:31:49,95109.03,0.00077,-0.00077,1,95109.04,1
2026-01-18 11:31:50,95109.04,0.00104,0.00104,2,95109.04,0
2026-01-18 11:31:52,95109.04,0.00101,0.00101,2,95109.03,0
2026-01-18 11:31:53,95109.03,0.01928,-0.01754,6,95109.04,1
2026-01-18 11:31:54,95109.04,0.00181,0.0014299999999999998,3,95109.04,0
2026-01-18 11:31:55,95109.04,0.00025,0.00025,1,95109.04,0
2026-01-18 11:31:56,95109.04,0.0009000000000000001,0.0009000000000000001,2,95109.03,0
2026-01-18 11:31:57,95109.03,0.0008,-0.0008,1,95109.03,0
2026-01-18 11:31:58,95109.04,0.0009500000000000001,0.0009500000000000001,2,95109.03,0
2026-01-18 11:31:59,95109.04,0.02924,-0.00736,4,95109.04,0
2026-01-18 11:32:00,95109.04,0.0012000000000000001,0.0001600000000000001,2,95109.04,0
2026-01-18 11:32:01,95109.03,0.00013,-0.00013,1,95109.04,1
2026-01-18 11:32:02,95109.03,0.00098,0.00035999999999999997,3,95109.04,1
2026-01-18 11:32:03,95109.03,0.00799,-0.00781,5,95109.04,1
2026-01-18 11:32:04,95109.04,0.0027,0.0006000000000000001,6,95109.04,0
2026-01-18 11:32:05,95109.04,0.00102,0.0009,3,95109.04,0
2026-01-18 11:32:06,95109.04,0.0060799999999999995,0.005719999999999999,4,95109.03,0
2026-01-18 11:32:07,95109.04,0.0315,0.0315,3,95109.04,0
2026-01-18 11:32:08,95109.04,0.005260000000000001,0.005260000000000001,3,95109.04,0
2026-01-18 11:32:09,95109.04,0.00343,0.00215,6,95109.04,0
2026-01-18 11:32:10,95109.04,0.00293,0.00087,5,95109.04,0
2026-01-18 11:32:11,95109.03,0.00268,-0.00214,5,95109.04,1
2026-01-18 11:32:12,95109.04,0.00064,-0.00048,3,95109.04,0
2026-01-18 11:32:13,95109.04,0.00062,0.00062,1,95109.03,0
2026-01-18 11:32:14,95109.04,0.00351,-0.0018700000000000001,4,95109.04,0
2026-01-18 11:32:15,95109.04,0.00525,0.00525,1,95099.99,0
2026-01-18 11:32:16,95109.04,0.00144,0.00104,2,95099.99,0
2026-01-18 11:32:17,95109.04,0.00762,0.0008000000000000004,4,95099.99,0
2026-01-18 11:32:18,95109.03,0.00041999999999999996,-0.00041999999999999996,2,95099.99,0
2026-01-18 11:32:21,95099.99,0.0054800000000000005,0.0054800000000000005,4,95099.98,0
2026-01-18 11:32:22,95099.99,0.0018200000000000002,0.0018200000000000002,4,95099.99,0
2026-01-18 11:32:23,95099.99,0.07898,-0.04758,15,95099.99,0
2026-01-18 11:32:26,95099.98,0.010579999999999999,-0.010579999999999999,2,95099.99,1
2026-01-18 11:32:27,95099.99,0.01685,-0.01503,2,95099.98,0
2026-01-18 11:32:30,95099.99,0.00148,-0.001,4,95099.99,0
2026-01-18 11:32:31,95099.99,0.009489999999999998,-0.00843,3,95099.99,0
2026-01-18 11:32:32,95099.98,0.0045,-0.0045,1,95099.98,0
2026-01-18 11:32:35,95099.99,0.01808,-0.01402,3,95099.98,0
2026-01-18 11:32:36,95099.99,0.0006,0.00037999999999999997,2,95099.98,0
2026-01-18 11:32:37,95099.98,0.00183,-0.00067,3,95099.99,1
2026-01-18 11:32:38,95099.98,0.0012900000000000001,-0.0012900000000000001,2,95099.99,1
2026-01-18 11:32:40,95099.98,0.0018,-9.999999999999994e-05,4,95099.98,0
2026-01-18 11:32:41,95099.98,0.00482,-0.00228,5,95099.98,0
2026-01-18 11:32:42,95099.99,0.00219,0.00219,2,95099.98,0
2026-01-18 11:32:43,95099.99,0.0025499999999999997,0.00109,4,95099.98,0
2026-01-18 11:32:46,95099.98,0.00505,-0.00505,2,95099.98,0
2026-01-18 11:32:47,95099.98,0.00075,-0.00075,2,95099.99,1
2026-01-18 11:32:48,95099.98,0.0050799999999999994,0.00226,3,95099.98,0
2026-01-18 11:32:49,95099.99,0.0018,0.0018,1,95099.98,0
2026-01-18 11:32:52,95099.99,0.00093,0.00093,2,95099.98,0
2026-01-18 11:32:53,95099.98,0.01636,-0.01402,5,95099.99,1
2026-01-18 11:32:58,95099.99,0.00122,0.00122,1,95099.98,0
2026-01-18 11:33:00,95099.99,0.06394999999999999,0.06394999999999999,3,95099.98,0
2026-01-18 11:33:01,95099.98,0.01655,-0.01655,1,95099.99,1
2026-01-18 11:33:04,95099.99,0.00212,-0.00118,5,95099.99,0
2026-01-18 11:33:05,95099.98,0.00035000000000000005,-0.00017,4,95099.99,1
2026-01-18 11:33:06,95099.99,0.00683,0.0036899999999999997,2,95099.99,0
2026-01-18 11:33:09,95099.99,0.0015,0.0015,2,95099.99,0
2026-01-18 11:33:12,95099.99,0.0049099999999999994,-0.00469,2,95099.98,0
2026-01-18 11:33:13,95099.99,0.00262,0.00262,1,95099.99,0
2026-01-18 11:33:17,95099.98,0.0016,-0.0016,3,95099.99,1
2026-01-18 11:33:18,95099.99,0.0013700000000000001,0.0013700000000000001,2,95099.98,0
2026-01-18 11:33:20,95099.99,0.00111,0.00073,2,95099.98,0
2026-01-18 11:33:21,95099.99,0.00183,0.0012100000000000001,4,95099.99,0
2026-01-18 11:33:22,95099.99,0.00342,0.0007599999999999999,6,95099.99,0
2026-01-18 11:33:23,95099.98,0.00536,-0.00536,1,95099.98,0
2026-01-18 11:33:24,95099.99,0.013219999999999999,-0.009559999999999999,4,95099.99,0
2026-01-18 11:33:25,95099.98,0.0022500000000000003,-0.0022500000000000003,2,95099.98,0
2026-01-18 11:33:26,95099.99,0.0017100000000000001,0.0017100000000000001,3,95099.98,0
2026-01-18 11:33:27,95099.99,0.00278,0.00278,1,95099.98,0
2026-01-18 11:33:28,95099.98,0.06597,-0.06377,3,95099.99,1
2026-01-18 11:33:29,95099.99,0.06592,0.06592,2,95099.99,0
2026-01-18 11:33:30,95099.98,0.00183,0.00119,4,95099.98,0
2026-01-18 11:33:31,95099.98,0.00222,0.00035999999999999997,6,95099.99,1
2026-01-18 11:33:32,95099.98,0.0101,-0.0101,2,95099.98,0
2026-01-18 11:33:33,95099.99,7e-05,7e-05,1,95099.99,0
2026-01-18 11:33:34,95099.99,0.00046,-0.00031999999999999997,2,95099.99,0
2026-01-18 11:33:35,95099.98,0.00673,0.00379,2,95099.98,0
2026-01-18 11:33:36,95099.99,0.00449,0.00449,1,95099.99,0
2026-01-18 11:33:37,95099.98,0.00029,0.00015000000000000001,2,95099.98,0
2026-01-18 11:33:38,95099.99,0.00262,0.00262,1,95099.98,0
2026-01-18 11:33:39,95099.99,0.0016,-0.0009799999999999998,3,95099.98,0
2026-01-18 11:33:40,95099.98,0.00133,0.00043000000000000004,4,95099.99,1
2026-01-18 11:33:41,95099.99,0.013940000000000001,0.00258,6,95099.99,0
2026-01-18 11:33:42,95099.98,0.0001,-0.0001,1,95099.98,0
2026-01-18 11:33:43,95099.98,0.00033,0.00019,3,95099.99,1
2026-01-18 11:33:44,95099.98,0.36879,0.35247,4,95099.98,0
2026-01-18 11:33:45,95099.99,0.00379,0.00379,1,95099.99,0
2026-01-18 11:33:46,95099.99,0.00035,9.000000000000002e-05,2,95099.98,0
2026-01-18 11:33:47,95099.98,0.00026,-0.00026,1,95099.99,1
2026-01-18 11:33:48,95099.99,0.00768,-0.003999999999999999,4,95099.99,0
2026-01-18 11:33:49,95099.98,0.00126,-0.00126,4,95099.99,1
2026-01-18 11:33:50,95099.99,0.00584,0.0049,4,95099.99,0
2026-01-18 11:33:51,95099.98,0.00949,-0.00949,2,95099.99,1
2026-01-18 11:33:52,95099.99,0.00029,0.00029,1,95099.99,0
2026-01-18 11:33:53,95099.99,0.00012,0.00012,1,95099.99,0
2026-01-18 11:33:54,95099.99,0.019780000000000002,-0.0163,3,95099.99,0
2026-01-18 11:33:55,95099.99,0.00072,-0.00035999999999999997,3,95099.99,0
2026-01-18 11:33:56,95099.99,0.00048,0.00048,1,95099.99,0
2026-01-18 11:33:58,95099.99,0.00089,0.00089,3,95099.98,0
2026-01-18 11:33:59,95099.99,0.00069,-0.00034999999999999994,2,95099.98,0
2026-01-18 11:34:00,95099.99,0.00317,0.00317,2,95099.99,0
2026-01-18 11:34:03,95099.98,0.0355,-0.03026,3,95099.98,0
2026-01-18 11:34:04,95099.98,0.00112,-0.00046,4,95099.99,1
2026-01-18 11:34:05,95099.99,0.00402,0.00304,4,95099.99,0
2026-01-18 11:34:07,95099.98,0.00539,-0.00539,1,95099.98,0
2026-01-18 11:34:09,95099.99,0.00022,0.00022,1,95099.98,0
2026-01-18 11:34:10,95099.99,0.00043,0.00019,2,95099.98,0
2026-01-18 11:34:11,95099.98,0.002,-0.002,2,95099.99,1
2026-01-18 11:34:12,95099.98,0.012469999999999998,-0.005109999999999999,2,95099.99,1
2026-01-18 11:34:14,95099.98,0.0040100000000000005,0.00371,2,95099.99,1
2026-01-18 11:34:15,95099.98,0.00038,-0.00038,2,95099.98,0
2026-01-18 11:34:16,95099.99,0.00525,0.00525,1,95099.99,0
2026-01-18 11:34:17,95099.99,0.00098,0.00010000000000000002,5,95099.99,0
2026-01-18 11:34:19,95099.99,0.0049900000000000005,-0.0038699999999999993,4,95099.99,0
2026-01-18 11:34:20,95099.98,0.00457,-0.00423,4,95099.99,1
2026-01-18 11:34:21,95099.99,0.00048,0.00048,1,95099.98,0
2026-01-18 11:34:22,95099.99,0.16951,0.16899,5,95099.99,0
2026-01-18 11:34:24,95099.99,0.0019299999999999999,-0.00147,3,95099.98,0
2026-01-18 11:34:25,95099.99,0.00597,0.00597,1,95099.99,0
2026-01-18 11:34:27,95099.99,0.00018,0.00018,1,95099.99,0
2026-01-18 11:34:29,95099.98,0.00016,-0.00016,1,95099.99,1
2026-01-18 11:34:30,95099.99,7e-05,7e-05,1,95099.99,0
2026-01-18 11:34:32,95099.99,0.041650000000000006,0.04143,3,95099.98,0
2026-01-18 11:34:34,95099.99,0.00012,0.00012,1,95099.98,0
2026-01-18 11:34:35,95099.99,0.00789,0.00789,2,95099.99,0
2026-01-18 11:34:37,95099.98,0.03151,-0.03151,3,95099.98,0
2026-01-18 11:34:38,95099.99,0.00164,0.00164,2,95099.99,0
2026-01-18 11:34:39,95099.98,0.0046099999999999995,-0.00375,3,95099.99,1
2026-01-18 11:34:40,95099.99,0.00219,-0.00061,2,95099.98,0
2026-01-18 11:34:42,95099.98,0.03256,-0.03256,4,95099.98,0
2026-01-18 11:34:43,95099.99,0.0027,0.0019,4,95099.98,0
2026-01-18 11:34:44,95099.99,0.0017100000000000001,-0.00129,3,95099.99,0
2026-01-18 11:34:45,95099.98,0.01285,0.011189999999999999,3,95099.99,1
2026-01-18 11:34:46,95099.99,0.00747,0.00747,4,95099.98,0
2026-01-18 11:34:47,95099.98,0.01052,-0.01052,2,95099.98,0
2026-01-18 11:34:48,95099.98,0.0012000000000000001,-0.00096,3,95099.99,1
2026-01-18 11:34:52,95099.98,0.00064,-0.00064,1,95099.98,0
2026-01-18 11:34:53,95099.99,0.11566,0.11566,1,95099.99,0
2026-01-18 11:34:57,95099.98,0.00012,-0.00012,1,95099.98,0
2026-01-18 11:34:58,95099.99,0.00184,0.00184,1,95099.98,0
2026-01-18 11:34:59,95099.98,0.00026,-0.00026,1,95099.99,1
2026-01-18 11:35:00,95099.98,0.0012,-0.0012,1,95099.99,1
2026-01-18 11:35:01,95099.98,0.00012,-0.00012,1,95099.99,1
2026-01-18 11:35:02,95099.98,0.00036,0.00017999999999999998,2,95099.99,1
2026-01-18 11:35:03,95099.98,0.0012,-0.0012,2,95099.98,0
2026-01-18 11:35:04,95099.99,0.00536,-0.0010200000000000005,8,95099.98,0
2026-01-18 11:35:05,95099.99,0.00059,-7.000000000000002e-05,3,95099.99,0
2026-01-18 11:35:06,95099.99,0.00566,0.00566,2,95099.99,0
2026-01-18 11:35:08,95099.98,0.00265,-0.00265,2,95099.98,0
2026-01-18 11:35:09,95099.98,0.0016899999999999999,-0.0016899999999999999,3,95099.98,0
2026-01-18 11:35:10,95099.99,0.00061,-0.00025,3,95099.98,0
2026-01-18 11:35:11,95099.99,0.0011099999999999999,0.0011099999999999999,3,95099.98,0
2026-01-18 11:35:13,95099.98,0.00241,0.00187,2,95099.98,0
2026-01-18 11:35:14,95099.98,0.02116,0.0209,2,95099.99,1
2026-01-18 11:35:15,95099.98,0.00107,9.000000000000002e-05,3,95099.99,1
2026-01-18 11:35:16,95099.98,0.00081,-0.00081,2,95099.98,0
2026-01-18 11:35:17,95099.98,0.00405,0.0030299999999999997,3,95099.99,1
2026-01-18 11:35:18,95099.98,0.00089,-0.00034999999999999994,3,95099.98,0
2026-01-18 11:35:19,95099.99,0.00057,0.00016999999999999999,2,95099.99,0
2026-01-18 11:35:20,95099.99,0.0012599999999999998,3.9999999999999996e-05,5,95099.98,0
2026-01-18 11:35:21,95099.98,0.00623,-0.00623,2,95099.99,1
2026-01-18 11:35:22,95099.99,0.00765,-0.00641,3,95099.99,0
2026-01-18 11:35:23,95099.98,0.00047000000000000004,-2.9999999999999997e-05,2,95099.99,1
2026-01-18 11:35:24,95099.99,0.00487,-0.0035500000000000006,4,95099.99,0
2026-01-18 11:35:25,95099.98,0.00871,-0.00871,2,95099.98,0
2026-01-18 11:35:26,95099.99,0.0005,0.0005,2,95099.98,0
2026-01-18 11:35:27,95099.99,0.00501,0.00461,4,95099.99,0
2026-01-18 11:35:28,95099.99,0.00752,0.00752,3,95099.98,0
2026-01-18 11:35:29,95099.99,0.00084,0.00058,3,95099.98,0
2026-01-18 11:35:30,95099.98,0.00594,-0.00594,1,95099.99,1
2026-01-18 11:35:31,95099.98,0.00067,0.00035000000000000005,2,95099.98,0
2026-01-18 11:35:32,95099.99,0.00297,0.0017499999999999998,4,95099.98,0
2026-01-18 11:35:34,95099.98,0.0021,-0.0021,1,95099.99,1
2026-01-18 11:35:37,95099.98,0.016489999999999998,-0.01577,2,95099.98,0
2026-01-18 11:35:39,95099.99,0.00087,0.00087,3,95099.99,0
2026-01-18 11:35:42,95099.98,0.00101,0.00036999999999999994,2,95099.99,1
2026-01-18 11:35:43,95099.99,9e-05,9e-05,1,95099.98,0
2026-01-18 11:35:44,95099.99,0.00517,0.00517,1,95099.98,0
2026-01-18 11:35:45,95099.98,0.024159999999999997,-0.02206,4,95099.98,0
2026-01-18 11:35:46,95099.98,0.00132,-0.00132,2,95099.98,0
2026-01-18 11:35:47,95099.99,0.00083,0.00083,1,95099.98,0
2026-01-18 11:35:48,95099.98,0.0054,0.0046,2,95099.98,0
2026-01-18 11:35:49,95099.98,0.00284,-0.00284,4,95099.98,0
2026-01-18 11:35:50,95099.98,0.035019999999999996,0.03336,2,95099.98,0
2026-01-18 11:35:51,95099.98,0.00011,-0.00011,1,95099.98,0
2026-01-18 11:35:52,95099.98,0.0004,0.00021999999999999998,2,95099.98,0
2026-01-18 11:35:54,95099.98,0.00011,-0.00011,1,95099.99,1
2026-01-18 11:35:55,95099.98,0.0037,-0.0037,3,95099.98,0
2026-01-18 11:35:56,95099.98,0.00915,0.00871,2,95099.98,0
2026-01-18 11:35:57,95099.98,0.00022,-0.00022,1,95099.99,1
2026-01-18 11:35:59,95099.99,0.00042,-0.00019999999999999998,2,95099.99,0
2026-01-18 11:36:00,95099.98,0.09777,0.03669,6,95099.99,1
2026-01-18 11:36:01,95099.98,0.00125,-0.00125,1,95099.98,0
2026-01-18 11:36:02,95099.99,0.0013700000000000001,0.00079,4,95099.99,0
2026-01-18 11:36:04,95099.99,0.00084,0.00084,4,95099.99,0
2026-01-18 11:36:05,95099.99,0.00706,0.00706,8,95099.99,0
2026-01-18 11:36:06,95099.98,0.00052,0.00039999999999999996,3,95099.98,0
2026-01-18 11:36:09,95099.99,0.00082,0.00043999999999999996,4,95099.99,0
2026-01-18 11:36:11,95099.98,0.00031,-0.00031,1,95099.99,1
2026-01-18 11:36:14,95099.99,0.00014,0.00014,1,95099.99,0
2026-01-18 11:36:16,95099.99,0.00531,0.0049099999999999994,3,95099.99,0
2026-01-18 11:36:17,95099.99,0.0001,0.0001,1,95099.99,0
2026-01-18 11:36:18,95099.99,0.00014,0.00014,1,95099.98,0
2026-01-18 11:36:19,95099.99,0.00987,-0.0011900000000000005,7,95099.99,0
2026-01-18 11:36:20,95099.99,0.0065,-0.00116,5,95099.98,0
2026-01-18 11:36:21,95099.99,0.00085,0.00085,2,95099.98,0
2026-01-18 11:36:22,95099.99,0.00019,0.00019,1,95099.99,0
2026-01-18 11:36:24,95099.99,0.00038,0.00038,1,95099.99,0
2026-01-18 11:36:25,95099.98,0.27331,0.25293000000000004,2,95099.99,1
2026-01-18 11:36:27,95099.99,0.00211,0.00211,1,95099.99,0
2026-01-18 11:36:29,95099.99,0.00242,0.00242,1,95099.99,0
2026-01-18 11:36:30,95099.99,0.004399999999999999,-0.004,2,95099.99,0
2026-01-18 11:36:32,95099.99,0.00106,0.00106,1,95099.99,0
2026-01-18 11:36:33,95099.99,0.00343,-0.00105,3,95099.98,0
2026-01-18 11:36:34,95099.99,0.00032,0.00032,1,95099.98,0
2026-01-18 11:36:35,95099.99,0.00757,0.00757,3,95099.98,0
2026-01-18 11:36:37,95099.99,0.00027,0.00027,1,95099.98,0
2026-01-18 11:36:38,95099.98,0.0002,-0.0002,1,95099.98,0
2026-01-18 11:36:39,95099.98,0.01656,-0.01656,4,95099.99,1
2026-01-18 11:36:40,95099.98,0.00492,0.00144,2,95099.99,1
2026-01-18 11:36:42,95099.98,0.00125,-0.00093,2,95099.98,0
2026-01-18 11:36:43,95099.98,0.00435,0.00117,5,95099.98,0
2026-01-18 11:36:44,95099.99,0.00029,-9e-05,2,95099.98,0
2026-01-18 11:36:45,95099.99,0.00078,-0.00039999999999999996,3,95099.99,0
2026-01-18 11:36:46,95099.99,0.01223,0.01223,2,95099.98,0
2026-01-18 11:36:47,95099.98,0.00038,-0.00038,2,95099.99,1
2026-01-18 11:36:48,95099.98,0.00082,-0.00082,2,95099.99,1
2026-01-18 11:36:50,95099.99,0.0007899999999999999,0.00051,2,95099.98,0
2026-01-18 11:36:51,95099.98,0.00026,-0.00026,1,95099.99,1
2026-01-18 11:36:52,95099.99,0.11263,-0.10815,6,95099.98,0
2026-01-18 11:36:53,95099.99,0.00026,0.00026,1,95099.99,0
2026-01-18 11:36:55,95099.98,0.00027,7.000000000000001e-05,2,95099.99,1
2026-01-18 11:36:56,95099.99,8e-05,8e-05,1,95099.99,0
2026-01-18 11:36:57,95099.98,6e-05,-6e-05,1,95099.98,0
2026-01-18 11:36:58,95099.99,0.00062,0.00062,2,95099.98,0
2026-01-18 11:36:59,95099.98,0.10817,-0.10743,5,95099.99,1
2026-01-18 11:37:00,95099.99,0.00161,0.00161,1,95099.99,0
2026-01-18 11:37:01,95099.99,0.00129,0.00129,2,95099.99,0
2026-01-18 11:37:02,95099.98,0.00818,-0.00818,3,95099.99,1
2026-01-18 11:37:04,95099.99,0.00037,-0.00025,2,95099.99,0
2026-01-18 11:37:05,95099.99,0.00179,0.0007899999999999999,4,95099.98,0
2026-01-18 11:37:06,95099.99,0.00119,0.00119,2,95099.99,0
2026-01-18 11:37:07,95099.99,0.24232,-0.24184,12,95099.98,0
2026-01-18 11:37:09,95099.99,0.0028799999999999997,-0.00188,6,95099.98,0
2026-01-18 11:37:10,95099.98,0.00011,-0.00011,1,95099.98,0
2026-01-18 11:37:12,95099.98,0.00021,-0.00021,1,95099.99,1
2026-01-18 11:37:14,95099.98,0.044469999999999996,-0.044469999999999996,2,95099.99,1
2026-01-18 11:37:15,95099.98,0.00031,-0.00031,1,95099.98,0
2026-01-18 11:37:17,95099.99,0.00764,-0.0025599999999999998,11,95099.98,0
2026-01-18 11:37:18,95099.99,0.00062,-0.00014000000000000001,3,95099.98,0
2026-01-18 11:37:19,95099.99,0.00014000000000000001,0.00014000000000000001,2,95099.99,0
2026-01-18 11:37:20,95099.98,0.00032,-0.00032,1,95099.99,1
2026-01-18 11:37:21,95099.99,0.00099,-0.00023000000000000003,4,95099.98,0
2026-01-18 11:37:22,95099.98,0.15415,0.052090000000000004,11,95099.98,0
2026-01-18 11:37:23,95099.98,0.0058,-0.005619999999999999,6,95099.99,1
2026-01-18 11:37:24,95099.99,0.0030800000000000003,0.0006799999999999998,3,95099.99,0
2026-01-18 11:37:25,95099.99,0.00171,0.0013499999999999999,2,95099.99,0
2026-01-18 11:37:26,95099.98,0.00065,-0.00065,1,95099.98,0
2026-01-18 11:37:27,95099.98,0.00146,-0.0006999999999999999,4,95099.99,1
2026-01-18 11:37:28,95099.99,0.00071,0.00071,2,95099.98,0
2026-01-18 11:37:30,95099.99,0.00508,0.00508,1,95099.98,0
2026-01-18 11:37:31,95099.98,0.00459,-0.00459,2,95099.98,0
2026-01-18 11:37:32,95099.99,0.00859,0.00841,2,95099.99,0
2026-01-18 11:37:33,95099.98,0.00191,-0.00137,2,95099.99,1
2026-01-18 11:37:35,95099.98,8e-05,-8e-05,1,95099.99,1
2026-01-18 11:37:36,95099.98,0.00576,-0.00576,1,95099.99,1
2026-01-18 11:37:38,95099.99,0.00076,-0.00058,2,95099.99,0
2026-01-18 11:37:40,95099.99,0.01141,0.005410000000000001,5,95099.98,0
2026-01-18 11:37:41,95099.99,0.00125,-0.00085,2,95099.98,0
2026-01-18 11:37:43,95099.99,0.005379999999999999,0.00502,2,95099.98,0
2026-01-18 11:37:44,95099.98,0.00227,-0.00227,1,95099.99,1
2026-01-18 11:37:45,95099.98,0.0006100000000000001,0.00023,3,95099.98,0
2026-01-18 11:37:46,95099.98,0.00171,-0.00171,3,95099.99,1
2026-01-18 11:37:48,95099.98,0.03454,-0.03302000000000001,3,95099.98,0
2026-01-18 11:37:49,95099.99,0.02425,0.02425,2,95099.99,0
2026-01-18 11:37:50,95099.98,0.00391,-0.00391,4,95099.98,0
2026-01-18 11:37:51,95099.99,0.00996,0.00996,1,95099.98,0
2026-01-18 11:37:53,95099.98,0.009040000000000001,-0.009040000000000001,2,95099.98,0
2026-01-18 11:37:54,95099.99,0.00087,0.00045,2,95099.98,0
2026-01-18 11:37:55,95099.98,0.02154,-0.02154,1,95099.99,1
2026-01-18 11:37:56,95099.98,0.00041,-0.00041,2,95099.99,1
2026-01-18 11:37:57,95099.99,0.01306,0.006359999999999999,3,95099.99,0
2026-01-18 11:37:59,95099.98,0.0052,-0.0052,1,95099.99,1
2026-01-18 11:38:00,95099.99,0.00221,-0.00153,2,95099.98,0
2026-01-18 11:38:01,95099.99,0.0012499999999999998,0.0012499999999999998,2,95099.98,0
2026-01-18 11:38:02,95099.99,0.01989,-0.01909,4,95099.99,0
2026-01-18 11:38:04,95099.99,0.00037,0.00037,2,95099.98,0
2026-01-18 11:38:06,95099.98,0.00282,-0.00282,1,95099.99,1
2026-01-18 11:38:07,95099.99,0.06448999999999999,-0.05951,4,95099.99,0
2026-01-18 11:38:08,95099.98,0.00031,-0.00031,1,95099.98,0
2026-01-18 11:38:09,95099.98,0.06484999999999999,-0.06415,4,95099.98,0
2026-01-18 11:38:11,95099.99,0.0002,0.0002,1,95099.99,0
2026-01-18 11:38:12,95099.99,0.02386,0.02276,3,95099.98,0
2026-01-18 11:38:13,95099.98,0.124,-0.124,4,95099.98,0
2026-01-18 11:38:14,95099.98,0.016,-0.016,3,95099.98,0
2026-01-18 11:38:16,95099.99,0.00058,0.00058,2,95099.98,0
2026-01-18 11:38:17,95099.98,0.00893,-0.007010000000000001,5,95099.99,1
2026-01-18 11:38:19,95099.98,0.00195,-0.0009699999999999999,3,95099.99,1
2026-01-18 11:38:20,95099.98,0.0032500000000000003,-0.0017100000000000001,5,95099.98,0
2026-01-18 11:38:21,95099.98,0.00442,-0.00398,3,95099.99,1
2026-01-18 11:38:24,95099.99,0.12519,-0.12281,5,95099.99,0
2026-01-18 11:38:25,95099.98,0.00198,-0.00198,2,95099.98,0
2026-01-18 11:38:26,95099.99,0.00388,-0.00348,3,95099.98,0
2026-01-18 11:38:29,95099.99,0.04194,-0.006060000000000003,8,95092.37,0
2026-01-18 11:38:30,95099.98,0.00645,-0.00595,4,95092.01,0
2026-01-18 11:38:31,95099.98,0.01532,-0.01508,2,95088.01,0
2026-01-18 11:38:32,95092.77,0.61889,-0.60667,66,95088.01,0
2026-01-18 11:38:33,95092.37,0.04218,-0.04218,9,95088.01,0
2026-01-18 11:38:34,95092.37,0.01032,0.00934,4,95088.0,0
2026-01-18 11:38:35,95092.01,0.14351,-0.14305,15,95088.0,0
2026-01-18 11:38:36,95088.01,0.64767,-0.64613,45,95088.0,0
2026-01-18 11:38:37,95088.01,0.0002,0.0002,1,95088.0,0
2026-01-18 11:38:39,95088.0,0.00089,-0.00089,2,95088.0,0
2026-01-18 11:38:40,95088.0,0.01395,-0.01081,4,95088.01,1
2026-01-18 11:38:41,95088.0,0.15946,-0.15934,7,95088.01,1
2026-01-18 11:38:42,95088.0,0.18129,-0.18129,6,95088.01,1
2026-01-18 11:38:44,95088.0,0.15521,-0.15479,7,95088.0,0
2026-01-18 11:38:45,95088.01,0.01708,0.01708,3,95088.0,0
2026-01-18 11:38:46,95088.01,0.0008399999999999999,0.0008399999999999999,2,95088.0,0
2026-01-18 11:38:47,95088.01,0.00235,0.00030999999999999995,2,95086.14,0
2026-01-18 11:38:48,95088.01,0.00083,0.00083,1,95086.13,0
2026-01-18 11:38:49,95088.0,0.01275,-0.01275,1,95086.13,0
2026-01-18 11:38:50,95088.0,0.20818,-0.2069,6,95086.13,0
2026-01-18 11:38:51,95088.0,0.014530000000000001,-0.014530000000000001,3,95086.14,0
2026-01-18 11:38:52,95086.14,7.8492299999999995,-7.82281,35,95086.14,0
2026-01-18 11:38:53,95086.13,0.044,-0.044,2,95086.14,1
2026-01-18 11:38:54,95086.13,0.0761,-0.0479,6,95086.13,0
2026-01-18 11:38:55,95086.13,0.082,-0.082,3,95086.14,1
2026-01-18 11:38:56,95086.14,0.00031,0.00031,1,95086.13,0
2026-01-18 11:38:58,95086.14,0.01482,-0.0133,3,95086.13,0
2026-01-18 11:38:59,95086.13,0.00192,0.0016799999999999999,2,95086.13,0
2026-01-18 11:39:00,95086.14,0.00052,0.00052,1,95086.14,0
2026-01-18 11:39:01,95086.13,0.0022199999999999998,-0.0009,3,95086.14,1
2026-01-18 11:39:04,95086.13,0.00261,-0.00249,3,95086.13,0
2026-01-18 11:39:06,95086.14,0.00023,0.00023,1,95086.14,0
2026-01-18 11:39:07,95086.14,0.00527,0.00527,2,95086.14,0
2026-01-18 11:39:09,95086.13,6e-05,-6e-05,1,95084.83,0
2026-01-18 11:39:11,95086.14,0.0005200000000000001,-0.00036,2,95084.84,0
2026-01-18 11:39:12,95086.14,0.00468,0.00468,3,95084.83,0
2026-01-18 11:39:14,95084.83,0.01078,-0.010060000000000001,6,95084.83,0
2026-01-18 11:39:15,95084.83,0.00541,-0.00541,3,95084.83,0
2026-01-18 11:39:16,95084.84,0.0009299999999999999,0.0009299999999999999,3,95084.83,0
2026-01-18 11:39:17,95084.83,0.0007300000000000001,-0.0007300000000000001,2,95084.83,0
2026-01-18 11:39:19,95084.83,0.00053,0.00013,2,95084.83,0
2026-01-18 11:39:20,95084.83,0.0037700000000000003,-0.00215,8,95084.83,0
2026-01-18 11:39:21,95084.83,0.00042,0.00022,3,95084.84,1
2026-01-18 11:39:22,95084.83,0.00938,-0.0082,17,95084.21,0
2026-01-18 11:39:23,95084.84,0.02513,-0.02497,2,95084.21,0
2026-01-18 11:39:24,95084.83,0.00059,0.00039,3,95084.22,0
2026-01-18 11:39:25,95084.83,0.20057,-0.20057,5,95084.21,0
2026-01-18 11:39:26,95084.84,0.00379,0.00379,1,95084.22,0
2026-01-18 11:39:27,95084.21,0.07016,-0.06682,11,95084.22,1
2026-01-18 11:39:28,95084.21,0.0026100000000000003,0.0017300000000000002,4,95084.21,0
2026-01-18 11:39:29,95084.22,0.052289999999999996,0.050749999999999997,4,95084.22,0
2026-01-18 11:39:30,95084.21,0.00035000000000000005,-0.00015000000000000001,3,95084.21,0
2026-01-18 11:39:31,95084.22,0.00203,-0.00117,4,95084.21,0
2026-01-18 11:39:32,95084.22,0.00043,0.00043,1,95084.21,0
2026-01-18 11:39:33,95084.21,0.0015400000000000001,-0.00134,3,95084.22,1
2026-01-18 11:39:34,95084.22,0.02718,-0.0256,3,95084.22,0
2026-01-18 11:39:35,95084.21,0.00117,-0.00117,1,95084.21,0
2026-01-18 11:39:37,95084.21,0.00033,-0.00033,1,95084.22,1
2026-01-18 11:39:38,95084.22,0.00084,0.00064,3,95084.21,0
2026-01-18 11:39:39,95084.22,0.0008600000000000001,1.9999999999999998e-05,3,95084.22,0
2026-01-18 11:39:40,95084.21,0.01317,-0.01317,7,95084.21,0
2026-01-18 11:39:42,95084.22,0.00157,-0.00137,2,95084.21,0
2026-01-18 11:39:43,95084.21,0.00712,-0.00662,3,95084.21,0
2026-01-18 11:39:44,95084.22,0.0002,0.0002,1,95084.22,0
2026-01-18 11:39:45,95084.21,0.0039499999999999995,-0.0025299999999999997,6,95084.22,1
2026-01-18 11:39:46,95084.21,0.19839,-0.18577000000000002,6,95084.22,1
2026-01-18 11:39:47,95084.21,0.01074,-0.01074,3,95084.21,0
2026-01-18 11:39:48,95084.21,0.00046,-0.00026000000000000003,3,95084.22,1
2026-01-18 11:39:49,95084.22,0.00416,0.00396,3,95084.22,0
2026-01-18 11:39:50,95084.22,0.033850000000000005,0.033850000000000005,3,95084.21,0
2026-01-18 11:39:51,95084.22,0.00013,0.00013,1,95084.21,0
2026-01-18 11:39:52,95084.21,0.00049,-0.00049,2,95084.21,0
2026-01-18 11:39:53,95084.22,0.0025,-0.0010999999999999998,4,95084.21,0
2026-01-18 11:39:54,95084.22,0.01776,-0.01176,3,95084.21,0
2026-01-18 11:39:55,95084.21,0.00087,-0.00013000000000000002,3,95084.21,0
2026-01-18 11:39:56,95084.21,0.03007,-0.02445,5,95084.22,1
2026-01-18 11:39:57,95084.21,0.00055,-0.00055,3,95084.22,1
2026-01-18 11:39:58,95084.21,0.00112,-3.9999999999999996e-05,4,95084.21,0
2026-01-18 11:39:59,95084.21,0.00933,-0.009130000000000001,2,95084.22,1
2026-01-18 11:40:00,95084.21,0.00136,0.00052,2,95084.21,0
2026-01-18 11:40:01,95084.22,0.00361,0.00237,5,95084.21,0
2026-01-18 11:40:02,95084.22,0.00781,0.00753,8,95084.22,0
2026-01-18 11:40:03,95084.21,0.00262,-0.00262,1,95084.21,0
2026-01-18 11:40:04,95084.22,0.0015400000000000001,0.0005,6,95061.65,0
2026-01-18 11:40:05,95084.21,0.00027,-7e-05,3,95061.66,0
2026-01-18 11:40:06,95084.21,0.00866,0.00846,5,95061.66,0
2026-01-18 11:40:07,95084.22,0.15667999999999999,-0.15508,10,95061.65,0
2026-01-18 11:40:08,95084.21,0.02375,-0.02355,3,95061.66,0
2026-01-18 11:40:09,95061.65,7.5098,-7.4905800000000005,151,95061.66,1
2026-01-18 11:40:10,95061.66,0.00763,-5.000000000000013e-05,5,95062.93,1
2026-01-18 11:40:11,95061.66,0.00025,0.00025,2,95062.93,1
2026-01-18 11:40:12,95061.65,0.00099,-0.00099,3,95062.94,1
2026-01-18 11:40:13,95061.66,0.00030000000000000003,0.00030000000000000003,2,95062.94,1
2026-01-18 11:40:14,95061.66,0.00045,0.00017,2,95062.94,1
2026-01-18 11:40:15,95062.93,0.93987,0.93967,25,95062.95,1
2026-01-18 11:40:16,95062.93,0.0009400000000000001,0.0009400000000000001,2,95062.95,1
2026-01-18 11:40:17,95062.94,0.037360000000000004,0.034480000000000004,9,95062.95,1
2026-01-18 11:40:18,95062.94,0.05727,-0.05727,3,95062.94,0
2026-01-18 11:40:19,95062.94,0.00079,-0.00023,4,95062.95,1
2026-01-18 11:40:20,95062.95,0.11586000000000002,0.11566000000000001,4,95062.95,0
2026-01-18 11:40:21,95062.95,0.019289999999999998,-0.018170000000000002,3,95062.95,0
2026-01-18 11:40:22,95062.95,0.00133,-0.00012999999999999996,4,95062.95,0
2026-01-18 11:40:23,95062.94,0.00085,-0.00057,4,95062.95,1
2026-01-18 11:40:24,95062.95,0.00047,0.00027,2,95062.94,0
2026-01-18 11:40:25,95062.95,0.00025,0.00025,1,95062.95,0
2026-01-18 11:40:26,95062.95,0.02969,-0.021830000000000002,4,95062.94,0
2026-01-18 11:40:27,95062.95,0.00062,0.00062,2,95062.95,0
2026-01-18 11:40:28,95062.95,0.0006900000000000001,-9.999999999999972e-06,3,95062.95,0
2026-01-18 11:40:29,95062.94,0.01636,-0.01496,5,95062.95,1
2026-01-18 11:40:30,95062.95,0.00018,0.00018,2,95062.94,0
2026-01-18 11:40:31,95062.94,0.15241000000000002,0.15181,12,95062.95,1
2026-01-18 11:40:32,95062.95,0.0005,9.999999999999999e-05,3,95062.95,0
2026-01-18 11:40:33,95062.95,0.00211,0.00211,3,95062.94,0
2026-01-18 11:40:34,95062.95,0.00218,0.00218,5,95062.94,0
2026-01-18 11:40:35,95062.94,0.02862,-0.02108,8,95062.95,1
2026-01-18 11:40:36,95062.95,0.007690000000000001,0.007690000000000001,2,95072.48,1
2026-01-18 11:40:37,95062.95,0.051059999999999994,0.05094,2,95072.48,1
2026-01-18 11:40:38,95062.94,0.0013,0.0007999999999999999,2,95072.48,1
2026-01-18 11:40:39,95062.94,0.00415,0.00329,5,95072.49,1
2026-01-18 11:40:40,95062.95,0.00106,0.00106,1,95072.49,1
2026-01-18 11:40:41,95072.48,0.60351,0.59133,70,95072.49,1
2026-01-18 11:40:42,95072.48,0.00013,-0.00013,1,95072.48,0
2026-01-18 11:40:43,95072.48,0.00054,-0.00030000000000000003,3,95072.49,1
2026-01-18 11:40:44,95072.49,0.00066,0.00066,2,95072.49,0
2026-01-18 11:40:45,95072.49,0.00057,-0.00031000000000000005,2,95072.48,0
2026-01-18 11:40:46,95072.49,0.01,0.01,1,95072.48,0
2026-01-18 11:40:47,95072.48,0.00184,0.00068,2,95072.49,1
2026-01-18 11:40:48,95072.49,0.00015,0.00015,1,95072.49,0
2026-01-18 11:40:49,95072.49,0.01006,-0.0006199999999999999,2,95072.49,0
2026-01-18 11:40:50,95072.48,0.0034100000000000003,-0.0027300000000000002,3,95072.49,1
2026-01-18 11:40:51,95072.48,0.00013,-0.00013,1,95072.49,1
2026-01-18 11:40:52,95072.49,0.00023,0.00023,1,95072.49,0
2026-01-18 11:40:53,95072.49,0.00021999999999999998,0.00021999999999999998,2,95072.49,0
2026-01-18 11:40:54,95072.49,0.0007000000000000001,1.9999999999999998e-05,2,95072.48,0
2026-01-18 11:40:56,95072.49,0.0007199999999999999,0.00046,3,95072.49,0
2026-01-18 11:40:57,95072.49,0.00483,-0.00381,2,95088.73,1
2026-01-18 11:40:58,95072.49,0.00062,0.00062,1,95099.88,1
2026-01-18 11:40:59,95072.48,0.0012000000000000001,-0.0012000000000000001,2,95099.75,1
2026-01-18 11:41:01,95072.49,0.01078,0.0032,6,95099.76,1
2026-01-18 11:41:02,95088.73,1.38295,1.38195,80,95099.76,1
2026-01-18 11:41:03,95099.88,2.17038,0.0030800000000000163,109,95099.75,0
2026-01-18 11:41:04,95099.75,0.11929000000000001,-0.11889000000000001,7,95091.61,0
2026-01-18 11:41:05,95099.75,0.00121,-0.00121,2,95091.61,0
2026-01-18 11:41:06,95099.76,0.00025,0.00025,1,95091.62,0
2026-01-18 11:41:07,95099.76,0.01399,0.012790000000000001,3,95091.6,0
2026-01-18 11:41:08,95099.75,0.07059,-0.050589999999999996,5,95091.6,0
2026-01-18 11:41:09,95091.61,0.09369999999999999,-0.09296,20,95091.6,0
2026-01-18 11:41:10,95091.61,0.03644,-0.03538,4,95091.61,0
2026-01-18 11:41:11,95091.62,0.005370000000000001,0.005370000000000001,2,95091.6,0
2026-01-18 11:41:12,95091.6,0.1552,-0.1548,7,95091.6,0
2026-01-18 11:41:13,95091.6,0.00368,-0.00368,1,95102.88,1
2026-01-18 11:41:14,95091.6,0.0025399999999999997,-0.0025399999999999997,2,95102.88,1
2026-01-18 11:41:15,95091.61,0.01483,0.01483,2,95102.87,1
2026-01-18 11:41:17,95091.6,0.00041,-0.00019,3,95102.88,1
2026-01-18 11:41:18,95102.88,4.49656,4.49656,92,95102.87,0
2026-01-18 11:41:19,95102.88,0.07590000000000001,0.07026,3,95102.88,0
2026-01-18 11:41:20,95102.87,0.00089,-0.00089,2,95102.88,1
2026-01-18 11:41:22,95102.88,0.00304,0.00304,3,95102.87,0
2026-01-18 11:41:24,95102.88,0.03373,0.03341,5,95102.87,0
2026-01-18 11:41:25,95102.88,0.00035,0.00035,2,95102.87,0
2026-01-18 11:41:27,95102.87,0.00013,-0.00013,1,95102.88,1
2026-01-18 11:41:29,95102.87,7e-05,-7e-05,1,95102.88,1
2026-01-18 11:41:30,95102.87,0.024149999999999998,-0.02369,5,95102.87,0
2026-01-18 11:41:32,95102.88,0.00023999999999999998,1.9999999999999985e-05,2,95102.88,0
2026-01-18 11:41:33,95102.87,0.02881,-0.021929999999999998,4,95102.88,1
2026-01-18 11:41:34,95102.88,0.00228,-0.00072,2,95102.87,0
2026-01-18 11:41:35,95102.87,0.00358,0.00124,3,95102.88,1
2026-01-18 11:41:37,95102.88,0.00114,0.00114,1,95102.87,0
2026-01-18 11:41:38,95102.88,9e-05,9e-05,1,95102.88,0
2026-01-18 11:41:39,95102.87,0.09977,0.00021000000000000185,9,95119.39,1
2026-01-18 11:41:40,95102.88,0.0027199999999999998,-0.0021,2,95119.39,1
2026-01-18 11:41:41,95102.88,0.00025,0.00025,1,95119.38,1
2026-01-18 11:41:42,95102.87,0.003,-0.0026,3,95119.38,1
2026-01-18 11:41:43,95102.88,0.00087,9.000000000000002e-05,2,95119.38,1
2026-01-18 11:41:44,95119.39,2.0869400000000002,2.08622,167,95119.39,0
2026-01-18 11:41:45,95119.39,0.01739,-0.008629999999999999,7,95119.38,0
2026-01-18 11:41:46,95119.38,0.00047,-0.00047,1,95119.39,1
2026-01-18 11:41:47,95119.38,0.00035,-0.00035,1,95119.39,1
2026-01-18 11:41:49,95119.39,0.77085,0.77085,2,95119.38,0
2026-01-18 11:41:50,95119.38,0.00978,-0.00978,4,95119.38,0
2026-01-18 11:41:51,95119.39,0.00153,0.00153,1,95119.39,0
2026-01-18 11:41:52,95119.39,0.0002,0.0002,1,95119.38,0
2026-01-18 11:41:55,95119.38,0.00541,-0.00541,2,95119.38,0
2026-01-18 11:41:56,95119.39,0.01084,0.01084,3,95116.05,0
2026-01-18 11:41:57,95119.38,7e-05,-7e-05,1,95116.05,0
2026-01-18 11:41:58,95119.39,0.00234,-0.0010799999999999998,3,95116.05,0
2026-01-18 11:42:00,95119.38,0.05698,-0.05656,6,95116.05,0
2026-01-18 11:42:01,95116.05,2.48515,-2.48481,33,95116.06,1
2026-01-18 11:42:02,95116.05,0.04118,-0.04102,4,95116.05,0
2026-01-18 11:42:03,95116.05,0.0039,-0.0039,1,95116.05,0
2026-01-18 11:42:04,95116.05,0.02727,-0.01303,7,95116.06,1
2026-01-18 11:42:06,95116.06,0.00072,0.00023999999999999998,5,95116.05,0
2026-01-18 11:42:07,95116.05,0.00099,0.00059,2,95116.06,1
2026-01-18 11:42:08,95116.05,0.155,-0.155,5,95116.05,0
2026-01-18 11:42:09,95116.06,0.0012,0.0012,1,95116.06,0
2026-01-18 11:42:11,95116.05,0.00098,-0.00036,3,95116.05,0
2026-01-18 11:42:12,95116.06,0.0007400000000000001,0.0007400000000000001,2,95116.05,0
2026-01-18 11:42:13,95116.05,8e-05,-8e-05,1,95116.05,0
2026-01-18 11:42:14,95116.06,0.037649999999999996,-0.03567,4,95116.06,0
2026-01-18 11:42:15,95116.05,0.0002,-0.0002,1,95129.52,1
2026-01-18 11:42:16,95116.05,7e-05,-7e-05,1,95129.52,1
2026-01-18 11:42:17,95116.05,0.0009000000000000001,-0.0009000000000000001,3,95129.52,1
2026-01-18 11:42:18,95116.05,0.00047,-0.00047,1,95129.51,1
2026-01-18 11:42:19,95116.06,0.00026000000000000003,0.00026000000000000003,2,95129.52,1
2026-01-18 11:42:20,95129.52,3.48431,3.48087,149,95129.52,0
2026-01-18 11:42:21,95129.52,0.00028000000000000003,0.00028000000000000003,2,95129.51,0
2026-01-18 11:42:23,95129.51,0.0021000000000000003,-0.00196,4,95129.52,1
2026-01-18 11:42:24,95129.52,0.00068,0.00068,3,95129.52,0
2026-01-18 11:42:25,95129.52,0.04049,0.04049,2,95129.52,0
2026-01-18 11:42:26,95129.51,0.01884,-0.01884,2,95129.51,0
2026-01-18 11:42:28,95129.52,0.00099,0.00099,1,95129.52,0
2026-01-18 11:42:29,95129.52,0.0067800000000000004,0.0067800000000000004,2,95129.52,0
2026-01-18 11:42:30,95129.52,0.00095,0.00037,2,95129.51,0
2026-01-18 11:42:32,95129.52,0.00017,0.00017,2,95129.51,0
2026-01-18 11:42:33,95129.52,0.00033,0.00017,2,95129.52,0
2026-01-18 11:42:34,95129.52,0.00029,0.00029,2,95129.51,0
2026-01-18 11:42:35,95129.51,0.00106,0.00038,4,95129.52,1
2026-01-18 11:42:37,95129.51,0.00019,-0.00019,1,95129.51,0
2026-01-18 11:42:38,95129.52,0.00129,0.00129,2,95129.52,0
2026-01-18 11:42:39,95129.51,0.13985,0.13943000000000003,3,95129.52,1
2026-01-18 11:42:40,95129.52,0.00102,0.00102,1,95129.51,0
2026-01-18 11:42:42,95129.51,0.00024,-0.00024,1,95129.52,1
2026-01-18 11:42:44,95129.52,0.00226,-0.00062,3,95129.51,0
2026-01-18 11:42:45,95129.51,0.00049,-0.00010999999999999996,2,95129.52,1
2026-01-18 11:42:49,95129.51,0.00029,-9e-05,2,95129.52,1
2026-01-18 11:42:50,95129.52,0.00705,0.00705,2,95129.52,0
2026-01-18 11:42:54,95129.52,0.005019999999999999,0.005019999999999999,2,95129.52,0
2026-01-18 11:42:55,95129.52,0.002,0.002,1,95129.52,0
2026-01-18 11:42:56,95129.52,0.0008699999999999999,0.00024999999999999995,2,95129.52,0
2026-01-18 11:42:57,95129.52,0.00048,0.00048,1,95129.52,0
2026-01-18 11:42:58,95129.52,0.00682,0.00682,4,95129.51,0
2026-01-18 11:42:59,95129.52,7e-05,7e-05,1,95129.52,0
2026-01-18 11:43:00,95129.52,0.00115,0.00115,2,95129.51,0
2026-01-18 11:43:01,95129.52,0.00204,0.00204,3,95129.51,0
2026-01-18 11:43:02,95129.52,0.00108,0.00108,1,95129.51,0
2026-01-18 11:43:03,95129.51,0.00766,-0.00766,1,95129.51,0
2026-01-18 11:43:06,95129.51,0.003,-0.003,1,95129.52,1
2026-01-18 11:43:08,95129.51,0.00187,-0.00187,1,95129.51,0
2026-01-18 11:43:11,95129.52,0.00013,0.00013,1,95129.51,0
2026-01-18 11:43:13,95129.51,0.00022,-0.00022,1,95129.52,1
2026-01-18 11:43:15,95129.51,0.00241,-0.00241,1,95129.52,1
2026-01-18 11:43:16,95129.51,0.00174,0.0014600000000000001,3,95129.51,0
2026-01-18 11:43:18,95129.52,0.00445,-0.0023299999999999996,2,95129.52,0
2026-01-18 11:43:19,95129.52,0.00081,-0.00015000000000000001,3,95129.51,0
2026-01-18 11:43:20,95129.52,0.0001,0.0001,1,95129.52,0
2026-01-18 11:43:22,95129.52,0.00029,0.00029,1,95129.52,0
2026-01-18 11:43:23,95129.52,0.012750000000000001,0.01157,8,95129.52,0
2026-01-18 11:43:24,95129.51,0.00149,-0.00149,3,95129.51,0
2026-01-18 11:43:25,95129.52,0.00021,2.9999999999999997e-05,2,95129.52,0
2026-01-18 11:43:27,95129.52,0.00525,0.00525,1,95129.51,0
2026-01-18 11:43:28,95129.52,0.02102,0.02102,1,95129.51,0
2026-01-18 11:43:29,95129.51,0.00106,-0.00106,2,95129.52,1
2026-01-18 11:43:32,95129.51,0.00037,9.000000000000002e-05,2,95129.51,0
2026-01-18 11:43:37,95129.51,0.00293,-0.00293,2,95129.51,0
2026-01-18 11:43:40,95129.52,0.00212,0.00212,1,95153.87,1
2026-01-18 11:43:41,95129.52,0.00106,0.00106,1,95153.86,1
2026-01-18 11:43:42,95129.51,0.00657,-0.00657,1,95153.87,1
2026-01-18 11:43:43,95129.52,0.00723,0.00723,3,95153.87,1
2026-01-18 11:43:44,95129.51,0.00076,-0.00076,1,95153.86,1
2026-01-18 11:43:45,95153.87,2.98553,2.98481,156,95153.87,0
2026-01-18 11:43:46,95153.86,0.04333,-0.04333,1,95153.87,1
2026-01-18 11:43:47,95153.87,0.00042,7.999999999999999e-05,2,95153.86,0
2026-01-18 11:43:48,95153.87,0.01097,-0.00763,5,95129.52,0
2026-01-18 11:43:49,95153.86,0.00019,-0.00019,1,95129.42,0
2026-01-18 11:43:50,95153.87,0.01085,0.01067,3,95129.41,0
2026-01-18 11:43:52,95153.86,0.0033299999999999996,-0.0029499999999999995,4,95129.41,0
2026-01-18 11:43:53,95129.52,5.83757,-5.83441,105,95129.42,0
2026-01-18 11:43:54,95129.42,0.028839999999999998,-0.02184,7,95129.42,0
2026-01-18 11:43:55,95129.41,0.01218,0.00886,3,95129.42,1
2026-01-18 11:43:57,95129.41,0.06038,-0.06038,15,95129.41,0
2026-01-18 11:43:58,95129.42,0.39469,0.39393,5,95129.42,0
2026-01-18 11:43:59,95129.42,0.00613,0.00613,5,95129.42,0
2026-01-18 11:44:00,95129.42,0.00148,0.00108,4,95129.41,0
2026-01-18 11:44:02,95129.41,0.00069,4.9999999999999996e-05,3,95129.41,0
2026-01-18 11:44:03,95129.42,0.01059,-0.01043,2,95129.41,0
2026-01-18 11:44:04,95129.42,0.00683,0.00583,9,95129.41,0
2026-01-18 11:44:05,95129.41,0.00053,-0.00053,2,95129.41,0
2026-01-18 11:44:07,95129.41,0.00142,-0.00104,3,95129.42,1
2026-01-18 11:44:08,95129.41,0.0016,-0.0012,2,95129.42,1
2026-01-18 11:44:09,95129.41,0.00068,-0.00068,2,95129.41,0
2026-01-18 11:44:10,95129.41,0.01892,-0.01892,2,95129.41,0
2026-01-18 11:44:12,95129.42,0.0023499999999999997,0.0023499999999999997,3,95129.42,0
2026-01-18 11:44:13,95129.42,0.00774,0.00774,1,95129.42,0
2026-01-18 11:44:14,95129.41,0.03451,-0.03407,5,95129.42,1
2026-01-18 11:44:15,95129.41,0.0182,-0.0182,2,95129.42,1
2026-01-18 11:44:16,95129.41,0.00085,-0.0006699999999999999,3,95129.42,1
2026-01-18 11:44:17,95129.42,0.00062,0.00034,4,95129.41,0
2026-01-18 11:44:19,95129.42,0.00092,0.00092,2,95129.41,0
2026-01-18 11:44:20,95129.42,0.00044,0.00044,2,95129.42,0
2026-01-18 11:44:21,95129.42,0.00235,-0.00026999999999999995,7,95129.42,0
2026-01-18 11:44:22,95129.41,1.00051,-0.99987,3,95129.42,1
2026-01-18 11:44:24,95129.41,0.00026000000000000003,-0.00026000000000000003,2,95129.41,0
2026-01-18 11:44:25,95129.42,0.00037,0.00013000000000000002,2,95129.41,0
2026-01-18 11:44:26,95129.42,0.00019,0.00019,1,95129.41,0
2026-01-18 11:44:27,95129.42,0.00021,0.00021,1,95129.42,0
2026-01-18 11:44:28,95129.42,6e-05,6e-05,1,95129.42,0
2026-01-18 11:44:29,95129.41,0.00026000000000000003,-0.00026000000000000003,2,95129.42,1
2026-01-18 11:44:32,95129.42,0.00013,0.00013,1,95129.41,0
2026-01-18 11:44:33,95129.42,0.0077,0.0035199999999999997,4,95129.42,0
2026-01-18 11:44:34,95129.42,0.21353999999999998,-0.21278,7,95129.42,0
2026-01-18 11:44:37,95129.41,0.009899999999999999,-0.00834,4,95129.41,0
2026-01-18 11:44:38,95129.42,0.00022,0.00022,1,95129.41,0
2026-01-18 11:44:39,95129.42,0.00292,-0.00082,2,95129.41,0
2026-01-18 11:44:40,95129.41,0.0007,-0.00054,2,95129.42,1
2026-01-18 11:44:42,95129.41,0.00263,0.00143,5,95129.42,1
2026-01-18 11:44:43,95129.41,0.008150000000000001,-0.00623,3,95129.41,0
2026-01-18 11:44:45,95129.42,0.00212,0.00212,1,95129.41,0
2026-01-18 11:44:46,95129.41,0.00022,-0.00022,1,95129.41,0
2026-01-18 11:44:47,95129.42,0.0061400000000000005,0.0061400000000000005,2,95129.41,0
2026-01-18 11:44:48,95129.41,0.00033,-0.00033,2,95129.42,1
2026-01-18 11:44:50,95129.41,0.00136,-0.00136,2,95129.42,1
2026-01-18 11:44:52,95129.41,0.00012,-0.00012,1,95129.41,0
2026-01-18 11:44:53,95129.42,0.01564,0.00696,3,95129.42,0
2026-01-18 11:44:54,95129.42,0.00068,0.00031999999999999997,2,95129.42,0
2026-01-18 11:44:55,95129.42,0.019690000000000003,-0.0003099999999999992,4,95118.46,0
2026-01-18 11:44:57,95129.41,0.00073,-0.00073,2,95118.47,0
2026-01-18 11:44:58,95129.42,0.00011,0.00011,1,95118.46,0
2026-01-18 11:44:59,95129.42,0.00212,0.00212,1,95118.46,0
2026-01-18 11:45:00,95118.46,1.45858,-1.45858,70,95118.46,0
2026-01-18 11:45:01,95118.47,0.0033900000000000002,0.0022900000000000004,6,95117.78,0
2026-01-18 11:45:02,95118.47,0.00036,0.00036,1,95123.05,1
2026-01-18 11:45:03,95118.46,0.0072,-0.00574,2,95123.05,1
2026-01-18 11:45:04,95118.46,0.00561,-0.00549,3,95123.05,1
2026-01-18 11:45:06,95117.78,0.039099999999999996,-0.039,14,95123.05,1
2026-01-18 11:45:07,95123.05,2.84662,2.84662,54,95123.05,0
2026-01-18 11:45:08,95123.05,0.00249,-0.0017499999999999998,3,95123.04,0
2026-01-18 11:45:09,95123.05,0.00151,0.00067,2,95123.04,0
2026-01-18 11:45:11,95123.05,0.00035000000000000005,-2.9999999999999997e-05,2,95123.05,0
2026-01-18 11:45:12,95123.05,0.00013,0.00013,1,95123.04,0
2026-01-18 11:45:13,95123.04,0.02124,-0.01072,3,95123.05,1
2026-01-18 11:45:15,95123.05,0.00011,0.00011,1,95123.05,0
2026-01-18 11:45:16,95123.05,0.00274,0.00274,2,95123.04,0
2026-01-18 11:45:17,95123.04,0.02146,-0.02014,5,95123.04,0
2026-01-18 11:45:18,95123.05,0.00243,0.00243,3,95123.05,0
2026-01-18 11:45:21,95123.04,0.00429,-0.00429,2,95123.04,0
2026-01-18 11:45:22,95123.04,0.00334,-0.00268,3,95123.05,1
2026-01-18 11:45:23,95123.05,0.00042,0.00042,1,95123.05,0
2026-01-18 11:45:26,95123.04,0.0018700000000000001,-0.00147,3,95123.05,1
2026-01-18 11:45:27,95123.05,0.0006000000000000001,-8.000000000000005e-05,2,95123.04,0
2026-01-18 11:45:28,95123.05,0.00011999999999999999,0.00011999999999999999,2,95123.05,0
2026-01-18 11:45:30,95123.05,0.0011699999999999998,-0.0009099999999999999,2,95123.04,0
2026-01-18 11:45:31,95123.05,0.04097,0.04059,3,95123.05,0
2026-01-18 11:45:32,95123.04,0.00124,0.0008799999999999999,2,95123.04,0
2026-01-18 11:45:33,95123.05,0.00056,0.00056,1,95123.05,0
2026-01-18 11:45:35,95123.04,0.00132,-0.00106,3,95123.04,0
2026-01-18 11:45:36,95123.05,0.06914000000000001,0.01652,7,95123.05,0
2026-01-18 11:45:38,95123.05,0.011239999999999998,-0.00982,4,95123.05,0
2026-01-18 11:45:40,95123.04,0.00087,-0.00087,2,95123.04,0
2026-01-18 11:45:41,95123.05,0.0006100000000000001,0.0006100000000000001,2,95123.04,0
2026-01-18 11:45:43,95123.05,0.0001,0.0001,1,95123.04,0
2026-01-18 11:45:44,95123.05,0.0022,0.0018,4,95123.05,0
2026-01-18 11:45:45,95123.04,0.00132,-0.00088,3,95123.05,1
2026-01-18 11:45:46,95123.04,0.28567000000000004,-0.28487,16,95123.05,1
2026-01-18 11:45:47,95123.04,0.01868,0.01812,3,95123.05,1
2026-01-18 11:45:49,95123.05,0.00034,0.00034,2,95123.04,0
2026-01-18 11:45:50,95123.05,0.00518,0.00474,3,95123.04,0
2026-01-18 11:45:52,95123.05,0.00312,-0.0010799999999999998,2,95123.04,0
2026-01-18 11:45:54,95123.04,0.00019,-0.00019,1,95123.05,1
2026-01-18 11:45:55,95123.04,0.00171,-0.00171,1,95123.04,0
2026-01-18 11:45:57,95123.04,0.10543,-0.10505,3,95123.05,1
2026-01-18 11:45:59,95123.05,0.0032,0.0032,3,95123.05,0
2026-01-18 11:46:00,95123.04,0.0273,-0.0273,2,95123.05,1
2026-01-18 11:46:01,95123.04,0.00031999999999999997,-6.000000000000002e-05,2,95123.04,0
2026-01-18 11:46:04,95123.05,6e-05,6e-05,1,95123.05,0
2026-01-18 11:46:05,95123.05,0.038489999999999996,0.024009999999999997,5,95123.05,0
2026-01-18 11:46:08,95123.04,0.018770000000000002,-0.018770000000000002,8,95123.04,0
2026-01-18 11:46:09,95123.05,0.00017999999999999998,0.00017999999999999998,2,95123.05,0
2026-01-18 11:46:10,95123.05,0.04446,-0.03566,4,95123.05,0
2026-01-18 11:46:12,95123.05,0.00011,0.00011,1,95123.05,0
2026-01-18 11:46:13,95123.04,0.00069,-0.00069,1,95123.05,1
2026-01-18 11:46:14,95123.05,0.05977,0.05095,3,95123.05,0
2026-01-18 11:46:15,95123.05,0.0053100000000000005,-0.0003700000000000001,3,95123.05,0
2026-01-18 11:46:16,95123.05,6e-05,6e-05,1,95123.05,0
2026-01-18 11:46:17,95123.05,0.00398,-0.00336,2,95123.05,0
2026-01-18 11:46:18,95123.05,0.0022199999999999998,0.0022199999999999998,6,95123.05,0
2026-01-18 11:46:19,95123.05,0.00011,0.00011,1,95123.04,0
2026-01-18 11:46:20,95123.05,0.00073,0.00073,2,95140.5,1
2026-01-18 11:46:21,95123.05,0.0015,0.0015,5,95140.49,1
2026-01-18 11:46:22,95123.05,0.10578,-0.10318000000000001,5,95140.49,1
2026-01-18 11:46:23,95123.05,0.0021,0.0021,1,95140.5,1
2026-01-18 11:46:24,95123.04,0.00023,-0.00023,1,95140.5,1
2026-01-18 11:46:25,95140.5,4.93399,4.93003,149,95140.49,0
2026-01-18 11:46:26,95140.49,0.05559,0.05383,10,95140.49,0
2026-01-18 11:46:27,95140.49,0.00122,-0.00122,2,95140.49,0
2026-01-18 11:46:28,95140.5,0.00124,0.00124,1,95140.5,0
2026-01-18 11:46:29,95140.5,0.00992,0.007819999999999999,2,95140.49,0
2026-01-18 11:46:30,95140.49,0.02881,0.02739,4,95140.49,0
2026-01-18 11:46:31,95140.49,0.00818,-0.00728,2,95140.5,1
2026-01-18 11:46:32,95140.49,0.0003,-0.0003,3,95140.5,1
2026-01-18 11:46:33,95140.5,0.010459999999999999,-0.01,2,95140.5,0
2026-01-18 11:46:34,95140.49,0.14819,-0.09981,5,95140.49,0
2026-01-18 11:46:35,95140.49,0.00221,-0.00221,3,95140.49,0
2026-01-18 11:46:36,95140.5,0.0070799999999999995,0.00578,3,95140.49,0
2026-01-18 11:46:37,95140.5,0.00119,0.00103,2,95140.5,0
2026-01-18 11:46:38,95140.5,0.01132,0.01132,1,95140.5,0
2026-01-18 11:46:39,95140.49,0.00028,-0.00028,1,95140.5,1
2026-01-18 11:46:40,95140.49,0.00068,-0.00068,1,95140.5,1
2026-01-18 11:46:41,95140.49,0.00115,-0.00115,1,95140.5,1
2026-01-18 11:46:42,95140.5,0.047740000000000005,0.047740000000000005,7,95140.5,0
2026-01-18 11:46:43,95140.5,0.00118,0.00118,1,95140.49,0
2026-01-18 11:46:46,95140.5,0.00059,0.00059,1,95140.49,0
2026-01-18 11:46:47,95140.5,0.05466,-0.05316,2,95140.5,0
2026-01-18 11:46:48,95140.49,0.03043,0.02791,7,95140.5,1
2026-01-18 11:46:51,95140.49,0.00102,-0.00102,1,95140.5,1
2026-01-18 11:46:52,95140.5,0.00337,0.00337,1,95140.5,0
2026-01-18 11:46:53,95140.5,0.04487,0.04487,2,95140.5,0
2026-01-18 11:46:54,95140.49,0.00021,9.999999999999999e-06,2,95140.5,1
2026-01-18 11:46:56,95140.5,0.0006900000000000001,0.0006900000000000001,2,95140.49,0
2026-01-18 11:46:57,95140.5,0.00134,0.00134,2,95140.49,0
2026-01-18 11:46:58,95140.5,0.0015,-0.00046,2,95140.5,0
2026-01-18 11:46:59,95140.5,0.00011,0.00011,1,95140.49,0
2026-01-18 11:47:01,95140.49,0.00049,0.00021,2,95140.5,1
2026-01-18 11:47:02,95140.49,0.0038799999999999998,-0.0018000000000000002,2,95144.55,1
2026-01-18 11:47:03,95140.5,0.00092,0.00092,1,95144.68,1
2026-01-18 11:47:04,95140.49,0.015009999999999999,-0.01489,6,95144.67,1
2026-01-18 11:47:05,95140.49,0.0006100000000000001,-0.0006100000000000001,2,95144.67,1
2026-01-18 11:47:06,95140.5,0.00335,0.00065,2,95148.58,1
2026-01-18 11:47:07,95144.55,0.26702,0.26702,69,95156.83,1
2026-01-18 11:47:08,95144.68,0.00855,0.00855,4,95157.72,1
2026-01-18 11:47:09,95144.67,0.00088,-0.00088,2,95157.72,1
2026-01-18 11:47:10,95144.67,0.00367,-0.00367,1,95157.74,1
2026-01-18 11:47:11,95148.58,0.05772,0.05772,28,95157.73,1
2026-01-18 11:47:12,95156.83,0.17354,0.17354,65,95157.74,1
2026-01-18 11:47:16,95157.73,0.0128,-0.00838,3,95157.73,0
2026-01-18 11:47:17,95157.74,0.00042,0.00042,1,95157.74,0
2026-01-18 11:47:21,95157.73,0.0023899999999999998,-0.00040999999999999994,4,95157.73,0
2026-01-18 11:47:22,95157.74,0.00784,-0.00722,3,95157.74,0
2026-01-18 11:47:24,95157.73,0.0012100000000000001,-0.0012100000000000001,2,95157.73,0
2026-01-18 11:47:26,95157.73,0.00247,-0.0002699999999999999,3,95157.73,0
2026-01-18 11:47:27,95157.74,0.03998,0.03984,4,95157.74,0
2026-01-18 11:47:28,95157.74,0.10211,0.10211,2,95157.74,0
2026-01-18 11:47:29,95157.73,0.01077,-0.01077,2,95157.74,1
2026-01-18 11:47:31,95157.73,0.00037,-0.00037,1,95157.74,1
2026-01-18 11:47:32,95157.74,0.00203,0.00185,3,95157.74,0
2026-01-18 11:47:33,95157.74,0.00101,0.00101,1,95157.74,0
2026-01-18 11:47:34,95157.74,0.00024,0.00024,1,95157.74,0
2026-01-18 11:47:36,95157.74,0.00562,0.00562,2,95157.74,0
2026-01-18 11:47:37,95157.74,0.00209,0.00171,3,95157.73,0
2026-01-18 11:47:38,95157.74,0.00372,-0.0031000000000000003,3,95157.73,0
2026-01-18 11:47:39,95157.74,0.00521,-0.0029100000000000003,4,95157.74,0
2026-01-18 11:47:40,95157.73,0.0016600000000000002,-0.0015,4,95157.74,1
2026-01-18 11:47:41,95157.74,0.0071400000000000005,-0.00494,3,95157.74,0
2026-01-18 11:47:42,95157.73,0.00039000000000000005,-0.00039000000000000005,2,95157.73,0
2026-01-18 11:47:43,95157.73,0.00165,-0.0012699999999999999,2,95157.74,1
2026-01-18 11:47:44,95157.74,0.0015400000000000001,0.0012200000000000002,3,95157.73,0
2026-01-18 11:47:45,95157.74,0.0032500000000000003,-0.00213,4,95157.74,0
2026-01-18 11:47:46,95157.74,0.00101,0.00101,1,95157.73,0
2026-01-18 11:47:47,95157.73,0.02027,-0.006069999999999999,5,95157.74,1
2026-01-18 11:47:48,95157.74,0.001,0.001,1,95157.74,0
2026-01-18 11:47:49,95157.73,0.00031,-0.00031,2,95157.74,1
2026-01-18 11:47:51,95157.73,0.00063,-0.00063,2,95157.73,0
2026-01-18 11:47:53,95157.74,0.00066,0.00066,1,95157.74,0
2026-01-18 11:47:54,95157.74,0.00098,0.00098,1,95157.73,0
2026-01-18 11:47:56,95157.73,0.00181,0.00014999999999999993,3,95157.74,1
2026-01-18 11:47:58,95157.74,0.00098,0.00098,1,95157.74,0
2026-01-18 11:47:59,95157.73,0.00066,-0.00066,1,95157.74,1
2026-01-18 11:48:00,95157.74,0.00141,0.0006900000000000001,3,95157.73,0
2026-01-18 11:48:01,95157.74,0.00747,0.00747,3,95157.74,0
2026-01-18 11:48:02,95157.74,0.04289,0.04289,6,95157.74,0
2026-01-18 11:48:03,95157.74,0.00125,0.00125,1,95157.74,0
2026-01-18 11:48:04,95157.74,0.00011,0.00011,2,95157.74,0
2026-01-18 11:48:05,95157.73,0.00276,-0.0008600000000000001,3,95157.73,0
2026-01-18 11:48:06,95157.74,0.03991,0.03991,2,95157.73,0
2026-01-18 11:48:07,95157.74,0.00094,0.00094,1,95157.74,0
2026-01-18 11:48:08,95157.74,0.00022,0.00022,1,95157.74,0
2026-01-18 11:48:09,95157.74,0.00685,0.00685,2,95176.32,1
2026-01-18 11:48:10,95157.73,0.03677,-0.029609999999999997,4,95176.33,1
2026-01-18 11:48:11,95157.73,0.001,0.0008600000000000001,2,95176.32,1
2026-01-18 11:48:12,95157.74,0.0025800000000000003,-0.00216,3,95176.33,1
2026-01-18 11:48:13,95157.74,0.0029300000000000003,0.0029300000000000003,2,95176.33,1
2026-01-18 11:48:14,95176.32,3.6859100000000002,2.68177,143,95176.33,1
2026-01-18 11:48:15,95176.33,0.012490000000000001,-0.01039,4,95176.33,0
2026-01-18 11:48:16,95176.32,0.00023,-0.00023,1,95176.33,1
2026-01-18 11:48:17,95176.33,0.01983,0.01983,4,95176.32,0
2026-01-18 11:48:18,95176.33,8e-05,8e-05,1,95176.33,0
2026-01-18 11:48:19,95176.33,0.02119,0.02119,6,95176.32,0
2026-01-18 11:48:20,95176.33,0.00027,0.00027,2,95176.33,0
2026-01-18 11:48:21,95176.33,0.0034,0.0034,4,95176.33,0
2026-01-18 11:48:22,95176.32,0.00119,0.00087,5,95176.33,1
2026-01-18 11:48:23,95176.33,0.00457,0.00457,2,95176.32,0
2026-01-18 11:48:25,95176.33,0.06279,-0.029670000000000002,3,95176.33,0
2026-01-18 11:48:26,95176.33,0.04103,0.01573,12,95176.33,0
2026-01-18 11:48:27,95176.33,0.00666,0.00666,5,95176.32,0
2026-01-18 11:48:31,95176.33,0.0005499999999999999,0.00016999999999999999,4,95176.33,0
2026-01-18 11:48:32,95176.32,0.00188,0.0006399999999999999,4,95176.32,0
2026-01-18 11:48:34,95176.33,0.00155,0.00155,3,95176.33,0
2026-01-18 11:48:36,95176.33,0.00087,0.00087,1,95176.33,0
2026-01-18 11:48:37,95176.32,0.00247,0.0022500000000000003,2,95176.33,1
2026-01-18 11:48:38,95176.33,0.00097,0.00097,2,95176.32,0
2026-01-18 11:48:39,95176.33,0.0278,0.00678,10,95176.33,0
2026-01-18 11:48:40,95176.32,0.01142,0.010960000000000001,3,95176.32,0
2026-01-18 11:48:41,95176.33,0.0063,0.0063,1,95176.33,0
2026-01-18 11:48:43,95176.32,0.0024999999999999996,0.0016799999999999999,3,95176.33,1
2026-01-18 11:48:44,95176.33,0.00837,0.00453,7,95176.33,0
2026-01-18 11:48:45,95176.32,9e-05,-9e-05,1,95176.33,1
2026-01-18 11:48:46,95176.33,0.0009199999999999999,0.0009199999999999999,2,95176.33,0
2026-01-18 11:48:48,95176.33,0.00084,0.00084,1,95176.32,0
2026-01-18 11:48:49,95176.33,0.00239,0.00199,2,95176.33,0
2026-01-18 11:48:50,95176.33,0.007869999999999999,0.007869999999999999,4,95176.33,0
2026-01-18 11:48:54,95176.33,0.0008399999999999999,0.0006599999999999999,3,95176.33,0
2026-01-18 11:48:55,95176.33,0.00082,0.00082,1,95176.34,1
2026-01-18 11:48:57,95176.32,0.10165,-0.10005,16,95176.34,1
2026-01-18 11:48:59,95176.33,0.001,0.00082,3,95176.34,1
2026-01-18 11:49:00,95176.34,3.6010199999999997,3.6010199999999997,3,95176.33,0
2026-01-18 11:49:01,95176.33,0.26784,-0.26626,4,95176.34,1
2026-01-18 11:49:02,95176.34,0.0023899999999999998,-0.00117,2,95176.33,0
2026-01-18 11:49:03,95176.34,0.00662,-0.0041800000000000006,4,95176.34,0
2026-01-18 11:49:04,95176.34,0.0014500000000000001,-0.00117,5,95176.34,0
2026-01-18 11:49:05,95176.33,0.00274,0.00246,4,95176.34,1
2026-01-18 11:49:06,95176.34,0.00147,-0.0009699999999999999,2,95176.34,0
2026-01-18 11:49:07,95176.33,0.01282,-0.01106,4,95176.34,1
2026-01-18 11:49:08,95176.34,0.00619,-0.00543,3,95176.34,0
2026-01-18 11:49:09,95176.34,0.00076,0.00076,1,95176.33,0
2026-01-18 11:49:10,95176.34,0.00528,0.00528,1,95176.34,0
2026-01-18 11:49:11,95176.34,0.00076,0.00076,1,95176.33,0
2026-01-18 11:49:12,95176.34,0.028229999999999998,0.026129999999999997,4,95176.34,0
2026-01-18 11:49:13,95176.34,0.01565,-0.013730000000000001,4,95176.33,0
2026-01-18 11:49:14,95176.33,0.00262,-0.00262,1,95176.34,1
2026-01-18 11:49:15,95176.34,0.00818,-0.0067,3,95176.33,0
2026-01-18 11:49:16,95176.33,0.0169,0.007940000000000001,3,95174.52,0
2026-01-18 11:49:17,95176.34,0.04125,-0.03979,4,95174.52,0
2026-01-18 11:49:18,95176.33,0.22340000000000002,-0.22340000000000002,4,95174.52,0
2026-01-18 11:49:19,95176.34,0.0017400000000000002,0.0017400000000000002,2,95174.52,0
2026-01-18 11:49:20,95176.33,0.00063,-0.00017,4,95174.52,0
2026-01-18 11:49:21,95174.52,2.63898,-2.63742,54,95174.51,0
2026-01-18 11:49:22,95174.52,0.00035,0.00035,1,95174.52,0
2026-01-18 11:49:23,95174.52,0.0116,0.0116,4,95174.52,0
2026-01-18 11:49:24,95174.52,0.03503,0.03459,6,95174.51,0
2026-01-18 11:49:25,95174.52,0.00091,0.00091,2,95174.52,0
2026-01-18 11:49:26,95174.51,0.0021,-0.0021,1,95174.51,0
2026-01-18 11:49:27,95174.52,0.00145,-0.00075,4,95174.51,0
2026-01-18 11:49:28,95174.52,0.0032,-0.0016200000000000001,6,95174.52,0
2026-01-18 11:49:29,95174.51,0.0054,-0.0054,1,95174.51,0
2026-01-18 11:49:30,95174.52,0.00069,0.00069,1,95174.51,0
2026-01-18 11:49:31,95174.51,0.01291,-0.01291,1,95174.52,1
2026-01-18 11:49:32,95174.51,0.0015300000000000001,-0.00015000000000000007,3,95174.51,0
2026-01-18 11:49:33,95174.52,0.00685,0.00149,6,95174.52,0
2026-01-18 11:49:34,95174.51,0.00145,-6.999999999999998e-05,5,95174.51,0
2026-01-18 11:49:35,95174.51,0.00036,-0.00036,1,95174.52,1
2026-01-18 11:49:37,95174.51,0.00903,-0.00877,4,95174.51,0
2026-01-18 11:49:38,95174.52,0.00266,-0.00082,3,95174.51,0
2026-01-18 11:49:39,95174.51,0.00421,-0.00421,1,95174.52,1
2026-01-18 11:49:42,95174.51,0.0012000000000000001,0.00014,3,95174.51,0
2026-01-18 11:49:43,95174.51,0.00053,-0.00053,2,95174.51,0
2026-01-18 11:49:44,95174.52,0.00066,0.00066,1,95174.51,0
2026-01-18 11:49:47,95174.51,0.0015500000000000002,-0.00123,3,95174.51,0
2026-01-18 11:49:48,95174.51,0.0007999999999999999,0.0005,2,95174.52,1
2026-01-18 11:49:49,95174.51,0.00043,-0.00043,1,95174.52,1
2026-01-18 11:49:50,95174.52,0.0006900000000000001,0.00057,2,95174.51,0
2026-01-18 11:49:52,95174.51,0.00105,0.00061,3,95174.52,1
2026-01-18 11:49:53,95174.52,0.00034,0.00034,1,95174.51,0
2026-01-18 11:49:54,95174.52,0.00083,0.00041,2,95174.52,0
2026-01-18 11:49:55,95174.51,0.00073,-0.00073,3,95174.52,1
2026-01-18 11:49:56,95174.51,0.01118,-0.00996,3,95174.52,1
2026-01-18 11:49:57,95174.52,0.00105,0.00105,1,95174.52,0
2026-01-18 11:49:59,95174.52,0.00074,0.00074,1,95174.52,0
2026-01-18 11:50:00,95174.52,0.00136,0.00136,3,95174.51,0
2026-01-18 11:50:02,95174.52,0.00061,0.00061,1,95174.51,0
2026-01-18 11:50:04,95174.52,6e-05,6e-05,1,95174.52,0
2026-01-18 11:50:08,95174.52,0.00158,0.00158,3,95174.51,0
2026-01-18 11:50:09,95174.52,0.00059,0.00059,1,95174.51,0
2026-01-18 11:50:13,95174.51,0.0032500000000000003,-0.00207,3,95174.52,1
2026-01-18 11:50:14,95174.51,0.00116,-0.00116,1,95174.52,1
2026-01-18 11:50:15,95174.52,0.00059,0.00059,1,95174.51,0
2026-01-18 11:50:17,95174.52,0.00464,0.00464,2,95174.52,0
2026-01-18 11:50:18,95174.52,0.00317,0.00317,3,95174.52,0
2026-01-18 11:50:19,95174.52,0.03207,0.03207,3,95174.52,0
2026-01-18 11:50:20,95174.51,0.00107,-0.00107,1,95174.52,1
2026-01-18 11:50:21,95174.51,0.00196,-3.9999999999999996e-05,3,95174.52,1
2026-01-18 11:50:22,95174.52,0.00458,0.00396,5,95174.52,0
2026-01-18 11:50:23,95174.52,0.00489,0.00489,6,95174.51,0
2026-01-18 11:50:24,95174.52,0.0083,0.0083,1,95174.52,0
2026-01-18 11:50:25,95174.52,0.0009,0.00023999999999999998,2,95174.52,0
2026-01-18 11:50:26,95174.52,0.00501,0.00501,5,95174.52,0
2026-01-18 11:50:27,95174.52,0.00055,0.00055,1,95174.52,0
2026-01-18 11:50:28,95174.51,0.00025,-0.00025,1,95174.52,1
2026-01-18 11:50:29,95174.52,0.00055,0.00055,1,95174.52,0
2026-01-18 11:50:30,95174.52,0.28669,-0.28169,4,95174.52,0
2026-01-18 11:50:31,95174.52,0.00865,0.00663,7,95174.51,0
2026-01-18 11:50:32,95174.52,0.0028699999999999997,0.0028699999999999997,4,95174.52,0
2026-01-18 11:50:33,95174.52,0.00075,0.00030999999999999995,2,95174.52,0
2026-01-18 11:50:34,95174.52,0.00146,0.00034,3,95174.52,0
2026-01-18 11:50:35,95174.52,0.00083,0.00041,3,95174.51,0
2026-01-18 11:50:36,95174.51,0.01106,-0.01106,1,95174.51,0
2026-01-18 11:50:37,95174.52,0.0014199999999999998,-0.00038,2,95174.52,0
2026-01-18 11:50:38,95174.52,0.0008,8.000000000000002e-05,4,95174.52,0
2026-01-18 11:50:39,95174.52,0.02498,-0.02394,3,95174.52,0
2026-01-18 11:50:40,95174.51,0.00075,-0.00028999999999999995,2,95174.51,0
2026-01-18 11:50:41,95174.51,0.00018,-0.00018,2,95174.52,1
2026-01-18 11:50:42,95174.52,0.00217,0.00217,4,95174.51,0
2026-01-18 11:50:43,95174.52,0.00184,0.00184,3,95174.52,0
2026-01-18 11:50:44,95174.52,0.00465,-0.00081,5,95174.51,0
2026-01-18 11:50:45,95174.51,0.00023,-0.00023,1,95174.51,0
2026-01-18 11:50:47,95174.51,0.0009,-0.0009,2,95174.52,1
2026-01-18 11:50:48,95174.52,0.00048,0.00048,1,95174.52,0
2026-01-18 11:50:49,95174.51,9e-05,-9e-05,1,95174.51,0
2026-01-18 11:50:50,95174.51,0.00201,-0.00109,4,95174.52,1
2026-01-18 11:50:53,95174.52,0.00105,0.00105,1,95174.52,0
2026-01-18 11:50:54,95174.51,0.00197,-0.0010899999999999998,4,95174.52,1
2026-01-18 11:50:55,95174.52,0.0003,0.0003,1,95174.52,0
2026-01-18 11:50:56,95174.51,0.00336,-0.00076,5,95174.51,0
2026-01-18 11:50:58,95174.52,0.0005,0.0005,2,95174.52,0
2026-01-18 11:50:59,95174.52,0.001,0.0005200000000000001,2,95174.51,0
2026-01-18 11:51:00,95174.52,0.012339999999999999,-0.00888,3,95174.51,0
2026-01-18 11:51:02,95174.52,0.00376,0.00376,2,95174.51,0
2026-01-18 11:51:03,95174.52,5e-05,5e-05,1,95174.51,0
2026-01-18 11:51:04,95174.51,0.00509,-0.0023300000000000005,3,95174.51,0
2026-01-18 11:51:07,95174.51,0.27790000000000004,-0.27686000000000005,3,95174.51,0
2026-01-18 11:51:08,95174.51,0.00032,-0.00032,1,95174.52,1
2026-01-18 11:51:09,95174.51,0.00020999999999999998,8.999999999999999e-05,2,95174.51,0
2026-01-18 11:51:11,95174.52,0.0001,0.0001,1,95174.51,0
2026-01-18 11:51:12,95174.51,0.00359,-0.00359,1,95174.52,1
2026-01-18 11:51:13,95174.52,0.00095,0.00095,2,95174.51,0
2026-01-18 11:51:14,95174.51,0.00126,-0.00126,1,95174.52,1
2026-01-18 11:51:17,95174.52,0.0025399999999999997,0.0025399999999999997,2,95174.52,0
2026-01-18 11:51:18,95174.51,0.00151,-0.00151,2,95174.51,0
2026-01-18 11:51:19,95174.52,0.0002,0.0,2,95174.52,0
2026-01-18 11:51:22,95174.52,0.0004,0.0004,1,95174.52,0
2026-01-18 11:51:23,95174.51,0.02438,-0.02438,1,95174.52,1
2026-01-18 11:51:24,95174.52,0.00057,0.00057,1,95174.51,0
2026-01-18 11:51:25,95174.51,0.00147,-0.00147,1,95174.51,0
2026-01-18 11:51:28,95174.52,0.0026899999999999997,0.00163,3,95174.51,0
2026-01-18 11:51:29,95174.51,0.00043,-0.00043,1,95174.52,1
2026-01-18 11:51:30,95174.51,0.00111,-0.00111,1,95174.52,1
2026-01-18 11:51:33,95174.51,0.00363,-0.00303,3,95174.52,1
2026-01-18 11:51:34,95174.52,0.01585,0.01497,4,95174.52,0
2026-01-18 11:51:35,95174.52,0.00083,0.00083,2,95174.52,0
2026-01-18 11:51:37,95174.52,0.29485,0.29485,1,95174.52,0
2026-01-18 11:51:38,95174.52,0.00806,-0.00608,5,95174.51,0
2026-01-18 11:51:39,95174.52,0.00045,0.00045,3,95174.52,0
2026-01-18 11:51:40,95174.52,8e-05,8e-05,1,95174.51,0
2026-01-18 11:51:43,95174.51,0.09997,-0.09611,6,95174.52,1
2026-01-18 11:51:44,95174.52,0.00044,0.00044,1,95174.52,0
2026-01-18 11:51:45,95174.51,0.00828,-0.00212,2,95174.52,1
2026-01-18 11:51:46,95174.51,0.0013800000000000002,-0.00062,4,95174.52,1
2026-01-18 11:51:48,95174.52,0.00056,0.00056,2,95174.52,0
2026-01-18 11:51:49,95174.52,0.00928,-0.00672,2,95174.51,0
2026-01-18 11:51:50,95174.52,0.00072,0.00011999999999999999,3,95174.52,0
2026-01-18 11:51:51,95174.52,0.00012,0.00012,1,95174.52,0
2026-01-18 11:51:52,95174.51,0.006229999999999999,0.0007700000000000003,2,95174.51,0
2026-01-18 11:51:53,95174.52,0.010910000000000001,0.01035,2,95174.52,0
2026-01-18 11:51:54,95174.51,0.00026000000000000003,-0.00026000000000000003,2,95174.51,0
2026-01-18 11:51:55,95174.52,0.01067,0.01067,1,95174.52,0
2026-01-18 11:51:56,95174.52,0.0005,0.0005,2,95174.52,0
2026-01-18 11:51:57,95174.51,0.00061,-0.00061,2,95174.51,0
2026-01-18 11:51:59,95174.51,0.00932,-0.00932,2,95174.52,1
2026-01-18 11:52:00,95174.52,0.00078,0.00078,3,95174.51,0
2026-01-18 11:52:01,95174.52,0.00039,0.00039,2,95174.52,0
2026-01-18 11:52:02,95174.51,0.0066099999999999996,-0.00319,2,95174.52,1
2026-01-18 11:52:05,95174.51,0.00035,-0.00035,3,95174.52,1
2026-01-18 11:52:06,95174.52,0.00053,0.00053,1,95174.51,0
2026-01-18 11:52:07,95174.52,0.01866,0.01476,4,95174.51,0
2026-01-18 11:52:08,95174.51,0.0004,-1.9999999999999998e-05,2,95174.51,0
2026-01-18 11:52:10,95174.52,0.0009400000000000001,0.0009400000000000001,2,95174.52,0
2026-01-18 11:52:11,95174.51,0.00775,0.00503,3,95174.52,1
2026-01-18 11:52:12,95174.51,0.009120000000000001,0.00858,5,95174.51,0
2026-01-18 11:52:14,95174.52,0.00044,0.00044,1,95174.51,0
2026-01-18 11:52:15,95174.52,7e-05,7e-05,1,95174.52,0
2026-01-18 11:52:17,95174.51,0.00316,-0.00278,3,95174.52,1
2026-01-18 11:52:19,95174.51,0.01126,0.01072,5,95174.52,1
2026-01-18 11:52:20,95174.52,0.00059,0.00023,4,95174.51,0
2026-01-18 11:52:22,95174.52,0.0045899999999999995,0.0045899999999999995,2,95174.51,0
2026-01-18 11:52:24,95174.52,0.00077,0.00077,1,95174.52,0
2026-01-18 11:52:26,95174.51,0.00157,-0.00157,1,95174.52,1
2026-01-18 11:52:27,95174.51,0.009640000000000001,-0.0095,2,95174.52,1
2026-01-18 11:52:28,95174.52,0.02661,0.02661,2,95174.52,0
2026-01-18 11:52:29,95174.52,0.008199999999999999,0.008199999999999999,4,95174.52,0
2026-01-18 11:52:31,95174.52,0.00126,0.00126,3,95174.52,0
2026-01-18 11:52:32,95174.52,0.00297,0.0028299999999999996,2,95174.52,0
2026-01-18 11:52:33,95174.52,0.00076,0.00076,3,95174.51,0
2026-01-18 11:52:34,95174.52,0.0019399999999999999,0.0019399999999999999,5,95174.51,0
2026-01-18 11:52:36,95174.52,0.00836,0.00816,5,95174.52,0
2026-01-18 11:52:37,95174.52,0.00788,0.0054199999999999995,4,95174.52,0
2026-01-18 11:52:38,95174.51,0.00878,-0.0074800000000000005,2,95174.52,1
2026-01-18 11:52:39,95174.51,0.0018700000000000001,-0.0018700000000000001,2,95174.52,1
2026-01-18 11:52:41,95174.52,0.00062,0.00062,1,95174.52,0
2026-01-18 11:52:42,95174.52,0.00631,-0.00307,5,95174.52,0
2026-01-18 11:52:43,95174.52,0.00033,0.00011,2,95174.52,0
2026-01-18 11:52:44,95174.52,0.00072,0.00072,1,95174.51,0
2026-01-18 11:52:45,95174.51,0.01222,0.010280000000000001,3,95174.52,1
2026-01-18 11:52:46,95174.52,0.00014,0.00014,1,95174.51,0
2026-01-18 11:52:47,95174.52,0.00021,0.00021,1,95174.52,0
2026-01-18 11:52:48,95174.52,0.00030000000000000003,0.00030000000000000003,2,95174.52,0
2026-01-18 11:52:49,95174.51,0.0014999999999999998,-0.00124,2,95174.52,1
2026-01-18 11:52:50,95174.52,0.00041,0.00041,1,95174.52,0
2026-01-18 11:52:51,95174.51,0.013909999999999999,-0.013909999999999999,3,95174.52,1
2026-01-18 11:52:52,95174.52,0.00151,-0.0007499999999999999,3,95174.52,0
2026-01-18 11:52:53,95174.52,0.00075,0.00033,2,95176.12,1
2026-01-18 11:52:54,95174.52,0.00779,-0.00455,3,95180.67,1
2026-01-18 11:52:55,95174.52,0.0005700000000000001,0.00039,3,95180.66,1
2026-01-18 11:52:56,95174.52,0.00093,0.00093,1,95180.66,1
2026-01-18 11:52:57,95174.52,0.00015,0.00015,1,95180.67,1
2026-01-18 11:52:58,95176.12,2.85289,2.85289,15,95180.67,1
2026-01-18 11:52:59,95180.67,0.08088,0.07028,29,95180.66,0
2026-01-18 11:53:00,95180.66,0.01574,0.01328,5,95180.66,0
2026-01-18 11:53:01,95180.66,0.02622,0.02564,5,95180.66,0
2026-01-18 11:53:03,95180.67,0.02543,0.02359,9,95180.67,0
2026-01-18 11:53:04,95180.66,0.09190000000000001,0.08081999999999999,11,95180.67,1
2026-01-18 11:53:05,95180.66,0.00043000000000000004,-0.00043000000000000004,4,95180.67,1
2026-01-18 11:53:06,95180.66,0.01212,0.01182,4,95180.66,0
2026-01-18 11:53:08,95180.67,0.01355,0.01355,3,95180.67,0
2026-01-18 11:53:09,95180.67,0.00736,0.00736,5,95180.66,0
2026-01-18 11:53:10,95180.67,0.00057,0.00057,2,95180.67,0
2026-01-18 11:53:11,95180.66,0.00369,-0.00369,1,95180.66,0
2026-01-18 11:53:12,95180.67,0.00966,0.00966,2,95180.67,0
2026-01-18 11:53:13,95180.67,0.00022,0.00022,1,95180.66,0
2026-01-18 11:53:14,95180.66,0.00243,0.0005100000000000001,6,95180.66,0
2026-01-18 11:53:15,95180.67,0.05837,0.05837,5,95180.67,0
2026-01-18 11:53:16,95180.66,0.0017,-0.0017,2,95180.67,1
2026-01-18 11:53:17,95180.67,0.08321,0.08321,6,95180.67,0
2026-01-18 11:53:18,95180.66,0.00229,0.00021000000000000012,4,95180.67,1
2026-01-18 11:53:19,95180.66,0.00118,8.000000000000005e-05,5,95180.66,0
2026-01-18 11:53:20,95180.67,0.00231,0.00231,2,95180.66,0
2026-01-18 11:53:21,95180.67,0.00134,0.00134,4,95180.67,0
2026-01-18 11:53:22,95180.67,0.0097,0.001,8,95180.67,0
2026-01-18 11:53:23,95180.67,0.00016,0.00016,1,95180.67,0
2026-01-18 11:53:24,95180.66,0.0005600000000000001,-0.0005600000000000001,3,95180.66,0
2026-01-18 11:53:25,95180.66,0.00015,-0.00015,1,95180.67,1
2026-01-18 11:53:26,95180.67,0.03365,0.02851,4,95180.67,0
2026-01-18 11:53:27,95180.67,0.00165,0.00165,2,95180.67,0
2026-01-18 11:53:28,95180.67,0.00065,0.00065,4,95180.67,0
2026-01-18 11:53:29,95180.66,0.006050000000000001,0.00547,6,95180.67,1
2026-01-18 11:53:30,95180.67,0.00039,0.00039,1,95180.67,0
2026-01-18 11:53:31,95180.67,0.01848,0.01848,2,95180.67,0
2026-01-18 11:53:32,95180.67,0.00677,0.00677,3,95180.67,0
2026-01-18 11:53:33,95180.67,0.00124,0.00124,2,95180.66,0
2026-01-18 11:53:34,95180.67,0.00522,0.00482,7,95180.67,0
2026-01-18 11:53:35,95180.67,0.00125,0.00125,3,95180.66,0
2026-01-18 11:53:36,95180.67,0.0021000000000000003,0.0021000000000000003,4,95180.67,0
2026-01-18 11:53:37,95180.67,0.00041,0.00041,2,95180.67,0
2026-01-18 11:53:38,95180.66,0.05682,-0.0379,3,95180.67,1
2026-01-18 11:53:39,95180.67,0.0007800000000000001,0.0007800000000000001,2,95180.67,0
2026-01-18 11:53:40,95180.66,0.00444,-0.00244,7,95180.67,1
2026-01-18 11:53:41,95180.67,0.01933,0.00861,4,95180.67,0
2026-01-18 11:53:43,95180.67,0.01631,0.01631,4,95180.67,0
2026-01-18 11:53:44,95180.67,0.002,0.002,1,95180.67,0
2026-01-18 11:53:45,95180.67,0.0024,0.0024,1,95180.66,0
2026-01-18 11:53:46,95180.67,0.00113,0.00113,2,95180.67,0
2026-01-18 11:53:48,95180.67,0.00909,0.00867,4,95180.67,0
2026-01-18 11:53:49,95180.67,0.0013700000000000001,0.00053,4,95180.67,0
2026-01-18 11:53:51,95180.67,0.00066,0.00066,3,95180.67,0
2026-01-18 11:53:52,95180.67,0.00772,0.00772,2,95180.66,0
2026-01-18 11:53:53,95180.67,0.00332,-0.0012200000000000002,5,95180.67,0
2026-01-18 11:53:54,95180.67,0.01146,0.01146,2,95180.66,0
2026-01-18 11:53:56,95180.67,0.0012,0.0012,1,95180.67,0
2026-01-18 11:53:57,95180.66,0.00112,0.00066,2,95180.67,1
2026-01-18 11:53:58,95180.67,0.00055,0.00055,1,95180.66,0
2026-01-18 11:53:59,95180.66,0.00012,-0.00012,1,95180.67,1
2026-01-18 11:54:00,95180.66,0.006960000000000001,0.0049,2,95180.67,1
2026-01-18 11:54:01,95180.67,0.0025,0.00166,6,95180.67,0
2026-01-18 11:54:02,95180.67,0.0062699999999999995,0.00357,6,95180.67,0
2026-01-18 11:54:03,95180.66,0.00664,0.0063999999999999994,3,95180.67,1
2026-01-18 11:54:04,95180.67,0.00096,0.00096,4,95180.66,0
2026-01-18 11:54:05,95180.67,0.02027,0.014390000000000002,6,95180.67,0
2026-01-18 11:54:06,95180.67,0.01379,-0.012289999999999999,6,95180.67,0
2026-01-18 11:54:07,95180.67,0.00141,0.00059,5,95180.67,0
2026-01-18 11:54:08,95180.67,0.00039,0.00039,1,95180.67,0
2026-01-18 11:54:09,95180.66,0.0048400000000000006,-0.00284,5,95180.67,1
2026-01-18 11:54:10,95180.67,0.00089,-0.00014999999999999996,3,95180.66,0
2026-01-18 11:54:11,95180.67,0.01272,0.01222,4,95180.66,0
2026-01-18 11:54:12,95180.67,0.00391,0.00391,4,95180.67,0
2026-01-18 11:54:13,95180.67,0.0021,0.0021,1,95180.66,0
2026-01-18 11:54:14,95180.67,0.0052,0.00394,5,95180.67,0
2026-01-18 11:54:15,95180.66,0.00074,-0.00074,2,95180.67,1
2026-01-18 11:54:16,95180.66,0.00124,0.00023999999999999998,3,95180.67,1
2026-01-18 11:54:17,95180.67,0.01827,-0.01391,5,95180.67,0
2026-01-18 11:54:18,95180.66,0.01266,-0.01244,3,95180.66,0
2026-01-18 11:54:19,95180.67,0.02396,0.02396,4,95180.67,0
2026-01-18 11:54:20,95180.67,0.00106,-0.00019999999999999998,3,95180.66,0
2026-01-18 11:54:21,95180.67,0.00317,0.00241,10,95180.67,0
2026-01-18 11:54:22,95180.67,0.0017100000000000001,0.0017100000000000001,3,95180.67,0
2026-01-18 11:54:23,95180.66,0.03785,-0.03161,6,95180.67,1
2026-01-18 11:54:24,95180.67,0.001,0.001,3,95180.67,0
2026-01-18 11:54:25,95180.66,0.00437,0.00021,5,95180.67,1
2026-01-18 11:54:26,95180.67,0.0017399999999999998,0.001,2,95180.66,0
2026-01-18 11:54:27,95180.67,0.0023,-0.0018999999999999996,3,95180.66,0
2026-01-18 11:54:28,95180.67,0.0008500000000000001,0.00039,4,95180.66,0
2026-01-18 11:54:29,95180.67,0.00379,0.00379,3,95180.67,0
2026-01-18 11:54:31,95180.66,0.0025,-0.00222,3,95180.67,1
2026-01-18 11:54:32,95180.66,0.00954,-1.9999999999999212e-05,3,95180.67,1
2026-01-18 11:54:33,95180.66,0.00162,-0.0012,4,95180.67,1
2026-01-18 11:54:34,95180.67,0.00059,0.00023,3,95180.66,0
2026-01-18 11:54:36,95180.67,0.007859999999999999,0.007859999999999999,2,95180.67,0
2026-01-18 11:54:37,95180.67,0.00404,0.0036199999999999995,3,95180.67,0
2026-01-18 11:54:38,95180.67,0.0002,0.0002,1,95180.67,0
2026-01-18 11:54:39,95180.66,0.12657,-0.06513,4,95180.67,1
2026-01-18 11:54:40,95180.67,0.00263,0.00263,2,95180.67,0
2026-01-18 11:54:41,95180.67,0.00029,0.00029,1,95180.66,0
2026-01-18 11:54:42,95180.67,0.03311,-0.03243,3,95180.66,0
2026-01-18 11:54:43,95180.67,0.00437,0.00249,8,95180.67,0
2026-01-18 11:54:44,95180.67,0.00253,0.00211,5,95180.67,0
2026-01-18 11:54:45,95180.67,0.00021,0.00021,1,95180.67,0
2026-01-18 11:54:46,95180.66,1.02599,1.02451,7,95180.67,1
2026-01-18 11:54:48,95180.67,0.00035,0.00035,2,95180.66,0
2026-01-18 11:54:49,95180.67,0.00057,0.00057,2,95180.67,0
2026-01-18 11:54:50,95180.67,0.0030700000000000002,-0.00227,2,95180.67,0
2026-01-18 11:54:51,95180.67,0.00105,0.00105,1,95180.67,0
2026-01-18 11:54:53,95180.66,0.007899999999999999,-0.007899999999999999,2,95180.66,0
2026-01-18 11:54:54,95180.67,0.00013,0.00013,1,95180.66,0
2026-01-18 11:54:55,95180.67,0.00031999999999999997,-0.00019999999999999998,2,95180.66,0
2026-01-18 11:54:56,95180.67,0.00041,0.00041,2,95180.67,0
2026-01-18 11:54:57,95180.67,0.31034999999999996,0.30387,8,95180.67,0
2026-01-18 11:54:59,95180.66,0.00183,-0.0007700000000000001,4,95180.67,1
2026-01-18 11:55:00,95180.66,0.014020000000000001,-0.014020000000000001,2,95180.66,0
2026-01-18 11:55:01,95180.67,0.00894,0.00894,3,95180.66,0
2026-01-18 11:55:04,95180.67,0.00929,0.00855,5,95180.66,0
2026-01-18 11:55:05,95180.66,0.00583,0.00547,7,95180.66,0
2026-01-18 11:55:06,95180.66,0.02907,-0.02907,3,95180.65,0
2026-01-18 11:55:08,95180.67,0.03494,0.03426,3,95180.66,0
2026-01-18 11:55:09,95180.66,0.00077,-0.00049,3,95180.66,0
2026-01-18 11:55:10,95180.66,0.26009,-0.24597,11,95180.66,0
2026-01-18 11:55:11,95180.65,0.03953,-0.03261,5,95180.65,0
2026-01-18 11:55:13,95180.66,0.01043,-0.009009999999999999,2,95180.66,0
2026-01-18 11:55:16,95180.65,0.0023,-0.0023,5,95180.65,0
2026-01-18 11:55:21,95180.65,0.006059999999999999,-0.00494,2,95180.66,1
2026-01-18 11:55:24,95180.66,0.01451,-0.00991,5,95180.65,0
2026-01-18 11:55:25,95180.65,0.0008399999999999999,-0.0008399999999999999,2,95180.65,0
2026-01-18 11:55:26,95180.66,0.00011,0.00011,1,95180.65,0
2026-01-18 11:55:28,95180.66,0.01439,-0.007529999999999999,3,95180.65,0
2026-01-18 11:55:29,95180.65,0.0018900000000000002,0.00131,2,95180.65,0
2026-01-18 11:55:30,95180.65,0.00263,-0.00263,1,95180.65,0
2026-01-18 11:55:33,95180.65,8e-05,-8e-05,1,95180.65,0
2026-01-18 11:55:34,95180.65,0.00174,-0.00174,2,95180.66,1
2026-01-18 11:55:38,95180.65,9e-05,-9e-05,1,95180.66,1
2026-01-18 11:55:39,95180.66,0.12442,0.09079999999999999,14,95180.66,0
2026-01-18 11:55:41,95180.65,0.00151,-0.00131,4,95180.65,0
2026-01-18 11:55:43,95180.66,0.00427,0.0037500000000000003,4,95180.65,0
2026-01-18 11:55:44,95180.66,0.00343,-0.00321,2,95180.65,0
2026-01-18 11:55:45,95180.66,0.00421,0.00421,1,95180.66,0
2026-01-18 11:55:46,95180.65,0.00015,-0.00015,1,95180.65,0
2026-01-18 11:55:47,95180.65,0.01225,-0.01225,2,95180.65,0
2026-01-18 11:55:49,95180.65,0.0033199999999999996,-0.0033199999999999996,2,95180.66,1
2026-01-18 11:55:50,95180.66,0.00155,0.00155,2,95180.66,0
2026-01-18 11:55:51,95180.65,0.014490000000000001,0.00659,5,95180.66,1
2026-01-18 11:55:52,95180.65,0.00221,-0.00221,1,95180.65,0
2026-01-18 11:55:54,95180.66,0.00075,0.00075,1,95180.66,0
2026-01-18 11:55:55,95180.66,0.00078,7.999999999999999e-05,2,95180.66,0
2026-01-18 11:55:56,95180.66,0.009089999999999999,-0.00831,4,95180.65,0
2026-01-18 11:55:57,95180.65,0.00057,-0.00057,1,95180.66,1
2026-01-18 11:55:58,95180.65,0.00341,-0.00341,3,95180.65,0
2026-01-18 11:55:59,95180.66,0.00049,0.00049,2,95180.65,0
2026-01-18 11:56:00,95180.66,0.0005200000000000001,0.0005200000000000001,2,95180.66,0
2026-01-18 11:56:01,95180.65,0.00266,-0.0018199999999999998,2,95180.66,1
2026-01-18 11:56:02,95180.66,0.02335,0.02287,4,95180.65,0
2026-01-18 11:56:03,95180.65,0.0002,-0.0002,1,95180.66,1
2026-01-18 11:56:04,95180.65,0.00192,-0.00116,6,95180.65,0
2026-01-18 11:56:06,95180.66,0.0009699999999999999,-6.999999999999997e-05,2,95180.66,0
2026-01-18 11:56:07,95180.65,0.00084,5.999999999999994e-05,3,95180.66,1
2026-01-18 11:56:08,95180.66,0.00284,0.00234,4,95180.65,0
2026-01-18 11:56:09,95180.65,0.00313,-0.00299,3,95180.65,0
2026-01-18 11:56:11,95180.66,0.00042,0.00042,1,95180.65,0
2026-01-18 11:56:12,95180.66,0.00054,0.00054,1,95180.66,0
2026-01-18 11:56:13,95180.65,0.011139999999999999,-0.00842,4,95180.66,1
2026-01-18 11:56:14,95180.65,0.00322,-0.00204,5,95180.66,1
2026-01-18 11:56:15,95180.65,0.00011,-0.00011,1,95180.65,0
2026-01-18 11:56:16,95180.65,0.00565,-0.0045899999999999995,3,95180.66,1
2026-01-18 11:56:17,95180.66,0.00958,0.0010199999999999999,5,95180.66,0
2026-01-18 11:56:18,95180.66,0.00054,0.00019999999999999998,3,95180.66,0
2026-01-18 11:56:19,95180.66,0.00018,0.00018,1,95180.65,0
2026-01-18 11:56:20,95180.65,0.0014,-0.0014,3,95180.66,1
2026-01-18 11:56:21,95180.66,0.00016,0.00016,2,95180.65,0
2026-01-18 11:56:22,95180.66,0.00013,0.00013,1,95180.66,0
2026-01-18 11:56:23,95180.66,0.00026000000000000003,0.00026000000000000003,2,95180.66,0
2026-01-18 11:56:24,95180.65,0.0063300000000000006,0.0034100000000000003,2,95180.66,1
2026-01-18 11:56:25,95180.66,0.0105,0.0105,1,95180.65,0
2026-01-18 11:56:27,95180.66,0.0005,-0.0002,2,95180.65,0
2026-01-18 11:56:28,95180.66,0.00016,0.00016,1,95180.66,0
2026-01-18 11:56:29,95180.66,0.05251,-0.05147,3,95180.65,0
2026-01-18 11:56:32,95180.65,0.038500000000000006,0.0315,3,95180.66,1
2026-01-18 11:56:33,95180.66,0.01597,0.01597,1,95180.65,0
2026-01-18 11:56:34,95180.65,0.004580000000000001,0.00268,7,95180.65,0
2026-01-18 11:56:36,95180.66,0.00546,0.00546,4,95180.66,0
2026-01-18 11:56:37,95180.66,0.00013,0.00013,1,95180.66,0
2026-01-18 11:56:38,95180.65,0.00141,0.00101,3,95180.66,1
2026-01-18 11:56:39,95180.65,0.03624,-0.03624,2,95180.65,0
2026-01-18 11:56:40,95180.65,0.00048,-0.00048,1,95180.65,0
2026-01-18 11:56:41,95180.66,0.00053,0.00053,1,95180.66,0
2026-01-18 11:56:43,95180.66,0.0109,0.0109,1,95180.65,0
2026-01-18 11:56:44,95180.65,0.02232,-0.02232,4,95180.66,1
2026-01-18 11:56:45,95180.65,0.00012,-0.00012,1,95180.65,0
2026-01-18 11:56:48,95180.65,0.00051,-0.00051,1,95180.66,1
2026-01-18 11:56:49,95180.66,0.027290000000000002,-0.0011899999999999988,6,95180.65,0
2026-01-18 11:56:50,95180.65,0.00525,-0.00525,1,95180.65,0
2026-01-18 11:56:53,95180.66,0.00046,0.00022,3,95180.66,0
2026-01-18 11:56:55,95180.65,0.00021,-0.00021,1,95180.65,0
2026-01-18 11:56:56,95180.66,0.00484,0.00484,2,95180.65,0
2026-01-18 11:56:58,95180.66,0.00178,0.00178,2,95180.66,0
2026-01-18 11:57:00,95180.65,0.00079,0.00017,3,95180.65,0
2026-01-18 11:57:01,95180.65,0.0224,-0.0214,7,95180.66,1
2026-01-18 11:57:02,95180.65,0.00041,-0.00041,2,95180.65,0
2026-01-18 11:57:03,95180.66,0.00014,0.00014,1,95180.65,0
2026-01-18 11:57:04,95180.66,0.00109,-0.0006900000000000001,4,95180.65,0
2026-01-18 11:57:05,95180.65,6e-05,-6e-05,1,95180.65,0
2026-01-18 11:57:06,95180.66,0.01277,0.01277,1,95180.65,0
2026-01-18 11:57:07,95180.65,0.00025,-0.00025,2,95180.65,0
2026-01-18 11:57:09,95180.65,0.006320000000000001,-0.00592,3,95180.65,0
2026-01-18 11:57:10,95180.65,0.00947,-0.00947,1,95180.66,1
2026-01-18 11:57:11,95180.65,0.0019,0.00017999999999999982,3,95180.66,1
2026-01-18 11:57:12,95180.65,0.0066,-0.0018599999999999999,3,95180.66,1
2026-01-18 11:57:14,95180.65,0.009479999999999999,0.00122,5,95180.65,0
2026-01-18 11:57:15,95180.66,0.00216,0.00216,3,95180.66,0
2026-01-18 11:57:16,95180.66,0.0026,0.0010600000000000002,2,95180.65,0
2026-01-18 11:57:19,95180.65,0.00083,-0.00083,2,95180.65,0
2026-01-18 11:57:21,95180.65,0.022799999999999997,-0.022799999999999997,2,95180.65,0
2026-01-18 11:57:23,95180.65,9e-05,-9e-05,1,95180.65,0
2026-01-18 11:57:24,95180.65,6e-05,-6e-05,1,95180.66,1
2026-01-18 11:57:26,95180.65,0.008740000000000001,-0.008740000000000001,3,95180.66,1
2026-01-18 11:57:27,95180.66,0.00333,0.00333,4,95180.66,0
2026-01-18 11:57:28,95180.65,0.00266,-0.00266,2,95175.0,0
2026-01-18 11:57:29,95180.66,0.00411,0.0030700000000000002,6,95175.0,0
2026-01-18 11:57:30,95180.65,0.00297,-0.00261,4,95175.0,0
2026-01-18 11:57:31,95180.66,0.00471,-0.00393,3,95171.29,0
2026-01-18 11:57:32,95180.66,0.00319,0.00319,1,95171.29,0
2026-01-18 11:57:33,95175.0,0.48826,-0.48826,43,95163.57,0
2026-01-18 11:57:34,95175.0,0.00398,-0.00042,3,95163.55,0
2026-01-18 11:57:35,95175.0,0.0058,-0.0005600000000000002,5,95160.66,0
2026-01-18 11:57:36,95171.29,0.46953,-0.46909,51,95158.85,0
2026-01-18 11:57:37,95171.29,0.03786,-0.03786,6,95157.97,0
2026-01-18 11:57:39,95163.55,0.009510000000000001,-0.00909,5,95157.97,0
2026-01-18 11:57:40,95160.66,0.02109,0.0013699999999999993,14,95157.98,0
2026-01-18 11:57:41,95158.85,0.04243,-0.026430000000000002,18,95157.97,0
2026-01-18 11:57:42,95157.97,0.05563,-0.05563,15,95157.98,1
2026-01-18 11:57:44,95157.97,0.00069,-0.00069,3,95157.98,1
2026-01-18 11:57:45,95157.98,0.0086,0.00628,4,95157.97,0
2026-01-18 11:57:46,95157.97,0.0001,-0.0001,1,95157.97,0
2026-01-18 11:57:47,95157.98,0.07221999999999999,-0.049319999999999996,2,95150.0,0
2026-01-18 11:57:49,95157.98,0.0732,-0.010760000000000002,4,95150.0,0
2026-01-18 11:57:50,95157.97,0.03544,-0.03544,7,95150.01,0
2026-01-18 11:57:51,95157.97,0.093,-0.093,4,95150.0,0
2026-01-18 11:57:52,95150.0,0.45737,-0.45737,63,95150.0,0
2026-01-18 11:57:54,95150.0,0.00282,-0.00282,3,95150.01,1
2026-01-18 11:57:55,95150.01,0.00226,0.00226,2,95150.0,0
2026-01-18 11:57:56,95150.0,0.12003,0.04447,8,95150.01,1
2026-01-18 11:57:57,95150.0,0.00133,-0.00133,1,95150.0,0
2026-01-18 11:57:58,95150.0,0.00099,-0.00099,1,95150.01,1
2026-01-18 11:57:59,95150.01,0.00315,-0.00287,3,95150.01,0
2026-01-18 11:58:00,95150.0,0.00851,-0.0069700000000000005,4,95150.0,0
2026-01-18 11:58:01,95150.01,0.03599,0.03599,3,95150.0,0
2026-01-18 11:58:02,95150.0,0.013049999999999999,-0.0019899999999999996,5,95150.0,0
2026-01-18 11:58:03,95150.01,0.0376,0.03406,3,95150.0,0
2026-01-18 11:58:04,95150.01,0.00023,0.00023,3,95150.01,0
2026-01-18 11:58:05,95150.0,6e-05,-6e-05,1,95150.01,1
2026-01-18 11:58:06,95150.0,0.00021,-0.00021,1,95150.0,0
2026-01-18 11:58:07,95150.0,0.00014,-0.00014,1,95150.01,1
2026-01-18 11:58:08,95150.0,0.00867,-0.00759,3,95150.0,0
2026-01-18 11:58:09,95150.01,0.00026,0.00026,1,95150.0,0
2026-01-18 11:58:11,95150.0,0.00047000000000000004,4.9999999999999996e-05,3,95150.01,1
2026-01-18 11:58:12,95150.01,0.00186,0.00014000000000000004,2,95150.01,0
2026-01-18 11:58:13,95150.0,0.00678,-0.00592,3,95150.01,1
2026-01-18 11:58:14,95150.0,0.00091,-0.00091,2,95150.01,1
2026-01-18 11:58:16,95150.01,0.0032500000000000003,0.0021100000000000003,3,95150.01,0
2026-01-18 11:58:17,95150.01,0.00104,0.00074,4,95150.01,0
2026-01-18 11:58:18,95150.01,0.00532,-0.0016599999999999998,6,95150.0,0
2026-01-18 11:58:19,95150.01,0.00055,0.00041000000000000005,5,95150.0,0
2026-01-18 11:58:21,95150.01,0.00154,-0.00046,3,95150.0,0
2026-01-18 11:58:22,95150.01,0.00025,0.00025,1,95150.01,0
2026-01-18 11:58:23,95150.0,0.00052,-0.00052,1,95150.01,1
2026-01-18 11:58:24,95150.0,0.0025,0.0017399999999999998,3,95150.0,0
2026-01-18 11:58:26,95150.0,0.00528,4.0000000000000105e-05,4,95150.01,1
2026-01-18 11:58:27,95150.01,0.0006399999999999999,0.0006399999999999999,2,95150.01,0
2026-01-18 11:58:28,95150.01,0.00066,0.00014000000000000004,4,95150.01,0
2026-01-18 11:58:29,95150.0,0.00354,-0.00354,1,95150.01,1
2026-01-18 11:58:31,95150.01,0.0011,-0.00092,2,95150.01,0
2026-01-18 11:58:32,95150.01,0.00221,0.00041,3,95150.0,0
2026-01-18 11:58:33,95150.01,0.00106,0.00106,1,95150.01,0
2026-01-18 11:58:34,95150.01,0.00031,0.00031,1,95150.0,0
2026-01-18 11:58:36,95150.01,0.0073100000000000005,0.00425,3,95150.0,0
2026-01-18 11:58:37,95150.0,0.02062,-0.02062,2,95150.01,1
2026-01-18 11:58:38,95150.01,0.00065,0.00065,1,95150.01,0
2026-01-18 11:58:39,95150.0,0.00115,-0.00115,2,95150.01,1
2026-01-18 11:58:41,95150.0,0.00025,-0.00025,2,95150.01,1
2026-01-18 11:58:42,95150.01,0.00215,-0.00010999999999999985,3,95150.01,0
2026-01-18 11:58:43,95150.01,0.00134,0.00134,1,95150.01,0
2026-01-18 11:58:46,95150.01,6e-05,6e-05,1,95150.01,0
2026-01-18 11:58:48,95150.01,0.00067,0.00067,3,95150.0,0
2026-01-18 11:58:50,95150.01,0.00118,0.00118,2,95150.0,0
2026-01-18 11:58:53,95150.0,0.00021999999999999998,-0.00021999999999999998,2,95150.0,0
2026-01-18 11:58:55,95150.0,0.01172,-0.01172,1,95150.01,1
2026-01-18 11:58:57,95150.0,0.0076100000000000004,-0.0076100000000000004,5,95150.01,1
2026-01-18 11:58:58,95150.0,9e-05,-9e-05,1,95150.01,1
2026-01-18 11:59:00,95150.01,0.00307,0.00307,4,95150.01,0
2026-01-18 11:59:02,95150.01,0.00402,0.00402,3,95150.01,0
2026-01-18 11:59:03,95150.01,0.14039000000000001,0.13679,14,95150.01,0
2026-01-18 11:59:04,95150.0,0.11850999999999999,0.09298999999999999,8,95150.01,1
2026-01-18 11:59:05,95150.01,0.04825,0.04793,5,95150.0,0
2026-01-18 11:59:06,95150.01,0.07053000000000001,0.06083000000000001,9,95150.0,0
2026-01-18 11:59:07,95150.01,0.01411,0.0031699999999999996,4,95150.01,0
2026-01-18 11:59:08,95150.01,0.06231,-0.058109999999999995,4,95150.01,0
2026-01-18 11:59:09,95150.01,0.012750000000000001,0.012750000000000001,2,95150.04,1
2026-01-18 11:59:10,95150.0,0.01601,-0.01601,3,95150.04,1
2026-01-18 11:59:11,95150.0,0.07318999999999999,0.057589999999999995,8,95157.98,1
2026-01-18 11:59:12,95150.01,0.02282,0.021879999999999997,3,95157.98,1
2026-01-18 11:59:13,95150.01,0.01759,0.01759,4,95157.98,1
2026-01-18 11:59:14,95150.04,0.46789,0.46789,10,95157.98,1
2026-01-18 11:59:15,95150.04,0.00022,0.00022,1,95157.98,1
2026-01-18 11:59:16,95157.98,0.23758,0.23758,51,95157.98,0
2026-01-18 11:59:17,95157.98,0.00454,-0.0010199999999999999,4,95157.97,0
2026-01-18 11:59:18,95157.98,0.006960000000000001,-0.0046,4,95157.98,0
2026-01-18 11:59:19,95157.98,0.10309,-0.10249000000000001,3,95157.98,0
2026-01-18 11:59:20,95157.98,0.00943,0.00943,1,95157.97,0
2026-01-18 11:59:21,95157.98,0.00014,0.00014,1,95157.98,0
2026-01-18 11:59:22,95157.97,0.00021,-0.00021,1,95157.97,0
2026-01-18 11:59:23,95157.98,0.00365,0.00365,1,95157.97,0
2026-01-18 11:59:26,95157.98,0.042210000000000004,0.042210000000000004,5,95157.97,0
2026-01-18 11:59:27,95157.97,0.00173,-0.00173,2,95157.97,0
2026-01-18 11:59:28,95157.97,0.01645,-0.01645,2,95157.98,1
2026-01-18 11:59:31,95157.97,0.00079,-0.00079,1,95157.98,1
2026-01-18 11:59:32,95157.97,0.00055,0.00013000000000000002,3,95157.98,1
2026-01-18 11:59:33,95157.98,0.006229999999999999,0.006229999999999999,2,95157.98,0
2026-01-18 11:59:34,95157.97,0.00957,-0.00957,2,95157.98,1
2026-01-18 11:59:35,95157.98,0.0083,-0.0007200000000000002,2,95157.98,0
2026-01-18 11:59:36,95157.98,0.00103,0.00103,1,95157.98,0
2026-01-18 11:59:37,95157.98,0.00074,0.00031999999999999997,2,95157.97,0
2026-01-18 11:59:38,95157.98,0.00043,0.00043,1,95157.97,0
2026-01-18 11:59:39,95157.98,0.05554,0.05554,9,95157.97,0
2026-01-18 11:59:40,95157.98,0.03982,0.03982,4,95157.98,0
2026-01-18 11:59:41,95157.98,0.00143,0.00143,2,95157.98,0
2026-01-18 11:59:42,95157.97,0.01089,0.00969,8,95157.98,1
2026-01-18 11:59:43,95157.97,0.1238,-0.1238,1,95157.97,0
2026-01-18 11:59:44,95157.97,0.03082,-0.022920000000000003,3,95157.98,1
2026-01-18 11:59:45,95157.98,0.10383,0.10383,5,95157.98,0
2026-01-18 11:59:46,95157.98,0.00183,-0.00169,3,95157.97,0
2026-01-18 11:59:47,95157.98,0.01083,0.01083,2,95157.97,0
2026-01-18 11:59:48,95157.97,0.00675,0.0019499999999999995,3,95157.98,1
2026-01-18 11:59:49,95157.98,0.00037,0.00037,2,95157.98,0
2026-01-18 11:59:50,95157.98,0.00031,-0.00020999999999999998,2,95168.06,1
2026-01-18 11:59:52,95157.97,0.2479,-0.010440000000000005,8,95168.05,1
2026-01-18 11:59:53,95157.98,0.01573,-0.01455,2,95168.06,1
2026-01-18 11:59:54,95157.98,0.002,0.002,1,95168.06,1
2026-01-18 11:59:55,95168.06,0.47584,0.47584,65,95168.06,0
2026-01-18 11:59:57,95168.05,0.00157,-0.00157,1,95168.06,1
2026-01-18 11:59:58,95168.06,0.20144,0.20144,13,95168.06,0
2026-01-18 11:59:59,95168.06,0.01805,0.01805,9,95168.06,0
2026-01-18 12:00:00,95168.06,0.03731,0.036050000000000006,6,95168.06,0
2026-01-18 12:00:01,95168.05,0.00689,-0.00099,9,95168.06,1
2026-01-18 12:00:02,95168.06,0.00312,0.00236,7,95168.06,0
2026-01-18 12:00:03,95168.06,0.12457,-0.12147,4,95168.05,0
2026-01-18 12:00:04,95168.06,0.15888000000000002,0.15816000000000002,15,95168.05,0
2026-01-18 12:00:05,95168.06,0.02847,-0.02805,4,95168.06,0
2026-01-18 12:00:06,95168.06,0.05467,0.05467,3,95168.06,0
2026-01-18 12:00:07,95168.06,0.0245,-0.018080000000000002,6,95168.05,0
2026-01-18 12:00:08,95168.05,0.48451,-0.48411,6,95168.06,1
2026-01-18 12:00:09,95168.05,0.00048,-0.00048,1,95168.06,1
2026-01-18 12:00:10,95168.06,0.039080000000000004,0.038919999999999996,4,95168.06,0
2026-01-18 12:00:11,95168.06,0.00066,0.0,3,95178.09,1
2026-01-18 12:00:12,95168.05,0.13044,-0.13044,1,95178.08,1
2026-01-18 12:00:13,95168.06,0.00024,0.00024,1,95178.09,1
2026-01-18 12:00:14,95168.06,0.00129,0.00081,2,95178.09,1
2026-01-18 12:00:15,95168.06,0.25495,0.23295,9,95178.09,1
2026-01-18 12:00:16,95178.09,0.33527,0.33093,47,95178.08,0
2026-01-18 12:00:17,95178.08,0.06276000000000001,0.062200000000000005,7,95178.09,1
2026-01-18 12:00:18,95178.09,0.12077,0.12043000000000001,11,95178.08,0
2026-01-18 12:00:19,95178.09,0.03481,0.03481,6,95178.09,0
2026-01-18 12:00:20,95178.09,0.00346,-2.710505431213761e-20,5,95178.09,0
2026-01-18 12:00:22,95178.09,0.03925,-0.016630000000000002,4,95178.09,0
2026-01-18 12:00:23,95178.08,0.00517,0.00473,3,95178.08,0
2026-01-18 12:00:24,95178.09,0.0022,0.0022,2,95178.09,0
2026-01-18 12:00:25,95178.09,0.00345,-0.00255,3,95178.09,0
2026-01-18 12:00:27,95178.09,0.0018399999999999998,0.0018399999999999998,4,95178.09,0
2026-01-18 12:00:28,95178.08,0.026539999999999998,0.025599999999999998,5,95178.09,1
2026-01-18 12:00:29,95178.09,0.05643,0.05625,10,95178.09,0
2026-01-18 12:00:30,95178.09,0.02499,0.02489,8,95178.08,0
2026-01-18 12:00:31,95178.09,0.0013499999999999999,0.0013499999999999999,4,95178.08,0
2026-01-18 12:00:32,95178.09,0.0059299999999999995,0.0049700000000000005,5,95178.08,0
2026-01-18 12:00:33,95178.09,0.00213,0.00213,3,95178.09,0
2026-01-18 12:00:34,95178.09,0.00021,0.00021,1,95178.09,0
2026-01-18 12:00:36,95178.08,0.00119,-0.00119,3,95178.09,1
2026-01-18 12:00:37,95178.08,0.00138,-0.00138,1,95178.09,1
2026-01-18 12:00:38,95178.09,0.0002,0.0002,1,95178.09,0
2026-01-18 12:00:39,95178.09,0.25740999999999997,-0.25723,2,95178.08,0
2026-01-18 12:00:41,95178.09,0.011569999999999999,-0.01111,2,95178.09,0
2026-01-18 12:00:42,95178.09,0.00151,-0.00133,3,95178.09,0
2026-01-18 12:00:43,95178.09,0.00064,0.00044,4,95178.08,0
2026-01-18 12:00:44,95178.08,0.04918,0.03234,12,95178.08,0
2026-01-18 12:00:45,95178.08,0.00184,-0.0010400000000000001,4,95178.08,0
2026-01-18 12:00:46,95178.09,0.004619999999999999,0.0002400000000000001,6,95178.09,0
2026-01-18 12:00:47,95178.09,0.00106,0.0002200000000000001,5,95178.09,0
2026-01-18 12:00:48,95178.08,0.032690000000000004,0.00965,3,95178.09,1
2026-01-18 12:00:49,95178.08,0.01754,-0.01754,6,95178.09,1
2026-01-18 12:00:50,95178.08,0.00136,0.00038,3,95178.08,0
2026-01-18 12:00:51,95178.09,0.014,0.014,7,95178.09,0
2026-01-18 12:00:52,95178.09,0.004560000000000001,0.004560000000000001,2,95178.09,0
2026-01-18 12:00:53,95178.09,0.00067,0.00067,3,95178.08,0
2026-01-18 12:00:54,95178.09,0.0010500000000000002,0.0010500000000000002,3,95178.09,0
2026-01-18 12:00:55,95178.08,0.04527,0.04259,4,95178.09,1
2026-01-18 12:00:56,95178.09,0.00487,0.00487,5,95178.09,0
2026-01-18 12:00:57,95178.09,0.0001,0.0001,1,95178.08,0
2026-01-18 12:00:58,95178.08,0.005,-0.005,1,95178.09,1
2026-01-18 12:00:59,95178.09,0.00753,-0.00549,3,95178.09,0
2026-01-18 12:01:00,95178.09,0.12173,-0.043829999999999994,5,95178.09,0
2026-01-18 12:01:01,95178.09,0.00013,0.00013,1,95178.08,0
2026-01-18 12:01:02,95178.08,0.00763,-0.00763,1,95178.08,0
2026-01-18 12:01:03,95178.09,9e-05,9e-05,1,95178.08,0
2026-01-18 12:01:04,95178.09,0.00074,1.9999999999999998e-05,6,95166.11,0
2026-01-18 12:01:05,95178.09,0.00623,0.0059299999999999995,7,95166.12,0
2026-01-18 12:01:06,95178.08,0.55694,-0.55694,5,95166.11,0
2026-01-18 12:01:07,95178.08,0.2527,-0.24746,16,95166.11,0
2026-01-18 12:01:08,95178.08,0.21692,-0.21692,13,95166.11,0
2026-01-18 12:01:09,95166.11,0.77164,-0.77122,50,95166.12,1
2026-01-18 12:01:10,95166.12,0.00385,0.0008900000000000002,3,95166.11,0
2026-01-18 12:01:11,95166.11,0.02389,-0.02365,3,95166.12,1
2026-01-18 12:01:13,95166.11,0.00186,-0.00186,2,95166.12,1
2026-01-18 12:01:14,95166.12,0.00106,0.00026,2,95166.12,0
2026-01-18 12:01:15,95166.11,0.0011,-0.0011,1,95166.11,0
2026-01-18 12:01:16,95166.12,0.00204,-0.0011,4,95166.12,0
2026-01-18 12:01:18,95166.12,0.058320000000000004,0.058320000000000004,4,95166.11,0
2026-01-18 12:01:19,95166.12,0.004399999999999999,0.004399999999999999,2,95166.11,0
2026-01-18 12:01:20,95166.11,0.0037800000000000004,-0.00074,4,95166.11,0
2026-01-18 12:01:21,95166.12,0.2319,-0.05742,11,95166.11,0
2026-01-18 12:01:22,95166.12,0.02094,-0.02056,3,95166.11,0
2026-01-18 12:01:23,95166.11,0.00018,-0.00018,1,95166.11,0
2026-01-18 12:01:24,95166.11,0.0085,-0.0085,2,95166.11,0
2026-01-18 12:01:25,95166.11,0.01195,0.01081,3,95166.1,0
2026-01-18 12:01:26,95166.11,0.14831,-0.14787,11,95164.31,0
2026-01-18 12:01:27,95166.11,0.00844,-0.0081,4,95162.37,0
2026-01-18 12:01:28,95166.11,0.00065,-0.00065,2,95162.37,0
2026-01-18 12:01:29,95166.11,0.98705,-0.98705,2,95162.16,0
2026-01-18 12:01:31,95164.31,0.02806,-0.02806,22,95162.17,0
2026-01-18 12:01:33,95162.37,0.00185,0.00185,2,95162.16,0
2026-01-18 12:01:34,95162.16,0.08454,-0.08454,10,95162.16,0
2026-01-18 12:01:36,95162.17,0.00087,0.00087,1,95162.16,0
2026-01-18 12:01:38,95162.16,0.01034,0.009640000000000001,2,95162.16,0
2026-01-18 12:01:39,95162.16,0.00112,-0.00112,2,95162.16,0
2026-01-18 12:01:40,95162.16,0.00261,-0.00261,2,95162.16,0
2026-01-18 12:01:41,95162.16,0.00017,3.000000000000001e-05,2,95162.16,0
2026-01-18 12:01:42,95162.17,0.00104,0.00104,2,95162.16,0
2026-01-18 12:01:43,95162.16,0.00733,-0.00719,3,95162.16,0
2026-01-18 12:01:44,95162.16,0.0005200000000000001,-0.0005200000000000001,2,95162.17,1
2026-01-18 12:01:45,95162.16,0.04668,-0.04668,2,95162.16,0
2026-01-18 12:01:46,95162.16,0.00018,1.9999999999999998e-05,2,95162.16,0
2026-01-18 12:01:47,95162.16,0.00334,0.0013600000000000003,4,95162.17,1
2026-01-18 12:01:49,95162.17,0.00315,0.00315,1,95162.17,0
2026-01-18 12:01:50,95162.16,0.1522,-0.1522,12,95162.17,1
2026-01-18 12:01:51,95162.16,0.00465,-0.00465,1,95162.17,1
2026-01-18 12:01:52,95162.17,0.0017200000000000002,0.00114,2,95162.17,0
2026-01-18 12:01:54,95162.17,0.00035,0.00035,1,95162.16,0
2026-01-18 12:01:55,95162.17,0.013510000000000001,-0.01327,2,95162.16,0
2026-01-18 12:01:56,95162.17,0.0002,0.0002,1,95162.16,0
2026-01-18 12:01:57,95162.17,0.0015300000000000001,0.0015300000000000001,3,95162.17,0
2026-01-18 12:01:58,95162.17,0.00314,0.00314,1,95162.16,0
2026-01-18 12:01:59,95162.16,0.0056099999999999995,0.0042699999999999995,5,95162.17,1
2026-01-18 12:02:00,95162.16,0.00096,9.999999999999999e-05,4,95162.17,1
2026-01-18 12:02:01,95162.16,0.0034100000000000003,-0.00203,5,95162.16,0
2026-01-18 12:02:03,95162.16,0.00633,-0.00633,3,95162.17,1
2026-01-18 12:02:04,95162.17,0.00147,-0.00135,2,95162.17,0
2026-01-18 12:02:05,95162.17,0.00131,-9.000000000000013e-05,3,95162.17,0
2026-01-18 12:02:06,95162.16,0.00093,-0.00093,3,95162.16,0
2026-01-18 12:02:09,95162.17,0.0649,0.0649,2,95162.17,0
2026-01-18 12:02:11,95162.16,0.00017,-0.00017,1,95162.17,1
2026-01-18 12:02:14,95162.17,0.009770000000000001,0.00491,6,95162.17,0
2026-01-18 12:02:16,95162.17,0.05106,0.05106,1,95162.17,0
2026-01-18 12:02:17,95162.16,0.0069,-0.00634,3,95162.17,1
2026-01-18 12:02:18,95162.17,0.0003,0.0003,1,95162.16,0
2026-01-18 12:02:20,95162.17,0.00025,0.00025,1,95162.17,0
2026-01-18 12:02:21,95162.17,0.00451,-0.0037300000000000002,4,95162.17,0
2026-01-18 12:02:22,95162.17,0.01984,-0.01626,16,95162.17,0
2026-01-18 12:02:25,95162.17,0.00242,0.00035999999999999997,6,95162.17,0
2026-01-18 12:02:26,95162.17,0.00089,0.00016999999999999996,2,95162.16,0
2026-01-18 12:02:27,95162.17,0.00301,0.00301,1,95162.17,0
2026-01-18 12:02:29,95162.16,0.0004,0.00021999999999999998,3,95162.16,0
2026-01-18 12:02:30,95162.17,0.0037199999999999998,0.0015,3,95162.17,0
2026-01-18 12:02:31,95162.16,0.00071,-0.00025,3,95162.17,1
2026-01-18 12:02:32,95162.17,0.01174,0.009260000000000001,4,95162.16,0
2026-01-18 12:02:33,95162.17,0.00383,-0.00038999999999999994,8,95162.16,0
2026-01-18 12:02:34,95162.16,0.00304,-0.00132,2,95162.16,0
2026-01-18 12:02:36,95162.17,0.0017000000000000001,0.0008600000000000001,5,95162.16,0
2026-01-18 12:02:37,95162.16,0.00062,-0.00014,3,95162.16,0
2026-01-18 12:02:39,95162.16,0.031,-0.031,1,95162.17,1
2026-01-18 12:02:42,95162.16,0.00029,-0.00029,1,95162.17,1
2026-01-18 12:02:44,95162.17,0.00207,0.00109,3,95162.17,0
2026-01-18 12:02:45,95162.16,0.00068,-0.00068,2,95162.16,0
2026-01-18 12:02:47,95162.17,0.00012,0.00012,1,95162.16,0
2026-01-18 12:02:49,95162.17,0.010839999999999999,0.010839999999999999,2,95162.17,0
2026-01-18 12:02:50,95162.16,0.032330000000000005,-0.03211,9,95162.17,1
2026-01-18 12:02:51,95162.17,0.00902,0.00902,2,95162.17,0
2026-01-18 12:02:52,95162.16,0.00298,-0.00264,5,95162.16,0
2026-01-18 12:02:53,95162.17,0.00041,0.00041,3,95162.16,0
2026-01-18 12:02:54,95162.17,0.01577,0.01577,1,95162.17,0
2026-01-18 12:02:55,95162.17,0.007840000000000001,0.00764,3,95162.16,0
2026-01-18 12:02:56,95162.17,0.00384,-0.0026,4,95162.16,0
2026-01-18 12:02:57,95162.16,0.014759999999999999,0.00992,5,95162.17,1
2026-01-18 12:02:58,95162.16,0.0012900000000000001,-8.999999999999997e-05,6,95162.17,1
2026-01-18 12:02:59,95162.17,0.00538,0.00538,2,95162.16,0
2026-01-18 12:03:00,95162.16,0.0030600000000000002,-0.0030600000000000002,2,95162.16,0
2026-01-18 12:03:01,95162.16,0.0010400000000000001,-0.00011999999999999999,4,95162.17,1
2026-01-18 12:03:02,95162.17,0.00023,0.00023,1,95162.17,0
2026-01-18 12:03:03,95162.17,0.0038199999999999996,0.00236,4,95162.16,0
2026-01-18 12:03:04,95162.16,0.03165,-0.03067,5,95162.17,1
2026-01-18 12:03:05,95162.16,0.00063,-0.00063,3,95162.16,0
2026-01-18 12:03:06,95162.17,0.0009400000000000001,-0.00066,3,95162.16,0
2026-01-18 12:03:07,95162.17,0.051680000000000004,-0.050159999999999996,5,95162.16,0
2026-01-18 12:03:08,95162.16,0.00234,-0.0007000000000000001,3,95162.16,0
2026-01-18 12:03:09,95162.17,0.00055,0.00037,4,95162.16,0
2026-01-18 12:03:10,95162.16,0.01927,0.00659,4,95162.16,0
2026-01-18 12:03:11,95162.16,0.0016200000000000001,0.00142,3,95162.16,0
2026-01-18 12:03:12,95162.16,9e-05,-9e-05,1,95162.17,1
2026-01-18 12:03:13,95162.16,0.0082,-0.0082,4,95162.16,0
2026-01-18 12:03:14,95162.16,8e-05,-8e-05,1,95162.16,0
2026-01-18 12:03:15,95162.16,0.1385,0.13606000000000001,3,95162.17,1
2026-01-18 12:03:16,95162.16,0.02271,-0.02271,4,95162.16,0
2026-01-18 12:03:17,95162.17,0.0001,0.0001,1,95162.16,0
2026-01-18 12:03:18,95162.16,0.05135,-0.05135,2,95162.16,0
2026-01-18 12:03:20,95162.17,0.0029,0.0029,3,95162.17,0
2026-01-18 12:03:21,95162.16,0.00042,-0.00042,1,95162.17,1
2026-01-18 12:03:22,95162.16,0.006710000000000001,-0.00639,4,95162.16,0
2026-01-18 12:03:23,95162.16,0.00493,-0.00455,4,95162.17,1
2026-01-18 12:03:25,95162.17,0.0022800000000000003,0.0022800000000000003,2,95162.16,0
2026-01-18 12:03:26,95162.17,0.00139,0.00033000000000000005,3,95162.17,0
2026-01-18 12:03:28,95162.17,0.00095,0.00095,1,95162.16,0
2026-01-18 12:03:29,95162.16,0.0005,0.00034,2,95162.17,1
2026-01-18 12:03:30,95162.16,0.00666,-0.0057599999999999995,3,95162.17,1
2026-01-18 12:03:31,95162.17,0.0016099999999999999,0.0016099999999999999,2,95162.17,0
2026-01-18 12:03:33,95162.16,0.0085,-0.00776,4,95162.16,0
2026-01-18 12:03:34,95162.17,0.0041800000000000006,0.0039000000000000003,2,95162.17,0
2026-01-18 12:03:35,95162.17,0.0016,-0.00126,4,95162.17,0
2026-01-18 12:03:36,95162.17,0.00042,0.00042,2,95162.17,0
2026-01-18 12:03:37,95162.16,0.99126,-0.99092,4,95162.16,0
2026-01-18 12:03:38,95162.16,0.00028,-0.00028,1,95162.16,0
2026-01-18 12:03:39,95162.17,8e-05,8e-05,1,95162.17,0
2026-01-18 12:03:40,95162.17,0.00885,0.00867,2,95162.16,0
2026-01-18 12:03:41,95162.17,0.00101,0.00101,4,95162.16,0
2026-01-18 12:03:42,95162.16,0.0029400000000000003,0.0028,2,95162.16,0
2026-01-18 12:03:43,95162.16,0.00052,-0.00052,1,95162.16,0
2026-01-18 12:03:44,95162.17,0.00872,0.007800000000000001,4,95162.16,0
2026-01-18 12:03:45,95162.16,0.03034,-0.03034,2,95162.16,0
2026-01-18 12:03:46,95162.16,0.01097,-0.01097,2,95162.17,1
2026-01-18 12:03:47,95162.16,0.01332,0.009819999999999999,3,95162.17,1
2026-01-18 12:03:48,95162.16,0.00017,-0.00017,2,95162.16,0
2026-01-18 12:03:49,95162.16,0.00169,0.00093,4,95162.17,1
2026-01-18 12:03:50,95162.16,0.0017500000000000003,0.00061,3,95162.17,1
2026-01-18 12:03:51,95162.17,0.00526,0.00526,1,95162.17,0
2026-01-18 12:03:52,95162.17,0.01218,0.01218,2,95162.16,0
2026-01-18 12:03:53,95162.16,0.00232,-0.0009599999999999999,3,95162.16,0
2026-01-18 12:03:54,95162.17,0.00143,0.00143,1,95162.16,0
2026-01-18 12:03:56,95162.17,0.0032300000000000002,-0.00307,2,95162.17,0
2026-01-18 12:03:57,95162.16,0.0006,-0.0006,1,95162.17,1
2026-01-18 12:03:58,95162.16,0.06404,0.061779999999999995,6,95162.16,0
2026-01-18 12:03:59,95162.16,0.00065,-0.00015000000000000001,2,95162.16,0
2026-01-18 12:04:01,95162.17,0.00027,0.00027,1,95162.16,0
2026-01-18 12:04:02,95162.17,7e-05,7e-05,1,95162.17,0
2026-01-18 12:04:04,95162.16,0.02538,0.024880000000000003,6,95162.16,0
2026-01-18 12:04:05,95162.16,0.0078,0.00726,4,95162.16,0
2026-01-18 12:04:06,95162.16,0.00284,-0.0024000000000000002,3,95162.17,1
2026-01-18 12:04:07,95162.17,0.00502,0.00502,7,95162.17,0
2026-01-18 12:04:10,95162.16,0.00453,-0.00347,2,95162.17,1
2026-01-18 12:04:11,95162.17,0.00025,0.00025,2,95162.16,0
2026-01-18 12:04:13,95162.16,0.00198,-0.0008399999999999998,4,95162.16,0
2026-01-18 12:04:15,95162.17,0.12017,-0.11133,9,95162.16,0
2026-01-18 12:04:16,95162.16,0.00013,-0.00013,1,95162.17,1
2026-01-18 12:04:18,95162.16,0.00445,-0.00111,6,95162.17,1
2026-01-18 12:04:19,95162.17,0.00529,-0.00507,3,95162.16,0
2026-01-18 12:04:20,95162.16,0.00249,-0.00157,6,95162.16,0
2026-01-18 12:04:21,95162.17,0.0016099999999999999,0.0016099999999999999,5,95162.16,0
2026-01-18 12:04:23,95162.17,0.0008500000000000001,0.00031,2,95162.16,0
2026-01-18 12:04:24,95162.16,0.12673,-0.12253,6,95162.16,0
2026-01-18 12:04:25,95162.16,0.0001,-0.0001,1,95162.17,1
2026-01-18 12:04:26,95162.16,0.00485,-0.00301,4,95162.17,1
2026-01-18 12:04:28,95162.16,7e-05,-7e-05,1,95162.17,1
2026-01-18 12:04:29,95162.16,0.00355,-0.00355,1,95162.17,1
2026-01-18 12:04:30,95162.17,0.012709999999999999,0.01261,2,95162.16,0
2026-01-18 12:04:32,95162.17,0.05316,-0.05284,2,95162.16,0
2026-01-18 12:04:34,95162.17,0.01342,0.011899999999999999,2,95162.16,0
2026-01-18 12:04:37,95162.16,9e-05,-9e-05,1,95162.15,0
2026-01-18 12:04:39,95162.16,0.89007,-0.89007,1,95162.16,0
2026-01-18 12:04:41,95162.16,0.00014000000000000001,0.00014000000000000001,2,95162.15,0
2026-01-18 12:04:42,95162.15,0.0025399999999999997,0.0016799999999999999,3,95162.16,1
2026-01-18 12:04:43,95162.15,0.00586,-0.00304,3,95162.15,0
2026-01-18 12:04:44,95162.16,0.00196,0.00196,1,95162.15,0
2026-01-18 12:04:45,95162.16,0.00228,0.00228,4,95162.16,0
2026-01-18 12:04:46,95162.15,0.01155,-0.01085,3,95162.16,1
2026-01-18 12:04:47,95162.16,0.00515,-0.00209,3,95162.15,0
2026-01-18 12:04:48,95162.15,0.00204,-0.00204,1,95162.16,1
2026-01-18 12:04:49,95162.15,0.0086,-0.0086,2,95162.15,0
2026-01-18 12:04:50,95162.16,0.00026000000000000003,0.00016,2,95162.16,0
2026-01-18 12:04:51,95162.16,0.01473,0.01473,1,95162.16,0
2026-01-18 12:04:52,95162.15,0.00055,-0.00055,2,95162.15,0
2026-01-18 12:04:53,95162.16,0.11621,-0.06379,3,95162.15,0
2026-01-18 12:04:54,95162.15,0.0138,-0.0138,1,95162.15,0
2026-01-18 12:04:55,95162.16,0.00497,0.00497,1,95162.15,0
2026-01-18 12:04:56,95162.16,5e-05,5e-05,1,95162.15,0
2026-01-18 12:04:57,95162.15,6e-05,-6e-05,1,95162.15,0
2026-01-18 12:04:58,95162.15,0.009810000000000001,-0.00967,2,95162.15,0
2026-01-18 12:04:59,95162.15,0.0012600000000000003,-0.0012600000000000003,3,95162.15,0
2026-01-18 12:05:00,95162.15,0.00154,-0.00092,3,95162.15,0
2026-01-18 12:05:01,95162.15,0.00312,0.00038000000000000013,4,95162.16,1
2026-01-18 12:05:02,95162.15,0.02617,-0.02617,1,95162.15,0
2026-01-18 12:05:03,95162.15,0.013579999999999998,-0.013579999999999998,4,95157.97,0
2026-01-18 12:05:04,95162.15,0.0009,-0.00078,4,95157.97,0
2026-01-18 12:05:05,95162.15,0.00017,5e-05,2,95157.98,0
2026-01-18 12:05:06,95162.16,0.00081,0.00081,2,95157.97,0
2026-01-18 12:05:08,95157.97,0.30296,-0.2945,35,95157.98,1
2026-01-18 12:05:10,95157.98,0.004350000000000001,0.004350000000000001,3,95157.97,0
2026-01-18 12:05:11,95157.97,0.01111,-0.01111,1,95157.97,0
2026-01-18 12:05:13,95157.98,0.0005200000000000001,9.999999999999999e-05,2,95156.18,0
2026-01-18 12:05:15,95157.97,0.013189999999999999,-0.01281,2,95150.96,0
2026-01-18 12:05:16,95157.97,0.009170000000000001,-0.009170000000000001,3,95150.96,0
2026-01-18 12:05:17,95157.96,0.15353,-0.15311000000000002,5,95150.96,0
2026-01-18 12:05:18,95156.18,0.02276,-0.02276,21,95150.96,0
2026-01-18 12:05:19,95156.19,0.00476,0.0003600000000000001,2,95150.96,0
2026-01-18 12:05:20,95150.96,0.07246999999999999,-0.052649999999999995,21,95150.97,1
2026-01-18 12:05:21,95150.96,0.0001,-0.0001,1,95150.97,1
2026-01-18 12:05:22,95150.96,0.01766,0.0006000000000000005,4,95150.96,0
2026-01-18 12:05:23,95150.96,0.05184,0.02148,6,95150.96,0
2026-01-18 12:05:24,95150.96,0.01072,-0.01072,3,95150.97,1
2026-01-18 12:05:25,95150.97,0.03008,0.03008,1,95150.96,0
2026-01-18 12:05:26,95150.97,0.00049,-9.999999999999986e-06,3,95150.97,0
2026-01-18 12:05:28,95150.96,0.00036,-0.00036,1,95150.96,0
2026-01-18 12:05:29,95150.97,0.00019,0.00019,1,95150.96,0
2026-01-18 12:05:30,95150.96,0.12919000000000003,-0.12919000000000003,5,95150.96,0
2026-01-18 12:05:31,95150.97,0.00216,0.00216,1,95150.97,0
2026-01-18 12:05:33,95150.96,0.00033,-0.00033,1,95150.97,1
2026-01-18 12:05:35,95150.96,0.00039,-0.00039,1,95150.97,1
2026-01-18 12:05:36,95150.97,0.00083,0.00083,2,95150.97,0
2026-01-18 12:05:38,95150.97,0.011609999999999999,0.00509,2,95150.96,0
2026-01-18 12:05:40,95150.97,0.00043,0.00043,1,95150.97,0
2026-01-18 12:05:41,95150.97,0.00021,0.00021,1,95150.97,0
2026-01-18 12:05:43,95150.96,0.03174,0.03134,2,95150.97,1
2026-01-18 12:05:44,95150.97,0.00206,0.0016,2,95150.96,0
2026-01-18 12:05:46,95150.97,1.05429,1.04903,6,95150.97,0
2026-01-18 12:05:47,95150.96,0.00296,-0.00296,4,95150.97,1
2026-01-18 12:05:48,95150.97,0.00039000000000000005,0.00039000000000000005,2,95150.97,0
2026-01-18 12:05:49,95150.96,0.00733,-0.00733,2,95150.97,1
2026-01-18 12:05:51,95150.97,0.00398,0.0015199999999999999,2,95150.97,0
2026-01-18 12:05:52,95150.97,0.0038599999999999997,-0.00368,2,95150.97,0
2026-01-18 12:05:53,95150.97,0.00098,-0.00036,2,95150.96,0
2026-01-18 12:05:54,95150.97,0.01585,0.01345,3,95150.96,0
2026-01-18 12:05:55,95150.97,0.00279,-0.0020499999999999997,3,95150.96,0
2026-01-18 12:05:56,95150.97,0.00025,0.00025,1,95150.97,0
2026-01-18 12:05:57,95150.97,0.00753,0.00753,2,95150.96,0
2026-01-18 12:05:58,95150.96,0.0002,-0.0002,1,95150.97,1
2026-01-18 12:05:59,95150.96,0.00106,-0.00106,1,95150.96,0
2026-01-18 12:06:00,95150.96,0.1756,0.11298,5,95150.96,0
2026-01-18 12:06:01,95150.97,0.00012,0.00012,1,95150.97,0
2026-01-18 12:06:02,95150.96,0.00087,-0.00087,1,95150.96,0
2026-01-18 12:06:03,95150.97,0.00057,-0.00037,2,95150.97,0
2026-01-18 12:06:04,95150.96,0.00091,0.00024999999999999995,3,95150.97,1
2026-01-18 12:06:05,95150.96,6e-05,-6e-05,1,95150.96,0
2026-01-18 12:06:07,95150.96,0.00041,-0.00041,1,95150.96,0
2026-01-18 12:06:08,95150.97,8e-05,8e-05,1,95150.96,0
2026-01-18 12:06:09,95150.97,0.00542,-0.00206,4,95150.96,0
2026-01-18 12:06:10,95150.96,0.00835,-0.00835,1,95150.96,0
2026-01-18 12:06:12,95150.96,0.025599999999999998,-0.025599999999999998,4,95150.97,1
2026-01-18 12:06:13,95150.96,0.03232,-0.0301,4,95150.97,1
2026-01-18 12:06:14,95150.96,0.0018900000000000002,-0.0018900000000000002,2,95150.97,1
2026-01-18 12:06:15,95150.96,0.031,-0.031,1,95150.95,0
2026-01-18 12:06:17,95150.97,0.00864,0.0035599999999999994,5,95150.28,0
2026-01-18 12:06:18,95150.97,0.01345,-0.01047,5,95150.28,0
2026-01-18 12:06:19,95150.97,0.00548,0.00548,8,95150.27,0
2026-01-18 12:06:20,95150.95,0.14067,-0.14047,11,95150.0,0
2026-01-18 12:06:21,95150.35,0.029179999999999998,-0.02882,11,95150.0,0
2026-01-18 12:06:22,95150.28,0.04879,-0.022510000000000002,16,95150.01,0
2026-01-18 12:06:23,95150.28,0.10437,-0.10363,13,95150.01,0
2026-01-18 12:06:24,95150.27,0.01348,-0.01052,6,95147.23,0
2026-01-18 12:06:26,95150.0,0.01482,-0.01482,3,95141.01,0
2026-01-18 12:06:27,95150.01,0.04409,-0.04391,3,95141.02,0
2026-01-18 12:06:29,95147.23,0.1478,-0.1382,26,95141.01,0
2026-01-18 12:06:31,95141.01,0.319,-0.31852,59,95141.01,0
2026-01-18 12:06:35,95141.02,0.00055,0.00055,2,95139.19,0
2026-01-18 12:06:36,95141.01,0.00031999999999999997,-4.0000000000000024e-05,2,95137.28,0
2026-01-18 12:06:38,95141.02,0.03304,-0.013219999999999999,4,95137.19,0
2026-01-18 12:06:41,95137.28,0.05353,-0.03499,30,95136.79,0
2026-01-18 12:06:42,95137.27,0.01142,0.0046,3,95134.59,0
2026-01-18 12:06:43,95137.19,0.00125,0.00029,3,95134.6,0
2026-01-18 12:06:44,95136.78,0.0208,-0.0208,11,95134.59,0
2026-01-18 12:06:46,95136.79,0.00217,0.00217,1,95134.59,0
2026-01-18 12:06:47,95134.59,0.10482,-0.08378,21,95134.58,0
2026-01-18 12:06:48,95134.6,0.03787,0.01961,6,95134.58,0
2026-01-18 12:06:49,95134.59,0.027530000000000002,-0.027530000000000002,2,95134.56,0
2026-01-18 12:06:50,95134.59,0.06587,-0.06587,3,95134.56,0
2026-01-18 12:06:51,95134.59,0.00331,0.00289,3,95134.16,0
2026-01-18 12:06:52,95134.58,0.00482,-0.00482,3,95134.16,0
2026-01-18 12:06:53,95134.58,0.003,-0.003,1,95134.17,0
2026-01-18 12:06:54,95134.56,0.01525,-0.01525,7,95134.17,0
2026-01-18 12:06:55,95134.56,0.00021,-0.00021,1,95130.0,0
2026-01-18 12:06:57,95134.16,0.0034000000000000002,0.00268,2,95130.0,0
2026-01-18 12:06:58,95134.17,0.00098,0.00098,2,95130.01,0
2026-01-18 12:06:59,95134.17,0.00037,0.00017,2,95130.0,0
2026-01-18 12:07:00,95130.0,0.89805,-0.89279,116,95130.0,0
2026-01-18 12:07:02,95130.0,0.12772999999999998,-0.12750999999999998,9,95130.0,0
2026-01-18 12:07:03,95130.01,0.00938,-0.0087,5,95130.01,0
2026-01-18 12:07:04,95130.0,0.09124,-0.091,6,95130.01,1
2026-01-18 12:07:05,95130.0,0.00713,-0.00713,5,95130.0,0
2026-01-18 12:07:06,95130.0,0.1304,-0.1304,6,95130.0,0
2026-01-18 12:07:07,95130.0,0.00211,-0.00211,3,95130.0,0
2026-01-18 12:07:08,95130.01,0.0007999999999999999,-5.9999999999999995e-05,2,95130.0,0
2026-01-18 12:07:09,95130.01,0.00268,-0.00238,2,95130.0,0
2026-01-18 12:07:11,95130.0,0.00642,-0.00642,3,95130.01,1
2026-01-18 12:07:12,95130.0,0.00026,-0.00026,1,95130.0,0
2026-01-18 12:07:13,95130.0,0.00281,-0.0027099999999999997,4,95130.0,0
2026-01-18 12:07:16,95130.01,0.0006000000000000001,0.0006000000000000001,2,95130.01,0
2026-01-18 12:07:17,95130.0,0.02794,-0.02794,1,95130.0,0
2026-01-18 12:07:18,95130.0,0.00020999999999999998,-0.00020999999999999998,2,95130.0,0
2026-01-18 12:07:20,95130.0,0.0008699999999999999,-0.00016999999999999996,2,95130.0,0
2026-01-18 12:07:21,95130.01,0.00019,9.999999999999999e-06,2,95130.0,0
2026-01-18 12:07:22,95130.0,0.01552,-0.01552,5,95130.01,1
2026-01-18 12:07:23,95130.0,0.00028,-0.00016,3,95130.0,0
2026-01-18 12:07:24,95130.0,0.00062,-0.00062,2,95130.0,0
2026-01-18 12:07:25,95130.0,0.00232,-0.00232,3,95130.01,1
2026-01-18 12:07:26,95130.0,0.00357,-0.00357,2,95130.01,1
2026-01-18 12:07:27,95130.01,0.005430000000000001,0.00511,2,95130.0,0
2026-01-18 12:07:28,95130.0,0.00111,0.00049,2,95130.0,0
2026-01-18 12:07:29,95130.0,0.0026100000000000003,-1.0000000000000026e-05,4,95130.0,0
2026-01-18 12:07:30,95130.01,0.00064,0.00064,1,95130.0,0
2026-01-18 12:07:31,95130.01,0.00388,0.00388,1,95130.0,0
2026-01-18 12:07:33,95130.0,0.00082,-0.00082,1,95130.0,0
2026-01-18 12:07:34,95130.0,0.01193,-0.01193,2,95130.01,1
2026-01-18 12:07:35,95130.0,0.0005,-0.0005,1,95130.01,1
2026-01-18 12:07:36,95130.0,0.00339,-0.00339,2,95130.01,1
2026-01-18 12:07:38,95130.0,0.00035,-5.000000000000002e-05,2,95130.0,0
2026-01-18 12:07:39,95130.01,0.00052,0.00052,1,95130.01,0
2026-01-18 12:07:41,95130.01,0.00011,0.00011,1,95130.01,0
2026-01-18 12:07:42,95130.0,0.03741,-0.03741,4,95130.01,1
2026-01-18 12:07:43,95130.0,0.01051,-0.01051,1,95130.0,0
2026-01-18 12:07:44,95130.01,0.00307,-0.0004899999999999998,3,95130.01,0
2026-01-18 12:07:46,95130.01,0.00082,0.00082,1,95130.0,0
2026-01-18 12:07:47,95130.01,0.00192,-0.0014,3,95130.0,0
2026-01-18 12:07:48,95130.0,0.012289999999999999,-0.012289999999999999,3,95130.01,1
2026-01-18 12:07:49,95130.01,0.001,0.001,2,95130.0,0
2026-01-18 12:07:50,95130.01,0.00165,0.00125,3,95130.01,0
2026-01-18 12:07:52,95130.0,0.00079,-0.00079,1,95130.01,1
2026-01-18 12:07:55,95130.01,0.07573,-0.06439,8,95130.01,0
2026-01-18 12:07:57,95130.01,0.0047,-0.00182,3,95130.01,0
2026-01-18 12:08:00,95130.01,0.00159,0.00159,1,95130.0,0
2026-01-18 12:08:02,95130.01,0.00036,-3.9999999999999996e-05,2,95130.0,0
2026-01-18 12:08:04,95130.01,0.00031,0.00031,3,95130.01,0
2026-01-18 12:08:06,95130.01,0.00065,0.00017,3,95130.01,0
2026-01-18 12:08:07,95130.0,0.0051199999999999996,-0.0051199999999999996,3,95130.01,1
2026-01-18 12:08:09,95130.01,0.00035,0.00035,1,95130.0,0
2026-01-18 12:08:11,95130.01,0.00108,0.00108,1,95130.01,0
2026-01-18 12:08:12,95130.01,0.16865,0.16865,14,95130.0,0
2026-01-18 12:08:13,95130.0,0.00203,-0.00203,2,95130.01,1
2026-01-18 12:08:14,95130.0,0.00013,-0.00013,1,95130.0,0
2026-01-18 12:08:16,95130.01,0.00223,0.00149,5,95130.0,0
2026-01-18 12:08:17,95130.0,0.00055,-0.00055,2,95130.01,1
2026-01-18 12:08:18,95130.01,0.00117,0.00117,2,95130.0,0
2026-01-18 12:08:19,95130.0,0.0023,0.00018000000000000004,4,95130.01,1
2026-01-18 12:08:20,95130.0,0.01099,0.0038300000000000005,8,95130.01,1
2026-01-18 12:08:21,95130.0,0.0022500000000000003,9.000000000000002e-05,4,95130.01,1
2026-01-18 12:08:22,95130.01,0.00788,-0.00756,3,95130.01,0
2026-01-18 12:08:23,95130.0,0.01348,-0.01308,2,95130.01,1
2026-01-18 12:08:24,95130.01,0.03402,0.03402,9,95130.0,0
2026-01-18 12:08:25,95130.01,0.00907,0.00823,4,95130.01,0
2026-01-18 12:08:26,95130.01,0.0008500000000000001,0.0008500000000000001,3,95130.0,0
2026-01-18 12:08:27,95130.01,0.0012000000000000001,-0.00096,2,95130.01,0
2026-01-18 12:08:28,95130.01,0.0006900000000000001,0.0006900000000000001,2,95130.0,0
2026-01-18 12:08:29,95130.0,0.00029,-0.00011,2,95130.01,1
2026-01-18 12:08:30,95130.01,0.00154,0.0008799999999999999,3,95130.01,0
2026-01-18 12:08:31,95130.0,0.00106,-0.00106,1,95130.01,1
2026-01-18 12:08:32,95130.01,0.00078,-0.00048000000000000007,4,95130.01,0
2026-01-18 12:08:33,95130.0,0.06788999999999999,-0.06788999999999999,7,95130.01,1
2026-01-18 12:08:35,95130.01,0.00142,0.00142,2,95130.01,0
2026-01-18 12:08:36,95130.01,0.0037,0.0037,1,95130.0,0
2026-01-18 12:08:37,95130.01,0.00914,-0.008860000000000002,3,95130.01,0
2026-01-18 12:08:38,95130.01,5e-05,5e-05,1,95130.01,0
2026-01-18 12:08:40,95130.01,0.00996,-0.00324,2,95130.01,0
2026-01-18 12:08:41,95130.0,0.2262,0.19982000000000003,8,95130.0,0
2026-01-18 12:08:42,95130.01,0.00315,-0.0026699999999999996,2,95130.01,0
2026-01-18 12:08:43,95130.01,0.00471,0.00189,2,95130.01,0
2026-01-18 12:08:44,95130.01,0.00554,-0.0019199999999999996,4,95130.01,0
2026-01-18 12:08:45,95130.01,0.00085,0.00085,1,95130.01,0
2026-01-18 12:08:46,95130.0,0.00026,-0.00026,1,95130.01,1
2026-01-18 12:08:47,95130.01,0.00394,-0.00106,6,95130.01,0
2026-01-18 12:08:48,95130.01,0.00053,0.00053,1,95130.01,0
2026-01-18 12:08:49,95130.01,0.00913,0.00913,2,95130.01,0
2026-01-18 12:08:50,95130.01,0.00155,0.00155,2,95130.0,0
2026-01-18 12:08:51,95130.01,0.01477,0.002730000000000001,5,95130.0,0
2026-01-18 12:08:54,95130.01,0.00406,0.00394,2,95130.01,0
2026-01-18 12:08:55,95130.0,0.00865,-0.00865,3,95130.01,1
2026-01-18 12:08:56,95130.0,0.00044,-0.00044,1,95130.0,0
2026-01-18 12:08:59,95130.01,0.00165,0.00165,3,95130.0,0
2026-01-18 12:09:00,95130.01,0.0015500000000000002,0.0015500000000000002,3,95130.0,0
2026-01-18 12:09:01,95130.0,0.00207,-0.00191,4,95130.01,1
2026-01-18 12:09:02,95130.01,0.00181,0.00181,1,95130.01,0
2026-01-18 12:09:04,95130.0,0.01003,-0.00901,6,95130.0,0
2026-01-18 12:09:05,95130.0,0.00017,5e-05,2,95130.01,1
2026-01-18 12:09:06,95130.01,0.00083,0.00083,2,95130.0,0
2026-01-18 12:09:07,95130.01,0.03573,0.03573,1,95130.01,0
2026-01-18 12:09:09,95130.0,0.0021200000000000004,-7.999999999999999e-05,2,95130.01,1
2026-01-18 12:09:10,95130.01,0.00107,0.00107,1,95130.01,0
2026-01-18 12:09:11,95130.0,0.00155,0.00141,2,95130.01,1
2026-01-18 12:09:12,95130.01,0.00049,0.00049,2,95130.01,0
2026-01-18 12:09:14,95130.01,0.00126,-0.0010199999999999999,2,95130.0,0
2026-01-18 12:09:15,95130.01,0.00861,0.00861,2,95130.01,0
2026-01-18 12:09:16,95130.01,0.0008700000000000001,-0.00015000000000000001,2,95130.01,0
2026-01-18 12:09:17,95130.01,0.004200000000000001,0.004200000000000001,2,95130.0,0
2026-01-18 12:09:19,95130.0,0.00134,0.0012200000000000002,3,95130.01,1
2026-01-18 12:09:20,95130.01,0.00079,0.0006900000000000001,3,95130.01,0
2026-01-18 12:09:21,95130.01,0.01421,0.01173,2,95130.01,0
2026-01-18 12:09:22,95130.0,0.01246,-0.01246,2,95130.01,1
2026-01-18 12:09:24,95130.01,0.00059,0.00059,1,95130.01,0
2026-01-18 12:09:25,95130.01,0.00043,0.00043,1,95130.01,0
2026-01-18 12:09:26,95130.01,0.07304,0.05304,2,95130.0,0
2026-01-18 12:09:27,95130.01,0.0005800000000000001,0.00030000000000000003,4,95130.0,0
2026-01-18 12:09:28,95130.01,0.0015300000000000001,0.00123,4,95130.0,0
2026-01-18 12:09:29,95130.01,0.00094,0.0002599999999999999,2,95130.0,0
2026-01-18 12:09:30,95130.01,0.01173,0.01173,4,95130.0,0
2026-01-18 12:09:31,95130.0,0.14613,-0.14613,32,95130.01,1
2026-01-18 12:09:32,95130.0,0.00046,-0.00046,1,95130.01,1
2026-01-18 12:09:35,95130.0,0.010280000000000001,0.01006,2,95130.01,1
2026-01-18 12:09:36,95130.01,0.00182,0.00182,2,95130.01,0
2026-01-18 12:09:37,95130.01,0.00107,0.00107,1,95130.01,0
2026-01-18 12:09:40,95130.01,0.00118,-0.00096,2,95130.01,0
2026-01-18 12:09:42,95130.01,0.0041,0.0041,1,95130.01,0
2026-01-18 12:09:47,95130.01,0.00094,0.00094,1,95130.01,0
2026-01-18 12:09:48,95130.0,0.002,-0.002,1,95130.01,1
2026-01-18 12:09:51,95130.01,0.00018,0.00018,1,95130.01,0
2026-01-18 12:09:52,95130.01,0.0057799999999999995,0.005379999999999999,4,95130.01,0
2026-01-18 12:09:54,95130.01,0.0007,0.0007,2,95130.0,0
2026-01-18 12:09:55,95130.0,0.0011099999999999999,-0.0011099999999999999,2,95130.01,1
2026-01-18 12:09:57,95130.01,0.00649,0.00649,3,95130.01,0
2026-01-18 12:09:59,95130.0,7e-05,-7e-05,1,95130.01,1
2026-01-18 12:10:00,95130.01,0.00155,-0.00057,2,95130.0,0
2026-01-18 12:10:02,95130.01,0.0001,0.0001,1,95130.0,0
2026-01-18 12:10:03,95130.01,0.00049,0.00049,3,95130.0,0
2026-01-18 12:10:04,95130.01,0.0018399999999999998,-0.00172,2,95130.0,0
2026-01-18 12:10:05,95130.0,6e-05,-6e-05,1,95130.0,0
2026-01-18 12:10:06,95130.01,0.0001,0.0001,1,95130.01,0
2026-01-18 12:10:07,95130.0,0.00141,-0.00141,1,95130.0,0
2026-01-18 12:10:08,95130.0,0.006189999999999999,-0.006189999999999999,2,95130.01,1
2026-01-18 12:10:09,95130.0,0.010960000000000001,-0.010960000000000001,2,95130.01,1
2026-01-18 12:10:10,95130.0,0.00071,-0.00071,1,95130.0,0
2026-01-18 12:10:12,95130.0,8e-05,-8e-05,1,95130.0,0
2026-01-18 12:10:13,95130.01,0.00049,0.00049,1,95130.01,0
2026-01-18 12:10:14,95130.01,0.00247,-3.000000000000008e-05,2,95130.0,0
2026-01-18 12:10:17,95130.0,0.00069,-0.00069,1,95130.0,0
2026-01-18 12:10:18,95130.01,0.00038,0.00038,1,95130.01,0
2026-01-18 12:10:19,95130.0,0.16221,-0.16179000000000002,2,95130.0,0
2026-01-18 12:10:21,95130.01,0.01151,0.01105,4,95130.0,0
2026-01-18 12:10:22,95130.0,0.01716,-0.01672,3,95130.0,0
2026-01-18 12:10:23,95130.01,0.00086,0.00086,1,95130.01,0
2026-01-18 12:10:24,95130.0,0.00025,-0.00025,1,95130.01,1
2026-01-18 12:10:26,95130.0,0.00237,0.00217,3,95130.01,1
2026-01-18 12:10:27,95130.0,0.0003,-0.0003,1,95130.0,0
2026-01-18 12:10:28,95130.01,0.00051,0.00051,2,95130.01,0
2026-01-18 12:10:29,95130.01,0.01212,0.01212,4,95130.0,0
2026-01-18 12:10:33,95130.01,0.00049,0.00049,2,95130.01,0
2026-01-18 12:10:34,95130.0,0.02,-0.02,2,95130.01,1
2026-01-18 12:10:38,95130.01,0.00429,0.00429,1,95130.01,0
2026-01-18 12:10:39,95130.01,0.00468,0.00468,1,95130.01,0
2026-01-18 12:10:40,95130.01,0.0007,0.0007,2,95130.0,0
2026-01-18 12:10:41,95130.0,0.00021,-0.00021,1,95130.0,0
2026-01-18 12:10:42,95130.0,0.00161,-0.00161,1,95130.01,1
2026-01-18 12:10:44,95130.01,0.11167,-0.11123,3,95130.0,0
2026-01-18 12:10:45,95130.0,0.0015199999999999999,-0.0013,3,95130.0,0
2026-01-18 12:10:46,95130.0,0.00202,0.00104,4,95130.0,0
2026-01-18 12:10:47,95130.01,0.00056,0.0,2,95130.01,0
2026-01-18 12:10:49,95130.0,0.02076,-0.02076,1,95130.0,0
2026-01-18 12:10:50,95130.0,0.00057,0.00031000000000000005,2,95130.01,1
2026-01-18 12:10:51,95130.0,0.00125,-0.00125,3,95130.0,0
2026-01-18 12:10:54,95130.0,0.00424,-0.00424,2,95130.01,1
2026-01-18 12:10:55,95130.01,0.0021,0.0021,1,95130.0,0
2026-01-18 12:10:56,95130.0,0.0011,-0.0011,1,95130.01,1
2026-01-18 12:10:59,95130.01,0.01879,0.0033099999999999996,3,95130.01,0
2026-01-18 12:11:00,95130.0,0.0001,-0.0001,1,95130.0,0
2026-01-18 12:11:01,95130.01,0.00186,0.00186,2,95130.0,0
2026-01-18 12:11:02,95130.0,7e-05,-7e-05,1,95130.0,0
2026-01-18 12:11:04,95130.01,0.00036,0.00018,3,95130.0,0
2026-01-18 12:11:05,95130.0,6e-05,-6e-05,1,95129.99,0
2026-01-18 12:11:06,95130.0,1.0868300000000002,-1.08511,2,95129.99,0
2026-01-18 12:11:07,95130.0,0.00605,0.00605,3,95129.99,0
2026-01-18 12:11:08,95129.99,0.00022,-0.00022,1,95129.99,0
2026-01-18 12:11:09,95130.0,0.00211,0.00211,1,95129.99,0
2026-01-18 12:11:10,95129.99,0.00036,-0.00036,1,95129.99,0
2026-01-18 12:11:11,95129.99,0.06415,-0.06415,7,95129.99,0
2026-01-18 12:11:12,95129.99,0.01107,-0.01107,4,95129.99,0
2026-01-18 12:11:13,95129.99,0.042480000000000004,-0.03848,5,95129.99,0
2026-01-18 12:11:14,95129.99,0.0047799999999999995,-0.00392,3,95129.99,0
2026-01-18 12:11:15,95129.99,0.00033,-0.00033,1,95129.99,0
2026-01-18 12:11:16,95129.99,0.01495,-0.01495,1,95129.99,0
2026-01-18 12:11:17,95129.99,0.08581,-0.08581,13,95129.99,0
2026-01-18 12:11:18,95129.99,0.00471,-0.00427,2,95130.0,1
2026-01-18 12:11:20,95129.99,0.00715,-0.00715,4,95130.0,1
2026-01-18 12:11:21,95129.99,0.12479,-0.12479,21,95129.99,0
2026-01-18 12:11:23,95130.0,0.04477,-0.04389,6,95126.88,0
2026-01-18 12:11:25,95130.0,0.00174,0.00174,1,95126.27,0
2026-01-18 12:11:28,95126.88,0.26918,-0.26496,43,95126.27,0
2026-01-18 12:11:29,95126.87,0.00621,-0.00621,2,95126.28,0
2026-01-18 12:11:30,95126.27,0.11053,-0.11053,15,95126.27,0
2026-01-18 12:11:33,95126.27,0.0027099999999999997,0.00253,2,95126.27,0
2026-01-18 12:11:34,95126.28,0.0014199999999999998,0.0006799999999999999,2,95123.89,0
2026-01-18 12:11:35,95126.27,0.09626000000000001,-0.09586000000000001,8,95123.89,0
2026-01-18 12:11:36,95126.28,0.011009999999999999,0.00501,4,95118.01,0
2026-01-18 12:11:37,95126.27,0.10984000000000001,-0.10932,7,95118.0,0
2026-01-18 12:11:38,95126.27,0.0041199999999999995,0.0026799999999999997,3,95118.01,0
2026-01-18 12:11:39,95123.89,0.22336999999999999,-0.21455,32,95118.0,0
2026-01-18 12:11:41,95118.01,0.23268,-0.23018,60,95118.0,0
2026-01-18 12:11:42,95118.0,0.07573,-0.07573,5,95118.01,1
2026-01-18 12:11:43,95118.01,0.020499999999999997,-0.009319999999999998,5,95118.01,0
2026-01-18 12:11:44,95118.0,0.10304,-0.1024,8,95118.01,1
2026-01-18 12:11:46,95118.0,0.11512,-0.11512,5,95118.0,0
2026-01-18 12:11:47,95118.01,0.00123,0.00022999999999999993,5,95118.01,0
2026-01-18 12:11:48,95118.01,0.00022,0.00022,1,95118.01,0
2026-01-18 12:11:49,95118.01,0.00321,0.00321,1,95118.01,0
2026-01-18 12:11:51,95118.0,0.0024200000000000003,-0.0006000000000000001,6,95118.0,0
2026-01-18 12:11:52,95118.01,0.0004,0.0004,1,95118.0,0
2026-01-18 12:11:53,95118.01,0.00305,0.00305,1,95117.99,0
2026-01-18 12:11:54,95118.01,0.00048,0.00048,1,95118.0,0
2026-01-18 12:11:55,95118.0,0.00041000000000000005,0.00023,2,95117.99,0
2026-01-18 12:11:56,95118.0,0.35487,-0.35451,3,95118.0,0
2026-01-18 12:11:57,95118.0,0.16190000000000002,-0.16078,5,95118.0,0
2026-01-18 12:11:59,95118.0,0.001,0.001,1,95118.0,0
2026-01-18 12:12:00,95117.99,0.0002,-0.0002,1,95117.99,0
2026-01-18 12:12:01,95118.0,7e-05,7e-05,1,95117.99,0
2026-01-18 12:12:02,95118.0,0.0010299999999999999,-0.0005099999999999999,3,95117.99,0
2026-01-18 12:12:04,95118.0,6e-05,6e-05,1,95118.0,0
2026-01-18 12:12:05,95117.99,6e-05,-6e-05,1,95118.0,1
2026-01-18 12:12:06,95117.99,0.01049,0.00485,4,95117.99,0
2026-01-18 12:12:07,95117.99,0.06057,-0.058070000000000004,8,95118.0,1
2026-01-18 12:12:08,95118.0,0.00035,0.00035,2,95117.99,0
2026-01-18 12:12:09,95118.0,0.00093,0.00093,1,95117.99,0
2026-01-18 12:12:11,95117.99,0.00026,-0.00026,1,95118.0,1
2026-01-18 12:12:12,95118.0,0.0005600000000000001,0.00016,3,95117.99,0
2026-01-18 12:12:13,95117.99,0.00026,-0.00026,1,95118.0,1
2026-01-18 12:12:14,95117.99,0.0025,-0.0025,1,95118.0,1
2026-01-18 12:12:16,95118.0,0.00615,0.0009099999999999999,3,95118.0,0
2026-01-18 12:12:17,95117.99,0.00202,-0.00202,3,95117.99,0
2026-01-18 12:12:19,95118.0,0.00492,0.00282,5,95118.0,0
2026-01-18 12:12:20,95117.99,0.02125,0.00725,6,95117.99,0
2026-01-18 12:12:21,95118.0,0.0056300000000000005,-0.00495,3,95118.0,0
2026-01-18 12:12:22,95117.99,0.0106,-0.00996,6,95118.0,1
2026-01-18 12:12:24,95118.0,0.00249,-0.00179,4,95117.99,0
2026-01-18 12:12:26,95118.0,0.00055,-0.00010999999999999999,2,95118.0,0
2026-01-18 12:12:27,95118.0,0.00366,-0.00214,9,95117.99,0
2026-01-18 12:12:28,95117.99,0.00858,-0.00858,1,95117.99,0
2026-01-18 12:12:29,95117.99,0.0063,-0.0063,1,95117.99,0
2026-01-18 12:12:31,95118.0,0.00014,0.00014,1,95117.99,0
2026-01-18 12:12:32,95117.99,0.0009,-0.0009,1,95117.99,0
2026-01-18 12:12:33,95117.99,0.00687,-0.00687,2,95117.99,0
2026-01-18 12:12:36,95117.99,0.05261,-0.05261,3,95117.99,0
2026-01-18 12:12:37,95117.99,0.00182,0.0006399999999999999,3,95118.0,1
2026-01-18 12:12:38,95117.99,0.0071,-0.0071,1,95117.99,0
2026-01-18 12:12:40,95117.99,0.00149,-0.00149,2,95118.0,1
2026-01-18 12:12:41,95117.99,0.03365,0.02833,3,95118.0,1
2026-01-18 12:12:42,95118.0,0.007430000000000001,-0.00673,3,95117.99,0
2026-01-18 12:12:44,95117.99,0.00127,0.00025000000000000006,3,95117.99,0
2026-01-18 12:12:45,95118.0,0.0017000000000000001,-0.0013,2,95118.0,0
2026-01-18 12:12:46,95118.0,0.00139,-0.0008499999999999998,2,95117.99,0
2026-01-18 12:12:47,95117.99,0.00067,-0.00067,1,95118.0,1
2026-01-18 12:12:49,95117.99,0.00157,-0.00157,2,95118.0,1
2026-01-18 12:12:50,95118.0,0.05179,0.05179,5,95118.0,0
2026-01-18 12:12:51,95117.99,0.027729999999999998,-0.02749,3,95117.99,0
2026-01-18 12:12:52,95118.0,0.1099,-0.1097,10,95117.99,0
2026-01-18 12:12:53,95117.99,0.14435,-0.14435,10,95117.99,0
2026-01-18 12:12:54,95118.0,0.00147,0.00129,3,95118.0,0
2026-01-18 12:12:55,95118.0,8e-05,8e-05,1,95118.0,0
2026-01-18 12:12:56,95117.99,0.14176,-0.14078,12,95118.0,1
2026-01-18 12:12:58,95117.99,0.0036,-0.0036,2,95117.99,0
2026-01-18 12:12:59,95118.0,0.0008600000000000001,-0.0004,2,95118.0,0
2026-01-18 12:13:00,95118.0,0.0001,0.0001,1,95117.99,0
2026-01-18 12:13:01,95118.0,0.11374,-0.11354,9,95118.0,0
2026-01-18 12:13:03,95117.99,0.0117,-0.009300000000000001,3,95117.99,0
2026-01-18 12:13:04,95118.0,0.0012599999999999998,-0.00114,2,95117.99,0
2026-01-18 12:13:05,95117.99,0.00037,0.00025,2,95117.99,0
2026-01-18 12:13:08,95117.99,0.00264,0.00154,3,95117.99,0
2026-01-18 12:13:10,95117.99,0.00425,-0.00383,3,95117.99,0
2026-01-18 12:13:12,95117.99,0.0053,-0.0053,1,95118.0,1
2026-01-18 12:13:13,95117.99,0.00021,-0.00021,1,95117.99,0
2026-01-18 12:13:15,95117.99,0.00052,-0.00052,1,95117.99,0
2026-01-18 12:13:16,95118.0,0.07119,0.07119,1,95117.99,0
2026-01-18 12:13:17,95118.0,0.0013299999999999998,-0.0006299999999999999,3,95117.99,0
2026-01-18 12:13:18,95117.99,0.01387,-0.00651,5,95117.99,0
2026-01-18 12:13:20,95117.99,0.00281,-0.00251,3,95117.99,0
2026-01-18 12:13:21,95117.99,0.02392,-0.02288,2,95117.99,0
2026-01-18 12:13:22,95117.99,0.01162,-0.01162,1,95117.99,0
2026-01-18 12:13:23,95117.99,0.00121,-0.00121,1,95117.99,0
2026-01-18 12:13:24,95117.99,0.00109,0.00087,2,95118.0,1
2026-01-18 12:13:25,95117.99,0.0062,-0.00576,3,95117.99,0
2026-01-18 12:13:26,95117.99,0.01897,-0.01887,4,95118.0,1
2026-01-18 12:13:27,95117.99,0.001,-0.001,1,95117.99,0
2026-01-18 12:13:30,95117.99,0.02416,-0.02416,2,95118.0,1
2026-01-18 12:13:31,95118.0,0.00016,0.00016,1,95117.99,0
2026-01-18 12:13:32,95117.99,0.00892,-0.00892,1,95117.99,0
2026-01-18 12:13:35,95118.0,0.00059,0.00059,1,95117.99,0
2026-01-18 12:13:36,95117.99,0.07964,-0.0792,2,95117.99,0
2026-01-18 12:13:37,95117.99,0.00021,-0.00021,1,95117.99,0
2026-01-18 12:13:38,95118.0,0.00047,0.00047,1,95117.99,0
2026-01-18 12:13:40,95117.99,0.01763,-0.01763,2,95118.0,1
2026-01-18 12:13:42,95117.99,0.00999,-0.00999,1,95118.0,1
2026-01-18 12:13:43,95117.99,0.00073,-0.00073,2,95117.99,0
2026-01-18 12:13:44,95118.0,0.00155,0.00155,1,95117.99,0
2026-01-18 12:13:45,95118.0,0.00022,0.00022,1,95118.0,0
2026-01-18 12:13:47,95118.0,0.0007999999999999999,0.0007999999999999999,3,95118.0,0
2026-01-18 12:13:48,95117.99,0.02338,-0.02338,2,95117.99,0
2026-01-18 12:13:52,95118.0,0.0002,0.0002,1,95117.99,0
2026-01-18 12:13:53,95117.99,0.06059,-0.06015,2,95117.99,0
2026-01-18 12:13:56,95117.99,0.0044199999999999995,-0.0044199999999999995,2,95118.0,1
2026-01-18 12:13:57,95117.99,0.00976,-0.00712,3,95117.99,0
2026-01-18 12:13:58,95117.99,0.00229,0.00187,3,95117.99,0
2026-01-18 12:13:59,95117.99,0.0012799999999999999,-0.00052,2,95118.0,1
2026-01-18 12:14:00,95117.99,0.03148,-0.03148,3,95117.99,0
2026-01-18 12:14:01,95118.0,0.00105,0.00105,1,95117.99,0
2026-01-18 12:14:02,95117.99,0.00102,0.00019999999999999998,3,95118.0,1
2026-01-18 12:14:03,95117.99,0.005,0.0044599999999999996,2,95117.99,0
2026-01-18 12:14:04,95118.0,0.005979999999999999,-0.00586,4,95118.0,0
2026-01-18 12:14:05,95117.99,0.0015500000000000002,-0.00093,4,95118.0,1
2026-01-18 12:14:06,95117.99,0.0017,-0.0017,1,95118.0,1
2026-01-18 12:14:07,95118.0,0.00039999999999999996,0.00039999999999999996,2,95117.99,0
2026-01-18 12:14:08,95117.99,0.04351,-0.043390000000000005,2,95118.0,1
2026-01-18 12:14:09,95118.0,0.00084,-0.00015999999999999999,3,95117.99,0
2026-01-18 12:14:10,95118.0,0.00501,0.00437,2,95118.0,0
2026-01-18 12:14:11,95118.0,0.00105,0.00105,1,95117.99,0
2026-01-18 12:14:12,95117.99,0.003,-0.003,1,95118.0,1
2026-01-18 12:14:13,95118.0,0.0001,0.0001,1,95118.0,0
2026-01-18 12:14:14,95117.99,0.00519,-0.00519,4,95118.0,1
2026-01-18 12:14:15,95118.0,0.00075,0.00036999999999999994,2,95118.0,0
2026-01-18 12:14:16,95117.99,0.057940000000000005,-0.0577,2,95117.99,0
2026-01-18 12:14:17,95118.0,0.00972,-0.0048000000000000004,6,95118.0,0
2026-01-18 12:14:18,95118.0,0.28082999999999997,-0.26677,7,95117.99,0
2026-01-18 12:14:19,95118.0,0.00265,-0.0005700000000000002,5,95117.99,0
2026-01-18 12:14:20,95118.0,0.00547,-0.004869999999999999,4,95118.0,0
2026-01-18 12:14:21,95117.99,0.0019,0.00146,6,95117.99,0
2026-01-18 12:14:23,95117.99,0.00072,-0.00072,2,95117.99,0
2026-01-18 12:14:25,95118.0,0.00213,-0.0010299999999999999,5,95117.99,0
2026-01-18 12:14:26,95117.99,0.00012,-0.00012,1,95117.99,0
2026-01-18 12:14:28,95117.99,0.00826,-0.00826,4,95118.0,1
2026-01-18 12:14:30,95117.99,0.00351,-0.00351,1,95117.99,0
2026-01-18 12:14:32,95117.99,0.01169,-0.01169,3,95117.99,0
2026-01-18 12:14:33,95118.0,0.00029,0.00029,2,95118.0,0
2026-01-18 12:14:35,95117.99,0.00027,0.00017,2,95117.99,0
2026-01-18 12:14:37,95117.99,0.00022,-0.00022,1,95118.0,1
2026-01-18 12:14:38,95118.0,0.0010999999999999998,0.0010999999999999998,2,95117.99,0
2026-01-18 12:14:39,95117.99,0.00813,-0.00813,1,95117.99,0
2026-01-18 12:14:41,95118.0,0.00098,0.00098,1,95117.99,0
2026-01-18 12:14:43,95117.99,0.00067,0.00022999999999999998,2,95118.0,1
2026-01-18 12:14:44,95117.99,0.00018,-0.00018,1,95117.99,0
2026-01-18 12:14:48,95118.0,0.02156,0.02156,3,95117.99,0
2026-01-18 12:14:49,95117.99,1.6724400000000001,1.6323600000000003,6,95118.0,1
2026-01-18 12:14:50,95117.99,0.002,-0.002,2,95118.0,1
2026-01-18 12:14:52,95117.99,0.00022,-0.00022,1,95118.0,1
2026-01-18 12:14:53,95117.99,0.00364,-0.00364,1,95117.99,0
2026-01-18 12:14:54,95118.0,0.019370000000000002,0.0015100000000000014,4,95117.99,0
2026-01-18 12:14:55,95118.0,0.00325,0.00063,4,95117.99,0
2026-01-18 12:14:56,95117.99,0.00034,-0.00034,1,95118.0,1
2026-01-18 12:14:57,95118.0,0.00426,0.0030600000000000002,2,95117.99,0
2026-01-18 12:14:58,95117.99,0.15118,-0.15118,9,95118.0,1
2026-01-18 12:14:59,95117.99,0.04973,0.04703,5,95118.0,1
2026-01-18 12:15:00,95117.99,0.00218,-0.00084,6,95118.0,1
2026-01-18 12:15:01,95118.0,0.15661,0.15661,8,95118.0,0
2026-01-18 12:15:02,95117.99,0.00022,-0.00022,1,95118.0,1
2026-01-18 12:15:03,95118.0,0.09223,0.09223,8,95118.0,0
2026-01-18 12:15:04,95118.0,0.049260000000000005,0.049260000000000005,7,95117.99,0
2026-01-18 12:15:05,95118.0,0.019880000000000002,0.01212,4,95118.0,0
2026-01-18 12:15:06,95118.0,0.1587,0.15808,16,95118.0,0
2026-01-18 12:15:07,95118.0,0.02537,0.02537,4,95117.99,0
2026-01-18 12:15:08,95118.0,6e-05,6e-05,1,95118.08,1
2026-01-18 12:15:09,95117.99,0.00044,-0.00044,1,95118.08,1
2026-01-18 12:15:10,95118.0,0.33307000000000003,0.33307000000000003,19,95118.09,1
2026-01-18 12:15:11,95118.0,0.08585999999999999,0.08585999999999999,3,95118.09,1
2026-01-18 12:15:12,95117.99,0.00027,-0.00027,1,95118.08,1
2026-01-18 12:15:13,95118.08,0.09936,0.09924000000000001,15,95118.09,1
2026-01-18 12:15:14,95118.08,0.24986999999999998,-0.18253,7,95118.1,1
2026-01-18 12:15:15,95118.09,0.02806,0.02806,3,95118.1,1
2026-01-18 12:15:17,95118.08,0.0049,0.0009400000000000001,6,95118.1,1
2026-01-18 12:15:18,95118.09,0.01081,-0.00281,3,95118.09,0
2026-01-18 12:15:19,95118.1,0.06611,0.06611,7,95118.09,0
2026-01-18 12:15:20,95118.1,7e-05,7e-05,1,95118.1,0
2026-01-18 12:15:23,95118.09,0.03362,-0.03362,1,95118.1,1
2026-01-18 12:15:24,95118.09,0.00148,-0.00106,4,95118.1,1
2026-01-18 12:15:25,95118.1,0.00775,0.00775,3,95118.1,0
2026-01-18 12:15:26,95118.09,0.00135,-0.00029000000000000006,3,95118.1,1
2026-01-18 12:15:28,95118.1,0.0004,0.0004,1,95118.1,0
