tree
version=v4
num_class=1
num_tree_per_iteration=1
label_index=0
max_feature_idx=45
objective=regression
feature_names=net_flow buy_sell_ratio order_flow_imbalance aggressive_buy_ratio net_flow_ma5 net_flow_ma10 net_flow_ma30 net_flow_std5 net_flow_acceleration cvd_60 cvd_300 total_volume volume_ma5 volume_ma15 volume_ma30 volume_std5 volume_surge relative_volume buy_volume_pct sell_volume_pct hl_range oc_diff body_to_range_ratio upper_wick lower_wick price_velocity price_acceleration price_change_pct_1 price_change_pct_5 price_change_pct_15 momentum_5 momentum_15 dist_from_ma5 dist_from_ma15 dist_from_ma30 ma5_slope trade_count avg_trade_size trade_frequency tick_momentum rsi_5 rsi_14 bb_position atr_5 volatility_regime trend_strength
feature_infos=[-80.066000000000003:64.051000000000002] [0:501229999999.99994] [-0.99999999999824729:0.99999999999800482] [0:0.99999999999800482] [-27.305399999999999:14.849] [-15.384800000000002:8.1635999999999989] [-5.4169999999999998:3.9682666666666666] [0:36.433952315113956] [-126.812:154.983] [-180.328:124.56400000000001] [-385.81799999999998:211.69] [0.001:82.713999999999999] [0.002:32.9422] [0.007200000000000888:20.6264] [0.01813333333333381:13.717533333333334] [0:35.948777660721632] [0.00033671167378806154:14.834586977221598] [0.00044130518458093541:185.48188470235212] [0:99.99999999980048] [0:99.999999999824723] [0:218.60000000000582] [-151.90000000000873:218.5] [0:0.99999999999934175] [0:78.399999999994179] [0:95.700000000011642] [-151.80000000000291:219.10000000000582] [-287.5:206.30000000000291] [-0.17418644145591466:0.24765205282188951] [-0.35536309111958708:0.30655558183352305] [-0.50603570936796904:0.40563014184036295] [-309.69999999999709:273.5] [-441:358.30000000000291] [-0.19288230527087841:0.23111131202287355] [-0.31582507866929249:0.30939191026825708] [-0.37478799434881832:0.34338958363434163] [-61.940000000002328:54.69999999999709] [1:691] [0.00099999999989999993:16.857999998314199] [1:691] [-5:5] [0:99.999999999817192] [0:99.999999999448164] [-0.5617227177079277:1.562128227417322] [0:103.00000000000291] [-4.7387010196376389:10.948964609225444] [0:0.16743659420204016]
tree_sizes=2856 3024 3070 3037 3058 3086 3064 3063 3109 3073 3082 3078 3092 3085 3087 3080 3026 3064 3062 3080 3064 3062 3109 3112 3079 3081 3081 3092 3079 3090 3092 3107 3125 3070 3080 3048 3084 3058 3092 3057 3099 3113 3099 3057 3092 3063 3080 3070 3099 3100 3079 3109 3098 3061 3087 3072 3066 3096 3094 3105 3094 3106 3076 3089 3069 3095 3103 3108 3108 3091 3052 3098 3064 3116 3120 3080 3087 3084 3135 3071 3093 3080 3107 3085 3077 3107 3105 3097 3086 3144 3096 3120 3084 3083 3090 3108 3141 3112 3105 3098 3077 3132 3098 3098 3136 3103 3108 3076 3109 3101 3099 3084 3099 3107 3117 3127 3094 3047 3106 3111 3088 3118 3136 3117 3131 3094 3116 3104 3120 3078 3098 3103 3103 3105 3134 3105 3112 3117 3147 3112 3100 3107 3116 3109 3157 3102 3093 3096 3112 3171 3104 3109 3098 3097 3091 3121 3115 3106 3107 3101 3105 3112 3086 3135 3129 3090 3119 3113 3144 3099 3135 3092 3130 3122 3128 3106 3131 3124 3070 3153 3132 3104 3118 3073 3119 3110 3145 3093 3130 3107 3144 3112 3123 3126 3121 3061 3128 3114 3093 3131 3139 3116 3127 3102 3167 3135 3110 3102 3175 3131 3157 3088 3097 3144 3131 3116 3166 3142 3184 3099 3122 3150 3108 3166 3139 3152 3101 3144 3110 3151 3137 3127 3142 3157 3166 3127 3112 3093 3118 3142 3113 3114 3113 3091 3099 3097 3094 3160 3127 3161 3154 3114 3127 3101 3098 3109 3064 3142 3133 3161 3082 3127 3150 3157 3132 3151 3128 3171 3126 3147 3125 3094 3116 3143 3088 3098 3172 3092 3130 3123 3124 3144 3139 3120 3112 3170 3132 3104 3109 3127 3119 3143 3082 3132 3085 3101 3146 3133 3093 3095

Tree=0
num_leaves=31
num_cat=0
split_feature=10 29 43 9 10 43 14 10 43 41 43 10 10 9 31 10 9 14 10 9 14 29 10 9 10 10 14 41 29 14
split_gain=407.558 105.381 96.6541 54.1625 35.8137 26.9561 24.1979 16.6004 15.5304 12.9453 12.2822 9.97317 9.76556 9.33545 9.07631 8.73894 7.82496 6.76681 5.6262 5.5405 5.44123 5.16704 4.8534 3.51058 3.47084 3.3273 3.29721 2.94555 2.86457 2.74928
threshold=20.30599999999998 0.023437612986021431 8.3199999999997107 1.8230000000000033 61.751999999999988 8.3199999999997107 0.6384000000000013 7.8739999999999908 6.4200000000055306 29.986148919625276 12.9699999999968 104.706 -138.12749999999997 3.9049999999999994 83.049999999995649 43.516499999999986 7.370000000000017 1.6623500000000015 33.544999999999987 12.560500000000006 1.5409333333333344 0.019074654836959141 104.706 4.8890000000000073 6.5894999999999975 104.706 0.21156666666666843 45.854703101292095 0.012555787662116293 0.97213333333333418
decision_type=2 2 2 2 2 2 2 2 2 2 2 2 2 2 2 2 2 2 2 2 2 2 2 2 2 2 2 2 2 2
left_child=1 3 6 7 16 13 15 9 23 -1 22 18 -11 24 19 21 27 -10 -8 -7 -18 26 -6 -5 -3 29 -2 -4 -20 -12
right_child=2 5 4 8 10 14 11 -9 17 12 25 -13 -14 -15 -16 -17 20 -19 28 -21 -22 -23 -24 -25 -26 -27 -28 -29 -30 -31
leaf_value=0.11698266129342258 0.11824040719275647 0.11820611329326801 0.11997829887303467 0.11791225431416215 0.12235221504489115 0.11945248702129557 0.11982907164509894 0.1181553516499467 0.11894767402686952 0.11935043199239309 0.12259386775053661 0.12488417826430913 0.11749036454829224 0.11917699094955797 0.12147496528730249 0.1200808722157837 0.12151707204713104 0.1213157307816113 0.12055333807807667 0.12104041716747609 0.12324589242525807 0.11979204110112282 0.12626757403914665 0.11834727216840311 0.11899537735001389 0.12758680955721768 0.11908152654000854 0.12120402694103757 0.12155476062428808 0.12567214283624031
leaf_weight=24998 2332 12701 1410 14659 1000 6640 2716 12122 8429 1152 141 219 56587 8290 1292 4984 2440 512 2728 1013 1038 3472 145 15027 2703 304 9293 1767 1966 656
leaf_count=24998 2332 12701 1410 14659 1000 6640 2716 12122 8429 1152 141 219 56587 8290 1292 4984 2440 512 2728 1013 1038 3472 145 15027 2703 304 9293 1767 1966 656
internal_value=0.118391 0.11797 0.120301 0.117721 0.122115 0.118989 0.119719 0.117464 0.118353 0.117363 0.124298 0.120678 0.117527 0.118636 0.119924 0.119355 0.121378 0.119083 0.120554 0.119663 0.122033 0.119115 0.122848 0.118132 0.118345 0.125807 0.118913 0.12066 0.120973 0.125128
internal_weight=202736 166125 36611 133486 8901 32639 27710 94859 38627 82737 2246 7629 57739 23694 8945 20081 6655 8941 7410 7653 3478 15097 1145 29686 15404 1101 11625 3177 4694 797
internal_count=202736 166125 36611 133486 8901 32639 27710 94859 38627 82737 2246 7629 57739 23694 8945 20081 6655 8941 7410 7653 3478 15097 1145 29686 15404 1101 11625 3177 4694 797
is_linear=0
shrinkage=1


Tree=1
num_leaves=31
num_cat=0
split_feature=10 34 43 9 10 34 14 10 43 43 41 9 10 34 43 10 14 34 43 14 10 14 10 43 34 10 10 43 14 14
split_gain=391.418 139.655 92.8266 43.1907 34.3955 30.0216 23.2396 15.8528 12.6539 11.7959 10.7255 10.6023 9.57823 9.43562 8.4103 8.39288 7.9195 6.72774 6.71693 6.00939 5.4034 5.11932 4.6612 3.32451 3.23584 3.19554 3.10278 2.8545 2.64041 2.52447
threshold=20.30599999999998 0.017057584541012822 8.3199999999997107 1.6690000000000011 61.751999999999988 0.052823995921006194 0.6384000000000013 8.3309999999999835 6.4200000000055306 12.9699999999968 28.636022896438892 5.2260000000000186 104.706 0.01846981702454616 5.4799999999973812 43.516499999999986 1.2370500000000006 0.012407439764589261 6.3800000000002912 1.3876333333333342 33.544999999999987 1.6623500000000015 104.706 6.5999999999985457 0.012962607989667283 104.706 -138.12749999999997 3.2400000000008737 0.97213333333333418 0.1936000000000008
decision_type=2 2 2 2 2 2 2 2 2 2 2 2 2 2 2 2 2 2 2 2 2 2 2 2 2 2 2 2 2 2
left_child=1 3 6 7 13 11 15 10 27 22 -1 18 20 -4 -12 17 -7 29 -3 -15 -8 -10 -6 -13 -22 28 -20 -5 -11 -2
right_child=2 5 4 8 9 16 12 -9 21 25 14 23 -14 19 -16 -17 -18 -19 26 -21 24 -23 -24 -25 -26 -27 -28 -29 -30 -31
leaf_value=-0.0014005262006952157 -0.00022989609699774964 -1.745540289147508e-05 0.0022053145929220239 -0.00050340296802759245 0.0038817290101738761 0.0017096618034646309 0.001409048432218434 -0.00023653693727108388 0.00042685057270800813 0.0041185485958683153 -0.0010635939906181115 0.00078917947166144426 0.0063630529044655295 0.0031377610646567515 -0.00056103849096173831 0.0016558129968786107 0.0035693207555194109 0.0013796957401468776 0.0025322139343108654 0.0050255650404617399 0.0020908809623393677 0.0026235708713836302 0.007718780958543307 0.001606229938923416 0.00315800227429051 0.0090116319364230875 0.00063779613825814109 -0.00010073805838178893 0.0071352582494160393 0.00058212650324982265
leaf_weight=23185 1847 13868 3471 16876 1000 3355 2716 11286 8038 141 39331 5972 219 2214 20141 4984 1260 4287 364 970 2763 448 145 2989 1931 304 6927 12085 656 8963
leaf_count=23185 1847 13868 3471 16876 1000 3355 2716 11286 8038 141 39331 5972 219 2214 20141 4984 1260 4287 364 970 2763 448 145 2989 1931 304 6927 12085 656 8963
internal_value=-3.25101e-12 -0.000412547 0.00187196 -0.000710703 0.00364885 0.000715271 0.00130119 -0.000939643 -0.000136365 0.00578893 -0.00103564 0.000485115 0.00224088 0.00292659 -0.000893397 0.000944191 0.00221739 0.000709263 0.000240922 0.00371288 0.00211905 0.000542822 0.00436764 0.00106171 0.00252987 0.00726701 0.000732374 -0.000335377 0.00660156 0.000443384
internal_weight=202736 166125 36611 131390 8901 34735 27710 93943 37447 2246 82657 30120 7629 6655 59472 20081 4615 15097 21159 3184 7410 8486 1145 8961 4694 1101 7291 28961 797 10810
internal_count=202736 166125 36611 131390 8901 34735 27710 93943 37447 2246 82657 30120 7629 6655 59472 20081 4615 15097 21159 3184 7410 8486 1145 8961 4694 1101 7291 28961 797 10810
is_linear=0
shrinkage=0.02


Tree=2
num_leaves=31
num_cat=0
split_feature=10 34 14 9 10 34 45 43 34 34 45 43 34 43 10 43 14 10 10 14 45 43 14 45 10 43 45 9 34 9
split_gain=375.918 134.246 89.3121 40.4815 33.0428 30.0896 17.8943 17.7568 14.7494 14.5328 13.3103 11.7708 10.3409 9.64786 9.40655 8.61383 7.60589 6.45811 6.23417 5.92139 5.30668 4.96774 4.71741 4.61518 4.43572 4.32574 4.18454 4.5228 3.72345 3.53704
threshold=20.30599999999998 0.016045880030093756 0.77161666666666784 1.6690000000000011 66.272499999999994 0.052823995921006194 0.056279252309106985 12.9699999999968 0.017398862942184869 0.040521019598651481 0.061501531652001444 6.4200000000055306 -1.0000000180025095e-35 5.2200000000026199 43.516499999999986 6.3800000000002912 1.2370500000000006 104.706 9.6279999999999806 0.35610000000000147 0.051659502975275114 6.7600000000020382 1.6623500000000015 0.060658226447889728 -138.12749999999997 5.6999999999985453 0.034777026458973549 -12.404499999999979 0.10738946363118447 15.723000000000011
decision_type=2 2 2 2 2 2 2 2 2 2 2 2 2 2 2 2 2 2 2 2 2 2 2 2 2 2 2 2 2 2
left_child=1 3 8 6 9 10 13 17 14 26 15 20 -8 18 21 -3 -7 -6 -1 -12 -5 -2 -13 -18 -15 -10 29 -28 -11 -4
right_child=2 5 4 11 7 16 12 -9 25 28 19 22 -14 24 -16 -17 23 -19 -20 -21 -22 -23 -24 -25 -26 -27 27 -29 -30 -31
leaf_value=-0.0010049890702539092 0.00046734128111900684 -9.05560788482877e-05 0.0021967878133625461 -0.00053058117479682515 0.0035110685460018197 0.0016754685695336553 -0.001500263282324329 0.007524972294660791 0.0015715083568089336 0.0038827446068495147 0.00051667991579714702 0.00040523342783661587 -0.00056992019033970127 0.0009712779971651187 0.0016280347376608525 0.00069959696696297478 0.0027650562261298229 0.006634883381437833 -0.00022575420049054565 0.0015861407130665988 5.2172566050414062e-05 0.0015090402250434304 0.0025331901826668233 0.0054970868134639672 -0.00045178227645985199 0.0026515311128993782 0.00069943400738074009 0.0028951312074623611 0.0065801300247123233 0.00068670250790218285
leaf_weight=35737 11817 14880 1697 18937 1447 3355 24989 906 3501 1798 3628 7874 5909 915 5158 8772 922 324 4640 4825 9330 2167 440 338 20634 2574 419 3594 231 978
leaf_count=35737 11817 14880 1697 18937 1447 3355 24989 906 3501 1798 3628 7874 5909 915 5158 8772 922 324 4640 4825 9330 2167 440 338 20634 2574 419 3594 231 978
internal_value=5.68377e-13 -0.000404296 0.00183452 -0.000707154 0.00330408 0.000663007 -0.00092922 0.00524761 0.00117052 0.00270723 0.000445944 -0.000143666 -0.00132234 -0.000733071 0.000898029 0.000202494 0.00217304 0.00408256 -0.000915442 0.00112713 -0.000338233 0.000628766 0.000517851 0.00349793 -0.000391357 0.00202912 0.00225743 0.00266588 0.00418984 0.00164469
internal_weight=202736 166125 36611 129405 11394 36720 92824 2677 25217 8717 32105 36581 30898 61926 19142 23652 4615 1771 40377 8453 28267 13984 8314 1260 21549 6075 6688 4013 2029 2675
internal_count=202736 166125 36611 129405 11394 36720 92824 2677 25217 8717 32105 36581 30898 61926 19142 23652 4615 1771 40377 8453 28267 13984 8314 1260 21549 6075 6688 4013 2029 2675
is_linear=0
shrinkage=0.02


Tree=3
num_leaves=31
num_cat=0
split_feature=10 34 43 10 9 34 10 10 10 34 34 43 43 14 10 14 34 14 9 10 43 14 14 9 14 14 9 10 43 14
split_gain=361.719 121.213 93.4115 37.8546 37.1538 26.9025 22.2694 12.8143 12.3512 12.2005 11.5379 10.8873 10.8488 9.81735 8.6221 12.6911 7.76671 5.93905 5.76982 4.92571 4.88705 4.88564 4.87628 4.52282 4.24924 4.14449 3.83247 3.38533 3.0716 2.9048
threshold=17.787999999999986 0.017057584541012822 7.5799999999973808 61.751999999999988 1.6690000000000011 0.061204343749087918 43.516499999999986 104.706 -0.879000000000007 0.013250724932985221 0.040521019598651481 6.4200000000055306 6.3800000000002912 1.2694166666666675 -138.12749999999997 0.91085000000000049 0.0020312408088233019 0.56303333333333427 5.2260000000000186 104.706 5.8800000000002912 1.2694166666666675 1.3876333333333342 6.4670000000000085 1.6623500000000015 0.1936000000000008 7.0475000000000003 -138.12749999999997 16.400000000004372 0.23393333333333416
decision_type=2 2 2 2 2 2 2 2 2 2 2 2 2 2 2 2 2 2 2 2 2 2 2 2 2 2 2 2 2 2
left_child=1 4 6 10 8 12 9 13 14 25 26 -6 18 -5 15 -1 -16 -8 -3 -19 -10 -7 -12 27 -13 -2 -4 -14 -15 -11
right_child=2 5 3 7 11 21 17 -9 20 29 22 24 23 28 16 -17 -18 19 -20 -21 -22 -23 -24 -25 -26 -27 -28 -29 -30 -31
leaf_value=0.005021054589769979 -0.00028916479789027193 -3.4083409546049931e-05 0.0017529010038309287 0.0033556054070361802 -0.00034943631257864781 0.0019075850239013434 0.0014851696746821311 0.0082874369503520111 -0.00069931529238102114 0.0005406611134068771 0.0031509634356447751 0.00037433971176720318 0.0025032647454837614 0.0052340250748166483 -0.0012221731630860939 -0.00029801336315551745 -0.00071788137320045011 0.0024100301276506709 0.0007287070223978635 0.0057246596950461118 -4.87554175179958e-05 0.0036526997868756564 0.005103942950888991 0.0016470658526930792 0.0024016401405287462 0.000599017225622045 0.0027391683229627817 0.00063682500133340175 0.0075291137725457952 0.0016776310414570407
leaf_weight=207 2502 13791 3770 1075 27475 1896 4282 486 19330 1078 1485 7709 409 604 49147 1347 16257 3506 5568 189 6069 970 780 2905 437 13128 2708 7838 380 5408
leaf_count=207 2502 13791 3770 1075 27475 1896 4282 486 19330 1078 1485 7709 409 604 49147 1347 16257 3506 5568 189 6069 970 780 2905 437 13128 2708 7838 380 5408
internal_value=-1.2292e-12 -0.000427818 0.00166817 0.00321968 -0.000707762 0.000645573 0.0010862 0.00536636 -0.000919394 0.000759444 0.0025948 -0.000159048 0.000471548 0.00467688 -0.00106184 0.000410511 -0.00109682 0.00199211 0.000185309 0.00257957 -0.000543866 0.00249822 0.00382351 0.000968436 0.000483096 0.00045684 0.00216519 0.000729389 0.00612034 0.00148866
internal_weight=202736 161355 41381 11288 127978 33377 30093 2545 92357 22116 8743 35621 30511 2059 66958 1554 65404 7977 19359 3695 25399 2866 2265 11152 8146 15630 6478 8247 984 6486
internal_count=202736 161355 41381 11288 127978 33377 30093 2545 92357 22116 8743 35621 30511 2059 66958 1554 65404 7977 19359 3695 25399 2866 2265 11152 8146 15630 6478 8247 984 6486
is_linear=0
shrinkage=0.02


Tree=4
num_leaves=31
num_cat=0
split_feature=10 34 43 9 10 34 10 45 34 45 43 34 43 34 43 43 14 10 14 45 14 14 45 14 10 10 10 14 45 10
split_gain=347.395 116.483 89.8609 34.8199 33.1972 26.7355 24.4432 16.23 13.2054 13.1689 10.4913 10.1989 10.0992 9.54686 9.05986 8.9957 7.10814 6.8649 6.68764 6.54929 5.59492 5.38063 5.06539 4.69217 4.29619 4.19213 4.11859 3.95195 3.92536 3.48115
threshold=17.787999999999986 0.016045880030093756 8.3199999999997107 1.6690000000000011 61.751999999999988 0.061204343749087918 43.516499999999986 0.053946345033183296 0.01846981702454616 0.062110590146075881 12.9699999999968 0.0022337771493084507 6.2800000000002916 0.01846981702454616 5.2200000000026199 6.2800000000002916 0.56303333333333427 104.706 0.72748333333333404 0.055998959094736192 1.3876333333333342 0.21363333333333442 0.051659502975275114 1.2694166666666675 -138.12749999999997 -1.1120000000000165 104.706 1.6623500000000015 0.056573077994046671 4.442999999999981
decision_type=2 2 2 2 2 2 2 2 2 2 2 2 2 2 2 2 2 2 2 2 2 2 2 2 2 2 2 2 2 2
left_child=1 3 6 7 13 9 8 14 21 15 26 29 22 -4 25 -3 -8 -18 -11 -15 -21 -2 -5 -7 -16 -1 -6 -14 -25 -9
right_child=2 5 4 12 10 23 16 11 -10 18 -12 -13 27 19 24 -17 17 -19 -20 20 -22 -23 -24 28 -26 -27 -28 -29 -30 -31
leaf_value=-0.001034155130664709 -0.00019734035806917203 -0.00011399076008278882 0.0019917203501333041 -0.00055125285268997181 0.0036668601619857513 0.0018694333080031573 0.0014819000741086628 -0.0015015925433388125 0.0016719953964864911 0.00087221477232064283 0.0068579601485450935 -0.00045893419053579166 0.00034000164496267467 0.0026306155836439914 0.0010089946657020554 0.00067460339169810393 0.0024363736315829981 0.0060362702807261869 0.0024135507347247441 0.0034589930944547553 0.0058868492942144111 0.00069447243939047508 3.6437582808452896e-05 0.0027180119510775052 -0.0004255025102959211 -0.00058309406697204383 0.007273666122607117 0.0023066298473016478 0.0054582902837972168 -0.00085773274333796642
leaf_weight=25574 3318 14620 3812 17703 1000 1896 4483 24172 5227 6863 1101 5345 7907 1858 873 9576 3920 224 1347 1011 608 14674 8774 665 19242 12161 145 431 305 3901
leaf_count=25574 3318 14620 3812 17703 1000 1896 4483 24172 5227 6863 1101 5345 7907 1858 873 9576 3920 224 1347 1011 608 14674 8774 665 19242 12161 145 431 305 3901
internal_value=7.19238e-13 -0.000419262 0.00163481 -0.000703483 0.00333807 0.000596712 0.00112484 -0.00090876 0.00078709 0.000432961 0.00546401 -0.00125967 -0.000165348 0.002683 -0.000706053 0.000198109 0.00203386 0.00263096 0.0011251 0.00344088 0.00437075 0.000530009 -0.000356503 0.00244826 -0.000363245 -0.00088879 0.00412362 0.000441659 0.00357965 -0.00141212
internal_weight=202736 161355 41381 126083 9535 35272 31846 91268 23219 32406 2246 33418 34815 7289 57850 24196 8627 4144 8210 3477 1619 17992 26477 2866 20115 37735 1145 8338 970 28073
internal_count=202736 161355 41381 126083 9535 35272 31846 91268 23219 32406 2246 33418 34815 7289 57850 24196 8627 4144 8210 3477 1619 17992 26477 2866 20115 37735 1145 8338 970 28073
is_linear=0
shrinkage=0.02


Tree=5
num_leaves=31
num_cat=0
split_feature=10 34 14 9 10 34 45 43 34 45 34 43 43 10 10 43 14 14 45 14 10 45 14 34 6 43 43 10 10 44
split_gain=333.861 120.561 79.0632 37.0464 29.3536 26.0964 16.5742 15.7003 12.6391 11.763 11.1145 10.9225 8.56769 7.74882 7.54808 7.11834 7.00633 6.43489 6.43183 5.33207 5.32795 5.01532 4.7563 4.62038 4.33446 4.21959 4.20036 4.04523 3.653 3.45653
threshold=20.726999999999993 0.017057584541012822 0.77161666666666784 1.6690000000000011 91.561999999999998 0.052823995921006194 0.051973598821360691 12.740000000000874 0.016383747589531556 0.061501531652001444 -0.00042017028562528865 5.6999999999985453 5.1800000000032016 43.516499999999986 57.764499999999991 6.3800000000002912 0.97213333333333418 2.1761666666666684 0.034777026458973549 0.35610000000000147 9.6279999999999806 0.049649908563681948 1.6623500000000015 0.061204343749087918 0.15519999999999939 5.6999999999985453 6.6599999999962174 -138.12749999999997 36.687999999999988 -0.55843657980279449
decision_type=2 2 2 2 2 2 2 2 2 2 2 2 2 2 2 2 2 2 2 2 2 2 2 2 2 2 2 2 2 2
left_child=1 3 8 6 7 9 12 18 13 15 -8 21 20 26 23 -3 -7 29 24 -11 -1 -5 -13 -9 -4 -10 -2 -14 -20 -6
right_child=2 5 4 11 17 16 10 14 25 19 -12 22 27 -15 -16 -17 -18 -19 28 -21 -22 -23 -24 -25 -26 -27 -28 -29 -30 -31
leaf_value=-0.00091817251431591004 0.00043974747871455285 -6.2665267311108169e-05 0.0024753913166785037 -0.00054033875970732137 0.0067104206340316734 0.0014417394082981701 -0.0013786364010643696 0.0028655104354198208 0.0014568997436694845 0.00050986564320948207 -0.0005364678129052158 0.00033249818436164772 0.0010399085076580007 0.0015153329945019433 0.006001351418181684 0.00067389137948008107 0.0030334490579904689 0.0084140998884192058 0.0021475877276405713 0.0015511336264471484 -0.00018273263834051034 2.3415205069274196e-05 0.0023910126482629456 0.0050436040406580179 0.00093274409713130929 0.0025170387552103024 0.0014016626846801378 -0.00037665526820994605 0.0032766745783182473 0.0038912020205912356
leaf_weight=32975 11099 13804 1320 17292 316 2830 28854 1296 3619 3417 8008 10036 842 5085 667 8468 1816 371 1942 4636 4475 9941 470 557 1626 2567 2171 19052 2797 387
leaf_count=32975 11099 13804 1320 17292 316 2830 28854 1296 3619 3417 8008 10036 842 5085 667 8468 1816 371 1942 4636 4475 9941 470 557 1626 2567 2171 19052 2797 387
internal_value=1.69384e-12 -0.000375977 0.001752 -0.000652697 0.003138 0.000668085 -0.000864808 0.00280701 0.00111499 0.000454237 -0.00119568 -0.000123216 -0.000652115 0.000851497 0.00417694 0.00021738 0.0020639 0.00628307 0.00235779 0.00110931 -0.000830293 -0.000334549 0.000424589 0.00352023 0.00162395 0.00189682 0.000597119 -0.0003167 0.00281398 0.00515845
internal_weight=202736 166916 35820 131945 11279 34971 94206 10205 24541 30325 36862 37739 57344 18355 2520 22272 4646 1074 7685 8053 37450 27233 10506 1853 2946 6186 13270 19894 4739 703
internal_count=202736 166916 35820 131945 11279 34971 94206 10205 24541 30325 36862 37739 57344 18355 2520 22272 4646 1074 7685 8053 37450 27233 10506 1853 2946 6186 13270 19894 4739 703
is_linear=0
shrinkage=0.02


Tree=6
num_leaves=31
num_cat=0
split_feature=10 34 43 10 9 34 10 45 45 10 34 34 43 14 34 43 43 14 14 14 45 14 10 14 45 45 10 14 34 10
split_gain=321.197 106.625 84.6569 34.2537 30.2549 26.2049 20.1752 15.3559 12.1127 11.5836 11.2527 10.7498 9.40344 8.95032 8.2327 7.76422 7.75503 6.6678 5.77655 5.26826 4.72058 4.48523 4.35604 4.1851 4.15061 4.12675 3.74353 3.70742 3.62405 3.34212
threshold=17.378499999999985 0.014425828684113644 7.5799999999973808 61.751999999999988 1.3800000000000148 0.050771600401086171 43.516499999999986 0.051360135937023245 0.061804437799424385 104.706 0.014114095607827878 0.040521019598651481 6.2800000000002916 1.2694166666666675 0.0022337771493084507 5.2200000000026199 6.8800000000002912 1.2370500000000006 0.52300000000000157 0.56303333333333427 0.060658226447889728 1.3876333333333342 104.706 0.1936000000000008 0.053400395940931031 0.031272666988371389 -138.12749999999997 1.7400000000000009 -0.0098489660756752011 3.9899999999999807
decision_type=2 2 2 2 2 2 2 2 2 2 2 2 2 2 2 2 2 2 2 2 2 2 2 2 2 2 2 2 2 2
left_child=1 4 6 11 7 8 10 15 16 13 23 28 24 -5 29 -1 -3 -7 -10 -8 -19 -13 -21 -2 -6 -15 -17 -14 -4 -9
right_child=2 5 3 9 12 17 19 14 18 -11 -12 21 27 25 -16 26 -18 20 -20 22 -22 -23 -24 -25 -26 -27 -28 -29 -30 -31
leaf_value=-0.0008545404637112752 -0.0003006322368160267 -0.00014782356401362164 0.0014685389481393697 0.0031512461895033782 -0.00054399473882843204 0.0014379439147950172 0.0013948939240255266 -0.0014285378976991285 0.00062592167939065472 0.0078456265637996021 0.0014181351990238966 0.0029756951773519747 0.00029281917680438671 0.0036353887794756219 -0.00049485083209109808 0.0010047704553953092 0.00061514702159374982 0.0024083520476137895 0.0017703438896647761 0.0022662040750235997 0.0052002655189875282 0.0048378325720845215 0.0053832718424459613 0.00056706400565056003 1.4105302008896829e-06 0.0065692672171542375 -0.00040154761710003788 0.0022901127672368417 0.0024204619353773412 -0.00082667016623569822
leaf_weight=33573 2652 17081 2728 1075 18895 3663 4282 25961 5899 486 6354 1503 7943 261 5394 792 7745 960 2517 3506 324 789 189 13760 7921 723 17200 390 3868 4302
leaf_count=33573 2652 17081 2728 1075 18895 3663 4282 25961 5899 486 6354 1503 7943 261 5394 792 7745 960 2517 3506 324 789 189 13760 7921 723 17200 390 3868 4302
internal_value=6.80223e-13 -0.000408004 0.00155323 0.00302257 -0.000695923 0.000514591 0.0010068 -0.000895556 0.000312484 0.00506836 0.000703521 0.00243677 -0.000200535 0.00441282 -0.00121468 -0.000674883 9.02014e-05 0.00187267 0.000968188 0.00187234 0.00311285 0.00361672 0.00242564 0.000426854 -0.000382891 0.00579107 -0.000339642 0.000386296 0.00202676 -0.00134298
internal_weight=202736 160560 42176 11433 122371 38189 30743 87222 33242 2545 22766 8888 35149 2059 35657 51565 24826 4947 8416 7977 1284 2292 3695 16412 26816 984 17992 8333 6596 30263
internal_count=202736 160560 42176 11433 122371 38189 30743 87222 33242 2545 22766 8888 35149 2059 35657 51565 24826 4947 8416 7977 1284 2292 3695 16412 26816 984 17992 8333 6596 30263
is_linear=0
shrinkage=0.02


Tree=7
num_leaves=31
num_cat=0
split_feature=10 34 43 10 9 34 10 34 10 9 43 43 34 10 14 34 14 10 41 14 43 14 14 43 10 43 10 34 9 13
split_gain=308.494 103.329 80.3648 29.6269 29.506 25.4063 21.6189 11.7837 10.8058 10.0254 9.47212 9.10354 8.58059 7.32396 11.9474 6.88826 6.33386 6.12161 5.96535 5.63832 5.61393 4.92554 4.66092 4.33238 4.23923 3.34125 3.06128 2.80752 2.76592 2.62535
threshold=17.787999999999986 0.014425828684113644 8.3199999999997107 61.751999999999988 1.3800000000000148 0.048816194574023503 43.516499999999986 0.01846981702454616 -1.1120000000000165 5.2260000000000186 13.470000000001166 3.8800000000002917 0.01846981702454616 -138.12749999999997 0.91085000000000049 0.087569951792432002 0.56303333333333427 104.706 26.484854541887675 1.3876333333333342 6.3800000000002912 0.21363333333333442 1.6623500000000015 5.8800000000002912 104.706 5.9800000000002926 -138.12749999999997 -0.00082026025026581682 10.439000000000014 1.1748666666666685
decision_type=2 2 2 2 2 2 2 2 2 2 2 2 2 2 2 2 2 2 2 2 2 2 2 2 2 2 2 2 2 2
left_child=1 4 6 12 8 9 7 21 13 20 24 -6 -4 14 -1 29 -8 -18 -15 -14 -3 -2 28 -10 -5 -11 -22 -23 -13 -7
right_child=2 5 3 10 11 15 16 -9 23 25 -12 22 19 18 -16 -17 17 -19 -20 -21 26 27 -24 -25 -26 -27 -28 -29 -30 -31
leaf_value=0.0049419374205642887 -0.00019810920082049575 -0.00012123744130285769 0.0018771072603406757 0.0035021995291122407 -0.00048729738430093958 0.0012020968130318718 0.0013921509864724994 0.0015765657373184414 -0.00066668563707448299 0.00057471860794207862 0.0065772452569589383 -2.1583987416653369e-05 0.002731691982498354 -0.0013802997903329254 -0.00032755968922105252 0.0033904627730632336 0.0022930736540534148 0.0056925013145831017 -0.00093070047650912623 0.0045000901971772684 0.0023280546174238815 0.00041039968835682465 0.0021057397795952622 -4.1232883714263863e-05 0.0069405584504087297 0.0013742231693219722 0.00044778822531512898 0.00096783583238880036 0.00068519668085240831 0.0023413270332017229
leaf_weight=198 3318 16415 3812 1055 19127 3585 4483 5227 18377 5668 1025 13183 2456 15895 1316 879 3920 224 45869 1021 364 8231 476 5837 166 3313 7146 6443 2662 1045
leaf_count=198 3318 16415 3812 1055 19127 3585 4483 5227 18377 5668 1025 13183 2456 15895 1316 879 3920 224 45869 1021 364 8231 476 5837 166 3313 7146 6443 2662 1045
internal_value=8.88e-13 -0.000395091 0.00154056 0.00315132 -0.000678004 0.000510319 0.00105828 0.00074065 -0.000875224 0.000299869 0.00515967 -0.000191231 0.00253247 -0.00101272 0.000361582 0.00176737 0.00191318 0.00247683 -0.00104641 0.00325097 8.59851e-05 0.000497801 0.000155737 -0.000515915 0.00396966 0.000869648 0.000538922 0.000655156 9.71569e-05 0.00145922
internal_weight=202736 161355 41381 9535 122940 38415 31846 23219 87492 32906 2246 35448 7289 63278 1514 5509 8627 4144 61764 3477 23925 17992 16321 24214 1221 8981 7510 14674 15845 4630
internal_count=202736 161355 41381 9535 122940 38415 31846 23219 87492 32906 2246 35448 7289 63278 1514 5509 8627 4144 61764 3477 23925 17992 16321 24214 1221 8981 7510 14674 15845 4630
is_linear=0
shrinkage=0.02


Tree=8
num_leaves=31
num_cat=0
split_feature=9 34 34 45 13 9 45 13 9 34 34 9 13 13 13 9 41 20 34 13 20 44 13 20 44 45 9 9 34 41
split_gain=205.488 86.7621 44.3007 28.2785 22.4305 21.0638 22.4373 19.7313 10.0676 8.32023 8.01061 6.55204 5.72503 4.5892 4.37885 3.90185 3.84929 3.76609 3.58346 3.50201 3.24169 3.00829 2.53522 2.44879 2.39928 2.35325 2.25827 2.2353 2.14386 2.13023
threshold=7.8965000000000041 0.0099925270388484567 0.061204343749087918 0.043383337887632004 0.69200000000000206 -0.95699999999998886 0.051360135937023245 0.73540000000000028 37.33100000000001 0.048816194574023503 0.026292442056823462 29.056500000000007 0.28866666666666663 0.23513333333333439 0.50740000000000107 12.143500000000008 65.884419652272769 3.2999999999956349 -0.00062480896580758552 1.938466666666667 5.1500000000014561 0.40228200762313032 0.3368666666666687 5.7000000000043665 3.3560177182225739 0.068145390656240465 4.1900000000000119 26.659000000000002 0.012128137907087737 14.742312799182921
decision_type=2 2 2 2 2 2 2 2 2 2 2 2 2 2 2 2 2 2 2 2 2 2 2 2 2 2 2 2 2 2
left_child=1 5 3 13 10 6 14 15 19 -6 16 17 29 -2 -1 28 -3 -9 25 -4 -15 -16 -12 -14 -10 -8 -18 -22 -5 -7
right_child=2 4 8 7 9 12 18 11 24 -11 22 -13 23 20 21 -17 26 -19 -20 -21 27 -23 -24 -25 -26 -27 -28 -29 -30 -31
leaf_value=-0.00060704309583883896 -0.00036526238371069667 0.0003164963625457535 0.0028144970565923541 0.00049791769544938814 0.00098997227355106807 -0.0009597757804214105 -0.001069805253825673 0.0017456474451833619 0.0073813009602174667 0.0023852890768025019 0.00034104433055391674 0.0040321331797319709 -0.00014394632716663403 0.00040674578219777944 6.6553612660931195e-05 0.0016805021696638547 -0.00029707441930285078 0.0028859365802781029 -0.00064813911860282976 0.0046001944744298254 0.00092415645676174299 -0.0005201132149545174 0.00089284003368236917 0.00029914054662349114 0.0045634737984872739 -0.0014350472854852245 0.00033181668210828915 0.0021679407520967804 0.0012987407908989896 -0.00037604819431285913
leaf_weight=25657 1923 10838 1446 2609 7115 2798 15290 2049 356 2250 6297 1225 16362 6010 8594 5124 12125 2666 4812 631 3338 5894 7070 7178 183 13103 2814 699 2743 23537
leaf_count=25657 1923 10838 1446 2609 7115 2798 15290 2049 356 2250 6297 1225 16362 6010 8594 5124 12125 2666 4812 631 3338 5894 7070 7178 183 13103 2814 699 2743 23537
internal_value=-1.82456e-13 -0.000270536 0.00149862 0.00126911 0.000445946 -0.000552588 -0.000768208 0.00180814 0.00398905 0.00132521 0.000235587 0.00272897 -0.000235479 0.000529855 -0.000450081 0.00128603 2.95571e-05 0.0023904 -0.00115283 0.003357 0.000701181 -0.000172114 0.000632897 -8.83683e-06 0.0064246 -0.00123836 -0.000178613 0.00113952 0.000908354 -0.000438067
internal_weight=202736 171734 31002 28386 48509 123225 73350 16416 2616 9365 39144 5940 49875 11970 40145 10476 25777 4715 33205 2077 10047 14488 13367 23540 539 28393 14939 4037 5352 26335
internal_count=202736 171734 31002 28386 48509 123225 73350 16416 2616 9365 39144 5940 49875 11970 40145 10476 25777 4715 33205 2077 10047 14488 13367 23540 539 28393 14939 4037 5352 26335
is_linear=0
shrinkage=0.02


Tree=9
num_leaves=31
num_cat=0
split_feature=10 34 43 10 9 34 10 45 45 10 34 34 34 43 43 43 43 43 45 10 34 10 10 43 34 9 45 45 44 34
split_gain=292.097 93.1085 78.0844 32.1209 28.1297 21.444 19.26 13.5034 10.7937 10.6747 10.564 9.80516 8.9048 8.45976 8.12621 7.46455 6.83681 5.01664 4.60092 4.56118 3.9209 3.72066 3.70977 3.69057 3.46213 3.38444 3.64065 3.36822 3.31666 3.16916
threshold=16.57449999999999 0.017057584541012822 7.5799999999973808 61.751999999999988 1.8230000000000033 0.061204343749087918 43.516499999999986 0.056279252309106985 0.062110590146075881 104.706 0.014114095607827878 0.040521019598651481 0.0022337771493084507 5.6999999999985453 5.1800000000032016 13.760000000002039 8.3199999999997107 6.0399999999979643 0.057748997619839183 91.561999999999998 0.10738946363118447 -138.12749999999997 -1.1120000000000165 18.719999999999711 -0.0098489660756752011 10.439000000000014 0.041546585278431976 0.067217266334067591 0.20626399248918412 0.019948714208226186
decision_type=2 2 2 2 2 2 2 2 2 2 2 2 2 2 2 2 2 2 2 2 2 2 2 2 2 2 2 2 2 2
left_child=1 4 6 11 7 8 10 14 16 15 -2 24 -9 18 22 -5 -3 -10 -6 29 -7 -16 -1 -13 27 -15 -27 -4 -21 -8
right_child=2 5 3 9 13 20 19 12 17 -11 -12 23 -14 25 21 -17 -18 -19 -20 28 -22 -23 -24 -25 -26 26 -28 -29 -30 -31
leaf_value=-0.00095413758145776538 0.00039112900847441376 -2.748656336146546e-05 0.0016443468076256349 0.0033206470566616302 -0.00051229727660965195 0.0019192259393640515 0.0014076462636009605 -0.001318240466789172 0.00070888998453425423 0.0074962443836922507 0.0013247326644340743 0.0030329038917581968 -0.00039299018118505715 0.00014910700883147052 0.00089137151878480696 0.0058483394687127311 0.00078314135983255275 0.001829313011346249 0.00011941818232452059 0.0025794634385250012 0.0040704801168084748 -0.0003989694247334164 -0.00054040541204579591 0.0050839499993206461 0.0022876088573438175 0.00026809682964180941 0.0019062540976787069 -0.00039029729661842183 0.0058491241158917552 0.0023981862717533803
leaf_weight=27485 17310 16801 2463 1342 17910 2423 5583 25684 5315 486 6734 1908 4965 7389 934 717 5532 2286 6211 553 394 20800 12663 430 4026 1142 1034 375 160 1681
leaf_count=27485 17310 16801 2463 1342 17910 2423 5583 25684 5315 486 6734 1908 4965 7389 934 717 5532 2286 6211 553 394 20800 12663 430 4026 1142 1034 375 160 1681
internal_value=2.70065e-13 -0.000398338 0.00144679 0.00284151 -0.000644898 0.000551866 0.000935128 -0.000825048 0.000394872 0.00483015 0.000652603 0.00229151 -0.00116835 -0.000150049 -0.000655015 0.00420086 0.00017331 0.00104586 -0.000349635 0.0017867 0.00222011 -0.000343518 -0.000823643 0.00341013 0.00191049 0.000353266 0.00104652 0.0013755 0.00331319 0.00163687
internal_weight=202736 158968 43768 11747 126217 32751 32021 92531 29934 2545 24044 9202 30649 33686 61882 2059 22333 7601 24121 7977 2817 21734 40148 2338 6864 9565 2176 2838 713 7264
internal_count=202736 158968 43768 11747 126217 32751 32021 92531 29934 2545 24044 9202 30649 33686 61882 2059 22333 7601 24121 7977 2817 21734 40148 2338 6864 9565 2176 2838 713 7264
is_linear=0
shrinkage=0.02


Tree=10
num_leaves=31
num_cat=0
split_feature=10 29 14 9 10 43 10 43 43 41 43 45 10 45 10 45 45 14 9 14 10 9 45 9 43 29 10 10 9 45
split_gain=281.066 72.2807 67.1083 37.4216 24.7857 19.6053 14.4486 13.1438 10.4 10.0347 9.61299 9.35909 8.44104 7.96905 6.47097 6.0258 5.63897 5.61248 5.33493 5.13645 4.58177 4.30065 4.27771 3.96633 3.8561 3.82858 3.76248 3.72983 3.67841 3.57596
threshold=20.726999999999993 0.023437612986021431 0.77161666666666784 2.761000000000013 91.561999999999998 8.3199999999997107 3.3029999999999933 13.209999999999129 4.0199999999997091 29.986148919625276 5.6999999999985453 0.067217266334067591 -138.12749999999997 0.060658226447889728 61.751999999999988 0.034777026458973549 0.051659502975275114 2.1761666666666684 -1.3690000000000007 1.6623500000000015 29.345499999999983 15.723000000000011 0.053946345033183296 12.978000000000005 7.9199999999997095 0.082377288728352496 43.516499999999986 6.3439999999999781 7.5380000000000162 0.051081432997896248
decision_type=2 2 2 2 2 2 2 2 2 2 2 2 2 2 2 2 2 2 2 2 2 2 2 2 2 2 2 2 2 2
left_child=1 3 8 6 7 11 9 15 26 22 16 27 -11 25 28 21 -5 -6 -10 29 -20 -4 -1 -15 -8 -7 -2 -3 -9 -12
right_child=2 5 4 10 17 13 24 14 18 12 19 -13 -14 23 -16 -17 -18 -19 20 -21 -22 -23 -24 -25 -26 -27 -28 -29 -30 -31
leaf_value=-0.00096274785281969455 0.00042632564625091603 -0.00015342601314432129 0.0021207037298837444 -0.00042833839917226578 0.0047241517107610518 0.00075437268746446037 -0.00038161339064821917 0.0021182873881730934 0.00080929435905675601 0.00096012969710577089 0.00019072717253016197 0.00099590024864988072 -0.00075448084750672341 0.0018067861695572258 0.0058207841346797967 0.0026249850635724093 0.00022138407784310873 0.0077646507656156539 0.0011307115737442636 0.0025145434919568287 0.0021007280072435491 0.00058637252482391278 -0.0015016417474562574 0.0037733827739883691 0.000432055052300306 0.0019009258980113744 0.001230086588828761 0.00050868408988382773 0.003999710977931668 0.0010393600886090806
leaf_weight=12887 9581 14727 1767 14305 703 5688 18968 650 3651 1173 6341 4696 54952 1228 538 4851 8529 371 3164 512 5067 1246 10855 616 2656 1465 3078 4426 1153 2892
leaf_count=12887 9581 14727 1767 14305 703 5688 18968 650 3651 1173 6341 4696 54952 1228 538 4851 8529 371 3164 512 5067 1246 10855 616 2656 1465 3078 4426 1153 2892
internal_value=2.73948e-13 -0.000344971 0.00160751 -0.000550971 0.00288444 0.000495876 -0.000740284 0.00258029 0.00102064 -0.000864453 3.87821e-05 0.00019576 -0.000718646 0.00129142 0.00389583 0.00218867 -0.000185653 0.00577445 0.00144561 0.000564667 0.00172785 0.00148619 -0.00120913 0.00246374 -0.000281673 0.000989197 0.000621758 -4.21298e-07 0.00332144 0.00045654
internal_weight=202736 166916 35820 134070 11279 32846 101491 10205 24541 79867 32579 23849 56125 8997 2341 7864 22834 1074 11882 9745 8231 3013 23742 1844 21624 7153 12659 19153 1803 9233
internal_count=202736 166916 35820 134070 11279 32846 101491 10205 24541 79867 32579 23849 56125 8997 2341 7864 22834 1074 11882 9745 8231 3013 23742 1844 21624 7153 12659 19153 1803 9233
is_linear=0
shrinkage=0.02


Tree=11
num_leaves=31
num_cat=0
split_feature=10 34 43 10 9 34 10 45 45 34 10 34 34 43 43 43 43 45 43 45 10 13 10 9 9 44 34 45 10 10
split_gain=270.053 86.7231 72.7099 29.8666 26.0252 20.0492 17.8068 13.0425 10.2463 9.97856 9.93024 9.27102 8.79862 8.46119 7.15878 6.8121 6.71142 6.08908 4.94608 4.54272 4.21763 3.65905 3.41631 3.16609 3.11397 3.09118 3.00298 2.99102 2.95488 2.68448
threshold=16.57449999999999 0.017057584541012822 7.5799999999973808 61.751999999999988 1.3800000000000148 0.065064307952460362 43.516499999999986 0.051360135937023245 0.062110590146075881 0.013250724932985221 104.706 0.01846981702454616 0.0026587955295749913 6.9400000000008744 5.2200000000026199 13.760000000002039 8.3199999999997107 0.055998959094736192 5.9800000000002926 0.047329919044395839 91.561999999999998 1.5215666666666674 -138.12749999999997 10.439000000000014 24.937000000000001 0.20626399248918412 0.019948714208226186 0.043383337887632004 -1.1120000000000165 -1.1120000000000165
decision_type=2 2 2 2 2 2 2 2 2 2 2 2 2 2 2 2 2 2 2 2 2 2 2 2 2 2 2 2 2 2
left_child=1 4 6 11 7 8 9 14 16 -2 15 -4 29 19 28 -5 -3 -13 -10 -6 26 -19 -16 -15 -7 -22 -8 -25 -1 -9
right_child=2 5 3 10 13 24 20 12 18 -11 -12 17 -14 23 22 -17 -18 21 -20 -21 25 -23 -24 27 -26 -27 -28 -29 -30 -31
leaf_value=-0.00089947348679833355 0.00036314540461356921 -1.6672242219252589e-05 0.0016306418090596161 0.0032067649618553514 -0.00051906301378230153 0.0021613722253504748 0.0013489931016238109 -0.0013383553901034234 0.00068608701608044074 0.0012579265837938797 0.0072260210994217131 0.0022035080564823703 -0.00038552142044008276 0.00020846640485915229 0.0009701192287631114 0.0056214630206581854 0.00077394289491075922 0.0030571039929839471 0.0017776784809000216 -1.0111927032901979e-05 0.0024757323723303653 0.0048677723616429164 -0.00034725617455972941 0.00044899684389265672 0.0054968029276420503 0.0056322960024699567 0.0023132142366811205 0.0021303679017736087 -0.00050152754487555818 -0.00089432265747672326
leaf_weight=23914 16988 16953 5047 1342 18103 2188 5583 23262 5328 7056 486 2255 5820 5435 824 717 5752 1183 2412 11453 553 717 17730 955 118 160 1681 760 10850 7111
leaf_count=23914 16988 16953 5047 1342 18103 2188 5583 23262 5328 7056 486 2255 5820 5435 824 717 5752 1183 2412 11453 553 717 17730 955 118 160 1681 760 10850 7111
internal_value=1.61093e-13 -0.000383012 0.00139112 0.00273699 -0.000620968 0.00053403 0.000897387 -0.000804875 0.000397842 0.00062573 0.00465458 0.00220664 -0.00109789 -0.000172493 -0.000605969 0.00404763 0.000183619 0.0029063 0.00102626 -0.000321844 0.00171621 0.00374039 -0.00028875 0.000444879 0.00233205 0.00318408 0.00157213 0.00119409 -0.000775273 -0.0012344
internal_weight=202736 158968 43768 11747 126217 32751 32021 89511 30445 24044 2545 9202 36193 36706 53318 2059 22705 4155 7740 29556 7977 1900 18554 7150 2306 713 7264 1715 34764 30373
internal_count=202736 158968 43768 11747 126217 32751 32021 89511 30445 24044 2545 9202 36193 36706 53318 2059 22705 4155 7740 29556 7977 1900 18554 7150 2306 713 7264 1715 34764 30373
is_linear=0
shrinkage=0.02


Tree=12
num_leaves=31
num_cat=0
split_feature=9 14 33 45 9 45 45 43 43 14 14 43 43 41 14 43 14 43 44 14 9 43 14 43 45 43 45 9 44 44
split_gain=178.29 53.8985 44.6624 24.967 24.2409 20.5141 18.7291 16.3114 15.5768 13.4967 10.2602 9.191 6.65527 6.34884 6.0153 4.4802 4.03662 3.64934 3.38367 3.36026 3.24502 3.16017 2.78022 2.5926 2.52497 2.31954 2.25616 2.19366 2.08504 2.04536
threshold=7.8965000000000041 1.6623500000000015 0.012367565216638196 0.054517469257182948 -0.88999999999998269 0.048169191919144858 0.036614491121884689 3.8400000000008734 7.7800000000002916 0.6757000000000013 0.75306666666666777 6.540000000000874 5.5600000000020389 32.561240336825499 1.5409333333333344 9.5200000000026215 0.44613333333333466 3.6400000000008736 0.40228200762313032 0.77161666666666784 1.4545000000000041 16.400000000004372 0.31403333333333422 4.9000000000014561 0.067217266334067591 3.3600000000020378 0.03753649286102672 -16.565999999999985 0.69797269886537061 2.3422459782686049
decision_type=2 2 2 2 2 2 2 2 2 2 2 2 2 2 2 2 2 2 2 2 2 2 2 2 2 2 2 2 2 2
left_child=2 3 4 11 5 10 -3 22 20 23 17 25 -8 -7 16 -11 -9 -1 -12 28 -4 -14 -6 -5 -23 -2 -13 -21 -10 -29
right_child=1 6 8 9 7 13 12 14 19 15 18 26 21 -15 -16 -17 -18 -19 -20 27 -22 24 -24 -25 -26 -27 -28 29 -30 -31
leaf_value=-0.00067776869690262397 -0.00015471253160772964 0.0015983337961332188 -7.6611122495453087e-05 0.00095475369795650533 -0.00050671847352205866 -0.0012695678422839658 0.0020333667956751759 3.6005781442994872e-05 0.00098040745693700774 0.0021572058786597063 0.00073591819706035014 0.00085896529288849379 0.0044576892641715908 -0.00074539866786975731 0.0026656863342342414 0.0034381963472342944 0.00056077214652452078 -0.00026491278090505987 -0.0001153240559340924 0.00085740972527079021 0.00041955586388823103 0.0052929833990872288 -0.000133235197325328 0.0017275379373727451 0.007452763177387349 0.00047684546516902688 0.0016582803828800194 0.0020076810336743947 0.00012540359586545293 0.00042305032350683217
leaf_weight=17749 4533 1074 13290 4781 23376 16520 303 14461 4239 3285 3995 3525 1051 20983 419 1636 9862 16549 3508 1480 8740 619 12099 2727 333 4778 2357 2529 1561 374
leaf_count=17749 4533 1074 13290 4781 23376 16520 303 14461 4239 3285 3995 3525 1051 20983 419 1636 9862 16549 3508 1480 8740 619 12099 2727 333 4778 2357 2529 1561 374
internal_value=-5.95064e-13 0.00139592 -0.000251996 0.00110421 -0.000406974 -0.000636693 0.00377985 -0.000104441 0.000419243 0.00176901 -0.000332009 0.000560355 0.00479587 -0.000976294 0.000289707 0.00258307 0.000248777 -0.000478563 0.000337923 0.00106612 0.000120234 0.00521376 -0.000379339 0.00123544 0.00604845 0.000169376 0.00117926 0.00148405 0.000750293 0.00180353
internal_weight=202736 31002 171734 27622 139521 79304 3380 60217 32213 12429 41801 15193 2306 37503 24742 4921 24323 34298 7503 10183 22030 2003 35475 7508 952 9311 5882 4383 5800 2903
internal_count=202736 31002 171734 27622 139521 79304 3380 60217 32213 12429 41801 15193 2306 37503 24742 4921 24323 34298 7503 10183 22030 2003 35475 7508 952 9311 5882 4383 5800 2903
is_linear=0
shrinkage=0.02


Tree=13
num_leaves=31
num_cat=0
split_feature=10 34 14 9 10 34 45 43 45 34 10 34 43 43 43 14 10 10 45 14 14 14 6 14 45 45 45 44 43 34
split_gain=255.796 89.7266 60.379 25.059 22.549 22.1363 12.7767 11.7455 10.3368 9.60284 7.75098 7.44076 7.14109 6.34023 6.33764 6.29626 5.79271 5.46331 5.31173 5.02109 4.6697 4.54912 4.10989 3.94853 3.50719 3.26907 3.18489 3.11958 3.25648 3.11651
threshold=20.726999999999993 0.014425828684113644 0.77161666666666784 2.1990000000000172 91.561999999999998 0.048816194574023503 0.056279252309106985 12.740000000000874 0.061501531652001444 0.011574350805135121 9.3559999999999928 -0.00042017028562528865 3.8199999999967988 5.3000000000014564 5.6999999999985453 0.97213333333333418 44.904999999999994 43.516499999999986 0.034777026458973549 2.1761666666666684 0.35856666666666714 0.43086666666666812 0.15519999999999939 1.6623500000000015 0.062707779652269049 0.062707779652269049 0.049939393137914324 -0.49162951159324991 7.7199999999967988 -0.0028809956724747568
decision_type=2 2 2 2 2 2 2 2 2 2 2 2 2 2 2 2 2 2 2 2 2 2 2 2 2 2 2 2 2 2
left_child=1 3 9 6 7 8 10 18 13 17 14 -8 -5 -3 -1 -7 29 -2 22 27 -10 -11 -4 26 -18 -17 -14 28 -6 -9
right_child=2 5 4 12 19 15 11 16 20 21 -12 -13 23 -15 -16 25 24 -19 -20 -21 -22 -23 -24 -25 -26 -27 -28 -29 -30 -31
leaf_value=-0.00081553819071723387 0.00047649142462707976 -0.0001933361154916555 0.0022283214254174241 -0.00039430200877944198 0.0031712761909248083 0.0011471789564532703 -0.0012368744447250823 0.0013658350892509503 0.0003801924540284585 0.0010993259186965307 9.1088666950035204e-06 -0.0004637867908495421 -4.7312070283354715e-05 0.00043996129421814431 -0.00035491379712064677 0.0020278257427560923 0.0039831571360032817 0.0012839623648219479 0.002480689834896928 0.0073837177563870369 0.0012968332031585664 0.002058483500164107 0.00072616751196646445 0.0020127651676972538 0.0064192695288849974 0.0037997092239278013 0.00058619134307847406 0.0032970328795445432 0.0074354171059562262 0.0034140715008755635
leaf_weight=38364 11938 13847 1320 16589 109 3715 25173 438 4038 4221 7592 6208 10343 11638 17352 1484 827 4660 4739 371 4946 3722 1626 468 331 579 4580 385 209 924
leaf_count=38364 11938 13847 1320 16589 109 3715 25173 438 4038 4221 7592 6208 10343 11638 17352 1484 827 4660 4739 371 4946 3722 1626 468 331 579 4580 385 209 924
internal_value=-1.6618e-13 -0.000329098 0.00153355 -0.000590479 0.00274476 0.000493542 -0.000753959 0.00245466 0.000301503 0.000976877 -0.000590393 -0.00108394 -0.000106432 9.5866e-05 -0.000672083 0.00163916 0.00363956 0.000703194 0.00206612 0.00550129 0.000884835 0.00154878 0.00139923 0.000203845 0.00467949 0.00252512 0.000147116 0.00450786 0.00597381 0.00275539
internal_weight=202736 166916 35820 126669 11279 40247 94689 10205 34469 24541 63308 31381 31980 25485 55716 5778 2520 16598 7685 1074 8984 7943 2946 15391 1158 2063 14923 703 318 1362
internal_count=202736 166916 35820 126669 11279 40247 94689 10205 34469 24541 63308 31381 31980 25485 55716 5778 2520 16598 7685 1074 8984 7943 2946 15391 1158 2063 14923 703 318 1362
is_linear=0
shrinkage=0.02


Tree=14
num_leaves=31
num_cat=0
split_feature=10 34 14 43 10 10 45 10 34 43 34 34 14 10 43 43 34 41 14 34 14 45 10 43 34 45 43 6 41 10
split_gain=246.042 77.89 65.8161 23.8548 19.5826 14.8435 12.9293 12.6846 11.3513 11.0766 8.54847 7.9208 7.40449 8.71633 7.29549 7.19608 5.81639 5.70488 4.20852 3.92891 3.69206 3.39149 3.2634 3.02944 3.02371 3.8652 2.98921 2.96572 2.77717 2.69252
threshold=16.57449999999999 0.0099925270388484567 0.89733333333333409 9.6400000000008745 66.272499999999994 33.544999999999987 0.064775413711466515 -0.879000000000007 0.040521019598651481 12.9699999999968 0.017398862942184869 0.070202806751051852 0.33926666666666755 104.706 9.1199999999997114 4.3400000000066941 0.032451503129730976 25.344352616344363 0.32320000000000132 0.015040118180429135 0.1936000000000008 0.065689454978437062 -138.12749999999997 4.9800000000002926 -0.00574187746612173 0.059217563739495278 3.5400000000008736 0.73209999999999975 66.812868308760684 27.920499999999986
decision_type=2 2 2 2 2 2 2 2 2 2 2 2 2 2 2 2 2 2 2 2 2 2 2 2 2 2 2 2 2 2
left_child=1 7 5 6 8 10 16 15 27 23 20 21 -7 19 26 24 28 -17 -8 -14 -2 -5 -19 -6 25 -1 -9 29 -3 -4
right_child=2 3 4 11 9 12 18 14 -10 -11 -12 -13 13 -15 -16 17 -18 22 -20 -21 -22 -23 -24 -25 -26 -27 -28 -29 -30 -31
leaf_value=-0.00094893888466590485 -0.00035889850521072153 2.5963141863484703e-05 0.0013436604230348845 0.00085857980611414966 0.001865948624634477 0.00076836800262515103 0.00026867000114173432 -0.00060237600459270031 0.0036187387177533726 0.00614033212494524 0.0012649073313923786 0.002709270101062818 0.0013985798147507747 0.0066089432314038275 0.00056786431301676622 -0.0010776727768867468 0.00043595684043857874 0.0005323264575570366 0.001158319148957643 0.0023206391997282879 0.00046994824113593607 0.002266009394547493 -0.0005061270908941983 0.0038594280649844942 -0.00080800483127082396 -0.0015209955497593485 -0.00021557174722102931 0.00077905198581048002 -0.00040700929771405209 0.0023526586044386659
leaf_weight=13213 2591 10327 1585 5563 421 4531 3614 18357 1852 867 5248 1369 6028 146 3193 7587 6893 1269 5169 2666 12622 781 26247 1106 19975 7354 14153 924 13904 3181
leaf_count=13213 2591 10327 1585 5563 421 4531 3614 18357 1852 867 5248 1369 6028 146 3193 7587 6893 1269 5169 2666 12622 781 26247 1106 19975 7354 14153 924 13904 3181
internal_value=1.24965e-13 -0.000365589 0.00132784 0.000311371 0.00275896 0.000907539 0.000114577 -0.000655102 0.00225872 0.0043349 0.000568888 0.00132958 0.00142576 0.00176271 -0.000344386 -0.000801755 -7.66574e-05 -0.000592117 0.000792249 0.00168133 0.000328783 0.00103185 -0.000458235 0.00330982 -0.000983267 -0.00115349 -0.000433983 0.00181605 -0.000222481 0.0020171
internal_weight=202736 158968 43768 47620 9936 33832 39907 111348 7542 2394 20461 7713 13371 8840 35703 75645 31124 35103 8783 8694 15213 6344 27516 1527 40542 20567 32510 5690 24231 4766
internal_count=202736 158968 43768 47620 9936 33832 39907 111348 7542 2394 20461 7713 13371 8840 35703 75645 31124 35103 8783 8694 15213 6344 27516 1527 40542 20567 32510 5690 24231 4766
is_linear=0
shrinkage=0.02


Tree=15
num_leaves=31
num_cat=0
split_feature=10 34 43 10 34 10 41 43 10 34 34 14 14 10 10 14 14 10 34 44 34 14 43 44 10 34 10 14 34 10
split_gain=236.299 74.921 63.8778 26.3042 17.6172 15.7443 14.0899 11.9233 8.74014 8.66062 7.90932 7.90275 6.89626 6.64343 6.5113 5.21886 4.17928 4.33527 3.86182 3.72329 3.51243 3.49497 3.07504 2.89567 2.66037 2.59653 2.41819 2.3735 2.15801 2.12175
threshold=16.57449999999999 0.017057584541012822 7.5799999999973808 61.751999999999988 0.061204343749087918 43.516499999999986 25.749779540842763 5.1400000000037851 104.706 0.013531691692602729 0.01846981702454616 0.53571666666666806 1.2370500000000006 -1.1120000000000165 1.0000000180025095e-35 1.4308666666666683 0.36090000000000089 104.706 0.0024496133648997608 0.95982646591898535 0.10738946363118447 0.1890333333333343 9.5200000000026215 2.2891819201307584 1.0000000180025095e-35 0.033164584741510253 -138.12749999999997 0.23603333333333468 0.019948714208226186 5.6749999999999892
decision_type=2 2 2 2 2 2 2 2 2 2 2 2 2 2 2 2 2 2 2 2 2 2 2 2 2 2 2 2 2 2
left_child=1 6 5 10 11 9 24 13 12 21 -4 25 -5 18 19 -12 -7 28 -8 -9 -6 -2 -16 -14 -1 -3 -13 -11 -18 -28
right_child=2 4 3 8 20 16 7 14 -10 27 15 26 23 -15 22 -17 17 -19 -20 -21 -22 -23 -24 -25 -26 -27 29 -29 -30 -31
leaf_value=-0.0011187659916541567 -0.00032096986872898658 -3.5506268566286792e-05 0.0015330277730064995 0.0026461052019572597 0.0017213840286950186 0.00089706411985556052 -0.00094558542879659879 -0.00019756613461307035 0.0067747972151954421 0.0003759109083083738 0.0023040823832552364 0.0021499885480293045 0.0057146492743289428 -0.00036201947419356716 6.3170952309480737e-05 0.0039451192119391836 0.001564025773604517 0.0047727060865546608 -0.00054981765906580136 -0.0007399399581830828 0.0037574983320929063 0.00046459575151614759 0.00089426664192739861 0.0034541155858759717 -0.00067874505074926072 0.0004686298787067858 0.00058280404180503017 0.0013487351981150036 0.002480450348651477 0.0013173465847449769
leaf_weight=18705 2688 13715 5047 1039 2423 2336 24517 19461 486 1216 3124 503 680 23048 6969 1031 4062 203 16499 6843 394 14408 2392 340 7783 5821 7933 5732 1376 1962
leaf_count=18705 2688 13715 5047 1039 2423 2336 24517 19461 486 1216 3124 503 680 23048 6969 1031 4062 203 16499 6843 394 14408 2392 340 7783 5821 7933 5732 1376 1962
internal_value=1.23666e-13 -0.000358277 0.00130128 0.00256276 0.000494084 0.000838505 -0.000579449 -0.000470546 0.00436236 0.000583064 0.00206505 0.000351787 0.00379294 -0.000633713 -0.000177455 0.00271128 0.00160845 0.00190304 -0.000786385 -0.000338665 0.00200617 0.000341081 0.000275539 0.00496114 -0.000989474 0.000114708 0.000797217 0.00117848 0.00179591 0.000728451
internal_weight=202736 158968 43768 11747 32751 32021 126217 99729 2545 24044 9202 29934 2059 64064 35665 4155 7977 5641 41016 26304 2817 17096 9361 1020 26488 19536 10398 6948 5438 9895
internal_count=202736 158968 43768 11747 32751 32021 126217 99729 2545 24044 9202 29934 2059 64064 35665 4155 7977 5641 41016 26304 2817 17096 9361 1020 26488 19536 10398 6948 5438 9895
is_linear=0
shrinkage=0.02


Tree=16
num_leaves=31
num_cat=0
split_feature=10 29 43 9 10 43 14 10 41 43 10 9 10 10 29 14 14 14 10 10 43 43 9 9 42 15 14 10 41 15
split_gain=227.369 58.9002 53.3847 31.5477 18.357 16.2308 15.3534 13.0672 8.81891 8.31789 7.26055 6.54422 6.45781 5.01434 4.98146 4.8658 4.58547 4.51705 4.23124 3.78621 3.45852 3.21976 3.1733 3.11187 3.09946 2.37937 2.22451 2.14445 2.11283 2.0847
threshold=21.659499999999976 0.023437612986021431 8.9200000000026218 2.4280000000000062 66.272499999999994 9.7599999999962179 0.6384000000000013 7.8739999999999908 29.986148919625276 5.6999999999985453 -138.12749999999997 4.2769999999999904 104.706 104.706 0.097310498047675789 0.21986666666666724 1.5994166666666678 1.3451000000000015 6.5894999999999975 43.516499999999986 13.470000000001166 3.9800000000002913 1.0000000180025095e-35 12.978000000000005 0.42488770996208741 6.0170479446330107 0.31643333333333368 33.544999999999987 38.565814261591107 2.5297921356699269
decision_type=2 2 2 2 2 2 2 2 2 2 2 2 2 2 2 2 2 2 2 2 2 2 2 2 2 2 2 2 2 2
left_child=1 3 6 7 17 11 15 8 -1 26 -10 18 21 20 23 -2 -11 28 -3 24 -6 -8 -19 -7 -17 -24 -5 -23 -4 -22
right_child=2 5 4 9 13 14 12 -9 10 16 -12 -13 -14 -15 -16 19 -18 22 -20 -21 29 27 25 -25 -26 -27 -28 -29 -30 -31
leaf_value=-0.00107158349518467 7.098474883640724e-05 -0.00014220430786875737 0.0012590964916021443 -0.00036482640660524628 0.0031712996270344615 0.00089630115441377198 0.0011360810508971133 -0.00010079816871932339 0.00093275596337948682 0.0004002930007079429 -0.000659557472158275 0.00067286221508117247 0.0050443382217489367 0.0066482619170505457 0.0025548413584468728 0.0002925195888027059 0.0022074381896947442 0.0013764532788166394 0.00064304233941507116 0.0013986696249406788 0.0062204776696184877 0.0014006167948851045 0.004048369681340311 0.00225022175104749 0.00098034489565875177 0.001760729915679021 1.3764492960105486e-05 0.0022826069479462484 0.0023268238825698627 0.0039209006549790508
leaf_weight=25614 3390 14315 976 12101 684 4761 2615 13955 1168 9742 59302 8911 239 429 1114 4341 596 284 3396 4466 361 1622 1180 792 6612 215 12748 3444 3083 280
leaf_count=25614 3390 14315 976 12101 684 4761 2615 13955 1168 9742 59302 8911 239 429 1114 4341 596 284 3396 4466 361 1622 1180 792 6612 215 12748 3444 3083 280
internal_value=3.03015e-13 -0.000301826 0.00148629 -0.000487346 0.00297834 0.000451787 0.00106807 -0.000668517 -0.00076055 2.77373e-05 -0.000628801 0.000230786 0.00180676 0.00476894 0.00133427 0.000757029 0.000504477 0.00243099 8.363e-06 0.000907862 0.00416046 0.00170602 0.00330348 0.0010894 0.000707739 0.00369579 -0.000170602 0.00200022 0.00207009 0.00521598
internal_weight=202736 168515 34221 135226 7492 33289 26729 100039 86084 35187 60470 26622 7920 1754 6667 18809 10338 5738 17711 15419 1325 7681 1679 5553 10953 1395 24849 5066 4059 641
internal_count=202736 168515 34221 135226 7492 33289 26729 100039 86084 35187 60470 26622 7920 1754 6667 18809 10338 5738 17711 15419 1325 7681 1679 5553 10953 1395 24849 5066 4059 641
is_linear=0
shrinkage=0.02


Tree=17
num_leaves=31
num_cat=0
split_feature=10 34 14 34 9 10 34 34 10 9 10 36 10 34 10 14 14 10 14 14 41 14 14 10 14 10 14 5 10 34
split_gain=218.499 70.2135 59.0276 21.0038 17.6048 17.318 13.4629 10.3695 9.58518 9.05916 7.33371 5.939 5.84089 5.65011 5.2336 10.7937 5.16686 4.66589 3.83664 3.64017 3.52367 3.32793 3.16136 3.01803 2.90551 2.80718 2.6957 2.43332 2.42229 2.39541
threshold=16.57449999999999 0.0099925270388484567 0.89733333333333409 0.047164087613621335 1.3800000000000148 66.272499999999994 0.017398862942184869 0.040521019598651481 33.544999999999987 4.677000000000004 -1.1120000000000165 5.5000000000000009 -138.12749999999997 0.076886613045419216 -138.12749999999997 0.92465000000000086 0.47653333333333503 91.561999999999998 0.33926666666666755 0.57721666666666771 24.576502605478577 0.1795666666666676 0.3253666666666678 104.706 0.55381666666666807 91.561999999999998 1.6623500000000015 1.3030000000000026 46.280999999999985 0.10738946363118447
decision_type=2 2 2 2 2 2 2 2 2 2 2 2 2 2 2 2 2 2 2 2 2 2 2 2 2 2 2 2 2 2
left_child=1 4 6 9 10 7 8 27 21 12 14 -7 -3 -5 15 -1 -6 22 -10 -14 -16 -2 -8 -13 -12 -20 -18 28 -4 -9
right_child=2 3 5 13 16 11 17 29 18 -11 24 23 19 -15 20 -17 26 -19 25 -21 -22 -23 -24 -25 -26 -27 -28 -29 -30 -31
leaf_value=0.0048392457186493308 -0.00041592937853991821 0.0021871514453364826 0.001557882391316401 0.001078051725575929 -0.00038459633027314441 0.0028388015225038975 0.00086343126468870618 0.0031625249049938844 0.00058571871354087129 0.00061293535104567647 -0.00056979304793597092 0.0043411232209807542 -0.0001967175695146771 0.002555210366540685 -0.001193784152120528 -0.00035825646652372568 0.00010184060898589307 0.0050585388447585942 0.0012915242297930982 0.00033983722585044583 -0.00082991637917175344 0.00042576215981789188 0.0017212925281789558 0.006405479761924843 2.4826247456514487e-05 0.0030663726149657666 0.0016649589646503327 0.00019882028408442872 0.0025083819754497527 0.0053274525323898612
leaf_weight=183 2196 462 3801 4621 20869 930 2405 1618 3676 11644 17771 1080 23081 1335 14078 1262 9026 148 5993 6477 43662 13017 6018 384 4033 379 464 395 1494 234
leaf_count=183 2196 462 3801 4621 20869 930 2405 1618 3676 11644 17771 1080 23081 1335 14078 1262 9026 148 5993 6477 43662 13017 6018 384 4033 379 464 395 1494 234
internal_value=3.67876e-13 -0.000344519 0.00125131 0.000298216 -0.000619396 0.00260662 0.000853277 0.00213619 0.000620883 0.000139405 -0.000773366 0.00408864 -4.42654e-05 0.00140915 -0.000888881 0.000299974 -0.000208649 0.0015382 0.00110025 -7.91431e-05 -0.000918634 0.000304264 0.00147635 0.00488259 -0.000459809 0.00139709 0.000178267 0.00171311 0.00182607 0.00343606
internal_weight=202736 158968 43768 47620 111348 9936 33832 7542 25261 41664 80989 2394 30020 5956 59185 1445 30359 8571 10048 29558 57740 15213 8423 1464 21804 6372 9490 5690 5295 1852
internal_count=202736 158968 43768 47620 111348 9936 33832 7542 25261 41664 80989 2394 30020 5956 59185 1445 30359 8571 10048 29558 57740 15213 8423 1464 21804 6372 9490 5690 5295 1852
is_linear=0
shrinkage=0.02


Tree=18
num_leaves=31
num_cat=0
split_feature=10 29 43 9 10 43 14 10 45 45 45 9 45 43 10 43 14 43 14 9 45 14 10 10 29 9 10 43 42 14
split_gain=210.048 54.4374 49.9541 29.4951 17.0505 15.0159 14.1273 12.5446 9.0643 8.04368 7.56006 7.48908 7.22992 6.71622 6.03048 5.29798 5.19611 4.5564 4.52829 3.89948 5.88713 3.7142 3.54056 3.53625 3.17662 3.13088 3.09832 3.051 2.92615 2.68964
threshold=21.659499999999976 0.023900002393095757 8.9200000000026218 2.761000000000013 61.751999999999988 7.7800000000002916 0.6384000000000013 7.8739999999999908 0.056279252309106985 0.051973598821360691 0.060658226447889728 -1.8710000000000024 0.068789173170331716 6.2800000000002916 104.706 15.139999999997965 0.69675000000000131 5.1400000000037851 0.21986666666666724 7.370000000000017 0.038479473917352368 1.2694166666666675 91.561999999999998 43.516499999999986 0.082377288728352496 -6.6859999999999964 6.3439999999999781 3.9800000000002913 0.42488770996208741 1.4308666666666683
decision_type=2 2 2 2 2 2 2 2 2 2 2 2 2 2 2 2 2 2 2 2 2 2 2 2 2 2 2 2 2 2
left_child=1 3 6 7 19 12 18 8 13 17 24 -10 26 -1 27 22 -11 -5 -2 -4 -21 -12 -6 28 -7 -23 -3 -8 -20 -22
right_child=2 5 4 9 15 10 14 -9 11 16 21 -13 -14 -15 -16 -17 -18 -19 23 20 29 25 -24 -25 -26 -27 -28 -29 -30 -31
leaf_value=-0.00071196385163240774 6.3809402082206409e-05 -0.0001602250148178153 0.001716891655482474 -0.00040005290345147062 0.0028368023543549697 0.00060496410834095409 0.0010804269515612541 -8.9603522197865952e-05 -0.0011858965143153621 0.00029331713439890132 0.0016729342920243299 -0.00041780814258354922 0.00091787494247041665 -0.00023177161120443193 0.00486120134663659 0.005669354363238269 0.0014623264195989525 0.00020085693883497926 0.00027429321334519459 0.0013366333598272373 0.0027600979460469599 0.00074854715526553579 0.005192258471036628 0.0013454713377458005 0.0016145425445281971 0.0044911803904061137 0.00044683479014484914 0.0019216115973713936 0.00094261151322558355 0.0042068664358402069
leaf_weight=42897 3390 13972 2525 13655 804 6491 2615 14513 22554 9899 1639 6553 4065 15995 239 832 1797 8007 4341 812 1291 116 374 4466 1543 390 4429 5066 6612 854
leaf_count=42897 3390 13972 2525 13655 804 6491 2615 14513 22554 9899 1639 6553 4065 15995 239 832 1797 8007 4341 812 1291 116 374 4466 1543 390 4429 5066 6612 854
internal_value=3.75252e-13 -0.000290102 0.00142855 -0.000466302 0.00287187 0.000443251 0.001024 -0.000634397 -0.000724246 5.02694e-05 0.0010805 -0.00101297 0.000154524 -0.000581544 0.00173258 0.00444756 0.000472926 -0.000177937 0.000725634 0.00229414 0.00278705 0.00213535 0.00358463 0.000871141 0.000798862 0.00363319 -1.41097e-05 0.00163523 0.000677737 0.00333611
internal_weight=202736 168515 34221 135870 7492 32645 26729 102512 87999 33358 10179 29107 22466 58892 7920 2010 11696 21662 18809 5482 2957 2145 1178 15419 8034 506 18401 7681 10953 2145
internal_count=202736 168515 34221 135870 7492 32645 26729 102512 87999 33358 10179 29107 22466 58892 7920 2010 11696 21662 18809 5482 2957 2145 1178 15419 8034 506 18401 7681 10953 2145
is_linear=0
shrinkage=0.02


Tree=19
num_leaves=31
num_cat=0
split_feature=10 34 43 10 43 9 10 45 45 34 34 10 34 14 43 45 14 45 43 45 34 14 10 34 14 14 14 10 45 45
split_gain=202.009 65.5056 55.5303 22.5159 20.4442 16.2492 13.4927 11.6905 10.3188 8.13812 7.69571 7.60369 6.99798 6.24807 5.97654 5.43009 5.18127 5.11814 4.9249 3.79989 3.73883 3.60695 3.70712 3.28539 3.26597 3.10496 3.00738 3.00714 2.50201 2.45622
threshold=16.57449999999999 0.0099925270388484567 7.5799999999973808 61.751999999999988 7.8599999999962167 1.1060000000000016 43.516499999999986 0.048169191919144858 0.064775413711466515 0.070202806751051852 0.013250724932985221 104.706 0.0024496133648997608 1.3451000000000015 3.8800000000002917 0.049649908563681948 1.2073000000000018 0.06661918087698615 7.6400000000008736 0.019830577800673516 0.032451503129730976 0.36090000000000089 104.706 -0.00082026025026581682 1.2694166666666675 0.32320000000000132 0.1795666666666676 -116.33499999999999 0.061501531652001444 0.069433112499057745
decision_type=2 2 2 2 2 2 2 2 2 2 2 2 2 2 2 2 2 2 2 2 2 2 2 2 2 2 2 2 2 2
left_child=1 5 6 12 8 7 10 18 20 17 26 13 -4 -5 -7 -14 -17 -6 27 -15 -3 -8 -23 29 -16 -10 -2 -1 -11 -9
right_child=2 4 3 11 9 14 21 23 25 28 -12 -13 15 19 24 16 -18 -19 -20 -21 -22 22 -24 -25 -26 -27 -28 -29 -30 -31
leaf_value=0.002213718138152979 -0.00035497107614114221 -0.0002443093945713739 0.0012545812048323976 0.0025162133787864161 0.00064094332181000382 -0.00047137800287902189 0.00082357264821676169 -0.00095828018241084678 0.00023418913601678588 0.0019177739393736091 0.0010904069027942735 0.0062944536625863714 0.0017186707410162981 0.0016557896350678032 -2.1684953249832321e-06 0.0023513116343164176 0.0041401287851870047 0.0020115507067782353 -9.0476205141772892e-05 0.005263913752906072 0.00033755485792923574 0.0016590691214368523 0.0044117697699539125 -0.00060219233926236081 0.0011986096029803475 0.0010228684772133809 0.00041197338130155608 -0.00064340382482808807 0.003805942237178912 -0.0013291453511575322
leaf_weight=148 2378 22339 3755 1132 8842 17179 2336 19105 3527 1194 7056 486 2611 137 13944 1835 1001 1243 8427 790 5506 5438 203 6515 969 4602 14610 33652 367 11409
leaf_count=148 2378 22339 3755 1132 8842 17179 2336 19105 3527 1194 7056 486 2611 137 13944 1835 1001 1243 8427 790 5506 5438 203 6515 969 4602 14610 33652 367 11409
internal_value=-1.86478e-13 -0.000331264 0.00120317 0.00237934 0.00028955 -0.000596766 0.000771687 -0.000750506 5.37659e-05 0.00101788 0.000535215 0.00404432 0.00191886 0.0035132 -0.000217082 0.00237679 0.0029827 0.000809874 -0.000523045 0.00473067 -0.000129253 0.00148445 0.00175813 -0.0010099 7.58543e-05 0.000680677 0.000304616 -0.000630893 0.00236169 -0.00109694
internal_weight=202736 158968 43768 11747 47620 111348 32021 79256 35974 11646 24044 2545 9202 2059 32092 5447 2836 10085 42227 927 27845 7977 5641 37029 14913 8129 16988 33800 1561 30514
internal_count=202736 158968 43768 11747 47620 111348 32021 79256 35974 11646 24044 2545 9202 2059 32092 5447 2836 10085 42227 927 27845 7977 5641 37029 14913 8129 16988 33800 1561 30514
is_linear=0
shrinkage=0.02


Tree=20
num_leaves=31
num_cat=0
split_feature=10 29 14 9 10 10 29 45 41 14 45 10 45 10 36 9 9 29 14 9 45 41 12 14 10 14 10 45 45 41
split_gain=194.179 50.8214 44.2129 29.5439 14.9817 12.5642 10.495 8.88416 8.55698 7.56393 7.51478 7.4229 6.90978 6.83108 5.85077 5.73738 5.50088 4.64593 4.27831 4.18676 3.59665 3.14795 3.14257 3.01592 2.90988 2.88604 2.67304 2.57445 2.40408 2.31684
threshold=22.170499999999986 0.029144966591643232 0.81321666666666792 2.4280000000000062 66.272499999999994 6.5894999999999975 0.067067441342805192 0.051973598821360691 30.31231242451393 0.30940000000000017 0.034777026458973549 -138.12749999999997 0.065367334860913021 104.706 5.5000000000000009 9.62300000000001 -12.404499999999979 0.024385701886497916 1.4308666666666683 15.723000000000011 0.048169191919144858 70.078740156448774 1.0760000000000016 0.89733333333333409 104.706 0.46936666666666754 32.655499999999996 0.061501531652001444 0.047035546123975112 28.985507245218326
decision_type=2 2 2 2 2 2 2 2 2 2 2 2 2 2 2 2 2 2 2 2 2 2 2 2 2 2 2 2 2 2
left_child=1 3 9 5 10 8 12 25 20 -2 19 -10 21 17 -6 -9 -12 26 -18 -4 -1 -3 -8 -14 28 -5 -11 -24 -16 -7
right_child=2 6 4 7 14 29 22 15 11 13 16 -13 23 -15 24 -17 18 -19 -20 -21 -22 -23 27 -25 -26 -27 -28 -29 -30 -31
leaf_value=-0.00075014133599489419 0.00040776097654811664 0.00057115263786872584 0.0018235404331952809 -0.00033850132233165893 0.002623797909726327 -0.00049874258384248948 0.00099110409145549902 0.0002102576040188283 0.00098524925526301136 0.00058036076030104069 0.0002101155532185327 -0.00059799369405657242 0.00085467626052929992 0.0062787513420558896 0.0031701355492306077 0.0011316148046001853 0.0022440689633223209 0.0017506874660426308 0.0035260421123661724 0.0001856244097830229 -0.0012252975595184905 -1.8589053076291566e-05 0.0015930630636562775 0.0024460296995247894 0.0060048174649048195 0.00011174387615623229 0.0011955154298909094 0.003334526887144328 0.0049942171033902681 3.8237697589121911e-05
leaf_weight=12029 7848 5214 1587 15780 1013 4314 3090 10030 1208 4851 385 60911 3832 104 595 3701 2928 3721 1616 1029 13550 11846 1289 544 417 8910 6767 461 562 12604
leaf_count=12029 7848 5214 1587 15780 1013 4314 3090 10030 1208 4851 385 60911 3832 104 595 3701 2928 3721 1616 1029 13550 11846 1289 544 417 8910 6767 461 562 12604
internal_value=-3.16901e-13 -0.000275007 0.00139312 -0.00042352 0.002496 -0.00059771 0.000533442 5.07815e-05 -0.000693978 0.000913348 0.00204567 -0.000567205 0.000343513 0.00117028 0.00380939 0.000458597 0.0025055 0.00113565 0.00269998 0.00117927 -0.00100185 0.000161652 0.00137463 0.0010525 0.00457242 -0.000176019 0.000938663 0.00205181 0.00405616 -9.86894e-05
internal_weight=202736 169313 33423 143037 10132 104616 26276 38421 87698 23291 7545 62119 21436 15443 2587 13731 4929 15339 4544 2616 25579 17060 4840 4376 1574 24690 11618 1750 1157 16918
internal_count=202736 169313 33423 143037 10132 104616 26276 38421 87698 23291 7545 62119 21436 15443 2587 13731 4929 15339 4544 2616 25579 17060 4840 4376 1574 24690 11618 1750 1157 16918
is_linear=0
shrinkage=0.02


Tree=21
num_leaves=31
num_cat=0
split_feature=10 34 43 10 10 34 34 45 34 43 43 45 14 10 34 10 45 14 10 45 14 14 44 41 13 34 34 32 45 14
split_gain=186.881 61.1067 51.9652 16.8912 16.529 15.62 12.4109 11.1152 9.6802 7.47705 7.45814 6.68116 4.88293 5.02161 4.81266 4.7003 4.62649 4.41033 4.21542 4.17549 4.12581 3.99079 3.98338 3.27073 2.84066 2.75262 2.61896 2.55307 2.39733 2.42974
threshold=16.57449999999999 0.021537784322291639 9.5200000000026215 61.751999999999988 44.904999999999994 0.0028642136756418394 0.065064307952460362 0.064484136490998892 0.01846981702454616 5.8399999999979633 3.9499999999985453 0.058333333333210002 0.4495000000000004 104.706 -0.007845961457237231 -0.41650000000001414 0.065367334860913021 0.21363333333333442 104.706 0.060658226447889728 1.3451000000000015 0.72748333333333404 2.2891819201307584 64.076066862680008 3.1275999999999997 -0.0071374498004916206 0.10738946363118447 -0.0066673523649937051 0.067217266334067591 2.3338833333333349
decision_type=2 2 2 2 2 2 2 2 2 2 2 2 2 2 2 2 2 2 2 2 2 2 2 2 2 2 2 2 2 2
left_child=1 5 4 14 8 7 11 10 17 16 -1 23 -6 -14 28 -12 -7 -2 20 -16 -5 -13 -22 -3 -21 -9 -8 -27 29 -4
right_child=2 6 3 18 12 9 26 25 -10 -11 15 21 13 -15 19 -17 -18 -19 -20 24 22 -23 -24 -25 -26 27 -28 -29 -30 -31
leaf_value=-0.00073252500368058051 -0.00022642128885039321 0.00079477627271163861 0.0013262067278369035 0.0026476339540472834 0.0009853775155219725 -0.00042224607884955339 0.001670841857875374 -0.0011961764871442062 0.001280617182323981 0.0003339370917599116 -0.00046856808892460747 0.00071593535406662401 0.0018210449852481909 0.0046224479697000746 0.0020357657396726085 2.619048508382453e-05 0.00020536143752531441 0.0005280921900332853 0.0061263455735369975 0.0030831925097620856 0.005971727280177544 0.0019106217028868103 0.0030152378527892997 7.472687348220405e-05 0.0059771622847275517 0.00075105737316548849 0.0034615798682437709 -0.00079572352902571519 -0.00058557050253148191 0.0042130366353112765
leaf_weight=34969 3780 3129 1427 646 3301 26689 1912 14694 6402 9214 26764 5691 5275 269 2513 10772 5702 17196 411 1263 467 1392 299 13037 152 476 394 4133 240 127
leaf_count=34969 3780 3129 1427 646 3301 26689 1912 14694 6402 9214 26764 5691 5275 269 2513 10772 5702 17196 411 1263 467 1392 299 13037 152 476 394 4133 240 127
internal_value=2.79341e-13 -0.000318618 0.00115724 0.00266722 0.000842721 -0.000490234 0.000577326 -0.000635916 0.000599887 -0.000168765 -0.000522368 0.000438515 0.00159437 0.00195697 0.00213308 -0.000326583 -0.000311764 0.000392124 0.00434375 0.00252507 0.00382488 0.000950723 0.00481769 0.000214096 0.00339406 -0.00106242 0.0019768 -0.000635978 0.00127481 0.00156213
internal_weight=202736 158968 43768 7545 36223 133413 25555 91808 27378 41605 72505 23249 8845 5544 5722 37536 32391 20976 1823 3928 1412 7083 766 16166 1415 19303 2306 4609 1794 1554
internal_count=202736 158968 43768 7545 36223 133413 25555 91808 27378 41605 72505 23249 8845 5544 5722 37536 32391 20976 1823 3928 1412 7083 766 16166 1415 19303 2306 4609 1794 1554
is_linear=0
shrinkage=0.02


Tree=22
num_leaves=31
num_cat=0
split_feature=9 43 29 9 45 45 14 43 43 45 14 14 45 14 41 31 43 44 45 43 14 43 43 14 45 44 44 14 43 14
split_gain=126.667 39.0933 37.9965 16.99 17.2643 16.7811 16.282 13.0271 11.7649 8.70858 8.1826 7.97922 7.11539 5.29539 3.96627 3.33046 3.25696 3.23414 2.99334 2.65857 2.4729 2.46881 2.36781 2.42215 2.31495 2.26298 1.93926 1.80792 1.67247 1.61171
threshold=7.8965000000000041 9.8600000000020387 0.019913847847397029 -0.95699999999998886 0.046723101570922417 0.044297525923604426 1.7400000000000009 7.6400000000008736 3.8800000000002917 0.038790286128119182 0.75306666666666777 0.66855000000000142 0.055998959094736192 1.5409333333333344 32.251667251010524 72.549999999995649 2.9800000000002913 0.40228200762313032 0.068789173170331716 4.1200000000026202 0.44613333333333466 3.7800000000002916 4.8600000000020378 1.4308666666666683 0.068145390656240465 3.0021259773618425 0.65801029313983161 0.31403333333333422 5.8800000000002912 1.3052833333333342
decision_type=2 2 2 2 2 2 2 2 2 2 2 2 2 2 2 2 2 2 2 2 2 2 2 2 2 2 2 2 2 2
left_child=2 5 3 4 10 16 12 18 27 -8 21 24 -3 20 -6 26 -2 -12 19 -4 -10 -1 -13 -24 -7 -11 -9 -5 -16 -14
right_child=1 6 7 8 14 11 9 15 13 25 17 22 29 -15 28 -17 -18 -19 -20 -21 -22 -23 23 -25 -26 -27 -28 -29 -30 -31
leaf_value=-0.00056747009557255891 -0.00035253244496761345 0.0012511452192849591 -0.00016197227648273514 -0.00045601866912345476 -0.0010905326843290259 0.00058431714843835871 0.0019357770152018867 0.0010322785977822733 2.2242475432572964e-05 0.0052909049458364299 0.00076257200819745854 0.0013825251379836884 0.0024919417229866125 0.0025309983604796687 -0.00080785699772526864 0.0018282559113998009 0.00041964461755293121 -9.7015573152357516e-05 0.00066207903841221188 0.00027339044347026109 0.00043543277844884681 -0.00021319080415249943 0.0019366301481307693 0.0033265588592893075 0.0012356758941670107 0.0033811514521912612 0.00039971107800333146 -0.00014495815091289629 -0.00044155625684748779 0.0038418851120951376
leaf_weight=16457 3200 2899 12067 22228 16712 4843 569 5695 14472 1106 3708 2280 1543 392 14554 1534 6888 3317 3592 10486 9662 15075 2279 643 3973 320 2939 11260 7584 459
leaf_count=16457 3200 2899 12067 22228 16712 4843 569 5695 14472 1106 3708 2280 1543 392 14554 1534 6888 3317 3592 10486 9662 15075 2279 643 3973 320 2939 11260 7584 459
internal_value=1.22203e-13 0.0011766 -0.000212404 -0.000366454 -0.000560391 0.000796744 0.00250446 0.00036209 -0.000107688 0.00402765 -0.000260572 0.00124439 0.00188442 0.000225116 -0.000857948 0.000969524 0.000174703 0.0003567 0.000125854 4.04493e-05 0.000187662 -0.000398094 0.00186557 0.00224249 0.000877857 0.00486235 0.000816954 -0.000351428 -0.00068237 0.00280144
internal_weight=202736 31002 171734 135421 77407 24106 6896 36313 58014 1995 38557 14018 4901 24526 38850 10168 10088 7025 26145 22553 24134 31532 5202 2922 8816 1426 8634 33488 22138 2002
internal_count=202736 31002 171734 135421 77407 24106 6896 36313 58014 1995 38557 14018 4901 24526 38850 10168 10088 7025 26145 22553 24134 31532 5202 2922 8816 1426 8634 33488 22138 2002
is_linear=0
shrinkage=0.02


Tree=23
num_leaves=31
num_cat=0
split_feature=9 34 43 43 45 9 45 43 45 14 14 14 45 14 14 43 43 34 44 43 44 34 6 14 45 43 14 42 14 43
split_gain=121.893 60.1592 31.968 20.138 18.3838 15.8023 15.8472 10.027 9.39785 8.52935 6.28475 6.21691 5.10519 5.07466 3.85187 3.49915 3.42893 3.38678 2.94733 2.75567 2.75078 2.64211 2.5359 2.50264 2.2483 2.20036 2.06973 1.99747 1.96572 1.93474
threshold=10.439000000000014 0.0099925270388484567 14.420000000002622 6.3800000000002912 0.044297525923604426 -0.95699999999998886 0.048169191919144858 3.8400000000008734 0.046419140102427987 1.2073000000000018 0.77161666666666784 0.75306666666666777 0.062406433489340864 2.1761666666666684 1.6623500000000015 4.1200000000026202 4.1200000000026202 0.05525710701734738 0.40228200762313032 3.1400000000008736 0.10905421574344577 -0.00062480896580758552 0.46673333333333294 0.97213333333333418 0.068145390656240465 4.0199999999997091 1.6623500000000015 0.81986196433497682 0.44613333333333466 3.7800000000002916
decision_type=2 2 2 2 2 2 2 2 2 2 2 2 2 2 2 2 2 2 2 2 2 2 2 2 2 2 2 2 2 2
left_child=1 5 4 12 15 6 11 -7 -4 16 20 29 19 -10 28 -2 -6 -12 -13 -3 -5 24 -11 -14 -8 -24 -17 -21 -9 -1
right_child=2 3 8 10 9 7 21 14 13 22 17 18 23 -15 -16 26 -18 -19 -20 27 -22 -23 25 -25 -26 -27 -28 -29 -30 -31
leaf_value=-0.00058572918276699609 -0.00018751969003444032 -0.00023999412310659552 0.0019205363093427919 0.00092956901643439615 0.00094818427179910831 -0.00038637516393568865 -0.00082003020553498619 -2.6356416966326985e-05 0.0034578258768001107 0.0038892485719360108 0.0011999032908806583 0.00062659210058212871 0.00049023899009015921 0.0056978613550691349 0.0023478476884324579 0.00052222449735167379 0.0017016207337135242 0.0022940222378301889 -0.00019487360768985967 0.0004372405904781696 0.00029740545117184266 -0.00049329253035199961 0.00051636850784534836 0.0026006435547669083 -0.0011653717300700883 0.0027109129146177138 0.0017127076849405344 -3.175991374440801e-05 0.00034528712391808137 -0.00026374913378232032
leaf_weight=15620 2919 11949 1028 7086 4248 30770 17764 13385 1021 621 4268 3622 8326 670 318 4182 5603 1540 3375 6327 4503 5568 221 231 13103 1056 679 8529 9906 14298
leaf_count=15620 2919 11949 1028 7086 4248 30770 17764 13385 1021 621 4268 3622 8326 670 318 4182 5603 1540 3375 6327 4503 5568 221 231 13103 1056 679 8529 9906 14298
internal_value=-3.76119e-14 -0.000172177 0.0013968 0.00039596 0.00111391 -0.000406849 -0.00059839 -0.000148486 0.00342858 0.00161325 0.000953045 -0.000306335 0.000121892 0.00434536 0.000161559 0.000359833 0.00137672 0.00149001 0.000230358 -1.38836e-05 0.000683937 -0.000894292 0.00284092 0.00054721 -0.000966627 0.00233112 0.000688515 0.000167982 0.000131709 -0.000431853
internal_weight=202736 180488 22248 52759 19529 127729 73350 54379 2719 11749 17397 36915 35362 1691 23609 7780 9851 5808 6997 26805 11589 36435 1898 8557 30867 1277 4861 14856 23291 29918
internal_count=202736 180488 22248 52759 19529 127729 73350 54379 2719 11749 17397 36915 35362 1691 23609 7780 9851 5808 6997 26805 11589 36435 1898 8557 30867 1277 4861 14856 23291 29918
is_linear=0
shrinkage=0.02


Tree=24
num_leaves=31
num_cat=0
split_feature=10 43 29 9 10 10 41 43 43 45 10 14 45 14 14 14 44 10 29 43 45 9 45 45 9 45 10 44 10 14
split_gain=174.214 47.1504 38.5706 23.0121 19.9105 11.5907 9.85294 8.26835 7.38644 7.28558 6.55777 5.20884 5.14346 5.09321 5.03412 4.94175 4.27354 4.13407 3.85727 3.83085 3.72303 3.70283 3.42898 3.35912 4.08015 3.10972 2.97572 2.53809 2.2192 2.10368
threshold=16.57449999999999 7.4400000000008744 0.032118037878514645 2.5859999999999963 61.751999999999988 43.516499999999986 28.636022896438892 10.760000000002039 5.4799999999973812 0.051973598821360691 104.706 1.2370500000000006 0.069119083368890277 0.21986666666666724 1.0652500000000014 1.5994166666666678 0.04064043764502507 1.2914999999999763 0.018672388239782126 6.4800000000002926 0.060658226447889728 9.62300000000001 0.048169191919144858 0.03753649286102672 -12.404499999999979 0.046419140102427987 91.561999999999998 0.20626399248918412 27.920499999999986 0.36090000000000089
decision_type=2 2 2 2 2 2 2 2 2 2 2 2 2 2 2 2 2 2 2 2 2 2 2 2 2 2 2 2 2 2
left_child=2 5 3 6 14 13 22 12 17 19 11 -6 -4 -2 28 21 -10 -8 -15 -5 -9 -11 -1 -16 -25 -13 29 -28 -3 -7
right_child=1 4 7 9 10 26 8 20 16 15 -12 25 -14 18 23 -17 -18 -19 -20 -21 -22 -23 -24 24 -26 -27 27 -29 -30 -31
leaf_value=-0.00067200791578663659 -0.00010940750467680796 0.0010014082117606841 0.00012727158535083354 -0.00036036170306440803 0.0022682090141423047 0.00073901723681842198 -0.00070467456523242583 0.00097528923318236443 6.7156090666072664e-05 0.00014856160682527548 0.0058129259092639567 0.0030808203893448118 0.0010693419773653496 0.00046107373190078845 0.0014822265020310874 0.0033102102119212402 -0.00045255798929567036 -0.00029118977597395438 0.0010977324045435448 0.00024052240088855294 0.002459622785569921 0.00094998846714432976 -0.0011265904223500512 -0.00020409051211749983 0.0031290347568663284 0.0052865508416103033 0.0019795059887462059 0.0048793878301737767 0.0017553396972693198 0.0014827682706216839
leaf_weight=12662 4560 2719 14031 15993 1067 2191 38662 3603 13084 9124 492 477 2777 14014 1035 230 12258 12899 5226 5777 832 3086 13950 159 1931 551 546 155 3669 4976
leaf_count=12662 4560 2719 14031 15993 1067 2191 38662 3603 13084 9124 492 477 2777 14014 1035 230 12258 12899 5226 5777 832 3086 13950 159 1931 551 546 155 3669 4976
internal_value=-9.9461e-14 0.00111733 -0.000307631 -0.000429981 0.0021793 0.000711567 -0.000578601 0.000485604 -0.000463818 1.97229e-05 0.00373505 0.00324707 0.000282919 0.000491569 0.00175623 0.000405827 -0.000184231 -0.000601233 0.000634004 -0.000200908 0.00125375 0.000351117 -0.0009103 0.00241402 0.00287546 0.00426307 0.00137704 0.00262071 0.00143443 0.0012554
internal_weight=202736 43768 158968 137725 12100 31668 103515 21243 76903 34210 2587 2095 16808 23800 9513 12440 25342 51561 19240 21770 4435 12210 26612 3125 2090 1028 7868 701 6388 7167
internal_count=202736 43768 158968 137725 12100 31668 103515 21243 76903 34210 2587 2095 16808 23800 9513 12440 25342 51561 19240 21770 4435 12210 26612 3125 2090 1028 7868 701 6388 7167
is_linear=0
shrinkage=0.02


Tree=25
num_leaves=31
num_cat=0
split_feature=10 34 43 9 10 34 14 10 45 43 45 14 10 34 45 10 45 10 14 14 41 34 14 34 45 45 10 14 45 10
split_gain=167.452 60.9501 38.8478 21.3938 13.6369 11.846 10.7541 10.5805 7.67954 7.336 6.59568 6.27762 5.85051 5.68448 5.33869 4.90372 4.6842 4.25792 3.66201 3.63291 3.61974 3.53243 3.33979 2.9684 3.3467 2.95695 2.74529 2.66866 2.47112 2.45711
threshold=22.170499999999986 0.021537784322291639 8.9200000000026218 1.3800000000000148 91.561999999999998 0.065064307952460362 0.6384000000000013 6.5894999999999975 0.056279252309106985 4.3400000000066941 0.059217563739495278 1.3451000000000015 -138.12749999999997 0.0016229459403164462 0.031272666988371389 104.706 0.053400395940931031 51.214499999999994 1.3052833333333342 0.21986666666666724 64.076066862680008 -0.0022639564567248651 0.72748333333333404 0.0028642136756418394 0.055704697986521952 0.045816101284753642 42.282999999999987 1.2694166666666675 0.056573077994046671 7.0799999999999761
decision_type=2 2 2 2 2 2 2 2 2 2 2 2 2 2 2 2 2 2 2 2 2 2 2 2 2 2 2 2 2 2
left_child=1 3 6 7 11 10 19 8 12 25 20 -4 -1 -10 -13 23 -11 -16 -18 -2 -3 26 -12 -8 -25 -5 -21 -7 -29 -22
right_child=2 5 4 9 -6 27 15 -9 13 16 22 14 -14 -15 17 -17 18 -19 -20 21 29 -23 -24 24 -26 -27 -28 28 -30 -31
leaf_value=0.00094298050256993982 6.373543807180237e-05 0.0008424863042286254 0.0018549305243483153 -0.00045538839625769114 0.0051589474853557431 0.0014129790657193089 0.0010366936444538785 -9.9835766101083527e-05 -0.0010873564233336921 5.4363710400430743e-05 0.00075248153348299307 0.0013762915386723409 -0.00057092393171595827 -0.00034408154822025304 0.002888545789260945 0.0043746809701135222 0.00063586007258460795 0.0049381762442395226 0.0028495381702960004 0.00014343039191061941 -2.0785678006945131e-05 0.0010638225690824891 0.0017981576595156666 0.0012866863450055606 0.0024396147377393962 -3.0387515839039813e-05 0.0010128718176179823 0.0020169533495512245 0.0041923578814267648 0.00061211776037814458
leaf_weight=1041 3289 3424 4443 15152 735 1568 3481 14864 22544 13079 6128 515 53344 5035 1022 239 4537 672 320 4210 11149 8560 1526 2123 1916 11532 2218 605 319 3146
leaf_count=1041 3289 3424 4443 15152 735 1568 3481 14864 22544 13079 6128 515 53344 5035 1022 239 4537 672 320 4210 11149 8560 1526 2123 1916 11532 2218 605 319 3146
internal_value=1.83575e-13 -0.00025538 0.0012937 -0.000423804 0.00257379 0.00059957 0.000930502 -0.000590774 -0.000679805 -6.1468e-05 0.000470337 0.00228815 -0.000541946 -0.000951659 0.0031595 0.00155435 0.000251325 0.00370162 0.000781707 0.000665664 0.000258404 0.000797752 0.000960961 0.00146472 0.00183361 -0.000271716 0.000443434 0.0019154 0.00276799 0.000118502
internal_weight=202736 169313 33423 141448 7387 27865 26036 96828 81964 44620 25373 6652 54385 27579 2209 7759 17936 1694 4857 18277 17719 14988 7654 7520 4039 26684 6428 2492 924 14295
internal_count=202736 169313 33423 141448 7387 27865 26036 96828 81964 44620 25373 6652 54385 27579 2209 7759 17936 1694 4857 18277 17719 14988 7654 7520 4039 26684 6428 2492 924 14295
is_linear=0
shrinkage=0.02


Tree=26
num_leaves=31
num_cat=0
split_feature=10 34 43 10 43 10 10 34 10 34 43 34 34 43 14 41 14 41 44 44 10 14 44 43 34 34 10 15 10 42
split_gain=161.138 51.3704 43.7217 18.4526 16.3837 10.7787 9.4657 6.45924 6.08306 6.03209 5.96791 5.71763 5.35211 5.32572 4.83809 4.12728 3.95286 3.54742 2.82455 2.81712 2.79239 2.44145 2.43223 2.21853 2.15517 2.05849 2.02961 1.99313 1.98752 1.7908
threshold=16.57449999999999 0.0099925270388484567 7.4400000000008744 61.751999999999988 9.6400000000008745 43.516499999999986 -0.879000000000007 0.032451503129730976 104.706 0.013250724932985221 9.1199999999997114 -0.0030932043882704245 0.087569951792432002 4.3199999999997098 1.2370500000000006 24.576502605478577 1.4308666666666683 69.418960241697633 0.95982646591898535 2.2891819201307584 91.561999999999998 0.1795666666666676 0.20626399248918412 3.5400000000008736 -0.00574187746612173 0.019948714208226186 5.428499999999989 5.1419569748710749 27.920499999999986 0.72074580414531531
decision_type=2 2 2 2 2 2 2 2 2 2 2 2 2 2 2 2 2 2 2 2 2 2 2 2 2 2 2 2 2 2
left_child=1 6 5 11 7 9 13 17 14 21 23 -4 29 24 -5 -15 28 26 -17 -16 25 -2 -22 -8 -1 -7 -3 -18 -13 -6
right_child=2 4 3 8 12 20 10 -9 -10 -11 -12 16 -14 15 19 18 27 -19 -20 -21 22 -23 -24 -25 -26 -27 -28 -29 -30 -31
leaf_value=-0.00095917241030770155 -0.00032717632314339267 4.9474485683093116e-05 0.0010428668425510445 0.0021815470534957459 0.0014560461836565536 0.0010225353117110749 -0.00048867228972164164 0.00055302983079544299 0.00559617191772696 0.00096691717570554037 0.00056251769994910519 0.0013229879204462961 0.0026912625174549199 -0.00090669289046295192 0.004844972059643916 -0.00025213458147117887 0.0034558439676840524 -0.00026111599023779532 -0.0007114762341824466 0.0026245429025137015 0.0019026484139922036 0.0003645901580290944 0.0047414133434274027 -0.00015544057729680995 -0.00066663985325740116 0.0018280332979458797 0.00061850861184636517 0.0014477192088052993 0.0021479024733196436 0.00073007864644989914
leaf_weight=20414 2376 11893 3470 1067 1853 5519 18357 9281 492 6961 3193 2021 760 7175 685 20978 1007 15556 7190 343 546 14463 155 14153 19888 1648 3177 246 2769 5100
leaf_count=20414 2376 11893 3470 1067 1853 5519 18357 9281 492 6961 3193 2021 760 7175 685 20978 1007 15556 7190 343 546 14463 155 14153 19888 1648 3177 246 2769 5100
internal_value=2.82786e-13 -0.000295861 0.00107458 0.00209721 0.000253905 0.000683849 -0.000530978 9.08149e-05 0.00359492 0.000471698 -0.000262566 0.00168992 0.00109773 -0.000657664 0.00312493 -0.000478463 0.00206147 -4.92561e-05 -0.000369383 0.00410411 0.00132559 0.000266981 0.00253034 -0.000343602 -0.000814815 0.00120775 0.000169436 0.00306159 0.00179985 0.000923552
internal_weight=202736 158968 43768 12100 47620 31668 111348 39907 2587 23800 35703 9513 7713 75645 2095 35343 6043 30626 28168 1028 7868 16839 701 32510 40302 7167 15070 1253 4790 6953
internal_count=202736 158968 43768 12100 47620 31668 111348 39907 2587 23800 35703 9513 7713 75645 2095 35343 6043 30626 28168 1028 7868 16839 701 32510 40302 7167 15070 1253 4790 6953
is_linear=0
shrinkage=0.02


Tree=27
num_leaves=31
num_cat=0
split_feature=9 34 14 45 14 45 45 43 9 14 43 43 43 34 44 44 43 43 5 14 43 43 45 45 34 41 44 6 43 14
split_gain=106.439 42.3734 36.4665 19.0029 15.2231 14.7228 11.8175 10.1272 9.98836 9.55846 6.09099 5.79106 5.3145 3.9919 3.46305 3.42829 3.12846 2.6603 2.5675 2.51413 2.43278 2.41335 2.36872 2.28926 2.28777 2.15422 1.77581 1.73255 1.68162 1.58869
threshold=6.7525000000000093 0.0099925270388484567 1.5994166666666678 0.051659502975275114 0.77161666666666784 0.030957533153107088 0.05949999999981765 6.8200000000026195 -0.4759999999999982 0.6757000000000013 5.6999999999985453 6.540000000000874 15.960000000002038 0.05525710701734738 1.0856926487789889 0.10905421574344577 3.3600000000020378 9.5200000000026215 0.057000000000001473 0.82336666666666825 5.9800000000002926 5.0200000000026206 0.058934799104051812 0.068789173170331716 -0.00082026025026581682 30.973033500128853 1.1609765836092667 -0.18960000000000019 3.3600000000020378 2.8280666666666687
decision_type=2 2 2 2 2 2 2 2 2 2 2 2 2 2 2 2 2 2 2 2 2 2 2 2 2 2 2 2 2 2
left_child=1 6 3 11 10 -4 7 16 24 20 22 28 21 18 19 -12 -1 -11 26 -9 -5 -7 -3 29 -8 -10 -6 -27 -2 -14
right_child=2 4 5 9 13 12 8 14 25 17 15 -13 23 -15 -16 -17 -18 -19 -20 -21 -22 -23 -24 -25 -26 27 -28 -29 -30 -31
leaf_value=-0.00052739751728672971 -0.00022183607997889419 -0.00013738377968135147 0.000758335325204657 0.0007154600742439245 0.0017549856484923628 0.0012963804367145686 -0.0010028541388036637 7.8540389181944935e-05 -0.00069136263009024013 0.0016310223636304421 0.00077823131979663394 0.00079191826100664161 0.0033728958014150596 0.0020882869882411685 -0.00035830721170604027 8.7564835022782586e-05 -0.0002508959373497087 0.0025648591283741469 0.00053705700417910603 0.00063463289335937811 0.0014220288793966448 0.0032629052109997615 0.00029393982480846258 0.0061505391701070179 -0.00044154016959325484 0.0026331576118070001 0.00063248237153594943 5.1719220375277621e-05 0.00027427825385420836 0.0051841530293000471
leaf_weight=38735 5434 19664 979 7465 1710 309 21794 10877 1820 3820 7530 6224 469 1435 5047 4650 28346 1793 3247 4639 2638 1299 6873 308 3351 106 841 5505 5498 330
leaf_count=38735 5434 19664 979 7465 1710 309 21794 10877 1820 3820 7530 6224 469 1435 5047 4650 28346 1793 3247 4639 2638 1299 6873 308 3351 106 841 5505 5498 330
internal_value=-3.64541e-13 -0.000214969 0.000976904 0.000765178 0.00030162 0.002861 -0.000412418 -0.000291528 -0.000737667 0.00126759 0.000144278 0.000304933 0.0036192 0.00114385 9.67743e-05 0.000514553 -0.000410558 0.00192932 0.000910101 0.000244802 0.000899953 0.00288501 -2.56723e-05 0.00468566 -0.000928049 -9.34532e-05 0.00138492 0.000100486 2.76733e-05 0.00412097
internal_weight=202736 166170 36566 32872 45950 3694 120220 87644 32576 15716 38717 17156 2715 7233 20563 12180 67081 5613 5798 15516 10103 1608 26537 1107 25145 7431 2551 5611 10932 799
internal_count=202736 166170 36566 32872 45950 3694 120220 87644 32576 15716 38717 17156 2715 7233 20563 12180 67081 5613 5798 15516 10103 1608 26537 1107 25145 7431 2551 5611 10932 799
is_linear=0
shrinkage=0.02


Tree=28
num_leaves=31
num_cat=0
split_feature=10 34 10 9 34 10 34 13 41 10 10 45 45 13 45 13 34 9 13 9 34 45 41 20 13 10 34 9 34 45
split_gain=152.492 47.5273 32.0719 16.8256 16.0669 13.8959 9.93169 9.07147 7.48897 6.24634 6.17811 5.78099 4.8724 4.71411 4.35684 3.98158 3.75551 3.38298 3.16466 2.93395 2.90567 3.77626 2.7561 2.74656 2.7248 2.37151 2.28992 2.26861 2.2372 2.20176
threshold=16.57449999999999 0.021537784322291639 46.280999999999985 2.4280000000000062 0.022854074869047725 104.706 0.070202806751051852 0.99226666666666707 25.749779540842763 -1.1120000000000165 -138.12749999999997 0.058333333333210002 0.057748997619839183 0.4246000000000002 0.046419140102427987 0.2398000000000014 0.061204343749087918 9.62300000000001 0.41399999999999898 4.3740000000000121 -0.0037422783688507936 0.065079365079300386 65.884419652272769 6.1500000000014561 0.21953333333333327 27.254499999999982 0.038381522042216225 24.937000000000001 -0.0068887713537538016 0.063007197458063394
decision_type=2 2 2 2 2 2 2 2 2 2 2 2 2 2 2 2 2 2 2 2 2 2 2 2 2 2 2 2 2 2
left_child=1 3 4 8 15 7 11 24 29 10 -10 22 -5 -7 19 -2 -6 28 -13 -9 21 -17 -3 -16 -4 -22 -24 -8 -14 -1
right_child=2 6 5 12 16 13 27 14 9 -11 -12 18 17 -15 23 20 -18 -19 -20 -21 25 -23 26 -25 -26 -27 -28 -29 -30 -31
leaf_value=-0.00075401237350983903 0.0001111963198212544 0.00065570300207938039 0.00047969237323546482 -0.00018830899708682843 0.0013755202255234574 0.0012796648480125693 0.0017581985117065321 0.0033237033641738134 0.0007386350660074756 -0.0001911941616964737 -0.0006200948762059089 0.00043125485312081526 -0.00063245644090484333 0.0052589022282629218 0.0024701770178593681 0.00058063612703920082 0.0026686608093409404 0.0010773964345547437 0.0012677161671188594 0.0013402346399535381 0.00060376682527750003 -0.0005416964617679696 -0.00016514408674680965 0.0040915345469265656 0.001549996280236357 0.001246529144652168 0.00039004353436083766 0.0048572606131434444 0.00032426390632986449 -0.0011802378611566566
leaf_weight=15146 7628 3842 1130 24125 6116 146 1713 410 1372 22242 54979 3495 1206 646 761 7170 1053 2049 3751 1095 4919 1440 7885 927 6021 4306 4769 100 5164 7130
leaf_count=15146 7628 3842 1130 24125 6116 146 1713 410 1372 22242 54979 3495 1206 646 761 7170 1053 2049 3751 1095 4919 1440 7885 927 6021 4306 4769 100 5164 7130
internal_value=8.5788e-14 -0.000287814 0.00104536 -0.000439165 0.000729088 0.00197213 0.000502333 0.00177664 -0.000566742 -0.000474996 -0.000587013 0.000393379 -4.37443e-05 0.00452536 0.00266299 0.000493611 0.00156546 0.000370512 0.000864262 0.00188058 0.000657169 0.000392929 0.00018654 0.00336058 0.00138087 0.000903792 4.40933e-05 0.00192913 0.000143133 -0.000890437
internal_weight=202736 158968 43768 133413 32632 11136 25555 10344 100869 78593 56351 23742 32544 792 3193 25463 7169 8419 7246 1505 17835 8610 16496 1688 7151 9225 12654 1813 6370 22276
internal_count=202736 158968 43768 133413 32632 11136 25555 10344 100869 78593 56351 23742 32544 792 3193 25463 7169 8419 7246 1505 17835 8610 16496 1688 7151 9225 12654 1813 6370 22276
is_linear=0
shrinkage=0.02


Tree=29
num_leaves=31
num_cat=0
split_feature=10 34 43 10 34 10 14 45 43 43 14 34 45 43 14 34 10 45 10 10 14 14 34 45 42 10 34 45 10 14
split_gain=146.629 52.5955 33.9988 13.7524 13.6439 12.0096 9.39317 7.56619 5.83559 5.58986 5.3893 4.83327 4.81899 4.52482 4.46342 4.37852 4.3362 4.31147 3.84749 3.37572 3.27521 3.16686 3.15816 2.99914 2.89072 2.8116 2.61126 3.08422 2.4471 2.15136
threshold=22.170499999999986 0.014114095607827878 8.9200000000026218 1.2914999999999763 0.048816194574023503 91.561999999999998 0.6384000000000013 0.06661918087698615 9.2199999999967996 6.9400000000008744 1.3451000000000015 -0.022374440849724644 0.031272666988371389 5.3000000000014564 1.2694166666666675 0.00040462177784914222 104.706 0.05949999999981765 51.214499999999994 -138.12749999999997 0.21986666666666724 0.34631666666666755 -0.0022639564567248651 0.060658226447889728 0.80105839256387668 9.9334999999999898 0.0028642136756418394 0.057163625649900476 42.282999999999987 1.1814666666666676
decision_type=2 2 2 2 2 2 2 2 2 2 2 2 2 2 2 2 2 2 2 2 2 2 2 2 2 2 2 2 2 2
left_child=1 3 6 9 7 10 20 13 25 15 -4 -11 -12 -3 -6 17 26 -1 -14 -13 -2 -9 28 -16 -15 -5 -8 -28 -22 -23
right_child=2 4 5 8 14 -7 16 21 -10 11 12 19 18 24 23 -17 -18 -19 -20 -21 22 29 -24 -25 -26 -27 27 -29 -30 -31
leaf_value=-0.00065421438863210249 5.1775880734524595e-05 -0.00014187638718333152 0.0017386730005480866 -0.00037016850542942334 0.00096243733103918393 0.0048341484945900997 0.00096811830651791122 0.00032046257569902928 0.0006740105403066235 -0.00059052554853409472 0.0012532284202967381 0.0015222057511259199 0.0026895856828754129 0.00074708629665765308 0.0016876801554276313 -0.00043937558688710558 0.0041059698648439041 -0.0010812069891297565 0.0046379272614424172 -7.794557718936366e-05 0.00013045559106851515 0.0010417867671485329 0.0010003009382956228 0.0037647422622340944 0.00012914671804667492 -1.8738311201493441e-05 0.0012150343585331047 0.0023258079399139197 0.00095132155900012178 0.0027973332340547512
leaf_weight=30651 3289 15782 4443 19392 4485 735 3481 3051 3292 11203 515 557 1022 4878 1015 21721 239 13681 672 9909 4210 3859 8560 383 7985 17168 2219 1820 2218 301
leaf_count=30651 3289 15782 4443 19392 4485 735 3481 3051 3292 11203 515 557 1022 4878 1015 21721 239 13681 672 9909 4210 3859 8560 383 7985 17168 2219 1820 2218 301
internal_value=-1.15489e-13 -0.000238974 0.00121059 -0.000440602 0.000377293 0.00240813 0.000870817 0.000230824 -0.000132519 -0.000580563 0.00214008 -0.000301821 0.00294742 8.5056e-05 0.00127 -0.000672006 0.00145386 -0.000785986 0.00346248 7.2144e-06 0.000623303 0.000809872 0.000748721 0.00225672 0.000363486 -0.000205142 0.00136957 0.00171556 0.000413698 0.00116881
internal_weight=202736 169313 33423 127574 41739 7387 26036 35856 39852 87722 6652 21669 2209 28645 5883 66053 7759 44332 1694 10466 18277 7211 14988 1398 12863 36560 7520 4039 6428 4160
internal_count=202736 169313 33423 127574 41739 7387 26036 35856 39852 87722 6652 21669 2209 28645 5883 66053 7759 44332 1694 10466 18277 7211 14988 1398 12863 36560 7520 4039 6428 4160
is_linear=0
shrinkage=0.02


Tree=30
num_leaves=31
num_cat=0
split_feature=10 43 9 29 10 45 10 14 43 45 43 43 9 43 14 29 43 14 41 10 10 10 10 9 45 45 15 45 41 41
split_gain=140.979 38.3352 31.9492 16.3365 16.3018 11.5674 9.65586 8.98648 7.95278 7.46128 5.50914 5.31137 5.27414 4.62372 4.25404 4.06845 3.57545 3.29022 3.02159 2.62383 2.58748 2.51079 2.46111 2.37514 3.45395 3.23108 2.26687 2.57945 2.22185 2.11756
threshold=16.57449999999999 7.4400000000008744 4.5755000000000061 0.012902815054138818 61.751999999999988 0.049649908563681948 33.544999999999987 1.7400000000000009 8.3199999999997107 0.060658226447889728 12.9699999999968 5.2600000000020382 -1.8710000000000024 6.5999999999985457 0.65630000000000144 0.067067441342805192 7.9199999999997095 0.20483333333333417 25.344352616344363 104.706 4.6739999999999915 -1.5490000000000184 -138.12749999999997 -0.88999999999998269 0.042768683842173964 0.05949999999981765 1.5103871183288102 0.049939393137914324 33.771929822502536 39.599190579334326
decision_type=2 2 2 2 2 2 2 2 2 2 2 2 2 2 2 2 2 2 2 2 2 2 2 2 2 2 2 2 2 2
left_child=2 6 3 9 15 16 17 13 20 11 19 21 -11 -7 -8 23 -4 -2 -13 -6 22 -1 -5 25 -25 -3 -12 -28 -14 -19
right_child=1 4 5 8 10 7 14 -9 -10 12 26 18 28 -15 -16 -17 -18 29 -20 -21 -22 -23 -24 24 -26 -27 27 -29 -30 -31
leaf_value=-0.0006768814664202291 -0.00022442970177714651 0.0013173573749564284 -0.00022714165268297501 0.002780196673075597 0.0022561338785673435 0.00042398283760413389 0.0008115205474118624 0.0037612924017609434 0.00055574045010386834 -0.0010103132334447625 0.0056299905958952469 -0.00064139288277738642 -0.00089387366899051001 0.001255231485947582 0.0015892288965827844 0.0025964826932182118 0.00047023650877878745 9.8631640781162436e-05 -8.7523636493562238e-05 0.0047842132072323596 0.00020998690279121186 -0.00036616242302471135 -0.00030378886313823557 0.0011118990087256554 0.002111388328075173 -0.0003145652286430402 0.0025075820316113342 0.0049448696479180276 -9.3555022356737943e-05 0.00061917005431779857
leaf_weight=29614 3309 1960 11909 104 1298 9817 8899 382 7147 18862 406 4956 2029 3680 4114 1351 3905 4371 19216 188 5127 16035 21796 2592 2965 645 341 354 4389 10975
leaf_count=29614 3309 1960 11909 104 1298 9817 8899 382 7147 18862 406 4956 2029 3680 4114 1351 3905 4371 19216 188 5127 16035 21796 2592 2965 645 341 354 4389 10975
internal_value=-3.24805e-13 0.00100512 -0.000276736 -0.000412622 0.00196269 0.000314874 0.000639247 0.000736242 -3.75655e-05 -0.000547397 0.00337041 -0.000440801 -0.000841804 0.000650625 0.00105739 0.00157987 -5.49359e-05 0.000347568 -0.000201084 0.00257597 -0.000194459 -0.000567736 -0.000289143 0.00141159 0.00164519 0.000913292 0.00444264 0.00374902 -0.000346569 0.000470905
internal_weight=202736 43768 158968 129275 12100 29693 31668 13879 34174 95101 2587 69821 25280 13497 13013 9513 15814 18655 24172 1486 27027 45649 21900 8162 5557 2605 1101 695 6418 15346
internal_count=202736 43768 158968 129275 12100 29693 31668 13879 34174 95101 2587 69821 25280 13497 13013 9513 15814 18655 24172 1486 27027 45649 21900 8162 5557 2605 1101 695 6418 15346
is_linear=0
shrinkage=0.02


Tree=31
num_leaves=31
num_cat=0
split_feature=10 34 14 9 10 34 45 34 34 14 45 45 10 20 10 9 9 45 41 10 14 14 14 14 45 34 10 34 14 44
split_gain=135.433 49.3053 30.0256 17.8134 10.6923 9.79393 8.84841 6.68197 5.89883 5.86287 5.72731 5.65991 5.09078 5.02561 4.94942 4.35857 4.01964 3.9278 3.68449 2.88459 2.82041 2.67367 2.49196 2.47014 2.32797 2.30453 2.28457 2.27919 2.26933 2.54159
threshold=22.170499999999986 0.021537784322291639 0.81321666666666792 1.1060000000000016 66.272499999999994 0.065064307952460362 0.046723101570922417 0.0022337771493084507 0.01572264160414517 0.47653333333333503 0.034777026458973549 0.065689454978437062 3.3029999999999933 8.3499999999985466 -138.12749999999997 -12.404499999999979 15.723000000000011 0.049649908563681948 66.188165180641207 33.544999999999987 1.4308666666666683 1.1559000000000015 1.5994166666666678 0.72748333333333404 0.057748997619839183 0.10738946363118447 7.6179999999999888 0.038381522042216225 0.43086666666666812 1.7901416812775957
decision_type=2 2 2 2 2 2 2 2 2 2 2 2 2 2 2 2 2 2 2 2 2 2 2 2 2 2 2 2 2 2
left_child=1 3 8 6 10 11 12 26 19 24 16 18 14 -6 -1 -12 -4 -11 -3 -2 -17 -13 -19 -14 -5 -7 -8 -20 -10 -30
right_child=2 5 4 9 13 25 7 -9 28 17 15 21 23 -15 -16 20 -18 22 27 -21 -22 -23 -24 -25 -26 -27 -28 -29 29 -31
leaf_value=0.0010944123120989839 0.00029772699160839961 0.00074232605942650481 0.0015667871681083224 -0.00030863911013198522 0.002386478704408545 0.0014591567771425149 -0.00093005530883107383 -0.00025367350892653063 0.00089068982679104617 3.3599145414931982e-05 5.0111773203114994e-05 0.00086642147997138103 -8.0119459531986448e-05 0.0041588168550460401 -0.00049783276309361827 0.0018962574867679553 -3.8106008014915267e-05 0.00062972941691190668 -8.2774571859740582e-05 0.00081794942195629466 0.0029371328635212678 0.0026476998034243781 0.0027148762310147908 0.00091780756097400084 7.8782559717786109e-05 0.00307322165876435 -0.00043380161164604131 0.00042985188574140397 0.0018728362613740668 0.00018697633273484846
leaf_weight=797 7922 4824 1587 24402 1426 2065 30907 8782 2876 9285 385 5289 10037 1161 38654 2928 1029 4706 9402 9232 1616 360 241 1101 8319 427 4217 5498 2852 409
leaf_count=797 7922 4824 1587 24402 1426 2065 30907 8782 2876 9285 385 5289 10037 1161 38654 2928 1029 4706 9402 9232 1616 360 241 1101 8319 427 4217 5498 2852 409
internal_value=-4.55514e-13 -0.00022967 0.00116345 -0.000381152 0.00207232 0.000539284 -0.000539361 -0.000747103 0.000768079 -6.27491e-05 0.00169188 0.000421777 -0.000359063 0.00318187 -0.000465666 0.00209331 0.000935505 0.000276121 0.000261917 0.000577702 0.00226643 0.000979939 0.00073131 1.85264e-05 -0.000210141 0.00173572 -0.000870475 0.000106381 0.00130022 0.00166139
internal_weight=202736 169313 33423 141448 10132 27865 94495 43906 23291 46953 7545 25373 50589 2587 39451 4929 2616 14232 19724 17154 4544 5649 4947 11138 32721 2492 35124 14900 6137 3261
internal_count=202736 169313 33423 141448 10132 27865 94495 43906 23291 46953 7545 25373 50589 2587 39451 4929 2616 14232 19724 17154 4544 5649 4947 11138 32721 2492 35124 14900 6137 3261
is_linear=0
shrinkage=0.02


Tree=32
num_leaves=31
num_cat=0
split_feature=34 14 43 45 34 45 34 14 14 14 45 45 45 15 14 15 45 43 43 43 32 34 14 14 45 34 42 43 43 34
split_gain=83.0254 28.3656 22.1008 14.9274 13.7906 9.80028 8.90933 8.31648 6.49093 5.4964 5.2985 5.18714 5.0822 4.27713 3.82715 3.12899 3.01615 2.61634 2.51637 2.06761 2.0355 2.00702 1.82695 1.76654 1.56817 1.47427 1.45466 1.45276 1.42399 1.36985
threshold=0.022854074869047725 0.93891666666666773 4.3199999999997098 0.056573077994046671 -0.007610372737590171 0.065079365079300386 1.0000000180025095e-35 0.74421666666666753 2.3338833333333349 0.83460000000000156 0.068145390656240465 0.05051159177682308 0.064484136490998892 2.3220777869871951 0.37340000000000101 0.76856122071953004 0.065367334860913021 15.540000000000875 4.9800000000002926 8.5799999999973817 0.0018862223364245567 0.10738946363118447 0.21986666666666724 0.35111666666666758 0.072102006688792658 0.070202806751051852 0.80105839256387668 5.9800000000002926 2.3399999999979633 -0.0068887713537538016
decision_type=2 2 2 2 2 2 2 2 2 2 2 2 2 2 2 2 2 2 2 2 2 2 2 2 2 2 2 2 2 2
left_child=2 11 6 17 5 9 12 19 21 15 28 18 22 -11 -13 -4 -9 -3 -2 -6 -18 24 -1 -12 -5 26 -20 -16 -8 -14
right_child=1 3 4 8 7 -7 10 16 -10 13 23 14 29 -15 27 -17 20 -19 25 -21 -22 -23 -24 -25 -26 -27 -28 -29 -30 -31
leaf_value=-0.00066611993701422496 6.5202730465681015e-06 0.00086418491175229231 -1.6226079354061354e-05 0.0019823849230177271 0.00010490895242224451 -0.00079365668350353329 -0.00038512299845051335 0.00076090676405844119 0.0047293972167301804 0.00063983770033605432 9.8886569615856139e-05 0.00044778153528683587 -0.0010612102836112804 -0.00030126739087355621 0.0009053652952143536 -0.00050272883177643042 0.0025615648790337005 0.0018431632658985966 0.00097147833470727157 0.0005728715917876745 0.00090343020624632881 0.0046554427613701779 -0.00036969394755028209 0.00078212824445866142 0.0030063126336581153 0.0014913230755386863 0.00033160006341677193 0.0014905123670389587 -0.00013203693209198444 -0.00055914132730981942
leaf_weight=11775 5809 3066 15275 1546 20530 8127 18934 7341 662 7041 4006 4497 8574 2662 3370 8088 681 1696 1820 4628 524 165 28318 2433 976 609 6484 3419 16768 2912
leaf_count=11775 5809 3066 15275 1546 20530 8127 18934 7341 662 7041 4006 4497 8574 2662 3370 8088 681 1696 1820 4628 524 165 28318 2433 976 609 6484 3419 16768 2912
internal_value=-5.90233e-14 0.000899752 -0.000182061 0.00193238 7.40727e-05 -0.000171409 -0.000386753 0.0003741 0.00295549 -1.84722e-05 -0.000171018 0.00057771 -0.000563012 0.000381647 0.000900303 -0.000184648 0.000913134 0.00121285 0.000330409 0.000190994 0.00184052 0.00251845 -0.000456752 0.000357052 0.00237864 0.000541501 0.000471843 0.00120005 -0.000266257 -0.000933923
internal_weight=202736 34119 168617 8111 74897 41193 93720 33704 3349 33066 42141 26008 51579 9703 11286 23363 8546 4762 14722 25158 1205 2687 40093 6439 2522 8913 8304 6789 35702 11486
internal_count=202736 34119 168617 8111 74897 41193 93720 33704 3349 33066 42141 26008 51579 9703 11286 23363 8546 4762 14722 25158 1205 2687 40093 6439 2522 8913 8304 6789 35702 11486
is_linear=0
shrinkage=0.02


Tree=33
num_leaves=31
num_cat=0
split_feature=10 34 43 10 43 9 10 45 45 43 34 34 34 45 43 43 34 14 14 45 14 41 10 10 10 45 10 15 44 14
split_gain=129.201 39.831 34.8698 14.9829 13.4444 9.9492 8.79937 8.34475 8.10404 5.05145 4.80131 4.50284 4.41202 4.15624 3.92437 3.70827 3.39369 3.18714 2.90221 2.89748 2.5709 2.51202 2.49397 2.4859 2.4721 2.4074 2.36078 2.23573 2.22681 2.03443
threshold=16.57449999999999 0.0092113578576959523 7.4400000000008744 61.751999999999988 9.6400000000008745 1.1060000000000016 43.516499999999986 0.066298545810673792 0.04519090992865981 12.9699999999968 0.01846981702454616 -0.0030932043882704245 0.087569951792432002 0.058934799104051812 7.7199999999967988 7.6400000000008736 0.029145417461587667 1.3876333333333342 0.32320000000000132 0.065689454978437062 0.21363333333333442 66.188165180641207 -116.33499999999999 104.706 91.561999999999998 0.067217266334067591 -2.6480000000000201 3.15119429602793 0.20626399248918412 2.3338833333333349
decision_type=2 2 2 2 2 2 2 2 2 2 2 2 2 2 2 2 2 2 2 2 2 2 2 2 2 2 2 2 2 2
left_child=1 5 6 11 7 8 10 16 15 23 20 25 19 -13 -7 22 21 -15 -9 -6 -2 -3 -1 -5 -8 29 -10 -11 -26 -4
right_child=2 4 3 9 12 14 24 18 26 27 -12 13 -14 17 -16 -17 -18 -19 -20 -21 -22 -23 -24 -25 28 -27 -28 -29 -30 -31
leaf_value=0.0022857129796364801 -0.00020225540970188587 2.7791385489508836e-05 0.0010111718478986705 0.0021530145845635919 0.00065423212205951726 -0.00027639799219194298 0.0010822333391239999 0.00018783625945905774 -0.0008939637623195057 0.0049192681730775298 0.00096183017857053249 0.0014444579754332603 0.0024138310647679553 0.0020252997707705125 0.00032554372785099684 3.0284504992829115e-06 0.00025371128741291812 0.0036810069969532818 0.00094501747812846123 0.0018603853408280314 0.00038846451873622893 -0.00038110392164926693 -0.00050098911866089597 0.0046137513564106945 0.0017260580982555781 -0.00045357017941427687 -0.00054856352497311095 0.0030348965234644797 0.0044423018989844191 0.0033148067237027453
leaf_weight=129 3669 10742 2871 1298 6160 26064 7167 3474 28781 711 5155 3865 760 1505 5196 7633 8986 673 4854 915 14976 13642 30714 188 546 437 10918 390 155 162
leaf_count=129 3669 10742 2871 1298 6160 26064 7167 3474 28781 711 5155 3865 760 1505 5196 7633 8986 673 4854 915 14976 13642 30714 188 546 437 10918 390 155 162
internal_value=2.07847e-13 -0.000264924 0.00096222 0.00187548 0.000205638 -0.000477912 0.000613274 6.28093e-05 -0.000598501 0.00322505 0.000421588 0.00150847 0.000965773 0.0018382 -0.000176344 -0.000391657 -7.85327e-05 0.00253691 0.000629162 0.000810222 0.000272221 -0.000200971 -0.000489334 0.00246433 0.00119311 0.000934254 -0.000798972 0.00425178 0.00232665 0.00113421
internal_weight=202736 158968 43768 12100 49533 109435 31668 41698 78175 2587 23800 9513 7835 6043 31260 38476 33370 2178 8328 7075 18645 24384 30843 1486 7868 3470 39699 1101 701 3033
internal_count=202736 158968 43768 12100 49533 109435 31668 41698 78175 2587 23800 9513 7835 6043 31260 38476 33370 2178 8328 7075 18645 24384 30843 1486 7868 3470 39699 1101 701 3033
is_linear=0
shrinkage=0.02


Tree=34
num_leaves=31
num_cat=0
split_feature=10 34 43 43 10 10 10 34 14 43 43 10 34 34 10 34 34 43 43 42 41 15 10 34 44 34 14 10 43 43
split_gain=124.085 38.2537 33.6046 13.0317 11.599 11.3161 7.70984 5.87495 5.597 5.12387 4.28522 4.92665 4.18694 3.49998 3.39632 3.32572 3.17673 3.0313 2.62093 2.58262 2.44877 2.39633 2.32045 2.27137 2.26228 2.17767 2.13438 2.06166 1.97624 1.85349
threshold=16.57449999999999 0.0092113578576959523 9.5200000000026215 6.8800000000002912 33.544999999999987 61.751999999999988 -0.879000000000007 0.070202806751051852 0.6384000000000013 9.1199999999997114 7.7199999999967988 -166.39949999999996 0.017398862942184869 -0.023774771044866732 104.706 -0.024279693373350762 0.029760035341525631 15.139999999997965 20.519999999999715 0.72074580414531531 69.085597501627674 3.15119429602793 91.561999999999998 -0.00574187746612173 1.8980549983019654 0.0084970800884962786 0.1795666666666676 -138.12749999999997 2.3600000000020378 2.7000000000014555
decision_type=2 2 2 2 2 2 2 2 2 2 2 2 2 2 2 2 2 2 2 2 2 2 2 2 2 2 2 2 2 2
left_child=1 6 4 16 12 15 10 19 29 28 11 -1 26 -12 25 -4 20 22 -17 -5 -3 24 -7 -13 -19 -10 -2 -15 -8 -6
right_child=2 3 5 7 8 17 9 -9 14 -11 13 23 -14 27 -16 18 -18 21 -20 -21 -22 -23 -24 -25 -26 -27 -28 -29 -30 -31
leaf_value=0.0036635594583959096 -0.00035864791409208883 8.6209044050944601e-05 0.00081177021089706399 0.0010310906585233694 0.00042471224255080669 0.0020984022233669708 -0.00050472368099690177 0.0018230840819017703 0.0011216035371635516 0.00054423946506006963 -0.00055723602812543982 -0.0007823922435961203 0.00087535014855002276 0.0013029758985589356 0.0038551036163153186 0.0018173881508945426 0.00034089094219460716 0.0065185248095923189 0.0034565342019966384 0.00039169211481460446 -0.00029687809263799606 0.0031379670310635174 0.0041519051941559708 -0.00052930026744045912 0.0037764163863318579 0.0019227108326502957 0.00031402069490479487 -5.9978763265611224e-05 -0.00017890766342153593 0.0010109993068196878
leaf_weight=105 2194 12720 1258 3407 3251 661 11848 1649 2889 3161 9266 32698 5188 475 256 4032 7933 275 432 9781 14043 343 330 25050 214 2560 13476 6787 20045 6409
leaf_count=105 2194 12720 1258 3407 3251 661 11848 1649 2889 3161 9266 32698 5188 475 256 4032 7933 275 432 9781 14043 343 330 25050 214 2560 13476 6787 20045 6409
internal_value=-5.03935e-16 -0.000259626 0.000942976 0.000201525 0.000690053 0.00215724 -0.000468354 0.000697603 0.00110704 -0.000223821 -0.000583596 -0.000664736 0.000382884 -0.000299583 0.00160374 0.00172005 -1.06119e-05 0.00352948 0.00197602 0.000556875 -0.000114803 0.00441956 0.00278221 -0.000672606 0.0053185 0.00149797 0.000219839 2.91707e-05 -0.000299946 0.000813689
internal_weight=202736 158968 43768 49533 36223 7545 109435 14837 15365 35054 74381 57853 20858 16528 5705 5722 34696 1823 4464 13188 26763 832 991 57748 489 5449 15670 7262 31893 9660
internal_count=202736 158968 43768 49533 36223 7545 109435 14837 15365 35054 74381 57853 20858 16528 5705 5722 34696 1823 4464 13188 26763 832 991 57748 489 5449 15670 7262 31893 9660
is_linear=0
shrinkage=0.02


Tree=35
num_leaves=31
num_cat=0
split_feature=10 34 43 10 9 10 14 34 14 10 10 14 34 43 34 43 9 43 14 10 9 44 10 44 9 14 43 14 6 10
split_gain=119.341 35.6176 34.6673 12.7471 11.7095 11.1453 9.35955 4.82827 4.57479 4.53032 4.51533 10.4621 4.27199 4.17635 4.02851 4.01838 3.71511 3.1556 3.0132 2.76448 2.5222 2.43079 2.25684 2.23743 2.1412 2.08769 2.01739 2.01517 1.99218 1.73554
threshold=14.77249999999998 0.016723589840592742 8.3199999999997107 61.751999999999988 1.3800000000000148 33.544999999999987 0.5929000000000012 0.070202806751051852 0.6384000000000013 -2.8685000000000165 -138.12749999999997 0.91085000000000049 0.01846981702454616 3.8800000000002917 -0.024279693373350762 15.139999999997965 3.8120000000000007 20.519999999999715 0.54916666666666825 104.706 14.490500000000006 1.0000000180025095e-35 91.561999999999998 1.2679515873883946 -1.23 0.1795666666666676 2.6000000000043659 1.5409333333333344 0.73209999999999975 -138.12749999999997
decision_type=2 2 2 2 2 2 2 2 2 2 2 2 2 2 2 2 2 2 2 2 2 2 2 2 2 2 2 2 2 2
left_child=1 4 5 14 9 12 16 29 24 10 11 -1 25 -6 -4 22 -3 -16 -11 28 -15 -12 -5 27 -7 -2 -26 -17 -10 -8
right_child=2 6 3 15 13 8 7 -9 19 18 21 -13 -14 20 17 23 -18 -19 -20 -21 -22 -23 -24 -25 26 -27 -28 -29 -30 -31
leaf_value=0.0046333133039283781 -0.00034466449670003468 -0.0001122074379347016 0.00067778505512919144 0.0020503315163812341 -0.00031763817387371531 0.00035652714602821712 0.0017309366355426645 0.0019013236497154014 0.0016010526092103167 -0.00042813664095646008 -0.00055837710320643091 -0.00021816862545062182 0.00083311199403973083 3.85170866707421e-05 0.001638463793138122 0.0040452639575106215 0.00043539968466140894 0.0033859614668275556 0.00013250149297610076 0.0037215443055642998 0.00088027786232622199 -0.00081500179108496445 0.0037860919508757285 0.0034209390614371245 0.00049284003419501502 0.00026458196792165391 0.0012645016246100123 0.0070301055541494859 0.00047101392655309125 0.00057093055607208062
leaf_weight=205 2632 14063 1754 983 18845 3251 548 1392 3953 21249 34110 1340 5065 14490 5986 184 7652 444 4679 219 1579 26032 431 470 2084 15492 3875 178 741 8810
leaf_count=205 2632 14063 1754 983 18845 3251 548 1392 3953 21249 34110 1340 5065 14490 5986 184 7652 444 4679 219 1579 26032 431 470 2084 15492 3875 178 741 8810
internal_value=-1.99599e-13 -0.00026931 0.000874312 0.00189366 -0.00042537 0.000589369 0.000319692 0.000802334 0.00103229 -0.000548792 -0.00064203 0.000425556 0.000319611 -0.00011565 0.00152738 0.00322832 8.07601e-05 0.00175913 -0.000326963 0.00152514 0.000121232 -0.000669455 0.00257941 0.00433116 0.000769391 0.000176106 0.000994634 0.00551295 0.00142266 0.00063886
internal_weight=202736 154994 47742 10430 122529 37312 32465 10750 14123 87615 61687 1545 23189 34914 8184 2246 21715 6430 25928 4913 16069 60142 1414 832 9210 18124 5959 362 4694 9358
internal_count=202736 154994 47742 10430 122529 37312 32465 10750 14123 87615 61687 1545 23189 34914 8184 2246 21715 6430 25928 4913 16069 60142 1414 832 9210 18124 5959 362 4694 9358
is_linear=0
shrinkage=0.02


Tree=36
num_leaves=31
num_cat=0
split_feature=10 34 14 10 10 14 34 45 45 14 34 6 10 45 45 6 14 14 45 14 14 44 41 14 10 44 14 10 44 34
split_gain=114.625 41.0164 24.7853 14.154 10.3233 8.55583 7.77815 6.71913 6.49565 4.73311 4.64214 4.23801 4.22979 4.19972 4.19141 3.96373 3.69769 3.38449 3.20355 3.10751 2.64281 2.57686 2.48266 2.39843 2.39262 2.38177 2.07327 2.039 1.98807 1.84922
threshold=22.652499999999993 0.021537784322291639 0.77161666666666784 6.5894999999999975 91.561999999999998 0.97213333333333418 0.0018236664560350496 0.031272666988371389 0.064484136490998892 1.4308666666666683 0.0036999726363705515 1.3651333333333329 -138.12749999999997 0.058620524697072546 0.062707779652269049 0.1514000000000002 0.48726666666666746 0.41076666666666745 0.065367334860913021 2.1761666666666684 0.91085000000000049 1.7901416812775957 24.576502605478577 2.1761666666666684 6.1289999999999862 -0.49162951159324991 0.30940000000000017 42.282999999999987 1.357560484627605 0.010521452020454156
decision_type=2 2 2 2 2 2 2 2 2 2 2 2 2 2 2 2 2 2 2 2 2 2 2 2 2 2 2 2 2 2
left_child=1 3 10 6 7 13 8 15 22 -9 27 -11 20 24 -7 -4 -5 -12 -14 25 -8 -19 -1 -16 -3 29 -15 -2 -21 -6
right_child=2 5 4 16 19 14 12 9 -10 11 17 -13 18 26 23 -17 -18 21 -20 28 -22 -23 -24 -25 -26 -27 -28 -29 -30 -31
leaf_value=-0.00069000789540530239 0.00024130898468261827 9.3552235753088751e-06 0.0016716331870811237 -0.00010119566410545143 0.0027646254783806703 0.00093386513058652584 0.0046683247966027939 0.0016338944459088247 -0.00091715207348476023 0.0031296661463733129 0.00067596713267631284 0.00077211228102826363 -0.00031483999249378185 0.00022336351208877104 0.0019409798764586728 0.00022624410688162306 0.00039003345523395901 0.0015634561801485462 0.00019909311252761221 0.0072936685304573878 0.00088165944999496666 -3.5157772651591629e-05 -0.00039161105522322008 0.0045004984321721396 0.00056963529196618363 0.0018943524007358915 0.00095177838538301068 0.00079485160408563921 0.0041837109399174583 0.0058170834908207111
leaf_weight=14989 7762 11933 1406 21587 165 3549 101 4292 16508 1937 5433 362 30675 2250 954 1649 8560 4216 5763 123 273 446 43579 173 4095 385 5119 4051 248 153
leaf_count=14989 7762 11933 1406 21587 165 3549 101 4292 16508 1937 5433 362 30675 2250 954 1649 8560 4216 5763 123 273 446 43579 173 4095 385 5119 4051 248 153
internal_value=-1.58752e-13 -0.000208275 0.00108586 -0.000346343 0.00187387 0.000490278 -0.000449977 0.00166678 -0.000566744 0.00202615 0.000700263 0.00275845 -0.000211837 0.000334189 0.00127129 0.000891454 3.82849e-05 0.00101519 -0.000233557 0.00373388 0.00190426 0.00141052 -0.000467978 0.00233388 0.000152501 0.00295235 0.000729369 0.000431134 0.00521478 0.00423326
internal_weight=202736 170108 32628 142035 10720 28073 111888 9646 75076 6591 21908 2299 36812 23397 4676 3055 30147 10095 36438 1074 374 4662 58568 1127 16028 703 7369 11813 371 318
internal_count=202736 170108 32628 142035 10720 28073 111888 9646 75076 6591 21908 2299 36812 23397 4676 3055 30147 10095 36438 1074 374 4662 58568 1127 16028 703 7369 11813 371 318
is_linear=0
shrinkage=0.02


Tree=37
num_leaves=31
num_cat=0
split_feature=10 34 43 10 14 10 9 45 45 43 9 34 43 10 14 34 10 14 43 34 7 14 43 14 45 14 14 15 13 10
split_gain=110.33 33.1445 32.4832 12.929 11.6321 9.59132 8.80475 8.03742 6.17357 5.63864 4.8084 4.68477 4.41839 4.1391 3.91576 3.21473 3.17917 4.47829 2.95319 2.778 2.77602 2.32396 2.30199 2.2984 2.19514 2.17748 1.91488 2.17454 2.02212 1.88117
threshold=14.77249999999998 0.0092113578576959523 10.359999999999129 33.544999999999987 0.5929000000000012 66.272499999999994 0.1980000000000007 0.03753649286102672 0.061501531652001444 3.8199999999967988 3.3540000000000152 0.01846981702454616 3.8800000000002917 104.706 1.2694166666666675 0.087569951792432002 -138.12749999999997 0.98900000000000043 13.209999999999129 0.0028642136756418394 4.2371964832941744 1.7400000000000009 8.3199999999997107 0.21156666666666843 0.067821365989707366 1.5994166666666678 0.58783333333333376 1.5103871183288102 3.5299000000000018 -68.760000000000005
decision_type=2 2 2 2 2 2 2 2 2 2 2 2 2 2 2 2 2 2 2 2 2 2 2 2 2 2 2 2 2 2
left_child=1 6 3 11 10 15 7 16 18 -5 -3 23 -8 19 29 20 17 -1 -6 -11 25 -14 -18 -2 -9 -4 -7 -28 -29 -10
right_child=2 4 5 9 8 26 12 24 14 13 -12 -13 21 -15 -16 -17 22 -19 -20 -21 -22 -23 -24 -25 -26 -27 27 28 -30 -31
leaf_value=0.0046353070076244575 -0.00024649169540065578 -0.00019141293863780601 0.0015515827748952115 0.0006257510152416168 0.00024734653756363159 0.00093140748427249492 -0.00040252203864062699 -0.0006566238419035246 0.0029566255605779591 0.00097515730023578885 0.00030515582816616741 0.00084731232832072111 3.4113363392290369e-06 0.0037931789510896791 0.0028695617062181006 0.0033498443224400814 -0.00042583404767226765 0.00020060903875948122 0.0010153793975084969 0.0016712871285805401 0.00034002641015914027 0.0015176407261406682 7.8788946368847971e-05 0.00030622314832487891 -0.00096181647626489189 0.0027190972941354787 0.0047672628678962032 0.0024463570323897768 0.0046689161476629612 0.00093279800181319183
leaf_weight=120 3728 22518 3290 6559 7949 100 19752 29932 200 4682 11934 5810 15940 278 626 455 22216 378 2677 4494 618 416 4319 15613 13761 793 547 540 235 2256
leaf_count=120 3728 22518 3290 6559 7949 100 19752 29932 200 4682 11934 5810 15940 278 626 455 22216 378 2677 4494 618 416 4319 15613 13761 793 547 540 235 2256
internal_value=-6.00952e-14 -0.000258943 0.000840656 0.000632113 0.000176659 0.00214569 -0.000455309 -0.000585041 0.000669419 0.00107633 -1.9404e-05 0.000349291 -0.000201199 0.00138893 0.00145752 0.00174462 -0.000313986 0.00126921 0.000440836 0.00131609 0.00158926 4.19244e-05 -0.000343699 0.000199687 -0.000752743 0.00177834 0.0035999 0.00380176 0.00312029 0.0010976
internal_weight=202736 154994 47742 41164 48160 6578 106834 70726 13708 16013 34452 25151 36108 9454 3082 5156 27033 498 10626 9176 4701 16356 26535 19341 43693 4083 1422 1322 775 2456
internal_count=202736 154994 47742 41164 48160 6578 106834 70726 13708 16013 34452 25151 36108 9454 3082 5156 27033 498 10626 9176 4701 16356 26535 19341 43693 4083 1422 1322 775 2456
is_linear=0
shrinkage=0.02


Tree=38
num_leaves=31
num_cat=0
split_feature=9 34 14 45 14 45 45 43 43 9 43 43 43 44 34 44 9 44 9 14 43 43 45 14 34 34 45 43 34 34
split_gain=74.2718 28.2658 26.5994 16.0921 11.8526 11.0803 9.9092 8.26335 7.36552 7.31823 4.97136 3.68932 3.4134 3.26779 2.9773 2.7673 2.41147 2.3645 2.36301 2.36046 1.99922 1.8776 1.86295 1.82829 1.78538 1.76513 1.65742 1.49061 1.44652 1.44619
threshold=6.4670000000000085 0.0077797917161733102 1.6623500000000015 0.044591472904965755 0.77161666666666784 0.036614491121884689 0.054229402022736829 6.5999999999985457 6.2800000000002916 -1.0269999999999879 5.3800000000032027 5.5600000000020389 3.8199999999967988 0.10905421574344577 0.05525710701734738 1.0856926487789889 13.4435 3.0021259773618425 12.978000000000005 0.82336666666666825 2.4800000000032019 16.400000000004372 0.058620524697072546 1.2694166666666675 -0.023313443908957194 -0.0071374498004916206 0.06661918087698615 2.8000000000014555 0.0047955310433470824 0.065064307952460362
decision_type=2 2 2 2 2 2 2 2 2 2 2 2 2 2 2 2 2 2 2 2 2 2 2 2 2 2 2 2 2 2
left_child=1 6 3 12 10 -4 8 16 20 -8 22 -7 -2 -12 26 19 28 21 24 -10 -1 -13 -3 -20 -9 -11 -6 -27 -5 -14
right_child=2 4 5 7 14 11 9 18 15 25 13 17 29 -15 -16 -17 -18 -19 23 -21 -22 -23 -24 -25 -26 27 -28 -29 -30 -31
leaf_value=-0.00048402585617168836 -0.00025200531235984033 -0.00016527208404813691 0.00082054199260955503 0.00012960175065187635 0.00064519332967413344 0.0011941905246548184 -0.00077530189475486888 -0.00049602918064575784 8.2981805339458638e-05 -0.00045354157958926321 0.00061972120513240504 0.0032744500493517427 0.00031943167808044153 -7.2276564819990434e-06 0.0017598655418315005 -0.00032041355474107997 0.0010903591793959941 0.0022249611968940498 0.0017078251883790006 0.00064216610977482617 -0.00023867574972579871 0.0046425642630070329 0.00020034962561344728 0.0028329932472109637 0.0013198214540212348 -0.00020288635024121556 0.0018163152185253705 0.00045020971394509448 0.00069273538870884288 0.0015852417697119273
leaf_weight=23514 5639 21620 1106 2629 5720 304 29397 235 11268 4325 8895 871 9071 5311 1416 4727 4538 423 2768 4125 30537 744 7511 730 2764 3197 528 2484 5963 376
leaf_count=23514 5639 21620 1106 2629 5720 304 29397 235 11268 4325 8895 871 9071 5311 1416 4727 4538 423 2768 4125 30537 744 7511 730 2764 3197 528 2484 5963 376
internal_value=-1.38857e-13 -0.000184334 0.000794966 0.000628551 0.000206803 0.00247037 -0.000359976 0.00100608 -0.000223813 -0.000616284 7.85859e-05 0.00324949 0.000137383 0.000385333 0.000931823 0.000102852 0.000717407 0.00355607 0.00158947 0.000232831 -0.000345411 0.00390471 -7.10019e-05 0.00194264 0.00117753 -0.000149098 0.000744161 8.26779e-05 0.000520426 0.000369812
internal_weight=202736 164575 38161 34713 51001 3448 113574 19627 74171 39403 43337 2342 15086 14206 7664 20120 13130 2038 6497 15393 54051 1615 29131 3498 2999 10006 6248 5681 8592 9447
internal_count=202736 164575 38161 34713 51001 3448 113574 19627 74171 39403 43337 2342 15086 14206 7664 20120 13130 2038 6497 15393 54051 1615 29131 3498 2999 10006 6248 5681 8592 9447
is_linear=0
shrinkage=0.02


Tree=39
num_leaves=31
num_cat=0
split_feature=10 14 9 41 10 10 14 10 14 29 10 29 29 20 10 14 9 6 14 41 31 14 14 14 22 42 41 29 42 20
split_gain=104.392 28.968 23.9478 11.3868 8.9884 8.74712 8.61435 8.33638 7.12808 6.07227 5.09586 4.12244 3.95919 3.92982 3.79696 3.67768 3.62514 2.89269 2.60727 2.48091 2.36589 2.09344 1.97643 1.75048 1.57509 1.53595 1.47497 1.24579 1.16267 1.15496
threshold=14.77249999999998 0.89733333333333409 4.5755000000000061 34.070306310438589 66.272499999999994 -138.12749999999997 1.3451000000000015 33.544999999999987 1.7400000000000009 0.048529766057081598 -2.8685000000000165 0.035489938700683517 0.057904877469106004 5.7999999999956353 91.561999999999998 0.21986666666666724 -1.301499999999997 1.3651333333333329 2.5471500000000016 39.599190579334326 22.349999999998548 0.77161666666666784 0.3253666666666678 0.85758333333333392 0.65550887020831594 0.47587020884827375 18.811881187840871 0.097310498047675789 0.48978728135557253 12.950000000004367
decision_type=2 2 2 2 2 2 2 2 2 2 2 2 2 2 2 2 2 2 2 2 2 2 2 2 2 2 2 2 2 2
left_child=2 7 3 26 12 6 23 15 11 10 -7 22 17 -6 16 -2 21 18 -3 -17 -18 -9 -4 -5 28 -16 -1 -11 -15 -14
right_child=1 4 8 5 13 9 -8 14 -10 27 -12 -13 29 24 25 19 20 -19 -20 -21 -22 -23 -24 -25 -26 -27 -28 -29 -30 -31
leaf_value=-0.00082232880422517256 -0.00016613024116044042 0.0011944445296044963 -0.00017891470380800421 0.0044680609883880782 0.0018977223466965934 -0.00043108664889665636 0.00018725224292731526 0.00027784368726892081 0.0020708733322161339 0.00024603831107980755 -9.8144778391892799e-05 0.00069984758311797109 0.001913712039634906 0.0030865597134392127 0.0016316086829336605 9.9484419566206469e-05 0.00092744292898228758 -0.00088652448729373561 0.0029111680809398542 0.00060102502349991961 0.0016947704690700375 0.002001104162170936 0.00022698068732816061 0.0021952941261775306 0.0030574810368516987 0.0036164495200718019 -0.00056355780183193419 0.0011632996227930181 0.0052326140585135959 0.0030471303734540853
leaf_weight=14367 4686 5768 7151 253 1030 54368 1126 3893 857 5105 27786 5650 936 153 373 5515 6385 252 377 13859 2148 304 14587 292 914 268 22782 670 297 584
leaf_count=14367 4686 5768 7151 253 1030 54368 1126 3893 857 5105 27786 5650 936 153 373 5515 6385 252 377 13859 2148 304 14587 292 914 268 22782 670 297 584
internal_value=6.68055e-14 0.00081772 -0.000251878 -0.000369234 0.00175637 -0.000247172 0.00118629 0.000559153 0.000274754 -0.000274414 -0.00031848 0.000218551 0.00143166 0.00283021 0.00095953 0.000336649 0.000883902 0.00121364 0.00129977 0.000458257 0.0011206 0.000402664 9.34561e-05 0.00325036 0.00353436 0.00246146 -0.000663635 0.000352457 0.00450296 0.00234918
internal_weight=202736 47742 154994 126749 10311 89600 1671 37431 28245 87929 82154 27388 7917 2394 13371 24060 12730 6397 6145 19374 8533 4197 21738 545 1364 641 37149 5775 450 1520
internal_count=202736 47742 154994 126749 10311 89600 1671 37431 28245 87929 82154 27388 7917 2394 13371 24060 12730 6397 6145 19374 8533 4197 21738 545 1364 641 37149 5775 450 1520
is_linear=0
shrinkage=0.02


Tree=40
num_leaves=31
num_cat=0
split_feature=10 34 43 9 10 34 10 43 45 43 45 34 34 10 45 41 10 34 9 45 34 45 10 34 45 9 9 45 43 45
split_gain=100.31 35.8296 23.7544 13.819 9.67641 7.47292 7.37086 5.47808 5.01692 4.78669 4.74238 4.26807 3.89258 3.87715 3.6793 3.468 3.01754 2.98766 2.64034 2.3864 2.35831 3.80909 2.12259 2.11382 2.1056 2.27269 1.98502 1.86772 1.73342 1.65029
threshold=22.652499999999993 0.021537784322291639 7.5799999999973808 1.1060000000000016 91.561999999999998 0.065064307952460362 4.6739999999999915 4.3400000000066941 0.046723101570922417 3.3600000000020378 0.067520937362557959 0.087569951792432002 0.0028642136756418394 -138.12749999999997 0.053400395940931031 64.076066862680008 82.286500000000004 -0.0018578672368498503 12.978000000000005 0.034449350609872982 -0.0095901530654452973 0.070745199532802783 5.9104999999999821 -0.022374440849724644 0.025181807519144048 -9.4544999999999906 24.937000000000001 0.067217266334067591 6.0399999999979643 0.057163625649900476
decision_type=2 2 2 2 2 2 2 2 2 2 2 2 2 2 2 2 2 2 2 2 2 2 2 2 2 2 2 2 2 2
left_child=1 3 9 6 11 10 8 19 13 -2 15 20 -10 -1 -9 -3 17 -11 -16 -5 27 -22 -17 -6 25 -8 -7 -4 -12 -19
right_child=2 5 4 7 23 26 24 14 12 16 28 -13 -14 -15 18 22 -18 29 -20 -21 21 -23 -24 -25 -26 -27 -28 -29 -30 -31
leaf_value=0.0009876519695220607 0.00035343318003891618 0.00075092446058229359 0.0012469684309015534 -0.00043328027125052093 0.0024304200726658672 0.0013556177790408094 0.0016832470454242591 5.0248998907219335e-05 -0.00081430610844563322 0.00048191713107686827 0.00064892516363818738 0.0034026049124196833 -0.00028555618908210958 -0.00042117759208268194 0.00047533557336521128 -4.2873178060151138e-05 0.002087064971103194 0.00089265685570814868 0.0016966787416858109 -6.283807885202514e-05 0.0015742807145096192 0.0031464263450540738 0.00047476347669432383 0.0045343653421573314 -0.00023156151495778296 0.0001279514076027454 0.0036993142912412282 -0.00038366012387973429 0.001438960224693496 0.0015553235640286308
leaf_weight=797 10572 3958 2413 12078 282 2356 409 13793 29939 5030 3502 522 6842 39840 4214 12195 844 4191 851 16403 4813 707 4281 592 12237 4632 154 318 1627 2344
leaf_count=797 10572 3958 2413 12078 282 2356 409 13793 29939 5030 3502 522 6842 39840 4214 12195 844 4191 851 16403 4813 707 4281 592 12237 4632 154 318 1627 2344
internal_value=1.3738e-13 -0.000194836 0.00101579 -0.000323879 0.00184869 0.000458057 -0.00046336 -4.48651e-05 -0.000546718 0.000666151 0.000355808 0.00164877 -0.000715948 -0.000393547 0.000219537 0.00021933 0.000932575 0.000848322 0.000680541 -0.000219932 0.00153781 0.00177564 9.16256e-05 0.00385552 -8.98541e-05 0.00025414 0.00149941 0.0010571 0.000899537 0.00113034
internal_weight=202736 170108 32628 142035 9647 28073 94696 47339 77418 22981 25563 8773 36781 40637 18858 20434 12409 11565 5065 28481 8251 5520 16476 874 17278 5041 2510 2731 5129 6535
internal_count=202736 170108 32628 142035 9647 28073 94696 47339 77418 22981 25563 8773 36781 40637 18858 20434 12409 11565 5065 28481 8251 5520 16476 874 17278 5041 2510 2731 5129 6535
is_linear=0
shrinkage=0.02


Tree=41
num_leaves=31
num_cat=0
split_feature=9 34 43 45 14 45 14 45 43 9 43 43 14 44 34 14 15 14 6 14 14 43 45 44 45 34 43 14 44 43
split_gain=66.3678 25.6919 24.3615 15.4154 11.1963 9.40152 8.04032 7.84604 6.72224 6.6096 4.76993 3.36302 3.29955 3.04335 2.79802 2.62087 2.57769 2.80657 2.45139 2.0595 1.87867 1.83342 1.7961 1.73409 1.57394 1.53986 1.39131 1.39126 1.36924 1.50315
threshold=6.4670000000000085 0.0072997221302889374 14.420000000002622 0.044297525923604426 0.74421666666666753 0.053400395940931031 0.6757000000000013 0.055998959094736192 6.2800000000002916 -1.0269999999999879 5.3800000000032027 3.4400000000008735 2.1761666666666684 0.10905421574344577 0.05525710701734738 1.3052833333333342 1.4091746693141014 0.82336666666666825 0.46673333333333294 2.8280666666666687 0.34878333333333417 2.4800000000032019 0.058620524697072546 1.8230106865950335 0.065993369022535817 -0.0068887713537538016 2.7600000000020377 1.9310500000000015 -0.45259561359034239 9.3199999999997107
decision_type=2 2 2 2 2 2 2 2 2 2 2 2 2 2 2 2 2 2 2 2 2 2 2 2 2 2 2 2 2 2
left_child=1 5 3 11 10 8 20 19 21 28 22 -2 -9 -12 23 -8 17 -10 -17 -4 -5 -1 -3 24 -6 -11 -27 -13 29 -7
right_child=2 4 7 6 14 9 15 12 16 25 13 27 -14 -15 -16 18 -18 -19 -20 -21 -22 -23 -24 -25 -26 26 -28 -29 -30 -31
leaf_value=-0.00046086349406729624 -0.00029955760600631874 -0.0001684390420511208 0.0012973845312497876 0.00033655861807769665 0.00075428968922684237 -0.00065190680181917687 0.0012813170389732772 0.0027710996910852072 9.1804919997105669e-05 -0.00042241463897817807 0.00059306948051041021 0.00027017144212385504 0.004765306757076814 -1.5059592193982055e-05 0.0016638743972926184 0.0032363937581872345 -0.00027658872662573465 0.0007511950367247919 0.0016461848579293586 0.0032914833939744295 0.00084429932485552666 -0.00022191662449251828 0.00018676892657056035 0.00011298441342772092 0.0018909285707356023 -0.00020982069815202796 0.00042019568148935973 0.0012667661128973318 -0.00085118185689571899 7.0900188499620835e-05
leaf_weight=22724 5154 22271 1646 4577 4676 11173 5397 885 11074 4624 8905 9358 531 5222 1457 579 5124 3367 1174 237 8027 29544 7650 1561 544 3167 2516 596 17693 1283
leaf_count=22724 5154 22271 1646 4577 4676 11173 5397 885 11074 4624 8905 9358 531 5222 1457 579 5124 3367 1174 237 8027 29544 7650 1561 544 3167 2516 596 17693 1283
internal_value=9.32595e-14 -0.000174249 0.000751477 0.000596028 0.000191953 -0.000344767 0.000963824 0.00239417 -0.00020743 -0.000588622 6.53859e-05 0.000115127 0.00351893 0.000368277 0.000868701 0.00149955 0.0001088 0.000245545 0.00217142 0.00154837 0.000659919 -0.000325801 -7.76219e-05 0.000697846 0.000872744 -0.000151405 6.91026e-05 0.000329843 -0.000738092 -0.000577456
internal_weight=202736 164575 38161 34862 52286 112289 19754 3299 71833 40456 44048 15108 1416 14127 8238 7150 19565 14441 1753 1883 12604 52268 29921 6781 5220 10307 5683 9954 30149 12456
internal_count=202736 164575 38161 34862 52286 112289 19754 3299 71833 40456 44048 15108 1416 14127 8238 7150 19565 14441 1753 1883 12604 52268 29921 6781 5220 10307 5683 9954 30149 12456
is_linear=0
shrinkage=0.02


Tree=42
num_leaves=31
num_cat=0
split_feature=9 34 43 45 14 45 45 14 43 9 43 14 34 5 43 15 14 14 43 14 6 14 44 14 44 45 41 45 44 6
split_gain=63.7397 24.6745 23.3968 14.8248 10.7739 9.03464 7.53534 6.95772 6.52825 6.13912 4.75444 3.16889 3.16225 3.00217 2.81624 2.6845 2.46591 2.27396 2.05188 1.9879 1.98481 1.97794 1.78492 1.78214 1.69589 1.68073 1.60585 1.51937 1.48975 1.48672
threshold=6.4670000000000085 0.0072997221302889374 14.420000000002622 0.053658536585133025 0.53571666666666806 0.054229402022736829 0.055998959094736192 0.6757000000000013 6.8800000000002912 -1.0269999999999879 3.4800000000002913 2.1761666666666684 0.048816194574023503 1.0000000180025095e-35 5.2600000000020382 1.4091746693141014 0.8462000000000014 1.6623500000000015 3.3600000000020378 1.5994166666666678 0.65431666666666677 2.8280666666666687 0.54054150901446807 0.34878333333333417 0.16437313015115834 0.032215568862177621 21.242774566043142 0.03506965236207548 0.081419411029176242 -0.18960000000000019
decision_type=2 2 2 2 2 2 2 2 2 2 2 2 2 2 2 2 2 2 2 2 2 2 2 2 2 2 2 2 2 2
left_child=1 5 3 10 14 8 21 23 18 -7 -2 -8 13 22 28 16 -10 27 -1 -9 -21 -4 -6 -5 -16 -19 -11 -12 -3 -28
right_child=2 4 6 7 12 9 11 19 15 26 17 -13 -14 -15 24 -17 -18 25 -20 20 -22 -23 -24 -25 -26 -27 29 -29 -30 -31
leaf_value=-0.00041559646271936864 -0.00022361814431575791 -2.0433367324835138e-06 0.0012714368405660717 0.00038037211975135626 0.001221126793498319 -0.00072864016152346628 0.0027156776990570485 0.0014578264972013148 0.00013110253474935557 -0.00076744210817692381 0.00016432411463854283 0.0046700006203229142 0.0012742197649461492 0.0002689092421569334 0.00045479760384565583 -0.00026047862422317274 0.00079022198890187122 0.00058040054788654376 -0.00017107381830164849 0.0037337505548839267 0.0017192676145876462 0.0032256537240110575 0.00040260920941351182 0.0009343185864475168 -7.29563891703935e-05 0.002196179313729181 0.0016857874655382607 0.00062337343098073177 -0.00032395514631044646 -8.5669927561186045e-05
leaf_weight=32128 6541 18004 1646 3674 2856 29259 885 4690 9203 1441 6762 531 2613 7759 7233 4898 3014 549 23967 327 487 237 1700 6318 3672 485 194 5029 8449 8185
leaf_count=32128 6541 18004 1646 3674 2856 29259 885 4690 9203 1441 6762 531 2613 7759 7233 4898 3014 549 23967 327 487 237 1700 6318 3672 485 194 5029 8449 8185
internal_value=-3.15236e-14 -0.000170764 0.000736447 0.000584107 0.000188114 -0.000337872 0.00234629 0.00104517 -0.000206802 -0.000583416 0.000215182 0.00344855 0.000642281 0.000508197 6.63231e-06 0.000135112 0.000293711 0.000438978 -0.000311122 0.00161617 0.00252853 0.0015174 0.00091571 0.000730636 0.000277089 0.00133829 -0.000150718 0.000360114 -0.000104861 -4.46552e-05
internal_weight=202736 164575 38161 34862 52286 112289 3299 15496 73210 39079 19366 1416 14928 12315 37358 17115 12217 12825 56095 5504 814 1883 4556 9992 10905 1034 9820 11791 26453 8379
internal_count=202736 164575 38161 34862 52286 112289 3299 15496 73210 39079 19366 1416 14928 12315 37358 17115 12217 12825 56095 5504 814 1883 4556 9992 10905 1034 9820 11791 26453 8379
is_linear=0
shrinkage=0.02


Tree=43
num_leaves=31
num_cat=0
split_feature=10 43 29 10 41 10 43 45 43 10 14 45 14 43 10 14 10 41 44 43 7 7 10 45 13 14 45 41 45 13
split_gain=93.8774 26.8464 18.4751 10.2764 9.66475 9.0126 8.52126 4.00362 3.78829 3.78634 3.67739 3.50589 3.16735 3.08901 3.02645 2.78413 2.73528 2.63602 2.60399 2.22356 2.4573 2.38555 2.17064 2.06653 1.99563 1.90197 1.76026 1.72616 1.63556 1.43824
threshold=14.77249999999998 8.3199999999997107 0.035489938700683517 61.751999999999988 33.178469496375605 33.544999999999987 6.2800000000002916 0.067217266334067591 2.7000000000014555 -2.8685000000000165 1.1814666666666676 0.063007197458063394 0.52300000000000157 12.1199999999968 5.428499999999989 0.21986666666666724 104.706 38.832487308259495 0.04064043764502507 12.9699999999968 0.8499105834752213 1.7724033824145489 -138.12749999999997 0.062707779652269049 3.1275999999999997 0.6384000000000013 0.065079365079300386 39.344262291914696 0.071418589269327662 0.43500000000000177
decision_type=2 2 2 2 2 2 2 2 2 2 2 2 2 2 2 2 2 2 2 2 2 2 2 2 2 2 2 2 2 2
left_child=2 5 4 17 11 15 9 13 -7 22 -9 -1 -5 -4 18 -2 25 26 -8 20 -14 -21 -6 -19 -25 -10 -3 -17 -29 -18
right_child=1 3 7 12 6 8 14 10 16 -11 -12 -13 19 -15 -16 27 29 23 -20 21 -22 -23 -24 24 -26 -27 -28 28 -30 -31
leaf_value=-0.00046555709413394696 -0.00015758490171045091 0.0009485429241197315 8.995864610522391e-05 0.00055648378964739845 0.0020939160486407133 0.00041504044201769148 0.00022993163882207692 0.00079004367845780907 0.00085171506670163701 -0.00014119256699526793 0.0030377904639021487 -0.00088783153642086666 0.0035565054281559939 0.00081677616232949236 0.00064031838736531416 8.7693121514983055e-05 0.0011530556157087254 0.001312072771163316 -0.00020634957472823491 0.0047855723652953444 0.0015235320398545203 0.002885346865047979 -0.00044605725710125655 0.0019162936924755555 0.0043483004021477338 0.0014251810992653999 -0.00075236093583419083 0.0004210816386702345 0.0010470189015868898 0.004126215428753268
leaf_weight=28941 4614 1633 11870 214 135 4148 11128 2655 5875 28270 327 10799 425 2913 3611 5337 101 4470 10767 482 540 585 43578 1648 147 3816 286 11278 1960 183
leaf_count=28941 4614 1633 11870 214 135 4148 11128 2655 5875 28270 327 10799 425 2913 3611 5337 101 4470 10767 482 540 585 43578 1648 147 3816 286 11278 1960 183
internal_value=1.30531e-13 0.000775447 -0.000238857 0.00167247 -0.000317421 0.000524697 -0.00021026 0.000368027 0.000922995 -0.000321564 0.00103653 -0.000580307 0.00287083 0.000233179 0.000103862 0.000282118 0.00113422 0.0013436 1.53877e-05 0.00311456 0.00241888 0.00374374 -0.000438213 0.00154225 0.00211546 0.00107753 0.000695047 0.00039134 0.000513757 0.00306886
internal_weight=202736 47742 154994 10430 137229 37312 97489 17765 14123 71983 2982 39740 2246 14783 25506 23189 9975 8184 21895 2032 965 1067 43713 6265 1795 9691 1919 18575 13238 284
internal_count=202736 47742 154994 10430 137229 37312 97489 17765 14123 71983 2982 39740 2246 14783 25506 23189 9975 8184 21895 2032 965 1067 43713 6265 1795 9691 1919 18575 13238 284
is_linear=0
shrinkage=0.02


Tree=44
num_leaves=31
num_cat=0
split_feature=10 34 43 10 9 10 34 45 34 43 43 34 45 45 10 10 34 34 10 14 15 14 43 45 6 14 10 14 34 9
split_gain=90.1598 25.9913 25.8914 10.8155 10.4378 7.89736 5.87693 4.66038 5.33292 4.59994 4.03328 3.74184 3.62677 3.60274 3.51488 2.67567 2.60166 2.58324 2.56035 2.47615 2.45541 2.25175 2.15896 2.08499 1.96062 1.94755 1.92166 1.86941 1.71188 1.69169
threshold=14.77249999999998 0.022406536990207122 10.359999999999129 33.544999999999987 2.5859999999999963 66.272499999999994 0.070202806751051852 0.03753649286102672 -0.00042017028562528865 2.7000000000014555 9.1199999999997114 0.01846981702454616 0.057748997619839183 0.057163625649900476 104.706 -138.12749999999997 0.015363578889980722 0.10738946363118447 -138.12749999999997 0.95460000000000134 4.1315983518044259 0.72748333333333404 6.4800000000002926 0.069433112499057745 -0.0050000000000001927 1.5994166666666678 -138.12749999999997 0.21156666666666843 -0.017316902058194916 23.580500000000018
decision_type=2 2 2 2 2 2 2 2 2 2 2 2 2 2 2 2 2 2 2 2 2 2 2 2 2 2 2 2 2 2
left_child=1 4 3 11 7 17 13 10 23 -5 18 27 22 26 16 -10 -11 20 -1 28 25 -15 -6 -9 -21 -4 -3 -2 -14 -8
right_child=2 6 5 9 12 -7 29 8 15 14 -12 -13 19 21 -16 -17 -18 -19 -20 24 -22 -23 -24 -25 -26 -27 -28 -29 -30 -31
leaf_value=0.0023903888813564902 -0.00022101633031558303 0.001510103850870081 0.0014353587138311614 0.00040673963467996558 -0.00026819904774937298 0.003244617986994915 0.0013325811024524228 -0.00059433417704450673 0.0021080105835008388 0.00091568306501286817 0.00022319169322110758 0.00076016688712274283 -0.00083799820705607461 0.00047595422521814904 0.0031785863907653729 -0.00029118899056973399 0.0015606771076308434 0.0035442482080683116 -0.0003688442142594277 0.0039327978373685183 0.00039077341140814195 0.0013587106022934432 0.0001786550125021879 -0.00091143738560145557 0.0010077583811503783 0.0025277236092686194 7.3080879710205491e-05 0.00027745607543490266 0.00033334746994531444 0.003986204399672501
leaf_weight=135 3728 382 3365 4148 16565 1422 1660 28610 188 7852 5444 5810 537 5592 342 16924 3671 250 37729 119 731 1457 5853 11680 399 810 14552 15613 7066 102
leaf_count=135 3728 382 3365 4148 16565 1422 1660 28610 188 7852 5444 5810 537 5592 342 16924 3671 250 37729 119 731 1457 5853 11680 399 810 14552 15613 7066 102
internal_value=1.46336e-15 -0.00023408 0.000759938 0.000573753 -0.00034424 0.00192505 0.000374824 -0.000442455 -0.00056063 0.000980043 -0.000285822 0.000315079 -2.03518e-05 0.000285744 0.00118047 -0.00026483 0.00112117 0.00156112 -0.000359006 0.000341772 0.00146007 0.000658416 -0.000151532 -0.000686262 0.00167973 0.00164729 0.000109839 0.000181375 0.000250615 0.0014862
internal_weight=202736 154994 47742 41164 131249 6578 23745 100710 57402 16013 43308 25151 30539 21983 11865 17112 11523 5156 37864 8121 4906 7049 22418 40290 518 4175 14934 19341 7603 1762
internal_count=202736 154994 47742 41164 131249 6578 23745 100710 57402 16013 43308 25151 30539 21983 11865 17112 11523 5156 37864 8121 4906 7049 22418 40290 518 4175 14934 19341 7603 1762
is_linear=0
shrinkage=0.02


Tree=45
num_leaves=31
num_cat=0
split_feature=10 9 43 10 45 10 41 10 14 43 43 43 14 14 45 43 10 10 43 45 31 10 42 14 9 43 7 42 41 45
split_gain=86.6711 25.6171 17.4843 12.9793 11.5965 7.80734 7.57748 8.25393 8.30625 7.44668 5.56444 4.29671 3.76389 3.72772 3.93322 3.27627 2.87347 2.43012 2.24112 2.1821 1.93957 1.84386 1.78602 1.73556 1.69932 1.66849 1.65652 1.55427 1.53598 1.44576
threshold=27.254499999999982 4.5755000000000061 7.0600000000020389 7.3329999999999957 0.049649908563681948 91.561999999999998 33.466733666661362 -138.12749999999997 1.3451000000000015 14.420000000002622 9.5200000000026215 7.4400000000008744 0.32765000000000116 1.2073000000000018 0.031272666988371389 3.8800000000002917 51.214499999999994 104.706 7.9199999999997095 0.04519090992865981 32.700000000004373 -61.318499999999993 0.42929559702275971 1.8278500000000011 16.382000000000001 2.3999999999985451 0.32170055952054749 0.23657566151854578 18.811881187840871 0.020837718496021135
decision_type=2 2 2 2 2 2 2 2 2 2 2 2 2 2 2 2 2 2 2 2 2 2 2 2 2 2 2 2 2 2
left_child=1 3 12 6 18 13 19 8 -8 15 -9 20 -2 26 -15 -6 -16 25 29 -1 28 -17 24 -11 -7 -14 -4 -27 -5 -3
right_child=2 4 5 11 9 22 7 10 -10 23 -12 -13 17 14 16 21 -18 -19 -20 -21 -22 -23 -24 -25 -26 27 -28 -29 -30 -31
leaf_value=-0.00045730654140935538 0.00027386264481539681 -0.00041298350574577947 0.0020849209111608426 -0.00051960983060350403 0.00027981154091239596 0.001289351203122011 0.0031249488669150968 -0.00036732520570675409 0.00013593098544810778 0.0019011210861912509 0.00013539058926063526 0.00069792862904287389 0.00043230012265268683 0.00088757886292352114 0.001963571387474244 0.0023580117721387259 0.0034843484288174763 0.0031341673390246189 0.00035276207936627327 -0.00078642306287348101 0.00069796689393510287 0.00078393093775314397 0.0042717382132780356 0.0038612670340967895 0.0039221619758935062 0.00051517582952929051 0.0011363377858342632 0.0011550411692954616 1.707931112759265e-05 -2.9587545304050511e-06
leaf_weight=14902 5725 5392 872 2423 7827 214 551 68804 1144 620 10100 4274 2701 693 1127 308 889 192 4621 17546 1501 8874 531 255 181 1989 4735 6419 17825 9501
leaf_count=14902 5725 5392 872 2423 7827 214 551 68804 1144 620 10100 4274 2701 693 1127 308 889 192 4621 17546 1501 8874 531 255 181 1989 4735 6419 17825 9501
internal_value=5.94381e-14 -0.000159545 0.00107182 -0.000284504 0.000305136 0.00177217 -0.000377206 -0.000273312 0.00110758 0.000673019 -0.000302976 0.000118204 0.000691657 0.00157819 0.00218738 0.000580455 0.00263419 0.000903309 -3.20183e-05 -0.000635274 4.27939e-06 0.000836732 0.00351417 0.00247236 0.00249578 0.000864753 0.00128386 0.00100367 -4.71442e-05 -0.000151408
internal_weight=202736 176468 26268 139070 37398 9242 113047 80599 1695 17884 78904 26023 17026 8316 2709 17009 2016 11301 19514 32448 21749 9182 926 875 395 11109 5607 8408 20248 14893
internal_count=202736 176468 26268 139070 37398 9242 113047 80599 1695 17884 78904 26023 17026 8316 2709 17009 2016 11301 19514 32448 21749 9182 926 875 395 11109 5607 8408 20248 14893
is_linear=0
shrinkage=0.02


Tree=46
num_leaves=31
num_cat=0
split_feature=10 34 43 10 43 10 9 43 43 9 34 10 34 43 10 44 10 34 7 10 34 10 9 34 20 15 42 41 5 44
split_gain=83.4687 24.4707 24.0221 9.97385 8.87274 7.29624 6.51516 4.29477 3.82851 3.79501 3.51851 3.34484 3.17171 3.11361 3.42316 2.87037 2.62337 2.43771 2.46767 2.37597 2.16048 2.11906 2.01741 1.92239 1.65811 1.59274 1.58409 1.42886 1.35713 1.34048
threshold=14.77249999999998 0.0092113578576959523 10.359999999999129 33.544999999999987 9.6400000000008745 66.272499999999994 -0.27099999999998697 3.8199999999967988 3.1199999999967991 4.677000000000004 0.01846981702454616 104.706 0.087569951792432002 8.159999999999128 -166.39949999999996 0.22035322461881265 -3.3145000000000162 0.10738946363118447 4.2371964832941744 -138.12749999999997 0.0028642136756418394 5.6749999999999892 12.143500000000008 -0.061622513359237352 7.5499999999956353 1.3770222764983133 0.70124134967005158 23.762376236887288 0.10740000000000063 1.8980549983019654
decision_type=2 2 2 2 2 2 2 2 2 2 2 2 2 2 2 2 2 2 2 2 2 2 2 2 2 2 2 2 2 2
left_child=1 6 3 10 9 17 13 -5 -8 19 27 20 26 14 -1 25 -16 18 23 -3 -9 -21 28 -4 -7 -15 -6 -2 -10 -26
right_child=2 4 5 7 12 24 8 11 22 -11 -12 -13 -14 15 16 -17 -18 -19 -20 21 -22 -23 -24 -25 29 -27 -28 -29 -30 -31
leaf_value=0.0030259741664686295 -0.0002248898127118802 0.0025669431437889407 0.00016759355546192841 0.00054878295387319098 0.001171807131389653 0.0020930890926237197 -0.00040901268545935588 0.00084869505178543185 1.5998665233811865e-05 0.00034049172358069905 0.0007350530934892831 0.003376133324716177 0.0020169323196279751 0.00027591728827755421 -0.00068152667939526564 -0.00052377268054634653 -0.00037817716338910904 0.0034301118410285563 0.00028441818055389067 -0.00017450209034716632 0.001462597690450787 0.00030319862311087287 0.00058050418885656778 0.0017132464616539111 0.0041608810915904166 -0.00038093448012204844 0.00046784583089067494 0.00024791913817685996 -0.00037906562241084101 0.0026476342319123841
leaf_weight=105 3032 134 351 6559 1693 435 17554 4682 15168 11392 5810 278 741 4398 37278 7087 16429 250 677 24601 4494 4375 2079 3878 605 2223 5224 16309 4513 382
leaf_count=105 3032 134 351 6559 1693 435 17554 4682 15168 11392 5810 278 741 4398 37278 7087 16429 250 677 24601 4494 4375 2079 3878 605 2223 5224 16309 4513 382
internal_value=3.3949e-14 -0.000225226 0.000731196 0.000551857 0.000149063 0.00185347 -0.000393953 0.000942018 -0.000189271 3.10212e-05 0.000303451 0.00121484 0.000773367 -0.000513131 -0.000581679 -0.000244041 -0.000588732 0.00150366 0.00140549 -9.0088e-05 0.00114936 -0.000102375 -1.20031e-05 0.00158496 0.00312182 5.53794e-05 0.000640147 0.000173799 -7.45925e-05 0.00357521
internal_weight=202736 154994 47742 41164 48160 6578 106834 16013 39314 40502 25151 9454 7658 67520 53812 13708 53707 5156 4906 29110 9176 28976 21760 4229 1422 6621 6917 19341 19681 987
internal_count=202736 154994 47742 41164 48160 6578 106834 16013 39314 40502 25151 9454 7658 67520 53812 13708 53707 5156 4906 29110 9176 28976 21760 4229 1422 6621 6917 19341 19681 987
is_linear=0
shrinkage=0.02


Tree=47
num_leaves=31
num_cat=0
split_feature=10 43 9 10 41 43 45 10 14 10 14 10 14 14 45 43 31 10 10 43 15 29 10 10 44 10 14 10 15 9
split_gain=80.1634 23.2243 18.1055 10.1065 8.79616 8.48703 7.35389 6.55395 6.13173 4.16791 7.26794 3.68123 3.52408 3.08461 2.78696 2.76405 2.55345 2.47295 2.23059 2.07348 2.06169 2.01945 1.80491 1.73531 1.97154 1.72947 1.63015 1.51686 1.3909 1.36673
threshold=14.77249999999998 7.4400000000008744 4.5755000000000061 61.751999999999988 34.070306310438589 5.1400000000037851 0.049649908563681948 43.516499999999986 1.7400000000000009 -138.12749999999997 1.3451000000000015 -3.3145000000000162 0.51483333333333414 0.21986666666666724 0.063007197458063394 5.9800000000002926 65.849999999998559 104.706 -1.3310000000000224 7.9199999999997095 2.5297921356699269 0.016006102792298641 31.759999999999994 91.561999999999998 0.20626399248918412 61.751999999999988 0.4495000000000004 -61.318499999999993 2.3220777869871951 44.40750000000002
decision_type=2 2 2 2 2 2 2 2 2 2 2 2 2 2 2 2 2 2 2 2 2 2 2 2 2 2 2 2 2 2
left_child=2 7 4 16 14 18 19 13 15 10 -7 -11 -5 -2 -1 -8 22 20 -6 -4 -14 -15 28 25 -25 29 -27 -17 -3 -9
right_child=1 3 6 12 5 9 8 23 -10 11 -12 -13 17 21 -16 27 -18 -19 -20 -21 -22 -23 -24 24 -26 26 -28 -29 -30 -31
leaf_value=-0.00047079174645889987 -0.00013231609887315207 0.00093949815347084897 -0.00020409365776220066 0.00043846481790145241 -0.00045497478455962216 0.0030893303566238805 0.00030524581066061887 0.0011512472288952851 0.0031216279224986032 -0.00015431334855312096 0.00014467623809608302 0.0003120076943692426 0.0028695626563726186 0.0002811630007559241 -0.00085253585159440022 0.0024195326265340441 0.0020493185070540043 0.004082499917352476 -0.00018381729158260313 0.00033759781278430338 0.0013184040415563491 0.00070208518270199283 0.0013597175224967354 0.0013420276916432346 0.0038978436404628861 -0.00020956792924132437 0.00087151791626703906 0.00083327808156613797 2.7622186087733287e-05 -0.00042483665514926356
leaf_weight=26374 5275 4169 11171 279 37704 480 8758 4656 369 22773 1112 9637 1362 15286 10775 257 1152 488 17894 3784 458 6497 4111 546 155 974 1306 3906 797 231
leaf_count=26374 5275 4169 11171 279 37704 480 8758 4656 369 22773 1112 9637 1362 15286 10775 257 1152 488 17894 3784 458 6497 4111 546 155 974 1306 3906 797 231
internal_value=8.29941e-14 0.000716572 -0.000220722 0.00144477 -0.000322763 -0.000215482 0.000237188 0.000449362 0.000579521 3.34215e-05 0.00103251 -1.56544e-05 0.00256156 0.000301624 -0.000581516 0.000506923 0.00116232 0.00281821 -0.000367704 -6.70318e-05 0.00247922 0.000406707 0.00104975 0.000957431 0.00190715 0.000864539 0.000409686 0.000931204 0.00079315 0.00107675
internal_weight=202736 47742 154994 12816 126749 89600 28245 34926 13290 34002 1592 32410 2587 27058 37149 12921 10229 2308 55598 14955 1820 21783 9077 7868 701 7167 2280 4163 4966 4887
internal_count=202736 47742 154994 12816 126749 89600 28245 34926 13290 34002 1592 32410 2587 27058 37149 12921 10229 2308 55598 14955 1820 21783 9077 7868 701 7167 2280 4163 4966 4887
is_linear=0
shrinkage=0.02


Tree=48
num_leaves=31
num_cat=0
split_feature=9 34 43 14 9 43 43 43 14 43 44 44 14 14 9 7 34 34 7 7 6 6 4 44 14 43 9 7 14 44
split_gain=51.722 26.3964 15.1234 10.646 7.37654 5.59796 5.39746 5.14398 4.11163 3.82121 3.10246 2.96711 2.83092 2.81163 2.37253 2.1069 2.05388 1.83328 1.6727 1.66291 1.4623 1.4102 1.3674 1.29368 1.27719 1.2334 1.22676 1.19391 1.38092 1.1133
threshold=10.439000000000014 0.0077797917161733102 14.420000000002622 0.89733333333333409 -0.95699999999998886 4.1200000000026202 3.2400000000008737 5.3800000000032027 2.5471500000000016 8.159999999999128 0.10905421574344577 1.0363801510215607 1.6623500000000015 1.6623500000000015 3.3540000000000152 4.2371964832941744 -0.0088375606914442937 0.05525710701734738 1.464319193322513 0.55535250066641995 0.65431666666666677 0.73209999999999975 0.02320000000000352 0.068469498540670623 0.49093333333333428 2.4200000000026196 -0.61299999999998211 3.0061053372961073 0.50636666666666807 3.1601215743280169
decision_type=2 2 2 2 2 2 2 2 2 2 2 2 2 2 2 2 2 2 2 2 2 2 2 2 2 2 2 2 2 2
left_child=1 4 5 7 9 21 -6 14 15 16 24 18 27 19 23 -4 -1 22 -11 -8 -14 -2 -5 -3 -9 -18 -12 28 -7 -10
right_child=2 3 8 17 6 12 13 10 29 11 26 -13 20 -15 -16 -17 25 -19 -20 -21 -22 -23 -24 -25 -26 -27 -28 -29 -30 -31
leaf_value=-0.00059636762700710671 0.00037091695404609755 -1.2431733953443958e-05 0.0022093842281699868 0.0011903399858077522 -0.00031284958073288656 0.00052977451400261283 0.00021062237658656311 0.00045155656953924306 0.0040736508815180485 0.00024158745594175354 -0.00022597116524588503 -0.00053582363867226692 0.0025334144795262255 0.0019667219092739528 0.00023075127262390114 0.00068524377085833266 -0.00051016253954374842 0.0016313858211586024 -0.00030896415052886233 -0.00011374546347632202 0.0012667851387602944 -0.00059085711627006668 0.00053345184891825969 -0.00032753437015994267 0.00089339180481892157 -0.00022285675528308188 0.00030404625497354085 0.00014359525357827383 0.0010709688885155574 0.0021438689981458721
leaf_weight=31422 6788 14929 1557 2237 24206 2559 15422 6881 535 6881 2957 4868 625 319 11384 473 10801 1412 3250 10714 875 670 2925 8007 4223 13382 4268 842 7170 154
leaf_count=31422 6788 14929 1557 2237 24206 2559 15422 6881 535 6881 2957 4868 625 319 11384 473 10801 1412 3250 10714 875 670 2925 8007 4223 13382 4268 842 7170 154
internal_value=2.92947e-14 -0.000112156 0.000909874 0.000233943 -0.000281183 0.000715304 -9.70353e-05 0.000139189 0.00230735 -0.000413316 0.000409702 -0.000130019 0.000981465 0.000100432 -5.2823e-06 0.00185425 -0.000489733 0.000992798 6.49718e-05 7.76534e-05 0.00179455 0.000284515 0.00081812 -0.000122435 0.000619592 -0.000351178 8.71242e-05 0.000866091 0.00092862 0.00364232
internal_weight=202736 180488 22248 59223 121265 19529 50661 52649 2719 70604 18329 14999 12071 26455 34320 2030 55605 6574 10131 26136 1500 7458 5162 22936 11104 24183 7225 10571 9729 689
internal_count=202736 180488 22248 59223 121265 19529 50661 52649 2719 70604 18329 14999 12071 26455 34320 2030 55605 6574 10131 26136 1500 7458 5162 22936 11104 24183 7225 10571 9729 689
is_linear=0
shrinkage=0.02


Tree=49
num_leaves=31
num_cat=0
split_feature=9 14 34 45 45 14 45 14 43 9 43 43 20 44 44 43 34 5 44 43 34 43 14 44 45 5 43 9 44 14
split_gain=49.7715 21.8365 16.9042 13.6416 9.27659 8.91492 8.65259 7.33659 5.37967 4.2796 3.44675 3.31037 3.09216 2.96744 2.31248 1.92738 1.90776 2.28831 1.85951 1.76999 1.71531 1.57415 1.5657 1.41428 1.3702 1.29581 1.26523 1.23845 1.2173 1.23376
threshold=4.7780000000000138 1.6623500000000015 0.0072997221302889374 0.051360135937023245 0.03506965236207548 0.77161666666666784 0.051360135937023245 0.6757000000000013 6.8800000000002912 -1.9419999999999928 3.8199999999967988 3.6199999999967991 7.3499999999985457 1.0000000180025095e-35 1.0856926487789889 3.8400000000008734 0.05525710701734738 0.057000000000001473 3.0021259773618425 12.319999999999711 0.065064307952460362 2.4800000000032019 0.82336666666666825 1.134769847281498 0.028091939412283939 1.0050500000000029 16.400000000004372 10.728000000000002 -0.50097693891035633 0.89733333333333409
decision_type=2 2 2 2 2 2 2 2 2 2 2 2 2 2 2 2 2 2 2 2 2 2 2 2 2 2 2 2 2 2
left_child=2 3 6 10 25 11 8 15 21 28 -2 -4 -6 -13 22 -5 17 23 26 -9 24 -1 -10 -7 -12 -3 -14 -17 29 -8
right_child=1 4 5 7 12 16 9 19 14 -11 20 13 18 -15 -16 27 -18 -19 -20 -21 -22 -23 -24 -25 -26 -27 -28 -29 -30 -31
leaf_value=-0.00040580132911167559 -0.00017870776820397565 0.00094463698849041279 -0.00017955641461649282 0.00034632312083771483 0.0018504647366079212 0.0013787001097436073 -0.00058105827192794551 0.0012226643091276218 0.00014732885809371109 -0.00022095834417237367 5.8250952876453373e-05 0.00037655857238016956 0.002927319006124255 -0.00010348870210554544 -0.00027509733427294859 0.00060620662204194928 0.0014747985862434646 0.00026953173168191784 0.001888463199720718 0.0020986563145955358 0.0013427692792373777 -0.00017726430319744388 0.00066006065925477931 0.00041663687442909897 0.00044967024488221324 -0.00061879967444698823 0.0042291890309275907 0.0011589131172709136 -0.000768897449389865 7.1359480710689834e-05
leaf_weight=20604 9673 812 17998 7739 945 1821 10146 5214 7915 11961 6887 13096 533 8490 3686 4552 1307 3220 296 1121 612 29058 3408 920 7444 287 679 2519 18484 1309
leaf_count=20604 9673 812 17998 7739 945 1821 10146 5214 7915 11961 6887 13096 533 8490 3686 4552 1307 3220 296 1121 612 29058 3408 920 7444 287 679 2519 18484 1309
internal_value=-6.3947e-14 0.000552738 -0.00017766 0.000435484 0.00206335 0.000138959 -0.000316856 0.000808064 -0.0001718 -0.000540744 0.000115439 2.07441e-05 0.00274747 0.000187751 0.00016001 0.000564413 0.000782798 0.00063107 0.00330959 0.00137767 0.000305849 -0.000272081 0.000301651 0.00105579 0.000261567 0.000536351 0.00365667 0.000803105 -0.000668503 -0.000506504
internal_weight=202736 49313 153423 45761 3552 46852 106571 21145 64671 41900 24616 39584 2453 21586 15009 14810 7268 5961 1508 6335 14943 49662 11323 2741 14331 1099 1212 7071 29939 11455
internal_count=202736 49313 153423 45761 3552 46852 106571 21145 64671 41900 24616 39584 2453 21586 15009 14810 7268 5961 1508 6335 14943 49662 11323 2741 14331 1099 1212 7071 29939 11455
is_linear=0
shrinkage=0.02


Tree=50
num_leaves=31
num_cat=0
split_feature=10 34 43 10 9 10 34 10 43 43 43 34 10 13 44 10 34 10 9 15 9 34 34 9 34 9 44 7 10 44
split_gain=74.8933 27.4589 14.6971 13.2445 7.31777 6.81208 5.40678 3.43832 3.32756 3.27078 3.19585 3.06954 3.06745 6.58761 2.67449 2.07339 2.00785 1.99761 1.9697 1.95176 1.9397 1.86785 1.85405 1.70445 1.65183 1.50098 1.48505 1.48491 1.28551 1.18732
threshold=27.254499999999982 0.022854074869047725 7.0600000000020389 7.8739999999999908 0.33099999999998986 91.561999999999998 0.061204343749087918 5.6749999999999892 10.359999999999129 3.3600000000020378 2.5800000000002914 0.087569951792432002 -138.12749999999997 0.73540000000000028 1.0000000180025095e-35 91.561999999999998 -0.007845961457237231 -138.12749999999997 -1.0269999999999879 1.9281880854453815 10.170500000000009 0.10738946363118447 0.0054989178589617072 5.9445000000000077 -0.021953720588000106 16.382000000000001 0.192704284563815 9.6317160962226378 47.642999999999994 2.6784778626728234
decision_type=2 2 2 2 2 2 2 2 2 2 2 2 2 2 2 2 2 2 2 2 2 2 2 2 2 2 2 2 2 2
left_child=1 3 10 4 12 11 7 17 22 -6 -2 16 13 -1 -14 18 28 -3 -12 -10 -11 -8 -5 -19 25 -7 -17 -18 -4 -13
right_child=2 6 5 8 9 24 21 -9 19 20 15 29 14 -15 -16 26 27 23 -20 -21 -22 -23 -24 -25 -26 -27 -28 -29 -30 -31
leaf_value=0.0039257536002054727 0.00026387304051133791 0.0015562447560210943 0.00054308890207561066 -5.2921375880731736e-05 -0.00032352505636323847 0.00083475905906602824 0.0010084600928330486 0.00068164016746901669 0.0013114715668921637 -4.1474533476820183e-05 0.00035447235658299668 0.0037213480108812726 -0.00038245573248380622 -6.9572530737554481e-05 -0.00062296958602768874 0.001437881223221646 0.0016434727647629333 1.9240396582884441e-05 0.00095299882852087868 -0.00015394592095257432 0.00050269511688516555 0.0024050085679567651 0.0002833511294933525 0.00049899398405285503 0.0038576164878844832 0.0036665214441194568 0.0037964932770534815 -0.00071604576355397461 0.0014268778366107238 0.0016456724496381964
leaf_weight=187 5746 405 1547 21038 19085 173 2792 7622 1369 17582 3096 317 42348 1408 32831 450 5028 12358 7594 495 3079 444 9529 3896 621 132 140 109 1146 169
leaf_count=187 5746 405 1547 21038 19085 173 2792 7622 1369 17582 3096 317 42348 1408 32831 450 5028 12358 7594 495 3079 444 9529 3896 621 132 140 109 1146 169
internal_value=2.66281e-13 -0.000148309 0.000996336 -0.000255539 -0.000355035 0.00163844 0.000432134 0.000329788 0.000101936 -0.000134753 0.000647791 0.00145725 -0.000469075 0.000398845 -0.000487489 0.000843358 0.00136152 0.000168806 0.000779656 0.000922318 3.96202e-05 0.00120008 5.19087e-05 0.000134235 0.00326563 0.00206031 0.00199755 0.00159341 0.000919183 0.00299956
internal_weight=202736 176468 26268 148951 116520 9242 27517 24281 32431 39746 17026 8316 76774 1595 75179 11280 7830 16659 10690 1864 20661 3236 30567 16254 926 305 590 5137 2693 486
internal_count=202736 176468 26268 148951 116520 9242 27517 24281 32431 39746 17026 8316 76774 1595 75179 11280 7830 16659 10690 1864 20661 3236 30567 16254 926 305 590 5137 2693 486
is_linear=0
shrinkage=0.02


Tree=51
num_leaves=31
num_cat=0
split_feature=9 34 43 14 43 41 43 14 14 44 43 44 34 5 43 34 15 44 9 15 44 34 34 9 5 43 44 44 15 14
split_gain=46.1412 18.684 17.6214 8.6245 7.36933 5.44312 5.29653 4.76176 3.83667 2.94829 2.94039 2.4055 2.39378 2.74708 2.27546 2.04262 2.02325 1.78992 1.77828 1.57034 1.54415 1.51583 1.32675 1.31704 1.31184 1.24089 1.21864 1.2164 1.13342 1.00187
threshold=6.4670000000000085 0.0072997221302889374 14.420000000002622 0.53571666666666806 5.1000000000014554 24.576502605478577 4.3199999999997098 2.1761666666666684 1.6623500000000015 1.0616332068506611 9.1199999999997114 0.16437313015115834 0.048816194574023503 1.0000000180025095e-35 4.3400000000066941 0.021115017695263454 5.1419569748710749 3.1601215743280169 -1.0939999999999899 2.235864821355424 0.54054150901446807 0.0039207373759764606 -0.0043950912013186278 -0.066999999999990581 0.48410000000000136 2.3600000000020378 1.0000000180025095e-35 0.095518270425878724 2.6755295446579441 1.4308666666666683
decision_type=2 2 2 2 2 2 2 2 2 2 2 2 2 2 2 2 2 2 2 2 2 2 2 2 2 2 2 2 2 2
left_child=1 5 4 11 15 23 18 16 21 10 -8 14 13 20 -3 25 22 -9 26 -10 -5 24 -4 -1 -6 -2 -7 -15 -23 -24
right_child=2 3 7 12 8 6 9 17 19 -11 -12 -13 -14 27 -16 -17 -18 -19 -20 -21 -22 28 29 -25 -26 -27 -28 -29 -30 -31
leaf_value=-0.00062202059874972811 -0.00010309230972251449 -3.66492645942153e-05 0.00088411850162035174 0.0011305730449302468 0.00054009665105907243 -0.00036519853038575052 -7.1897760792380259e-05 0.0036638071990227161 0.002140116976952574 -0.00036774199042355024 0.00036510831424438263 -0.00023629639605506059 0.0011231632121125013 0.00049576513260444284 0.00034890861953968246 0.00058769909053333659 0.00018922082289742927 0.0015869276868310613 -0.00022493661372399777 0.00050351922690154162 0.00036926071112992599 0.00095206467815704351 0.0017125203729490628 -0.00029823625230088034 -0.00061668643217725565 0.00027389225102269615 -0.00065516335020248534 -6.2202067900089731e-06 0.00025518097232210578 0.0028089582800411407
leaf_weight=19924 6292 15931 484 2856 5071 15604 21961 752 1129 8645 8559 11482 2613 3617 9945 4693 375 213 21651 296 1700 8050 966 6720 425 7850 9225 4142 1056 509
leaf_count=19924 6292 15931 484 2856 5071 15604 21961 752 1129 8645 8559 11482 2613 3617 9945 4693 375 213 21651 296 1700 8050 966 6720 425 7850 9225 4142 1056 509
internal_value=-1.08247e-13 -0.00014529 0.000626586 0.000167 0.000494379 -0.000290705 -0.000213038 0.00202368 0.000809607 -4.16983e-05 5.06558e-05 4.6277e-06 0.000573346 0.000456685 0.000111533 0.000226146 0.0015351 0.00320539 -0.000357413 0.00180016 0.000846501 0.000712939 0.00179273 -0.000540358 0.000450644 0.000106166 -0.000472932 0.000227789 0.000871249 0.00209088
internal_weight=202736 164575 38161 52286 34862 112289 85645 3299 16027 39165 30520 37358 14928 12315 25876 18835 2334 965 46480 1425 4556 14602 1959 26644 5496 14142 24829 7759 9106 1475
internal_count=202736 164575 38161 52286 34862 112289 85645 3299 16027 39165 30520 37358 14928 12315 25876 18835 2334 965 46480 1425 4556 14602 1959 26644 5496 14142 24829 7759 9106 1475
is_linear=0
shrinkage=0.02


Tree=52
num_leaves=31
num_cat=0
split_feature=10 43 34 10 10 34 45 34 41 43 43 45 34 10 45 34 10 14 15 34 10 45 14 45 41 13 45 45 14 44
split_gain=71.1234 20.5874 19.5168 8.46621 6.99088 6.08635 4.77633 4.42649 3.49762 3.29363 3.07097 3.04814 2.9193 2.54109 2.41767 2.31341 2.27063 2.04503 2.57597 2.01083 1.91534 1.86092 1.83329 1.83005 1.78494 1.65151 1.58334 1.54045 1.54022 1.53415
threshold=13.775499999999987 9.5200000000026215 0.022406536990207122 33.544999999999987 57.764499999999991 0.0018236664560350496 0.064484136490998892 0.070202806751051852 61.589403971846487 2.7000000000014555 3.8800000000002917 0.057163625649900476 0.01846981702454616 104.706 0.065367334860913021 -0.024279693373350762 -3.7230000000000207 0.77161666666666784 1.477200358786517 0.010254851792917715 -138.12749999999997 0.060929378653718592 0.73581666666666812 0.049939393137914324 62.377789902426095 3.1275999999999997 0.068453763641211987 0.064175027322167552 0.21156666666666843 -0.40173684718654523
decision_type=2 2 2 2 2 2 2 2 2 2 2 2 2 2 2 2 2 2 2 2 2 2 2 2 2 2 2 2 2 2
left_child=2 3 5 12 15 6 10 11 14 -5 -1 24 28 19 20 27 -12 -6 29 -11 -7 -17 -13 -20 -4 -23 -10 -3 -2 -19
right_child=1 4 7 9 17 8 -8 -9 26 13 16 22 -14 -15 -16 21 -18 18 23 -21 -22 25 -24 -25 -26 -27 -28 -29 -30 -31
leaf_value=-0.00047576619910140867 -0.00019978630786542063 0.00083298355018307936 0.00059682849054615099 0.0003671837695992245 0.0012191820654800717 0.0016222848134814661 -0.00069485655029193462 0.0012893839717119824 -0.00036937758549604672 0.0007623974920088674 -0.00031498198234784092 0.00042177318815552037 0.00064958462378018704 0.0027777821556806003 0.00056366997703596975 0.0011705037622281504 2.5130828384188124e-05 0.0054238041339040094 0.0014019491239076762 0.0013222306478738407 -5.3166627591225969e-05 0.0018042979123789997 0.0012328273273847494 0.0031157046792495459 -1.7119878132353646e-05 0.0040591088000854307 0.00011342709334531438 -0.00089362532599639687 0.00023274898052675692 0.0032659754032837479
leaf_weight=31238 4111 1091 2234 4148 354 277 18375 1735 18627 6757 24142 5534 5946 322 3231 3241 11636 183 501 4138 18548 1422 1396 496 12452 143 3181 255 16551 471
leaf_count=31238 4111 1091 2234 4148 354 277 18375 1735 18627 6757 24142 5534 5946 322 3231 3241 11636 183 501 4138 18548 1422 1396 496 12452 143 3181 255 16551 471
internal_value=2.94468e-14 0.000653593 -0.000214701 0.000474919 0.00157299 -0.000310835 -0.000409198 0.000317431 -0.000119349 0.00084871 -0.000330874 0.000239418 0.00025907 0.00102678 5.82361e-05 0.00123873 -0.000204368 0.0025986 0.00289436 0.000975026 -2.85132e-05 0.00144398 0.000585154 0.00225453 7.62725e-05 0.00201033 -0.000298954 0.000505877 0.00014669 0.00386977
internal_weight=202736 50130 152606 41973 8157 129255 85391 23351 43864 15365 67016 21616 26608 11217 22056 6152 35778 2005 1651 10895 18825 4806 6930 997 14686 1565 21808 1346 20662 654
internal_count=202736 50130 152606 41973 8157 129255 85391 23351 43864 15365 67016 21616 26608 11217 22056 6152 35778 2005 1651 10895 18825 4806 6930 997 14686 1565 21808 1346 20662 654
is_linear=0
shrinkage=0.02


Tree=53
num_leaves=31
num_cat=0
split_feature=10 43 9 10 43 45 10 42 14 10 14 10 14 14 43 31 10 15 43 44 10 29 10 42 14 10 15 44 6 14
split_gain=68.3069 19.8644 13.9363 8.80983 6.67094 6.26856 6.09868 5.68587 5.20055 4.73419 7.00149 3.22269 3.10143 2.75884 2.52232 2.25804 2.12972 2.0415 2.03234 1.76881 1.72429 1.69624 1.61318 1.56395 1.51611 1.66456 1.4216 1.41472 1.18438 1.16725
threshold=13.775499999999987 7.4400000000008744 3.8120000000000007 61.751999999999988 3.6400000000008736 0.051659502975275114 43.516499999999986 0.20361904232323866 1.7400000000000009 -138.12749999999997 1.3451000000000015 -3.3145000000000162 0.51483333333333414 0.21986666666666724 5.9800000000002926 65.849999999998559 104.706 2.5297921356699269 7.9199999999997095 -0.44269747575629442 -61.318499999999993 0.016006102792298641 31.759999999999994 0.3004951011490728 0.34163333333333462 104.706 2.235864821355424 1.9357725258906862 0.73209999999999975 2.5471500000000016
decision_type=2 2 2 2 2 2 2 2 2 2 2 2 2 2 2 2 2 2 2 2 2 2 2 2 2 2 2 2 2 2
left_child=2 6 4 15 23 18 13 19 14 10 -9 -11 -5 -2 -7 22 17 -14 -4 -6 -16 -15 26 -1 -8 28 -3 -10 -26 -24
right_child=1 3 5 12 7 8 24 9 27 11 -12 -13 16 21 20 -17 -18 -19 -20 -21 -22 -23 29 -25 25 -27 -28 -29 -30 -31
leaf_value=-0.00062247241121616203 -0.00012552169204363276 0.00086694439419044572 -0.00020217585746456874 0.00035915494461687396 -0.00020696462220028938 0.00023775144604246565 0.00043092673554207938 0.003002730645979963 0.0036920641759037968 -0.00020170679582660778 0.00014505738313747948 0.00017054294996437307 0.0026654836115141706 0.00025337187154571674 0.0024595577433748094 0.0018743295978392571 0.0037649171904636431 0.0011219395271057108 0.00029079822822555775 -0.00060093166652823839 0.00072922827045811614 0.00062744484143268753 0.0011626651008835847 -0.00039610587103307596 0.0010937250952124187 0.0028540889446274378 1.2417901322645467e-06 0.00088735098914833428 0.00012028263452009776 0.0026028501000167669
leaf_weight=18207 5734 4491 13843 279 7193 9357 2072 492 250 30664 1132 13354 1362 16350 245 1183 488 458 4411 12446 3856 6893 3872 37055 5041 200 913 101 555 239
leaf_count=18207 5734 4491 13843 279 7193 9357 2072 492 250 30664 1132 13354 1362 16350 245 1183 488 458 4411 12446 3856 6893 3872 37055 5041 200 913 101 555 239
internal_value=-8.30285e-14 0.000640522 -0.000210407 0.00130354 -0.000308978 0.000160177 0.00040146 -0.000172088 0.000481699 -4.96507e-05 0.00101081 -8.87752e-05 0.00235088 0.00026738 0.000419017 0.00105027 0.00259164 0.00227705 -8.30508e-05 -0.000456637 0.000832601 0.000364308 0.000947819 -0.000470686 0.000895262 0.00106126 0.000720685 0.00288501 0.000997181 0.00124639
internal_weight=202736 50130 152606 13285 120543 32063 36845 65281 13809 45642 1624 44018 2587 28977 13458 10698 2308 1820 18254 19639 4101 23243 9515 55262 7868 5796 5404 351 5596 4111
internal_count=202736 50130 152606 13285 120543 32063 36845 65281 13809 45642 1624 44018 2587 28977 13458 10698 2308 1820 18254 19639 4101 23243 9515 55262 7868 5796 5404 351 5596 4111
is_linear=0
shrinkage=0.02


Tree=54
num_leaves=31
num_cat=0
split_feature=10 34 14 10 9 10 14 45 6 45 9 45 45 10 14 45 10 34 34 14 44 10 10 44 31 6 10 34 41 34
split_gain=65.7633 23.9324 12.2127 12.1341 6.58778 5.34622 5.18702 4.97315 4.65813 4.53394 3.28534 3.22042 3.18293 3.26497 3.02619 2.97519 2.75418 2.3966 2.08336 1.9848 1.99987 1.96064 2.13311 1.93539 1.92437 1.85887 1.69598 1.55754 1.55231 1.52686
threshold=27.254499999999982 0.024278659904141461 0.77161666666666784 6.5894999999999975 -0.27099999999998697 91.561999999999998 1.2370500000000006 0.031272666988371389 0.1514000000000002 0.03753649286102672 -1.301499999999997 0.067217266334067591 0.047603752351421579 -80.640000000000001 0.48726666666666746 0.069119083368890277 -138.12749999999997 0.0024496133648997608 0.10738946363118447 2.1761666666666684 -0.49162951159324991 6.3439999999999781 -138.12749999999997 1.357560484627605 21.549999999995638 1.3651333333333329 91.561999999999998 0.010521452020454156 19.337016573059085 -0.0095901530654452973
decision_type=2 2 2 2 2 2 2 2 2 2 2 2 2 2 2 2 2 2 2 2 2 2 2 2 2 2 2 2 2 2
left_child=1 3 10 4 9 7 15 8 -4 16 26 -8 -6 -14 28 21 -1 -11 25 20 27 22 -3 -21 -12 -9 29 -7 -5 -2
right_child=2 6 5 14 12 19 11 18 -10 17 24 -13 13 -15 -16 -17 -18 -19 -20 23 -22 -23 -24 -25 -26 -27 -28 -29 -30 -31
leaf_value=0.0010977208996128373 -0.00029460659105698351 0.0023244365316904374 0.0015055612739989178 -0.00047236168385599904 -0.00027102674011244784 0.0020400956544211969 0.00092372705122511806 0.0016805484529284166 -0.00016912084522537643 -0.00065666659734708258 0.00065305119276582401 0.0026999170825205455 0.0023765306697287646 4.9653835932477739e-05 0.00036901849947973967 0.00080353528098749615 -0.00028439255602887822 -0.00028938004786533078 0.0034630376473256202 0.0060734851843851616 0.0012447292798897251 0.00054249263695714403 5.6242570940355358e-05 0.0030050088896372939 0.0012527623619539524 4.2702895648771131e-05 0.0019046557747504169 0.004841497987721822 2.2100860018969853e-05 0.00041219688085178608
leaf_weight=589 2072 168 1266 2858 27201 165 2377 5134 1398 34512 8743 493 245 15586 10579 4244 27661 8949 249 123 385 5254 12953 248 2834 293 223 153 22799 2982
leaf_count=589 2072 168 1266 2858 27201 165 2377 5134 1398 34512 8743 493 245 15586 10579 4244 27661 8949 249 123 385 5254 12953 248 2834 293 223 153 22799 2982
internal_value=-6.24216e-14 -0.000138975 0.000933633 -0.000234674 -0.000335433 0.00151065 0.00042788 0.00133961 0.00062673 -0.000452825 0.000611335 0.00122884 -0.000139804 8.56645e-05 8.43833e-05 0.000326251 -0.000255576 -0.000581039 0.0016742 0.0028388 0.0022142 0.000216015 8.52843e-05 0.00402232 0.000799858 0.00159212 0.000197742 0.00338794 -3.29786e-05 0.000122427
internal_weight=202736 176468 26268 150979 114743 9414 25489 8340 2664 71711 16854 2870 43032 15831 36236 22619 28250 43461 5676 1074 703 18375 13121 371 11577 5427 5277 318 25657 5054
internal_count=202736 176468 26268 150979 114743 9414 25489 8340 2664 71711 16854 2870 43032 15831 36236 22619 28250 43461 5676 1074 703 18375 13121 371 11577 5427 5277 318 25657 5054
is_linear=0
shrinkage=0.02


Tree=55
num_leaves=31
num_cat=0
split_feature=10 43 29 10 41 43 10 43 45 14 10 44 10 14 45 43 29 42 41 43 10 10 44 44 20 13 44 43 45 41
split_gain=63.1614 18.6546 11.9898 8.32272 6.68761 6.15986 5.69565 3.35417 3.11906 2.90581 2.77991 2.64198 2.61992 2.48811 2.26162 2.20495 1.82507 1.73377 1.70754 1.71978 1.65586 1.62445 1.52171 1.55908 1.45608 1.4089 1.36706 2.05533 1.39172 1.04521
threshold=13.775499999999987 10.359999999999129 0.035489938700683517 33.544999999999987 30.973033500128853 6.2800000000002916 66.272499999999994 2.7000000000014555 0.069433112499057745 1.2073000000000018 -2.8685000000000165 0.95982646591898535 104.706 0.21986666666666724 0.063304536118525725 8.9200000000026218 0.13259608292145456 0.24028479190291271 39.599190579334326 4.5200000000026206 -138.12749999999997 -138.12749999999997 3.1601215743280169 0.61603363337115291 7.5499999999956353 0.4246000000000002 1.8980549983019654 15.540000000000875 0.052270522435041746 18.811881187840871
decision_type=2 2 2 2 2 2 2 2 2 2 2 2 2 2 2 2 2 2 2 2 2 2 2 2 2 2 2 2 2 2
left_child=2 3 4 13 14 10 16 -5 15 -10 20 21 17 -2 29 -4 22 -9 -15 -20 -6 -7 23 -3 -8 -14 27 -26 -28 -1
right_child=1 6 8 7 5 11 24 12 9 -11 -12 -13 25 18 -16 -17 -18 -19 19 -21 -22 -23 -24 -25 26 -27 28 -29 -30 -31
leaf_value=-0.00055292222098097664 -0.00014540091702138042 0.00098126398743249451 6.5375056054678116e-06 0.00033575036911362178 0.0017899544780548499 0.001009711655270947 0.0017521941146435988 0.00052921797079018978 0.00072017166784381435 0.0029991336610031699 -0.00012105676000535822 -0.00025629456836342648 0.00072459908024175099 6.7493325772565986e-05 -0.00076767180035978836 0.00051641514767456289 0.002982518326101794 0.0010899149370281883 0.00026339327507522269 0.00068250307344519924 -0.00038077644686730611 0.00015551754229802252 -3.2424455773265164e-05 0.0017093319651363896 0.0026541250140461187 0.0035467163101031087 0.00076699154696845801 0.0049926284790676638 0.0032182269814282857 -0.00029378949084339666
leaf_weight=10982 5140 2625 9828 4148 141 935 435 2973 2211 249 28104 7001 100 6404 9510 5181 244 8550 8580 7205 45358 18729 365 2132 326 242 158 279 224 14377
leaf_count=10982 5140 2625 9828 4148 141 935 435 2973 2211 249 28104 7001 100 6404 9510 5181 244 8550 8580 7205 45358 18729 365 2132 326 242 158 279 224 14377
internal_value=-8.87404e-14 0.000615924 -0.000202327 0.000463241 -0.000266065 -0.000183095 0.00159082 0.000825304 0.000290737 0.000950847 -0.000277449 7.73467e-05 0.000996452 0.000251096 -0.000504648 0.000182544 0.00129259 0.000945252 0.000342944 0.000454694 -0.000374049 0.000196133 0.00121208 0.00130757 0.00271622 0.00272154 0.00314109 0.00373254 0.00220437 -0.00040601
internal_weight=202736 50130 152606 43342 135137 100268 6788 16013 17469 2460 73603 26665 11865 27329 34869 15009 5366 11523 22189 15785 45499 19664 5122 4757 1422 342 987 605 382 25359
internal_count=202736 50130 152606 43342 135137 100268 6788 16013 17469 2460 73603 26665 11865 27329 34869 15009 5366 11523 22189 15785 45499 19664 5122 4757 1422 342 987 605 382 25359
is_linear=0
shrinkage=0.02


Tree=56
num_leaves=31
num_cat=0
split_feature=10 34 43 10 14 10 45 45 43 10 14 15 10 14 45 34 10 43 10 14 44 10 44 34 15 34 6 45 6 42
split_gain=60.7724 22.3823 12.0352 9.05849 7.1573 5.59293 4.56676 4.00872 3.66828 4.54735 2.9666 2.91909 2.73561 2.70357 3.26071 2.65281 2.63762 2.5924 2.12418 1.96953 1.9661 1.80252 1.78731 1.6966 1.68056 1.65947 1.65232 1.51994 1.49806 1.48388
threshold=27.254499999999982 0.013250724932985221 7.0600000000020389 8.5959999999999983 0.97213333333333418 91.561999999999998 0.065367334860913021 0.064775413711466515 9.1199999999997114 -166.39949999999996 0.3253666666666678 1.2195562717641586 6.1289999999999862 1.0885166666666681 0.030957533153107088 -0.0046147782494757525 53.005499999999991 10.359999999999129 -138.12749999999997 0.30270000000000113 2.1876406604074967 104.706 1.0616332068506611 -0.0022639564567248651 1.9281880854453815 0.10738946363118447 0.73209999999999975 0.068145390656240465 -0.050866666666666713 0.42929559702275971
decision_type=2 2 2 2 2 2 2 2 2 2 2 2 2 2 2 2 2 2 2 2 2 2 2 2 2 2 2 2 2 2
left_child=1 3 10 8 6 13 12 25 9 -1 -2 22 18 20 28 -11 -16 -5 -3 -8 -4 23 -10 27 -19 -6 -25 -12 -15 -7
right_child=2 4 5 17 7 29 19 -9 11 15 21 -13 -14 14 16 -17 -18 24 -20 -21 -22 -23 -24 26 -26 -27 -28 -29 -30 -31
leaf_value=0.0029173866433169072 0.00020838580862806818 0.0023257113320166887 0.0011357950813248774 1.5950417735210235e-05 0.00052581621337258601 0.0020247046682597548 0.00012528760996159975 0.0018668928040893283 0.00035242256513743188 -0.00050449645774204468 0.00057963172858658044 -0.0003698238016188881 0.00033039408436125482 0.0018732228927167065 0.001606518909035165 -0.00028499146121990977 0.0029747744675498807 0.0012589666685633753 -0.00010294190426871055 0.00075676235975766833 -0.00041516632566353218 0.0026849202777637854 -0.00033798679771137588 0.0010454895153104008 -0.00023282678027861093 0.002084317764973846 -6.2831218526077247e-05 -0.0005201274145680625 0.0001037155071155573 0.0036434871650703445
leaf_weight=165 5668 145 4769 24498 4741 395 2968 1286 6336 49036 4096 6804 8756 291 1405 39978 941 1132 22047 5909 351 193 1965 5904 412 290 592 573 559 531
leaf_count=165 5668 145 4769 24498 4741 395 2968 1286 6336 49036 4096 6804 8756 291 1405 39978 941 1132 22047 5909 351 193 1965 5904 412 290 592 573 559 531
internal_value=-1.87519e-13 -0.000133597 0.000897505 -0.000267621 0.000244947 0.00147856 0.000145742 0.000870377 -0.000350945 -0.000399763 0.0005821 -6.2726e-05 3.10391e-05 0.00131438 0.00177081 -0.000405912 0.00215534 6.60463e-05 -8.70734e-05 0.000545631 0.00102947 0.000768595 0.00018899 0.000735469 0.000860897 0.000615652 0.000944485 0.000444665 0.000709512 0.00295297
internal_weight=202736 176468 26268 130326 46142 9242 39825 6317 104284 89179 17026 15105 30948 8316 3196 89014 2346 26042 22192 8877 5120 11358 8301 11165 1544 5031 6496 4669 850 926
internal_count=202736 176468 26268 130326 46142 9242 39825 6317 104284 89179 17026 15105 30948 8316 3196 89014 2346 26042 22192 8877 5120 11358 8301 11165 1544 5031 6496 4669 850 926
is_linear=0
shrinkage=0.02


Tree=57
num_leaves=31
num_cat=0
split_feature=10 34 14 9 45 10 45 14 45 9 34 14 10 14 10 44 44 45 45 9 9 14 14 44 44 10 45 44 29 10
split_gain=58.404 21.0062 11.8311 8.76186 5.39836 5.30524 4.84405 4.6469 4.00951 3.70004 3.38291 3.24839 3.10728 2.92724 2.67572 2.61094 4.00057 2.58422 2.54911 2.51809 2.28269 2.22575 1.85475 1.86598 1.83508 1.76225 1.73351 1.68587 1.70368 1.60789
threshold=23.613999999999987 0.022854074869047725 0.77161666666666784 1.1060000000000016 0.03753649286102672 91.561999999999998 0.030029728765684466 0.97213333333333418 0.034135296360801204 16.382000000000001 -0.00042017028562528865 0.48003333333333403 2.1849999999999823 0.30940000000000017 -138.12749999999997 0.61603363337115291 1.2411641850924389 0.069119083368890277 0.064484136490998892 -3.7709999999999826 -9.4544999999999906 1.7400000000000009 2.1761666666666684 -0.49162951159324991 1.357560484627605 36.687999999999988 0.069433112499057745 1.9357725258906862 0.024385701886497916 6.1289999999999862
decision_type=2 2 2 2 2 2 2 2 2 2 2 2 2 2 2 2 2 2 2 2 2 2 2 2 2 2 2 2 2 2
left_child=1 3 13 4 12 6 9 17 -5 25 26 -10 14 -2 -1 -8 -17 29 -9 -15 -14 -13 23 -7 -24 -4 -6 28 -21 -3
right_child=2 7 5 8 10 22 15 18 11 -11 -12 21 20 19 -16 16 -18 -19 -20 27 -22 -23 24 -25 -26 -27 -28 -29 -30 -31
leaf_value=0.0010267148647808675 0.00019361654622486197 3.2256267772622005e-05 0.00036563906716683379 -0.00022947734153710888 -0.00048918503641065222 0.0032105133842276748 0.0010571527194047235 0.00070061916968116992 -5.5174735560244152e-06 -0.00035781188124975365 -0.00022548991717339997 0.00040096861232715288 0.0011084760961169217 0.00015116159367373026 -0.00030184410922627571 0.0030665996379103961 0.0014870595419042903 0.0007061864145552967 0.0018353660476001599 0.00074515140048322698 3.8150550916628064e-05 0.0021278541614789697 0.0058219253063311691 0.0011402895466784354 0.0028340290529294799 0.0016854736729319619 -0.00077696316027142795 -0.00016024792355046673 0.0013436685652772069 0.00046027200222967458
leaf_weight=619 7124 12997 714 21140 28424 318 2946 3602 19600 1168 15404 8079 873 2726 29721 842 2692 4075 1015 7641 9159 310 123 385 248 934 11869 645 2533 4810
leaf_count=619 7124 12997 714 21140 28424 318 2946 3602 19600 1168 15404 8079 873 2726 29721 842 2692 4075 1015 7641 9159 310 123 385 248 934 11869 645 2533 4810
internal_value=6.55267e-14 -0.000144331 0.000798387 -0.000238836 -0.000349939 0.00134965 0.00119589 0.0003735 -2.15806e-05 0.000503329 -0.000477581 0.000135443 -0.000173845 0.000521808 -0.000274739 0.00149685 0.0018634 0.000251844 0.000950082 0.00069442 0.000131292 0.000464782 0.00268053 0.00207675 0.00382463 0.00111365 -0.000573955 0.000831302 0.000894163 0.000147871
internal_weight=202736 171697 31039 145198 96069 10370 9296 26499 49129 2816 55697 27989 40372 20669 30340 6480 3534 21882 4617 13545 10032 8389 1074 703 371 1648 40293 10819 10174 17807
internal_count=202736 171697 31039 145198 96069 10370 9296 26499 49129 2816 55697 27989 40372 20669 30340 6480 3534 21882 4617 13545 10032 8389 1074 703 371 1648 40293 10819 10174 17807
is_linear=0
shrinkage=0.02


Tree=58
num_leaves=31
num_cat=0
split_feature=10 14 34 9 10 34 10 10 10 14 34 14 6 9 10 34 6 14 9 34 44 14 42 5 44 34 6 44 34 10
split_gain=56.3869 16.3748 16.0514 7.31995 5.13557 5.09167 4.17732 3.40586 3.41063 8.81169 3.1224 3.11866 2.69434 2.58462 2.51168 2.50925 2.50099 2.43055 2.424 2.20755 2.10416 1.63369 1.56374 1.55883 1.50629 1.49692 1.48956 1.47929 1.4655 1.28941
threshold=13.775499999999987 0.89733333333333409 0.029145417461587667 1.3800000000000148 33.544999999999987 0.05525710701734738 46.280999999999985 -2.8685000000000165 -138.12749999999997 0.87030000000000085 0.076886613045419216 0.59811666666666752 0.73209999999999975 -3.407999999999991 104.706 0.00059094022679908188 0.020933333333332728 2.1761666666666684 10.439000000000014 -0.02285948758854071 1.0000000180025095e-35 0.3072666666666678 0.78999350868086859 1.0050500000000029 2.1876406604074967 0.0043654313234220768 -0.09336666666666639 1.6883562476704157 0.10738946363118447 -41.707000000000015
decision_type=2 2 2 2 2 2 2 2 2 2 2 2 2 2 2 2 2 2 2 2 2 2 2 2 2 2 2 2 2 2
left_child=2 4 3 7 15 6 12 8 9 -1 22 -9 19 -6 24 -2 -8 -18 25 -3 -10 -17 -4 29 -15 -5 -27 -13 -7 -20
right_child=1 5 10 18 13 28 16 11 20 -11 -12 27 -14 14 -16 21 17 -19 23 -21 -22 -23 -24 -25 -26 26 -28 -29 -30 -31
leaf_value=0.0041653533803450299 1.8830066178426509e-05 0.00011106734846486186 0.00069597551901624507 -0.00021870870777734711 0.00021975029251087457 0.0019659628237416395 0.0024102926334540757 -0.00025713603739084041 -0.00035810904289528607 -0.00010801449263168309 0.0013569780385890415 0.00054510996613920065 -0.00043116086250890424 0.00087329511680013083 0.0029795198807570818 0.0001358955135680389 0.00094348622818995283 0.0024038408328917607 0.0011598219027373592 0.0011546177528277105 -0.00058608630708994189 0.00057773403813714589 0.00021114743390596697 -0.00098834602564656687 -0.00040106566550923088 0.0012672720334015231 1.1215691200119061e-05 -0.00043509492803784147 0.0033671844840630918 0.00029129271348413415
leaf_weight=222 11944 1070 3490 19709 3211 1318 1080 23521 37231 1478 1278 3142 703 9553 221 5362 2053 586 799 3348 28660 8909 11203 335 386 387 15646 766 386 4739
leaf_count=222 11944 1070 3490 19709 3211 1318 1080 23521 37231 1478 1278 3142 703 9553 221 5362 2053 586 799 3348 28660 8909 11203 335 386 387 15646 766 386 4739
internal_value=-1.24294e-13 0.000581957 -0.000191169 -0.000261296 0.000395404 0.00128234 0.00108938 -0.000358173 -0.00043445 0.000450037 0.000408782 -0.000170208 0.000718882 0.000714372 0.000870694 0.000232714 0.00159955 0.00126776 -4.00956e-05 0.000901879 -0.00045727 0.000411723 0.000326308 0.000336461 0.000823803 -0.00010197 4.1534e-05 0.000352982 0.00228338 0.000416601
internal_weight=202736 50130 152606 136635 39586 10544 8840 95020 67591 1700 15971 27429 5121 13371 10160 26215 3719 2639 41615 4418 65891 14271 14693 5873 9939 35742 16033 3908 1704 5538
internal_count=202736 50130 152606 136635 39586 10544 8840 95020 67591 1700 15971 27429 5121 13371 10160 26215 3719 2639 41615 4418 65891 14271 14693 5873 9939 35742 16033 3908 1704 5538
is_linear=0
shrinkage=0.02


Tree=59
num_leaves=31
num_cat=0
split_feature=10 43 34 10 14 10 43 14 34 10 34 34 43 44 43 34 15 43 43 44 10 13 44 33 10 44 10 10 10 10
split_gain=54.154 16.5111 15.5597 7.39364 6.53362 4.65112 3.95545 3.06722 2.94962 2.94413 2.75749 2.58652 2.53404 2.19052 2.0326 1.98716 1.96349 2.56838 1.86529 1.81465 1.70501 1.58469 1.54418 1.52024 1.4896 1.47649 1.31809 1.40381 1.23881 1.8099
threshold=13.775499999999987 7.0600000000020389 0.0077797917161733102 61.751999999999988 0.5929000000000012 43.516499999999986 3.8199999999967988 0.50636666666666807 -0.021115727518336427 -3.3145000000000162 0.087569951792432002 -0.00062480896580758552 12.1199999999968 0.04064043764502507 20.519999999999715 0.035570796605549411 1.7971979995567586 12.9699999999968 19.539999999997963 0.55805232058688214 -138.12749999999997 0.24433333333333537 -0.27822851721908304 -0.003187824061807757 6.3439999999999781 1.0363801510215607 -3.0935000000000161 -89.687499999999986 91.561999999999998 61.751999999999988
decision_type=2 2 2 2 2 2 2 2 2 2 2 2 2 2 2 2 2 2 2 2 2 2 2 2 2 2 2 2 2 2
left_child=2 5 6 8 15 11 26 -5 -3 13 19 -2 -11 20 -10 22 17 -9 -18 -6 -8 -13 24 -21 -4 -14 27 -1 29 -7
right_child=1 3 4 7 10 28 9 16 14 12 -12 21 25 -15 -16 -17 18 -19 -20 23 -22 -23 -24 -25 -26 -27 -28 -29 -30 -31
leaf_value=0.00082389477550362555 2.7577091631492741e-06 0.00033367288856736582 -5.5116229541229684e-05 0.00020688153539823184 0.00060770950610931592 0.00092235698401811595 0.00076314102100467039 0.0022164023724382314 0.0010236709889613637 -5.9999825937429661e-05 0.0016412105758086646 0.00010965770246135337 0.0013166003109555671 -0.00047445568169741248 0.0023812131914815564 0.00029898669534469214 0.00096972076459780345 0.0040261147523974593 0.0028279026723502096 0.0012152831495456796 -0.00019953062690098298 0.00053180223256575252 -0.00025923246608001521 4.5197931722856211e-05 0.00047143121069704224 -1.4294721227345708e-05 -0.00032657730095041464 -0.00055090732570743488 0.0016079931841036391 0.0002239557213732993
leaf_weight=300 12243 2640 14338 311 7365 4692 767 1015 8608 14409 753 5367 899 16765 465 5756 626 454 330 483 18162 10547 14203 5523 2528 530 19187 30638 661 2171
leaf_count=300 12243 2640 14338 311 7365 4692 767 1015 8608 14409 753 5367 899 16765 465 5756 626 454 330 483 18162 10547 14203 5523 2528 530 19187 30638 661 2171
internal_value=6.03942e-14 0.000570318 -0.000187345 0.0011407 9.79182e-05 0.00033934 -0.000330315 0.00207679 0.000922046 -0.000207275 0.000463624 0.000221302 1.96685e-05 -0.000307973 0.00109325 -4.2346e-05 0.0023166 0.0027757 0.00161114 0.000397307 -0.000160523 0.000389434 -0.000105583 0.000139296 2.38066e-05 0.000822986 -0.000456809 -0.000537576 0.000781073 0.000701429
internal_weight=202736 50130 152606 14449 50949 35681 101657 2736 11713 51532 14124 28157 15838 35694 9073 36825 2425 1469 956 13371 18929 15914 31069 6006 16866 1429 50125 30938 7524 6863
internal_count=202736 50130 152606 14449 50949 35681 101657 2736 11713 51532 14124 28157 15838 35694 9073 36825 2425 1469 956 13371 18929 15914 31069 6006 16866 1429 50125 30938 7524 6863
is_linear=0
shrinkage=0.02


Tree=60
num_leaves=31
num_cat=0
split_feature=10 34 43 10 10 14 34 45 42 43 45 14 45 14 45 34 43 43 44 15 14 34 10 10 6 10 10 34 6 45
split_gain=52.1603 19.4327 10.6518 9.79313 4.97436 4.40249 4.1828 3.65592 3.33984 3.14955 2.82116 2.5932 2.56403 2.42092 3.14995 2.98065 2.01476 2.01041 1.86072 1.83139 1.92331 1.7286 1.71731 1.83509 1.6762 1.65614 1.61904 1.58686 1.62826 1.48218
threshold=27.254499999999982 0.024278659904141461 7.0000000000014557 6.5894999999999975 91.561999999999998 1.2370500000000006 0.0018236664560350496 0.064484136490998892 0.64111577917536422 8.659999999999128 0.067217266334067591 0.33690000000000164 0.069119083368890277 1.0652500000000014 0.063304536118525725 -0.0039699449196102165 9.4199999999997104 2.6000000000043659 2.2369082558236983 1.5915911535072484 1.0652500000000014 0.0054989178589617072 -138.12749999999997 6.3439999999999781 0.83995000000000031 -138.12749999999997 104.706 -0.0022639564567248651 0.73209999999999975 0.068145390656240465
decision_type=2 2 2 2 2 2 2 2 2 2 2 2 2 2 2 2 2 2 2 2 2 2 2 2 2 2 2 2 2 2
left_child=1 3 11 6 13 12 7 16 17 21 -7 -2 22 18 24 -16 -1 -8 -4 20 -11 -5 -3 -24 -15 -10 27 29 -29 -13
right_child=2 5 4 9 -6 10 8 -9 25 19 -12 26 -14 14 15 -17 -18 -19 -20 -21 -22 -23 23 -25 -26 -27 -28 28 -30 -31
leaf_value=-0.00036629490602032682 0.00019822710063636048 0.0022038830486347987 0.0010462548524539427 -8.6818419078750985e-05 0.0027585497950604245 0.00083935546157985449 -0.00021444988329226864 -0.00065117915631704665 0.0017133370087862279 0.00065859904204637252 0.0025017996057006405 0.00053239899841930676 0.00073647371458275101 0.0015317933332536482 -0.00018281523404376849 0.0030400857696396373 -5.0060250169382495e-05 0.00031531738087584667 -0.00051752391115296632 -0.00012740091567721743 0.0020833621640064704 0.00022399148565708106 4.4607261197771265e-05 0.00048775437152209485 0.00024822857109386298 -0.00027276151647710913 0.0025759068861130486 0.00099447082492388822 -0.00011142073142232191 -0.00057864394548844545
leaf_weight=48920 6007 168 4793 21988 933 2377 4368 16508 169 2244 493 3938 4244 1810 133 838 9648 8329 325 936 456 10612 12953 5254 525 26801 184 5647 588 547
leaf_count=48920 6007 168 4793 21988 933 2377 4368 16508 169 2244 493 3938 4244 1810 133 838 9648 8329 325 936 456 10612 12953 5254 525 26801 184 5647 588 547
internal_value=-1.20013e-13 -0.00012377 0.000831484 -0.000210004 0.00137292 0.000387023 -0.000300523 -0.000388297 -0.000134398 7.66281e-05 0.00112493 0.000531905 0.000293395 0.00121945 0.0016413 0.00259864 -0.000314201 0.000133068 0.000946953 0.000634946 0.000899226 1.43569e-05 0.000191059 0.000172486 0.0012432 -0.000260316 0.000715728 0.000683799 0.000890178 0.000396894
internal_weight=202736 176468 26268 150979 9357 25489 114743 75076 39667 36236 2870 16911 22619 8424 3306 971 58568 12697 5118 3636 2700 32600 18375 18207 2335 26970 10904 10720 6235 4485
internal_count=202736 176468 26268 150979 9357 25489 114743 75076 39667 36236 2870 16911 22619 8424 3306 971 58568 12697 5118 3636 2700 32600 18375 18207 2335 26970 10904 10720 6235 4485
is_linear=0
shrinkage=0.02


Tree=61
num_leaves=31
num_cat=0
split_feature=10 34 43 10 45 14 10 43 43 9 45 43 14 34 45 10 14 42 34 45 45 41 9 9 10 4 42 9 10 44
split_gain=50.0947 18.7009 10.23 7.5665 6.30463 5.02781 4.77737 4.08546 3.88242 3.3695 3.14392 2.54496 2.40607 2.33748 3.69358 2.25805 2.25041 2.1176 2.06539 1.98482 1.97203 1.79573 1.64042 1.5574 1.51405 1.41771 1.39757 1.39114 1.37194 1.36635
threshold=27.254499999999982 0.013250724932985221 7.0000000000014557 0.21099999999998872 0.061501531652001444 1.2073000000000018 91.561999999999998 10.359999999999129 4.8600000000020378 1.0399999999999956 0.03753649286102672 2.5800000000002914 0.30940000000000017 -0.007845961457237231 0.062707779652269049 -138.12749999999997 1.1559000000000015 0.80105839256387668 0.038381522042216225 0.02777777777774321 0.060350004131187872 18.811881187840871 -1.301499999999997 9.8814999999999991 9.9334999999999898 0.55090000000000339 0.37552299161833552 16.382000000000001 -68.760000000000005 -0.43286940254092526
decision_type=2 2 2 2 2 2 2 2 2 2 2 2 2 2 2 2 2 2 2 2 2 2 2 2 2 2 2 2 2 2
left_child=1 3 11 9 8 12 13 21 -3 10 15 -2 -6 20 25 -1 -16 -10 -19 -11 -4 -5 -13 -21 -23 -15 27 -8 -14 -12
right_child=2 4 6 7 5 -7 26 -9 17 19 29 22 28 14 16 -17 -18 18 -20 23 -22 24 -24 -25 -26 -27 -28 -29 -30 -31
leaf_value=0.0010141416995078732 0.00017926235781034455 -0.00015096155636573096 0.00095870597357462491 -0.00041819322211127726 8.3053922273028678e-05 0.0020516294389633588 0.00057031489322396294 0.00069701070876015362 0.00058166358188858252 -0.00039105046330689664 -0.00039739558807151741 0.00030712858561515862 0.0021891002623942767 0.0013783667464539976 0.0014796314334033164 -0.00028296532893338491 0.0029780388186489894 -0.00010551260755379398 0.0004175240578932894 -6.8878333106595814e-05 -0.00046640380194583445 -0.00016407692076942027 0.00084791248652901113 0.00057464177586621262 8.7074612021441624e-05 0.00059640346344644313 0.0033169294817594203 0.0030633596207564531 0.00065282754279616384 -0.00064063780598675282
leaf_weight=549 5746 15395 2260 5730 3752 899 193 2822 6167 7482 15420 3110 240 2670 791 24229 813 6790 5439 10906 469 19224 8055 1745 19181 1421 573 167 7460 23038
leaf_count=549 5746 15395 2260 5730 3752 899 193 2822 6167 7482 15420 3110 240 2670 791 24229 813 6790 5439 10906 469 19224 8055 1745 19181 1421 573 167 7460 23038
internal_value=-5.04433e-14 -0.000121294 0.000814854 -0.000243801 0.000224721 0.000611409 0.00134546 -4.07462e-05 8.33816e-05 -0.000358171 -0.000429914 0.000521267 0.000498349 0.00119506 0.00142568 -0.000254226 0.00223911 0.000279496 0.000127114 -0.000132831 0.00071379 -8.79185e-05 0.000697278 1.98848e-05 -3.86418e-05 0.00110675 0.00270338 0.00172681 0.000700711 -0.000543108
internal_weight=202736 176468 26268 130326 46142 12351 9357 46957 33791 83369 63236 16911 11452 8424 5695 24778 1604 18396 12229 20133 2729 44135 11165 12651 38405 4091 933 360 7700 38458
internal_count=202736 176468 26268 130326 46142 12351 9357 46957 33791 83369 63236 16911 11452 8424 5695 24778 1604 18396 12229 20133 2729 44135 11165 12651 38405 4091 933 360 7700 38458
is_linear=0
shrinkage=0.02


Tree=62
num_leaves=31
num_cat=0
split_feature=10 43 34 43 10 45 10 43 45 34 9 45 43 34 10 14 34 15 14 14 10 14 44 43 7 45 34 42 42 45
split_gain=48.2965 14.2805 14.2623 7.03594 6.00993 4.64728 4.4233 3.7211 3.63531 3.41091 3.1503 3.73183 2.20179 1.99755 1.95371 1.79584 1.76463 1.85826 2.05263 1.69495 1.58746 1.42572 1.40271 2.30739 2.10847 1.66478 1.39628 1.57258 1.35869 1.29932
threshold=14.77249999999998 10.359999999999129 0.0057326888546153695 7.8599999999962167 44.904999999999994 0.065367334860913021 66.272499999999994 3.5400000000008736 0.068145390656240465 0.00040462177784914222 -2.3879999999999835 0.035964912280539052 3.8400000000008734 0.10738946363118447 104.706 1.2694166666666675 -0.061622513359237352 7.2229586547185534 1.3451000000000015 1.2694166666666675 -116.33499999999999 0.27940000000000126 1.5862500858195583 20.519999999999715 1.5391684280781208 0.058333333333210002 0.032451503129730976 0.76054773999259229 0.72074580414531531 0.051081432997896248
decision_type=2 2 2 2 2 2 2 2 2 2 2 2 2 2 2 2 2 2 2 2 2 2 2 2 2 2 2 2 2 2
left_child=2 4 7 5 9 26 16 29 13 -2 11 -9 -11 28 -6 -10 -3 18 -18 20 -12 -7 23 24 -8 -24 27 -4 -5 -1
right_child=1 6 3 8 14 21 22 10 15 12 19 -13 -14 -15 -16 -17 17 -19 -20 -21 -22 -23 25 -25 -26 -27 -28 -29 -30 -31
leaf_value=-0.00036589235076365514 6.0941520012212711e-05 -0.00011643841789273792 -3.6306718390348342e-05 0.00068663156605735479 0.00080519448422535324 2.5642971627424581e-05 0.0034022244717816373 -8.6517514506619314e-06 0.0011067072928542608 0.00025123838228898018 0.0020017516938692316 -0.00049202646184158462 0.00070055337526716915 0.001907237108100965 0.0022325205115901968 0.0029070803471234075 0.001067616491309567 -0.0003701046359514431 0.0019939068076812723 0.0007435203708500821 -8.345658125731311e-05 0.00054730583656640891 0.00071680167326785053 0.005249444723611215 0.0011634735524081513 0.0028581197496252851 0.00015492564188008398 -0.00032607164149979072 0.0001926578613321452 -0.00058725734780241078
leaf_weight=26718 14475 406 13734 3126 8838 3238 399 9260 1035 8713 147 20604 8737 333 401 282 3101 265 1384 1074 22290 5940 329 143 291 260 5395 16483 7747 17588
leaf_count=26718 14475 406 13734 3126 8838 3238 399 9260 1035 8713 147 20604 8737 333 401 282 3101 265 1384 1074 22290 5940 329 143 291 260 5395 16483 7747 17588
internal_value=5.84666e-14 0.000556198 -0.000171323 7.91418e-05 0.000417925 -3.80313e-05 0.00142149 -0.00031828 0.000498226 0.000287922 -0.000205813 -0.000342145 0.000476205 0.000381406 0.000867145 0.00149221 0.00114913 0.0012573 0.00135346 -3.26421e-05 -6.9795e-05 0.000363263 0.00240905 0.00293725 0.00245806 0.00166204 -0.000141454 -0.00019437 0.000334676 -0.000453767
internal_weight=202736 47742 154994 57313 41164 44790 6578 97681 12523 31925 53375 29864 17450 11206 9239 1317 5156 4750 4485 23511 22437 9178 1422 833 690 589 35612 30217 10873 44306
internal_count=202736 47742 154994 57313 41164 44790 6578 97681 12523 31925 53375 29864 17450 11206 9239 1317 5156 4750 4485 23511 22437 9178 1422 833 690 589 35612 30217 10873 44306
is_linear=0
shrinkage=0.02


Tree=63
num_leaves=31
num_cat=0
split_feature=10 43 34 10 9 10 41 43 10 45 34 34 34 9 45 34 7 15 41 43 43 9 34 9 15 43 45 43 14 41
split_gain=46.4839 15.9689 12.9608 7.25067 6.3375 4.41494 3.37019 3.41674 4.47304 3.21525 2.86889 2.61616 2.42599 2.3195 2.11354 1.99794 2.27656 1.86553 1.83017 1.65407 1.62256 1.53305 1.5278 1.35962 1.35148 1.30982 1.28887 1.26275 1.22112 1.17777
threshold=11.12399999999999 10.359999999999129 0.030401569311765849 33.544999999999987 3.3540000000000152 66.272499999999994 25.344352616344363 9.1199999999997114 -166.39949999999996 0.035964912280539052 0.011574350805135121 0.0054989178589617072 0.070202806751051852 10.728000000000002 0.053946345033183296 0.10738946363118447 4.2371964832941744 0.61302181851116588 76.94915253964696 2.7000000000014555 4.8600000000020378 15.723000000000011 -0.061622513359237352 -3.5829999999999829 1.6376919734794477 15.139999999997965 0.070411094637924304 7.1200000000026202 0.55381666666666807 18.811881187840871
decision_type=2 2 2 2 2 2 2 2 2 2 2 2 2 2 2 2 2 2 2 2 2 2 2 2 2 2 2 2 2 2
left_child=2 3 4 11 6 15 -1 8 -8 -6 19 29 18 -11 21 16 22 -9 -4 -5 26 -12 -3 -21 25 -7 -13 -15 -16 -2
right_child=1 5 12 10 9 24 7 17 -10 13 14 20 -14 27 28 -17 -18 -19 -20 23 -22 -23 -24 -25 -26 -27 -28 -29 -30 -31
leaf_value=-0.00054502238155599832 -0.00034218611275207522 -1.8338781336341729e-05 0.00054474826071514767 0.00012124944105604725 -0.00024055713312358328 0.0022964697073386726 0.0028436723346730915 0.00041951249429211676 -0.00032181302511418173 8.3839642943226892e-05 0.0009510901984766014 9.9790278294376074e-05 0.0011015340757185165 0.00041383317006307355 0.00091077298629838499 0.0027861575201603272 -3.2425876396801392e-05 -0.00011929070570923267 6.088519448972162e-05 0.00021670000749593081 0.00066006054556723057 -0.00017438214191887837 0.0012926807956335255 0.00083271746967476432 0.0017597113453680653 0.0040782829826553589 0.00068883118427623511 0.0012537502474189042 0.0018493585575570862 0.00010020612255765324
leaf_weight=21143 2837 386 5946 3043 10667 422 179 3772 72508 12396 2439 7031 1671 2260 856 274 697 8069 6595 1930 5542 604 4508 5567 729 271 1884 1048 1574 15888
leaf_count=21143 2837 386 5946 3043 10667 422 179 3772 72508 12396 2439 7031 1671 2260 856 274 697 8069 6595 1930 5542 604 4508 5567 729 271 1884 1048 1574 15888
internal_value=2.12809e-14 0.000487321 -0.000188199 0.000357893 -0.000249967 0.00136109 -0.000319185 -0.000262696 -0.000314018 2.73955e-05 0.000707414 0.000189221 0.000385679 0.000209403 0.00107891 0.00111869 0.00103697 5.23473e-05 0.000290297 0.00051451 0.000391329 0.000727697 0.00118928 0.000674132 0.00236087 0.00299325 0.000224272 0.000679925 0.00151873 3.31799e-05
internal_weight=202736 56482 146254 49195 132042 7287 105671 84528 72687 26371 16013 33182 14212 15704 5473 5865 5591 11841 12541 10540 14457 3043 4894 7497 1422 693 8915 3308 2430 18725
internal_count=202736 56482 146254 49195 132042 7287 105671 84528 72687 26371 16013 33182 14212 15704 5473 5865 5591 11841 12541 10540 14457 3043 4894 7497 1422 693 8915 3308 2430 18725
is_linear=0
shrinkage=0.02


Tree=64
num_leaves=31
num_cat=0
split_feature=10 43 9 10 43 45 10 10 14 44 43 41 41 43 44 10 9 14 10 45 15 14 44 29 9 10 43 44 43 44
split_gain=44.6632 16.0536 9.62073 7.32282 4.91002 4.58315 4.49096 4.23541 4.20212 3.20043 2.72894 2.52033 2.43771 2.35601 2.29776 2.22227 2.06322 2.13439 2.06453 1.67645 1.65108 2.22721 1.68655 1.52365 1.51121 2.99162 1.41776 1.39135 1.44646 2.05586
threshold=10.203999999999986 10.359999999999129 3.3540000000000152 33.544999999999987 8.3199999999997107 0.053658536585133025 -166.39949999999996 66.272499999999994 1.3052833333333342 0.40228200762313032 2.7000000000014555 35.535307515951345 32.561240336825499 4.3400000000066941 -0.18136230115127699 -76.424999999999997 -3.407999999999991 0.77161666666666784 104.706 0.070411094637924304 2.1511608591258402 1.5994166666666678 0.65801029313983161 0.082377288728352496 -28.497999999999994 -138.12749999999997 3.5400000000008736 -0.71923300654555933 15.139999999997965 1.2967951121574963
decision_type=2 2 2 2 2 2 2 2 2 2 2 2 2 2 2 2 2 2 2 2 2 2 2 2 2 2 2 2 2 2
left_child=2 3 4 11 6 -4 -1 20 15 24 -5 -2 -8 19 -14 -7 17 -12 -18 -13 21 -3 -23 -11 -6 -26 -17 -9 -29 -30
right_child=1 7 5 10 9 8 12 27 -10 23 16 13 14 -15 -16 26 18 -19 -20 -21 -22 22 -24 -25 25 -27 -28 28 29 -31
leaf_value=0.0027480348354223909 -0.00011767122423404974 0.0011166257257014109 -7.4761712012551618e-05 0.00025169046833480328 -0.0005114467222855219 0.0022313903428043081 -0.00051187462585454055 0.0039466051126390202 0.0021283855954542857 -0.00033699973438513744 6.2968890677043698e-06 2.4433833668866662e-05 -0.00017601733388391953 0.00049429693512873841 -0.00041421124005554098 5.1957562302597318e-05 0.00093446213166676728 0.0013016846944903216 0.0026664575879871157 0.00059908539868254462 0.00062262729463349875 0.00049346184673547551 0.0028749740929430063 0.00071615371145234514 0.001590488724480002 0.00021023341331216075 0.00049693362744338075 0.0013051183841719463 0.0040320004014666759 0.0018026033183851681
leaf_weight=188 8705 3371 19365 4148 1007 243 25590 182 549 8820 1914 13047 36498 11255 29128 5162 8974 693 284 2405 1956 152 547 586 672 9621 6434 547 273 420
leaf_count=188 8705 3371 19365 4148 1007 243 25590 182 549 8820 1914 13047 36498 11255 29128 5162 8974 693 284 2405 1956 152 547 586 672 9621 6434 547 273 420
internal_value=1.6889e-13 0.000464041 -0.000189899 0.000338354 -0.000276941 0.00011742 -0.000339938 0.00133185 0.000417839 1.14777e-06 0.000693266 0.000177865 -0.000346302 0.000274194 -0.000281739 0.000338517 0.000847641 0.00035064 0.000987593 0.000113874 0.00110017 0.00132967 0.00235711 -0.000271388 0.000228003 0.000300346 0.000298851 0.00231365 0.00207398 0.00268085
internal_weight=202736 58873 143863 51425 112110 31753 91404 7448 12388 20706 16013 35412 91216 26707 65626 11839 11865 2607 9258 15452 6026 4070 699 9406 11300 10293 11596 1422 1240 693
internal_count=202736 58873 143863 51425 112110 31753 91404 7448 12388 20706 16013 35412 91216 26707 65626 11839 11865 2607 9258 15452 6026 4070 699 9406 11300 10293 11596 1422 1240 693
is_linear=0
shrinkage=0.02


Tree=65
num_leaves=31
num_cat=0
split_feature=10 34 43 10 9 10 14 45 43 43 45 45 14 45 34 45 14 10 45 34 10 10 10 9 34 7 14 34 44 9
split_gain=42.9712 16.4883 8.9505 8.20796 5.09827 4.18981 3.86118 3.74785 2.79296 2.67081 2.45717 2.4372 2.3778 2.2522 2.13729 3.43779 2.05773 2.04984 1.87092 1.79195 1.58883 1.61008 1.57155 1.90859 1.48374 1.44105 1.69708 1.39719 1.36683 1.79648
threshold=27.254499999999982 0.024278659904141461 7.0000000000014557 6.5894999999999975 -0.27099999999998697 91.561999999999998 1.2370500000000006 0.03753649286102672 3.3600000000020378 8.659999999999128 0.067217266334067591 0.057748997619839183 0.3003666666666675 0.069119083368890277 -0.007845961457237231 0.062707779652269049 1.1559000000000015 -138.12749999999997 0.060350004131187872 0.0024496133648997608 -138.12749999999997 6.3439999999999781 91.561999999999998 44.40750000000002 0.0054989178589617072 1.8986280173438217 1.0276166666666675 -0.0022639564567248651 -0.74994247347277343 37.33100000000001
decision_type=2 2 2 2 2 2 2 2 2 2 2 2 2 2 2 2 2 2 2 2 2 2 2 2 2 2 2 2 2 2
left_child=1 3 12 4 7 14 13 17 -6 24 -8 -10 -2 20 18 -16 -17 -1 -4 -9 -3 -22 23 27 -5 26 -11 -14 -7 -30
right_child=2 6 5 9 8 28 10 19 11 25 -12 -13 22 -15 15 16 -18 -19 -20 -21 21 -23 -24 -25 -26 -27 -28 -29 29 -31
leaf_value=0.00096892187777030683 0.00010990061415896858 0.0021106337047383152 0.00088851978110440029 -8.0441654943201938e-05 -0.00026970834071494444 0.0041502984756873872 0.00078270732049426719 -0.00055988014642648412 -5.6352334617019638e-05 0.0005419244208336385 0.0023342023021659607 0.00045328467510361334 0.00036453288943976347 0.00068574754809990867 0.0010230042132164199 0.0013892110406401662 0.0028220349300874261 -0.0002234385979248793 -0.00049957210239745791 -0.00024228746179321152 3.6926151362473403e-05 0.00045201599072119031 0.0016792917006029332 -0.00067873252470057903 0.00020751468053776336 -0.0002372065639814821 0.0017555275942947503 0.00082311872206332554 0.0012447552453734041 0.003187350037590268
leaf_weight=589 4921 168 2260 21988 20725 169 2377 34512 17531 2373 493 4776 4508 4244 4091 791 813 27661 469 8949 12953 5254 547 461 10612 691 572 6474 403 361
leaf_count=589 4921 168 2260 21988 20725 169 2377 34512 17531 2373 493 4776 4508 4244 4091 791 813 27661 469 8949 12953 5254 547 461 10612 691 572 6474 403 361
internal_value=1.03676e-14 -0.00011234 0.000754698 -0.000191773 -0.000274643 0.00125101 0.000358168 -0.000377915 -0.000102545 7.06379e-05 0.00104922 5.27626e-05 0.000480083 0.000270485 0.00111017 0.00133069 0.00211545 -0.000198578 0.000649965 -0.000494485 0.000174573 0.000156709 0.000632015 0.000581953 1.32943e-05 0.000584774 0.00077764 0.000634874 0.00252269 0.00216266
internal_weight=202736 176468 26268 150979 114743 9357 25489 71711 43032 36236 2870 22307 16911 22619 8424 5695 1604 28250 2729 43461 18375 18207 11990 11443 32600 3636 2945 10982 933 764
internal_count=202736 176468 26268 150979 114743 9357 25489 71711 43032 36236 2870 22307 16911 22619 8424 5695 1604 28250 2729 43461 18375 18207 11990 11443 32600 3636 2945 10982 933 764
is_linear=0
shrinkage=0.02


Tree=66
num_leaves=31
num_cat=0
split_feature=10 43 34 10 43 10 43 34 7 10 13 34 7 43 43 42 9 41 34 43 5 13 43 44 34 10 9 42 43 10
split_gain=41.3156 13.2582 12.1125 6.38562 5.87697 3.541 3.24045 2.8642 2.58983 2.91072 2.24891 2.2258 2.11436 2.07857 1.96348 1.88096 1.82999 1.59246 1.52813 1.4815 1.43437 1.4274 1.42141 1.40129 1.39167 1.34799 1.21121 1.17634 1.16659 1.14123
threshold=13.10099999999998 6.7000000000014568 0.0054989178589617072 61.751999999999988 7.0600000000020389 34.54699999999999 3.7800000000002916 -0.021115727518336427 0.56769150951689318 -138.12749999999997 0.57233333333333469 0.076886613045419216 1.464319193322513 17.440000000000875 20.519999999999715 0.70124134967005158 5.001000000000011 25.749779540842763 0.010521452020454156 9.4199999999997104 0.44600000000000095 0.85036666666666771 13.209999999999129 1.0000000180025095e-35 0.0063941002099360553 82.286500000000004 1.0000000180025095e-35 0.81585611302591576 2.9800000000002913 -4.3575000000000141
decision_type=2 2 2 2 2 2 2 2 2 2 2 2 2 2 2 2 2 2 2 2 2 2 2 2 2 2 2 2 2 2
left_child=2 5 6 7 16 24 26 -3 9 21 -5 15 22 -14 -9 -6 27 -10 20 -11 25 -8 -12 -17 -2 -7 -1 28 -4 -19
right_child=1 3 4 10 11 18 8 14 17 19 12 -13 13 -15 -16 23 -18 29 -20 -21 -22 -23 -24 -25 -26 -27 -28 -29 -30 -31
leaf_value=-0.00050365620137112583 1.0143977647295304e-05 0.00023195995172323758 -0.00017799187754102507 0.0006165976908924551 0.0007227794864602846 0.00037327877104174548 0.0033931435168417772 0.00087665956170708775 -0.00058793641541728624 -0.00013004346173926495 0.0022088732663751065 0.0012384961442113227 0.00071097399083461319 0.0024891358218701088 0.00219613342999651 0.00043157183730112042 0.00018317091699709232 -0.00033054603247362365 0.00088810217043647796 0.00032790293586305343 -0.0008500160429987558 0.00059482872631055428 0.0036859311648870974 -4.3990894996429186e-05 0.00031900228395716169 0.0013230449047249343 -0.00028860555365291344 -0.00026364737880233687 0.00014983145685741641 1.4476413209126397e-05
leaf_weight=29259 14354 2968 8970 511 3661 6627 141 9749 6965 19452 905 1187 647 443 473 4926 9747 13803 3835 3306 351 151 366 4988 9833 657 16319 14416 8416 5310
leaf_count=29259 14354 2968 8970 511 3661 6627 141 9749 6965 19452 905 1187 647 443 473 4926 9747 13803 3835 3306 351 151 366 4988 9833 657 16319 14416 8416 5310
internal_value=3.93623e-14 0.000487876 -0.000167084 0.000964988 6.52041e-05 0.000272957 -0.000305199 0.000778907 -0.000192516 -3.8061e-05 0.00181959 0.000407986 0.00207995 0.00143366 0.000937715 0.000335366 -5.65833e-05 -0.000329037 0.000562378 -6.35187e-05 0.000398769 0.00194607 0.00263421 0.000192303 0.000135707 0.000458945 -0.000426658 -0.000130066 -1.93032e-05 -0.000234691
internal_weight=202736 51719 151017 16062 56311 35657 94706 13190 49128 23050 2872 14762 2361 1090 10222 13575 41549 26078 11470 22758 7635 292 1271 9914 24187 7284 45578 31802 17386 19113
internal_count=202736 51719 151017 16062 56311 35657 94706 13190 49128 23050 2872 14762 2361 1090 10222 13575 41549 26078 11470 22758 7635 292 1271 9914 24187 7284 45578 31802 17386 19113
is_linear=0
shrinkage=0.02


Tree=67
num_leaves=31
num_cat=0
split_feature=9 45 14 34 45 14 14 14 44 20 9 43 43 44 43 6 9 43 44 42 45 34 45 14 5 34 45 44 44 7
split_gain=27.3308 14.34 14.2978 9.27932 6.94433 6.25189 3.58278 3.43111 2.59698 2.59609 2.50567 2.36779 2.36667 1.80867 1.72852 1.67044 1.54442 1.48796 1.96809 1.46284 1.42871 1.40945 1.34623 2.00925 1.3164 1.68181 1.17876 1.16232 1.07929 0.996217
threshold=4.677000000000004 0.044297525923604426 1.3052833333333342 0.0059568427115966041 0.051360135937023245 0.77161666666666784 0.76196666666666768 0.43673333333333358 0.068469498540670623 6.5499999999956353 -2.0119999999999894 3.6199999999967991 3.8199999999967988 2.0142050505149549 3.7800000000002916 0.46673333333333294 -16.034999999999997 3.3600000000020378 -0.44269747575629442 0.81986196433497682 0.07176771542558559 -0.01697023614755588 0.027136452172084224 1.4308666666666683 0.081700000000000703 0.05525710701734738 0.064484136490998892 -0.078266664381402576 1.009920957945192 0.69382778842618775
decision_type=2 2 2 2 2 2 2 2 2 2 2 2 2 2 2 2 2 2 2 2 2 2 2 2 2 2 2 2 2 2
left_child=3 12 7 4 6 8 17 -3 11 15 -6 -5 -2 16 -9 -4 -8 -1 -19 -13 24 -16 29 -24 28 -26 -11 -28 -7 -14
right_child=1 2 9 5 10 20 13 14 -10 26 -12 19 22 -15 21 -17 -18 18 -20 -21 -22 -23 23 -25 25 -27 27 -29 -30 -31
leaf_value=-0.00027966176364238273 -0.00023828891628185033 0.0002867318405804976 0.0023382039464089357 -7.9459025399836476e-05 -0.00054306291128480952 0.0011289862700214705 -2.6338993183854404e-05 0.00041344768188883739 -0.00021697011891796638 0.0019052937225730697 -0.00019348068866714257 0.00051159253717439357 0.00022089024322948517 -0.00033576809006051722 0.00014834639490721957 0.00072237066832004173 0.0005993886789239757 0.00012108000578274809 -0.0002213932133586698 0.00010418783357204645 0.0018219969294119788 0.00098837632445342117 0.00026879114569852361 0.0013500494180551761 8.5549880951005697e-05 0.0010884602101877759 0.0011916743063131795 0.0031401421323881662 0.00037988395139805406 -0.00023787195056264814
leaf_weight=25821 8399 11264 371 13471 29269 2074 2322 4019 14904 987 11394 6501 4100 1645 882 825 4923 12186 14942 7702 376 8485 5434 787 3021 859 142 890 1223 3518
leaf_count=25821 8399 11264 371 13471 29269 2074 2322 4019 14904 987 11394 6501 4100 1645 882 825 4923 12186 14942 7702 376 8485 5434 787 3021 859 142 890 1223 3518
internal_value=-6.25697e-14 0.000405306 0.000707572 -0.000133045 -0.000242101 8.99408e-05 -0.000108612 0.00054396 -4.12883e-06 0.00196202 -0.000445108 0.000110498 2.65549e-05 0.000262913 0.000760411 0.0012236 0.000398845 -0.000170989 -6.7553e-05 0.000290665 0.000620233 0.000909279 0.000187291 0.000405578 0.000557273 0.000307586 0.00239944 0.00287204 0.000851112 9.0334e-06
internal_weight=202736 50103 27865 152633 102502 50131 61839 24650 42578 3215 40663 27674 22238 8890 13386 1196 7245 52949 27128 14203 7553 9367 13839 6221 7177 3880 2019 1032 3297 7618
internal_count=202736 50103 27865 152633 102502 50131 61839 24650 42578 3215 40663 27674 22238 8890 13386 1196 7245 52949 27128 14203 7553 9367 13839 6221 7177 3880 2019 1032 3297 7618
is_linear=0
shrinkage=0.02


Tree=68
num_leaves=31
num_cat=0
split_feature=10 14 34 10 43 34 41 45 34 6 7 34 43 10 10 45 34 14 45 7 34 45 10 10 45 45 10 44 44 14
split_gain=39.1961 14.1999 10.8143 4.51523 4.49962 4.48783 3.27249 3.15552 3.10704 3.04226 2.91891 2.27877 2.27563 2.27226 2.1702 2.15812 2.08782 2.05823 2.58244 1.98616 1.79477 1.87807 1.74922 1.74716 1.67458 1.61227 1.59496 1.59222 1.53671 1.44026
threshold=9.9334999999999898 0.89733333333333409 0.030401569311765849 33.544999999999987 12.740000000000874 0.0018236664560350496 61.589403971846487 0.069433112499057745 -0.070498786730593274 0.65431666666666677 4.2371964832941744 0.0054989178589617072 9.1199999999997114 57.764499999999991 -166.39949999999996 0.065367334860913021 0.010521452020454156 1.2694166666666675 0.067217266334067591 1.464319193322513 -0.0024842186560654722 0.065079365079300386 -138.12749999999997 91.561999999999998 0.068789173170331716 0.055125819554200255 82.286500000000004 1.7901416812775957 0.45653773963412098 0.32320000000000132
decision_type=2 2 2 2 2 2 2 2 2 2 2 2 2 2 2 2 2 2 2 2 2 2 2 2 2 2 2 2 2 2
left_child=2 3 5 11 9 7 15 12 -6 20 13 -2 14 -10 -1 22 -5 28 -19 -14 21 -3 -7 27 -8 -22 -11 -18 -4 -13
right_child=1 4 17 16 8 6 24 -9 10 26 -12 29 19 -15 -16 -17 23 18 -20 -21 25 -23 -24 -25 -26 -27 -28 -29 -30 -31
leaf_value=0.0025178222507404309 2.0073656828629219e-05 0.00086627768188180811 0.00042821606221293189 0.00041426251148000542 -0.0003637806950433508 0.0014276182216716609 -0.00030050979455184979 -0.00062219573276407899 0.001825474701856481 -6.7147601476467725e-05 0.0008543109256714149 0.00010621878454818905 0.0001761077833370116 0.0032193833979976016 -0.00033320252510555263 0.0005691862092686887 0.00098254119954386816 0.00069534343276335246 0.002990609342566453 -0.00036442300794998724 0.00095081202259115387 -0.00062844134102564466 -1.3838698142601174e-05 0.0028242873662353428 0.00014377520976810858 0.001825740958651648 0.0018675555474317027 -0.00033263132788167505 -4.0114404256897037e-05 0.00050405556944024398
leaf_weight=107 19765 2401 7596 8820 267 343 22730 12375 1457 1736 795 6044 7438 689 56181 3269 3956 1624 223 4286 1890 391 18468 189 3989 1520 189 406 4441 9151
leaf_count=107 19765 2401 7596 8820 267 343 22730 12375 1457 1736 795 6044 7438 689 56181 3269 3956 1624 223 4286 1890 391 18468 189 3989 1520 189 406 4441 9151
internal_value=-1.17921e-13 0.000430622 -0.000179587 0.000281203 0.00106773 -0.000236591 -8.52948e-05 -0.000328435 0.00170197 0.000817371 0.00188951 0.000161652 -0.000274985 0.00227301 -0.000327783 9.48718e-05 0.000593783 0.000350816 0.000972465 -2.14967e-05 0.00103295 0.000656953 1.24448e-05 0.0009417 -0.00023418 0.00134081 0.000122805 0.000860129 0.000255428 0.000345811
internal_weight=202736 59666 143070 48331 11335 129186 48799 80387 3208 8127 2941 34960 68012 2146 56288 22080 13371 13884 1847 11724 6202 2792 18811 4551 26719 3410 1925 4362 12037 15195
internal_count=202736 59666 143070 48331 11335 129186 48799 80387 3208 8127 2941 34960 68012 2146 56288 22080 13371 13884 1847 11724 6202 2792 18811 4551 26719 3410 1925 4362 12037 15195
is_linear=0
shrinkage=0.02


Tree=69
num_leaves=31
num_cat=0
split_feature=10 34 43 10 9 10 43 34 10 13 41 43 44 34 41 45 4 34 45 43 9 9 10 45 44 12 45 34 45 41
split_gain=37.7156 14.4404 7.85873 7.5539 4.01221 3.76964 3.28706 3.03034 2.64867 6.70534 2.60955 2.13703 2.03439 1.99747 1.86851 1.84541 1.62071 2.25948 1.51724 1.45825 1.43364 1.28933 1.22082 1.18996 1.17172 1.16531 1.06306 0.987476 0.966278 0.836291
threshold=27.254499999999982 0.02577650342509585 7.0000000000014557 1.2914999999999763 3.2670000000000123 104.706 10.480000000003203 0.070202806751051852 -138.12749999999997 0.68419999999999936 76.94915253964696 2.5800000000002914 -1.0000000180025095e-35 0.087569951792432002 18.811881187840871 0.02777777777774321 0.45870000000000299 -0.0012528802163001287 0.057163625649900476 4.3400000000066941 -1.301499999999997 10.170500000000009 -47.616000000000007 0.03753649286102672 2.6784778626728234 1.6132000000000033 0.060658226447889728 -0.021953720588000106 0.034449350609872982 62.650602408293416
decision_type=2 2 2 2 2 2 2 2 2 2 2 2 2 2 2 2 2 2 2 2 2 2 2 2 2 2 2 2 2 2
left_child=1 3 11 4 8 13 14 10 9 -1 18 -2 -10 16 -5 -6 17 -4 29 -16 -13 -17 -20 -12 -15 -8 -9 -7 -18 -3
right_child=2 7 5 6 15 27 25 26 12 -11 23 20 -14 24 19 21 28 -19 22 -21 -22 -23 -24 -25 -26 -27 -28 -29 -30 -31
leaf_value=0.0038662807499565926 0.00013632060980257472 0.00070464660700917661 0.00079633315435299803 -0.00037350159771263144 -0.00030142966256477803 0.00130179959630128 0.00089440683372336307 0.00079137733876463072 -0.00026587184885007594 -1.3687859488364839e-05 -0.00018827873307058557 0.00024627679442608587 -0.00046782912824581296 0.0029809505668561631 -6.5391569152614006e-05 3.8274904035219365e-05 -4.3948853097313088e-05 0.0015663596313686828 0.0021191785661246812 0.00017225881930374855 0.00075182946088848837 0.00055862619521053957 0.00074272122060656091 0.00024090386280852213 0.00099197267379282214 -3.4957811700022291e-05 0.0017810794866742483 0.0033483929884156778 0.00083678514344638134 0.00021706984933487662
leaf_weight=202 5746 1906 3147 5353 5352 125 2220 1448 47479 1510 4371 3110 34412 336 28073 8959 753 2956 281 16339 8055 2419 3114 6321 183 713 620 384 1473 5376
leaf_count=202 5746 1906 3147 5353 5352 125 2220 1448 47479 1510 4371 3110 34412 336 28073 8959 753 2956 281 16339 8055 2419 3114 6321 183 713 620 384 1473 5376
internal_value=-1.75384e-13 -0.000105246 0.000707041 -0.000176048 -0.000277884 0.0011721 1.78395e-05 0.000357056 -0.000334461 0.000444112 0.000286309 0.000449719 -0.000350738 0.00107582 -2.05075e-05 4.83981e-06 0.00100081 0.0011693 0.000507478 2.20391e-05 0.000611008 0.000148903 0.000856649 6.54496e-05 0.00227963 0.000668482 0.0010881 0.00284579 0.000538855 0.000344689
internal_weight=202736 176468 26268 153031 100333 9357 52698 23437 83603 1712 21369 16911 81891 8848 49765 16730 8329 6103 10677 44412 11165 11378 3395 10692 519 2933 2068 509 2226 7282
internal_count=202736 176468 26268 153031 100333 9357 52698 23437 83603 1712 21369 16911 81891 8848 49765 16730 8329 6103 10677 44412 11165 11378 3395 10692 519 2933 2068 509 2226 7282
is_linear=0
shrinkage=0.02


Tree=70
num_leaves=31
num_cat=0
split_feature=10 43 9 10 43 10 45 10 43 44 44 43 41 43 43 10 9 10 44 29 12 45 10 7 13 44 43 7 45 42
split_gain=36.3907 13.3022 7.8858 6.05874 4.20397 4.72041 3.88288 3.52514 3.21715 2.49605 2.42493 2.34676 2.24175 2.13013 2.05129 1.95911 1.86182 1.84109 1.6071 2.10183 1.55699 1.55487 1.4918 1.38073 1.37964 1.34784 2.06517 1.92755 1.455 1.33782
threshold=9.9334999999999898 10.359999999999129 3.182000000000015 33.544999999999987 9.1199999999997114 -166.39949999999996 0.052857547093518815 66.272499999999994 15.960000000002038 0.88738576581215678 -0.33621368666040202 2.7000000000014555 35.535307515951345 3.2400000000008737 4.3400000000066941 -61.318499999999993 -3.407999999999991 104.706 3.0021259773618425 0.13259608292145456 0.53140000000000154 0.070411094637924304 -3.7230000000000207 6.8358087532284095 0.72640000000000138 1.5862500858195583 20.519999999999715 1.5781378266207933 0.054809255940333854 0.28895106606732518
decision_type=2 2 2 2 2 2 2 2 2 2 2 2 2 2 2 2 2 2 2 2 2 2 2 2 2 2 2 2 2 2
left_child=2 3 4 12 5 20 -4 18 15 22 13 -5 -2 -7 21 -8 24 -18 19 23 -1 -14 -6 -3 -13 26 27 -9 -27 -11
right_child=1 7 6 11 9 10 8 25 -10 29 -12 16 14 -15 -16 -17 17 -19 -20 -21 -22 -23 -24 -25 -26 28 -28 -29 -30 -31
leaf_value=0.0040390580077472637 -0.00011736771386426504 0.001086915677293916 -7.7862989621619672e-05 0.00021597010808383583 0.00010475892064984106 -0.00033850619554621792 0.001592273214921652 0.0030443573864525832 0.002100772743377553 -0.00059413503146755738 -0.00041576249573624293 3.4599882049933966e-05 1.5267654927431621e-05 -6.6834780556482667e-05 0.00045179201156266414 0.00026257975084202997 0.00085138948992406695 0.0024869753217302481 -3.8636325285584791e-05 0.0032329721132481706 0.00072096430991009318 0.0005642049490440016 0.00071046014367208931 -0.00061083327552968237 0.0011047627943510272 0.00041026072700285762 0.004803705562127533 0.00089520454257414038 0.0023998608697210311 -1.0276968759210222e-05
leaf_weight=127 8904 5161 19502 4148 9068 24689 460 407 415 2969 46594 1969 13334 21684 11463 12147 8974 284 550 178 102 2442 1982 199 638 306 143 283 283 3331
leaf_count=127 8904 5161 19502 4148 9068 24689 460 407 415 2969 46594 1969 13334 21684 11463 12147 8974 284 550 178 102 2442 1982 199 638 306 143 283 283 3331
internal_value=2.22788e-13 0.000414926 -0.000173041 0.000301609 -0.00025358 -0.000306796 0.000100705 0.0012019 0.000368133 3.2269e-05 -0.00031386 0.000625459 0.000158128 -0.000211473 0.000248183 0.000311097 0.000768617 0.000901563 0.000992483 0.00109489 0.00256113 0.000100239 0.000213401 0.00102388 0.000296496 0.00209847 0.00261624 0.00216289 0.00136621 -0.000285432
internal_weight=202736 59666 143070 52156 110546 93196 32524 7510 13022 17350 92967 16013 36143 46373 27239 12607 11865 9258 6088 5538 229 15776 11050 5360 2607 1422 833 690 589 6300
internal_count=202736 59666 143070 52156 110546 93196 32524 7510 13022 17350 92967 16013 36143 46373 27239 12607 11865 9258 6088 5538 229 15776 11050 5360 2607 1422 833 690 589 6300
is_linear=0
shrinkage=0.02


Tree=71
num_leaves=31
num_cat=0
split_feature=10 14 34 34 14 43 10 41 6 34 15 34 43 15 10 44 10 10 10 14 14 44 44 34 13 43 10 41 10 44
split_gain=34.9496 12.9251 9.85705 4.51025 4.42348 4.01297 3.30689 3.13704 2.77291 2.72227 2.97788 2.70274 2.33915 2.15586 2.10354 1.99798 1.91636 1.85642 1.78968 2.09179 1.75263 1.37428 1.37323 1.36282 1.63197 1.32003 1.25632 1.23265 1.19611 1.08188
threshold=9.9334999999999898 0.93891666666666773 0.033164584741510253 0.0018236664560350496 0.31643333333333368 11.56000000000204 104.706 61.589403971846487 0.65431666666666677 -0.077864218579604044 5.1419569748710749 0.014114095607827878 9.1199999999997114 1.2195562717641586 57.764499999999991 1.4204642124723144 -166.39949999999996 30.089999999999982 -138.12749999999997 1.4832666666666674 1.2694166666666675 0.45653773963412098 1.0616332068506611 0.0075411048825975826 1.7692666666666661 3.5000000000043658 82.286500000000004 17.16738197347583 -3.3145000000000162 0.23589529786104249
decision_type=2 2 2 2 2 2 2 2 2 2 2 2 2 2 2 2 2 2 2 2 2 2 2 2 2 2 2 2 2 2
left_child=2 4 3 12 27 8 11 18 23 -7 14 17 16 22 -11 -13 -1 -6 19 -5 21 -4 -14 24 -3 -20 -10 -2 -18 -9
right_child=1 5 20 7 6 9 -8 29 26 10 -12 15 13 -15 -16 -17 28 -19 25 -21 -22 -23 -24 -25 -26 -27 -28 -29 -30 -31
leaf_value=0.0021642155091588697 -0.00049247982207394883 0.0009073861113055655 0.00046344144464072613 0.0028559501199602274 0.00012716609872616853 -0.00054008550742704682 0.0030495116343770765 -0.00012755273695295733 -9.3079611128565716e-05 0.0016524478369583423 0.00057959399642572957 0.00080126873839592204 0.00032315503052161404 -0.00034142644123370136 0.0028592777209991492 1.5983816519807153e-05 -0.00042405762923255103 0.00051942559649796366 -0.00010560632454286724 -3.3268386420483387e-05 0.00096954773870459702 -1.6879940590200882e-05 -0.00032898987461374906 0.0013848105743579353 -0.00047067975701255388 0.00020990157900670347 0.0017100538416052161 7.9145375902531692e-05 -0.00024338057225514588 -0.00039287383383665247
leaf_weight=120 1656 2482 6300 203 12964 227 190 19475 1608 1865 721 8207 5406 6274 837 1539 45201 7688 8964 198 1736 3832 1697 2118 399 12992 171 16994 21689 8983
leaf_count=120 1656 2482 6300 203 12964 227 190 19475 1608 1865 721 8207 5406 6274 837 1539 45201 7688 8964 198 1736 3832 1697 2118 399 12992 171 16994 21689 8983
internal_value=-4.47751e-15 0.000406627 -0.00016958 -0.000219508 0.00027116 0.00104626 0.000419182 -7.20204e-05 0.000758352 0.00158091 0.00172157 0.000402742 -0.00031274 -7.12738e-05 0.00202629 0.000677264 -0.000360943 0.00027319 0.000105272 0.00142935 0.000382384 0.00028178 0.000167349 0.000999672 0.000716533 8.10888e-05 8.02401e-05 2.83887e-05 -0.000365473 -0.000211304
internal_weight=202736 59666 143070 131202 49238 10428 30588 50815 6778 3650 3423 30398 80387 13377 2702 9746 67010 20652 22357 401 11868 10132 7103 4999 2881 21956 1779 18650 66890 28458
internal_count=202736 59666 143070 131202 49238 10428 30588 50815 6778 3650 3423 30398 80387 13377 2702 9746 67010 20652 22357 401 11868 10132 7103 4999 2881 21956 1779 18650 66890 28458
is_linear=0
shrinkage=0.02


Tree=72
num_leaves=31
num_cat=0
split_feature=10 9 43 45 10 10 14 10 43 43 43 41 44 44 14 10 14 43 10 45 44 45 44 9 42 44 9 10 9 41
split_gain=33.6857 9.97856 8.11149 6.1655 5.28427 4.13728 7.48406 4.06214 3.7308 3.08034 2.6634 2.24097 2.23711 2.1654 2.41124 1.81563 1.80106 1.63469 1.45792 1.42334 1.362 1.36569 1.30284 1.61751 1.26343 1.16991 1.15953 1.15179 1.88466 1.20392
threshold=23.613999999999987 4.5755000000000061 6.5999999999985457 0.049649908563681948 1.2914999999999763 -138.12749999999997 1.3451000000000015 91.561999999999998 14.080000000000293 4.8600000000020378 15.139999999997965 30.656162711530524 -0.12973570003388124 2.7704034032640541 1.6623500000000015 -166.39949999999996 0.32765000000000116 3.8800000000002917 -61.318499999999993 0.020837718496021135 -1.3319930107824234 0.023534321311853682 -0.74994247347277343 37.33100000000001 0.64540662186338182 -1.7124149432366236 18.799500000000009 91.561999999999998 44.40750000000002 11.042068854347919
decision_type=2 2 2 2 2 2 2 2 2 2 2 2 2 2 2 2 2 2 2 2 2 2 2 2 2 2 2 2 2 2
left_child=1 4 16 19 5 6 15 12 17 -6 11 -7 25 14 -14 -1 -2 -5 -19 -3 -11 -22 -9 24 -24 -4 -15 28 29 -18
right_child=2 3 7 8 9 10 -8 22 -10 20 -12 -13 13 26 -16 -17 27 18 -20 -21 21 -23 23 -25 -26 -27 -28 -29 -30 -31
leaf_value=0.0035991272819387945 0.00010691429228474778 -0.00029664960884005185 0.0022980316950850319 0.0001803111380276182 -0.00012197619817208096 -0.00048100260900364077 -0.00013605114429456546 0.0038015611780359928 0.0017483014553229155 0.0008537326581153779 0.00020290775010888728 -0.00025139944793836822 0.0010775689344687774 -0.0013086101725027957 0.0021116783071688651 0.0014324206527193642 -0.00052262256152895391 0.0019480230986042252 0.00053755824823742925 6.9578730803718678e-05 0.0004943883671027344 4.3070337444346743e-05 0.00026271914174001883 0.0028917700031817683 0.0024779564025388524 0.00048691927695883189 0.00056966377803119772 0.0014615747650538297 -0.00080193104773389179 0.00055581816540506489
leaf_weight=292 7136 6588 148 7321 25133 22626 1598 179 865 1348 4265 68426 4377 169 1136 329 430 304 8203 11935 3906 8558 274 369 165 3959 592 484 451 11170
leaf_count=292 7136 6588 148 7321 25133 22626 1598 179 865 1348 4265 68426 4377 169 1136 329 430 304 8203 11935 3906 8558 274 369 165 3959 592 484 451 11170
internal_value=-1.05857e-13 -0.000109612 0.000606338 0.000190545 -0.000187061 -0.000265699 0.000588013 0.00103164 0.000469306 9.88267e-06 -0.000285574 -0.000308455 0.000915065 0.00115261 0.00129066 0.00245123 0.000360553 0.000399409 0.000587962 -6.06762e-05 0.00024982 0.000184506 0.00225774 0.00191573 0.00109533 0.000552185 0.000152544 0.000504946 0.000466525 0.000515841
internal_weight=202736 171697 31039 35216 136481 97536 2219 11368 16693 38945 95317 91052 10381 6274 5513 621 19671 15828 8507 18523 13812 12464 987 808 439 4107 761 12535 12051 11600
internal_count=202736 171697 31039 35216 136481 97536 2219 11368 16693 38945 95317 91052 10381 6274 5513 621 19671 15828 8507 18523 13812 12464 987 808 439 4107 761 12535 12051 11600
is_linear=0
shrinkage=0.02


Tree=73
num_leaves=31
num_cat=0
split_feature=34 9 45 14 34 45 34 14 45 9 14 45 6 45 14 44 9 34 6 9 42 13 45 44 33 14 44 14 9 6
split_gain=22.2527 12.0756 6.75515 7.25696 6.0261 4.33726 5.94778 4.36592 4.00066 3.94288 3.45722 2.19506 2.01689 1.82071 1.81413 1.71481 1.63716 1.59989 1.50571 1.39582 1.39246 1.25975 1.18132 1.14166 1.1232 1.10959 1.02416 1.30253 1.01555 0.997589
threshold=0.031039244126431349 3.182000000000015 0.03506965236207548 1.6623500000000015 0.087569951792432002 0.03753649286102672 -0.00082026025026581682 0.56303333333333427 0.057163625649900476 13.4435 1.2694166666666675 0.068145390656240465 1.0055833333333333 0.060073389483738179 0.57213333333333494 1.9357725258906862 -3.7709999999999826 0.0014187732269264088 0.65431666666666677 -12.404499999999979 0.80105839256387668 0.34500000000000247 0.072102006688792658 2.3422459782686049 -0.0094606113605755823 0.83460000000000156 -0.051588538742967073 0.3072666666666678 -1.301499999999997 0.023566666666665986
decision_type=2 2 2 2 2 2 2 2 2 2 2 2 2 2 2 2 2 2 2 2 2 2 2 2 2 2 2 2 2 2
left_child=1 5 -3 9 8 7 11 26 20 17 21 28 29 -6 16 25 -8 -4 -11 -16 -2 -10 -12 -22 -14 -9 27 -1 -7 -5
right_child=4 2 3 12 13 6 14 15 10 18 22 -13 24 -15 19 -17 -18 -19 -20 -21 23 -23 -24 -25 -26 -27 -28 -29 -30 -31
leaf_value=-0.00017944511877981647 0.00065994209727852731 -9.6964999030684339e-05 -6.9436976197000677e-06 0.0036767283209370996 0.0012562615283042778 -0.00038392202035169773 -0.00040084681173314647 0.00018850320079037176 0.00019812109208211922 0.00087132632589749157 0.0013448285574224718 -0.00061325083479868284 0.0018211768462489814 0.0026517646241981147 -0.00014779590171725473 -0.00024236160024941573 -2.3381935429700814e-06 0.00033255882444395055 -0.00033859754816414477 0.00052491507806148245 0.00023980479752540375 0.00084748449239715573 0.0026377973714818885 -0.00054793105244268614 -0.00058268845141414677 0.00058787202396346904 -0.00027328641522038409 9.4115017562583226e-05 -0.00012482785694097818 0.0020804422730971513
leaf_weight=17686 3131 19869 9047 218 990 24119 5850 6126 1584 5452 698 14791 156 601 1887 2186 13973 14373 445 3564 9059 4866 475 801 155 5099 15419 11482 8078 556
leaf_count=17686 3131 19869 9047 218 990 24119 5850 6126 1584 5452 698 14791 156 601 1887 2186 13973 14373 445 3564 9059 4866 475 801 155 5099 15419 11482 8078 556
internal_value=-1.13994e-13 -7.34861e-05 0.000189817 0.000377241 0.000597456 -0.000175102 -0.000278493 -4.62829e-05 0.000505923 0.000317797 0.000869648 -0.000411568 0.00198345 0.00178341 -3.1088e-05 0.000270116 -0.000119943 0.000201411 0.000780023 0.000292039 0.000292493 0.000688013 0.00186841 0.000175811 0.000623109 0.000369918 -0.00014145 -7.1758e-05 -0.000318917 0.00253004
internal_weight=202736 180531 50271 30402 22205 130260 72262 57998 20614 29317 7623 46988 1085 1591 25274 13411 19823 23420 5897 5451 12991 6450 1173 9860 311 11225 44587 29168 32197 774
internal_count=202736 180531 50271 30402 22205 130260 72262 57998 20614 29317 7623 46988 1085 1591 25274 13411 19823 23420 5897 5451 12991 6450 1173 9860 311 11225 44587 29168 32197 774
is_linear=0
shrinkage=0.02


Tree=74
num_leaves=31
num_cat=0
split_feature=9 45 14 43 42 14 44 43 6 20 43 43 45 43 42 45 6 9 45 14 44 14 29 43 7 44 17 14 13 14
split_gain=21.4055 12.3465 11.7954 7.21448 5.65328 2.89258 2.5365 2.29894 2.23436 2.20241 1.98318 1.794 1.69529 1.66917 1.66084 1.44679 1.24571 1.22408 1.19284 1.68198 1.15498 1.13346 1.08982 1.06068 1.00687 0.98462 0.921633 1.32017 0.915582 0.880016
threshold=4.677000000000004 0.044297525923604426 1.3052833333333342 4.3199999999997098 0.20361904232323866 0.39430000000000137 -1.0000000180025095e-35 14.080000000000293 0.23320000000000052 6.7000000000043665 3.8199999999967988 3.7800000000002916 0.04489985496602001 7.7199999999967988 0.3004951011490728 0.051360135937023245 0.1785666666666669 -4.6679999999999877 0.027136452172084224 1.4308666666666683 -0.19341946934428439 2.3338833333333349 0.13259608292145456 2.3999999999985451 0.69382778842618775 2.0142050505149549 2.8209341305002691 0.6034166666666676 1.0708666666666675 0.31403333333333422
decision_type=2 2 2 2 2 2 2 2 2 2 2 2 2 2 2 2 2 2 2 2 2 2 2 2 2 2 2 2 2 2
left_child=3 10 5 14 12 -3 13 25 28 -10 -2 -7 26 -6 15 29 -13 -14 24 -20 23 -15 -11 -16 -12 -8 27 -5 -4 -1
right_child=1 2 8 4 6 11 7 -9 9 22 18 16 17 21 20 -17 -18 -19 19 -21 -22 -23 -24 -25 -26 -27 -28 -29 -30 -31
leaf_value=-0.00037070312766322602 -0.0002351889534717231 0.00021756838256167349 0.0043004287655040727 -0.00015158156454483541 0.00015611595969446226 0.00034551237888335467 -2.0621605489742263e-05 0.00048161867224128977 0.00077926332605002236 0.0017461938605894509 0.00019957891862455962 0.0010855733386726141 -0.00057143222901787246 0.00052653724880773656 -0.00020773714806615777 -0.00054235025438859334 0.00063476502265796863 -0.00011148765291947723 0.00023470971626150892 0.001223999630455907 -0.00029498674872813462 -0.0005560862040436057 0.0031530545508862951 2.1206915810786984e-05 -0.000261628928585006 -0.00038274418834164509 -0.00050777003686710404 0.00036943611523173258 0.0024468496300265453 -5.8189569626865663e-05
leaf_weight=8995 8399 9526 136 6128 16532 4851 16219 3309 993 1329 4100 4043 7169 9635 18585 11674 6230 3418 5434 787 22080 403 264 14340 3518 3686 1596 2850 493 6014
leaf_count=8995 8399 9526 136 6128 16532 4851 16219 3309 993 1329 4100 4043 7169 9635 18585 11674 6230 3418 5434 787 22080 403 264 14340 3518 3686 1596 2850 493 6014
internal_value=-3.77912e-15 0.00035869 0.000639162 -0.000117743 2.98027e-05 0.000490556 0.0001462 -6.52971e-06 0.00177856 0.00151853 7.24936e-06 0.000662499 -0.000244037 0.000279638 -0.000245885 -0.000375363 0.000812183 -0.00042294 0.000154387 0.000359862 -0.000183074 0.000483073 0.00197935 -0.000108024 -1.34073e-05 -8.76793e-05 -6.49139e-05 1.38117e-05 0.00284762 -0.000245481
internal_weight=202736 50103 27865 152633 70945 24650 49784 23214 3215 2586 22238 15124 21161 26570 81688 26683 10273 10587 13839 6221 55005 10038 1593 32925 7618 19905 10574 8978 629 15009
internal_count=202736 50103 27865 152633 70945 24650 49784 23214 3215 2586 22238 15124 21161 26570 81688 26683 10273 10587 13839 6221 55005 10038 1593 32925 7618 19905 10574 8978 629 15009
is_linear=0
shrinkage=0.02


Tree=75
num_leaves=31
num_cat=0
split_feature=10 43 34 10 9 45 10 45 10 34 34 34 45 10 13 34 7 41 43 43 9 44 43 7 45 34 5 45 13 5
split_gain=31.466 11.3788 8.70847 5.37437 4.35072 3.12035 3.07757 2.90403 2.98299 2.20439 2.18447 2.0865 1.8094 1.65719 2.6623 1.65331 2.05 1.65322 1.64281 1.56829 1.56056 1.34648 1.91334 1.84982 1.32561 1.31068 1.30265 1.2967 1.27892 1.26531
threshold=9.9334999999999898 10.359999999999129 0.033164584741510253 33.544999999999987 0.1980000000000007 0.03753649286102672 66.272499999999994 0.056871819700567962 -61.318499999999993 0.01078891290973852 0.0028642136756418394 0.0054989178589617072 0.053946345033183296 -138.12749999999997 0.66126666666666878 0.10738946363118447 4.2371964832941744 80.158036405342088 15.960000000002038 5.3800000000032027 15.723000000000011 1.5862500858195583 20.519999999999715 1.5781378266207933 0.069757284438060743 0.070202806751051852 0.44600000000000095 0.054809255940333854 0.21739999999999973 -0.021799999999999261
decision_type=2 2 2 2 2 2 2 2 2 2 2 2 2 2 2 2 2 2 2 2 2 2 2 2 2 2 2 2 2 2
left_child=2 3 4 11 5 13 15 19 -9 26 -7 -2 20 14 -1 16 -3 25 -10 -6 -11 22 23 -8 -13 -4 28 -23 -5 -12
right_child=1 6 17 9 7 10 21 8 18 12 29 24 -14 -15 -16 -17 -18 -19 -20 -21 -22 27 -24 -25 -26 -27 -28 -29 -30 -31
leaf_value=0.0035833521984899659 1.3611223729241304e-05 0.00098600302998167041 0.00047036378050097739 1.7837343984615303e-05 -0.00024300577496638953 -0.00047197848958075665 0.002896065455026174 0.0017986964170021175 0.00011546303232270792 0.00080819783038487086 0.00013465521744481784 0.00022992843428117787 0.0013066385223477889 -0.00016859804475325107 0.00025114416634055387 0.0024079766072156394 -0.00015766747107271798 0.00010157078842856998 0.002375254842076594 4.2465233082779539e-05 -0.0003020596845291767 0.00031707431567114551 0.0045744460464904567 0.00079069215191409736 0.00069637539571476982 0.0013534058807645089 -0.0005600115747074597 0.0021953248838600357 0.00058085455725546476 -0.00031175012596168462
leaf_weight=117 20562 5089 5659 2035 24248 37516 407 448 12675 2532 3954 12557 2492 33203 532 284 715 5446 130 11278 633 306 143 283 3024 763 523 283 7798 7101
leaf_count=117 20562 5089 5659 2035 24248 37516 407 448 12675 2532 3954 12557 2492 33203 532 284 715 5446 130 11278 633 306 143 283 3024 763 523 283 7798 7101
internal_value=3.34513e-14 0.00038583 -0.000160907 0.000281025 -0.000207836 -0.000296436 0.00111369 -5.81272e-05 0.000194529 0.000586037 -0.000399169 0.000145891 0.000903535 -0.000149034 0.000851866 0.000918019 0.000845113 0.000357903 0.000138405 -0.000152381 0.000586146 0.00195141 0.00246892 0.00203256 0.000320458 0.000575278 0.000412603 0.00121953 0.000464335 -0.000152086
internal_weight=202736 59666 143070 52156 131202 82423 7510 48779 13253 16013 48571 36143 5657 33852 649 6088 5804 11868 12805 35526 3165 1422 833 690 15581 6422 10356 589 9833 11055
internal_count=202736 59666 143070 52156 131202 82423 7510 48779 13253 16013 48571 36143 5657 33852 649 6088 5804 11868 12805 35526 3165 1422 833 690 15581 6422 10356 589 9833 11055
is_linear=0
shrinkage=0.02


Tree=76
num_leaves=31
num_cat=0
split_feature=10 34 43 10 45 10 43 34 41 43 34 45 45 13 43 44 10 10 41 44 10 15 34 43 10 43 10 44 34 10
split_gain=30.2421 11.697 6.32567 5.08266 4.55529 3.87697 3.58933 2.85944 3.3153 2.75103 2.05158 3.05647 2.92727 1.73749 1.71222 1.95606 1.66024 1.59171 1.48245 1.45275 1.39083 1.25049 1.17098 1.15368 1.13651 1.13175 1.08106 1.06264 1.05369 1.01607
threshold=27.254499999999982 0.013250724932985221 5.2200000000026199 -3.0935000000000161 0.065689454978437062 104.706 10.91999999999971 0.041686708810711452 62.377789902426095 6.0399999999979643 -0.007610372737590171 0.062707779652269049 0.066912972085317671 1.383800000000001 3.4000000000014556 0.04064043764502507 -49.330000000000005 91.561999999999998 17.7596635133572 3.0021259773618425 -138.12749999999997 1.9281880854453815 0.10738946363118447 2.5800000000002914 -89.687499999999986 18.719999999999711 9.9334999999999898 2.6784778626728234 -0.014313103703530667 3.9899999999999807
decision_type=2 2 2 2 2 2 2 2 2 2 2 2 2 2 2 2 2 2 2 2 2 2 2 2 2 2 2 2 2 2
left_child=1 3 23 14 7 10 18 8 -3 -6 12 19 17 -13 24 20 -11 -4 -5 -12 -16 27 -9 -2 -1 -18 -20 -8 -17 -10
right_child=2 4 5 6 9 -7 21 22 29 16 11 13 -14 -15 15 28 25 -19 26 -21 -22 -23 -24 -25 -26 -27 -28 -29 -30 -31
leaf_value=0.00081837722057345383 0.00011196358944628745 0.00034026054213623439 0.00062121298337715098 -0.00036686709537536125 0.00033538691065758755 0.0025147562049922106 0.0010251972159823612 0.00036963004390949233 -0.00023897983718447702 0.0024163042133198208 0.00089934879787866896 0.0012572159906625174 -0.00082207256890718392 0.0024237525691800945 0.00071135744404209728 -0.0004936084358615865 0.00080646329464452915 0.002442350238765214 -0.0001268310954053921 -0.00045446382941528488 -0.0001223852789139701 -5.8329950813050591e-05 0.0015484360750586369 0.00048870230960072715 -0.00042260680560748167 0.0027111011622686877 6.861894978164866e-05 -0.00061496324162320425 -0.00019901809069199493 5.9125225080892713e-05
leaf_weight=298 5746 7710 3534 6505 6838 601 1942 7049 14405 321 5623 1346 567 823 830 11000 2633 203 26868 336 22392 751 354 7489 31311 131 19561 172 8696 6701
leaf_count=298 5746 7710 3534 6505 6838 601 1942 7049 14405 321 5623 1346 567 823 830 11000 2633 203 26868 336 22392 751 354 7489 31311 131 19561 172 8696 6701
internal_value=-6.50051e-14 -9.42434e-05 0.000633126 -0.000191131 0.00017941 0.000945885 -4.67851e-05 7.53961e-05 -1.46758e-05 0.000559063 0.000870041 0.001057 0.000516972 0.00169984 -0.000299204 -0.000216934 0.00105485 0.00072014 -8.41031e-05 0.000823014 -9.25857e-05 0.000642706 0.000425999 0.00032514 -0.000410907 0.000896734 -4.4486e-05 0.00089175 -0.000363544 -0.000144334
internal_weight=202736 176468 26268 130326 46142 13033 55799 36219 28816 9923 12432 8128 4304 2169 74527 42918 3085 3737 52934 5959 23222 2865 7403 13235 31609 2764 46429 2114 19696 21106
internal_count=202736 176468 26268 130326 46142 13033 55799 36219 28816 9923 12432 8128 4304 2169 74527 42918 3085 3737 52934 5959 23222 2865 7403 13235 31609 2764 46429 2114 19696 21106
is_linear=0
shrinkage=0.02


Tree=77
num_leaves=31
num_cat=0
split_feature=10 43 34 10 9 34 10 45 45 10 34 6 45 34 7 10 13 9 34 10 13 10 44 34 24 9 34 43 13 13
split_gain=29.1172 10.5987 8.05764 5.04654 4.11456 2.88405 2.86854 2.76609 2.5984 2.47415 2.19666 1.86126 1.67037 1.55287 1.96054 1.55049 2.55516 1.50203 1.48525 1.43796 1.41124 1.32012 1.30364 1.27233 1.25761 1.22981 1.22604 1.08485 1.05481 1.0545
threshold=9.9334999999999898 10.359999999999129 0.033164584741510253 44.904999999999994 0.71650000000000369 0.0054989178589617072 66.272499999999994 0.03753649286102672 0.047603752351421579 -61.318499999999993 0.0028642136756418394 -0.10009999999999983 0.036933726921806027 0.10738946363118447 4.2371964832941744 -138.12749999999997 0.68419999999999936 -9.4544999999999906 0.070202806751051852 104.706 0.4246000000000002 -138.12749999999997 -0.71923300654555933 -0.035373432971301279 2.2500000000000004 -11.218499999999988 -0.061622513359237352 7.9199999999997095 1.7692666666666661 0.21953333333333327
decision_type=2 2 2 2 2 2 2 2 2 2 2 2 2 2 2 2 2 2 2 2 2 2 2 2 2 2 2 2 2 2
left_child=2 3 4 5 7 28 13 15 27 -10 -9 -11 17 14 26 16 -1 -7 -4 29 -21 -12 -8 -24 -25 -17 -3 -6 -2 -5
right_child=1 6 18 19 8 12 22 10 9 11 21 -13 -14 -15 -16 25 -18 -19 -20 20 -22 -23 23 24 -26 -27 -28 -29 -30 -31
leaf_value=0.0034014613307531806 5.0942734752003944e-05 -9.4093338199845945e-05 0.00025508238420383987 0.00010436237797299283 -0.00022539960136947298 0.0013309036380315684 0.003463039853709883 -0.00044886257459218407 0.0013810651903636798 0.0010414666552703482 0.0014488821009306829 5.2440466477889898e-05 0.00051457260004447768 0.0023287022178176903 -0.00016660711836636433 0.00011843408594615546 0.00021510701062115321 5.2125971647945947e-05 0.00090559118992670747 0.00029736325960671723 0.0027631544692837862 -0.00016618007879903713 0.00024365348016139242 0.0015682910114653654 0.0032523109760797145 -0.00021340808300293409 0.0010439688673952441 0.00011991343704561957 -0.001099628756520549 0.00072982180488132984
leaf_weight=124 24047 412 10241 1257 22245 389 182 38646 623 798 206 16467 11539 284 715 5241 535 6619 1627 146 255 11710 213 799 228 30256 4677 4351 323 7581
leaf_count=124 24047 412 10241 1257 22245 389 182 38646 623 798 206 16467 11539 284 715 5241 535 6619 1627 146 255 11710 213 799 228 30256 4677 4351 323 7581
internal_value=1.09195e-13 0.000371151 -0.000154785 0.000270002 -0.000199927 0.000178723 0.00107362 -0.000280144 -4.35491e-05 0.000142835 -0.000375662 9.81539e-05 0.000366657 0.000884708 0.000814051 -0.000146568 0.000814664 0.000123108 0.000344262 0.000694013 0.00186539 -0.000138259 0.00188239 0.00165039 0.00194215 -0.000164413 0.000951833 -0.000168908 3.56931e-05 0.000640865
internal_weight=202736 59666 143070 52156 131202 42917 7510 86718 44484 17888 50562 17265 18547 6088 5804 36156 659 7008 11868 9239 401 11916 1422 1240 1027 35497 5089 26596 24370 8838
internal_count=202736 59666 143070 52156 131202 42917 7510 86718 44484 17888 50562 17265 18547 6088 5804 36156 659 7008 11868 9239 401 11916 1422 1240 1027 35497 5089 26596 24370 8838
is_linear=0
shrinkage=0.02


Tree=78
num_leaves=31
num_cat=0
split_feature=34 9 45 14 14 45 45 34 43 9 45 6 44 5 13 14 6 15 14 34 5 43 43 34 5 33 44 14 44 15
split_gain=18.8053 10.1278 6.00994 6.47775 5.22859 5.05995 3.85196 5.18288 4.01082 3.48005 2.03918 1.97178 1.8699 1.80409 1.78747 1.78159 1.601 1.57248 1.48927 1.48835 1.39227 1.50435 1.29753 1.19282 1.31375 1.14289 1.03083 1.02356 0.946289 0.938743
threshold=0.031039244126431349 3.182000000000015 0.03506965236207548 1.7400000000000009 0.93891666666666773 0.063007197458063394 0.03753649286102672 -0.00082026025026581682 8.3199999999997107 12.143500000000008 0.068145390656240465 1.0055833333333333 0.91101408405832007 -0.030299999999998373 0.37559999999999849 2.3338833333333349 0.33078333333333337 1.5103871183288102 0.62598333333333456 0.0014187732269264088 0.37435000000000157 2.8600000000020378 2.9800000000002913 0.10738946363118447 1.3030000000000026 -0.0094606113605755823 0.05515239103488221 0.4660500000000013 -0.81930252960381511 0.41914448580810382
decision_type=2 2 2 2 2 2 2 2 2 2 2 2 2 2 2 2 2 2 2 2 2 2 2 2 2 2 2 2 2 2
left_child=1 6 20 9 12 23 8 10 22 19 28 -5 14 18 -2 -7 -11 27 -9 -4 21 -3 -1 24 -6 -13 -15 -10 -8 -24
right_child=4 2 3 11 5 15 7 13 17 16 -12 25 -14 26 -16 -17 -18 -19 -20 -21 -22 -23 29 -25 -26 -27 -28 -29 -30 -31
leaf_value=-0.00022289294541077233 0.00017205217286470265 -0.00029741544585716015 -3.086857559221475e-05 0.0025395278489404468 0.00068313065154805065 0.0015105294339456555 -0.00011715349756489367 6.6345518174731086e-05 0.00016057698240091848 0.00088703316938291716 -0.00057666361639191986 0.0018128515441142219 -2.6638332912417348e-05 -3.0881797540324687e-05 0.00067691764181608853 0.0029050562610465369 0.00024482788373418509 -6.8131947294942807e-05 0.00070095578510428319 0.00030436592889126677 -0.00054552521340110413 9.6763403901720848e-05 9.6465167517807099e-05 0.0016243151761988917 -0.00029291628305782756 -0.00065625607356982864 -0.00035698943043353261 0.00069890942566971763 -0.00035983868000060413 -0.00014048892662859094
leaf_weight=22275 4638 5805 8673 684 3235 1743 8871 6146 2119 4850 14791 152 3930 11269 7098 464 2284 2553 1948 13611 2429 11635 14046 432 665 148 5911 4239 23326 12766
leaf_count=22275 4638 5805 8673 684 3235 1743 8871 6146 2119 4850 14791 152 3930 11269 7098 464 2284 2553 1948 13611 2429 11635 14046 432 665 148 5911 4239 23326 12766
internal_value=6.90301e-15 -6.75546e-05 0.00017358 0.000350364 0.000549232 0.00102426 -0.000160615 -0.000258051 -3.92164e-05 0.000296971 -0.000382274 0.00194661 0.000350954 -2.7101e-05 0.000477398 0.00180371 0.000681427 0.000351139 0.000219079 0.000173892 -9.69216e-05 -3.44412e-05 -0.000110079 0.000627157 0.000516702 0.000594758 -0.000143083 0.000519494 -0.000292973 -1.63558e-05
internal_weight=202736 180531 50271 30402 22205 6539 130260 72262 57998 29418 46988 984 15666 25274 11736 2207 7134 8911 8094 22284 19869 17440 49087 4332 3900 300 17180 6358 32197 26812
internal_count=202736 180531 50271 30402 22205 6539 130260 72262 57998 29418 46988 984 15666 25274 11736 2207 7134 8911 8094 22284 19869 17440 49087 4332 3900 300 17180 6358 32197 26812
is_linear=0
shrinkage=0.02


Tree=79
num_leaves=31
num_cat=0
split_feature=10 34 43 10 10 14 9 14 14 45 10 10 14 6 45 43 45 10 45 7 41 15 45 10 9 14 9 41 10 34
split_gain=27.6159 10.4403 5.79102 5.6311 3.52678 3.23768 2.80722 2.64163 2.22459 2.64169 1.9448 1.82852 6.78514 1.80192 1.78118 1.67171 1.66866 2.3901 1.61901 1.59278 1.88183 1.55421 1.46505 1.444 1.38792 1.26823 1.29007 1.2662 1.21504 1.13739
threshold=27.254499999999982 0.024747653753899503 5.2200000000026199 -0.879000000000007 104.706 0.48726666666666746 1.0399999999999956 1.2370500000000006 1.0885166666666681 0.030640594800594601 53.005499999999991 -138.12749999999997 0.87030000000000085 -0.050866666666666713 0.067217266334067591 12.51999999999971 0.058934799104051812 -61.318499999999993 0.038790286128119182 0.63845653727725982 39.865243182180031 1.8587418455660418 0.046723101570922417 -101.7825 -2.6369999999999996 0.29813333333333447 44.40750000000002 19.337016573059085 4.442999999999981 -0.031648573650806804
decision_type=2 2 2 2 2 2 2 2 2 2 2 2 2 2 2 2 2 2 2 2 2 2 2 2 2 2 2 2 2 2
left_child=1 3 25 6 8 27 11 18 19 13 -11 12 -1 -10 -9 29 -8 -18 -3 24 -21 -17 -13 -20 -4 -2 -27 -5 -25 -7
right_child=2 7 4 5 -6 15 16 14 9 10 -12 22 -14 -15 -16 21 17 -19 23 20 -22 -23 -24 28 -26 26 -28 -29 -30 -31
leaf_value=0.0036739791350377977 2.8259655971510175e-05 1.65632907401506e-05 0.00036254323089421331 -0.00038374069445861267 0.0024006016164277752 -0.00024600902637825103 -0.00015679438167784713 0.00063655177277923249 0.0015696717091087992 0.0010796502671950713 0.0021241345155938269 -0.00024212041572942589 -0.00015138050545621923 -0.00018818768411708691 0.001965572082187055 0.001381566874446282 0.0019694425809689089 0.0001382802230726595 0.0021838505525510151 -0.00032391395871127638 0.00062645130069503537 3.7792882866309567e-05 -0.00042969120550221535 0.00017818170485912476 0.0011725306229494294 0.00049812381535850364 -0.00066679026739058743 -5.029317300526099e-05 0.00058178886249767156 0.00025084360662839302
leaf_weight=213 4303 9342 1200 5177 601 2163 18329 2349 343 1631 1267 35023 1435 729 487 929 301 5403 172 1118 3274 547 31762 7501 2870 8534 398 37926 4954 12455
leaf_count=213 4303 9342 1200 5177 601 2163 18329 2349 343 1631 1267 35023 1435 729 487 929 301 5403 172 1118 3274 547 31762 7501 2870 8534 398 37926 4954 12455
internal_value=9.46762e-14 -9.00585e-05 0.000605012 -0.000152272 0.000904261 3.78985e-08 -0.000249781 0.000290327 0.000831924 0.00122252 0.0015363 -0.000315086 0.000343038 0.000374262 0.000864772 0.000242096 -6.3827e-05 0.000234911 0.000216172 0.000648674 0.000384532 0.000883569 -0.000331326 0.000363851 0.000933714 0.000310329 0.000446217 -9.03428e-05 0.000338717 0.000177325
internal_weight=202736 176468 26268 151663 13033 59197 92466 24805 12432 3970 2898 68433 1648 1072 2836 16094 24033 5704 21969 8462 4392 1476 66785 12627 4070 13235 8932 43103 12455 14618
internal_count=202736 176468 26268 151663 13033 59197 92466 24805 12432 3970 2898 68433 1648 1072 2836 16094 24033 5704 21969 8462 4392 1476 66785 12627 4070 13235 8932 43103 12455 14618
is_linear=0
shrinkage=0.02


Tree=80
num_leaves=31
num_cat=0
split_feature=10 14 34 45 14 14 20 43 10 10 43 15 10 34 34 44 45 45 9 45 44 43 7 42 9 44 34 45 10 34
split_gain=26.6257 9.89303 7.2455 3.70949 3.55013 3.42763 3.26243 2.77688 2.76041 2.59511 2.32934 2.39142 2.1794 2.15176 1.96918 1.95714 1.91355 1.66622 1.64929 2.3969 1.39903 1.37803 1.37469 1.36125 1.33584 1.31182 1.2501 1.23496 1.14414 1.04505
threshold=9.9334999999999898 0.93891666666666773 0.0077797917161733102 0.066912972085317671 0.31168333333333414 1.1814666666666676 5.4000000000014561 9.5200000000026215 104.706 53.005499999999991 7.6400000000008736 1.2195562717641586 -166.39949999999996 0.00079869312406794044 -0.043515348206062281 1.4204642124723144 0.066912972085317671 0.019830577800673516 -0.95699999999998886 0.044297525923604426 0.95982646591898535 12.9699999999968 4.7597057539686558 0.64957251561123719 12.978000000000005 -0.43286940254092526 0.035570796605549411 0.008862468006750614 -61.318499999999993 0.10738946363118447
decision_type=2 2 2 2 2 2 2 2 2 2 2 2 2 2 2 2 2 2 2 2 2 2 2 2 2 2 2 2 2 2
left_child=2 4 10 7 -2 28 22 23 13 14 12 20 -1 16 -8 -15 -6 24 19 -14 -12 -19 27 -4 -11 -16 -25 -3 -5 -9
right_child=1 6 3 5 8 -7 9 29 -10 17 11 -13 18 15 25 -17 -18 21 -20 -21 -22 -23 -24 26 -26 -27 -28 -29 -30 -31
leaf_value=0.0026516931642341663 1.4990638266113297e-05 -0.00043236856855977828 0.0002036551098308485 0.0015785294760534802 0.00026160682858613292 0.0021623596162298696 -0.00024460871256555295 0.00028874742177479744 0.0027573166430678005 0.0021696743909904565 0.00024730378566844945 -0.00032394940586619815 -0.00021514512340185858 0.00059510884264065192 0.00021724337892141841 -4.2438223580550256e-05 -0.00042911949551876615 0.0014969095679069283 -0.00019147973474036847 -0.00051127389482639681 -0.00025848054486331381 0.0026826067532332372 -0.00066457950766757399 -0.00021994715509921587 -0.00050806861901271736 0.0012993070042395358 0.00013215275820216429 0.00073318466261849567 0.00029598412565728569 0.0014869205439005232
leaf_weight=100 18238 399 4912 289 12571 438 490 6425 192 121 8990 7948 19501 14169 539 2229 1839 753 31238 24885 2891 818 354 22785 194 2659 4901 4101 7462 305
leaf_count=100 18238 399 4912 289 12571 438 490 6425 192 121 8990 7948 19501 14169 539 2229 1839 753 31238 24885 2891 818 354 22785 194 2659 4901 4101 7462 305
internal_value=-3.83583e-14 0.000354916 -0.000148014 5.38164e-05 0.000236399 0.000441072 0.00091452 -2.68193e-05 0.000366659 0.00124464 -0.000248382 -5.54116e-05 -0.000298913 0.00035176 0.000936034 0.000508446 0.000173457 0.0018481 -0.000302814 -0.00038117 0.000124231 0.00211429 0.000535438 -0.00010318 0.000520525 0.00111693 -0.000157618 0.000629839 0.000343804 0.000343048
internal_weight=202736 59666 143070 47517 49238 8189 10428 39328 31000 5574 95553 19829 75724 30808 3688 16398 14410 1886 75624 44386 11881 1571 4854 32598 315 3198 27686 4500 7751 6730
internal_count=202736 59666 143070 47517 49238 8189 10428 39328 31000 5574 95553 19829 75724 30808 3688 16398 14410 1886 75624 44386 11881 1571 4854 32598 315 3198 27686 4500 7751 6730
is_linear=0
shrinkage=0.02


Tree=81
num_leaves=31
num_cat=0
split_feature=10 34 10 43 10 43 45 9 41 34 43 15 44 10 43 45 34 10 41 15 45 42 4 4 43 34 43 9 34 9
split_gain=25.712 9.93459 5.29247 5.28799 3.16759 2.83294 2.82236 2.54803 2.1965 2.05558 1.76523 1.81239 1.75873 2.88197 1.71664 1.57696 1.57357 1.5634 1.55468 1.49567 1.33688 1.32716 1.61029 1.19843 1.08914 0.955588 0.925198 0.815539 0.799693 0.790162
threshold=28.566499999999987 0.022854074869047725 -0.879000000000007 5.2200000000026199 104.706 10.91999999999971 0.069433112499057745 1.0399999999999956 64.076066862680008 0.048816194574023503 15.139999999997965 7.2229586547185534 -0.42239466136064696 -166.39949999999996 6.6599999999962174 0.02777777777774321 -0.065533267403222698 -80.640000000000001 17.7596635133572 1.8587418455660418 0.044297525923604426 0.15462256821773451 0.45870000000000299 0.47580000000000128 2.3999999999985451 0.10738946363118447 17.440000000000875 -1.23 -0.018015758175802577 32.575499999999998
decision_type=2 2 2 2 2 2 2 2 2 2 2 2 2 2 2 2 2 2 2 2 2 2 2 2 2 2 2 2 2 2
left_child=1 2 7 24 10 18 8 12 -3 -10 21 16 13 -1 -8 -9 -12 -17 -4 -7 -14 -5 -23 -20 -2 -11 -16 -26 -6 -29
right_child=3 6 5 4 28 19 14 15 9 25 11 -13 20 -15 26 17 -18 -19 23 -21 -22 22 -24 -25 27 -27 -28 29 -30 -31
leaf_value=0.0015600464351839777 7.5147177445549239e-05 0.00059869220650554233 -0.00034132308264312594 0.00022447915650028919 0.0011223522082635588 0.00087526401291221682 0.00044381823216468934 -0.00028778128688469707 -4.4895070243791547e-05 0.00035155933204915449 -0.0001186854819233498 -0.00031872161949504863 -0.0002705765820111576 -0.00020960789511245497 0.0010851544541544661 0.0013151096743168672 0.0018809598681453991 2.4133034854924757e-05 2.6292930087196193e-05 -0.00013932346025995806 -0.00050447827978253356 0.00098696313957747956 0.0003356791725178511 -0.00040403156692868136 0.00013259403717134465 0.0014175848536319728 0.0027371551324302953 0.0006765151574607038 0.0027601720010078552 -0.00011230060272794964
leaf_weight=373 4775 3941 5854 1765 164 2161 3425 8169 13919 4582 178 213 18670 28053 1413 385 1361 14781 47775 795 20514 6249 2006 2737 2155 363 150 4805 437 568
leaf_count=373 4775 3941 5854 1765 164 2161 3425 8169 13919 4582 178 213 18670 28053 1413 385 1361 14781 47775 795 20514 6249 2006 2737 2155 363 150 4805 437 568
internal_value=2.25008e-14 -8.38469e-05 -0.000148095 0.000605032 0.000896981 -1.13131e-06 0.000263518 -0.000243956 0.00016926 7.95448e-05 0.000824676 0.00141037 -0.000306149 -0.000186387 0.000694461 -6.37608e-05 0.00164968 5.69054e-05 -3.27821e-05 0.000602396 -0.000393031 0.000722267 0.000828698 2.97574e-06 0.000311423 0.000429814 0.0012437 0.000461292 0.00231325 0.000593126
internal_weight=202736 178060 150267 24676 12373 59322 27793 90945 22805 18864 11772 1752 67610 28426 4988 23335 1539 15166 56366 2956 39184 10020 8255 50512 12303 4945 1563 7528 601 5373
internal_count=202736 178060 150267 24676 12373 59322 27793 90945 22805 18864 11772 1752 67610 28426 4988 23335 1539 15166 56366 2956 39184 10020 8255 50512 12303 4945 1563 7528 601 5373
is_linear=0
shrinkage=0.02


Tree=82
num_leaves=31
num_cat=0
split_feature=10 34 43 14 10 43 14 14 10 15 43 34 10 42 34 44 9 43 9 44 44 14 44 34 43 4 9 10 44 10
split_gain=24.7564 7.51547 7.47441 4.277 4.04626 2.61708 2.5074 2.2872 2.14782 2.00203 1.99518 1.87717 1.86971 1.76054 1.94075 1.75514 1.6804 1.60018 1.42081 1.36712 1.35533 1.3354 1.3156 1.26855 1.19134 1.25576 1.10118 1.07585 0.998154 0.916709
threshold=14.77249999999998 0.0057326888546153695 6.6599999999962174 0.5929000000000012 61.751999999999988 2.3600000000020378 0.17456666666666806 0.4985666666666681 -3.3145000000000162 1.7971979995567586 12.319999999999711 -0.022374440849724644 44.904999999999994 0.61096241833954268 0.10738946363118447 0.55805232058688214 3.3540000000000152 13.209999999999129 10.439000000000014 -0.58631613174443209 0.068469498540670623 1.6623500000000015 1.0363801510215607 -0.00062480896580758552 20.519999999999715 0.39020000000000199 -0.4759999999999982 4.2089999999999899 -1.1318178086432973 55.133999999999993
decision_type=2 2 2 2 2 2 2 2 2 2 2 2 2 2 2 2 2 2 2 2 2 2 2 2 2 2 2 2 2 2
left_child=1 5 6 16 11 -1 -2 26 18 17 28 -4 23 -5 15 -15 20 -9 19 -7 27 -11 -12 -8 25 -13 -6 -3 -10 -14
right_child=2 3 4 13 7 8 12 9 10 21 22 24 29 14 -16 -17 -18 -19 -20 -21 -22 -23 -24 -25 -26 -27 -28 -29 -30 -31
leaf_value=-0.00038915573243743007 -0.00028449253937502323 -0.00010568140878303911 0.00013711964952987246 0.00083692594962055762 -0.0013525111748341231 -0.00010485639049128232 2.9410991635841503e-05 0.0016917961281193647 0.00025804943389789748 8.4929980905829272e-05 0.0012231255768992107 0.00085307658954294954 0.00085098730431643174 0.00042299456504302598 0.001657822217021212 -5.324959489046079e-05 0.00013579247154833364 0.0031236307531710555 0.00038758245242373875 -0.00034010301792714839 -0.00032070472557564676 0.0015781846971807489 -5.0645235952692809e-05 0.00033174886724524137 0.0017477677463790093 0.00036261323517296809 0.00094429087591645674 0.00028533963364351696 -0.00011112257149784144 0.00036813843057447815
leaf_weight=28871 3438 14719 2684 2446 155 14856 9733 1154 3492 425 846 6137 2917 6883 381 5625 13775 428 1392 29510 10004 549 526 12920 443 3165 181 3480 18188 3413
leaf_count=28871 3438 14719 2684 2446 155 14856 9733 1154 3492 425 846 6137 2917 6883 381 5625 13775 428 1392 29510 10004 549 526 12920 443 3165 181 3480 18188 3413
internal_value=-2.04615e-13 -0.00012266 0.000398213 5.91552e-05 0.000762244 -0.000229337 0.000226185 0.00143605 -0.000162281 0.00163997 -4.85267e-06 0.000605462 0.000286763 0.000345008 0.000251654 0.000208822 -4.52697e-05 0.00207917 -0.00024159 -0.00026133 -0.000133705 0.000926611 0.000734785 0.000201848 0.000734455 0.000686197 -0.000115246 -3.09106e-05 -5.166e-05 0.000590646
internal_weight=202736 154994 47742 57313 15321 97681 32421 2892 68810 2556 23052 12429 28983 15335 12889 12508 41978 1582 45758 44366 28203 974 1372 22653 9745 9302 336 18199 21680 6330
internal_count=202736 154994 47742 57313 15321 97681 32421 2892 68810 2556 23052 12429 28983 15335 12889 12508 41978 1582 45758 44366 28203 974 1372 22653 9745 9302 336 18199 21680 6330
is_linear=0
shrinkage=0.02


Tree=83
num_leaves=31
num_cat=0
split_feature=10 14 34 43 14 9 20 45 10 10 44 6 10 34 14 44 34 45 45 41 44 9 6 45 14 34 5 34 45 41
split_gain=23.845 9.005 6.50915 3.50647 3.2536 3.2228 3.00167 2.60577 2.58183 2.54489 2.53014 2.51979 2.33463 1.98834 1.92351 1.88018 1.84985 1.83777 1.59538 1.42146 1.26096 1.22942 1.15592 1.10031 1.47971 1.09549 1.07245 1.05337 1.12528 0.967927
threshold=9.9334999999999898 0.93891666666666773 0.035570796605549411 3.2400000000008737 0.31168333333333414 -0.68399999999999161 5.2999999999956353 0.056871819700567962 -61.318499999999993 104.706 0.04064043764502507 0.65431666666666677 53.005499999999991 0.00079869312406794044 0.66220000000000134 1.4204642124723144 -0.043515348206062281 0.066912972085317671 0.039427130650176175 80.158036405342088 -0.44269747575629442 4.3740000000000121 -0.1733666666666667 0.064484136490998892 1.8278500000000011 0.0024496133648997608 0.086650000000001712 -0.02285948758854071 0.065079365079300386 17.16738197347583
decision_type=2 2 2 2 2 2 2 2 2 2 2 2 2 2 2 2 2 2 2 2 2 2 2 2 2 2 2 2 2 2
left_child=2 4 3 25 29 10 11 26 -9 13 14 27 16 17 -5 -15 -8 -6 21 23 -18 -14 -20 -4 -25 -1 -7 28 -3 -2
right_child=1 6 19 5 9 7 12 8 -10 -11 -12 -13 18 15 -16 -17 20 -19 22 -21 -22 -23 -24 24 -26 -27 -28 -29 -30 -31
leaf_value=-0.0003732914023566295 -0.0004539278501210099 0.00052392317504232355 0.00042349755468516488 -0.00016541754630450639 0.00024818274793671034 6.38272355441897e-05 -0.00025179647735643437 0.0020427029887981219 0.00030539360416091313 0.002642935229675156 -0.00034792592660669454 -0.0002172868372866168 0.0023077944445835624 0.00056875500748081414 0.00023473721408193331 -5.6130738838286124e-05 0.00018246991350142724 -0.00042872829795841637 0.003926350847502951 9.6032111328187329e-05 0.0012420577218674443 0.00044261198358220948 0.001969753095027909 0.00089219586937840187 0.0033796001295998412 -0.00019207144222187572 -0.00021733406284248102 0.00098414080206625965 -0.0013915586386186382 5.6515186253827882e-05
leaf_weight=32744 1632 619 4358 16983 12571 14980 491 359 7296 192 22630 1385 199 14169 6701 2229 539 1839 136 4903 2698 488 1079 981 106 22520 8509 2641 153 16606
leaf_count=32744 1632 619 4358 16983 12571 14980 491 359 7296 192 22630 1385 199 14169 6701 2229 539 1839 136 4903 2698 488 1079 981 106 22520 8509 2641 153 16606
internal_value=1.46061e-13 0.000335872 -0.000140072 -0.00017774 0.000222799 -9.09081e-05 0.00086977 6.64115e-05 0.000386869 0.0003475 -0.000196698 0.000502204 0.00118302 0.000333194 -5.22003e-05 0.000483814 0.000892111 0.000161796 0.0017532 0.000343055 0.00106562 0.00098289 0.00218876 0.000565488 0.00113476 -0.000299445 -3.80248e-05 0.000794174 0.0001443 1.0839e-05
internal_weight=202736 59666 143070 132722 49238 77458 10428 31144 7655 31000 46314 4798 5630 30808 23684 16398 3728 14410 1902 10348 3237 687 1215 5445 1087 55264 23489 3413 772 18238
internal_count=202736 59666 143070 132722 49238 77458 10428 31144 7655 31000 46314 4798 5630 30808 23684 16398 3728 14410 1902 10348 3237 687 1215 5445 1087 55264 23489 3413 772 18238
is_linear=0
shrinkage=0.02


Tree=84
num_leaves=31
num_cat=0
split_feature=10 9 45 14 10 43 10 14 14 9 45 9 14 43 45 14 44 44 44 44 41 43 44 10 14 6 44 44 10 14
split_gain=23.1214 7.92462 5.62023 4.42282 4.32738 4.20479 3.40431 6.61288 2.98431 2.3802 2.30153 4.38813 2.03263 2.03164 1.93917 1.7013 2.41892 2.55228 1.69938 1.67198 1.61027 1.57673 1.56589 1.5027 1.47763 1.63281 1.47145 1.45885 1.23781 1.1883
threshold=32.655499999999996 2.8450000000000069 0.055998959094736192 0.77161666666666784 -2.8685000000000165 11.740000000000874 -138.12749999999997 1.3451000000000015 0.58783333333333376 -1.301499999999997 0.039427130650176175 12.560500000000006 0.3253666666666678 15.139999999997965 0.019484403948367948 2.1761666666666684 1.3883616916767094 0.71819312878340469 2.2891819201307584 1.0000000180025095e-35 19.337016573059085 2.4599999999991273 2.4611991762751737 -166.39949999999996 1.2370500000000006 0.37843333333333307 0.63687987257555367 1.7564410496976346 11.12399999999999 1.8278500000000011
decision_type=2 2 2 2 2 2 2 2 2 2 2 2 2 2 2 2 2 2 2 2 2 2 2 2 2 2 2 2 2 2
left_child=1 4 14 9 6 12 7 23 20 -2 11 -5 -4 19 -3 22 17 -17 -10 -8 -6 -11 26 -1 -16 -26 -12 -23 -22 -7
right_child=3 2 5 10 8 29 13 -9 18 21 15 -13 -14 -15 24 16 -18 -19 -20 -21 28 27 -24 -25 25 -27 -28 -29 -30 -31
leaf_value=0.0033509295890499801 1.8724177701630424e-05 -0.00025305454642787697 3.5427655453230752e-05 0.0013658079956513438 -0.00040576033637791935 0.0011266349385865983 -0.00021263422615381246 -0.0001474600853631457 0.00043138154321204278 0.00014582982969244188 0.00089522217881180151 -0.00012436959279675714 0.00047809731335958131 0.00018102814142872825 3.6844998858568599e-05 0.0022298943811261216 0.0013489110846346139 0.0060621386006622039 -0.00058195610039492275 -0.00040584943866598571 -0.00011735869569179715 0.0008558576659919477 5.2912130042325567e-06 0.0013466549452173814 0.0014312394086316111 5.4306645730650765e-05 0.0017606646664991594 -0.00027142324945190924 0.00013201342872292923 0.0024994382564528959
leaf_weight=291 4302 10231 6502 1504 5257 1177 42575 1580 7401 2260 2018 1666 11466 3788 23048 223 732 101 727 30929 22832 5628 476 308 658 723 1287 500 12225 321
leaf_count=291 4302 10231 6502 1504 5257 1177 42575 1580 7401 2260 2018 1666 11466 3788 23048 223 732 101 727 30929 22832 5628 476 308 658 723 1287 500 12225 321
internal_value=-2.59559e-14 -7.20184e-05 0.000130839 0.000633433 -0.000157857 0.000402783 -0.000248679 0.000530933 -8.85965e-06 0.000401196 0.0010015 0.000582642 0.00031791 -0.000270658 -2.1892e-05 0.001276 0.00198574 0.00342451 0.000340745 -0.000293935 -7.93459e-05 0.000597357 0.00107777 0.00232035 7.49201e-05 0.000710369 0.00123223 0.00076388 -3.03982e-05 0.00142081
internal_weight=202736 182039 54126 20697 127913 19466 79471 2179 48442 12690 8007 3170 17968 77292 34660 4837 1056 324 8128 73504 40314 8388 3781 599 24429 1381 3305 6128 35057 1498
internal_count=202736 182039 54126 20697 127913 19466 79471 2179 48442 12690 8007 3170 17968 77292 34660 4837 1056 324 8128 73504 40314 8388 3781 599 24429 1381 3305 6128 35057 1498
is_linear=0
shrinkage=0.02


Tree=85
num_leaves=31
num_cat=0
split_feature=10 34 10 43 43 44 43 14 41 10 34 5 44 41 34 4 10 34 34 45 45 34 34 45 45 10 6 14 10 34
split_gain=22.2058 9.20986 6.23552 4.3207 2.95373 2.83436 2.34899 2.12332 1.95617 1.8967 1.80833 1.68737 1.68165 1.59727 1.46919 1.46185 1.45008 1.43119 1.42116 2.27346 1.99596 1.41225 1.40936 1.22886 1.1257 1.15332 0.889585 1.14724 0.885075 0.864122
threshold=32.655499999999996 0.035570796605549411 6.5894999999999975 12.740000000000874 3.4000000000014556 0.04064043764502507 4.8600000000020378 0.33926666666666755 80.158036405342088 104.706 -0.022374440849724644 0.20080000000000156 3.0021259773618425 23.762376236887288 -0.070498786730593274 0.47580000000000128 44.904999999999994 0.087569951792432002 -0.0022639564567248651 0.061804437799424385 0.068453763641211987 0.087569951792432002 -0.015577675985557123 0.065079365079300386 0.064484136490998892 -49.330000000000005 0.59236666666666704 0.72748333333333404 -89.687499999999986 0.0024496133648997608
decision_type=2 2 2 2 2 2 2 2 2 2 2 2 2 2 2 2 2 2 2 2 2 2 2 2 2 2 2 2 2 2
left_child=1 2 4 7 28 13 26 -2 17 18 23 -12 14 -6 -5 16 -16 24 20 -20 -9 -17 -7 -8 -3 -26 27 -4 -1 -30
right_child=3 8 6 12 5 22 10 9 -10 -11 11 -13 -14 -15 15 21 -18 -19 19 -21 -22 -23 -24 -25 25 -27 -28 -29 29 -31
leaf_value=0.00068585943445373984 0.00014961541167809555 0.00043550214058094575 -3.9595511240084923e-05 -6.2909064790568286e-05 -0.00031119916267565058 -0.00039334783367169282 8.4794192058224374e-05 0.00049482924251518872 0.00017653794905229996 0.0020322243285455848 0.00054676992735221499 6.4980863885750658e-06 0.00010799423530110799 6.8525503805132607e-05 0.0011293733223924722 0.00074221169172345293 0.0027431148648040071 0.0017569394838273552 0.00055329935801478301 0.0013141149520642446 -0.00068928017852259884 0.0025354315835758724 -0.00012431664120747784 -0.00081200890647724236 0.0028693992632448555 0.00088355098352288389 -0.0010317725447644426 0.00047162133113382493 -0.00037052718063826124 -0.00020625990934107423
leaf_weight=364 4764 5237 26405 195 5122 13530 3245 4803 6779 381 8924 3121 353 32844 317 714 749 438 5311 2231 646 233 18356 753 127 1483 342 1881 31499 21589
leaf_count=364 4764 5237 26405 195 5122 13530 3245 4803 6779 381 8924 3121 353 32844 317 714 749 438 5311 2231 646 233 18356 753 127 1483 342 1881 31499 21589
internal_value=-1.66786e-13 -7.0578e-05 -0.000111741 0.000620764 -0.000185086 -9.94569e-05 9.07099e-05 0.000512175 0.000421056 0.000641342 0.000284446 0.000406779 0.00138975 1.72968e-05 0.00159467 0.00175524 0.00226323 0.000648591 0.000600551 0.000778356 0.000354448 0.00118342 -0.000238473 -8.41134e-05 0.00057769 0.0010402 -1.78589e-05 -5.59993e-06 -0.000296987 -0.000303726
internal_weight=202736 182039 167975 20697 123304 69852 44671 18136 14064 13372 16043 12045 2561 37966 2208 2013 1066 7285 12991 7542 5449 947 31886 3998 6847 1610 28628 28286 53452 53088
internal_count=202736 182039 167975 20697 123304 69852 44671 18136 14064 13372 16043 12045 2561 37966 2208 2013 1066 7285 12991 7542 5449 947 31886 3998 6847 1610 28628 28286 53452 53088
is_linear=0
shrinkage=0.02


Tree=86
num_leaves=31
num_cat=0
split_feature=9 45 43 43 42 9 44 43 43 43 6 43 45 45 44 43 9 7 7 41 41 44 44 4 44 6 43 43 9 45
split_gain=14.2257 9.90861 7.3133 5.45609 4.5353 2.94783 2.69492 2.07024 1.66303 1.63776 1.48667 1.46428 1.20546 1.14555 1.11397 1.4157 1.06246 1.03216 1.01101 0.953492 0.947874 0.916125 0.81883 0.815875 0.806234 0.760543 0.746333 0.706924 0.683091 0.67456
threshold=4.677000000000004 0.044297525923604426 14.080000000000293 3.5400000000008736 0.15847615080206315 10.728000000000002 1.0000000180025095e-35 12.1199999999968 7.7199999999967988 4.8600000000020378 0.15893333333333279 2.9000000000014556 0.060658226447889728 0.027136452172084224 2.8757842291610967 19.539999999997963 -39.987999999999978 0.58805378155303611 1.717163139896863 32.867132866661173 17.7596635133572 2.0142050505149549 -0.19341946934428439 0.15850000000000294 1.186082127774355 0.65431666666666677 11.91999999999971 18.719999999999711 26.659000000000002 0.071075424605481177
decision_type=2 2 2 2 2 2 2 2 2 2 2 2 2 2 2 2 2 2 2 2 2 2 2 2 2 2 2 2 2 2
left_child=3 11 5 20 12 19 8 21 23 25 -11 28 17 18 15 -4 -10 -5 26 -3 -1 -8 -22 -6 -9 -7 -13 -15 -2 -17
right_child=1 2 14 4 6 9 7 24 16 10 -12 13 -14 27 -16 29 -18 -19 -20 -21 22 -23 -24 -25 -26 -27 -28 -29 -30 -31
leaf_value=-0.00042470735726244432 -0.00022873713793729433 -0.00022950739938839076 0.0014025639843951337 2.7333413926305985e-05 0.00019208084332267007 0.00051105561910187659 -6.8440640287789587e-05 0.0006227717920192599 -0.00069817446342112317 0.0014631648171095088 0.00073451215388702876 -5.0882207127634446e-05 -0.00049850910147565498 0.000224301870440923 0.00069773597417559393 0.0021818064355590937 0.00045274817056580627 -0.00030656848353640244 -0.00057458852214731162 0.00031221633133864162 -0.00014187687227462808 -0.00039082902535038009 -0.00029506823828450048 -6.3389621680850326e-05 0.00010628373313743016 -0.00031525809365721107 0.0006066524874255402 0.0012440256919430456 -0.0010627747460304853 0.0035881676447012873
leaf_weight=8735 5676 1445 1120 6798 17580 4813 20030 2083 331 1497 4448 6763 5606 6956 413 536 10447 8134 1369 12919 35912 4279 22829 6988 2881 491 769 283 422 183
leaf_count=8735 5676 1445 1120 6798 17580 4813 20030 2083 331 1497 4448 6763 5606 6956 413 536 10447 8134 1369 12919 35912 4279 22829 6988 2881 491 769 283 422 183
internal_value=7.33938e-14 0.000292411 0.000543671 -9.59863e-05 1.04552e-05 0.000447596 9.27404e-05 -4.91848e-05 0.000210281 0.000690051 0.000917993 -2.24261e-05 -0.00024844 7.7329e-05 0.00163638 0.00184717 0.000417403 -0.000154555 -7.46222e-05 0.00025772 -0.000230319 -0.000125189 -0.000201413 0.000119416 0.000323013 0.000434562 1.62506e-05 0.000264167 -0.000286455 0.00253975
internal_weight=202736 50103 27865 152633 85157 25613 64619 29273 35346 11249 5945 22238 20538 16140 2252 1839 10778 14932 8901 14364 67476 24309 58741 24568 4964 5304 7532 7239 6098 719
internal_count=202736 50103 27865 152633 85157 25613 64619 29273 35346 11249 5945 22238 20538 16140 2252 1839 10778 14932 8901 14364 67476 24309 58741 24568 4964 5304 7532 7239 6098 719
is_linear=0
shrinkage=0.02


Tree=87
num_leaves=31
num_cat=0
split_feature=9 45 14 43 42 14 6 43 14 6 9 43 4 45 42 6 9 45 14 43 45 9 14 15 43 9 13 45 5 17
split_gain=13.6673 9.43542 8.34012 5.16744 4.20188 2.18938 2.18487 1.85202 1.65859 1.43866 1.91131 1.43812 1.3636 1.33738 1.23076 1.18536 1.10876 1.06559 1.32586 1.04799 1.03629 1.01221 1.13979 1.00112 0.992748 0.957004 0.910499 0.909463 0.864384 0.844087
threshold=4.5755000000000061 0.044297525923604426 1.3052833333333342 4.3199999999997098 0.20361904232323866 0.39430000000000137 0.23320000000000052 9.5200000000026215 2.1761666666666684 0.19208333333333302 10.170500000000009 2.9000000000014556 0.24240000000000508 0.04489985496602001 0.27373762237794691 0.73209999999999975 -1.301499999999997 0.027136452172084224 1.4308666666666683 16.400000000004372 0.051360135937023245 -0.61299999999998211 1.6623500000000015 1.9281880854453815 1.7400000000037836 -4.6679999999999877 1.0708666666666675 0.03753649286102672 1.1295999999999995 2.8209341305002691
decision_type=2 2 2 2 2 2 2 2 2 2 2 2 2 2 2 2 2 2 2 2 2 2 2 2 2 2 2 2 2 2
left_child=3 11 5 14 13 -3 26 12 15 10 -7 -2 16 29 20 -8 -6 23 -19 -10 -1 27 -23 -13 -16 -15 -4 -9 -20 -5
right_child=1 2 6 4 7 9 8 21 19 -11 -12 17 -14 25 24 -17 -18 18 28 -21 -22 22 -24 -25 -26 -27 -28 -29 -30 -31
leaf_value=-0.00020756449383161046 -0.00027867755413880593 0.00017052465034984705 0.0039890166995909943 2.8813349806373355e-05 2.2467172041539333e-05 0.00050675505273121404 0.0013092065642445359 0.00043684145320150398 0.0011859714409515711 0.0003871617431323629 0.0012120613355435495 1.5279496571436948e-05 -0.00016040340652683394 -0.00049624621882012976 -0.00026191735616966756 0.00017780315002832159 0.00028285832060695075 0.00016179844963875472 0.0013636566209248749 0.002425480985067275 -0.00047281163397231861 0.00054240914885019258 0.0020834813179766258 -0.00060271905309966598 -8.9654376321622253e-05 -8.8670293954270637e-05 0.0021421996644872794 5.765559486477425e-05 -0.00019947574158572686 -0.00047103984316724184
leaf_weight=13377 6243 9768 136 8939 16445 3964 815 4724 533 8773 2510 7856 8787 7169 21276 679 10861 6540 636 559 10529 3021 205 1210 36066 3396 497 5448 182 1592
leaf_count=13377 6243 9768 136 8939 16445 3964 815 4724 533 8773 2510 7856 8787 7169 21276 679 10861 6540 636 559 10529 3021 205 1210 36066 3396 497 5448 182 1592
internal_value=1.04088e-13 0.000283615 0.000527597 -9.50788e-05 3.00985e-05 0.00040429 0.00148583 0.000130844 0.00122803 0.000554051 0.000780206 -2.02892e-05 5.63027e-05 -0.00020625 -0.000203831 0.000795001 0.000126038 7.79279e-05 0.000256747 0.00182048 -0.000324388 0.000331652 0.000640338 -6.72021e-05 -0.00015357 -0.000365236 0.00253899 0.000233754 0.00101587 -4.67508e-05
internal_weight=202736 50901 28234 151835 70587 25015 3219 49491 2586 15247 6474 22667 36093 21096 81248 1494 27306 16424 7358 1092 23906 13398 3226 9066 57342 10565 633 10172 818 10531
internal_count=202736 50901 28234 151835 70587 25015 3219 49491 2586 15247 6474 22667 36093 21096 81248 1494 27306 16424 7358 1092 23906 13398 3226 9066 57342 10565 633 10172 818 10531
is_linear=0
shrinkage=0.02


Tree=88
num_leaves=31
num_cat=0
split_feature=10 34 10 43 9 43 43 41 44 14 15 43 34 10 44 34 5 10 44 14 43 44 7 14 34 34 14 44 34 34
split_gain=20.7591 8.4319 5.84649 3.90855 3.0017 2.11967 2.07611 1.8446 1.82974 2.67256 1.75751 1.65368 1.63493 1.57298 1.7071 1.49099 1.41907 1.32798 1.32679 1.29222 1.23802 1.22946 1.13223 1.09472 1.09273 0.96451 0.960304 0.774076 0.744097 0.739399
threshold=32.655499999999996 0.035570796605549411 6.5894999999999975 9.5200000000026215 -0.27099999999998697 4.8600000000020378 7.3799999999973815 76.94915253964696 0.05515239103488221 0.66220000000000134 1.5103871183288102 10.91999999999971 0.01078891290973852 91.561999999999998 2.8757842291610967 0.10738946363118447 0.44600000000000095 -80.640000000000001 -0.72925195671543275 0.33926666666666755 23.319999999999713 2.7704034032640541 6.8358087532284095 0.56303333333333427 0.087569951792432002 0.10738946363118447 2.1761666666666684 -0.5198848580154608 0.05525710701734738 0.00040462177784914222
decision_type=2 2 2 2 2 2 2 2 2 2 2 2 2 2 2 2 2 2 2 2 2 2 2 2 2 2 2 2 2 2
left_child=1 2 4 12 8 29 17 24 9 -1 11 -7 16 14 15 22 19 -6 -15 -2 -8 23 -5 -14 -3 27 -21 -9 -25 -4
right_child=3 7 5 13 6 10 20 25 -10 -11 -12 -13 21 18 -16 -17 -18 -19 -20 26 -22 -23 -24 28 -26 -27 -28 -29 -30 -31
leaf_value=-0.0002464361508503049 4.1663697010678352e-05 0.00060764732652316355 -0.00011781234727540837 0.0010924816780189023 0.001066551542377823 0.00028793127738378939 0.00019637118483925871 0.00048209270037432672 -0.00037006931925505235 0.0001614263052393044 -0.00019105151265506721 0.00099491888584589405 0.00050103229713178456 0.003931565460804691 -0.00024445054760842915 0.0030114658382043649 -0.00071595149220131035 -0.00012613421234271917 0.0015947704384468889 0.00048468130208823885 0.0018214453111067997 -0.00065056792032897384 -0.00064139448077553483 0.0009562154024106989 0.0018149490906634405 0.0012777947204170984 0.0020880251090910464 4.0559590832999864e-05 0.0020019566002267746 8.5492260354454928e-05
leaf_weight=34834 3403 5551 14112 3237 377 11835 8032 2207 32649 7880 2718 1490 2615 117 423 156 518 39340 574 6390 192 247 158 2399 317 324 153 5665 307 14516
leaf_count=34834 3403 5551 14112 3237 377 11835 8032 2207 32649 7880 2718 1490 2615 117 423 156 518 39340 574 6390 192 247 158 2399 317 324 153 5665 307 14516
internal_value=6.26015e-14 -6.82402e-05 -0.000107626 0.000600202 -0.000178646 8.84076e-05 -5.49229e-05 0.000402172 -0.000257351 -0.000171193 0.000272444 0.000366987 0.000451944 0.00110971 0.00095657 0.00109964 0.000304616 -0.000114813 0.00199044 0.000357768 0.000234311 0.00072882 0.00101179 0.000792851 0.000672868 0.000208364 0.000522174 0.000164348 0.00107486 -1.47255e-05
internal_weight=202736 182039 167975 20697 123304 44671 47941 14064 75363 42714 16043 13325 16032 4665 3974 3551 10464 39717 691 9946 8224 5568 3395 5321 5868 8196 6543 7872 2706 28628
internal_count=202736 182039 167975 20697 123304 44671 47941 14064 75363 42714 16043 13325 16032 4665 3974 3551 10464 39717 691 9946 8224 5568 3395 5321 5868 8196 6543 7872 2706 28628
is_linear=0
shrinkage=0.02


Tree=89
num_leaves=31
num_cat=0
split_feature=34 43 34 45 34 42 14 45 7 45 14 14 34 45 14 45 45 44 42 44 45 13 44 14 44 14 42 14 44 45
split_gain=13.4036 6.30825 4.72972 4.14116 4.01317 3.60729 3.0042 2.82233 2.44171 2.41 2.33654 2.27615 1.74156 2.42128 1.6515 1.40457 1.28247 1.23202 1.21119 1.07502 1.03366 0.942089 0.817474 0.721888 0.703158 0.673108 0.660195 0.64301 0.627421 0.605968
threshold=0.031039244126431349 3.5400000000008736 -0.007610372737590171 0.065079365079300386 0.087569951792432002 0.85139126559527989 0.55833333333333501 0.057163625649900476 0.61590104724059203 0.065079365079300386 0.80238333333333423 1.2694166666666675 -1.0000000180025095e-35 0.068789173170331716 0.98900000000000043 0.064484136490998892 0.060073389483738179 2.7704034032640541 0.80105839256387668 -0.30192631317317192 0.072102006688792658 0.34500000000000247 1.357560484627605 0.1936000000000008 -0.078266664381402576 0.24636666666666746 0.76054773999259229 3.1651000000000011 -0.77019270010602547 0.073555931392672927
decision_type=2 2 2 2 2 2 2 2 2 2 2 2 2 2 2 2 2 2 2 2 2 2 2 2 2 2 2 2 2 2
left_child=1 12 3 8 7 6 19 17 10 -8 -3 21 15 26 -10 23 22 18 -2 -4 -13 -9 -6 -1 -18 -15 -14 -19 -20 -7
right_child=4 2 5 -5 16 29 9 11 14 -11 -12 20 13 25 -16 -17 24 27 28 -21 -22 -23 -24 -25 -26 -27 -28 -29 -30 -31
leaf_value=-0.00037833729259655269 0.00061963936262953063 6.0832022525232937e-05 0.00025867402071875725 -0.00046505477101541212 0.0014895893067396933 -0.00018277920002056136 0.00038089164040534844 0.00012346499198959767 -0.00028786926702497321 0.001061882200485636 0.00065339267803524398 0.0010151223067819998 -8.8271345207309213e-05 -5.9603662641769301e-06 0.00011772724012880189 -0.00048818747476649229 0.00069868532436278955 -0.00078906560108557577 0.00048554686742445009 -8.0318546641595039e-06 0.0022245900425202163 0.00068501971207385402 0.00032916614234636656 -0.00015979701550532656 0.0024804833875471987 0.00041609477593069366 -0.00027096387651740671 0.00089371097436690306 6.9271852568833113e-05 0.00039002435994549603
leaf_weight=8014 2853 16439 12793 9531 563 9950 13323 1584 12967 2463 3176 698 19891 2388 5817 9644 108 673 1791 11461 475 4866 427 24620 493 4118 13138 105 7569 798
leaf_count=8014 2853 16439 12793 9531 563 9950 13323 1584 12967 2463 3176 698 19891 2388 5817 9644 108 673 1791 11461 475 4866 427 24620 493 4118 13138 105 7569 798
internal_value=5.20514e-14 -5.70329e-05 5.05942e-05 -9.19096e-05 0.000463688 0.000185079 0.000272408 0.000388992 7.08647e-07 0.000487143 0.000156778 0.000694492 -0.000186899 -9.14755e-05 -0.000162265 -0.000276131 0.00143151 0.000209727 0.000258885 0.000132645 0.00150489 0.000547112 0.000989084 -0.000213464 0.00216029 0.000261181 -0.000160941 -0.000561956 0.000148924 -0.000140251
internal_weight=202736 180531 98718 47930 22205 50788 40040 20614 38399 15786 19615 7623 81813 39535 18784 42278 1591 12991 12213 24254 1173 6450 990 32634 601 6506 33029 778 9360 10748
internal_count=202736 180531 98718 47930 22205 50788 40040 20614 38399 15786 19615 7623 81813 39535 18784 42278 1591 12991 12213 24254 1173 6450 990 32634 601 6506 33029 778 9360 10748
is_linear=0
shrinkage=0.02


Tree=90
num_leaves=31
num_cat=0
split_feature=10 14 43 44 14 20 6 10 42 9 10 9 9 10 44 45 45 44 10 9 14 10 14 44 45 9 41 41 44 14
split_gain=19.7372 7.26023 4.45257 3.16238 2.71541 2.6101 2.40229 2.3183 2.13081 2.07688 2.00834 1.94016 1.69339 1.60467 2.36767 1.4414 1.36582 1.29437 1.19805 1.1967 1.13522 1.13175 1.13072 1.10893 1.03576 1.15373 1.02373 0.850899 0.820915 0.812486
threshold=9.9334999999999898 0.93891666666666773 5.6999999999985453 0.95982646591898535 0.30940000000000017 5.2999999999956353 0.65431666666666677 104.706 0.15847615080206315 29.056500000000007 53.005499999999991 0.97600000000001308 12.143500000000008 32.655499999999996 2.2369082558236983 0.02777777777774321 0.019830577800673516 -0.46263401959063594 -138.12749999999997 12.978000000000005 1.6623500000000015 -41.707000000000015 1.6623500000000015 2.7704034032640541 0.044297525923604426 -3.0629999999999957 38.832487308259495 19.337016573059085 -1.2804076022086535 0.20260000000000142
decision_type=2 2 2 2 2 2 2 2 2 2 2 2 2 2 2 2 2 2 2 2 2 2 2 2 2 2 2 2 2 2
left_child=2 4 11 8 27 6 -3 13 -4 20 17 24 18 26 -15 -13 19 28 -10 -12 -5 -14 -18 -19 -1 -26 -6 -2 -7 -17
right_child=1 5 3 9 7 10 -8 -9 12 -11 16 15 21 14 -16 29 22 23 -20 -21 -22 -23 -24 -25 25 -27 -28 -29 -30 -31
leaf_value=-0.0001953369536346786 -0.00039959567586284495 0.00072729606728830199 -0.00015060333731569444 -0.00034700269139650321 -2.3148969962707626e-05 0.0011925896097680247 -0.00026030073648075733 0.0025019229156896471 0.00077578179392976667 0.0023251495259030471 0.0019572560769337854 -0.00028309481031578155 0.0015682028799755307 0.00057235084821508151 -0.00091277488408286647 -0.00021516563222671346 0.0012594769098504912 0.0011311765334011978 0.00013886493764730316 -0.00057079137340665094 0.00010656979909862871 0.00048190373465274364 0.0023320679538112992 6.6329010115268847e-05 -0.00045088067912495638 -0.00018745224514218393 0.00028954891057828767 5.4667446302064157e-05 -0.00046012692204671485 6.9237627712262216e-05
leaf_weight=31715 1837 3413 8424 10818 5816 163 1385 193 1243 126 122 10086 538 9833 449 5211 720 2648 23809 194 2773 1337 866 459 19291 10149 14960 16150 458 17550
leaf_count=31715 1837 3413 8424 10818 5816 163 1385 193 1243 126 122 10086 538 9833 449 5211 720 2648 23809 194 2773 1337 866 459 19291 10149 14960 16150 458 17550
internal_value=3.86619e-14 0.000305575 -0.000127437 2.69923e-05 0.000204046 0.000784968 0.000442214 0.000316725 0.000127008 -0.000230764 0.00107707 -0.000208048 0.000213857 0.000303146 0.000507498 -8.40686e-05 0.00160591 0.000807257 0.000170467 0.000405227 -0.000254459 0.000793599 0.00184514 0.000973866 -0.000274638 -0.000360068 0.000202013 8.27386e-06 -2.63221e-05 4.12514e-06
internal_weight=202736 59666 143070 49068 49238 10428 4798 31251 35351 13717 5630 94002 26927 31058 10282 32847 1902 3728 25052 316 13591 1875 1586 3107 61155 29440 20776 17987 621 22761
internal_count=202736 59666 143070 49068 49238 10428 4798 31251 35351 13717 5630 94002 26927 31058 10282 32847 1902 3728 25052 316 13591 1875 1586 3107 61155 29440 20776 17987 621 22761
is_linear=0
shrinkage=0.02


Tree=91
num_leaves=31
num_cat=0
split_feature=34 9 43 45 14 34 41 15 14 45 45 14 44 45 34 6 45 45 5 34 14 45 14 44 14 44 45 4 9 15
split_gain=12.6255 6.04273 5.51011 5.13881 4.56452 4.55301 3.70156 2.6979 2.55201 2.30704 2.13197 2.03021 1.56089 1.5587 1.52876 1.45086 1.44173 1.33554 1.27935 1.18712 1.09207 1.04574 1.02986 0.948222 0.935251 1.19097 0.916587 0.908925 0.908108 0.845431
threshold=0.024747653753899503 -0.95699999999998886 4.3800000000002912 0.03753649286102672 1.6623500000000015 0.070202806751051852 66.50774528468223 0.65127371355199515 0.56303333333333427 0.038790286128119182 0.038176195112028279 0.46936666666666754 0.40228200762313032 0.062707779652269049 -0.0046147782494757525 0.024966666666666634 0.03506965236207548 0.068789173170331716 -0.16929999999999815 -0.0022639564567248651 2.1761666666666684 0.070411094637924304 1.2073000000000018 3.6600125406477528 0.35610000000000147 2.7704034032640541 0.068789173170331716 0.60050000000000203 12.143500000000008 2.8135578185549774
decision_type=2 2 2 2 2 2 2 2 2 2 2 2 2 2 2 2 2 2 2 2 2 2 2 2 2 2 2 2 2 2
left_child=1 3 16 8 7 6 17 11 -1 -8 29 -4 -10 23 26 -12 -3 -2 -16 28 -15 -21 -19 -7 -11 -26 -5 -9 -18 -6
right_child=5 2 4 14 10 13 9 27 12 24 15 -13 -14 20 18 -17 19 22 -20 21 -22 -23 -24 -25 25 -27 -28 -29 -30 -31
leaf_value=-0.00010838774197085389 0.00058792032912129697 -0.00019841377446284931 0.00018676402931120211 -0.00031574022892542518 0.00088469544819002493 0.0009131583062572991 -8.2204814261732653e-05 5.9135284996834321e-05 0.00048959305181489035 9.4821849924572242e-05 0.0033484811886492706 0.00060941621435085509 -1.2886152063157305e-05 0.0012804241876583546 0.00020901997156022025 0.0014730060577964246 -0.00022277037394836626 0.00096633672052657594 -0.00023960158084294325 1.8879302032682495e-05 0.0026553095780172276 0.000357196746318959 0.0023580979302969597 -0.00050681110023162728 0.00051782653498534475 -0.00053433260581632668 -0.00053451663240792991 -0.00035432917639151073 0.00046205599097245829 -0.00067493535041556515
leaf_weight=23595 5289 22910 12026 22587 648 1882 8875 11096 5708 4188 227 7309 4363 745 3100 604 9052 719 14143 14276 335 4912 302 209 7935 455 11591 2631 847 177
leaf_count=23595 5289 22910 12026 22587 648 1882 8875 11096 5708 4188 227 7309 4363 745 3100 604 9052 719 14143 14276 335 4912 302 209 7935 455 11591 2631 847 177
internal_value=-1.42041e-13 -6.6972e-05 5.05224e-05 -0.000186714 0.00024563 0.00037195 0.000289948 0.000194307 5.37534e-06 0.000164703 0.0012703 0.000346535 0.000271907 0.0010899 -0.000312478 0.00198532 -7.97497e-05 0.000715761 -0.000158947 1.37146e-05 0.00170689 0.000105486 0.001378 0.000771229 0.000338921 0.000460767 -0.000389935 -2.01118e-05 -0.000164174 0.000550084
internal_weight=202736 171802 86715 85087 34718 30934 27763 33062 33666 21453 1656 19335 10071 3171 51421 831 51997 6310 17243 29087 1080 19188 1021 2091 12578 8390 34178 13727 9899 825
internal_count=202736 171802 86715 85087 34718 30934 27763 33062 33666 21453 1656 19335 10071 3171 51421 831 51997 6310 17243 29087 1080 19188 1021 2091 12578 8390 34178 13727 9899 825
is_linear=0
shrinkage=0.02


Tree=92
num_leaves=31
num_cat=0
split_feature=10 34 45 10 43 14 43 14 42 10 34 45 44 14 5 44 34 34 4 10 44 42 6 34 45 34 43 10 15 14
split_gain=18.744 7.50015 4.61899 3.56332 3.4872 2.90484 2.62231 2.41094 1.99219 1.74586 1.60302 1.69218 1.57808 1.48683 1.47499 1.37875 1.37427 1.32554 1.41952 1.31817 1.26011 1.66872 1.24216 1.20433 1.17901 1.12187 1.11604 2.2024 1.44247 1.00994
threshold=32.655499999999996 0.0077797917161733102 0.065367334860913021 -3.0935000000000161 12.740000000000874 1.1814666666666676 4.9000000000014561 0.55381666666666807 0.80105839256387668 91.561999999999998 0.0092113578576959523 0.053946345033183296 3.0021259773618425 0.27940000000000126 0.48410000000000136 2.7704034032640541 0.040521019598651481 -0.070498786730593274 0.47580000000000128 44.904999999999994 0.30028522361854487 0.44762637484306927 0.50159999999999927 0.087569951792432002 0.065993369022535817 -0.031648573650806804 8.159999999999128 -166.39949999999996 1.2195562717641586 0.32091666666666713
decision_type=2 2 2 2 2 2 2 2 2 2 2 2 2 2 2 2 2 2 2 2 2 2 2 2 2 2 2 2 2 2
left_child=1 3 6 26 9 13 -3 -5 -8 10 14 15 17 -4 29 -12 -10 -6 19 -19 21 24 25 -20 -11 -9 27 -1 -28 -2
right_child=4 2 5 7 12 -7 8 22 16 20 11 -13 -14 -15 -16 -17 -18 18 23 -21 -22 -23 -24 -25 -26 -27 28 -29 -30 -31
leaf_value=0.0024435834710498172 7.0026298350591445e-06 -0.00011620746576280413 1.5402686141567319e-05 -0.00010693018183877896 -0.00011478012365599474 0.0015168758803401246 0.00039502263660632866 -7.2584397862868446e-05 -0.00013256688224518422 0.00073474939429488421 0.00045771917388270754 0.0010242785386111466 1.9512580302936386e-05 0.00050048400637495692 -0.0008188476733008177 -0.001565642060013488 0.00027165697894325811 0.0010317233250462098 0.00064128034176495373 0.0025703183609000015 0.0024811226537802232 0.0018305835803481454 -0.00062916235772303409 0.0022972414264160151 -0.0014486220786575931 0.00039134008582140598 8.347409595266127e-05 -0.00030347272580084748 -0.0003223441145840345 0.00045011259203951015
leaf_weight=117 2915 25951 3545 40497 195 936 9703 2811 8729 321 3565 2933 353 8806 477 140 5474 317 714 749 253 395 649 233 143 8073 7857 52568 6323 6994
leaf_count=117 2915 25951 3545 40497 195 936 9703 2811 8729 321 3565 2933 353 8806 477 140 5474 317 714 749 253 395 649 233 143 8073 7857 52568 6323 6994
internal_value=4.56473e-14 -6.48436e-05 0.000111313 -0.000158399 0.000570327 0.000442663 2.30074e-05 -3.42768e-05 0.000174131 0.000472773 0.000422621 0.000665379 0.00126117 0.000361255 0.000267467 0.000381263 2.32257e-05 0.00145968 0.0016122 0.00211278 0.00124056 0.000875183 0.000220838 0.00104871 6.18569e-05 0.000271523 -0.000254982 -0.000297372 -9.74842e-05 0.00031976
internal_weight=202736 182039 63144 118895 20697 13287 49857 52030 23906 18136 17024 6638 2561 12351 10386 3705 14203 2208 2013 1066 1112 859 11533 947 464 10884 66865 52685 14180 9909
internal_count=202736 182039 63144 118895 20697 13287 49857 52030 23906 18136 17024 6638 2561 12351 10386 3705 14203 2208 2013 1066 1112 859 11533 947 464 10884 66865 52685 14180 9909
is_linear=0
shrinkage=0.02


Tree=93
num_leaves=31
num_cat=0
split_feature=10 43 34 45 10 14 10 10 14 45 43 34 34 45 45 15 43 44 44 43 15 10 42 45 34 15 14 44 9 10
split_gain=18.1373 6.64828 4.86757 3.27257 2.87734 2.86161 2.48022 2.47834 2.0383 1.93462 1.73818 1.66617 1.63363 1.70787 1.53266 1.44693 2.25225 1.82305 1.60848 1.40954 1.54326 1.47998 1.23351 1.19468 1.29179 1.13827 1.35929 1.13555 1.0977 1.04299
threshold=9.9334999999999898 8.3199999999997107 0.0028642136756418394 0.068145390656240465 44.904999999999994 1.2694166666666675 57.764499999999991 -138.12749999999997 1.4832666666666674 0.070084585145808745 5.1000000000014554 -0.030947919794820946 -0.00082026025026581682 0.062707779652269049 0.063304536118525725 3.3815731542333438 15.139999999997965 -0.78964635593578758 1.6883562476704157 9.4199999999997104 1.3770222764983133 -166.39949999999996 0.85139126559527989 0.063868320146795513 -0.009343658205814483 5.1419569748710749 0.97213333333333418 1.009920957945192 9.8814999999999991 -64.497
decision_type=2 2 2 2 2 2 2 2 2 2 2 2 2 2 2 2 2 2 2 2 2 2 2 2 2 2 2 2 2 2
left_child=2 4 9 7 12 29 11 8 -4 19 -9 14 23 -14 -3 16 17 -8 -18 21 27 -1 -12 -2 -25 26 -13 -21 -11 -5
right_child=1 6 3 5 -6 -7 15 10 -10 28 22 25 13 -15 -16 -17 18 -19 -20 20 -22 -23 -24 24 -26 -27 -28 -29 -30 -31
leaf_value=0.0020464854839956385 4.5928279965325294e-05 0.00029891067253421061 0.0020607161989017104 0.0014868034788962409 0.00053160177137652497 0.0020808803001170356 0.0026868027074427418 -0.00016153711159492848 0.00017445258521769157 -0.00048041534479770313 0.00021801520730239544 0.00056177173981461015 0.00012263921436303889 0.00051705836492415625 -0.0011913682122085287 0.00034594302079891677 0.0036609005231604433 0.00077198943860906991 0.001498913917188366 0.00037076998508836365 -0.00025378175669552109 -0.00022456293228358018 -9.7547615869548074e-05 -0.00067965210213132617 0.00021612234451899665 -0.0001738582052409837 0.001137300725513758 -0.00023741192687286232 0.0010805560995524374 0.00025384784401541726
leaf_weight=115 14282 1449 397 284 8020 375 240 30005 542 11773 11232 4817 16232 6020 341 528 283 1161 268 4970 4697 59849 8866 2026 944 565 2490 1631 183 8151
leaf_count=115 14282 1449 397 284 8020 375 240 30005 542 11773 11232 4817 16232 6020 341 528 283 1161 268 4970 4697 59849 8866 2026 944 565 2490 1631 183 8151
internal_value=-5.85638e-14 0.000292929 -0.000122163 1.53933e-05 0.000186218 0.000371362 0.000710598 -4.60478e-05 0.000971946 -0.000221097 -6.51265e-05 0.00056578 0.000116099 0.000229344 1.50084e-05 0.0012748 0.00152605 0.00110001 0.00260934 -0.000181598 2.33223e-05 -0.000220207 7.88083e-05 -2.9968e-05 -0.000394935 0.000691019 0.000757894 0.000220498 -0.000456523 0.000295361
internal_weight=202736 59666 143070 59852 47524 8810 12142 51042 939 83218 50103 9662 39504 22252 1790 2480 1952 1401 551 71262 11298 59964 20098 17252 2970 7872 7307 6601 11956 8435
internal_count=202736 59666 143070 59852 47524 8810 12142 51042 939 83218 50103 9662 39504 22252 1790 2480 1952 1401 551 71262 11298 59964 20098 17252 2970 7872 7307 6601 11956 8435
is_linear=0
shrinkage=0.02


Tree=94
num_leaves=31
num_cat=0
split_feature=10 34 10 45 10 14 41 14 44 44 34 6 14 34 6 9 10 6 10 9 9 34 45 5 34 10 14 9 6 9
split_gain=17.42 6.49963 4.07272 2.88962 2.81309 2.59233 2.55117 2.42176 2.38281 3.30466 2.25731 2.02126 1.94428 1.88461 2.00048 1.40775 1.35459 1.51202 1.378 1.31474 1.16622 2.14108 1.85641 1.1564 1.35471 1.14574 5.64966 1.01656 0.950324 0.938808
threshold=23.613999999999987 0.013250724932985221 91.561999999999998 0.069119083368890277 -3.0935000000000161 0.46936666666666754 62.377789902426095 0.58783333333333376 -0.12973570003388124 2.7704034032640541 0.044247646230098768 1.3651333333333329 1.1814666666666676 -0.007610372737590171 0.65431666666666677 10.439000000000014 61.751999999999988 -0.10009999999999983 49.269499999999994 17.954500000000014 12.978000000000005 -0.0046147782494757525 0.065367334860913021 -0.03940000000000022 -0.034539044144729747 -138.12749999999997 0.87030000000000085 4.5755000000000061 -0.07333333333333357 -1.9419999999999928
decision_type=2 2 2 2 2 2 2 2 2 2 2 2 2 2 2 2 2 2 2 2 2 2 2 2 2 2 2 2 2 2
left_child=1 4 5 6 15 16 -3 -6 13 11 -8 -10 -5 -7 -15 25 18 -18 -2 -11 21 22 -4 24 -9 26 -1 -19 -20 -27
right_child=2 3 20 12 7 8 10 23 9 19 -12 -13 -14 14 -16 -17 17 27 28 -21 -22 -23 -24 -25 -26 29 -28 -29 -30 -31
leaf_value=0.0033008248655851066 0.00016980094365999239 0.00036307395067369347 0.00089155268368807327 0.00039682024677964087 -0.00010321879280169415 -0.00023199007076025243 -0.00012604474212491443 -4.6417051587605633e-05 0.00092047501673715683 -0.0015719773043971507 0.00030713467022490252 -0.0010985739313277045 0.001650772902463441 0.00065239547209481209 -0.00087273615497357546 0.00029376711806402325 -0.0017706233351293787 -0.00054107183576919708 4.4149097324189112e-07 8.4329386599831519e-05 0.0020270636932096329 0.0019682735007040069 -0.0018066043645133809 2.6774951677056332e-06 0.00065681899173129505 -0.00031518598473335795 -0.00018637168132499274 0.00082330376739397156 0.0012037964998009572 -0.00016601342558831482
leaf_weight=215 10939 8380 306 7036 43110 2153 22553 1558 8621 250 6117 203 532 3544 381 1992 271 650 367 822 708 420 153 4191 3693 43295 1370 329 922 27655
leaf_count=215 10939 8380 306 7036 43110 2153 22553 1558 8621 250 6117 203 532 3544 381 1992 271 650 367 822 708 420 153 4191 3693 43295 1370 329 922 27655
internal_value=-2.03076e-13 -7.88244e-05 0.000436029 0.000128846 -0.000151738 0.000382849 5.6103e-05 -3.96793e-05 0.000555204 0.000746638 -3.36221e-05 0.000874026 0.000484968 0.000243518 0.000504351 -0.000230756 0.000178576 -0.000448535 0.000242682 -0.000301936 0.00142296 0.000936382 -7.833e-06 0.000250427 0.000448165 -0.000245161 0.000286655 -8.25636e-05 0.000861181 -0.000257041
internal_weight=202736 171697 31039 44618 127079 29452 37050 52552 15974 9896 28670 8824 7568 6078 3925 74527 13478 1250 12228 1072 1587 879 459 9442 5251 72535 1585 979 1289 70950
internal_count=202736 171697 31039 44618 127079 29452 37050 52552 15974 9896 28670 8824 7568 6078 3925 74527 13478 1250 12228 1072 1587 879 459 9442 5251 72535 1585 979 1289 70950
is_linear=0
shrinkage=0.02


Tree=95
num_leaves=31
num_cat=0
split_feature=10 14 34 14 14 45 9 10 34 6 45 10 45 45 41 14 45 42 7 44 24 10 9 44 41 44 29 44 42 10
split_gain=16.8393 6.18993 4.52294 3.08559 2.45615 2.33795 3.05874 2.45644 2.61148 2.72724 2.15697 2.11061 1.84358 1.7563 1.55863 1.40633 1.40584 1.36884 1.3642 1.29945 1.29357 1.23623 1.19465 1.13745 1.10299 1.01989 0.971572 1.07672 0.944597 0.909624
threshold=9.9334999999999898 0.93891666666666773 0.0028642136756418394 0.62598333333333456 0.21986666666666724 0.022175141242939515 3.9049999999999994 47.642999999999994 -0.031648573650806804 0.65431666666666677 0.071418589269327662 91.561999999999998 0.069433112499057745 0.068145390656240465 38.832487308259495 1.6623500000000015 0.059217563739495278 0.61096241833954268 0.62312554909250584 0.54054150901446807 1.6500000000014554 27.254499999999982 9.8814999999999991 0.20626399248918412 18.308882420104819 0.59587910656819698 -0.023744915482354353 0.95982646591898535 0.47587020884827375 -101.7825
decision_type=2 2 2 2 2 2 2 2 2 2 2 2 2 2 2 2 2 2 2 2 2 2 2 2 2 2 2 2 2 2
left_child=2 4 12 13 -2 6 -3 8 16 -10 17 14 24 23 18 -12 -7 -5 -6 -19 25 -16 -14 29 -1 -9 27 -26 -13 -4
right_child=1 5 3 10 11 7 -8 20 9 -11 15 28 22 -15 21 -17 -18 19 -20 -21 -22 -23 -24 -25 26 -27 -28 -29 -30 -31
leaf_value=-0.00035677767049828153 -0.00011788690669631532 0.0011181618523561723 0.0015307956669249967 0.0006212692905049914 0.00018384672155767799 0.00027157663808873061 -0.0004144682549389124 0.00072179960500283209 0.0011077856387906747 -2.0740037907457112e-05 0.00083829410943317558 0.00069915884712983868 -0.000460221357068131 0.00022504459678827384 0.00020563364744966014 0.0030497215830814638 -0.0014969558062376369 0.00030299652286893563 -0.00028983883361094535 -0.00014624438413503822 0.0022228830855612809 0.00047378790986187989 0.0010940699889069765 -0.00027606584988266862 8.2949011590677008e-05 0.0015044875037297592 -0.00019165248735713233 -0.00026434234535276801 0.0022145816302499184 -5.2241154801670042e-05
leaf_weight=11047 8631 826 146 2450 7838 412 1410 1258 3077 1187 1135 372 12440 7073 17051 128 319 5579 3526 4784 524 11525 201 12352 12691 1415 41870 4969 295 26205
leaf_count=11047 8631 826 146 2450 7838 412 1410 1258 3077 1187 1135 372 12440 7073 17051 128 319 5579 3526 4784 524 11525 201 12352 12691 1415 41870 4969 295 26205
internal_value=-9.70472e-14 0.000282252 -0.000117711 1.4887e-05 0.000188505 0.000724901 0.0001517 0.000881355 0.000604284 0.00079363 0.000273851 0.000253628 -0.000213077 -6.47437e-05 0.000234995 0.00106241 -0.000500191 0.000196121 3.68725e-05 9.56079e-05 0.00131425 0.000313783 -0.000435507 -0.000117703 -0.000173238 0.00113613 -0.000139179 -1.47685e-05 0.0013694 -4.34702e-05
internal_weight=202736 59666 143070 59852 49238 10428 2236 8192 4995 4264 14076 40607 83218 45776 39940 1263 731 12813 11364 10363 3197 28576 12641 38703 70577 2673 59530 17660 667 26351
internal_count=202736 59666 143070 59852 49238 10428 2236 8192 4995 4264 14076 40607 83218 45776 39940 1263 731 12813 11364 10363 3197 28576 12641 38703 70577 2673 59530 17660 667 26351
is_linear=0
shrinkage=0.02


Tree=96
num_leaves=31
num_cat=0
split_feature=34 43 34 34 14 45 41 4 7 45 14 4 43 34 45 44 45 14 14 45 45 41 6 44 6 14 43 41 44 44
split_gain=10.9353 5.3674 4.02641 3.47228 3.04346 3.04245 2.75093 2.51006 2.15075 1.94584 1.88514 1.5145 1.42033 1.3709 1.99153 1.29209 1.29147 1.20369 1.19931 1.06877 0.944664 0.929058 0.984087 0.753788 0.746739 0.710151 0.677598 0.673784 0.631853 0.618861
threshold=0.031039244126431349 3.5400000000008736 -0.015577675985557123 0.087569951792432002 0.55833333333333501 0.065079365079300386 78.701446615120645 0.4151000000000023 0.59482938730020118 0.063007197458063394 0.80238333333333423 0.18580000000000443 8.3199999999997107 -0.00082026025026581682 0.068789173170331716 -0.61500084735822125 0.051081432997896248 1.2073000000000018 0.98900000000000043 0.060073389483738179 0.038790286128119182 62.650602408293416 0.73209999999999975 1.357560484627605 0.13236666666666669 0.1936000000000008 20.519999999999715 62.931630656543597 -0.078266664381402576 1.4204642124723144
decision_type=2 2 2 2 2 2 2 2 2 2 2 2 2 2 2 2 2 2 2 2 2 2 2 2 2 2 2 2 2 2
left_child=1 13 5 6 11 8 9 12 10 21 -3 15 -6 16 27 -4 25 -11 -10 23 -8 -2 -23 -5 -7 -1 -9 -15 -21 -22
right_child=3 2 4 19 7 24 20 26 18 17 -12 -13 -14 14 -16 -17 -18 -19 -20 28 29 22 -24 -25 -26 -27 -28 -29 -30 -31
leaf_value=-0.0003513827123659733 0.00082816817380773925 5.1929570166049401e-05 0.00027771040990064877 0.0013957926456857437 0.00029374023191906329 -0.00043019021980800264 -0.00013927317920374132 -0.00015125212576114374 -0.0003128187213628917 0.00075924334347656874 0.00067503508991812041 -0.0001712659214223497 0.00065516885019157808 -5.9171009432096143e-05 0.00022557905481697293 4.6859155209121298e-06 -0.00039038858861149719 0.0016672863577456155 6.3999199914472124e-05 0.00059884506025506806 0.00035708249524980362 0.00034729911094868749 -0.0008759921103588898 0.00028148799945722474 -0.0014967310579873706 -9.7934367364070412e-05 0.00094523361416439672 -0.00023541781594796018 0.0022878848212305575 -0.00019324022335000813
leaf_weight=5863 1641 11305 11462 563 11263 7588 3850 4271 10115 2162 2345 10152 7085 16595 6686 17549 16492 800 5073 108 4851 6052 275 427 272 17994 238 18183 493 983
leaf_count=5863 1641 11305 11462 563 11263 7588 3850 4271 10115 2162 2345 10152 7085 16595 6686 17549 16492 800 5073 108 4851 6052 275 427 272 17994 238 18183 493 983
internal_value=-1.09752e-13 -5.15145e-05 4.77626e-05 0.000418823 0.000146016 -0.000118286 0.000349342 0.000329406 -2.32149e-05 0.000566816 0.000158976 3.89822e-05 0.000433304 -0.000171305 -9.05442e-05 0.000112556 -0.000254298 0.00100449 -0.000186956 0.00131906 0.000103888 0.000404114 0.000294129 0.000915178 -0.000467099 -0.000160221 -9.3376e-05 -0.000151318 0.00198436 0.000264356
internal_weight=202736 180531 98718 22205 62020 36698 20614 22857 28838 10930 13650 39163 18348 81813 41464 29011 40349 2962 15188 1591 9684 7968 6327 990 7860 23857 4509 34778 601 5834
internal_count=202736 180531 98718 22205 62020 36698 20614 22857 28838 10930 13650 39163 18348 81813 41464 29011 40349 2962 15188 1591 9684 7968 6327 990 7860 23857 4509 34778 601 5834
is_linear=0
shrinkage=0.02


Tree=97
num_leaves=31
num_cat=0
split_feature=34 9 43 14 41 34 7 44 43 41 5 14 14 34 43 6 44 6 41 44 14 34 5 15 9 44 44 9 4 34
split_gain=10.5142 6.09025 3.68234 3.47948 3.16892 2.78225 2.56711 2.55113 2.71811 2.21413 1.92435 1.88433 1.34083 1.33916 1.32535 1.18989 1.07814 1.04544 1.02245 0.836711 0.650953 0.645222 0.617508 0.599597 0.732168 0.599507 0.550894 0.945203 0.531242 0.517226
threshold=0.038381522042216225 2.8450000000000069 3.8199999999967988 1.6623500000000015 24.576502605478577 0.10738946363118447 0.63845653727725982 1.0000000180025095e-35 3.1199999999967991 76.94915253964696 1.0050500000000029 0.4527166666666676 0.77161666666666784 -0.021534874597406269 10.760000000002039 0.023566666666665986 1.1609765836092667 0.65431666666666677 58.626306552674514 -0.49162951159324991 0.14333333333333395 0.065064307952460362 0.48410000000000136 2.1511608591258402 4.5755000000000061 2.8757842291610967 3.6600125406477528 23.580500000000018 0.18580000000000443 0.070202806751051852
decision_type=2 2 2 2 2 2 2 2 2 2 2 2 2 2 2 2 2 2 2 2 2 2 2 2 2 2 2 2 2 2
left_child=1 4 17 6 -1 9 11 8 -6 18 15 -4 -10 -8 28 -5 -16 20 -2 21 -3 -11 -22 24 -20 29 27 -7 -9 -21
right_child=5 2 3 10 7 26 13 14 12 19 -12 -13 -14 -15 16 -17 -18 -19 23 25 22 -23 -24 -25 -26 -27 -28 -29 -30 -31
leaf_value=-0.00032377906893052205 0.0014785917003724356 -0.00036586198091418027 0.00019177993370042033 0.0023856872357669152 -0.00014032824898096473 0.0013020150685485493 -0.0004482780244614585 -0.00019812366958559845 6.961662032180421e-05 0.00039415802336567114 -0.00037447329002994212 0.00062815603646401025 0.00040009572002893318 0.00010584177981645997 0.00038568262517610141 0.0010881799062725612 -0.00015682247693230638 -0.00082185749239226406 0.00047773347237171346 6.4324758470450904e-05 3.3611869019040865e-05 0.0012635813630018919 -0.00041056530377342964 0.00018481944094677805 0.00098735257011542659 -0.00059187062122370321 0.00045812294731149448 0.0028536699000210409 -0.00039159046203965272 0.00055666078700033399
leaf_weight=23963 655 2012 8454 367 27693 414 2090 29157 31201 1864 294 7443 5828 10555 2661 1231 3261 668 2205 4348 22421 418 1326 947 2308 459 128 253 7050 1062
leaf_count=23963 655 2012 8454 367 27693 414 2090 29157 31201 1864 294 7443 5828 10555 2661 1231 3261 668 2205 4348 22421 418 1326 947 2308 459 128 253 7050 1062
internal_value=1.68825e-14 -4.08016e-05 0.000132006 0.000281985 -0.000115916 0.000508429 0.000226926 -6.92997e-05 9.54476e-06 0.000444258 0.00111258 0.000396092 0.000121631 1.42554e-05 -0.000190427 0.00138617 8.69475e-05 -4.07126e-05 0.000731924 0.000228448 -2.04555e-05 0.000553413 8.80962e-06 0.000642351 0.000738359 0.000102094 0.00165994 0.00189057 -0.000235794 0.000160972
internal_weight=202736 187675 56861 30434 130814 15061 28542 106851 64722 14266 1892 15897 37029 12645 42129 1598 5922 26427 6115 8151 25759 2282 23747 5460 4513 5869 795 667 36207 5410
internal_count=202736 187675 56861 30434 130814 15061 28542 106851 64722 14266 1892 15897 37029 12645 42129 1598 5922 26427 6115 8151 25759 2282 23747 5460 4513 5869 795 667 36207 5410
is_linear=0
shrinkage=0.02


Tree=98
num_leaves=31
num_cat=0
split_feature=10 14 34 14 20 6 9 6 10 44 44 14 10 10 34 10 5 9 10 44 9 34 14 41 14 7 41 22 34 34
split_gain=15.8655 6.21593 3.87923 2.47037 2.42505 2.35082 2.31982 2.09563 2.07128 2.27613 1.61682 2.34895 2.86867 2.5538 1.58447 1.57891 1.52135 1.48112 1.31634 1.34647 1.25793 1.10835 1.08273 1.07294 1.07124 0.947179 0.936491 0.910827 0.897358 0.712309
threshold=8.5959999999999983 0.93891666666666773 0.035570796605549411 0.21986666666666724 5.2999999999956353 0.65431666666666677 -0.88999999999998269 -0.18960000000000019 32.655499999999996 2.2369082558236983 0.05515239103488221 0.66855000000000142 -116.33499999999999 -54.442500000000003 -0.077864218579604044 -80.640000000000001 0.48410000000000136 -3.6759999999999957 61.751999999999988 -0.46263401959063594 17.12850000000001 0.0061794748305899492 0.92465000000000086 80.158036405342088 0.80238333333333423 0.45504087726779313 69.748708730521628 0.64356435642936449 -0.02285948758854071 0.070202806751051852
decision_type=2 2 2 2 2 2 2 2 2 2 2 2 2 2 2 2 2 2 2 2 2 2 2 2 2 2 2 2 2 2
left_child=2 3 6 -2 5 28 10 24 21 17 11 12 -1 -13 -6 22 -17 -10 19 -16 -11 25 -9 29 -8 -5 -23 -20 -3 -4
right_child=1 4 23 8 14 -7 7 15 9 20 -12 13 -14 -15 18 16 -18 -19 27 -21 -22 26 -24 -25 -26 -27 -28 -29 -30 -31
leaf_value=0.0024577599617187007 -0.00011951631330494943 6.2041247789218043e-05 0.00036154454813335169 0.00016938811704373408 -0.00063191825478078011 -0.00030777328154333672 0.00024229558097667181 0.0013930991567023621 0.00011024476226139373 -0.0019938188153721644 -0.0003303765730765302 -0.00034604269296162316 -0.00022676135060454311 0.00042878802071409769 6.4420333573993077e-05 -6.1713161625193003e-05 -0.00057736388210400476 0.00062151490085737154 0.0022997187499602897 0.0010291043583276901 0.00010483232441196299 0.00045067368085423455 -4.5681606896943154e-05 4.063001302174664e-05 0.0014395845817865378 -0.00012999759563576231 0.00011441307994375935 0.0012247179009174504 0.00082647689356502799 0.0010299092819332145
leaf_weight=160 9498 793 4543 9858 234 1429 679 492 2977 227 31934 2535 32813 5175 699 52000 2394 9496 460 3364 230 6692 364 4726 534 7400 6561 1002 2725 742
leaf_count=160 9498 793 4543 9858 234 1429 679 492 2977 227 31934 2535 32813 5175 699 52000 2394 9496 460 3364 230 6692 364 4726 534 7400 6561 1002 2725 742
internal_value=8.20371e-14 0.000261553 -0.000119681 0.000172668 0.000701069 0.000376297 -0.000149095 -5.29419e-05 0.000236552 0.000448694 -0.000223859 -0.000140248 -0.000213735 0.000174029 0.00098005 -7.09958e-05 -8.44081e-05 0.000499487 0.00104832 0.00086314 -0.000937605 0.000146649 0.000781281 0.000259585 0.000769379 4.10155e-05 0.000284205 0.00156295 0.000654164 0.000455381
internal_weight=202736 63645 139091 52939 10706 4947 129080 56463 43441 12930 72617 40683 32973 7710 5759 55250 54394 12473 5525 4063 457 30511 856 10011 1213 17258 13253 1462 3518 5285
internal_count=202736 63645 139091 52939 10706 4947 129080 56463 43441 12930 72617 40683 32973 7710 5759 55250 54394 12473 5525 4063 457 30511 856 10011 1213 17258 13253 1462 3518 5285
is_linear=0
shrinkage=0.02


Tree=99
num_leaves=31
num_cat=0
split_feature=10 43 34 10 10 9 44 43 34 34 43 7 44 13 45 45 7 10 15 43 10 41 45 34 10 10 44 44 44 45
split_gain=15.2372 6.28931 3.72561 2.38828 2.29706 2.24915 2.11433 2.26371 1.69336 1.5835 1.48521 1.95178 1.78009 1.53626 1.46069 1.38562 1.27571 1.27471 1.1305 1.18586 1.0307 1.03045 0.947478 1.13264 0.925846 1.38072 1.2169 1.37456 0.99807 0.903023
threshold=8.5959999999999983 7.6400000000008736 0.035570796605549411 49.269499999999994 44.904999999999994 10.439000000000014 1.0000000180025095e-35 5.6999999999985453 -0.041230039570675385 -0.00082026025026581682 20.519999999999715 1.5781378266207933 1.6542134638417785 0.5666666666666661 0.062707779652269049 0.055704697986521952 0.51456758544993997 -61.318499999999993 2.235864821355424 12.740000000000874 -116.33499999999999 80.158036405342088 0.063868320146795513 -0.027331438552363738 55.133999999999993 82.286500000000004 -0.26606666858219863 1.7901416812775957 0.40228200762313032 0.065079365079300386
decision_type=2 2 2 2 2 2 2 2 2 2 2 2 2 2 2 2 2 2 2 2 2 2 2 2 2 2 2 2 2 2
left_child=2 4 5 8 9 6 7 20 29 22 11 13 -12 -5 -11 -7 -9 -17 19 -10 -1 -4 -2 -24 26 -26 -6 -28 -27 -3
right_child=1 3 21 10 24 15 -8 16 18 14 12 -13 -14 -15 -16 17 -18 -19 -20 -21 -22 -23 23 -25 25 28 27 -29 -30 -31
leaf_value=0.0016243762333422555 1.3938926691554628e-05 8.3342562288591003e-05 0.00044627356086101802 0.00036755978185081374 0.00038104042362130256 -9.7632888262717329e-07 -0.00026293450509533799 0.00028252220661197498 0.00054902340317747442 0.00010043565470419755 0.0036081296491605091 0.00021125579300703738 0.0011195624524839947 0.0015699981775264271 0.00045805015793136524 0.0023728995110977851 -4.747636369137391e-05 0.00051503602979863867 0.00013084803500753922 0.0011704033894615262 -0.00016549398641680133 3.9817413326321833e-05 -0.0010248889004118387 -0.00014910305288619408 4.2203758864485013e-05 0.00047256449396806526 0.0015059593953578154 0.00010110212170267894 0.0017744686725492914 -0.0011558363924778195
leaf_weight=129 14909 1131 5285 581 1905 3301 50589 8100 6319 16895 188 1096 296 1583 6262 160 11117 1925 1942 1525 53759 4726 787 2368 2980 777 1092 374 338 297
leaf_count=129 14909 1131 5285 581 1905 3301 50589 8100 6319 16895 188 1096 296 1583 6262 160 11117 1925 1942 1525 53759 4726 787 2368 2980 777 1092 374 338 297
internal_value=4.45069e-14 0.000256322 -0.000117287 0.000615012 0.000146122 -0.000146113 -0.000163534 -9.47488e-05 0.000468988 8.76573e-05 0.00105238 0.000898894 0.0020862 0.00124716 0.00019714 0.000253971 9.16186e-05 0.000657606 0.000562871 0.00066983 -0.000161209 0.000254393 -5.26931e-05 -0.000367564 0.000468915 0.000266843 0.000714388 0.00114756 0.000867222 -0.000174386
internal_weight=202736 63645 139091 14958 48687 129080 123694 73105 11214 41221 3744 3260 484 2164 23157 5386 19217 2085 9786 7844 53888 10011 18064 3155 7466 4095 3371 1466 1115 1428
internal_count=202736 63645 139091 14958 48687 129080 123694 73105 11214 41221 3744 3260 484 2164 23157 5386 19217 2085 9786 7844 53888 10011 18064 3155 7466 4095 3371 1466 1115 1428
is_linear=0
shrinkage=0.02


Tree=100
num_leaves=31
num_cat=0
split_feature=10 34 43 43 10 43 42 34 44 42 34 5 44 10 14 44 7 43 9 14 6 14 6 14 10 41 5 7 14 44
split_gain=14.6873 5.89451 3.43802 2.79664 2.76206 2.1403 2.00968 1.54705 1.52709 1.51415 1.51329 1.50023 1.37409 1.12841 1.66098 1.42083 1.12246 1.07987 1.07506 1.04141 1.4598 1.0405 1.12336 1.02299 1.00333 0.960214 1.03027 0.955361 1.13603 0.79714
threshold=33.544999999999987 0.0054989178589617072 5.780000000003203 12.740000000000874 -3.0935000000000161 10.91999999999971 0.84737528217678082 0.061204343749087918 2.4611991762751737 0.81986196433497682 0.011574350805135121 0.4296000000000017 2.7704034032640541 44.904999999999994 1.7400000000000009 1.4204642124723144 1.464319193322513 2.1400000000008736 10.439000000000014 0.55381666666666807 0.73209999999999975 0.33926666666666755 0.20233333333333306 2.8280666666666687 5.428499999999989 18.811881187840871 0.086650000000001712 1.8986280173438217 1.2073000000000018 0.095518270425878724
decision_type=2 2 2 2 2 2 2 2 2 2 2 2 2 2 2 2 2 2 2 2 2 2 2 2 2 2 2 2 2 2
left_child=1 4 9 10 18 25 24 29 13 17 11 21 19 -5 16 -16 -15 -3 -1 -12 -21 -2 -23 -10 -4 -6 -27 28 -7 -8
right_child=3 2 6 8 5 27 7 -9 23 -11 12 -13 -14 14 15 -17 -18 -19 -20 20 -22 22 -24 -25 -26 26 -28 -29 -30 -31
leaf_value=-0.00024714303635289987 5.1010824167916992e-05 -7.9446934758570933e-05 0.00032356847342853595 0.00065116809988952876 -0.00027463477242727703 0.000479798565126354 0.00014398793964649477 0.0005588231215470069 -0.00040482079528930237 -0.00014975747106965758 0.0004388450135943265 -0.00066066612651327703 -0.00062530249847722597 0.0019303786751223649 0.0035975569498976623 0.0015204264273075202 0.00045247807559548471 0.00018593291194373408 0.00027278020862093284 0.0011548863720594641 -1.8332864675979516e-05 0.0005997706528158075 -2.6575916171732618e-05 0.0012677389234874625 0.00069616198316862685 2.6323840616961431e-05 -0.00022858952519684523 -0.00014295193934786796 0.0016390566609250849 -0.00021757094175446656
leaf_weight=61554 3321 10000 8890 543 7441 1752 5350 2266 363 19597 2498 629 307 399 276 252 424 15862 1633 2831 499 5888 1422 245 4284 30601 8000 707 419 4483
leaf_count=61554 3321 10000 8890 543 7441 1752 5350 2266 363 19597 2498 629 307 399 276 252 424 15862 1633 2831 499 5888 1422 245 4284 30601 8000 707 419 4483
internal_value=7.48615e-14 -5.61559e-05 8.68085e-05 0.000516032 -0.000146357 -3.3533e-05 0.000273816 8.77145e-05 0.00114124 -1.71583e-05 0.000426106 0.000288411 0.000678827 0.00142119 0.00173068 0.0026062 0.00116898 8.33191e-05 -0.000233706 0.000747524 0.00097908 0.000344565 0.000477929 0.000269155 0.000444731 -6.66074e-05 -2.65066e-05 0.000495589 0.000703534 -2.08517e-05
internal_weight=202736 182839 70732 19897 112107 48920 25273 12099 2502 45459 17395 11260 6135 1894 1351 528 823 25862 63187 5828 3330 10631 7310 608 13174 46042 38601 2878 2171 9833
internal_count=202736 182839 70732 19897 112107 48920 25273 12099 2502 45459 17395 11260 6135 1894 1351 528 823 25862 63187 5828 3330 10631 7310 608 13174 46042 38601 2878 2171 9833
is_linear=0
shrinkage=0.02


Tree=101
num_leaves=31
num_cat=0
split_feature=34 9 45 45 9 34 6 34 5 9 6 34 41 5 5 6 45 20 45 20 5 44 45 41 44 45 6 44 44 44
split_gain=9.3041 5.54398 4.41768 4.40655 5.05625 2.3776 2.50531 2.36417 1.90467 1.89768 1.84462 1.7747 1.74434 1.40751 1.28874 1.23693 1.08266 1.04545 0.878072 0.836599 0.832498 0.827523 0.826409 0.801829 0.799879 0.760875 0.653062 0.645464 0.585016 0.579749
threshold=0.041686708810711452 -0.95699999999998886 0.035674727162131006 0.04063870473433278 11.4055 -0.0048475965065699648 -0.09336666666666639 0.10738946363118447 0.40025000000000144 -11.218499999999988 0.34564999999999979 -0.0046147782494757525 76.94915253964696 -0.19389999999999738 0.07920000000000281 -0.15460000000000065 0.063007197458063394 2.700000000004366 0.054809255940333854 2.0499999999956349 2.3172500000000009 2.0142050505149549 0.050790807708859187 65.884419652272769 0.05515239103488221 0.068789173170331716 -0.59721666666666684 0.38459478960569654 1.6542134638417785 2.2891819201307584
decision_type=2 2 2 2 2 2 2 2 2 2 2 2 2 2 2 2 2 2 2 2 2 2 2 2 2 2 2 2 2 2
left_child=1 2 9 8 5 14 -7 12 15 26 17 25 16 -13 -5 -3 28 -6 -9 -17 -12 23 29 -11 -15 -4 -1 -28 -2 -14
right_child=7 3 11 4 10 6 -8 18 -10 21 20 13 22 24 -16 19 -18 -19 -20 -21 -22 -23 -24 -25 -26 -27 27 -29 -30 -31
leaf_value=-8.5088395073838603e-05 0.00070887737348474618 0.00041768165297925524 -0.000279842023502227 -4.1133472873873848e-05 0.00056961200343796361 0.0011058550618587711 0.00016103698784769048 0.00093639705567001357 -0.00048242518119959952 3.9577928524425409e-05 0.00030667833289775397 0.0002765135204919978 0.00013193133403529425 -7.1445849584680701e-05 -0.00059182024437663683 -0.00012884059637160389 0.0012034411662082412 0.0010945947586330081 0.0022664116791074542 4.7614840778023126e-05 -0.0013136213196213993 -0.00047624696190915589 0.00048165844719104964 -0.00023167605914458189 -0.00034994984092345132 -0.00047770515359945795 0.00062003176926197915 0.00018043701132363892 0.00012530753156688302 -0.00067712598686352351
leaf_weight=1224 2547 2365 23607 9013 3101 1170 27711 410 4007 21130 3244 3173 3292 10406 2095 24655 1439 2971 385 19053 132 1663 3267 5492 6834 11591 3033 2388 941 397
leaf_count=1224 2547 2365 23607 9013 3101 1170 27711 410 4007 21130 3244 3173 3292 10406 2095 24655 1439 2971 385 19053 132 1663 3267 5492 6834 11591 3033 2388 941 397
internal_value=1.09941e-13 -3.49932e-05 -0.000148239 6.80386e-05 0.000201987 0.000103672 0.000199313 0.000524589 -6.41897e-05 2.80335e-05 0.000618107 -0.000258959 0.000453947 -0.000110598 -0.000144995 -2.78155e-05 0.000741867 0.000826484 0.00158049 -5.19209e-05 0.000243325 -4.34181e-05 0.000250011 -1.63806e-05 -0.000181846 -0.000345 0.000332173 0.000426386 0.000551441 4.48628e-05
internal_weight=202736 190058 90541 99517 49437 39989 28881 12678 50080 34930 9448 55611 11883 20413 11108 46073 4927 6072 795 43708 3376 28285 6956 26622 17240 35198 6645 5421 3488 3689
internal_count=202736 190058 90541 99517 49437 39989 28881 12678 50080 34930 9448 55611 11883 20413 11108 46073 4927 6072 795 43708 3376 28285 6956 26622 17240 35198 6645 5421 3488 3689
is_linear=0
shrinkage=0.02


Tree=102
num_leaves=31
num_cat=0
split_feature=9 14 41 43 6 43 44 14 14 44 9 9 44 7 14 6 29 44 13 14 6 15 14 13 13 9 6 14 41 44
split_gain=8.37062 5.22714 3.58509 3.77347 2.44372 2.26001 2.22448 2.04782 1.804 1.67158 1.66077 1.65197 1.62729 1.53628 1.57348 1.47824 1.09108 1.04724 0.921819 0.911294 0.984052 0.733027 0.722736 0.710101 0.740863 0.645455 0.58685 0.543737 0.538118 0.537226
threshold=4.5755000000000061 1.6623500000000015 24.576502605478577 4.3199999999997098 1.0055833333333333 3.7800000000002916 1.0363801510215607 2.8280666666666687 0.77161666666666784 1.8980549983019654 -15.052999999999995 -2.4710000000000094 0.65801029313983161 0.69382778842618775 0.38381666666666808 0.21416666666666598 0.057904877469106004 -0.19341946934428439 1.1191666666666682 1.2694166666666675 0.051233333333333346 2.5297921356699269 0.34163333333333462 1.938466666666667 4.1405666666666692 15.723000000000011 0.3070166666666661 0.23190000000000055 36.383747252510915 2.4015961662112746
decision_type=2 2 2 2 2 2 2 2 2 2 2 2 2 2 2 2 2 2 2 2 2 2 2 2 2 2 2 2 2 2
left_child=2 5 -1 17 9 26 8 -6 11 12 -10 -5 25 14 -7 -16 18 22 -15 29 -21 -11 -4 -9 -25 -3 27 -2 -14 -8
right_child=1 4 3 6 7 13 19 23 10 21 -12 -13 28 16 15 -17 -18 -19 -20 20 -22 -23 -24 24 -26 -27 -28 -29 -30 -31
leaf_value=-0.00029062603942502655 -0.00016421017381276729 0.0020266324540981176 -0.00012747441962713367 -6.5254896173363717e-05 -0.00033865647678745588 0.00013443526493652017 -0.00016032668571233467 -0.00024694330866011207 6.1396271005559607e-05 0.0011151668503762045 0.00057862739280567076 0.00020659830402161084 0.0012397816600815321 0.00013205334064655044 0.00078003819172737013 0.00029152034200581486 0.00052362491305942536 -0.00023361122065835687 -0.00032389871865670628 -1.9580267898497001e-05 0.00085284123084784086 -9.0521609078943974e-05 5.6646452139692209e-05 0.0025162662624403425 0.00089358391224093946 0.00052764973718549195 -0.00025888955891645765 0.00010994176390648723 0.0028090081923262279 -0.00051536093241643527
leaf_weight=25519 3761 176 27684 16454 816 5205 8048 107 4027 742 6477 19582 104 8350 5576 4459 2211 26098 2252 2826 633 277 12324 191 274 331 2971 12550 548 2163
leaf_count=25519 3761 176 27684 16454 816 5205 8048 107 4027 742 6477 19582 104 8350 5576 4459 2211 26098 2252 2826 633 277 12324 191 274 331 2971 12550 548 2163
internal_value=7.444e-14 0.000221956 -7.44082e-05 -3.07268e-05 0.000960369 0.000166327 8.38133e-05 0.000304526 0.000149697 0.00137833 0.000380332 8.24704e-05 0.00189785 0.0002809 0.000416609 0.000562968 0.000119485 -0.000135051 3.52033e-05 -0.000140492 0.000140074 0.000787418 -7.07581e-05 0.00122207 0.00156011 0.00104801 -3.62318e-07 4.67276e-05 0.0025587 -0.000235534
internal_weight=202736 50901 151835 126316 3566 47335 60210 1388 46540 2178 10504 36036 1159 28053 15240 10035 12813 66106 10602 13670 3459 1019 40008 572 465 507 19282 16311 652 10211
internal_count=202736 50901 151835 126316 3566 47335 60210 1388 46540 2178 10504 36036 1159 28053 15240 10035 12813 66106 10602 13670 3459 1019 40008 572 465 507 19282 16311 652 10211
is_linear=0
shrinkage=0.02


Tree=103
num_leaves=31
num_cat=0
split_feature=10 43 34 45 10 14 10 14 42 10 14 34 45 45 34 44 14 34 45 43 10 44 10 45 9 9 9 10 10 13
split_gain=13.8403 5.63349 3.29459 2.72931 2.6586 2.28614 2.12765 1.93836 1.77207 1.74003 1.65896 1.6129 1.60493 1.57147 1.39109 1.31967 1.96346 1.2267 1.2185 1.08475 1.33602 1.11241 1.39304 1.07522 1.64571 1.15132 1.00192 1.00015 1.42491 0.98356
threshold=8.5959999999999983 6.6599999999962174 0.0028642136756418394 0.069119083368890277 61.751999999999988 1.1100500000000013 -138.12749999999997 1.4832666666666674 0.61096241833954268 43.516499999999986 0.4985666666666681 -0.021115727518336427 0.065079365079300386 0.070084585145808745 0.038381522042216225 2.2891819201307584 1.7400000000000009 -0.00082026025026581682 0.062707779652269049 9.4199999999997104 -166.39949999999996 0.95982646591898535 -72.730999999999995 0.04489985496602001 -9.9359999999999893 -3.407999999999991 -0.75299999999999712 57.764499999999991 82.286500000000004 0.43146666666666705
decision_type=2 2 2 2 2 2 2 2 2 2 2 2 2 2 2 2 2 2 2 2 2 2 2 2 2 2 2 2 2 2
left_child=2 9 13 6 11 -5 7 -4 29 17 26 12 -3 19 -10 16 -12 -2 -19 20 -1 22 -21 24 -13 -25 -6 -11 -29 -8
right_child=1 4 3 5 10 -7 8 -9 14 27 15 23 -14 -15 -16 -17 -18 18 -20 21 -22 -23 -24 25 -26 -27 -28 28 -30 -31
leaf_value=0.0019609600608148513 -6.2410999608763785e-05 0.00025850154633586734 0.0019464882537751692 0.00026686861834789428 -0.0014680569649350886 0.0017522469692962173 2.0665019248971279e-05 0.00011175625777271023 -0.00017610049922790508 0.000616830217953618 0.0011175494275967579 0.0013791935303487035 -0.00083666642053350712 -0.0004087578136572047 0.00013875428974043254 0.00034248357690975275 0.0025169095635838848 7.4861007886621031e-05 0.00041545967490567179 -0.00037561787632008336 -0.00019686931323975132 -0.00025855666266130382 0.00030432363318230233 -4.1763177938235615e-06 0.00024841467207358122 0.00082949029311053487 0.00073348738145940606 -0.00014279090637206964 0.00078356269801409641 0.00045983046452808472
leaf_weight=115 16410 3122 400 7416 147 439 5216 543 33971 4014 1511 568 646 11683 6724 499 546 15356 5784 1516 58105 3733 5880 754 5499 5468 189 2176 956 3350
leaf_count=115 16410 3122 400 7416 147 439 5216 543 33971 4014 1511 568 646 11683 6724 499 546 15356 5784 1516 58105 3733 5880 754 5499 5468 189 2176 956 3350
internal_value=-1.80396e-13 0.000244289 -0.000111781 3.21238e-06 0.000533276 0.000349883 -5.10283e-05 0.000890009 -6.90426e-05 0.000121773 0.00109148 0.000432738 7.07419e-05 -0.000194174 -0.000124077 0.00126516 0.00148899 6.73348e-05 0.00016805 -0.000158024 -0.000192607 2.28946e-05 0.000164952 0.000543732 0.00035428 0.000728464 -0.000229688 0.000407827 0.000139966 0.000192414
internal_weight=202736 63645 139091 58059 18949 7855 50204 943 49261 44696 2892 16057 3768 81032 40695 2556 2057 37550 21140 69349 58220 11129 7396 12289 6067 6222 336 7146 3132 8566
internal_count=202736 63645 139091 58059 18949 7855 50204 943 49261 44696 2892 16057 3768 81032 40695 2556 2057 37550 21140 69349 58220 11129 7396 12289 6067 6222 336 7146 3132 8566
is_linear=0
shrinkage=0.02


Tree=104
num_leaves=31
num_cat=0
split_feature=34 9 43 14 34 41 7 14 14 44 14 15 43 44 34 34 41 34 42 44 42 34 6 44 43 6 44 43 4 41
split_gain=8.53336 4.22317 4.17072 3.54632 3.33414 3.07058 2.7957 2.49741 1.85299 2.22198 1.66559 1.51558 1.40262 1.26561 1.10165 1.1014 0.989507 0.961559 0.958548 0.904881 0.836579 0.832173 0.787553 0.739639 0.727535 0.68707 0.600963 0.592337 0.554281 0.519745
threshold=0.024747653753899503 -0.95699999999998886 3.3600000000020378 1.6623500000000015 0.070202806751051852 66.50774528468223 0.61590104724059203 0.42195000000000077 0.76196666666666768 0.40228200762313032 2.1761666666666684 2.5297921356699269 16.880000000000297 2.7704034032640541 -0.0095901530654452973 -0.021534874597406269 82.735042733566246 0.10738946363118447 0.81986196433497682 -1.201588325466376 0.51343748924280075 0.038381522042216225 0.65431666666666677 -0.012900324672015098 1.9799999999944704 -0.029233333333334031 3.3560177182225739 10.760000000002039 0.22400000000000017 84.46122086472505
decision_type=2 2 2 2 2 2 2 2 2 2 2 2 2 2 2 2 2 2 2 2 2 2 2 2 2 2 2 2 2 2
left_child=1 8 22 6 5 20 7 -4 14 10 19 12 -5 16 25 -8 21 26 23 -10 -2 -7 24 -16 -3 -1 29 -27 -26 -6
right_child=4 2 3 11 17 13 15 -9 9 -11 -12 -13 -14 -15 18 -17 -18 -19 -20 -21 -22 -23 -24 -25 28 27 -28 -29 -30 -31
leaf_value=-0.00033320053996456462 0.0019790005639075741 -0.00017256003529653841 0.00011170405259945136 0.0010508167160378113 0.0010599944194468079 0.00012457940945763562 -0.00036517620420973467 0.00050798467507250338 0.00082988316781099211 -0.00019178540709825076 -0.00056740747032841534 -5.8986842793646545e-05 0.0026727423847107633 -0.00063567999192403965 -7.9291820936504963e-06 2.4072944973123087e-05 -1.4322890642923332e-05 0.0015222581703964117 -0.0003583571569448323 0.00025266956121326663 0.00058431909143234967 0.0004582885668738429 -0.00094090248953637376 -0.0002116245845017574 4.3843693835559807e-05 -0.00013269345665317396 -0.00029228657117400702 0.00077538184764075686 -0.00026588521487983289 0.00042012643754700817
leaf_weight=25693 177 21961 16179 1128 1347 6969 3681 10483 1306 9077 882 386 263 848 19246 13841 8402 795 6080 6460 6133 5234 445 11327 15636 4710 214 306 2712 815
leaf_count=25693 177 21961 16179 1128 1347 6969 3681 10483 1306 9077 882 386 263 848 19246 13841 8402 795 6080 6460 6133 5234 445 11327 15636 4710 214 306 2712 815
internal_value=1.72628e-13 -5.5059e-05 4.31655e-05 0.000173776 0.000305788 0.000235615 0.000138544 0.000267514 -0.000155163 2.67861e-05 0.0002562 0.00104979 0.00135748 0.000121544 -0.000203039 -5.77e-05 0.000152707 0.000920171 -0.000129007 0.000349739 0.000623441 0.000267711 -0.000104133 -8.33964e-05 -9.48952e-05 -0.000291401 0.000718715 -7.72965e-05 -1.93703e-06 0.000818786
internal_weight=202736 171802 86715 45961 30934 27763 44184 26662 85087 17725 8648 1777 1391 21453 67362 17522 20605 3171 36653 7766 6310 12203 40754 30573 40309 30709 2376 5016 18348 2162
internal_count=202736 171802 86715 45961 30934 27763 44184 26662 85087 17725 8648 1777 1391 21453 67362 17522 20605 3171 36653 7766 6310 12203 40754 30573 40309 30709 2376 5016 18348 2162
is_linear=0
shrinkage=0.02


Tree=105
num_leaves=31
num_cat=0
split_feature=10 43 34 10 45 10 14 14 42 34 14 45 45 34 14 44 45 10 9 45 15 4 14 6 17 20 43 13 34 1
split_gain=13.1607 5.41923 2.93046 2.66084 2.5349 2.02336 1.9817 1.93485 1.90978 1.9083 1.59471 1.48179 1.38063 1.38021 1.36468 3.1886 1.39556 1.28362 1.17682 1.16118 1.15057 1.10762 1.20431 1.05859 1.0497 1.54744 1.03404 1.01369 0.998486 0.994952
threshold=7.8739999999999908 6.3800000000002912 0.0028642136756418394 47.642999999999994 0.072818779544731357 -138.12749999999997 1.4832666666666674 1.1814666666666676 0.62389174210698084 -0.022374440849724644 0.21986666666666724 0.065079365079300386 0.065079365079300386 0.035570796605549411 1.6623500000000015 2.2891819201307584 0.019830577800673516 43.516499999999986 9.8814999999999991 0.047603752351421579 1.477200358786517 0.15380000000000427 0.48360000000000075 0.65431666666666677 2.0648577586813457 6.4500000000043665 15.139999999997965 0.43146666666666705 0.0061794748305899492 0.011674774372612898
decision_type=2 2 2 2 2 2 2 2 2 2 2 2 2 2 2 2 2 2 2 2 2 2 2 2 2 2 2 2 2 2
left_child=2 10 11 9 5 6 -4 -6 27 12 -2 24 -3 -10 20 16 -16 23 -13 -17 26 22 -11 28 25 -1 -5 -7 -12 -27
right_child=1 3 4 14 7 8 -8 -9 13 21 17 18 -14 -15 15 19 -18 -19 -20 -21 -22 -23 -24 -25 -26 29 -28 -29 -30 -31
leaf_value=-0.00016704947281838997 -0.00012256800176467712 0.00015230090660677025 0.0019205370329277061 0.00081835846771010831 0.00032165282745103734 2.5234508542953373e-05 7.9521599841792935e-05 0.0021052502179016159 -0.00018149141511334611 0.00032322103332296217 3.3343601594704034e-05 -0.00038130942807059121 -0.0008648960099800825 0.00010923623563182737 0.00030235515018974088 -0.00067211893888620227 0.0027094630092001364 0.0004304626655954518 0.00087663303853993126 0.0010902559644810482 0.00014685625501662769 0.00029813051019551357 0.00089547849203352211 -0.00072949410830240352 -0.00036768100589679609 -0.00016491926264385553 0.0023683561187397731 0.00044515611928909254 0.00027139573377165223 0.00024373444146666407
leaf_weight=45043 9406 2883 408 2314 5295 5883 548 255 32671 2373 17010 16307 655 8164 114 247 622 6250 303 379 1058 6044 3870 582 7528 3645 186 3775 12034 6884
leaf_count=45043 9406 2883 408 2314 5295 5883 548 255 32671 2373 17010 16307 655 8164 114 247 622 6250 303 379 1058 6044 3870 582 7528 3645 186 3775 12034 6884
internal_value=1.54758e-13 0.000231869 -0.000111987 0.000499566 -2.48487e-06 -4.6291e-05 0.000865227 0.000403602 -6.35491e-05 0.000373269 0.000109229 -0.000190289 -3.60157e-05 -0.000123367 0.000905796 0.00144416 0.00233662 0.000170002 -0.000358362 0.000394878 0.00069971 0.000491121 0.00067796 0.000115054 -0.000146047 -0.000116024 0.000933678 0.000189368 0.000131977 0.000102264
internal_weight=202736 66027 136709 20745 56999 51449 956 5550 50493 15825 45282 79710 3538 40835 4920 1362 736 35876 16610 626 3558 12287 6243 29626 63100 55572 2500 9658 29044 10529
internal_count=202736 66027 136709 20745 56999 51449 956 5550 50493 15825 45282 79710 3538 40835 4920 1362 736 35876 16610 626 3558 12287 6243 29626 63100 55572 2500 9658 29044 10529
is_linear=0
shrinkage=0.02


Tree=106
num_leaves=31
num_cat=0
split_feature=10 34 45 10 10 41 34 14 43 34 45 44 14 34 5 12 6 45 14 6 14 6 14 44 44 42 45 4 33 41
split_gain=12.6514 4.83273 3.91422 2.48076 2.46322 2.2208 2.11972 2.04149 1.98949 1.80674 2.18362 1.6773 1.28462 1.20208 1.06712 1.04766 1.00816 0.985824 0.98196 1.12838 0.933376 1.20632 0.921676 1.03476 0.911769 0.902461 1.69181 0.843913 0.819893 0.785584
threshold=33.544999999999987 0.0054989178589617072 0.065367334860913021 91.561999999999998 -3.0935000000000161 62.377789902426095 0.038381522042216225 1.1814666666666676 12.51999999999971 0.01846981702454616 0.058620524697072546 2.1876406604074967 0.27940000000000126 0.027967676773960847 0.48410000000000136 3.7149000000000028 0.73209999999999975 0.04519090992865981 1.3052833333333342 0.65431666666666677 0.55381666666666807 0.50159999999999927 0.33926666666666755 1.7901416812775957 2.6784778626728234 0.48978728135557253 0.065993369022535817 0.4151000000000023 -0.004718566105040194 13.46832407669878
decision_type=2 2 2 2 2 2 2 2 2 2 2 2 2 2 2 2 2 2 2 2 2 2 2 2 2 2 2 2 2 2
left_child=1 4 5 9 17 13 27 12 20 14 11 16 -4 28 22 24 -11 -1 -12 -20 29 -22 -2 -24 -10 26 -5 -7 -3 -6
right_child=3 2 7 25 8 6 -8 -9 15 10 18 -13 -14 -15 -16 -17 -18 -19 19 -21 21 -23 23 -25 -26 -27 -28 -29 -30 -31
leaf_value=-0.00013776084505302466 5.8345199768593159e-05 0.00049502183944792459 6.8424045630308681e-06 0.001249060742475558 -0.0003494936331941933 -0.00012833178738687147 0.00018634357770681571 0.0012523111782269389 0.0009287280106419915 0.00070755469143776164 0.00089142849288102179 -0.00066580134771454958 0.00043338747740166185 0.00065709787995654105 -0.00046168917255581799 -0.00092960430270130315 -0.00053405636728426548 -0.00029575964620817669 0.0027499225167798534 0.0011687384554298244 0.00017766260993690335 -0.00078356863397808271 0.00053171630284103567 -0.00010450507891356582 -0.00049314227002593349 0.001733737550548683 -0.00096636251967450212 -0.00044244395870518749 7.3210535330125239e-05 -6.4540144239156794e-05
leaf_weight=31785 3591 2095 4020 650 4384 24371 8581 979 1503 2440 1583 519 9495 1873 729 161 293 31402 289 481 9109 554 7193 1192 205 762 175 3980 15338 33004
leaf_count=31785 3591 2095 4020 650 4384 24371 8581 979 1503 2440 1583 519 9495 1873 729 161 293 31402 289 481 9109 554 7193 1192 205 762 175 3980 15338 33004
internal_value=2.13915e-13 -5.21186e-05 7.73308e-05 0.000478933 -0.000133793 1.80006e-06 -8.90687e-05 0.000370397 -2.72468e-05 0.000413186 0.000712297 0.000376508 0.000306513 0.00017563 0.000281229 0.00061269 0.000574444 -0.000216281 0.00117638 0.0017622 -5.26669e-05 0.000122553 0.000326451 0.000441272 0.00075807 0.00123748 0.000779122 -0.000172428 0.000123901 -9.79529e-05
internal_weight=202736 182839 70732 19897 112107 56238 36932 14494 48920 18310 5605 3252 13515 19306 12705 1869 2733 63187 2353 770 47051 9663 11976 8385 1708 1587 825 28351 17433 37388
internal_count=202736 182839 70732 19897 112107 56238 36932 14494 48920 18310 5605 3252 13515 19306 12705 1869 2733 63187 2353 770 47051 9663 11976 8385 1708 1587 825 28351 17433 37388
is_linear=0
shrinkage=0.02


Tree=107
num_leaves=31
num_cat=0
split_feature=10 14 34 6 14 14 34 13 10 44 34 6 10 44 44 10 13 6 10 14 10 42 14 10 10 10 45 45 14 42
split_gain=12.2685 5.08408 2.72073 2.17763 2.66037 2.1139 2.02205 1.93948 1.79858 1.54144 1.89097 1.53328 1.53294 1.75793 1.52907 1.98324 3.1596 1.50363 1.31531 1.2356 1.30719 1.08931 1.2228 2.7276 1.79604 1.02737 0.982666 0.883205 1.2654 0.851529
threshold=7.8739999999999908 0.93891666666666773 0.033164584741510253 0.65431666666666677 2.1761666666666684 0.21986666666666724 0.008748597228129958 1.938466666666667 91.561999999999998 1.8588858361756968 0.014114095607827878 -0.032166666666667169 91.561999999999998 1.357560484627605 -0.58631613174443209 -166.39949999999996 0.64700000000000146 1.3651333333333329 43.516499999999986 0.48360000000000075 -80.640000000000001 0.15462256821773451 1.2370500000000006 -138.12749999999997 -5.4410000000000132 -72.730999999999995 0.055998959094736192 0.071418589269327662 1.2073000000000018 0.47587020884827375
decision_type=2 2 2 2 2 2 2 2 2 2 2 2 2 2 2 2 2 2 2 2 2 2 2 2 2 2 2 2 2 2
left_child=2 5 14 6 26 -2 7 11 9 10 -7 -3 17 -14 15 16 -1 -6 -9 20 -17 -16 23 -23 -24 -21 -5 -4 -29 -10
right_child=1 3 27 4 12 8 -8 18 29 -11 -12 -13 13 -15 21 19 -18 -19 -20 25 -22 22 24 -25 -26 -27 -28 28 -30 -31
leaf_value=0.0042277842247858645 -0.00011648900207973027 0.0011417190600332982 0.00012130593299164629 -0.0006441395333682845 0.0013850505276023601 0.00013417786364520719 0.0011570381120095774 -0.0010933726183282384 0.0005989389247649039 -0.00023260952832725604 0.00043089515038043395 0.00031348016406577896 0.0043676939457654952 0.0010435654747832036 -0.00033800771222200162 0.001188766811274333 0.00012565659864202119 -0.00033095820839457759 0.00071078410814145207 -0.00044891255117591463 -0.0001240259787013153 0.0021819951332081706 -1.5366817858204066e-06 -0.0001874563457730559 0.0011034199121513529 0.00019409163683774353 0.00026169990986576216 0.00044202386300132941 0.0023268456154619346 0.0020377712918887452
leaf_weight=112 10034 1662 9797 1158 408 29073 3471 454 372 3218 12195 1935 100 175 15710 306 228 409 251 1105 35619 195 4885 56733 669 9889 817 1301 160 295
leaf_count=112 10034 1662 9797 1158 408 29073 3471 454 372 3218 12195 1935 100 175 15710 306 228 409 251 1105 35619 195 4885 56733 669 9889 817 1301 160 295
internal_value=1.20773e-13 0.000223871 -0.000108124 0.000619856 0.000168578 0.00014609 0.000797918 0.000508168 0.000204441 0.000188985 0.00022186 0.000696169 0.000960744 0.00225234 -0.000134852 -4.50376e-05 0.00147695 0.000525996 -0.000451042 -5.60667e-05 -0.000112844 -0.000189136 -0.000151704 -0.00017934 0.000131559 0.000129464 -0.00026942 0.000189714 0.000648438 0.0012353
internal_weight=202736 66027 136709 10840 3067 55187 7773 4302 45153 44486 41268 3597 1092 275 125451 47259 340 817 705 46919 35925 78192 62482 56928 5554 10994 1975 11258 1461 667
internal_count=202736 66027 136709 10840 3067 55187 7773 4302 45153 44486 41268 3597 1092 275 125451 47259 340 817 705 46919 35925 78192 62482 56928 5554 10994 1975 11258 1461 667
is_linear=0
shrinkage=0.02


Tree=108
num_leaves=31
num_cat=0
split_feature=10 43 34 43 42 15 10 34 34 10 43 10 15 44 43 5 44 43 7 44 44 34 12 34 10 10 34 41 10 44
split_gain=11.7946 4.49986 3.03047 2.46709 2.24874 1.93028 1.73367 1.75423 1.66139 1.64557 1.44986 1.94531 1.50715 1.27792 1.3008 1.24515 1.14851 1.00393 1.00257 1.10835 0.98438 0.941764 0.891066 0.866693 0.819705 0.805934 0.801692 0.800134 0.789849 0.750517
threshold=9.9334999999999898 12.740000000000874 0.0077797917161733102 3.7800000000002916 0.70124134967005158 3.7127883494889811 47.642999999999994 -0.021115727518336427 0.036424538977527794 55.133999999999993 9.1199999999997114 -166.39949999999996 1.2195562717641586 2.2891819201307584 20.519999999999715 0.033800000000000989 -0.27822851721908304 3.2400000000008737 2.6887740965752691 0.40228200762313032 1.0616332068506611 0.087569951792432002 0.41230000000000339 -0.061622513359237352 6.1289999999999862 -4.5750000000000126 0.10738946363118447 14.742312799182921 -3.3145000000000162 -0.50097693891035633
decision_type=2 2 2 2 2 2 2 2 2 2 2 2 2 2 2 2 2 2 2 2 2 2 2 2 2 2 2 2 2 2
left_child=2 3 10 27 17 9 7 22 16 23 11 -1 20 14 -11 -9 24 -4 19 -8 25 -7 -5 -3 -6 -12 29 -2 -13 -10
right_child=1 5 4 6 8 21 18 15 26 13 12 28 -14 -15 -16 -17 -18 -19 -20 -21 -22 -23 -24 -25 -26 -27 -28 -29 -30 -31
leaf_value=0.0020792004028412827 -0.00035435705468793948 -0.00025838446895825619 2.7813430090010521e-05 0.00019488629353935837 -4.5115887620303394e-05 -0.00019769844769787812 0.00045778056526545236 0.00050402973253703127 0.000446022185759582 0.0018461590305107905 0.00020385336853598281 -0.00024413964779227505 -0.00020058805371500426 0.0006131293010565031 0.0041057432407424566 0.00018151262407610868 -0.00025735870198127515 0.0004246635699402328 -0.0004426750327015657 0.0010422631766936628 -0.00018996418024304723 0.0011432859784015414 -0.00035386655339307089 0.00094996661118492841 0.00048868214823804732 0.00074776191635333241 0.0011365720449401061 7.2491365087793785e-05 -0.00011106121396896284 3.6890083476592603e-05
leaf_weight=150 1901 267 3985 2141 12838 850 3346 8326 2489 533 4499 54420 6630 256 126 11269 13100 7080 335 2120 1876 278 2647 2144 1264 1438 343 23127 26540 6418
leaf_count=150 1901 267 3985 2141 12838 850 3346 8326 2489 533 4499 54420 6630 256 126 11269 13100 7080 335 2120 1876 278 2647 2144 1264 1438 343 23127 26540 6418
internal_value=6.54174e-14 0.00023622 -9.85134e-05 0.000186889 3.2016e-05 0.000847736 0.000308628 0.000234696 -4.37877e-05 0.00109021 -0.000163424 -0.000196298 2.11969e-05 0.00181234 0.00227819 0.000318552 -0.000122524 0.00028174 0.000619382 0.000684473 0.0002094 0.000132792 -0.000108486 0.000816151 2.72986e-06 0.000335593 0.000187757 4.00701e-05 -0.000200514 0.000151219
internal_weight=202736 59666 143070 55212 47517 4454 30184 24383 36452 3326 95553 81110 14443 915 659 19595 27202 11065 5801 5466 7813 1128 4788 2411 14102 5937 9250 25028 80960 8907
internal_count=202736 59666 143070 55212 47517 4454 30184 24383 36452 3326 95553 81110 14443 915 659 19595 27202 11065 5801 5466 7813 1128 4788 2411 14102 5937 9250 25028 80960 8907
is_linear=0
shrinkage=0.02


Tree=109
num_leaves=31
num_cat=0
split_feature=10 34 45 10 43 10 14 43 42 34 45 44 14 45 12 34 6 14 6 7 43 10 6 44 14 6 42 45 10 42
split_gain=11.4022 4.37454 3.8807 2.22748 2.11739 2.04086 1.9358 1.84424 1.68669 1.66303 2.07474 1.60839 1.24791 1.02787 0.959069 0.943461 0.941072 0.912947 1.00406 0.903973 1.12777 1.23144 0.941293 0.885945 0.840802 1.08217 0.836889 1.6066 0.802547 0.796682
threshold=33.544999999999987 0.0036999726363705515 0.065367334860913021 91.561999999999998 4.9000000000014561 -3.3145000000000162 1.1814666666666676 12.51999999999971 0.80105839256387668 0.01846981702454616 0.058620524697072546 2.1876406604074967 0.27940000000000126 0.04519090992865981 3.7149000000000028 0.10738946363118447 0.73209999999999975 1.4308666666666683 0.65431666666666677 2.832041338140856 14.420000000002622 53.005499999999991 0.20233333333333306 2.6784778626728234 0.55381666666666807 0.50159999999999927 0.48978728135557253 0.065993369022535817 -68.760000000000005 0.77908367940215173
decision_type=2 2 2 2 2 2 2 2 2 2 2 2 2 2 2 2 2 2 2 2 2 2 2 2 2 2 2 2 2 2
left_child=1 5 4 9 29 13 12 24 -6 19 11 16 -4 -1 23 -10 -11 -12 -19 20 22 -22 -2 -9 -7 -26 27 -5 -14 -3
right_child=3 2 6 26 8 7 -8 14 15 10 17 -13 28 -15 -16 -17 -18 18 -20 -21 21 -23 -24 -25 25 -27 -28 -29 -30 -31
leaf_value=-0.00012679777183951976 0.00034268954045846506 -1.5566618268680525e-05 1.0397120052975083e-05 0.0011900166577431194 0.00029823254403801164 -0.00010305529040738727 0.0011981339109675981 0.00090019814262770961 -4.2258479708437884e-05 0.00067446511219292071 0.00087299693126212732 -0.00066864065017648976 0.0015295104198049009 -0.00029278274797554137 -0.00091546622010308407 0.0010694397833177416 -0.00052512428296154598 0.00274827261967399 0.0011744193988953875 -0.00060758987913306611 0.00032289853534869079 0.0024739953922345397 -0.00013202128918614198 -0.00050939079652102533 0.00016282942790247088 -0.00078309369648252411 0.0016513459800549762 -0.00096889404629057802 0.00038621878932060423 -0.00020881030785698405
leaf_weight=29799 9805 17438 4395 650 12414 35496 1007 1469 14345 2440 1644 519 252 29894 155 312 293 251 458 457 233 196 2014 203 8776 512 762 175 9660 16712
leaf_count=29799 9805 17438 4395 650 12414 35496 1007 1469 14345 2440 1644 519 252 29894 155 312 293 251 458 457 233 196 2014 203 8776 512 762 175 9660 16712
internal_value=-1.15722e-13 -4.94788e-05 6.58152e-05 0.000454674 -5.41256e-06 -0.000132486 0.000350563 -3.33165e-05 0.000126694 0.000392374 0.000679343 0.000352032 0.000290907 -0.000209922 0.000589539 -1.8594e-05 0.000545859 0.00113171 0.00173159 0.000265773 0.00029836 0.00130568 0.000261797 0.000729058 -5.87264e-05 0.000110686 0.00117346 0.000732066 0.000415286 -0.000110134
internal_weight=202736 182839 76535 19897 61221 106304 15314 46611 27071 18310 5605 3252 14307 59693 1827 14657 2733 2353 709 12705 12248 429 11819 1672 44784 9288 1587 825 9912 34150
internal_count=202736 182839 76535 19897 61221 106304 15314 46611 27071 18310 5605 3252 14307 59693 1827 14657 2733 2353 709 12705 12248 429 11819 1672 44784 9288 1587 825 9912 34150
is_linear=0
shrinkage=0.02


Tree=110
num_leaves=31
num_cat=0
split_feature=10 43 43 10 10 9 14 34 34 14 10 14 15 7 10 43 6 1 2 43 13 43 10 10 6 34 9 5 10 34
split_gain=11.0047 4.69823 2.65452 2.5562 2.24163 1.97339 1.92125 1.72909 1.67677 1.38086 1.25807 1.22724 1.29055 1.1898 1.07171 1.04985 0.983852 0.981765 1.08274 0.934743 0.929643 0.890683 0.882013 1.64772 1.00393 0.877083 0.830971 1.01693 0.829376 0.817215
threshold=7.8739999999999908 6.3800000000002912 9.5200000000026215 -166.39949999999996 47.642999999999994 -0.88999999999998269 1.1324000000000012 -0.022374440849724644 -0.025256654380105981 0.21986666666666724 -61.318499999999993 1.6623500000000015 2.9767695424193508 1.464319193322513 43.516499999999986 20.519999999999715 0.65431666666666677 138.99999594583349 -0.99512789272273483 14.080000000000293 1.938466666666667 2.5800000000002914 61.751999999999988 82.286500000000004 1.3651333333333329 0.0061794748305899492 12.143500000000008 1.0050500000000029 -5.2390000000000212 -0.00574187746612173
decision_type=2 2 2 2 2 2 2 2 2 2 2 2 2 2 2 2 2 2 2 2 2 2 2 2 2 2 2 2 2 2
left_child=2 9 3 6 7 29 -1 20 28 -2 -7 13 15 19 16 -13 25 18 -9 -6 -3 -12 24 -24 -16 -11 -10 -28 -4 -5
right_child=1 4 8 5 11 10 -8 17 26 14 21 12 -14 -15 22 -17 -18 -19 -20 -21 -22 -23 23 -25 -26 -27 27 -29 -30 -31
leaf_value=0.0032141305632419214 -0.00011785910625834556 4.1846033049937426e-05 -0.00021833873714745378 -0.00029288909488788049 0.00074202333658618923 0.00053242793786664982 -0.00022384546472775665 0.00024271139185776087 0.0001978580930067966 2.8051930236790581e-05 -0.0001778830016485404 0.0014820236206607856 0.00049239491388362259 5.1312625718652509e-05 0.00062900329195760126 0.0033159484917918841 -0.00071000892265409368 0.00018529453302403663 0.00072678676435200377 0.0020386380848107571 -0.0012652372355800715 -7.9483583891662486e-06 -0.00031661067995574578 0.00078689443262382306 -0.0013626633253611196 0.00025116309125374029 0.0010476166196348052 -0.00033465027197109769 0.0003322507767576393 -0.00014770533472659476
leaf_weight=159 9406 3305 6355 31164 2318 1418 110 2693 11288 17010 19660 745 467 994 3808 150 582 3702 5892 246 233 33123 1487 851 104 12034 967 273 1322 30870
leaf_count=159 9406 3305 6355 31164 2318 1418 110 2693 11288 17010 19660 745 467 994 3808 150 582 3702 5892 246 233 33123 1487 851 104 12034 967 273 1322 30870
internal_value=-5.20865e-14 0.000212027 -0.000102404 -0.000139105 0.000461281 -0.000143612 0.00180827 0.000345359 0.000109221 9.78364e-05 -5.54505e-05 0.00083414 0.00134468 0.000638707 0.000154388 0.00178939 0.00010418 0.000457541 0.000574939 0.000866426 -4.42338e-05 -7.12436e-05 0.00039238 8.50501e-05 0.000576055 0.000120495 0.000251845 0.000743295 -0.000123526 -0.000220641
internal_weight=202736 66027 136709 116504 20745 116235 269 15825 20205 45282 54201 4920 1362 3558 35876 895 29626 12287 8585 2564 3538 52783 6250 2338 3912 29044 12528 1240 7677 62034
internal_count=202736 66027 136709 116504 20745 116235 269 15825 20205 45282 54201 4920 1362 3558 35876 895 29626 12287 8585 2564 3538 52783 6250 2338 3912 29044 12528 1240 7677 62034
is_linear=0
shrinkage=0.02


Tree=111
num_leaves=31
num_cat=0
split_feature=10 10 43 10 24 44 14 10 43 44 14 14 29 5 42 10 10 14 41 10 14 14 44 44 13 44 44 13 42 14
split_gain=10.5836 3.29121 3.20538 2.40525 1.94561 1.87065 1.84517 1.82639 1.80884 2.22991 1.60409 1.55719 1.18176 1.43514 1.11939 1.03531 1.0329 1.01812 0.954152 0.884143 4.07094 1.72451 0.859789 1.52697 0.836846 0.829381 0.787634 0.700857 0.639738 0.61608
threshold=14.77249999999998 46.280999999999985 9.5200000000026215 -166.39949999999996 0.099999999998544822 0.95982646591898535 1.1324000000000012 -5.0135000000000192 2.279999999997381 -0.73902862944378855 0.17456666666666806 0.93891666666666773 0.054345280153655924 0.32980000000000093 0.15462256821773451 -3.5150000000000223 104.706 1.7400000000000009 25.749779540842763 -72.730999999999995 1.5994166666666678 1.3451000000000015 2.6784778626728234 0.59587910656819698 0.4246000000000002 0.3499525441542814 -1.173550579414735 0.95910000000000173 0.3004951011490728 3.1651000000000011
decision_type=2 2 2 2 2 2 2 2 2 2 2 2 2 2 2 2 2 2 2 2 2 2 2 2 2 2 2 2 2 2
left_child=2 10 3 6 16 7 -1 19 -5 15 -2 26 13 18 -11 -10 22 -7 -12 21 -21 -4 23 -3 -18 -13 -9 -26 -19 -24
right_child=1 4 5 8 -6 17 -8 11 9 14 12 25 -14 -15 -16 -17 24 28 -20 20 -22 -23 29 -25 27 -27 -28 -29 -30 -31
leaf_value=0.0031498479753375381 -0.00025280855836539687 0.00026674445815913267 0.00051891891307795238 -0.00023263988612915343 0.0012577256735662198 -0.00026024786266484458 -0.00021936855477873576 0.0012532257915902918 -1.7455705437635774e-05 -0.00030746246056965256 -4.8759932607606333e-05 0.00098658588195383624 0.00060716284238335953 -0.00017801505368004561 -9.5706890612708726e-05 0.00023608305546659439 -7.7816415101498966e-05 -0.00017182802010441765 0.00027982059803322864 8.8143121277799706e-05 0.0015625465140017656 -0.00053256940620947024 -0.00079118294193351174 0.00082913960542836923 0.0028457679424820277 0.0023564285241153048 0.00031807656227799118 0.0011476182553175269 0.00050650027036032333 0.00097558581023477018
leaf_weight=159 3286 5780 956 40388 1403 5348 110 416 16811 12315 4199 548 2754 4011 52790 10445 138 915 22356 6787 842 1796 375 2900 145 261 2689 295 1418 100
leaf_count=159 3286 5780 956 40388 1403 5348 110 416 16811 12315 4199 548 2754 4011 52790 10445 138 915 22356 6787 842 1796 375 2900 145 261 2689 295 1418 100
internal_value=-2.53662e-14 0.000260368 -8.01998e-05 -0.000117168 0.000561439 0.000143566 0.0017721 0.000278825 -0.000120997 -7.21769e-05 0.000168778 0.000646992 0.000210355 0.000174603 -0.000135762 7.9705e-05 0.00046107 -0.000108164 0.000227864 0.000140014 0.000250871 -0.000167299 0.000409301 0.000454641 0.00128105 0.00142853 0.000443365 0.00170724 0.000240461 -0.000419232
internal_weight=202736 47742 154994 133018 11136 21976 269 14295 132749 92361 36606 3914 33320 30566 65105 27256 9733 7681 26555 10381 7629 2752 9155 8680 578 809 3105 440 2333 475
internal_count=202736 47742 154994 133018 11136 21976 269 14295 132749 92361 36606 3914 33320 30566 65105 27256 9733 7681 26555 10381 7629 2752 9155 8680 578 809 3105 440 2333 475
is_linear=0
shrinkage=0.02


Tree=112
num_leaves=31
num_cat=0
split_feature=34 9 43 14 7 14 14 44 34 5 14 41 44 34 41 6 43 43 34 41 44 15 9 14 44 44 9 34 14 41
split_gain=6.76243 4.14297 4.03102 3.43993 3.04082 2.18404 2.00247 2.35566 1.88926 1.81628 1.71871 1.47534 1.09388 1.08705 1.04842 0.926038 0.908499 0.887105 0.84499 0.802443 0.706291 0.580845 0.589468 0.518414 0.496949 0.488241 0.74036 0.472362 0.456581 0.396043
threshold=0.041686708810711452 -0.95699999999998886 3.8400000000008734 1.6623500000000015 0.63845653727725982 0.46936666666666754 0.76196666666666768 0.40228200762313032 0.10738946363118447 1.0050500000000029 2.3338833333333349 76.94915253964696 -0.038088458419724205 -0.021534874597406269 25.344352616344363 0.65431666666666677 16.880000000000297 1.9799999999944704 -0.005519181635133181 58.360655735688432 -0.49162951159324991 6.0170479446330107 4.5755000000000061 0.22176666666666747 3.1601215743280169 3.6600125406477528 37.33100000000001 0.065064307952460362 0.1936000000000008 80.676740530695994
decision_type=2 2 2 2 2 2 2 2 2 2 2 2 2 2 2 2 2 2 2 2 2 2 2 2 2 2 2 2 2 2
left_child=1 6 15 4 5 -4 12 10 11 16 18 19 14 -6 -1 17 -5 -3 -8 -2 27 22 -21 -16 -22 26 29 -13 -19 -10
right_child=8 2 3 9 13 -7 7 -9 25 -11 -12 20 -14 -15 23 -17 -18 28 -20 21 24 -23 -24 -25 -26 -27 -28 -29 -30 -31
leaf_value=-0.00029578686715700384 0.0014221974853512809 -0.00014570094211745061 0.00015559099319071556 0.00095271697759030519 -0.0003617043408330512 0.00052926939802228751 0.00020312264338824871 -0.0001619566575953282 0.0018926712409363614 -0.00041821271164371862 -0.000644700223304048 0.00035811315281123943 -0.0002730996686728441 3.1041895280414883e-05 -0.00019804937250565748 -0.00078439218597667738 0.0019730045447903786 -0.0001409353999757333 0.00060997293700123373 0.00035733098924259371 0.00012293381275132109 -0.00052631178685590965 0.00082962531884151521 -1.4622253828242633e-05 -0.00072289873902109782 0.00025972693613994123 0.0027992915071886758 0.001120342458720858 6.481592572528329e-05 0.0007609688169969112
leaf_weight=9716 484 23287 17467 1357 3421 9748 5284 9880 213 320 739 1465 28315 16018 8168 707 470 5409 3328 1956 4778 187 2300 25111 295 128 159 418 21313 295
leaf_count=9716 484 23287 17467 1357 3421 9748 5284 9880 213 320 739 1465 28315 16018 8168 707 470 5409 3328 1956 4778 187 2300 25111 295 128 159 418 21313 295
internal_value=6.36645e-14 -2.98331e-05 5.92339e-05 0.000188996 0.000152974 0.000289437 -0.00012773 5.3389e-05 0.000447233 0.000971738 0.000280917 0.000384083 -0.000176575 -3.80761e-05 -0.000113006 -6.56282e-05 0.00121519 -5.54667e-05 0.000360345 0.000648874 0.00019653 0.000564631 0.000612565 -5.96426e-05 7.37478e-05 0.00139114 0.00160826 0.000527318 2.31683e-05 0.00123548
internal_weight=202736 190058 99517 48801 46654 27215 90541 19231 12678 2147 9351 11883 71310 19439 42995 50716 1827 50009 8612 4927 6956 4443 4256 33279 5073 795 667 1883 26722 508
internal_count=202736 190058 99517 48801 46654 27215 90541 19231 12678 2147 9351 11883 71310 19439 42995 50716 1827 50009 8612 4927 6956 4443 4256 33279 5073 795 667 1883 26722 508
is_linear=0
shrinkage=0.02


Tree=113
num_leaves=31
num_cat=0
split_feature=10 43 43 43 10 15 9 45 45 10 15 44 10 44 10 15 41 41 29 44 44 44 9 43 44 10 10 9 45 9
split_gain=10.0914 4.34323 2.41329 2.38614 2.34663 1.84356 1.79983 1.70622 1.54711 1.4838 1.43418 1.41845 1.32281 1.42111 1.3221 1.10293 0.961673 0.943605 0.939208 0.932641 1.35468 1.10855 0.915881 0.872245 0.949632 0.906688 0.84499 0.803349 0.81639 0.791995
threshold=7.8739999999999908 12.740000000000874 4.0199999999997091 9.5200000000026215 -166.39949999999996 2.1511608591258402 -0.88999999999998269 0.032542554187190841 0.040335421839457819 47.642999999999994 0.61302181851116588 -0.44269747575629442 61.751999999999988 2.0986806385802028 -61.318499999999993 1.5103871183288102 14.742312799182921 26.855995260359688 0.13259608292145456 0.40228200762313032 1.7901416812775957 -0.52885174516941158 44.40750000000002 23.319999999999713 0.47342906247335276 -72.730999999999995 43.516499999999986 -2.5559999999999961 0.052857547093518815 -11.513499999999983
decision_type=2 2 2 2 2 2 2 2 2 2 2 2 2 2 2 2 2 2 2 2 2 2 2 2 2 2 2 2 2 2
left_child=3 2 16 4 11 12 8 -8 29 15 -5 -1 -3 -14 -9 17 -2 -4 -7 21 -21 -11 26 24 25 -12 -18 -25 -29 -6
right_child=1 5 9 10 6 18 7 14 -10 19 23 -13 13 -15 -16 -17 22 -19 -20 20 -22 -23 -24 27 -26 -27 -28 28 -30 -31
leaf_value=0.0028501433745362747 -0.00036039605703798048 0.00089380383215229443 -7.0041978961475905e-05 0.00036857887619999699 0.00014667059130977136 0.00016265563387986444 -0.00019079757846770921 0.00077513578468368862 -0.00030015564323586494 0.00069275647209390736 -0.00033659357789986842 -0.00015502802736591548 0.0026682516179896672 0.00061562698610518034 1.6362135137747662e-05 -0.00010712024070898904 3.3202518864171753e-05 0.00032058700772649441 0.0014951379295135173 0.0013099757960017165 0.00029154233220484073 -3.6465145673808727e-05 -0.00098903104878993371 0.00019643746711042634 -0.00024820457390917878 0.00022494514295352906 0.00036505831483030319 0.00054595930705295646 0.0025391565664400029 -0.00014586487440657701
leaf_weight=169 2323 2113 2839 5786 4405 1734 21608 946 34436 1884 1479 100 391 206 31647 3603 23960 19216 241 1301 873 1496 327 1491 5916 5173 3520 233 127 23193
leaf_count=169 2323 2113 2839 5786 4405 1734 21608 946 34436 1884 1479 100 391 206 31647 3603 23960 19216 241 1301 873 1496 327 1491 5916 5173 3520 233 127 23193
internal_value=3.64867e-14 0.000203038 0.00015821 -9.80623e-05 -0.000132859 0.000789986 -0.000137177 -5.29817e-05 -0.000210741 0.000281462 0.000102579 0.00173298 0.00112868 0.00195998 3.83853e-05 0.000217304 3.05318e-05 0.000270304 0.000325252 0.000577853 0.00090101 0.00037 6.319e-05 -4.16043e-06 -6.38573e-05 0.000100093 7.5711e-05 0.000401172 0.00124912 -9.91724e-05
internal_weight=202736 66027 61342 136709 116504 4685 116235 54201 62034 31212 20205 269 2710 597 32593 25658 30130 22055 1975 5554 2174 3380 27807 14419 12568 6652 27480 1851 360 27598
internal_count=202736 66027 61342 136709 116504 4685 116235 54201 62034 31212 20205 269 2710 597 32593 25658 30130 22055 1975 5554 2174 3380 27807 14419 12568 6652 27480 1851 360 27598
is_linear=0
shrinkage=0.02


Tree=114
num_leaves=31
num_cat=0
split_feature=10 34 45 43 45 10 14 42 34 45 9 10 14 9 9 14 10 14 9 9 9 34 45 14 5 42 43 10 34 15
split_gain=9.69602 3.86178 3.91537 2.34918 2.33454 1.9469 1.69372 1.68875 1.50229 1.96111 1.36354 1.34537 1.68621 1.24663 1.14343 1.12207 1.06821 0.848262 1.40158 1.01034 0.819847 1.78171 1.63631 0.805625 0.802893 0.739483 0.762408 0.730589 0.712879 0.665035
threshold=33.544999999999987 0.00040462177784914222 0.068145390656240465 4.7599999999991285 0.064484136490998892 91.561999999999998 1.1814666666666676 0.93019592196714684 0.01846981702454616 0.058620524697072546 13.950500000000003 -3.3145000000000162 0.58783333333333376 15.723000000000011 37.33100000000001 0.32320000000000132 5.428499999999989 0.79136666666666755 -3.407999999999991 3.6230000000000069 12.978000000000005 -0.0046147782494757525 0.065367334860913021 1.4308666666666683 -0.04719999999999875 0.81986196433497682 1.5800000000032017 -68.760000000000005 0.061204343749087918 0.43321986334847301
decision_type=2 2 2 2 2 2 2 2 2 2 2 2 2 2 2 2 2 2 2 2 2 2 2 2 2 2 2 2 2 2
left_child=1 4 3 25 11 8 15 16 14 13 -6 -1 29 -10 17 -4 -5 18 -2 -19 21 22 -7 -11 -14 26 -3 -17 -9 -13
right_child=5 2 6 7 10 20 -8 28 9 23 -12 12 24 -15 -16 27 -18 19 -20 -21 -22 -23 -24 -25 -26 -27 -28 -29 -30 -31
leaf_value=-0.00015993930597426828 -0.00022304568107376656 -0.00019516528193956736 8.1561486115572723e-05 0.00011948584617135549 -0.00034711677642320054 0.00066635112475042281 0.001242971267943996 -0.00019285147492462452 0.00058159946965626269 0.00083055576106733347 0.0010026540208491496 5.2987224619213396e-06 0.00045286344877018601 -0.0002608102330325873 -0.00051788368543583831 0.0016220742701497373 0.00041228320737969637 0.0010301841628598792 0.00034212675630695396 0.0002842729021395759 0.0015977773153001776 0.0016246138809420658 -0.0018668105172486428 0.0016371096952721295 2.4160061146028818e-05 -0.00022528618285457086 2.5057908317216686e-05 0.00042587731624811473 0.00030428674623637404 -0.00021007064256042875
leaf_weight=40996 2404 9365 5371 16049 19654 306 815 7397 2225 1644 304 17917 4345 1027 748 210 7229 1193 6503 1857 708 420 153 709 2923 13885 19139 7438 1367 8435
leaf_count=40996 2404 9365 5371 16049 19654 306 815 7397 2225 1644 304 17917 4345 1027 748 210 7229 1193 6503 1857 708 420 153 709 2923 13885 19139 7438 1367 8435
internal_value=-5.23746e-14 -4.56269e-05 4.95171e-05 -7.91037e-06 -0.000134424 0.000419278 0.000358494 0.000121324 0.000361034 0.000633783 -0.000326557 -8.30327e-05 1.07467e-05 0.000315562 0.000240706 0.000303124 0.000210414 0.000288162 0.000189587 0.000576034 0.00109127 0.000683298 -0.000178036 0.00107358 0.00028045 -0.000105599 -4.72965e-05 0.000458723 -0.000115308 -6.36388e-05
internal_weight=202736 182839 88265 74431 94574 19897 13834 32042 18310 5605 19958 74616 33620 3252 12705 13019 23278 11957 8907 3050 1587 879 459 2353 7268 42389 28504 7648 8764 26352
internal_count=202736 182839 88265 74431 94574 19897 13834 32042 18310 5605 19958 74616 33620 3252 12705 13019 23278 11957 8907 3050 1587 879 459 2353 7268 42389 28504 7648 8764 26352
is_linear=0
shrinkage=0.02


Tree=115
num_leaves=31
num_cat=0
split_feature=34 45 43 9 45 5 43 41 45 9 41 5 9 9 34 34 5 44 44 34 5 34 44 44 9 5 34 44 44 45
split_gain=6.19976 3.27339 3.05051 3.50565 3.76216 2.94081 2.15186 1.91933 1.80045 2.27571 1.19365 1.14128 1.29244 1.04637 1.01337 0.999308 1.13127 0.907258 0.802517 0.747616 0.791361 0.740118 0.610575 0.592717 0.58791 0.573368 0.558669 0.533176 0.521581 0.510461
threshold=0.020716296794778176 0.055704697986521952 2.3399999999979633 -1.301499999999997 0.035674727162131006 0.07920000000000281 12.9699999999968 62.377789902426095 0.04063870473433278 11.4055 67.126754300577673 0.50565000000000149 13.4435 -10.682499999999983 0.10738946363118447 0.070202806751051852 0.65675000000000217 -0.60514513468770759 1.1100431958565664 -0.009343658205814483 -0.0090999999999974799 0.047164087613621335 -0.72925195671543275 -1.1871706919936587 26.659000000000002 0.12550000000000075 -0.019923202489511162 3.6600125406477528 2.0142050505149549 0.075816990014063723
decision_type=2 2 2 2 2 2 2 2 2 2 2 2 2 2 2 2 2 2 2 2 2 2 2 2 2 2 2 2 2 2
left_child=2 7 24 4 13 8 10 -2 18 -10 -3 12 -7 -4 25 16 22 -17 -5 23 -21 29 -9 -6 -1 -8 -13 -19 -15 -12
right_child=1 6 3 5 19 11 14 15 9 -11 21 26 -14 28 -16 17 -18 27 -20 20 -22 -23 -24 -25 -26 -27 -28 -29 -30 -31
leaf_value=-0.00018070529023086207 0.00049695125430567952 0.0007427071801157087 0.00035727360353151547 0.00014679048649213002 -2.377485295681372e-05 -9.2499902256164472e-05 0.0015776470128720057 0.00023287713063628048 0.00026318020280985936 0.00088530093896329221 5.3502896668344586e-05 -0.0012957451277099909 0.00046605620913115219 5.6447485355484234e-05 0.0021058606442660023 0.0019386930315749261 -0.00049484827410393941 0.0004588502627240449 -0.00017275867331498503 4.2161980232589642e-05 -0.00026296626792789867 0.0005669444532616796 -5.1293559598286002e-05 -0.0003324909875266006 -0.00095645287057159105 0.00066229286878782378 -0.00037036638718168402 -0.00074577114015648321 -0.0004122007702244446 0.00041217738805886586
leaf_weight=47786 3812 2759 5032 17778 2824 14314 363 4006 14508 2807 4920 292 1874 15255 335 154 1920 1345 3819 6831 6769 2521 12343 20886 394 1113 2455 165 1013 2343
leaf_count=47786 3812 2759 5032 17778 2824 14314 363 4006 14508 2807 4920 292 1874 15255 335 154 1920 1345 3819 6831 6769 2521 12343 20886 394 1113 2455 165 1013 2343
internal_value=-1.42887e-13 0.000229911 -5.32041e-05 2.16958e-06 -0.000106845 0.000112622 0.000468346 8.57746e-05 0.000212097 0.000364035 0.000375298 -9.18015e-05 -2.78388e-05 0.000105228 0.0011128 7.14096e-06 -3.55969e-05 0.000476358 9.02846e-05 -0.000227916 -0.000109707 0.000271692 1.83369e-05 -0.000295721 -0.000187049 0.00088741 -0.000468732 0.000327219 2.7265e-05 0.000169209
internal_weight=202736 38099 164637 116457 58610 57847 14354 23745 38912 17315 12543 18935 16188 21300 1811 19933 18269 1664 21597 37310 13600 9784 16349 23710 48180 1476 2747 1510 16268 7263
internal_count=202736 38099 164637 116457 58610 57847 14354 23745 38912 17315 12543 18935 16188 21300 1811 19933 18269 1664 21597 37310 13600 9784 16349 23710 48180 1476 2747 1510 16268 7263
is_linear=0
shrinkage=0.02


Tree=116
num_leaves=31
num_cat=0
split_feature=10 43 43 10 43 15 9 45 7 10 45 34 44 10 34 10 44 43 34 44 9 7 10 10 34 9 5 10 9 43
split_gain=9.2737 3.9776 2.23812 2.237 2.19604 1.7764 1.63431 1.63495 1.56188 1.56105 1.52484 1.44833 1.35541 1.31916 1.31236 1.28037 1.20748 1.19262 0.85824 0.8541 0.821394 0.783723 0.783405 1.42856 0.741354 0.733449 0.967308 0.704806 1.76365 0.709335
threshold=7.8739999999999908 12.740000000000874 9.5200000000026215 -166.39949999999996 4.0199999999997091 3.7127883494889811 -2.0119999999999894 0.04063870473433278 1.5781378266207933 47.642999999999994 0.047603752351421579 -0.025256654380105981 -0.44269747575629442 55.133999999999993 -0.013425489627295164 -61.318499999999993 2.2891819201307584 20.519999999999715 0.070202806751051852 0.40228200762313032 44.40750000000002 0.49746708431034248 43.516499999999986 61.751999999999988 -0.061622513359237352 12.143500000000008 1.0050500000000029 -138.12749999999997 -14.611499999999994 25.540000000000877
decision_type=2 2 2 2 2 2 2 2 2 2 2 2 2 2 2 2 2 2 2 2 2 2 2 2 2 2 2 2 2 2
left_child=2 4 3 12 20 13 7 -5 9 14 -8 21 -1 24 -6 -12 17 -15 -7 -11 22 -4 -2 -24 -3 27 -27 28 -13 -29
right_child=1 5 11 6 8 18 10 -9 -10 19 15 25 -14 16 -16 -17 -18 -19 -20 -21 -22 -23 23 -25 -26 26 -28 29 -30 -31
leaf_value=0.0027860882195379559 2.0604171417790933e-06 -0.00019487493153943423 0.00034286985477777936 -8.5648383897799987e-05 1.1311181715039914e-05 -0.00032501300792825297 -0.00014253364685564161 -0.00030916364936261776 -9.353613844055727e-05 0.00044293422901386172 0.00089306093250088705 2.347356388038675e-05 -0.00015155259929597377 0.0016730132106452216 0.00035118677247193426 3.4283233996746747e-05 0.0004681679663826799 0.0038365981843145121 0.00080619045962625788 0.00099866656326986331 -0.00095487357467480716 -0.00020498862397277037 0.00059601307616579757 -0.00022264330229729615 0.00087146129692138767 0.00099138228535255372 -0.00035673800322518005 9.9846402738387757e-05 0.0016943384931084095 0.0010173012671810722
leaf_weight=169 26038 294 1247 22934 6333 749 37937 30498 4119 2870 715 651 100 533 16090 24151 256 126 418 1800 335 6430 2449 1308 2309 967 273 9875 413 349
leaf_count=169 26038 294 1247 22934 6333 749 37937 30498 4119 2870 715 651 100 533 16090 24151 256 126 418 1800 335 6430 2449 1308 2309 967 273 9875 413 349
internal_value=-1.11413e-13 0.000194639 -9.40055e-05 -0.000127706 0.000151739 0.000756338 -0.000131922 -0.000213227 0.000269312 0.000324477 -6.27484e-05 0.000100313 0.00169403 0.000980639 0.000255195 5.89766e-05 0.00163386 0.00208669 8.01653e-05 0.000657135 2.99431e-05 -0.000115998 4.10159e-05 0.000310998 0.000751022 0.000232866 0.000694578 0.000182146 0.000672033 0.000131164
internal_weight=202736 66027 136709 116504 61342 4685 116235 53432 31212 27093 62803 20205 269 3518 22423 24866 915 659 1167 4670 30130 7677 29795 3757 2603 12528 1240 11288 1064 10224
internal_count=202736 66027 136709 116504 61342 4685 116235 53432 31212 27093 62803 20205 269 3518 22423 24866 915 659 1167 4670 30130 7677 29795 3757 2603 12528 1240 11288 1064 10224
is_linear=0
shrinkage=0.02


Tree=117
num_leaves=31
num_cat=0
split_feature=10 14 9 6 14 34 45 44 14 10 44 34 14 10 9 44 45 10 10 44 6 34 10 45 6 44 7 44 10 14
split_gain=8.90647 3.93525 2.16699 2.12216 2.22059 1.75596 2.00906 1.75425 1.68876 1.50701 1.41104 1.52525 1.38448 4.57017 1.93847 1.34539 1.32101 1.6541 1.27841 1.67623 1.35625 1.24356 1.12751 1.02321 0.923132 0.912855 0.900653 0.899754 0.834522 1.42772
threshold=7.8739999999999908 0.93891666666666773 10.439000000000014 0.65431666666666677 2.1761666666666684 -0.005519181635133181 0.065079365079300386 -0.72925195671543275 0.21986666666666724 104.706 1.8588858361756968 0.014114095607827878 1.2073000000000018 -166.39949999999996 -4.6679999999999877 1.009920957945192 0.056871819700567962 -58.759000000000007 91.561999999999998 1.357560484627605 1.3651333333333329 0.0099925270388484567 -101.7825 0.071075424605481177 0.36131666666666629 -0.50097693891035633 1.3657808022892122 -0.024985532573426953 -166.39949999999996 1.9310500000000015
decision_type=2 2 2 2 2 2 2 2 2 2 2 2 2 2 2 2 2 2 2 2 2 2 2 2 2 2 2 2 2 2
left_child=2 8 7 5 -5 6 26 21 -2 10 11 -10 13 -9 -14 -16 -4 25 20 -20 -6 28 -15 24 -7 -18 -3 -8 29 -1
right_child=1 3 16 4 18 23 27 12 9 -11 -12 -13 14 22 15 -17 17 -19 19 -21 -22 -23 -24 -25 -26 -27 -28 -29 -30 -31
leaf_value=0.0023498919982539151 -0.00011237911201597816 0.00083015946298571315 2.2512970413330524e-05 -0.00030652536219811138 0.001236224233765753 0.0010641531859787335 0.00046860664977621606 0.0036202589310114527 0.00011885954350896995 0.001726099221921898 -0.00023650552054746459 0.00038423071072339133 -5.1925197351867089e-05 0.00065513186409029919 0.001373064036718866 0.00013518429483360509 0.0032927549472555342 0.000423874219979199 0.0040624882258474826 0.0008165241549323713 -0.00039352139606710395 0.0001844255772260955 -0.00019834107043972997 0.001608039201056789 0.00041328174405008418 0.0010186349027812094 5.641677714420419e-05 -0.0013782736753388577 -7.6888848721478554e-05 -0.0007121679677332465
leaf_weight=147 10034 1792 4039 1975 408 2390 152 126 29383 249 3235 12286 7051 624 711 694 127 2532 100 175 409 10608 79817 816 1372 159 906 345 29970 104
leaf_count=147 10034 1792 4039 1975 408 2390 152 126 29383 249 3235 12286 7051 624 711 694 127 2532 100 175 409 10608 79817 816 1372 159 906 345 29970 104
internal_value=-3.0954e-14 0.000190746 -9.21254e-05 0.00053913 9.36362e-05 0.00071491 0.000355081 -0.000110423 0.000122315 0.000174469 0.000165865 0.000197104 -0.000160207 -0.000185759 8.32476e-05 0.000761613 0.000254386 0.000586725 0.000817372 0.00199687 0.000420354 -1.87621e-06 -0.00019172 0.000966035 0.000826781 0.00202847 0.000570333 -0.000813433 -6.72708e-05 0.00108115
internal_weight=202736 66027 136709 10840 3067 7773 3195 129852 55187 45153 44904 41669 89023 80567 8456 1405 6857 2818 1092 275 817 40829 80441 4578 3762 286 2698 497 30221 251
internal_count=202736 66027 136709 10840 3067 7773 3195 129852 55187 45153 44904 41669 89023 80567 8456 1405 6857 2818 1092 275 817 40829 80441 4578 3762 286 2698 497 30221 251
is_linear=0
shrinkage=0.02


Tree=118
num_leaves=31
num_cat=0
split_feature=10 10 14 9 6 14 10 14 24 41 10 44 14 9 9 10 44 14 10 6 45 5 6 44 44 10 9 41 45 44
split_gain=8.63705 3.36865 2.91743 2.16138 2.02099 2.28891 1.86834 4.60856 1.76014 1.39663 1.28041 1.22016 1.10618 1.56408 1.10852 1.09042 1.37717 1.19414 1.35852 1.22707 0.905538 0.877904 0.827047 0.794042 1.0077 0.742926 0.728882 0.719265 0.701169 0.677857
threshold=33.544999999999987 -3.0935000000000161 0.48726666666666746 10.439000000000014 0.39646666666666613 0.93891666666666773 -138.12749999999997 1.3451000000000015 0.099999999998544822 36.383747252510915 -166.39949999999996 -1.2460605520106529 1.5994166666666678 -4.2610000000000019 -1.9419999999999928 91.561999999999998 2.7704034032640541 0.65630000000000144 61.751999999999988 0.73209999999999975 0.055704697986521952 1.0050500000000029 0.25593333333333373 -0.93754254063662013 0.47342906247335276 51.214499999999994 17.954500000000014 21.242774566043142 0.074306588158616335 1.0856926487789889
decision_type=2 2 2 2 2 2 2 2 2 2 2 2 2 2 2 2 2 2 2 2 2 2 2 2 2 2 2 2 2 2
left_child=1 3 11 6 5 22 7 10 15 -7 -1 -3 14 -14 -8 16 17 18 -2 -19 -6 23 -4 -5 -25 -10 -18 -13 -17 -29
right_child=8 2 4 21 20 9 12 -9 25 -11 -12 27 13 -15 -16 28 26 19 -20 -21 -22 -23 -24 24 -26 -27 -28 29 -30 -31
leaf_value=0.0027866975382763756 0.00028832000158943464 0.000170054924338548 0.0002531798643178531 -0.00024534295348889793 -0.00047355122805285791 0.00017127135847577561 -0.00023542238151753962 -0.00015870222536673231 0.00053788605244015119 0.00093911856120715417 0.0010389097587616702 -0.00027848753995184805 3.4466402937028e-05 0.0013398480137834558 -9.2592290665514197e-05 0.0010820510836949526 -0.0018928048100820482 0.00065676985101696531 -0.00035198360514425349 -0.00012745644457890136 0.00014102969093552582 -0.00060364371857286523 -0.00013471801796730891 0.00087841681185496219 0.00015076570164955941 0.0012770030238418496 -0.00026189551146854173 -9.5420416981355377e-06 -0.00037722163353658594 -0.00023828279873531943
leaf_weight=297 8067 10163 15216 595 2126 1366 48385 1626 1022 3093 385 5874 3837 406 39462 1080 144 5286 1586 940 1747 366 2570 1701 1378 1163 459 36198 150 6048
leaf_count=297 8067 10163 15216 595 2126 1366 48385 1626 1022 3093 385 5874 3837 406 39462 1080 144 5286 1586 940 1747 366 2570 1701 1378 1163 459 36198 150 6048
internal_value=-3.01244e-14 -4.30632e-05 4.96477e-05 -0.000122554 0.000225301 0.00029871 -0.000141941 0.000420095 0.00039572 0.000703891 0.00180004 -2.90669e-05 -0.000156027 0.000159374 -0.000171261 0.00032965 0.000286782 0.000322407 0.000183117 0.000538368 -0.000196331 0.000330453 0.00019713 0.000423507 0.000552758 0.000931292 -0.000651366 -7.11216e-05 0.000904091 -4.22889e-05
internal_weight=202736 182839 84401 98438 26118 22245 94398 2308 19897 4459 682 58283 92090 4243 87847 17712 16482 15879 9653 6226 3873 4040 17786 3674 3079 2185 603 48120 1230 42246
internal_count=202736 182839 84401 98438 26118 22245 94398 2308 19897 4459 682 58283 92090 4243 87847 17712 16482 15879 9653 6226 3873 4040 17786 3674 3079 2185 603 48120 1230 42246
is_linear=0
shrinkage=0.02


Tree=119
num_leaves=31
num_cat=0
split_feature=10 34 41 24 10 34 10 43 6 34 45 45 44 14 41 17 20 10 44 14 44 6 45 34 45 10 34 44 44 14
split_gain=8.29772 3.19607 2.26067 2.24479 1.66809 1.65508 1.57724 1.77091 1.52178 1.55014 1.98598 1.29536 0.967767 0.989339 0.903635 0.883872 1.57151 1.13112 0.873916 0.813746 0.876078 0.828191 0.738981 0.66382 0.648216 0.681853 0.54675 0.552215 0.848733 0.642594
threshold=23.613999999999987 0.013250724932985221 61.589403971846487 2.950000000004366 91.561999999999998 0.047164087613621335 -3.0935000000000161 12.319999999999711 1.3651333333333329 -0.0022639564567248651 0.062707779652269049 0.073196763553786959 1.1609765836092667 1.1324000000000012 14.742312799182921 2.1310859797874122 9.2000000000043674 -166.39949999999996 0.2509797594755237 0.58783333333333376 -0.06473873575702406 0.41516666666666652 0.074306588158616335 0.10738946363118447 0.066912972085317671 -49.330000000000005 -0.070498786730593274 0.192704284563815 1.4204642124723144 1.4308666666666683
decision_type=2 2 2 2 2 2 2 2 2 2 2 2 2 2 2 2 2 2 2 2 2 2 2 2 2 2 2 2 2 2
left_child=1 6 24 4 8 11 15 19 9 14 -11 18 13 -9 -2 16 17 -1 -4 20 -8 -21 -6 -7 -3 -26 -5 -28 29 -29
right_child=3 2 5 26 22 23 7 12 -10 10 -12 -13 -14 -15 -16 -17 -18 -19 -20 21 -22 -23 -24 -25 25 -27 27 28 -30 -31
leaf_value=0.0010140345748242828 -0.0004225244057081592 0.00030227725303483765 -6.3332686991526456e-06 -0.000387545927753672 0.0011141140527094616 0.00025982471610161878 -9.403811741369556e-06 0.00065803097872923751 -0.00095339574097847509 0.00022903660664428161 0.00071108865900757932 0.00029827691421728287 -9.4300188312552328e-06 0.0021460323633735174 0.00013132350519142608 -0.00034934697444230045 0.00013850316352010739 -0.00018017955722112372 -0.00024972304046882489 0.0002049491789708307 -0.0001975672063747767 -0.00047128397680607084 -0.00030521973166586886 0.0010873793532373383 0.0020626428145165748 0.00062007481289970607 0.00072090987049432858 0.0016319884852124774 0.00098407095463233941 0.0035565471015870571
leaf_weight=319 1339 7432 16336 100 1209 5898 26863 917 429 11693 4831 3872 671 222 9821 9103 7257 57848 9238 7404 15672 803 167 415 146 1281 671 188 481 110
leaf_count=319 1339 7432 16336 100 1209 5898 26863 917 429 11693 4831 3872 671 222 9821 9103 7257 57848 9238 7404 15672 803 167 415 146 1281 671 188 481 110
internal_value=-1.12749e-13 -5.44022e-05 9.12238e-05 0.000300934 0.00026194 2.03651e-05 -0.000105532 -2.16239e-05 0.000228661 0.000246979 0.000369971 -4.26365e-05 0.000593097 0.000948054 6.48717e-05 -0.000164699 -0.000139008 -0.00017363 -9.4252e-05 -4.35514e-05 -7.87325e-05 0.000138784 0.000941855 0.000314226 0.000377242 0.000767668 0.00104281 0.00114145 0.00150369 0.0023424
internal_weight=202736 171697 44618 31039 29489 35759 127079 52552 28113 27684 16524 29446 1810 1139 11160 74527 65424 58167 25574 50742 42535 8207 1376 6313 8859 1427 1550 1450 779 298
internal_count=202736 171697 44618 31039 29489 35759 127079 52552 28113 27684 16524 29446 1810 1139 11160 74527 65424 58167 25574 50742 42535 8207 1376 6313 8859 1427 1550 1450 779 298
is_linear=0
shrinkage=0.02


Tree=120
num_leaves=31
num_cat=0
split_feature=10 10 9 14 10 14 14 44 9 14 10 45 9 6 41 45 45 9 10 44 44 10 9 14 9 5 10 10 44 6
split_gain=8.02478 3.13947 2.0178 1.88491 1.66549 4.41537 1.65173 1.73114 1.69934 1.37304 1.79848 1.33986 2.82521 1.29312 1.56255 1.51012 1.2522 1.23021 1.21413 1.174 1.72693 1.5885 1.20756 1.11054 1.10266 0.967232 0.799245 1.16698 0.789469 0.772952
threshold=33.544999999999987 1.2914999999999763 10.439000000000014 0.4080000000000012 -138.12749999999997 1.3451000000000015 0.77161666666666784 1.7901416812775957 -1.0269999999999879 0.98900000000000043 -72.730999999999995 0.021502557962983615 12.560500000000006 0.23320000000000052 38.832487308259495 0.042768683842173964 0.065079365079300386 -2.0119999999999894 -166.39949999999996 2.4611991762751737 0.61603363337115291 47.642999999999994 55.303000000000004 0.92465000000000086 29.056500000000007 1.0050500000000029 91.561999999999998 61.751999999999988 -1.2305217420372492 -0.16560000000000011
decision_type=2 2 2 2 2 2 2 2 2 2 2 2 2 2 2 2 2 2 2 2 2 2 2 2 2 2 2 2 2 2
left_child=1 2 4 28 5 18 7 8 26 17 -11 12 -8 14 16 -15 -5 -6 -1 20 -13 -22 -21 -16 -10 -4 27 -2 -3 -14
right_child=6 3 25 13 9 -7 11 -9 24 10 -12 19 29 15 23 -17 -18 -19 -20 22 21 -23 -24 -25 -26 -27 -28 -29 -30 -31
leaf_value=0.0027194665012718884 5.0594154703889704e-05 0.00015823505606240689 0.00037255363373764837 0.00014630097776058477 -0.00023058856628934335 -0.00015856097012330539 0.00099270446925070802 -0.00073336105208193336 0.00052731365894751771 -0.00041941803149660005 0.00020316241079296914 0.00054793425313108448 0.00072481650686786168 -0.00036029648456010072 0.00032087603709484894 0.00020147367159170526 -0.00056624402355348385 -8.725248035624134e-05 0.0010175204418437893 -0.0002274446658404029 0.00063638529857355157 0.0017276607054405562 0.0013760266425912058 0.00083866392285279453 -0.00076381774161815314 -0.00061226492760185097 0.0011081313621552557 -0.00090507970261387532 -6.8434990202657692e-05 -0.0009700077496882576
leaf_weight=297 3293 7622 4577 5940 48365 1626 730 696 6984 2343 8929 2962 127 3262 12130 4632 1183 47449 385 828 896 1319 243 1919 275 437 233 605 31743 706
leaf_count=297 3293 7622 4577 5940 48365 1626 730 696 6984 2343 8929 2962 127 3262 12130 4632 1183 47449 385 828 896 1319 243 1919 275 437 233 605 31743 706
internal_value=1.51885e-15 -4.15088e-05 -0.000105604 6.56495e-05 -0.000123585 0.000407975 0.000381436 0.000234943 0.000294112 -0.000135042 7.37527e-05 0.000608106 8.43893e-05 0.000187804 0.000269261 -3.06639e-05 2.79603e-05 -0.000159606 0.00175869 0.000739119 0.000863814 0.00128622 0.000136368 0.000391602 0.0004784 0.000286721 -2.97197e-05 -9.77339e-05 -2.45463e-05 -0.000711613
internal_weight=202736 182839 114408 68431 109394 2308 19897 12086 11390 107086 11272 7811 1563 29066 21172 7894 7123 95814 682 6248 5177 2215 1071 14049 7259 5014 4131 3898 39365 833
internal_count=202736 182839 114408 68431 109394 2308 19897 12086 11390 107086 11272 7811 1563 29066 21172 7894 7123 95814 682 6248 5177 2215 1071 14049 7259 5014 4131 3898 39365 833
is_linear=0
shrinkage=0.02


Tree=121
num_leaves=31
num_cat=0
split_feature=10 43 43 44 10 43 34 10 14 4 30 34 45 14 4 14 6 45 14 20 6 34 6 44 45 44 12 34 10 10
split_gain=7.72222 3.92353 1.8946 2.20566 1.61598 1.53111 1.3464 1.76875 1.3426 1.34946 1.49668 1.32967 1.42105 1.21347 1.17844 1.0715 1.02427 2.02225 1.16497 0.980613 0.94328 0.877523 0.87628 1.11719 0.859495 0.841365 0.792179 0.691797 0.678971 0.654339
threshold=6.5894999999999975 6.3800000000002912 3.3600000000020378 -0.71923300654555933 61.751999999999988 17.440000000000875 -0.014313103703530667 -138.12749999999997 0.4985666666666681 0.57380000000000264 -11.150000000001453 -0.0095901530654452973 0.065079365079300386 0.21986666666666724 0.4151000000000023 0.48726666666666746 0.15893333333333279 0.039094882885591549 0.66220000000000134 13.349999999998547 -0.10009999999999983 0.00040462177784914222 -0.33353333333333307 1.5862500858195583 0.039427130650176175 -1.1044938010256755 0.77800000000000502 0.0054989178589617072 -89.687499999999986 39.952999999999982
decision_type=2 2 2 2 2 2 2 2 2 2 2 2 2 2 2 2 2 2 2 2 2 2 2 2 2 2 2 2 2 2
left_child=2 13 28 -4 11 6 26 -8 20 10 -10 12 -3 -2 15 -13 18 -18 27 -11 -6 -20 -7 -24 -16 -14 -5 -15 -1 -19
right_child=1 4 3 5 8 22 7 -9 9 19 -12 14 25 16 24 -17 17 29 21 -21 -22 -23 23 -25 -26 -27 -28 -29 -30 -31
leaf_value=0.0006717954981178447 -0.00012134950848926069 0.00021500766589807051 0.00015076735098754974 -0.00015510993617566315 -0.0019010760410214369 -2.632692018284961e-05 0.0010281880833785809 -6.2758812630840953e-05 0.00066362283513544864 -0.00041965304403500419 0.0017925237452399928 0.00029655113079861926 0.00092382515530760702 5.7510939834266682e-05 -0.00019305984336396084 0.00077090101879948361 -0.00040869234960048679 5.6177093680943185e-05 0.00027507862008236702 0.0010279084229710656 0.00033739428286879466 0.00092071351286029403 0.00088345075193653759 -8.3444853927497082e-05 0.00038969450659484257 -0.0008472747289710069 -0.00042111196213065558 0.00028150431940893091 -0.0001867540549578287 0.00053401023210287361
leaf_weight=371 10418 5227 20602 12298 106 1924 605 34112 879 396 1009 3103 123 15898 1579 4933 3878 4635 2198 355 260 1365 1434 717 2821 840 7043 8445 53639 1523
leaf_count=371 10418 5227 20602 12298 106 1924 605 34112 879 396 1009 3103 123 15898 1579 4933 3878 4635 2198 355 260 1365 1434 717 2821 840 7043 8445 53639 1523
internal_value=9.62389e-15 0.00016999 -8.96288e-05 -2.70491e-05 0.000393889 -9.00663e-05 -0.000118247 -4.37473e-05 0.000824264 0.0009817 0.00126694 0.000324455 8.49378e-05 6.9842e-05 0.000443675 0.000587737 0.000122339 -5.09397e-05 0.000184656 0.000264614 -0.000310906 0.000522424 0.000283776 0.000561152 0.000180565 -0.000621059 -0.000251974 0.000135218 -0.000180857 0.000174355
internal_weight=202736 69991 132745 78735 21631 58133 54058 34717 3005 2639 1888 18626 6190 48360 12436 8036 37942 10036 27906 751 366 3563 4075 2151 4400 963 19341 24343 54010 6158
internal_count=202736 69991 132745 78735 21631 58133 54058 34717 3005 2639 1888 18626 6190 48360 12436 8036 37942 10036 27906 751 366 3563 4075 2151 4400 963 19341 24343 54010 6158
is_linear=0
shrinkage=0.02


Tree=122
num_leaves=31
num_cat=0
split_feature=34 43 9 45 14 45 34 6 14 7 34 41 34 44 13 9 45 7 44 34 45 45 7 41 45 9 9 34 14 9
split_gain=5.3021 3.29554 3.48282 3.17229 3.96198 3.1081 2.00557 1.71512 1.6035 1.58901 1.55773 1.28166 1.03756 1.03392 1.0082 0.995343 0.770384 0.673048 0.640662 0.640228 0.907619 0.611879 0.556912 0.517015 0.512327 0.59153 0.552943 0.497908 0.433149 0.428154
threshold=0.041686708810711452 2.5800000000002914 -1.301499999999997 0.04063870473433278 1.7400000000000009 0.035674727162131006 -0.01697023614755588 0.024966666666666634 0.56763333333333454 0.56150881560146637 0.10738946363118447 76.94915253964696 -0.009343658205814483 0.40228200762313032 0.66126666666666878 18.799500000000009 0.07176771542558559 3.0061053372961073 2.2891819201307584 -1.0000000180025095e-35 0.070411094637924304 0.054809255940333854 0.45504087726779313 61.050526430926226 0.05051159177682308 26.659000000000002 10.439000000000014 0.070202806751051852 1.2694166666666675 -11.812499999999995
decision_type=2 2 2 2 2 2 2 2 2 2 2 2 2 2 2 2 2 2 2 2 2 2 2 2 2 2 2 2 2 2
left_child=1 19 5 9 6 8 -5 -6 29 15 11 16 22 -10 -14 -4 23 -11 27 24 -21 -12 -7 -2 25 -1 -26 -13 -18 -3
right_child=10 2 3 4 7 12 -8 -9 13 17 21 18 14 -15 -16 -17 28 -19 -20 20 -22 -23 -24 -25 26 -27 -28 -29 -30 -31
leaf_value=-0.00013308906817909678 0.0010235637563062142 0.00031004372082443646 0.00013598717193086712 -0.00013873854292558815 0.0030638689375610661 -0.00014230614178238838 0.00029536347415787804 0.0010653764926900305 0.0004986738956704569 -0.00012877469973102319 0.00071543440812625136 0.00014096134996557024 -0.00016679639707971116 6.7677932610609205e-05 0.00019082312234945393 -0.00052921245255047305 0.00076190566059441771 -0.00066056629769140637 -0.00037046775276000789 -0.00013308317386767334 0.00016973940760876127 0.0018256927252654138 -0.00034908748730214497 0.00038822048989444033 -0.00033963388811158372 -0.001211260083861631 0.00040300363701268899 0.00058477251290243266 0.0017322528323120423 -6.1993886425447368e-05
leaf_weight=17084 598 1362 20068 5038 218 8033 27465 810 5079 13361 410 4886 10972 3964 4425 942 433 1025 795 24610 4718 385 14824 3576 11921 206 415 1275 320 13518
leaf_count=17084 598 1362 20068 5038 218 8033 27465 810 5079 13361 410 4886 10972 3964 4425 942 433 1025 795 24610 4718 385 14824 3576 11921 206 415 1275 320 13518
internal_value=5.20541e-14 -2.64162e-05 2.94306e-05 0.000127336 0.00026674 -7.91037e-05 0.000228077 0.00148918 9.97068e-05 -4.72276e-06 0.00039601 0.000338668 -0.000190927 0.000309747 -6.40188e-05 0.000106162 0.000585467 -0.000166665 0.000163859 -0.00015061 -8.43681e-05 0.00125311 -0.000276415 0.000479245 -0.000216187 -0.000145935 -0.000314651 0.000232807 0.00117427 -2.79404e-05
internal_weight=202736 190058 131104 68927 33531 62177 32503 1028 23923 35396 12678 11883 38254 9043 15397 21010 4927 14386 6956 58954 29328 795 22857 4174 29626 17290 12336 6161 753 14880
internal_count=202736 190058 131104 68927 33531 62177 32503 1028 23923 35396 12678 11883 38254 9043 15397 21010 4927 14386 6956 58954 29328 795 22857 4174 29626 17290 12336 6161 753 14880
is_linear=0
shrinkage=0.02


Tree=123
num_leaves=31
num_cat=0
split_feature=10 43 15 41 24 10 43 10 14 9 10 45 44 9 14 44 9 10 6 9 6 9 10 10 14 10 44 45 9 45
split_gain=7.38311 2.9147 2.79487 1.66148 1.56724 1.40354 1.34912 1.27561 1.60077 1.26821 1.0787 1.05666 1.05276 1.55729 1.27737 1.54454 1.0333 1.02827 1.01469 0.944765 0.898251 0.889266 0.87966 0.814499 0.792307 0.673007 0.613156 0.580328 0.556159 0.998817
threshold=33.544999999999987 5.1000000000014554 0.61302181851116588 34.366060836528582 0.099999999998544822 -0.879000000000007 18.719999999999711 -138.12749999999997 0.83460000000000156 10.728000000000002 -3.5150000000000223 0.053658536585133025 2.2891819201307584 13.4435 0.65630000000000144 0.61603363337115291 -2.8099999999999992 -3.7230000000000207 1.0055833333333333 21.07200000000001 0.59236666666666704 29.056500000000007 -89.687499999999986 -72.730999999999995 0.93891666666666773 51.214499999999994 -0.20633974371080258 0.041851851851696535 -3.0629999999999957 0.032542554187190841
decision_type=2 2 2 2 2 2 2 2 2 2 2 2 2 2 2 2 2 2 2 2 2 2 2 2 2 2 2 2 2 2
left_child=1 5 7 -4 12 22 10 8 -3 17 -5 -11 14 -14 16 19 -2 -9 -17 -16 24 -18 -1 -8 26 -6 -7 -15 29 -24
right_child=4 2 3 6 25 20 23 9 -10 11 -12 -13 13 27 15 18 21 -19 -20 -21 -22 -23 28 -25 -26 -27 -28 -29 -30 -31
leaf_value=0.00059010444143878932 -0.00012657115228401574 0.0031146405263045955 -0.00026410091442175893 -0.00013501671218657182 0.00049680483514325034 3.4617215907842194e-05 5.0020085298253268e-05 3.5419013978071123e-05 0.00053954727595889075 0.00023500497283386365 0.00012415260329178706 0.0010251531183978753 -0.0016039729477378608 -0.00067648605074466185 0.00051816269442774422 0.0011019841074070434 0.00037435096288771343 0.00027485768128027188 -0.00031168877333194754 -0.00016992897752137113 -0.00079410412632325861 -0.00081916358335698547 -6.3629638974988084e-05 0.0007542064171877867 0.00049570184006062759 0.00120028223950965 -0.00011151230176755936 0.00036522718467832811 -0.00012230609823986471 -0.00032753778422372814
leaf_weight=608 2708 129 10843 14176 1022 27214 1147 15976 384 1491 11747 1240 265 287 2888 2176 6962 13022 224 1103 598 259 8409 1538 1189 1163 19873 840 35206 18049
leaf_count=608 2708 129 10843 14176 1022 27214 1147 15976 384 1491 11747 1240 265 287 2888 2176 6962 13022 224 1103 598 259 8409 1538 1189 1163 19873 840 35206 18049
internal_value=6.41007e-14 -3.98147e-05 5.96115e-05 -5.32782e-05 0.000365868 -0.000103948 2.66277e-05 0.000197742 0.00118709 0.000181746 -1.75742e-05 0.000593769 0.000303524 -0.000224435 0.000348556 0.000569101 0.000206598 0.000142943 0.000970041 0.000327994 -2.37242e-05 0.000331542 -0.000166912 0.000453386 -1.41814e-05 0.000871242 -2.70565e-05 9.99462e-05 -0.000174376 -0.000243661
internal_weight=202736 182839 71693 39451 19897 111146 28608 32242 513 31729 25923 2731 17712 1392 16320 6391 9929 28998 2400 3991 48874 7221 62272 2685 48276 2185 47087 1127 61664 26458
internal_count=202736 182839 71693 39451 19897 111146 28608 32242 513 31729 25923 2731 17712 1392 16320 6391 9929 28998 2400 3991 48874 7221 62272 2685 48276 2185 47087 1127 61664 26458
is_linear=0
shrinkage=0.02


Tree=124
num_leaves=31
num_cat=0
split_feature=10 34 45 45 33 24 14 34 41 10 44 34 45 10 14 6 14 6 45 32 15 10 45 34 32 34 15 15 14 44
split_gain=7.09074 3.02283 3.36707 1.98775 1.96061 1.51663 1.43163 1.42213 1.5032 1.18499 1.34144 1.51929 1.1836 1.0373 1.36374 1.01698 0.971028 0.901497 0.710114 0.651874 0.65145 0.640805 0.616293 0.612883 0.843294 0.577529 0.550038 0.539523 0.46723 0.453575
threshold=33.544999999999987 0.00040462177784914222 0.068145390656240465 0.065689454978437062 -0.004718566105040194 2.950000000004366 0.32320000000000132 0.044247646230098768 66.188165180641207 91.561999999999998 2.7704034032640541 0.020308240410794487 0.058620524697072546 -3.3145000000000162 0.58783333333333376 0.20233333333333306 1.2694166666666675 -0.16560000000000011 0.074306588158616335 0.004243959058037052 0.43321986334847301 -68.760000000000005 0.054809255940333854 -0.0071374498004916206 -0.0032050888742956312 0.10738946363118447 3.7127883494889811 1.4091746693141014 2.1761666666666684 -0.11763443715727058
decision_type=2 2 2 2 2 2 2 2 2 2 2 2 2 2 2 2 2 2 2 2 2 2 2 2 2 2 2 2 2 2
left_child=1 3 4 13 22 9 -4 8 -6 10 11 15 -13 19 20 -2 21 -16 26 27 -15 -8 -3 -5 -25 -9 28 -1 -11 -18
right_child=5 2 6 23 7 -7 16 25 -10 18 -12 12 -14 14 17 -17 29 -19 -20 -21 -22 -23 -24 24 -26 -27 -28 -29 -30 -31
leaf_value=-0.00013788380260278658 0.00027747677141301791 0.00026988698320481005 7.6294261418585074e-05 -0.0003614719758955969 2.6134273917960841e-05 0.0010635582366178783 0.0015116388363951702 0.00019160953357886702 -0.00017025770170058622 0.0010069601808091896 -0.00060556806248184458 0.00034574406242545612 0.0010118554467475884 1.0706433168815608e-05 0.00055067701316032359 -0.0001945522040608523 0.0003473174694534262 8.7620315260090418e-05 -0.0003422017530733329 6.9014707251165212e-05 -0.00020056956962624507 0.00039929551646115355 0.00083627323414828757 0.00046345709006658772 -0.00024382684767758545 0.00098749281957515142 -0.00029255819708572469 -0.0003581781627718816 0.0021420409921881593 0.0015141978109238187
leaf_weight=31498 10091 3804 5371 14759 33544 1150 213 6609 29125 926 672 2538 1841 18215 2589 2229 180 4799 167 5264 8591 7557 963 889 2792 386 111 5178 172 513
leaf_count=31498 10091 3804 5371 14759 33544 1150 213 6609 29125 926 672 2538 1841 18215 2589 2229 180 4799 167 5264 8591 7557 963 889 2792 386 111 5178 172 513
internal_value=1.4111e-13 -3.90184e-05 4.51586e-05 -0.00011758 -8.09618e-06 0.000358551 0.000331685 -3.49476e-05 -6.51376e-05 0.000315304 0.000270551 0.000305808 0.000625788 -7.24551e-05 9.3033e-06 0.000192075 0.000493768 0.000249891 0.000880272 -0.000139113 -5.7005e-05 0.000429788 0.000384305 -0.000303889 -7.30104e-05 0.000235528 0.00104913 -0.000168985 0.00118477 0.00121111
internal_weight=202736 182839 88265 94574 74431 19897 13834 69664 62669 18747 17371 16699 4379 76134 34194 12320 8463 7388 1376 41940 26806 7770 4767 18440 3681 6995 1209 36676 1098 693
internal_count=202736 182839 88265 94574 74431 19897 13834 69664 62669 18747 17371 16699 4379 76134 34194 12320 8463 7388 1376 41940 26806 7770 4767 18440 3681 6995 1209 36676 1098 693
is_linear=0
shrinkage=0.02


Tree=125
num_leaves=31
num_cat=0
split_feature=10 43 9 15 14 10 44 43 14 44 34 43 10 14 44 34 5 10 44 5 43 7 10 44 43 42 34 42 7 10
split_gain=6.87535 3.52869 1.81266 1.77728 1.84861 1.78456 1.5988 1.81285 1.42607 1.24133 1.22979 1.22817 1.48006 1.68709 1.10076 1.09978 2.08945 1.26671 1.17695 1.04081 1.06905 0.979978 0.879012 2.5349 0.840919 0.765169 0.745188 0.696183 0.65343 0.591086
threshold=6.5894999999999975 7.6400000000008736 10.439000000000014 1.5103871183288102 0.4527166666666676 61.751999999999988 -0.72925195671543275 3.5400000000008736 0.21986666666666724 -0.78964635593578758 0.10738946363118447 13.470000000001166 -138.12749999999997 1.1100500000000013 -1.2983811569623518 0.014114095607827878 0.17770000000000133 82.286500000000004 1.2411641850924389 1.0050500000000029 14.760000000002039 9.6317160962226378 -56.553500000000007 -0.51100890443705604 16.880000000000297 0.85522541318753986 -0.013109834616530315 0.21812358030745257 0.51456758544993997 -68.760000000000005
decision_type=2 2 2 2 2 2 2 2 2 2 2 2 2 2 2 2 2 2 2 2 2 2 2 2 2 2 2 2 2 2
left_child=2 8 6 4 -3 14 7 -1 -2 -7 21 12 13 -8 -6 16 17 -10 25 20 22 24 23 -4 -5 -17 -14 -13 -9 -30
right_child=1 3 19 10 5 9 11 28 15 -11 -12 27 26 -15 -16 18 -18 -19 -20 -21 -22 -23 -24 -25 -26 -27 -28 -29 29 -31
leaf_value=-0.00012188958351776721 -0.00012250481838059341 0.00015268184955553806 0.0026123199078831906 -3.0642738854928664e-05 0.001599629351252084 0.0028325892167642571 0.0020209927679322136 0.00026233200865102244 0.00011944334570786751 0.0011476314665593956 0.0012776777166662466 -0.00015848509063461091 -0.00026888878157272446 -9.1049446424862181e-05 0.00053394073486401925 0.0005439051984158788 -0.00030926902116385277 0.0010082807738447525 -0.00010760460731574597 -0.00057218184455128367 0.0011823724101976169 -0.0012600327731794828 0.00014675190947159735 -7.3451403495510223e-05 0.00060845576126938579 0.00019168963351391127 -0.00013727021975538687 0.00025178073021537705 -0.00046018670784301143 7.969875388000994e-05
leaf_weight=21255 10787 2994 229 3805 415 211 262 9684 25341 1022 348 2606 25350 358 5893 5597 4875 658 2363 570 527 219 4719 364 1051 4412 53562 4531 905 7823
leaf_count=21255 10787 2994 229 3805 415 211 262 9684 25341 1022 348 2606 25350 358 5893 5597 4875 658 2363 570 527 219 4719 364 1051 4412 53562 4531 905 7823
internal_value=4.74531e-14 0.000160398 -8.45715e-05 0.000421708 0.000573141 0.000740076 -0.000101217 3.94974e-06 8.32236e-05 0.00143597 0.000127526 -0.000149351 -0.000171904 0.000801459 0.000604052 0.000134539 7.0693e-05 0.000141939 0.000293865 0.00024356 0.000323192 4.8659e-05 0.000237953 0.000963718 0.000107679 0.000388647 -0.000179552 0.000101977 0.00014922 2.37184e-05
internal_weight=202736 69991 132745 15958 10535 7541 126336 39667 54033 1233 5423 86669 79532 620 6308 43246 30874 25999 12372 6409 5839 5075 5312 593 4856 10009 78912 7137 18412 8728
internal_count=202736 69991 132745 15958 10535 7541 126336 39667 54033 1233 5423 86669 79532 620 6308 43246 30874 25999 12372 6409 5839 5075 5312 593 4856 10009 78912 7137 18412 8728
is_linear=0
shrinkage=0.02


Tree=126
num_leaves=31
num_cat=0
split_feature=10 43 10 10 44 10 14 9 9 10 34 14 34 9 9 24 10 42 43 5 14 2 1 34 12 43 14 10 14 4
split_gain=6.61245 2.28264 2.25525 1.73825 1.60188 1.65677 3.30959 1.78498 1.61066 1.70599 1.56961 1.47402 1.439 1.6679 1.42026 1.40641 1.33166 1.31839 1.21106 1.14449 1.2276 0.871365 1.20527 0.691426 0.689876 1.10427 0.689388 0.649493 0.645961 0.573211
threshold=13.775499999999987 9.5200000000026215 46.280999999999985 -166.39949999999996 0.95982646591898535 -72.730999999999995 1.5409333333333344 -5.0919999999999828 -13.45249999999999 -138.12749999999997 1.0000000180025095e-35 1.1324000000000012 0.044247646230098768 44.40750000000002 29.056500000000007 0.099999999998544822 -5.6405000000000145 0.81986196433497682 2.3999999999985451 0.58365000000000067 0.21986666666666724 -0.99999998452380978 47.549999128166689 0.027391550962391431 0.5516000000000042 2.5400000000037841 1.7400000000000009 57.764499999999991 0.41076666666666745 0.95640000000000391
decision_type=2 2 2 2 2 2 2 2 2 2 2 2 2 2 2 2 2 2 2 2 2 2 2 2 2 2 2 2 2 2
left_child=1 3 12 11 5 8 16 -8 -3 -10 24 -1 13 19 26 21 -7 18 -12 20 -2 29 28 -19 25 -5 -6 -24 -23 -4
right_child=2 4 15 10 14 6 7 -9 9 -11 17 -13 -14 -15 -16 -17 -18 23 -20 -21 -22 22 27 -25 -26 -27 -28 -29 -30 -31
leaf_value=0.00274051184921215 -0.00013125964514134822 -0.00061418735975437829 0.00012472252588061479 -0.00024132706950122981 -0.00026858948921165823 7.2742389145970468e-05 0.00076264714693975169 0.0024086473651061999 0.0011599452707342665 -0.00035364250807204308 -9.8240852628754107e-05 -0.00027085238624832442 0.00055986236976277655 -0.0017705531674437225 0.0022220345218445501 0.001042304413549197 0.00054660051813611025 -0.00023102242359490861 0.00012788783255281939 -0.00040504368932794472 0.00018360232176940048 0.00019063630002727231 0.00049220583221150989 -4.2208617356129955e-06 -0.00029084475477085379 -5.6558196261266919e-05 0.00015077512524647356 -8.0501365162312938e-05 0.00085144389313539964 -0.0013058413058478569
leaf_weight=159 6006 1557 2641 22327 5221 6560 691 426 565 630 15401 110 2855 191 103 1403 3716 14786 24615 1688 28254 733 1532 8449 14281 30768 2241 1640 3070 117
leaf_count=159 6006 1557 2641 22327 5221 6560 691 426 565 630 15401 110 2855 191 103 1403 3716 14786 24615 1688 28254 733 1532 8449 14281 30768 2241 1640 3070 117
internal_value=-6.25064e-14 -6.54649e-05 0.000199289 -9.69663e-05 0.000124466 0.000250104 0.000356485 0.0013904 -0.000190304 0.000361987 -0.000100274 0.0015091 0.000127601 9.34521e-05 -0.000110449 0.000450311 0.000244099 -2.87206e-05 4.08574e-05 0.000103356 0.000128405 0.000364976 0.000483972 -0.00014855 -0.000167446 -0.000134255 -0.000142645 0.000196102 0.000724078 6.40351e-05
internal_weight=202736 152606 50130 130896 21710 14145 11393 1117 2752 1195 130627 269 38994 36139 7565 11136 10276 63251 40016 35948 34260 9733 6975 23235 67376 53095 7462 3172 3803 2758
internal_count=202736 152606 50130 130896 21710 14145 11393 1117 2752 1195 130627 269 38994 36139 7565 11136 10276 63251 40016 35948 34260 9733 6975 23235 67376 53095 7462 3172 3803 2758
is_linear=0
shrinkage=0.02


Tree=127
num_leaves=31
num_cat=0
split_feature=10 43 9 44 43 15 43 34 43 10 44 42 10 44 7 5 43 34 7 6 10 44 42 44 10 9 44 34 13 34
split_gain=6.38807 3.31145 1.70721 1.53894 1.70613 1.51392 2.19898 1.225 1.15553 1.39389 1.14677 1.12772 1.09183 1.03768 1.00815 1.00767 0.998223 0.988083 0.907321 0.874882 0.842281 2.4398 0.819302 0.864806 0.75528 0.731019 0.726818 0.699111 0.681279 0.676068
threshold=6.5894999999999975 6.3800000000002912 10.439000000000014 -0.72925195671543275 3.5400000000008736 1.5103871183288102 12.51999999999971 0.070202806751051852 13.470000000001166 -138.12749999999997 -0.42239466136064696 0.14674636349311906 61.751999999999988 1.8980549983019654 0.40543316341538932 1.0050500000000029 14.760000000002039 0.0054989178589617072 6.8358087532284095 0.1970000000000004 -56.553500000000007 -0.51100890443705604 0.83904160174216647 1.2679515873883946 44.904999999999994 -3.5829999999999829 3.3560177182225739 -0.013109834616530315 0.21306666666666771 0.017750228623991508
decision_type=2 2 2 2 2 2 2 2 2 2 2 2 2 2 2 2 2 2 2 2 2 2 2 2 2 2 2 2 2 2
left_child=2 17 3 4 -1 6 11 18 9 10 -5 -3 -8 -14 -13 16 20 19 29 24 21 -4 23 28 -2 -26 -9 -11 -19 -7
right_child=1 5 15 8 -6 7 12 26 -10 27 -12 14 13 -15 -16 -17 -18 22 -20 -21 -22 -23 -24 -25 25 -27 -28 -29 -30 -31
leaf_value=-0.00011657349613649324 -1.9708179756665243e-05 -1.3301177010239826e-05 0.0025607343004329136 0.0019174990319433466 0.00014643529546277075 -0.0001649723682812455 0.00082715288733944752 0.0010258406909990055 9.8884044461362622e-05 -0.00026072666294485556 0.00012865066729468306 0.00073194792650430301 0.0026416100926010852 0.00060028943134966546 0.00032033102231853941 -0.00056572307856868863 0.0011455082830370349 7.0704718411942992e-05 -0.00098460350377338381 -0.00038218753430474951 0.00014363658159836505 -7.4178166066233715e-05 3.1691141954727001e-06 -0.00010054188618909674 -0.00018481601753798181 0.00050558528377083996 -0.00029588976031760155 -0.0001332422125954136 0.00043691411185361957 0.00031217613880400638
leaf_weight=21255 22805 2513 229 225 18412 2690 1792 774 7137 25350 395 3569 289 152 7145 570 527 2747 368 2362 4719 364 7447 2126 848 2218 212 53562 7807 2127
leaf_count=21255 22805 2513 229 225 18412 2690 1792 774 7137 25350 395 3569 289 152 7145 570 527 2747 368 2362 4719 364 7447 2126 848 2218 212 53562 7807 2127
internal_value=3.06199e-14 0.00015461 -8.15195e-05 -9.76741e-05 5.50576e-06 0.000360305 0.000466015 9.54725e-05 -0.000144898 -0.000166774 0.00077783 0.000368009 0.00104654 0.00193803 0.000457447 0.000236924 0.000315279 6.26045e-05 -2.74081e-05 -1.37254e-05 0.000232912 0.000943351 0.000169676 0.000267465 1.99149e-05 0.000314633 0.000741655 -0.000174196 0.000341597 4.57179e-05
internal_weight=202736 69991 132745 126336 39667 21631 15460 6171 86669 79532 620 13227 2233 441 10714 6409 5839 48360 5185 28233 5312 593 20127 12680 25871 3066 986 78912 10554 4817
internal_count=202736 69991 132745 126336 39667 21631 15460 6171 86669 79532 620 13227 2233 441 10714 6409 5839 48360 5185 28233 5312 593 20127 12680 25871 3066 986 78912 10554 4817
is_linear=0
shrinkage=0.02


Tree=128
num_leaves=31
num_cat=0
split_feature=10 34 10 14 6 9 24 44 44 9 34 6 14 14 9 44 10 45 10 45 9 34 45 6 14 42 43 45 14 12
split_gain=6.17995 2.6991 2.32199 1.84218 2.26342 1.41743 1.38532 1.13927 1.0884 1.61846 1.53426 1.0693 1.98399 1.39453 1.05464 1.06449 1.91449 0.950502 0.995014 0.916586 0.868266 0.823689 0.776336 0.670565 0.652131 0.634395 0.621414 0.613512 0.587394 0.585343
threshold=33.544999999999987 0.036424538977527794 -3.0935000000000161 0.48726666666666746 0.3070166666666661 13.950500000000003 2.950000000004366 -1.3319930107824234 2.2891819201307584 13.4435 0.020308240410794487 0.20233333333333306 2.1761666666666684 0.33926666666666755 1.3800000000000148 -0.43286940254092526 -166.39949999999996 0.02581645090931815 -80.640000000000001 0.054517469257182948 18.799500000000009 0.10738946363118447 0.071418589269327662 0.65431666666666677 1.4308666666666683 0.80105839256387668 2.3600000000020378 0.042768683842173964 1.2073000000000018 0.71520000000000661
decision_type=2 2 2 2 2 2 2 2 2 2 2 2 2 2 2 2 2 2 2 2 2 2 2 2 2 2 2 2 2 2
left_child=1 2 14 7 5 -5 8 26 10 -10 11 13 -13 -2 15 16 -1 -16 -19 20 -12 22 25 -6 -21 -3 -4 -17 -24 -9
right_child=6 21 3 4 23 -7 -8 29 9 -11 19 12 -14 -15 17 27 -18 18 -20 24 -22 -23 28 -25 -26 -27 -28 -29 -30 -31
leaf_value=0.0012883233431043039 2.0356394798529679e-06 0.00043366872911777723 -8.9167876960278786e-08 0.0002190825484142645 -0.00012747475455857635 0.00089580894860366307 0.0010085288006093439 -5.7745486968710585e-05 -0.0016029389122242876 8.6718004225024348e-05 0.00059745721401163829 -0.00035947934999394361 0.0017099772667621867 0.00048209517671192535 -0.00020445053342177749 -0.00014929828554640384 -9.1559682889654772e-05 0.00096838085581126931 4.9179558721186319e-05 0.00079951989281593419 -0.00033068829231834693 0.0010575410545794462 0.0004297749305726741 -0.00077031149455162934 0.001708261121850671 6.3387617990793354e-05 0.00034209404717124991 -0.00030543901843104354 0.0014064550071609496 -0.00032683706587427323
leaf_weight=408 3744 2348 4174 17047 2965 1335 1150 43521 276 1271 1883 2022 204 6847 6862 19161 28232 486 15314 1593 513 471 1635 831 394 8740 4320 21206 290 3493
leaf_count=408 3744 2348 4174 17047 2965 1335 1150 43521 276 1271 1883 2022 204 6847 6862 19161 28232 486 15314 1593 513 471 1635 831 394 8740 4320 21206 290 3493
internal_value=-1.14432e-13 -3.64264e-05 -5.81092e-05 2.23361e-05 0.000176414 0.00026823 0.000334732 -3.92251e-05 0.0002934 -0.000214733 0.000339102 0.000228641 -0.000169826 0.00031239 -0.000126284 -0.000165159 -7.19021e-05 -7.90622e-06 7.74537e-05 0.000662117 0.000398735 0.000235903 0.000206164 -0.000268201 0.000979713 0.000141799 0.000173943 -0.000231324 0.000576911 -7.77382e-05
internal_weight=202736 182839 169355 77686 22178 18382 19897 55508 18747 1547 17200 12817 2226 10591 91669 69007 28640 22662 15800 4383 2396 13484 13013 3796 1987 11088 8494 40367 1925 47014
internal_count=202736 182839 169355 77686 22178 18382 19897 55508 18747 1547 17200 12817 2226 10591 91669 69007 28640 22662 15800 4383 2396 13484 13013 3796 1987 11088 8494 40367 1925 47014
is_linear=0
shrinkage=0.02


Tree=129
num_leaves=31
num_cat=0
split_feature=10 43 15 43 10 44 43 43 7 14 10 9 10 14 15 10 9 45 14 43 10 10 7 41 9 6 14 44 9 14
split_gain=5.94309 2.34005 2.4985 1.67562 1.45407 1.43252 1.38961 1.14847 1.02219 1.22358 1.01884 0.955187 0.945385 1.41289 0.944606 1.03335 0.937313 1.50675 0.892287 0.866721 0.825285 0.811445 1.11188 0.780302 0.734811 0.731468 1.46131 0.829656 0.726138 0.693258
threshold=28.566499999999987 6.4200000000055306 0.61302181851116588 3.5000000000043658 -3.0935000000000161 2.7704034032640541 16.880000000000297 14.420000000002622 0.71981508041811126 0.65045000000000097 -89.687499999999986 18.799500000000009 -138.12749999999997 1.4832666666666674 2.4126586683162561 5.9104999999999821 -5.1959999999999917 0.055704697986521952 1.5994166666666678 16.400000000004372 104.706 44.904999999999994 2.6887740965752691 18.308882420104819 -1.0269999999999879 0.59236666666666704 0.93891666666666773 -0.20633974371080258 44.40750000000002 0.83460000000000156
decision_type=2 2 2 2 2 2 2 2 2 2 2 2 2 2 2 2 2 2 2 2 2 2 2 2 2 2 2 2 2 2
left_child=1 4 12 23 10 6 8 14 9 -5 29 -7 13 -3 15 -4 -9 -18 24 -20 -10 -8 -23 -2 -14 26 27 -6 -25 -1
right_child=3 2 7 5 25 11 21 16 20 -11 -12 -13 18 -15 -16 -17 17 -19 19 -21 -22 22 -24 28 -26 -27 -28 -29 -30 -31
leaf_value=0.00096430929537026525 -0.00059730741274468114 0.0021914873671825255 -0.00013948758797660801 0.00035328264865220889 4.2165997169075495e-05 -0.0016914402764357096 0.00038424659690371974 -1.0349436612824032e-05 0.00016061957856412266 0.00085074670069957821 -0.00015891547667318398 -5.1518198503516701e-05 6.8421919140421544e-05 -3.4358673076535207e-05 -0.00039658173944683928 0.00019532343370418288 0.00015987761268096976 0.0011324971223174258 0.00054171785471987034 0.0021782049185846068 0.0013633254969176712 0.0022630277783024801 0.00071170704043738598 0.00014911876313061396 0.00031872967260366771 -0.00068210522731891479 0.00056713532863425639 -0.00011022238149375875 -0.00094400633435090271 -0.00022237321059758152
leaf_weight=546 683 243 14140 5253 32636 175 389 4478 6157 3172 66227 755 8901 215 3822 4988 2193 898 588 166 237 382 358 6863 9919 650 1719 25423 252 308
leaf_count=546 683 243 14140 5253 32636 175 389 4478 6157 3172 66227 755 8901 215 3822 4988 2193 898 588 166 237 382 358 6863 9919 650 1719 25423 252 308
internal_value=2.76729e-14 -4.03111e-05 7.48391e-05 0.000290882 -8.59625e-05 0.000402906 0.000447401 -3.90762e-05 0.000395871 0.000540577 -0.000150064 -0.000360106 0.000248391 0.0011466 -0.000109534 -5.21791e-05 0.000174561 0.000442444 0.000227374 0.000902005 0.000205199 0.00112377 0.00151252 4.84165e-05 0.000200346 -1.4803e-05 -7.54707e-06 -2.45622e-05 0.000110402 0.000536325
internal_weight=202736 178060 50551 24676 127509 16878 15948 30519 14819 8425 67081 930 20032 458 22950 19128 7569 3091 19574 754 6394 1129 740 7798 18820 60428 59778 58059 7115 854
internal_count=202736 178060 50551 24676 127509 16878 15948 30519 14819 8425 67081 930 20032 458 22950 19128 7569 3091 19574 754 6394 1129 740 7798 18820 60428 59778 58059 7115 854
is_linear=0
shrinkage=0.02


Tree=130
num_leaves=31
num_cat=0
split_feature=10 14 43 6 45 34 45 45 15 9 44 43 10 44 14 10 9 44 45 10 6 14 10 34 15 44 10 44 14 44
split_gain=5.7255 3.05612 1.70304 1.89824 2.58992 2.11902 2.56402 1.7414 1.73344 1.58641 1.43928 1.61428 1.14956 1.36605 1.10936 3.68732 1.63719 1.33768 1.01486 1.4121 0.919047 0.935711 0.909302 0.822587 0.846802 0.803711 0.645775 2.31883 2.12292 0.644642
threshold=6.5894999999999975 0.41076666666666745 12.740000000000874 0.20799999999999988 0.042161756552644855 -0.0024842186560654722 0.065079365079300386 0.065689454978437062 2.1511608591258402 10.439000000000014 -0.72925195671543275 3.5400000000008736 61.751999999999988 2.0986806385802028 1.2073000000000018 -166.39949999999996 -4.6679999999999877 1.009920957945192 0.057163625649900476 -58.759000000000007 -0.14156666666666684 0.1936000000000008 -101.7825 -0.077864218579604044 7.2229586547185534 -0.50097693891035633 -41.707000000000015 -0.87172357069659923 0.8462000000000014 1.0000000180025095e-35
decision_type=2 2 2 2 2 2 2 2 2 2 2 2 2 2 2 2 2 2 2 2 2 2 2 2 2 2 2 2 2 2
left_child=9 20 3 5 -5 6 -3 -7 12 10 11 -1 -4 -14 15 -12 -16 -18 -11 25 -2 -22 -17 -10 -25 -20 27 -13 -28 -23
right_child=1 2 8 4 -6 7 -8 -9 23 18 14 26 13 -15 16 22 17 -19 19 -21 21 29 -24 24 -26 -27 28 -29 -30 -31
leaf_value=-0.00011171337534722297 -0.00042982659078671145 0.00027853154141542377 0.0007483088898797924 -0.00037129764754946 0.00026269446587371352 0.00042136021587711113 -0.00055850681559451397 0.0011107734035440901 -0.0015501403019004005 2.2804678475679658e-05 0.0032567808627139865 -0.00040802364013831945 0.0024676871860328203 0.00042944073225521378 -4.2799803919191052e-05 0.00059306878175005128 0.0013243923033837096 6.9848857461629816e-05 0.0030502819305095147 0.00037196720174588227 -0.00014705949596297027 0.00017400619377785004 -0.0001734668196146743 0.00049685192623855892 -0.000547270128669856 0.0009073472008383714 0.00012966986217983415 0.00081101282704043251 0.0010015938731548549 -4.3056415794612739e-05
leaf_weight=21255 1789 8798 2067 4322 6385 7985 1756 1795 103 3823 126 2526 377 202 7024 624 700 661 127 2303 8326 15793 77534 1528 390 156 13842 829 1215 8375
leaf_count=21255 1789 8798 2067 4322 6385 7985 1756 1795 103 3823 126 2526 377 202 7024 624 700 661 127 2303 8326 15793 77534 1528 390 156 13842 829 1215 8375
internal_value=-4.49329e-15 0.000146372 0.000275867 0.00022231 6.77648e-06 0.000335801 0.000139263 0.000547894 0.000632078 -7.71762e-05 -9.27488e-05 7.03408e-06 0.000968942 0.00175659 -0.000138418 -0.000161836 8.02169e-05 0.000715095 0.000229795 0.000535798 1.14956e-05 3.57932e-05 -0.000167347 0.000191039 0.000284543 0.00186902 0.000144117 -0.000106807 0.000200028 9.87869e-05
internal_weight=202736 69991 35708 31041 10707 20334 10554 9780 4667 132745 126336 39667 2646 579 86669 78284 8385 1361 6409 2586 34283 32494 78158 2021 1918 283 18412 3355 15057 24168
internal_count=202736 69991 35708 31041 10707 20334 10554 9780 4667 132745 126336 39667 2646 579 86669 78284 8385 1361 6409 2586 34283 32494 78158 2021 1918 283 18412 3355 15057 24168
is_linear=0
shrinkage=0.02


Tree=131
num_leaves=31
num_cat=0
split_feature=10 43 42 4 10 43 10 43 24 10 43 7 43 7 10 13 13 6 10 29 10 20 6 43 41 41 4 10 10 7
split_gain=5.56741 2.41388 2.55663 1.86434 1.75696 1.31315 1.29805 1.25285 1.03699 0.81769 0.785237 0.951642 1.05455 0.768841 0.756717 0.72797 0.693548 0.606601 0.594341 0.579093 0.482069 0.474547 0.445713 0.438439 0.432931 0.415668 0.406338 0.404934 0.388877 0.387329
threshold=33.544999999999987 3.5400000000008736 0.15847615080206315 0.24240000000000508 -3.7230000000000207 18.719999999999711 104.706 9.2199999999967996 2.950000000004366 -138.12749999999997 2.5800000000002914 3.0061053372961073 15.139999999997965 0.58805378155303611 -0.879000000000007 0.4246000000000002 0.95910000000000173 0.59236666666666704 -89.687499999999986 0.052697119127120835 61.751999999999988 6.1500000000014561 1.3651333333333329 14.420000000002622 24.177856884964061 13.46832407669878 0.47580000000000128 44.904999999999994 -89.687499999999986 4.2371964832941744
decision_type=2 2 2 2 2 2 2 2 2 2 2 2 2 2 2 2 2 2 2 2 2 2 2 2 2 2 2 2 2 2
left_child=1 14 13 4 9 19 8 -6 10 -4 20 12 -12 23 18 -8 -17 25 -1 -5 27 -13 -18 28 -15 -16 -27 -2 -3 -7
right_child=6 2 3 5 7 29 15 -9 -10 -11 11 21 -14 24 17 16 22 -19 -20 -21 -22 -23 -24 -25 -26 26 -28 -29 -30 -31
leaf_value=0.00060280363701464498 -8.6401998182559004e-05 0.0011098769967844545 0.00052910034899585176 -0.0001578814510901219 0.00020383135833259674 0.00065425538763865367 -0.00016433952881776001 0.00058381537109258093 0.00090655300287706506 2.2469172628074563e-05 0.00032222516465883527 -0.00074278776550070478 0.0011264286747403771 -0.00039558572352307116 -0.00026714162795641114 0.0023996486234239825 0.00053842776307095968 -0.00084072283344039766 -0.00017942622715051229 0.00011165939910800921 -0.00049618561861169974 0.00011064051028738181 0.001883896008069659 0.00078254098188052044 -0.00015792906649748743 -5.5180380138161553e-06 -0.00042023918828315056 0.00037838078417947596 -6.5196941919128459e-05 -0.00020124686460803787
leaf_weight=392 1892 114 1329 17842 21635 1223 146 4134 1016 30949 12543 459 688 5622 2933 194 307 382 43916 3882 662 603 145 259 6744 30720 975 1242 9532 256
leaf_count=392 1892 114 1329 17842 21635 1223 146 4134 1016 30949 12543 459 688 5622 2933 194 307 382 43916 3882 662 603 145 259 6744 30720 975 1242 9532 256
internal_value=-2.4283e-13 -3.45741e-05 2.90359e-05 8.10724e-05 0.000141643 -7.04574e-05 0.000317711 0.00026479 0.00028482 4.3329e-05 0.000249899 0.000317808 0.000364043 -0.000160806 -0.000117594 0.00111111 0.00139937 -4.80985e-05 -0.000172506 -0.000109715 -5.79519e-06 -0.000258214 0.000970049 -2.95056e-05 -0.000265976 -3.93547e-05 -1.82757e-05 9.77908e-05 -5.13095e-05 0.000506177
internal_weight=202736 182839 103521 81250 58047 23203 19897 25769 19105 32278 18089 14293 13231 22271 79318 792 646 35010 44308 21724 3796 1062 452 9905 12366 34628 31695 3134 9646 1479
internal_count=202736 182839 103521 81250 58047 23203 19897 25769 19105 32278 18089 14293 13231 22271 79318 792 646 35010 44308 21724 3796 1062 452 9905 12366 34628 31695 3134 9646 1479
is_linear=0
shrinkage=0.02


Tree=132
num_leaves=31
num_cat=0
split_feature=10 34 42 24 45 34 45 9 10 45 14 43 15 10 10 9 34 9 10 10 14 7 43 6 9 9 45 42 10 34
split_gain=5.35208 2.37503 1.93267 1.69985 1.53297 1.25216 1.84901 1.75115 1.51978 1.34876 1.29259 1.16566 1.88865 1.26148 1.09183 1.39355 1.02633 1.01458 0.94718 0.81106 0.911464 0.735606 0.729883 0.720778 0.70336 0.671576 0.671016 0.663667 0.588785 0.583483
threshold=23.613999999999987 0.013250724932985221 0.72452261466507195 2.950000000004366 0.07393392813381984 -0.0022639564567248651 0.062707779652269049 15.723000000000011 104.706 0.068789173170331716 0.48003333333333403 9.1199999999997114 1.3188586920378016 -166.39949999999996 82.286500000000004 21.07200000000001 0.048816194574023503 18.799500000000009 -3.3145000000000162 5.428499999999989 1.0276166666666675 0.44503511093783482 2.6400000000008736 0.086133333333333326 -4.5679999999999827 -13.084499999999975 0.051360135937023245 0.93019592196714684 47.642999999999994 -0.0098489660756752011
decision_type=2 2 2 2 2 2 2 2 2 2 2 2 2 2 2 2 2 2 2 2 2 2 2 2 2 2 2 2 2 2
left_child=1 11 22 5 16 9 7 8 -7 14 -8 13 19 -1 15 -2 27 -16 24 -13 -21 29 -3 -23 -15 -20 -9 -4 -12 -11
right_child=3 2 4 -5 -6 6 10 26 -10 21 28 12 -14 18 17 -17 -18 -19 25 20 -22 23 -24 -25 -26 -27 -28 -29 -30 -31
leaf_value=0.0016358083145301366 0.00015993576558755941 1.920458601960821e-05 -4.713862218401302e-06 0.00088726022445123577 0.00038206737511311639 0.00027831471967356834 0.00024995596553997935 -0.0004959121793026754 0.0023997058299451684 -0.0004370171765902614 0.00066876041708167759 0.00016017668555133932 -0.00018538439703979077 -0.00024644850309862257 0.00029901335015213514 -0.00056877456029744014 0.00022725994042686797 0.0017720872806393079 0.00037690335626671306 0.00043864781971898525 0.0017039789699882493 -0.00070435829133583066 0.00044057156392556982 -0.00243286256598116 -0.00010910121193805631 -6.1268223484531103e-05 0.00017333840054244514 -0.00021217524592541997 0.0012365532997400288 0.00080104878650629516
leaf_weight=165 8481 2151 16480 1550 4035 9652 2060 1770 137 547 1799 8318 7032 25626 514 1198 5114 294 1442 1454 270 574 6981 116 35679 47093 906 9857 1230 211
leaf_count=165 8481 2151 16480 1550 4035 9652 2060 1770 137 547 1799 8318 7032 25626 514 1198 5114 294 1442 1454 270 574 6981 116 35679 47093 906 9857 1230 211
internal_value=1.13546e-13 -4.36917e-05 8.18435e-05 0.000241687 1.50694e-05 0.000207754 0.000315216 0.000184062 0.000308004 4.97e-05 0.000636465 -8.77676e-05 6.59831e-05 -0.000111631 0.000128703 6.9741e-05 -3.20145e-05 0.000835008 -0.000114256 0.000242005 0.000636815 -0.000522473 0.000341321 -0.000994947 -0.000166514 -4.82499e-05 -0.000269327 -8.23593e-05 0.000899327 -9.2384e-05
internal_weight=202736 171697 44618 31039 35486 29489 17554 12465 9789 11935 5089 127079 17074 110005 10487 9679 31451 808 109840 10042 1724 1448 9132 690 61305 48535 2676 26337 3029 758
internal_count=202736 171697 44618 31039 35486 29489 17554 12465 9789 11935 5089 127079 17074 110005 10487 9679 31451 808 109840 10042 1724 1448 9132 690 61305 48535 2676 26337 3029 758
is_linear=0
shrinkage=0.02


Tree=133
num_leaves=31
num_cat=0
split_feature=10 43 42 4 10 14 14 44 44 10 44 6 14 31 9 43 9 9 45 10 6 10 41 45 45 44 6 41 4 31
split_gain=5.1721 2.27858 2.42247 1.79264 1.65311 1.50702 1.28221 1.82085 2.20673 1.72628 1.59684 1.31467 1.98282 1.50348 1.2549 1.2506 1.15871 0.860993 0.7182 0.700236 0.582426 0.569403 0.549429 0.533693 0.528148 0.444067 0.42163 0.396277 0.390161 0.371091
threshold=33.544999999999987 3.5400000000008736 0.15847615080206315 0.24240000000000508 -3.7230000000000207 0.93891666666666773 2.1761666666666684 1.3883616916767094 0.88738576581215678 91.561999999999998 2.2891819201307584 0.73209999999999975 0.69675000000000131 16.400000000001459 -3.407999999999991 18.719999999999711 0.33099999999998986 0.52500000000000002 0.057163625649900476 -0.879000000000007 0.59236666666666704 -89.687499999999986 18.811881187840871 0.073196763553786959 0.072102006688792658 -0.50097693891035633 1.3651333333333329 13.46832407669878 0.47580000000000128 56.400000000001462
decision_type=2 2 2 2 2 2 2 2 2 2 2 2 2 2 2 2 2 2 2 2 2 2 2 2 2 2 2 2 2 2
left_child=1 19 22 4 16 -6 10 8 9 -8 11 12 14 -14 -2 23 -4 -12 29 21 27 -1 -3 -5 -19 -24 -13 -21 -29 -9
right_child=6 2 3 15 5 -7 7 18 -10 -11 17 26 13 -15 -16 -17 -18 24 -20 20 -22 -23 25 -25 -26 -27 -28 28 -30 -31
leaf_value=0.00059206279794143859 -0.00018490559677338203 -0.0003092714447957758 -3.7257041578626582e-05 -0.00013938739050807099 0.00020195882307879676 0.00067556440233165348 0.00021105623796940272 0.00019477856053031942 0.0044748418274379916 0.0032501802463597114 -0.0020331805234863644 -0.00033364741823518402 0.00040135794033968912 0.0010757219969211955 0.00030992189959827906 0.00049327569587947703 0.00022171857136049321 -0.00050204930368978346 0.00097777845082607407 -0.00026097474135335623 -0.00082380172309705845 -0.00017358025104883775 5.0817217493873326e-05 0.00020302429656129738 0.00068554360692773164 -0.00017131222335060859 -0.0017032971951829376 -5.4816785163058034e-06 -0.00041186384667869276 -0.0010460963100105381
leaf_weight=392 2727 6607 22255 19718 22721 3048 238 373 105 109 126 592 3640 2077 8258 1479 10023 787 444 2933 382 43916 5607 2006 185 10057 106 30720 975 130
leaf_count=392 2727 6607 22255 19718 22721 3048 238 373 105 109 126 592 3640 2077 8258 1479 10023 787 444 2933 382 43916 5607 2006 185 10057 106 30720 975 130
internal_value=-1.06998e-13 -3.3324e-05 2.84776e-05 7.91303e-05 0.000138525 0.000257978 0.000306224 0.000890031 0.00193442 0.00116571 0.00026207 0.00030875 0.000344289 0.000646356 0.000187082 -6.94574e-05 4.31604e-05 -0.000477658 0.000391545 -0.000113984 -4.71321e-05 -0.000166806 -0.000156316 -0.000107769 -0.000276016 -9.18e-05 -0.000541646 -3.85643e-05 -1.79828e-05 -0.000125925
internal_weight=202736 182839 103521 81250 58047 25769 19897 1399 452 347 18498 17400 16702 5717 10985 23203 32278 1098 947 79318 35010 44308 22271 21724 972 15664 698 34628 31695 503
internal_count=202736 182839 103521 81250 58047 25769 19897 1399 452 347 18498 17400 16702 5717 10985 23203 32278 1098 947 79318 35010 44308 22271 21724 972 15664 698 34628 31695 503
is_linear=0
shrinkage=0.02


Tree=134
num_leaves=31
num_cat=0
split_feature=10 43 43 44 14 10 10 15 15 43 43 7 34 10 34 10 44 45 13 45 14 34 44 34 34 41 45 6 34 45
split_gain=4.98847 2.07101 1.72566 1.86824 2.09013 2.92658 2.11893 1.45241 1.24357 1.20536 1.18524 1.37911 1.54814 1.31149 1.10295 0.967932 0.978655 0.962264 0.955036 0.907387 0.844665 0.81199 0.662506 0.660073 0.651668 0.56402 0.628381 0.776028 0.652282 0.487283
threshold=11.12399999999999 12.740000000000874 2.279999999997381 0.91101408405832007 0.57721666666666771 -138.12749999999997 -8.0615000000000112 3.7127883494889811 0.62077278451378493 12.51999999999971 3.5000000000043658 0.63845653727725982 -0.0022639564567248651 91.561999999999998 -0.070498786730593274 57.764499999999991 2.0986806385802028 0.065079365079300386 0.23070000000000027 0.065367334860913021 1.2694166666666675 -0.0068887713537538016 -0.46263401959063594 -0.015577675985557123 0.05525710701734738 14.742312799182921 0.069433112499057745 0.29598333333333293 -0.0098489660756752011 0.072102006688792658
decision_type=2 2 2 2 2 2 2 2 2 2 2 2 2 2 2 2 2 2 2 2 2 2 2 2 2 2 2 2 2 2
left_child=2 10 -1 4 5 -4 21 14 -7 -8 25 13 19 18 -3 22 -17 -14 -12 -13 -5 -6 -16 -22 -9 -2 27 -27 -28 -25
right_child=1 7 3 20 6 8 9 24 -10 -11 11 12 17 -15 15 16 -18 -19 -20 -21 23 -23 -24 29 -26 26 28 -29 -30 -31
leaf_value=-0.00017742480078917732 -0.00034185805532637413 -0.0004314338523621037 0.003149516147804335 -0.0002257061359377148 -6.9818917461078709e-05 1.4252465944130493e-05 0.00037651827539224541 -0.00051014050919160269 -0.00018878893624147506 0.0011398531972079597 2.4756805847006689e-05 -9.8873553688643789e-05 9.9376922425875664e-05 0.0013472023339907674 -2.2878751898131326e-05 0.0020333556977086549 0.00054881310306258331 0.00059668207225773578 0.0003796462840770172 -0.00081327906777842966 -0.00016657747111514944 0.00020846417849069407 0.00086060538173946476 0.00021784345549861564 0.00046124383300336357 3.3623586134194376e-05 -0.00043172605528905145 -0.00044579439948247624 0.00040299203461030477 0.0013124190680607821
leaf_weight=38088 1670 269 115 20763 8605 41973 5665 577 16934 969 3995 4434 6147 487 421 505 274 2084 12598 847 2473 8182 1754 2312 530 15121 431 1483 2855 175
leaf_count=38088 1670 269 115 20763 8605 41973 5665 577 16934 969 3995 4434 6147 487 421 505 274 2084 12598 847 2473 8182 1754 2312 530 15121 431 1483 2855 175
internal_value=-4.53059e-14 0.000159642 -6.16523e-05 -2.08858e-05 2.55427e-05 -3.78933e-05 0.000185404 0.00057994 -4.41159e-05 0.000488015 0.000124746 0.000204788 5.38116e-05 0.000324226 0.000794612 0.000906259 0.00151119 0.000225289 0.000294202 -0.000213454 -0.000169691 6.58165e-05 0.000689595 6.47946e-05 -4.50694e-05 1.11723e-05 4.08133e-05 -9.19603e-06 0.000293508 0.000294864
internal_weight=202736 56482 146254 108166 82443 59022 23421 4330 58907 6634 52152 30592 13512 17080 3223 2954 779 8231 16593 5281 25723 16787 2175 4960 1107 21560 19890 16604 3286 2487
internal_count=202736 56482 146254 108166 82443 59022 23421 4330 58907 6634 52152 30592 13512 17080 3223 2954 779 8231 16593 5281 25723 16787 2175 4960 1107 21560 19890 16604 3286 2487
is_linear=0
shrinkage=0.02


Tree=135
num_leaves=31
num_cat=0
split_feature=10 34 33 34 42 43 24 17 20 19 44 9 34 6 44 44 41 43 13 42 6 34 17 10 17 11 16 44 43 9
split_gain=4.82261 2.39355 2.34998 1.64555 1.64475 1.20929 1.17716 1.10598 1.74976 0.917459 0.91109 1.35367 1.13056 1.00483 1.05923 0.808319 0.732193 0.703503 0.693729 0.600344 0.740725 0.579238 0.55947 0.554702 0.545099 0.940592 0.50043 0.563929 1.06128 0.335749
threshold=33.544999999999987 -1.0000000180025095e-35 -0.004718566105040194 0.044247646230098768 0.81585611302591576 3.2400000000008737 0.099999999998544822 2.0648577586813457 6.3499999999985457 98.740943422442072 2.2891819201307584 13.4435 0.020308240410794487 0.20233333333333306 0.59587910656819698 0.095518270425878724 82.735042733566246 12.9699999999968 0.43873333333333164 0.57471052396857258 0.73209999999999975 0.10738946363118447 0.6930882720354693 51.214499999999994 0.21132423324887303 0.08050000000000003 3.0543175597515684 1.8980549983019654 17.440000000000875 55.303000000000004
decision_type=2 2 2 2 2 2 2 2 2 2 2 2 2 2 2 2 2 2 2 2 2 2 2 2 2 2 2 2 2 2
left_child=1 7 18 4 5 -4 10 8 24 22 12 -12 13 14 -2 -6 21 -15 -3 -14 -21 -5 -10 -8 25 -1 27 28 -25 -13
right_child=6 2 3 16 15 -7 23 -9 9 -11 11 29 19 17 -16 -17 -18 -19 -20 20 -22 -23 -24 26 -26 -27 -28 -29 -30 -31
leaf_value=-0.00011274696963063283 0.00016439731505589806 0.00021280313815239633 -4.299314453204169e-05 0.0003875031330242781 -5.5687916642853673e-05 0.00016015180267274186 0.00039374749796568584 -0.00028713077378094283 0.00037103953713454283 -8.9817618514325827e-05 -0.0015356798601503714 -0.00010886012623715738 0.0019830749500304081 -0.00030729463173993429 0.00066701857627468315 -0.0002780370678399868 6.6524345345091257e-05 0.0011801217987051453 0.00065752283748649531 0.00062874691790297164 -0.00022063611469842412 0.0013871752106086983 6.9342140906438984e-05 0.0011659107730731429 -0.00020226484406616097 0.00019088719702256378 0.00011651942597786224 0.00047537622349484238 0.0032321024863511201 0.00078942776251620999
leaf_weight=39064 8000 2774 23575 4655 18460 23312 1022 11470 5258 5637 265 924 117 1964 2122 10128 3770 136 2839 3516 465 244 4618 558 22478 4557 198 286 121 203
leaf_count=39064 8000 2774 23575 4655 18460 23312 1022 11470 5258 5637 265 924 117 1964 2122 10128 3770 136 2839 3516 465 244 4618 558 22478 4557 198 286 121 203
internal_value=5.93773e-14 -3.21784e-05 4.15127e-05 1.50817e-05 -1.48932e-05 5.80096e-05 0.000295696 -0.000103237 -7.73923e-05 0.000113766 0.000241665 -0.000249489 0.000283558 0.000187168 0.000269768 -0.000134461 0.000276052 -0.000210967 0.000437738 0.000571034 0.000529535 0.000437293 0.000229966 0.000733685 -0.000122256 -8.10269e-05 0.00103241 0.00122033 0.00153411 5.29433e-05
internal_weight=202736 182839 89757 84144 75475 46887 19897 93082 81612 15513 17712 1392 16320 12222 10122 28588 8669 2100 5613 4098 3981 4899 9876 2185 66099 43621 1163 965 679 1127
internal_count=202736 182839 89757 84144 75475 46887 19897 93082 81612 15513 17712 1392 16320 12222 10122 28588 8669 2100 5613 4098 3981 4899 9876 2185 66099 43621 1163 965 679 1127
is_linear=0
shrinkage=0.02


Tree=136
num_leaves=31
num_cat=0
split_feature=10 14 19 1 10 34 9 5 10 14 14 10 9 10 9 5 15 6 43 6 14 43 5 10 10 10 10 14 15 43
split_gain=4.71856 2.65661 1.42756 2.99399 1.50506 1.48023 1.42741 1.1037 1.07722 3.65227 1.14341 1.79042 1.06099 1.0241 1.54246 0.981223 0.929237 0.902253 0.899198 0.867598 0.86847 0.821251 0.806649 0.759112 0.659266 0.635263 0.558428 0.543961 0.533325 0.672613
threshold=6.5894999999999975 0.41076666666666745 0.17021288923461808 0.002436424603288002 49.269499999999994 -0.022374440849724644 10.439000000000014 0.50565000000000149 -138.12749999999997 1.3451000000000015 0.98900000000000043 -72.730999999999995 -2.0119999999999894 -166.39949999999996 -7.9029999999999996 1.0050500000000029 3.3815731542333438 0.18296666666666614 14.760000000002039 -0.14156666666666684 0.17456666666666806 15.540000000000875 0.50565000000000149 -56.553500000000007 46.280999999999985 -5.6405000000000145 -12.586500000000013 0.49476666666666763 0.39412276003710983 1.119999999999709
decision_type=2 2 2 2 2 2 2 2 2 2 2 2 2 2 2 2 2 2 2 2 2 2 2 2 2 2 2 2 2 2
left_child=6 19 17 7 5 -5 8 -4 9 13 12 -12 25 14 -1 18 -6 -3 23 24 -21 -13 -14 27 -2 -10 -20 -8 29 -22
right_child=1 2 3 4 16 -7 15 -9 10 -11 11 21 22 -15 -16 -17 -18 -19 26 20 28 -23 -24 -25 -26 -27 -28 -29 -30 -31
leaf_value=0.00046127328415191272 -0.00027789914010838964 0.00021637006290928755 0.00014609551344915684 -5.1326946399014037e-05 0.00099744972357743459 0.00051892003405139687 0.0021856769612581236 -0.00051910815002168139 -0.00021791469191497111 -0.00017197771677727501 -0.0004001896989022243 0.0001189465081167832 -4.0221211902619251e-05 0.00089104143076337416 0.0034965512085323915 -0.00057092625776044366 9.4744486437881565e-05 -0.0001580643969280349 0.00064104909661309001 -0.00017619388814290899 -0.00012469132357480165 0.00057068541929112333 -0.00045349521745134263 0.00013551140654804197 -0.0014469751306724818 -6.0505808912974592e-05 0.0020381155566324845 0.00061049389060830535 -3.8016868795228295e-05 0.00020939990248652177
leaf_weight=102 1569 6101 9204 2293 3163 8842 107 1119 39515 1626 2343 7378 56929 385 195 570 533 4453 359 6492 2926 2059 1954 4719 220 13850 168 486 9396 13680
leaf_count=102 1569 6101 9204 2293 3163 8842 107 1119 39515 1626 2343 7378 56929 385 195 570 533 4453 359 6492 2926 2059 1954 4719 220 13850 168 486 9396 13680
internal_value=5.70738e-15 0.000132879 0.000253613 0.000335526 0.000517567 0.000401491 -7.00618e-05 7.39883e-05 -8.48334e-05 0.000343281 -9.28e-05 9.46506e-05 -0.000112472 0.00157174 0.00245413 0.00022112 0.000867271 5.83867e-05 0.000298439 7.12681e-06 3.07345e-05 0.000217509 -5.39355e-05 0.000220265 -0.000421665 -0.000177062 0.00108641 0.000894717 8.23989e-05 0.000150533
internal_weight=202736 69991 35708 25154 14831 11135 132745 10323 126336 2308 124028 11780 112248 682 297 6409 3696 10554 5839 34283 32494 9437 58883 5312 1789 53365 527 593 26002 16606
internal_count=202736 69991 35708 25154 14831 11135 132745 10323 126336 2308 124028 11780 112248 682 297 6409 3696 10554 5839 34283 32494 9437 58883 5312 1789 53365 527 593 26002 16606
is_linear=0
shrinkage=0.02


Tree=137
num_leaves=31
num_cat=0
split_feature=34 43 9 5 14 14 6 14 44 14 34 33 44 7 34 14 34 43 9 41 44 9 34 41 5 41 34 9 9 44
split_gain=3.67625 2.51421 2.63147 2.77696 3.35694 1.80815 1.23161 1.14864 1.66942 1.64492 0.953053 0.972441 0.809427 0.804989 0.742886 0.638628 0.626279 0.536455 0.501569 0.442416 0.413131 0.804104 0.410432 0.397114 0.375389 0.37253 0.355064 0.31062 0.268487 0.329652
threshold=0.050771600401086171 2.3399999999979633 -1.301499999999997 0.48410000000000136 1.6623500000000015 0.4080000000000012 0.46673333333333294 0.76196666666666768 0.40228200762313032 2.3338833333333349 0.10738946363118447 0.023648814446492212 1.6883562476704157 0.41519405101214057 -0.019923202489511162 2.3338833333333349 -0.0095901530654452973 6.9400000000008744 26.659000000000002 63.785220829238092 2.5272667440274499 37.33100000000001 -1.0000000180025095e-35 64.67391304100785 0.90409999999999979 80.676740530695994 -0.036314479445530158 -17.737499999999979 12.560500000000006 -0.49162951159324991
decision_type=2 2 2 2 2 2 2 2 2 2 2 2 2 2 2 2 2 2 2 2 2 2 2 2 2 2 2 2 2 2
left_child=1 18 7 4 5 -4 -6 13 9 -9 11 -2 19 17 24 -16 -15 -3 22 -13 21 25 28 -24 -5 -12 -10 -21 -1 -30
right_child=10 2 3 14 6 -7 -8 8 26 -11 20 12 -14 16 15 -17 -18 -19 -20 27 -22 -23 23 -25 -26 -27 -28 -29 29 -31
leaf_value=-0.00019603311728795102 0.00090789354203311718 -7.3579423347538403e-05 2.7472847559387678e-05 -0.00070615832467139233 0.0014433514365991904 0.00023509215913404622 0.00041513410282881111 0.00035476621044083507 -0.00028097330532207649 -0.00062637170332312633 0.0016931802975586174 0.0013686838788279732 -0.00015538134619473077 -0.00029235365012846205 -0.00028633044967426013 0.00071925142733203821 -9.2844009212265466e-05 0.00018916160618669467 -0.00077656087355061881 -0.00049238774678343094 0.00038148862106760796 0.002866763678419849 1.6613460507860071e-05 -0.00014159559812028163 -0.0021485866542207076 0.00051036317447114544 -2.3579250408918999e-05 0.0003770014822005949 -0.00056155984226313445 0.00048591236720873019
leaf_weight=25358 1060 19304 37618 191 1027 30288 853 7928 3322 748 179 175 1480 12886 5862 264 12302 3705 484 171 238 115 11162 14709 116 263 6044 4249 161 474
leaf_count=25358 1060 19304 37618 191 1027 30288 853 7928 3322 748 179 175 1480 12886 5862 264 12302 3705 484 171 238 115 11162 14709 116 263 6044 4249 161 474
internal_value=2.30636e-14 -1.71831e-05 2.63717e-05 0.000106505 0.000143157 0.000120077 0.000976825 -6.58346e-05 7.0289e-05 0.000270178 0.000422116 0.000348928 0.000251397 -0.000116791 -0.000291108 -0.000242995 -0.000194912 -3.12718e-05 -0.000135712 0.000382416 0.00107896 0.00137699 -0.000129731 -7.33366e-05 -0.00125118 0.000989377 -0.000114874 0.000343367 -0.000185861 0.000220333
internal_weight=202736 194806 142458 76219 69786 67906 1880 66239 18042 8676 7930 7135 6075 48197 6433 6126 25188 23009 52348 4595 795 557 51864 25871 307 442 9366 4420 25993 635
internal_count=202736 194806 142458 76219 69786 67906 1880 66239 18042 8676 7930 7135 6075 48197 6433 6126 25188 23009 52348 4595 795 557 51864 25871 307 442 9366 4420 25993 635
is_linear=0
shrinkage=0.02


Tree=138
num_leaves=31
num_cat=0
split_feature=34 41 43 7 43 45 34 34 43 4 9 9 45 14 44 41 45 34 45 45 43 45 4 44 9 45 14 9 33 29
split_gain=3.54261 2.21555 1.91202 2.68976 2.34817 1.85278 1.44095 1.40513 1.43664 1.13581 1.05914 1.05517 1.14144 0.993047 0.832527 0.776474 0.768505 0.741572 0.713987 0.702091 0.640712 0.629734 0.553923 0.548219 0.509316 0.498851 0.533455 0.452934 0.434017 0.409221
threshold=0.022854074869047725 62.650602408293416 2.3399999999979633 0.61590104724059203 6.9400000000008744 0.051360135937023245 0.10738946363118447 -0.021534874597406269 12.319999999999711 0.47580000000000128 -1.301499999999997 -1.0269999999999879 0.032542554187190841 0.33926666666666755 2.7704034032640541 89.613887493543857 0.077509941143223529 0.065064307952460362 0.040029968969223388 0.048481319661231488 12.740000000000874 0.035964912280539052 0.8847000000000047 -0.60514513468770759 26.659000000000002 0.070745199532802783 1.1559000000000015 -17.737499999999979 -0.0026198992943372158 -0.038949611929778298
decision_type=2 2 2 2 2 2 2 2 2 2 2 2 2 2 2 2 2 2 2 2 2 2 2 2 2 2 2 2 2 2
left_child=2 25 24 4 11 14 15 20 9 -9 18 12 -4 -13 17 16 -7 22 -6 -12 21 -5 -3 -19 -1 28 -27 -16 -2 -10
right_child=1 5 3 7 10 6 -8 8 29 -11 19 13 -14 -15 27 -17 -18 23 -20 -21 -22 -23 -24 -25 -26 26 -28 -29 -30 -31
leaf_value=-0.00013693903380405717 0.0010618585657184234 4.42651532804609e-06 0.00010691480220095005 -0.00013128039632645183 0.00035253169662188491 0.0002600411414439635 0.0014946752042739469 -1.2199062925071288e-05 0.0011516902266549801 -0.00032857947746363456 0.00034830212725025801 2.9824922477175883e-06 -0.00016610920761467085 0.00023390463172086689 0.00029090877344864312 -4.4472353860233945e-05 0.00071932188665793108 0.0014073935360706532 -4.3013963726570954e-05 0.00077195449454585743 -6.3850678991071627e-05 -0.00043645573731198201 -0.00044144857629639249 0.00028173320420077743 -0.00085000627358576737 0.00066152165014316086 0.0018318972719160588 -0.00085638612516150084 0.00042524475847146665 0.00029946872618858279
leaf_weight=48607 483 12670 9615 4073 3382 8059 391 22145 243 5709 5086 16697 16875 13449 172 2618 1779 198 3966 2260 4947 8051 1222 1374 404 434 243 689 3787 3108
leaf_count=48607 483 12670 9615 4073 3382 8059 391 22145 243 5709 5086 16697 16875 13449 172 2618 1779 198 3966 2260 4947 8051 1222 1374 404 434 243 689 3787 3108
internal_value=-5.29202e-14 0.000185857 -3.76074e-05 5.5043e-06 8.35304e-05 0.000119489 0.000299162 -0.000109783 -2.99759e-05 -7.70449e-05 0.000308817 2.50808e-05 -6.70105e-05 0.000106004 -2.19059e-05 0.000261634 0.000343093 1.17951e-05 0.00013904 0.000478639 -0.000255666 -0.000333934 -3.47946e-05 0.000423515 -0.000142817 0.000577225 0.00108161 -0.000627194 0.000497255 0.000361268
internal_weight=202736 34119 168617 119606 71330 29172 12847 48276 31205 27854 14694 56636 26490 30146 16325 12456 9838 15464 7348 7346 17071 12124 13892 1572 49011 4947 677 861 4270 3351
internal_count=202736 34119 168617 119606 71330 29172 12847 48276 31205 27854 14694 56636 26490 30146 16325 12456 9838 15464 7348 7346 17071 12124 13892 1572 49011 4947 677 861 4270 3351
is_linear=0
shrinkage=0.02


Tree=139
num_leaves=31
num_cat=0
split_feature=10 14 44 43 6 34 9 44 43 7 34 34 14 10 9 44 5 43 6 14 10 10 44 10 44 14 10 9 44 10
split_gain=4.43533 2.4346 1.51272 2.12503 1.55917 1.98167 1.3037 1.38335 1.34782 1.23126 1.20375 1.12693 0.940068 3.32455 1.46476 1.26174 0.930123 0.841823 0.823627 0.821233 0.819617 0.72148 2.25631 0.638321 2.19524 1.95882 0.632865 0.601544 0.590138 0.561998
threshold=6.5894999999999975 0.41076666666666745 2.7704034032640541 12.740000000000874 0.15893333333333279 -0.0024842186560654722 10.439000000000014 -0.72925195671543275 3.5400000000008736 6.8358087532284095 -0.070498786730593274 0.017750228623991508 1.2073000000000018 -166.39949999999996 -4.6679999999999877 1.009920957945192 1.0050500000000029 14.760000000002039 -0.14156666666666684 0.17456666666666806 -61.318499999999993 -56.553500000000007 -0.51100890443705604 -41.707000000000015 -0.87172357069659923 0.8462000000000014 46.280999999999985 55.303000000000004 1.0000000180025095e-35 42.282999999999987
decision_type=2 2 2 2 2 2 2 2 2 2 2 2 2 2 2 2 2 2 2 2 2 2 2 2 2 2 2 2 2 2
left_child=6 18 3 4 5 -3 7 8 -1 10 -5 -6 13 -9 -14 -16 17 21 26 -20 -15 22 -8 24 -10 -25 -2 -4 -21 -30
right_child=1 2 27 9 11 -7 16 12 23 -11 -12 -13 14 20 15 -17 -18 -19 19 28 -22 -23 -24 25 -26 -27 -28 -29 29 -31
leaf_value=-9.2723686038631326e-05 -0.00026848053606961592 0.00014206451483684705 -0.00041817644619039537 -0.00036321149340906892 -0.00015386724982740087 0.00056203440978296125 0.0024228900084577762 0.0030977238930248109 -0.00040151072243245587 -0.00057832535002416729 0.00092508558917412092 0.00023704713144772973 -4.1912564023554391e-05 0.00018832321455451571 0.0012667121072327324 4.8297573009198713e-05 -0.00056079520089112698 0.0010480514263346786 -0.00016977401724750305 0.00014984201125522851 -0.00016587443091381992 0.00012736527795902176 -0.0001110055802644558 0.00012904396831784872 0.00078459561803026121 0.00096658988884607531 -0.0014139092227613383 0.00079983845550918753 -0.00010366834511948053 0.000438244041156325
leaf_weight=21255 1569 9800 1727 318 5973 8301 229 126 2526 274 3308 5828 7024 2707 700 661 570 527 6492 17201 75451 4719 364 13842 829 1215 220 179 7954 847
leaf_count=21255 1569 9800 1727 318 5973 8301 229 126 2526 274 3308 5828 7024 2707 700 661 570 527 6492 17201 75451 4719 364 13842 829 1215 220 179 7954 847
internal_value=-4.14524e-14 0.00012883 0.000244409 0.00027532 0.00021805 0.00033466 -6.79266e-05 -8.20435e-05 1.57815e-05 0.000714416 0.000812102 3.91883e-05 -0.000126816 -0.000148374 7.4446e-05 0.000674962 0.000210351 0.00028563 8.44641e-06 3.14481e-05 -0.000153607 0.000209991 0.000867514 0.000141041 -0.000108431 0.000196628 -0.000409338 -0.000303788 8.16878e-05 -5.15152e-05
internal_weight=202736 69991 35708 33802 29902 18101 132745 126336 39667 3900 3626 11801 86669 78284 8385 1361 6409 5839 34283 32494 78158 5312 593 18412 3355 15057 1789 1906 26002 8801
internal_count=202736 69991 35708 33802 29902 18101 132745 126336 39667 3900 3626 11801 86669 78284 8385 1361 6409 5839 34283 32494 78158 5312 593 18412 3355 15057 1789 1906 26002 8801
is_linear=0
shrinkage=0.02


Tree=140
num_leaves=31
num_cat=0
split_feature=10 34 45 29 45 10 5 13 9 10 24 17 44 9 34 7 13 24 41 19 10 9 9 45 17 9 6 6 9 44
split_gain=4.26584 2.12737 2.5253 1.98802 1.9193 1.35714 1.26126 1.21504 1.24665 1.20607 1.10611 1.06527 0.942218 1.45416 1.24295 0.892569 1.0123 0.851543 0.615051 0.581638 0.577508 1.01109 0.640954 0.527063 0.522002 0.454941 0.670427 0.470017 0.412786 0.383414
threshold=32.655499999999996 -0.00574187746612173 0.068145390656240465 -0.01942165750510871 0.063007197458063394 -138.12749999999997 -0.1891999999999992 0.66126666666666878 -3.8610000000000002 -209.34899999999996 2.950000000004366 2.4404648039553449 2.2891819201307584 13.4435 0.052823995921006194 3.0061053372961073 0.21953333333333327 2.0999999999985453 71.462409018369598 98.93842886598209 -47.616000000000007 -2.0849999999999844 32.575499999999998 0.04063870473433278 0.50280647002577405 9.62300000000001 0.2643333333333327 0.10586666666666576 55.303000000000004 -0.98203474161211024
decision_type=2 2 2 2 2 2 2 2 2 2 2 2 2 2 2 2 2 2 2 2 2 2 2 2 2 2 2 2 2 2
left_child=1 4 3 -3 11 9 -7 8 -4 -5 12 17 14 -14 15 16 -2 19 -10 -1 21 -9 -22 -15 -19 27 -27 29 -25 -6
right_child=10 2 7 5 25 6 -8 20 18 -11 -12 -13 13 23 -16 -17 -18 24 -20 -21 22 -23 -24 28 -26 26 -28 -29 -30 -31
leaf_value=2.4926779781592634e-05 -7.1405947210208026e-05 0.00057889651264299985 -0.00030837685630920498 -0.00035988434123812823 -0.00010525353111831522 0.00020331388309396473 -6.1055170303374502e-05 0.00010318637244309561 0.00038035498790907416 0.001149060705756608 0.0008683116691480244 -0.00030652649379463181 -0.0015434856591545207 -0.00068175557177280882 0.00094677488131998601 -0.00050231752091314688 0.00033904959779303405 0.0008406172338959447 8.0710664799994451e-05 -0.00011638269950129549 0.00044583915926206584 0.0023452992265628339 0.0018158601648610784 6.8257258833546522e-05 0.00015156631417678881 0.00097603448347533613 -0.00092723056390171961 -0.00080119172487888709 0.0010856193520488557 -0.00033588162974152711
leaf_weight=24678 2933 2200 1862 302 3680 7916 81914 139 6329 710 1174 6024 278 305 1046 630 13312 661 4832 22072 2656 191 144 821 1314 251 105 739 198 13320
leaf_count=24678 2933 2200 1862 302 3680 7916 81914 139 6329 710 1174 6024 278 305 1046 630 13312 661 4832 22072 2656 191 144 821 1314 251 105 739 198 13320
internal_value=-2.7315e-14 -3.09342e-05 2.49084e-05 -1.51665e-05 -0.000114644 -2.95534e-05 -3.77584e-05 0.000255741 0.000170703 0.000698763 0.000272079 -5.56241e-05 0.000236225 -0.000228485 0.000277767 0.000236298 0.000264943 -2.46044e-05 0.000250628 -4.17894e-05 0.000609562 0.00140089 0.000516297 4.76257e-05 0.00038218 -0.000293215 0.000414678 -0.000307422 0.000265939 -0.000285957
internal_weight=202736 182039 109195 93042 72844 90842 89830 16153 13023 1012 20697 54749 19523 1602 17921 16875 16245 48725 11161 46750 3130 330 2800 1324 1975 18095 356 17739 1019 17000
internal_count=202736 182039 109195 93042 72844 90842 89830 16153 13023 1012 20697 54749 19523 1602 17921 16875 16245 48725 11161 46750 3130 330 2800 1324 1975 18095 356 17739 1019 17000
is_linear=0
shrinkage=0.02


Tree=141
num_leaves=31
num_cat=0
split_feature=10 43 7 14 9 44 43 43 34 7 45 10 14 10 9 44 14 10 44 14 5 10 44 7 34 45 34 44 10 44
split_gain=4.16141 2.29356 1.33432 1.77235 1.22852 1.31919 1.29048 1.06913 1.01245 1.09 0.921805 1.24445 0.897831 3.16225 1.39279 1.20889 0.85318 0.835438 1.01845 0.805102 0.88727 0.776813 0.743402 0.739869 0.727264 0.988988 0.716832 0.761326 0.616212 2.10632
threshold=6.5894999999999975 6.3800000000002912 1.5391684280781208 0.97213333333333418 10.439000000000014 -0.72925195671543275 3.5400000000008736 20.519999999999715 -0.0095901530654452973 0.52016944344964322 0.057163625649900476 -58.759000000000007 1.2073000000000018 -166.39949999999996 -4.6679999999999877 1.009920957945192 0.4527166666666676 61.751999999999988 -0.47206222602447984 0.21986666666666724 0.61960000000000126 -61.318499999999993 -0.50097693891035633 9.6317160962226378 0.0054989178589617072 0.071075424605481177 -0.023774771044866732 1.9726424791559014 -41.707000000000015 -0.87172357069659923
decision_type=2 2 2 2 2 2 2 2 2 2 2 2 2 2 2 2 2 2 2 2 2 2 2 2 2 2 2 2 2 2
left_child=4 19 3 8 5 6 -1 23 9 -3 -6 22 13 -7 -14 -16 -10 18 -5 -2 24 -15 -12 -4 -21 -26 -9 -28 29 -8
right_child=1 2 7 17 10 12 28 26 16 -11 11 -13 14 21 15 -17 -18 -19 -20 20 -22 -23 -24 -25 25 -27 27 -29 -30 -31
leaf_value=-9.0142136422902738e-05 -0.0001075149224461967 0.0003499513854033049 -2.996705849802152e-05 -0.00027871498329959957 7.0664285411399272e-06 0.003021579374661318 -0.00039360021007590987 -0.00061792836372072033 0.00017325775279651023 -0.00028350386089957656 0.002883633800789597 0.00034217787633540093 -3.9996847346876355e-05 0.00018348876709839857 0.0012382682408688458 4.5648766442579109e-05 0.00059891903800553714 0.0012922521567135799 0.00076274717699005763 3.6864334224797643e-05 -0.00034714837179408828 -0.00016133586247146789 0.00082266701580523756 -0.0015201019213599049 0.00014017489663509797 0.00055397032868837945 0.00166500460955889 0.00032954344739334027 0.00019321222927590494 0.00076823575872939239
leaf_weight=21255 10418 2145 4908 445 3823 126 2526 136 3367 2202 127 2303 7024 2707 700 661 4275 924 2408 21179 1763 75451 156 137 12147 2853 329 355 15057 829
leaf_count=21255 10418 2145 4908 445 3823 126 2526 136 3367 2202 127 2303 7024 2707 700 661 4275 924 2408 21179 1763 75451 156 137 12147 2853 329 355 15057 829
internal_value=-1.49201e-13 0.000124788 0.000295974 0.000391781 -6.57956e-05 -7.94995e-05 1.60299e-05 3.8432e-05 0.000272759 2.90707e-05 0.000204339 0.000495976 -0.000123222 -0.000144289 7.34674e-05 0.000659046 0.000411376 0.000769581 0.000600304 4.82179e-05 9.09786e-05 -0.000149393 0.00174755 -7.04326e-05 0.000112328 0.000218879 0.000708215 0.000971892 0.000138596 -0.000106518
internal_weight=202736 69991 21631 15766 132745 126336 39667 5865 11989 4347 6409 2586 86669 78284 8385 1361 7642 3777 2853 48360 37942 78158 283 5045 36179 15000 820 684 18412 3355
internal_count=202736 69991 21631 15766 132745 126336 39667 5865 11989 4347 6409 2586 86669 78284 8385 1361 7642 3777 2853 48360 37942 78158 283 5045 36179 15000 820 684 18412 3355
is_linear=0
shrinkage=0.02


Tree=142
num_leaves=31
num_cat=0
split_feature=10 14 44 43 6 34 43 10 14 44 7 34 10 44 14 6 34 43 9 6 14 5 10 44 10 14 44 9 10 34
split_gain=3.99662 2.22961 1.4457 1.98232 1.51662 1.85727 1.19191 1.8214 2.3897 1.23758 1.17302 1.13921 1.08027 2.02164 2.93651 1.61466 1.07272 1.05627 0.975342 0.791002 0.758637 0.745658 0.643803 0.628437 0.61427 0.585578 0.56713 0.553874 0.530198 0.522388
threshold=6.5894999999999975 0.41076666666666745 2.7704034032640541 12.740000000000874 0.15893333333333279 -0.0024842186560654722 15.540000000000875 -138.12749999999997 0.87030000000000085 -0.57678009738607139 6.8358087532284095 -0.070498786730593274 -72.730999999999995 1.009920957945192 1.5994166666666678 -0.73481666666666701 0.031039244126431349 3.2400000000008737 5.001000000000011 -0.14156666666666684 0.17456666666666806 0.90409999999999979 -10.321500000000016 0.17929635389578544 46.280999999999985 1.3451000000000015 1.0000000180025095e-35 55.303000000000004 42.282999999999987 0.0072997221302889374
decision_type=2 2 2 2 2 2 2 2 2 2 2 2 2 2 2 2 2 2 2 2 2 2 2 2 2 2 2 2 2 2
left_child=6 19 3 4 5 -3 7 8 -1 17 11 -5 23 14 22 -16 -6 -9 -11 24 -21 -20 -14 -8 -2 -10 -22 -4 -28 -19
right_child=1 2 27 10 16 -7 12 9 25 18 -12 -13 13 -15 15 -17 -18 29 21 20 26 -23 -24 -25 -26 -27 28 -29 -30 -31
leaf_value=0.0022015478529782647 -0.00026356506046386162 0.00013635909828035856 -0.00041277867805601144 -0.00036081117452649433 -9.2368091462160349e-05 0.00054293432214863764 -0.00052318518403911556 -0.0001013885575698485 0.00086060574430685342 -0.00016496826480482313 -0.00057458459084384472 0.00089247342250998454 8.4808761852343275e-05 -9.9441308465037014e-05 1.0848528819066311e-05 0.0026189673221865442 0.00032517966951683784 1.7011854242082921e-05 6.4843770955177346e-05 -0.00016377134996250757 0.00014472954795754746 -0.00067923978604329956 0.00091017515852995364 0.00012688562289567146 -0.0013920399544929915 -0.00030405051467979601 -0.00010331966383418665 0.00075597853410869372 0.00042303747998114079 0.00020915914539437801
leaf_weight=317 1569 9800 1727 318 8303 8301 970 23269 274 65340 274 3308 1049 1760 121 441 3498 15575 11578 6492 17201 565 591 1538 220 467 7954 179 847 8890
leaf_count=317 1569 9800 1727 318 8303 8301 970 23269 274 65340 274 3308 1049 1760 121 441 3498 15575 11578 6492 17201 565 591 1538 220 467 7954 179 847 8890
internal_value=-5.81421e-14 0.000122292 0.000232899 0.000263117 0.000207804 0.000322812 -6.44797e-05 -7.80452e-05 0.000748303 -8.50273e-05 0.000687212 0.00078256 0.000200278 0.000405891 0.000809789 0.00205743 3.13996e-05 -4.91947e-06 -0.000134378 7.0885e-06 2.963e-05 3.02224e-05 0.000382243 -0.000124537 -0.000402338 0.000126605 7.79171e-05 -0.000303016 -5.26635e-05 8.68336e-05
internal_weight=202736 69991 35708 33802 29902 18101 132745 126275 1058 125217 3900 3626 6470 3962 2202 562 11801 47734 77483 34283 32494 12143 1640 2508 1789 741 26002 1906 8801 24465
internal_count=202736 69991 35708 33802 29902 18101 132745 126275 1058 125217 3900 3626 6470 3962 2202 562 11801 47734 77483 34283 32494 12143 1640 2508 1789 741 26002 1906 8801 24465
is_linear=0
shrinkage=0.02


Tree=143
num_leaves=31
num_cat=0
split_feature=10 34 33 45 45 43 4 10 45 43 23 42 15 43 29 34 42 5 13 13 10 5 6 43 6 13 6 34 34 37
split_gain=3.87987 2.02351 2.32798 2.14726 1.8714 1.19406 1.33863 1.02936 0.9536 0.910109 0.85302 0.852802 0.805804 0.701387 0.66844 1.06269 0.637392 0.629035 0.613065 0.679515 0.483766 0.45551 0.455005 0.44097 0.397512 0.386316 0.361872 0.347328 0.344353 0.340126
threshold=33.544999999999987 -0.00574187746612173 -0.0067384148453929595 0.073555931392672927 0.063007197458063394 4.8600000000020378 0.20120000000000249 104.706 0.055125819554200255 3.5800000000002914 0.099999999998544822 -0.038844259120508137 2.5297921356699269 14.760000000002039 -0.035150581466242274 -0.026257389469757603 0.25504074945054755 -0.1232999999999972 0.4246000000000002 0.95910000000000173 47.642999999999994 -0.47639999999999938 -0.2147333333333338 16.880000000000297 1.3651333333333329 0.78280000000000116 0.12093333333333292 0.00059094022679908188 -0.022374440849724644 0.15141428571244711
decision_type=2 2 2 2 2 2 2 2 2 2 2 2 2 2 2 2 2 2 2 2 2 2 2 2 2 2 2 2 2 2
left_child=1 4 8 5 11 17 -7 10 22 27 12 -1 13 16 15 -13 -2 -4 -9 -20 -15 -12 -3 -11 -21 -10 -6 -5 -28 -23
right_child=7 2 3 9 26 6 -8 18 25 23 21 14 -14 20 -16 -17 -18 -19 19 24 -22 29 -24 -25 -26 -27 28 -29 -30 -31
leaf_value=-0.00027539581838804348 -1.6473433151849227e-05 0.00083117974732475723 0.00010385855680990672 -0.00023267779142622914 -0.00026739227522332496 0.00017469374148554876 -7.528751648162468e-05 -0.0001987154684300624 0.00058961355182744117 0.00047498388587591652 0.0014249712802851075 -5.477765061087012e-06 -0.00031789835033942858 0.00017690691692812531 -7.2688696076615678e-05 0.0003973374411753579 0.00027815750096803205 -0.00010766592961647618 0.002226395304869865 0.00040371670695598142 0.0014539706307484515 0.00061663494026432497 0.00017492179286468694 0.0016678149010294875 0.0016743528481998385 0.0012559314969965835 -0.0013281917060031651 0.00018991764578683216 -0.00042441447010942336 -0.00013171370280089608
leaf_weight=6088 3970 461 6311 937 17379 19300 15410 146 1548 3936 243 11174 1172 193 34225 3422 11288 51629 194 307 308 1646 5073 128 145 449 245 4583 541 285
leaf_count=6088 3970 461 6311 937 17379 19300 15410 146 1548 3936 243 11174 1172 193 34225 3422 11288 51629 194 307 308 1646 5073 128 145 449 245 4583 541 285
internal_value=1.62846e-13 -2.88624e-05 2.54248e-05 4.2614e-07 -0.000110408 -2.90537e-05 6.3711e-05 0.000265225 0.000364784 0.000285412 0.000235935 -5.21936e-05 0.000188047 0.000225675 -2.43602e-05 8.89614e-05 0.000201497 -8.4626e-05 0.000971756 0.00123629 0.000962008 0.000608883 0.00022959 0.000512553 0.000811332 0.000739427 -0.000286376 0.000118184 -0.000706126 0.000506185
internal_weight=202736 182839 109765 102234 73074 92650 34710 19897 7531 9584 19105 54909 16931 15759 48821 14596 15258 57940 792 646 501 2174 5534 4064 452 1997 18165 5520 786 1931
internal_count=202736 182839 109765 102234 73074 92650 34710 19897 7531 9584 19105 54909 16931 15759 48821 14596 15258 57940 792 646 501 2174 5534 4064 452 1997 18165 5520 786 1931
is_linear=0
shrinkage=0.02


Tree=144
num_leaves=31
num_cat=0
split_feature=34 43 9 45 14 45 6 5 34 14 34 33 9 34 5 44 44 9 9 45 45 44 41 9 34 45 45 9 5 41
split_gain=3.12524 2.11993 2.22441 2.84226 3.02024 2.5239 1.94447 1.89478 1.74989 1.39424 0.840824 0.905679 0.798694 0.787438 0.895057 0.759295 0.745125 0.525522 0.480371 0.476991 0.440773 0.439075 0.388469 0.35764 0.357243 0.539706 0.448043 0.514663 0.343652 0.340934
threshold=0.050771600401086171 2.3399999999979633 -1.301499999999997 0.03506965236207548 1.6623500000000015 0.035674727162131006 0.024966666666666634 0.35010000000000069 -0.01697023614755588 0.56763333333333454 0.10738946363118447 0.023648814446492212 17.954500000000014 -0.009343658205814483 -0.0090999999999974799 0.40228200762313032 1.6883562476704157 -11.812499999999995 26.659000000000002 0.029706390328093409 0.049939393137914324 -1.1871706919936587 85.743591251698959 9.8814999999999991 -1.0000000180025095e-35 0.070411094637924304 0.043079800850365148 12.560500000000006 0.65675000000000217 64.67391304100785
decision_type=2 2 2 2 2 2 2 2 2 2 2 2 2 2 2 2 2 2 2 2 2 2 2 2 2 2 2 2 2 2
left_child=1 18 5 7 8 9 -6 12 -5 17 11 -2 -4 21 -15 -11 19 -3 24 -13 28 -7 -21 -9 26 29 -1 -28 -12 -26
right_child=10 2 3 4 6 13 -8 23 -10 15 20 16 -14 14 -16 -17 -18 -19 -20 22 -22 -23 -24 -25 25 -27 27 -29 -30 -31
leaf_value=-8.574570752491508e-05 0.00085989126727646127 0.00033693442574417982 3.9673572263183819e-05 -0.00013301015330365669 0.0025505542170428021 7.2787462226678743e-07 0.00073201693905148874 -0.00031520234332049648 0.00022775451267733474 0.00044391104066769129 0.001140722975537314 3.055793622150825e-05 -0.00040908456772826874 0.00010098490606423285 -0.00019195908851180068 8.6213991693311287e-05 -0.00016395565133116578 -5.5855401182873915e-05 -0.00075184237349223764 0.00065058744532364742 0.0014433451397118182 -0.00026498032380465908 0.00020135036503019142 -0.00071623409048500431 -1.9561720849408286e-05 0.00013944586780398921 -0.00027045963413327911 0.00057709898294264347 -8.3090944994974476e-05 -0.00017914325825701242
leaf_weight=12624 1060 1502 27375 6341 293 2824 1192 2557 35413 5336 175 1317 1684 7876 8871 4276 1480 14668 484 2042 427 20886 1236 1364 9797 4263 13076 293 193 11811
leaf_count=12624 1060 1502 27375 6341 293 2824 1192 2557 35413 5336 175 1317 1684 7876 8871 4276 1480 14668 484 2042 427 20886 1236 1364 9797 4263 13076 293 193 11811
internal_value=5.60304e-14 -1.58432e-05 2.41509e-05 9.78257e-05 0.00020449 -6.06242e-05 0.00109083 -4.20179e-05 0.000172967 9.40249e-05 0.000389198 0.000320455 1.36676e-05 -0.000159177 -5.41895e-05 0.000284786 0.000226331 -1.93699e-05 -0.000124682 0.000352038 0.00100616 -0.000233333 0.000481198 -0.000454709 -0.000118829 -6.6215e-05 -0.000171196 -0.000251884 0.000498886 -0.000106789
internal_weight=202736 194806 142458 76219 43239 66239 1485 32980 41754 25782 7930 7135 29059 40457 16747 9612 6075 16170 52348 4595 795 23710 3278 3921 51864 25871 25993 13369 368 21608
internal_count=202736 194806 142458 76219 43239 66239 1485 32980 41754 25782 7930 7135 29059 40457 16747 9612 6075 16170 52348 4595 795 23710 3278 3921 51864 25871 25993 13369 368 21608
is_linear=0
shrinkage=0.02


Tree=145
num_leaves=31
num_cat=0
split_feature=10 14 6 14 34 4 34 41 35 43 10 14 9 45 45 10 10 14 15 10 5 14 6 10 6 45 6 9 14 45
split_gain=3.71142 2.09435 1.82806 1.52219 1.25136 1.32036 1.40183 1.14903 1.13691 1.12671 1.73461 2.29021 1.13706 1.30454 1.25829 1.18029 1.03545 1.56339 1.56957 1.05043 0.884419 1.08818 0.894246 0.821031 1.13718 0.697553 0.593294 0.589846 0.559913 0.660638
threshold=6.5894999999999975 0.93891666666666773 0.65431666666666677 2.1761666666666684 -0.077864218579604044 0.3782000000000037 0.048816194574023503 18.811881187840871 1.0400000000154253 15.540000000000875 -138.12749999999997 0.87030000000000085 -2.0119999999999894 0.02777777777774321 0.031593038821823689 -61.318499999999993 -72.730999999999995 1.5994166666666678 1.3188586920378016 -40.721500000000013 0.65675000000000217 0.41076666666666745 0.20799999999999988 91.561999999999998 1.3651333333333329 0.065993369022535817 -0.14156666666666684 -11.513499999999983 1.3451000000000015 0.03753649286102672
decision_type=2 2 2 2 2 2 2 2 2 2 2 2 2 2 2 2 2 2 2 2 2 2 2 2 2 2 2 2 2 2
left_child=9 7 4 -4 -3 8 -7 25 -6 10 11 -1 14 -14 27 -15 -11 -18 19 -19 21 26 -23 24 -5 -2 -9 -12 29 -13
right_child=1 2 3 23 5 6 -8 20 -10 16 12 28 13 15 -16 -17 17 18 -20 -21 -22 22 -24 -25 -26 -27 -28 -29 -30 -31
leaf_value=0.0021537641592241923 -0.00010260575298942791 -0.00071186017789258568 -0.00036951945101581759 0.00098803171731729725 0.00056133915658814425 -0.00021589128441639751 0.00096755578903685098 -0.00038254306717694304 0.0011949801311769163 -0.00012272692497684843 0.00020198858688211 -8.6080592320348804e-05 -0.00014771763871029124 0.00061184839410243191 -0.00020826220557514856 2.0826873647435052e-05 0.00012211887755978241 0.0032586891075919904 0.00051913955276062336 0.0011292114532705695 -0.00031465435900160675 0.00029547782683921677 -1.3855656529867379e-05 0.0015029535154213094 -0.00049976536304564226 -0.00069627397849810705 5.5775131276922018e-05 -6.9310026996055645e-05 -0.00029863742420645261 0.001881389498652876
leaf_weight=317 3952 312 2007 409 4192 1374 565 1289 1552 2508 4077 145 22580 1397 40595 41571 2682 164 903 213 2009 16173 4862 275 413 990 29617 14997 467 129
leaf_count=317 3952 312 2007 409 4192 1374 565 1289 1552 2508 4077 145 22580 1397 40595 41571 2682 164 903 213 2009 16173 4862 275 413 990 29617 14997 467 129
internal_value=-8.41109e-14 0.000117848 0.000369859 -4.20784e-05 0.000529791 0.000580213 0.00012895 7.03532e-05 0.000732546 -6.21365e-05 -7.53258e-05 0.000731094 -8.21395e-05 -2.46372e-05 -0.000145307 4.00425e-05 0.000195279 0.000396581 0.000971664 0.00205556 9.70908e-05 0.000113017 0.000223979 0.000556986 0.000240513 -0.000221532 3.74941e-05 -1.13209e-05 0.000122475 0.00084021
internal_weight=202736 69991 11099 3104 7995 7683 1939 58892 5744 132745 126275 1058 125217 65548 59669 42968 6470 3962 1280 377 53950 51941 21035 1097 822 4942 30906 19074 741 274
internal_count=202736 69991 11099 3104 7995 7683 1939 58892 5744 132745 126275 1058 125217 65548 59669 42968 6470 3962 1280 377 53950 51941 21035 1097 822 4942 30906 19074 741 274
is_linear=0
shrinkage=0.02


Tree=146
num_leaves=31
num_cat=0
split_feature=10 34 33 34 4 43 44 14 9 6 14 44 9 17 20 10 44 44 19 41 14 6 6 17 7 43 9 34 20 44
split_gain=3.59387 1.83386 2.2159 1.4103 1.55654 1.51347 1.03518 1.70658 1.30591 1.17834 1.61852 1.44306 1.15268 0.935348 1.27328 0.886533 0.834945 2.59815 0.671947 0.643219 0.636789 0.541265 0.538281 0.516195 0.464074 0.548352 0.459269 0.428691 0.401939 0.38565
threshold=33.544999999999987 -0.00574187746612173 -0.0067384148453929595 0.044247646230098768 0.4151000000000023 5.6999999999985453 2.2891819201307584 2.1761666666666684 13.4435 0.73209999999999975 0.69675000000000131 0.43892653053678393 -3.407999999999991 2.0648577586813457 5.9000000000014561 43.516499999999986 1.2411641850924389 0.82382246081130106 98.740943422442072 76.515151507042134 0.68926666666666814 0.83995000000000031 0.46673333333333294 0.44694732724875874 0.51456758544993997 2.3600000000020378 55.303000000000004 0.087569951792432002 7.8499999999985457 1.6212821392225631
decision_type=2 2 2 2 2 2 2 2 2 2 2 2 2 2 2 2 2 2 2 2 2 2 2 2 2 2 2 2 2 2
left_child=1 13 20 4 5 -4 7 9 -8 10 12 -12 -2 14 24 -9 17 -17 23 27 -3 -6 -22 -16 25 -1 -10 -5 -18 -11
right_child=6 2 3 19 21 -7 8 15 26 29 11 -13 -14 -15 18 16 28 -19 -20 -21 22 -23 -24 -25 -26 -27 -28 -29 -30 -31
leaf_value=-0.00017930033051684335 -0.00020394671416818844 0.00024236713278591668 -3.8867784697684881e-05 0.00039634241783580832 -0.00023689334609430253 0.00016876191433740035 -0.0014206207724706413 -0.00046305032439068755 -0.00013939188063928241 -0.0007942649386375385 0.0003055852524284766 0.00095298616676894334 0.00027029940556978223 -0.00028662779262504044 0.0003855384295815183 0.0011183561004514374 -0.00032637532431975877 0.0048538987059146164 -8.9031457729051732e-05 0.00011365128344333597 0.00079387403127849691 -0.0015505481410659778 -0.00010117418189831782 7.4795838693446226e-05 -0.00021475535955464819 -1.3587667282079378e-05 0.00074125036436148428 0.0011936488943979232 0.0013298551536589751 0.00033942619104289097
leaf_weight=13764 2727 5477 65182 2845 10351 17899 295 103 1186 544 3404 2313 8258 9856 3440 276 103 102 5416 5532 1736 127 318 5651 15915 19032 296 298 136 154
leaf_count=13764 2727 5477 65182 2845 10351 17899 295 103 1186 544 3404 2313 8258 9856 3440 276 103 102 5416 5532 1736 127 318 5651 15915 19032 296 298 136 154
internal_value=1.07631e-13 -2.77783e-05 2.39024e-05 -4.87046e-07 -2.31064e-05 5.86403e-06 0.000255262 0.000300438 -0.000205398 0.000260956 0.000294602 0.000567513 0.000152569 -0.000105408 -7.71551e-05 0.0012546 0.00154134 0.00212636 8.73185e-05 0.000243461 0.000354991 -0.000252816 0.000655303 0.00019238 -0.000126138 -8.31348e-05 3.64989e-05 0.000471938 0.000616082 -0.000544138
internal_weight=202736 182839 109765 102234 93559 83081 19897 18120 1777 17400 16702 5717 10985 73074 63218 720 617 378 14507 8675 7531 10478 2054 9091 48711 32796 1482 3143 239 698
internal_count=202736 182839 109765 102234 93559 83081 19897 18120 1777 17400 16702 5717 10985 73074 63218 720 617 378 14507 8675 7531 10478 2054 9091 48711 32796 1482 3143 239 698
is_linear=0
shrinkage=0.02


Tree=147
num_leaves=31
num_cat=0
split_feature=10 14 6 14 34 45 44 14 10 14 10 14 9 10 10 45 9 34 44 34 5 14 9 45 10 4 10 44 6 6
split_gain=3.49704 1.8979 1.71491 1.38741 1.3549 1.83847 1.12175 1.58794 2.60745 1.17955 1.07422 2.16448 1.67551 1.18577 1.00086 0.996961 1.20291 0.94551 0.936271 1.16638 1.27317 0.982859 0.810223 1.12684 0.791771 0.774785 0.772809 1.50586 1.06331 0.772495
threshold=7.8739999999999908 0.93891666666666773 0.65431666666666677 2.1761666666666684 -0.021115727518336427 0.065079365079300386 1.0000000180025095e-35 0.57721666666666771 -138.12749999999997 1.2694166666666675 -54.442500000000003 1.5994166666666678 -10.682499999999983 -166.39949999999996 -5.4410000000000132 0.022175141242939515 3.8120000000000007 0.050771600401086171 1.8588858361756968 0.023319578357211376 0.4296000000000017 0.21986666666666724 2.4280000000000062 0.032542554187190841 -12.308000000000012 0.34660000000000241 91.561999999999998 1.357560484627605 1.3651333333333329 0.46673333333333294
decision_type=2 2 2 2 2 2 2 2 2 2 2 2 2 2 2 2 2 2 2 2 2 2 2 2 2 2 2 2 2 2
left_child=6 18 4 -4 5 25 7 8 -1 22 12 24 -9 -14 17 16 -6 -11 19 20 21 -2 -8 -24 -12 -3 28 -28 -5 -16
right_child=1 2 3 26 15 -7 9 10 -10 14 11 -13 13 -15 29 -17 -18 -19 -20 -21 -22 -23 23 -25 -26 -27 27 -29 -30 -31
leaf_value=0.0030371157952302371 -0.00011226253967499317 0.00051366686125772331 -0.00035531256534840735 0.00094678244919158916 0.00078911415062691117 -0.0011483347100995447 -0.00020454414323175886 -0.00053472056661784892 -5.8896945464572592e-05 -5.998242208590414e-05 5.414819482565238e-05 0.0013679142232834206 0.0015801903044977675 0.00010699069990670543 0.0011689758999938573 0.00081363465743932426 -0.00050197683908152063 0.00069108985393540935 -0.00024765172573317412 0.00030813682436319878 -0.00046661052915452668 0.00012487925556023104 -0.00027780879635738758 0.0001065451082581997 0.00039573056249720534 -0.00089495111230075697 0.0034079501343891021 0.00033136352496886893 -0.00049626121611825839 -0.00025454746388294848
leaf_weight=109 8901 1526 1975 408 588 393 37853 1937 62553 5278 6332 674 248 1840 579 4525 567 768 3437 8452 1819 32578 4629 8951 4751 174 100 175 409 207
leaf_count=109 8901 1526 1975 408 588 393 37853 1937 62553 5278 6332 674 248 1840 579 4525 567 768 3437 8452 1819 32578 4629 8951 4751 174 100 175 409 207
internal_value=4.98079e-14 0.000119523 0.000361464 -3.90095e-05 0.000519479 8.44905e-05 -5.77268e-05 -8.35223e-06 -5.35115e-05 -0.000124201 0.000170951 0.000267497 -0.000111057 0.000281968 0.000122704 0.000679767 0.000155306 3.54234e-05 7.20006e-05 9.32304e-05 5.12796e-05 7.39909e-05 -0.000156998 -2.44692e-05 0.000200576 0.000369491 0.000533059 0.00145012 0.000224377 0.000794079
internal_weight=202736 66027 10840 3067 7773 2093 136709 78444 62662 58265 15782 11757 4025 2088 6832 5680 1155 6046 55187 51750 43298 41479 51433 13580 11083 1700 1092 275 817 786
internal_count=202736 66027 10840 3067 7773 2093 136709 78444 62662 58265 15782 11757 4025 2088 6832 5680 1155 6046 55187 51750 43298 41479 51433 13580 11083 1700 1092 275 817 786
is_linear=0
shrinkage=0.02


Tree=148
num_leaves=31
num_cat=0
split_feature=10 43 14 44 10 15 10 6 14 44 6 34 10 14 9 41 44 45 34 44 9 45 42 43 6 44 43 15 34 10
split_gain=3.3665 1.48661 1.46817 1.33047 1.78785 1.32281 1.23771 1.35836 1.24012 1.60463 1.2897 1.07811 0.912844 0.849209 0.796073 0.751704 0.730433 0.668051 1.10701 0.649358 0.621132 0.814868 0.583664 0.615988 0.581254 0.573238 0.521524 0.456669 0.343103 0.323324
threshold=14.77249999999998 9.5200000000026215 0.17456666666666806 -0.31325253014344456 -166.39949999999996 1.2914632200777822 91.561999999999998 1.3651333333333329 1.2073000000000018 0.65801029313983161 0.20799999999999988 0.010254851792917715 5.1754999999999818 1.0276166666666675 12.143500000000008 61.589403971846487 -1.2305217420372492 0.070084585145808745 -0.004181939784246763 0.95982646591898535 3.3540000000000152 0.030331062995169644 0.17380378521356868 23.319999999999713 -0.29176666666666695 1.134769847281498 1.7400000000037836 3.7127883494889811 0.05525710701734738 61.751999999999988
decision_type=2 2 2 2 2 2 2 2 2 2 2 2 2 2 2 2 2 2 2 2 2 2 2 2 2 2 2 2 2 2
left_child=1 3 -2 4 -1 12 7 8 10 -10 -4 26 14 16 19 -13 -14 27 -19 -3 -5 -22 -7 -24 -23 -15 -6 -8 29 -9
right_child=2 5 6 20 11 22 17 28 9 -11 -12 15 13 25 -16 -17 -18 18 -20 -21 21 24 23 -25 -26 -27 -28 -29 -30 -31
leaf_value=0.0019833481147652461 -0.00024411165975848914 0.00022632977115854961 0.00019112820182039448 -0.00016845659065838712 -0.00016363257286537862 -0.0002912931830036896 0.0010586407502365556 -0.0016338591362253122 -2.6798770025533418e-05 0.00075428784357579393 -0.00010190639737155746 0.00037689214791537432 0.0017223134819856461 0.0026528674695613002 0.00080715314438460813 5.465641418042232e-05 0.00032226690756918797 -0.0014297528458637712 0.0010727515281017484 -0.00012856456158994451 -0.0002376911032996162 0.0014832953336729627 -4.7319131876456023e-05 0.00050377197542932788 5.4061525378602408e-05 0.00065184045314090337 -1.9389590542393134e-05 -0.00015571965137496592 -0.00011644389305376646 -0.00031105225917743952
leaf_weight=180 3556 7559 29986 50233 14157 3244 1138 239 1622 2994 7513 3637 170 134 743 14208 1210 138 145 2836 5029 115 5012 968 11095 100 34364 139 165 107
leaf_count=180 3556 7559 29986 50233 14157 3244 1138 239 1622 2994 7513 3637 170 134 743 14208 1210 138 145 2836 5029 115 5012 968 11095 100 34364 139 165 107
internal_value=-1.3653e-13 -4.52321e-05 0.000146846 -7.04083e-05 -7.191e-06 0.000107156 0.000178309 0.000158059 0.000170495 0.000479825 0.000132418 -1.25898e-05 0.000239126 0.000683646 0.000174711 0.000120331 0.000494736 0.000731623 -0.000147551 0.000129506 -0.000133696 -2.61689e-05 -7.52892e-05 4.18876e-05 6.87236e-05 0.00179773 -6.14754e-05 0.000926459 -0.000866904 -0.00122478
internal_weight=202736 154994 47742 133018 66546 21976 44186 42626 42115 4616 37499 66366 12752 1614 11138 17845 1380 1560 283 10395 66472 16239 9224 5980 11210 234 48521 1277 511 346
internal_count=202736 154994 47742 133018 66546 21976 44186 42626 42115 4616 37499 66366 12752 1614 11138 17845 1380 1560 283 10395 66472 16239 9224 5980 11210 234 48521 1277 511 346
is_linear=0
shrinkage=0.02


Tree=149
num_leaves=31
num_cat=0
split_feature=34 43 7 43 34 5 14 9 9 45 45 45 45 45 14 43 5 41 45 9 34 45 45 9 41 29 41 34 41 7
split_gain=2.7519 1.891 2.39096 2.21674 1.53292 1.37927 1.63892 0.985867 0.931183 0.929779 0.887886 0.88568 0.845258 0.791363 0.695303 0.583473 0.582239 0.537741 0.501586 0.463952 0.317063 0.510969 0.348467 0.438994 0.333129 0.267652 0.258493 0.259806 0.242927 0.239696
threshold=0.050771600401086171 2.3399999999979633 0.63845653727725982 6.9400000000008744 -0.021534874597406269 0.013450000000001478 0.66855000000000142 -0.95699999999998886 -1.0269999999999879 0.030957533153107088 0.073196763553786959 0.031272666988371389 0.048481319661231488 0.064175027322167552 2.3338833333333349 15.540000000000875 0.7497500000000018 74.108203255382918 0.040029968969223388 26.659000000000002 0.0022337771493084507 0.070411094637924304 0.05051159177682308 12.143500000000008 63.221884496794381 -0.020240505401769578 92.592592576532397 0.10738946363118447 74.108203255382918 2.832041338140856
decision_type=2 2 2 2 2 2 2 2 2 2 2 2 2 2 2 2 2 2 2 2 2 2 2 2 2 2 2 2 2 2
left_child=1 19 3 8 15 6 -6 18 11 -10 -7 -3 -9 17 26 16 -4 -2 -5 20 22 24 25 -24 -22 -1 27 -15 -23 -17
right_child=13 2 4 7 5 10 -8 12 9 -11 -12 -13 -14 14 -16 29 -18 -19 -20 -21 21 28 23 -25 -26 -27 -28 -29 -30 -31
leaf_value=4.9107245702879466e-05 0.00054747108604701685 9.5907940483758975e-05 -0.00028470743919435703 0.00028340506255575466 -3.0771129056232309e-05 -0.00015497789580051384 0.00036557418528857937 0.00028693791759834179 -2.4349026541244944e-05 0.00018079303012492144 0.00029173566867279975 -0.00013078160579961157 0.0006831682881965344 0.00056025127772499253 0.0014860557996366993 0.00014799441244826253 -0.0015905718379055044 0.00011402523205301041 -9.4656343748807356e-06 -0.00073401000224797579 1.320312847007076e-05 0.00032641591651088534 -0.00025587991272751155 0.0005113227235905071 -0.00016383608220387787 -0.00013925431871346489 -2.3818736248182386e-05 0.0016022101865725263 9.1506516319007949e-06 -0.00019859276395959305
leaf_weight=3881 1600 10858 13209 4620 10898 20276 6763 6213 14353 22998 1951 18884 3296 1555 359 1871 138 4025 4738 484 6708 1769 11904 306 11609 13562 289 102 2125 1392
leaf_count=3881 1600 10858 13209 4620 10898 20276 6763 6213 14353 22998 1951 18884 3296 1555 359 1871 138 4025 4738 484 6708 1769 11904 306 11609 13562 289 102 2125 1392
internal_value=5.45552e-14 -1.48667e-05 2.29062e-05 8.93327e-05 -7.81597e-05 -1.09336e-05 0.000121003 0.000280858 3.54744e-05 0.000101962 -0.000115767 -4.80234e-05 0.000424279 0.000365212 0.000677322 -0.000239599 -0.000298209 0.000237316 0.000135123 -0.000117661 -0.000111909 -5.47716e-05 -0.000154706 -0.000236653 -9.90013e-05 -9.73446e-05 0.000528126 0.000624391 0.000153281 1.39877e-07
internal_weight=202736 194806 142458 85960 56498 39888 17661 18867 67093 37351 22227 29742 9509 7930 2305 16610 13347 5625 9358 52348 51864 22211 29653 12210 18317 17443 1946 1657 3894 3263
internal_count=202736 194806 142458 85960 56498 39888 17661 18867 67093 37351 22227 29742 9509 7930 2305 16610 13347 5625 9358 52348 51864 22211 29653 12210 18317 17443 1946 1657 3894 3263
is_linear=0
shrinkage=0.02


Tree=150
num_leaves=31
num_cat=0
split_feature=10 34 45 29 45 5 14 44 14 9 6 34 6 10 17 14 14 9 10 45 44 15 6 45 14 13 9 10 9 6
split_gain=3.22 1.672 2.12256 1.8076 1.66036 1.22715 1.1026 1.02375 1.56148 1.23707 1.09713 1.50907 1.2695 1.01708 0.951016 0.934099 0.900405 0.8521 0.841576 0.818927 0.785109 0.707192 0.705345 0.622996 0.602133 0.490185 0.485453 1.29439 0.385663 0.424648
threshold=33.544999999999987 -0.00574187746612173 0.068145390656240465 -0.01942165750510871 0.063007197458063394 -0.1232999999999972 0.69675000000000131 2.2891819201307584 2.1761666666666684 13.4435 0.73209999999999975 0.020308240410794487 0.20233333333333306 -138.12749999999997 2.4404648039553449 0.76196666666666768 0.30940000000000017 -3.954999999999997 43.516499999999986 0.02581645090931815 1.4204642124723144 0.59860446037599846 -0.067866666666666853 0.07176771542558559 0.62598333333333456 0.70040000000000135 -12.404499999999979 -43.957000000000008 14.490500000000006 0.10586666666666576
decision_type=2 2 2 2 2 2 2 2 2 2 2 2 2 2 2 2 2 2 2 2 2 2 2 2 2 2 2 2 2 2
left_child=1 4 3 -3 14 24 17 8 10 -9 11 12 -2 -7 16 -13 -1 25 -10 -20 -21 -18 -19 -11 -5 -4 -8 -28 29 -6
right_child=7 2 6 5 28 13 26 9 18 23 -12 15 -14 -15 -16 -17 21 22 19 20 -22 -23 -24 -25 -26 -27 27 -29 -30 -31
leaf_value=-0.00012955885673881625 0.00025653883752786531 0.00055039862846741766 -0.0003344301548548763 5.3852203492583595e-05 -0.00025418542401145359 0.00072788982368359844 -0.00013567573904786198 -0.0013992497998988258 -0.00047428820139809862 -0.00018807098486324318 -0.00052807761563067725 0.00036092321673207638 -0.00031443176846406912 -6.3528929442262106e-05 -0.00028238497694248118 0.0009823992669870025 0.00012891146511661295 0.0007967849300289186 -0.00017812379577662797 0.0023279341391753408 0.00065050254084535533 -6.4965228913342762e-05 0.00018300851130677979 0.00083119724401422288 0.0003417001835850113 0.00079146452365881387 0.0021186784247203098 0.00054997105053374311 0.00065241718997288689 -0.00072033332568116864
leaf_weight=17838 10912 2219 1716 8330 17165 655 309 295 103 1181 698 2307 1817 77843 6038 1666 18203 804 100 354 163 12830 10934 301 4465 170 234 2086 181 819
leaf_count=17838 10912 2219 1716 8330 17165 655 309 295 103 1181 698 2307 1817 77843 6038 1666 18203 804 100 354 163 12830 10934 301 4465 170 234 2086 181 819
internal_value=3.71279e-14 -2.62937e-05 2.30536e-05 -1.36122e-05 -0.000100419 -2.73212e-05 0.000234011 0.00024162 0.000286546 -0.000216489 0.000248779 0.000281245 0.000175036 -5.69252e-05 -4.55852e-05 0.000621527 -1.63287e-05 0.000161648 0.00119925 0.00147862 0.00179907 4.87569e-05 0.000225049 1.89464e-05 0.000154301 -0.000232944 0.00060901 0.000708194 -0.000266169 -0.000275414
internal_weight=202736 182839 109765 93512 73074 91293 16253 19897 18120 1777 17400 16702 12729 78498 54909 3973 48871 13624 720 617 517 31033 11738 1482 12795 1886 2629 2320 18165 17984
internal_count=202736 182839 109765 93512 73074 91293 16253 19897 18120 1777 17400 16702 12729 78498 54909 3973 48871 13624 720 617 517 31033 11738 1482 12795 1886 2629 2320 18165 17984
is_linear=0
shrinkage=0.02


Tree=151
num_leaves=31
num_cat=0
split_feature=34 41 4 14 9 6 44 44 14 44 34 33 9 7 9 9 9 14 36 13 44 41 41 44 14 14 44 9 15 34
split_gain=2.59119 1.75143 1.92987 2.34429 1.53881 2.42017 1.35009 1.0448 0.83486 0.773659 0.919874 0.869194 0.594788 0.546702 0.660334 0.541606 0.535237 0.444527 0.421366 0.394179 0.377885 0.333006 0.314941 0.423239 0.291419 0.287037 0.338168 0.364319 0.283394 0.275085
threshold=0.050771600401086171 18.811881187840871 0.4151000000000023 0.46936666666666754 -2.4710000000000094 -0.1383999999999998 0.40228200762313032 -0.038088458419724205 0.1936000000000008 3.0021259773618425 0.10738946363118447 0.021996580027565504 37.33100000000001 3.0061053372961073 14.490500000000006 -7.2569999999999819 2.9285000000000001 3.7055333333333342 20.500000000000004 2.0466333333333342 -0.69075363250089006 80.676740530695994 83.280909469160562 -0.73902862944378855 2.5471500000000016 0.83460000000000156 0.98408578569304028 -6.1529999999999907 6.0170479446330107 0.023319578357211376
decision_type=2 2 2 2 2 2 2 2 2 2 2 2 2 2 2 2 2 2 2 2 2 2 2 2 2 2 2 2 2 2
left_child=1 18 3 7 6 -6 -5 8 -3 10 11 19 21 14 29 -15 -9 -11 25 -2 -17 -12 28 -24 -16 -1 27 -27 -13 -4
right_child=9 2 13 4 5 -7 -8 16 -10 17 12 22 -14 15 24 20 -18 -19 -20 -21 -22 -23 23 -25 -26 26 -28 -29 -30 -31
leaf_value=-0.00018754780789420573 0.00072486007878972466 -0.00010173021208222447 -0.0002649255953127635 0.0001422962375956532 0.0007470212081816431 0.00016559248079305697 -0.00012924519295853278 -0.00017553585095065523 5.8196368321251445e-05 -0.00048010389773925355 0.001457531305543166 0.00044041270142563941 0.0023240231414772502 0.00035160202831212338 0.00015253773194776206 -6.5187163523275918e-05 -3.2995017475448421e-06 0.00067504783128823922 -0.00045264797527591659 0.0017788332942676136 -0.00075027645837632694 0.00037946684154082071 0.00064921687560727385 -2.3020839149348627e-05 0.0012228479555491871 5.2487360731805715e-05 -0.00022610483331061507 0.00090047849199885303 -0.00041527540176039838 -6.5230539044039179e-05
leaf_weight=15507 570 18004 8827 16998 3214 26266 12869 23458 47515 630 196 3084 137 268 1531 407 10424 169 2244 189 1543 276 458 2058 109 565 727 316 163 4014
leaf_count=15507 570 18004 8827 16998 3214 26266 12869 23458 47515 630 196 3084 137 268 1531 407 10424 169 2244 189 1543 276 458 2058 109 565 727 316 163 4014
internal_value=-1.06714e-13 -1.44261e-05 5.4941e-06 2.70076e-05 0.000126474 0.000228982 2.52953e-05 -3.23786e-05 1.42501e-05 0.000354388 0.000420513 0.0003511 0.00116388 -0.000199023 -0.000154237 -0.000491424 -0.000122546 -0.000235773 -0.000194959 0.000987312 -0.000607286 0.000827138 0.00026731 9.93499e-05 0.000223674 -0.000161173 9.31768e-05 0.000356648 0.000397457 -0.000202502
internal_weight=202736 194806 175447 158748 59347 29480 29867 99401 65519 7930 7131 6522 609 16699 14481 2218 33882 799 19359 759 1950 472 5763 2516 1640 17115 1608 881 3247 12841
internal_count=202736 194806 175447 158748 59347 29480 29867 99401 65519 7930 7131 6522 609 16699 14481 2218 33882 799 19359 759 1950 472 5763 2516 1640 17115 1608 881 3247 12841
is_linear=0
shrinkage=0.02


Tree=152
num_leaves=31
num_cat=0
split_feature=10 43 7 34 45 45 9 43 10 12 44 43 10 44 43 9 44 10 5 9 9 44 10 10 44 44 10 10 44 45
split_gain=3.10761 1.79114 1.4409 1.41218 1.56563 1.26073 1.41402 0.992197 1.3381 1.51716 1.11959 0.970156 0.924805 1.94484 1.12708 0.895136 0.764938 0.764564 0.743163 0.717871 0.67895 0.669179 0.604221 1.25242 0.8091 0.600774 0.5939 0.554673 0.522419 0.497751
threshold=6.5894999999999975 4.8600000000020378 0.40543316341538932 -0.0039699449196102165 0.065367334860913021 0.052563635344036706 -18.455999999999985 16.880000000000297 -138.12749999999997 0.59340000000000626 -0.73902862944378855 3.3600000000020378 -72.730999999999995 1.009920957945192 25.540000000000877 6.6065000000000031 -0.12973570003388124 49.269499999999994 1.0050500000000029 44.40750000000002 -15.052999999999995 -1.0410740715480729 43.516499999999986 61.751999999999988 -0.8496949999582174 0.86668286518526538 91.561999999999998 -3.5150000000000223 -0.30192631317317192 0.060658226447889728
decision_type=2 2 2 2 2 2 2 2 2 2 2 2 2 2 2 2 2 2 2 2 2 2 2 2 2 2 2 2 2 2
left_child=7 19 26 4 16 6 -5 8 9 28 11 -10 25 14 29 -12 -4 -7 -17 22 -11 -6 -2 24 -24 -9 -3 -13 -1 -14
right_child=1 2 3 5 21 17 -8 12 10 20 15 27 13 -15 -16 18 -18 -19 -20 -21 -22 -23 23 -25 -26 -27 -28 -29 -30 -31
leaf_value=0.0021232226059387008 -2.979673393488613e-06 0.00041317602148687046 -0.00018690042375551629 0.0017175855427922215 0.00027149017894207019 0.00035566348418615042 4.6092129978312278e-05 -0.00042722845879657412 -8.1942939170257008e-05 -0.00047705398580999447 -0.00013717730691192024 5.4176280267191078e-05 0.00053153257936196913 -0.00010007538367837684 0.0022918142512263289 0.00010597991794391632 0.00023345331806156732 0.00089534672769306573 -0.0006931832927491216 -0.00079683639276413695 0.00069613010139916033 -0.00091220853656551681 5.4792882420210493e-06 -0.00019859522727449442 0.00069967356728152725 0.00023929958549997129 0.0014680531252224474 0.00030279384659806036 0.00065330571440568605 0.0015045539352386886
leaf_weight=260 33826 8479 3087 208 232 4775 7579 1095 20402 414 77071 14385 1100 1385 210 9290 3944 1346 490 428 377 1082 988 1701 2097 1069 219 4783 154 260
leaf_count=260 33826 8479 3087 208 232 4775 7579 1095 20402 414 77071 14385 1100 1385 210 9290 3944 1346 490 428 377 1082 988 1701 2097 1069 219 4783 154 260
internal_value=-2.45664e-14 0.000107836 0.000221466 0.000136151 -6.95321e-05 0.000259564 9.07397e-05 -5.68577e-05 -6.78085e-05 0.000595508 -7.4131e-05 1.40457e-05 0.000216164 0.000446209 0.000928122 -0.000114305 4.88946e-05 0.000474339 6.594e-05 1.77506e-05 8.20995e-05 -0.000703215 2.678e-05 0.000237112 0.000477351 -9.79685e-05 0.000439736 0.000116214 0.00157644 0.000717551
internal_weight=202736 69991 30951 22253 8345 13908 7787 132745 127626 1205 126421 39570 5119 2955 1570 86851 7031 6121 9780 39040 791 1314 38612 4786 3085 2164 8698 19168 414 1360
internal_count=202736 69991 30951 22253 8345 13908 7787 132745 127626 1205 126421 39570 5119 2955 1570 86851 7031 6121 9780 39040 791 1314 38612 4786 3085 2164 8698 19168 414 1360
is_linear=0
shrinkage=0.02


Tree=153
num_leaves=31
num_cat=0
split_feature=10 43 15 14 10 44 44 43 10 14 44 43 10 44 14 15 42 43 4 43 14 15 10 14 15 43 44 10 44 44
split_gain=2.98454 1.73216 1.55688 1.24435 1.17724 1.21888 1.0827 0.952906 1.28511 2.40778 1.07525 0.931738 0.888183 1.86783 1.93248 1.14661 0.817546 0.830864 1.00231 0.783388 0.759241 1.00095 0.689415 0.623059 0.622645 0.597778 0.576984 0.532708 0.525517 0.504386
threshold=6.5894999999999975 7.6400000000008736 1.5103871183288102 0.4527166666666676 61.751999999999988 -0.78964635593578758 -1.2983811569623518 16.880000000000297 -138.12749999999997 1.3451000000000015 -0.73902862944378855 3.3600000000020378 -72.730999999999995 1.009920957945192 1.5409333333333344 1.3188586920378016 0.15847615080206315 1.4800000000002911 0.19060000000000279 16.880000000000297 2.8280666666666687 3.3815731542333438 -166.39949999999996 0.21986666666666724 0.77836569164923841 7.5799999999973808 0.86668286518526538 -3.5150000000000223 2.5272667440274499 3.6600125406477528
decision_type=2 2 2 2 2 2 2 2 2 2 2 2 2 2 2 2 2 2 2 2 2 2 2 2 2 2 2 2 2 2
left_child=7 16 3 -3 6 -6 -5 8 9 22 11 -10 26 14 -14 -16 -2 -18 23 29 28 -22 -1 -19 25 -12 -9 -13 -21 -4
right_child=1 2 19 4 5 -7 -8 12 10 -11 24 27 13 -15 15 -17 17 18 -20 20 21 -23 -24 -25 -26 -27 -28 -29 -30 -31
leaf_value=0.0021269995491486043 -0.00013827734311623938 8.5530777826964922e-05 -9.0182914949276118e-05 0.001444347619443728 0.0025165958183495352 0.00084694469653834249 0.00038744065582717899 -0.00041868389165367807 -8.0304080330001882e-05 -0.0003600152411044722 -0.00010525175324322115 5.3092754819942145e-05 0.00042567452459671157 -9.8073877248443817e-05 0.0031865085797060447 0.0012073682140275512 -8.9197533949598247e-05 -1.2110366006845048e-05 -4.8567306370988493e-05 0.00040447005537430983 0.002556645388835696 0.00042249708983396728 0.00080699917326903722 0.0002325456292103459 -0.00020353374889317319 6.9746863725413179e-05 0.00023451359675979042 0.00029673797028096786 -0.00058014673098059205 -0.0013042253262402726
leaf_weight=300 7766 2994 3800 415 211 1022 5893 1095 20402 570 55615 14385 1064 1385 184 322 8982 5116 9801 796 135 252 335 22368 22153 9083 1069 4783 298 142
leaf_count=300 7766 2994 3800 415 211 1022 5893 1095 20402 570 55615 14385 1064 1385 184 322 8982 5116 9801 796 135 252 335 22368 22153 9083 1069 4783 298 142
internal_value=-4.96715e-14 0.00010568 0.000288761 0.000430494 0.000567454 0.00113267 0.000456974 -5.57206e-05 -6.64523e-05 0.000583598 -7.26483e-05 1.37648e-05 0.000211841 0.000437284 0.000909559 0.00192706 5.16089e-05 8.34816e-05 0.00012508 1.34235e-05 0.000405598 0.00116697 0.00143062 0.000187004 -0.000112019 -8.06836e-05 -9.60092e-05 0.00011389 0.000136265 -0.000133916
internal_weight=202736 69991 15958 10535 7541 1233 6308 132745 127626 1205 126421 39570 5119 2955 1570 506 54033 46267 37285 5423 1481 387 635 27484 86851 64698 2164 19168 1094 3942
internal_count=202736 69991 15958 10535 7541 1233 6308 132745 127626 1205 126421 39570 5119 2955 1570 506 54033 46267 37285 5423 1481 387 635 27484 86851 64698 2164 19168 1094 3942
is_linear=0
shrinkage=0.02


Tree=154
num_leaves=31
num_cat=0
split_feature=10 43 15 42 43 4 9 6 10 13 6 43 17 11 10 45 10 43 15 5 43 6 10 45 45 5 7 9 9 43
split_gain=2.8683 1.92965 1.49602 1.24459 1.20982 1.20864 0.988724 0.882356 0.759743 2.59971 0.916453 0.844763 0.674278 0.879231 0.665898 0.728545 0.661977 0.651192 0.704898 0.612274 0.669124 0.600569 0.558569 0.558476 0.529674 0.52913 0.501218 0.467599 0.440017 0.437045
threshold=1.2914999999999763 11.56000000000204 1.6376919734794477 0.15847615080206315 3.9800000000002913 0.15850000000000294 10.439000000000014 0.65431666666666677 -138.12749999999997 0.67613333333333514 -0.28279999999999988 25.540000000000877 2.1310859797874122 2.0185000000000008 57.764499999999991 0.017423086361022227 91.561999999999998 20.519999999999715 5.1419569748710749 1.0050500000000029 7.3799999999973815 0.3070166666666661 47.642999999999994 0.054809255940333854 0.037226295889076833 -0.17739999999999798 6.8358087532284095 44.40750000000002 -4.5679999999999827 1.2200000000026197
decision_type=2 2 2 2 2 2 2 2 2 2 2 2 2 2 2 2 2 2 2 2 2 2 2 2 2 2 2 2 2 2
left_child=6 3 14 -2 21 16 8 19 9 -1 -11 12 13 -10 25 -16 -6 26 24 20 -8 29 -7 -23 -19 -3 -4 -17 -27 -5
right_child=1 2 17 4 5 22 7 -9 11 10 -12 -13 -14 -15 15 27 -18 18 -20 -21 -22 23 -24 -25 -26 28 -28 -29 -30 -31
leaf_value=0.0021283513521825372 -0.00012503689018539019 0.00095809172270377063 2.0220356882268461e-05 -8.4475289142639377e-05 0.00026298783021582464 -2.5745500359246561e-05 0.00014634779158663301 -0.00062726285466451284 -7.7100743924006168e-05 -0.00033479171118508253 0.00052070661268193211 0.00054344225949649124 -0.00023472874906547606 0.0010258331622041215 -0.00021367624786859909 0.001912635121613311 0.0010901845157223083 -0.00017108088871464134 -0.00011437536971498459 -0.00062918240783254556 0.00065624752858436063 -0.00051683339605928787 0.00037187525057384756 5.596788583939646e-05 0.0014012248002229133 -0.00020125738558526355 -0.00094579280871197476 0.00056343959795190489 0.00051719032052312123 7.8895203944670867e-05
leaf_weight=269 12601 909 2298 8872 19053 10710 2564 459 94261 1154 885 845 11690 290 112 394 395 110 353 271 1720 1579 1628 1197 388 415 237 139 1912 25026
leaf_count=269 12601 909 2298 8872 19053 10710 2564 459 94261 1154 885 845 11690 290 112 394 395 110 353 271 1720 1579 1628 1197 388 415 237 139 1912 25026
internal_value=7.8625e-14 8.56162e-05 0.000397827 5.7627e-05 9.12487e-05 0.000181558 -6.60995e-05 0.000208528 -7.86869e-05 0.00028033 3.65256e-05 -8.64247e-05 -9.14344e-05 -7.37179e-05 0.000665863 0.00125266 0.000279789 9.0607e-05 0.000569309 0.000292749 0.000351069 1.2976e-05 2.67206e-05 -0.000269844 0.00105393 0.000548903 -7.00933e-05 0.00156078 0.000389061 3.61368e-05
internal_weight=202736 88328 7267 81061 68460 31786 114408 5014 109394 2308 2039 107086 106241 94551 3881 645 19448 3386 851 4555 4284 36674 12338 2776 498 3236 2535 533 2327 33898
internal_count=202736 88328 7267 81061 68460 31786 114408 5014 109394 2308 2039 107086 106241 94551 3881 645 19448 3386 851 4555 4284 36674 12338 2776 498 3236 2535 533 2327 33898
is_linear=0
shrinkage=0.02


Tree=155
num_leaves=31
num_cat=0
split_feature=10 34 5 10 14 44 44 34 43 9 14 5 9 43 45 9 44 13 45 4 31 5 9 9 14 10 44 10 7 44
split_gain=2.77693 1.48529 1.4527 1.28292 1.95835 1.10773 1.09703 1.48075 0.968714 0.984465 1.91212 1.28619 0.846604 0.825798 0.81369 0.738887 0.681751 0.588714 0.648457 0.545643 0.476805 0.460528 0.509506 0.460242 0.412594 0.496052 0.400996 0.380056 0.556088 0.363593
threshold=28.566499999999987 0.030401569311765849 0.27235000000000165 -3.3145000000000162 0.54000000000000137 -1.3319930107824234 2.7704034032640541 0.070202806751051852 2.6000000000043659 -3.5829999999999829 0.75306666666666777 0.4631000000000009 1.1060000000000016 12.319999999999711 0.020837718496021135 17.954500000000014 -0.42239466136064696 0.33133333333333398 0.071418589269327662 0.36760000000000165 28.650000000001459 1.0050500000000029 14.490500000000006 32.575499999999998 1.2073000000000018 5.1754999999999818 -2.2199364891270172 61.751999999999988 3.477004098354556 1.6542134638417785
decision_type=2 2 2 2 2 2 2 2 2 2 2 2 2 2 2 2 2 2 2 2 2 2 2 2 2 2 2 2 2 2
left_child=1 2 3 12 5 -5 7 8 23 10 -10 -11 16 -6 -14 -8 -1 -3 19 20 -19 22 -4 26 -20 -26 -2 -9 -29 -21
right_child=6 17 21 4 13 -7 15 27 9 11 -12 -13 14 -15 -16 -17 -18 18 24 29 -22 -23 -24 -25 25 -27 -28 28 -30 -31
leaf_value=-4.0601558155329416e-05 0.0011992767754180188 -5.2023564266401914e-05 -0.00024775085362647726 0.00020248022669882478 0.00019915838775390755 -5.7043443986510943e-05 -0.0014761400164618038 0.00074515558943982492 -0.00034010934233457069 0.0004345334316144147 0.00059437853744385841 -8.5565431180136597e-05 -0.0001936494570262366 0.00070418528393827076 0.00010642727811945268 -0.00016405466826026769 -0.00017477964174053958 0.00068491051904487582 0.00041400614683437974 8.3192158471710878e-05 0.00020015176642116707 -0.00065505672878338032 0.00024778215687799643 -0.00081058047940570067 0.0020504099949655839 0.00048052922212335627 -2.1940043842640788e-05 0.0023280323029781307 0.00050015020053251647 -0.00033102793558976713
leaf_weight=26346 110 4607 11589 7742 11785 43782 215 461 2504 11495 1347 2279 4783 1455 14796 852 35633 945 1732 3788 5750 1016 894 293 147 178 4831 185 104 1092
leaf_count=26346 110 4607 11589 7742 11785 43782 215 461 2504 11495 1347 2279 4783 1455 14796 852 35633 945 1732 3788 5750 1016 894 293 147 178 4831 185 104 1092
internal_value=5.94513e-14 -2.75551e-05 -4.70686e-05 -2.8754e-05 3.7703e-05 -1.80474e-05 0.000198835 0.000227184 0.000198494 0.000269444 -1.32448e-05 0.00034848 -8.15265e-05 0.000254658 3.31208e-05 -0.000428439 -0.000117743 0.000143434 0.00020949 0.00015134 0.000268576 -0.000245589 -0.000212262 -4.04226e-05 0.000536705 0.0011906 5.24754e-06 0.00110162 0.00167025 -9.49808e-06
internal_weight=202736 178060 159821 146322 64764 51524 24676 23609 22859 17625 3851 13774 81558 13240 19579 1067 61979 18239 13632 11575 6695 13499 12483 5234 2057 325 4941 750 289 4880
internal_count=202736 178060 159821 146322 64764 51524 24676 23609 22859 17625 3851 13774 81558 13240 19579 1067 61979 18239 13632 11575 6695 13499 12483 5234 2057 325 4941 750 289 4880
is_linear=0
shrinkage=0.02


Tree=156
num_leaves=31
num_cat=0
split_feature=43 15 9 45 45 9 9 43 6 9 44 41 45 6 9 43 6 9 9 9 45 15 43 7 41 44 31 45 44 44
split_gain=2.17575 1.78225 1.27506 2.24764 1.90792 1.47766 1.18102 1.05361 1.07343 1.00079 1.31942 0.996269 0.978044 1.16402 0.906447 0.882488 0.853178 0.787321 0.692779 0.656237 0.802921 1.06962 0.627367 0.627008 0.507495 0.492701 0.484722 0.592079 0.455729 0.449842
threshold=9.5200000000026215 1.4091746693141014 -0.95699999999998886 0.044591472904965755 0.035674727162131006 19.860500000000002 -10.947500000000005 2.5800000000002914 -0.054299999999999876 12.143500000000008 1.0616332068506611 29.986148919625276 0.036283128646484607 0.19208333333333302 10.728000000000002 20.519999999999715 0.21416666666666598 17.12850000000001 -35.039999999999999 3.2670000000000123 0.023873724272161882 5.1419569748710749 16.880000000000297 0.56150881560146637 64.67391304100785 2.8757842291610967 3.4000000000014556 0.042768683842173964 0.61603363337115291 -0.21801431319790657
decision_type=2 2 2 2 2 2 2 2 2 2 2 2 2 2 2 2 2 2 2 2 2 2 2 2 2 2 2 2 2 2
left_child=2 9 4 5 6 16 29 -5 11 10 18 -9 17 -14 -10 25 23 -11 -2 -17 -21 -22 -20 -4 -8 26 -3 -28 -15 -1
right_child=1 15 3 7 -6 -7 24 8 14 12 -12 -13 13 28 -16 19 -18 -19 22 20 21 -23 -24 -25 -26 -27 27 -29 -30 -31
leaf_value=0.00057070984499980198 -0.00058738270681040253 -0.00021064318676426865 2.8722043980119223e-05 -4.766798522410314e-06 -0.00016727290982735744 -0.00055095084377746763 3.2651739897172803e-05 -0.00011486820134450682 8.3861428677528996e-05 0.00083548856166695872 -0.00010070936210316724 0.00072736753093431044 0.0018074339229036207 0.00018498510219487076 0.00035874659614150748 6.2250898819050406e-05 -0.00028402091839810004 -0.00048485241579039704 0.00030596863294556873 -0.00064495613456191805 0.0015112619380888645 4.3144102394580837e-05 0.00078409453266401797 -0.0001467969309860386 -0.00017082867485698424 -0.00054572980513320143 -0.00017762921404226143 0.00032093271627130638 0.00094687896938603136 0.00017440251233829455
leaf_weight=1795 318 4581 32772 15537 47088 2413 19278 721 18370 306 3726 2544 442 554 6495 1918 5282 441 9813 151 510 325 1236 10832 6575 979 1749 2093 725 3167
leaf_count=1795 318 4581 32772 15537 47088 2413 19278 721 18370 306 3726 2544 442 554 6495 1918 5282 441 9813 151 510 325 1236 10832 6575 979 1749 2093 725 3167
internal_value=-1.32568e-13 0.000157628 -2.72337e-05 2.19622e-05 -8.7205e-05 -6.78077e-05 3.51458e-05 0.000127422 0.000200434 0.000286958 0.000225905 0.000541379 0.00066033 0.000922635 0.000155664 -2.6931e-05 -4.39599e-05 5.60102e-05 0.000332966 0.000277815 0.000697137 0.000939839 0.000359454 -1.488e-05 -1.90979e-05 -0.000121058 -7.16987e-05 9.39715e-05 0.000616864 0.000317766
internal_weight=202736 29867 172869 94966 77903 51299 30815 43667 28130 17561 15093 3265 2468 1721 24865 12306 48886 747 11367 2904 986 835 11049 43604 25853 9402 8423 3842 1279 4962
internal_count=202736 29867 172869 94966 77903 51299 30815 43667 28130 17561 15093 3265 2468 1721 24865 12306 48886 747 11367 2904 986 835 11049 43604 25853 9402 8423 3842 1279 4962
is_linear=0
shrinkage=0.02


Tree=157
num_leaves=31
num_cat=0
split_feature=10 42 43 4 9 45 44 14 9 45 14 9 45 44 10 10 43 9 45 45 44 44 43 4 10 15 9 41 45 10
split_gain=2.65879 1.52619 1.80155 1.48127 1.31139 1.46701 0.949552 1.89184 1.146 0.878331 0.830457 1.22845 2.63229 1.15352 0.862346 0.851912 0.773383 0.702557 0.683472 0.649144 0.625096 2.59454 0.616696 0.824944 0.611271 0.606409 0.525356 0.423298 0.355437 0.330607
threshold=36.687999999999988 0.15847615080206315 4.8600000000020378 0.24240000000000508 -1.301499999999997 0.049939393137914324 2.2891819201307584 2.1761666666666684 4.5755000000000061 0.021843606363566182 0.55833333333333501 21.07200000000001 0.061214456616367513 0.43892653053678393 61.751999999999988 91.561999999999998 23.319999999999713 29.056500000000007 0.02581645090931815 0.027136452172084224 1.3883616916767094 0.82382246081130106 1.1599999999991273 0.22400000000000017 -3.0935000000000161 6.0170479446330107 55.303000000000004 18.811881187840871 0.07393392813381984 -166.39949999999996
decision_type=2 2 2 2 2 2 2 2 2 2 2 2 2 2 2 2 2 2 2 2 2 2 2 2 2 2 2 2 2 2
left_child=1 27 22 4 9 -6 7 10 -8 -4 14 13 -13 -12 17 -16 25 -2 -9 -10 21 -20 -3 24 -24 -5 28 -1 -21 -18
right_child=6 2 3 16 5 -7 8 18 19 -11 11 12 -14 -15 15 -17 29 -19 20 26 -22 -23 23 -25 -26 -27 -28 -29 -30 -31
leaf_value=-0.00024451698170187578 0.00024041628088259198 -0.00015194207313069626 0.00027623056908821831 -6.2965800623391644e-05 0.00014011189949182396 0.00049318991959732515 -0.0019052546869686529 -5.0411410533538292e-05 -0.0011129334443439939 -2.7700877628283346e-05 0.00034891344767395255 -0.00047859581548111933 0.0010329812334086718 0.00098032246063899597 -0.00050200123972864597 0.0006593701942528259 -0.00022966585941267787 -0.0011370559406733312 0.00099148000857860082 -0.0002786649607907353 0.00065897639134525744 0.0046263533528742426 -5.6727243197613111e-05 -0.00017653229110573654 6.910400944090301e-05 -0.00079458019464221654 0.00087834695977690249 -9.3502329312075181e-05 0.00074483270095547006 0.00078962076178378329
leaf_weight=11438 5783 19151 5027 17813 12468 7562 148 121 201 15625 3672 1506 664 1690 1449 306 162 152 263 811 186 112 31546 11970 30251 465 278 21159 163 594
leaf_count=11438 5783 19151 5027 17813 12468 7562 148 121 201 15625 3672 1506 664 1690 1449 306 162 152 263 811 186 112 31546 11970 30251 465 278 21159 163 594
internal_value=-5.71506e-14 -2.22654e-05 4.26481e-06 8.99749e-05 0.000158109 0.000273411 0.000235604 0.00028234 -0.000228661 4.62805e-05 0.000236168 0.000385434 -1.60672e-05 0.000547922 8.99691e-05 -0.000299506 -5.5651e-05 0.000205138 0.00131287 -5.78862e-05 0.00160692 0.0020771 -5.08189e-05 -2.45658e-05 4.86994e-06 -8.15784e-05 0.000111494 -0.000146492 -0.000107381 0.000571202
internal_weight=202736 185231 152634 59716 40682 20030 17505 15904 1601 20652 15222 7532 2170 5362 7690 1755 19034 5935 682 1453 561 375 92918 73767 61797 18278 1252 32597 974 756
internal_count=202736 185231 152634 59716 40682 20030 17505 15904 1601 20652 15222 7532 2170 5362 7690 1755 19034 5935 682 1453 561 375 92918 73767 61797 18278 1252 32597 974 756
is_linear=0
shrinkage=0.02


Tree=158
num_leaves=31
num_cat=0
split_feature=10 14 44 43 6 45 34 7 44 9 10 14 14 6 14 14 10 44 43 10 10 9 44 45 34 44 44 44 6 10
split_gain=2.57998 2.51646 1.97971 1.90435 2.02625 1.92523 1.3605 1.16264 1.14091 0.96074 0.773596 2.70403 0.772512 0.861898 0.741276 0.713095 1.13528 1.64577 0.675155 0.65061 1.69436 1.21568 0.793189 0.643009 0.630726 0.602047 0.584264 0.946358 0.700367 0.784577
threshold=-3.0935000000000161 0.48726666666666746 2.7704034032640541 12.740000000000874 0.23320000000000052 0.044591472904965755 -0.022374440849724644 6.8358087532284095 0.22035322461881265 10.439000000000014 -138.12749999999997 1.4832666666666674 0.16936666666666747 -0.14156666666666684 0.83460000000000156 1.5994166666666678 -72.730999999999995 0.86668286518526538 21.749999999998547 66.272499999999994 44.904999999999994 5.001000000000011 1.3883616916767094 0.030029728765684466 0.022854074869047725 -0.57678009738607139 -0.93754254063662013 0.47342906247335276 0.59236666666666704 -34.009000000000015
decision_type=2 2 2 2 2 2 2 2 2 2 2 2 2 2 2 2 2 2 2 2 2 2 2 2 2 2 2 2 2 2
left_child=9 8 3 4 6 -6 -3 18 12 10 11 14 -2 -14 -1 25 -17 -18 -5 20 -10 -21 -22 -16 -15 -12 -11 28 29 -28
right_child=1 2 -4 7 5 -7 -8 -9 19 26 15 -13 13 24 23 16 17 -19 -20 21 22 -23 -24 -25 -26 -27 27 -29 -30 -31
leaf_value=0.0020824457045136528 -0.00011991695098162011 7.5775670625268327e-06 -0.00036019254477988067 0.00059350003231887572 -0.00036493829529102095 0.00019340467472819239 0.00038192068143020903 -0.0005821055634306927 -0.00015151495617411916 -0.00032629185052101146 -4.1454362541002962e-05 -0.00020390653689409199 -0.00021868497138008831 7.9694317933977335e-05 -5.7607204873000644e-05 -0.00027694159769301325 0.0009858256760479332 -1.3668300397671966e-05 0.0013162739748791192 -0.0015313877408728374 0.0015245862089892737 0.00038391126628020705 -0.00022241126892654455 0.0014149589897868387 0.00032014286741979836 -0.00014906670647431047 0.0012775870200096462 -3.3474063674818746e-05 -0.00059090227470044384 0.00040105188069549161
leaf_weight=275 9073 5143 2377 3856 4460 5537 15857 307 17287 639 33801 1549 3407 30226 208 1534 1132 1577 597 351 361 213 146 276 5100 54046 691 1542 169 999
leaf_count=275 9073 5143 2377 3856 4460 5537 15857 307 17287 639 33801 1549 3407 30226 208 1534 1132 1577 597 351 361 213 146 276 5100 54046 691 1542 169 999
internal_value=-1.72356e-14 6.93133e-05 0.000198715 0.00023587 0.000178674 -5.5691e-05 0.000290242 0.000608329 -5.26837e-06 -7.34395e-05 -8.63654e-05 0.000275289 4.61972e-05 8.51085e-05 0.00125325 -9.54293e-05 0.000157806 0.000403987 0.0006904 -0.00013929 -0.000118092 -0.000808057 0.00102151 0.000782121 0.000114408 -0.000107661 0.000228585 0.000332839 0.000636687 0.000759446
internal_weight=202736 104298 38134 35757 30997 9997 21000 4760 66164 98438 94398 2308 47806 38733 759 92090 4243 2709 4453 18358 17794 564 507 484 35326 87847 4040 3401 1859 1690
internal_count=202736 104298 38134 35757 30997 9997 21000 4760 66164 98438 94398 2308 47806 38733 759 92090 4243 2709 4453 18358 17794 564 507 484 35326 87847 4040 3401 1859 1690
is_linear=0
shrinkage=0.02


Tree=159
num_leaves=31
num_cat=0
split_feature=10 34 45 33 45 42 34 14 2 1 34 7 43 9 42 2 31 10 44 44 45 44 44 14 10 34 10 44 43 15
split_gain=2.53057 1.85771 2.43612 1.69437 1.65189 1.06754 1.04522 0.92329 0.903403 1.20788 0.900757 0.89077 1.49063 0.762186 0.723105 0.624473 0.610152 0.606759 0.626394 0.938841 0.595112 0.581977 2.28723 1.18526 0.926898 0.856592 0.53875 0.600603 0.5348 0.51989
threshold=46.280999999999985 -0.00022586565233413797 0.070411094637924304 -0.004718566105040194 0.068453763641211987 0.83904160174216647 0.016723589840592742 1.2694166666666675 -0.99999998452380978 47.549999128166689 0.038381522042216225 0.61590104724059203 6.8200000000026195 13.4435 0.59746084409049305 -0.96226414958170159 -16.950000000004362 57.764499999999991 1.7901416812775957 -0.024985532573426953 0.054809255940333854 0.54054150901446807 1.3883616916767094 2.3338833333333349 104.706 0.0041422775175956406 30.877499999999984 0.23589529786104249 23.319999999999713 2.9767695424193508
decision_type=2 2 2 2 2 2 2 2 2 2 2 2 2 2 2 2 2 2 2 2 2 2 2 2 2 2 2 2 2 2
left_child=1 4 3 20 11 6 -5 14 -2 21 -7 12 16 26 -4 -14 -1 18 19 -11 -3 24 23 -23 -10 -26 -6 -28 -13 -24
right_child=8 2 7 5 13 10 -8 -9 9 17 -12 28 15 -15 -16 -17 -18 -19 -20 -21 -22 22 29 -25 25 -27 27 -29 -30 -31
leaf_value=4.9533800210828096e-05 -1.7797908783221845e-05 0.00022996209283220666 0.00063433386001817186 -2.2788599229877008e-05 -0.00026097747424270459 -0.00018439094197917325 0.00017758619033356494 0.0010076898764216277 0.00027325784485195256 0.00015961820993590499 6.9227347474411664e-05 -0.00015412917748752305 1.2986569029370748e-05 0.00092739845266831772 0.00019751392873423553 0.00037044637776444947 -0.00010105926797688566 -0.00017059444121957421 -0.00061530939781816185 0.0012785913438336657 0.00072083981131163466 0.001421085082058285 0.00058306619931414823 0.0037352769882463429 0.00029615014130364599 0.002273257579215612 -0.00056658535937719877 -0.0021651918424860292 0.00031205214493972174 -0.0003156964079800076
leaf_weight=17743 2799 4329 1788 34063 14518 20676 14998 708 2582 880 7683 26041 3005 210 9959 5594 27352 1669 218 455 1280 630 1112 103 162 191 515 115 1023 335
leaf_count=17743 2799 4329 1788 34063 14518 20676 14998 708 2582 880 7683 26041 3005 210 9959 5594 27352 1669 218 455 1280 630 1112 103 162 191 515 115 1023 335
internal_value=-1.23901e-13 -1.70349e-05 4.54469e-05 6.32041e-06 -7.9106e-05 -1.7998e-05 3.84662e-05 0.000306277 0.000293094 0.000397471 -0.000115681 -4.29486e-05 4.20916e-06 -0.000269235 0.000264002 0.000245529 -4.18072e-05 9.41538e-05 0.000378677 0.000540991 0.000341983 0.000588533 0.000836068 0.00174627 0.000404675 0.00136592 -0.000285824 -0.000858394 -0.000136508 0.000374991
internal_weight=202736 191600 95484 83029 96116 77420 49061 12455 11136 8337 28359 80758 53694 15358 11747 8599 45095 3222 1553 1335 5609 5115 2180 733 2935 353 15148 630 27064 1447
internal_count=202736 191600 95484 83029 96116 77420 49061 12455 11136 8337 28359 80758 53694 15358 11747 8599 45095 3222 1553 1335 5609 5115 2180 733 2935 353 15148 630 27064 1447
is_linear=0
shrinkage=0.02


Tree=160
num_leaves=31
num_cat=0
split_feature=10 14 6 34 45 14 44 14 10 10 14 9 14 10 43 45 10 41 44 34 34 5 6 44 4 44 43 10 44 10
split_gain=2.44339 1.42617 1.5868 1.20638 1.67411 1.13589 0.922332 1.32206 2.17361 1.08872 1.91897 1.45271 1.02346 0.999067 0.983726 0.909738 0.898482 0.876551 0.814131 0.772152 0.747627 1.26941 0.743262 0.866528 0.727207 0.713743 0.712445 0.71117 1.25956 0.767434
threshold=7.8739999999999908 0.93891666666666773 0.65431666666666677 -0.021534874597406269 0.065079365079300386 2.1761666666666684 1.0000000180025095e-35 0.57721666666666771 -138.12749999999997 -54.442500000000003 1.5994166666666678 -10.682499999999983 1.2694166666666675 -166.39949999999996 13.470000000001166 0.0069787666183856794 -5.4410000000000132 18.811881187840871 1.8588858361756968 0.050771600401086171 0.024747653753899503 0.44600000000000095 0.46673333333333294 2.0986806385802028 0.34660000000000241 -0.22968731659053121 20.519999999999715 -49.330000000000005 -1.0162602689408113 -1.3310000000000224
decision_type=2 2 2 2 2 2 2 2 2 2 2 2 2 2 2 2 2 2 2 2 2 2 2 2 2 2 2 2 2 2
left_child=6 17 3 4 24 -4 7 8 -1 11 -11 -9 -8 -13 -12 -5 19 -2 20 -14 21 -19 23 -18 -3 -6 -17 28 -10 -29
right_child=1 2 5 15 25 -7 12 9 27 10 14 13 16 -15 -16 26 22 18 -20 -21 -22 -23 -24 -25 -26 -27 -28 29 -30 -31
leaf_value=0.0027771326813018035 -0.00020369001102458678 0.00046415147640887762 -0.00036178721546319229 -0.00038702929195772812 0.00026633837617167803 0.00044203481228938116 -0.00013908009992976247 -0.0005182724740892369 -0.00035377146987361637 0.0001943069326091178 0.00056482524045468668 0.0014338208077172186 -4.7453310287144544e-05 8.1568375811556234e-05 0.0020947047053166083 0.00061686455448378306 0.0017376715342221217 9.2854341937699376e-05 -0.00022852731935578291 0.00063128157589351487 0.00028324367456751347 -0.00045720825259444017 -0.0002710213682024879 0.0001477226948438916 -0.00091234148369709919 -0.0016484563095109225 0.0015829957490580946 -0.00010880187439384344 0.00052370594048471882 5.2506504037456861e-05
leaf_weight=109 4662 1502 1975 343 107 1092 51433 1937 953 11083 353 248 5278 1840 321 5039 356 37869 3148 768 7752 1756 207 223 171 286 325 43296 2088 16216
leaf_count=109 4662 1502 1975 343 107 1092 51433 1937 953 11083 353 248 5278 1840 321 5039 356 37869 3148 768 7752 1756 207 223 171 286 325 43296 2088 16216
internal_value=-7.47722e-14 9.99076e-05 0.000309637 0.000461635 4.75241e-05 -7.55878e-05 -4.82529e-05 -3.48162e-06 -4.4687e-05 0.000160123 0.000257318 -0.000123781 -0.00010853 0.000242181 0.00129345 0.000611548 0.00012146 5.8712e-05 8.29242e-05 3.87638e-05 0.000103619 6.84781e-05 0.000757572 0.00112531 0.000323458 -0.00112713 0.000675402 -4.96041e-05 0.000248719 -6.48481e-05
internal_weight=202736 66027 10840 7773 2066 3067 136709 78444 62662 15782 11757 4025 58265 2088 674 5707 6832 55187 50525 6046 47377 39625 786 579 1673 393 5364 62553 3041 59512
internal_count=202736 66027 10840 7773 2066 3067 136709 78444 62662 15782 11757 4025 58265 2088 674 5707 6832 55187 50525 6046 47377 39625 786 579 1673 393 5364 62553 3041 59512
is_linear=0
shrinkage=0.02


Tree=161
num_leaves=31
num_cat=0
split_feature=10 42 43 7 43 10 2 19 15 6 43 42 42 10 15 43 14 10 10 33 10 36 20 6 41 36 45 7 43 14
split_gain=2.37837 1.49857 1.79205 1.62971 0.976716 0.921775 0.860118 1.1566 0.715349 0.661291 0.671809 0.703072 0.600904 0.592013 0.526479 0.944393 0.567894 0.496915 0.493699 0.487784 0.486518 0.439607 0.61104 0.340226 0.288659 0.283091 0.28834 0.282686 0.55954 0.360154
threshold=46.280999999999985 0.15847615080206315 5.1000000000014554 0.37338485507438107 18.719999999999711 24.69499999999999 -0.99999998452380978 2.1691928080322609 2.4126586683162561 0.65431666666666677 1.4800000000002911 0.88500624469179656 0.94201019718971735 61.751999999999988 3.3815731542333438 16.400000000004372 2.8280666666666687 91.561999999999998 55.133999999999993 0.02104882706910409 -72.730999999999995 26.500000000000004 7.4500000000043665 0.28451666666666625 59.150999451524534 15.500000000000002 0.074681466833702956 0.64640490405355766 4.1200000000026202 0.70425000000000082
decision_type=2 2 2 2 2 2 2 2 2 2 2 2 2 2 2 2 2 2 2 2 2 2 2 2 2 2 2 2 2 2
left_child=1 21 9 5 8 12 18 13 -5 10 -3 -12 -4 -8 15 17 -17 -9 -2 -7 -6 22 25 -16 -25 26 -1 28 -20 -30
right_child=6 2 3 4 20 19 7 14 -10 -11 11 -13 -14 -15 23 16 -18 -19 27 -21 -22 -23 -24 24 -26 -27 -28 -29 29 -31
leaf_value=-0.00012020919655824562 0.0003299632434779506 -0.00012440126836845255 0.00026789137361802327 3.4998739419960664e-05 6.7757388296036894e-05 0.00089573716926220491 0.00033248358157322822 0.00044566994352969257 -0.00023620573669989327 -0.00064068109880060999 1.9718707686170458e-05 -0.00015560693877121303 -0.00011769561972138339 -0.00021191793708749175 -0.00084356477162752228 0.00099669675385880767 0.0024325646315072804 0.0010482120466832881 -0.00045456791083482115 -8.6271363777766463e-06 0.00056984158710358273 -0.00032390440812584401 7.5040840551730459e-05 0.0011852718447774367 -2.4753996320734067e-05 -0.00058085409267445546 -0.00035926724812150612 -0.00054803193028976572 1.0985315996058547e-05 0.0010726876094876961
leaf_weight=20631 1026 26415 12629 35180 1292 1284 1795 3388 4374 734 61232 10756 1854 1440 144 340 163 653 581 293 1918 4408 5755 106 308 608 2237 663 313 216
leaf_count=20631 1026 26415 12629 35180 1292 1284 1795 3388 4374 734 61232 10756 1854 1440 144 340 163 653 581 293 1918 4408 5755 106 308 608 2237 663 313 216
internal_value=1.52115e-13 -1.65147e-05 9.29704e-06 9.67493e-05 3.22372e-05 0.00026853 0.000284143 0.000385988 5.00813e-06 -4.25937e-05 -3.81325e-05 -6.47736e-06 0.000218532 9.01534e-05 0.000573567 0.000644762 0.001462 0.000543037 -1.92097e-05 0.00072771 0.000367757 -0.000137721 -0.000109644 -6.19846e-06 0.000285059 -0.000154919 -0.000143594 -0.000221269 -2.60946e-05 0.000444497
internal_weight=202736 191600 157961 58824 42764 16060 11136 8337 39554 99137 98403 71988 14483 3235 5102 4544 503 4041 2799 1577 3210 33639 29231 558 414 23476 22868 1773 1110 529
internal_count=202736 191600 157961 58824 42764 16060 11136 8337 39554 99137 98403 71988 14483 3235 5102 4544 503 4041 2799 1577 3210 33639 29231 558 414 23476 22868 1773 1110 529
is_linear=0
shrinkage=0.02


Tree=162
num_leaves=31
num_cat=0
split_feature=10 14 44 43 6 45 14 7 44 9 41 44 14 9 10 14 13 43 17 11 44 43 44 44 10 9 6 10 44 6
split_gain=2.3343 2.30389 1.91531 1.78321 1.98774 1.80129 1.31276 1.09002 1.08461 0.873416 0.775931 0.752755 0.744992 0.739777 0.718883 2.54496 0.685905 0.655274 0.6182 0.881233 0.602817 0.59966 0.574402 0.844751 0.519514 0.505826 0.485667 0.542978 0.485044 0.479782
threshold=-3.3145000000000162 0.48726666666666746 2.7704034032640541 12.740000000000874 0.23320000000000052 0.044591472904965755 0.91085000000000049 6.8358087532284095 1.0856926487789889 10.439000000000014 10.14492753588622 -1.2626256126891062 0.19588333333333405 8.6695000000000064 -138.12749999999997 1.4832666666666674 0.66126666666666878 25.540000000000877 2.1310859797874122 2.0185000000000008 1.454386659822011 21.749999999998547 1.1100431958565664 -0.93754254063662013 66.272499999999994 2.672000000000017 0.59236666666666704 -46.304500000000012 -0.53818578318979238 -0.49360000000000032
decision_type=2 2 2 2 2 2 2 2 2 2 2 2 2 2 2 2 2 2 2 2 2 2 2 2 2 2 2 2 2 2
left_child=9 8 3 4 6 -6 -3 21 10 14 -2 13 -13 -12 15 16 -1 18 19 -16 29 -5 23 -11 -10 -26 27 -25 -18 -19
right_child=1 2 -4 7 5 -7 -8 -9 24 22 11 12 -14 -15 17 -17 28 20 -20 -21 -22 -23 -24 26 25 -27 -28 -29 -30 -31
leaf_value=0.0020907212679687343 -0.00028115748417447301 0.0002005284868545403 -0.00035898227042337015 0.00057346942587616306 -0.00036040460136333948 0.00017890880333539631 0.00059164451108654809 -0.00056549617022997093 -0.00019272965238481998 -0.00031103557032041907 0.00023586248507163714 -0.00014871406828018813 4.823010420010581e-05 -0.00044264580781076422 -8.1893171253346746e-05 -0.00019904750462393654 5.5840136887686991e-05 0.00016288365735413717 -0.00024306083700612808 0.0010341613304032289 6.8203049762018966e-05 0.0012534849228151221 -0.00024706479361696269 0.0010673727280696953 -0.0018009675155037346 -0.00023004103582408505 -0.00035316306741854631 0.00039445988163220132 0.0013059212606094661 0.0018525970439175457
leaf_weight=243 3158 16818 2392 3870 4471 5555 4313 308 7493 632 9982 9820 35303 687 80034 1549 208 108 10225 284 512 599 835 685 162 166 238 1600 308 178
leaf_count=243 3158 16818 2392 3870 4471 5555 4313 308 7493 632 9982 9820 35303 687 80034 1549 208 108 10225 284 512 599 835 685 162 166 238 1600 308 178
internal_value=7.89039e-14 6.54123e-05 0.000189011 0.000225489 0.000170322 -6.15929e-05 0.000280358 0.000585303 -5.53212e-06 -7.04088e-05 2.38284e-05 4.10915e-05 5.36966e-06 0.000192172 -8.27558e-05 0.00026584 0.0012146 -9.15641e-05 -9.65931e-05 -7.79469e-05 0.00047904 0.000664615 0.000219388 0.00034284 -0.000226834 -0.00100593 0.000506632 0.000596186 0.000802013 0.00121452
internal_weight=202736 105097 38326 35934 31157 10026 21131 4777 66771 97639 58950 55792 45123 10669 93649 2308 759 91341 90543 80318 798 4469 3990 3155 7821 328 2523 2285 516 286
internal_count=202736 105097 38326 35934 31157 10026 21131 4777 66771 97639 58950 55792 45123 10669 93649 2308 759 91341 90543 80318 798 4469 3990 3155 7821 328 2523 2285 516 286
is_linear=0
shrinkage=0.02


Tree=163
num_leaves=31
num_cat=0
split_feature=34 4 14 34 43 45 9 6 9 9 14 7 45 43 42 34 45 7 9 5 9 45 45 45 9 6 7 11 34 7
split_gain=2.03665 1.60781 1.90039 1.99551 1.96533 1.69233 1.60898 1.33055 1.24602 1.03391 0.9303 0.709848 0.706326 0.664671 0.651313 0.608009 0.585657 0.550399 0.51724 0.449591 0.434015 0.567148 0.361202 0.294492 0.292281 0.252964 0.247307 0.228808 0.226739 0.198641
threshold=0.050771600401086171 0.47580000000000128 0.46936666666666754 -0.022374440849724644 8.3199999999997107 0.044591472904965755 14.490500000000006 0.65431666666666677 -0.20200000000000431 -2.0119999999999894 0.1936000000000008 0.58805378155303611 0.021843606363566182 25.540000000000877 0.79743834087862275 0.10738946363118447 0.061804437799424385 5.6747760333788406 -12.404499999999979 1.6305000000000009 14.490500000000006 0.013900231540155341 0.02581645090931815 0.05949999999981765 22.350500000000007 -0.19428333333333342 1.464319193322513 1.3395000000000004 0.023319578357211376 1.7724033824145489
decision_type=2 2 2 2 2 2 2 2 2 2 2 2 2 2 2 2 2 2 2 2 2 2 2 2 2 2 2 2 2 2
left_child=1 2 9 5 7 11 -7 -5 -6 12 24 -4 18 17 29 19 -12 20 -1 22 28 -22 26 -17 -11 -14 -16 -24 -3 -2
right_child=14 13 3 4 8 6 -8 -9 -10 10 16 -13 25 -15 15 23 -18 -19 -20 -21 21 -23 27 -25 -26 -27 -28 -29 -30 -31
leaf_value=0.00052079209014916803 0.00078411442536686449 -0.00032075275388669542 0.00034339559770163154 0.0001071218351267472 0.00019652619401433095 -0.00028865167317332715 0.0010422868610104605 -0.00054749487096481051 0.00060743804994233105 -0.00011409553549114765 6.5956100998748193e-06 -2.3814223237372042e-05 -0.00032564517136341391 0.0007487919997448229 5.6991995379656761e-05 0.00045071278750425514 0.00016714896423227605 -0.00083924618242014971 -2.0726282960904576e-05 -0.00051818493271971959 -0.00096515739620800175 0.00019874678490264689 0.00020075268531214059 0.0013126393426958231 -0.0011083317522992608 -0.00015237238237751082 -0.00061345458605112943 0.00053867592074152237 -0.00013052039100930888 0.00025498657407217333
leaf_weight=767 1288 7593 3602 34053 6611 10777 376 1289 5333 19327 42057 5069 3847 278 1015 397 11593 585 8806 372 187 1603 2831 264 119 27193 281 1118 3741 364
leaf_count=767 1288 7593 3602 34053 6611 10777 376 1289 5333 19327 42057 5069 3847 278 1015 397 11593 585 8806 372 187 1603 2831 264 119 27193 281 1118 3741 364
internal_value=1.18747e-13 -1.27896e-05 3.19073e-06 8.7589e-05 0.000158203 -8.08466e-05 -0.000243782 8.32465e-05 0.000379998 -4.66204e-05 -1.66721e-06 0.000128728 -0.000127528 -0.000219378 0.000314186 0.000221208 4.12889e-05 -0.000239011 2.26608e-05 0.000153689 -0.000212256 7.71546e-05 0.000201342 0.000794962 -0.00012018 -0.000173847 -8.83749e-05 0.000296422 -0.000257963 0.000667527
internal_weight=202736 194806 180819 67110 47286 19824 11153 35342 11944 113709 73096 8671 40613 13987 7930 6278 53650 13709 9573 5617 13124 1790 5245 661 19446 31040 1296 3949 11334 1652
internal_count=202736 194806 180819 67110 47286 19824 11153 35342 11944 113709 73096 8671 40613 13987 7930 6278 53650 13709 9573 5617 13124 1790 5245 661 19446 31040 1296 3949 11334 1652
is_linear=0
shrinkage=0.02


Tree=164
num_leaves=31
num_cat=0
split_feature=34 45 41 14 5 41 34 5 9 45 14 45 14 44 34 42 14 5 44 44 34 44 41 33 5 9 45 44 44 45
split_gain=1.9778 2.54402 2.1202 1.66408 1.28987 1.25514 1.09402 1.24912 0.975216 2.16182 1.62366 1.04064 0.882566 0.83435 0.721235 0.768768 0.683511 0.607569 0.599212 0.528322 0.521261 0.51667 0.489156 0.431421 0.400419 0.475896 0.409349 0.378877 0.600642 0.377264
threshold=0.008748597228129958 0.07176771542558559 62.377789902426095 1.2694166666666675 0.18190000000000134 18.811881187840871 0.05525710701734738 0.65675000000000217 -1.0939999999999899 0.031593038821823689 1.2694166666666675 0.057748997619839183 0.70425000000000082 0.38459478960569654 0.027967676773960847 0.70540614338738472 0.35610000000000147 -0.19389999999999738 -1.3146137163615477 1.6883562476704157 0.10738946363118447 1.009920957945192 90.514151720456269 0.028586455255119807 0.8189000000000024 13.4435 0.014635335188651672 2.5272667440274499 -0.051588538742967073 0.054517469257182948
decision_type=2 2 2 2 2 2 2 2 2 2 2 2 2 2 2 2 2 2 2 2 2 2 2 2 2 2 2 2 2 2
left_child=4 2 14 16 5 29 7 17 9 12 11 -10 -7 -12 15 21 -3 -4 -11 20 -8 -2 -18 24 25 -6 -27 28 -5 -1
right_child=1 3 6 27 23 8 19 -9 10 18 13 -13 -14 -15 -16 -17 22 -19 -20 -21 -22 -23 -24 -25 -26 26 -28 -29 -30 -31
leaf_value=-9.9696574529494321e-05 0.00039923103449623833 9.3359206908587904e-05 0.00033494949105016626 0.00037928958847158536 -0.00025546825325600077 5.9867087940564337e-05 0.00029054304799711582 -0.00049939287349198684 -1.7099127709256862e-06 8.0542752344301742e-05 3.9587124300620089e-05 0.00023456594750059919 0.00042180625957400188 0.00096847280899409768 0.00053204710480716209 1.8182598986538497e-05 0.00053089357661177683 -6.2496455540895769e-05 -0.00017081667024612161 -8.6864556217704464e-05 0.0011298350995388598 2.5522242474584597e-05 -8.8056068854024043e-05 0.00075233590055473281 -0.00063363912507970828 -0.00061267785930869045 0.00037185235918503755 0.00052981353451607199 0.0017791839379258725 -0.00028076197103926173
leaf_weight=11316 5920 3540 1614 161 10767 13848 3317 2589 36523 4296 574 9369 3346 1186 2588 7025 4332 32892 32438 1442 325 1973 579 175 991 209 881 247 514 7759
leaf_count=11316 5920 3540 1614 161 10767 13848 3317 2589 36523 4296 574 9369 3346 1186 2588 7025 4332 32892 32438 1442 325 1973 579 175 991 209 881 247 514 7759
internal_value=-4.04834e-14 8.69118e-05 3.88069e-05 0.000393232 -4.48986e-05 -2.44881e-05 -3.79877e-05 -7.56963e-05 3.46518e-06 -5.47867e-05 6.93891e-05 4.65266e-05 0.000130301 0.000665529 0.000223836 0.000170367 0.000305211 -4.39061e-05 -0.00014142 0.00023715 0.000365439 0.000305816 0.00045792 -0.000233998 -0.000247432 -0.000215153 0.000183075 0.00120003 0.00144528 -0.000173347
internal_weight=202736 69058 59685 9373 133678 120655 42179 37095 101580 53928 47652 45892 17194 1760 17506 14918 8451 34506 36734 5084 3642 7893 4911 13023 12848 11857 1090 922 675 19075
internal_count=202736 69058 59685 9373 133678 120655 42179 37095 101580 53928 47652 45892 17194 1760 17506 14918 8451 34506 36734 5084 3642 7893 4911 13023 12848 11857 1090 922 675 19075
is_linear=0
shrinkage=0.02


Tree=165
num_leaves=31
num_cat=0
split_feature=10 14 6 34 14 5 14 13 34 9 7 10 14 14 6 14 10 9 12 14 9 5 14 4 9 6 10 34 15 10
split_gain=2.1998 2.11054 1.83145 1.48989 1.40551 1.22262 1.19024 1.0525 1.02373 0.80297 0.758272 0.675588 2.43229 0.66952 0.657997 0.644558 1.0632 1.02455 0.632744 0.639748 0.618536 0.604679 0.57573 0.570038 0.594167 0.551761 0.846374 0.514434 0.48759 0.474816
threshold=-3.3145000000000162 0.48726666666666746 0.22028333333333294 -0.0037422783688507936 2.3338833333333349 0.27235000000000165 0.98900000000000043 2.1767333333333352 0.044247646230098768 10.439000000000014 0.61590104724059203 -138.12749999999997 1.4832666666666674 0.48360000000000075 0.73209999999999975 1.5994166666666678 -72.730999999999995 -5.0919999999999828 0.71520000000000661 0.22176666666666747 0.26400000000000418 1.0050500000000029 0.22176666666666747 0.33700000000000124 -2.4710000000000094 1.3651333333333329 104.706 -0.0059728812494606503 6.0170479446330107 15.468499999999986
decision_type=2 2 2 2 2 2 2 2 2 2 2 2 2 2 2 2 2 2 2 2 2 2 2 2 2 2 2 2 2 2
left_child=9 18 3 7 8 6 -5 10 14 11 -3 12 13 -1 -4 23 -17 -18 19 -2 -9 22 -11 24 -13 -6 -27 -15 -10 -21
right_child=1 2 4 5 25 -7 -8 20 28 21 -12 15 -14 27 -16 16 17 -19 -20 29 -22 -23 -24 -25 -26 26 -28 -29 -30 -31
leaf_value=0.0027101415181183257 -7.7508214549456398e-05 0.00032893155009680391 -0.00010468171758876 0.00046544525376970939 0.00098729715592958049 9.613408417326944e-05 0.0011007411281149589 -0.0013278795768420476 0.00031933460118018002 -0.00093000598783111012 1.2137256725023302e-05 -0.00013550981669258595 -0.00019673274732958418 0.00012523413548876208 -0.00060383500069310534 -0.0002685639187257098 0.00024978130607634594 0.0014665722730643929 -0.0002199184445237807 4.1147552633213287e-06 0.00040115338219166326 -0.00056874860347807925 0.00033955970724662397 -0.00025753670642290059 -2.5435703088296946e-05 -0.00026655804082044546 0.0015498763481989059 0.0013306992058745005 -0.00056269104926027775 0.00014336242239730272
leaf_weight=100 20686 5990 8320 7409 735 2949 1403 302 2948 149 6100 41743 1549 206 1210 1534 2393 313 5038 24900 114 363 3478 8354 37004 438 134 453 274 16147
leaf_count=100 20686 5990 8320 7409 735 2949 1403 302 2948 149 6100 41743 1549 206 1210 1534 2393 313 5038 24900 114 363 3478 8354 37004 438 134 453 274 16147
internal_value=5.52921e-14 6.34998e-05 0.000181798 0.000287031 1.58136e-07 0.000448629 0.000566594 0.000135059 -6.38622e-05 -6.83502e-05 0.000169093 -8.01888e-05 0.000257747 0.00118527 -0.000168058 -8.87278e-05 0.000152072 0.000390526 -4.40241e-06 1.31857e-05 -0.000854058 0.000209514 0.000287405 -0.00010045 -8.37849e-05 0.000624785 0.00015897 0.000953877 0.000244327 5.88918e-05
internal_weight=202736 105097 38326 24267 14059 11761 8812 12506 12752 97639 12090 93649 2308 759 9530 91341 4240 2706 66771 61733 416 3990 3627 87101 78747 1307 572 659 3222 41047
internal_count=202736 105097 38326 24267 14059 11761 8812 12506 12752 97639 12090 93649 2308 759 9530 91341 4240 2706 66771 61733 416 3990 3627 87101 78747 1307 572 659 3222 41047
is_linear=0
shrinkage=0.02


Tree=166
num_leaves=31
num_cat=0
split_feature=10 42 43 5 10 14 19 19 44 4 43 45 10 44 44 6 44 44 44 10 29 5 10 44 36 20 44 14 29 44
split_gain=2.13898 1.35826 1.60555 1.26971 1.03031 0.816721 0.800969 1.07033 0.779665 0.691839 1.01767 0.589903 0.565064 0.685831 1.01933 0.544338 0.529557 1.41515 1.09611 0.889097 0.516874 0.503631 0.471114 0.462445 0.416292 0.572095 0.392982 0.40844 0.33715 0.328321
threshold=46.280999999999985 0.15847615080206315 5.6999999999985453 0.12250000000000159 -5.0135000000000192 0.48726666666666746 99.999998452380993 2.1691928080322609 0.88738576581215678 0.19060000000000279 1.7400000000037836 0.064484136490998892 61.751999999999988 1.7901416812775957 -0.024985532573426953 0.65431666666666677 2.2891819201307584 0.55805232058688214 1.3883616916767094 91.561999999999998 0.019473986003692993 1.3030000000000026 55.133999999999993 -0.27822851721908304 26.500000000000004 7.4500000000043665 -0.83950811708194639 0.32765000000000116 0.036968933896841534 1.7564410496976346
decision_type=2 2 2 2 2 2 2 2 2 2 2 2 2 2 2 2 2 2 2 2 2 2 2 2 2 2 2 2 2 2
left_child=1 24 9 4 8 -6 7 12 -4 10 -3 21 13 14 -2 -12 17 19 -19 -9 -13 -5 23 -8 25 -1 27 -24 -11 -25
right_child=6 2 3 11 5 -7 22 16 -10 28 15 20 -14 -15 -16 -17 -18 18 -20 -21 -22 -23 26 29 -26 -27 -28 -29 -30 -31
leaf_value=-0.00014754033482782997 0.00010910577030984029 -0.00010593744280733859 0.00016361998713709561 -4.6551620528260417e-05 0.00015503303284539668 0.00046723326304666171 -8.1858145388597376e-05 0.000199728688787537 -0.00013958664052801068 -0.00017664674948364735 4.3060084636840069e-05 -0.00013029403797161572 -0.00021195912124615763 -0.00061325743933444597 0.0011965246382656333 -0.00063890954540387983 4.0166321311376873e-05 0.001699592427907222 0.00060005965424332576 0.0010557253057390473 0.00035336665576284429 -0.00052457115700142211 -0.00047805734766790504 0.00108946856100977 -0.00031223327953335922 7.4970417652519742e-05 -0.00037356540042612457 0.00088656998179967837 7.339963178521016e-05 -8.105916136903971e-05
leaf_weight=23476 1001 29995 12294 15442 6563 6850 544 2331 4685 16604 57612 1309 1440 268 526 472 707 714 737 613 2721 935 143 350 4408 5755 1403 227 2479 132
leaf_count=23476 1001 29995 12294 15442 6563 6850 544 2331 4685 16604 57612 1309 1440 268 526 472 707 714 737 613 2721 935 143 350 4408 5755 1403 227 2479 132
internal_value=5.48205e-14 -1.56615e-05 8.91217e-06 0.000101523 0.000183457 0.000314473 0.000269464 0.000367745 7.99565e-05 -3.49888e-05 -1.13351e-05 -2.05012e-05 8.31569e-05 0.000319907 0.000483685 3.75183e-05 0.000548192 0.000629916 0.00114111 0.000377964 0.000196267 -7.38428e-05 -2.32725e-05 0.00031782 -0.000131054 -0.000103732 -0.000220656 0.00035916 -0.000144164 0.000768909
internal_weight=202736 191600 157961 50799 30392 13413 11136 8337 16979 107162 88079 20407 3235 1795 1527 58084 5102 4395 1451 2944 4030 16377 2799 1026 33639 29231 1773 370 19083 482
internal_count=202736 191600 157961 50799 30392 13413 11136 8337 16979 107162 88079 20407 3235 1795 1527 58084 5102 4395 1451 2944 4030 16377 2799 1026 33639 29231 1773 370 19083 482
is_linear=0
shrinkage=0.02


Tree=167
num_leaves=31
num_cat=0
split_feature=10 14 44 43 6 45 14 44 15 9 44 14 43 9 10 10 14 14 14 10 44 45 44 44 14 44 44 10 9 9
split_gain=2.07626 1.97033 1.83804 1.63795 1.83071 1.66655 1.2288 1.04791 1.01806 0.768975 0.714879 0.800347 0.699395 0.696984 0.673943 0.647453 2.32817 0.649314 0.62197 1.01986 1.5147 0.616069 0.561249 0.559864 0.546995 0.545971 0.804162 0.503675 0.4877 0.483564
threshold=-3.3145000000000162 0.48726666666666746 2.7704034032640541 12.740000000000874 0.23320000000000052 0.041851851851696535 0.91085000000000049 1.0856926487789889 5.1419569748710749 10.439000000000014 -1.2626256126891062 0.19588333333333405 21.749999999998547 8.6695000000000064 91.561999999999998 -138.12749999999997 1.4832666666666674 0.83460000000000156 1.5994166666666678 -72.730999999999995 0.86668286518526538 0.030029728765684466 -0.57678009738607139 0.73814753312156556 0.33690000000000164 1.1100431958565664 -0.93754254063662013 66.272499999999994 5.001000000000011 2.672000000000017
decision_type=2 2 2 2 2 2 2 2 2 2 2 2 2 2 2 2 2 2 2 2 2 2 2 2 2 2 2 2 2 2
left_child=9 7 3 4 6 -6 -3 10 12 15 13 -12 -5 24 -13 16 17 -1 22 23 -21 -19 -17 -20 -2 26 -11 -9 -24 -29
right_child=1 2 -4 8 5 -7 -8 27 -10 25 11 14 -14 -15 -16 18 -18 21 19 20 -22 -23 28 -25 -26 -27 -28 29 -30 -31
leaf_value=0.0019363439693010482 0.00012963480856097178 0.00018722045065563592 -0.00036083246241245295 0.00057215078880796491 -0.00036996965172259895 0.00015338990084823361 0.00056562287873525806 -0.00018786171887882772 -0.00017846814772960357 -0.00031209983322362777 -0.00016114913263599973 3.0138382573562099e-05 0.0013478922946123524 -0.00044453838630479346 0.0014895855936067782 -3.3675081819786811e-05 -0.00019181009532014481 -0.00010260074964994951 -0.00077356570207616471 0.00094255238187056862 -1.693486726373503e-05 0.0013387876946528222 -0.00015700598108610558 2.3473591734257057e-05 0.00047080511306505534 -0.00024924672479200328 0.00048568240506673718 -0.0017659149939887064 5.3724627645786353e-05 -0.00022994579229761947
leaf_weight=275 8198 16818 2392 3592 4159 5867 4313 7493 651 632 10721 36767 534 698 127 33520 1549 208 549 1130 1576 276 48753 985 2439 835 2523 162 4828 166
leaf_count=275 8198 16818 2392 3592 4159 5867 4313 7493 651 632 10721 36767 534 698 127 33520 1549 208 549 1130 1576 276 48753 985 2439 835 2523 162 4828 166
internal_value=-6.30859e-14 6.1691e-05 0.000175992 0.000211727 0.000158855 -6.37109e-05 0.000264455 -3.91711e-06 0.000556575 -6.64031e-05 2.49423e-05 -9.03926e-06 0.00067255 0.000167689 3.51622e-05 -7.79885e-05 0.000252836 0.00116029 -8.63478e-05 0.000150195 0.000383738 0.000719348 -9.78625e-05 -0.000261777 0.000207863 0.000205516 0.000325873 -0.000221442 -0.000138018 -0.000988565
internal_weight=202736 105097 38326 35934 31157 10026 21131 66771 4777 97639 58950 47615 4126 11335 36894 93649 2308 759 91341 4240 2706 484 87101 1534 10637 3990 3155 7821 53581 328
internal_count=202736 105097 38326 35934 31157 10026 21131 66771 4777 97639 58950 47615 4126 11335 36894 93649 2308 759 91341 4240 2706 484 87101 1534 10637 3990 3155 7821 53581 328
is_linear=0
shrinkage=0.02


Tree=168
num_leaves=31
num_cat=0
split_feature=10 34 45 42 45 34 17 20 33 9 2 2 19 14 44 10 44 44 34 32 10 34 45 41 44 44 44 10 34 17
split_gain=2.01547 1.57905 2.14061 1.88924 1.21591 1.00958 0.998893 1.20088 0.878547 0.859819 0.829929 0.764161 1.0163 0.720584 0.665603 0.539851 0.654714 0.976274 0.536569 0.810182 0.775015 0.531793 0.510075 0.503074 0.5003 1.3575 1.05362 0.843409 0.48071 0.476729
threshold=46.280999999999985 0.0028642136756418394 0.073555931392672927 0.76054773999259229 0.068453763641211987 0.038381522042216225 1.8132932602475902 5.3499999999985457 -0.0030490896994968589 13.4435 -0.97406698466705699 -0.99999998452380978 2.1691928080322609 0.71858333333333435 0.38459478960569654 61.751999999999988 1.7901416812775957 -0.024985532573426953 -0.0071374498004916206 -0.0033772543743762783 15.468499999999986 0.013250724932985221 0.042768683842173964 72.206164494139387 2.2891819201307584 0.55805232058688214 1.3883616916767094 91.561999999999998 0.10738946363118447 0.31159491720639748
decision_type=2 2 2 2 2 2 2 2 2 2 2 2 2 2 2 2 2 2 2 2 2 2 2 2 2 2 2 2 2 2
left_child=1 4 3 8 6 14 7 29 22 18 -9 -2 15 23 -5 16 17 -13 20 -20 -6 -10 -3 -4 25 27 -27 -14 -7 -1
right_child=11 2 13 5 9 28 -8 10 21 -11 -12 12 24 -15 -16 -17 -18 -19 19 -21 -22 -23 -24 -25 -26 26 -28 -29 -30 -31
leaf_value=-2.273813093605379e-05 -2.4362369894314002e-05 0.00018464132020419913 0.00043899559116514176 -7.1946786200129879e-05 -0.00025086758743649739 7.0882691081772622e-05 -0.00020791503603929143 -4.4508075137368578e-05 1.1173336630273803e-05 0.00088545497410232195 0.00023893173678183805 0.00010509650960351089 0.00019247130395877468 0.00075172059707048669 -0.00027557130354758443 -0.00020820471741343581 -0.00060008953081325755 0.0011693019811097756 0.00053469052220298939 -0.00018424722603899279 -0.00075974243529955074 0.00018811930772717175 0.00057765648492689038 0.00010258328404868991 3.9606879109699126e-05 0.0016610582036319049 0.00058304574112963881 0.0010261844536435805 0.00074178980422254139 -0.00015474237406199303
leaf_weight=47174 2799 2907 3450 22915 11160 9638 11922 6575 16701 275 11122 1001 2331 1472 8921 1440 268 526 793 2995 1341 11453 2421 3669 707 714 737 613 447 14249
leaf_count=47174 2799 2907 3450 22915 11160 9638 11922 6575 16701 275 11122 1001 2331 1472 8921 1440 268 526 793 2995 1341 11453 2421 3669 707 714 737 613 447 14249
internal_value=4.94954e-14 -1.52027e-05 4.9784e-05 1.57038e-05 -6.59293e-05 -7.37646e-05 -3.72529e-05 -1.15371e-05 0.000127722 -0.000223545 0.000133625 0.000261569 0.000357565 0.000348905 -0.000129006 8.02521e-05 0.00031166 0.000471679 -0.000242268 -3.3741e-05 -0.000305455 8.31547e-05 0.000363224 0.000265615 0.000533399 0.000612833 0.00111351 0.000366067 0.000100619 -5.33607e-05
internal_weight=202736 191600 83994 75403 107606 41921 91042 79120 33482 16564 17697 11136 8337 8591 31836 3235 1795 1527 16289 3788 12501 28154 5328 7119 5102 4395 1451 2944 10085 61423
internal_count=202736 191600 83994 75403 107606 41921 91042 79120 33482 16564 17697 11136 8337 8591 31836 3235 1795 1527 16289 3788 12501 28154 5328 7119 5102 4395 1451 2944 10085 61423
is_linear=0
shrinkage=0.02


Tree=169
num_leaves=31
num_cat=0
split_feature=10 14 44 7 44 14 7 43 34 13 43 34 9 10 14 13 43 5 44 44 10 17 11 44 42 9 34 44 44 34
split_gain=1.96704 1.86012 1.64728 1.33035 1.32791 1.1464 1.14277 1.11317 1.14841 1.00177 0.970841 0.929891 0.724021 0.616291 2.23163 0.633131 0.614764 0.5747 0.597164 0.813821 0.704403 0.562488 0.82409 0.562375 0.509551 0.486622 0.474909 0.450262 0.443171 0.38531
threshold=-3.3145000000000162 0.93891666666666773 1.8588858361756968 6.8358087532284095 2.7704034032640541 0.3253666666666678 0.62312554909250584 16.880000000000297 -0.077864218579604044 1.938466666666667 9.0200000000026215 -0.019519636130449537 10.439000000000014 -138.12749999999997 1.4832666666666674 0.66126666666666878 25.540000000000877 1.0050500000000029 -0.93754254063662013 0.47342906247335276 -61.318499999999993 2.1310859797874122 2.0185000000000008 1.454386659822011 0.16227896489659066 4.677000000000004 -0.0059728812494606503 0.10905421574344577 -1.2460605520106529 0.070202806751051852
decision_type=2 2 2 2 2 2 2 2 2 2 2 2 2 2 2 2 2 2 2 2 2 2 2 2 2 2 2 2 2 2
left_child=12 2 5 4 7 24 10 9 -9 -3 -7 -8 13 14 15 -1 21 18 -14 20 -20 22 -15 -18 -2 -6 -17 -16 -26 -5
right_child=1 3 -4 29 25 6 11 8 -10 -11 -12 -13 17 16 27 26 23 -19 19 -21 -22 -23 -24 -25 28 -27 -28 -29 -30 -31
leaf_value=0.0019770701145530494 -0.00018345250865790016 0.00041758897102812253 -0.00030110505963482163 -0.00087923108978549573 -0.00091786920646598838 0.00016276824426372639 -0.00029259365708266487 -0.00071161804627002082 0.0011509910348196104 -0.0001331144246714486 0.00058087743671965386 6.7118751007388971e-05 -0.00030767303427301054 -7.4931329464754094e-05 -0.00062317092527814949 -0.00012668290573364014 0.0011790388020246382 -0.00055950746960365847 0.0015011100675924572 2.3335158144095075e-05 0.00047751231525604439 -0.00022861351504378764 0.0010043319791941646 7.1837884556202885e-05 0.00014460730483364852 -4.2223333066828965e-05 0.0011642315392384125 7.9016815245677637e-05 -3.2315563907386042e-05 0.00017508438074260413
leaf_weight=243 6901 8148 5697 486 337 25217 3609 149 1189 1577 2436 14127 589 80034 590 170 286 363 336 1355 1347 10225 284 512 7179 1029 346 959 26822 194
leaf_count=243 6901 8148 5697 486 337 25217 3609 149 1189 1577 2436 14127 589 80034 590 170 286 363 336 1355 1347 10225 284 512 7179 1029 346 959 26822 194
internal_value=-6.67729e-14 6.00465e-05 2.82833e-05 0.000282934 0.00033006 5.00298e-05 0.000119231 0.000402702 0.00094357 0.000328287 0.0001996 -6.07713e-06 -6.46331e-05 -7.58747e-05 0.00024689 0.00113533 -8.40303e-05 0.000199218 0.000275154 0.00038815 0.000681867 -8.89014e-05 -7.11151e-05 0.000468654 -2.67625e-05 -0.00025825 0.00073893 -0.00018844 5.04008e-06 -0.000578441
internal_weight=202736 105097 91988 13109 12429 86291 45389 11063 1338 9725 27653 17736 97639 93649 2308 759 91341 3990 3627 3038 1683 90543 80318 798 40902 1366 516 1549 34001 680
internal_count=202736 105097 91988 13109 12429 86291 45389 11063 1338 9725 27653 17736 97639 93649 2308 759 91341 3990 3627 3038 1683 90543 80318 798 40902 1366 516 1549 34001 680
is_linear=0
shrinkage=0.02


Tree=170
num_leaves=31
num_cat=0
split_feature=10 34 42 45 45 45 17 20 9 34 2 5 2 3 34 32 10 42 20 5 10 44 44 14 15 44 44 10 34 10
split_gain=1.89224 1.49354 2.08903 1.16271 1.1294 1.04818 0.941648 1.2405 0.937983 0.919407 0.806908 0.803308 0.728981 0.964087 0.642869 0.879952 0.748786 0.57901 0.565912 0.516956 0.516573 0.548024 0.817031 0.507859 0.501401 0.981304 1.52124 0.695683 0.463954 0.451962
threshold=46.280999999999985 0.0045840647706264564 0.75689971301076053 0.073555931392672927 0.057163625649900476 0.068453763641211987 1.7062974234774979 5.3499999999985457 13.4435 0.038381522042216225 -0.97406698466705699 0.32980000000000093 -0.99999998452380978 0.97940265543605698 -0.0071374498004916206 -0.0043894544824379699 15.468499999999986 0.58400679811697487 2.5999999999985453 0.10740000000000063 57.764499999999991 1.7901416812775957 -0.024985532573426953 0.39703333333333429 3.3815731542333438 0.49021437785382677 1.454386659822011 91.561999999999998 0.10738946363118447 55.133999999999993
decision_type=2 2 2 2 2 2 2 2 2 2 2 2 2 2 2 2 2 2 2 2 2 2 2 2 2 2 2 2 2 2
left_child=1 5 4 9 18 6 7 19 14 11 -9 -4 29 24 16 -16 -7 23 -3 -1 21 22 -15 -6 25 27 -27 -14 -11 -2
right_child=12 2 3 -5 17 8 -8 10 -10 28 -12 -13 13 20 15 -17 -18 -19 -20 -21 -22 -23 -24 -25 -26 26 -28 -29 -30 -31
leaf_value=-2.8377166940287799e-05 0.0003082616255060326 9.686683342021423e-06 -7.4632417243233019e-05 0.00024824430020210911 0.00027832325316927311 -0.00024435293079819723 -0.00019285454409032513 -3.9395610698845414e-05 0.000878284658908927 6.8905482171341948e-05 0.00023839795259035672 -0.00034256819433929364 0.00017965755726050432 0.0001347987002809532 0.00061328336681720189 -0.0001440348919815821 -0.00074454277643503709 0.00026840058002663639 0.00021526639707040816 -0.0001906976403566827 -0.00016805886415798745 -0.00059097847467664319 0.0011786603455656915 0.00085896939344518421 -4.740647036923356e-05 0.0016414374488082221 0.00047222759313295115 0.0009692311997338386 0.00072647914469183364 -0.00021915540388187861
leaf_weight=56276 1026 12127 25923 5265 1013 11160 13114 6607 314 9726 11398 5410 2140 880 738 3644 1341 6895 9593 9120 1669 218 455 1487 559 744 1108 564 449 1773
leaf_count=56276 1026 12127 25923 5265 1013 11160 13114 6607 314 9726 11398 5410 2140 880 738 3644 1341 6895 9593 9120 1669 218 455 1487 559 744 1108 564 449 1773
internal_value=-3.36643e-14 -1.47306e-05 5.27392e-05 -3.1741e-05 0.000179732 -6.09445e-05 -3.5313e-05 -1.05412e-05 -0.000204797 -6.72551e-05 0.000136461 -0.000120895 0.000253446 0.000347207 -0.000224941 -1.64902e-05 -0.000298009 0.000362943 0.000100484 -5.10141e-05 7.62228e-05 0.000338751 0.000490572 0.000623692 0.000517902 0.000587263 0.000941932 0.000344347 9.79227e-05 -2.58257e-05
internal_weight=202736 191600 77888 46773 31115 113712 96515 83401 17197 41508 18005 31333 11136 8337 16883 4382 12501 9395 21720 65396 3222 1553 1335 2500 5115 4556 1852 2704 10175 2799
internal_count=202736 191600 77888 46773 31115 113712 96515 83401 17197 41508 18005 31333 11136 8337 16883 4382 12501 9395 21720 65396 3222 1553 1335 2500 5115 4556 1852 2704 10175 2799
is_linear=0
shrinkage=0.02


Tree=171
num_leaves=31
num_cat=0
split_feature=10 14 6 45 14 41 45 5 14 44 44 6 14 6 9 13 10 10 9 44 10 14 14 43 45 9 5 44 44 10
split_gain=1.86715 1.7627 1.73996 2.21969 1.23969 1.17143 1.61061 1.29755 1.21389 1.00918 0.866236 0.748621 0.689047 0.771134 0.682599 0.65805 0.616836 1.45787 1.13041 0.722456 0.586549 2.15308 0.592099 0.589165 0.588851 0.566537 0.551324 0.572207 0.78253 0.674545
threshold=-3.3145000000000162 0.48726666666666746 0.22028333333333294 0.031272666988371389 2.3338833333333349 38.832487308259495 0.06661918087698615 0.35010000000000069 0.98900000000000043 0.22035322461881265 3.0021259773618425 1.0055833333333333 0.16936666666666747 -0.14156666666666684 10.439000000000014 2.0466333333333342 66.272499999999994 44.904999999999994 5.001000000000011 1.3883616916767094 -138.12749999999997 0.85758333333333392 1.4832666666666674 25.540000000000877 0.042768683842173964 44.40750000000002 1.0050500000000029 -0.93754254063662013 0.47342906247335276 -61.318499999999993
decision_type=2 2 2 2 2 2 2 2 2 2 2 2 2 2 2 2 2 2 2 2 2 2 2 2 2 2 2 2 2 2
left_child=14 9 5 25 11 6 15 8 -7 12 -6 -5 -2 -14 20 -3 17 -11 -18 -19 21 -1 24 -22 -23 -4 27 -16 29 -29
right_child=1 2 3 4 10 7 -8 -9 -10 16 -12 -13 13 -15 26 -17 18 19 -20 -21 23 22 -24 -25 -26 -27 -28 28 -30 -31
leaf_value=0.0017889247912411216 -0.00011133016076899906 0.00023896540556203751 -0.00035511807689196867 0.00010599740437562578 0.0011614248897198148 0.00036294881898302602 -0.00055080545785098219 -4.0524871081492772e-05 0.00086541948487416076 -0.00013912742281712152 -6.2568488301459097e-05 -0.00076330346984547536 -0.00020467067954640605 0.00010894664406273912 -0.00030292056103809958 -0.0007284954705660203 -0.0014776745387498939 0.001428905462824715 0.00036922670524794734 -0.00023837885462155896 -8.6610894180004684e-05 7.0582974463825654e-05 -0.00018527476976698166 0.00045921275518159111 0.001563150046355151 -0.0012884524196569763 -0.00054991278138342666 0.0014679140312745449 2.0474175720738623e-05 0.00046624511366352223
leaf_weight=311 9170 6997 3505 8776 747 10733 1355 2546 2343 17485 335 415 3439 35606 589 293 351 361 213 146 90543 277 1549 798 171 281 363 336 1355 1347
leaf_count=311 9170 6997 3505 8776 747 10733 1355 2546 2343 17485 335 415 3439 35606 589 293 351 361 213 146 90543 277 1549 798 171 281 363 336 1355 1347
internal_value=2.22633e-13 5.8502e-05 0.000166613 -1.04316e-05 0.000142129 0.000269184 8.23887e-05 0.000372554 0.000452983 -3.55298e-06 0.000782462 6.6746e-05 4.46831e-05 8.13239e-05 -6.29706e-05 0.000200081 -0.000128887 -0.000108471 -0.000780175 0.00094878 -7.38859e-05 0.000240994 -7.03438e-08 -8.18423e-05 0.00064029 -0.000424391 0.000193222 0.000267597 0.000378207 0.000666222
internal_weight=202736 105097 38326 14059 10273 24267 8645 15622 13076 66771 1082 9191 48215 39045 97639 7290 18556 17992 564 507 93649 2308 1997 91341 448 3786 3990 3627 3038 1683
internal_count=202736 105097 38326 14059 10273 24267 8645 15622 13076 66771 1082 9191 48215 39045 97639 7290 18556 17992 564 507 93649 2308 1997 91341 448 3786 3990 3627 3038 1683
is_linear=0
shrinkage=0.02


Tree=172
num_leaves=31
num_cat=0
split_feature=34 41 4 43 9 45 45 34 45 9 43 1 34 44 41 34 9 9 1 34 44 7 43 45 9 9 45 45 14 7
split_gain=1.69174 1.80548 1.28496 1.32348 1.77729 2.06694 1.3719 1.66725 1.18424 0.830717 0.821115 0.777117 0.713566 0.740306 0.70897 0.50936 0.482356 0.446679 0.400445 0.386111 0.55945 0.376829 0.449808 0.341123 0.281998 0.271633 0.264432 0.261178 0.251224 0.292032
threshold=0.020716296794778176 62.650602408293416 0.24240000000000508 2.2400000000008737 -2.4710000000000094 0.021843606363566182 0.057748997619839183 -0.010914283775708088 0.031898371381231701 -10.682499999999983 20.519999999999715 0.002436424603288002 0.10738946363118447 1.7901416812775957 84.46122086472505 -0.0083412514778857753 16.382000000000001 26.659000000000002 111.99999748000009 0.070202806751051852 1.0000000180025095e-35 1.5781378266207933 9.7599999999962179 0.072102006688792658 -35.039999999999999 37.33100000000001 0.049939393137914324 0.07393392813381984 1.0652500000000014 1.0244929965312819
decision_type=2 2 2 2 2 2 2 2 2 2 2 2 2 2 2 2 2 2 2 2 2 2 2 2 2 2 2 2 2 2
left_child=2 18 3 17 5 9 11 -8 16 -5 21 -6 13 14 -10 -7 19 -1 23 24 -21 22 -4 -2 -3 -23 -14 -15 -25 -30
right_child=1 8 10 4 6 15 7 -9 12 -11 -12 -13 26 27 -16 -17 -18 -19 -20 20 -22 25 -24 28 -26 -27 -28 -29 29 -31
leaf_value=-9.3618873328248881e-05 0.00048102062031098929 0.00066004167191235669 -0.00019122766170617735 0.00052406174823644669 -4.7805291083707452e-05 -0.00018021895779727403 -7.0492187701338239e-05 0.00045496456800703987 0.00026017219605479645 9.4067430036628085e-05 0.00060322851826971277 0.00012560630697084518 0.00014378988695052731 -0.00028119611525362977 -5.5467408046032873e-06 -2.2297149267157479e-05 -0.00070774502810161584 -0.000849508697702919 0.00020020126873496896 0.0013129588451314099 2.6767608344214514e-05 -0.00034166010613684495 0.00014133399660061803 0.00065362493186179064 -0.00013068262842478434 -0.0012422977990689419 0.0011167858401350519 0.00022141151225540056 0.0023493411144241689 0.00084943160526799392
leaf_weight=42969 3638 184 14464 2457 16981 24097 3409 8287 12174 6692 528 26419 154 2151 5994 12360 518 315 1955 186 496 3687 1833 281 9241 139 407 512 100 108
leaf_count=42969 3638 184 14464 2457 16981 24097 3409 8287 12174 6692 528 26419 154 2151 5994 12360 518 315 1955 186 496 3687 1833 281 9241 139 407 512 100 108
internal_value=-1.40885e-13 0.000120099 -2.77923e-05 -6.63203e-06 3.31213e-05 -5.92293e-05 0.000109565 0.000301811 6.00918e-05 0.000209544 -0.000175329 5.7756e-05 0.000145815 0.000126859 0.000172506 -0.000126679 -0.0001125 -9.91199e-05 0.000435989 -8.1993e-05 0.000377547 -0.000195758 -0.000153823 0.000547685 -0.000115246 -0.000374381 0.000849689 -0.000184563 0.00104364 0.00157054
internal_weight=202736 38099 164637 143986 100702 45606 55096 11696 32017 9149 20651 43400 21392 20831 18168 36457 10625 43284 6082 10107 682 20123 16297 4127 9425 3826 561 2663 489 208
internal_count=202736 38099 164637 143986 100702 45606 55096 11696 32017 9149 20651 43400 21392 20831 18168 36457 10625 43284 6082 10107 682 20123 16297 4127 9425 3826 561 2663 489 208
is_linear=0
shrinkage=0.02


Tree=173
num_leaves=31
num_cat=0
split_feature=10 14 6 44 34 45 10 14 6 7 9 45 45 5 5 44 10 9 44 44 10 14 45 43 42 34 44 9 6 10
split_gain=1.78129 1.69667 2.03916 1.57004 1.30838 1.64428 1.15364 1.05406 1.26063 1.11575 0.975918 1.14714 0.951943 0.852655 1.029 0.783254 0.644439 1.94314 1.67116 1.87573 0.756936 0.700905 0.639259 0.505871 0.477038 0.455679 0.425187 0.42407 0.418601 0.747077
threshold=-3.3145000000000162 0.93891666666666773 0.46673333333333294 1.8588858361756968 -0.035373432971301279 0.067217266334067591 44.904999999999994 0.3253666666666678 0.18296666666666614 0.61590104724059203 17.954500000000014 0.064175027322167552 0.036933726921806027 -0.03940000000000022 -1.4863999999999982 1.1100431958565664 -30.662500000000012 -6.0260000000000007 -1.173550579414735 -0.71923300654555933 -89.687499999999986 1.2694166666666675 0.0062549503224489404 20.519999999999715 0.16227896489659066 0.076886613045419216 -1.2460605520106529 44.40750000000002 -0.46740000000000015 -7.3470000000000084
decision_type=2 2 2 2 2 2 2 2 2 2 2 2 2 2 2 2 2 2 2 2 2 2 2 2 2 2 2 2 2 2
left_child=16 3 4 7 5 15 25 24 9 -9 -8 -12 -10 14 -6 -3 17 23 -19 20 -20 -21 -15 -1 -2 27 -26 -4 29 -18
right_child=1 2 6 -5 13 -7 10 8 12 -11 11 -13 -14 22 -16 -17 28 18 19 21 -22 -23 -24 -25 26 -27 -28 -29 -30 -31
leaf_value=-0.00018414733151703882 -0.0001772074939920035 0.00073599328609616173 -0.00033884420465240655 -0.00029476793539789302 -0.00060372089762750789 -0.0013148788230776906 0.001932801804816243 0.00025915839234824417 -0.00035252526176632277 2.8301937100522471e-05 -0.00013221407392110062 0.00088771727883784094 5.7854899278006166e-05 -0.0006413423868896742 0.00096928569551531923 -0.00021312722179830205 5.4624266040497362e-05 -0.00029265073328925835 0.0016425317199978099 6.5818495640572217e-05 0.00058896034984680639 0.00061520291421518871 0.00046594470899850615 0.00018124004547867266 0.00014187840157739288 0.00032333344733582564 -3.1417443043708336e-05 -0.0013323902664158457 -0.00010574945652506467 0.0013108542572835163
leaf_weight=13646 6901 713 2257 5697 178 321 137 21786 3454 13603 1400 644 6546 222 2541 679 2222 2532 301 8297 2908 1046 3443 1705 7179 388 26822 186 64775 207
leaf_count=13646 6901 713 2257 5697 178 321 137 21786 3454 13603 1400 644 6546 222 2541 679 2222 2532 301 8297 2908 1046 3443 1705 7179 388 26822 186 64775 207
internal_value=4.53739e-14 5.71411e-05 0.000270011 2.68054e-05 0.000466264 -2.45337e-05 -4.70388e-05 4.80359e-05 0.000114391 0.000170421 0.000298663 0.000189134 -8.38904e-05 0.000597958 0.000866308 0.000273024 -6.15057e-05 1.48462e-05 0.000176061 0.00027061 0.000687784 0.000127325 0.000398873 -0.000143565 -2.55988e-05 -0.000313367 5.17239e-06 -0.000414489 -9.60836e-05 0.000161681
internal_weight=202736 105097 13109 91988 8097 1713 5012 86291 45389 35389 2181 2044 10000 6384 2719 1392 97639 30435 15084 12552 3209 9343 3665 15351 40902 2831 34001 2443 67204 2429
internal_count=202736 105097 13109 91988 8097 1713 5012 86291 45389 35389 2181 2044 10000 6384 2719 1392 97639 30435 15084 12552 3209 9343 3665 15351 40902 2831 34001 2443 67204 2429
is_linear=0
shrinkage=0.02


Tree=174
num_leaves=31
num_cat=0
split_feature=10 34 33 43 4 44 14 34 34 10 17 20 6 14 13 14 44 44 10 2 6 12 43 17 6 44 34 14 31 6
split_gain=1.71921 1.20101 1.92862 0.895134 1.19379 0.865165 1.51564 0.855784 0.835439 0.74495 0.713259 0.849068 0.697957 1.24383 0.654922 0.562579 0.549155 1.87392 1.23543 0.525589 0.461369 0.44406 0.554161 0.429937 0.366612 0.334576 0.299858 0.284911 0.26352 0.259363
threshold=36.687999999999988 -0.00574187746612173 -0.0050390432776607407 2.3999999999985451 0.19060000000000279 2.2891819201307584 2.1761666666666684 0.029145417461587667 0.052823995921006194 4.6739999999999915 2.0648577586813457 5.9000000000014561 0.73209999999999975 1.6623500000000015 0.38726666666666826 2.8280666666666687 1.3883616916767094 0.88738576581215678 91.561999999999998 -0.97406698466705699 0.73209999999999975 0.32520000000000732 2.3000000000014555 0.44694732724875874 -0.132333333333333 1.6212821392225631 0.0010141946997912115 0.80238333333333423 -17.349999999998541 0.31833333333333352
decision_type=2 2 2 2 2 2 2 2 2 2 2 2 2 2 2 2 2 2 2 2 2 2 2 2 2 2 2 2 2 2
left_child=1 10 14 28 9 6 8 -6 12 -5 11 21 13 -2 -3 27 17 18 -8 -13 -10 22 -1 -21 -16 -14 -26 -7 -4 -30
right_child=5 2 3 4 7 15 16 -9 20 -11 -12 19 25 -15 24 -17 -18 -19 -20 23 -22 -23 -24 -25 26 -27 -28 -29 29 -31
leaf_value=-0.00014378719777953953 0.00015695981225259854 0.00012231849395244541 0.00062227773619278844 4.3562551927681781e-05 -0.00016144325208841681 -0.0010504824694297795 4.0736417975193186e-06 7.4080406623414012e-05 0.0010157246431964318 0.00022107682882354838 -0.00023808945907428038 -7.7088891610579697e-05 -0.00081876968939687662 0.0015204527854579142 0.00079489763654972474 0.00036597046037644174 0.00040569907433593707 0.0039564596170413432 0.0026020914634023238 0.00034557838934063106 -0.00021647455936260555 -0.00017044070194508081 2.9595479480071238e-05 6.3408226601174917e-05 0.00017835315676635941 0.00042633479593509653 0.00051019536572150177 -0.0003099178587947482 -8.484080185250259e-05 -0.00040507555214568981
leaf_weight=13268 13576 5304 206 28626 15851 270 223 10105 702 14121 9937 5502 415 273 939 429 248 102 109 3473 147 19340 16598 5713 1995 109 2399 902 30808 1046
leaf_count=13268 13576 5304 206 28626 15851 270 223 10105 702 14121 9937 5502 415 273 939 429 248 102 109 3473 147 19340 16598 5713 1995 109 2399 902 30808 1046
internal_value=-7.21591e-14 -1.79041e-05 2.35553e-05 -3.48245e-06 3.72384e-05 0.000189455 0.000234065 -6.97509e-05 0.000192739 0.000102202 -8.04602e-05 -5.59452e-05 0.000156728 0.000183838 0.00027968 -0.000253701 0.00115646 0.00158547 0.000857037 7.74988e-05 0.000802376 -9.57783e-05 -4.74299e-05 0.00017009 0.000436186 -0.000559769 0.00035953 -0.000480526 -9.07453e-05 -9.53565e-05
internal_weight=202736 185231 111400 100763 68703 17505 15904 25956 15222 42747 73831 63894 14373 13849 10637 1601 682 434 332 14688 849 49206 29866 9186 5333 524 4394 1172 32060 31854
internal_count=202736 185231 111400 100763 68703 17505 15904 25956 15222 42747 73831 63894 14373 13849 10637 1601 682 434 332 14688 849 49206 29866 9186 5333 524 4394 1172 32060 31854
is_linear=0
shrinkage=0.02


Tree=175
num_leaves=31
num_cat=0
split_feature=10 14 44 6 34 14 13 15 44 14 14 6 9 10 10 9 44 34 10 14 14 10 44 14 14 5 44 44 10 44
split_gain=1.67457 1.61375 1.66989 1.43545 1.59903 1.25067 2.35428 0.986274 0.95846 0.871938 0.646391 0.734259 0.625959 0.598138 1.38999 1.08651 0.689266 0.540256 0.539567 2.05542 0.570931 0.985066 1.44335 0.564695 0.537095 0.529736 0.545124 0.746054 0.634333 0.529269
threshold=-3.3145000000000162 0.48726666666666746 2.7704034032640541 0.22028333333333294 0.05525710701734738 0.91085000000000049 1.938466666666667 1.5103871183288102 0.22035322461881265 1.6623500000000015 0.16936666666666747 -0.14156666666666684 10.439000000000014 66.272499999999994 44.904999999999994 5.001000000000011 1.3883616916767094 0.022854074869047725 -138.12749999999997 0.85758333333333392 1.5994166666666678 -72.730999999999995 0.86668286518526538 1.4832666666666674 2.3338833333333349 1.0050500000000029 -0.93754254063662013 0.47342906247335276 -34.009000000000015 0.73814753312156556
decision_type=2 2 2 2 2 2 2 2 2 2 2 2 2 2 2 2 2 2 2 2 2 2 2 2 2 2 2 2 2 2
left_child=12 8 3 5 9 7 -7 -3 10 -5 -2 -12 18 14 -10 -15 -16 -13 19 -1 -20 29 -23 -21 -6 26 -14 28 -28 -22
right_child=1 2 -4 4 24 6 -8 -9 13 -11 11 17 25 15 16 -17 -18 -19 20 23 21 22 -24 -25 -26 -27 27 -29 -30 -31
leaf_value=0.0017443335812489828 -0.00010807119822603001 0.00026399541064749463 -0.00035283498968547182 -0.0001506701420660597 0.00040125743705772597 0.000709887220567048 -0.00044095717223049529 -0.0001600230275225472 -0.00013594621159292302 0.000377871333538777 -0.00020054830009395372 7.3522860958153462e-05 -0.00029824940168613238 -0.0014512810396014625 0.0013952984759534731 0.00035940832841022059 -0.00023323766542726184 0.00029540591819710602 -8.8750608421798229e-05 0.000621751632428657 -0.00075358049685130392 0.00092393077403533355 -1.2686759891764225e-05 -0.00018448238460579545 0.001324772597261965 -0.00054274137025556624 0.0011130108969764254 1.7267821017288469e-05 0.00032372253739030416 2.1374379684746756e-05
leaf_weight=311 9170 15077 2392 9101 1724 4890 832 2568 17485 1447 3439 30478 589 351 361 213 146 5128 87101 448 549 1130 1576 1549 295 363 691 1355 992 985
leaf_count=311 9170 15077 2392 9101 1724 4890 832 2568 17485 1447 3439 30478 589 351 361 213 146 5128 87101 448 549 1130 1576 1549 295 363 691 1355 992 985
internal_value=-3.01057e-14 5.54029e-05 0.000158846 0.000192906 2.05384e-05 0.000285608 0.00054255 0.000202285 -3.97242e-06 -7.81636e-05 4.30358e-05 7.85244e-05 -5.96347e-05 -0.000126116 -0.000106012 -0.000767457 0.000926331 0.000105479 -7.00874e-05 0.000231919 -7.77185e-05 0.000148912 0.000378436 -3.61466e-06 0.000536194 0.000185699 0.000258603 0.000366564 0.000647786 -0.000255973
internal_weight=202736 105097 38326 35934 12567 23367 5722 17645 66771 10548 48215 39045 97639 18556 17992 564 507 35606 93649 2308 91341 4240 2706 1997 2019 3990 3627 3038 1683 1534
internal_count=202736 105097 38326 35934 12567 23367 5722 17645 66771 10548 48215 39045 97639 18556 17992 564 507 35606 93649 2308 91341 4240 2706 1997 2019 3990 3627 3038 1683 1534
is_linear=0
shrinkage=0.02


Tree=176
num_leaves=31
num_cat=0
split_feature=10 34 41 45 5 41 34 45 5 43 15 2 19 10 42 34 14 15 43 10 5 41 14 5 10 45 43 13 10 10
split_gain=1.62048 1.32275 1.96902 1.19714 1.12519 0.974495 0.864891 0.721331 0.70453 0.675361 0.970855 0.671285 0.806124 0.654463 0.524357 0.557859 0.491572 0.623265 0.628414 0.49122 0.429209 0.421938 0.478347 0.420831 0.41433 0.371999 0.321475 0.317708 0.310806 0.308989
threshold=46.280999999999985 0.0077797917161733102 62.377789902426095 0.074306588158616335 0.11330000000000152 20.765661252558669 0.040521019598651481 0.072102006688792658 0.65675000000000217 2.279999999997381 0.3038087391666725 -0.99999999534632023 2.1691928080322609 15.847499999999982 0.61096241833954268 0.017057584541012822 0.39970000000000111 3.3815731542333438 20.519999999999715 61.751999999999988 0.90409999999999979 89.613887493543857 1.2694166666666675 0.48410000000000136 61.751999999999988 0.030029728765684466 21.749999999998547 0.44626666666666776 82.286500000000004 -47.616000000000007
decision_type=2 2 2 2 2 2 2 2 2 2 2 2 2 2 2 2 2 2 2 2 2 2 2 2 2 2 2 2 2 2
left_child=1 4 7 6 5 -1 8 14 -4 13 -11 23 19 -7 27 -16 24 18 -18 -13 26 22 -5 -2 -14 -8 -6 -3 -26 -9
right_child=11 2 3 21 20 9 25 29 -10 10 -12 12 16 -15 15 -17 17 -19 -20 -21 -22 -23 -24 -25 28 -27 -28 -29 -30 -31
leaf_value=-0.00014907134023992545 2.787586322748252e-05 0.00019440510997560998 -7.6606501524435904e-05 0.00030500419543557484 -0.00018704208965744537 -0.00013287162356946344 -5.556407556731287e-05 0.0015151317558552133 -0.00050681678629470859 0.00014144683447828287 -2.3349128569409747e-05 0.00028590084200651677 0.00041166955938285127 0.00015599842304085521 -2.0090833385847785e-07 0.0002687752561552761 0.00057464805189852267 -7.0433606128980335e-05 0.001630395301617682 -0.00020999616608797727 -0.00068749029497734444 -6.2311405526371266e-05 0.0011808495511321869 -0.00084233792983145724 -0.00074248288505740707 0.00020560078417438416 0.00062340295378302782 0.00050336603988608564 0.00052560763196224012 0.00052816718882384823
leaf_weight=21059 2144 2594 30738 4004 17431 20024 3300 137 1602 22793 38374 1795 551 3720 7126 5438 3738 567 240 1440 687 1219 266 248 310 6437 198 2735 103 1718
leaf_count=21059 2144 2594 30738 4004 17431 20024 3300 137 1602 22793 38374 1795 551 3720 7126 5438 3738 567 240 1440 687 1219 266 248 310 6437 198 2735 103 1718
internal_value=5.11178e-14 -1.36318e-05 5.77733e-05 -1.1924e-05 -5.23052e-05 -2.7287e-05 -4.81631e-05 0.000225649 -9.79175e-05 2.91707e-06 3.80597e-05 0.000234542 0.000315758 -8.7614e-05 0.00018673 0.000116218 0.000462914 0.000549922 0.000638343 6.51615e-05 -0.000197052 0.000265875 0.000359565 -6.2347e-05 5.26948e-05 0.000117089 -0.00017794 0.000352973 -0.000426228 0.000601059
internal_weight=202736 191600 67314 47566 124286 105970 42077 19748 32340 84911 61167 11136 8744 23744 17893 12564 5509 4545 3978 3235 18316 5489 4270 2392 964 9737 17629 5329 413 1855
internal_count=202736 191600 67314 47566 124286 105970 42077 19748 32340 84911 61167 11136 8744 23744 17893 12564 5509 4545 3978 3235 18316 5489 4270 2392 964 9737 17629 5329 413 1855
is_linear=0
shrinkage=0.02


Tree=177
num_leaves=31
num_cat=0
split_feature=10 24 44 34 5 9 45 34 13 10 41 10 9 44 44 10 45 16 10 34 6 34 5 44 10 9 44 9 45 6
split_gain=1.58445 1.40139 1.09358 1.16168 1.36649 0.828053 0.890166 0.945769 0.800707 0.732008 0.619711 0.595176 1.84088 1.58983 1.80828 0.704707 0.611162 0.56391 0.539895 0.537616 0.469695 0.42503 0.404868 0.395477 0.439738 0.382255 0.559134 1.17305 0.407772 0.377888
threshold=-3.3145000000000162 2.2999999999956349 1.8588858361756968 0.024747653753899503 0.23260000000000028 13.4435 0.043383337887632004 0.0026587955295749913 0.21953333333333327 31.759999999999994 63.785220829238092 -30.662500000000012 -6.0260000000000007 -1.173550579414735 -0.71923300654555933 -89.687499999999986 0.048481319661231488 3.0543175597515684 5.9104999999999821 0.065064307952460362 0.28451666666666625 0.070202806751051852 0.11940000000000194 3.0021259773618425 53.005499999999991 2.2770000000000015 -1.0538015942377499 -12.73449999999999 0.032542554187190841 0.2643333333333327
decision_type=2 2 2 2 2 2 2 2 2 2 2 2 2 2 2 2 2 2 2 2 2 2 2 2 2 2 2 2 2 2
left_child=11 2 3 4 8 9 -7 -8 -2 18 -5 12 21 -14 15 -15 -16 23 -4 -12 -11 -1 25 24 -3 26 27 -13 -27 -30
right_child=1 17 5 10 -6 6 7 -9 -10 20 19 22 13 14 16 -17 -18 -19 -20 -21 -22 -23 -24 -25 -26 28 -28 -29 29 -31
leaf_value=-0.00015460908046259381 -3.2160740818236932e-05 0.00050893262254969303 -0.00048610232005605054 0.00056293379726654645 -0.00020520609250683979 -0.00040535950276885074 0.0011385975696275299 9.9322772986428672e-05 0.00010979493735422099 -0.00072160052155220266 0.00012836937516174775 0.00091747429856420812 -0.0002848804897908234 0.0015953267471357389 1.3364761536075536e-05 0.00057875372033433211 0.00036071067286019511 1.6476736110136675e-05 -5.8562830642380683e-05 0.00055358395618094873 -0.0021750048361718656 0.00056255074288436349 -0.00018317975273351075 -0.00030062648226615742 0.0011719830684012206 -0.00012214733472116322 -0.0001273930538948366 -9.9340705026239044e-06 0.00018854685341570309 -0.00040881668998634638
leaf_weight=15013 24680 2242 2084 1891 8808 1060 432 1851 44645 504 11038 586 2532 301 6372 2908 2971 1009 2728 1333 108 338 14908 197 487 3608 33948 7903 5794 457
leaf_count=15013 24680 2242 2084 1891 8808 1060 432 1851 44645 504 11038 586 2532 301 6372 2908 2971 1009 2728 1333 108 338 14908 197 487 3608 33948 7903 5794 457
internal_value=-6.86988e-14 5.38914e-05 3.94876e-05 5.97434e-05 2.94448e-05 -0.000173987 7.35984e-05 0.000295979 5.92581e-05 -0.000326583 0.000225731 -5.80079e-05 1.53678e-05 0.000172283 0.000264503 0.000674107 0.000123818 0.000424189 -0.000243723 0.000174187 -0.000978084 -0.000138819 -9.12379e-05 0.000564784 0.000627256 -6.5028e-05 -9.10905e-05 5.40854e-05 4.71553e-05 0.000144875
internal_weight=202736 105097 101162 92395 78133 8767 3343 2283 69325 5424 14262 97639 30435 15084 12552 3209 9343 3935 4812 12371 612 15351 67204 2926 2729 52296 42437 8489 9859 6251
internal_count=202736 105097 101162 92395 78133 8767 3343 2283 69325 5424 14262 97639 30435 15084 12552 3209 9343 3935 4812 12371 612 15351 67204 2926 2729 52296 42437 8489 9859 6251
is_linear=0
shrinkage=0.02


Tree=178
num_leaves=31
num_cat=0
split_feature=10 43 15 43 7 43 44 44 44 44 13 31 10 44 10 44 13 6 45 43 24 20 11 5 10 44 16 10 5 10
split_gain=1.52931 1.05034 1.39271 1.40358 0.698347 1.40801 0.703143 1.51707 0.727827 0.682916 0.676115 0.642011 0.632868 0.609473 0.647775 0.543953 0.582247 0.527453 0.501028 0.49316 0.442315 0.429449 0.404563 0.404322 0.39449 0.37854 0.443088 0.344637 0.327165 0.277969
threshold=46.280999999999985 2.279999999997381 0.62077278451378493 7.6400000000008736 2.6887740965752691 16.880000000000297 0.47342906247335276 1.0363801510215607 -1.7124149432366236 0.73814753312156556 0.5666666666666661 46.150000000001462 104.706 -0.37997149642762346 -116.33499999999999 1.5862500858195583 1.2327000000000006 0.83995000000000031 0.029398148148291281 11.56000000000204 0.70000000000436569 11.700000000004367 1.3395000000000004 0.13140000000000177 12.744499999999992 1.4204642124723144 2.0415179448666834 24.14449999999999 1.0050500000000029 -89.687499999999986
decision_type=2 2 2 2 2 2 2 2 2 2 2 2 2 2 2 2 2 2 2 2 2 2 2 2 2 2 2 2 2 2
left_child=1 29 3 13 5 6 8 9 -2 -8 -9 17 -10 14 -3 16 -7 19 28 -4 23 -6 -20 -5 -15 26 -23 -19 -13 -1
right_child=4 2 11 20 21 15 7 10 12 -11 -12 18 -14 24 -16 -17 -18 27 22 -21 -22 25 -24 -25 -26 -27 -28 -29 -30 -31
leaf_value=0.00059639318676164789 0.001254617192428526 0.0013689891146341209 -0.00010835786094055478 0.00026759021953216058 -0.00061852784340455356 0.0010476323533803226 0.00061467981460605668 -0.00018666024386225098 -1.5215878133678202e-06 0.0017245752019870626 0.00047578673668327652 -3.1516244881260724e-05 0.00076338155804935124 -6.0710280854791314e-05 8.530977520032878e-05 0.00074047703522506431 0.0031850135392800473 -0.00026206853752162054 0.00010032079810954258 4.5599369548652321e-05 0.00053015989286624957 0.0017707176851108669 0.00050763341227164039 5.351738865145847e-06 0.00010080138020386194 -0.00033242778547573837 2.2385259128540108e-05 -0.001428209560027871 -0.00079842781906986444 -9.6040788817295712e-05
leaf_weight=233 211 158 41500 9477 589 100 443 1027 5448 444 1541 1445 470 29020 32814 246 104 220 2521 10410 1896 100 1591 3128 7642 275 138 188 263 49094
leaf_count=233 211 158 41500 9477 589 100 443 1027 5448 444 1541 1445 470 29020 32814 246 104 220 2521 10410 1896 100 1591 3128 7642 275 138 188 263 49094
internal_value=-8.86008e-14 -1.32428e-05 1.43298e-05 6.63463e-05 0.000227848 0.000280336 0.000228999 0.000457164 0.000100379 0.00117025 0.00021086 -6.09463e-05 5.9226e-05 2.90687e-05 9.14611e-05 0.00137369 0.00213728 -8.31133e-05 0.000138321 -7.74834e-05 0.000245354 -0.000250063 0.000257917 0.000202514 -2.7044e-05 0.000172989 0.000756979 -0.000799408 -0.000149606 -9.277e-05
internal_weight=202736 191600 142273 84135 11136 10034 9584 3455 6129 887 2568 58138 5918 69634 32972 450 204 52318 5820 51910 14501 1102 4112 12605 36662 513 238 408 1708 49327
internal_count=202736 191600 142273 84135 11136 10034 9584 3455 6129 887 2568 58138 5918 69634 32972 450 204 52318 5820 51910 14501 1102 4112 12605 36662 513 238 408 1708 49327
is_linear=0
shrinkage=0.02


Tree=179
num_leaves=31
num_cat=0
split_feature=34 45 41 14 7 43 34 4 43 43 34 4 41 15 34 42 44 2 34 14 7 44 9 44 34 45 9 4 38 44
split_gain=1.46978 2.09389 1.8036 1.34798 0.97928 1.92988 0.814972 0.759087 0.721324 0.645356 0.695901 0.649761 0.610779 0.592783 0.589798 0.644682 0.572159 0.560058 0.551957 0.544511 0.511503 0.470427 0.457452 0.444214 0.493713 0.443139 0.405833 0.396873 0.334974 0.327971
threshold=0.008748597228129958 0.07176771542558559 62.377789902426095 1.2694166666666675 0.61590104724059203 6.9400000000008744 0.05525710701734738 1.0466000000000029 1.9799999999944704 16.880000000000297 -0.021534874597406269 0.043000000000004292 72.206164494139387 0.20393050286522865 0.027967676773960847 0.70540614338738472 0.2509797594755237 -0.96226414958170159 -0.042306182433604983 0.55833333333333501 0.36474669292355849 1.009920957945192 10.170500000000009 3.6600125406477528 0.10738946363118447 0.035964912280539052 26.659000000000002 -0.036199999999995423 20.500000000000004 2.5272667440274499
decision_type=2 2 2 2 2 2 2 2 2 2 2 2 2 2 2 2 2 2 2 2 2 2 2 2 2 2 2 2 2 2
left_child=4 2 14 12 5 8 7 16 26 10 25 19 -3 27 15 21 -4 -7 -11 -12 22 -2 -19 24 -8 -6 -1 -10 -15 -5
right_child=1 3 6 29 9 17 23 -9 13 18 11 -13 -14 28 -16 -17 -18 20 -20 -21 -22 -23 -24 -25 -26 -27 -28 -29 -30 -31
leaf_value=-0.00010929020866345176 0.00036675827363054039 0.00046935935980481835 7.0670270383058207e-06 0.0013071482568345447 -9.5500515715746194e-05 4.0120726997997049e-05 0.00017630313793987531 -0.00048606824005272345 -1.8128622805124293e-05 -7.8176074515887931e-05 -9.0500705523254758e-05 -0.00019803794259423774 0.00012592376283461336 -3.8204807554860726e-05 0.00048065261522170678 1.4222538514002483e-05 -0.00016116920347179791 0.00041441599963437176 0.00042123758470841079 0.00016237845498598383 0.0001701390208201838 1.0165239311827215e-05 0.0010883358667086269 -0.00051280254401524174 0.00083376547159325304 -0.00032710948856577097 -0.00098139944733905619 0.00015403752501889456 -0.000376494999511916 0.00045539674672924046
leaf_weight=29322 5920 3634 22906 675 4973 3928 4243 1691 8895 2043 8389 10080 4817 26017 2588 7025 12498 3579 1562 5734 3953 1973 454 329 512 9848 215 13460 1226 247
leaf_count=29322 5920 3634 22906 675 4973 3928 4243 1691 8895 2043 8389 10080 4817 26017 2588 7025 12498 3579 1562 5734 3953 1973 454 329 512 9848 215 13460 1226 247
internal_value=-3.97925e-15 7.49228e-05 3.12806e-05 0.000352826 -3.87051e-05 -1.66528e-06 -3.95487e-05 -7.20948e-05 -3.73927e-05 -0.000117816 -0.000141468 -7.53772e-05 0.000273604 9.20468e-06 0.000201937 0.000153585 -5.23222e-05 0.000235643 0.000138213 1.21693e-05 0.000331813 0.000277621 0.00049028 0.000197921 0.000247096 -0.000249396 -0.000115638 8.5533e-05 -5.34287e-05 0.00107897
internal_weight=202736 69058 59685 9373 133678 91049 42179 37095 79135 42629 39024 24203 8451 49598 17506 14918 35404 11914 3605 14123 7986 7893 4033 5084 4755 14821 29537 22355 27243 922
internal_count=202736 69058 59685 9373 133678 91049 42179 37095 79135 42629 39024 24203 8451 49598 17506 14918 35404 11914 3605 14123 7986 7893 4033 5084 4755 14821 29537 22355 27243 922
is_linear=0
shrinkage=0.02


Tree=180
num_leaves=31
num_cat=0
split_feature=10 14 44 43 5 44 34 34 4 9 34 44 14 10 9 45 5 14 14 10 14 14 10 44 14 45 44 4 10 9
split_gain=1.49983 1.46085 1.57456 1.31252 1.08215 0.91771 0.904094 0.78385 0.692725 0.675735 0.649613 0.634729 0.682312 0.618948 0.568244 0.557389 0.500684 0.526194 0.496631 0.489015 1.93822 0.540954 0.950938 1.37768 0.534495 0.568578 0.503391 0.500721 0.477971 0.476257
threshold=-3.3145000000000162 0.48726666666666746 2.7704034032640541 12.740000000000874 0.50565000000000149 -1.2626256126891062 -0.012249416770802298 0.0022337771493084507 0.55090000000000339 8.6695000000000064 -0.070498786730593274 1.0856926487789889 0.19588333333333405 91.561999999999998 10.439000000000014 0.030957533153107088 1.0050500000000029 0.22573333333333398 0.33690000000000164 -138.12749999999997 0.85758333333333392 1.5994166666666678 -72.730999999999995 0.86668286518526538 1.4832666666666674 0.042768683842173964 0.73814753312156556 0.33700000000000124 47.642999999999994 -2.726999999999991
decision_type=2 2 2 2 2 2 2 2 2 2 2 2 2 2 2 2 2 2 2 2 2 2 2 2 2 2 2 2 2 2
left_child=14 5 3 4 6 9 -3 -6 10 18 -5 12 -7 -14 19 -10 17 -16 -2 20 -1 27 26 -24 25 -22 -23 29 -20 -21
right_child=1 2 -4 8 7 11 -8 -9 15 -11 -12 -13 13 -15 16 -17 -18 -19 28 21 24 22 23 -25 -26 -27 -28 -29 -30 -31
leaf_value=0.0016897795415508729 0.00012493103094695341 1.7454081707618369e-05 -0.00034600864034972341 -5.7152700187793444e-05 -0.00073146613117630382 -0.00015060600892313395 0.00026533703497598487 -3.0657108223013438e-05 -0.00046293108827800993 -0.00044290862610470199 0.00079082693602846091 -0.00020456916479372786 2.5837717752456967e-05 0.0014244719381090326 -0.00087685715008099449 0.00037563452978656744 -0.00053087168885731671 0.00029976967266240578 0.0003714589416433267 -0.00011651464996877153 4.0992960731611531e-05 -0.00073616083777810321 0.00090539339995128877 -9.6699867037610772e-06 -0.00018357144576902171 0.0015076422210093807 1.961155309620181e-05 -0.00023162678095409257 0.0014478653735969099 -1.8100276978281801e-05
leaf_weight=311 8198 8740 2392 419 775 10721 18020 3622 418 698 2627 7821 36767 127 159 1313 363 3468 2261 40553 277 549 1130 1576 1549 171 985 8354 178 38194
leaf_count=311 8198 8740 2392 419 775 10721 18020 3622 418 698 2627 7821 36767 127 159 1313 363 3468 2261 40553 277 549 1130 1576 1549 171 985 8354 178 38194
internal_value=-5.39297e-14 5.24328e-05 0.000150853 0.000183928 0.000136598 -4.05979e-06 0.000184377 -0.000154179 0.000492623 0.000159914 0.000674181 -3.75875e-05 -1.01599e-05 3.06522e-05 -5.64377e-05 0.000173139 0.000177312 0.000248189 0.000199471 -6.63969e-05 0.000221114 -7.36617e-05 0.000146939 0.000372452 -7.60656e-06 0.000600808 -0.00025087 -8.44003e-05 0.000450016 -6.87815e-05
internal_weight=202736 105097 38326 35934 31157 66771 26760 4397 4777 11335 3046 55436 47615 36894 97639 1731 3990 3627 10637 93649 2308 91341 4240 2706 1997 448 1534 87101 2439 78747
internal_count=202736 105097 38326 35934 31157 66771 26760 4397 4777 11335 3046 55436 47615 36894 97639 1731 3990 3627 10637 93649 2308 91341 4240 2706 1997 448 1534 87101 2439 78747
is_linear=0
shrinkage=0.02


Tree=181
num_leaves=31
num_cat=0
split_feature=10 14 44 7 44 14 10 7 13 44 14 10 9 44 44 14 14 43 42 44 9 9 44 14 5 45 44 9 5 9
split_gain=1.44044 1.42127 1.58589 1.16036 0.995193 0.978777 0.953313 0.978064 0.938469 0.858257 0.59158 0.545807 1.73535 1.52132 1.73517 0.717262 0.637525 0.471533 0.442511 0.395773 0.395706 0.38849 1.30946 0.83227 0.52579 0.457109 0.456234 0.45385 0.589829 0.437136
threshold=-3.3145000000000162 0.98900000000000043 1.8588858361756968 6.8358087532284095 2.7704034032640541 0.3253666666666678 104.706 0.62312554909250584 0.25806666666666817 0.33298461535451623 0.82336666666666825 -30.662500000000012 -6.0260000000000007 -1.173550579414735 -0.71923300654555933 1.008283333333335 1.2694166666666675 20.519999999999715 0.16227896489659066 -1.2460605520106529 3.0979999999999959 -12.73449999999999 -0.58631613174443209 0.89733333333333409 -1.2478999999999985 0.023873724272161882 -1.2166341907899294 2.4280000000000062 0.55590000000000284 -39.987999999999978
decision_type=2 2 2 2 2 2 2 2 2 2 2 2 2 2 2 2 2 2 2 2 2 2 2 2 2 2 2 2 2 2
left_child=11 2 5 4 8 18 7 -7 -3 -10 -8 12 17 -14 15 -15 -16 -1 -2 -20 -6 22 23 -13 -23 -24 -25 -26 -29 -27
right_child=1 3 -4 -5 20 6 10 -9 9 -11 -12 21 13 14 16 -17 -18 -19 19 -21 -22 24 25 26 27 29 -28 28 -30 -31
leaf_value=-0.00017392527840017532 -0.00017055865041637559 -0.00096432057801611366 -0.0002901767680789216 -0.00055639043373351647 -0.00090249212254568548 0.00017768028368518089 0.0024722406173278704 -1.0546929618338353e-05 0.00017342548246867317 0.0005581204574987295 0.00037881063028112508 0.00029282821460219563 -0.00027989522549823668 0.000724273340548974 6.1047879110297701e-05 -0.00070591304764835809 0.00058500464579290144 0.00017884299600825837 0.00013698976853923389 -3.0204397060840371e-05 -3.7472661628619313e-05 0.0010204201494834486 0.00033977820368845694 0.0019381398830859342 -0.0001388463098275395 0.0007627185152534533 0.00056728333425539801 2.1506596042564572e-05 -0.0004682340396956221 -0.00019940835941600337
leaf_weight=13646 6901 205 5968 660 268 27995 109 18235 3884 5760 107 1020 2532 3062 8297 147 1046 1705 7179 26822 1004 166 865 234 44729 197 166 14181 1057 4589
leaf_count=13646 6901 205 5968 660 268 27995 109 18235 3884 5760 107 1020 2532 3062 8297 147 1046 1705 7179 26822 1004 166 865 234 44729 197 166 14181 1057 4589
internal_value=9.82844e-14 5.13841e-05 2.52513e-05 0.000258379 0.000306733 4.68027e-05 0.000109629 0.000103436 0.000374726 0.000403189 0.00143522 -5.5309e-05 1.49576e-05 0.000167309 0.00025752 0.000658758 0.000119708 -0.000134744 -2.45396e-05 5.09712e-06 -0.000219725 -8.71309e-05 5.30982e-05 0.000596041 -0.00010362 -8.33341e-05 0.00136923 -0.000106732 -1.24648e-05 -0.000159806
internal_weight=202736 105097 93316 11781 11121 87348 46446 46230 9849 9644 216 97639 30435 15084 12552 3209 9343 15351 40902 34001 1272 67204 7071 1420 60133 5651 400 59967 15238 4786
internal_count=202736 105097 93316 11781 11121 87348 46446 46230 9849 9644 216 97639 30435 15084 12552 3209 9343 15351 40902 34001 1272 67204 7071 1420 60133 5651 400 59967 15238 4786
is_linear=0
shrinkage=0.02


Tree=182
num_leaves=31
num_cat=0
split_feature=10 34 45 29 45 42 34 15 14 41 14 9 43 19 19 34 10 44 44 44 14 10 42 29 10 44 44 9 42 15
split_gain=1.38534 1.20548 1.81176 1.39241 1.31469 0.92436 0.915303 0.75504 1.07113 0.677074 0.703528 0.66284 0.658977 0.624799 0.740256 0.620541 0.516909 1.06207 0.513267 1.64217 1.05275 0.733079 1.34965 0.505617 0.477142 0.564208 0.861698 0.444864 0.437549 0.416861
threshold=46.280999999999985 -0.00082026025026581682 0.070411094637924304 -0.0075856943055951911 0.064484136490998892 0.83904160174216647 0.016723589840592742 0.67576116341967141 0.30940000000000017 89.613887493543857 1.2694166666666675 14.490500000000006 8.9200000000026218 99.999999534632039 2.1691928080322609 0.038381522042216225 30.877499999999984 1.1609765836092667 0.47342906247335276 1.3883616916767094 2.3338833333333349 91.561999999999998 0.44762637484306927 -0.030040158566690952 61.751999999999988 1.7901416812775957 -0.024985532573426953 16.382000000000001 0.59746084409049305 2.8135578185549774
decision_type=2 2 2 2 2 2 2 2 2 2 2 2 2 2 2 2 2 2 2 2 2 2 2 2 2 2 2 2 2 2
left_child=1 4 3 23 7 6 -5 8 -1 10 28 16 -10 14 24 -7 -6 -18 21 20 -20 -16 -23 -3 25 26 -2 -27 -4 -21
right_child=13 2 9 5 11 15 -8 -9 12 -11 -12 -13 -14 -15 18 -17 17 -19 19 29 -22 22 -24 -25 -26 27 -28 -29 -30 -31
leaf_value=-7.9555452995557359e-05 7.6772284313834482e-05 0.0010750254111465401 0.00054878667574036134 -2.1074261662892358e-05 -0.00020024679545888876 -0.000165489590781761 0.00016301007549609194 -0.00012149121752932662 6.4595873275824389e-05 -0.00010444497987871398 0.00095358569337715773 0.00073494379235816438 0.00035241151274862124 -6.9566077957956758e-05 0.00011515616868407609 4.498080337253044e-05 -0.00044551820406207399 -0.0026429382704198363 0.001075361237102906 0.00043921660345539555 0.0031210844676664647 -3.2397291098483414e-05 0.0018266799442806807 0.00027374853335942426 -0.00021611426816414478 -0.0015890183975875733 0.0010765817021414817 8.0236933891164375e-05 0.00021481662168883206 -0.00035120961048991909
leaf_weight=24111 1001 338 1935 36460 18868 20701 15354 22487 23514 1757 656 294 3680 2392 2506 7683 732 100 759 1156 116 318 307 4630 1440 105 526 163 8300 347
leaf_count=24111 1001 338 1935 36460 18868 20701 15354 22487 23514 1757 656 294 3680 2392 2506 7683 732 100 759 1156 116 318 307 4630 1440 105 526 163 8300 347
internal_value=-1.49714e-13 -1.2604e-05 3.65184e-05 3.34747e-06 -6.38363e-05 -1.678e-05 3.34753e-05 -2.48584e-05 1.74958e-05 0.000259877 0.000318651 -0.000207692 0.000103544 0.000216858 0.000295212 -0.000108519 -0.00022176 -0.000709631 0.000436228 0.000657742 0.00134657 0.000267988 0.000880781 0.000328264 5.50721e-05 0.000272625 0.000421173 -0.000573762 0.000277956 0.00025673
internal_weight=202736 191600 97814 85166 93786 80198 51814 73792 51305 12648 10891 19994 27194 11136 8744 28384 19700 832 5509 2378 875 3131 625 4968 3235 1795 1527 268 10235 1503
internal_count=202736 191600 97814 85166 93786 80198 51814 73792 51305 12648 10891 19994 27194 11136 8744 28384 19700 832 5509 2378 875 3131 625 4968 3235 1795 1527 268 10235 1503
is_linear=0
shrinkage=0.02


Tree=183
num_leaves=31
num_cat=0
split_feature=10 14 6 45 13 14 44 44 14 7 44 44 6 10 10 9 44 14 6 9 9 9 44 44 9 10 14 43 44 14
split_gain=1.36274 1.3311 1.65382 1.91974 1.06756 1.89844 1.41314 1.23114 1.05633 1.00666 0.877201 0.735413 0.7083 0.580923 1.28003 1.04283 0.637009 0.576362 0.699259 0.57201 0.524342 0.500803 0.4791 0.668864 0.469469 0.460172 1.85692 0.523304 0.51637 0.512426
threshold=-3.3145000000000162 0.48726666666666746 0.23320000000000052 0.031272666988371389 1.938466666666667 0.98900000000000043 3.1601215743280169 -0.051588538742967073 2.3338833333333349 0.61590104724059203 0.22035322461881265 3.0021259773618425 1.0055833333333333 66.272499999999994 44.904999999999994 5.001000000000011 1.3883616916767094 0.16936666666666747 -0.14156666666666684 0.13099999999999962 10.439000000000014 44.40750000000002 1.1100431958565664 -0.93754254063662013 23.580500000000018 -138.12749999999997 0.85758333333333392 25.540000000000877 1.454386659822011 1.4832666666666674
decision_type=2 2 2 2 2 2 2 2 2 2 2 2 2 2 2 2 2 2 2 2 2 2 2 2 2 2 2 2 2 2
left_child=20 10 4 21 5 9 -7 -6 12 -3 17 -10 -5 14 24 -15 -16 -2 -19 -9 25 -4 23 -22 -12 26 -1 -27 -29 -28
right_child=1 2 3 8 7 6 -8 19 11 -11 13 -13 -14 15 16 -17 -18 18 -20 -21 22 -23 -24 -25 -26 27 29 28 -30 -31
leaf_value=0.001653070750674742 -0.00010166199470874892 0.00031822138714302238 -0.00035811606147598301 7.8626297534053794e-05 -0.0015721812129722685 0.00073489373089374031 -0.0010818727788035418 -0.0005183684277805052 0.0010540123443022922 3.2008611024749131e-05 -0.00011753689084684301 -7.6349713985283978e-05 -0.00076793953383352657 -0.0014227793406313047 0.0013405232935319294 0.00035113960906793252 -0.0002250623924032568 -0.00019780417889834388 0.00010084006494996044 0.00064588822200557078 -0.00029834638338429556 -0.001236888969471298 -0.00025526152566649732 0.00042923455297267217 -0.0010119148189746854 -7.4904622856325476e-05 0.00058738972181312686 0.0011202155746622548 5.9267788424790522e-05 -0.00018062575412314139
leaf_weight=311 9170 10576 3375 8339 266 3959 179 356 741 9184 17247 334 415 351 361 213 146 3439 35606 321 632 281 835 2523 238 90543 448 286 512 1549
leaf_count=311 9170 10576 3375 8339 266 3959 179 356 741 9184 17247 334 415 351 361 213 146 3439 35606 321 632 281 835 2523 238 90543 448 286 512 1549
internal_value=-4.58569e-14 4.99789e-05 0.000143927 -3.43875e-05 0.000240725 0.00026677 0.000656305 -0.00041931 0.00011115 0.000185196 -3.9464e-06 0.000702811 3.84932e-05 -0.000120798 -0.000100985 -0.000752842 0.000889684 4.1025e-05 7.45361e-05 3.36646e-05 -5.37965e-05 -0.000425659 0.000170742 0.000283488 -0.000129711 -6.33632e-05 0.00021554 -7.04105e-05 0.000439507 -8.33185e-06
internal_weight=202736 105097 38326 13485 24841 23898 4138 943 9829 19760 66771 1075 8754 18556 17992 564 507 48215 39045 677 97639 3656 3990 3155 17485 93649 2308 91341 798 1997
internal_count=202736 105097 38326 13485 24841 23898 4138 943 9829 19760 66771 1075 8754 18556 17992 564 507 48215 39045 677 97639 3656 3990 3155 17485 93649 2308 91341 798 1997
is_linear=0
shrinkage=0.02


Tree=184
num_leaves=31
num_cat=0
split_feature=34 45 41 14 45 34 5 17 24 34 6 33 29 34 10 41 41 34 6 6 17 33 10 10 34 14 20 41 45 5
split_gain=1.33438 2.40204 1.86387 1.22548 1.21244 0.879132 0.98053 0.814225 1.00751 0.810156 1.01483 0.92657 0.696668 1.02218 0.694839 0.662023 0.63712 0.581936 0.55587 0.531356 0.526049 0.500351 0.498166 0.453095 0.436935 0.373725 0.364044 0.350843 0.343506 0.338804
threshold=0.0036999726363705515 0.07176771542558559 56.345177660961959 1.2694166666666675 0.068453763641211987 0.05525710701734738 0.65675000000000217 2.5309709609771711 0.6500000000014553 -0.0071374498004916206 0.092300000000000063 -0.0060313715486388 -0.01983008863242763 -0.014313103703530667 27.254499999999982 72.206164494139387 78.701446615120645 0.027967676773960847 0.2643333333333327 0.65431666666666677 0.5156773294801702 -0.0048774798169355146 104.706 13.10099999999998 -0.029635933984290767 2.5471500000000016 11.650000000001457 74.496644293258726 0.054809255940333854 2.3172500000000009
decision_type=2 2 2 2 2 2 2 2 2 2 2 2 2 2 2 2 2 2 2 2 2 2 2 2 2 2 2 2 2 2
left_child=4 2 17 15 7 6 16 8 12 10 23 -11 13 -1 -12 -3 -4 21 -14 -5 -10 28 27 -6 -25 -21 -22 -7 -2 -8
right_child=1 3 5 19 9 22 29 -9 20 11 14 -13 18 -15 -16 -17 -18 -19 -20 25 26 -23 -24 24 -26 -27 -28 -29 -30 -31
leaf_value=5.7919722316878851e-06 0.0002856878664158996 0.00043820180960770026 1.0077012688817699e-05 0.0014518058070053447 -0.00018460375501578585 0.0004610160926268493 -0.00033307852246095492 -0.00019599927994709267 0.00061987129310761124 0.00069090240749055168 -0.00071839861082504623 -9.1729751690678861e-05 -4.7385203869605091e-05 0.00029300996708478053 -0.0023447645305236446 0.00011108565310601482 -0.00014614751857616192 0.00066200818202619301 -0.00041764991533459374 6.6051664528216696e-05 -5.7695467802278986e-05 0.00012342558114671157 0.0014707159317321925 -0.00088008030631668869 -0.00026707878567227319 0.0012968209489922836 0.00040700464595885193 8.4871185933854638e-05 0.00079292047161523343 -0.00108673953814677
leaf_weight=27440 1997 4864 35467 522 10453 1341 3028 9223 1408 722 531 3737 50191 6049 131 5038 14799 1046 1676 278 1551 13055 123 789 1133 153 1193 3810 729 259
leaf_count=27440 1997 4864 35467 522 10453 1341 3028 9223 1408 722 531 3737 50191 6049 131 5038 14799 1046 1676 278 1551 13055 123 789 1133 153 1193 3810 729 259
internal_value=4.30405e-14 5.9474e-05 1.95542e-05 0.000337695 -4.42671e-05 -3.35387e-05 -5.78019e-05 -1.70746e-05 1.36196e-06 -0.000197716 -0.000277309 3.49938e-05 -1.34372e-05 5.76711e-05 -0.00104023 0.00027177 -3.59176e-05 0.000205167 -5.93497e-05 0.00102268 0.0003056 0.000174886 0.000212833 -0.000236497 -0.000518722 0.00050296 0.000144341 0.000182796 0.000421334 -0.000392463
internal_weight=202736 86509 75654 10855 116227 58827 53553 98731 89508 17496 13037 4459 85356 33489 662 9902 50266 16827 51867 953 4152 15781 5274 12375 1922 431 2744 5151 2726 3287
internal_count=202736 86509 75654 10855 116227 58827 53553 98731 89508 17496 13037 4459 85356 33489 662 9902 50266 16827 51867 953 4152 15781 5274 12375 1922 431 2744 5151 2726 3287
is_linear=0
shrinkage=0.02


Tree=185
num_leaves=31
num_cat=0
split_feature=10 14 6 44 34 10 9 14 6 15 5 34 5 14 44 9 10 9 44 44 14 6 9 34 6 9 44 14 9 34
split_gain=1.30724 1.28088 2.03658 1.51748 1.25712 0.992211 1.02006 0.908102 1.16645 0.846617 0.835653 0.8143 0.794644 0.663319 0.587686 0.528208 0.506751 1.63711 1.44866 1.35756 0.770032 0.584907 0.468645 0.408263 0.389135 0.712725 0.696212 0.644594 0.386899 0.383536
threshold=-3.3145000000000162 0.98900000000000043 0.46673333333333294 1.8588858361756968 -0.077864218579604044 44.904999999999994 18.799500000000009 0.41076666666666745 0.23320000000000052 1.5103871183288102 -1.8697499999999989 0.05525710701734738 -0.20850000000000049 2.0424500000000019 -1.2460605520106529 8.6695000000000064 -30.662500000000012 -6.0260000000000007 -1.2804076022086535 -0.57678009738607139 1.2694166666666675 0.39646666666666613 29.056500000000007 0.076886613045419216 -0.46740000000000015 -9.4544999999999906 0.013978003841388477 0.87030000000000085 44.40750000000002 0.070202806751051852
decision_type=2 2 2 2 2 2 2 2 2 2 2 2 2 2 2 2 2 2 2 2 2 2 2 2 2 2 2 2 2 2
left_child=16 3 4 7 -3 23 -7 14 9 -9 -6 -10 -12 -8 15 -2 17 29 -19 21 -21 -20 -16 28 25 26 27 -18 -4 -1
right_child=1 2 5 -5 10 6 13 8 11 -11 12 -13 -14 -15 22 -17 24 18 19 20 -22 -23 -24 -25 -26 -27 -28 -29 -30 -31
leaf_value=-0.00014538623506671333 0.00016354122086225436 -0.00072455249021432416 -0.00035328943578010017 -0.00028440800180981227 -0.00091978193705628646 0.0017974358280940879 -0.00024746037825241725 0.00023284373888725706 -0.00018689442650497378 -0.00011019681789664897 0.00087321103284880401 0.0005411223530053784 0.00040292909116264168 0.00049430254078204909 -3.1912893143734334e-05 -0.00046346551184070983 -0.00022049529449501157 -0.00032262164236806953 0.00046987540854343316 1.0285112416066651e-05 0.00060463699179745057 0.0018451870638532492 -0.0010071065859290572 0.00027643781889321982 -9.2671426816258736e-05 0.0014219933678313759 -0.0001789299835084943 0.00099376458288349869 -0.0013049726712216075 0.00053586775701170645
leaf_weight=15013 9985 340 2101 5968 157 158 958 22632 5828 3297 2136 687 4393 971 44153 568 271 2113 4750 7100 994 127 198 381 64775 168 1497 493 186 338
leaf_count=15013 9985 340 2101 5968 157 158 958 22632 5828 3297 2136 687 4393 971 44153 568 271 2113 4750 7100 994 127 198 381 64775 168 1497 493 186 338
internal_value=-6.05474e-14 4.89506e-05 0.000245457 2.4142e-05 0.000461784 -7.41888e-05 0.000252466 4.52235e-05 0.000129113 0.000189224 0.000522112 -0.000110126 0.000556785 0.000125921 -4.34843e-06 0.000129793 -5.26896e-05 1.50163e-05 0.000162993 0.0002421 8.32757e-05 0.000505689 -3.62665e-05 -0.000329709 -8.33519e-05 0.000165174 7.17884e-05 0.000563052 -0.000430689 -0.000130386
internal_weight=202736 105097 11781 93316 7026 4755 2087 87348 32444 25929 6686 6515 6529 1929 54904 10553 97639 30435 15084 12971 8094 4877 44351 2668 67204 2429 2261 764 2287 15351
internal_count=202736 105097 11781 93316 7026 4755 2087 87348 32444 25929 6686 6515 6529 1929 54904 10553 97639 30435 15084 12971 8094 4877 44351 2668 67204 2429 2261 764 2287 15351
is_linear=0
shrinkage=0.02


Tree=186
num_leaves=31
num_cat=0
split_feature=34 41 5 42 10 45 43 34 44 44 4 43 42 43 13 36 27 33 5 19 10 15 5 43 10 10 42 34 41 45
split_gain=1.29433 1.67885 1.59278 1.15392 1.25069 1.01742 0.933397 0.712234 0.810218 0.618214 0.604299 0.654116 0.58783 0.538165 0.39586 0.387186 0.438059 0.33971 0.410467 0.338174 0.360065 0.292789 0.284596 0.284298 0.280639 0.278218 0.274543 0.340262 0.272303 0.263898
threshold=0.01846981702454616 62.650602408293416 0.17770000000000133 0.15847615080206315 22.170499999999986 0.073555931392672927 8.5799999999973817 0.10738946363118447 2.3422459782686049 0.95982646591898535 0.47580000000000128 4.0199999999997091 0.84737528217678082 1.4800000000002911 0.41399999999999898 24.500000000000004 -0.010790324294629448 0.025556218336739728 0.90409999999999979 0.75623691084170008 10.203999999999986 2.4126586683162561 1.0050500000000029 21.749999999998547 39.952999999999982 70.033999999999992 0.72452261466507195 0.0045840647706264564 87.86179525643422 0.054809255940333854
decision_type=2 2 2 2 2 2 2 2 2 2 2 2 2 2 2 2 2 2 2 2 2 2 2 2 2 2 2 2 2 2
left_child=2 19 3 15 6 7 13 8 12 -8 11 -6 -3 -5 -7 16 -1 18 26 -2 -21 -10 23 -22 28 -20 27 -4 -16 -9
right_child=1 5 17 4 10 14 9 29 21 -11 -12 -13 -14 -15 24 -17 -18 -19 25 20 22 -23 -24 -25 -26 -27 -28 -29 -30 -31
leaf_value=0.00014845176525904634 0.00017740757278724556 0.00012744268436173784 -0.00019031980723415879 -0.00011109497817288508 9.2634992136418019e-05 0.00011037269064694662 0.00028128341340947111 0.00031900102276340479 -0.00025741338226865018 -5.5151868468200499e-05 -0.00074757032223591658 0.00035941893834705351 -6.1921660606098719e-05 8.8172640974841098e-06 0.00049307990646049672 -0.00026652024395652936 -0.00010233521262525379 0.00029274122610176568 -0.00066291714622743832 0.00032917980471897285 0.0006847465068891026 -0.00079758412659666409 -0.00015491311314307448 0.0017772396572745671 0.00091902024231544646 0.00042479746278773232 -0.00029562728308908339 5.6352374657681708e-05 -6.2047608532655728e-05 0.0011318585866886275
leaf_weight=3118 2511 10678 9108 19894 7949 2177 7288 400 1572 3120 265 6839 16991 60497 1718 4972 26166 557 1084 3150 1682 539 152 101 468 103 5961 2965 445 266
leaf_count=3118 2511 10678 9108 19894 7949 2177 7288 400 1572 3120 265 6839 16991 60497 1718 4972 26166 557 1084 3150 1682 539 152 101 468 103 5961 2965 445 266
internal_value=5.15651e-14 9.76152e-05 -2.61612e-05 -2.44411e-06 3.02076e-05 3.95055e-05 2.21604e-06 -3.19105e-06 -1.76571e-05 0.00018043 0.000199051 0.000216014 1.11577e-05 -2.08569e-05 0.000309876 -0.000103339 -7.56328e-05 -0.000194174 -0.000208284 0.00036731 0.000461084 -0.000395335 0.000675813 0.000746632 0.000474953 -0.000568532 -0.000184573 -0.00012974 0.000378872 0.000643656
internal_weight=202736 42850 159886 140108 105852 35254 90799 30446 29780 10408 15053 14788 27669 80391 4808 34256 29284 19778 19221 7596 5085 2111 1935 1783 2631 1187 18034 12073 2163 666
internal_count=202736 42850 159886 140108 105852 35254 90799 30446 29780 10408 15053 14788 27669 80391 4808 34256 29284 19778 19221 7596 5085 2111 1935 1783 2631 1187 18034 12073 2163 666
is_linear=0
shrinkage=0.02


Tree=187
num_leaves=31
num_cat=0
split_feature=10 24 14 6 45 5 41 10 10 9 10 10 9 16 43 17 11 10 12 20 17 10 10 41 10 14 45 42 10 37
split_gain=1.23732 1.21774 0.814414 1.70537 1.59356 0.881695 0.987813 0.58312 0.55073 0.516337 0.511859 0.887245 0.860853 0.496526 0.483566 0.555764 1.12969 1.2394 0.674444 0.66626 0.433042 0.404958 0.323369 0.311664 0.351092 0.296328 0.293686 0.273154 0.25988 0.222701
threshold=-3.3145000000000162 2.2999999999956349 0.41076666666666745 0.23320000000000052 0.044591472904965755 0.41445000000000143 38.832487308259495 104.706 36.687999999999988 24.937000000000001 61.751999999999988 49.269499999999994 4.677000000000004 3.0543175597515684 23.319999999999713 1.5671165218207503 1.3395000000000004 -72.730999999999995 0.80220000000000236 4.4000000000014561 0.59605311562714625 -89.687499999999986 -166.39949999999996 36.100334046305768 66.272499999999994 1.9310500000000015 0.064175027322167552 0.17380378521356868 55.133999999999993 0.064599999999031016
decision_type=2 2 2 2 2 2 2 2 2 2 2 2 2 2 2 2 2 2 2 2 2 2 2 2 2 2 2 2 2 2
left_child=14 2 9 5 7 6 -4 -5 -6 10 11 -2 -12 23 15 16 19 -18 -19 21 -21 -1 -16 26 -25 -7 -3 -24 -11 -26
right_child=1 13 3 4 8 25 -8 -9 -10 28 12 -13 -14 -15 22 -17 17 18 -20 20 -22 -23 27 24 29 -27 -28 -29 -30 -31
leaf_value=0.00029953847167143321 -1.3473870572834209e-05 0.00035257942970103636 5.5250727600259957e-05 -0.00037251637876850564 -3.0838450459973838e-05 -0.00012465583280028261 0.00029775561606655158 0.0011044550077442866 0.00032159982425263934 -0.00099476690400411333 -0.00074493537951408797 0.00060345182296663209 0.00062046419719100499 1.0227245165874634e-05 -0.00014630922797457369 -0.00017009966471678275 -0.00037903052893589506 0.00034951052060192922 0.0018978109564421197 0.00012408406286290729 -6.1459006011797541e-05 -8.5770155750530312e-05 5.9752361793382945e-05 0.00054454305559145199 0.0018712214031847249 -0.0011709834665340265 -0.00070217795548766545 0.00066300840691713582 6.1812161729903894e-05 0.00078834821555843386
leaf_weight=1112 53554 652 10563 5613 4911 2585 18462 109 2776 322 837 949 237 1009 526 14798 259 177 309 12984 8215 57966 474 1841 138 113 126 819 131 169
leaf_count=1112 53554 652 10563 5613 4911 2585 18462 109 2776 322 837 949 237 1009 526 14798 259 177 309 12984 8215 57966 474 1841 138 113 126 819 131 169
internal_value=8.83201e-14 4.76236e-05 3.41967e-05 9.7425e-05 -9.16724e-05 0.000177355 0.000209501 -0.000344381 9.64373e-05 -1.67336e-05 -1.12522e-05 -2.73203e-06 -0.000443632 0.000392806 -5.12612e-05 -5.73937e-05 -3.68088e-05 0.000738413 0.00133392 -4.40032e-05 5.21827e-05 -7.85177e-05 0.00027178 0.000524734 0.000648959 -0.000168479 0.000181758 0.000441861 -0.000689222 0.00127511
internal_weight=202736 105097 101162 45132 13409 31723 29025 5722 7687 56030 55577 54503 1074 3935 97639 95820 81022 745 486 80277 21199 59078 1819 2926 2148 2698 778 1293 453 307
internal_count=202736 105097 101162 45132 13409 31723 29025 5722 7687 56030 55577 54503 1074 3935 97639 95820 81022 745 486 80277 21199 59078 1819 2926 2148 2698 778 1293 453 307
is_linear=0
shrinkage=0.02


Tree=188
num_leaves=31
num_cat=0
split_feature=34 5 42 43 9 45 45 41 44 34 45 13 9 5 36 20 9 34 41 5 28 9 45 9 43 36 13 33 20 5
split_gain=1.25095 1.45443 1.18964 1.36456 1.11573 1.2361 1.21633 1.01771 0.737461 0.812968 0.605235 0.492041 0.486889 0.383553 0.371712 0.581279 0.323282 0.564466 0.302032 0.301855 0.301479 0.294722 0.35343 0.286689 0.268857 0.261851 0.258717 0.255157 0.2425 0.23963
threshold=0.031039244126431349 0.23260000000000028 0.15847615080206315 2.9000000000014556 -0.68399999999999161 0.029398148148291281 0.049649908563681948 58.097165990257317 2.7704034032640541 0.076886613045419216 0.031898371381231701 0.33133333333333398 37.33100000000001 0.4631000000000009 24.500000000000004 7.1500000000014561 -7.4084999999999912 -0.019923202489511162 85.0934003286646 0.90409999999999979 0.037113219264783844 13.4435 0.041237762052553119 26.659000000000002 1.1599999999991273 15.500000000000002 5.4989333333333343 -0.012414856719779358 17.250000000000004 1.1295999999999995
decision_type=2 2 2 2 2 2 2 2 2 2 2 2 2 2 2 2 2 2 2 2 2 2 2 2 2 2 2 2 2 2
left_child=1 2 14 23 5 -5 -6 -2 9 10 20 -12 18 21 15 25 29 19 -11 -18 -9 -3 -23 24 -4 -1 -10 -19 -16 -15
right_child=7 13 3 4 6 -7 -8 8 26 12 11 -13 -14 16 28 -17 17 27 -20 -21 -22 22 -24 -25 -26 -27 -28 -29 -30 -31
leaf_value=-0.00010808264688991556 0.00071628310965700761 -0.0001441289442414508 -0.00010346303492463252 0.00017660378350689183 8.0415952226112043e-05 -6.5947451648716064e-05 0.00032750078876677297 1.5895640831103249e-05 -0.00039526312152571617 0.00065510092750920793 -4.6431396394421623e-05 0.00025521802793507914 0.0014761748427967426 -6.7682129957200444e-05 -0.00042503858367377563 0.0001054852262477376 -0.00069986577605511452 0.00036454297551834908 0.00010464425042942704 -0.0018718100951392522 -0.00031817115001381258 -0.00031441556739880911 0.00042117218329757486 -0.00056628722723412687 -8.6181941811382856e-06 -0.00056402798879719835 0.00061711241474050448 -0.00032740116440264818 -0.00014299180479504663 0.00093774385990740331
leaf_weight=23242 1168 12061 18352 12473 21962 25765 12508 4422 1371 970 2846 9013 199 833 2088 5792 276 222 677 129 1430 385 813 420 34298 515 109 5359 2931 107
leaf_count=23242 1168 12061 18352 12473 21962 25765 12508 4422 1371 970 2846 9013 199 833 2088 5792 276 222 677 129 1430 385 813 420 34298 515 109 5359 2931 107
internal_value=-3.82603e-14 -1.74234e-05 2.71779e-06 3.12768e-05 8.75573e-05 1.31713e-05 0.000170075 0.000141656 0.000109752 0.000142327 0.000100697 0.000182826 0.000541739 -0.000177422 -0.000101196 -7.4167e-05 -0.000298048 -0.000352195 0.000428835 -0.00107315 -6.57372e-05 -0.000114411 0.000184777 -4.58297e-05 -4.16779e-05 -0.000117967 -0.000320703 -0.000299877 -0.000260329 4.67653e-05
internal_weight=202736 180531 160346 125778 72708 38238 34470 22205 21037 19557 17711 11859 1846 20185 34568 29549 6926 5986 1647 405 5852 13259 1198 53070 52650 23757 1480 5581 5019 940
internal_count=202736 180531 160346 125778 72708 38238 34470 22205 21037 19557 17711 11859 1846 20185 34568 29549 6926 5986 1647 405 5852 13259 1198 53070 52650 23757 1480 5581 5019 940
is_linear=0
shrinkage=0.02


Tree=189
num_leaves=31
num_cat=0
split_feature=10 24 44 10 9 41 45 5 45 13 43 43 6 10 9 6 9 10 5 9 6 44 41 42 15 9 31 17 16 10
split_gain=1.18631 0.895426 0.766515 0.938159 1.58194 0.680593 0.75722 0.751289 0.910714 0.783253 0.654012 0.623108 0.607553 0.566275 0.895692 0.598353 0.547776 0.546172 0.454852 0.62377 0.513348 0.45378 0.438115 0.366887 0.358323 0.380588 0.461794 0.347294 0.314766 0.363802
threshold=7.8739999999999908 2.7999999999956349 -0.50097693891035633 -166.39949999999996 -7.9029999999999996 18.811881187840871 0.066298545810673792 0.23260000000000028 0.034449350609872982 0.21739999999999973 3.8800000000002917 21.749999999998547 0.31833333333333352 -72.730999999999995 14.490500000000006 -0.27451666666666646 0.46000000000000413 46.280999999999985 0.90409999999999979 7.5380000000000162 0.36131666666666629 -1.4956662006388342 36.383747252510915 0.95451199064599979 1.999621826743319 -3.229499999999994 8.9500000000043674 1.7592730856398553 1.5197453213956935 66.272499999999994
decision_type=2 2 2 2 2 2 2 2 2 2 2 2 2 2 2 2 2 2 2 2 2 2 2 2 2 2 2 2 2 2
left_child=2 5 3 4 -1 6 -2 9 21 12 -5 18 -7 14 -12 -15 -10 -11 19 23 -21 -9 27 -4 25 -13 -27 -3 29 -24
right_child=1 22 11 10 -6 7 -8 8 16 17 13 24 -14 15 -16 -17 -18 -19 -20 20 -22 -23 28 -25 -26 26 -28 -29 -30 -31
leaf_value=-0.00015017831696070031 -4.8048734176716483e-05 0.00050013584548552965 -8.1851927868999488e-05 -4.4432485684684661e-05 0.0022923447732986482 1.4503371381515379e-06 -0.00066824732021620442 0.00054467480388881552 -0.00038663488692904883 0.00012648404245246212 -0.00041036156088937155 0.00030492095109711505 -0.00091080388528381301 0.00044030342126361038 0.0013878547102794984 8.7484151624432131e-05 0.0001131881656020157 0.00034010046836111668 -0.00048156218480445597 0.00017801336321325803 -0.00025230679677639507 -0.00034864718046113838 0.00063683642022015663 -0.0002660451118405111 6.8232976084853792e-05 0.0021682490858659308 0.0004394220230738341 -0.00039742801351725732 0.00030230061094738836 0.0015600795871172058
leaf_weight=234 4076 315 66610 30526 194 12509 976 241 988 26693 1445 527 299 2125 120 20197 7811 5834 1120 6045 1358 4046 829 4626 1334 117 131 381 814 215
leaf_count=234 4076 315 66610 30526 194 12509 976 241 988 26693 1445 527 299 2125 120 20197 7811 5834 1120 6045 1358 4046 829 4626 1334 117 131 381 814 215
internal_value=-2.04934e-13 6.96147e-05 -3.36221e-05 2.42402e-05 0.000956947 5.48406e-05 -0.000167865 7.40993e-05 -5.9395e-05 0.000112633 1.69038e-05 -7.23825e-05 -1.9846e-05 9.52875e-05 -0.000272479 0.000121072 5.70653e-05 0.000164798 -8.13547e-05 -7.56549e-05 9.90758e-05 -0.000298428 0.000436785 -9.38133e-05 0.000266935 0.000608958 0.00125504 8.79701e-06 0.000597108 0.000826968
internal_weight=202736 66027 136709 54841 428 63473 5052 58421 13086 45335 54413 81868 12808 23887 1565 22322 8799 32527 79759 78639 7403 4287 2554 71236 2109 775 248 696 1858 1044
internal_count=202736 66027 136709 54841 428 63473 5052 58421 13086 45335 54413 81868 12808 23887 1565 22322 8799 32527 79759 78639 7403 4287 2554 71236 2109 775 248 696 1858 1044
is_linear=0
shrinkage=0.02


Tree=190
num_leaves=31
num_cat=0
split_feature=34 42 41 17 11 10 14 34 24 34 6 6 32 14 34 41 10 43 34 11 34 13 6 10 6 10 10 15 6 6
split_gain=1.20194 1.81813 0.883012 0.88156 1.21909 1.1671 1.02185 0.783796 0.771783 0.679161 0.625474 0.568341 0.546865 0.546184 0.537779 0.63624 0.49903 0.544453 0.535915 0.434112 0.482562 0.419457 0.410595 0.348015 0.449968 0.347285 0.344009 0.339134 0.323943 0.317719
threshold=0.008748597228129958 0.80105839256387668 59.964802689557359 0.56312331707353636 0.54750000000000021 -56.553500000000007 0.93891666666666773 0.070202806751051852 0.54999999999563454 0.048816194574023503 0.73209999999999975 0.22631666666666642 0.022033596777724925 0.16150000000000081 0.023319578357211376 78.701446615120645 47.642999999999994 14.420000000002622 -0.05842326121061308 0.30950000000000011 -0.027331438552363738 0.43146666666666705 0.65431666666666677 57.764499999999991 0.65431666666666677 -34.009000000000015 -89.687499999999986 0.46446711400548252 -0.049283333333333408 0.24043333333333336
decision_type=2 2 2 2 2 2 2 2 2 2 2 2 2 2 2 2 2 2 2 2 2 2 2 2 2 2 2 2 2 2
left_child=3 2 21 4 8 -6 -7 10 11 22 14 13 16 -1 -3 -16 19 27 -19 26 -21 29 28 24 -23 -13 -5 -18 -4 -2
right_child=1 7 9 12 5 6 -8 -9 -10 -11 -12 25 -14 -15 15 -17 17 18 -20 20 -22 23 -24 -25 -26 -27 -28 -29 -30 -31
leaf_value=-0.0001332395168090067 0.00023972956075530593 -0.00012822069044065987 0.00027065570261447074 0.00084391513017608832 -0.00022701861150980395 0.00035124890473283202 0.0025104352855289096 0.00031335186120787624 0.00040921154612313959 0.00048546801998447189 -0.0007033412947602323 0.00036615718946528952 0.00052428675312701193 1.6188347717231522e-05 0.00014103869943308991 -8.3933858034550702e-05 0.00044173315813666482 -0.00017552475568372757 0.0016487573151420726 -0.00021760731138489755 -5.7043933253710892e-05 0.00043247087316666355 -0.00050333649940548491 0.00094939229118339442 -0.00026297408085780913 -0.00030718168423184193 -0.00032918854700438364 -0.00013608187202739794 3.7157743101483515e-05 -0.00026754261459492596
leaf_weight=11269 4919 15043 2868 102 223 150 211 2567 1755 1646 574 335 535 74271 10176 9940 606 100 181 11118 22927 5530 502 473 399 3588 5074 1233 13872 549
leaf_count=11269 4919 15043 2868 102 223 150 211 2567 1755 1646 574 335 535 74271 10176 9940 606 100 181 11118 22927 5530 502 473 399 3588 5074 1233 13872 549
internal_value=-1.31246e-13 6.7753e-05 0.000182266 -3.50012e-05 -3.12916e-07 0.000910555 0.00161327 -2.42105e-05 -6.14451e-06 9.73157e-05 -4.84604e-05 -1.42926e-05 -0.000111046 -3.49721e-06 -3.77689e-05 2.98721e-05 -0.000119268 0.00017961 0.000999547 -0.000135423 -0.000109479 0.000317443 6.02609e-05 0.00042732 0.00038567 -0.000249683 -0.000306071 5.43237e-05 7.71621e-05 0.000188798
internal_weight=202736 69058 30758 133678 91802 584 361 38300 91218 18888 35733 89463 41876 85540 35159 20116 41341 2120 281 39221 34045 11870 17242 6402 5929 3923 5176 1839 16740 5468
internal_count=202736 69058 30758 133678 91802 584 361 38300 91218 18888 35733 89463 41876 85540 35159 20116 41341 2120 281 39221 34045 11870 17242 6402 5929 3923 5176 1839 16740 5468
is_linear=0
shrinkage=0.02


Tree=191
num_leaves=31
num_cat=0
split_feature=34 5 42 43 9 45 14 41 34 5 5 9 45 43 10 45 14 6 41 6 10 9 33 43 14 41 34 9 33 15
split_gain=1.16589 1.41706 1.36137 1.33478 1.18449 1.04973 1.02179 0.958948 0.618881 0.785751 0.606556 0.61424 0.559673 0.516319 0.503023 0.417971 0.390159 0.373904 0.358199 0.348047 0.526949 0.324213 0.426707 0.31308 0.293219 0.274646 0.258871 0.459312 0.31966 0.256719
threshold=0.031039244126431349 0.10740000000000063 0.15847615080206315 4.3199999999997098 -1.301499999999997 0.026138583590313135 1.2694166666666675 60.504201678300419 0.10738946363118447 1.3030000000000026 0.4631000000000009 13.4435 0.077509941143223529 1.4800000000002911 104.706 0.041237762052553119 1.2073000000000018 0.31833333333333352 18.811881187840871 0.24796666666666642 30.877499999999984 -2.5559999999999961 -0.013441051988944913 25.540000000000877 0.6757000000000013 74.496644293258726 -0.0330218690192755 -6.1529999999999907 -0.020134919513759057 7.2229586547185534
decision_type=2 2 2 2 2 2 2 2 2 2 2 2 2 2 2 2 2 2 2 2 2 2 2 2 2 2 2 2 2 2
left_child=1 2 18 13 5 -5 -6 -2 9 12 11 19 14 -4 -9 -13 -14 -15 -1 20 -3 -20 -23 26 -17 -10 27 -12 -28 -11
right_child=7 10 3 4 6 -7 -8 8 25 29 23 15 16 17 -16 24 -18 -19 21 -21 -22 22 -24 -25 -26 -27 28 -29 -30 -31
leaf_value=-0.00018426682746438804 0.00059778825769058472 -0.00011794642942325577 -8.6938210770651664e-05 0.0002644742756960915 0.00021111634553540277 -4.5464174005197075e-05 0.00075378830313556887 6.7328691735578855e-05 0.0014731987387252353 -0.00027828826747604399 5.0221315493969168e-06 -0.00014385894563548752 0.00035796190030722722 4.1493162799609565e-05 0.0014120433464267989 0.00014567545870036285 0.0013304544280797832 -0.00036611395515438234 -0.00012617055945793749 -0.00038865877401720954 0.00019037559338747068 0.00011282245770881452 -0.00015978160020677903 0.00067067949577493779 0.0006756153690365863 0.00048064969189725844 0.00061871174277412083 -0.0016980991655537951 -0.00030635060368029813 -0.0010100822364725172
leaf_weight=12085 1669 27860 21774 6002 17422 16086 1508 17130 135 823 115 860 1255 41816 112 875 190 920 10706 1686 2409 7483 3314 133 799 641 153 141 6384 250
leaf_count=12085 1669 27860 21774 6002 17422 16086 1508 17130 135 823 115 860 1255 41816 112 875 190 920 10706 1686 2409 7483 3314 133 799 641 153 141 6384 250
internal_value=1.35611e-13 -1.68207e-05 1.37523e-05 4.90494e-05 0.000138252 3.87558e-05 0.000254347 0.000136755 9.92863e-05 7.75286e-05 -0.000119518 -8.52181e-05 0.00010775 -7.66919e-06 7.60636e-05 0.000214508 0.000485833 3.27184e-05 -9.71452e-05 -0.000108986 -9.34082e-05 -4.81815e-05 2.91502e-05 -0.000290317 0.000398616 0.000653323 -0.000309132 -0.000933025 -0.000284699 -0.00044879
internal_weight=202736 180531 139116 105528 41018 22088 18930 22205 20536 19760 41415 34489 18687 64510 17242 2534 1445 42736 33588 31955 30269 21503 10797 6926 1674 776 6793 256 6537 1073
internal_count=202736 180531 139116 105528 41018 22088 18930 22205 20536 19760 41415 34489 18687 64510 17242 2534 1445 42736 33588 31955 30269 21503 10797 6926 1674 776 6793 256 6537 1073
is_linear=0
shrinkage=0.02


Tree=192
num_leaves=31
num_cat=0
split_feature=10 14 6 34 45 10 6 14 7 45 4 5 45 34 13 34 43 10 6 10 45 34 10 6 10 14 14 10 12 6
split_gain=1.13983 1.13549 1.80273 1.11542 1.47038 0.908456 0.859689 1.04153 0.861408 0.784042 0.772027 0.708608 0.68672 0.656099 0.554616 0.543369 0.525077 0.510048 0.86914 0.703952 0.503785 0.473804 0.450508 0.761982 0.856463 0.988186 0.587907 1.18594 0.499127 0.475457
threshold=-3.3145000000000162 0.93891666666666773 0.46673333333333294 -0.035373432971301279 0.067217266334067591 43.516499999999986 0.24043333333333336 0.41076666666666745 0.62312554909250584 0.020157626970778383 0.15380000000000427 -1.4863999999999982 0.043383337887632004 -0.021534874597406269 2.1767333333333352 -0.012812427432657847 8.9200000000026218 61.751999999999988 -0.10009999999999983 49.269499999999994 0.02549310400265466 0.070202806751051852 -30.662500000000012 -0.3111833333333337 -138.12749999999997 0.85758333333333392 1.5409333333333344 -68.760000000000005 0.57880000000000553 -0.027833333333332998
decision_type=2 2 2 2 2 2 2 2 2 2 2 2 2 2 2 2 2 2 2 2 2 2 2 2 2 2 2 2 2 2
left_child=22 6 3 4 14 -4 7 17 16 -7 11 -5 21 -10 -3 -11 -9 19 -19 -2 -12 -8 23 -1 25 29 28 -28 -26 -25
right_child=1 2 5 10 -6 9 12 8 13 15 20 -13 -14 -15 -16 -17 -18 18 -20 -21 -22 -23 -24 24 26 -27 27 -29 -30 -31
leaf_value=-0.00016547785945295499 -1.200369221615163e-05 0.00040227986780552456 -0.00032235869386164085 -0.00061246362271712824 -0.0012689910044188602 -0.0007445771273440954 -0.00046372833449796497 0.00019147691087438229 -0.00024439986870943969 0.0013399513448216476 -0.00024286911573630899 0.0007500685816596767 -2.2490192669733547e-05 9.5664887784256263e-05 -0.00070663775787404583 0.00024967103625994527 0.00054127190696462901 -0.0016146638640317276 -0.00017321422030760889 0.0005044048293200218 0.00041571999848804338 0.00065987682839431158 -7.8111155239856843e-05 0.0022941925220385743 8.2648198162033968e-05 0.0002517732552757586 -0.00010317307323598925 0.0011847743169443742 -0.00012869174217015951 0.00074956193851763745
leaf_weight=7179 53855 1179 2751 159 321 294 3009 14231 3027 204 632 3839 4457 9067 213 1763 1952 203 952 1077 1754 158 67204 163 14342 947 631 523 6494 156
leaf_count=7179 53855 1179 2751 159 321 294 3009 14231 3027 204 632 3839 4457 9067 213 1763 1952 203 952 1077 1754 158 67204 163 14342 947 631 523 6494 156
internal_value=1.74274e-13 4.5709e-05 0.000219852 0.000404377 -4.87869e-05 -7.82511e-05 2.08923e-05 3.92724e-05 0.000138242 0.000218759 0.000525973 0.000695881 -0.000182494 1.05503e-05 0.000232596 0.000362745 0.000233669 -1.06244e-05 -0.00042656 -1.87896e-06 0.000241274 -0.000407672 -4.92004e-05 1.46377e-05 7.02384e-05 0.000576078 4.11165e-05 0.000480533 1.67794e-05 0.00153882
internal_weight=202736 105097 13109 8097 1713 5012 91988 84364 28277 2261 6384 3998 7624 12094 1392 1967 16183 56087 1155 54932 2386 3167 97639 30435 23256 1266 21990 1154 20836 319
internal_count=202736 105097 13109 8097 1713 5012 91988 84364 28277 2261 6384 3998 7624 12094 1392 1967 16183 56087 1155 54932 2386 3167 97639 30435 23256 1266 21990 1154 20836 319
is_linear=0
shrinkage=0.02


Tree=193
num_leaves=31
num_cat=0
split_feature=34 45 41 45 14 44 34 9 17 20 5 6 5 14 2 41 6 33 34 32 34 45 6 14 44 44 14 17 21 41
split_gain=1.12729 2.19182 1.68029 1.11016 1.05113 0.772294 1.10401 0.753102 0.71396 0.892233 0.677811 0.664216 0.638887 0.684918 0.631104 0.621603 0.504287 0.498413 0.473874 0.706338 0.39494 0.365839 0.362278 0.360159 0.340966 0.390778 0.340294 0.318779 0.308033 0.30691
threshold=0.0036999726363705515 0.07176771542558559 56.345177660961959 0.070084585145808745 1.2694166666666675 2.1876406604074967 0.070202806751051852 15.106499999999999 2.5309709609771711 11.650000000001457 -0.20339999999999933 0.18763333333333279 0.18190000000000134 0.31168333333333414 -0.99512789272273483 72.206164494139387 0.65431666666666677 -0.0048774798169355146 -0.0071374498004916206 -0.0014530773517012739 0.017057584541012822 0.054809255940333854 0.086133333333333326 2.8280666666666687 2.0986806385802028 0.88738576581215678 2.5471500000000016 0.7198485213693584 21.849999999998548 74.108203255382918
decision_type=2 2 2 2 2 2 2 2 2 2 2 2 2 2 2 2 2 2 2 2 2 2 2 2 2 2 2 2 2 2
left_child=3 2 17 8 15 6 10 11 9 12 -4 18 13 -1 -11 -3 24 21 22 -20 -19 -2 -5 -7 25 -6 -18 -16 -10 -8
right_child=1 4 5 7 16 23 29 -9 28 14 -12 -13 -14 -15 27 -17 26 20 19 -21 -22 -23 -24 -25 -26 -27 -28 -29 -30 -31
leaf_value=-6.8385215085349084e-05 0.00029518197564289703 0.00042064834339124732 0.00027864565330562628 -0.00024104072865920444 0.0011837620724514692 -0.00036909823245748875 0.00098308597446884966 0.00085521826246592284 -0.00019972685426074323 -8.785871954386481e-05 -4.778196158380179e-05 -0.001081929245168188 -0.00020135826723898456 5.1485529919890716e-05 0.0005295193221721711 0.00010367543355805385 3.1601499261819466e-05 8.8052073740678023e-05 0.0004078010011161482 -0.00019478762751011007 0.0003476272297384734 0.00080356362346984376 -0.00089037950394648898 0.00025030384389607379 0.000685861798385734 0.0025701745283668452 0.0012060330933116562 0.00020615219250105833 0.00053196545615072084 0.00033679325887361422
leaf_weight=33975 2087 4864 2680 10782 198 3544 365 266 9275 1971 50309 348 6945 43451 2011 5038 278 10982 1163 2351 2981 777 355 420 186 138 153 3098 236 1509
leaf_count=33975 2087 4864 2680 10782 198 3544 365 266 9275 1971 50309 348 6945 43451 2011 5038 278 10982 1163 2351 2981 777 355 420 186 138 153 3098 236 1509
internal_value=-2.57667e-14 5.46645e-05 1.65315e-05 -4.06874e-05 0.000320433 -3.3879e-05 -1.44003e-05 -0.000199652 -1.66527e-05 4.98958e-07 -3.12724e-05 -0.000218359 -1.75976e-05 -1.11448e-06 0.000216152 0.000259377 0.000954824 0.000192766 -0.000197847 4.64623e-06 0.00014347 0.000433105 -0.000261739 -0.00030347 0.00137287 0.00175318 0.000448511 0.000333436 -0.000181571 0.000462672
internal_weight=202736 86509 75654 116227 10855 58827 54863 15265 100962 91451 52989 14999 84371 77426 7080 9902 953 16827 14651 3514 13963 2864 11137 3964 522 336 431 5109 9511 1874
internal_count=202736 86509 75654 116227 10855 58827 54863 15265 100962 91451 52989 14999 84371 77426 7080 9902 953 16827 14651 3514 13963 2864 11137 3964 522 336 431 5109 9511 1874
is_linear=0
shrinkage=0.02


Tree=194
num_leaves=31
num_cat=0
split_feature=34 5 42 43 9 45 14 41 41 5 9 34 5 44 45 45 6 10 31 41 6 10 34 9 34 14 9 14 44 9
split_gain=1.09677 1.36716 1.27342 1.24894 1.16598 1.12648 1.10743 0.911323 0.57833 0.559016 0.564783 0.546601 0.702596 0.507728 0.466525 0.419011 0.381804 0.497345 0.373097 0.338753 0.332625 0.527676 0.315266 0.309554 0.524349 0.402682 0.303397 0.410076 0.301456 0.299815
threshold=0.030401569311765849 0.10740000000000063 0.15847615080206315 2.9800000000002913 -1.301499999999997 0.026138583590313135 1.2694166666666675 78.701446615120645 56.103591242500841 0.4631000000000009 13.4435 0.087569951792432002 1.6305000000000009 -0.59560860008446725 0.077509941143223529 0.041237762052553119 0.3070166666666661 14.444999999999981 123.09999999999856 18.811881187840871 0.24043333333333336 30.877499999999984 0.070202806751051852 -7.4084999999999912 -0.024754778808360828 2.1761666666666684 -2.5559999999999961 0.30940000000000017 1.3883616916767094 29.056500000000007
decision_type=2 2 2 2 2 2 2 2 2 2 2 2 2 2 2 2 2 2 2 2 2 2 2 2 2 2 2 2 2 2
left_child=1 2 19 16 5 -5 -6 8 -2 10 20 12 14 22 -10 -12 17 -4 -15 -1 21 -3 -9 -11 -25 -26 -21 -28 -13 -20
right_child=7 9 3 4 6 -7 -8 13 11 23 15 28 -14 18 -16 -17 -18 -19 29 26 -22 -23 -24 24 25 -27 27 -29 -30 -31
leaf_value=-0.00017859790763082798 0.00074344974150432417 -0.00011680419345484373 -5.3473830346917141e-05 0.00021974486505884448 0.00017038188848432249 -5.2716053651593518e-05 0.00070421137767993208 0.00016028776888977331 0.00017284154348836973 5.4860826658884188e-05 -0.00015670001289981881 0.0013720506557079568 -0.00073610143103063682 -0.00011583067701214094 0.00071987557478366438 0.00038977667067783997 -0.0004279256461345969 0.00011410590072035447 7.1259227699823816e-05 -0.00012170180817279551 -0.00037259197788095012 0.00019421568674737549 0.00089033805876253885 -0.0011787567110253326 -0.00033008171338195054 0.00052273877117242585 -0.00011445728033019698 0.00013478395896941812 0.00042510272146721167 0.0011329020394826564
leaf_weight=12085 882 27504 36971 8402 26577 21867 1651 2630 9584 933 850 233 325 7643 667 1652 943 8763 279 10706 1793 2370 260 282 5366 231 4602 6195 318 172
leaf_count=12085 882 27504 36971 8402 26577 21867 1651 2630 9584 933 850 233 325 7643 667 1652 943 8763 279 10706 1793 2370 260 282 5366 231 4602 6195 318 172
internal_value=1.30858e-13 -1.66378e-05 1.3338e-05 4.75768e-05 0.000109141 2.2913e-05 0.000201605 0.000130062 0.000250481 -0.000118136 -8.51542e-05 0.000211405 0.00017941 -1.59402e-06 0.000208435 0.000204123 -2.95778e-05 -2.13642e-05 -8.28457e-05 -9.3874e-05 -0.00010801 -9.213e-05 0.000225967 -0.000283572 -0.000337281 -0.000294884 -4.6258e-05 2.855e-05 0.000825536 0.000476143
internal_weight=202736 179743 138762 105174 58497 30269 28228 22993 12009 40981 34169 11127 10576 10984 10251 2502 46677 45734 8094 33588 31667 29874 2890 6812 5879 5597 21503 10797 551 451
internal_count=202736 179743 138762 105174 58497 30269 28228 22993 12009 40981 34169 11127 10576 10984 10251 2502 46677 45734 8094 33588 31667 29874 2890 6812 5879 5597 21503 10797 551 451
is_linear=0
shrinkage=0.02


Tree=195
num_leaves=31
num_cat=0
split_feature=10 24 44 43 6 34 9 45 6 10 10 7 17 43 17 11 10 12 10 13 9 6 5 10 44 10 10 44 10 16
split_gain=1.07151 1.07152 1.0107 0.931039 0.781874 0.882938 0.659057 0.717476 0.817724 0.714499 0.500781 0.474689 0.456178 0.427648 0.502474 1.06001 1.18408 0.642328 0.487504 1.14871 0.446428 0.420623 0.345632 0.310021 0.31971 0.483869 0.602171 0.305617 0.390634 0.348104
threshold=-3.3145000000000162 2.2999999999956349 1.8588858361756968 12.740000000000874 0.73209999999999975 0.024278659904141461 13.4435 0.028425304673578653 0.34564999999999979 31.759999999999994 5.9104999999999821 6.8358087532284095 2.9251781801492984 23.319999999999713 1.5671165218207503 1.3395000000000004 -72.730999999999995 0.80220000000000236 -138.12749999999997 0.67613333333333514 1.3800000000000148 0.28451666666666625 0.24430000000000113 -166.39949999999996 1.454386659822011 -68.760000000000005 -47.616000000000007 2.4015961662112746 55.133999999999993 0.87529133647599278
decision_type=2 2 2 2 2 2 2 2 2 2 2 2 2 2 2 2 2 2 2 2 2 2 2 2 2 2 2 2 2 2
left_child=13 2 3 4 5 -2 9 -8 -9 10 -4 22 27 14 15 18 -17 -18 19 -1 -20 -11 -5 -15 25 -25 -27 28 -3 -30
right_child=1 12 6 11 -6 -7 7 8 -10 21 -12 -13 -14 23 -16 16 17 -19 20 -21 -22 -23 -24 24 -26 26 -28 -29 29 -31
leaf_value=0.001566494864516426 1.9367332539720084e-05 0.00049134367278506018 -0.00046121029525790193 0.00059890484031823344 -0.00048075741868087405 0.00019940342858176186 -0.00054957686233293355 0.00065163470282068403 -7.2499293704757995e-05 -0.00071058515857744394 -4.9449012860409034e-05 -0.00063412547966539012 6.81060677948799e-05 -0.00015328286223962527 -0.00016063660039514281 -0.00037518240292970111 0.0003384146685212177 0.0018494018356159064 -7.5865526731693194e-05 3.8003839519064877e-05 3.0974900225079308e-05 -0.0020859729512422175 0.00017866315821066098 0.00016120193738325108 0.00013451124791348694 0.0024733365112833217 0.00064355906684685383 -0.00015723813515190464 0.0018307226724082898 0.00048113981126321123
leaf_weight=250 75075 2045 2084 1941 1144 12746 649 981 1713 504 2728 177 1338 526 14798 259 177 309 57633 922 21472 108 1312 279 703 113 198 240 178 134
leaf_count=250 75075 2045 2084 1941 1144 12746 649 981 1713 504 2728 177 1338 526 14798 259 177 309 57633 922 21472 108 1312 279 703 113 198 240 178 134
internal_value=6.17578e-14 4.4318e-05 3.1723e-05 5.1196e-05 3.873e-05 4.54971e-05 -0.000173502 4.73787e-05 0.000191189 -0.000309638 -0.000227776 0.000374531 0.000368114 -4.77032e-05 -5.34701e-05 -3.38971e-05 0.000717037 0.0012991 -4.0866e-05 0.000364047 -4.68651e-05 -0.000953301 0.000429413 0.000256087 0.000422621 0.00076591 0.0013084 0.000522681 0.000591913 0.00125109
internal_weight=202736 105097 101162 92395 88965 87821 8767 3343 2694 5424 4812 3430 3935 97639 95820 81022 745 486 80277 1172 79105 612 3253 1819 1293 590 311 2597 2357 312
internal_count=202736 105097 101162 92395 88965 87821 8767 3343 2694 5424 4812 3430 3935 97639 95820 81022 745 486 80277 1172 79105 612 3253 1819 1293 590 311 2597 2357 312
is_linear=0
shrinkage=0.02


Tree=196
num_leaves=31
num_cat=0
split_feature=34 41 45 5 41 10 44 45 15 44 34 9 44 10 10 6 9 43 44 10 10 33 10 6 44 34 6 9 36 10
split_gain=1.04577 1.66415 1.3245 1.00109 0.782418 0.800434 0.807545 0.770868 0.720184 0.706021 1.00672 0.664616 0.663392 0.647718 0.742482 0.600458 0.562181 0.529477 0.733046 0.583286 0.48871 0.378098 0.36365 0.341638 0.326713 0.460885 0.345972 0.309688 0.304966 0.467474
threshold=0.008748597228129958 59.964802689557359 0.073555931392672927 0.17360000000000261 18.308882420104819 22.170499999999986 0.40228200762313032 0.060929378653718592 1.7971979995567586 2.3422459782686049 0.070202806751051852 -14.242999999999993 1.0856926487789889 49.269499999999994 -47.616000000000007 0.73209999999999975 26.659000000000002 9.1199999999997114 1.009920957945192 -89.687499999999986 61.751999999999988 0.028586455255119807 70.033999999999992 -0.060933333333332985 1.8230106865950335 0.027967676773960847 0.24043333333333336 -39.987999999999978 19.500000000000004 74.463999999999984
decision_type=2 2 2 2 2 2 2 2 2 2 2 2 2 2 2 2 2 2 2 2 2 2 2 2 2 2 2 2 2 2
left_child=3 7 9 4 28 17 8 24 -7 10 15 -9 -8 14 -13 -3 23 19 -19 -6 -12 -5 -15 -4 25 26 -2 -11 29 -1
right_child=1 2 16 21 5 6 12 11 -10 27 20 13 -14 22 -16 -17 -18 18 -20 -21 -22 -23 -24 -25 -26 -27 -28 -29 -30 -31
leaf_value=-0.00011293968844046083 0.00020647527405667006 -1.8665712136656443e-05 0.00070347596484095947 -0.00020646439055941498 0.00054892614495410897 8.5565318965001978e-05 0.00067100397036941469 -0.00093141912822685541 -0.00067927986887680208 0.00038645066458356281 0.00032444244657677451 0.0015616861598415277 0.00017074157497256069 0.0021145081058652564 0.00038358671415687578 -0.00062854156648360767 0.00091966628237023394 0.00021144805643048131 -0.000119111084650862 -4.0801798290858491e-05 0.0013465289883850293 0.0007239241034958623 0.00071890101754026295 0.00017570937813964611 -0.00011410374103289233 0.00059189258274710893 -0.00016123424465779951 -0.00038930926251012476 -0.00035340919365865026 0.0012134449974857881
leaf_weight=15941 8031 41299 537 13546 677 9624 1764 126 519 223 1788 230 2658 154 3073 656 498 8405 3942 74082 209 177 145 5680 1456 1105 1173 2675 2236 107
leaf_count=15941 8031 41299 537 13546 677 9624 1764 126 519 223 1788 230 2658 154 3073 656 498 8405 3942 74082 209 177 145 5680 1456 1105 1173 2675 2236 107
internal_value=1.04076e-13 6.31982e-05 1.03966e-05 -3.26482e-05 -1.41362e-05 7.52472e-06 0.000144759 0.000245753 4.64295e-05 -2.7255e-05 -7.31869e-06 0.00049637 0.000370304 0.000546314 0.000465622 -2.82016e-05 0.000273089 -1.54223e-05 0.000105911 -3.54614e-05 0.000431411 -0.000194464 0.00143771 0.000221296 0.000166339 0.000205948 0.000159613 -0.000329615 -0.000134585 -0.000104096
internal_weight=202736 69058 53565 133678 119955 101671 14565 15493 10143 46850 43952 3728 4422 3602 3303 41955 6715 87106 12347 74759 1997 13723 299 6217 11765 10309 9204 2898 18284 16048
internal_count=202736 69058 53565 133678 119955 101671 14565 15493 10143 46850 43952 3728 4422 3602 3303 41955 6715 87106 12347 74759 1997 13723 299 6217 11765 10309 9204 2898 18284 16048
is_linear=0
shrinkage=0.02


Tree=197
num_leaves=31
num_cat=0
split_feature=23 4 34 29 45 45 14 9 7 14 9 10 34 17 10 14 10 9 6 34 11 10 14 7 9 45 9 14 45 10
split_gain=1.04429 0.890657 1.05883 1.65507 1.48268 1.1517 1.00318 0.819364 0.679305 0.82921 0.600453 0.613482 0.578264 0.529457 0.52685 0.763435 0.703275 0.639132 0.483188 0.44968 0.429501 0.329268 0.299254 0.275543 0.339929 0.275385 0.298264 0.256027 0.250894 0.234425
threshold=0.15000000000145522 0.45870000000000299 -0.0037422783688507936 -0.012453772933745942 0.062110590146075881 0.065079365079300386 0.3253666666666678 19.860500000000002 0.61590104724059203 0.30940000000000017 13.950500000000003 91.561999999999998 0.05525710701734738 2.0648577586813457 -72.730999999999995 1.5994166666666678 -43.957000000000008 -10.682499999999983 0.1132666666666665 0.01572264160414517 1.9125000000000003 70.033999999999992 0.44613333333333466 5.6747760333788406 14.490500000000006 0.055998959094736192 -1.1619999999999844 1.7400000000000009 0.023185482299323542 46.280999999999985
decision_type=2 2 2 2 2 2 2 2 2 2 2 2 2 2 2 2 2 2 2 2 2 2 2 2 2 2 2 2 2 2
left_child=1 2 5 25 7 8 -6 -5 9 -1 11 -7 21 14 -2 20 17 -17 -12 -15 28 23 -10 24 -3 -4 -27 -23 -16 -18
right_child=13 12 3 4 6 10 -8 -9 22 -11 18 -13 -14 19 15 16 29 -19 -20 -21 -22 27 -24 -25 -26 26 -28 -29 -30 -31
leaf_value=-6.4523418486926257e-05 -0.00013121744838169867 -0.00021003112170884418 0.00034392326587747823 -5.4568280415103115e-06 1.8933579446199e-05 -0.00020791708094013909 0.00029707140696755128 -0.00043467364550531403 -0.00021868329331853502 0.00011179319276492683 0.001505986831810636 -0.0016614255119855395 0.00015296690510377696 -0.00013436514510799886 0.00045802202984911172 0.00082934769521507249 0.00030502943887508342 0.0030007513791744439 -0.00015774244363804844 0.00022510854679030773 0.0015360969421901525 -0.0010841528315099884 -5.4895019195234156e-05 -0.0006663038244229168 0.00011910843831207439 0.00023374875267919896 0.00096647769004702927 1.3183713890612126e-05 0.00016312199643946695 0.0011871378623726143
leaf_weight=19841 1110 10810 3158 67759 9255 16025 11801 1827 6818 23081 147 117 2052 3225 1559 111 420 106 133 2449 104 292 12913 468 1420 332 672 120 4442 169
leaf_count=19841 1110 10810 3158 67759 9255 16025 11801 1827 6818 23081 147 117 2052 3225 1559 111 420 106 133 2449 104 292 12913 468 1420 332 672 120 4442 169
internal_value=6.03003e-14 -1.22174e-05 6.0185e-07 4.56759e-05 2.77694e-05 -5.3438e-05 0.000174818 -1.6726e-05 -1.43609e-05 3.02896e-05 -0.000202525 -0.000218452 -0.000159229 0.000168644 0.000273236 0.000338196 0.000916719 0.00189003 0.000715715 2.07901e-05 0.000261818 -0.000208095 -0.000111492 -0.00019004 -0.000171815 0.000435653 0.000724181 -0.00076454 0.000239734 0.00055813
internal_weight=202736 189041 173879 94804 90642 79075 21056 69586 62653 42922 16422 16142 15162 13695 8021 6911 806 217 280 5674 6105 13110 19731 12698 12230 4162 1004 412 6001 589
internal_count=202736 189041 173879 94804 90642 79075 21056 69586 62653 42922 16422 16142 15162 13695 8021 6911 806 217 280 5674 6105 13110 19731 12698 12230 4162 1004 412 6001 589
is_linear=0
shrinkage=0.02


Tree=198
num_leaves=31
num_cat=0
split_feature=14 10 10 6 44 44 10 9 43 4 15 44 44 43 10 14 44 45 10 14 14 45 10 9 10 9 44 6 9 9
split_gain=1.01905 1.72918 1.62339 1.39935 1.18271 1.00905 0.971644 0.893772 0.877137 1.052 0.985542 0.82727 0.823576 1.08449 0.938828 0.821526 0.815957 0.602206 0.5238 1.02576 0.501401 0.450167 0.418832 0.385726 0.295365 0.514937 0.480104 0.290531 0.275668 0.237622
threshold=0.97213333333333418 -166.39949999999996 -72.730999999999995 0.65431666666666677 1.8588858361756968 2.7704034032640541 -3.3145000000000162 13.950500000000003 14.760000000002039 0.31800000000000489 2.0763370028461834 0.69797269886537061 -1.2305217420372492 6.6599999999962174 104.706 2.1761666666666684 0.61603363337115291 0.020157626970778383 -138.12749999999997 1.7400000000000009 2.8280666666666687 0.043383337887632004 51.214499999999994 -5.6589999999999998 29.345499999999983 23.580500000000018 2.1876406604074967 1.3651333333333329 24.937000000000001 -75.306499999999971
decision_type=2 2 2 2 2 2 2 2 2 2 2 2 2 2 2 2 2 2 2 2 2 2 2 2 2 2 2 2 2 2
left_child=1 -1 11 5 6 8 7 23 9 -4 -10 18 13 -8 -14 27 -9 -17 19 21 -7 -2 -19 -3 -6 26 -26 28 -5 -13
right_child=2 4 3 15 24 20 12 16 10 -11 -12 29 14 -15 -16 17 -18 22 -20 -21 -22 -23 -24 -25 25 -27 -28 -29 -30 -31
leaf_value=0.0017388037340632374 4.6355790810880307e-05 -0.00013401821561726229 0.00033408865400259445 -0.00057436888900549694 -0.00018318357938453136 -0.00027168981973349081 0.00011163353116037443 0.0007926951003477704 0.00092049173881862212 -0.00010843980503132919 0.00023168653507019216 0.00038088740586198725 8.0877816310658262e-06 0.00063063649957897927 0.0011622812973056482 -0.0011021862256952234 -0.00032586185463668644 -9.515687247137227e-05 -0.00076995379542948994 -0.00062442232270517087 0.00067051244792465283 0.0013527918481626188 0.00071113111415754588 -3.6314141378295543e-05 -0.00026544489297018926 0.00017490959083441934 -0.0012672997111039439 -0.0011737417372083561 -0.00012673042955924234 -7.7693740120691841e-05
leaf_weight=224 251 23203 9906 980 10438 1817 12621 902 1799 2744 1544 642 72245 1846 283 118 367 418 1227 759 258 182 672 53268 355 297 415 173 1255 1527
leaf_count=224 251 23203 9906 980 10438 1817 12621 902 1799 2744 1544 642 72245 1846 283 118 367 418 1227 759 258 182 672 53268 355 297 415 173 1255 1527
internal_value=-2.46369e-14 -1.73014e-05 0.00011621 0.000188526 -1.95334e-05 0.000260402 -5.84137e-06 -5.72239e-05 0.000314238 0.000238097 0.00060236 -0.000225574 4.00748e-05 0.000177859 1.25914e-05 -0.000170614 0.000469204 0.000255005 -0.000479879 -0.000181286 -0.000154539 0.000595481 0.000401931 -6.59597e-05 -0.000215583 -0.000532534 -0.000805406 -0.00038413 -0.00032301 5.80412e-05
internal_weight=202736 176464 26272 21684 176240 18068 164735 77740 15993 12650 3343 4588 86995 14467 72528 3616 1269 1208 2419 1192 2075 433 1090 76471 11505 1067 770 2408 2235 2169
internal_count=202736 176464 26272 21684 176240 18068 164735 77740 15993 12650 3343 4588 86995 14467 72528 3616 1269 1208 2419 1192 2075 433 1090 76471 11505 1067 770 2408 2235 2169
is_linear=0
shrinkage=0.02


Tree=199
num_leaves=31
num_cat=0
split_feature=43 7 43 10 44 43 41 5 44 10 44 14 10 44 15 44 7 10 14 10 14 6 42 15 6 10 14 45 10 10
split_gain=0.980998 1.23628 1.27984 1.06081 0.971541 0.959955 0.690903 0.695203 0.677623 0.64939 1.2053 1.29228 0.567853 0.661878 0.564908 0.557662 0.542517 0.570401 0.523156 0.515013 0.467286 0.510917 0.321311 0.290818 0.290459 0.275399 0.245198 0.279582 0.227795 0.229698
threshold=1.9799999999944704 0.63845653727725982 6.9400000000008744 61.751999999999988 -0.7801819440857708 16.880000000000297 32.561240336825499 -0.22379999999999842 0.65801029313983161 -68.760000000000005 1.2411641850924389 1.4832666666666674 29.345499999999983 -0.72925195671543275 2.235864821355424 0.86668286518526538 0.3518716385215897 25.306999999999974 2.8280666666666687 -9.3995000000000122 0.17703333333333468 0.14460000000000053 0.90922586808755124 0.86474493346139225 -0.34521666666666667 61.751999999999988 0.89733333333333409 0.074681466833702956 49.269499999999994 -89.687499999999986
decision_type=2 2 2 2 2 2 2 2 2 2 2 2 2 2 2 2 2 2 2 2 2 2 2 2 2 2 2 2 2 2
left_child=25 2 12 16 -5 6 26 19 -6 15 11 -11 13 24 -9 -7 17 -4 -12 -8 -14 -22 -15 -18 -2 28 -3 -28 29 -1
right_child=1 5 3 4 8 9 7 14 -10 10 18 -13 20 22 -16 -17 23 -19 -20 -21 21 -23 -24 -25 -26 -27 27 -29 -30 -31
leaf_value=0.00060281592578062591 0.0005854722159716959 -0.00024505528441198961 0.00023362336992240014 0.0023316658774988268 -9.0171685199397643e-05 -0.00044564581977445838 -2.9650371920782528e-05 -4.335528128104258e-05 0.0012530460618224673 0.00027827010767936125 -0.00015567582440699073 0.001305310343236144 -0.00035947324653219745 -1.3846911418292658e-05 -0.00028758712214336043 0.00021408553009688558 0.00011899001280241402 0.00071875159877618239 0.00056014392772120566 0.00027524690032865363 0.00033466678998351161 -3.0920938606749563e-05 -0.00018729244859749217 -0.00021230071490436255 9.0128192403879167e-05 -0.00057720537053820213 1.8467936611636821e-05 -0.00056786605133897689 0.00033688602919089769 -8.8767949694704278e-05
leaf_weight=193 484 10295 8114 159 304 1003 4386 29842 297 1275 1780 796 578 41773 4339 1048 9194 1101 530 4479 5375 2137 4759 1198 21853 451 2925 366 517 41185
leaf_count=193 484 10295 8114 159 304 1003 4386 29842 297 1275 1780 796 578 41773 4339 1048 9194 1101 530 4479 5375 2137 4759 1198 21853 451 2925 366 517 41185
internal_value=3.82592e-14 2.26056e-05 6.73024e-05 0.000208283 0.000941418 -4.63744e-05 -7.26714e-05 -3.34262e-05 0.000573615 0.000185164 0.000322665 0.000673019 2.99922e-05 1.13721e-05 -7.43585e-05 -0.000108543 0.000179866 0.000291586 8.55988e-06 0.000124398 0.000188502 0.000230665 -3.15858e-05 8.07985e-05 0.000100861 -8.56212e-05 -0.000197016 -4.67397e-05 -8.03293e-05 -8.55422e-05
internal_weight=202736 160390 97326 20367 760 63064 56632 43046 601 6432 4381 2071 76959 68869 34181 2051 19607 9215 2310 8865 8090 7512 46532 10392 22337 42346 13586 3291 41895 41378
internal_count=202736 160390 97326 20367 760 63064 56632 43046 601 6432 4381 2071 76959 68869 34181 2051 19607 9215 2310 8865 8090 7512 46532 10392 22337 42346 13586 3291 41895 41378
is_linear=0
shrinkage=0.02


Tree=200
num_leaves=31
num_cat=0
split_feature=23 44 14 5 9 45 45 29 44 17 45 14 44 5 9 45 29 11 9 44 9 24 9 45 6 12 6 45 9 29
split_gain=0.978592 0.871253 0.885202 0.85964 1.20838 1.46501 1.02187 0.646916 0.547934 0.501535 0.498859 0.477507 0.411119 0.360191 0.344342 0.505368 0.292475 0.24288 0.271745 0.224002 0.214914 0.20239 0.20824 0.248752 0.22066 0.179933 0.155989 0.147997 0.212098 0.147961
threshold=0.15000000000145522 1.8588858361756968 0.1936000000000008 0.10740000000000063 -1.3690000000000007 0.045481304270772314 0.047603752351421579 0.037748868730991265 -1.1871706919936587 2.0648577586813457 0.061214456616367513 2.8280666666666687 3.1601215743280169 0.44600000000000095 13.950500000000003 0.021502557962983615 0.13259608292145456 2.0785000000000005 -14.611499999999994 2.1422487497984015 10.170500000000009 3.9000000000014556 -2.0119999999999894 0.033499723145039101 -0.20936666666666701 0.18600000000000574 0.030599999999999371 0.054809255940333854 9.8814999999999991 0.016374412149466892
decision_type=2 2 2 2 2 2 2 2 2 2 2 2 2 2 2 2 2 2 2 2 2 2 2 2 2 2 2 2 2 2
left_child=1 2 8 4 5 -4 -6 13 20 17 -9 12 14 -5 25 -16 29 21 -19 -13 26 22 23 -2 -24 -3 -1 28 -14 -11
right_child=9 11 3 7 6 -7 -8 10 -10 16 -12 19 27 -15 15 -17 -18 18 -20 -21 -22 -23 24 -25 -26 -27 -28 -29 -30 -31
leaf_value=-1.8097155902586827e-08 0.00032688059850033972 -4.9365066751829818e-05 9.0131851852833967e-05 -6.8711539835400435e-05 5.0711482997925627e-05 -0.00012040426458866266 0.00023660084739770171 -1.0836798437376528e-05 -0.0001589613876762531 -9.7233742013400033e-05 0.00028459995334647947 -0.00046622378198043541 -0.00043679148524100229 -0.0002456745533655013 -0.00057196509642599459 0.000225467967618508 0.0007211307847715114 9.1476873373876356e-05 0.0014107834890953535 0.00039338788431513678 -0.00072878311161102705 0.00063671313291853893 0.00098540669023969578 -3.0949035061100485e-05 0.00028325792258342451 -0.00022853453018820163 0.00020583645438819971 -0.00022404245346848624 -0.0010648339776258475 0.00011459197004027265
leaf_weight=5340 1236 3061 26730 26194 30267 26158 19418 7467 19603 3204 3295 141 1028 5581 383 1870 228 106 152 866 142 494 188 2093 3752 8380 2033 812 272 2242
leaf_count=5340 1236 3061 26730 26194 30267 26158 19418 7467 19603 3204 3295 141 1028 5581 383 1870 228 106 152 866 142 494 188 2093 3752 8380 2033 812 272 2242
internal_value=-1.9535e-14 -1.18268e-05 1.5883e-06 2.11894e-05 5.25371e-05 -1.39977e-05 0.000123361 -5.44021e-05 -0.000103298 0.000163253 7.9617e-05 -0.000149248 -0.000176151 -9.97935e-05 -0.000136093 8.99079e-05 1.93507e-05 0.000265049 0.000868743 0.000273025 4.19004e-05 0.000244986 0.000218364 0.000101907 0.000316761 -0.000180598 5.67434e-05 -0.00043588 -0.000568197 -1.00297e-05
internal_weight=202736 189041 172228 145110 102573 52888 49685 42537 27118 13695 10762 16813 15806 31775 13694 2253 5674 8021 258 1007 7515 7763 7269 3329 3940 11441 7373 2112 1300 5446
internal_count=202736 189041 172228 145110 102573 52888 49685 42537 27118 13695 10762 16813 15806 31775 13694 2253 5674 8021 258 1007 7515 7763 7269 3329 3940 11441 7373 2112 1300 5446
is_linear=0
shrinkage=0.02


Tree=201
num_leaves=31
num_cat=0
split_feature=10 14 6 45 13 14 44 44 7 44 14 44 6 44 14 6 44 42 32 43 44 10 10 6 44 10 10 17 11 10
split_gain=0.95713 1.00175 1.44506 1.50105 1.08442 1.59834 1.27676 1.13742 0.85831 0.818541 0.774468 0.663645 0.650837 0.565091 0.525272 0.519138 0.417654 0.408887 0.492285 0.391528 0.380942 0.380333 1.38621 0.712242 0.544859 0.395948 0.36952 0.360933 0.877269 1.05947
threshold=-3.3145000000000162 0.48726666666666746 0.22028333333333294 0.031272666988371389 1.938466666666667 0.98900000000000043 3.1601215743280169 -0.051588538742967073 0.61590104724059203 1.0000000180025095e-35 2.3338833333333349 3.0021259773618425 1.0055833333333333 1.2411641850924389 0.13998333333333426 -0.14499999999999977 -1.4956662006388342 0.93598906442713303 0.0047565285706858713 18.719999999999711 -1.2305217420372492 66.272499999999994 44.904999999999994 -0.097633333333333891 1.3883616916767094 74.463999999999984 17.378499999999985 1.4432350658136384 1.3395000000000004 -72.730999999999995
decision_type=2 2 2 2 2 2 2 2 2 2 2 2 2 2 2 2 2 2 2 2 2 2 2 2 2 2 2 2 2 2
left_child=17 9 4 16 5 8 -7 26 -3 14 12 -12 -5 -9 -2 -16 -4 18 27 -20 -17 22 -11 -23 -24 -25 -6 28 -1 -30
right_child=1 2 3 10 7 6 -8 13 -10 21 11 -13 -14 -15 15 20 -18 -19 19 -21 -22 23 24 25 -26 -27 -28 -29 29 -31
leaf_value=-4.2331491633936495e-05 -0.00014079645877473567 0.00029189065144693204 0.00081381974706200625 6.4513213646288253e-05 -0.00078920634889383188 0.00067991915318275779 -0.0010522913445360183 0.00095418066187929161 2.4248460615774125e-05 -0.00011537650798701754 0.00092531459423472772 -0.00014602912679825451 -0.00074602822801631225 -0.00036155678016936636 -0.00018189643468394752 0.00020264779247226324 -0.00041538718633484108 -0.00018254519625947812 4.2107164725755255e-05 0.00045421279961540948 5.3648624427415765e-05 -0.0017155170835498157 0.001159432355396513 -0.00073777518705984274 -0.00023450433688034137 0.00043001012044789443 -0.0022807451470136424 -0.00015784630553261489 -0.00034484918714971634 0.0015996924571441949
leaf_weight=61624 5319 10320 114 8776 129 3886 178 178 8949 21547 747 335 415 490 2991 9278 3672 7951 15133 982 26375 165 484 246 146 220 137 11481 186 282
leaf_count=61624 5319 10320 114 8776 129 3886 178 178 8949 21547 747 335 415 490 2991 9278 3672 7951 15133 982 26375 165 484 246 146 220 137 11481 186 282
internal_value=-5.03697e-14 4.18858e-05 0.000123386 -3.79593e-05 0.000216862 0.000243611 0.00060405 -0.000451379 0.000167591 -4.89495e-06 8.7497e-05 0.000593614 2.79149e-05 -1.09561e-05 4.55428e-05 7.11908e-05 -0.000378375 -4.50852e-05 -3.28991e-05 6.72197e-05 9.24228e-05 -0.000102115 -8.83388e-05 -0.000586293 0.000836393 -0.00018646 -0.0015574 -5.48285e-05 -3.57802e-05 0.000826862
internal_weight=202736 105097 38326 14059 24267 23333 4064 934 19269 66771 10273 1082 9191 668 43963 38644 3786 97639 89688 16115 35653 22808 22177 631 630 466 266 73573 62092 468
internal_count=202736 105097 38326 14059 24267 23333 4064 934 19269 66771 10273 1082 9191 668 43963 38644 3786 97639 89688 16115 35653 22808 22177 631 630 466 266 73573 62092 468
is_linear=0
shrinkage=0.02


Tree=202
num_leaves=31
num_cat=0
split_feature=34 41 5 45 42 43 14 7 44 34 42 14 13 1 36 20 14 33 14 7 41 44 2 31 6 44 36 43 14 20
split_gain=0.967259 1.54641 1.23055 0.88435 0.847284 0.88878 0.613293 0.777059 0.602751 0.785963 0.568143 0.518013 0.476511 0.33747 0.331708 0.501232 0.329715 0.327452 0.295533 0.28469 0.280685 0.272054 0.261176 0.29308 0.254769 0.251375 0.243544 0.23973 0.231432 0.222393
threshold=0.016723589840592742 62.650602408293416 0.17770000000000133 0.073555931392672927 0.15847615080206315 1.7400000000037836 0.93891666666666773 0.36887450440450681 2.3422459782686049 0.070202806751051852 0.93598906442713303 1.2694166666666675 1.3439000000000021 111.99999748000009 24.500000000000004 7.1500000000014561 3.1651000000000011 0.028586455255119807 0.22573333333333398 4.2371964832941744 85.0934003286646 1.3883616916767094 -0.96226414958170159 4.3499999999985457 0.65431666666666677 3.6600125406477528 15.500000000000002 21.749999999998547 2.1761666666666684 17.250000000000004
decision_type=2 2 2 2 2 2 2 2 2 2 2 2 2 2 2 2 2 2 2 2 2 2 2 2 2 2 2 2 2 2
left_child=2 13 4 8 14 -6 7 -7 9 10 -3 18 -8 22 15 26 25 19 -5 27 -11 -20 -2 -24 -13 -10 -1 -4 -26 -16
right_child=1 3 17 11 5 6 12 -9 16 20 -12 24 -14 -15 29 -17 -18 -19 21 -21 -22 -23 23 -25 28 -27 -28 -29 -30 -31
leaf_value=-9.4948844323203082e-05 0.00022038248287497853 4.9906100515848621e-05 -0.00018178084942060334 -0.00017835984152546474 -7.4124659862465799e-05 0.00010219302017439718 0.00034646933966093167 -3.4530368916553776e-05 -0.00029589193964829608 0.00060113256206127284 -0.00013664397806787461 0.0013373531044452822 6.4384065785499632e-05 0.00014580587754419418 -0.00039942175460118401 0.00010411641868417419 0.00037149324143197725 0.00046492270152761681 0.00033800209044899536 -0.00066206438622718519 0.00011600434081010816 -0.00013571661932113032 0.00085385343152246859 0.0004140396045221545 -0.00012051034810099696 -0.00084961334130747494 -0.000535125614187953 0.00055182089033769448 0.0011051562839254204 -0.00012790542545174343
leaf_weight=23047 2059 18053 17635 694 26620 35751 4938 31085 1742 1133 10231 247 4652 3123 2061 5723 247 313 3350 492 824 567 751 3140 137 404 514 180 112 2911
leaf_count=23047 2059 18053 17635 694 26620 35751 4938 31085 1742 1133 10231 247 4652 3123 2061 5723 247 313 3350 492 824 567 751 3140 137 404 514 180 112 2911
internal_value=3.18004e-14 7.97263e-05 -2.3937e-05 2.33661e-05 -3.24624e-06 2.53994e-05 6.00647e-05 3.86038e-05 -1.49325e-05 9.24642e-06 -1.75735e-05 0.000268096 0.000209633 0.000314168 -8.94157e-05 -6.37714e-05 -0.000320488 -0.000176509 0.000202033 -0.000187475 0.000396868 0.00026943 0.000402537 0.000498928 0.000882246 -0.000400134 -0.000104552 -0.000174369 0.000430794 -0.000240455
internal_weight=202736 46814 155922 37741 137302 103046 76426 66836 32634 30241 28284 5107 9590 9073 34256 29284 2393 18620 4611 18307 1957 3917 5950 3891 496 2146 23561 17815 249 4972
internal_count=202736 46814 155922 37741 137302 103046 76426 66836 32634 30241 28284 5107 9590 9073 34256 29284 2393 18620 4611 18307 1957 3917 5950 3891 496 2146 23561 17815 249 4972
is_linear=0
shrinkage=0.02


Tree=203
num_leaves=31
num_cat=0
split_feature=34 5 10 42 43 9 4 13 7 14 41 9 6 6 15 45 10 38 21 6 9 9 43 5 31 30 9 13 10 10
split_gain=0.947376 1.15221 0.967477 0.709562 0.837205 0.75403 0.710308 0.567699 0.635352 0.626733 0.550389 0.504795 0.495849 0.473468 0.441813 0.366451 0.44218 0.303356 0.357847 0.297251 0.313237 0.273318 0.262891 0.339485 0.237356 0.274291 0.213079 0.187043 0.741003 0.400333
threshold=0.041686708810711452 0.4631000000000009 46.280999999999985 0.12137031625240505 9.3199999999997107 -0.27099999999998697 0.20120000000000249 0.21953333333333327 0.66157161365324157 1.7400000000000009 79.678353674278227 -9.4544999999999906 -0.011366666666666877 0.040733333333332601 6.0170479446330107 0.064484136490998892 -45.152499999999996 24.500000000000004 -7.2999999999956335 -0.10676666666666659 29.056500000000007 23.580500000000018 25.540000000000877 2.3172500000000009 123.09999999999856 33.849999999998552 29.056500000000007 2.1767333333333352 39.952999999999982 61.751999999999988
decision_type=2 2 2 2 2 2 2 2 2 2 2 2 2 2 2 2 2 2 2 2 2 2 2 2 2 2 2 2 2 2
left_child=1 2 3 17 6 -6 -5 12 11 -10 14 -9 -4 -14 15 19 -17 18 -1 -2 -21 -18 23 27 25 -12 -26 29 -29 -3
right_child=10 22 7 4 5 -7 -8 8 9 -11 24 -13 13 -15 -16 16 21 -19 -20 20 -22 -23 -24 -25 26 -27 -28 28 -30 -31
leaf_value=0.00010453518570180529 -0.00019434512906917626 -0.00021611255643311133 -0.00063446683468276657 1.1454284643976294e-05 4.1952134140832422e-05 0.00033611326356204342 -0.00011267369873615173 -0.00018535382051603437 -7.4234409170512909e-05 0.00070151951383306589 9.2406146057583111e-05 0.00051131738395274933 0.0010568178712530843 -0.00016320477161471816 -0.00046078992649493575 0.0017680824754692168 0.00030492454238661179 -0.00025608133835899514 -0.00011105415998208392 0.00034922855097705845 -0.00042476763106098081 0.00087337610466107162 0.00056401091105896133 -0.00087675265050465303 0.00014992163737893578 -0.00020383001201443887 0.0010577027615162606 -0.00025552054944912413 0.0015736735317509918 -0.00084776738390381285
leaf_weight=3693 546 7212 553 108956 9718 5435 22197 468 2522 499 4157 3746 179 440 291 119 979 4454 18543 3613 222 517 161 334 283 1788 163 410 113 425
leaf_count=3693 546 7212 553 108956 9718 5435 22197 468 2522 499 4157 3746 179 440 291 119 979 4454 18543 3613 222 517 161 334 283 1788 163 410 113 425
internal_value=7.46352e-14 -1.11663e-05 -4.09945e-07 -1.05919e-05 6.70828e-06 0.00014746 -9.55377e-06 0.00020911 0.000275258 5.39024e-05 0.000167395 0.000433946 -0.000199232 0.000189597 0.000300258 0.000337193 0.000594711 -0.000105426 -7.52486e-05 0.000242262 0.000304424 0.000501375 -0.000236612 -0.000251787 3.6695e-05 3.31107e-06 0.000481689 -0.000226206 0.000139697 -0.000251264
internal_weight=202736 190058 181403 172996 146306 15153 131153 8407 7235 3021 12678 4214 1172 619 6287 5996 1615 26690 22236 4381 3835 1496 8655 8494 6391 5945 446 8160 523 7637
internal_count=202736 190058 181403 172996 146306 15153 131153 8407 7235 3021 12678 4214 1172 619 6287 5996 1615 26690 22236 4381 3835 1496 8655 8494 6391 5945 446 8160 523 7637
is_linear=0
shrinkage=0.02


Tree=204
num_leaves=31
num_cat=0
split_feature=34 45 42 41 45 10 17 11 10 14 44 34 29 32 5 34 32 10 14 34 10 10 41 45 0 10 41 44 14 11
split_gain=0.925406 1.89554 1.22187 1.17286 0.982171 0.685824 0.674144 0.958391 0.948449 1.00885 0.627413 0.657301 0.618608 0.602163 0.588981 0.583566 0.778982 0.76791 0.619853 0.578911 0.557335 0.542687 0.533298 0.621379 0.526999 0.513634 0.476704 0.437453 0.407327 0.36876
threshold=0.0036999726363705515 0.062707779652269049 0.59746084409049305 56.345177660961959 0.070084585145808745 37.781999999999982 0.56312331707353636 0.50950000000000017 -56.553500000000007 0.93891666666666773 2.1876406604074967 0.032451503129730976 -0.028355142489311366 0.022033596777724925 0.28685000000000133 -0.0071374498004916206 -0.0021805302767310187 15.468499999999986 0.72748333333333404 -0.015255393475215038 82.286500000000004 47.642999999999994 89.613887493543857 0.077047779913319805 0.012000000000000014 24.14449999999999 82.735042733566246 -0.024985532573426953 0.55833333333333501 0.30950000000000011
decision_type=2 2 2 2 2 2 2 2 2 2 2 2 2 2 2 2 2 2 2 2 2 2 2 2 2 2 2 2 2 2
left_child=4 3 21 -2 6 22 7 12 -9 -10 11 14 19 20 -5 17 -17 -6 -19 -1 29 -3 23 -4 -14 -12 -13 -20 -7 -8
right_child=1 2 5 10 15 28 13 8 9 -11 25 26 24 -15 -16 16 -18 18 27 -21 -22 -23 -24 -25 -26 -27 -28 -29 -30 -31
leaf_value=7.5424514494381277e-05 0.00015356202346591903 0.0005385514793070273 7.7943923204895908e-05 -3.7293146685615176e-05 -0.00019194667642376674 5.3407174812577492e-05 -0.00029537197389861312 -0.0003031207907720116 0.00030660410311563363 0.0023096201094517182 -0.00018219320786310293 0.00019330594673174051 -6.1776846549386065e-05 0.00070556882384327296 -0.00025558855894842287 0.00046383352243342722 -0.00015915794873982422 -0.00042318464463371745 -0.00055943075410770974 0.00044034183468791581 0.00058551489781990304 0.0015935308077047962 -0.00015253371049645176 0.00037590392858928432 8.2039598400375019e-05 -0.00078003672878485702 -6.4653012378561967e-05 -0.0018440859666376973 0.0006604864749860409 -8.4330037988455007e-05
leaf_weight=15734 14747 2313 9808 29263 9843 614 3767 203 189 215 2625 7608 36508 376 5949 1146 2681 1159 182 1955 468 213 2539 3918 14139 736 4597 254 1579 27408
leaf_count=15734 14747 2313 9808 29263 9843 614 3767 203 189 215 2625 7608 36508 376 5949 1146 2681 1159 182 1955 468 213 2539 3918 14139 736 4597 254 1579 27408
internal_value=-1.58432e-13 4.95283e-05 0.000214963 -3.45103e-06 -3.68645e-05 0.000158505 -1.42576e-05 2.09621e-05 0.000812163 0.00137257 -4.90509e-05 -3.03339e-05 1.39342e-05 -9.00924e-05 -7.41737e-05 -0.000186385 2.73976e-05 -0.000257914 -0.000665006 0.000115755 -9.95469e-05 0.000627511 0.00011374 0.000162995 -2.1628e-05 -0.00031311 9.6146e-05 -0.00130783 0.000490515 -0.000109831
internal_weight=202736 86509 20984 65525 116227 18458 100962 68943 607 404 50778 47417 68336 32019 35212 15265 3827 11438 1595 17689 31643 2526 16265 13726 50647 3361 12205 436 2193 31175
internal_count=202736 86509 20984 65525 116227 18458 100962 68943 607 404 50778 47417 68336 32019 35212 15265 3827 11438 1595 17689 31643 2526 16265 13726 50647 3361 12205 436 2193 31175
is_linear=0
shrinkage=0.02


Tree=205
num_leaves=31
num_cat=0
split_feature=10 24 44 14 6 45 34 9 10 45 34 44 9 10 9 17 45 42 34 42 28 17 11 45 34 21 44 14 33 13
split_gain=0.906208 0.964581 0.91585 0.936546 1.25264 1.05382 0.883042 0.568809 0.67744 0.636785 0.877901 0.523798 0.51604 0.479971 0.454603 0.424815 0.409965 0.388453 0.60339 0.608023 0.429672 0.440775 0.913582 0.352722 0.324152 0.296845 0.286205 0.447106 0.378075 0.268642
threshold=-3.3145000000000162 2.2999999999956349 1.8588858361756968 0.41076666666666745 0.1384333333333336 0.03506965236207548 -0.010914283775708088 13.4435 31.759999999999994 0.043383337887632004 0.0026587955295749913 -1.2626256126891062 8.2520000000000095 5.9104999999999821 29.056500000000007 2.9251781801492984 0.061214456616367513 0.93598906442713303 0.0099925270388484567 0.61096241833954268 0.064525374001489513 0.5274349633673171 0.37150000000000011 0.078478056453778297 0.10738946363118447 21.849999999998548 2.4015961662112746 0.74421666666666753 0.0019970260078771883 0.36430000000000079
decision_type=2 2 2 2 2 2 2 2 2 2 2 2 2 2 2 2 2 2 2 2 2 2 2 2 2 2 2 2 2 2
left_child=17 2 3 11 6 -6 -5 8 13 -9 -11 12 -2 -4 -13 26 -10 18 20 29 21 22 -1 24 -21 -23 27 -3 -29 -20
right_child=1 15 7 4 5 -7 -8 9 16 10 -12 14 -14 -15 -16 -17 -18 -19 19 23 -22 25 -24 -25 -26 -27 -28 28 -30 -31
leaf_value=-3.9720694001245475e-05 0.00016094572237527972 0.00032580894188911295 -0.00044184604169956429 6.7610036426129987e-05 -0.00025200971212068672 0.0001014677688825287 0.00031791843658157502 -0.00036644758468516888 -0.00064308179084984676 0.0010385584002267057 3.7266383167879023e-05 -3.1638230871151635e-05 -0.00042892558465871411 -3.8730931815398886e-05 -0.00099454932387485072 5.8458573918386368e-05 -0.0018881880402606091 -0.00017785066618204265 6.7740567294471298e-05 -7.9678699217232052e-06 0.0012430544460127774 -0.00014187377561066848 0.00056421914103898087 0.00035989875608743928 0.00095157872305028665 0.00044010301884064276 -0.00016084240431761527 0.00053095841716038338 0.0013088505988580119 0.00050835976881365998
leaf_weight=44437 9444 1348 2084 9581 5130 9854 13697 1060 476 432 1851 43859 633 2728 197 1338 136 7951 841 17005 101 22999 1025 1163 142 356 240 553 456 1619
leaf_count=44437 9444 1348 2084 9581 5130 9854 13697 1060 476 432 1851 43859 633 2728 197 1338 136 7951 841 17005 101 22999 1025 1163 142 356 240 553 456 1619
internal_value=9.49113e-14 4.07563e-05 2.88063e-05 4.73431e-05 0.000123082 -1.95506e-05 0.000214894 -0.000166552 -0.000293025 3.86488e-05 0.000226736 -6.19005e-06 0.000123892 -0.000213314 -3.5944e-05 0.00034797 -0.000919772 -4.38694e-05 -3.19918e-05 6.25035e-05 -6.047e-05 -6.23832e-05 -2.61041e-05 2.28396e-05 -2.1546e-08 -0.000133003 0.000497129 0.000564127 0.000882513 0.000357725
internal_weight=202736 105097 101162 92395 38262 14984 23278 8767 5424 3343 2283 54133 10077 4812 44056 3935 612 97639 89688 20770 68918 68817 45462 18310 17147 23355 2597 2357 1009 2460
internal_count=202736 105097 101162 92395 38262 14984 23278 8767 5424 3343 2283 54133 10077 4812 44056 3935 612 97639 89688 20770 68918 68817 45462 18310 17147 23355 2597 2357 1009 2460
is_linear=0
shrinkage=0.02


Tree=206
num_leaves=31
num_cat=0
split_feature=23 4 42 43 10 44 17 9 10 14 44 43 11 6 10 10 36 14 36 10 17 4 28 6 10 20 9 9 43 44
split_gain=0.900942 0.82529 0.866904 1.00192 0.961256 0.676695 0.446536 0.444558 0.441889 0.851953 0.708187 0.674522 0.515802 0.403012 0.343191 0.338493 0.327522 0.397104 0.313856 0.380266 0.252805 0.245235 0.20833 0.20075 0.246098 0.195367 0.19031 0.18937 0.186071 0.184459
threshold=0.099999999998544822 0.45870000000000299 0.15847615080206315 1.7400000000037836 27.254499999999982 -0.71923300654555933 2.0648577586813457 -1.301499999999997 -72.730999999999995 1.5994166666666678 1.2411641850924389 15.960000000002038 1.8625000000000003 0.25593333333333373 104.706 20.726999999999993 26.500000000000004 0.30940000000000017 25.500000000000004 74.463999999999984 0.15273581337484074 3.1242000000000045 -0.0058374075317613175 -0.3111833333333337 -138.12749999999997 14.549999999995636 26.659000000000002 26.659000000000002 28.550000000000001 3.0021259773618425
decision_type=2 2 2 2 2 2 2 2 2 2 2 2 2 2 2 2 2 2 2 2 2 2 2 2 2 2 2 2 2 2
left_child=1 2 13 27 5 -5 8 -6 23 12 11 -11 20 16 18 26 17 -1 19 21 -10 -3 -12 -2 -25 -18 28 -4 -8 -17
right_child=6 14 3 4 7 -7 15 -9 9 10 22 -13 -14 -15 -16 29 25 -19 -20 -21 -22 -23 -24 24 -26 -27 -28 -29 -30 -31
leaf_value=-0.00014597885971076992 -0.00040116020313929164 -0.00016800203202071916 -7.1469291363487905e-05 0.00011128110456672341 2.7521293128500175e-05 -6.9184874550859322e-06 -0.00013677616051782448 0.00028004120525875717 0.00047754325862160929 0.00065809021461996932 -0.00020664195119005907 0.0022036837277790676 0.0014712097012528917 -0.00048625470555069316 0.00095707537771456616 0.00033220790359513632 -0.00050886737764813009 6.6278952582643353e-06 8.0220297221566872e-05 -0.00089931751103847354 0.00014282674962981217 -0.0007297230320493618 0.00065913632568111993 0.00055255150069123172 -0.00022147030522356762 -0.00017270915413328543 0.00076702097705072872 -0.00060045890696432049 0.00032897945370896777 -0.00032588003063634753
leaf_weight=11745 581 12223 32039 27550 3905 65284 4153 9755 1038 231 191 221 127 1010 110 1453 935 16267 1838 303 6919 319 266 285 388 2656 104 273 374 193
leaf_count=11745 581 12223 32039 27550 3905 65284 4153 9755 1038 231 191 221 127 1010 110 1453 935 16267 1838 303 6919 319 266 285 388 2656 104 273 374 193
internal_value=-1.29124e-13 -1.25593e-05 -1.90521e-07 2.16105e-05 5.12085e-05 2.81592e-05 0.000141533 0.000207853 0.000222906 0.00027195 0.000852469 0.00141379 0.000206674 -9.29792e-05 -0.000155887 8.69529e-06 -8.04105e-05 -5.73578e-05 -0.000164225 -0.000199203 0.000186491 -0.000182289 0.00029729 -0.00012881 0.00010631 -0.000260236 -7.88648e-05 -7.59387e-05 -9.82976e-05 0.000255044
internal_weight=202736 186212 171419 138806 106494 92834 16524 13660 10247 8993 909 452 8084 32613 14793 6277 31603 28012 14683 12845 7957 12542 457 1254 673 3591 4631 32312 4527 1646
internal_count=202736 186212 171419 138806 106494 92834 16524 13660 10247 8993 909 452 8084 32613 14793 6277 31603 28012 14683 12845 7957 12542 457 1254 673 3591 4631 32312 4527 1646
is_linear=0
shrinkage=0.02


Tree=207
num_leaves=31
num_cat=0
split_feature=34 5 10 43 44 44 9 15 43 33 44 44 44 9 10 44 41 10 7 9 5 34 9 19 2 9 10 10 30 44
split_gain=0.882876 1.12201 0.910317 1.37592 0.844304 0.754633 0.696129 0.640708 0.579242 0.463736 0.418517 0.409756 0.592732 0.376018 1.06921 0.466795 0.364586 0.348501 0.373265 0.336474 0.311026 0.240303 0.238106 0.210204 0.212867 0.185946 0.174697 0.159324 0.15466 0.151533
threshold=0.050771600401086171 0.50565000000000149 -5.4410000000000132 10.91999999999971 2.7704034032640541 1.9726424791559014 10.439000000000014 3.3815731542333438 1.9799999999944704 0.023648814446492212 1.6883562476704157 -0.92656156505820797 0.47342906247335276 -5.4109999999999969 -166.39949999999996 0.40228200762313032 63.785220829238092 36.687999999999988 1.464319193322513 8.2520000000000095 2.3172500000000009 0.10738946363118447 -17.737499999999979 99.80217585988926 0.96116504784381196 24.937000000000001 61.751999999999988 -9.1730000000000036 37.700000000004373 2.8757842291610967
decision_type=2 2 2 2 2 2 2 2 2 2 2 2 2 2 2 2 2 2 2 2 2 2 2 2 2 2 2 2 2 2
left_child=1 2 6 5 7 8 13 -5 -4 29 16 27 -13 15 -15 -1 -11 22 -19 -7 23 28 -18 24 25 -3 -25 -8 -12 -2
right_child=9 20 3 4 -6 19 11 -9 -10 10 21 12 -14 14 -16 -17 17 18 -20 -21 -22 -23 -24 26 -26 -27 -28 -29 -30 -31
leaf_value=-4.3754550882490566e-05 0.00069119779143097485 -8.9489334312797873e-05 -4.9525320429795454e-05 0.00046097471523799747 -0.00045884078080167859 -0.00033881163455710332 -0.00048663503094779854 -0.00027206373542534119 6.6231678286698275e-05 0.0011079700065174086 -4.4681464023509627e-05 0.00068728652345320478 3.3578097371047601e-06 0.0013833928888817794 -2.6958603729141707e-05 -0.00019315595611179873 -0.00051877863876925235 0.001041108732690162 0.00018867384815876239 -7.628035125938537e-06 -0.00077126468017049059 0.00033871043041711491 0.00016706054475110982 -0.00034051118965419067 -0.00026424321704269929 0.00038947807238578802 -0.0010937204054570792 0.00036761997939458401 -0.00045677984095972431 2.6040303723138949e-05
leaf_weight=19587 919 2725 23260 5311 503 3193 336 524 67383 187 832 1201 877 216 47149 14601 214 381 446 1993 408 380 3762 1667 3253 368 133 118 648 161
leaf_count=19587 919 2725 23260 5311 503 3193 336 524 67383 187 832 1201 877 216 47149 14601 214 381 446 1993 408 380 3762 1667 3253 368 133 118 648 161
internal_value=7.24479e-14 -8.42073e-06 1.86563e-06 4.19781e-05 0.000327371 2.31026e-05 -4.68728e-05 0.000395146 3.65271e-05 0.000206861 0.000146132 0.000279718 0.000398641 -5.70126e-05 -2.05269e-05 -0.000107561 0.000241576 0.000207844 0.000581392 -0.000211536 -0.000232393 -0.000109924 0.000130147 -0.000205403 -0.000151294 -3.25026e-05 -0.000396165 -0.000264604 -0.000225114 0.00059204
internal_weight=202736 194806 186252 102167 6338 95829 84085 5835 90643 7930 6850 2532 2078 81553 47365 34188 4990 4803 827 5186 8554 1860 3976 8146 6346 3093 1800 454 1480 1080
internal_count=202736 194806 186252 102167 6338 95829 84085 5835 90643 7930 6850 2532 2078 81553 47365 34188 4990 4803 827 5186 8554 1860 3976 8146 6346 3093 1800 454 1480 1080
is_linear=0
shrinkage=0.02


Tree=208
num_leaves=31
num_cat=0
split_feature=14 44 34 41 45 45 7 6 6 6 14 34 14 12 44 5 45 34 34 33 4 13 33 5 34 6 34 5 44 35
split_gain=0.864407 1.03286 0.801756 1.23434 0.800727 0.79171 0.773224 0.803131 0.753037 0.740491 0.735418 0.72286 0.702788 0.689331 0.554254 0.53544 0.523018 0.506433 0.502135 0.908511 0.493318 0.480916 0.434657 0.421773 0.420334 0.532827 0.376354 0.366281 0.33076 0.263112
threshold=0.97213333333333418 1.8588858361756968 0.0024496133648997608 61.320047520737468 0.043679996695067176 0.061804437799424385 1.464319193322513 0.65431666666666677 0.21416666666666598 -0.59721666666666684 0.4527166666666676 0.029760035341525631 1.5994166666666678 0.62540000000000662 -0.57678009738607139 -0.12964999999999857 0.024182539842362939 0.016723589840592742 -0.009343658205814483 -0.0050390432776607407 -0.7835999999999963 0.32593333333333468 -0.00026183979380102853 0.16220000000000087 -0.0012528802163001287 0.46673333333333294 0.10738946363118447 0.24430000000000113 1.7564410496976346 6.8600000000224108
decision_type=2 2 2 2 2 2 2 2 2 2 2 2 2 2 2 2 2 2 2 2 2 2 2 2 2 2 2 2 2 2
left_child=1 2 4 5 8 17 7 9 10 -2 -1 15 23 -9 -13 -5 20 -4 21 -20 -8 -6 -7 -11 29 28 -27 -14 -26 -18
right_child=6 -3 3 11 18 22 16 13 -10 12 -12 14 27 -15 -16 -17 24 -19 19 -21 -22 -23 -24 -25 25 26 -28 -29 -30 -31
leaf_value=-2.1411742687854435e-05 -5.3279525806397252e-05 -0.00019915189256705556 5.3048883052354713e-05 0.00022852788684938488 -6.0638755033219077e-05 0.0006682651432574734 7.8409944959315862e-05 -0.00046840066521023976 -0.00042459288420471872 0.00032385928707523654 0.00015677046743546187 0.00027811554702807394 0.00074817267101425996 0.00025417859939890066 1.6851880588045918e-05 -8.6565808895780539e-05 -0.00013470309146331811 0.00031119632700634309 0.00021173359881625505 -0.0001118654593597176 -0.00058276652945448597 -0.00023267402491496307 0.00026403401055247048 3.3995379560768445e-05 0.00061974417229349391 -0.0002022280084400925 0.00053413998041848879 0.00022721064261430811 6.0092795731683982e-05 0.00069033053094594917
leaf_weight=33115 2734 11505 16467 2317 11356 1460 728 1274 1516 6126 12865 4860 1888 902 9792 31279 3900 3728 4844 12238 1188 15199 3923 2987 1235 1405 346 756 642 161
leaf_count=33115 2734 11505 16467 2317 11356 1460 728 1274 1516 6126 12865 4860 1888 902 9792 31279 3900 3728 4844 12238 1188 15199 3923 2987 1235 1405 346 756 642 161
internal_value=3.01479e-14 -1.59346e-05 -3.15623e-06 4.58325e-05 -4.28415e-05 0.00015815 0.00010703 0.000189397 1.39826e-05 0.000243197 2.84428e-05 -1.37112e-05 0.00031214 -0.000168876 0.000103512 -6.48349e-05 -3.58977e-05 0.000100703 -0.000104691 -2.01014e-05 -0.000331547 -0.000159105 0.000373671 0.00022885 3.77743e-05 0.000194224 -5.67207e-05 0.000599214 0.000428324 -0.000101994
internal_weight=202736 176464 164959 73826 91133 25578 26272 16667 47496 14491 45980 48248 11757 2176 14652 33596 9605 20195 43637 17082 1916 26555 5383 9113 7689 3628 1751 2644 1877 4061
internal_count=202736 176464 164959 73826 91133 25578 26272 16667 47496 14491 45980 48248 11757 2176 14652 33596 9605 20195 43637 17082 1916 26555 5383 9113 7689 3628 1751 2644 1877 4061
is_linear=0
shrinkage=0.02


Tree=209
num_leaves=31
num_cat=0
split_feature=23 4 34 31 14 6 44 7 43 34 10 17 10 14 44 43 34 10 34 31 44 10 5 44 10 14 44 7 9 14
split_gain=0.845925 0.758262 0.874178 1.54332 0.798654 0.924304 0.694965 0.66023 0.709223 0.500238 0.492176 0.437451 0.467968 0.639085 0.66854 0.629723 0.384327 0.382441 0.331546 0.401509 0.327937 0.312542 0.300769 0.263264 0.257712 0.233645 0.245835 0.231358 0.407335 0.228817
threshold=0.15000000000145522 0.45870000000000299 -0.0037422783688507936 -11.799999999995633 0.57721666666666771 0.65431666666666677 0.22035322461881265 0.61590104724059203 6.6599999999962174 0.05525710701734738 57.764499999999991 2.0648577586813457 -72.730999999999995 1.5994166666666678 1.2411641850924389 14.080000000000293 0.01572264160414517 -89.687499999999986 -0.021115727518336427 -21.400000000001452 1.6883562476704157 70.033999999999992 -0.061599999999999606 -1.2166341907899294 66.272499999999994 1.7400000000000009 -0.50097693891035633 3.0061053372961073 14.490500000000006 0.6757000000000013
decision_type=2 2 2 2 2 2 2 2 2 2 2 2 2 2 2 2 2 2 2 2 2 2 2 2 2 2 2 2 2 2
left_child=1 2 7 -4 6 -6 -5 8 17 21 -10 12 -2 23 15 -15 -13 -1 22 -20 -11 27 -9 29 -25 26 -23 28 -3 -14
right_child=11 9 3 4 5 -7 -8 18 10 20 -12 16 13 14 -16 -17 -18 -19 19 -21 -22 25 -24 24 -26 -27 -28 -29 -30 -31
leaf_value=0.00075381848738911362 -0.00013432781347325323 -0.00018159526239546964 0.00044305159625669259 3.2673494925483501e-05 0.0001762598465092671 -0.00033079815425770718 -0.00010731194563809221 -0.00015704968517659976 0.00012467615816717304 0.00031665932046905299 0.00087978416761810277 -0.00012604883118545458 0.00034179279726001397 0.00037783111274129131 0.00026281533099763963 0.0020190631590350934 0.00020627813609028404 -4.5041012194746702e-05 0.00019089588861222632 -0.0001105372715271509 -0.00022593033699692933 -0.0002985081569735288 -0.00041083174077907861 0.00016358548731355613 0.00095497165915645282 8.7318097745689258e-06 -0.0014939886145679622 -0.00039003241516053606 0.00022218870078694039 0.0010794129606986804
leaf_weight=241 1110 9864 3685 51445 18528 1559 19587 11952 8440 1398 360 3225 506 148 404 254 2449 44738 2204 8926 654 111 2214 5177 170 120 181 1722 1112 252
leaf_count=241 1110 9864 3685 51445 18528 1559 19587 11952 8440 1398 360 3225 506 148 404 254 2449 44738 2204 8926 654 111 2214 5177 170 120 181 1722 1112 252
internal_value=2.93511e-14 -1.0996e-05 8.32166e-07 4.17877e-05 2.55599e-05 0.000136906 -5.92734e-06 -4.82699e-05 -8.63507e-06 -0.000146642 0.000155567 0.000151784 0.000246855 0.000308078 0.000837393 0.00141483 1.73894e-05 -4.07607e-05 -0.000132533 -5.08465e-05 0.000143729 -0.000192091 -0.000196713 0.000238196 0.000188746 -0.00073422 -0.00103954 -0.000174501 -0.000140687 0.000587017
internal_weight=202736 189041 173879 94804 91119 20087 71032 79075 53779 15162 8800 13695 8021 6911 806 402 5674 44979 25296 11130 2052 13110 14166 6105 5347 412 292 12698 10976 758
internal_count=202736 189041 173879 94804 91119 20087 71032 79075 53779 15162 8800 13695 8021 6911 806 402 5674 44979 25296 11130 2052 13110 14166 6105 5347 412 292 12698 10976 758
is_linear=0
shrinkage=0.02


Tree=210
num_leaves=31
num_cat=0
split_feature=20 17 34 24 15 10 6 45 17 11 34 31 10 11 45 11 10 11 42 19 10 10 4 10 10 9 34 13 32 11
split_gain=0.836296 1.09904 1.04887 0.867477 0.705944 0.522466 0.617841 0.799997 0.506838 0.603786 0.482626 0.616699 0.473123 0.730277 0.415023 0.398464 0.57351 0.379383 0.376924 0.405555 0.351687 0.336536 0.326254 0.320142 0.318349 0.300572 0.569977 0.391073 0.240147 0.236149
threshold=3.9000000000014556 0.65220340407940547 0.047164087613621335 0.79999999999563454 2.4126586683162561 14.77249999999998 0.18763333333333279 0.052563635344036706 0.27935121112801392 0.11450000000000003 -0.027331438552363738 -36.099999999998538 -68.760000000000005 0.58950000000000025 0.030029728765684466 0.71750000000000014 -68.760000000000005 0.23150000000000007 0.94201019718971735 99.302000769703326 43.516499999999986 -116.33499999999999 0.49360000000000198 61.751999999999988 -89.687499999999986 -1.1619999999999844 -0.027331438552363738 0.19346666666666831 0.023634657672527436 0.26050000000000006
decision_type=2 2 2 2 2 2 2 2 2 2 2 2 2 2 2 2 2 2 2 2 2 2 2 2 2 2 2 2 2 2
left_child=4 3 10 15 5 8 25 -8 9 21 28 -12 -5 -14 -4 18 -17 24 19 -2 -9 -1 -13 -6 -10 26 -7 -27 -3 -11
right_child=1 2 14 12 23 6 7 20 17 29 11 22 13 -15 -16 16 -18 -19 -20 -21 -22 -23 -24 -25 -26 27 -28 -29 -30 -31
leaf_value=0.00068430685827716427 0.00018122100688359305 -0.00017859011370214038 -5.1111472255303893e-05 -0.00010333379101337352 -0.00025277385721709784 -0.0004305921791202419 -0.00035654932368940867 -3.3639811077419333e-05 0.00070137959480210137 0.00019544436063232787 0.00056646402284580633 7.8891351106898737e-06 0.00048185802265094009 0.001698105376002319 0.00038638481759753799 -0.00030815875605643041 0.0012014265364919295 -5.7775804096265709e-05 -0.00011351339921385583 1.2605444688459142e-05 0.00046261518417547147 -3.5256002163264152e-05 -0.00018190504215942195 -0.0010817394397288028 -0.00023318857363905019 -9.7106564820289469e-06 7.1155547732466837e-05 0.00021823376153606478 0.00070023573694809804 0.0011270969954992845
leaf_weight=261 17116 9640 1164 464 3785 1070 2995 1857 148 3842 736 24890 2097 218 3403 151 302 14053 2955 8559 825 67058 4240 196 9784 4207 5895 10587 126 112
leaf_count=261 17116 9640 1164 464 3785 1070 2995 1857 148 3842 736 24890 2097 218 3403 151 302 14053 2955 8559 825 67058 4240 196 9784 4207 5895 10587 126 112
internal_value=-8.50147e-14 5.24214e-05 -1.21271e-05 0.000141963 -3.1476e-05 -2.29714e-05 5.39306e-05 -0.000131879 -4.51206e-05 -1.83584e-05 -4.52003e-05 -5.29027e-06 0.00047956 0.00059639 0.000274879 0.000109704 0.000698231 -0.000124646 0.000100392 0.000125011 0.000119011 -3.24662e-05 -1.97362e-05 -0.000293587 -0.000219262 0.000102409 -5.92558e-06 0.000153413 -0.000167252 0.000221834
internal_weight=202736 76061 44199 31862 126675 122694 27436 5677 95258 71273 39632 29866 2779 2315 4567 29083 453 23985 28630 25675 2682 67319 29130 3981 9932 21759 6965 14794 9766 3954
internal_count=202736 76061 44199 31862 126675 122694 27436 5677 95258 71273 39632 29866 2779 2315 4567 29083 453 23985 28630 25675 2682 67319 29130 3981 9932 21759 6965 14794 9766 3954
is_linear=0
shrinkage=0.02


Tree=211
num_leaves=31
num_cat=0
split_feature=10 44 43 7 44 43 7 10 6 15 44 34 43 17 11 10 20 17 13 17 13 9 10 44 10 10 44 9 34 10
split_gain=0.819969 0.892289 1.40299 0.762924 0.725529 0.662341 0.651652 0.645528 0.594613 0.444917 0.559701 0.472724 0.363997 0.410852 0.919238 1.05955 0.478862 0.361332 0.360653 0.349944 0.332034 0.318823 0.27979 0.275366 0.409276 0.547043 0.259191 0.229481 0.223368 0.219423
threshold=-3.3145000000000162 3.1601215743280169 12.740000000000874 9.6317160962226378 -1.2166341907899294 5.1000000000014554 0.60851762498543793 104.706 0.73209999999999975 1.7971979995567586 -1.2804076022086535 -0.070498786730593274 23.319999999999713 1.5671165218207503 1.3395000000000004 -72.730999999999995 4.4000000000014561 0.25106324109404593 0.4246000000000002 0.59605311562714625 0.94383333333333386 -15.052999999999995 -166.39949999999996 1.454386659822011 -68.760000000000005 -47.616000000000007 0.75907219851953689 -75.306499999999971 -0.01697023614755588 -138.12749999999997
decision_type=2 2 2 2 2 2 2 2 2 2 2 2 2 2 2 2 2 2 2 2 2 2 2 2 2 2 2 2 2 2
left_child=12 2 4 9 5 21 -7 8 -6 10 -4 -11 13 14 16 -16 17 -1 -9 -18 -17 -2 -14 24 26 -26 -24 -25 -15 -30
right_child=1 -3 3 -5 7 6 -8 18 -10 11 -12 -13 22 28 15 20 19 -19 -20 -21 -22 -23 23 27 25 -27 -28 -29 29 -31
leaf_value=-3.6516145133857942e-05 -0.0010365937771805848 -0.00044767546242128976 0.0018182381490749635 -0.00093863065160171646 7.9877682470490996e-06 0.00063097110766366154 8.4509162076874315e-05 -0.00012424352871424232 -0.0003993909011209989 -0.00081749690530289495 0.00049273543535285793 0.00026484509325063707 -0.00015035699473002557 -0.00024846615037748518 -0.00036324994896563725 0.00062624720310704683 0.00011033879524496989 -0.00015068540180975361 0.0011266699689275171 -5.6454711981319379e-05 0.0016803816062641284 9.2018768779174027e-05 -0.00030714369420655369 0.00087056104485721641 0.0023246000209345228 0.00058058969719819616 0.00095604261765437366 -4.6799685947199822e-05 0.0005186898254492901 -0.00010140925494591929
leaf_weight=44286 101 1487 133 177 80955 2015 1540 130 1459 175 3040 2079 526 5268 259 212 12984 14792 317 8215 274 11489 176 135 113 198 103 568 234 9296
leaf_count=44286 101 1487 133 177 80955 2015 1540 130 1459 175 3040 2079 526 5268 259 212 12984 14792 317 8215 274 11489 176 135 113 198 103 568 234 9296
internal_value=4.17474e-14 3.87686e-05 4.575e-05 0.000353525 2.81513e-05 0.000155435 0.000394248 4.88699e-06 7.7582e-07 0.000395668 0.000548295 0.000180812 -4.17299e-05 -4.70504e-05 -2.93516e-05 0.000669943 -3.58413e-05 -6.51019e-05 0.00076287 4.57033e-05 0.00122055 8.21836e-05 0.000238542 0.000396748 0.000715342 0.00121427 0.000159194 0.000129365 -0.000143955 -8.61833e-05
internal_weight=202736 105097 103610 5604 98006 15145 3555 82861 82414 5427 3173 2254 97639 95820 81022 745 80277 59078 447 21199 486 11590 1819 1293 590 311 279 703 14798 9530
internal_count=202736 105097 103610 5604 98006 15145 3555 82861 82414 5427 3173 2254 97639 95820 81022 745 80277 59078 447 21199 486 11590 1819 1293 590 311 279 703 14798 9530
is_linear=0
shrinkage=0.02


Tree=212
num_leaves=31
num_cat=0
split_feature=14 10 10 6 44 44 44 10 9 9 44 43 7 44 44 14 10 14 14 10 44 10 5 9 10 9 44 6 9 9
split_gain=0.812682 1.60223 1.47869 1.25582 0.951369 0.849214 0.778342 0.759396 0.778337 0.756344 0.859791 0.730448 0.947445 0.832858 0.719933 0.678966 0.48503 0.956296 0.450761 0.410165 0.768668 0.419146 0.38178 0.359047 0.295878 0.462006 0.438247 0.256375 0.263329 0.226022
threshold=0.97213333333333418 -166.39949999999996 -72.730999999999995 0.65431666666666677 1.8588858361756968 2.7704034032640541 0.69797269886537061 -0.879000000000007 -28.497999999999994 13.950500000000003 0.61603363337115291 14.760000000002039 1.3657808022892122 1.2411641850924389 -1.2305217420372492 2.1761666666666684 -138.12749999999997 1.7400000000000009 2.8280666666666687 51.214499999999994 1.2411641850924389 21.659499999999976 0.10740000000000063 -19.967499999999987 29.345499999999983 23.580500000000018 2.1876406604074967 1.3651333333333329 24.937000000000001 -75.306499999999971
decision_type=2 2 2 2 2 2 2 2 2 2 2 2 2 2 2 2 2 2 2 2 2 2 2 2 2 2 2 2 2 2
left_child=1 -1 6 5 7 11 16 9 -9 22 -11 12 -4 -13 -10 27 17 23 -7 21 -21 -17 -3 -2 -6 26 -26 28 -5 -8
right_child=2 4 3 15 24 18 29 8 14 10 -12 13 -14 -15 -16 19 -18 -19 -20 20 -22 -23 -24 -25 25 -27 -28 -29 -30 -31
leaf_value=0.0016749624355374441 -0.00042468792495078522 -3.1488733873240681e-05 0.0003278622708612971 -0.00054978937238938297 -0.0001610048612409253 -0.00025085301964137169 0.00036754921449279793 0.00176005163363048 0.0001709908995142382 0.00074685762406314629 -0.00029263996427591267 0.00080328000322520577 -5.9011607519309044e-05 0.00015470974813558178 9.8378620286836278e-06 0.00056059529363576858 -0.00074822204824333619 -0.00060962787740321666 0.00064250363167449786 0.0015422032995071884 0.00010283808161410468 -0.00065880504709283586 -0.00013351683610421383 0.0009022912571892875 -0.00025323961204176925 0.00015943917656032782 -0.0012104258142700644 -0.0011032818335665639 -0.0001122843647983057 -7.9698551126164489e-05
leaf_weight=224 109 65037 9149 980 10438 1817 642 105 13333 973 473 2054 3501 1289 65871 175 1227 759 258 210 506 317 18943 324 355 297 415 173 1255 1527
leaf_count=224 109 65037 9149 980 10438 1817 642 105 13333 973 473 2054 3501 1289 65871 175 1227 759 258 210 506 317 18943 324 355 297 415 173 1255 1527
internal_value=1.04132e-13 -1.54505e-05 0.000103778 0.000172797 -1.7599e-05 0.000240886 -0.000222419 -5.31892e-06 3.92472e-05 -4.66938e-05 0.000406828 0.000290275 0.000220791 0.000553203 3.6966e-05 -0.000167427 -0.000469088 -0.000181759 -0.000139775 0.000219505 0.000524998 -0.000225075 -5.45028e-05 0.000568248 -0.000193433 -0.000510659 -0.000769126 -0.000361536 -0.000304121 5.26818e-05
internal_weight=202736 176464 26272 21684 176240 18068 4588 164735 79309 85426 1446 15993 12650 3343 79204 3616 2419 1192 2075 1208 716 492 83980 433 11505 1067 770 2408 2235 2169
internal_count=202736 176464 26272 21684 176240 18068 4588 164735 79309 85426 1446 15993 12650 3343 79204 3616 2419 1192 2075 1208 716 492 83980 433 11505 1067 770 2408 2235 2169
is_linear=0
shrinkage=0.02


Tree=213
num_leaves=31
num_cat=0
split_feature=34 42 34 45 42 45 10 9 10 17 24 29 32 36 42 6 10 14 42 6 45 45 9 42 13 14 45 14 6 9
split_gain=0.807932 0.943193 1.04042 1.22194 0.88967 0.86948 0.744832 0.637352 0.83541 0.619278 0.913847 0.595841 0.56838 0.55864 0.454838 0.498535 0.560735 0.531318 0.440463 0.36777 0.366966 0.358273 0.446526 0.328354 0.306681 0.280153 0.271734 0.264577 0.247247 0.22303
threshold=0.020716296794778176 0.81986196433497682 0.0036999726363705515 0.065367334860913021 0.90922586808755124 0.070084585145808745 47.642999999999994 15.106499999999999 91.561999999999998 0.56312331707353636 0.54999999999563454 -0.0047673558721539324 0.022033596777724925 12.500000000000002 0.51343748924280075 0.65431666666666677 6.1289999999999862 1.4832666666666674 0.54159851796486713 0.03483333333333255 0.063868320146795513 0.050790807708859187 -6.1529999999999907 0.68591841372870399 0.39043333333333413 2.5471500000000016 0.071418589269327662 2.1761666666666684 0.083900000000000099 -3.5829999999999829
decision_type=2 2 2 2 2 2 2 2 2 2 2 2 2 2 2 2 2 2 2 2 2 2 2 2 2 2 2 2 2 2
left_child=1 2 5 11 14 9 18 8 -7 10 -1 -4 -11 26 -2 16 23 -18 -5 -13 -17 -15 -23 -16 29 -22 -6 -24 -9 -3
right_child=4 24 3 6 13 7 -8 28 -10 12 -12 19 -14 21 15 20 17 -19 -20 -21 25 22 27 -25 -26 -27 -28 -29 -30 -31
leaf_value=1.1195923576458777e-05 0.00092246990908776685 -0.00028761674842384702 0.00029280687509039305 0.00067350064010199132 -0.00018984368160477097 -0.00017716418819668268 0.0012994916513721624 0.0014853333511875354 -0.0017813819291102096 -9.3643299155226467e-05 0.00049561095048474924 8.0186603817168772e-05 0.00069484824822535983 -1.8192345248146733e-05 0.00034141018891560955 -0.00046318678710069661 0.00025603436582429 0.00087074562631696251 0.00021672496907332344 -7.3006590799119843e-05 -0.00012439136811929547 -0.00059738454291696796 0.00030890291582468064 4.8216382266773581e-05 -0.00030143196790068718 0.00071100329660235887 0.000149830361700603 0.0011665896331519493 0.00025507907753627798 -5.9918209482242951e-05
leaf_weight=66704 309 2183 3240 1030 7284 14757 314 117 131 31340 1595 12704 370 3940 1781 883 8173 604 4687 12374 507 210 2186 10751 4818 235 1082 154 148 8125
leaf_count=66704 309 2183 3240 1030 7284 14757 314 117 131 31340 1595 12704 370 3940 1781 883 8173 604 4687 12374 507 210 2186 10751 4818 235 1082 154 148 8125
internal_value=2.29312e-14 -1.92064e-05 -3.98014e-06 9.26239e-05 8.29963e-05 -3.27939e-05 0.000351109 -0.000173975 -0.00019128 -1.14027e-05 2.25086e-05 3.75733e-05 -8.4443e-05 -3.78916e-05 0.000160263 0.000149993 0.000175744 0.000298336 0.00029902 4.59794e-06 -0.000187677 0.000101354 0.000286065 8.9884e-05 -0.000169708 0.000140188 -0.000145913 0.000365349 0.000798248 -0.00010814
internal_weight=202736 164637 149511 34349 38099 115162 6031 15153 14888 100009 68299 28318 31710 14856 23243 22934 21309 8777 5717 25078 1625 6490 2550 12532 15126 742 8366 2340 265 10308
internal_count=202736 164637 149511 34349 38099 115162 6031 15153 14888 100009 68299 28318 31710 14856 23243 22934 21309 8777 5717 25078 1625 6490 2550 12532 15126 742 8366 2340 265 10308
is_linear=0
shrinkage=0.02


Tree=214
num_leaves=31
num_cat=0
split_feature=23 4 34 29 45 45 14 9 15 14 9 10 6 34 10 17 34 16 11 17 11 10 14 40 45 9 44 37 44 44
split_gain=0.782406 0.742921 0.772885 1.41788 1.2592 0.933031 0.813208 0.78627 0.565511 0.694557 0.485259 0.604649 0.429696 0.407623 0.403411 0.418286 0.357316 0.327512 0.29999 0.29944 0.289716 0.285944 0.279304 0.275938 0.245161 0.245945 0.241043 0.239868 0.238906 0.553012
threshold=0.099999999998544822 0.45870000000000299 -0.0037422783688507936 -0.012453772933745942 0.062110590146075881 0.065079365079300386 0.3253666666666678 19.860500000000002 0.67576116341967141 0.30940000000000017 13.950500000000003 91.561999999999998 0.1132666666666665 0.057930511067481483 49.269499999999994 0.15273581337484074 0.023776076773581099 5.1553483360322492 0.19150000000000003 2.0648577586813457 1.1205000000000003 70.033999999999992 0.50636666666666807 86.885245894570417 0.055998959094736192 -1.1619999999999844 1.6883562476704157 0.16699999998747503 0.04064043764502507 1.9726424791559014
decision_type=2 2 2 2 2 2 2 2 2 2 2 2 2 2 2 2 2 2 2 2 2 2 2 2 2 2 2 2 2 2
left_child=1 2 5 24 7 8 -6 -5 9 -1 11 -7 -12 21 15 18 19 27 -2 20 -17 -3 -10 -23 -4 -26 -15 28 -16 -30
right_child=14 13 3 4 6 10 -8 -9 22 -11 12 -13 -14 26 17 16 -18 -19 -20 -21 -22 23 -24 -25 25 -27 -28 -29 29 -31
leaf_value=-5.987984709929029e-05 0.00037211949369734876 -0.00016907477380699452 0.00031569991631280299 -8.0505890499619101e-06 1.7658187584554365e-05 -0.00018593801839850331 0.00026976598079598809 -0.00043222377997414107 -0.00020353297039684269 9.889047431348768e-05 0.0014105796006710068 -0.0016606641058336078 -0.00016874549994455243 0.00030541911176257827 0.00030269577771969985 3.5438770843165911e-05 0.00023018342135488286 -0.00053121598068779955 0.0015199892073869707 -0.00013110608790268248 0.00041276559685151829 -0.00035376793020831045 -4.0725766330723766e-05 -0.0014717214297554674 0.00023031748183978092 0.0009007230114597499 -0.00019775206121395371 -0.00017896098117154525 0.0014473291271116765 0.00026256936132639013
leaf_weight=20206 1020 12654 3104 66782 9153 15749 11609 1795 7166 24246 143 112 133 1164 424 5200 4100 120 100 3806 965 280 10235 129 328 658 566 152 351 286
leaf_count=20206 1020 12654 3104 66782 9153 15749 11609 1795 7166 24246 143 112 133 1164 424 5200 4100 120 100 3806 965 280 10235 129 328 658 566 152 351 286
internal_value=-9.1556e-14 -1.1704e-05 3.13455e-08 3.88318e-05 2.21612e-05 -4.64501e-05 0.000158623 -1.91533e-05 -1.11163e-05 2.67202e-05 -0.000181884 -0.000196352 0.000649528 -0.000147691 0.000131895 0.000102622 7.30128e-05 0.000465493 0.000474608 8.38538e-06 9.45013e-05 -0.000185898 -0.000107772 -0.000706374 0.000402971 0.000677708 0.000140798 0.000564096 0.000670547 0.000915396
internal_weight=202736 186212 171419 93429 89339 77990 20762 68577 61853 44452 16137 15861 276 14793 16524 15191 14071 1333 1120 9971 6165 13063 17401 409 4090 986 1730 1213 1061 637
internal_count=202736 186212 171419 93429 89339 77990 20762 68577 61853 44452 16137 15861 276 14793 16524 15191 14071 1333 1120 9971 6165 13063 17401 409 4090 986 1730 1213 1061 637
is_linear=0
shrinkage=0.02


Tree=215
num_leaves=31
num_cat=0
split_feature=43 7 43 10 44 34 5 10 44 44 45 7 10 42 34 15 44 10 9 43 5 45 9 10 9 10 10 6 45 6
split_gain=0.794138 1.05761 1.04105 0.933736 0.930651 0.910129 0.841593 0.722625 0.672022 0.647861 0.619441 0.507439 0.507508 0.491941 0.521636 0.548918 0.441849 0.353862 0.466983 0.33006 0.421907 0.337573 0.30545 0.26241 0.213149 0.212864 0.21139 0.34048 0.296943 0.265984
threshold=1.9799999999944704 0.63845653727725982 6.9400000000008744 61.751999999999988 -0.7801819440857708 -0.021534874597406269 -0.33119999999999755 104.706 1.134769847281498 0.65801029313983161 0.072102006688792658 0.3518716385215897 25.306999999999974 0.88976677656969527 0.013817555070259524 0.20393050286522865 0.61603363337115291 -9.3995000000000122 -18.455999999999985 15.540000000000875 0.7497500000000018 0.035964912280539052 -2.3879999999999835 61.751999999999988 -2.3879999999999835 -89.687499999999986 15.847499999999982 0.052866666666665972 0.042470046646997744 -0.32190000000000007
decision_type=2 2 2 2 2 2 2 2 2 2 2 2 2 2 2 2 2 2 2 2 2 2 2 2 2 2 2 2 2 2
left_child=23 2 13 11 -5 19 17 10 -9 -6 -8 12 -4 14 15 -2 -16 24 -19 20 21 -3 -13 25 -7 -1 -27 29 -29 -28
right_child=1 5 3 4 9 6 7 8 -10 -11 -12 22 -14 -15 16 -17 -18 18 -20 -21 -22 -23 -24 -25 -26 26 27 28 -30 -31
leaf_value=0.00059080261418624871 9.103069018552432e-05 -6.0687279167441453e-05 0.00021554373843341628 0.0022373322921119773 -0.00013237096635030436 -1.026959771665384e-05 -6.5750187876416951e-05 0.0015644648128862499 -0.00038436636074450531 0.0011810174268146708 0.00019249178184973175 -5.5954929946915738e-05 0.00067314587454066243 -0.00010575364220433388 0.00024211443578779334 -3.6205710410958511e-05 -1.7495053275616812e-05 0.001314082523678401 0.00030576037164210964 1.0906928532550008e-05 -0.0013134027388034578 -0.00027333479864514358 0.00016248128186028237 -0.00055688739382685627 0.00042986082124757966 -9.6174444835401984e-05 -0.00085112122335594218 -0.0003410601528069191 3.9866076284293445e-05 0.00016336985904294389
leaf_weight=193 24507 4498 8114 159 304 2526 35626 213 106 297 4148 4573 1101 9620 8710 30370 3752 196 2933 3263 138 8884 5819 451 533 34114 106 1491 1815 4176
leaf_count=193 24507 4498 8114 159 304 2526 35626 213 106 297 4148 4573 1101 9620 8710 30370 3752 196 2933 3263 138 8884 5819 451 533 34114 106 1491 1815 4176
internal_value=1.22641e-13 2.0339e-05 6.16799e-05 0.00018883 0.000876654 -4.34619e-05 2.29161e-06 -3.12142e-05 0.000916891 0.000516675 -3.88183e-05 0.000162169 0.000270218 2.80298e-05 4.7142e-05 2.06156e-05 0.000163952 0.000219381 0.000368921 -0.000169632 -0.000213205 -0.000201859 6.63584e-05 -7.70362e-05 6.64187e-05 -7.18706e-05 -7.49375e-05 2.0539e-05 -0.000131931 0.000138256
internal_weight=202736 160390 97326 20367 760 63064 46281 40093 319 601 39774 19607 9215 76959 67339 54877 12462 6188 3129 16783 13520 13382 10392 42346 3059 41895 41702 7588 3306 4282
internal_count=202736 160390 97326 20367 760 63064 46281 40093 319 601 39774 19607 9215 76959 67339 54877 12462 6188 3129 16783 13520 13382 10392 42346 3059 41895 41702 7588 3306 4282
is_linear=0
shrinkage=0.02


Tree=216
num_leaves=31
num_cat=0
split_feature=43 7 34 43 42 34 29 44 45 45 42 42 2 41 4 44 14 34 9 9 0 14 44 45 0 17 1 11 17 44
split_gain=0.767604 1.12873 1.08309 1.03011 0.715311 0.852204 0.789216 0.596091 0.594239 0.540414 0.526012 0.459991 0.487051 0.419009 0.384545 0.394068 0.332741 0.322354 0.280008 0.27197 0.217444 0.215455 0.199829 0.193659 0.192728 0.272263 0.358374 0.175157 0.174349 0.161576
threshold=2.3999999999985451 0.42023856319767888 0.030401569311765849 6.9400000000008744 0.93019592196714684 -0.015577675985557123 -0.033733270121488738 2.5272667440274499 0.031898371381231701 0.031593038821823689 0.85522541318753986 0.87661785142121929 -0.99218749988695765 56.103591242500841 -0.10999999999999875 -0.81011538141725936 2.8280666666666687 -0.010914283775708088 -5.1959999999999917 26.659000000000002 0.016000000000000014 2.3338833333333349 -0.68182510097023619 0.055419867495200427 -0.7014999999999999 0.13015417276617619 0.99999999911892579 0.057500000000000016 0.056340989877196053 -1.5462308567252772
decision_type=2 2 2 2 2 2 2 2 2 2 2 2 2 2 2 2 2 2 2 2 2 2 2 2 2 2 2 2 2 2
left_child=19 3 4 10 5 9 -7 8 21 -3 14 12 22 -10 17 -16 -9 -2 -14 20 24 -4 -5 -21 -1 27 -27 -26 -22 -6
right_child=1 2 7 11 29 6 -8 16 13 -11 -12 -13 18 -15 15 -17 -18 -19 -20 23 28 -23 -24 -25 25 26 -28 -29 -30 -31
leaf_value=0.00012564667255551636 -0.00014256048183921199 8.4131436117315179e-06 1.8585688008909944e-05 0.00033940225942882265 9.2696851428780746e-05 0.00060488820294241844 7.0249634939640617e-06 -0.00038532596528103056 0.00092213770821607407 -0.00018500679987487216 -9.9370826819387674e-05 -3.5485804527709254e-05 0.00020321168042782245 0.00024162682878413292 0.000214225805802718 6.3273615571026609e-05 0.00027622374617084151 9.3931707558017458e-05 0.0004710049493132488 -0.00077430490072125525 0.00020595605515793484 -0.00054296650012394701 -2.0187940270711089e-05 6.8636610477159802e-05 -6.4524374999620394e-05 -0.0001454494873657836 -0.00061667831668966641 0.00029606372922365873 -1.835212195287975e-05 -0.00032558398812528624
leaf_weight=1664 5170 8369 3715 881 403 904 38359 1249 378 18664 8127 1881 2231 8508 9857 23197 402 4161 5207 362 1546 295 2072 156 24427 11485 684 551 13400 4431
leaf_count=1664 5170 8369 3715 881 403 904 38359 1249 378 18664 8127 1881 2231 8508 9857 23197 402 4161 5207 362 1546 295 2072 156 24427 11485 684 551 13400 4431
internal_value=-3.20456e-14 2.35303e-05 -2.36773e-05 8.79512e-05 -5.58354e-05 -3.87092e-05 2.07903e-05 0.000133565 0.000179373 -0.000125127 4.80204e-05 0.000252308 0.000304405 0.000270575 7.62816e-05 0.000108289 -0.000224246 -3.71008e-05 0.000390681 -6.43635e-05 -5.99687e-05 -2.27255e-05 8.70924e-05 -0.000520446 -8.49302e-05 -9.4363e-05 -0.000171937 -5.657e-05 4.8501e-06 -0.000290713
internal_weight=202736 148461 85677 62784 71130 66296 39263 14547 12896 27033 50512 12272 10391 8886 42385 33054 1651 9331 7438 54275 53757 4010 2953 518 38811 37147 12169 24978 14946 4834
internal_count=202736 148461 85677 62784 71130 66296 39263 14547 12896 27033 50512 12272 10391 8886 42385 33054 1651 9331 7438 54275 53757 4010 2953 518 38811 37147 12169 24978 14946 4834
is_linear=0
shrinkage=0.02


Tree=217
num_leaves=31
num_cat=0
split_feature=14 44 14 9 6 34 12 6 6 14 34 5 44 6 44 34 29 34 5 6 44 43 44 6 6 13 44 9 44 44
split_gain=0.763197 0.929748 0.704751 0.89848 0.877641 0.998302 0.714344 0.682727 0.757204 0.627946 0.627398 0.890379 0.850608 0.877693 0.511711 0.419279 0.389285 0.384384 0.737321 0.416111 0.358796 0.316602 0.426009 0.252675 0.244285 0.228184 0.234528 0.226369 0.677438 0.530047
threshold=0.97213333333333418 1.8588858361756968 0.1936000000000008 -1.3690000000000007 0.08196666666666573 0.01846981702454616 0.70500000000000285 0.65431666666666677 -0.59721666666666684 2.1761666666666684 -0.02285948758854071 0.16220000000000087 -0.75985967929795561 -0.1733666666666667 -1.1871706919936587 0.048816194574023503 -0.058349777897875869 -0.0095901530654452973 -0.16519999999999876 -0.07333333333333357 1.009920957945192 16.400000000004372 3.1601215743280169 1.3651333333333329 0.28451666666666625 0.20866666666666833 -0.19341946934428439 -13.837000000000005 0.23589529786104249 1.6883562476704157
decision_type=2 2 2 2 2 2 2 2 2 2 2 2 2 2 2 2 2 2 2 2 2 2 2 2 2 2 2 2 2 2
left_child=1 2 14 17 6 -6 -5 8 27 23 12 16 13 -10 -1 -13 -12 19 -19 -4 -14 -11 -23 25 -3 -9 -27 -2 -29 -30
right_child=7 24 3 4 5 -7 -8 9 10 21 11 15 20 -15 -16 -17 -18 18 -20 -21 -22 22 -24 -25 -26 26 -28 28 29 -31
leaf_value=4.4155978842511182e-05 -0.00010577275632152226 -0.00015779662914839243 -0.00014297668230513371 0.00015132451781131468 -0.00010625570878317146 0.0001120284573688778 -9.1420973150541719e-05 -0.0011942676138670112 0.0012422122143929807 -6.995154123325565e-05 0.0014843036831302596 -2.0205668060096447e-05 8.6250843345512195e-05 -0.00021814239611130153 -0.00014874735285085668 0.00036331100617102013 0.00041128116774624495 0.00018553431431627969 -4.6041619601772492e-05 4.4712253031285379e-05 -0.00028299982234271484 0.0009396550504169837 -0.00023411879052598656 -0.0010711426247581517 -0.00046270784898325265 -0.00059931690167411094 -0.00011893275666724681 -0.00096427846480818353 0.0021001905173296111 0.00023722912580483729
leaf_weight=7607 4827 10335 20390 37835 20045 14402 5562 104 417 710 138 3902 2177 272 19864 1611 6766 6965 26139 6150 2038 386 182 173 1170 537 1673 102 100 157
leaf_count=7607 4827 10335 20390 37835 20045 14402 5562 104 417 710 138 3902 2177 272 19864 1611 6766 6965 26139 6150 2038 386 182 173 1170 537 1673 102 100 157
internal_value=3.32373e-14 -1.49727e-05 -2.84892e-06 1.56295e-05 6.03825e-05 -1.49929e-05 0.000120213 0.000100569 0.000142269 -0.000148709 0.000205744 0.00028139 1.42093e-05 0.000665701 -9.53305e-05 9.1865e-05 0.000432729 -4.27797e-05 2.68139e-06 -9.94843e-05 -9.2286e-05 0.000211605 0.000563551 -0.000333864 -0.000188805 -0.000278743 -0.00023566 -6.97373e-05 0.000414784 0.000962117
internal_weight=202736 176464 164959 137488 77844 34447 43397 26272 22507 3765 17321 12417 4904 689 27471 5513 6904 59644 33104 26540 4215 1278 568 2487 11505 2314 2210 5186 359 257
internal_count=202736 176464 164959 137488 77844 34447 43397 26272 22507 3765 17321 12417 4904 689 27471 5513 6904 59644 33104 26540 4215 1278 568 2487 11505 2314 2210 5186 359 257
is_linear=0
shrinkage=0.02


Tree=218
num_leaves=31
num_cat=0
split_feature=1 43 1 10 14 15 5 15 17 42 34 45 33 44 34 44 43 6 15 45 31 10 0 17 44 15 34 17 14 1
split_gain=0.745793 0.846011 0.949585 1.20967 0.876701 1.0436 0.638785 0.599473 0.494149 0.446485 0.407487 0.572896 0.465816 0.394103 0.385776 0.352563 0.338089 0.337187 0.285116 0.288552 0.284891 0.245136 0.263145 0.270379 0.244172 0.242755 0.273141 0.241905 0.235718 0.2222
threshold=0.002436424603288002 3.4000000000014556 28.499999679375009 -5.2390000000000212 0.47653333333333503 1.5103871183288102 0.48410000000000136 0.29193312588794268 1.4432350658136384 0.87661785142121929 -0.0095901530654452973 0.058934799104051812 -0.0076778209727243725 0.05515239103488221 0.0026587955295749913 1.1100431958565664 28.550000000000001 0.22631666666666642 0.48676174870077232 0.060929378653718592 -24.799999999995631 -89.687499999999986 0.016000000000000014 0.0044069729319524608 -0.56732098641892237 2.5297921356699269 0.036424538977527794 1.6611773565884651 0.95460000000000134 0.81619853023087086
decision_type=2 2 2 2 2 2 2 2 2 2 2 2 2 2 2 2 2 2 2 2 2 2 2 2 2 2 2 2 2 2
left_child=6 21 3 8 15 -6 10 9 13 24 18 17 -13 -3 -14 -5 -10 28 19 20 -1 -2 23 -23 -4 26 -9 -24 -12 -25
right_child=1 2 7 4 5 -7 -8 25 16 -11 11 12 14 -15 -16 -17 -18 -19 -20 -21 -22 22 27 29 -26 -27 -28 -29 -30 -31
leaf_value=0.00010699860071419817 0.00053832400261993451 0.00017996140970074129 0.0003198999714676856 0.00011884919015658392 0.00044502264503108252 7.5873550760242463e-05 -0.00037876007025140318 -6.5673590681941245e-05 -0.00015051980457559346 -0.00010048023801721951 -3.8240411513963008e-05 0.00052202199572866034 -9.532692354794724e-05 -2.6460754721910162e-05 0.0001825438489222969 -0.00027543267403119093 0.00033178338101886922 -0.00030251707763301582 -0.00017904503561450634 -0.00018425061218719482 -8.4900191357358497e-05 0.0001573214051138195 3.0341817485635493e-05 -3.380506376999102e-06 0.00010245419971802595 -0.00024779991671965005 0.00011163212371462506 -0.00015175955880949849 0.00028181497929627474 -0.00014331479642195187
leaf_weight=5605 293 8532 3391 7395 9673 4483 2335 21703 6768 2866 25445 1090 3106 6532 5605 1034 636 1900 11053 4596 6909 1678 20879 6212 5285 2394 4138 3392 955 16853
leaf_count=5605 293 8532 3391 7395 9673 4483 2335 21703 6768 2866 25445 1090 3106 6532 5605 1034 636 1900 11053 4596 6909 1678 20879 6212 5285 2394 4138 3392 955 16853
internal_value=-1.4925e-13 2.74321e-05 6.57254e-05 0.0001286 0.000231965 0.000328118 -5.364e-05 -5.48906e-06 2.46967e-05 0.000115948 -4.21835e-05 4.56692e-07 0.000132239 9.04533e-05 8.34661e-05 7.0482e-05 -0.00010909 -4.51829e-05 -9.98704e-05 -4.87238e-05 1.05096e-06 -3.84495e-05 -4.18974e-05 -8.77945e-05 0.000187443 -5.51306e-05 -3.72811e-05 4.89219e-06 -2.66627e-05 -0.000105627
internal_weight=202736 134137 84830 45053 22585 14156 68599 39777 22468 11542 66264 38101 9801 15064 8711 8429 7404 28300 28163 17110 12514 49307 49014 24743 8676 28235 25841 24271 26400 23065
internal_count=202736 134137 84830 45053 22585 14156 68599 39777 22468 11542 66264 38101 9801 15064 8711 8429 7404 28300 28163 17110 12514 49307 49014 24743 8676 28235 25841 24271 26400 23065
is_linear=0
shrinkage=0.02


Tree=219
num_leaves=31
num_cat=0
split_feature=14 10 10 44 43 15 44 5 14 44 10 9 44 44 43 10 14 7 10 14 45 15 10 34 10 9 44 10 9 45
split_gain=0.720852 1.52049 1.39922 0.918971 0.996877 0.90905 0.866234 0.813838 0.812439 0.75888 0.696174 0.770825 0.763174 0.707234 0.940648 0.813447 0.683523 0.591259 0.460863 0.905737 0.436479 0.385029 0.344904 0.333866 0.289056 0.441887 0.482586 0.222527 0.218278 0.241992
threshold=0.97213333333333418 -166.39949999999996 -72.730999999999995 2.5272667440274499 15.540000000000875 1.3456130387295915 1.8588858361756968 0.16220000000000087 1.5994166666666678 0.69797269886537061 -3.9395000000000207 13.950500000000003 0.61603363337115291 -1.2305217420372492 7.5799999999973808 104.706 2.8280666666666687 1.8986280173438217 -138.12749999999997 1.7400000000000009 0.043383337887632004 7.2229586547185534 -76.424999999999997 -0.020699484425137856 29.345499999999983 15.106499999999999 2.1876406604074967 43.516499999999986 -75.306499999999971 0.047329919044395839
decision_type=2 2 2 2 2 2 2 2 2 2 2 2 2 2 2 2 2 2 2 2 2 2 2 2 2 2 2 2 2 2
left_child=1 -1 9 4 7 8 10 17 -6 18 11 22 -13 14 -12 -15 27 -4 19 20 -2 -7 -3 -9 -8 26 -26 -5 29 -11
right_child=2 6 3 16 5 21 24 23 -10 28 13 12 -14 15 -16 -17 -18 -19 -20 -21 -22 -23 -24 -25 25 -27 -28 -29 -30 -31
leaf_value=0.0016321778141562911 6.1407794239485551e-06 0.00023130600765850629 0.00033240728136547189 -0.00018390252984956985 0.00053039206746251688 0.00041394371397192266 -0.00015237457719513147 -0.00050297153953781368 0.0016205409529103383 0.00085905521328622338 0.00010888675825161007 0.00075742274343554522 -0.00034773396227733586 3.7360207362831315e-06 0.00066420070468276016 0.001078046478314943 0.00045917713826003652 -9.3787636218301514e-05 -0.00073522822103796873 -0.00059946251517988144 0.0012925611092781924 -0.00031748205723980551 -6.4194625559381384e-05 7.7957319336000503e-06 -0.00032193611142712554 -0.00010705124179209657 -0.0015503129474492745 -0.00068891702193556528 -7.8024835350893164e-05 5.8469080254155445e-05
leaf_weight=224 251 1615 7951 2605 632 1878 10438 576 482 243 13437 887 348 74042 1342 283 660 1557 1227 759 182 340 72781 4600 262 555 250 403 1527 399
leaf_count=224 251 1615 7951 2605 632 1878 10438 576 482 243 13437 887 348 74042 1342 283 660 1557 1227 759 182 340 72781 4600 262 555 250 403 1527 399
internal_value=6.00171e-14 -1.45514e-05 9.77393e-05 0.000164877 0.000223626 0.00053594 -1.66444e-05 0.000152758 0.00100207 -0.000219571 -4.92663e-06 -4.95533e-05 0.00044601 3.29523e-05 0.000159312 7.82657e-06 -0.000123676 0.000262615 -0.000463138 -0.000183058 0.000546853 0.000301823 -5.77799e-05 -4.90439e-05 -0.000184426 -0.000497975 -0.000921729 -0.000251562 5.20681e-05 0.000361495
internal_weight=202736 176464 26272 21684 18016 3332 176240 14684 1114 4588 164735 75631 1235 89104 14779 74325 3668 9508 2419 1192 433 2218 74396 5176 11505 1067 512 3008 2169 642
internal_count=202736 176464 26272 21684 18016 3332 176240 14684 1114 4588 164735 75631 1235 89104 14779 74325 3668 9508 2419 1192 433 2218 74396 5176 11505 1067 512 3008 2169 642
is_linear=0
shrinkage=0.02


Tree=220
num_leaves=31
num_cat=0
split_feature=3 10 41 5 17 11 11 29 10 10 19 14 15 10 9 36 4 10 4 4 42 10 27 10 7 10 45 4 43 20
split_gain=0.710193 0.813373 0.659349 0.612451 0.57522 1.214 1.00146 0.773973 0.70698 0.694041 0.569823 0.457589 0.539148 0.426866 0.406914 0.384303 0.377026 0.329817 0.251819 0.206342 0.233051 0.259527 0.235539 0.202311 0.202153 0.181632 0.172314 0.170274 0.150775 0.13074
threshold=0.0024305028661695239 46.280999999999985 88.666666661124211 0.48410000000000136 0.56312331707353636 0.21450000000000005 0.34550000000000008 0.049903212201629639 -166.39949999999996 -68.760000000000005 2.1691928080322609 0.42790000000000089 3.3815731542333438 61.751999999999988 -3.6759999999999957 21.500000000000004 -1.0305999999999964 -56.553500000000007 -0.21659999999999843 0.12520000000000156 0.20003611399538987 28.566499999999987 -0.01224817727061289 61.751999999999988 1.8333367120783437 66.272499999999994 0.060350004131187872 0.40200000000000297 12.51999999999971 12.250000000000002
decision_type=2 2 2 2 2 2 2 2 2 2 2 2 2 2 2 2 2 2 2 2 2 2 2 2 2 2 2 2 2 2
left_child=3 2 4 15 5 8 17 -8 -2 -7 13 14 16 24 -12 19 -13 -6 -15 20 22 -22 -1 28 26 -16 -3 -20 -5 -14
right_child=1 10 -4 23 6 9 7 -9 -10 -11 11 12 29 18 25 -17 -18 -19 27 -21 21 -23 -24 -25 -26 -27 -28 -29 -30 -31
leaf_value=0.00019532662681020241 0.0011931672246282702 0.00017745913442165115 -0.00016119368696467757 -0.00025511173861595039 0.00050595912436036537 -0.00020888942149474766 -2.3575842941410771e-05 0.00027082993865139852 2.5275674911023645e-05 0.00032867182222598646 -0.00089705085248111731 0.0015863529235573002 -0.0004696519872074278 -0.00088489302560429124 0.00050152898398090132 -0.00026823771945842122 0.00050711791773543514 -0.00029701236072597734 1.8168142304413644e-05 -0.00011602031489372194 -4.3871928389797636e-06 0.00017201750895336034 -9.3434456648148833e-05 -0.00098740992638974992 -0.00031980023668127725 -0.00027220039434804776 0.00064229042813472527 -0.00050750959831331042 -0.00078907109395783795 0.00015550372170540345
leaf_weight=1211 208 1114 7998 1902 212 1081 34010 3991 64363 8633 188 135 247 204 304 2852 3166 5872 896 9659 31942 3725 16875 195 234 202 447 340 238 292
leaf_count=1211 208 1114 7998 1902 212 1081 34010 3991 64363 8633 188 135 247 204 304 2852 3166 5872 896 9659 31942 3725 16875 195 234 202 447 340 238 292
internal_value=-1.89584e-14 2.67693e-05 1.45579e-05 -5.23442e-05 2.64331e-05 6.03973e-05 -3.07979e-05 7.3437e-06 2.90378e-05 0.000268851 0.000225396 0.000370077 0.000455494 2.26174e-05 -0.000102544 -4.11263e-05 0.000551255 -0.000269032 -0.000233884 -3.09118e-05 -1.56184e-05 1.40362e-05 -7.40996e-05 -0.000370692 0.00022839 0.000192649 0.000310566 -0.000126436 -0.000314496 -0.000130978
internal_weight=202736 134137 126368 68599 118370 74285 44085 38001 64571 9714 7769 4534 3840 3235 694 66264 3301 6084 1440 63412 53753 35667 18086 2335 1795 506 1561 1236 2140 539
internal_count=202736 134137 126368 68599 118370 74285 44085 38001 64571 9714 7769 4534 3840 3235 694 66264 3301 6084 1440 63412 53753 35667 18086 2335 1795 506 1561 1236 2140 539
is_linear=0
shrinkage=0.02


Tree=221
num_leaves=31
num_cat=0
split_feature=43 7 43 34 5 43 42 34 12 15 44 14 44 15 31 44 43 5 45 7 44 14 15 7 13 42 42 1 43 44
split_gain=0.699951 0.907974 0.972916 0.812807 0.828061 0.615605 0.478027 0.513179 0.508394 0.476638 0.450675 0.457017 0.449535 0.421005 0.398673 0.344701 0.304186 0.372808 0.295189 0.269327 0.368854 0.268582 0.392048 0.256449 0.207396 0.207348 0.188021 0.176022 0.151926 0.143857
threshold=1.7400000000037836 0.63845653727725982 6.9400000000008744 -0.022374440849724644 -0.33119999999999755 20.519999999999715 0.88976677656969527 0.013817555070259524 0.16240000000000138 2.235864821355424 -0.73902862944378855 1.2370500000000006 0.61603363337115291 0.61302181851116588 1.0000000180025095e-35 2.0142050505149549 23.319999999999713 0.7497500000000018 0.031272666988371389 3.0061053372961073 1.1609765836092667 0.70425000000000082 1.0038143503396693 0.34772208730486687 0.58386666666666798 0.83519506906710062 0.26258647562080645 175000000.00000003 6.0800000000002923 -0.27822851721908304
decision_type=2 2 2 2 2 2 2 2 2 2 2 2 2 2 2 2 2 2 2 2 2 2 2 2 2 2 2 2 2 2
left_child=27 2 6 16 21 9 7 8 -2 -6 23 15 -9 -13 -7 -12 17 18 -3 20 -18 28 -23 25 -25 -4 -21 -1 -5 -8
right_child=1 3 10 4 5 14 29 12 -10 -11 11 13 -14 -15 -16 -17 19 -19 -20 26 -22 22 -24 24 -26 -27 -28 -29 -30 -31
leaf_value=-0.00010239368872481513 8.4997215767521146e-05 -3.5943726812670546e-05 0.00057240560067275818 0.00018509732119041032 -2.2506339130704853e-05 0.001163552287289349 -3.8894468252596295e-05 0.0002303839439186623 -3.3941047671554041e-05 -0.00023116933203528532 0.00011301623422414579 0.00063441143771984993 -2.3654794779358999e-05 8.8608642680076433e-06 0.00022704943521657258 -0.00024925768556871764 0.0011239116697392471 -0.0011052912915458105 -0.00023275893969727291 -0.00027806418145803362 2.83187574766599e-05 0.00072390892460147318 0.00021452819108759479 0.00034546737006788515 -1.6219733758470347e-05 0.00011673515779434721 0.0006071750652199237 5.5010683342243014e-06 -0.00010351963686391678 -0.00019128136383273991
leaf_weight=28618 24877 4259 2035 1927 34377 208 5666 9268 34053 5018 12152 1223 3984 664 1445 1150 215 175 10722 534 287 789 2583 1592 1054 497 117 7669 1174 4404
leaf_count=28618 24877 4259 2035 1927 34377 208 5666 9268 34053 5018 12152 1223 3984 664 1445 1150 215 175 10722 534 287 789 2583 1592 1054 497 117 7669 1174 4404
internal_value=-5.3364e-14 1.73514e-05 5.41918e-05 -4.18767e-05 -6.65364e-08 -3.32197e-05 2.35479e-05 4.15566e-05 1.62681e-05 -4.90851e-05 0.000177947 0.000123016 0.000154011 0.000414292 0.000344891 8.16965e-05 -0.000163703 -0.000187527 -0.000176806 0.000149455 0.000497547 0.000210172 0.000333716 0.000339079 0.000201394 0.000482963 -0.000118966 -7.95909e-05 7.58305e-05 -0.000105539
internal_weight=202736 166449 102619 63830 47521 41048 82252 72182 58930 39395 20367 15189 13252 1887 1653 13302 16309 15156 14981 1153 502 6473 3372 5178 2646 2532 651 36287 3101 10070
internal_count=202736 166449 102619 63830 47521 41048 82252 72182 58930 39395 20367 15189 13252 1887 1653 13302 16309 15156 14981 1153 502 6473 3372 5178 2646 2532 651 36287 3101 10070
is_linear=0
shrinkage=0.02


Tree=222
num_leaves=31
num_cat=0
split_feature=23 4 42 43 10 5 9 6 17 10 11 14 44 10 36 14 24 10 36 10 7 10 10 6 10 43 44 44 43 13
split_gain=0.68822 0.681336 0.688804 0.784583 0.805651 0.653321 0.421317 0.411459 0.357679 0.379907 0.732531 0.57186 0.544033 0.300054 0.280658 0.384733 0.274886 0.269216 0.266619 0.345956 0.275329 0.234608 0.178831 0.173301 0.21789 0.172563 0.171639 0.162894 0.27678 0.16097
threshold=0.099999999998544822 0.45870000000000299 0.15847615080206315 1.4800000000002911 27.254499999999982 0.091600000000002138 -1.301499999999997 0.25593333333333373 2.0648577586813457 -72.730999999999995 2.0785000000000005 1.5994166666666678 1.2411641850924389 104.706 26.500000000000004 0.30940000000000017 2.5499999999956349 20.726999999999993 25.500000000000004 74.463999999999984 5.6747760333788406 61.751999999999988 -89.687499999999986 -0.3111833333333337 -138.12749999999997 28.550000000000001 1.8588858361756968 3.0021259773618425 21.749999999998547 1.4247000000000007
decision_type=2 2 2 2 2 2 2 2 2 2 2 2 2 2 2 2 2 2 2 2 2 2 2 2 2 2 2 2 2 2
left_child=1 2 7 21 5 -5 -6 14 9 23 11 16 -13 18 15 -1 -11 25 19 20 -3 22 -4 26 -25 -10 -2 28 -19 -21
right_child=8 13 3 4 6 -7 -8 -9 17 10 -12 12 -14 -15 -16 -17 -18 27 -20 29 -22 -23 -24 24 -26 -27 -28 -29 -30 -31
leaf_value=-0.00013563866373161038 -0.0005534031053919089 -0.00014593412885645289 0.00066215491070496769 5.6237127332623223e-05 1.0692831479254012e-05 -5.6374965365696987e-05 0.00025184146160313114 -0.00047982425092561585 -0.00011008982921026962 0.00013804592749726765 0.0015917908704616397 0.0012639048237023296 0.00023980518050982922 0.00089946304584869233 -0.00023621194827084225 1.4572280535294475e-05 0.00065902792961151978 0.00018996018819035989 7.6298360964024926e-05 -0.0012406095600321846 -0.00062307534734697709 -0.00067133871421956983 -7.584810790764866e-05 0.00050875620376073611 -0.00021955631371346285 0.00033159139888376782 0.00030934567911342878 -0.00032140003253073663 0.0010087112416942163 -0.0003063536859731608
leaf_weight=11745 466 12038 132 68553 4048 29464 10201 1010 4245 7573 158 388 446 110 3591 16267 428 1263 1838 176 504 264 26144 285 388 386 115 193 190 127
leaf_count=11745 466 12038 132 68553 4048 29464 10201 1010 4245 7573 158 388 446 110 3591 16267 428 1263 1838 176 504 264 26144 285 388 386 115 193 190 127
internal_value=7.80933e-15 -1.0977e-05 2.61469e-07 1.96945e-05 4.28136e-05 2.23858e-05 0.000183334 -8.24484e-05 0.000123701 0.000196529 0.000242003 0.000217865 0.000716245 -0.000141206 -6.97486e-05 -4.84089e-05 0.000165915 4.81243e-06 -0.000149002 -0.000181241 -0.000165108 -7.81011e-05 -7.21407e-05 -0.000129588 8.88673e-05 -7.32751e-05 -0.000382635 0.000224511 0.000297023 -0.000849024
internal_weight=202736 186212 171419 138806 112266 98017 14249 32613 16524 10247 8993 8835 834 14793 31603 28012 8001 6277 14683 12845 12542 26540 26276 1254 673 4631 581 1646 1453 303
internal_count=202736 186212 171419 138806 112266 98017 14249 32613 16524 10247 8993 8835 834 14793 31603 28012 8001 6277 14683 12845 12542 26540 26276 1254 673 4631 581 1646 1453 303
is_linear=0
shrinkage=0.02


Tree=223
num_leaves=31
num_cat=0
split_feature=34 42 5 45 41 17 20 11 10 45 11 34 34 31 44 34 0 44 6 6 14 14 33 24 17 41 44 10 6 17
split_gain=0.683025 1.42059 0.922135 0.726648 0.675783 0.615887 0.912777 0.568505 0.715178 0.479291 0.467672 0.439143 0.42915 0.585842 0.42322 0.544395 0.419277 0.414507 0.379142 0.370992 0.370716 0.338564 0.322534 0.321986 0.311194 0.30909 0.297091 0.290497 0.278533 0.253545
threshold=0.010254851792917715 0.80105839256387668 0.18640000000000076 0.071418589269327662 59.964802689557359 0.56312331707353636 4.4000000000014561 0.50950000000000017 -56.553500000000007 0.065367334860913021 0.35150000000000009 0.052823995921006194 -0.027331438552363738 -35.299999999995627 2.3422459782686049 0.087569951792432002 0.011000000000000015 0.52416611102019528 -0.055966666666667178 0.50159999999999927 0.37851666666666767 1.6623500000000015 0.022496178050137431 2.200000000004366 0.0044069729319524608 90.514151720456269 1.8230106865950335 -89.687499999999986 -0.062666666666666773 0.029356755926832085
decision_type=2 2 2 2 2 2 2 2 2 2 2 2 2 2 2 2 2 2 2 2 2 2 2 2 2 2 2 2 2 2
left_child=2 4 5 14 9 6 16 23 -9 26 27 17 -12 -14 15 19 24 28 -11 -3 -5 -20 -4 -8 -1 -22 -2 -7 -6 -18
right_child=1 3 22 20 11 10 7 8 -10 18 12 -13 13 -15 -16 -17 29 -19 21 -21 25 -23 -24 -25 -26 -27 -28 -29 -30 -31
leaf_value=0.00013104456894563372 0.00027881875080679994 -4.4905401445691703e-05 -0.00019800495715219924 6.9391067789157671e-06 0.00039527415515142576 0.00078516892165885312 0.00011560257854147309 -0.0001162835987596972 0.0013496008321708464 0.0014144091238800555 -0.00014439308927620276 0.00043608708654509042 0.0005156982336322535 -1.1972503060893664e-05 -0.00036048482041015122 0.00047179858080340613 0.0003350816639313167 -8.704034620569758e-05 0.00038516437050023126 -0.00042812454056542169 0.00044345646896008431 0.0012958814130726512 0.00038924377770157447 0.00051713511959773856 -5.2011565554975214e-05 -0.00011627840821410676 -7.0670212405373224e-05 -0.00024680806454357589 9.1383657539269346e-05 5.1000341942116162e-05
leaf_weight=4026 6850 28229 13218 2317 1381 111 13519 216 347 198 10950 1344 879 19789 1798 795 1349 5207 1450 1048 2332 184 385 849 48040 475 1134 6406 9544 18366
leaf_count=4026 6850 28229 13218 2317 1381 111 13519 216 347 198 10950 1344 879 19789 1798 795 1349 5207 1450 1048 2332 184 385 849 48040 475 1134 6406 9544 18366
internal_value=8.8136e-14 5.3873e-05 -2.50147e-05 -2.68799e-05 0.000163333 -7.97703e-06 2.14817e-05 0.000163758 0.000787201 0.000296124 -7.49607e-05 8.87458e-05 -4.31631e-05 1.04691e-05 -6.24217e-05 -4.46006e-05 -8.11291e-06 5.98078e-05 0.000587873 -5.86231e-05 0.000194182 0.000487718 -0.000181384 0.000139329 -3.78568e-05 0.000348738 0.000229179 -0.000229231 0.000129798 7.04386e-05
internal_weight=202736 64286 138450 36994 27292 124847 86712 14931 563 9816 38135 17476 31618 20668 31870 30072 71781 16132 1832 29277 5124 1634 13603 14368 52066 2807 7984 6517 10925 19715
internal_count=202736 64286 138450 36994 27292 124847 86712 14931 563 9816 38135 17476 31618 20668 31870 30072 71781 16132 1832 29277 5124 1634 13603 14368 52066 2807 7984 6517 10925 19715
is_linear=0
shrinkage=0.02


Tree=224
num_leaves=31
num_cat=0
split_feature=14 44 34 5 41 14 34 6 9 45 6 9 45 45 44 6 45 6 41 14 9 14 41 34 12 43 5 9 9 9
split_gain=0.674737 0.83809 0.872705 1.13824 0.914258 0.714293 0.797477 0.84461 0.645886 1.58353 1.01023 0.621418 0.600771 0.570842 0.479474 0.474371 0.438078 0.39646 0.334662 0.317731 0.301542 0.716667 0.275655 0.2651 0.265038 0.225398 0.214337 0.495799 0.335407 0.206954
threshold=0.1936000000000008 1.0856926487789889 0.012962607989667283 0.17770000000000133 66.50774528468223 1.0885166666666681 -0.033754200121108247 0.73209999999999975 -1.3690000000000007 0.030957533153107088 0.092300000000000063 7.370000000000017 0.064484136490998892 0.030029728765684466 -1.1871706919936587 0.28451666666666625 0.067217266334067591 0.012866666666666837 89.613887493543857 1.3451000000000015 8.2520000000000095 0.51483333333333414 48.036253774917753 0.041686708810711452 0.09360000000000708 21.749999999998547 -0.28809999999999825 26.659000000000002 3.0979999999999959 10.170500000000009
decision_type=2 2 2 2 2 2 2 2 2 2 2 2 2 2 2 2 2 2 2 2 2 2 2 2 2 2 2 2 2 2
left_child=14 2 3 8 16 15 26 11 9 -2 -10 -8 -9 19 29 20 22 -18 -15 -6 24 -22 -4 -17 -3 -5 27 -7 -28 -1
right_child=1 5 4 25 13 6 7 12 10 -11 -12 -13 -14 18 -16 23 17 -19 -20 -21 21 -23 -24 -25 -26 -27 28 -29 -30 -31
leaf_value=5.8717803654370266e-05 0.00015842408206483073 5.4249327826181696e-05 0.00055546426339654598 -0.00018363040552396096 -6.1859195460512093e-05 -0.00018551868151866292 0.00014548763817915161 -0.00053056634589520029 0.00015023835630666583 -9.5393789679275082e-05 -7.7079624408926797e-05 0.00058346835494580719 0.00028661906069594355 0.00015671363813159013 -0.00014188865394069297 -0.00054031859707618095 0.0010037068612446774 0.00036585361105086168 -6.0260250738102226e-05 -0.0006283515809808745 -0.0001986759948478429 0.00036950920873013649 0.00017341979201218775 -0.00012370203702183588 -0.00015260607296171174 0.00071378604537782682 -0.00024586048544463542 0.0011307442100697085 -0.0011322423536077385 -0.00070676611782093666
leaf_weight=7463 14052 2868 818 12040 7536 1650 3839 985 29576 32739 10631 1956 567 13988 20345 1593 506 1697 3569 418 1846 1711 9877 991 18202 113 663 123 230 144
leaf_count=7463 14052 2868 818 12040 7536 1650 3839 985 29576 32739 10631 1956 567 13988 20345 1593 506 1697 3569 418 1846 1711 9877 991 18202 113 663 123 230 144
internal_value=-2.83806e-14 1.45911e-05 3.7373e-05 6.01952e-06 0.00011831 -6.95986e-05 7.48278e-05 0.000182346 3.13466e-05 -1.91687e-05 9.0134e-05 0.00029332 -0.00023202 4.89287e-05 -9.12381e-05 -0.000122744 0.000255541 0.00051236 0.000112607 -9.16296e-05 -9.56947e-05 7.46343e-05 0.00020264 -0.00038054 -0.000124449 -0.000175286 -0.000221472 -9.42043e-05 -0.000474156 4.42272e-05
internal_weight=202736 174784 137560 99151 38409 37224 10013 7347 86998 46791 40207 5795 1552 25511 27952 27211 12898 2203 17557 7954 24627 3557 10695 2584 21070 12153 2666 1773 893 7607
internal_count=202736 174784 137560 99151 38409 37224 10013 7347 86998 46791 40207 5795 1552 25511 27952 27211 12898 2203 17557 7954 24627 3557 10695 2584 21070 12153 2666 1773 893 7607
is_linear=0
shrinkage=0.02


Tree=225
num_leaves=31
num_cat=0
split_feature=14 15 43 44 44 14 9 43 15 5 4 45 45 44 9 14 9 13 12 9 29 9 45 45 9 5 5 29 5 7
split_gain=0.670901 0.923385 0.710809 0.698488 0.66605 0.555007 0.700857 0.561447 0.565389 0.551853 0.623513 0.494303 0.449213 0.445242 0.395927 0.740965 0.594241 0.44625 0.378173 0.359424 0.322733 0.306849 0.420081 0.274135 0.271563 0.268504 0.267729 0.264051 0.259049 0.23425
threshold=0.55833333333333501 2.3220777869871951 16.880000000000297 -0.5198848580154608 2.6784778626728234 0.1890333333333343 -0.88999999999998269 4.2800000000002916 0.46446711400548252 0.23260000000000028 0.47580000000000128 0.019484403948367948 0.034449350609872982 -1.1044938010256755 -4.7679999999999945 1.5994166666666678 18.799500000000009 1.0708666666666675 0.36800000000000738 29.056500000000007 0.13259608292145456 8.4470000000000081 0.055998959094736192 0.069119083368890277 -9.4544999999999906 0.094100000000002806 1.3030000000000026 -0.023744915482354353 0.13140000000000177 2.1344133260463911
decision_type=2 2 2 2 2 2 2 2 2 2 2 2 2 2 2 2 2 2 2 2 2 2 2 2 2 2 2 2 2 2
left_child=3 2 4 5 9 13 11 27 -9 10 -2 24 -11 -1 23 17 -17 -16 19 21 26 25 -23 -4 -7 -5 29 -8 -13 -3
right_child=1 20 14 18 -6 6 7 8 -10 12 -12 28 -14 -15 15 16 -18 -19 -20 -21 -22 22 -24 -25 -26 -27 -28 -29 -30 -31
leaf_value=2.2266448829588804e-05 0.00013754726894163376 -0.00034868570392736995 0.00024268576399068349 -2.3235531846228828e-05 -0.00020959161221499335 0.00062122058720981128 0.00033420206457510809 0.00038163207245806209 8.6769258278830217e-05 -0.00021480197863421119 -0.00029224670081358123 -5.5110150061112332e-05 5.3494407248115574e-05 -0.00018933517077683229 0.00060261765653325111 0.0016893416581699329 0.0005265980987700944 -0.00022515348493501837 -0.00013288356796578541 -0.00087776014610138349 0.00046122778280421276 -4.5421123088745283e-05 0.00034586817797570594 -0.00049645261983530134 0.00010303911305418433 -0.00014398921969832973 -0.00042724404670367279 3.0516576204819552e-05 -0.00031630705116796325 -6.0868066479840974e-05
leaf_weight=8314 35848 1340 1677 35854 3288 450 1235 5380 5036 3828 1403 14393 7175 7626 586 331 375 469 23708 202 365 2507 1952 228 4005 9270 1178 15759 1698 7256
leaf_count=8314 35848 1340 1677 35854 3288 450 1235 5380 5036 3828 1403 14393 7175 7626 586 331 375 469 23708 202 365 2507 1952 228 4005 9270 1178 15759 1698 7256
internal_value=-1.74953e-13 5.27542e-05 8.49727e-05 -2.50917e-05 6.58336e-05 2.3272e-05 5.72552e-05 0.000123451 0.00023907 8.46009e-05 0.00012136 -3.10556e-05 -3.98473e-05 -7.89678e-05 0.000354058 0.000570235 0.00107174 0.000234632 -6.71399e-05 -3.58323e-05 -0.000122679 -3.24023e-05 0.000125872 0.000154222 0.000155381 -4.80424e-05 -0.000144484 5.25862e-05 -8.26729e-05 -0.000105735
internal_weight=202736 65347 55208 137389 51542 63896 47956 27410 10416 48254 37251 20546 11003 15940 3666 1761 706 1055 73493 49785 10139 49583 4459 1905 4455 45124 9774 16994 16091 8596
internal_count=202736 65347 55208 137389 51542 63896 47956 27410 10416 48254 37251 20546 11003 15940 3666 1761 706 1055 73493 49785 10139 49583 4459 1905 4455 45124 9774 16994 16091 8596
is_linear=0
shrinkage=0.02


Tree=226
num_leaves=31
num_cat=0
split_feature=10 44 14 6 10 13 9 5 44 9 9 10 31 6 44 10 13 9 10 9 5 6 10 10 10 9 10 14 10 10
split_gain=0.671349 0.799168 1.03585 1.45347 0.939024 0.8653 1.82343 0.990526 0.790172 0.800899 0.764635 0.696871 0.645477 0.541237 0.311333 0.466155 1.00801 0.447005 1.39011 0.428639 0.476058 0.390099 0.767146 0.387293 0.400476 0.353103 0.823772 0.344243 0.254536 0.945456
threshold=-3.3145000000000162 3.1601215743280169 0.93891666666666773 0.46673333333333294 43.516499999999986 1.938466666666667 3.0100000000000109 -0.20850000000000049 -1.2626256126891062 -28.497999999999994 17.954500000000014 104.706 46.150000000001462 -0.27451666666666646 -0.57678009738607139 -166.39949999999996 0.64700000000000146 14.490500000000006 -56.553500000000007 5.001000000000011 0.61960000000000126 -0.29176666666666695 -41.707000000000015 -7.1160000000000165 -72.730999999999995 -47.567499999999988 -37.220500000000008 1.1324000000000012 -209.34899999999996 -138.12749999999997
decision_type=2 2 2 2 2 2 2 2 2 2 2 2 2 2 2 2 2 2 2 2 2 2 2 2 2 2 2 2 2 2
left_child=14 2 8 5 -5 7 -7 -4 12 -10 -6 -11 13 -2 15 16 -1 21 -19 25 23 22 -17 24 -21 26 -16 -23 -27 -30
right_child=1 -3 3 4 10 6 -8 -9 9 11 -12 -13 -14 -15 19 17 -18 18 -20 20 -22 27 -24 -25 -26 28 -28 -29 29 -31
leaf_value=0.0022798299338319338 0.00095062907659530544 -0.00042528222855205556 0.00083122003695810869 -0.00033173488969681175 0.0017128556064845224 -0.00088980430860816973 0.00067605698084520374 0.00030265001413823546 0.0017151975695526684 -1.1764725639326448e-05 0.00014731615534819436 0.0010234152127788366 0.0010512849311447154 0.00011800440137191893 4.9191615324129761e-05 -0.00017685275282329141 4.7602693016008609e-06 0.002026748024896218 -0.00030336553751735901 -0.00037190022707443953 -0.00037680630848210345 -1.5834891764334751e-05 0.00049992309415916093 -0.00018658785919719816 0.00024724718052685505 -0.00059551731171835637 0.0014768500356215305 -0.0004680502980193333 0.00069377020142608243 -0.00010090464624844418
leaf_weight=114 320 1487 2085 2479 134 601 589 4434 108 77516 1816 261 317 12950 1985 1137 246 173 251 454 839 31602 1631 1283 5252 404 176 688 606 50798
leaf_count=114 320 1487 2085 2479 134 601 589 4434 108 77516 1816 261 317 12950 1985 1137 246 173 251 454 839 31602 1631 1283 5252 404 176 688 606 50798
internal_value=-5.18482e-14 3.50797e-05 4.16867e-05 0.000215286 -7.34527e-05 0.000381174 -0.000114769 0.000471705 1.86507e-05 -5.90103e-06 0.000254897 -8.29092e-06 0.000159389 0.000138083 -3.77592e-05 9.13494e-06 0.000725199 1.86976e-06 0.000647365 -6.49575e-05 7.33478e-05 -5.93701e-06 0.000221927 0.000127387 0.000197984 -8.50182e-05 0.000165466 -2.54702e-05 -9.54663e-05 -9.15363e-05
internal_weight=202736 105097 103610 12138 4429 7709 1190 6519 91472 77885 1950 77777 13587 13270 97639 35842 360 35482 424 61797 7828 35058 2768 6989 5706 53969 2161 32290 51808 51404
internal_count=202736 105097 103610 12138 4429 7709 1190 6519 91472 77885 1950 77777 13587 13270 97639 35842 360 35482 424 61797 7828 35058 2768 6989 5706 53969 2161 32290 51808 51404
is_linear=0
shrinkage=0.02


Tree=227
num_leaves=31
num_cat=0
split_feature=1 14 10 1 10 5 9 10 10 10 4 10 45 43 10 38 10 14 14 12 42 4 42 10 27 37 43 10 43 43
split_gain=0.649951 0.732873 1.34158 0.939541 1.43168 0.561136 0.531124 0.592439 0.791349 0.520735 0.516704 0.630021 0.467858 0.424616 0.378176 0.354254 0.322379 1.12894 0.414308 0.296347 0.227842 0.196863 0.208911 0.238786 0.219995 0.187266 0.186922 0.15979 0.158636 0.156126
threshold=0.002436424603288002 0.55833333333333501 -116.33499999999999 47.549999128166689 -12.898500000000004 0.50565000000000149 -3.7709999999999826 -28.171000000000017 17.787999999999986 53.005499999999991 0.4151000000000023 55.133999999999993 0.025181807519144048 6.4200000000055306 104.706 21.500000000000004 -72.730999999999995 1.5994166666666678 0.87030000000000085 0.84140000000000759 0.99904967338901862 0.12520000000000156 0.20003611399538987 28.566499999999987 -0.01224817727061289 0.11599999999130002 3.7400000000037839 61.751999999999988 20.519999999999715 6.6599999999962174
decision_type=2 2 2 2 2 2 2 2 2 2 2 2 2 2 2 2 2 2 2 2 2 2 2 2 2 2 2 2 2 2
left_child=5 2 -2 4 16 15 9 13 -9 12 11 -6 -4 -8 -12 21 18 -18 -3 20 26 22 24 -24 -1 28 -5 -7 -21 -11
right_child=1 3 6 19 10 27 7 8 -10 29 14 -13 -14 -15 -16 -17 17 -19 -20 25 -22 -23 23 -25 -26 -27 -28 -29 -30 -31
leaf_value=0.00019008190491615073 0.001837686577346174 0.00038511810684490076 7.5871026959417099e-05 -4.2867332543519564e-05 0.00028904274545547961 -0.00031351865340583062 0.00010321948088758842 -4.1107486374074192e-05 0.00013702871429882845 -0.0005656290709225158 4.1560535074154819e-05 0.00069687135621370139 -0.00014532365651059048 0.00049151621165710027 0.0010562800366455823 -0.00025772759760554509 -2.9350625147418978e-05 0.00055400474722275717 -0.00020728054378069583 -9.4023633976818258e-05 -0.00032177139071465371 -0.00011257324631856054 -4.5588324449424798e-06 0.00016441634427764214 -8.8986194394010334e-05 -0.00030836543679200866 0.00011831517569922169 -0.00092791496265075496 0.0004742319755363593 -0.0014464356208172364
leaf_weight=1211 157 538 5157 4912 10595 1998 4027 47177 12650 258 3693 1768 14808 1564 153 2853 7527 1611 3863 3876 692 9757 31980 3736 16879 1837 6950 185 207 117
leaf_count=1211 157 538 5157 4912 10595 1998 4027 47177 12650 258 3693 1768 14808 1564 153 2853 7527 1611 3863 3876 692 9757 31980 3736 16879 1837 6950 185 207 117
internal_value=6.67346e-14 2.56088e-05 -9.41457e-06 8.80084e-05 0.000157578 -5.00749e-05 -1.27961e-05 1.49574e-05 -3.44183e-06 -0.000102058 0.000284383 0.000347365 -8.81886e-05 0.00021184 8.19277e-05 -3.97045e-05 5.7647e-06 7.34931e-05 -0.000134863 -2.40163e-05 3.09909e-05 -2.99186e-05 -1.49303e-05 1.31165e-05 -7.03045e-05 -0.000140665 5.15702e-05 -0.000365586 -6.52142e-05 -0.000840441
internal_weight=202736 134137 85915 48222 29748 68599 85758 65418 59827 20340 16209 12363 19965 5591 3846 66416 13539 9138 4401 18474 12554 63563 53806 35716 18090 5920 11862 2183 4083 375
internal_count=202736 134137 85915 48222 29748 68599 85758 65418 59827 20340 16209 12363 19965 5591 3846 66416 13539 9138 4401 18474 12554 63563 53806 35716 18090 5920 11862 2183 4083 375
is_linear=0
shrinkage=0.02


Tree=228
num_leaves=31
num_cat=0
split_feature=34 4 14 10 10 44 44 13 5 42 10 44 10 14 15 14 44 10 15 13 13 10 45 34 41 10 44 32 40 45
split_gain=0.644001 0.821356 0.845787 1.18864 1.03999 1.06425 0.926928 0.65237 0.649144 0.551819 0.586088 0.465209 0.814944 0.444654 0.319818 0.319016 0.299934 0.507944 0.424794 0.225147 0.206308 0.195918 0.359747 0.219515 0.189332 0.209228 0.24087 0.168244 0.166237 0.159977
threshold=0.070202806751051852 0.4151000000000023 0.66855000000000142 -89.687499999999986 -12.308000000000012 2.3422459782686049 -1.0784527060968887 0.35873333333333385 -0.19879999999999923 0.16227896489659066 3.0749999999999917 0.40228200762313032 -54.442500000000003 3.1651000000000011 5.1419569748710749 1.9310500000000015 2.5272667440274499 61.751999999999988 1.6376919734794477 5.4989333333333343 0.68419999999999936 70.033999999999992 0.067821365989707366 0.030401569311765849 72.950819665881937 7.8739999999999908 1.0000000180025095e-35 0.032661514305997355 76.851851850375624 0.067217266334067591
decision_type=2 2 2 2 2 2 2 2 2 2 2 2 2 2 2 2 2 2 2 2 2 2 2 2 2 2 2 2 2 2
left_child=1 2 3 6 11 8 -1 -8 -6 20 -11 12 -4 -7 19 -13 17 24 -19 21 -5 23 -23 -3 28 26 -26 -27 -2 -18
right_child=16 14 4 9 5 13 7 -9 -10 10 -12 15 -14 -15 -16 -17 29 18 -20 -21 -22 22 -24 -25 25 27 -28 -29 -30 -31
leaf_value=-0.00029234208941989398 0.0010869007871766373 -0.00015216914383442409 -0.00015788965193622707 -8.3135630624351766e-05 0.00040414805607393126 -0.000247161130911336 0.0019324937351869749 0.00048545344948323205 0.00015443830479038416 -3.5954069845486818e-05 5.63252674439115e-05 -0.00019928992419201795 0.00022792200111875226 0.00068901500101095398 -0.00047233640841333712 9.6405518334326642e-05 -0.00026933367836830545 0.0021415946618200533 0.00053134271527270388 0.00065341030285553697 -0.0002858455027748767 -0.00022922566906490149 -0.0015072656232603566 4.5824995391218684e-06 0.00042084115225308149 0.00030266253334642414 -0.00021844502424389758 0.0010548354679997068 0.00028122391109354792 0.0003904763900138919
leaf_weight=218 200 11945 3622 24703 6402 2617 272 230 11913 68643 45966 6372 5539 220 1034 1893 507 113 156 153 2186 427 111 5099 368 606 656 148 210 207
leaf_count=218 200 11945 3622 24703 6402 2617 272 230 11913 68643 45966 6372 5539 220 1034 1893 507 113 156 153 2186 427 111 5099 368 606 656 148 210 207
internal_value=1.96635e-13 -4.49328e-06 8.57985e-06 -1.395e-05 9.16363e-05 0.00018589 0.000796614 0.00126951 0.000241724 -1.80745e-05 1.05622e-06 -2.27703e-05 7.5383e-05 -0.000174564 -0.000130423 -0.000131564 0.000282782 0.000387638 0.00120777 -0.000110488 -9.96154e-05 -0.000117136 -0.00049291 -0.000105274 0.000286808 0.000197468 1.12984e-05 0.000450304 0.000674237 -7.80442e-05
internal_weight=202736 199565 180796 142218 38578 21152 720 502 18315 141498 114609 17426 9161 2837 18769 8265 3171 2457 269 17735 26889 17582 538 17044 2188 1778 1024 754 410 714
internal_count=202736 199565 180796 142218 38578 21152 720 502 18315 141498 114609 17426 9161 2837 18769 8265 3171 2457 269 17735 26889 17582 538 17044 2188 1778 1024 754 410 714
is_linear=0
shrinkage=0.02


Tree=229
num_leaves=31
num_cat=0
split_feature=34 5 41 42 45 10 14 6 29 34 6 44 41 34 42 34 7 42 9 44 41 34 34 44 41 5 10 9 10 9
split_gain=0.630834 1.02091 0.768657 0.746864 0.573746 0.563573 0.511159 0.567516 0.425017 0.704098 0.477144 0.418328 0.38003 0.433215 0.379529 0.394174 0.356681 0.336149 0.32736 0.31932 0.316995 0.301102 0.247006 0.26161 0.244855 0.221859 0.314879 0.262395 0.20993 0.197821
threshold=0.02577650342509585 0.10740000000000063 66.50774528468223 0.15847615080206315 0.029706390328093409 22.170499999999986 0.1819166666666677 0.20233333333333306 -0.025173023306057637 -0.013109834616530315 0.29598333333333293 2.5272667440274499 89.613887493543857 0.10738946363118447 0.91425325690902304 0.01846981702454616 1.9678120209483045 0.51343748924280075 16.382000000000001 1.6542134638417785 65.29209621676938 0.087569951792432002 0.061204343749087918 0.47342906247335276 18.811881187840871 0.41445000000000143 49.269499999999994 -10.170999999999987 38.844499999999982 -2.5559999999999961
decision_type=2 2 2 2 2 2 2 2 2 2 2 2 2 2 2 2 2 2 2 2 2 2 2 2 2 2 2 2 2 2
left_child=1 3 17 24 16 8 -7 -8 9 -5 -10 12 13 -6 15 25 18 -2 21 22 -17 -4 28 -24 -1 26 -3 -27 -19 -26
right_child=2 14 4 5 11 6 7 -9 10 -11 -12 -13 -14 -15 -16 20 -18 19 -20 -21 -22 -23 23 -25 29 27 -28 -29 -30 -31
leaf_value=-0.00014287585927714376 0.0011995037629242741 -9.6276000072704671e-05 -6.8750844501297618e-05 6.033666395850003e-05 0.00016389649997179331 -0.00021446153961874058 0.00024636365009860493 -0.00012399213461688948 6.5614205657206797e-06 0.00045782062967024667 -0.00036872713278017987 -0.00024867700380903977 -5.4888318305166466e-05 0.00098195313345772689 -0.00026382012919489372 0.00033005116801033437 -0.00052148459421228117 0.00025882622044815249 -0.00088749241950815763 -3.2777148110477134e-06 -3.3936141881456062e-05 0.00071693002889486085 0.00031373607781629459 0.0017123548594470365 -9.1281757969060315e-05 0.00011836278501022752 0.00026739459165754632 -0.00027962615653187491 0.00068805237725564966 3.0043239348678626e-05
leaf_weight=12085 157 21720 5721 11987 11320 1369 11199 1942 72318 2094 1381 1284 3512 265 5294 1531 783 3795 189 1390 2553 202 108 106 10706 773 996 4641 518 10797
leaf_count=12085 157 21720 5721 11987 11320 1369 11199 1942 72318 2094 1381 1284 3512 265 5294 1531 783 3795 189 1390 2553 202 108 106 10706 773 996 4641 518 10797
internal_value=8.30474e-14 -1.45151e-05 8.57482e-05 1.09828e-05 3.34634e-05 3.78518e-05 0.000153317 0.000191632 1.87654e-05 0.000119447 -4.7088e-07 9.78852e-05 0.00012736 0.000182609 -0.000106885 -8.10943e-05 -0.000119588 0.000286107 -6.81021e-05 0.000261872 0.000102515 -4.19557e-05 0.000343285 0.00100651 -7.0845e-05 -0.000107751 -8.03306e-05 -0.000222802 0.000310377 -3.03625e-05
internal_weight=202736 173386 29350 135878 23276 102290 14510 13141 87780 14081 73699 16381 15097 11585 37508 32214 6895 6074 6112 5917 4084 5923 4527 214 33588 28130 22716 5414 4313 21503
internal_count=202736 173386 29350 135878 23276 102290 14510 13141 87780 14081 73699 16381 15097 11585 37508 32214 6895 6074 6112 5917 4084 5923 4527 214 33588 28130 22716 5414 4313 21503
is_linear=0
shrinkage=0.02


Tree=230
num_leaves=31
num_cat=0
split_feature=20 34 29 15 34 4 43 7 10 44 0 10 5 45 13 34 9 10 41 9 44 43 44 10 45 10 7 43 7 4
split_gain=0.623124 0.584798 0.804656 0.577078 0.506414 0.549853 0.539457 0.502752 0.372066 0.411343 0.415549 0.372496 0.324938 0.511881 0.359136 0.365607 0.32058 0.305679 0.259604 0.255026 0.235932 0.233075 0.313995 0.603665 0.296358 0.318896 0.250124 0.23106 0.22352 0.206926
threshold=3.9000000000014556 -0.027331438552363738 -0.054821187456055569 2.4126586683162561 0.087569951792432002 0.4151000000000023 8.3199999999997107 0.29764383077694484 14.77249999999998 -0.15545151304991087 0.0080000000000000071 -138.12749999999997 0.23260000000000028 0.040335421839457819 0.2398000000000014 -0.026807676893757782 29.056500000000007 61.751999999999988 86.434108522456 -1.9419999999999928 1.3883616916767094 14.420000000002622 -0.71923300654555933 -72.730999999999995 0.034135296360801204 17.378499999999985 0.49214205258748889 10.239999999997965 9.6317160962226378 -0.15999999999999628
decision_type=2 2 2 2 2 2 2 2 2 2 2 2 2 2 2 2 2 2 2 2 2 2 2 2 2 2 2 2 2 2
left_child=3 7 -3 8 5 6 -4 27 9 10 -1 -12 14 -14 16 -16 -10 -5 20 -15 -6 24 23 -23 -9 -26 -24 29 -7 -2
right_child=1 2 4 17 18 28 -8 21 12 -11 11 -13 13 19 15 -17 -18 -19 -20 -21 -22 22 26 -25 25 -27 -28 -29 -30 -31
leaf_value=-4.1472559860700625e-05 -0.00026349965225036265 0.00094876789024749626 4.4424489769187419e-05 -0.00022427229801924665 0.00095391956638762518 -6.7585426010272588e-05 0.00019269319926403867 -9.0271920616990593e-06 -8.9262601885680791e-06 -8.5026026862375492e-05 0.0012419773537426368 6.9286745627056639e-05 -0.0003641148190383047 -0.00057396813265291882 -0.00011864149372869239 0.00017856150926495775 -0.00092394315503322734 -0.0010342964165866594 4.7028232587835938e-05 0.00011939237691434935 0.0003245675601244987 -0.00034701339953621842 0.00069932686315609532 0.0010406188765109945 -0.00018700064475602379 -0.00057527078698825648 -0.00010119705682108862 0.00062229293426618361 -0.0008406421528132724 0.00020030271452047097
leaf_weight=35133 485 417 35581 3785 462 9505 13555 3008 8405 41946 109 18070 1858 231 1914 12266 156 196 451 2606 492 212 165 307 5086 1015 2902 404 152 1862
leaf_count=35133 485 417 35581 3785 462 9505 13555 3008 8405 41946 109 18070 1858 231 1914 12266 156 196 451 2606 492 212 165 307 5086 1015 2902 404 152 1862
internal_value=-1.00785e-13 4.52498e-05 7.32441e-05 -2.71699e-05 6.71792e-05 5.82118e-05 8.53269e-05 -6.46088e-05 -1.94806e-05 -3.81718e-05 -1.30681e-06 7.63181e-05 4.54155e-05 -0.000106065 7.66895e-05 0.000138445 -2.55999e-05 -0.000264153 0.000442425 6.29362e-05 0.000629348 -0.000117725 1.88562e-05 0.000473802 -0.000171494 -0.000251596 -5.81301e-05 0.000180506 -7.97532e-05 0.000104459
internal_weight=202736 76061 60615 126675 60198 58793 49136 15446 122694 95258 53312 18179 27436 4695 22741 14180 8561 3981 1405 2837 954 12695 3586 519 9109 6101 3067 2751 9657 2347
internal_count=202736 76061 60615 126675 60198 58793 49136 15446 122694 95258 53312 18179 27436 4695 22741 14180 8561 3981 1405 2837 954 12695 3586 519 9109 6101 3067 2751 9657 2347
is_linear=0
shrinkage=0.02


Tree=231
num_leaves=31
num_cat=0
split_feature=43 15 43 34 42 42 19 45 9 45 45 44 43 34 5 1 11 44 9 5 14 34 41 44 9 9 9 1 43 45
split_gain=0.614781 0.796044 0.940896 0.620759 0.456409 0.425564 0.440354 0.42288 0.421672 0.730133 0.531926 0.396171 0.37427 0.447723 0.656628 0.373539 0.371143 0.344274 0.434282 0.30097 0.279816 0.218253 0.199609 0.232466 0.199336 0.189299 0.182955 0.16389 0.148945 0.134645
threshold=1.7400000000037836 0.62077278451378493 7.0600000000020389 0.040521019598651481 0.92506895766450781 0.98293449917024056 99.302000769703326 0.029398148148291281 -2.0119999999999894 0.046723101570922417 0.03506965236207548 2.5272667440274499 23.319999999999713 -0.02285948758854071 -0.33119999999999755 8.6466231866162389 1.3395000000000004 1.2411641850924389 -20.918999999999986 0.7497500000000018 2.8280666666666687 -0.037240706915477303 63.785220829238092 -0.61500084735822125 55.303000000000004 2.761000000000013 26.659000000000002 175000000.00000003 12.319999999999711 0.013181710418649845
decision_type=2 2 2 2 2 2 2 2 2 2 2 2 2 2 2 2 2 2 2 2 2 2 2 2 2 2 2 2 2 2
left_child=26 2 4 12 8 6 15 22 9 -2 -10 16 13 19 -15 -4 -9 18 -14 -3 -19 -8 29 -24 -13 -7 27 -1 -27 -5
right_child=1 3 5 7 -6 25 21 11 10 -11 -12 24 17 14 -16 -17 -18 20 -20 -21 -22 -23 23 -25 -26 28 -28 -29 -30 -31
leaf_value=-9.2415529831166979e-05 7.2153227875097845e-05 -0.00015220885562935784 0.00036167307530461662 0.00097985021450722794 -0.00012672653189623601 -0.00031378689995958676 -0.00021552249099645213 0.00014634377899771901 -1.187534033568253e-06 -0.00012965351824932665 0.00013568494082253499 -0.00027629543693835553 4.8909470824818439e-05 0.00015658835080345271 -6.8561140977269378e-05 0.00014064263984904212 0.00050514203691029468 -0.00034881768511749167 0.0010819423169003892 -0.00099843711868914621 0.00032265678582832781 0.00011407450498335871 0.00033749694599457896 -0.00029141091009647494 0.00052874344673376796 -3.6306896863740018e-06 -0.00054846113717079673 1.2220208699404829e-05 0.00083808065483383098 9.6640918777804024e-06
leaf_weight=28375 15218 15166 7305 101 7484 954 1022 2852 20491 13562 25480 812 309 6097 34498 5261 1936 475 344 170 520 3761 279 1494 145 479 323 7589 102 132
leaf_count=28375 15218 15166 7305 101 7484 954 1022 2852 20491 13562 25480 812 309 6097 34498 5261 1936 475 344 170 520 3761 279 1494 145 479 323 7589 102 132
internal_value=-8.02422e-14 1.62615e-05 5.14173e-05 -3.81535e-05 2.21823e-05 0.000178728 0.000206969 0.000129877 3.70909e-05 -2.29442e-05 7.46757e-05 0.00021717 -6.07729e-05 -6.95256e-05 -3.47457e-05 0.000269134 0.000291422 0.000236283 0.000593111 -0.000161589 2.10365e-06 4.36484e-05 -0.000120122 -0.000192446 -0.00015432 -0.000140461 -7.45916e-05 -7.03357e-05 0.00014414 0.000430217
internal_weight=202736 166449 101119 65330 82235 18884 17349 7751 74751 28780 45971 5745 57579 55931 40595 12566 4788 1648 653 15336 995 4783 2006 1773 957 1535 36287 35964 581 233
internal_count=202736 166449 101119 65330 82235 18884 17349 7751 74751 28780 45971 5745 57579 55931 40595 12566 4788 1648 653 15336 995 4783 2006 1773 957 1535 36287 35964 581 233
is_linear=0
shrinkage=0.02


Tree=232
num_leaves=31
num_cat=0
split_feature=41 34 5 45 42 43 9 41 34 6 9 29 42 34 42 6 9 9 41 33 32 43 6 6 14 45 9 34 45 5
split_gain=0.606333 0.988759 0.798428 0.733923 0.712317 0.622457 0.738056 0.603735 0.434442 0.643526 0.386648 0.300519 0.312898 0.306887 0.292053 0.290958 0.278155 0.274806 0.228548 0.237427 0.191891 0.170391 0.152173 0.147156 0.139992 0.132648 0.122479 0.185946 0.148273 0.14382
threshold=89.613887493543857 0.022854074869047725 0.10740000000000063 0.077047779913319805 0.15847615080206315 1.4800000000002911 -1.3690000000000007 64.076066862680008 0.087569951792432002 0.73209999999999975 26.659000000000002 0.045060254975914933 0.91425325690902304 0.01078891290973852 0.50869234200993374 0.65431666666666677 2.5085000000000077 3.0979999999999959 18.811881187840871 -0.013441051988944913 -0.017151169591599121 4.2400000000008733 0.50159999999999927 0.50159999999999927 0.37596666666666756 0.067217266334067591 10.170500000000009 0.026827971701291989 0.056871819700567962 1.0050500000000029
decision_type=2 2 2 2 2 2 2 2 2 2 2 2 2 2 2 2 2 2 2 2 2 2 2 2 2 2 2 2 2 2
left_child=1 2 4 7 18 22 -7 14 9 -9 17 12 13 -4 -3 -16 -13 24 20 -20 -1 -14 -6 -19 -5 -10 29 -28 -29 -2
right_child=26 3 11 10 5 6 -8 8 25 -11 -12 16 21 -15 15 -17 -18 23 19 -21 -22 -23 -24 -25 -26 -27 27 28 -30 -31
leaf_value=-0.00032370801873852942 -0.00011580992323154564 0.0010095641135849996 -0.0001213818918686663 0.00036844368322122399 -5.7255458201655308e-05 2.3943147156057321e-06 0.00012540394590961461 3.8640791504763589e-05 0.00032150253424989095 -0.00056932459354792225 0.0011463038906453034 4.5895430035570434e-05 -0.00015313287309029721 2.8238505090645584e-05 0.00029086507631343811 -0.00022105139336793482 0.0010399617325260067 0.00030076396708364006 1.0158412376337655e-05 -0.00014128865649189515 -0.00010377530895163285 -0.00042781256905558658 -0.0007075627878115609 -0.00033470078216008166 0.0010787699862876685 0.00088224978745752452 -0.00074874754150285625 -0.00053202352093787873 -4.0340096821711161e-05 -0.00084395938376176426
leaf_weight=1879 7967 207 21991 187 19567 39120 38923 18940 827 723 290 326 1942 7305 4838 489 172 1311 15905 5598 10206 1689 145 164 273 212 323 367 740 110
leaf_count=1879 7967 207 21991 187 19567 39120 38923 18940 827 723 290 326 1942 7305 4838 489 172 1311 15905 5598 10206 1689 145 164 273 212 323 367 740 110
internal_value=-8.07522e-14 7.67195e-06 -1.11311e-05 0.000116527 1.10787e-05 3.83801e-05 6.37439e-05 8.6951e-05 3.73468e-05 1.62862e-05 0.000465277 -9.84039e-05 -0.000105779 -8.40738e-05 0.000272514 0.000243873 0.000389228 0.000363211 -6.83799e-05 -2.92687e-05 -0.000137971 -0.000280903 -6.20391e-05 0.000230109 0.000790007 0.000435919 -0.000155932 -0.000326538 -0.000203346 -0.000125727
internal_weight=202736 193229 164768 28461 131343 97755 78043 26236 20702 19663 2225 33425 32927 29296 5534 5327 498 1935 33588 21503 12085 3631 19712 1475 460 1039 9507 1430 1107 8077
internal_count=202736 193229 164768 28461 131343 97755 78043 26236 20702 19663 2225 33425 32927 29296 5534 5327 498 1935 33588 21503 12085 3631 19712 1475 460 1039 9507 1430 1107 8077
is_linear=0
shrinkage=0.02


Tree=233
num_leaves=31
num_cat=0
split_feature=14 44 10 6 14 13 9 45 9 9 14 34 6 10 44 13 34 45 6 44 5 34 10 45 42 34 34 32 10 9
split_gain=0.598047 0.769798 0.871589 0.71415 1.17842 1.71229 0.855785 0.776893 1.14543 0.677923 0.642121 0.734816 0.791405 1.24588 0.575648 0.705526 0.550186 0.536529 0.45612 0.441738 0.361575 0.385189 0.327916 0.524019 0.283695 0.297672 0.257754 0.229272 0.211395 0.198152
threshold=0.1936000000000008 1.0856926487789889 -5.4410000000000132 0.086133333333333326 0.92465000000000086 1.938466666666667 -26.471499999999999 0.032857542345852433 9.8814999999999991 10.728000000000002 1.0885166666666681 -0.033754200121108247 0.73209999999999975 18.639999999999979 -0.94839301659854947 1.2030666666666683 -0.0039699449196102165 0.064484136490998892 0.28451666666666625 -1.1871706919936587 0.12250000000000159 0.00079869312406794044 1.5114999999999839 0.069119083368890277 0.78267172889181647 -0.05112871521569394 0.041686708810711452 0.010146256937476615 -21.85100000000002 10.170500000000009
decision_type=2 2 2 2 2 2 2 2 2 2 2 2 2 2 2 2 2 2 2 2 2 2 2 2 2 2 2 2 2 2
left_child=19 2 9 4 6 -6 -4 8 -5 20 18 22 13 -13 -11 -16 -9 -14 24 29 21 -2 27 -24 25 -3 -20 -12 -22 -1
right_child=1 10 3 7 5 -7 -8 16 -10 14 11 12 17 -15 15 -17 -18 -19 26 -21 28 -23 23 -25 -26 -27 -28 -29 -30 -31
leaf_value=5.8307684652524706e-05 -4.9868774545315449e-05 -0.00034874864326666478 0.0017538011062890292 -2.1943433330469716e-05 0.00070848174565494725 -0.00067447110643159211 9.672873919597487e-05 -0.00018063368290808203 -0.00053965734401724506 -0.00033030946418558828 -0.00015723426496468522 9.8961417799794236e-05 -0.00051004175742323452 0.00075402494242525345 0.00063875414780316375 -0.00021055717666597259 0.0001243143890872717 0.00026221709266431548 -0.00052767615776642203 -0.00013451321026431261 -5.0361022177032537e-05 7.2100048603519732e-05 -0.00034974104790987809 -0.0018557843617163601 -0.00022401985318068482 -3.5402378200908841e-05 -0.00011687234888115464 0.0005462013485749783 -0.00021028551819764676 -0.00069072067060106852
leaf_weight=7463 29914 1299 125 6708 2536 417 46406 2824 2294 482 1771 4188 985 1607 1628 515 14610 567 1593 20345 6967 15842 578 110 5077 18251 991 207 6292 144
leaf_count=7463 29914 1299 125 6708 2536 417 46406 2824 2294 482 1771 4188 985 1607 1628 515 14610 567 1593 20345 6967 15842 578 110 5077 18251 991 207 6292 144
internal_value=3.43307e-15 1.37369e-05 3.55708e-05 8.09329e-05 0.000125767 0.000513192 0.00010118 -2.99012e-06 -0.000153874 -2.03002e-05 -6.69498e-05 6.9986e-05 0.000173194 0.000280616 0.000294189 0.00043465 7.49182e-05 -0.000227909 -0.000117339 -8.58967e-05 -3.42887e-05 -7.63978e-06 -0.000214435 -0.000590533 -9.0815e-05 -5.62227e-05 -0.000370127 -8.36189e-05 -0.000126252 4.41286e-05
internal_weight=202736 174784 137560 75920 49484 2953 46531 26436 9002 61640 37224 10013 7347 5795 2625 2143 17434 1552 27211 27952 59015 45756 2666 688 24627 19550 2584 1978 13259 7607
internal_count=202736 174784 137560 75920 49484 2953 46531 26436 9002 61640 37224 10013 7347 5795 2625 2143 17434 1552 27211 27952 59015 45756 2666 688 24627 19550 2584 1978 13259 7607
is_linear=0
shrinkage=0.02


Tree=234
num_leaves=31
num_cat=0
split_feature=1 43 1 10 14 44 15 5 9 14 36 44 44 6 9 45 45 6 44 10 17 11 11 15 6 36 45 10 40 43
split_gain=0.585502 0.664648 0.804194 1.02172 0.72977 0.925821 0.528552 0.515756 0.441816 0.529662 0.328134 0.310402 0.310118 0.255685 0.284354 0.571421 0.358837 0.234387 0.228111 0.212623 0.228217 0.49419 0.303514 0.195118 0.177063 0.166245 0.164223 0.1857 0.162936 0.153659
threshold=0.002436424603288002 3.4000000000014556 28.499999679375009 -5.2390000000000212 0.47653333333333503 2.8757842291610967 0.29193312588794268 0.50565000000000149 10.728000000000002 0.92465000000000086 21.500000000000004 -0.051588538742967073 1.1100431958565664 0.22631666666666642 0.33099999999998986 0.031898371381231701 0.031272666988371389 0.3070166666666661 -0.72925195671543275 -89.687499999999986 0.56312331707353636 0.23550000000000007 0.22250000000000006 2.5297921356699269 0.1785666666666669 33.500000000000007 0.020157626970778383 43.516499999999986 99.999999996941881 10.100000000004368
decision_type=2 2 2 2 2 2 2 2 2 2 2 2 2 2 2 2 2 2 2 2 2 2 2 2 2 2 2 2 2 2
left_child=7 17 3 8 12 -6 18 10 11 -10 13 -3 -5 14 16 -16 -1 19 24 -2 22 -22 -21 25 -4 -8 -15 -28 -20 -9
right_child=1 2 6 4 5 -7 23 29 9 -11 -12 -13 -14 26 15 -17 -18 -19 28 20 21 -23 -24 -25 -26 -27 27 -29 -30 -31
leaf_value=3.1600140380990404e-05 0.0005314851190720859 7.6587752995105197e-05 0.00028105357290121239 0.00010913650073026286 0.00034315978418523275 -0.00029132632709218012 -4.9645059420554011e-05 -0.00026045281127311883 0.0007936366668273658 4.9282526067779736e-07 -0.00024741663844558609 -7.6815862173503749e-05 -0.00026065095313721132 -0.00046570733500380447 -8.717825692948131e-05 0.00011612576700868308 -9.9090473117498115e-05 -0.00024457826666836275 8.751259394665664e-05 -1.4222955616644994e-05 -0.00036294097778182498 -4.015598117396787e-05 0.0002916252283955045 -0.00022663534530441645 -0.00022721351249132581 0.00018118004369539054 -0.00020011508487352585 0.00022229886137484206 -0.00015509538067946875 -0.00066439270322037416
leaf_weight=12987 273 10321 3300 7395 13167 989 24526 1699 632 721 2853 10794 1034 707 9095 14108 23812 2029 6613 33603 2359 9693 1350 2394 299 1315 2348 506 1330 484
leaf_count=12987 273 10321 3300 7395 13167 989 24526 1699 632 721 2853 10794 1034 707 9095 14108 23812 2029 6613 33603 2359 9693 1350 2394 299 1315 2348 506 1330 484
internal_value=-9.20397e-14 2.4306e-05 5.82475e-05 0.000116109 0.000211105 0.000298832 -7.28874e-06 -4.75274e-05 2.0618e-05 0.000370978 -3.75852e-05 -1.83226e-06 6.3774e-05 -2.8167e-05 -1.8395e-05 3.64356e-05 -5.29675e-05 -3.40885e-05 0.000106739 -2.50551e-05 -2.82874e-05 -0.000103336 -2.41009e-06 -5.39015e-05 0.000238827 -3.78988e-05 -0.000192823 -0.000125223 4.68896e-05 -0.000350012
internal_weight=202736 134137 84830 45053 22585 14156 39777 68599 22468 1353 66416 21115 8429 63563 60002 23203 36799 49307 11542 47278 47005 12052 34953 28235 3599 25841 3561 2854 7943 2183
internal_count=202736 134137 84830 45053 22585 14156 39777 68599 22468 1353 66416 21115 8429 63563 60002 23203 36799 49307 11542 47278 47005 12052 34953 28235 3599 25841 3561 2854 7943 2183
is_linear=0
shrinkage=0.02


Tree=235
num_leaves=31
num_cat=0
split_feature=41 1 10 1 44 14 10 10 9 14 15 14 5 7 6 36 44 9 6 9 10 44 9 9 10 45 44 20 6 36
split_gain=0.577503 0.655971 0.664455 0.892532 0.604894 0.713604 1.56524 1.01463 0.531254 0.809458 0.532937 0.498926 0.487935 0.399593 0.35745 0.325006 0.271197 0.247668 0.217355 0.277254 0.206458 0.181955 0.211794 0.254398 0.163204 0.159858 0.115073 0.0895237 0.0864541 0.0818322
threshold=89.613887493543857 0.002436424603288002 24.14449999999999 47.549999128166689 1.0856926487789889 0.48726666666666746 -116.33499999999999 -72.730999999999995 -3.7709999999999826 0.75306666666666777 0.66754550401398782 2.5471500000000016 0.50565000000000149 0.24917654383855353 0.24043333333333336 21.500000000000004 -1.9210908286666859 12.978000000000005 0.22631666666666642 0.33099999999998986 22.170499999999986 -1.3319930107824234 10.170500000000009 5.3470000000000075 61.751999999999988 0.020157626970778383 -1.6808396684457148 13.950000000004367 0.73209999999999975 28.500000000000004
decision_type=2 2 2 2 2 2 2 2 2 2 2 2 2 2 2 2 2 2 2 2 2 2 2 2 2 2 2 2 2 2
left_child=1 12 4 8 5 6 -3 -7 9 -4 -10 20 15 14 -5 18 -15 -13 19 -1 -6 22 23 -2 28 -20 -25 29 -14 -17
right_child=21 2 3 13 11 7 -8 -9 10 -11 -12 17 24 16 -16 27 -18 -19 25 -21 -22 -23 -24 26 -26 -27 -28 -29 -30 -31
leaf_value=-4.9228430236370358e-05 -1.9707231643136062e-05 0.0022401008219458162 -0.00039322174567513321 0.00028268772916070008 -0.00011984182294152804 -0.00019571156175151192 -9.436979791130303e-06 0.00015903835384429606 0.0005113757306880062 0.00041903280550760968 0.00018789533173511376 0.00018946307055048501 -0.00024538526625575934 0.00089803658150644462 -0.0003571694463816253 -0.0002677699598545576 -0.00010356999355822557 0.0011121369469782529 -0.00045104717105917767 4.0289990125912323e-05 0.00033115596984125984 -0.0001892524235103446 -0.00066252445890190633 0.00012092820571904833 -0.00092623915416031573 -0.00011026254351319228 0.00092845364811778219 -0.00015967975767734236 -0.00068745376106976025 -0.00065176988227079761
leaf_weight=36100 992 124 1075 2536 18754 3669 55680 26647 3912 903 4251 1390 1665 110 405 674 6365 127 689 22443 415 8060 148 110 178 2741 197 1847 198 331
leaf_count=36100 992 124 1075 2536 18754 3669 55680 26647 3912 903 4251 1390 1665 110 405 674 6365 127 689 22443 415 8060 148 110 178 2741 197 1847 198 331
internal_value=-8.58377e-14 7.48733e-06 3.42931e-05 0.00014147 1.46683e-05 3.79952e-05 -4.43837e-06 0.000116105 0.000271661 -2.24099e-05 0.000342919 -8.24465e-05 -4.31701e-05 1.25355e-06 0.000194574 -3.35837e-05 -8.65543e-05 0.000266707 -2.39769e-05 -1.49107e-05 -0.000110078 -0.000152179 5.43222e-05 0.000135995 -0.00034765 -0.000178718 0.000639112 -0.000242336 -0.000292368 -0.000394242
internal_weight=202736 193229 126363 19557 106806 86120 55804 30316 10141 1978 8163 20686 66866 9416 2941 64825 6475 1517 61973 58543 19169 9507 1447 1299 2041 3430 307 2852 1863 1005
internal_count=202736 193229 126363 19557 106806 86120 55804 30316 10141 1978 8163 20686 66866 9416 2941 64825 6475 1517 61973 58543 19169 9507 1447 1299 2041 3430 307 2852 1863 1005
is_linear=0
shrinkage=0.02


Tree=236
num_leaves=31
num_cat=0
split_feature=34 45 29 45 14 42 10 6 44 14 34 6 6 10 9 6 17 24 9 14 45 38 9 6 9 30 45 14 9 6
split_gain=0.576183 1.58005 1.17852 1.00729 0.753993 0.628511 0.587819 0.754401 0.647804 0.617675 0.568464 0.572542 0.53929 0.520022 0.746109 0.728274 0.535063 0.716543 0.499897 0.716406 0.542519 0.453143 0.428572 0.414578 0.479018 0.394729 0.365842 0.459344 0.341443 0.314115
threshold=-0.00082026025026581682 0.07176771542558559 -0.0069737595427388213 0.068453763641211987 0.69675000000000131 0.83904160174216647 30.089999999999982 0.086133333333333326 1.3883616916767094 0.93891666666666773 0.017398862942184869 0.65431666666666677 0.052866666666665972 82.286500000000004 37.33100000000001 0.54514999999999947 1.8132932602475902 0.6500000000014553 17.954500000000014 0.63223333333333387 0.033803875075718678 11.500000000000002 13.950500000000003 0.18296666666666614 26.659000000000002 -0.54999999999563431 0.027136452172084224 1.1100500000000013 -1.8710000000000024 0.50159999999999927
decision_type=2 2 2 2 2 2 2 2 2 2 2 2 2 2 2 2 2 2 2 2 2 2 2 2 2 2 2 2 2 2
left_child=3 2 -2 13 25 10 22 8 9 -8 12 -12 -4 14 16 18 17 -1 19 -15 -20 29 -5 28 -25 -3 -16 -28 -6 -7
right_child=1 4 5 6 23 21 7 -9 -10 -11 11 -13 -14 15 26 -17 -18 -19 20 -21 -22 -23 -24 24 -26 -27 27 -29 -30 -31
leaf_value=-3.5406498939855809e-07 0.00027857988553556273 0.00039997305978366492 4.1475057563231923e-05 -0.00015665059545689133 0.0004524160130610186 -0.00012383427415700845 -0.00041284847058691129 -0.001828041315108516 -0.0018065076107238857 0.0011799805001355707 0.00015539414206544269 -0.00033191617924530097 -0.00011272177835666404 0.0006684018874834589 -0.0012589940766380902 0.002067751709353363 -0.00013516400040469671 0.00030964933029001626 1.5392500178899439e-05 -0.00077478359042454446 0.0018057341603963668 2.8452010886728481e-05 0.00093993254419830121 0.00011857731742819716 0.00079996070617148951 9.4454612412486378e-05 -0.0011489662492407881 0.00040801365737178042 0.0012598166146943386 -0.00055230360899916531
leaf_weight=67169 5872 2195 24503 14266 370 20531 849 172 117 110 15361 1029 14407 266 273 101 11247 3121 127 285 145 9435 144 1107 658 7375 132 178 483 708
leaf_count=67169 5872 2195 24503 14266 370 20531 849 172 117 110 15361 1029 14407 266 273 101 11247 3121 127 285 145 9435 144 1107 658 7375 132 178 483 708
internal_value=-3.65522e-14 3.28413e-05 4.44812e-06 -3.46154e-05 0.000246806 -1.4275e-05 -0.000181755 -0.000598153 -0.000401554 -0.000230147 2.59991e-05 0.0001248 -1.56186e-05 -6.87211e-06 -1.21809e-05 0.000464947 -7.08336e-06 1.34106e-05 0.000268248 -7.80734e-05 0.000969803 -8.68823e-05 -0.000145692 0.000547565 0.0003726 0.000164529 -0.000725116 -0.000254958 0.000909596 -0.000138117
internal_weight=202736 104034 91846 98702 12188 85974 15658 1248 1076 959 55300 16390 38910 83044 82120 924 81537 70290 823 551 272 30674 14410 2618 1765 9570 583 310 853 21239
internal_count=202736 104034 91846 98702 12188 85974 15658 1248 1076 959 55300 16390 38910 83044 82120 924 81537 70290 823 551 272 30674 14410 2618 1765 9570 583 310 853 21239
is_linear=0
shrinkage=0.02


Tree=237
num_leaves=31
num_cat=0
split_feature=14 5 9 45 45 9 10 14 6 9 10 10 14 45 29 9 10 10 10 19 1 45 10 13 10 14 9 10 6 10
split_gain=0.565997 0.63491 0.997527 1.4686 1.23791 1.25986 1.49936 1.18859 1.09071 0.9438 1.3977 0.840063 0.640507 0.48765 0.903696 0.482606 0.471887 0.397883 0.393716 0.369346 0.371603 0.321778 0.360636 0.310062 0.292978 0.259603 0.240319 0.230968 0.216785 0.175051
threshold=0.1936000000000008 0.10740000000000063 -1.3690000000000007 0.021843606363566182 0.047603752351421579 17.954500000000014 29.345499999999983 1.5994166666666678 0.46673333333333294 -24.681499999999996 -2.0025000000000195 -101.7825 1.2694166666666675 0.073555931392672927 -0.00056031637704068149 26.659000000000002 104.706 5.6749999999999892 15.11499999999999 99.302000769703326 182.44999361350031 0.047329919044395839 16.989999999999984 1.1748666666666685 57.764499999999991 0.66855000000000142 22.350500000000007 -47.616000000000007 1.0055833333333333 37.781999999999982
decision_type=2 2 2 2 2 2 2 2 2 2 2 2 2 2 2 2 2 2 2 2 2 2 2 2 2 2 2 2 2 2
left_child=24 2 3 9 5 6 -4 11 -9 10 -2 -6 -7 16 18 27 19 -11 -15 20 -3 25 -23 -18 26 -5 -1 -16 -21 -17
right_child=1 13 4 21 7 12 -8 8 -10 17 -12 -13 -14 14 15 29 23 -19 -20 28 -22 22 -24 -25 -26 -27 -28 -29 -30 -31
leaf_value=-7.3973992417061471e-05 0.00051108115100836893 3.1683492950423151e-05 8.0941128406238492e-06 -4.8553799136133766e-05 0.0018987423214007562 -0.00070897768710112758 0.00043709252263524604 0.0016791165618748544 0.00023343894633455606 5.9551186745131003e-05 0.0030150645058963773 0.00017734778274928686 -2.17928900595261e-05 -0.00021743086354576138 0.00085231138178475942 0.00043724398252961694 0.0014811691342390167 0.00030775666002660603 -0.0012229329311574375 -0.00015517816938796387 -9.6888449917006332e-05 -8.3398495854307704e-05 -0.00030522318225683915 0.00021185387209232145 -0.00079133572553661809 0.00011477891857047664 -0.0010236426421101684 0.00015012411329637452 -0.00083101237951560731 0.0012332255751184879
leaf_weight=27613 664 16725 29020 14003 114 1348 3671 417 418 9694 103 21527 908 717 197 200 124 3522 199 11628 19447 26981 3289 203 232 5391 107 3834 193 247
leaf_count=27613 664 16725 29020 14003 114 1348 3671 417 418 9694 103 21527 908 717 197 200 124 3522 199 11628 19447 26981 3289 203 232 5391 107 3834 193 247
internal_value=7.60164e-14 1.33637e-05 3.87536e-05 -1.57755e-05 9.9193e-05 2.47222e-05 5.6268e-05 0.000214984 0.000955412 0.000165281 0.00084734 0.000186416 -0.000432398 -4.38644e-05 0.000136499 0.000253581 -6.39985e-05 0.000125697 -0.000435875 -6.91576e-05 -3.74401e-05 -6.67522e-05 -0.000107501 0.000693184 -8.35634e-05 -3.15178e-06 -7.76397e-05 0.000184441 -0.000166212 0.000877082
internal_weight=202736 174784 121070 63647 57423 34947 32691 22476 835 13983 767 21641 2256 53714 5394 4478 48320 13216 916 47993 36172 49664 30270 327 27952 19394 27720 4031 11821 447
internal_count=202736 174784 121070 63647 57423 34947 32691 22476 835 13983 767 21641 2256 53714 5394 4478 48320 13216 916 47993 36172 49664 30270 327 27952 19394 27720 4031 11821 447
is_linear=0
shrinkage=0.02


Tree=238
num_leaves=31
num_cat=0
split_feature=23 44 14 4 14 6 6 44 17 14 44 11 43 44 43 17 11 24 12 6 44 31 14 6 6 17 1 31 45 6
split_gain=0.547348 0.54985 0.539148 0.524179 0.493843 0.585814 0.541485 0.418666 0.324911 0.293658 0.296631 0.280829 0.271057 0.26859 0.233399 0.2604 0.30401 0.224447 0.207946 0.199018 0.394404 0.166005 0.149126 0.265684 0.146114 0.145003 0.129848 0.128701 0.125068 0.153029
threshold=0.099999999998544822 1.9357725258906862 0.1936000000000008 0.45870000000000299 0.69675000000000131 0.25593333333333373 0.65431666666666677 -1.1871706919936587 0.15273581337484074 2.8280666666666687 2.1876406604074967 0.19150000000000003 20.519999999999715 3.1601215743280169 25.540000000000877 2.0648577586813457 2.0785000000000005 3.700000000004366 1.8963000000000048 -0.19428333333333342 1.357560484627605 14.400000000001457 1.008283333333335 0.50159999999999927 -0.016500000000000795 19.997690831235779 15000000.000000002 4.6500000000014561 0.055125819554200255 0.37843333333333307
decision_type=2 2 2 2 2 2 2 2 2 2 2 2 2 2 2 2 2 2 2 2 2 2 2 2 2 2 2 2 2 2
left_child=1 2 7 4 5 -4 -6 24 11 13 -11 -2 21 22 15 16 17 -10 -14 -16 -21 -5 -3 -24 -1 27 -26 -17 29 -15
right_child=8 9 3 12 6 -7 -8 -9 14 10 -12 -13 18 28 19 25 -18 -19 -20 20 -22 -23 23 -25 26 -27 -28 -29 -30 -31
leaf_value=-6.5251657281479233e-05 0.00033473172066767794 -0.00015423965031750183 1.7440276248860036e-05 -0.00020597517070063804 0.00013084848960257317 -0.0002462604506782935 -0.00027786478040411981 -0.00013034824822280306 8.8207282163562756e-05 -0.00078104093982394609 0.00034815073155485373 0.0014369030654808451 0.0011602323282715104 -0.00037399366756520671 0.00012349657519735048 -0.00012614064769763075 0.00086507529464373322 0.00052788870468873598 0.00011714944406094219 0.0013326749221167578 0.0001646527176134587 -5.7058377404338915e-05 0.00010920424285005598 -0.00032345024301926761 1.4567514296543769e-05 -0.00052424756461614652 0.0002284106645609463 7.0885710479219453e-05 -0.00016046308211344952 -0.00092675856890598218
leaf_weight=2892 1095 8893 103632 5476 23304 3483 1373 19526 8007 105 818 101 109 1025 568 2478 221 493 256 207 262 6607 2386 745 2382 239 2171 2853 780 249
leaf_count=2892 1095 8893 103632 5476 23304 3483 1373 19526 8007 105 818 101 109 1025 568 2478 221 493 256 207 262 6607 2386 745 2382 239 2171 2853 780 249
internal_value=-1.42184e-13 -9.78927e-06 3.83579e-07 1.57306e-05 2.7448e-05 8.86566e-06 0.000108108 -8.16918e-05 0.000110317 -0.000125895 0.000219694 0.000427808 -0.000108327 -0.000148553 8.55441e-05 6.45211e-05 0.000132749 0.000113709 0.000428645 0.000375264 0.000680176 -0.000124547 -0.000112447 6.25707e-06 4.59196e-05 -4.23043e-05 0.000116534 -2.06977e-05 -0.000359916 -0.00048203
internal_weight=202736 186212 171211 144240 131792 107115 24677 26971 16524 15001 923 1196 12448 14078 15328 14291 8721 8500 365 1037 469 12083 12024 3131 7445 5570 4553 5331 2054 1274
internal_count=202736 186212 171211 144240 131792 107115 24677 26971 16524 15001 923 1196 12448 14078 15328 14291 8721 8500 365 1037 469 12083 12024 3131 7445 5570 4553 5331 2054 1274
is_linear=0
shrinkage=0.02


Tree=239
num_leaves=31
num_cat=0
split_feature=34 5 34 29 45 9 9 14 10 45 9 9 10 41 5 9 45 6 10 34 35 6 9 34 44 34 5 35 14 41
split_gain=0.553097 0.802406 0.693074 1.0771 0.864921 1.13093 0.807697 0.803733 0.777151 0.73139 0.848185 0.802543 0.520534 0.40541 0.393976 0.531188 0.351585 0.456099 0.364166 0.325311 0.419596 0.363827 0.300304 0.574441 0.406669 0.288194 0.446199 0.274315 0.221202 0.207403
threshold=0.041686708810711452 0.10740000000000063 -0.0095901530654452973 -0.01983008863242763 0.035964912280539052 11.744000000000012 14.490500000000006 0.32091666666666713 82.286500000000004 0.061214456616367513 -3.954999999999997 18.799500000000009 22.652499999999993 58.360655735688432 0.7497500000000018 14.490500000000006 0.051360135937023245 0.73209999999999975 -5.2390000000000212 0.01846981702454616 2.2999999999956349 0.24796666666666642 -9.2284999999999879 -0.023774771044866732 -0.75985967929795561 0.10738946363118447 1.3030000000000026 6.6200000000026202 1.2694166666666675 74.496644293258726
decision_type=2 2 2 2 2 2 2 2 2 2 2 2 2 2 2 2 2 2 2 2 2 2 2 2 2 2 2 2 2 2
left_child=1 2 4 -4 6 12 7 -1 -7 11 -11 -5 -6 -2 15 19 18 -18 -17 21 -21 -3 -16 -24 -25 26 27 -15 -8 -27
right_child=13 14 3 9 5 8 28 -9 -10 10 -12 -13 -14 25 22 16 17 -19 -20 20 -22 -23 23 24 -26 29 -28 -29 -30 -31
leaf_value=-6.6787440296029897e-05 0.00068898532880855865 -0.00010545236404267677 0.00039144850545651477 1.5515759717246161e-05 -9.2452432385061961e-05 0.00029092557258122742 -0.000624316768304418 0.00018139030574413896 0.0017676440898548834 -9.6799649503111782e-05 0.00022905351024182587 -0.00048266897998578296 -0.00034381585491037933 0.00018296216082679126 0.00028420000944661349 0.00062168186783966299 0.00044746625498883413 -0.00075118629921254888 -0.00018772270942808152 0.00012153596641901616 -0.00010569835107009887 -0.00042057029505444875 -0.001581351883546126 0.00019318905498743921 -0.00040235845442845755 0.0011647342148129471 -0.00034649976781903958 -4.0608954604581487e-05 -5.6843756347406293e-05 0.00032237325120657717
leaf_weight=8434 495 25757 3594 59880 31977 1244 833 13696 161 4199 13367 1322 3674 7367 333 269 1736 137 1282 5971 7134 1554 144 568 2382 143 905 3127 410 641
leaf_count=8434 495 25757 3594 59880 31977 1244 833 13696 161 4199 13367 1322 3674 7367 333 269 1736 137 1282 5971 7134 1554 144 568 2382 143 905 3127 410 641
internal_value=1.45115e-14 -8.53193e-06 1.51116e-05 5.2854e-05 -3.63295e-05 -9.64224e-05 5.8943e-05 8.68069e-05 0.000460144 3.74047e-05 0.000151161 4.75467e-06 -0.000118357 0.000127904 -7.99578e-05 -6.38139e-05 0.000175368 0.000359791 -4.73424e-05 -8.40772e-05 -2.16412e-06 -0.000123383 -0.000286479 -0.0003479 -0.00028769 0.000105107 7.95961e-05 0.000116342 -0.000437137 0.000476018
internal_weight=202736 190058 142791 82362 60429 37056 23373 22130 1405 78768 17566 61202 35651 12678 47267 43840 3424 1873 1551 40416 13105 27311 3427 3094 2950 12183 11399 10494 1243 784
internal_count=202736 190058 142791 82362 60429 37056 23373 22130 1405 78768 17566 61202 35651 12678 47267 43840 3424 1873 1551 40416 13105 27311 3427 3094 2950 12183 11399 10494 1243 784
is_linear=0
shrinkage=0.02


Tree=240
num_leaves=31
num_cat=0
split_feature=10 44 14 6 13 9 10 5 9 44 10 9 29 9 34 42 34 42 45 35 45 17 11 21 34 9 39 14 44 13
split_gain=0.550354 0.725204 0.863311 1.38706 0.973053 1.67195 0.867862 0.840526 0.78117 0.732192 0.721794 0.690504 0.611323 0.563752 0.547241 0.340247 0.354702 0.545699 0.340113 0.331493 0.307524 0.286885 0.771244 0.27247 0.256865 0.21913 0.208184 0.204358 0.204287 0.202353
threshold=-3.3145000000000162 3.1601215743280169 0.98900000000000043 0.46673333333333294 1.938466666666667 3.0100000000000109 43.516499999999986 -0.20850000000000049 18.799500000000009 -1.2305217420372492 104.706 -19.967499999999987 0.067067441342805192 15.106499999999999 -0.0090891730685329335 0.93598906442713303 0.0077797917161733102 0.61530338718155597 0.078478056453778297 10.739999999997965 0.054517469257182948 0.50280647002577405 0.37150000000000011 20.900000000001459 0.10738946363118447 1.7420000000000115 1.5000000000000002 3.1651000000000011 -0.81930252960381511 0.28139999999999821
decision_type=2 2 2 2 2 2 2 2 2 2 2 2 2 2 2 2 2 2 2 2 2 2 2 2 2 2 2 2 2 2
left_child=15 2 9 4 7 -6 26 -4 -8 12 11 -11 13 -2 -12 16 19 20 24 21 28 22 -1 -23 -19 -17 -5 -3 -18 -22
right_child=1 27 3 6 5 -7 8 -9 -10 10 14 -13 -14 -15 -16 25 17 18 -20 -21 29 23 -24 -25 -26 -27 -28 -29 -30 -31
leaf_value=-3.0333887255728543e-05 0.00015492549338512134 -0.00049786664981659866 0.0008552629641138522 -0.00045556484342150651 -0.00087499742297738573 0.00062441261273190924 0.0016024288033555834 0.00032655752326473146 0.00011946298213896842 0.00069722307283382151 -9.1410492983671416e-05 -1.4582426525908134e-05 0.0015645346294488171 -0.00073742890445705649 0.0016940786424891226 -0.00024039461237279286 0.00054253980699124637 -2.4031049886794146e-05 0.00032171223968190099 0.0010812472279716392 0.0001019214275868564 -0.00011465383704380703 0.00057300439015746851 0.00042259497009733117 0.00082977696583839131 -2.3168392826535371e-05 -3.493929578503523e-05 0.00019673054094891996 7.2303680259812593e-05 0.00074757152474316747
leaf_weight=41845 14079 1292 1780 1666 601 589 155 3709 1705 549 113 77423 121 289 175 4993 450 18944 1259 104 266 22643 865 384 142 2958 656 195 2067 719
leaf_count=41845 14079 1292 1780 1666 601 589 155 3709 1705 549 113 77423 121 289 175 4993 450 18944 1259 104 266 22643 865 384 142 2958 656 195 2067 719
internal_value=-4.81493e-14 3.17616e-05 3.80555e-05 0.000206762 0.000385608 -0.000132852 -7.8869e-05 0.000498009 0.000243043 1.82997e-05 -5.87919e-06 -9.57061e-06 0.000148898 0.000136977 0.000993522 -3.41876e-05 -2.30714e-05 4.30171e-05 3.32366e-06 -4.7008e-05 0.000273618 -4.8793e-05 -1.81146e-05 -0.000105695 -1.76787e-05 -0.00015958 -0.000336732 -0.00040678 0.000156375 0.000573213
internal_weight=202736 105097 103610 10861 6679 1190 4182 5489 1860 92749 78260 77972 14489 14368 288 97639 89688 23847 20345 65841 3502 65737 42710 23027 19086 7951 2322 1487 2517 985
internal_count=202736 105097 103610 10861 6679 1190 4182 5489 1860 92749 78260 77972 14489 14368 288 97639 89688 23847 20345 65841 3502 65737 42710 23027 19086 7951 2322 1487 2517 985
is_linear=0
shrinkage=0.02


Tree=241
num_leaves=31
num_cat=0
split_feature=41 34 7 43 45 41 7 10 10 6 34 29 4 44 34 14 43 9 14 45 9 10 42 6 9 9 44 9 9 13
split_gain=0.552942 0.875926 0.680985 1.11202 0.652675 0.552166 0.517163 0.715444 0.45984 0.467726 0.453803 0.601179 0.480697 0.444852 0.51715 0.382079 0.377467 0.3729 0.625931 0.482811 0.344615 0.292952 0.27334 0.264733 0.263941 0.24158 0.170526 0.20198 0.240795 0.141415
threshold=89.613887493543857 0.022854074869047725 0.59482938730020118 6.9400000000008744 0.077047779913319805 64.076066862680008 0.38245659882742639 23.128499999999992 -89.687499999999986 0.24043333333333336 -0.022374440849724644 -0.028920793677139619 -0.36409999999999737 2.3422459782686049 0.070202806751051852 0.83460000000000156 19.539999999997963 0.84300000000001318 1.7400000000000009 0.01601753779004764 26.659000000000002 61.751999999999988 0.50869234200993374 0.65431666666666677 3.0979999999999959 -14.611499999999994 -1.3319930107824234 10.170500000000009 5.3470000000000075 0.36430000000000079
decision_type=2 2 2 2 2 2 2 2 2 2 2 2 2 2 2 2 2 2 2 2 2 2 2 2 2 2 2 2 2 2
left_child=1 2 3 8 5 22 7 -5 15 -10 17 16 -13 14 -7 -1 -12 19 -19 -4 24 -8 -3 -24 29 -15 27 28 -2 -6
right_child=26 4 10 6 20 13 21 -9 9 -11 11 12 -14 25 -16 -17 -18 18 -20 -21 -22 -23 23 -25 -26 -27 -28 -29 -30 -31
leaf_value=0.00086884440007193903 -2.0721255006514359e-05 0.0009723992150328639 0.00024402105214774061 0.00020407103929640096 0.00032121203239085592 3.3196217639118477e-05 1.3130346277903402e-05 0.00070926465171439288 -4.0808102856825255e-07 -0.0002225888705415114 0.00021624175410547212 6.4847878674789488e-05 -9.877697212728212e-05 0.00030755324587461409 0.00042138976304770379 -0.00032844607557098456 0.0013162302926260359 -0.00043822112528826048 0.00035185007224164481 -0.00014562537807630502 0.0010816072252107854 0.00071521930521421687 0.00027646857919246497 -0.00021183254791815064 0.00021185943138175468 -0.000346305167315141 -0.0001847980011600987 -0.00064903942440208554 0.00062024157818904341 0.0010404566561267132
leaf_weight=419 992 207 1417 6844 179 17303 5737 1341 91910 3953 2283 10224 24136 262 1491 143 132 3087 461 12433 290 248 4838 489 1475 1646 8060 148 307 281
leaf_count=419 992 207 1417 6844 179 17303 5737 1341 91910 3953 2283 10224 24136 262 1491 143 132 3087 461 12433 290 248 4838 489 1475 1646 8060 148 307 281
internal_value=-1.39322e-14 7.32639e-06 -1.03713e-05 1.80855e-05 0.000109783 8.18914e-05 0.000183521 0.00028684 -6.2258e-06 -9.56991e-06 -6.84663e-05 -2.86514e-05 -5.00895e-05 3.4453e-05 6.39931e-05 0.000564196 0.000276365 -0.000152625 -0.000335565 -0.00010576 0.000438662 4.22228e-05 0.000259352 0.000231644 0.000342304 -0.00025652 -0.000148908 5.10027e-05 0.000130761 0.000760577
internal_weight=202736 193229 164768 110595 28461 26236 14170 8185 96425 95863 54173 36775 34360 20702 18794 562 2415 17398 3548 13850 2225 5985 5534 5327 1935 1908 9507 1447 1299 460
internal_count=202736 193229 164768 110595 28461 26236 14170 8185 96425 95863 54173 36775 34360 20702 18794 562 2415 17398 3548 13850 2225 5985 5534 5327 1935 1908 9507 1447 1299 460
is_linear=0
shrinkage=0.02


Tree=242
num_leaves=31
num_cat=0
split_feature=43 7 43 10 44 34 5 10 44 44 31 15 10 14 44 10 9 14 45 10 7 13 9 10 9 44 10 15 10 9
split_gain=0.534778 0.768818 0.744737 0.721542 0.820549 0.660463 0.686045 0.575776 0.627942 0.521194 0.464632 0.414746 0.423966 0.389792 0.50242 0.506521 0.344862 0.65415 0.427861 0.496233 0.424051 0.378966 0.334287 0.329891 0.435552 0.322121 0.247519 0.22342 0.198981 0.192036
threshold=1.7400000000037836 0.62312554909250584 7.0600000000020389 61.751999999999988 -0.7801819440857708 -0.021534874597406269 -0.33119999999999755 104.706 1.134769847281498 0.65801029313983161 -40.700000000004358 0.86474493346139225 -138.12749999999997 0.22375000000000111 -0.33621368666040202 91.561999999999998 0.84300000000001318 1.9310500000000015 0.01601753779004764 13.10099999999998 2.4291704127514335 1.2680333333333345 21.07200000000001 -25.056000000000012 -18.455999999999985 -1.3146137163615477 70.033999999999992 0.13907264288679411 10.507499999999983 -2.4710000000000094
decision_type=2 2 2 2 2 2 2 2 2 2 2 2 2 2 2 2 2 2 2 2 2 2 2 2 2 2 2 2 2 2
left_child=26 2 13 11 -5 16 23 10 -9 -6 -8 12 -4 25 22 -16 18 21 28 -20 -19 -18 -15 29 -25 27 -1 -2 -3 -7
right_child=1 5 3 4 9 6 7 8 -10 -11 -12 -13 -14 14 15 -17 17 20 19 -21 -22 -23 -24 24 -26 -27 -28 -29 -30 -31
leaf_value=-6.5306951334225455e-05 0.00029279009515724446 0.00010898172756247157 0.00081766794304973195 0.0020969591255053329 -0.00018431492321754127 -0.00010353050271798217 0.00080483349004021752 0.0014252873670580527 -0.0004396248481309697 0.0010415167320253593 -4.1684030239048457e-05 -0.00017818093049745107 0.00015130273772171512 0.0001210329856816945 -7.9363262778563004e-06 0.0011568643003081283 -0.00031446786718645814 0.00091090182856731544 -8.7035005147589084e-05 -0.00046052135548094365 -0.00060458001676151184 -0.00089789064771560059 -0.00045297534302432541 0.0010218125735348084 0.00023581479489791137 -8.7508321082351343e-05 -0.00070972769227713184 -2.0205985070099344e-05 0.00069450581891290569 0.00045049285832523259
leaf_weight=36047 1636 1118 391 151 275 1682 261 218 108 280 41195 1520 16437 27096 33555 150 2633 261 10584 1644 103 536 412 303 4070 17181 240 2062 293 294
leaf_count=36047 1636 1118 391 151 275 1682 261 218 108 280 41195 1520 16437 27096 33555 150 2633 261 10584 1644 103 536 412 303 4070 17181 240 2062 293 294
internal_value=4.84658e-14 1.51665e-05 4.97042e-05 0.00016235 0.000789772 -3.8328e-05 -3.36517e-07 -2.97707e-05 0.000807464 0.000434123 -3.63545e-05 0.000138208 0.000166786 2.35586e-05 4.9011e-05 -2.75252e-06 -0.000144813 -0.000320914 -9.91967e-05 -0.000137249 0.00048207 -0.000413147 0.000112436 0.000193366 0.000290276 -5.10628e-05 -6.95691e-05 0.000118264 0.000230568 -2.10999e-05
internal_weight=202736 166449 101146 19054 706 65303 48131 41782 326 555 41456 18348 16828 82092 61213 33705 17172 3533 13639 12228 364 3169 27508 6349 4373 20879 36287 3698 1411 1976
internal_count=202736 166449 101146 19054 706 65303 48131 41782 326 555 41456 18348 16828 82092 61213 33705 17172 3533 13639 12228 364 3169 27508 6349 4373 20879 36287 3698 1411 1976
is_linear=0
shrinkage=0.02


Tree=243
num_leaves=31
num_cat=0
split_feature=10 14 6 13 14 14 6 34 15 34 10 10 6 10 9 6 9 34 9 9 9 10 34 13 10 9 13 14 14 9
split_gain=0.529513 0.717533 1.45942 0.797467 1.00073 0.675659 1.1044 0.699778 0.672369 0.659695 0.619988 0.591438 1.14983 0.849404 0.761611 0.709873 0.689948 0.626862 0.569017 0.535217 0.528844 0.688607 0.482355 0.447364 0.390505 0.358278 0.463378 0.507256 0.448575 0.428392
threshold=-5.4410000000000132 0.48726666666666746 0.22028333333333294 2.1767333333333352 0.98900000000000043 1.1814666666666676 0.46673333333333294 -0.019923202489511162 1.5103871183288102 -0.021115727518336427 43.516499999999986 61.751999999999988 -0.10009999999999983 49.269499999999994 4.5755000000000061 -0.079133333333333625 23.580500000000018 1.0000000180025095e-35 -4.3629999999999924 -0.53800000000000747 2.672000000000017 9.6279999999999806 0.05525710701734738 0.67613333333333514 74.463999999999984 10.439000000000014 1.2030666666666683 1.7400000000000009 0.23393333333333416 24.937000000000001
decision_type=2 2 2 2 2 2 2 2 2 2 2 2 2 2 2 2 2 2 2 2 2 2 2 2 2 2 2 2 2 2
left_child=25 11 3 4 8 7 19 -4 -3 -6 -8 13 24 16 -14 18 23 -16 -15 -7 21 -5 -9 -2 -13 -1 28 -28 -27 -30
right_child=1 2 5 20 9 6 10 22 -10 -11 -12 12 14 15 17 -17 -18 -19 -20 -21 -22 -23 -24 -25 -26 26 27 -29 29 -31
leaf_value=-4.4416978003401452e-05 1.4501124287811423e-06 0.00019432247845896402 -0.00090415432674889346 0.00035842948199974167 0.00017797080593232818 -0.00059266313331247098 -0.00030806325597854117 -0.00018268494814369722 -0.00011983178210296842 0.00066978062364248545 0.0002101692572175651 -0.0021300511447424515 -0.00046779633048337578 -0.001379678676215311 0.0014532341803298208 0.00077767458117415644 -0.00079249779197198222 -0.00014704074918532009 0.00028630896175008732 0.00080060219268305048 0.00032433591165629752 -0.0013264155991424375 0.00023197496821291349 -0.00039977793406117685 -0.00072854323048585567 -0.00072477898333068796 -0.00071825248073516636 0.00030278787360516867 0.0002909910325681211 0.001514653325759961
leaf_weight=86100 68168 17521 483 135 1818 123 1812 7789 3227 2728 1883 168 805 120 185 983 448 208 259 1067 224 345 1311 1130 151 166 440 349 2470 120
leaf_count=86100 68168 17521 483 135 1818 123 1812 7789 3227 2728 1883 168 805 120 185 983 448 208 259 1067 224 345 1311 1130 151 166 440 349 2470 120
internal_value=6.09153e-14 2.87774e-05 9.62667e-05 0.000185867 0.000204346 -6.47386e-05 0.00012669 -0.000162321 0.000145461 0.0004731 -4.3968e-05 -8.827e-06 -0.000399585 -4.90664e-07 -0.000115453 0.000494161 -1.01502e-05 0.000606269 -0.000241181 0.000656592 -0.000478088 -0.000852553 -0.000122947 -5.09247e-06 -0.00146664 -3.63039e-05 0.000160743 -0.000266614 0.000283089 0.000347686
internal_weight=202736 113091 40466 25998 25294 14468 4885 9583 20748 4546 3695 72625 1517 71108 1198 1362 69746 393 379 1190 704 480 9100 69298 319 89645 3545 789 2756 2590
internal_count=202736 113091 40466 25998 25294 14468 4885 9583 20748 4546 3695 72625 1517 71108 1198 1362 69746 393 379 1190 704 480 9100 69298 319 89645 3545 789 2756 2590
is_linear=0
shrinkage=0.02


Tree=244
num_leaves=31
num_cat=0
split_feature=41 34 45 42 14 17 24 44 10 6 0 32 6 9 14 10 10 14 10 44 16 45 6 12 9 44 9 9 12 43
split_gain=0.525698 0.839605 1.23144 0.837658 0.637894 0.620033 0.718437 0.577108 0.651256 0.468005 0.449279 0.374073 0.343806 0.483977 0.313021 0.305079 0.250031 0.714542 0.24008 0.444009 0.274492 0.201369 0.219464 0.19507 0.192253 0.163619 0.193174 0.230733 0.139463 0.126724
threshold=89.613887493543857 0.0084970800884962786 0.07176771542558559 0.61530338718155597 0.35856666666666714 0.56312331707353636 0.70000000000436569 1.6883562476704157 104.706 0.23320000000000052 0.011000000000000015 0.022033596777724925 0.19208333333333302 23.580500000000018 1.2073000000000018 -34.009000000000015 -54.442500000000003 0.95460000000000134 47.642999999999994 0.63687987257555367 1.1508575201789619 0.031272666988371389 0.22028333333333294 1.8963000000000048 -75.306499999999971 -1.3319930107824234 10.170500000000009 5.3470000000000075 0.59340000000000626 25.540000000000877
decision_type=2 2 2 2 2 2 2 2 2 2 2 2 2 2 2 2 2 2 2 2 2 2 2 2 2 2 2 2 2 2
left_child=1 5 3 21 -4 6 9 8 -5 10 -1 18 14 -14 -6 -11 28 -18 20 -20 -7 22 -3 -23 -9 26 27 -2 -8 -13
right_child=25 2 4 7 12 11 16 24 -10 15 -12 29 13 -15 -16 -17 17 -19 19 -21 -22 23 -24 -25 -26 -27 -28 -29 -30 -31
leaf_value=-1.9884363294168736e-05 -1.9656231922615389e-05 0.00020084335786669177 5.6858404200089703e-05 2.5542682080591938e-05 0.00053621128748696108 -0.00018038705356602434 0.00050401222771456972 0.00059101994985262638 0.0012053857973474574 0.00035289480772142205 8.1781621856600158e-05 0.00026929078580959707 0.00010174613480608564 0.00069390837978863806 0.0013489799958244326 -0.00027735004462159059 0.00025699265777675835 0.0012595248536142584 -0.00010254305936547056 0.00050255371936100293 -6.6723494267269411e-05 0.00029403430652093866 -0.0002512439682999217 0.00084837543889828822 -0.00019548479217100954 -0.00018034881057548812 -0.00063398427134883173 0.0006077719842620704 -0.00035597365243665992 0.00099491883387571069
leaf_weight=60201 992 2027 2762 40833 2247 12574 110 127 188 338 24448 408 1872 783 207 3374 1139 379 1344 759 26221 3820 545 272 5885 8060 148 307 240 126
leaf_count=60201 992 2027 2762 40833 2247 12574 110 127 188 338 24448 408 1872 783 207 3374 1139 379 1344 759 26221 3820 545 272 5885 8060 148 307 240 126
internal_value=5.97267e-15 7.14362e-06 6.81089e-05 3.38637e-05 0.000301734 -2.13653e-05 8.04531e-06 4.12962e-06 3.09499e-05 -1.60275e-07 9.47842e-06 -8.54145e-05 0.000434117 0.000276384 0.00060477 -0.000219962 0.00039619 0.000507295 -9.22814e-05 0.000115844 -0.000103563 0.00024372 0.000105047 0.000330882 -0.00017887 -0.000145193 5.06271e-05 0.000128627 -8.56924e-05 0.000440506
internal_weight=202736 193229 61568 53697 7871 131661 90229 47033 41021 88361 84649 41432 5109 2655 2454 3712 1868 1518 40898 2103 38795 6664 2572 4092 6012 9507 1447 1299 350 534
internal_count=202736 193229 61568 53697 7871 131661 90229 47033 41021 88361 84649 41432 5109 2655 2454 3712 1868 1518 40898 2103 38795 6664 2572 4092 6012 9507 1447 1299 350 534
is_linear=0
shrinkage=0.02


Tree=245
num_leaves=31
num_cat=0
split_feature=34 5 10 24 44 9 9 13 17 33 44 44 44 41 42 9 10 5 24 13 10 10 44 9 9 44 10 34 9 10
split_gain=0.51131 0.790847 0.561571 0.567924 0.530654 0.518697 0.470296 0.454538 0.437112 0.372819 0.353988 0.518087 0.299213 0.298024 0.296996 0.288013 0.280174 0.210101 0.20661 0.205914 0.532399 0.402096 0.319114 0.220246 0.191971 0.187757 0.184045 0.174355 0.159521 0.158355
threshold=0.050771600401086171 0.50565000000000149 -5.4410000000000132 3.200000000004366 1.9726424791559014 8.2520000000000095 10.439000000000014 0.21739999999999973 5.4550365025166068 0.023648814446492212 -0.92656156505820797 0.47342906247335276 1.6883562476704157 63.785220829238092 0.94812892095753487 -5.8980000000000006 7.6179999999999888 2.3172500000000009 0.9000000000014553 1.6932000000000003 61.751999999999988 37.781999999999982 1.2967951121574963 9.3770000000000078 1.7420000000000115 0.23589529786104249 11.433999999999978 0.10738946363118447 -17.12949999999999 -9.1730000000000036
decision_type=2 2 2 2 2 2 2 2 2 2 2 2 2 2 2 2 2 2 2 2 2 2 2 2 2 2 2 2 2 2
left_child=1 2 6 4 7 -6 14 -4 25 -2 29 -12 13 -11 15 -1 28 19 -18 20 -3 26 -23 -22 -16 -5 -21 -14 -15 -8
right_child=9 17 3 8 5 -7 10 -9 -10 12 11 -13 27 16 24 -17 18 -19 -20 21 23 22 -24 -25 -26 -27 -28 -29 -30 -31
leaf_value=-8.1621843071216229e-05 0.00050278729868686808 -0.00017364169227228552 -2.7644131858099937e-05 0.0002844904772314825 -0.00030437001380893218 7.3279378064586108e-05 -0.00049489608634758044 6.7572830858927892e-05 -0.00024579766427579861 0.0009669965326572509 0.00061277869994307 -2.6636111877310144e-05 -0.00021165127533920994 -0.00050608521821869483 -0.00027827618014452933 -2.7147340603688938e-06 0.00024871003394343495 -0.00063733968707382189 0.00083468475195601095 5.4880289538068749e-05 -0.0016859151590656357 0.0014695352162561904 9.9300434973476266e-05 -0.00062778726342275343 -3.649673821819281e-06 0.00066331021775599592 -0.0005357876159373683 0.00026861389336715408 6.3072865746790929e-05 0.00035675700105750399
leaf_weight=31172 1080 6507 29130 1241 3675 2408 336 64365 443 187 1201 877 1480 214 3402 45526 1836 408 277 695 114 128 145 254 1453 905 303 380 2476 118
leaf_count=31172 1080 6507 29130 1241 3675 2408 336 64365 443 187 1201 877 1480 214 3402 45526 1836 408 277 695 114 128 145 254 1453 905 303 380 2476 118
internal_value=1.36035e-13 -6.40829e-06 2.22764e-06 3.37331e-05 2.61298e-05 -0.000154875 -3.60529e-05 3.79063e-05 0.000326172 0.000157424 0.000232385 0.00034292 0.000102973 0.000183674 -4.43872e-05 -3.47846e-05 0.000153176 -0.000194444 0.000325527 -0.000172261 -0.000215497 6.16029e-05 0.000741755 -0.000955577 -0.000196086 0.000444244 -0.000124451 -0.000113533 1.77941e-05 -0.000273541
internal_weight=202736 194806 186252 102167 99578 6083 84085 93495 2589 7930 2532 2078 6850 4990 81553 76698 4803 8554 2113 8146 6875 1271 273 368 4855 2146 998 1860 2690 454
internal_count=202736 194806 186252 102167 99578 6083 84085 93495 2589 7930 2532 2078 6850 4990 81553 76698 4803 8554 2113 8146 6875 1271 273 368 4855 2146 998 1860 2690 454
is_linear=0
shrinkage=0.02


Tree=246
num_leaves=31
num_cat=0
split_feature=23 15 14 10 10 6 14 9 45 6 10 17 10 14 10 9 10 14 6 45 13 10 10 20 21 45 6 10 0 15
split_gain=0.507668 0.502347 0.564471 1.10515 0.549038 0.7304 0.663229 0.472969 0.98926 0.618651 0.379677 0.29587 0.380932 0.471564 0.6196 0.507484 0.2451 0.420331 0.354616 0.22564 0.295919 0.197294 0.192789 0.403157 0.18077 0.16552 0.297193 0.187066 0.164205 0.161326
threshold=0.15000000000145522 2.3220777869871951 0.69675000000000131 -166.39949999999996 -54.442500000000003 0.65431666666666677 1.2073000000000018 -3.7709999999999826 0.021843606363566182 0.25593333333333373 42.282999999999987 2.0648577586813457 -72.730999999999995 1.5994166666666678 -43.957000000000008 -10.682499999999983 -138.12749999999997 1.3451000000000015 0.15519999999999939 0.023185482299323542 1.0108333333333337 24.69499999999999 61.751999999999988 7.8499999999985457 5.9000000000014561 0.027453382211206429 -0.27451666666666646 -6.91300000000001 -0.2584999999999999 3.3815731542333438
decision_type=2 2 2 2 2 2 2 2 2 2 2 2 2 2 2 2 2 2 2 2 2 2 2 2 2 2 2 2 2 2
left_child=1 2 3 -1 16 6 -6 8 -5 -9 -7 12 -2 19 15 -15 17 -4 -18 20 -14 -13 25 -24 -16 26 27 -3 -25 -23
right_child=11 22 4 7 5 10 -8 9 -10 -11 -12 21 13 14 24 -17 18 -19 -20 -21 -22 29 23 28 -26 -27 -28 -29 -30 -31
leaf_value=0.0020048277880306596 -0.00014814177189737576 -0.00015065250114508052 0.00065173730320222396 0.00011479264530479485 8.2547386040728756e-05 -0.00047723667449249953 0.00032591712095236407 1.325808219819232e-05 -0.00012830793512574079 -0.00022050387586066824 4.1432821321874842e-05 -5.7685851865611465e-05 0.00028927728608862436 0.00067411179377682717 0.00016521286169055122 0.0026090035991708062 -0.00032590189168189474 -0.00019486412474505288 0.00021125321333255172 0.00011910140254854976 0.0010938793858976691 0.00036166770173815866 -0.00099762836165609762 -0.00050916458018632096 0.00097120612603455992 -7.6699763492720549e-05 -0.00041491329327302592 0.00057498655932309174 0.00051256260031606166 -0.00012944311838631339
leaf_weight=108 1110 423 386 8471 19760 1217 5792 102434 31950 4738 1053 4360 1370 111 440 106 2586 598 607 4524 211 940 308 110 149 6476 1663 214 147 374
leaf_count=108 1110 423 386 8471 19760 1217 5792 102434 31950 4738 1053 4360 1370 111 440 106 2586 598 607 4524 211 940 308 110 149 6476 1663 214 147 374
internal_value=-1.07786e-13 -8.51839e-06 -1.08518e-06 -1.7584e-05 7.50702e-05 0.00010717 0.000137713 -1.90639e-05 -7.73615e-05 2.92363e-06 -0.000236638 0.000117585 0.000195771 0.000251008 0.000705688 0.00161927 -0.000138738 0.000137238 -0.000223787 0.00019098 0.000396659 7.05774e-06 -0.000151517 -0.000509612 0.000369106 -0.000128463 -0.000274209 9.31258e-05 7.52475e-05 0.000221884
internal_weight=202736 189041 179700 147701 31999 27822 25552 147593 40421 107172 2270 13695 8021 6911 806 217 4177 984 3193 6105 1581 5674 9341 565 589 8776 2300 637 257 1314
internal_count=202736 189041 179700 147701 31999 27822 25552 147593 40421 107172 2270 13695 8021 6911 806 217 4177 984 3193 6105 1581 5674 9341 565 589 8776 2300 637 257 1314
is_linear=0
shrinkage=0.02


Tree=247
num_leaves=31
num_cat=0
split_feature=41 34 42 10 7 29 34 44 34 4 13 44 5 9 34 14 10 9 9 10 42 9 29 33 9 34 44 9 9 20
split_gain=0.503246 0.802767 1.07632 0.649375 0.582777 0.537505 0.683352 0.531868 0.678581 0.512071 0.459928 0.401491 0.398942 0.391219 0.317456 0.420536 0.316821 0.379877 0.310602 0.30915 0.267043 0.24627 0.226341 0.212724 0.177525 0.170118 0.157674 0.184753 0.22121 0.147438
threshold=89.613887493543857 0.0036999726363705515 0.58400679811697487 6.1289999999999862 0.61590104724059203 -0.01983008863242763 -0.0068887713537538016 1.7901416812775957 0.045683696889415183 -0.043999999999995133 0.25346666666666512 0.081419411029176242 -0.043199999999999565 26.659000000000002 -0.021534874597406269 0.4495000000000004 21.179999999999993 -14.611499999999994 55.303000000000004 -89.687499999999986 0.34517119269007307 -35.039999999999999 -0.058349777897875869 0.022496178050137431 44.40750000000002 -0.027331438552363738 -1.3319930107824234 10.170500000000009 5.3470000000000075 5.7000000000043665
decision_type=2 2 2 2 2 2 2 2 2 2 2 2 2 2 2 2 2 2 2 2 2 2 2 2 2 2 2 2 2 2
left_child=1 4 10 11 5 6 9 8 -5 -1 -3 21 14 -13 22 -16 19 -18 -9 -7 -12 -4 -6 25 -22 -14 27 28 -2 -8
right_child=26 2 3 7 12 16 29 18 -10 -11 20 13 23 -15 15 -17 17 -19 -20 -21 24 -23 -24 -25 -26 -27 -28 -29 -30 -31
leaf_value=-2.8966488201381502e-05 -1.8738897622956903e-05 2.9708183365061396e-05 -0.0008143329392254785 9.8005639774164304e-05 -6.6012022519654026e-06 0.00045550752720073648 0.00036327462335015721 -0.00018611863012579218 0.000436415484259523 0.00014529061010223838 0.0007438903679748898 -0.00010961965747853407 -0.00035123069469507947 0.00097552026182833582 -0.00010664051657139106 0.0001340780035492623 -0.00074170704022212444 0.00011851535985860509 0.00064536061160923449 -6.198655265842949e-05 0.00030346526651856784 3.2992999770627178e-05 -0.00017113354785818505 0.00045254134092405352 -0.00041066453415034731 -0.00015913973742672806 -0.00017656998070800478 -0.00061935086281517072 0.00059560508706913318 0.00081062312311403633
leaf_weight=15031 992 2972 138 20618 5343 467 1301 3039 2678 12237 557 16114 2277 134 5097 6744 212 6540 191 41177 7164 23827 8941 206 142 9701 8060 148 307 381
leaf_count=15031 992 2972 138 20618 5343 467 1301 3039 2678 12237 557 16114 2277 134 5097 6744 212 6540 191 41177 7164 23827 8941 206 142 9701 8060 148 307 381
internal_value=-4.9673e-14 6.98941e-06 5.67646e-05 2.67476e-05 -2.63966e-05 5.19929e-06 7.33677e-05 0.000103561 0.000136908 4.92345e-05 0.000241657 -2.39212e-05 -9.01888e-05 -0.00010067 -4.61129e-05 3.04599e-05 -3.55783e-05 9.1506e-05 -0.000136951 -5.61833e-05 0.000321767 2.81138e-05 -0.000109589 -0.000184697 0.000289585 -0.000195656 -0.000142059 5.01713e-05 0.000126452 0.000464606
internal_weight=202736 193229 77574 66739 115655 77346 28950 26526 23296 27268 10835 40213 38309 16248 26125 11841 48396 6752 3230 41644 7863 23965 14284 12184 7306 11978 9507 1447 1299 1682
internal_count=202736 193229 77574 66739 115655 77346 28950 26526 23296 27268 10835 40213 38309 16248 26125 11841 48396 6752 3230 41644 7863 23965 14284 12184 7306 11978 9507 1447 1299 1682
is_linear=0
shrinkage=0.02


Tree=248
num_leaves=31
num_cat=0
split_feature=43 15 43 43 34 5 42 6 14 10 4 43 10 10 10 10 15 6 5 10 10 6 10 14 10 3 13 17 0 17
split_gain=0.497092 0.702227 0.766593 0.512712 0.52548 0.529982 0.485123 0.477346 0.473856 0.471053 0.348817 0.359396 0.377878 0.332927 0.280761 0.271594 0.293613 0.346349 0.250907 0.282734 0.236012 0.20348 0.197183 0.16472 0.157037 0.147017 0.141145 0.135319 0.22485 0.125605
threshold=1.7400000000037836 0.62077278451378493 8.9200000000026218 23.319999999999713 -0.015255393475215038 -0.22379999999999842 0.94201019718971735 0.65431666666666677 0.22375000000000111 104.706 0.45870000000000299 17.440000000000875 -68.760000000000005 -5.2390000000000212 -25.056000000000012 -166.39949999999996 5.1419569748710749 0.032033333333332609 -0.043199999999999565 -72.730999999999995 70.033999999999992 0.22631666666666642 9.6279999999999806 1.6623500000000015 -89.687499999999986 0.99999999428104591 0.72640000000000138 0.13309344640395757 -0.20049999999999993 0.039043769051222914
decision_type=2 2 2 2 2 2 2 2 2 2 2 2 2 2 2 2 2 2 2 2 2 2 2 2 2 2 2 2 2 2
left_child=20 2 6 4 18 14 7 8 -2 -7 11 13 -13 -4 -6 -5 17 -17 19 -3 24 -20 26 -9 -1 27 -12 -26 -29 -27
right_child=1 3 10 15 5 9 -8 23 -10 -11 22 12 -14 -15 -16 16 -18 -19 21 -21 -22 -23 -24 -25 25 29 -28 28 -30 -31
leaf_value=0.00053475019878574781 -3.8560121253288697e-05 -0.00037687368054586885 8.3689874620363741e-05 -0.00017632551806169854 -5.4631628687951951e-05 -4.6604962964620461e-05 -0.00012515171081418493 -0.00061236756516710154 7.4583351535715685e-05 0.00085758979564757437 0.00048908046971337174 -0.00013321282377416668 0.00096426121014202737 0.00032827872780787705 0.00021884967554186769 0.00024936604495239402 -8.8819925088670799e-06 0.00089432014506241758 -0.00022024631803158146 -6.9932839980269755e-05 -0.00069217448717002594 -0.0006685052211365558 -0.0011467798829544336 -4.5434437511074874e-05 -5.3442189718370023e-05 0.00048537892245937463 -0.00045785526296479958 6.3401672625124472e-06 -0.00020163627641173767 -1.7256105370022773e-06
leaf_weight=175 19307 1308 4516 495 2067 34845 7454 587 63516 232 100 168 496 4390 5489 824 637 559 3828 14593 240 453 100 315 17868 218 170 2873 7527 7386
leaf_count=175 19307 1308 4516 495 2067 34845 7454 587 63516 232 100 168 496 4390 5489 824 637 559 3828 14593 240 453 100 315 17868 218 170 2873 7527 7386
internal_value=-8.90028e-14 1.46224e-05 4.76417e-05 -3.64855e-05 -4.76966e-05 -7.89639e-06 2.94597e-05 4.32247e-05 4.82083e-05 -4.06246e-05 0.000214424 0.00023772 0.000686587 0.000204254 0.000144037 0.000243524 0.000346408 0.000510052 -0.000131772 -9.51815e-05 -6.7073e-05 -0.000267679 -0.000388123 -0.000414381 -6.29111e-05 -6.58268e-05 -0.000107138 -8.68263e-05 -0.000144183 1.22392e-05
internal_weight=202736 166449 101119 65330 62815 42633 91179 83725 82823 35077 9940 9570 664 8906 7556 2515 2020 1383 20182 15901 36287 4281 370 902 36047 35872 270 28268 10400 7604
internal_count=202736 166449 101119 65330 62815 42633 91179 83725 82823 35077 9940 9570 664 8906 7556 2515 2020 1383 20182 15901 36287 4281 370 902 36047 35872 270 28268 10400 7604
is_linear=0
shrinkage=0.02


Tree=249
num_leaves=31
num_cat=0
split_feature=1 14 10 1 10 44 6 44 44 5 6 14 10 10 36 10 14 14 14 45 34 6 34 45 45 34 10 10 35 43
split_gain=0.487875 0.554368 1.14437 0.758644 1.13341 1.03205 0.525111 0.510875 0.46067 0.423759 0.401751 0.378376 0.36234 0.587959 0.293907 0.293688 1.05308 0.42008 0.242679 0.236529 0.252383 0.232347 0.239592 0.391396 0.259484 0.20874 0.20451 0.182021 0.18357 0.172273
threshold=0.002436424603288002 0.55833333333333501 -116.33499999999999 111.99999748000009 -12.898500000000004 2.5272667440274499 0.049566666666666599 -0.81930252960381511 -0.12973570003388124 0.48410000000000136 0.31833333333333352 0.48360000000000075 91.561999999999998 66.272499999999994 21.500000000000004 -72.730999999999995 1.9310500000000015 0.87030000000000085 3.1651000000000011 0.021502557962983615 0.045683696889415183 0.22631666666666642 -0.0095901530654452973 0.060658226447889728 0.031593038821823689 0.042877872056026868 17.787999999999986 -11.507000000000017 1.0199999999967988 10.100000000004368
decision_type=2 2 2 2 2 2 2 2 2 2 2 2 2 2 2 2 2 2 2 2 2 2 2 2 2 2 2 2 2 2
left_child=9 2 -2 4 15 8 27 10 -6 14 11 -4 13 -9 21 17 -17 -3 -7 26 -21 22 24 -24 -1 -23 -8 -5 -29 -11
right_child=1 3 7 6 5 18 19 12 -10 29 -12 -13 -14 -15 -16 16 -18 -19 -20 20 -22 25 23 -25 -26 -27 -28 28 -30 -31
leaf_value=2.6136895954254769e-05 0.0016976786062868825 0.00037810858320077196 4.4902535596234123e-05 -1.0801639352421854e-05 0.00016358775230538835 -0.00027794968269442068 -0.00018204820667420428 -4.1274391798316045e-05 0.00039150184374314002 -0.00021840213941061828 -0.00074597044871774318 0.00032623798238964213 0.0010810517824741015 -0.00069134837729222301 -0.00023266589959500608 -6.4805228728043975e-06 0.00067610843423946364 -0.00020264866011039323 0.00038236254168803901 -0.00015456619521949427 0.00014670931004576651 -0.00023049232974547022 -1.8268253043879211e-05 0.00014174456780548047 -0.00010932347014443439 0.00031533561941105058 -0.00062475833536828121 5.2110634282731366e-05 0.00031231320370571499 -0.00063687103615163779
leaf_weight=8605 157 570 25688 4698 5810 1665 1107 57082 9109 1834 246 2066 114 562 2852 8477 1012 3955 257 5080 1424 3217 26858 7917 16508 307 670 2428 1960 501
leaf_count=8605 157 570 25688 4698 5810 1665 1107 57082 9109 1834 246 2066 114 562 2852 8477 1012 3955 257 5080 1424 3217 26858 7917 16508 307 670 2428 1960 501
internal_value=2.28773e-14 2.21873e-05 -8.27366e-06 7.64581e-05 0.000135973 0.000246548 -2.92788e-05 -1.13968e-05 0.000302744 -4.33845e-05 5.87127e-05 6.58451e-05 -4.53846e-05 -4.76123e-05 -3.40533e-05 3.09211e-06 6.63175e-05 -0.000129492 -0.000189656 -0.000144475 -8.86043e-05 -2.51206e-05 -1.58339e-05 1.81608e-05 -6.29078e-05 -0.000182941 -0.000348968 7.57112e-05 0.000168336 -0.000308189
internal_weight=202736 134137 85915 48222 30855 16841 17367 85758 14919 68599 28000 27754 57758 57644 66264 14014 9489 4525 1922 8281 6504 63412 59888 34775 25113 3524 1777 9086 4388 2335
internal_count=202736 134137 85915 48222 30855 16841 17367 85758 14919 68599 28000 27754 57758 57644 66264 14014 9489 4525 1922 8281 6504 63412 59888 34775 25113 3524 1777 9086 4388 2335
is_linear=0
shrinkage=0.02


Tree=250
num_leaves=31
num_cat=0
split_feature=14 15 9 6 14 15 14 6 14 34 9 42 6 34 12 4 35 14 13 34 5 34 7 9 6 5 6 7 41 6
split_gain=0.47993 0.699404 0.653312 1.65996 1.05884 0.87412 0.711565 0.791493 0.629423 0.608449 0.48898 0.476338 0.350783 0.335219 0.325874 0.3006 0.265338 0.264574 0.27133 0.251755 0.21207 0.29448 0.221253 0.209545 0.170804 0.163126 0.162127 0.15468 0.137249 0.126301
threshold=0.31643333333333368 2.3220777869871951 -0.20200000000000431 0.092300000000000063 1.6623500000000015 0.38944993259156874 1.3052833333333342 0.65431666666666677 0.76196666666666768 -0.022374440849724644 19.860500000000002 0.84737528217678082 -0.59721666666666684 -0.0022639564567248651 0.32160000000000416 -0.58879999999999433 -1.2799999999915597 0.16413333333333427 0.32333333333333542 0.10738946363118447 -0.97099999999999775 0.0018236664560350496 9.6317160962226378 -10.417499999999988 -0.12661666666666707 -0.19879999999999923 0.13539999999999952 2.2234514992559915 78.2608695627017 -0.032166666666667169
decision_type=2 2 2 2 2 2 2 2 2 2 2 2 2 2 2 2 2 2 2 2 2 2 2 2 2 2 2 2 2 2
left_child=10 2 8 4 5 -4 9 -8 11 -5 14 13 23 -2 17 -14 -6 -1 24 20 21 -3 27 -10 -19 -13 -16 -22 -28 -12
right_child=1 19 3 6 16 -7 7 -9 12 -11 29 25 15 -15 26 -17 -18 18 -20 -21 22 -23 -24 -25 -26 -27 28 -29 -30 -31
leaf_value=-8.0303496944549794e-05 -6.726432379929792e-05 -5.6485418850274999e-05 0.00032875750151140667 -0.00042231856592204103 0.0006276712394727061 8.5720490621364444e-05 0.00056200390593940026 -3.0170077896076177e-05 -0.00011230998059538945 -1.8920152376481104e-05 -0.0011660921354044536 0.00018554672832277468 0.00039905381877867769 5.713728121085774e-05 -0.00013462413707556831 0.00010737992540462465 0.0015686000059896418 -0.00012411932942969902 -0.00011887318158870223 0.00038038631350213254 -0.00034614073473906624 0.00062457174690877981 -0.00072240537635002435 0.00079940164442982324 4.5731850071030121e-05 -0.0002560589118699902 -0.0001010845769974589 -0.00012752213525775923 0.00032756629249435464 -0.00046186033634669098
leaf_weight=17104 24500 2474 10542 1584 221 13500 1750 1865 3316 26799 146 359 1606 13405 14725 11783 262 2552 5385 385 1596 283 299 104 32883 4921 614 6854 582 337
leaf_count=17104 24500 2474 10542 1584 221 13500 1750 1865 3316 26799 146 359 1606 13405 14725 11783 262 2552 5385 385 1596 283 299 104 32883 4921 614 6854 582 337
internal_value=1.79615e-14 2.34117e-05 3.83229e-05 8.71136e-05 0.000210914 0.000192288 -7.77405e-06 0.000256498 -7.64492e-06 -4.1433e-05 -4.04458e-05 -4.80608e-05 9.61899e-05 -2.327e-05 -3.62971e-05 0.000142366 0.00113807 -1.42703e-05 1.33982e-05 -0.000122699 -0.000139533 1.34236e-05 -0.000187733 -8.45854e-05 3.34993e-05 -0.000226033 -0.000116435 -0.000168814 0.000107506 -0.000674734
internal_weight=202736 128408 116517 56523 24525 24042 31998 3615 59994 28383 74328 43185 16809 37905 73845 13389 483 57924 40820 11891 11506 2757 8749 3420 35435 5280 15921 8450 1196 483
internal_count=202736 128408 116517 56523 24525 24042 31998 3615 59994 28383 74328 43185 16809 37905 73845 13389 483 57924 40820 11891 11506 2757 8749 3420 35435 5280 15921 8450 1196 483
is_linear=0
shrinkage=0.02


Tree=251
num_leaves=31
num_cat=0
split_feature=41 34 5 9 45 45 9 14 9 45 41 44 34 44 10 7 13 43 43 5 14 9 10 45 44 9 9 44 44 14
split_gain=0.476648 0.776952 0.670926 0.649078 1.26863 0.876477 1.20101 0.935871 0.70441 0.59815 0.517027 0.453686 0.522292 0.361445 0.337836 0.451616 0.500733 0.326426 0.295035 0.293563 0.28486 0.264751 0.181405 0.271366 0.150639 0.176281 0.211243 0.137015 0.133115 0.130426
threshold=89.613887493543857 0.022854074869047725 0.084200000000000469 -1.3690000000000007 0.021843606363566182 0.04063870473433278 16.382000000000001 0.39163333333333489 -9.2284999999999879 0.077509941143223529 60.775701352985138 2.3422459782686049 0.087569951792432002 -1.3146137163615477 47.642999999999994 1.33866678078955 1.5759333333333341 8.2400000000008742 25.540000000000877 1.0050500000000029 1.2073000000000018 -39.987999999999978 51.214499999999994 0.062707779652269049 -1.3319930107824234 10.170500000000009 5.3470000000000075 1.8230106865950335 1.7564410496976346 0.35363333333333463
decision_type=2 2 2 2 2 2 2 2 2 2 2 2 2 2 2 2 2 2 2 2 2 2 2 2 2 2 2 2 2 2
left_child=1 2 3 4 8 6 -5 -7 -1 10 22 12 -12 -6 18 17 -17 -16 19 -4 29 -13 27 -24 25 26 -2 -3 -22 -11
right_child=24 9 14 5 13 7 -8 -9 -10 20 11 21 -14 -15 15 16 -18 -19 -20 -21 28 -23 23 -25 -26 -27 -28 -29 -30 -31
leaf_value=0.00039227489788393969 -1.7732736182111812e-05 0.00031546981491540905 -9.2026209188184003e-05 2.0350041229778231e-05 6.7065669520912529e-05 4.979645860837691e-05 -0.00049358560882561801 0.00028885284699814526 5.8717146652020118e-05 5.4675900466419278e-05 5.1751278681408326e-05 0.00056292528857313732 0.00059824575216324745 -9.5666477044201994e-05 0.0001715958519844274 -0.00078122661091429972 0.00065319236523161343 0.00085852358683806862 0.0006975044127051738 -0.00045738627703228573 0.0013603283968421887 -0.00029807043180463583 0.00031934314900885575 0.0014836753187832544 -0.00017198606239480178 -0.00060435304537767901 0.0005826126830348994 -1.3338612157203548e-05 0.00054402255030581732 0.00043917662653090983
leaf_weight=3343 992 2665 35532 30793 6200 16778 1933 10746 10445 492 19906 154 725 45713 1366 349 135 347 186 902 171 1974 226 124 8060 148 307 626 150 1248
leaf_count=3343 992 2665 35532 30793 6200 16778 1933 10746 10445 492 19906 154 725 45713 1366 349 135 347 186 902 171 1974 226 124 8060 148 307 626 150 1248
internal_value=-2.64268e-14 6.80219e-06 -9.86566e-06 1.25391e-05 -3.09389e-05 5.99508e-05 -1.00062e-05 0.00014313 0.000139591 0.000103297 7.76785e-05 4.22773e-05 7.09558e-05 -7.62313e-05 -8.25633e-05 0.000158325 -0.00038113 0.000310746 -9.70153e-05 -0.000101071 0.000431447 -0.000235762 0.000298963 0.000731849 -0.000138254 4.96385e-05 0.00012415 0.000252925 0.000978877 0.000330456
internal_weight=202736 193229 164768 125951 65701 60250 32726 27524 13788 28461 26400 22759 20631 51913 38817 2197 484 1713 36620 36434 2061 2128 3641 350 9507 1447 1299 3291 321 1740
internal_count=202736 193229 164768 125951 65701 60250 32726 27524 13788 28461 26400 22759 20631 51913 38817 2197 484 1713 36620 36434 2061 2128 3641 350 9507 1447 1299 3291 321 1740
is_linear=0
shrinkage=0.02


Tree=252
num_leaves=31
num_cat=0
split_feature=43 15 43 43 34 5 9 45 10 6 45 9 10 10 42 43 10 10 45 9 10 15 9 10 10 45 10 1 19 5
split_gain=0.469383 0.672124 0.717697 0.479658 0.494871 0.495263 0.469004 0.751656 0.674871 0.744434 0.622402 0.537359 0.442436 0.32418 0.31376 0.286747 0.491049 0.268099 0.267838 0.393973 0.262482 0.256787 0.307054 0.251641 0.225419 0.207552 0.151104 0.141236 0.137717 0.136704
threshold=1.7400000000037836 0.62077278451378493 8.9200000000026218 23.319999999999713 -0.015255393475215038 -0.22379999999999842 -2.0119999999999894 0.046112632898555529 29.345499999999983 0.14799999999999913 0.030957533153107088 -11.513499999999983 104.706 16.57449999999999 0.76054773999259229 17.440000000000875 -68.760000000000005 -25.056000000000012 0.035964912280539052 5.2260000000000186 17.378499999999985 1.999621826743319 -3.229499999999994 -5.2390000000000212 70.033999999999992 0.055125819554200255 -89.687499999999986 175000000.00000003 68.360929501376333 0.14820000000000272
decision_type=2 2 2 2 2 2 2 2 2 2 2 2 2 2 2 2 2 2 2 2 2 2 2 2 2 2 2 2 2 2
left_child=24 2 6 4 18 17 7 11 10 -10 -8 -2 -7 -9 15 23 -17 -6 19 -3 -20 22 -5 -4 26 -24 -1 -28 -23 -16
right_child=1 3 14 21 5 12 8 13 9 -11 -12 -13 -14 -15 29 16 -18 -19 20 -21 -22 28 25 -25 -26 -27 27 -29 -30 -31
leaf_value=0.00052515321278146334 0.00028827485767317384 4.4113780195149455e-05 0.00012145744290429417 0.00018347607138874831 -5.5275827045705624e-05 -4.544542542397095e-05 -5.0417393018315092e-05 -9.606581458535503e-05 0.00039659929721729627 -3.4415385517995431e-05 9.4685901875600655e-05 7.1667615856866943e-06 0.00083085347656065248 -0.00037235246709842624 0.00015419624203335638 -0.00028462404452147893 0.0011004870050237514 0.00021196715706825339 -0.00014493223033854187 -0.00032401842379523786 -0.000397828929446869 0.00024205534634848483 0.00053232933616727479 0.000366027346852545 -0.00067608854939491415 0.0015264836626682574 -8.4551916694214173e-05 1.2546311954669936e-05 -0.00012230514699024044 -0.00013226376756040169
leaf_weight=175 3323 5744 3435 425 2067 34845 19360 14123 4618 2455 30378 14991 232 1931 1457 140 381 5489 11052 1458 1928 1077 182 3299 240 156 28268 7604 675 1228
leaf_count=175 3323 5744 3435 425 2067 34845 19360 14123 4618 2455 30378 14991 232 1931 1457 140 381 5489 11052 1458 1928 1077 182 3299 240 156 28268 7604 675 1228
internal_value=1.07143e-13 1.4209e-05 4.65128e-05 -3.57915e-05 -4.66352e-05 -8.01152e-06 2.89202e-05 -2.93987e-05 6.42005e-05 0.000246996 3.8206e-05 5.81727e-05 -3.96496e-05 -0.000129298 0.000207889 0.000276247 0.000728288 0.000138861 -0.000128225 -3.04123e-05 -0.000182497 0.000235042 0.000541275 0.000241273 -6.51768e-05 0.00099117 -6.11094e-05 -6.39694e-05 0.000101677 2.31821e-05
internal_weight=202736 166449 101119 65330 62815 42633 91179 34368 56811 7073 49738 18314 35077 16054 9940 7255 521 7556 20182 7202 12980 2515 763 6734 36287 338 36047 35872 1752 2685
internal_count=202736 166449 101119 65330 62815 42633 91179 34368 56811 7073 49738 18314 35077 16054 9940 7255 521 7556 20182 7202 12980 2515 763 6734 36287 338 36047 35872 1752 2685
is_linear=0
shrinkage=0.02


Tree=253
num_leaves=31
num_cat=0
split_feature=34 6 14 10 10 13 14 10 44 12 44 10 14 6 10 44 10 44 10 9 43 34 10 41 44 9 10 30 34 7
split_gain=0.460432 0.714102 0.713311 1.54017 1.22022 0.806538 1.13234 1.04167 0.752656 0.578701 0.546941 0.520279 0.468593 0.673619 0.75464 1.1067 0.66261 0.494519 0.452685 0.439426 0.421681 0.400059 0.368705 0.349493 0.316751 0.316021 0.285392 0.270395 0.281136 0.267185
threshold=0.041686708810711452 0.23320000000000052 0.46936666666666754 -89.687499999999986 -5.4410000000000132 1.938466666666667 1.0652500000000014 9.0914999999999946 -1.2305217420372492 0.32900000000000157 0.38459478960569654 -72.730999999999995 1.6623500000000015 1.3651333333333329 39.952999999999982 1.357560484627605 57.764499999999991 -0.7801819440857708 61.751999999999988 24.937000000000001 3.9499999999985453 -0.035373432971301279 47.642999999999994 58.360655735688432 0.2509797594755237 0.65299999999999725 61.751999999999988 33.849999999998552 0.10738946363118447 2.2234514992559915
decision_type=2 2 2 2 2 2 2 2 2 2 2 2 2 2 2 2 2 2 2 2 2 2 2 2 2 2 2 2 2 2
left_child=1 2 3 8 10 6 -6 -7 -1 19 11 -4 16 14 29 -16 21 -18 -15 -5 -10 -3 -23 -2 -19 -12 -11 -25 -29 -14
right_child=23 12 4 9 5 7 -8 -9 20 26 25 -13 13 18 15 -17 17 24 -20 -21 -22 22 -24 27 -26 -27 -28 28 -30 -31
leaf_value=-0.00032798000991393704 0.0006376515734047662 -0.00094288799756674123 -0.00020352057717216499 2.0150703312198542e-06 0.00013119186522649596 0.00066994246231158255 0.0005380089510481792 -0.00085909298388105529 0.0010130014785908047 -9.2922549405796535e-05 -0.00014707686596278808 9.4411916525076483e-05 0.00017043167562119874 -0.0010411222445962408 0.0020150751672762062 0.00023478028701487779 0.00024988359849393259 -0.0014512601709987286 0.000303124412659954 -0.00067441901636618759 0.0024518227916712878 -0.00015678667812034131 0.0003341189497095237 0.00016149355691544087 -0.00059012010563371398 0.00011835417575192778 -0.00058973391740786425 -0.00010728043144437119 0.00037230993090902063 -0.0006672940054627106
leaf_weight=104 495 247 2744 79936 22804 247 3110 640 193 33407 13019 16106 671 271 224 371 170 295 159 386 141 11012 648 8176 406 2081 469 3437 570 197
leaf_count=104 495 247 2744 79936 22804 247 3110 640 193 33407 13019 16106 671 271 224 371 170 295 159 386 141 11012 648 8176 406 2081 469 3437 570 197
internal_value=2.10197e-14 -7.78448e-06 3.42791e-06 -2.59342e-05 5.88336e-05 0.000159717 0.000180015 -0.000433307 0.00115778 -3.04742e-05 -2.08059e-05 5.10418e-05 -0.000141825 0.000151841 0.000356379 0.000905009 -0.00018533 -0.00071783 -0.000544064 -1.23564e-06 0.00162041 -0.000146378 -0.000129505 0.000116698 -0.000952511 -0.000110497 -9.98007e-05 9.55319e-05 -3.90582e-05 -1.96973e-05
internal_weight=202736 190058 175387 114636 60751 26801 25914 887 438 114198 33950 18850 14671 1893 1463 595 12778 871 430 80322 334 11907 11660 12678 701 15100 33876 12183 4007 868
internal_count=202736 190058 175387 114636 60751 26801 25914 887 438 114198 33950 18850 14671 1893 1463 595 12778 871 430 80322 334 11907 11660 12678 701 15100 33876 12183 4007 868
is_linear=0
shrinkage=0.02


Tree=254
num_leaves=31
num_cat=0
split_feature=23 44 10 43 7 44 10 43 9 44 44 17 44 10 15 4 11 9 10 9 45 34 42 45 34 31 45 17 11 45
split_gain=0.456234 0.489561 0.512112 0.66714 0.526024 0.41687 0.398004 0.361922 0.315714 0.308449 0.745149 0.304323 0.295673 0.272328 0.271853 0.271916 0.265245 0.252086 0.290514 0.587833 0.422826 0.231231 0.228004 0.224789 0.223358 0.221655 0.219126 0.19331 0.336534 0.192628
threshold=0.099999999998544822 1.9357725258906862 -5.4410000000000132 12.740000000000874 6.8358087532284095 -1.2166341907899294 104.706 4.9800000000002926 13.950500000000003 -0.93754254063662013 -0.54837562211644475 0.15273581337484074 -1.3319930107824234 49.269499999999994 3.15119429602793 -0.67119999999999569 0.19150000000000003 55.303000000000004 38.844499999999982 5.3470000000000075 0.057748997619839183 0.028560915806418233 0.94812892095753487 0.049939393137914324 0.0092113578576959523 21.049999999995638 0.04519090992865981 1.9318208881520837 1.7225000000000004 0.029706390328093409
decision_type=2 2 2 2 2 2 2 2 2 2 2 2 2 2 2 2 2 2 2 2 2 2 2 2 2 2 2 2 2 2
left_child=1 2 8 5 12 7 -7 -4 22 -10 -11 16 -5 21 15 -15 -2 18 -3 26 -21 27 24 -19 -1 -23 -20 28 -13 -27
right_child=11 17 3 4 -6 6 -8 -9 9 10 -12 13 -14 14 -16 -17 -18 23 19 20 -22 25 -24 -25 -26 29 -28 -29 -30 -31
leaf_value=-5.521609105288643e-05 0.00031752822798207243 -0.00010005802713738778 6.4197867093184589e-05 0.0013886062176331777 -0.00079776159526349303 -4.4180749172037157e-07 0.00066063087105641617 0.00029664139886701293 -0.00060623315202783007 0.0014004821594096636 0.00013533675968736969 4.4789228996798989e-05 0.000336832772799555 0.0015013075151969449 -0.00018071123220377358 0.00040485763310281502 0.0013886813106278124 -0.00021866677226498724 -0.00079045057849337662 -0.00052205252111559627 0.00025167210322321289 0.0007315060813593195 -0.00017318811905341435 0.0010088078628035185 3.0363849817893092e-05 -9.5994067842396864e-05 -0.0019919732713377944 -9.9659205665645595e-05 0.00078377598729473805 0.00024330183260724898
leaf_weight=51680 1095 13324 11865 111 161 78052 366 3461 152 223 1129 6033 2903 101 288 868 101 100 150 706 471 280 5140 148 15968 942 102 4247 257 2312
leaf_count=51680 1095 13324 11865 111 161 78052 366 3461 152 223 1129 6033 2903 101 288 868 101 100 150 706 471 280 5140 148 15968 942 102 4247 257 2312
internal_value=8.67834e-15 -8.93742e-06 6.61537e-07 3.09455e-05 0.00031607 2.12887e-05 2.64361e-06 0.00011669 -3.8846e-05 0.000247976 0.000344011 0.000100717 0.000375568 7.67422e-05 0.000358794 0.000519142 0.000407985 -0.000118493 -0.000129123 -0.000400126 -0.000212431 5.15458e-05 -4.47726e-05 0.000513858 -3.50153e-05 0.000191542 -0.00127678 4.5925e-06 7.49831e-05 0.000145079
internal_weight=202736 186212 171211 96919 3175 93744 78418 15326 74292 1504 1352 16524 3014 15328 1257 969 1196 15001 14753 1429 1177 14071 72788 248 67648 3534 252 10537 6290 3254
internal_count=202736 186212 171211 96919 3175 93744 78418 15326 74292 1504 1352 16524 3014 15328 1257 969 1196 15001 14753 1429 1177 14071 72788 248 67648 3534 252 10537 6290 3254
is_linear=0
shrinkage=0.02


Tree=255
num_leaves=31
num_cat=0
split_feature=41 34 45 41 17 11 34 6 20 14 15 11 17 11 9 14 34 9 6 32 6 44 19 44 44 9 9 14 44 42
split_gain=0.458992 0.721244 1.1353 0.863485 0.590575 0.818154 0.500113 0.7025 0.474517 0.410541 0.370968 0.368628 0.33456 0.452002 0.317296 0.408349 0.290188 0.286982 0.45702 0.28683 0.277502 0.244476 0.234854 0.163248 0.144622 0.169212 0.201979 0.111653 0.110603 0.102684
threshold=89.613887493543857 0.0084970800884962786 0.077047779913319805 56.103591242500841 0.56312331707353636 0.54750000000000021 0.087569951792432002 0.73209999999999975 4.4000000000014561 0.37596666666666756 0.32514573654659035 0.35150000000000009 0.87532973188733265 0.98250000000000026 -24.681499999999996 0.69675000000000131 0.031039244126431349 26.659000000000002 0.22028333333333294 0.022033596777724925 0.24043333333333336 0.1227902617693799 99.302000769703326 1.5529035827011366 -1.3319930107824234 10.170500000000009 5.3470000000000075 0.1256666666666684 -1.6808396684457148 0.93598906442713303
decision_type=2 2 2 2 2 2 2 2 2 2 2 2 2 2 2 2 2 2 2 2 2 2 2 2 2 2 2 2 2 2
left_child=1 4 3 16 5 8 7 -5 10 27 -1 -6 13 -13 -7 -16 20 18 -11 -14 -3 -8 -10 -18 25 26 -2 -4 -28 -26
right_child=24 2 9 6 11 14 21 -9 22 17 -12 12 19 -15 15 -17 23 -19 -20 -21 -22 -23 -24 -25 29 -27 28 -29 -30 -31
leaf_value=2.0419082640791287e-05 -1.7302013030574369e-05 0.00022920076993879934 -0.00044688626370092819 6.8359289789963419e-06 -0.00021977672627594542 -0.00015510065905357257 0.0010160911309683169 -0.0004854730808696056 0.00016337596738155152 0.00070685910945838095 -7.051535582205281e-05 4.3701804416227172e-05 -8.9502188030909078e-05 0.00080597785833853158 -6.1334728007414585e-05 0.0013308628060289527 0.00080217586757840313 0.0010824892276887167 0.00011159369851066415 0.00042785643030830456 -5.7728297903700027e-05 0.00027504880408453806 1.5106587697260288e-06 0.00020348271001208122 -0.00011669443033235272 -0.00059231178835034376 6.1711184828626843e-05 0.00018968954934923916 0.00085339820456837635 -0.00026667053062122539
leaf_weight=43671 992 7516 118 45078 6562 121 223 1190 9889 1239 30462 4743 29359 333 111 350 490 343 884 435 1643 884 5625 290 5264 148 110 1670 197 2796
leaf_count=43671 992 7516 118 45078 6562 121 223 1190 9889 1239 30462 4743 29359 333 111 350 490 343 884 435 1643 884 5625 290 5264 148 110 1670 197 2796
internal_value=-4.84419e-15 6.67502e-06 6.31799e-05 3.97821e-05 -1.97481e-05 8.95535e-06 4.22519e-06 -5.82612e-06 4.10282e-06 0.000378418 -1.69468e-05 -8.22573e-05 -5.63782e-05 9.37093e-05 0.000756403 0.000995648 0.000209267 0.000545718 0.000458995 -8.19486e-05 0.00017773 0.000424328 0.000104688 0.000579585 -0.000135669 4.84326e-05 0.000121435 0.000147678 0.000569732 -0.000168721
internal_weight=202736 193229 61568 57314 131661 90229 47375 46268 89647 4254 74133 41432 34870 5076 582 461 9939 2466 2123 29794 9159 1107 15514 780 9507 1447 1299 1788 307 8060
internal_count=202736 193229 61568 57314 131661 90229 47375 46268 89647 4254 74133 41432 34870 5076 582 461 9939 2466 2123 29794 9159 1107 15514 780 9507 1447 1299 1788 307 8060
is_linear=0
shrinkage=0.02


Tree=256
num_leaves=31
num_cat=0
split_feature=15 43 10 10 12 34 6 10 41 9 43 10 6 9 4 10 9 29 10 20 34 41 10 9 43 5 43 10 39 9
split_gain=0.44529 0.775317 0.642111 0.492489 0.630467 0.455773 0.775694 0.65249 0.52404 0.430672 0.3629 0.325354 0.454086 0.300102 0.295462 0.384147 0.245277 0.232188 0.258575 0.293558 0.205625 0.191974 0.189979 0.161097 0.153567 0.145923 0.17145 0.197383 0.141178 0.131556
threshold=2.3220777869871951 12.51999999999971 -72.730999999999995 -166.39949999999996 0.53140000000000154 0.032451503129730976 0.24043333333333336 23.613999999999987 78.701446615120645 13.4435 25.540000000000877 -138.12749999999997 -0.27451666666666646 -3.229499999999994 0.40200000000000297 5.428499999999989 21.07200000000001 0.13259608292145456 61.751999999999988 7.8499999999985457 -0.042306182433604983 56.103591242500841 -209.34899999999996 15.106499999999999 25.540000000000877 1.3030000000000026 15.540000000000875 -64.497 1.5000000000000002 23.580500000000018
decision_type=2 2 2 2 2 2 2 2 2 2 2 2 2 2 2 2 2 2 2 2 2 2 2 2 2 2 2 2 2 2
left_child=1 3 11 4 -1 6 7 -5 21 -8 14 12 -3 -12 15 -4 -10 18 25 -20 -16 -7 -14 -21 -13 26 -2 -28 -27 -19
right_child=17 2 10 5 -6 8 9 -9 16 -11 13 24 22 -15 20 -17 -18 29 19 23 -22 -23 -24 -25 -26 28 27 -29 -30 -31
leaf_value=0.0015587654698490795 -0.00014113210374822413 -0.00029731317751415475 0.00017059178198218332 -1.8177201795703559e-05 -4.1278594705185041e-05 0.00070044498011946664 -0.00031088428868268343 0.00010552602314064145 2.1933489314077729e-05 -4.3336582987084355e-05 0.00022992394303774315 -0.00045839970942666711 8.9718537951389757e-05 0.001298851161817475 -0.00083157460003608979 0.00049904145308069425 -0.00044188083378092832 1.1946842519113075e-05 -0.000942665745874032 0.00049527235321122519 5.267077211676228e-05 0.00020856150607894951 0.00088122525153988876 -0.0003989282675540766 0.00027802591888530513 -0.00053797470824951642 -0.00017499020469502198 0.00016533986927149219 -2.9108201283411332e-05 0.00077182511426723398
leaf_weight=184 7025 510 4010 135732 212 334 5204 19507 7645 4477 190 984 208 235 112 2209 485 189 328 116 1731 6378 291 264 128 587 1075 1863 347 176
leaf_count=184 7025 510 4010 135732 212 334 5204 19507 7645 4477 190 984 208 235 112 2209 485 189 328 116 1731 6378 291 264 128 587 1075 1863 347 176
internal_value=8.44715e-14 7.42476e-06 0.000173586 -2.35908e-06 0.000702176 -3.91111e-06 -1.34647e-05 -2.63292e-06 0.000102245 -0.000187156 0.000251374 -0.000137675 0.000122367 0.000820978 0.000221346 0.000287258 -5.73563e-06 -0.000118328 -0.00013395 -0.000504322 -1.06525e-06 0.000233038 0.000551299 -0.000125962 -0.000373631 -0.000109886 -8.74776e-05 4.08147e-05 -0.00034892 0.000378354
internal_weight=202736 190766 10608 180158 396 179762 164920 155239 14842 9681 8487 2121 1009 425 8062 6219 8130 11970 11605 708 1843 6712 499 380 1112 10897 9963 2938 934 365
internal_count=202736 190766 10608 180158 396 179762 164920 155239 14842 9681 8487 2121 1009 425 8062 6219 8130 11970 11605 708 1843 6712 499 380 1112 10897 9963 2938 934 365
is_linear=0
shrinkage=0.02


Tree=257
num_leaves=31
num_cat=0
split_feature=14 44 34 5 42 43 15 15 14 44 14 34 36 44 44 44 41 9 12 42 6 6 43 32 42 9 14 44 6 14
split_gain=0.451823 0.64846 0.605292 0.847355 0.797952 0.514107 0.616132 0.586146 0.502037 0.485823 0.420498 0.617745 0.376514 0.372894 0.321873 0.406143 0.316484 0.299244 0.298503 0.284275 0.215921 0.209605 0.197916 0.188867 0.182661 0.170883 0.155378 0.149192 0.164889 0.15035
threshold=0.1936000000000008 1.0856926487789889 0.012962607989667283 0.17770000000000133 0.83904160174216647 12.51999999999971 0.42394516149270106 1.5504122836689074 2.8280666666666687 2.8757842291610967 0.82336666666666825 -0.035373432971301279 16.500000000000004 -1.1871706919936587 1.2411641850924389 2.1876406604074967 66.188165180641207 32.575499999999998 0.16240000000000138 1.0375166660071564 -0.3891500000000005 0.18763333333333279 21.749999999998547 0.0067899582463802352 0.030622980807080466 8.4470000000000081 0.20943333333333494 -2.0460982385445017 0.042199999999999634 0.073716666666667693
decision_type=2 2 2 2 2 2 2 2 2 2 2 2 2 2 2 2 2 2 2 2 2 2 2 2 2 2 2 2 2 2
left_child=13 2 3 5 16 6 -2 -7 9 10 18 -12 19 25 -10 17 21 -16 -3 -6 -14 -4 26 -18 -17 27 -5 29 -29 -1
right_child=1 8 4 22 12 7 -8 -9 14 -11 11 -13 20 -15 15 24 23 -19 -20 -21 -22 -23 -24 -25 -26 -27 -28 28 -30 -31
leaf_value=0.00047647485089126148 6.2898616030542841e-05 1.983769517868605e-05 0.00034779984700321207 0.00045876406630651552 -3.4436140242019335e-07 0.00040023711122313531 -4.7980577474032011e-05 -4.3223958734948794e-05 0.001248771895819829 -0.00029049235845351676 -0.0002792494642947858 0.00013139468101807533 -0.00057926111877589545 -0.00011932861536323204 -3.5448849579552193e-05 -0.00040991290055119738 9.3708842836623361e-05 -0.0011581859250842524 -0.00014825460593685352 -0.00023725203067067097 0.00018642380839598753 0.00012986048692255282 0.00068254663651722556 0.00043077957576732022 0.00043247809674250157 -0.00050706747869657645 -0.00016674814784865127 5.0926900189486043e-05 0.00031209308954182035 -0.00020871364952648131
leaf_weight=144 47124 5778 5994 161 12524 3015 34887 1972 119 3901 1798 7920 152 20345 470 112 9322 119 15731 2417 4782 2502 113 716 1276 218 11879 4879 1206 1160
leaf_count=144 47124 5778 5994 161 12524 3015 34887 1972 119 3901 1798 7920 152 20345 470 112 9322 119 15731 2417 4782 2502 113 716 1276 218 11879 4879 1206 1160
internal_value=-2.21626e-14 1.194e-05 3.19795e-05 5.86783e-06 9.93854e-05 2.77203e-05 1.57313e-05 0.00022488 -6.21152e-05 -8.00565e-05 -5.37681e-05 5.54183e-05 1.1355e-05 -7.46609e-05 0.000238574 0.000177768 0.000193785 -0.000262284 -0.0001031 -3.86688e-05 0.000162836 0.000283619 -0.000150565 0.000117752 0.000364504 4.48035e-05 -0.000158384 6.10856e-05 0.000102688 -0.000133049
internal_weight=202736 174784 137560 99151 38409 86998 82011 4987 37224 35128 31227 9718 19875 27952 2096 1977 18534 589 21509 14941 4934 8496 12153 10038 1388 7607 12040 7389 6085 1304
internal_count=202736 174784 137560 99151 38409 86998 82011 4987 37224 35128 31227 9718 19875 27952 2096 1977 18534 589 21509 14941 4934 8496 12153 10038 1388 7607 12040 7389 6085 1304
is_linear=0
shrinkage=0.02


Tree=258
num_leaves=31
num_cat=0
split_feature=41 34 42 34 45 45 45 10 41 31 9 44 10 15 9 9 10 44 14 44 34 13 9 9 9 12 44 9 44 9
split_gain=0.43848 0.669402 0.640403 0.850776 1.19518 0.610404 0.567496 0.562154 0.500317 0.497591 0.496584 0.440696 0.502576 0.396479 0.389927 0.32857 0.5257 0.338657 0.320473 0.373889 0.241775 0.225715 0.210981 0.217566 0.18533 0.242168 0.177381 0.171815 0.137288 0.161156
threshold=89.613887493543857 0.022854074869047725 0.81986196433497682 0.0036999726363705515 0.065367334860913021 0.070084585145808745 0.031898371381231701 47.642999999999994 54.184324886645435 -16.950000000004362 15.106499999999999 2.2891819201307584 33.544999999999987 5.1419569748710749 -18.455999999999985 -11.513499999999983 -13.847000000000014 -0.60514513468770759 0.81321666666666792 -0.73902862944378855 0.087569951792432002 0.25806666666666817 55.303000000000004 44.40750000000002 1.1060000000000016 1.1251000000000053 -1.36961326714451 -39.987999999999978 -1.3319930107824234 10.170500000000009
decision_type=2 2 2 2 2 2 2 2 2 2 2 2 2 2 2 2 2 2 2 2 2 2 2 2 2 2 2 2 2 2
left_child=1 2 3 5 8 9 15 -6 -5 -1 -7 12 14 -14 -8 16 27 -18 19 -17 -20 -4 23 -13 26 -26 -23 -3 29 -2
right_child=28 6 21 4 7 10 11 -9 -10 -11 -12 22 13 -15 -16 18 17 -19 20 -21 -22 24 -24 -25 25 -27 -28 -29 -30 -31
leaf_value=4.6289878413282844e-05 0.00011801346818556633 0.00046690094906046207 -4.1346818209961908e-05 0.00014508330756743233 0.00029585985933443742 -0.00015659945319135022 -0.00044656552349117066 0.0011278520318270704 -2.7542606644737887e-05 -4.3935741642636158e-05 0.00071686392777955228 -0.00011400773887401932 0.00051310152510434279 -0.00045419714730847015 0.00016506760685092552 0.00027876901005717661 5.1640642938101508e-06 0.0012986238563456754 -0.0003746647415308147 -9.2302210924268596e-05 0.00042194389163385408 4.4591291732818228e-05 0.00051933735085791946 -0.00090733773760415107 -3.4994683865953684e-05 -0.0004749027089530295 -0.00032929426614608222 -0.00012867927222607605 -0.00016480573993919029 -0.00057853579615569999
leaf_weight=43111 1299 258 6197 10602 5834 14849 430 344 18321 56483 265 1769 2467 182 13715 1401 118 258 1743 4833 167 578 192 150 3433 586 4165 778 8060 148
leaf_count=43111 1299 258 6197 10602 5834 14849 430 344 18321 56483 265 1769 2467 182 13715 1401 118 258 1743 4833 167 578 192 150 3433 586 4165 778 8060 148
internal_value=-9.47454e-15 6.52417e-06 -8.9471e-06 3.51245e-06 8.96724e-05 -2.28528e-05 9.60913e-05 0.000342186 3.57351e-05 -4.88001e-06 -0.000141285 0.000159586 0.000193821 0.000446643 0.000146474 -2.95223e-05 0.000252126 0.000892698 -7.83543e-05 -8.9094e-06 -0.000305014 -0.000133725 -0.000112775 -0.000176019 -0.00019906 -9.91365e-05 -0.000283731 1.96409e-05 -0.000132603 4.677e-05
internal_weight=202736 193229 164768 149809 35101 114708 28461 6178 28923 99594 15114 18905 16794 2649 14145 9556 1412 376 8144 6234 1910 14959 2111 1919 8762 4019 4743 1036 9507 1447
internal_count=202736 193229 164768 149809 35101 114708 28461 6178 28923 99594 15114 18905 16794 2649 14145 9556 1412 376 8144 6234 1910 14959 2111 1919 8762 4019 4743 1036 9507 1447
is_linear=0
shrinkage=0.02


Tree=259
num_leaves=31
num_cat=0
split_feature=1 43 42 7 34 43 10 5 34 43 41 1 36 2 1 0 10 44 5 10 34 5 31 34 35 10 44 43 2 10
split_gain=0.435807 0.495406 0.661853 0.762506 0.875547 0.77718 0.573268 0.389389 0.351548 0.329204 0.313751 0.301454 0.277656 0.257172 0.288215 0.34241 0.24632 0.225378 0.185347 0.170584 0.168389 0.334916 0.23206 0.229886 0.172473 0.162204 0.132629 0.130387 0.128937 0.120678
threshold=0.002436424603288002 2.3600000000020378 0.93598906442713303 0.37338485507438107 0.015040118180429135 6.4200000000055306 24.69499999999999 0.48410000000000136 0.031039244126431349 10.91999999999971 83.280909469160562 138.99999594583349 21.500000000000004 0.13114841494828924 0.99999999911892579 1.0000000180025095e-35 16.989999999999984 2.2369082558236983 0.44600000000000095 61.751999999999988 -0.0095901530654452973 -0.19389999999999738 -21.849999999998541 -0.015255393475215038 -1.5799999999944701 55.133999999999993 -0.77019270010602547 10.100000000004368 -0.080835664591405801 -31.858500000000017
decision_type=2 2 2 2 2 2 2 2 2 2 2 2 2 2 2 2 2 2 2 2 2 2 2 2 2 2 2 2 2 2
left_child=7 13 3 5 9 16 -7 12 18 -5 17 -6 20 14 28 -16 -3 -10 -4 27 22 25 23 -1 -23 -22 -12 -9 -2 -30
right_child=1 2 8 4 11 6 -8 19 10 -11 26 -13 -14 -15 15 -17 -18 -19 -20 -21 21 24 -24 -25 -26 -27 -28 -29 29 -31
leaf_value=-3.0216108493263412e-05 -3.1104571859335146e-05 5.2004769303689463e-05 -0.00014219432232787687 -6.0182072988976605e-05 0.00023277974385633418 0.0002401189611381897 0.00071156831277982785 -0.00016415982424711242 0.00017201987620119714 7.1334728307836272e-05 0.00011828497467438631 4.2867304710567679e-05 -0.00022510299141465762 -1.7024036726327124e-05 -0.0010608653983610414 -0.0001985785208631483 0.00021198520877317012 -0.00028757044085941973 -0.00045823287906126024 -0.00086114170546762838 0.00018923312281155961 8.1041762902279882e-05 -0.00012763378798278529 0.00028099724292178729 -3.9209925328602082e-05 -0.00047136581357713639 -0.00021034691127704865 -0.0005514220885327859 0.00045905854044373608 -0.00023885143867540291
leaf_weight=12875 3698 19155 6621 31004 8255 6838 1215 1703 3985 10091 620 5619 2852 25019 289 508 4818 478 836 195 4302 5777 11885 1025 27394 154 2365 437 103 2620
leaf_count=12875 3698 19155 6621 31004 8255 6838 1215 1703 3985 10091 620 5619 2852 25019 289 508 4818 478 836 195 4302 5777 11885 1025 27394 154 2365 437 103 2620
internal_value=-1.0006e-13 2.09699e-05 4.25884e-05 6.36865e-05 1.84908e-05 0.00014126 0.000311249 -4.10041e-05 -8.05531e-05 -2.78877e-05 1.66362e-05 0.000155865 -3.20593e-05 -4.73656e-05 -0.000152535 -0.000511252 8.4157e-05 0.000122796 -0.000177625 -0.000294843 -2.33771e-05 3.60252e-06 -6.27472e-05 -7.26692e-06 -1.82671e-05 0.000166403 -0.000142088 -0.000243241 -0.00010801 -0.000212452
internal_weight=202736 134137 101900 86995 54969 32026 8053 68599 14905 41095 7448 13874 66264 32237 7218 797 23973 4463 7457 2335 63412 37627 25785 13900 33171 4456 2985 2140 6421 2723
internal_count=202736 134137 101900 86995 54969 32026 8053 68599 14905 41095 7448 13874 66264 32237 7218 797 23973 4463 7457 2335 63412 37627 25785 13900 33171 4456 2985 2140 6421 2723
is_linear=0
shrinkage=0.02


Tree=260
num_leaves=31
num_cat=0
split_feature=44 43 10 10 45 15 43 7 34 43 7 13 9 13 10 45 44 9 10 44 10 9 5 6 45 34 5 41 45 7
split_gain=0.424388 0.546541 1.01242 0.642921 0.918213 0.476661 0.516284 0.730143 0.596954 0.475429 0.446542 0.416171 0.354018 0.291056 0.278324 0.318622 0.277399 0.257088 0.225437 0.201589 0.19306 0.30089 0.169107 0.177887 0.161264 0.152289 0.255886 0.144878 0.13587 0.135602
threshold=2.7704034032640541 16.880000000000297 -68.760000000000005 -49.330000000000005 0.060350004131187872 2.3220777869871951 2.5800000000002914 0.29370520933833422 0.028560915806418233 5.1000000000014554 9.6317160962226378 5.4989333333333343 9.3770000000000078 1.5215666666666674 61.751999999999988 0.030640594800594601 0.86668286518526538 26.659000000000002 -89.687499999999986 0.10905421574344577 30.877499999999984 13.4435 0.36110000000000092 -0.28279999999999988 0.073555931392672927 0.0047955310433470824 -0.82029999999999836 69.748708730521628 0.055419867495200427 2.2234514992559915
decision_type=2 2 2 2 2 2 2 2 2 2 2 2 2 2 2 2 2 2 2 2 2 2 2 2 2 2 2 2 2 2
left_child=1 5 16 4 13 6 17 9 -9 -8 12 20 -5 -4 25 -16 22 18 -1 -17 -2 -22 23 -3 27 29 -27 -23 -19 -7
right_child=11 2 3 10 -6 14 7 8 -10 -11 -12 -13 -14 -15 15 19 -18 28 -20 -21 21 24 -24 -25 -26 26 -28 -29 -30 -31
leaf_value=0.00055982100933790204 -0.00016293620033799069 -0.00044934140430762803 7.3793323972495278e-05 0.0001823301077832917 0.0026709306817245455 -0.00044565722580411956 4.6495060360782786e-05 -2.8232093272054312e-05 0.00011913441585745359 0.00018817648842315996 -0.00071720874014280587 0.00047327733931273419 0.00061602438300161443 0.0011771928421092323 0.00013640733755457759 -0.0017010734525593658 0.00010484670565844129 -0.00069127968736833862 -4.2060029118940746e-05 -0.00059764026790071515 -0.001417922739754431 -0.0002071848815058923 -0.00088407127868214794 0.00016300950841046012 0.00032907979049592867 0.00074298125612242761 -6.1679868274753776e-05 -0.00081043776757906672 1.7032204203465893e-05 -0.00015073416565537586
leaf_weight=250 4313 633 204 2202 109 753 26255 70732 13019 14822 171 373 1144 180 134 113 776 371 57731 160 120 371 220 271 121 167 2960 279 153 3629
leaf_count=250 4313 633 204 2202 109 753 26255 70732 13019 14822 171 373 1144 180 134 113 776 371 57731 160 120 371 220 271 121 167 2960 279 153 3629
internal_value=-4.75785e-14 4.86674e-06 0.000194292 0.000374479 0.00105087 -9.86916e-07 5.57405e-06 2.85511e-05 -5.32413e-06 9.76186e-05 0.000279665 -0.00017205 0.000330611 0.000591012 -0.000152938 -0.000662322 -0.000185996 -4.34505e-05 -3.94649e-05 -0.00105437 -0.000218304 -0.000486319 -0.000386791 -0.000265772 -0.000341322 -0.000125328 -1.87063e-05 -0.00046612 -0.000484463 -0.000201414
internal_weight=202736 197159 5910 4010 493 191249 183333 124828 83751 41077 3517 5577 3346 384 7916 407 1900 58505 57981 273 5204 891 1124 904 771 7509 3127 650 524 4382
internal_count=202736 197159 5910 4010 493 191249 183333 124828 83751 41077 3517 5577 3346 384 7916 407 1900 58505 57981 273 5204 891 1124 904 771 7509 3127 650 524 4382
is_linear=0
shrinkage=0.02


Tree=261
num_leaves=31
num_cat=0
split_feature=42 34 41 5 17 11 10 20 11 34 6 10 9 34 36 10 4 13 5 6 6 14 43 10 9 17 41 14 5 10
split_gain=0.423597 0.840692 0.66132 0.572191 0.48598 0.712061 0.683009 0.473665 0.396002 0.359977 0.523974 0.445189 0.359394 0.341006 0.319615 0.226097 0.219028 0.311865 0.316307 0.221588 0.216405 0.262128 0.216137 0.333407 0.371342 0.193269 0.171863 0.200506 0.166838 0.166152
threshold=0.93598906442713303 0.010254851792917715 56.345177660961959 0.18640000000000076 0.56312331707353636 0.55850000000000011 -56.553500000000007 4.4000000000014561 0.35150000000000009 0.10738946363118447 0.73209999999999975 6.1289999999999862 1.7420000000000115 -0.027331438552363738 25.500000000000004 -54.442500000000003 0.14520000000000591 0.25346666666666512 0.11330000000000152 0.17383333333333328 0.41516666666666652 1.0652500000000014 9.4199999999997104 70.033999999999992 3.4440000000000013 19.997690831235779 89.613887493543857 1.3451000000000015 -0.19879999999999923 -39.838500000000003
decision_type=2 2 2 2 2 2 2 2 2 2 2 2 2 2 2 2 2 2 2 2 2 2 2 2 2 2 2 2 2 2
left_child=1 3 16 4 5 7 -7 -1 15 10 11 -4 28 -10 20 -6 17 19 -19 -3 21 -14 -5 24 -24 26 27 -16 29 -2
right_child=12 2 9 22 8 6 -8 -9 13 -11 -12 -13 14 -15 25 -17 -18 18 -20 -21 -22 -23 23 -25 -26 -27 -28 -29 -30 -31
leaf_value=-2.0246979775654454e-06 -0.00049903518429875952 0.00017230682274318437 -1.2729079164600313e-06 -0.00017894203498525693 0.00040294926704472286 -0.00015618850887207786 0.0013621909770881757 0.00012390159440503929 -0.00012326609595988822 0.00064776667926307247 -0.0003694156796593164 0.00013962935839616445 -5.4992847070763059e-05 1.5149889878631791e-05 0.00025419907896054929 -0.00022912169950553942 9.6792567622329162e-05 0.00049252883181986928 5.1724830145355237e-05 -0.00049899911894342572 -0.0003884535086973976 0.00076715451305360192 0.00018057629081765715 0.0010055401004961152 -0.0003523391733550216 -0.0003832549007016827 -0.00010623062346079695 0.00086984166013515346 -0.00020471971422421906 0.00042312366196082293
leaf_weight=71087 103 1292 22825 10843 235 193 307 14362 10950 395 1206 14776 6360 20352 1442 6166 2758 3287 812 232 775 159 1352 133 853 209 423 248 8277 324
leaf_count=71087 103 1292 22825 10843 235 193 307 14362 10950 395 1206 14776 6360 20352 1442 6166 2758 3287 812 232 775 159 1352 133 853 209 423 248 8277 324
internal_value=-4.17598e-15 9.1118e-06 8.15251e-05 -1.60696e-05 -2.71659e-06 2.35441e-05 0.000776096 1.91406e-05 -6.25813e-05 4.70502e-05 4.09358e-05 5.40972e-05 -9.17228e-05 -3.32705e-05 -7.44472e-06 -0.000205916 0.000242781 0.000314387 0.000405207 7.01133e-05 -7.25018e-05 -3.49405e-05 -0.000141335 3.30756e-05 -2.5581e-05 0.000196916 0.000254302 0.000344542 -0.000184832 0.000200683
internal_weight=202736 184416 47583 136833 123652 85949 500 85449 37703 39202 38807 37601 18320 31302 9616 6401 8381 5623 4099 1524 7294 6519 13181 2338 2205 2322 2113 1690 8704 427
internal_count=202736 184416 47583 136833 123652 85949 500 85449 37703 39202 38807 37601 18320 31302 9616 6401 8381 5623 4099 1524 7294 6519 13181 2338 2205 2322 2113 1690 8704 427
is_linear=0
shrinkage=0.02


Tree=262
num_leaves=31
num_cat=0
split_feature=14 44 10 43 12 15 44 6 14 34 6 10 31 6 45 10 45 44 44 10 14 10 44 6 17 10 14 34 32 42
split_gain=0.421304 0.617922 0.67542 0.781052 0.706349 0.595598 0.710682 0.575166 0.471492 0.587896 0.669928 0.999086 0.422896 0.401015 0.397745 0.361509 0.439711 0.358628 0.322116 1.0773 0.932521 0.801384 1.1979 0.333001 0.25337 0.243527 0.239559 0.2778 0.209293 0.204532
threshold=0.1936000000000008 1.0856926487789889 -5.6405000000000145 12.740000000000874 1.052500000000004 1.7971979995567586 0.73814753312156556 0.088199999999999598 1.0885166666666681 -0.033754200121108247 0.73209999999999975 18.639999999999979 14.400000000001457 0.28451666666666625 0.064484136490998892 1.5114999999999839 0.069119083368890277 -1.1871706919936587 -1.2626256126891062 -41.707000000000015 0.91085000000000049 -29.405500000000007 -0.57678009738607139 -0.49360000000000032 0.27328394722660238 91.561999999999998 0.43976666666666753 0.041686708810711452 0.004243959058037052 0.56523971387239691
decision_type=2 2 2 2 2 2 2 2 2 2 2 2 2 2 2 2 2 2 2 2 2 2 2 2 2 2 2 2 2 2
left_child=17 2 18 4 7 6 -5 -4 13 15 11 -11 -6 24 -12 28 -17 -1 19 -2 -21 22 -20 -23 29 -7 -15 -28 -10 -3
right_child=1 8 3 5 12 25 -8 -9 9 10 14 -13 -14 26 -16 16 -18 -19 21 20 -22 23 -24 -25 -26 -27 27 -29 -30 -31
leaf_value=4.5061612223250565e-05 -0.00055310331133342442 5.0601174888353018e-05 0.00011612308900310977 0.00042391421001142899 -0.00027560811807927416 -6.852337983344426e-05 0.0015071506028196883 -9.9104760091119048e-06 -0.00016062951392882994 8.5058150115580893e-05 -0.00046306086851633746 0.00067166477554789195 6.0475544663813765e-05 0.00056798606395442458 0.00020185821921366712 -0.00037214375589500909 -0.0017517254399982366 -0.00011590019031279363 0.00030704156093132735 -7.9611427718868347e-05 0.00081549660162687156 0.00035566978923607279 -1.3431415621635451e-05 -7.2787925680391449e-05 -0.00014595846037305699 0.00090765603019722879 -0.00054917943633420185 -0.00011337058290036542 0.00036209953906793071 -0.00011113341284855356
leaf_weight=7607 1893 7423 45278 1982 3870 1171 276 21296 1599 4188 985 1607 2443 111 567 578 110 20345 7133 6412 502 743 13487 30962 11799 112 1523 950 379 5405
leaf_count=7607 1893 7423 45278 1982 3870 1171 276 21296 1599 4188 985 1607 2443 111 567 578 110 20345 7133 6412 502 743 13487 30962 11799 112 1523 950 379 5405
internal_value=4.00909e-15 1.15297e-05 3.10916e-05 7.07266e-05 5.66343e-05 0.000360799 0.00055632 7.58069e-05 -6.07607e-05 5.65792e-05 0.000148894 0.000247729 -0.000145551 -0.000103939 -0.000220143 -0.000197824 -0.000592716 -7.20952e-05 -1.84606e-05 -0.000130364 -1.46209e-05 3.74216e-07 9.74286e-05 -6.27471e-05 -7.90688e-05 1.66926e-05 -0.000340966 -0.000381764 -6.04706e-05 -1.75447e-05
internal_weight=202736 174784 137560 76428 72887 3541 2258 66574 37224 10013 7347 5795 6313 27211 1552 2666 688 27952 61132 8807 6914 52325 20620 31705 24627 1283 2584 2473 1978 12828
internal_count=202736 174784 137560 76428 72887 3541 2258 66574 37224 10013 7347 5795 6313 27211 1552 2666 688 27952 61132 8807 6914 52325 20620 31705 24627 1283 2584 2473 1978 12828
is_linear=0
shrinkage=0.02


Tree=263
num_leaves=31
num_cat=0
split_feature=1 14 10 1 10 44 44 44 9 9 5 10 10 10 14 14 36 12 9 45 43 42 5 34 45 45 34 43 9 45
split_gain=0.412854 0.45712 1.03085 0.661037 1.02657 0.893731 0.471049 0.444304 0.391336 0.369924 0.365594 0.338772 0.571526 0.279875 0.970598 0.367269 0.26026 0.246426 0.22767 0.214289 0.188157 0.209459 0.166782 0.240103 0.32356 0.180781 0.153533 0.136452 0.127721 0.279043
threshold=0.002436424603288002 0.55833333333333501 -116.33499999999999 47.549999128166689 -12.898500000000004 2.5272667440274499 -0.81930252960381511 -0.14274910758042661 8.6695000000000064 1.1060000000000016 0.50565000000000149 91.561999999999998 66.272499999999994 -72.730999999999995 1.9310500000000015 0.87030000000000085 21.500000000000004 0.5648000000000003 55.303000000000004 0.071418589269327662 2.4800000000032019 0.99904967338901862 0.063600000000000448 -0.0095901530654452973 0.057748997619839183 0.060929378653718592 0.061204343749087918 10.100000000004368 -3.4949999999999881 0.03753649286102672
decision_type=2 2 2 2 2 2 2 2 2 2 2 2 2 2 2 2 2 2 2 2 2 2 2 2 2 2 2 2 2 2
left_child=10 2 -2 4 13 7 8 -6 9 -4 16 12 -8 15 -15 -3 22 20 -7 -10 -5 -22 23 25 -25 -1 -24 -12 -19 -30
right_child=1 3 6 17 5 18 11 -9 19 -11 27 -13 -14 14 -16 -17 -18 28 -20 -21 21 -23 26 24 -26 -27 -28 -29 29 -31
leaf_value=-1.6525285440581367e-05 0.0016118784677341084 0.00035803736894015828 1.3832663216131974e-05 -9.8979944739119796e-05 0.00014834071167890318 -0.00025343402660380518 -3.8755858881302631e-05 0.00037690403616227468 -0.00036023871013086533 0.00016645765031555613 -0.00021018572755235649 0.0010463362878576901 -0.00067968099946066039 -9.0048322198535134e-06 0.00065595022970760849 -0.0001997189598228769 -0.00021841291574471212 -4.0343477153767645e-06 0.00047571346818814451 0.00016673336761351216 0.00012815707244911135 -0.0003357206799040981 -8.6722165732158345e-05 -5.1121568524075725e-06 0.00015751873636794811 -0.000141261624253849 0.00056494781555694034 -0.0005908369542410298 -0.00033115875980057095 -4.120423798407441e-05
leaf_weight=16539 157 538 15548 2596 5538 1660 57082 8820 1308 10740 1699 114 562 8154 984 3863 2853 3427 191 404 6542 414 15219 18548 6647 6464 146 484 2244 3251
leaf_count=16539 157 538 15548 2596 5538 1660 57082 8820 1308 10740 1699 114 562 8154 984 3863 2853 3427 191 404 6542 414 15219 18548 6647 6464 146 484 2244 3251
internal_value=-2.94211e-14 2.04102e-05 -7.25021e-06 6.96916e-05 0.000128046 0.000235423 -1.02144e-05 0.000288745 5.71069e-05 7.61878e-05 -3.99097e-05 -4.28505e-05 -4.50046e-05 -5.0673e-07 6.2599e-05 -0.000131536 -3.1539e-05 -2.4274e-05 -0.000178195 -0.000235883 4.63215e-05 0.000100548 -2.31512e-05 -4.85954e-06 3.77935e-05 -5.1577e-05 -8.05299e-05 -0.000294581 -9.98544e-05 -0.000159613
internal_weight=202736 134137 85915 48222 29748 16209 85758 14358 28000 26288 68599 57758 57644 13539 9138 4401 66416 18474 1851 1712 9552 6956 63563 48198 25195 23003 15365 2183 8922 5495
internal_count=202736 134137 85915 48222 29748 16209 85758 14358 28000 26288 68599 57758 57644 13539 9138 4401 66416 18474 1851 1712 9552 6956 63563 48198 25195 23003 15365 2183 8922 5495
is_linear=0
shrinkage=0.02


Tree=264
num_leaves=31
num_cat=0
split_feature=41 34 45 42 45 45 29 34 7 44 10 10 6 10 14 34 10 32 6 14 14 42 9 9 45 33 44 9 9 6
split_gain=0.41113 0.603606 1.37962 0.895726 0.600914 0.516734 0.491563 1.00766 0.714554 0.491214 0.760982 0.482367 0.439299 0.414791 0.404448 0.37736 0.626081 0.61672 0.377103 0.313591 0.274417 0.249361 0.260391 0.207796 0.177204 0.152762 0.129789 0.154377 0.191827 0.109789
threshold=89.613887493543857 0.0036999726363705515 0.074681466833702956 0.56523971387239691 0.070084585145808745 0.05051159177682308 -0.01942165750510871 -0.015255393475215038 0.21751206861252112 1.6883562476704157 104.706 91.561999999999998 0.1384333333333336 46.280999999999985 0.37596666666666756 -0.007610372737590171 15.468499999999986 -0.0021805302767310187 0.24043333333333336 0.39703333333333429 0.74421666666666753 0.59746084409049305 26.659000000000002 -75.306499999999971 0.03506965236207548 0.0096213693491803021 -1.3319930107824234 10.170500000000009 5.3470000000000075 0.063099999999999282
decision_type=2 2 2 2 2 2 2 2 2 2 2 2 2 2 2 2 2 2 2 2 2 2 2 2 2 2 2 2 2 2
left_child=1 4 3 5 6 18 7 8 -1 10 -5 15 13 -8 25 16 -6 -17 -3 -7 -9 29 -23 -11 -14 -4 27 28 -2 -16
right_child=26 2 14 9 11 19 12 20 -10 23 -12 -13 24 -15 21 17 -18 -19 -20 -21 -22 22 -24 -25 -26 -27 -28 -29 -30 -31
leaf_value=0.0001617712628016986 -1.947179202327407e-05 0.00017385019654766266 0.00026914464834811117 1.2613380000142426e-05 -0.00013046338694321712 0.00015703196746920858 -3.6121704626938145e-05 0.00018568208040875068 -5.1173134754756188e-05 0.0005942718841021094 0.0011531771957834667 -0.0012760310745255304 -0.00033605497798693955 0.000266366275013411 0.0013793706472372703 0.00041923977792169501 -0.00057810504724022408 -0.00012535405629124756 -0.00026269043536092249 0.00057809164969393556 0.00046687461300973096 0.00033548327783837191 0.00085956797593065074 -0.00017031148863282081 -0.00010670210473262737 -2.2009935429797538e-05 -0.00015971193092225184 -0.00056600761744571293 0.00055261892361372278 0.00068698302836087089
leaf_weight=8279 992 4696 1699 54388 9682 1118 50393 6295 26412 145 235 148 2544 1881 140 1193 1435 2747 952 1927 1781 3004 434 7319 2865 1252 8060 148 307 265
leaf_count=8279 992 4696 1699 54388 9682 1118 50393 6295 26412 145 235 148 2544 1881 140 1193 1435 2747 952 1927 1781 3004 434 7319 2865 1252 8060 148 307 265
internal_value=-1.90264e-14 6.31742e-06 4.94787e-05 2.33475e-05 -2.26324e-05 0.000213489 -4.89577e-06 4.64866e-05 -3.53998e-07 -3.27488e-06 1.75203e-05 -0.000139808 -4.29914e-05 -2.52371e-05 0.000321714 -0.000128639 -0.000188246 3.95445e-05 0.000100269 0.000423496 0.000247693 0.000456936 0.000401642 -0.000155458 -0.000214573 0.000145619 -0.000128401 4.60047e-05 0.000115734 0.000926327
internal_weight=202736 193229 77574 70780 115655 8693 100450 42767 34691 62087 54623 15205 57683 52274 6794 15057 11117 3940 5648 3045 8076 3843 3438 7464 5409 2951 9507 1447 1299 405
internal_count=202736 193229 77574 70780 115655 8693 100450 42767 34691 62087 54623 15205 57683 52274 6794 15057 11117 3940 5648 3045 8076 3843 3438 7464 5409 2951 9507 1447 1299 405
is_linear=0
shrinkage=0.02


Tree=265
num_leaves=31
num_cat=0
split_feature=14 44 5 9 6 14 14 14 34 34 14 34 44 6 14 9 9 44 9 44 44 9 34 42 34 34 17 42 13 44
split_gain=0.403183 0.587804 0.55977 0.7194 0.9002 1.09102 0.723734 0.834582 0.665035 0.557367 0.452438 0.452582 0.410171 0.400751 0.595203 0.373784 0.566831 0.34182 0.309171 0.307542 0.38922 0.292165 0.24694 0.224843 0.353055 0.199629 0.185642 0.169672 0.161435 0.145322
threshold=0.1936000000000008 1.0856926487789889 0.10740000000000063 -1.3690000000000007 0.092300000000000063 0.41076666666666745 0.85758333333333392 1.3052833333333342 0.029145417461587667 -0.0098489660756752011 2.8280666666666687 -0.05112871521569394 0.40228200762313032 1.0055833333333333 1.0885166666666681 26.659000000000002 5.8290000000000006 -1.3501576184048092 -21.999499999999987 1.2411641850924389 2.1876406604074967 32.575499999999998 0.087569951792432002 0.91425325690902304 0.010521452020454156 0.065064307952460362 0.0035686865665649705 0.030622980807080466 0.46133333333333487 -2.0460982385445017
decision_type=2 2 2 2 2 2 2 2 2 2 2 2 2 2 2 2 2 2 2 2 2 2 2 2 2 2 2 2 2 2
left_child=17 2 3 6 5 -5 9 -8 23 -2 11 15 -6 14 -13 16 -3 26 -10 -12 21 -21 -20 24 -4 -15 -1 -22 -25 -28
right_child=1 10 8 4 12 -7 7 -9 18 -11 19 13 -14 25 -16 -17 -18 -19 22 20 27 -23 -24 28 -26 -27 29 -29 -30 -31
leaf_value=0.0008729140910145361 -0.00010162334701139186 -0.00028516740395804016 -0.00011181941675019725 9.3173220123189964e-05 -7.3756860786177285e-05 0.00034447456176206752 0.00036502363268620873 -5.1251421869983304e-05 -0.00073795493874142225 4.2949518698226702e-05 0.0012136742379809848 -8.985977572181371e-05 0.00019696360778635161 -0.00090488280297243114 0.00012782508715680692 0.00079194235417552204 -0.001301281437477363 -0.00010619835745712767 8.8722516166426111e-05 -3.9865292898537793e-05 -0.00039678596678381189 -0.0011492423519116491 0.00049725233915947427 -0.00012067006262343836 4.6572927830676643e-05 -8.1279118026653181e-05 -0.00013493996775746034 0.00041510199675766471 -0.00036634173774460809 0.00010600161523226948
leaf_weight=112 20911 2118 16462 21934 11230 10089 4369 3446 174 21773 119 25907 2796 330 6233 112 245 22182 10554 470 112 119 627 2968 8554 183 1300 1276 1673 4358
leaf_count=112 20911 2118 16462 21934 11230 10089 4369 3446 174 21773 119 25907 2796 330 6233 112 245 22182 10554 470 112 119 627 2968 8554 183 1300 1276 1673 4358
internal_value=-5.58746e-14 1.1279e-05 3.03583e-05 5.66532e-05 0.000113824 0.000172347 4.52029e-06 0.000181468 -3.15438e-05 -2.78771e-05 -5.92276e-05 -7.62597e-05 -1.97903e-05 -5.64955e-05 -4.76435e-05 -0.00033701 -0.00039052 -7.05278e-05 9.8613e-05 0.000226222 0.000166785 -0.000264001 0.000111632 -8.13779e-05 -5.76586e-05 -0.000611083 6.6603e-05 0.000349589 -0.00020923 5.06421e-05
internal_weight=202736 174784 137560 96548 46049 32023 50499 7815 41012 42684 37224 35128 14026 32653 32140 2475 2363 27952 11355 2096 1977 589 11181 29657 25016 513 5770 1388 4641 5658
internal_count=202736 174784 137560 96548 46049 32023 50499 7815 41012 42684 37224 35128 14026 32653 32140 2475 2363 27952 11355 2096 1977 589 11181 29657 25016 513 5770 1388 4641 5658
is_linear=0
shrinkage=0.02


Tree=266
num_leaves=31
num_cat=0
split_feature=15 43 34 6 41 42 34 10 44 43 10 13 44 44 6 45 10 44 44 10 43 10 20 13 45 10 10 32 36 34
split_gain=0.401324 0.644157 0.490507 0.85658 0.598294 0.520356 0.779878 0.479453 0.686334 0.709989 0.663345 0.581939 0.529433 0.375915 0.353128 0.277894 0.273714 0.25423 0.236927 0.230883 0.21126 0.253136 0.232252 0.210331 0.208839 0.348483 0.317743 0.185416 0.184953 0.171577
threshold=2.3220777869871951 9.4199999999997104 0.032451503129730976 0.24043333333333336 78.701446615120645 0.84737528217678082 0.0036999726363705515 -72.730999999999995 2.7704034032640541 21.749999999998547 -138.12749999999997 0.66126666666666878 0.59587910656819698 -1.2166341907899294 -0.266633333333334 0.053130755064383438 -49.330000000000005 -0.49162951159324991 -0.48213754584162033 19.917999999999989 28.550000000000001 61.751999999999988 7.8499999999985457 0.28620000000000279 0.041851851851696535 47.642999999999994 20.30599999999998 0.0049604252533606797 48.500000000000007 0.065064307952460362
decision_type=2 2 2 2 2 2 2 2 2 2 2 2 2 2 2 2 2 2 2 2 2 2 2 2 2 2 2 2 2 2
left_child=1 2 3 5 18 6 -1 10 9 13 11 -3 15 -9 -13 -12 -11 29 23 -20 21 -2 -23 -4 26 -26 -5 -22 -24 -6
right_child=20 7 4 24 17 -7 -8 8 -10 16 12 14 -14 -15 -16 -17 -18 -19 19 -21 27 22 28 -25 25 -27 -28 -29 -30 -31
leaf_value=-2.1509814744051698e-05 -0.00011210960397805701 0.0015502772649296193 4.9046952216206598e-05 -0.00016899967198325975 0.00012123078460381138 -0.00010711859647625551 8.8080003022944535e-05 0.00045425481480938014 -0.00030572690897420215 0.0016448695384990424 -0.00095347424146728004 -0.00026685381407824563 -1.5191157352821409e-07 0.00012053184642107102 0.00043440692246434062 -0.000240752760296934 0.00061225465721521607 -8.5551639939386551e-05 8.9693206453511564e-05 0.00043812733776046582 -7.4174724802816939e-05 -0.0008911081111838224 0.00017803141754523758 0.00062291849813920857 -0.00018723073103675523 0.00030914043875556233 -0.00052781825417792707 0.00049685282094965341 -0.00079522362836711589 0.00079929691775760148
leaf_weight=93002 10369 119 329 2473 2226 17501 36040 1469 1287 125 614 579 793 16686 570 340 575 4840 2545 1085 514 330 231 1143 3962 660 1643 408 118 160
leaf_count=93002 10369 119 329 2473 2226 17501 36040 1469 1287 125 614 579 793 16686 570 340 575 4840 2545 1085 514 330 231 1143 3962 660 1643 408 118 160
internal_value=8.87111e-14 7.04869e-06 -6.61185e-06 -1.62522e-05 0.000114816 -4.78177e-06 9.09741e-06 0.000105923 0.000141132 0.000171634 -0.000129295 0.000218917 -0.000382032 0.000147535 8.10301e-05 -0.000699464 0.00079665 -2.25889e-06 0.000280629 0.000193839 -0.000112335 -0.000136608 -0.000510717 0.000494655 -0.000208619 -0.000116351 -0.000312231 0.000178514 -0.000151035 0.0001667
internal_weight=202736 190766 167609 155281 12328 146543 129042 23157 20142 18855 3015 1268 1747 18155 1149 954 700 7226 5102 3630 11970 11048 679 1472 8738 4622 4116 922 349 2386
internal_count=202736 190766 167609 155281 12328 146543 129042 23157 20142 18855 3015 1268 1747 18155 1149 954 700 7226 5102 3630 11970 11048 679 1472 8738 4622 4116 922 349 2386
is_linear=0
shrinkage=0.02


Tree=267
num_leaves=31
num_cat=0
split_feature=14 44 5 9 6 14 14 14 34 9 34 14 34 6 9 44 6 9 14 9 17 1 34 34 43 17 34 12 43 6
split_gain=0.39141 0.656196 0.63693 0.708232 1.08817 0.803499 0.604556 0.802919 0.502271 0.460702 0.459923 0.448417 0.547271 0.624007 0.440127 0.3749 0.365942 0.384012 0.469849 0.314545 0.293794 0.288321 0.282691 0.255703 0.254226 0.248494 0.225588 0.219765 0.216632 0.212893
threshold=0.31643333333333368 1.0856926487789889 0.12250000000000159 -1.3690000000000007 0.092300000000000063 1.2694166666666675 0.85758333333333392 1.3052833333333342 0.01846981702454616 19.860500000000002 -0.0095901530654452973 1.0885166666666681 -0.033754200121108247 0.73209999999999975 9.1255000000000077 0.40228200762313032 0.28451666666666625 7.1985000000000046 0.48726666666666746 -21.999499999999987 0.0044069729319524608 165000000.00000003 0.10738946363118447 0.087569951792432002 21.749999999998547 0.047879979422065899 0.041686708810711452 0.31080000000000146 3.2199999999967992 -0.37253333333333366
decision_type=2 2 2 2 2 2 2 2 2 2 2 2 2 2 2 2 2 2 2 2 2 2 2 2 2 2 2 2 2 2
left_child=9 2 3 6 5 -5 10 -8 24 20 -2 16 29 14 -14 -6 17 -3 -19 -10 -1 27 -15 -21 -4 -23 -18 28 -22 -13
right_child=1 11 8 4 15 -7 7 -9 19 -11 -12 12 13 22 -16 -17 26 18 -20 23 21 25 -24 -25 -26 -27 -28 -29 -30 -31
leaf_value=0.00018185606959694199 -9.4957712059804707e-05 -0.00011875521250778716 -0.0001122525887160917 0.00023256547870004009 -5.5251665000870149e-05 0.0010971103064544804 0.00035678649884155411 -4.8900361000849883e-05 -0.00065294712185486341 -0.00065220013623283493 6.4466335089048335e-05 -6.8338921748799516e-05 0.00012088033868738061 -0.00032665126189377502 0.00049697075584419052 0.0002200485416474576 -0.0004789897186077829 -0.00018981228248532312 0.00029492849314358838 5.2779055837818551e-05 -7.2223996270047948e-05 0.00029884193348555187 0.00042901724440799109 0.00047006109408983144 0.00076907375107773332 9.472199663983821e-06 -9.4487567183080116e-05 -0.0001377825601876701 2.5478774633073739e-05 -0.00045078082614876053
leaf_weight=2472 15115 16101 16002 17242 9066 441 4441 3481 244 483 13890 1807 3985 1319 1810 2531 1589 1274 2149 13091 28455 1281 233 615 132 16186 991 12121 13330 859
leaf_count=2472 15115 16101 16002 17242 9066 441 4441 3481 244 483 13890 1807 3985 1319 1810 2531 1589 1274 2149 13091 28455 1281 233 615 132 16186 991 12121 13330 859
internal_value=1.93877e-14 2.11427e-05 4.72538e-05 8.19274e-05 0.000155388 0.000254127 2.36796e-05 0.000178524 -2.90536e-05 -3.65259e-05 -1.86123e-05 -5.71419e-05 5.38923e-05 0.000142961 0.000238348 4.83153e-06 -0.00010744 -7.78579e-05 0.000114514 5.88315e-05 -3.24989e-05 -3.99231e-05 -0.000213204 7.15029e-05 -0.000105042 3.06941e-05 -0.000331299 -6.2805e-05 -4.10554e-05 -0.000191564
internal_weight=202736 128408 96291 66207 29280 17683 36927 7922 30084 74328 29005 32117 10013 7347 5795 11597 22104 19524 3423 13950 73845 71373 1552 13706 16134 17467 2580 53906 41785 2666
internal_count=202736 128408 96291 66207 29280 17683 36927 7922 30084 74328 29005 32117 10013 7347 5795 11597 22104 19524 3423 13950 73845 71373 1552 13706 16134 17467 2580 53906 41785 2666
is_linear=0
shrinkage=0.02


Tree=268
num_leaves=31
num_cat=0
split_feature=42 32 43 4 41 44 14 10 10 38 43 10 20 10 45 6 19 29 38 14 6 44 26 12 10 10 10 45 13 22
split_gain=0.396536 0.532509 0.451852 0.426907 0.335307 0.331078 0.374425 0.846959 0.49028 0.324282 0.263579 0.278485 0.246075 0.20708 0.481682 0.263803 0.241837 0.200302 0.198681 0.181058 0.171184 0.181379 0.161928 0.150075 0.166425 0.147067 0.142918 0.142887 0.16319 0.119714
threshold=0.93598906442713303 0.004538639847364587 18.719999999999711 0.40200000000000297 14.742312799182921 2.8757842291610967 0.46936666666666754 -80.640000000000001 -13.202500000000013 12.500000000000002 4.9000000000014561 -5.4410000000000132 7.0499999999956353 22.652499999999993 0.034449350609872982 -0.1733666666666667 99.999999849615577 0.0156305258550038 40.500000000000007 2.8280666666666687 0.20799999999999988 1.454386659822011 22.700000000004369 1.6132000000000033 14.104999999999988 33.544999999999987 -0.21100000000001395 0.080086786754375194 0.39346666666666713 0.48780487803705602
decision_type=2 2 2 2 2 2 2 2 2 2 2 2 2 2 2 2 2 2 2 2 2 2 2 2 2 2 2 2 2 2
left_child=1 4 3 10 13 6 7 -6 -8 27 -3 -12 -11 23 16 -16 -15 -5 -14 25 -4 26 29 24 -1 -7 -22 28 -2 -20
right_child=9 2 20 17 5 19 8 -9 -10 12 11 -13 18 14 15 -17 -18 -19 22 -21 21 -23 -24 -25 -26 -27 -28 -29 -30 -31
leaf_value=-7.8370060712532004e-05 -0.0001075147556428701 3.1981564801813497e-05 0.00028600373267279988 -0.00018419259511021188 0.00089249899432660991 -0.00023061193247509603 -2.874777092942283e-05 -2.4359205270514411e-05 9.818713336069178e-05 0.00035153341567018519 6.4957137187767461e-05 0.00024212936026215013 -0.00010043023037121922 0.00038088753488341566 -0.0011049963537358358 -0.00037999933578176156 -0.00057160719443755364 5.2298683183453291e-05 -0.00018282899476169425 0.00014431838160203073 0.00067020440411467389 0.00036192431531679911 -8.1613256981627499e-05 -0.00033347303772619395 0.00019494223280612809 -0.00072729433881014939 0.0017264695676495459 0.00024045399534768105 -0.00026744340781004238 0.00036678302755229207
leaf_weight=10365 6573 12564 1035 3543 405 1986 19881 82104 31387 778 6780 7446 4411 428 281 703 142 2405 187 462 104 218 807 830 975 271 101 351 4172 1041
leaf_count=10365 6573 12564 1035 3543 405 1986 19881 82104 31387 778 6780 7446 4411 428 281 703 142 2405 187 462 104 218 807 830 975 271 101 351 4172 1041
internal_value=-1.76951e-14 8.81596e-06 8.00472e-05 6.47048e-05 -7.39908e-06 2.07568e-06 6.51636e-06 -1.98588e-05 4.89636e-05 -8.87447e-05 9.87354e-05 0.00015769 1.55406e-05 -0.000101633 -0.000319042 -0.000587036 0.000143599 -8.85703e-05 -2.5012e-05 -0.000216409 0.000424546 0.000763532 0.000138462 -7.38718e-05 -5.4871e-05 -0.000290249 0.00119061 -0.000156639 -0.000169611 0.000283088
internal_weight=202736 184416 34196 32738 150220 136496 133777 82509 51268 18320 26790 14226 7224 13724 1554 984 570 5948 6446 2719 1458 423 2035 12170 11340 2257 205 11096 10745 1228
internal_count=202736 184416 34196 32738 150220 136496 133777 82509 51268 18320 26790 14226 7224 13724 1554 984 570 5948 6446 2719 1458 423 2035 12170 11340 2257 205 11096 10745 1228
is_linear=0
shrinkage=0.02


Tree=269
num_leaves=31
num_cat=0
split_feature=41 34 5 45 9 10 42 33 34 10 45 41 13 14 9 6 9 6 6 41 33 36 21 42 34 34 10 13 43 9
split_gain=0.390243 0.557343 0.61946 0.59557 0.430506 0.656556 0.424325 0.500985 0.675676 0.445695 0.395892 0.387397 0.342448 0.337456 0.317644 0.307343 0.293401 0.266589 0.221097 0.209873 0.207587 0.205896 0.302399 0.205524 0.234192 0.183888 0.165754 0.150605 0.138175 0.10974
threshold=89.613887493543857 0.01846981702454616 0.18640000000000076 0.029706390328093409 -11.218499999999988 -13.847000000000014 0.12992714767307792 -0.01426079183529529 -0.029635933984290767 22.170499999999986 0.077509941143223529 60.775701352985138 1.0305999999999991 0.81321666666666792 26.659000000000002 0.16998333333333335 -11.812499999999995 0.73209999999999975 -0.057666666666667359 65.884419652272769 0.025556218336739728 24.500000000000004 -7.2999999999956335 0.76054773999259229 -0.00082026025026581682 0.087569951792432002 -28.803000000000015 1.0305999999999991 11.56000000000204 10.170500000000009
decision_type=2 2 2 2 2 2 2 2 2 2 2 2 2 2 2 2 2 2 2 2 2 2 2 2 2 2 2 2 2 2
left_child=1 2 6 4 5 15 21 8 -8 -9 11 16 -7 19 18 -3 -5 -13 -12 -6 23 22 -1 24 -4 -15 -22 -25 -23 -2
right_child=29 3 20 10 13 12 7 9 -10 -11 14 17 -14 25 -16 -17 -18 -19 -20 -21 26 28 -24 27 -26 -27 -28 -29 -30 -31
leaf_value=0.00012023137454105031 -9.6505606535964274e-05 -0.00013930596264898453 -0.00016962626644183553 -0.00028477210311147458 0.00014353955655534173 0.00059314884338023332 -1.01532413179337e-06 -1.1937499247553435e-05 0.00027286225394857535 0.00011274047888240249 0.00092070841480947714 8.5210069000380095e-05 0.0018723241179415019 -0.00036806073122037551 0.00098800516861356487 0.00070806224089623847 0.00034393637219127973 -0.00024806239093927939 0.00022652697726403628 -9.2023059021375863e-05 0.00077493639344726852 -0.0002732969931519221 -7.1541708315536444e-05 -0.00021871664408816744 -2.604316320599793e-07 0.00034335305878690852 2.2787694992111025e-05 -0.00066902628099194789 -5.1814603454142005e-05 -0.00028658749990410632
leaf_weight=3924 8077 947 7233 325 2049 323 7423 82140 7002 13330 201 17440 113 1956 291 209 3435 1016 2111 5782 174 2830 20325 3987 5954 157 359 321 1872 1430
leaf_count=3924 8077 947 7233 325 2049 323 7423 82140 7002 13330 201 17440 113 1956 291 209 3435 1016 2111 5782 174 2830 20325 3987 5954 157 359 321 1872 1430
internal_value=8.02587e-14 6.15485e-06 -1.01968e-05 7.67132e-05 -4.20218e-05 0.00026333 4.12403e-06 2.20695e-05 0.000131927 5.47067e-06 0.000131902 0.00010456 0.000924678 -9.09076e-05 0.000365259 1.38947e-05 0.000289593 6.68635e-05 0.000286878 -3.03875e-05 -0.000120491 -6.39952e-05 -4.05088e-05 -0.000132337 -9.31567e-05 -0.000315201 0.00026833 -0.00025227 -0.000185119 -0.000125097
internal_weight=202736 193229 156874 36355 11536 1592 138846 109895 14425 95470 24819 22216 436 9944 2603 1156 3760 18456 2312 7831 18028 28951 24249 17495 13187 2113 533 4308 4702 9507
internal_count=202736 193229 156874 36355 11536 1592 138846 109895 14425 95470 24819 22216 436 9944 2603 1156 3760 18456 2312 7831 18028 28951 24249 17495 13187 2113 533 4308 4702 9507
is_linear=0
shrinkage=0.02


Tree=270
num_leaves=31
num_cat=0
split_feature=15 14 10 10 43 14 10 6 5 9 45 9 6 10 10 10 14 10 6 45 10 9 45 9 43 10 20 7 36 32
split_gain=0.38442 0.652746 0.893065 0.570778 0.743621 0.621986 0.908726 0.608605 0.533546 0.426436 0.934229 0.644855 0.576974 0.721296 0.491311 0.422834 0.491972 0.416395 0.407172 0.352294 0.325253 0.223197 0.552618 0.283199 0.198898 0.245946 0.22181 0.180477 0.177843 0.171935
threshold=2.3220777869871951 0.68926666666666814 -166.39949999999996 -72.730999999999995 14.760000000002039 1.5994166666666678 -42.866500000000009 0.65431666666666677 -0.049199999999998745 -3.7709999999999826 0.023534321311853682 -12.73449999999999 0.29598333333333293 15.847499999999982 18.639999999999979 -138.12749999999997 1.3451000000000015 -13.847000000000014 0.46673333333333294 0.030640594800594601 42.282999999999987 -3.229499999999994 0.057748997619839183 -75.306499999999971 28.550000000000001 61.751999999999988 7.8499999999985457 2.2234514992559915 48.500000000000007 0.0049604252533606797
decision_type=2 2 2 2 2 2 2 2 2 2 2 2 2 2 2 2 2 2 2 2 2 2 2 2 2 2 2 2 2 2
left_child=1 2 -1 15 7 17 -7 8 -5 10 11 -4 13 -11 -12 16 19 -6 -14 -3 -9 23 -23 -17 25 27 -27 -2 -28 -26
right_child=24 3 9 4 5 6 -8 20 -10 12 14 -13 18 -15 -16 21 -18 -19 -20 -21 -22 22 -24 -25 29 26 28 -29 -30 -31
leaf_value=0.001691919558840554 -0.00030150081761707524 1.5783604210408781e-05 0.00050851008261073921 0.00019434021641408363 -0.0001553400570165896 0.0017622236053740827 0.00046039698052610699 -0.00045496749780717327 2.0031319900026369e-05 -1.2201601508039387e-05 -9.2785653678317259e-05 3.917722930515554e-05 -0.00030428003922671815 0.00011261985656574115 -0.00035231594864360824 0.00036436639899235036 -0.00013429721694848239 0.00039952620768345196 0.00090821529121097664 0.0010901694970654806 2.4807215391930222e-05 -0.00035860047543059001 0.00097003568602138494 -0.00049435462492038726 -7.1062296612390023e-05 -0.00087399566181094006 0.00017192981050660213 -7.311555431990086e-05 -0.00078243524276146322 0.00047881468683971985
leaf_weight=123 1645 213 1368 13084 905 268 1074 1254 15166 83961 28927 8132 3022 23758 3245 169 1024 1345 115 286 1029 434 176 1688 514 330 231 8724 118 408
leaf_count=123 1645 213 1368 13084 905 268 1074 1254 15166 83961 28927 8132 3022 23758 3245 169 1024 1345 115 286 1029 434 176 1688 514 330 231 8724 118 408
internal_value=1.74946e-14 6.89865e-06 -1.15876e-05 8.09365e-05 0.000107401 0.0003796 0.000720374 7.53788e-05 0.000100763 -1.29614e-05 -6.75044e-05 0.000106761 7.54199e-06 1.53284e-05 -0.000118963 -0.000145406 0.000116632 0.000176347 -0.000259831 0.000631564 -0.000238722 -0.000307174 2.47437e-05 -0.000416205 -0.000109944 -0.000133496 -0.000502254 -0.000109348 -0.000150749 0.000172267
internal_weight=202736 190766 152651 38115 34125 3592 1342 30533 28250 152528 41672 9500 110856 107719 32172 3990 1523 2250 3137 499 2283 2467 610 1857 11970 11048 679 10369 349 922
internal_count=202736 190766 152651 38115 34125 3592 1342 30533 28250 152528 41672 9500 110856 107719 32172 3990 1523 2250 3137 499 2283 2467 610 1857 11970 11048 679 10369 349 922
is_linear=0
shrinkage=0.02


Tree=271
num_leaves=31
num_cat=0
split_feature=44 10 44 6 9 14 6 10 44 34 14 9 41 34 45 5 44 14 44 9 10 45 6 45 9 10 10 14 10 44
split_gain=0.381095 0.570118 1.55986 1.30995 0.951914 0.622289 1.53706 1.21629 0.507084 0.522054 0.432425 0.426306 0.372887 0.683286 0.844341 0.514646 0.369992 0.364309 0.287794 0.331477 0.699638 0.405414 0.768774 0.398532 0.284838 0.242629 0.208344 0.156877 0.153081 0.290148
threshold=1.9357725258906862 44.904999999999994 0.59587910656819698 -0.46740000000000015 55.303000000000004 0.53146666666666698 0.14799999999999913 66.272499999999994 -1.7124149432366236 0.070202806751051852 2.8280666666666687 21.07200000000001 85.0934003286646 0.0077797917161733102 0.032215568862177621 0.10740000000000063 2.1876406604074967 0.33450000000000019 3.0021259773618425 14.490500000000006 24.69499999999999 0.042470046646997744 0.34564999999999979 0.060073389483738179 -75.306499999999971 66.272499999999994 30.877499999999984 0.6384000000000013 -37.220500000000008 2.7704034032640541
decision_type=2 2 2 2 2 2 2 2 2 2 2 2 2 2 2 2 2 2 2 2 2 2 2 2 2 2 2 2 2 2
left_child=1 4 8 -4 12 7 -7 -5 17 11 18 -10 13 15 -15 -1 -12 -3 19 20 24 27 -23 -22 -2 28 -20 -21 -18 -30
right_child=10 2 3 5 -6 6 -8 -9 9 -11 16 -13 -14 14 -16 -17 25 -19 26 21 23 22 -24 -25 -26 -27 -28 -29 29 -31
leaf_value=1.2068115966620339e-07 0.00095486078681867746 -5.6935313437134032e-05 0.0027966382983853977 0.00083668073582368 -0.0015925610679977883 0.0014333085572065779 0.00021294166559689159 -0.00073213292069499185 1.9663756042154999e-05 0.00097167282824109249 -0.0006329888759455828 -0.00038943727873529468 -0.00010407744488398715 -3.5820687085689755e-05 0.00013488027316672813 -0.00011988653696282088 0.00030071756218641226 0.0014914157757039872 -0.00022207993117743006 -0.00084944771822083049 -0.00048687192796433097 0.0008296693730251932 -8.7917501593803336e-05 -0.0016543321870888272 -9.239023765229227e-05 -0.00018804126428897562 -0.00067468474028954076 -9.8926992811505107e-05 0.0014442877721976403 0.00032601872926822347
leaf_weight=96087 105 100 102 380 150 685 1039 412 5800 205 177 1236 12459 18465 31133 16792 727 155 2732 138 531 680 789 150 9790 280 478 578 160 221
leaf_count=96087 105 100 102 380 150 685 1039 412 5800 205 177 1236 12459 18465 31133 16792 727 155 2732 138 531 680 789 150 9790 280 478 578 160 221
internal_value=1.04699e-15 8.43774e-06 0.000154439 0.000574721 3.85338e-09 0.000484643 0.000697832 2.05807e-05 7.65397e-06 -2.32153e-05 -8.9112e-05 -5.22022e-05 1.36941e-06 9.45524e-06 7.13295e-05 -1.77317e-05 0.000228158 0.000884219 -0.000120201 -7.76204e-05 -0.000123952 0.000146638 0.000336833 -0.000744022 -8.12774e-05 0.000337973 -0.000289477 -0.00024358 0.000470901 0.000795633
internal_weight=202736 185200 10114 2618 175086 2516 1724 792 7496 7241 17536 7036 174936 162477 49598 112879 1565 255 15971 12761 10576 2185 1469 681 9895 1388 3210 716 1108 381
internal_count=202736 185200 10114 2618 175086 2516 1724 792 7496 7241 17536 7036 174936 162477 49598 112879 1565 255 15971 12761 10576 2185 1469 681 9895 1388 3210 716 1108 381
is_linear=0
shrinkage=0.02


Tree=272
num_leaves=31
num_cat=0
split_feature=42 34 41 5 17 11 10 11 24 34 9 34 44 10 36 14 10 44 43 10 44 10 43 17 10 10 10 10 41 34
split_gain=0.380508 0.725863 0.554215 0.549732 0.432264 0.639858 0.731253 0.426238 0.400167 0.360331 0.348107 0.302274 0.290143 0.482575 0.282668 0.231558 0.216551 0.206379 0.204444 0.200487 0.200306 0.317985 0.297329 0.175652 0.174644 0.202382 0.173379 0.172828 0.16656 0.249113
threshold=0.93019592196714684 0.014114095607827878 61.050526430926226 0.18640000000000076 0.56312331707353636 0.56850000000000012 -56.553500000000007 0.30950000000000011 0.70000000000436569 -0.027331438552363738 1.7420000000000115 0.10738946363118447 -0.56732098641892237 91.561999999999998 25.500000000000004 1.8278500000000011 -89.687499999999986 2.7704034032640541 15.139999999997965 38.844499999999982 1.5529035827011366 66.272499999999994 9.4199999999997104 19.997690831235779 70.033999999999992 49.269499999999994 -80.640000000000001 11.433999999999978 79.678353674278227 0.029760035341525631
decision_type=2 2 2 2 2 2 2 2 2 2 2 2 2 2 2 2 2 2 2 2 2 2 2 2 2 2 2 2 2 2
left_child=1 3 20 4 5 8 -7 16 -1 -9 -2 12 13 -4 17 -14 -6 28 -5 27 21 26 -23 -16 25 -22 -3 -20 29 -12
right_child=10 2 11 18 7 6 -8 9 -10 -11 14 -13 15 -15 23 -17 -18 -19 19 -21 24 22 -24 -25 -26 -27 -28 -29 -30 -31
leaf_value=1.6279289618380108e-05 -0.00017448653137419525 -0.00015326367674861103 0.00011474314257271258 -0.00014298210495893845 0.00069311074136445923 -0.0002200096711991743 0.0013596128245376275 -0.00012026068205708077 0.00033144740068098607 1.7929525449831358e-05 -7.5825768065402688e-05 0.00060805667023313174 9.6727640035510414e-06 0.0014915732646604563 0.00024164044646127287 -0.00029617436901893088 -0.00023736201909392498 -0.0006854586462911493 0.00017913974459895601 0.00097282421732829377 3.7032170690497314e-05 0.0003528250559161907 0.0018132766124771855 -0.00036569475538306758 -0.0006549025082842572 0.0009167293589390673 0.00027604498669757513 -0.00071107656388349897 -0.00014966527687305267 0.00024970879887898013
leaf_weight=89482 9097 400 8943 14340 102 192 301 11226 1641 23034 2635 376 17945 103 2150 1048 5231 207 640 110 1585 123 102 209 134 112 6347 101 3358 1462
leaf_count=89482 9097 400 8943 14340 102 192 301 11226 1641 23034 2635 376 17945 103 2150 1048 5231 207 640 110 1585 123 102 209 134 112 6347 101 3358 1462
internal_value=2.06384e-14 8.84118e-06 8.77079e-05 -1.12084e-05 1.97859e-06 2.58428e-05 0.000744425 -5.32418e-05 2.1955e-05 -2.73514e-05 -8.49147e-05 4.47509e-05 3.7197e-05 0.00013042 -3.60202e-06 -7.20334e-06 -0.000219566 -6.25414e-05 -0.000125108 0.000176077 0.000226368 0.000275259 0.0010149 0.000187832 4.02036e-05 9.50911e-05 0.000250593 5.78012e-05 -4.52452e-05 4.03401e-05
internal_weight=202736 183618 37218 146400 131209 91616 493 39593 91123 34260 19118 28415 28039 9046 10021 18993 5333 7662 15191 851 8803 6972 225 2359 1831 1697 6747 741 7455 4097
internal_count=202736 183618 37218 146400 131209 91616 493 39593 91123 34260 19118 28415 28039 9046 10021 18993 5333 7662 15191 851 8803 6972 225 2359 1831 1697 6747 741 7455 4097
is_linear=0
shrinkage=0.02


Tree=273
num_leaves=31
num_cat=0
split_feature=1 42 34 17 11 10 11 17 1 42 29 10 6 34 10 44 36 44 15 10 14 6 44 10 44 5 5 34 12 4
split_gain=0.376122 0.410189 0.584147 0.596461 0.753339 0.897214 0.448203 0.416711 0.398759 0.395522 0.371964 0.359278 0.348533 0.263006 0.241186 0.23262 0.22932 0.222979 0.221998 0.19764 0.320803 0.417455 0.31806 0.301136 0.482243 0.200419 0.160115 0.14909 0.147787 0.147094
threshold=0.002436424603288002 0.93598906442713303 0.015040118180429135 0.56312331707353636 0.54750000000000021 -56.553500000000007 0.2945000000000001 1.7062974234774979 15000000.000000002 0.76054773999259229 0.0063519790400645712 6.1289999999999862 0.22631666666666642 0.031039244126431349 -54.442500000000003 1.009920957945192 21.500000000000004 0.47342906247335276 0.42394516149270106 61.751999999999988 0.4495000000000004 -0.10009999999999983 -0.75985967929795561 46.280999999999985 -0.27822851721908304 0.063600000000000448 0.44600000000000095 -0.035373432971301279 0.076400000000003979 -0.335199999999995
decision_type=2 2 2 2 2 2 2 2 2 2 2 2 2 2 2 2 2 2 2 2 2 2 2 2 2 2 2 2 2 2
left_child=12 2 3 4 9 -6 14 -8 10 -2 29 -12 16 26 -5 28 19 18 -15 23 21 -21 -22 25 -25 -1 -3 -14 -10 -4
right_child=1 13 8 6 5 -7 7 -9 15 -11 11 -13 27 17 -16 -17 -18 -19 -20 20 22 -23 -24 24 -26 -27 -28 -29 -30 -31
leaf_value=1.7097524203577928e-06 5.7157891763951239e-05 -0.00011892271722383025 0.0012202761435996642 0.00053947118422466105 -0.000224712742408274 0.0014056760872786689 4.3237205973422847e-05 -0.00010966799461739636 -8.9361874660848971e-05 -0.00011425857677088266 6.2085579952790882e-05 0.00028010508056922344 -0.00075213362388736147 -0.00010885598532082977 -0.0002917342884068728 -0.00011756691163637463 -0.0002039865768061782 -0.00012111318383968835 0.00019546868900563314 -0.0016397723106779123 0.0010852123981807381 -0.00032725078488330658 -0.00016434200757860462 -4.2328812651543855e-05 0.00074122965863672701 -8.5169734512878428e-05 -0.00039820070284610562 -0.00017666443591474372 0.00011540710304287418 0.00046056979645575467
leaf_weight=44445 51937 8005 113 145 221 347 14323 14195 1682 6007 6772 5462 187 1384 3774 3003 2751 2976 3121 124 100 444 440 740 546 13956 915 4866 8713 1042
leaf_count=44445 51937 8005 113 145 221 347 14323 14195 1682 6007 6772 5462 187 1384 3774 3003 2751 2976 3121 124 100 444 440 740 546 13956 915 4866 8713 1042
internal_value=-5.31025e-14 1.94811e-05 3.25346e-05 8.3578e-06 4.64925e-05 0.000771317 -6.0432e-05 -3.28722e-05 0.000114621 3.93873e-05 0.000191813 0.000159423 -3.80929e-05 -7.42248e-05 -0.00026098 3.74819e-05 -2.53806e-05 1.32293e-05 0.000101976 -1.72986e-05 -0.000281968 -0.000613787 6.7057e-05 -1.23855e-05 0.000290348 -1.90517e-05 -0.000147571 -0.000197961 8.22737e-05 0.000534896
internal_weight=202736 134137 117736 90949 58512 568 32437 28518 26787 57944 13389 12234 68599 16401 3919 13398 63546 7481 4505 60795 1108 568 540 59687 1286 58401 8920 5053 10395 1155
internal_count=202736 134137 117736 90949 58512 568 32437 28518 26787 57944 13389 12234 68599 16401 3919 13398 63546 7481 4505 60795 1108 568 540 59687 1286 58401 8920 5053 10395 1155
is_linear=0
shrinkage=0.02


Tree=274
num_leaves=31
num_cat=0
split_feature=7 43 10 44 13 9 9 45 43 7 42 10 10 43 42 42 10 10 44 15 44 44 15 10 30 10 6 44 45 6
split_gain=0.367951 0.647867 0.447543 0.621156 0.70558 0.558902 0.442445 0.457653 0.391202 0.614581 0.431598 0.445076 0.351005 0.324211 0.318601 0.350415 0.278955 0.254125 0.822522 0.356697 0.350273 0.252115 0.239479 0.234052 0.24338 0.220625 0.373472 0.217485 0.215365 0.211775
threshold=1.5781378266207933 12.51999999999971 -68.760000000000005 1.0616332068506611 1.3059666666666667 3.2670000000000123 9.3770000000000078 0.054809255940333854 2.2400000000008737 0.25257632509683242 0.83904160174216647 25.306999999999974 -12.898500000000004 20.519999999999715 0.089411116199179241 1.0077100714702154 -50.834500000000006 -68.760000000000005 1.357560484627605 5.1419569748710749 0.28424159418221145 2.4611991762751737 2.0763370028461834 61.751999999999988 33.849999999998552 -138.12749999999997 -0.3111833333333337 1.0363801510215607 0.053130755064383438 0.83995000000000031
decision_type=2 2 2 2 2 2 2 2 2 2 2 2 2 2 2 2 2 2 2 2 2 2 2 2 2 2 2 2 2 2
left_child=1 8 21 4 12 -6 16 -8 -1 10 11 -10 -4 23 -11 -16 -5 27 19 20 -19 25 -20 29 -25 26 -3 -15 -27 -2
right_child=13 2 3 6 5 -7 7 -9 9 14 -12 -13 -14 17 15 -17 -18 18 22 -21 -22 -23 -24 24 -26 28 -28 -29 -30 -31
leaf_value=-4.7158550715499474e-05 -8.4359701852752006e-05 -0.00042890967326590391 3.1351114323586918e-05 0.00076524459381445171 0.0013177927615459016 0.00025364869150576154 -0.0001739798443243408 0.00083329781351706533 8.5498203515922417e-05 -0.00011130288407568537 -6.019289256583813e-05 0.00030339676613870022 0.00042912130248162999 -0.00042800331871378175 1.6189790480661685e-05 -0.00015040633672174167 -0.00027431625712540753 0.00065545896926106739 0.00061525061422479193 0.00010910876023748036 0.0017751569017558238 0.00062681169766263503 -0.00021809045380140864 -0.00023813636684467639 -0.0009967017230681247 -0.00060598138677972425 0.00045829395572633143 0.00014526724433127115 9.5013707332069876e-05 -0.00053366517557615627
leaf_weight=49346 15887 341 1485 111 518 319 321 412 28883 11051 6887 4309 2205 492 68221 5454 1479 260 165 192 196 171 841 682 225 604 428 573 247 431
leaf_count=49346 15887 341 1485 111 518 319 321 412 28883 11051 6887 4309 2205 492 68221 5454 1479 260 165 192 196 171 841 682 225 604 428 573 247 431
internal_value=2.40882e-14 8.89994e-06 0.000177934 0.000251533 0.000387961 0.000912223 -1.43351e-05 0.000392184 5.1281e-07 1.93613e-05 8.38901e-05 0.000113786 0.000269043 -8.15703e-05 -1.11635e-05 3.85704e-06 -0.000201743 0.000121391 0.000276542 0.000832251 0.00113673 -0.000103556 -8.14093e-05 -0.000113608 -0.000426314 -0.00018065 6.48786e-05 -0.000119568 -0.00040252 -9.6227e-05
internal_weight=202736 182792 8641 6850 4527 837 2323 733 174151 124805 40079 33192 3690 19944 84726 73675 1590 2719 1654 648 456 1791 1006 17225 907 1620 769 1065 851 16318
internal_count=202736 182792 8641 6850 4527 837 2323 733 174151 124805 40079 33192 3690 19944 84726 73675 1590 2719 1654 648 456 1791 1006 17225 907 1620 769 1065 851 16318
is_linear=0
shrinkage=0.02


Tree=275
num_leaves=31
num_cat=0
split_feature=14 44 10 43 15 44 15 14 10 44 10 44 14 44 10 10 44 14 10 10 44 44 5 14 10 10 14 10 10 17
split_gain=0.364571 0.524239 0.611537 0.6465 0.540185 0.662497 0.48992 0.403466 0.396026 0.373473 0.367636 0.329832 0.318786 0.312191 1.04058 0.75088 1.14376 0.688854 0.30313 0.405224 0.519388 0.364916 0.301878 0.295551 0.259607 0.223399 0.204789 0.203805 0.200699 0.175887
threshold=0.1936000000000008 1.0856926487789889 -5.6405000000000145 12.740000000000874 1.7971979995567586 0.73814753312156556 1.7419297486244789 2.8280666666666687 91.561999999999998 2.8757842291610967 104.706 -1.3501576184048092 0.82336666666666825 -1.2626256126891062 -35.575499999999998 -29.405500000000007 -0.57678009738607139 0.89733333333333409 91.561999999999998 51.214499999999994 2.7704034032640541 2.1876406604074967 -1.4863999999999982 1.6623500000000015 30.877499999999984 91.561999999999998 1.5409333333333344 57.764499999999991 -64.497 0.0035686865665649705
decision_type=2 2 2 2 2 2 2 2 2 2 2 2 2 2 2 2 2 2 2 2 2 2 2 2 2 2 2 2 2 2
left_child=11 2 13 6 5 -5 10 8 9 12 -4 29 -3 14 26 16 -15 -16 19 21 -21 -9 -17 -8 -11 -6 -2 28 -13 -1
right_child=1 7 3 4 25 -7 23 18 -10 24 -12 27 -14 15 17 22 -18 -19 -20 20 -22 -23 -24 -25 -26 -27 -28 -29 -30 -31
leaf_value=0.00085247950588901791 -0.0005402220580040004 -9.6473673409766395e-05 6.3719913849238867e-05 0.00038872941650314636 -7.8962295644031399e-05 0.0014345991041298713 -0.00011038037656643051 -0.00021832600425089951 0.00084109520254454649 -0.00019358861126140523 0.00069249658357136616 0.0007088318202792235 4.2353858504449326e-05 0.0002989029935352361 -4.8675101481106115e-05 0.00070216199357143962 -1.4244177381794714e-05 0.00076847780242337855 -0.00052890308451401216 0.0017852717321243531 7.0421628470560826e-05 0.00040261476990141473 -6.5955528054808824e-05 -0.00087823787059945367 -0.00065419708786659217 0.00085600580388147914 4.9538894774510509e-06 -0.0007939895716397306 -0.00010132009809384788 5.2103135069217434e-05
leaf_weight=112 2204 21481 67867 1982 1171 276 4436 607 189 3323 374 123 9561 7133 5844 206 13487 444 199 152 132 1006 31499 210 574 112 315 169 21890 5658
leaf_count=112 2204 21481 67867 1982 1171 276 4436 607 189 3323 374 123 9561 7133 5844 206 13487 444 199 152 132 1006 31499 210 574 112 315 169 21890 5658
internal_value=-1.55967e-13 1.07253e-05 2.87434e-05 6.64575e-05 0.000330364 0.000516568 5.36364e-05 -5.586e-05 -7.19438e-05 -7.68828e-05 6.7166e-05 -6.70656e-05 -5.37145e-05 -1.84072e-05 -0.000128573 1.35232e-07 9.40817e-05 9.02463e-06 0.000213698 0.000291599 0.000988229 0.000168944 -6.09648e-05 -0.000145088 -0.000261433 2.65612e-06 -0.000472048 -0.000102105 -9.67933e-05 6.7639e-05
internal_weight=202736 174784 137560 76428 3541 2258 72887 37224 35128 34939 68241 27952 31042 61132 8807 52325 20620 6288 2096 1897 284 1613 31705 4646 3897 1283 2519 22182 22013 5770
internal_count=202736 174784 137560 76428 3541 2258 72887 37224 35128 34939 68241 27952 31042 61132 8807 52325 20620 6288 2096 1897 284 1613 31705 4646 3897 1283 2519 22182 22013 5770
is_linear=0
shrinkage=0.02


Tree=276
num_leaves=31
num_cat=0
split_feature=3 41 34 17 11 10 45 20 11 17 6 42 6 10 34 45 33 34 29 36 42 6 20 12 29 6 44 12 45 34
split_gain=0.357324 0.388933 0.662948 0.657585 0.748367 0.88323 0.41988 0.403861 0.349403 0.372493 0.335874 0.320011 0.293649 0.225301 0.220623 0.37457 0.413475 0.323376 0.229012 0.212626 0.249114 0.200314 0.195176 0.194421 0.248145 0.19276 0.181898 0.178083 0.160986 0.164923
threshold=0.0024305028661695239 76.94915253964696 0.015040118180429135 0.56312331707353636 0.54750000000000021 -56.553500000000007 0.077047779913319805 4.4000000000014561 0.2945000000000001 1.7062974234774979 0.22631666666666642 0.48058912010435256 0.73209999999999975 -54.442500000000003 -0.0095901530654452973 0.060929378653718592 -0.0076778209727243725 -0.0018578672368498503 -0.012453772933745942 40.500000000000007 1.0267725703128259 -0.079133333333333625 0.15000000000145522 0.22580000000000058 -0.030040158566690952 -0.1733666666666667 -0.49162951159324991 1.1251000000000053 0.0058972436855373551 -0.035373432971301279
decision_type=2 2 2 2 2 2 2 2 2 2 2 2 2 2 2 2 2 2 2 2 2 2 2 2 2 2 2 2 2 2
left_child=10 2 3 4 7 -6 11 -2 13 -10 14 27 -13 -5 23 18 -17 -18 -16 20 22 -8 -3 24 -1 -20 -24 -4 -12 -30
right_child=1 19 6 8 5 -7 21 -9 9 -11 28 12 -14 -15 15 16 17 -19 25 -21 -22 -23 26 -25 -26 -27 -28 -29 29 -31
leaf_value=0.00011574183941965452 1.5619730756489412e-05 -0.0001171719832235482 0.00037598156733801078 0.00054478867766748879 -0.00021939949368493319 0.0013955348567014361 0.0012482124399835373 0.000148579532547312 3.2766565155126261e-05 -0.00011085356137006692 -0.00064025086778105771 0.00011293776972028723 -0.00024367419990850776 -0.00027591624706186773 0.00014533554814101117 0.00056087617124767032 -0.00015965657280325756 0.00015488287620585333 0.0001224798592839451 0.00018751536246945901 -0.0002346393639223217 0.00038359460649693483 0.00013610162668440306 -0.00011266478908146692 -7.5577610197761566e-05 -6.3984205341588774e-05 -5.0401921952584765e-05 0.0013618988553784658 -0.000766282428574579 -0.00014238334778535181
leaf_weight=4291 44747 7815 199 139 221 350 116 11483 14431 14463 304 20593 967 3575 2787 796 1711 5543 2458 1310 3288 1410 3353 15916 7368 22676 5561 116 176 4573
leaf_count=4291 44747 7815 199 139 221 350 116 11483 14431 14463 304 20593 967 3575 2787 796 1711 5543 2458 1310 3288 1410 3353 15916 7368 22676 5561 116 176 4573
internal_value=-1.41734e-14 1.89881e-05 3.37956e-05 8.99159e-06 5.00876e-05 0.00077049 0.000128565 4.27721e-05 -6.25949e-05 -3.9123e-05 -3.71288e-05 0.000106189 9.69432e-05 -0.000245201 -2.46495e-05 7.97867e-06 0.000128174 8.06925e-05 -2.66753e-05 -5.93372e-05 -7.54923e-05 0.000449319 -4.42128e-05 -6.72123e-05 -5.16404e-06 -4.57488e-05 1.97514e-05 0.00073905 -0.000194067 -0.000165505
internal_weight=202736 134137 112810 89409 56801 571 23401 56230 32608 28894 68599 21875 21560 3714 63546 35971 8050 7254 27921 21327 20017 1526 16729 27575 11659 25134 8914 315 5053 4749
internal_count=202736 134137 112810 89409 56801 571 23401 56230 32608 28894 68599 21875 21560 3714 63546 35971 8050 7254 27921 21327 20017 1526 16729 27575 11659 25134 8914 315 5053 4749
is_linear=0
shrinkage=0.02


Tree=277
num_leaves=31
num_cat=0
split_feature=10 44 14 1 10 10 9 9 9 10 19 44 9 10 45 42 14 5 45 10 9 14 14 44 10 10 10 42 44 43
split_gain=0.349701 0.623883 0.783321 0.565538 0.541264 0.756189 0.741621 0.661573 0.564344 0.563233 0.539971 0.603151 0.478894 0.621951 0.469178 0.392976 0.45552 0.323898 0.303232 0.277051 0.273806 0.612255 0.547361 0.560774 0.480091 0.258765 0.664663 0.251838 0.242737 0.241297
threshold=-5.4410000000000132 1.9726424791559014 0.48726666666666746 5575000000.000001 61.751999999999988 49.269499999999994 -0.066999999999990581 -4.6679999999999877 23.580500000000018 82.286500000000004 99.80217585988926 -0.12973570003388124 7.370000000000017 41.135499999999986 0.021843606363566182 0.58400679811697487 0.54000000000000137 0.50565000000000149 0.021502557962983615 57.764499999999991 13.950500000000003 0.82336666666666825 0.66220000000000134 1.0000000180025095e-35 -56.553500000000007 -43.957000000000008 -72.730999999999995 0.93598906442713303 2.2891819201307584 28.550000000000001
decision_type=2 2 2 2 2 2 2 2 2 2 2 2 2 2 2 2 2 2 2 2 2 2 2 2 2 2 2 2 2 2
left_child=20 2 4 10 5 8 9 -7 -2 -6 11 -4 13 -3 19 16 -16 -12 -8 -14 27 22 24 -24 -22 26 -23 29 -15 -1
right_child=1 12 3 -5 6 7 18 -9 -10 -11 17 -13 14 28 15 -17 -18 -19 -20 -21 21 25 23 -25 -26 -27 -28 -29 -30 -31
leaf_value=-2.8186317976058337e-05 2.0843803927428288e-06 -0.00022866536285126454 7.8282440321658008e-05 -0.00019924488758207661 -0.0012330305503190522 -0.00037502533869378062 0.00067321759788528278 0.00070551269133301659 -0.00075325338949885771 -1.928132549437578e-05 5.1806947039333027e-05 0.00028797443187908748 -0.00029772066240916134 -0.00047744760632444664 -0.00039245619348133513 -8.1692560094833946e-05 0.00048908194905357069 -0.0003283032649304368 -0.00020610100078587517 -0.0013660477969422938 0.0012793466896869471 -0.00047299102522049851 0.002238105340040741 0.0002818075300745883 1.9154287878058763e-05 -0.00044780101993209905 0.0010512830676800548 -0.00014980039099265192 -0.0017069454159461923 0.00032110899572374105
leaf_weight=79903 67282 3962 10147 2134 482 288 223 1064 398 224 8681 11947 435 106 287 2333 1281 1000 529 125 154 259 136 103 563 525 205 6998 163 799
leaf_count=79903 67282 3962 10147 2134 482 288 223 1064 398 224 8681 11947 435 106 287 2333 1281 1000 529 125 154 259 136 103 563 525 205 6998 163 799
internal_value=-4.73177e-14 2.33863e-05 3.69407e-05 0.000115928 -1.05597e-06 6.99827e-06 -0.0003824 0.000475339 -2.35747e-06 -0.000847932 0.000137095 0.00019167 -0.000139414 -0.000291849 5.16159e-06 8.28737e-05 0.000327729 1.25434e-05 5.46544e-05 -0.000536187 -2.95029e-05 0.000205205 0.000566121 0.00139501 0.000289823 -0.000143668 0.000200449 -3.47082e-05 -0.00122246 -2.47281e-05
internal_weight=202736 113091 104399 33909 70490 69032 1458 1352 67680 706 31775 22094 8692 4231 4461 3901 1568 9681 752 560 89645 1945 956 239 717 989 464 87700 269 80702
internal_count=202736 113091 104399 33909 70490 69032 1458 1352 67680 706 31775 22094 8692 4231 4461 3901 1568 9681 752 560 89645 1945 956 239 717 989 464 87700 269 80702
is_linear=0
shrinkage=0.02


Tree=278
num_leaves=31
num_cat=0
split_feature=7 43 34 6 41 42 34 10 15 1 34 29 43 10 15 10 34 43 10 10 10 13 10 5 15 6 34 10 6 34
split_gain=0.351435 0.601677 0.447813 0.769185 0.517248 0.468748 0.706077 0.397925 0.501067 0.379689 0.385431 0.348061 0.301072 0.245344 0.580627 0.377536 0.382374 0.243746 0.252537 0.534948 0.311513 0.238643 0.228253 0.317378 0.348743 0.296604 0.282065 0.225466 0.199439 0.21467
threshold=1.5781378266207933 9.4199999999997104 0.032451503129730976 0.24043333333333336 78.701446615120645 0.83904160174216647 -0.00022586565233413797 5.1754999999999818 1.7971979995567586 185000000.00000003 -0.049350787179811471 0.016374412149466892 20.519999999999715 -68.760000000000005 5.1419569748710749 -49.330000000000005 -0.070498786730593274 25.540000000000877 -72.730999999999995 -138.12749999999997 -49.330000000000005 0.33413333333333523 61.751999999999988 -0.041300000000000468 2.5297921356699269 0.59236666666666704 0.0094547923130933239 16.207999999999984 0.83995000000000031 -0.014948067992775085
decision_type=2 2 2 2 2 2 2 2 2 2 2 2 2 2 2 2 2 2 2 2 2 2 2 2 2 2 2 2 2 2
left_child=1 2 3 5 21 6 -1 17 9 10 -9 -10 22 -14 15 -15 -17 18 19 -3 -20 -4 28 24 -24 26 -25 -11 29 -2
right_child=12 7 4 -5 -6 -7 -8 8 11 27 -12 -13 13 14 -16 16 -18 -19 20 -21 -22 -23 23 25 -26 -27 -28 -29 -30 -31
leaf_value=-2.5456097707003046e-05 -0.00017811830191577759 0.00021188174512147963 3.1433287165228929e-05 -0.00020047110946248603 4.2747879354650856e-06 -9.7973375673262726e-05 7.2719249059217348e-05 -7.4768372433027248e-05 -0.0011003751826605627 0.00032954993081852425 0.00042096050517459119 0.00014523578914261219 -0.00012089303689801131 0.0016262175693399566 -0.00022000822269033563 -0.00035873208451319978 0.00063280546526118641 0.00055091100032148737 0.00035031469413993694 -0.0004126260035037622 3.3066788859627792e-05 0.00035494907453824035 0.00062007907148296196 -0.0018357041635855781 -0.00081216585765858846 -0.00012621468981289922 -0.00065574132415292309 -0.00029492068913442872 -0.0005179332191958643 -2.5731106994295871e-05
leaf_weight=78094 5857 930 1219 8292 6958 17928 46901 730 182 359 4462 177 1065 117 613 198 726 377 1432 1338 9141 3622 193 119 105 236 254 650 431 10030
leaf_count=78094 5857 930 1219 8292 6958 17928 46901 730 182 359 4462 177 1065 117 613 198 726 377 1432 1338 9141 3622 193 119 105 236 254 650 431 10030
internal_value=1.57072e-13 8.69791e-06 -3.94107e-06 -1.32006e-05 0.000114729 -2.33573e-06 1.13816e-05 0.000112871 0.000240212 0.00028227 0.000351261 -0.000486244 -7.97186e-05 0.000115866 0.000268313 0.000555865 0.000420333 4.9672e-05 3.4956e-05 -0.000156545 7.60346e-05 0.000273485 -0.000110592 -0.0004194 0.000115429 -0.000681106 -0.00103219 -7.27354e-05 -9.34276e-05 -8.19111e-05
internal_weight=202736 182792 163014 151215 11799 142923 124995 19778 6560 6201 5192 359 19944 2719 1654 1041 924 13218 12841 2268 10573 4841 17225 907 298 609 373 1009 16318 15887
internal_count=202736 182792 163014 151215 11799 142923 124995 19778 6560 6201 5192 359 19944 2719 1654 1041 924 13218 12841 2268 10573 4841 17225 907 298 609 373 1009 16318 15887
is_linear=0
shrinkage=0.02


Tree=279
num_leaves=31
num_cat=0
split_feature=14 44 10 6 14 44 9 45 9 9 44 14 34 14 34 6 14 9 10 44 44 44 9 5 14 10 44 10 9 10
split_gain=0.342949 0.49445 0.571447 0.637102 0.823039 0.984972 0.771208 0.565401 0.871398 0.490802 0.466392 0.506042 0.444834 0.37968 0.406918 0.355034 0.519209 0.344114 0.703618 0.318073 0.29424 0.344253 0.277521 0.256456 0.229685 0.224786 0.19139 0.191131 0.35146 0.215656
threshold=0.1936000000000008 1.0856926487789889 -5.6405000000000145 0.086133333333333326 0.92465000000000086 0.59587910656819698 -26.471499999999999 0.032857542345852433 9.8814999999999991 10.728000000000002 -0.93754254063662013 0.97213333333333418 -0.0039699449196102165 2.8280666666666687 -0.05112871521569394 1.0055833333333333 1.0885166666666681 26.659000000000002 27.254499999999982 -1.1871706919936587 1.2411641850924389 2.1876406604074967 32.575499999999998 0.12250000000000159 0.82336666666666825 66.272499999999994 1.6883562476704157 30.877499999999984 0.1980000000000007 35.61249999999999
decision_type=2 2 2 2 2 2 2 2 2 2 2 2 2 2 2 2 2 2 2 2 2 2 2 2 2 2 2 2 2 2
left_child=19 2 9 4 6 -6 -4 8 -5 23 -11 -12 -9 14 17 16 -16 18 -3 -1 -15 22 -22 24 -2 -23 -17 -21 -29 -30
right_child=1 13 3 7 5 -7 -8 12 -10 10 11 -13 -14 20 15 26 -18 -19 -20 27 21 25 -24 -25 -26 -27 -28 28 29 -31
leaf_value=4.5287408708627857e-05 -2.6617273131683651e-05 -0.00024501830936228731 0.0016486422456653109 -2.8427059100549467e-05 0.00024955531962144568 0.0011671300537338064 8.1838232344058189e-05 -0.00017762293767075566 -0.00047881529695025356 -0.00031406664931648795 0.00059059413793690837 -7.0011996426595766e-05 9.5975873257775473e-05 0.0011730902347304789 -8.2222832359138997e-05 -0.001304083389945195 0.00012109106604098802 0.00076610637046802118 -0.0013333744538678405 -9.3579010370026215e-05 -3.7599692005971254e-05 0.00044895887486854128 -0.0011188181884148542 -0.00010743907790622353 9.6616106090931326e-05 -0.00018529130989086945 -0.00036896366314083438 -0.00087986583720636876 -0.00081249671228426066 0.00018208806858571936
leaf_weight=7607 38203 2095 126 6751 2388 582 46779 2837 2305 477 1441 684 14660 119 25907 112 6233 112 268 19505 470 1108 119 13139 7188 280 401 355 114 371
leaf_count=7607 38203 2095 126 6751 2388 582 46779 2837 2305 477 1441 684 14660 119 25907 112 6233 112 268 19505 470 1108 119 13139 7188 280 401 355 114 371
internal_value=-5.8366e-14 1.04024e-05 2.79011e-05 6.43581e-05 0.000106491 0.000429363 8.60471e-05 -1.47814e-05 -0.000143063 -1.76778e-05 0.000251095 0.000377957 5.1614e-05 -5.42634e-05 -6.9866e-05 -5.11254e-05 -4.27936e-05 -0.000317113 -0.000368454 -6.50465e-05 0.000207229 0.000149091 -0.000256046 -2.96263e-05 -7.10236e-06 0.000321012 -0.000573122 -0.0001063 -0.000401693 -5.16906e-05
internal_weight=202736 174784 137560 76428 49875 2970 46905 26553 9056 61132 2602 2125 17497 37224 35128 32653 32140 2475 2363 27952 2096 1977 589 58530 45391 1388 513 20345 840 485
internal_count=202736 174784 137560 76428 49875 2970 46905 26553 9056 61132 2602 2125 17497 37224 35128 32653 32140 2475 2363 27952 2096 1977 589 58530 45391 1388 513 20345 840 485
is_linear=0
shrinkage=0.02


Tree=280
num_leaves=31
num_cat=0
split_feature=15 14 10 10 43 14 10 6 4 13 9 45 9 6 10 10 10 14 6 45 10 9 45 9 29 10 20 9 45 9
split_gain=0.342132 0.566707 0.852097 0.527452 0.640544 0.579901 0.855183 0.554418 0.573418 0.397909 0.393463 0.896708 0.619357 0.551124 0.745625 0.486486 0.385686 0.471892 0.346232 0.338113 0.31079 0.216204 0.515816 0.259192 0.180106 0.231689 0.238893 0.155158 0.150156 0.282415
threshold=2.3220777869871951 0.68926666666666814 -166.39949999999996 -72.730999999999995 14.760000000002039 1.5994166666666678 -42.866500000000009 0.65431666666666677 0.4151000000000023 1.0937666666666683 -3.7709999999999826 0.023534321311853682 -12.73449999999999 0.25593333333333373 17.787999999999986 18.639999999999979 -138.12749999999997 1.3451000000000015 0.46673333333333294 0.030640594800594601 36.687999999999988 -3.229499999999994 0.057748997619839183 -75.306499999999971 0.13259608292145456 61.751999999999988 7.8499999999985457 26.659000000000002 0.02581645090931815 -6.8249999999999895
decision_type=2 2 2 2 2 2 2 2 2 2 2 2 2 2 2 2 2 2 2 2 2 2 2 2 2 2 2 2 2 2
left_child=1 2 -1 16 7 9 -7 8 -5 -6 11 12 -4 14 -12 -13 17 19 -15 -3 -9 23 -23 -18 25 28 -27 -28 29 -2
right_child=24 3 10 4 5 6 -8 20 -10 -11 13 15 -14 18 -16 -17 21 -19 -20 -21 -22 22 -24 -25 -26 26 27 -29 -30 -31
leaf_value=0.0016532587148703453 5.2020186670170945e-05 9.2296601336519342e-06 0.00050000608770417985 0.00013078080762407872 0.00040388623832086147 0.0016932982377831868 0.00043040633184831905 -0.00045959008372182207 -0.00013430925578099986 -0.00012957626734116335 -8.6668707737404853e-06 -8.8816690551090754e-05 4.0045419159301818e-05 -0.00022524532554787029 0.00012589265440159214 -0.00034706959079433596 0.00034285836561015373 -0.00013758047807662876 0.00088520864647833393 0.0010617683796839744 7.1362691321791424e-06 -0.00034027008075548188 0.00094336397167353429 -0.00047866017747303784 0.000333724388532972 -0.0008634968924055035 0.00029700471240080357 -0.00051217142154401797 -5.3214259985003045e-05 -0.00038338546615038709
leaf_weight=123 928 213 1368 24484 1210 268 1074 1153 3766 1040 85535 28927 8132 4805 20401 3245 169 1024 115 286 1130 434 176 1688 365 328 181 199 8304 1665
leaf_count=123 928 213 1368 24484 1210 268 1074 1153 3766 1040 85535 28927 8132 4805 20401 3245 169 1024 115 286 1130 434 176 1688 365 328 181 199 8304 1665
internal_value=4.20708e-14 6.50816e-06 -1.07167e-05 7.54941e-05 0.000100934 0.000353564 0.000682608 7.12143e-05 9.54417e-05 0.000157308 -1.20586e-05 -6.44506e-05 0.00010628 7.63613e-06 1.72464e-05 -0.000114865 -0.000142088 0.000108174 -0.00019929 0.000612488 -0.000228578 -0.000296587 3.00899e-05 -0.000403896 -0.000103721 -0.000117479 -0.000468067 -0.000126748 -9.47007e-05 -0.00022756
internal_weight=202736 190766 152651 38115 34125 3592 1342 30533 28250 2250 152528 41672 9500 110856 105936 32172 3990 1523 4920 499 2283 2467 610 1857 11970 11605 708 380 10897 2593
internal_count=202736 190766 152651 38115 34125 3592 1342 30533 28250 2250 152528 41672 9500 110856 105936 32172 3990 1523 4920 499 2283 2467 610 1857 11970 11605 708 380 10897 2593
is_linear=0
shrinkage=0.02


Tree=281
num_leaves=31
num_cat=0
split_feature=43 7 43 34 31 45 34 5 10 33 9 45 9 9 10 10 14 10 10 6 10 9 45 6 9 10 45 10 13 10
split_gain=0.337701 0.642988 0.63359 0.518341 0.839431 0.687383 0.501363 0.499569 0.492946 0.430196 0.490385 0.402042 0.569037 0.524758 0.968546 0.805187 0.490296 0.288058 0.540557 0.315506 0.285552 0.233178 0.248021 0.21455 0.278457 0.530138 0.226616 0.207412 0.181017 0.146203
threshold=1.7400000000037836 0.30934083142429186 5.1000000000014554 -0.015255393475215038 -25.299999999995631 0.073555931392672927 -0.00082026025026581682 -0.0059999999999977372 24.69499999999999 0.027038543215215819 -2.975499999999986 0.035964912280539052 17.12850000000001 14.490500000000006 17.378499999999985 82.286500000000004 0.41346666666666781 -30.662500000000012 -36.341500000000011 -0.32190000000000007 82.286500000000004 3.9970000000000154 0.051081432997896248 0.31833333333333352 -1.0269999999999879 29.345499999999983 0.031593038821823689 70.033999999999992 0.20866666666666833 -8.0615000000000112
decision_type=2 2 2 2 2 2 2 2 2 2 2 2 2 2 2 2 2 2 2 2 2 2 2 2 2 2 2 2 2 2
left_child=27 2 23 11 21 7 -7 -6 17 10 -10 12 16 14 -13 -15 -3 18 -4 -19 -14 -5 -23 24 26 -26 -2 -1 -25 -30
right_child=1 3 8 4 5 6 -8 -9 9 -11 -12 13 20 15 -16 -17 -18 19 -20 -21 -22 22 -24 28 25 -27 -28 -29 29 -31
leaf_value=-5.1381963106124171e-05 6.6129928421811425e-05 -0.00014019861987217051 0.00015728111013079896 0.00026099996642041525 5.4413304332015503e-05 -0.0001529412942696325 0.00028620232092796974 -5.9071643209195518e-05 3.8692874329803925e-05 -0.00039156136032979705 0.00071772873480804259 -0.00010170146227713685 -0.00071589121789231895 4.9623897461609141e-05 -0.00051059475688374747 0.001646394583369352 0.0001386936643477049 0.00060677236389743139 0.00081832118537706927 5.9154406619538106e-05 0.00035703212756491384 0.00046825360087130585 0.0012888745430946287 -0.00077565685630045904 4.7675162920424581e-05 0.00037156897842165437 -7.9657651449884678e-05 -0.00064128710016060121 0.00043041862221044296 -0.00021074873357880783
leaf_weight=36047 6811 3819 2193 1163 24448 1301 5182 42469 590 225 1525 17323 597 630 2675 158 7421 438 639 10739 119 468 215 199 20210 2246 11409 240 164 1073
leaf_count=36047 6811 3819 2193 1163 24448 1301 5182 42469 590 225 1525 17323 597 630 2675 158 7421 438 639 10739 119 468 215 199 20210 2246 11409 240 164 1073
internal_value=7.31717e-14 1.20522e-05 6.54773e-05 -1.68703e-05 1.20339e-05 1.44015e-06 0.000198076 -1.76101e-05 0.000171149 0.000439856 0.000528305 -8.32965e-05 9.11065e-06 -0.000136449 -0.000156396 0.000369789 4.39348e-05 0.000126265 0.000306435 8.06142e-05 -0.00053757 0.000433258 0.000726575 2.44528e-05 3.29348e-05 8.00703e-05 -2.51593e-05 -5.52836e-05 -0.000215808 -0.000125744
internal_weight=202736 166449 58461 107988 75246 73400 6483 66917 16349 2340 2115 32742 11956 20786 19998 788 11240 14009 2832 11177 716 1846 683 42112 40676 22456 18220 36287 1436 1237
internal_count=202736 166449 58461 107988 75246 73400 6483 66917 16349 2340 2115 32742 11956 20786 19998 788 11240 14009 2832 11177 716 1846 683 42112 40676 22456 18220 36287 1436 1237
is_linear=0
shrinkage=0.02


Tree=282
num_leaves=31
num_cat=0
split_feature=41 34 42 34 45 6 45 10 29 45 41 44 10 9 7 9 10 6 44 14 44 13 34 9 9 9 6 44 9 9
split_gain=0.334787 0.471327 0.535241 0.643382 1.06632 0.560943 0.50851 0.469091 0.466065 0.462679 0.442267 0.365521 0.430926 0.357 0.340252 0.280521 0.459907 0.346754 0.327705 0.314651 0.338192 0.221247 0.205234 0.181298 0.1921 0.177883 0.311421 0.170236 0.122482 0.143766
threshold=89.613887493543857 0.022854074869047725 0.81986196433497682 0.0036999726363705515 0.065367334860913021 -0.066066666666666427 0.070084585145808745 91.561999999999998 -0.01942165750510871 0.031898371381231701 54.184324886645435 2.2891819201307584 33.544999999999987 -18.455999999999985 3.477004098354556 -11.513499999999983 -13.847000000000014 0.16998333333333335 -0.60514513468770759 0.81321666666666792 -0.73902862944378855 0.25806666666666817 0.087569951792432002 55.303000000000004 44.40750000000002 1.1060000000000016 -0.095566666666666536 -1.36961326714451 7.8965000000000041 -3.8610000000000002
decision_type=2 2 2 2 2 2 2 2 2 2 2 2 2 2 2 2 2 2 2 2 2 2 2 2 2 2 2 2 2 2
left_child=1 2 3 6 10 -6 8 -8 -1 15 -5 12 13 -11 -14 16 17 -3 -18 20 -17 28 -21 24 -13 27 -27 -23 29 -4
right_child=-2 9 21 4 5 -7 7 -9 -10 11 -12 23 14 -15 -16 19 18 -19 -20 22 -22 25 -24 -25 -26 26 -28 -29 -30 -31
leaf_value=4.745839243384721e-05 -0.00011586786875705571 -0.00016984898034251637 -0.00020815342305263607 0.00013089762523288306 0.00078361193681928982 0.00023962205520214452 -0.00011583398284289983 -0.0012473602045714428 -3.9946997023178773e-05 -0.00044192233025691966 -3.1404926852785039e-05 -0.00011021401140784372 0.00048659635765865774 0.00014331675482856832 -0.00021463814147401031 0.00026472764843349432 -4.624049341053528e-05 0.00075370360156613414 0.0012261330442411835 -0.00036644785079889303 -8.8185498686261892e-05 5.2649227794009841e-05 0.00036749799641038849 0.00047610602396161997 -0.00085566897735261591 0.00065976985424157824 -0.00012958664910666179 -0.00031362858983038515 -0.00031089555074383194 4.770250793654095e-05
leaf_weight=42767 9507 834 1089 10602 885 5293 14966 148 56827 430 18321 1769 2335 13715 314 1401 118 202 258 1743 4833 578 167 192 150 211 3808 4165 564 4544
leaf_count=42767 9507 834 1089 10602 885 5293 14966 148 56827 430 18321 1769 2335 13715 314 1401 118 202 258 1743 4833 578 167 192 150 211 3808 4165 564 4544
internal_value=1.37067e-13 5.70078e-06 -7.28129e-06 4.10942e-06 7.90354e-05 0.000317549 -1.88182e-05 -0.000126914 -2.41395e-06 8.08573e-05 2.80886e-05 0.000138189 0.000169368 0.000125526 0.000403475 -3.25642e-05 0.000227677 1.02259e-05 0.000826824 -7.76846e-05 -8.87345e-06 -0.000121355 -0.000302276 -0.000109856 -0.000168483 -0.00018604 -8.81449e-05 -0.000268993 -2.98958e-05 -1.76085e-06
internal_weight=202736 193229 164768 149809 35101 6178 114708 15114 99594 28461 28923 18905 16794 14145 2649 9556 1412 1036 376 8144 6234 14959 1910 2111 1919 8762 4019 4743 6197 5633
internal_count=202736 193229 164768 149809 35101 6178 114708 15114 99594 28461 28923 18905 16794 14145 2649 9556 1412 1036 376 8144 6234 14959 1910 2111 1919 8762 4019 4743 6197 5633
is_linear=0
shrinkage=0.02


Tree=283
num_leaves=31
num_cat=0
split_feature=7 43 34 5 41 36 43 10 15 1 34 29 43 12 20 10 15 10 34 5 43 10 10 9 13 10 5 15 13 42
split_gain=0.329838 0.554463 0.420431 0.507201 0.485299 0.406898 0.400972 0.375648 0.479989 0.36281 0.364152 0.332515 0.282958 0.252229 0.24982 0.236232 0.547383 0.360149 0.362723 0.235069 0.230876 0.23701 0.499876 0.324128 0.227483 0.213931 0.295948 0.325949 0.26838 0.237446
threshold=1.5781378266207933 9.4199999999997104 0.032451503129730976 0.074500000000001593 78.701446615120645 18.500000000000004 2.5800000000002914 5.1754999999999818 1.7971979995567586 115000000.00000001 -0.049350787179811471 0.016374412149466892 20.519999999999715 1.0298000000000045 10.700000000004367 -68.760000000000005 5.1419569748710749 -49.330000000000005 -0.070498786730593274 0.61960000000000126 25.540000000000877 -72.730999999999995 -138.12749999999997 12.143500000000008 0.33413333333333523 61.751999999999988 -0.041300000000000468 2.5297921356699269 1.5759333333333341 0.77166457321449822
decision_type=2 2 2 2 2 2 2 2 2 2 2 2 2 2 2 2 2 2 2 2 2 2 2 2 2 2 2 2 2 2
left_child=1 2 3 5 24 6 -1 20 9 10 -9 -10 25 19 -7 -14 17 -17 -19 -5 21 22 -3 -23 -4 -2 27 -27 -28 -30
right_child=12 7 4 13 -6 14 -8 8 11 -11 -12 -13 15 -15 -16 16 -18 18 -20 -21 -22 23 -24 -25 -26 26 28 -29 29 -31
leaf_value=-2.8231595813371281e-05 -9.0543232062146738e-05 0.00020332600939793573 2.8728807648283145e-05 -5.4434448968757484e-05 4.289491481973318e-06 -0.00036980650005718026 5.1736750080024243e-05 -7.1491319062634803e-05 -0.001079118461169016 -6.5712990427702251e-05 0.00041066578764593475 0.00013835841453749959 -0.00011994120402625345 -0.00038752930994392562 -7.1247147222656799e-05 0.0015865829101620386 -0.00021216734025661941 -0.00034998959056783767 0.00061573378368121761 -0.00030259879699043736 0.00053485101803353509 4.3420021346186064e-05 -0.00040036279174607411 0.00049421093127754437 0.00034458944658883288 0.00059821351121874626 -0.0010474489511717565 -0.00078643482885811303 0.00049843112505122754 -0.0006855775375082297
leaf_weight=42542 16318 930 1219 39602 6958 1590 61105 730 182 1049 4422 177 1065 987 3801 117 613 198 726 1588 377 9891 1338 682 3622 193 328 105 114 167
leaf_count=42542 16318 930 1219 39602 6958 1590 61105 730 182 1049 4422 177 1065 987 3801 117 613 198 726 1588 377 9891 1338 682 3622 193 328 105 114 167
internal_value=-6.88174e-14 8.42641e-06 -3.70655e-06 -1.26786e-05 0.000111278 1.01024e-05 1.89137e-05 0.000108428 0.000232154 0.000273318 0.000342348 -0.000478858 -7.72302e-05 -7.15729e-05 -0.000159303 0.000112379 0.000261969 0.000541167 0.000408793 -6.40019e-05 4.70242e-05 3.27021e-05 -0.000152818 7.24978e-05 0.000265053 -0.00010716 -0.000406123 0.000110334 -0.00065884 -0.000205232
internal_weight=202736 182792 163014 151215 11799 109038 103647 19778 6560 6201 5152 359 19944 42177 5391 2719 1654 1041 924 41190 13218 12841 2268 10573 4841 17225 907 298 609 281
internal_count=202736 182792 163014 151215 11799 109038 103647 19778 6560 6201 5152 359 19944 42177 5391 2719 1654 1041 924 41190 13218 12841 2268 10573 4841 17225 907 298 609 281
is_linear=0
shrinkage=0.02


Tree=284
num_leaves=31
num_cat=0
split_feature=44 14 10 10 6 13 14 9 43 34 44 44 6 9 10 10 14 45 6 44 10 10 13 13 10 9 43 44 10 6
split_gain=0.332132 0.457208 0.929843 0.742928 0.997761 0.83933 1.02564 0.676597 0.501795 0.488416 0.48136 0.516561 0.480693 0.488583 0.822713 0.583994 0.445422 0.362855 0.294391 0.307006 0.591363 0.292389 0.393752 0.26563 0.217678 0.207183 0.205157 0.199354 0.169497 0.134188
threshold=2.7704034032640541 0.55833333333333501 -80.640000000000001 -12.898500000000004 0.086133333333333326 2.1767333333333352 0.98900000000000043 2.9285000000000001 19.539999999997963 0.00040462177784914222 -0.93754254063662013 -0.59560860008446725 0.2747833333333331 -3.7709999999999826 51.214499999999994 17.787999999999986 2.8280666666666687 0.034449350609872982 0.39646666666666613 0.59587910656819698 -54.442500000000003 -30.662500000000012 1.1463000000000012 0.76373333333333471 30.877499999999984 23.580500000000018 3.7800000000002916 2.1422487497984015 -28.803000000000015 1.3651333333333329
decision_type=2 2 2 2 2 2 2 2 2 2 2 2 2 2 2 2 2 2 2 2 2 2 2 2 2 2 2 2 2 2
left_child=1 2 10 18 5 6 -5 -7 17 -10 -1 26 13 14 -4 -15 24 -6 19 20 -3 22 -20 28 -2 -26 -12 -21 -14 -18
right_child=16 3 12 4 8 7 -8 -9 9 -11 11 -13 23 15 -16 -17 29 -19 21 27 -22 -23 -24 -25 25 -27 -28 -29 -30 -31
leaf_value=-9.2824195662870242e-05 -0.00017550886264981524 -0.00017045160809408367 -6.4994667109534641e-05 0.00015461107299352225 -0.00015163365816708475 -0.00085061966094815281 0.00051864541291617291 0.00076229517799440542 0.001699160490047532 0.00028918614912252008 0.00094480726646609819 0.00037045358763635741 0.00054936036065083942 -1.5696837486568342e-05 -0.00074491701716439609 0.00010811017633272267 0.00036865579452077427 4.4425318389174274e-05 0.0010349345952013714 -0.00019627346620048605 9.6057911269789044e-05 -0.00020191056234283655 0.00013986387240172215 -0.00084556184219096236 -0.00096400875512768003 -0.00025981792966131323 0.0020933134023698027 3.7115658621420368e-05 -0.00026559921071950553 -0.00022463476740540501
leaf_weight=214 3962 5061 34164 13488 5664 491 4018 132 116 643 101 241 108 79965 727 18828 741 11327 315 6716 9739 365 523 316 293 389 162 1872 1863 192
leaf_count=214 3962 5061 34164 13488 5664 491 4018 132 116 643 101 241 108 79965 727 18828 741 11327 315 6716 9739 365 523 316 293 389 162 1872 1863 192
internal_value=-1.47229e-13 4.30539e-06 -1.59519e-05 5.00959e-05 0.000108132 0.000212493 0.000238165 -0.000508878 1.54377e-06 0.000504676 0.00070189 0.00103933 -1.97425e-05 -1.4824e-05 -7.91617e-05 7.89834e-06 -0.000152205 -2.09315e-05 -3.45811e-05 -5.02753e-05 4.92246e-06 0.000270537 0.000476316 -0.000307249 -0.000232319 -0.000562352 0.00165225 -0.0001454 -0.000220944 0.000246564
internal_weight=202736 197159 136689 60470 35879 18129 17506 623 17750 759 718 504 135971 133684 34891 98793 5577 16991 24591 23388 14800 1203 838 2287 4644 682 263 8588 1971 933
internal_count=202736 197159 136689 60470 35879 18129 17506 623 17750 759 718 504 135971 133684 34891 98793 5577 16991 24591 23388 14800 1203 838 2287 4644 682 263 8588 1971 933
is_linear=0
shrinkage=0.02


Tree=285
num_leaves=31
num_cat=0
split_feature=44 14 34 45 29 44 45 6 34 44 13 14 14 44 7 29 44 14 6 44 6 14 15 45 40 45 42 44 14 13
split_gain=0.32668 0.477306 0.386274 1.00782 0.676472 0.625004 0.580301 0.779188 0.752693 0.411952 0.382268 0.35184 0.346198 0.334245 0.308185 0.310158 0.293811 0.371451 0.250031 0.249304 0.24791 0.175049 0.162193 0.173544 0.153395 0.15305 0.151178 0.147543 0.147447 0.212422
threshold=1.9357725258906862 0.46936666666666754 -0.02285948758854071 0.035964912280539052 -0.035150581466242274 -1.0538015942377499 0.034449350609872982 0.043633333333332663 -0.00574187746612173 -0.15545151304991087 0.59566666666666779 2.8280666666666687 0.65630000000000144 2.1876406604074967 3.1996162339075922 -0.062426779895397015 -0.038088458419724205 0.33690000000000164 -0.25213333333333382 3.1601215743280169 -0.12661666666666707 0.3889333333333343 0.3038087391666725 0.067821365989707366 1.1627906975746145 0.067821365989707366 0.030622980807080466 1.5206863208153572 1.008283333333335 1.5759333333333341
decision_type=2 2 2 2 2 2 2 2 2 2 2 2 2 2 2 2 2 2 2 2 2 2 2 2 2 2 2 2 2 2
left_child=1 10 3 14 25 12 7 -6 -8 -7 16 19 -5 -13 15 -3 17 20 -19 28 -1 -12 -18 -24 -23 27 -15 -4 -2 -30
right_child=11 2 4 5 6 9 8 -9 -10 -11 21 13 -14 26 -16 -17 22 18 -20 -21 -22 24 23 -25 -26 -27 -28 -29 29 -31
leaf_value=-0.00016861454457479767 -0.00011869219800119924 0.0004658319755190387 0.00058527392836809624 -0.00015653684792488011 9.554209797073168e-05 -0.00038057209900545024 -5.8365036056167838e-05 -0.00015815186959607409 0.0001705935020020328 -0.00010686494229700991 -0.00050255319459834296 -0.00061481043532632797 0.00049045934357932466 -0.00039647019725504959 -0.00030607636905751823 0.00012699143207879889 -2.0207875276078299e-05 -0.00025278987702350418 0.00010168216776945454 -0.00029328044069171412 -2.7494201514358444e-06 -0.00049755369595348513 -0.00013484233453897259 4.9851517047687496e-05 -9.5660332671793096e-05 -0.00018080337244127668 0.00036989390554586853 -8.4396649665873638e-05 0.00014363787991320641 -0.00015982459290614899
leaf_weight=3870 9553 1542 1424 529 10351 3378 7552 9100 23981 6305 680 177 883 112 471 3611 20222 831 18876 2516 52538 439 13108 2409 2821 134 1276 145 2405 1497
leaf_count=3870 9553 1542 1424 529 10351 3378 7552 9100 23981 6305 680 177 883 112 471 3611 20222 831 18876 2516 52538 439 13108 2409 2821 134 1276 145 2405 1497
internal_value=-9.24124e-14 7.81215e-06 4.92839e-05 -3.4474e-05 7.58625e-05 -0.000145028 6.27649e-05 -2.31467e-05 0.000115759 -0.00020235 -1.70457e-05 -8.25051e-05 0.000248065 0.00020368 0.000183627 0.000228387 -1.02255e-05 1.19858e-05 8.67349e-05 -0.000110548 -1.4129e-05 -0.000210665 -5.753e-05 -0.000106169 -0.00014978 0.000467977 0.000308055 0.000523386 -7.63787e-05 2.72147e-05
internal_weight=202736 185200 69406 16719 52687 11095 50984 19451 31533 9683 115794 17536 1412 1565 5624 5153 111854 76115 19707 15971 56408 3940 35739 15517 3260 1703 1388 1569 13455 3902
internal_count=202736 185200 69406 16719 52687 11095 50984 19451 31533 9683 115794 17536 1412 1565 5624 5153 111854 76115 19707 15971 56408 3940 35739 15517 3260 1703 1388 1569 13455 3902
is_linear=0
shrinkage=0.02


Tree=286
num_leaves=31
num_cat=0
split_feature=1 41 34 7 43 10 45 6 43 36 29 10 7 1 12 36 36 6 10 13 6 6 10 44 5 9 44 29 6 45
split_gain=0.32203 0.356174 0.586025 0.402598 1.0715 0.532246 0.381066 0.305133 0.280618 0.280948 0.279956 0.277502 0.276737 0.257517 0.249234 0.208108 0.200373 0.188914 0.187283 0.336311 0.641898 0.384779 0.272074 0.463522 0.19229 0.18145 0.164002 0.251066 0.190322 0.147793
threshold=0.002436424603288002 76.94915253964696 0.015040118180429135 0.37338485507438107 5.6999999999985453 24.14449999999999 0.077047779913319805 0.22631666666666642 21.749999999998547 58.500000000000007 0.005277012268023463 4.442999999999981 2.832041338140856 111.99999748000009 0.26380000000000764 21.500000000000004 40.500000000000007 -0.079133333333333625 61.751999999999988 0.57233333333333469 0.096566666666665787 -0.09336666666666639 46.280999999999985 -0.27822851721908304 0.063600000000000448 26.659000000000002 -0.49162951159324991 0.047286305809068903 0.54514999999999947 0.0058972436855373551
decision_type=2 2 2 2 2 2 2 2 2 2 2 2 2 2 2 2 2 2 2 2 2 2 2 2 2 2 2 2 2 2
left_child=7 2 3 4 14 -6 10 15 9 -5 13 -12 -10 -4 -2 18 26 -8 22 21 -21 -20 24 -24 -1 -19 27 -3 -29 -9
right_child=1 16 6 8 5 -7 17 29 12 -11 11 -13 -14 -15 -16 -17 -18 25 19 20 -22 -23 23 -25 -26 -27 -28 28 -30 -31
leaf_value=3.1285122640465947e-06 2.3215979481944917e-05 -6.7334348644955709e-05 0.00055749905667345568 -3.3981286667219414e-05 0.00019887935065250641 0.00067044897563165145 0.0012026959404365385 -0.00061234239907016199 0.00046289365159042829 -0.000366592242299353 1.281107002946174e-05 0.00016264012742063606 -3.4740133597414716e-05 7.6628952148323644e-05 -0.00016467802008515066 -0.0001934980590386096 0.00018270558492731949 0.00027080015948680633 -0.0012300490135507588 0.00076675110851561726 -0.001123880804143846 -0.00022767006861934083 -4.9271970302396695e-05 0.00071892673453109713 -8.197078683654243e-05 0.00092109538788790813 -0.00012141054447770839 0.00023379045092698981 -0.00061063266775480149 -0.00015746497674513121
leaf_weight=44445 32232 6376 981 43672 6458 1124 116 304 893 1040 11265 8813 895 816 3095 2751 1310 1210 214 255 100 539 740 546 13956 200 11593 1935 113 4749
leaf_count=44445 32232 6376 981 43672 6458 1124 116 304 893 1040 11265 8813 895 816 3095 2751 1310 1210 214 255 100 539 740 546 13956 200 11593 1935 113 4749
internal_value=-8.14812e-14 1.80259e-05 3.21962e-05 8.87552e-06 5.30557e-05 0.000268788 0.000121298 -3.52475e-05 -3.18928e-05 -4.17178e-05 9.99817e-05 7.85768e-05 0.000213798 0.000339141 6.75458e-06 -2.3353e-05 -5.69283e-05 0.000426868 -1.56539e-05 -0.000273295 0.000234179 -0.000512543 -1.08711e-05 0.000276884 -1.72075e-05 0.000363041 -7.26109e-05 -5.45356e-06 0.000187199 -0.000184831
internal_weight=202736 134137 112810 89409 42909 7582 23401 68599 46500 44712 21875 20078 1788 1797 35327 63546 21327 1526 60795 1108 355 753 59687 1286 58401 1410 20017 8424 2048 5053
internal_count=202736 134137 112810 89409 42909 7582 23401 68599 46500 44712 21875 20078 1788 1797 35327 63546 21327 1526 60795 1108 355 753 59687 1286 58401 1410 20017 8424 2048 5053
is_linear=0
shrinkage=0.02


Tree=287
num_leaves=31
num_cat=0
split_feature=4 14 10 44 10 6 44 13 13 6 9 45 14 43 6 14 44 43 44 10 14 9 14 9 7 14 9 7 6 5
split_gain=0.321592 0.47467 0.783827 0.775172 0.621464 0.792034 0.909381 0.878524 0.584612 0.488747 0.541805 0.79657 0.78268 0.47323 0.44831 0.620479 0.353447 0.324915 0.286428 0.73699 1.26189 0.435175 0.289088 0.312199 0.245619 0.23811 0.227956 0.22314 0.212893 0.200506
threshold=0.4151000000000023 0.66855000000000142 -89.687499999999986 -1.0784527060968887 -12.308000000000012 -0.15460000000000065 2.3422459782686049 2.1767333333333352 0.35873333333333385 0.25593333333333373 -2.726999999999991 0.020508799256676938 0.3253666666666678 3.5800000000002914 0.65431666666666677 1.4308666666666683 -0.11763443715727058 25.540000000000877 0.40228200762313032 -54.442500000000003 1.7400000000000009 -16.565999999999985 1.9310500000000015 -3.0629999999999957 9.6317160962226378 0.50636666666666807 4.677000000000004 3.477004098354556 0.46673333333333294 0.13470000000000165
decision_type=2 2 2 2 2 2 2 2 2 2 2 2 2 2 2 2 2 2 2 2 2 2 2 2 2 2 2 2 2 2
left_child=1 2 3 -1 18 6 7 -6 13 10 11 -4 -12 -5 15 -7 -16 24 19 21 -21 -3 28 -24 29 -10 -8 -19 -20 -2
right_child=17 4 9 8 5 14 26 -9 25 -11 12 -13 -14 -15 16 -17 -18 27 22 20 -22 -23 23 -25 -26 -27 -28 -29 -30 -31
leaf_value=-0.00034862262235996736 -0.00024439078547171814 -0.00040812444564290105 0.00010068666338469522 0.0008956692615257843 0.00047497196286739305 5.5705962500715857e-05 -0.00047621575731136547 -0.00055196626596382332 0.0010841690878384957 -0.00024068051327681857 -2.5394653420776265e-05 -0.00010101695172833032 9.4876667466459562e-05 0.0025648354115423212 -0.00065946824483812576 0.00048126537806344408 -6.1501413660021038e-05 0.00067900347601408835 -0.0001835147965868005 0.00012301506565088311 0.0013256359454256825 2.9955482270309049e-05 3.7315185411274317e-05 0.00099468194367205659 -0.00073134226063749819 -0.00019016915448077457 0.00037206189890017822 -2.1676098493282388e-05 0.00064672422380970113 -5.7143159923868546e-05
leaf_weight=220 2642 1606 9836 140 5430 11439 640 355 102 3639 53620 38434 36292 132 517 1557 1681 376 6333 5221 374 2084 1863 147 236 138 158 352 126 17046
leaf_count=220 2642 1606 9836 140 5430 11439 640 355 102 3639 53620 38434 36292 132 517 1557 1681 376 6333 5221 374 2084 1863 147 236 138 158 352 126 17046
internal_value=6.0512e-14 8.48325e-06 -8.52152e-06 0.000644258 6.98043e-05 0.000141405 0.000324648 0.000411953 0.00107089 -1.18908e-05 -5.86566e-06 -5.99157e-05 2.31516e-05 0.00170571 6.20128e-05 0.000106691 -0.000202151 -7.47949e-05 -1.80211e-05 5.86999e-05 0.000203405 -0.00016071 -0.000102134 0.000107332 -8.99588e-05 0.000351425 -0.000308261 0.000340213 -0.000167319 -8.22706e-05
internal_weight=202736 182084 142553 732 39531 21777 6583 5785 512 141821 138182 48270 89912 272 15194 12996 2198 20652 17754 9285 5595 3690 8469 2010 19924 240 798 728 6459 19688
internal_count=202736 182084 142553 732 39531 21777 6583 5785 512 141821 138182 48270 89912 272 15194 12996 2198 20652 17754 9285 5595 3690 8469 2010 19924 240 798 728 6459 19688
is_linear=0
shrinkage=0.02


Tree=288
num_leaves=31
num_cat=0
split_feature=42 42 33 45 10 41 24 6 10 9 7 45 13 6 36 9 10 10 44 21 44 41 36 27 20 9 42 10 5 10
split_gain=0.320899 0.408041 0.434587 0.411938 0.377796 0.433893 0.337964 0.370348 0.331513 0.323372 0.300571 0.289464 0.25009 0.247026 0.228978 0.216107 0.515805 0.212923 0.22495 0.190213 0.179835 0.175392 0.171383 0.270927 0.236199 0.170289 0.159456 0.156884 0.151348 0.159104
threshold=0.93019592196714684 0.12137031625240505 -0.013709362907245044 0.069119083368890277 6.8334999999999848 37.213938835292403 3.700000000004366 0.65431666666666677 23.613999999999987 1.7420000000000115 0.51456758544993997 0.025181807519144048 0.25573333333333165 -0.07333333333333357 25.500000000000004 23.580500000000018 82.286500000000004 5.428499999999989 0.013978003841388477 21.849999999998548 2.0986806385802028 74.108203255382918 27.500000000000004 -0.0073731648104535799 13.950000000004367 12.560500000000006 0.27005445454240834 61.751999999999988 -0.19879999999999923 -39.838500000000003
decision_type=2 2 2 2 2 2 2 2 2 2 2 2 2 2 2 2 2 2 2 2 2 2 2 2 2 2 2 2 2 2
left_child=1 15 3 10 26 -6 7 8 -4 28 -3 25 -9 21 20 22 27 -8 -19 -12 -15 -13 23 -1 -24 -11 -5 -17 29 -2
right_child=9 2 6 4 5 -7 17 12 -10 11 19 13 -14 14 -16 16 -18 18 -20 -21 -22 -23 24 -25 -26 -27 -28 -29 -30 -31
leaf_value=8.5498285624421115e-05 -0.0004759269803104905 0.0002497352138939245 -4.6472054394548509e-06 -2.9383916117064431e-05 -0.00074843453318743005 0.00048392407350255164 8.9415621228124915e-05 -0.00099139471555298019 8.6155914235727803e-05 -0.00013143143515251916 5.5715630631315815e-05 0.0012000129031091672 -0.00018527459922722486 3.1088827750627909e-06 0.000230502334107006 -0.00052863830328430718 0.00083660799665197445 0.00010871625536745946 0.00065470562922036375 0.00088994901487813541 -0.00047102760715214947 8.63565913830683e-05 -0.00049169641807492225 -7.1921925975598381e-05 -0.00010028462238794566 -0.00063524416773859936 0.00052442671559767165 -0.0014083914019312094 -0.00018292112234934244 0.00040461824673986366
leaf_weight=5795 108 7247 112983 2085 569 143 2357 165 18752 1846 7251 127 2297 5435 1857 381 104 539 686 111 340 102 762 17823 3234 314 231 103 8647 342
leaf_count=5795 108 7247 112983 2085 569 143 2357 165 18752 1846 7251 127 2297 5435 1857 381 104 539 686 111 340 102 762 17823 3234 314 231 103 8647 342
internal_value=3.81962e-14 8.11918e-06 2.08196e-05 0.000114295 -9.80122e-05 -0.000500924 8.85377e-06 3.73618e-06 8.27829e-06 -7.79804e-05 0.0001583 3.90294e-07 -0.0002393 5.67358e-05 3.73153e-05 -6.18702e-05 -0.000441273 0.00020058 0.00041447 6.82937e-05 -2.48056e-05 0.000703974 -5.37914e-05 -3.32967e-05 -0.000174923 -0.000204671 2.58537e-05 -0.000715858 -0.000164311 0.000193287
internal_weight=202736 183618 155416 17637 3028 712 137779 134197 131735 19118 14609 10021 2462 7861 7632 28202 588 3582 1225 7362 5775 229 27614 23618 3996 2160 2316 484 9097 450
internal_count=202736 183618 155416 17637 3028 712 137779 134197 131735 19118 14609 10021 2462 7861 7632 28202 588 3582 1225 7362 5775 229 27614 23618 3996 2160 2316 484 9097 450
is_linear=0
shrinkage=0.02


Tree=289
num_leaves=31
num_cat=0
split_feature=14 44 10 43 6 14 45 10 45 14 9 14 14 14 10 44 10 10 10 6 44 6 5 14 10 9 10 44 10 10
split_gain=0.312831 0.422868 0.534502 0.558506 0.520118 0.619805 0.575449 0.492633 0.577307 0.509113 0.446982 0.631265 0.657946 0.330041 0.349108 0.324313 0.319461 0.295356 0.388743 0.741679 0.318428 0.283755 0.264422 0.277182 0.23453 0.21701 0.206743 0.202425 0.188545 0.150656
threshold=0.16936666666666747 1.0856926487789889 -5.4410000000000132 12.740000000000874 0.088199999999999598 0.27740000000000176 0.055125819554200255 17.787999999999986 0.057748997619839183 0.70425000000000082 13.950500000000003 0.82336666666666825 0.6757000000000013 2.8280666666666687 91.561999999999998 2.8757842291610967 -43.957000000000008 91.561999999999998 51.214499999999994 1.3651333333333329 2.1876406604074967 1.0055833333333333 0.12250000000000159 0.77161666666666784 30.877499999999984 9.3770000000000078 53.005499999999991 -1.1044938010256755 -21.85100000000002 27.920499999999986
decision_type=2 2 2 2 2 2 2 2 2 2 2 2 2 2 2 2 2 2 2 2 2 2 2 2 2 2 2 2 2 2
left_child=25 2 10 4 5 -4 -6 9 -9 -5 22 12 -12 14 15 21 -13 18 20 -20 -15 -3 23 -2 -17 26 27 -1 -24 -29
right_child=1 13 3 7 6 -7 -8 8 -10 -11 11 16 -14 17 -16 24 -18 -19 19 -21 -22 -23 28 -25 -26 -27 -28 29 -30 -31
leaf_value=3.3682993659147518e-05 -2.6657287959688442e-05 -4.3084569224789635e-05 -1.385943402218373e-05 0.00022396666174444581 -0.0001032078466389395 0.00013235816244064395 9.4917280521405786e-05 0.00030553899555503956 -0.00047527815674858117 0.00092009492741023779 0.00038035277676206144 0.00027796420499164547 0.0017146570659839573 -0.00021236419380127333 0.00079171585118048213 -0.00017774245455300019 -0.00057663779368874837 -0.00054037942295576959 0.0017228564494469547 -0.0004030266450265947 0.00036767803108637645 -0.00066213340676828829 -3.3115840911926535e-05 0.00010023608866980078 -0.00061543393182296078 -0.00051595086294164549 -0.00072711768531941504 -9.0107102416977659e-05 -0.00017892333307334296 -0.00043502348612602158
leaf_weight=6346 40576 31386 17504 894 15482 34358 9439 1297 535 793 611 379 195 607 189 3334 325 199 181 103 1006 299 7387 8293 574 437 187 12467 6825 528
leaf_count=6346 40576 31386 17504 894 15482 34358 9439 1297 535 793 611 379 195 607 189 3334 325 199 181 103 1006 299 7387 8293 574 437 187 12467 6825 528
internal_value=2.18115e-15 8.21108e-06 2.37653e-05 5.82165e-05 4.69248e-05 8.30081e-05 -2.81666e-05 0.000304596 7.75165e-05 0.000551192 -1.90657e-05 0.00032099 0.000703168 -5.12878e-05 -6.55762e-05 -7.01285e-05 -0.000116561 0.000192638 0.000269533 0.00095185 0.000149398 -4.89263e-05 -2.72058e-05 -5.12366e-06 -0.00024203 -7.51689e-05 -6.5305e-05 -5.89062e-05 -0.000103137 -0.000104121
internal_weight=202736 182771 144893 80302 76783 51862 24921 3519 1832 1687 64591 1510 806 37878 35782 35593 704 2096 1897 284 1613 31685 63081 48869 3908 19965 19528 19341 14212 12995
internal_count=202736 182771 144893 80302 76783 51862 24921 3519 1832 1687 64591 1510 806 37878 35782 35593 704 2096 1897 284 1613 31685 63081 48869 3908 19965 19528 19341 14212 12995
is_linear=0
shrinkage=0.02


Tree=290
num_leaves=31
num_cat=0
split_feature=7 14 10 10 6 5 10 4 12 10 34 17 11 11 35 5 45 10 7 14 34 4 34 5 14 10 34 13 14 13
split_gain=0.315371 0.559119 0.897535 0.829401 0.704322 0.548191 0.369341 0.369119 0.341635 0.329448 0.746707 0.312494 0.602572 0.565025 0.218407 0.190976 0.295184 0.323523 0.249839 0.237324 0.216777 0.22536 0.202751 0.196656 0.182024 0.17741 0.168887 0.138228 0.123704 0.127534
threshold=1.5781378266207933 0.95460000000000134 -166.39949999999996 -72.730999999999995 0.65431666666666677 -0.03940000000000022 66.272499999999994 0.34660000000000241 0.63380000000000336 104.706 -0.0024842186560654722 0.56312331707353636 0.34550000000000008 0.22250000000000006 14.86000000000786 -0.24089999999999848 0.021502557962983615 22.170499999999986 9.6317160962226378 0.87030000000000085 0.0059568427115966041 -0.50299999999999734 -0.030947919794820946 -0.82029999999999836 2.0424500000000019 -52.575499999999998 0.035570796605549411 0.23070000000000027 3.7055333333333342 0.61980000000000002
decision_type=2 2 2 2 2 2 2 2 2 2 2 2 2 2 2 2 2 2 2 2 2 2 2 2 2 2 2 2 2 2
left_child=1 2 -1 26 5 7 -7 -5 27 11 -11 13 -13 -4 15 20 17 25 22 -19 -2 23 -18 -22 -10 -17 28 -6 29 -3
right_child=14 3 9 4 8 6 -8 -9 24 10 -12 12 -14 -15 -16 16 18 19 -20 -21 21 -23 -24 -25 -26 -27 -28 -29 -30 -31
leaf_value=0.0012791768524853444 -5.6287180293803329e-05 0.00019663800227354809 -1.7253391052726255e-06 0.00040914706186454604 -0.00092995703728088446 6.2426983450660279e-05 0.00062810790603026658 -0.00015918707289785462 -0.00014377127816515625 -0.00034532260447319818 0.0017467650740053851 -0.00020324645243294251 -1.6034552562640266e-05 0.00016067453079946111 0.00037087081610032472 -0.00070069494820957073 -0.00044426752926308879 -0.00029944301986902514 -0.00075699683947389796 -0.0011397278855540067 0.00077638648404584583 -0.0004344981286077184 -4.5542112807328269e-05 0.00016690958579258425 0.0004238472987942389 -0.00011498289407623257 0.00015153775676368658 -0.00029308667186153892 0.00014499899266433926 -0.00038250036143876106
leaf_weight=218 7896 166 109378 5695 155 6331 498 497 456 138 135 8430 37331 9298 429 246 547 238 219 309 300 173 7567 720 448 1300 429 1131 242 1816
leaf_count=218 7896 166 109378 5695 155 6331 498 497 456 138 135 8430 37331 9298 429 246 547 238 219 309 300 173 7567 720 448 1300 429 1131 242 1816
internal_value=7.16284e-14 8.23955e-06 -3.27232e-06 0.000114522 0.000171435 0.000227248 0.000103679 0.00036353 -0.000160411 -4.96969e-06 0.000689226 -6.1222e-06 -5.05224e-05 1.09983e-05 -7.55176e-05 -8.53306e-05 -0.000143747 -0.000356088 -9.04133e-05 -0.000774119 -1.83211e-05 0.000232961 -7.24219e-05 0.000346167 0.000137526 -0.000208182 -0.00021179 -0.000369848 -0.000281875 -0.000333995
internal_weight=202736 182792 164928 17864 15211 13021 6829 6192 2190 164710 273 164437 45761 118676 19944 19515 10426 2093 8333 547 9089 1193 8114 1020 904 1546 2653 1286 2224 1982
internal_count=202736 182792 164928 17864 15211 13021 6829 6192 2190 164710 273 164437 45761 118676 19944 19515 10426 2093 8333 547 9089 1193 8114 1020 904 1546 2653 1286 2224 1982
is_linear=0
shrinkage=0.02


Tree=291
num_leaves=31
num_cat=0
split_feature=34 6 9 45 14 14 13 9 45 9 10 10 15 44 14 45 10 14 34 6 10 10 10 34 9 6 6 6 41 44
split_gain=0.306462 0.416649 0.594539 1.40168 1.29542 0.973402 0.772489 0.552806 0.531234 1.05081 1.17189 0.907368 0.498451 0.474038 0.770112 0.355762 0.651929 0.34936 0.826402 0.404057 0.795814 0.697282 0.381836 0.342084 0.317219 0.314018 0.263429 0.210612 0.27555 0.25886
threshold=0.070202806751051852 0.21416666666666598 3.182000000000015 0.027136452172084224 1.5994166666666678 0.3253666666666678 1.1463000000000012 17.954500000000014 0.021843606363566182 -11.218499999999988 -37.220500000000008 1.2914999999999763 1.0543608490431582 -0.81930252960381511 0.95460000000000134 0.020157626970778383 24.14449999999999 1.1814666666666676 -0.02285948758854071 0.46673333333333294 -7.5835000000000106 43.516499999999986 -68.760000000000005 -0.00574187746612173 3.7150000000000118 0.3070166666666661 -0.11619999999999982 -0.010066666666667111 74.108203255382918 -0.57678009738607139
decision_type=2 2 2 2 2 2 2 2 2 2 2 2 2 2 2 2 2 2 2 2 2 2 2 2 2 2 2 2 2 2
left_child=1 2 8 6 5 -5 7 -4 9 10 -1 -11 -6 14 -10 16 24 18 25 20 -19 -21 -20 -15 -3 -17 -8 -2 -29 -30
right_child=27 15 3 4 12 -7 26 -9 13 11 -12 -13 -14 23 -16 17 -18 19 22 21 -22 -23 -24 -25 -26 -27 -28 28 29 -31
leaf_value=-9.0597465138429048e-05 -0.00025339285230753327 0.00027741222255285347 -3.7858417858014631e-05 -3.4812843375558568e-06 0.0019825000609415182 0.00022722440758107272 -0.00015398310298218548 -0.00061501960038758097 5.2819494834347306e-06 -7.153893414584197e-05 0.00063952032992495604 0.00015152409964721216 0.00066472238078325364 -0.00010704410845956185 0.00044339925771008225 -0.00053757002420341555 -0.0006563457685032913 -0.00031615578302595206 0.00064088881246733749 -0.00031706427201323598 0.00073292801087702355 0.00034060451913202366 -8.7182226614672821e-05 -1.9645169523434403e-05 -0.0002194977818363554 -0.0016845388689997998 -0.0010803691015950894 0.00062293250406105795 0.00071396553987103557 6.3396448458978761e-05
leaf_weight=1396 370 697 10864 12824 186 17030 173 707 28390 18684 2376 11966 300 36829 1701 239 1166 424 295 1468 910 1150 12374 34878 1956 159 423 629 281 1891
leaf_count=1396 370 697 10864 12824 186 17030 173 707 28390 18684 2376 11966 300 36829 1701 239 1166 424 295 1468 910 1150 12374 34878 1956 159 423 629 281 1891
internal_value=1.0513e-13 -3.09962e-06 6.76785e-06 7.20682e-05 0.000144797 0.000128123 -0.000109291 -7.31236e-05 -1.36089e-05 5.43121e-05 0.000369307 1.55466e-05 0.00116906 -3.65757e-05 3.00481e-05 -8.77326e-05 -0.000262184 -4.85864e-05 -9.84198e-05 0.000116184 0.000399486 -2.81723e-05 -7.0229e-05 -6.45336e-05 -8.89489e-05 -0.000995781 -0.000811468 0.000195073 0.000254313 0.000147563
internal_weight=202736 199565 178727 42507 30340 29854 12167 11571 136220 34422 3772 30650 486 101798 30091 20838 3819 17019 13067 3952 1334 2618 12669 71707 2653 398 596 3171 2801 2172
internal_count=202736 199565 178727 42507 30340 29854 12167 11571 136220 34422 3772 30650 486 101798 30091 20838 3819 17019 13067 3952 1334 2618 12669 71707 2653 398 596 3171 2801 2172
is_linear=0
shrinkage=0.02


Tree=292
num_leaves=31
num_cat=0
split_feature=7 43 10 44 13 44 44 7 34 5 10 5 45 10 5 10 44 29 45 14 7 42 10 6 5 15 14 43 10 10
split_gain=0.311859 0.665199 0.608689 0.738667 0.823121 0.784859 0.871643 0.486074 0.404378 0.518203 0.482937 0.636168 0.41754 0.369721 0.397888 0.366655 0.563982 0.369604 0.352786 0.339524 0.296573 0.292116 0.259284 0.323023 0.305059 0.272548 0.327383 0.257206 0.253655 0.252064
threshold=0.63845653727725982 5.1000000000014554 61.751999999999988 -0.7801819440857708 0.52593333333333281 0.67712084421096164 1.134769847281498 0.29370520933833422 -0.02285948758854071 -0.33119999999999755 17.378499999999985 -0.47639999999999938 0.049369723846835904 24.69499999999999 0.19560000000000052 104.706 1.134769847281498 -0.053227891559542988 0.073196763553786959 0.93891666666666773 9.6317160962226378 0.31659959221068362 -25.056000000000012 -0.033600000000000567 -0.5419499999999996 0.95631872217762437 0.72748333333333404 28.550000000000001 -30.662500000000012 24.14449999999999
decision_type=2 2 2 2 2 2 2 2 2 2 2 2 2 2 2 2 2 2 2 2 2 2 2 2 2 2 2 2 2 2
left_child=1 -1 7 4 -4 -5 -7 13 10 22 27 12 19 28 -15 17 -17 -11 21 -12 -19 -13 23 -10 -25 26 -24 -2 -3 -27
right_child=8 2 3 5 -6 6 -8 -9 9 15 11 18 -14 14 -16 16 -18 20 -20 -21 -22 -23 25 24 -26 29 -28 -29 -30 -31
leaf_value=-9.912088400537886e-06 -9.2090295198483572e-05 0.00030232219633113489 0.00043502244511384424 -0.00024681079835236054 0.0028707235619479504 0.0025228152083525178 0.00043028163486327108 1.3513239238098259e-05 -0.00012129497799837068 0.00092727672329728414 -0.00026401761794314269 -0.00057593609951021049 -0.00053186287807646042 0.00056832864431976366 -0.00022734316101951084 0.0012189405818615075 -0.00055955896452223046 -3.7232523571984831e-05 -0.0014019261959644306 0.0006959562554712279 -0.00064650782846385811 0.00041430918197147545 0.00021310679256993323 0.0014555598819561914 7.2152645243477311e-05 0.00024752948792408636 0.00093564105092842692 0.00033562810557149147 8.1625077782081454e-05 -0.0001424684604427495
leaf_weight=98977 12904 2600 119 510 104 102 363 21483 1876 158 232 1429 329 1476 303 218 106 42333 192 404 322 130 580 106 160 2848 442 588 10478 864
leaf_count=98977 12904 2600 119 510 104 102 363 21483 1876 158 232 1429 329 1476 303 218 106 42333 192 404 322 130 580 106 160 2848 442 588 10478 864
internal_value=-2.98789e-14 1.72763e-05 8.89644e-05 0.000532528 0.00157095 0.000295021 0.000889289 7.43417e-05 -3.56153e-05 -7.48013e-06 -0.000122432 -0.000365755 4.6561e-05 0.000162299 0.00043281 -3.3183e-05 0.000637086 -3.82554e-05 -0.000592988 0.000345777 -4.18319e-05 -0.000493363 0.000153768 -2.88121e-05 0.000623435 0.000236381 0.000525592 -7.34497e-05 0.000125501 0.000156754
internal_weight=202736 136515 37538 1198 223 975 465 36340 66221 50013 16208 2716 965 14857 1779 43137 324 42813 1751 636 42655 1559 6876 2142 266 4734 1022 13492 13078 3712
internal_count=202736 136515 37538 1198 223 975 465 36340 66221 50013 16208 2716 965 14857 1779 43137 324 42813 1751 636 42655 1559 6876 2142 266 4734 1022 13492 13078 3712
is_linear=0
shrinkage=0.02


Tree=293
num_leaves=31
num_cat=0
split_feature=42 32 43 4 9 7 43 10 9 44 36 41 10 14 5 10 9 43 9 29 6 14 10 6 44 14 15 14 6 5
split_gain=0.306671 0.45019 0.345727 0.334207 0.313196 0.296656 0.561967 0.483043 0.887094 0.362871 0.245064 0.239175 0.381345 0.359053 0.264391 0.267918 0.205562 0.189217 0.20883 0.173951 0.170509 0.223698 0.165487 0.151263 0.201533 0.149995 0.142935 0.18828 0.193107 0.141631
threshold=0.93019592196714684 0.004538639847364587 18.719999999999711 0.40200000000000297 1.7420000000000115 0.63845653727725982 2.3999999999985451 29.345499999999983 -1.301499999999997 -0.72925195671543275 25.500000000000004 32.561240336825499 24.69499999999999 1.3451000000000015 -0.18100000000000002 -23.689500000000013 29.056500000000007 4.3800000000002912 -0.34100000000000336 0.0156305258550038 0.39646666666666613 1.0652500000000014 15.847499999999982 0.24796666666666642 1.454386659822011 0.87030000000000085 7.2229586547185534 1.4308666666666683 0.59236666666666704 -0.19879999999999923
decision_type=2 2 2 2 2 2 2 2 2 2 2 2 2 2 2 2 2 2 2 2 2 2 2 2 2 2 2 2 2 2
left_child=1 5 3 17 29 6 16 9 -9 -8 20 12 25 -14 15 -13 22 -3 -19 -5 21 -6 -1 -4 -25 -7 27 -12 -29 -2
right_child=4 2 23 19 10 11 7 8 -10 -11 26 14 13 -15 -16 -17 -18 18 -20 -21 -22 -23 -24 24 -26 -27 -28 28 -30 -31
leaf_value=-5.6816823443638267e-05 0.00018473480822997065 2.4985434103143222e-05 0.00025392405771631956 -0.00016508939359770965 -3.7698791173870359e-05 -0.00011825639549335925 0.00010859996148028152 -0.0001276893710815367 0.00035951581086277051 -4.059591478480387e-06 0.00015215264177994453 -8.2129760358293891e-05 -0.00052665665469658418 0.00011953330485701238 -5.9452246961818514e-05 0.00014141198152265846 -0.00057367813743241646 6.6440030834157555e-05 0.00021191713609782799 5.9513454048702781e-05 -0.00031259578416550844 0.00071007602118653465 4.206574479032256e-05 0.0011976320257696992 0.00027916928555350755 3.6572699468664062e-05 -0.00039608118205290775 0.0013763183848627748 0.00028146604357364899 -0.00017919618862401068
leaf_weight=36685 450 10522 1054 3520 6598 9303 16558 2171 4800 36970 1929 3196 1492 447 19858 6519 289 8452 7405 2268 900 164 8302 183 200 3424 161 107 162 8647
leaf_count=36685 450 10522 1054 3520 6598 9303 16558 2171 4800 36970 1929 3196 1492 447 19858 6519 289 8452 7405 2268 900 164 8302 183 200 3424 161 107 162 8647
internal_value=-1.04605e-14 7.93714e-06 7.41041e-05 6.05452e-05 -7.62319e-05 -6.88463e-06 1.13041e-05 5.11839e-05 0.000207784 3.07898e-05 8.95777e-07 -5.03736e-05 -0.000116409 -0.00037769 -1.7625e-05 6.78722e-05 -4.19845e-05 9.07424e-05 0.000134376 -7.70798e-05 -5.39833e-05 -1.95629e-05 -3.85688e-05 0.000377618 0.000718017 -7.66021e-05 0.000179142 0.000221277 0.000716965 -0.000161194
internal_weight=202736 183618 33604 32167 19118 150014 105775 60499 6971 53528 10021 44239 14666 1939 29573 9715 45276 26379 15857 5788 7662 6762 44987 1437 383 12727 2359 2198 269 9097
internal_count=202736 183618 33604 32167 19118 150014 105775 60499 6971 53528 10021 44239 14666 1939 29573 9715 45276 26379 15857 5788 7662 6762 44987 1437 383 12727 2359 2198 269 9097
is_linear=0
shrinkage=0.02


Tree=294
num_leaves=31
num_cat=0
split_feature=44 10 44 9 44 9 14 9 42 9 44 29 9 14 9 5 14 10 9 45 9 10 9 45 45 9 45 24 14 9
split_gain=0.305995 0.449854 1.43952 0.887087 0.775023 0.963014 0.795099 0.753036 0.615104 0.508908 0.486872 0.418386 0.383662 0.345595 0.327946 0.321983 0.457299 0.600606 0.370754 0.254138 0.228359 0.234979 0.337491 0.376682 0.21619 0.206662 0.193191 0.189283 0.173449 0.206441
threshold=1.9357725258906862 44.904999999999994 0.59587910656819698 55.303000000000004 1.0363801510215607 -3.4949999999999881 0.53146666666666698 13.950500000000003 0.62389174210698084 -2.726999999999991 -1.7124149432366236 0.088997002591817434 21.07200000000001 0.33450000000000019 -75.306499999999971 0.086650000000001712 0.3072666666666678 -7.1160000000000165 18.799500000000009 0.080086786754375194 55.303000000000004 55.133999999999993 3.3540000000000152 0.063868320146795513 0.036283128646484607 9.1255000000000077 0.061214456616367513 1.6500000000014554 2.8280666666666687 23.580500000000018
decision_type=2 2 2 2 2 2 2 2 2 2 2 2 2 2 2 2 2 2 2 2 2 2 2 2 2 2 2 2 2 2
left_child=1 3 10 15 5 -4 9 -8 -7 -6 13 12 -12 -3 24 16 18 -18 -1 27 21 28 -23 -24 -2 -21 -22 -17 -16 -30
right_child=14 2 4 -5 6 8 7 -9 -10 -11 11 -13 -14 -15 20 19 17 -19 -20 25 26 22 23 -25 -26 -27 -28 -29 29 -31
leaf_value=-2.1239826760087245e-05 0.0011029161716272172 -6.1502037942409517e-05 0.0025226638038094119 -0.0015373115968347218 -0.0014821469048971372 0.0013068948632387687 0.0012193603614112113 0.00020820738743900841 9.8947016335192273e-05 -5.2349785027235711e-06 9.7231987736651301e-06 0.00091013033598244118 -0.00037726483158289785 0.001446555728243003 -0.00010341910939847375 -5.7744323390663459e-05 -5.6810979942907735e-06 0.00011199555071026626 -0.0007588416425618309 4.2495588359520208e-05 -5.6721131490721456e-05 -0.0014901385137013026 -0.00056340656919203825 0.00041944584330027185 0.00017686501663569817 0.00046922185131002266 0.00084761930814972837 0.00012516991367571265 0.00035603861473817799 -0.00058468648038846865
leaf_weight=52790 133 100 146 150 121 354 466 801 322 408 5814 183 1244 155 15017 47971 34823 34573 274 1474 191 105 542 219 417 656 187 2375 615 110
leaf_count=52790 133 100 146 150 121 354 466 801 322 408 5814 183 1244 155 15017 47971 34823 34573 274 1474 191 105 542 219 417 656 187 2375 615 110
internal_value=1.19327e-13 7.56078e-06 0.000137252 6.90697e-08 0.000540997 0.00104965 0.000308196 0.000580107 0.000731511 -0.000343054 -3.7576e-06 -3.40054e-05 -5.84849e-05 0.000855161 -7.98504e-05 1.38731e-06 1.91492e-05 5.29453e-05 -2.50485e-05 -4.00626e-05 -9.54137e-05 -0.000106477 -0.00042722 -0.000280562 0.000400801 0.000173919 0.000390664 -4.91156e-05 -8.88322e-05 0.000213308
internal_weight=202736 185200 10114 175086 2618 822 1796 1267 676 529 7496 7241 7058 255 17536 174936 122460 69396 53064 52476 16986 16608 866 761 550 2130 378 50346 15742 725
internal_count=202736 185200 10114 175086 2618 822 1796 1267 676 529 7496 7241 7058 255 17536 174936 122460 69396 53064 52476 16986 16608 866 761 550 2130 378 50346 15742 725
is_linear=0
shrinkage=0.02


Tree=295
num_leaves=31
num_cat=0
split_feature=15 14 10 10 6 14 9 44 44 10 14 10 10 34 17 11 11 12 44 9 45 35 10 20 45 6 10 44 14 10
split_gain=0.30307 0.464414 0.878152 0.838554 0.611395 0.501897 1.67944 0.618151 0.400296 0.422701 0.510129 0.375522 0.340687 0.720503 0.326851 0.946834 0.543137 0.28018 0.256294 0.169219 0.22913 0.165698 0.159147 0.278699 0.142667 0.246034 0.217252 0.138016 0.32137 0.13474
threshold=2.3220777869871951 0.95460000000000134 -166.39949999999996 -72.730999999999995 0.65431666666666677 1.5994166666666678 -5.0919999999999828 -1.0908369750274989 0.63687987257555367 -138.12749999999997 1.7400000000000009 44.904999999999994 104.706 -0.0024842186560654722 0.31159491720639748 0.12050000000000002 0.23150000000000007 0.75519999999999898 -0.012900324672015098 -75.306499999999971 0.047877966658491887 14.86000000000786 61.751999999999988 7.8499999999985457 0.02581645090931815 -0.27451666666666646 -7.1160000000000165 1.5862500858195583 1.5994166666666678 53.005499999999991
decision_type=2 2 2 2 2 2 2 2 2 2 2 2 2 2 2 2 2 2 2 2 2 2 2 2 2 2 2 2 2 2
left_child=1 2 -1 8 5 7 -7 -5 9 10 -3 18 14 -14 15 -4 -16 -13 -6 20 -10 22 24 -24 25 26 -2 28 -25 -26
right_child=21 3 12 4 11 6 -8 -9 19 -11 -12 17 13 -15 16 -17 -18 -19 -20 -21 -22 -23 23 27 29 -27 -28 -29 -30 -31
leaf_value=0.0012467423656250633 -0.00013866168404506012 0.0004684601030040947 -5.6344885688937113e-06 0.00061422323449245063 -0.00077604683512118734 3.439500366391532e-05 0.00092194177679211784 8.9444990575703148e-05 0.00099135453926430298 -0.00070449284082069858 -0.00052929724464039472 -0.00017964253943731124 -0.0003414289770264894 0.0016843565192702064 -0.00015295886343361155 0.0001944059408339969 -1.2591174338891629e-05 0.00045500255042122328 -0.00018124795965588419 -6.9526904018893067e-05 -9.4514036865172953e-05 0.00033824319368794774 -0.00082630856931703459 -0.0003909117202939732 -6.3327059631015253e-05 -0.00034101681417130484 0.00061433430665659271 -0.0004720617307065201 0.0011233447209959572 0.0004673528032079197
leaf_weight=224 495 373 92909 984 408 2016 1478 10255 158 909 455 556 138 143 13964 10538 52415 557 1000 1133 153 339 330 126 8114 1878 222 169 101 196
leaf_count=224 495 373 92909 984 408 2016 1478 10255 158 909 455 556 138 143 13964 10538 52415 557 1000 1133 153 339 330 126 8114 1878 222 169 101 196
internal_value=2.36584e-14 6.12537e-06 -4.68331e-06 9.62185e-05 0.000151229 0.000200477 0.000409837 0.000135391 -0.000202163 -0.000406723 -7.98244e-05 -0.000136581 -6.33121e-06 0.000689487 -7.48253e-06 1.47433e-05 -4.212e-05 0.000137965 -0.000353604 4.39054e-05 0.000457149 -9.76201e-05 -0.000110324 -0.000397049 -9.12352e-05 -0.000220688 9.44835e-05 -3.93321e-05 0.000282832 -5.08104e-05
internal_weight=202736 190766 170331 20435 17254 14733 3494 11239 3181 1737 828 2521 170107 281 169826 103447 66379 1113 1408 1444 311 11970 11631 726 10905 2595 717 396 227 8310
internal_count=202736 190766 170331 20435 17254 14733 3494 11239 3181 1737 828 2521 170107 281 169826 103447 66379 1113 1408 1444 311 11970 11631 726 10905 2595 717 396 227 8310
is_linear=0
shrinkage=0.02


Tree=296
num_leaves=31
num_cat=0
split_feature=1 42 34 17 20 34 32 41 45 6 24 44 10 6 0 45 13 6 10 37 13 6 6 10 6 44 34 45 44 12
split_gain=0.298692 0.332847 0.65119 0.570333 0.516955 0.411589 0.308823 0.308778 0.304846 0.295457 0.287879 0.277694 0.292159 0.273888 0.262896 0.262606 0.242065 0.228803 0.212634 0.296729 0.273963 0.469448 0.313304 0.247377 0.383728 0.243878 0.205093 0.344931 0.181582 0.178652
threshold=0.002436424603288002 0.81202148517555683 0.01078891290973852 0.56312331707353636 6.3499999999985457 0.02577650342509585 0.022033596777724925 60.504201678300419 0.032542554187190841 0.2643333333333327 3.3499999999985453 1.9726424791559014 27.920499999999986 0.22631666666666642 -0.19349999999999992 0.065079365079300386 0.40673333333333578 -0.055966666666667178 61.751999999999988 0.0049838709674839233 0.57233333333333469 0.086133333333333326 -0.09336666666666639 49.269499999999994 -0.12661666666666707 0.05515239103488221 -0.0095901530654452973 0.060929378653718592 1.009920957945192 0.20340000000000866
decision_type=2 2 2 2 2 2 2 2 2 2 2 2 2 2 2 2 2 2 2 2 2 2 2 2 2 2 2 2 2 2
left_child=13 2 3 4 9 16 14 15 -7 -2 -6 12 -10 18 -5 28 -3 -17 23 -20 22 -22 -21 26 -25 -26 29 -28 -4 -1
right_child=1 5 7 6 10 8 -8 -9 11 -11 -12 -13 -14 -15 -16 17 -18 -19 19 20 21 -23 -24 24 25 -27 27 -29 -30 -31
leaf_value=1.9300496233737848e-07 3.647211138675093e-05 -5.4664540977810478e-05 0.00025460292894488286 1.4546304365218631e-05 0.00017169462174421407 -8.2188403113377348e-05 0.00041560524331139218 7.8603091629015742e-05 7.772391173117614e-05 -0.00024164315501219228 0.00060635653923621737 -0.00017850248464455453 0.00035663838364162373 -0.00017566481606118013 -0.00011242753885658002 0.0011953720672947406 -0.0002172411137217082 0.00039748797181879316 0.00066619682226242479 -0.0012851279545258662 0.000507824930085181 -0.0011072444797493519 -0.00035373301991388544 -0.00036945281702144479 0.00028306012436603295 0.0010830125356350389 -2.4476834123919977e-05 0.00012639985897331914 5.4877730176424263e-06 -0.00010604696544111168
leaf_weight=10408 43167 11251 4177 9977 5878 6115 537 12236 8086 1584 680 1327 1845 5053 18838 163 5432 1218 117 204 257 100 495 248 460 228 27054 7811 1626 16164
leaf_count=10408 43167 11251 4177 9977 5878 6115 537 12236 8086 1584 680 1327 1845 5053 18838 163 5432 1218 117 204 257 100 495 248 460 228 27054 7811 1626 16164
internal_value=1.23537e-13 1.73604e-05 3.57385e-05 1.07062e-05 5.09301e-05 -3.66475e-05 -5.96076e-05 0.00013971 3.14867e-05 2.6628e-05 0.000216765 9.32315e-05 0.000129541 -3.39462e-05 -6.84637e-05 0.00024379 -0.0001076 0.000491663 -2.26772e-05 -0.000289456 -0.000395338 5.54245e-05 -0.000625556 -1.76601e-05 0.000305032 0.000548161 -2.25763e-05 9.32491e-06 0.000184801 -6.44338e-05
internal_weight=202736 134137 100081 80661 51309 34056 29352 19420 17373 44751 6558 11258 9931 68599 28815 7184 16683 1381 63546 1173 1056 357 699 62373 936 688 61437 34865 5803 26572
internal_count=202736 134137 100081 80661 51309 34056 29352 19420 17373 44751 6558 11258 9931 68599 28815 7184 16683 1381 63546 1173 1056 357 699 62373 936 688 61437 34865 5803 26572
is_linear=0
shrinkage=0.02


Tree=297
num_leaves=31
num_cat=0
split_feature=41 34 29 45 45 6 10 9 10 14 29 34 7 43 33 45 10 10 6 45 9 33 9 29 9 10 34 33 4 9
split_gain=0.293909 0.420086 1.13704 1.19935 0.706799 0.730772 0.686647 0.556778 0.472899 0.432066 0.410029 0.791093 0.575469 0.399226 0.369019 0.346248 0.317472 0.300269 0.269975 0.229524 0.301553 0.223751 0.199676 0.198238 0.193969 0.184486 0.180351 0.118939 0.117143 0.111603
threshold=89.613887493543857 -0.0037422783688507936 -0.012453772933745942 0.07176771542558559 0.068453763641211987 0.094483333333333128 28.566499999999987 13.4435 16.207999999999984 0.35111666666666758 -0.027792390267122876 -0.02285948758854071 0.20736863302991135 19.539999999997963 -0.0050390432776607407 0.055125819554200255 2.4019999999999833 36.687999999999988 0.28451666666666625 0.055998959094736192 -2.726999999999991 0.0017164644526994506 17.954500000000014 -0.023744915482354353 -4.4680000000000062 46.280999999999985 -0.022374440849724644 -0.0026198992943372158 0.47580000000000128 10.170500000000009
decision_type=2 2 2 2 2 2 2 2 2 2 2 2 2 2 2 2 2 2 2 2 2 2 2 2 2 2 2 2 2 2
left_child=1 4 19 14 10 7 26 8 -6 24 11 12 -1 -13 15 -4 -16 -11 25 22 27 -20 28 -22 -5 -12 -7 -21 -3 -2
right_child=29 2 3 9 5 6 -8 -9 -10 17 18 13 -14 -15 16 -17 -18 -19 21 20 23 -23 -24 -25 -26 -27 -28 -29 -30 -31
leaf_value=0.00020597043888708703 -7.9730954927145127e-05 0.00032493162799669337 5.4726310837030659e-05 -0.00034325999322049668 -8.5935992357249647e-05 -0.00097731688748157021 -0.0019612241418557183 0.0013450929033343943 -0.00044150875912386827 0.0002585494735127061 -4.1133265061969654e-05 0.000227246197419237 -4.9048126785094435e-05 0.0014262414356102278 -5.2867398183034166e-05 0.00038505122218240618 2.6018227644216083e-05 0.0006242626320819779 -0.00043364167850247324 0.00059006332141652181 0.0013125850272149909 0.00037647313026424779 -0.00029973163154961178 0.00060076842692484075 0.00010711975978143754 0.00016591469325233734 -0.00025578968470662655 -0.00021073498723833635 -0.00014142415352852097 -0.00027142006746003601
leaf_weight=4379 8077 3200 5393 421 11818 194 149 103 1713 5404 40403 6545 18462 113 46470 1660 36384 1077 1084 113 209 156 243 623 4183 1798 485 216 231 1430
leaf_count=4379 8077 3200 5393 421 11818 194 149 103 1713 5404 40403 6545 18462 113 46470 1660 36384 1077 1084 113 209 156 243 623 4183 1798 485 216 231 1430
internal_value=4.89678e-14 5.34142e-06 3.21409e-05 1.77967e-05 -2.71075e-05 -0.000154836 -0.000731739 -0.0001198 -0.000130951 0.000214082 -1.78257e-06 5.57615e-05 -1.56822e-07 0.000247596 -6.40414e-06 0.000132472 -1.8226e-05 0.000319323 -4.08584e-05 0.000331757 0.000576888 -0.000331724 0.000254294 0.000779578 6.5936e-05 -3.23119e-05 -0.00046194 6.43112e-05 0.000293533 -0.000108564
internal_weight=202736 193229 105827 100992 87402 14462 828 13634 13531 11085 72940 29499 22841 6658 89907 7053 82854 6481 43441 4835 1161 1240 3674 832 4604 42201 679 329 3431 9507
internal_count=202736 193229 105827 100992 87402 14462 828 13634 13531 11085 72940 29499 22841 6658 89907 7053 82854 6481 43441 4835 1161 1240 3674 832 4604 42201 679 329 3431 9507
is_linear=0
shrinkage=0.02


Tree=298
num_leaves=31
num_cat=0
split_feature=44 10 44 6 14 6 10 44 34 14 10 6 14 14 10 10 44 6 10 6 34 14 10 44 44 7 10 44 44 10
split_gain=0.296162 0.414672 1.37331 1.18442 0.524095 1.38122 1.10407 0.468567 0.451663 0.340447 1.00139 0.501052 0.331717 0.323638 0.752683 0.646572 0.600623 0.59914 0.494908 0.388339 0.320903 0.280769 0.328073 0.238624 0.226474 0.213477 0.181033 0.408756 0.196167 0.161804
threshold=1.9357725258906862 44.904999999999994 0.59587910656819698 -0.46740000000000015 0.53146666666666698 0.14799999999999913 66.272499999999994 -1.7124149432366236 0.070202806751051852 2.8280666666666687 14.77249999999998 0.29598333333333293 0.33450000000000019 0.71128333333333471 -80.640000000000001 -72.730999999999995 -0.94839301659854947 -0.12133333333333372 -138.12749999999997 0.25593333333333373 -0.019923202489511162 2.8280666666666687 66.272499999999994 2.5272667440274499 3.1601215743280169 1.6652102119111807 4.6739999999999915 2.7704034032640541 2.1876406604074967 46.280999999999985
decision_type=2 2 2 2 2 2 2 2 2 2 2 2 2 2 2 2 2 2 2 2 2 2 2 2 2 2 2 2 2 2
left_child=1 9 7 -4 6 -6 -5 12 20 13 11 -11 -3 14 16 18 -1 -17 -15 -16 -9 24 26 -24 -2 -10 28 -28 -23 -26
right_child=21 2 3 4 5 -7 -8 8 25 10 -12 -13 -14 15 19 17 -18 -19 -20 -21 -22 22 23 -25 29 -27 27 -29 -30 -31
leaf_value=-0.00023436633233809502 -7.104060070891738e-05 -6.1225606175139554e-05 0.0026390846677161023 0.00079231292997352103 0.0013334976461381197 0.00017664592334459679 -0.00070237300613618439 -0.00032422176976118331 0.0015512783963524271 -0.0003269128291244386 -0.0019298538622324881 0.00071079197420162151 0.0014162419603071024 9.896465230770237e-05 -7.1280403927896356e-06 0.00021004779737223249 0.00082534525268551694 1.3651758408128657e-05 -0.00039865351848359959 -0.00018789334478454142 7.2721256012889266e-06 -0.00063494221635315067 -0.0012063432488590481 -2.4652320266964293e-05 -0.00023193337787963386 0.00026009635795794781 0.0014872818904935032 3.652825400058646e-05 0.0002862373943311167 -0.00083894586704187342
leaf_weight=299 13455 100 102 380 685 1039 412 1479 100 994 138 229 155 1339 139114 10948 752 14367 1984 4922 5557 104 100 216 2326 105 151 160 834 190
leaf_count=299 13455 100 102 380 685 1039 412 1479 100 994 138 229 155 1339 139114 10948 752 14367 1984 4922 5557 104 100 216 2326 105 151 160 834 190
internal_value=3.39314e-14 7.43831e-06 0.000131955 0.000526306 0.000440653 0.0006363 1.47743e-05 -5.77373e-06 -3.54474e-05 2.45515e-07 -0.000314842 -0.000132608 0.000836843 2.71398e-06 -9.41392e-06 6.41568e-05 0.000523867 9.85873e-05 -0.000198139 -1.33052e-05 -6.24094e-05 -7.8557e-05 0.000177094 -0.000398605 -0.000103608 0.000889941 0.000322748 0.000740913 0.000184102 -0.000277773
internal_weight=202736 185200 10114 2618 2516 1724 792 7496 7241 175086 1361 1223 255 173725 145087 28638 1051 25315 3323 144036 7036 17536 1565 316 15971 205 1249 311 938 2516
internal_count=202736 185200 10114 2618 2516 1724 792 7496 7241 175086 1361 1223 255 173725 145087 28638 1051 25315 3323 144036 7036 17536 1565 316 15971 205 1249 311 938 2516
is_linear=0
shrinkage=0.02


Tree=299
num_leaves=31
num_cat=0
split_feature=7 43 34 6 9 45 45 9 45 44 9 5 9 44 6 42 34 44 43 31 13 12 9 45 9 7 9 44 35 6
split_gain=0.290702 0.463512 0.3179 0.550187 0.450028 1.13195 0.58728 0.291257 0.398772 0.27818 0.393695 0.380526 0.731909 0.266073 0.280368 0.297796 0.246393 0.244454 0.237795 0.221972 0.236507 0.203007 0.188563 0.281948 0.268828 0.18019 0.221244 0.188966 0.175449 0.171513
threshold=1.5781378266207933 12.51999999999971 0.036424538977527794 0.24043333333333336 3.182000000000015 0.02777777777774321 0.035674727162131006 12.560500000000006 0.01245134749968064 1.1609765836092667 -35.039999999999999 -0.59809999999999952 -10.417499999999988 -0.48213754584162033 0.54514999999999947 0.74260436910777639 -0.061622513359237352 -1.3319930107824234 20.519999999999715 32.700000000004373 0.99226666666666707 1.0298000000000045 6.903500000000002 0.056279252309106985 -28.497999999999994 2.832041338140856 3.7150000000000118 1.8980549983019654 6.2000000000043665 -0.28279999999999988
decision_type=2 2 2 2 2 2 2 2 2 2 2 2 2 2 2 2 2 2 2 2 2 2 2 2 2 2 2 2 2 2
left_child=1 2 3 4 6 -6 -1 21 -9 10 -3 12 -12 14 15 -4 29 -13 -2 20 -15 -5 24 -24 -18 26 -20 -28 -21 -11
right_child=18 9 13 7 5 -7 -8 8 -10 16 11 17 -14 19 -16 -17 22 -19 25 28 -22 -23 23 -25 -26 -27 27 -29 -30 -31
leaf_value=3.5425634119078089e-05 -9.9941663560430071e-05 -0.00054053518136916098 0.00098850415478637932 -0.00023482671934620542 -0.00010476343691674653 0.00013453577789237318 -5.5537832173721019e-05 -0.00055063505747729013 2.0298769968274812e-05 -0.00013088870888259031 0.00011503997805360784 0.00069885337715729686 0.0017983532191067422 0.00018228910592919215 -0.00072768546549403779 0.00023677986843536131 0.00037275729006796616 0.00017807216328193323 0.00010984587860049589 4.8516355827040143e-05 0.0010162727155990001 -0.00087651217814638889 -5.8744307160116832e-05 0.00070078863450556456 -0.00021303260345179793 -1.5880862123531883e-05 0.0011750678082767753 0.00016624043617397547 -0.00021350987903013191 -0.00097086548672394794
leaf_weight=49801 17225 254 227 4621 11273 26480 66036 551 4373 241 239 390 182 848 112 2953 425 4772 620 5238 162 206 393 389 1193 1791 183 125 1270 163
leaf_count=49801 17225 254 227 4621 11273 26480 66036 551 4373 241 239 390 182 848 112 2953 425 4772 620 5238 162 206 393 389 1193 1791 183 125 1270 163
internal_value=-5.78143e-14 7.91072e-06 8.1656e-07 -6.13492e-06 3.11378e-06 6.30813e-05 -1.64305e-05 -0.000151813 -4.35892e-05 0.000150887 0.000229538 0.000264572 0.000842743 0.000105855 0.000255802 0.000290441 -1.28392e-05 0.000217418 -7.25038e-05 4.01953e-05 0.000316057 -0.000262212 6.40809e-05 0.00031908 -5.91632e-05 0.000101316 0.000327502 0.000765641 -2.61661e-06 -0.00046979
internal_weight=202736 182792 174151 163341 153590 37753 115837 9751 4924 8641 5837 5583 421 10810 3292 3180 2804 5162 19944 7518 1010 4827 2400 782 1618 2719 928 308 6508 404
internal_count=202736 182792 174151 163341 153590 37753 115837 9751 4924 8641 5837 5583 421 10810 3292 3180 2804 5162 19944 7518 1010 4827 2400 782 1618 2719 928 308 6508 404
is_linear=0
shrinkage=0.02


end of trees

feature_importances:
cvd_300=1472
volume_ma30=985
dist_from_ma30=889
volatility_regime=882
cvd_60=798
trend_strength=797
atr_5=763
net_flow_ma30=449
rsi_14=267
net_flow_ma10=236
bb_position=197
volume_std5=177
net_flow_std5=168
volume_ma15=156
relative_volume=88
price_change_pct_15=87
net_flow_ma5=86
hl_range=61
total_volume=54
dist_from_ma15=45
volume_ma5=43
buy_sell_ratio=40
trade_count=40
lower_wick=36
momentum_15=34
dist_from_ma5=26
sell_volume_pct=21
order_flow_imbalance=18
net_flow=11
ma5_slope=11
upper_wick=10
volume_surge=8
oc_diff=7
momentum_5=6
trade_frequency=6
avg_trade_size=5
aggressive_buy_ratio=4
price_change_pct_1=4
rsi_5=4
body_to_range_ratio=3
price_change_pct_5=3
tick_momentum=2
price_acceleration=1

parameters:
[boosting: gbdt]
[objective: regression]
[metric: l2]
[tree_learner: serial]
[device_type: cpu]
[data_sample_strategy: bagging]
[data: ]
[valid: ]
[num_iterations: 300]
[learning_rate: 0.02]
[num_leaves: 31]
[num_threads: 8]
[seed: 42]
[deterministic: 0]
[force_col_wise: 0]
[force_row_wise: 0]
[histogram_pool_size: -1]
[max_depth: 6]
[min_data_in_leaf: 100]
[min_sum_hessian_in_leaf: 0.001]
[bagging_fraction: 0.8]
[pos_bagging_fraction: 1]
[neg_bagging_fraction: 1]
[bagging_freq: 0]
[bagging_seed: 400]
[bagging_by_query: 0]
[feature_fraction: 0.8]
[feature_fraction_bynode: 1]
[feature_fraction_seed: 30056]
[extra_trees: 0]
[extra_seed: 12879]
[early_stopping_round: 0]
[early_stopping_min_delta: 0]
[first_metric_only: 0]
[max_delta_step: 0]
[lambda_l1: 0]
[lambda_l2: 0]
[linear_lambda: 0]
[min_gain_to_split: 0]
[drop_rate: 0.1]
[max_drop: 50]
[skip_drop: 0.5]
[xgboost_dart_mode: 0]
[uniform_drop: 0]
[drop_seed: 17869]
[top_rate: 0.2]
[other_rate: 0.1]
[min_data_per_group: 100]
[max_cat_threshold: 32]
[cat_l2: 10]
[cat_smooth: 10]
[max_cat_to_onehot: 4]
[top_k: 20]
[monotone_constraints: ]
[monotone_constraints_method: basic]
[monotone_penalty: 0]
[feature_contri: ]
[forcedsplits_filename: ]
[refit_decay_rate: 0.9]
[cegb_tradeoff: 1]
[cegb_penalty_split: 0]
[cegb_penalty_feature_lazy: ]
[cegb_penalty_feature_coupled: ]
[path_smooth: 0]
[interaction_constraints: ]
[verbosity: -1]
[saved_feature_importance_type: 0]
[use_quantized_grad: 0]
[num_grad_quant_bins: 4]
[quant_train_renew_leaf: 0]
[stochastic_rounding: 1]
[linear_tree: 0]
[max_bin: 255]
[max_bin_by_feature: ]
[min_data_in_bin: 3]
[bin_construct_sample_cnt: 200000]
[data_random_seed: 175]
[is_enable_sparse: 1]
[enable_bundle: 1]
[use_missing: 1]
[zero_as_missing: 0]
[feature_pre_filter: 1]
[pre_partition: 0]
[two_round: 0]
[header: 0]
[label_column: ]
[weight_column: ]
[group_column: ]
[ignore_column: ]
[categorical_feature: ]
[forcedbins_filename: ]
[precise_float_parser: 0]
[parser_config_file: ]
[objective_seed: 16083]
[num_class: 1]
[is_unbalance: 0]
[scale_pos_weight: 1]
[sigmoid: 1]
[boost_from_average: 1]
[reg_sqrt: 0]
[alpha: 0.9]
[fair_c: 1]
[poisson_max_delta_step: 0.7]
[tweedie_variance_power: 1.5]
[lambdarank_truncation_level: 30]
[lambdarank_norm: 1]
[label_gain: ]
[lambdarank_position_bias_regularization: 0]
[eval_at: ]
[multi_error_top_k: 1]
[auc_mu_weights: ]
[num_machines: 1]
[local_listen_port: 12400]
[time_out: 120]
[machine_list_filename: ]
[machines: ]
[gpu_platform_id: -1]
[gpu_device_id: -1]
[gpu_use_dp: 0]
[num_gpu: 1]

end of parameters

pandas_categorical:[]
