tree
version=v4
num_class=1
num_tree_per_iteration=1
label_index=0
max_feature_idx=45
objective=regression
feature_names=net_flow buy_sell_ratio order_flow_imbalance aggressive_buy_ratio net_flow_ma5 net_flow_ma10 net_flow_ma30 net_flow_std5 net_flow_acceleration cvd_60 cvd_300 total_volume volume_ma5 volume_ma15 volume_ma30 volume_std5 volume_surge relative_volume buy_volume_pct sell_volume_pct hl_range oc_diff body_to_range_ratio upper_wick lower_wick price_velocity price_acceleration price_change_pct_1 price_change_pct_5 price_change_pct_15 momentum_5 momentum_15 dist_from_ma5 dist_from_ma15 dist_from_ma30 ma5_slope trade_count avg_trade_size trade_frequency tick_momentum rsi_5 rsi_14 bb_position atr_5 volatility_regime trend_strength
feature_infos=[-80.066000000000003:64.051000000000002] [0:501229999999.99994] [-0.99999999999824729:0.99999999999800482] [0:0.99999999999800482] [-27.305399999999999:14.849] [-15.384800000000002:8.1635999999999989] [-5.4169999999999998:3.9682666666666666] [0:36.433952315113956] [-126.812:154.983] [-180.328:124.56400000000001] [-385.81799999999998:211.69] [0.001:82.713999999999999] [0.002:32.9422] [0.007200000000000888:20.6264] [0.01813333333333381:13.717533333333334] [0:35.948777660721632] [0.00033671167378806154:14.834586977221598] [0.00044130518458093541:185.48188470235212] [0:99.99999999980048] [0:99.999999999824723] [0:218.60000000000582] [-151.90000000000873:218.5] [0:0.99999999999934175] [0:78.399999999994179] [0:95.700000000011642] [-151.80000000000291:219.10000000000582] [-287.5:206.30000000000291] [-0.17418644145591466:0.24765205282188951] [-0.35536309111958708:0.30655558183352305] [-0.50603570936796904:0.40563014184036295] [-309.69999999999709:273.5] [-441:358.30000000000291] [-0.19288230527087841:0.23111131202287355] [-0.31582507866929249:0.30939191026825708] [-0.37478799434881832:0.34338958363434163] [-61.940000000002328:54.69999999999709] [1:691] [0.00099999999989999993:16.857999998314199] [1:691] [-5:5] [0:99.999999999817192] [0:99.999999999448164] [-0.5617227177079277:1.562128227417322] [0:103.00000000000291] [-4.7387010196376389:10.948964609225444] [0:0.16743659420204016]
tree_sizes=2883 3062 3072 3074 3059 3077 3067 3070 3074 3081 3067 3093 3093 3100 3083 3087 3070 3105 3073 3077 3073 3089 3087 3097 3072 3084 3090 3105 3109 3102 3055 3105 3112 3093 3098 3083 3103 3078 3108 3052 3119 3105 3102 3094 3113 3096 3070 3082 3097 3111 3082 3090 3115 3088 3076 3076 3129 3112 3126 3076 3125 3109 3129 3103 3075 3109 3073 3116 3096 3107 3080 3108 3073 3112 3099 3081 3112 3107 3104 3091 3085 3098 3096 3076 3090 3091 3105 3103 3067 3137 3083 3123 3100 3100 3110 3085 3124 3127 3118 3103 3070 3144 3097 3125 3114 3093 3089 3115 3125 3134 3125 3081 3137 3083 3105 3151 3123 3102 3081 3138 3085 3114 3128 3071 3140 3101 3111 3120 3105 3092 3106 3107 3115 3113 3079 3135 3087 3137 3122 3125 3106 3099 3100 3135 3152 3121 3110 3086 3090 3126 3076 3149 3141 3101 3087 3132 3111 3085 3126 3089 3086 3061 3084 3168 3142 3073 3082 3084 3111 3161 3148 3096 3145 3092 3139 3137 3138 3145 3104 3173 3127 3096 3130 3088 3155 3124 3152 3061 3158 3097 3167 3124 3134 3167 3132 3152 3159 3101 3128 3133 3104 3124 3159 3112 3134 3151 3107 3147 3133 3154 3120 3121 3134 3134 3133 3157 3141 3160 3136 3141 3126 3147 3076 3120 3181 3164 3142 3152 3110 3162 3105 3161 3157 3117 3128 3075 3100 3146 3152 3111 3167 3112 3099 3152 3125 3120 3157 3090 3175 3112 3139 3106 3108 3129 3080 3156 3176 3129 3166 3107 3145 3150 3124 3162 3171 3104 3100 3149 3167 3161 3143 3118 3103 3112 3097 3102 3146 3132 3121 3155 3119 3107 3105 3129 3107 3164 3129 3085 3103 3093 3164 3155 3140 3106 3110 3141 3169 3129 3177 3141

Tree=0
num_leaves=31
num_cat=0
split_feature=10 10 9 14 10 31 14 29 43 10 41 43 10 41 14 29 31 14 41 9 14 10 43 14 12 43 9 14 44 41
split_gain=616.398 263.582 95.1812 81.3493 67.7365 39.5019 33.964 25.474 21.0637 16.3464 12.0557 9.48611 9.39265 9.05217 7.97221 7.72074 6.34405 5.6179 5.16136 5.1237 5.09159 4.80917 4.6244 3.7523 3.31393 3.18924 3.13255 2.90787 2.87985 2.76039
threshold=-101.7825 -20.584500000000006 -3.8610000000000002 0.58783333333333376 -209.34899999999996 -18.450000000004362 1.0885166666666681 -0.033733270121488738 8.3199999999997107 -2.8685000000000165 59.964802689557359 5.7400000000008733 -72.730999999999995 73.704137802052244 2.1761666666666684 -0.04791936084136416 -13.099999999998543 0.33225000000000116 72.588533888818787 -2.4710000000000094 1.3451000000000015 -47.616000000000007 6.4200000000055306 0.4080000000000012 0.96910000000000573 5.9200000000026209 -9.9359999999999893 1.8278500000000011 -0.9702441397778182 73.704137802052244
decision_type=2 2 2 2 2 2 2 2 2 2 2 2 2 2 2 2 2 2 2 2 2 2 2 2 2 2 2 2 2 2
left_child=4 3 7 17 27 15 23 14 21 18 12 26 -10 -11 22 -4 24 -2 -7 25 -13 -5 -3 -6 -8 -19 -9 -1 -18 -23
right_child=1 2 5 8 6 9 16 11 10 13 -12 20 -14 -15 -16 -17 28 19 -20 -21 -22 29 -24 -25 -26 -27 -28 -29 -30 -31
leaf_value=0.13392840164584419 0.12364901750646545 0.12417722808488946 0.12406275796086762 0.12578173195666564 0.12424070670744015 0.1230115405686253 0.13024296178866807 0.12366890379200175 0.12854973585737747 0.12241484434151872 0.12505918549903866 0.12387656978059874 0.12653571849352688 0.12188315360326919 0.12851730115879761 0.12318250573060398 0.13347045688903569 0.12431119048521838 0.12238845541189332 0.12379554776898506 0.12546928947009781 0.12492810310689663 0.12512980153718814 0.12752290174121783 0.13302851115203931 0.12521141555969112 0.12310974479845696 0.1369774003111478 0.12993460234662838 0.12362724522885891
leaf_weight=155 12323 4179 5365 2722 164 21167 214 5442 1131 52069 1842 8199 5116 16987 218 15503 102 4937 7102 5669 890 5631 3980 926 847 2311 15205 649 953 738
leaf_count=155 12323 4179 5365 2722 164 21167 214 5442 1131 52069 1842 8199 5116 16987 218 15503 102 4937 7102 5669 890 5631 3980 926 847 2311 15205 649 953 738
internal_value=0.123436 0.123279 0.122899 0.124677 0.131199 0.122619 0.129897 0.123769 0.125739 0.12245 0.126481 0.123494 0.1269 0.122284 0.124743 0.123409 0.131375 0.123955 0.122855 0.124246 0.124033 0.125078 0.124642 0.127029 0.132467 0.124598 0.123257 0.13639 0.130276 0.124777
internal_weight=202736 198726 156306 42420 4010 118193 3206 38113 17180 97325 8089 29736 6247 69056 8377 20868 2116 25240 28269 12917 9089 9091 8159 1090 1061 7248 20647 804 1055 6369
internal_count=202736 198726 156306 42420 4010 118193 3206 38113 17180 97325 8089 29736 6247 69056 8377 20868 2116 25240 28269 12917 9089 9091 8159 1090 1061 7248 20647 804 1055 6369
is_linear=0
shrinkage=1


Tree=1
num_leaves=31
num_cat=0
split_feature=10 10 34 14 10 9 14 34 43 34 10 9 34 34 14 43 34 9 12 10 43 34 14 9 14 14 43 9 14 10
split_gain=591.989 253.145 119.02 78.1279 65.0541 40.7905 32.619 21.3435 20.2296 15.1724 14.5952 10.0835 9.5591 9.44563 8.51339 8.02486 7.78547 4.78379 4.67314 4.61873 4.50715 4.34442 4.17141 3.81019 3.63542 3.41297 3.38678 3.28033 3.25289 3.09872
threshold=-101.7825 -20.584500000000006 -0.01875733539382041 0.58783333333333376 -209.34899999999996 -2.5559999999999961 1.0885166666666681 -0.05112871521569394 8.3199999999997107 -0.00082026025026581682 -1.1120000000000165 -5.4109999999999969 -0.0035232389179990563 0.0024496133648997608 3.7055333333333342 5.7400000000008733 -0.0080906928897191751 -10.170999999999987 0.78960000000000108 -47.616000000000007 5.0200000000026206 -0.00574187746612173 2.1761666666666684 -10.417499999999988 0.50240000000000118 1.0276166666666675 6.8800000000002912 -8.4569999999999919 1.3052833333333342 -13.202500000000013
decision_type=2 2 2 2 2 2 2 2 2 2 2 2 2 2 2 2 2 2 2 2 2 2 2 2 2 2 2 2 2 2
left_child=4 3 7 16 -1 15 24 17 19 14 20 25 -12 18 -10 27 26 22 -8 -5 -7 -21 -3 -11 -6 -9 -2 -4 -17 -13
right_child=1 2 5 8 6 10 13 11 9 23 12 29 -14 -15 -16 28 -18 -19 -20 21 -22 -23 -24 -25 -26 -27 -28 -29 -30 -31
leaf_value=0.012694952697006625 0.00076564192348675165 0.0024551717125450936 1.2445724763783572e-05 0.0022992457505683992 0.0013989165984888217 -0.00079615000858234916 0.0060024082355459429 0.00080707296337801748 0.0034949433372005044 0.0028002848897145638 -0.000733506748589914 0.000980900267250701 -0.0013111522301043428 0.0060368269880594853 0.007666593647251526 0.00020666479229749797 0.00024301880301539871 0.0014188550011552839 0.009304906502695446 0.0018172796280926198 -0.00025233827541085033 0.00077178395374916705 0.0060614192248715582 0.0013443691326907917 0.0041501197979152069 0.002070626683544359 0.0016842596985985672 -0.00052041656330421946 0.0015386712902970654 2.244339570642792e-05
leaf_weight=804 7105 1330 6320 2722 249 21317 202 7273 4798 1140 14954 1476 49033 783 204 8137 16061 3106 1131 3309 8538 3060 142 1947 841 969 2074 17191 806 15714
leaf_count=804 7105 1330 6320 2722 249 21317 202 7273 4798 1140 14954 1476 49033 783 204 8137 16061 3106 1131 3309 8538 3060 142 1947 841 969 2074 17191 806 15714
internal_value=2.24475e-12 -0.00015352 -0.000525385 0.0012167 0.0076081 -0.000794408 0.00633242 0.000606792 0.00225705 0.00298461 -0.00100578 0.000380496 -0.00117615 0.00778033 0.00366508 -0.000183214 0.000508564 0.00186393 0.00880445 0.00160968 -0.00064063 0.00131497 0.00280306 0.00188203 0.00352163 0.000955627 0.000973204 -0.000377178 0.000326714 0.00010474
internal_weight=202736 198726 156306 42420 4010 126296 3206 30010 17180 8089 93842 25432 63987 2116 5002 32454 25240 4578 1333 9091 29855 6369 1472 3087 1090 8242 9179 23511 8943 17190
internal_count=202736 198726 156306 42420 4010 126296 3206 30010 17180 8089 93842 25432 63987 2116 5002 32454 25240 4578 1333 9091 29855 6369 1472 3087 1090 8242 9179 23511 8943 17190
is_linear=0
shrinkage=0.02


Tree=2
num_leaves=31
num_cat=0
split_feature=10 10 34 14 10 9 14 34 43 45 34 34 10 45 34 10 43 34 14 45 9 12 10 34 45 14 43 9 14 43
split_gain=568.546 243.12 114.307 75.034 62.478 39.1752 31.3273 20.4983 19.4285 17.3713 14.5716 11.5552 11.1369 10.3129 9.07158 8.23738 7.76607 7.47716 5.83744 4.80512 4.59436 4.49269 4.43583 4.17238 4.08815 4.00623 3.93694 3.65931 3.4926 3.25266
threshold=-101.7825 -20.584500000000006 -0.01875733539382041 0.58783333333333376 -209.34899999999996 -2.5559999999999961 1.0885166666666681 -0.05112871521569394 8.3199999999997107 0.055998959094736192 -0.00082026025026581682 0.0018236664560350496 -1.7765000000000166 0.056279252309106985 0.0024496133648997608 -72.730999999999995 4.5200000000026206 -0.0080906928897191751 0.54000000000000137 0.047035546123975112 -10.170999999999987 0.91600000000000592 -47.616000000000007 -0.00574187746612173 0.0502207506317911 2.1761666666666684 5.6000000000014554 -10.417499999999988 0.4080000000000012 6.8800000000002912
decision_type=2 2 2 2 2 2 2 2 2 2 2 2 2 2 2 2 2 2 2 2 2 2 2 2 2 2 2 2 2 2
left_child=4 3 7 17 -1 16 28 20 22 12 15 -11 -7 26 21 -10 24 29 -15 -18 25 -8 -5 -24 -4 -3 -9 -12 -6 -2
right_child=1 2 5 8 6 9 14 13 10 11 27 -13 -14 18 -16 -17 19 -19 -20 -21 -22 -23 23 -25 -26 -27 -28 -29 -30 -31
leaf_value=0.012441053598822647 0.0007503290879125119 0.0024060682859803513 -0.00066496952952850216 0.002253260914973475 0.00076106274660205379 -0.00040830881070565888 0.006313765855443511 -0.00018885135514453693 0.0053140089246398303 -0.00070110021099502556 0.0027442791776163835 -0.0016062690999891441 -0.00097773032458502726 0.00057008267541818229 0.0059160905855989276 0.003209292562422349 -9.3920039306021107e-05 0.000238158423622965 0.001679275905634781 0.00071028920022935481 0.0013904779281285126 0.0092108168258143702 0.0017809340245934762 0.00075634826344768511 -7.8721818105860787e-05 0.0059401907579986462 0.00042545544606111977 0.0013174817547461706 0.00392764060490269 0.0016505745124906529
leaf_weight=804 7105 1330 11756 2722 164 20058 268 9322 909 7511 1140 22662 43611 5713 783 4093 7964 16061 2842 4741 3106 1065 3309 3060 7993 142 7555 1947 926 2074
leaf_count=804 7105 1330 11756 2722 164 20058 268 9322 909 7511 1140 22662 43611 5713 783 4093 7964 16061 2842 4741 3106 1065 3309 3060 7993 142 7555 1947 926 2074
internal_value=4.30813e-12 -0.00015045 -0.000514877 0.00119236 0.00745594 -0.00077852 0.00620578 0.000594656 0.00221191 -0.000985666 0.00292492 -0.00138094 -0.000798342 0.000372886 0.00762472 0.00359178 -0.00017955 0.000498393 0.00093856 0.000206179 0.00182665 0.00862836 0.00157748 0.00128867 -0.000427698 0.002747 8.61435e-05 0.00184438 0.0034512 0.00095374
internal_weight=202736 198726 156306 42420 4010 126296 3206 30010 17180 93842 8089 30173 63669 25432 2116 5002 32454 25240 8555 12705 4578 1333 9091 6369 19749 1472 16877 3087 1090 9179
internal_count=202736 198726 156306 42420 4010 126296 3206 30010 17180 93842 8089 30173 63669 25432 2116 5002 32454 25240 8555 12705 4578 1333 9091 6369 19749 1472 16877 3087 1090 9179
is_linear=0
shrinkage=0.02


Tree=3
num_leaves=31
num_cat=0
split_feature=10 10 34 14 10 9 14 43 34 34 34 9 14 34 10 34 43 34 12 43 9 9 10 14 9 14 14 14 14 9
split_gain=546.031 233.555 106.85 75.1231 60.0038 37.7636 30.0868 20.2135 17.6609 14.3435 13.7594 9.03825 8.72704 8.71235 8.48055 8.24213 7.56135 4.63221 4.33804 4.20898 3.83476 3.77963 3.66217 3.57308 3.39268 3.38426 3.34852 3.1384 3.01927 2.90781
threshold=-101.7825 -18.59350000000002 -0.020699484425137856 0.58783333333333376 -209.34899999999996 -2.5559999999999961 1.0885166666666681 7.9999999999985461 -0.055727912998842839 -0.00082026025026581682 -0.00082026025026581682 -5.7719999999999798 3.7055333333333342 0.0024496133648997608 -1.1120000000000165 -0.0080906928897191751 5.7400000000008733 -0.0064241006472050893 0.78960000000000108 4.3199999999997098 -10.170999999999987 -10.417499999999988 -35.575499999999998 0.35111666666666758 -9.0249999999999932 0.50240000000000118 2.1761666666666684 1.3451000000000015 1.1814666666666676 -2.0849999999999844
decision_type=2 2 2 2 2 2 2 2 2 2 2 2 2 2 2 2 2 2 2 2 2 2 2 2 2 2 2 2 2 2
left_child=4 3 8 15 -1 16 25 17 20 12 19 28 -9 18 -12 23 24 -5 -8 -7 26 -11 -19 -2 -4 -6 -3 -18 -10 -17
right_child=1 2 5 7 6 10 13 9 11 21 14 -13 -14 -15 -16 29 27 22 -20 -21 -22 -23 -24 -25 -26 -27 -28 -29 -30 -31
leaf_value=0.012192231874116024 0.00054470108769132542 0.0025413674524861741 7.6676450524021026e-05 0.0018893396161801571 0.0013340978360226205 -0.00078380852090326799 0.0057560848031771644 0.0032589529059785863 0.00089221732592542819 0.0026363635880539494 -0.00078330792134586463 0.00016376017611985112 0.007436253723616784 0.0057977687693076116 -0.0012834790184042852 0.00046095503180598393 0.0002091735409373522 0.0015551065432518707 0.0089379732663002927 -0.000280503288278948 0.0014978656313826377 0.0012507814397716549 0.00043222900590440024 0.0012938772457481262 -0.00049715251171637788 0.0039885647313026478 0.0060322273262147985 0.0015746823101023266 0.0023252827643762647 -4.8449211576611391e-05
leaf_weight=804 5342 1033 5361 4743 249 19484 202 5233 6558 1246 19387 15547 208 783 45111 8439 8135 2354 1131 10087 2272 2140 2294 4866 17823 841 123 734 646 9560
leaf_count=804 5342 1033 5361 4743 249 19484 202 5233 6558 1246 19387 15547 208 783 45111 8439 8135 2354 1131 10087 2272 2140 2294 4866 17823 841 123 734 646 9560
internal_value=-3.01134e-13 -0.000147441 -0.00052599 0.00109442 0.00730682 -0.00076734 0.00608166 0.0020955 0.000636755 0.00278265 -0.000969354 0.000435114 0.00341864 0.00747223 -0.00113314 0.000447854 -0.000174469 0.00144962 0.0084558 -0.000612125 0.00197501 0.00176066 0.00100092 0.000901822 -0.000364462 0.00338218 0.0029128 0.000322183 0.00102072 0.00019039
internal_weight=202736 198726 152301 46425 4010 126122 3206 18218 26179 8827 94069 22751 5441 2116 64498 28207 32053 9391 1333 29571 3428 3386 4648 10208 23184 1090 1156 8869 7204 17999
internal_count=202736 198726 152301 46425 4010 126122 3206 18218 26179 8827 94069 22751 5441 2116 64498 28207 32053 9391 1333 29571 3428 3386 4648 10208 23184 1090 1156 8869 7204 17999
is_linear=0
shrinkage=0.02


Tree=4
num_leaves=31
num_cat=0
split_feature=10 10 34 14 10 9 14 34 45 34 43 10 45 10 34 14 34 14 34 45 43 12 45 14 14 34 14 34 43 6
split_gain=524.409 224.681 106.723 66.2451 57.6277 39.8951 28.8953 18.1702 16.5361 16.2989 10.0695 9.81763 9.68946 9.31383 9.27891 8.62386 8.36734 6.58791 6.40745 5.66013 4.27088 4.1733 3.56972 4.14015 3.50887 3.26699 3.25087 3.21938 3.1502 2.80492
threshold=-101.7825 -21.42100000000001 -0.021534874597406269 0.58783333333333376 -209.34899999999996 -1.23 1.0885166666666681 -0.029635933984290767 0.055998959094736192 -0.055727912998842839 6.2399999999950539 -47.616000000000007 0.049649908563681948 -1.7765000000000166 -0.00082026025026581682 2.3338833333333349 0.0024496133648997608 0.54000000000000137 -0.0080906928897191751 0.05051159177682308 7.0000000000014557 0.93180000000000607 0.051360135937023245 2.0424500000000019 1.3052833333333342 0.0012223605708157885 0.4080000000000012 0.044247646230098768 6.8800000000002912 -0.49360000000000032
decision_type=2 2 2 2 2 2 2 2 2 2 2 2 2 2 2 2 2 2 2 2 2 2 2 2 2 2 2 2 2 2
left_child=4 3 9 18 29 10 26 15 13 22 19 27 -11 -7 -10 20 21 -14 28 -4 -5 -8 -3 -24 -12 -13 -6 -9 -2 -1
right_child=1 2 5 7 6 8 16 11 14 12 24 25 17 -15 -16 -17 -18 -19 -20 -21 -22 -23 23 -25 -26 -27 -28 -29 -30 -31
leaf_value=0.01321505021762083 0.00073049317037060914 0.0013575783354500802 -0.00059162270897802308 0.0019279209681637849 0.00071915954515039946 -0.00039039024055330168 0.0061116135520939835 0.0026752420305671256 -0.00062486900242354011 0.00012069766099709121 0.00020983634857912672 0.0017076189758101223 0.0005639799899736864 -0.00094000976015607156 -0.001535738283240713 0.0055319323459733947 0.0056818133418116423 0.0016448201165222838 0.00025785900471687542 -6.3321889173639814e-05 0.0033090335689099741 0.0088624336872617868 0.0023615737780733189 0.0064671547558779524 0.0015319497838628526 0.00087028222472116334 0.00377418971822624 0.0011432999378193584 0.0016338170136921681 0.01084668611648471
leaf_weight=374 6811 1947 21632 1298 164 17683 279 3921 5544 12767 9171 3673 6181 40762 23167 556 783 3552 15261 12979 2889 1054 1528 105 880 3784 926 638 1997 430
leaf_count=374 6811 1947 21632 1298 164 17683 279 3921 5544 12767 9171 3673 6181 40762 23167 556 783 3552 15261 12979 2889 1054 1528 105 880 3784 926 638 1997 430
internal_value=1.53025e-12 -0.000144492 -0.000486453 0.001178 0.00716069 -0.000717732 0.00596003 0.00214346 -0.000966803 0.000682517 -0.00023168 0.00172972 0.00048308 -0.000773718 -0.00135985 0.00319165 0.00732278 0.000958426 0.000505767 -0.000393512 0.00288088 0.00828668 0.00193596 0.00262556 0.000325592 0.00128272 0.00331453 0.00246086 0.0009353 0.0119484
internal_weight=202736 198726 157898 40828 4010 131818 3206 16759 87156 26080 44662 12016 22500 58445 28711 4743 2116 9733 24069 34611 4187 1333 3580 1633 10051 7457 1090 4559 8808 804
internal_count=202736 198726 157898 40828 4010 131818 3206 16759 87156 26080 44662 12016 22500 58445 28711 4743 2116 9733 24069 34611 4187 1333 3580 1633 10051 7457 1090 4559 8808 804
is_linear=0
shrinkage=0.02


Tree=5
num_leaves=31
num_cat=0
split_feature=10 10 34 14 10 9 14 10 34 45 34 34 34 45 10 34 34 43 14 43 34 9 45 12 43 14 14 14 45 14
split_gain=503.642 215.984 97.3516 70.3771 55.3456 32.6664 27.7511 20.0648 18.1359 15.223 11.2188 10.0594 9.13091 9.00151 8.04455 8.03599 7.76643 6.61089 4.93652 4.57629 4.43672 4.34474 4.16166 4.03038 3.56216 3.45508 3.17864 3.15046 2.98545 2.75105
threshold=-101.7825 -17.860000000000024 -0.01875733539382041 0.57721666666666771 -209.34899999999996 -2.5559999999999961 1.0885166666666681 -47.616000000000007 -0.05112871521569394 0.055998959094736192 -0.00574187746612173 -0.00042017028562528865 -0.065533267403222698 0.058620524697072546 -0.879000000000007 0.0024496133648997608 -0.0083412514778857753 5.7400000000008733 0.56763333333333454 8.3199999999997107 0.038381522042216225 -10.170999999999987 0.05051159177682308 0.78960000000000108 5.6000000000014554 2.1761666666666684 0.35111666666666758 0.50240000000000118 0.051659502975275114 1.8278500000000011
decision_type=2 2 2 2 2 2 2 2 2 2 2 2 2 2 2 2 2 2 2 2 2 2 2 2 2 2 2 2 2 2
left_child=4 3 8 16 29 17 27 12 21 14 19 -11 -5 24 -7 23 26 22 -15 -9 -14 25 -4 -8 -10 -3 -2 -6 -19 -1
right_child=1 2 5 7 6 9 15 10 13 11 -12 -13 20 18 -16 -17 -18 28 -20 -21 -22 -23 -24 -25 -26 -27 -28 -29 -30 -31
leaf_value=0.0093155106229166826 0.00051911053592596618 0.0023205738254201526 -0.000593880622902149 0.0052817478873336248 0.0012721750370612618 -0.00043916320772016026 0.005518730824600299 0.0016049813585437347 -0.00019248672002532532 -0.00060190979792834663 0.00085116419967764092 -0.0015121066138658195 0.0028470646368611635 0.00057092193044309665 -0.00092716391137784727 0.0055681770850665212 0.00016428316802826493 4.0177417867822252e-05 0.0017084667476106763 0.0026581825839285846 0.001211113220765535 0.0012950862520116808 -2.8879731853724157e-05 0.0085857106102272297 0.00038970128644502027 0.0056807988551308341 0.0012237305312476322 0.0038333095862220379 0.00086530350984532524 0.012281154495174602
leaf_weight=155 5482 1224 13380 573 249 19855 202 3863 9429 6131 5727 23372 5201 5216 42296 783 18728 5856 2157 2881 760 3018 8545 1131 7586 136 4806 841 2504 649
leaf_count=155 5482 1224 13380 573 249 19855 202 3863 9429 6131 5727 23372 5201 5216 42296 783 18728 5856 2157 2881 760 3018 8545 1131 7586 136 4806 841 2504 649
internal_value=-1.08498e-13 -0.000141602 -0.000513793 0.00102645 0.00701747 -0.000760684 0.00584083 0.0019725 0.00053278 -0.000948853 0.00150212 -0.00132296 0.00287029 0.00032001 -0.000771265 0.00717633 0.0004068 -0.000191214 0.000903715 0.0020549 0.00263849 0.00171803 -0.000373678 0.00812095 6.70771e-05 0.0026566 0.000848271 0.00324824 0.00028732 0.0117094
internal_weight=202736 198726 150705 48021 4010 121939 3206 19005 28766 91654 12471 29503 6534 24388 62151 2116 29016 30285 7373 6744 5961 4378 21925 1333 17015 1360 10288 1090 8360 804
internal_count=202736 198726 150705 48021 4010 121939 3206 19005 28766 91654 12471 29503 6534 24388 62151 2116 29016 30285 7373 6744 5961 4378 21925 1333 17015 1360 10288 1090 8360 804
is_linear=0
shrinkage=0.02


Tree=6
num_leaves=31
num_cat=0
split_feature=10 10 34 14 10 9 14 34 45 34 43 10 10 45 34 14 34 14 34 45 43 12 14 45 14 14 9 41 14 41
split_gain=483.698 207.664 98.6391 61.1028 53.1539 37.6369 26.6521 16.9662 15.2693 14.3781 9.41555 9.01697 8.99863 8.73524 8.5049 8.14782 7.71777 6.13974 5.9093 5.5404 3.99406 3.87706 3.38661 3.38193 3.85591 3.11368 3.44996 3.08245 3.02586 3.02318
threshold=-101.7825 -21.42100000000001 -0.022374440849724644 0.58783333333333376 -209.34899999999996 -1.23 1.0885166666666681 -0.029635933984290767 0.057748997619839183 -0.055727912998842839 6.2399999999950539 -3.9395000000000207 -47.616000000000007 0.049939393137914324 -0.0039699449196102165 2.3338833333333349 0.0024496133648997608 0.53146666666666698 -0.021534874597406269 0.05051159177682308 6.6599999999962174 0.93180000000000607 1.3052833333333342 0.051360135937023245 2.0424500000000019 0.33003333333333379 -2.8939999999999837 74.888640871267526 0.4080000000000012 76.081714743541369
decision_type=2 2 2 2 2 2 2 2 2 2 2 2 2 2 2 2 2 2 2 2 2 2 2 2 2 2 2 2 2 2
left_child=4 3 9 18 -1 10 28 15 11 23 19 -7 29 -11 -10 20 21 -15 -2 -4 -5 -8 -12 -3 -25 -20 -27 -14 -6 -9
right_child=1 2 5 7 6 8 16 12 14 13 22 -13 27 17 -16 -17 -18 -19 25 -21 -22 -23 -24 24 -26 26 -28 -29 -30 -31
leaf_value=0.011475231345761474 0.0011874099931030394 0.0012988015550057881 -0.00056653462666345609 0.0017915389590743476 0.0006793328385484949 -0.00033302986372478124 0.0058620777665587369 0.002535504012170058 -0.00046238133506305189 0.0001395060645085555 0.00020643591984201488 -0.00089216561707549259 0.0013885384733663038 0.00055512780511451215 -0.0014704723015271624 0.005347527934838398 0.0054568135337297484 0.0016239381264142874 9.7436404747988076e-05 -4.8099658997357925e-05 0.0031603773143301828 0.0085134707014314984 0.0014977042242947422 0.0022782172354664475 0.0062403632356075661 0.00096018745738725235 0.00021836826447432044 0.0001749392742427133 0.0036267414750766665 0.00084812857840113934
leaf_weight=804 4015 1947 21863 1192 164 15460 279 4085 3921 12117 9323 45463 6496 5702 22890 556 783 3451 10020 13238 2995 1054 890 1528 105 5106 4928 961 926 474
leaf_count=804 4015 1947 21863 1192 164 15460 279 4085 3921 12117 9323 45463 6496 5702 22890 556 783 3451 10020 13238 2995 1054 890 1528 105 5106 4928 961 926 474
internal_value=-6.09154e-13 -0.00013877 -0.000467527 0.00113266 0.00687712 -0.000683562 0.00572401 0.00205989 -0.000925311 0.000689137 -0.000215504 -0.000750278 0.00166009 0.00049177 -0.00132304 0.00307275 0.0070328 0.000958107 0.000487041 -0.000371012 0.00277068 0.00795853 0.000318962 0.00186177 0.00253298 0.000346821 0.000595858 0.00123214 0.00318328 0.00236007
internal_weight=202736 198726 157898 40828 4010 133048 3206 16759 87734 24850 45314 60923 12016 21270 26811 4743 2116 9153 24069 35101 4187 1333 10213 3580 1633 20054 10034 7457 1090 4559
internal_count=202736 198726 157898 40828 4010 133048 3206 16759 87734 24850 45314 60923 12016 21270 26811 4743 2116 9153 24069 35101 4187 1333 10213 3580 1633 20054 10034 7457 1090 4559
is_linear=0
shrinkage=0.02


Tree=7
num_leaves=31
num_cat=0
split_feature=10 10 34 14 10 9 14 10 34 34 34 34 34 34 9 43 10 9 43 14 14 43 12 14 14 14 34 9 14 6
split_gain=464.543 199.826 88.9316 66.0394 51.049 29.5941 25.5967 19.2089 16.6523 11.0673 10.5123 8.41463 8.25883 7.41214 6.6399 6.12973 5.90673 5.89544 4.66372 4.5532 4.28895 4.20271 3.74454 3.64917 3.09396 2.93282 2.85731 2.79277 2.72709 2.65332
threshold=-101.7825 -17.140000000000004 -0.01875733539382041 0.5929000000000012 -209.34899999999996 -2.5559999999999961 1.0885166666666681 -47.616000000000007 -0.042306182433604983 0.0016229459403164462 -0.00574187746612173 -0.030294392944595658 -0.0080906928897191751 0.0024496133648997608 -4.8689999999999918 4.3800000000002912 6.5894999999999975 -10.170999999999987 4.2400000000008733 3.7055333333333342 2.1761666666666684 6.2399999999950539 0.78960000000000108 0.35111666666666758 1.3052833333333342 0.50240000000000118 0.044247646230098768 -2.0849999999999844 0.3253666666666678 -0.49360000000000032
decision_type=2 2 2 2 2 2 2 2 2 2 2 2 2 2 2 2 2 2 2 2 2 2 2 2 2 2 2 2 2 2
left_child=4 3 8 12 29 15 25 11 17 18 21 19 23 22 -10 -4 -11 20 -7 -5 -3 -9 -8 -2 -17 -6 -13 28 -14 -1
right_child=1 2 5 7 6 9 13 10 14 16 -12 26 27 -15 -16 24 -18 -19 -20 -21 -22 -23 -24 -25 -26 -27 -28 -29 -30 -31
leaf_value=0.012477682962774593 0.00048274438305882843 0.0019832938184582496 -0.00042843618733197218 0.0036707276717397853 0.0012130220159355647 -0.0007925224532863126 0.0052911147596960018 0.0013659584148827597 0.00073042311707909231 -0.0008679598163651342 0.00080642899212794727 0.0025290257518091682 1.8972407209743868e-05 0.0053476773165547003 -2.7514006619352552e-05 6.9972861376524877e-05 -0.001271485171284779 0.00098050893477379586 -0.00028626910838782575 0.0077321686772471769 0.0054183610999968511 0.0023858174490955018 0.008247337202178389 0.0012081967030401466 0.0013396031548670612 0.0036841084851853452 0.0010809558825665756 -7.5147941009291353e-05 0.00071168146059124356 0.010174211283062781
leaf_weight=374 5804 1822 17615 1717 249 21777 202 2708 6850 27232 5692 3923 4110 783 14223 11247 31059 5366 10933 118 158 4009 1131 5312 824 841 633 10507 5087 430
leaf_count=374 5804 1822 17615 1717 249 21777 202 2708 6850 27232 5692 3923 4110 783 14223 11247 31059 5366 10933 118 158 4009 1131 5312 824 841 633 10507 5087 430
internal_value=-1.24975e-12 -0.000135995 -0.00050185 0.000963384 0.00673958 -0.00073887 0.00560953 0.00189759 0.000504702 -0.000917747 0.00143879 0.0027884 0.000393527 0.00689214 0.000218861 -0.00019053 -0.00108297 0.00132468 -0.000623312 0.0039319 0.00225741 0.00197465 0.00779936 0.000829416 0.000156641 0.00311961 0.00232783 0.000147621 0.00040212 0.0112457
internal_weight=202736 198726 149106 49620 4010 120687 3206 18800 28419 91001 12409 6391 30820 2116 21073 29686 58291 7346 32710 1835 1980 6717 1333 11116 12071 1090 4556 19704 9197 804
internal_count=202736 198726 149106 49620 4010 120687 3206 18800 28419 91001 12409 6391 30820 2116 21073 29686 58291 7346 32710 1835 1980 6717 1333 11116 12071 1090 4556 19704 9197 804
is_linear=0
shrinkage=0.02


Tree=8
num_leaves=31
num_cat=0
split_feature=9 13 34 13 36 9 13 45 9 9 45 34 13 13 13 34 20 34 9 13 44 20 12 44 41 42 13 4 34 45
split_gain=294.64 130.75 79.9686 29.4102 26.5101 25.5929 22.0539 21.2858 16.1932 12.8016 9.58512 7.00181 6.75099 6.45708 6.45336 6.33405 6.0776 5.78638 4.37827 4.29736 4.06335 3.20112 3.18902 3.13002 3.09406 2.94114 2.93425 2.65826 2.63953 2.58938
threshold=-8.6409999999999823 1.938466666666667 -0.014313103703530667 0.73540000000000028 11.500000000000002 -0.4759999999999982 0.65426666666666544 0.051973598821360691 -35.039999999999999 -31.214999999999993 0.041851851851696535 -0.053303526733824554 0.60140000000000138 0.4991333333333336 2.5203666666666669 -0.038177109550729331 6.2999999999956353 0.0018236664560350496 -75.306499999999971 1.1463000000000012 1.5862500858195583 7.0499999999956353 0.5648000000000003 -0.19341946934428439 32.251667251010524 0.25504074945054755 0.40013333333333473 -3.5564999999999967 -0.024754778808360828 0.046419140102427987
decision_type=2 2 2 2 2 2 2 2 2 2 2 2 2 2 2 2 2 2 2 2 2 2 2 2 2 2 2 2 2 2
left_child=1 3 6 10 22 13 15 12 18 19 -1 14 -7 -4 -8 -2 -11 -9 29 -5 -14 -15 -3 -19 -17 28 -12 -20 -13 -6
right_child=2 4 5 9 8 7 11 17 -10 16 26 25 20 21 -16 24 -18 23 27 -21 -22 -23 -24 -25 -26 -27 -28 -29 -30 -31
leaf_value=0.00019984209882679285 0.00081819499593784528 0.0013218449939101187 -0.00032362044642213103 0.0025129130395164039 0.0067700757044553764 -0.00064878886131964914 0.0021518493738226191 -0.00066658224793627848 0.0044776491793817146 0.0013210153615906607 0.00079223052578331554 0.0011221900711818726 9.0498890480011384e-05 4.0173087134540065e-06 0.0071514478015967387 -0.00010844419233685383 0.0023304317661399518 -0.001083732917640656 0.0047322379858435503 0.0047035262681566596 -0.00082403853320164367 0.00075865562927693894 0.0034612333170566402 -0.0015136397845125133 0.00037292013081912582 0.0016576937727783537 0.0014282171540910805 0.0074056815573924064 0.00013247528075867917 0.010123479099358831
leaf_weight=7576 5395 359 34611 617 125 39547 1688 7280 1140 5232 5729 3084 9238 6993 110 15398 4386 13363 184 854 2461 3314 1246 13739 8178 2225 5880 777 1657 350
leaf_count=7576 5395 359 34611 617 125 39547 1688 7280 1140 5232 5729 3084 9238 6993 110 15398 4386 13363 184 854 2461 3314 1246 13739 8178 2225 5880 777 1657 350
internal_value=-3.42232e-13 0.00168501 -0.000345 0.00122715 0.00500028 -0.000579402 0.000465928 -0.000782222 0.00625735 0.00204708 0.000753224 0.00134501 -0.000523935 -0.000192763 0.00245772 0.000199996 0.00178133 -0.0011672 0.00767021 0.00378469 -0.000101883 0.000246655 0.0029827 -0.00130167 5.85306e-05 0.00105781 0.00111436 0.0068938 0.00077628 0.009241
internal_weight=202736 34455 168281 30274 4181 130546 37735 85628 2576 11089 19185 8764 51246 44918 1798 28971 9618 34382 1436 1471 11699 10307 1605 27102 23576 6966 11609 961 4741 475
internal_count=202736 34455 168281 30274 4181 130546 37735 85628 2576 11089 19185 8764 51246 44918 1798 28971 9618 34382 1436 1471 11699 10307 1605 27102 23576 6966 11609 961 4741 475
is_linear=0
shrinkage=0.02


Tree=9
num_leaves=31
num_cat=0
split_feature=10 10 34 10 43 34 9 13 34 45 9 13 10 34 10 43 45 45 9 34 43 43 43 45 13 9 13 10 34 43
split_gain=437.516 188.407 88.1476 48.1751 46.4738 26.4007 22.633 18.7872 15.1945 13.7179 10.8655 10.6712 9.80101 9.38674 7.50162 6.87836 6.52576 6.2706 4.49114 4.43238 4.21241 4.02769 3.35004 3.19422 3.15119 3.09974 2.97627 2.92648 2.835 2.68173
threshold=-101.7825 -21.42100000000001 -0.0090891730685329335 -209.34899999999996 8.3199999999997107 -0.038177109550729331 -0.82100000000000539 0.92840000000000167 0.0020312408088233019 0.061804437799424385 -4.8689999999999918 0.46526666666666688 -56.553500000000007 0.0024496133648997608 -1.7765000000000166 7.2500000000000009 0.051360135937023245 0.046723101570922417 -9.6969999999999903 0.014425828684113644 5.6400000000037851 10.760000000002039 4.0599999999962177 0.058333333333210002 0.36153333333333282 -8.4569999999999919 0.65426666666666544 -52.575499999999998 -0.0012528802163001287 13.760000000002039
decision_type=2 2 2 2 2 2 2 2 2 2 2 2 2 2 2 2 2 2 2 2 2 2 2 2 2 2 2 2 2 2
left_child=3 4 5 -1 11 16 15 24 12 14 17 28 23 29 -8 25 -3 -7 -10 22 -12 -18 -13 -6 -5 -4 -14 -20 -2 -9
right_child=1 2 6 7 8 10 9 13 18 -11 20 19 26 -15 -16 -17 21 -19 27 -21 -22 -23 -24 -25 -26 -27 -28 -29 -30 -31
leaf_value=0.010918053360424231 0.00063943400742910174 0.00070312358468629043 -6.7209838248610403e-05 0.00110997354598879 0.0034215412643039079 -7.3965492085932685e-05 -0.00042781821303517837 0.0064244910312095706 0.002248334738887105 -0.001418182401231622 -0.00035214449583189375 0.00090598205065566776 0.0014998212439720816 0.0048177447127558419 -0.00095588624527768269 0.00025742612531393875 0.0013724955966192447 0.00089167158243118913 0.001795675857167642 0.00038869963082122555 0.000180803817034874 0.0027407364854614303 0.0017036662803527351 0.0051268305221164627 0.0038138599249412761 -0.00058241789363903018 0.0026247640756057677 0.00038332308384602754 0.0001532690497626917 0.0082596847319216307
leaf_weight=804 9507 5668 5802 217 1343 4276 15221 522 1251 19946 20033 3544 1322 811 36720 6056 3376 7252 838 2274 8428 1155 5190 653 839 23965 3262 1958 9686 817
leaf_count=804 9507 5668 5802 217 1343 4276 15221 522 1251 19946 20033 3544 1322 811 36720 6056 3376 7252 838 2274 8428 1155 5190 653 839 23965 3262 1958 9686 817
internal_value=4.18321e-13 -0.000131979 -0.000445122 0.00654058 0.00107907 0.000247147 -0.000767688 0.0054428 0.00221659 -0.000972346 1.549e-05 0.000678799 0.00280968 0.00651578 -0.000801139 -0.000356995 0.00115545 0.000533495 0.00125228 0.00117521 -0.000194325 0.00172127 0.00137999 0.00397943 0.00325823 -0.000481997 0.00230034 0.000806625 0.000394084 0.00754425
internal_weight=202736 198726 157898 4010 40828 50188 107710 3206 10627 71887 39989 30201 6580 2150 51941 35823 10199 11528 4047 11008 28461 4531 8734 1996 1056 29767 4584 2796 19193 1339
internal_count=202736 198726 157898 4010 40828 50188 107710 3206 10627 71887 39989 30201 6580 2150 51941 35823 10199 11528 4047 11008 28461 4531 8734 1996 1056 29767 4584 2796 19193 1339
is_linear=0
shrinkage=0.02


Tree=10
num_leaves=31
num_cat=0
split_feature=10 10 9 14 10 31 14 10 45 43 45 41 43 43 10 43 9 14 41 42 43 43 29 9 12 14 14 14 14 45
split_gain=420.19 181.428 61.5566 59.8307 46.2674 25.6005 22.9333 18.3262 17.9535 14.2491 12.7362 7.67153 7.17156 7.09521 6.12766 5.98282 5.82444 5.56653 5.4723 4.87174 4.85725 4.54931 3.7706 3.13564 3.11649 2.94536 2.70284 2.46212 2.24637 2.19265
threshold=-101.7825 -16.792500000000008 -3.8610000000000002 0.57213333333333494 -209.34899999999996 -12.450000000004364 1.0885166666666681 -56.553500000000007 0.048169191919144858 6.540000000000874 0.053400395940931031 68.421052626759248 7.0000000000014557 6.3800000000002912 -4.3575000000000141 7.6400000000008736 1.3800000000000148 1.7400000000000009 66.50774528468223 0.51343748924280075 5.7400000000008733 4.9800000000002926 -0.0081184098991993175 -9.9359999999999893 0.91600000000000592 2.8280666666666687 0.52300000000000157 1.8278500000000011 0.30510000000000087 0.063304536118525725
decision_type=2 2 2 2 2 2 2 2 2 2 2 2 2 2 2 2 2 2 2 2 2 2 2 2 2 2 2 2 2 2
left_child=4 3 8 18 27 13 26 15 20 23 14 12 -9 -4 -7 -5 -12 -11 21 24 -3 -2 -17 -10 -8 -22 -6 -1 -23 -13
right_child=1 2 5 7 6 10 19 11 9 17 16 29 -14 -15 -16 22 -18 -19 -20 -21 25 28 -24 -25 -26 -27 -28 -29 -30 -31
leaf_value=0.0084349793657179806 0.00029667802187461262 -0.00043906370350352909 -0.00039230516643332943 0.001913334389208833 0.0012372396801525833 -0.00031443555661023409 0.0053498218917229683 0.0011266275712286894 0.00082713056363326097 0.0014630308349593087 -0.00072953090358609434 0.00060362290574898108 0.0020666037634380417 0.00029796734853736472 -0.00080984974725700667 0.0040573298444930407 -0.0013550569469034533 0.0041652589181683025 -0.00014182066639303434 0.0053605471567237419 0.00019379855942974319 0.0003510219224793444 0.0026125544698271724 0.00013107951753319337 0.0078169855137093687 0.0036524852394708433 0.003547205054893155 0.011240571503095525 0.0010928866249172965 -0.0012083188395172622
leaf_weight=155 15535 11074 19055 1670 269 13131 256 6241 3835 4518 7981 1972 6767 8665 41704 1622 23446 327 6956 836 6507 2278 1303 7967 1024 100 821 649 5763 309
leaf_count=155 15535 11074 19055 1670 269 13131 256 6241 3835 4518 7981 1972 6767 8665 41704 1622 23446 327 6956 836 6507 2278 1303 7967 1024 100 821 649 5763 309
internal_value=-6.99804e-13 -0.00012934 -0.000481673 0.000907127 0.00640977 -0.000705281 0.00533395 0.00176088 0.000260792 0.000732166 -0.000875193 0.00142802 0.00161562 -0.000176533 -0.000691216 0.00286843 -0.0011962 0.00164541 0.000351118 0.006548 -0.000183015 0.000496557 0.00341373 0.000357258 0.00732355 0.000246147 0.00297713 0.0106997 0.000882718 0.000358165
internal_weight=202736 198726 148310 50416 4010 113982 3206 19884 34328 16647 86262 15289 13008 27720 54835 4595 31427 4845 30532 2116 17681 23576 2925 11802 1280 6607 1090 804 8041 2281
internal_count=202736 198726 148310 50416 4010 113982 3206 19884 34328 16647 86262 15289 13008 27720 54835 4595 31427 4845 30532 2116 17681 23576 2925 11802 1280 6607 1090 804 8041 2281
is_linear=0
shrinkage=0.02


Tree=11
num_leaves=31
num_cat=0
split_feature=10 10 34 43 10 9 13 34 34 45 10 34 34 34 45 10 45 43 9 10 13 9 45 10 13 13 13 43 45 9
split_gain=403.551 174.263 77.1665 48.6344 44.4352 24.9697 17.3571 15.9858 14.7981 12.2609 10.88 10.663 8.78999 8.28652 7.55017 6.51785 5.78779 5.42981 5.04895 4.26541 3.75197 3.73592 3.67535 3.67435 3.32336 3.17276 2.98174 2.91564 2.89117 2.82306
threshold=-101.7825 -17.140000000000004 -0.01875733539382041 7.9999999999985461 -209.34899999999996 -2.5559999999999961 0.92840000000000167 -0.0024842186560654722 -0.05112871521569394 0.055998959094736192 -56.553500000000007 -0.0073600695534770683 0.0024496133648997608 -0.00042017028562528865 0.058620524697072546 -0.879000000000007 0.048169191919144858 4.3800000000002912 -7.2569999999999819 -38.058000000000007 0.4102000000000024 -10.170999999999987 0.046419140102427987 -52.575499999999998 0.65426666666666544 0.58386666666666798 0.54553333333333487 5.6000000000014554 0.058333333333210002 -5.1959999999999917
decision_type=2 2 2 2 2 2 2 2 2 2 2 2 2 2 2 2 2 2 2 2 2 2 2 2 2 2 2 2 2 2
left_child=4 3 8 11 -1 17 26 10 21 15 28 16 -8 -11 27 -7 -2 -4 -9 29 -16 -3 -19 -20 -12 -18 -6 -10 -5 -13
right_child=1 2 5 7 6 9 12 18 14 13 24 19 -14 -15 20 -17 25 22 23 -21 -22 -23 -24 -25 -26 -27 -28 -29 -30 -31
leaf_value=0.010485698482883511 0.0005417421494599042 0.0024331595414010697 -0.00040942548976311195 0.0032915299021323324 0.0018724635786898519 -0.00039004436668090714 0.0072538384740102463 0.0019164270122743272 -0.00019271221170403751 -0.00053363322306776483 0.0013647969324875958 0.0011234410990668248 0.0046154264683643436 -0.0013626364860050825 0.00036939044911886724 -0.00083275688099899558 0.0010183003349545619 -0.00013241133850527918 0.0017757242588970973 6.6823039237256043e-05 0.0012774730686441094 0.0011566464612561527 0.00058630139783246913 0.00027058421855616501 0.0024348751584231639 0.0018689491769268477 0.0040274277538197437 0.0003370152066229101 0.0049098887460708035 0.00031425939547692741
leaf_weight=804 7072 1323 17615 1322 441 19405 1339 2065 9328 6088 1688 3026 811 23212 3716 42296 4631 7475 876 15225 3567 2989 4596 2501 3718 2823 615 7496 663 4010
leaf_count=804 7072 1323 17615 1322 441 19405 1339 2065 9328 6088 1688 3026 811 23212 3716 42296 4631 7475 876 15225 3567 2989 4596 2501 3718 2823 615 7496 663 4010
internal_value=-3.91217e-13 -0.000126753 -0.000468406 0.000899901 0.00628158 -0.000689192 0.00522727 0.00196002 0.000469205 -0.0008535 0.00256573 0.000530081 0.0062586 -0.00119038 0.000276187 -0.000693524 0.000951604 -0.000185514 0.00113739 0.000255024 0.000814143 0.0015483 0.000141237 0.00066102 0.00210075 0.00134046 0.00312749 4.33099e-05 0.00383207 0.000662267
internal_weight=202736 198726 149106 49620 4010 120687 3206 12833 28419 91001 7391 36787 2150 29300 24107 61701 14526 29686 5442 22261 7283 4312 12071 3377 5406 7454 1056 16824 1985 7036
internal_count=202736 198726 149106 49620 4010 120687 3206 12833 28419 91001 7391 36787 2150 29300 24107 61701 14526 29686 5442 22261 7283 4312 12071 3377 5406 7454 1056 16824 1985 7036
is_linear=0
shrinkage=0.02


Tree=12
num_leaves=31
num_cat=0
split_feature=9 14 43 43 41 9 14 43 45 43 45 45 9 43 44 45 42 14 14 14 45 41 6 44 41 45 14 9 41 43
split_gain=254.148 156.01 45.563 42.1693 30.3634 20.7623 15.1542 13.8122 12.7716 11.3614 9.19513 8.21453 7.82012 5.89897 5.82277 5.29361 4.85798 4.81343 4.74582 4.12295 3.89633 4.08678 3.82995 3.51242 3.47546 3.43608 3.43085 3.37117 3.0174 2.78653
threshold=-8.6409999999999823 2.3338833333333349 5.6000000000014554 9.3199999999997107 62.931630656543597 -0.88999999999998269 1.2073000000000018 11.56000000000204 0.048169191919144858 15.540000000000875 0.061214456616367513 0.042768683842173964 0.33099999999998986 4.4599999999991278 2.1876406604074967 0.048481319661231488 0.43829064338042267 1.1559000000000015 0.52300000000000157 3.1651000000000011 0.046112632898555529 58.360655735688432 -0.98366666666666713 0.17929635389578544 75.664558023670722 0.047877966658491887 0.83460000000000156 0.067500000000001462 64.975845408432008 3.7400000000037839
decision_type=2 2 2 2 2 2 2 2 2 2 2 2 2 2 2 2 2 2 2 2 2 2 2 2 2 2 2 2 2 2
left_child=1 3 5 8 7 20 25 12 29 22 24 26 18 -10 17 -11 -12 -9 -4 -17 -2 -22 -3 -14 -7 -5 -6 -13 -8 -1
right_child=2 9 4 6 11 10 28 14 13 15 16 27 23 -15 -16 19 -18 -19 -20 -21 21 -23 -24 -25 -26 -27 -28 -29 -30 -31
leaf_value=-0.00014412275833988283 -0.00036593486267695163 0.0033878459947365262 0.00033948291519214033 0.00114711813023757 -0.00032144091307191174 -0.00055395330207820169 0.0037133843798824711 0.0010643964142210188 0.00076884351806730104 0.0058432905222187727 -0.00056193098662929062 -6.6602840617076514e-05 0.00022689345060090385 0.0016118236078001098 -9.6468619862403497e-05 0.0062385721450103192 -0.0013351205440160063 0.0022043098517339392 0.0011108879767605868 0.0089669184596903283 0.00018768054558549623 -0.00052016763186865981 0.0059233582112534749 -0.00036688923778685874 -0.00098640139934318355 0.002237109659040613 0.0006493524391341216 -0.0011410712374105795 0.0017656021336660663 0.00051310932672743437
leaf_weight=4523 23683 581 8860 2243 6118 44538 2857 4681 7110 751 4272 1384 9220 6230 1179 331 13593 2168 4985 670 14010 4253 404 7018 8923 2389 1911 7485 358 6008
leaf_count=4523 23683 581 8860 2243 6118 44538 2857 4681 7110 751 4272 1384 9220 6230 1179 331 13593 2168 4985 670 14010 4253 404 7018 8923 2389 1911 7485 358 6008
internal_value=-1.20266e-13 0.00156495 -0.000320418 0.00116961 0.000151823 -0.000549755 0.00244153 0.000464705 0.000751499 0.00614632 -0.000757403 -0.000553838 0.000268016 0.00116253 0.00120175 0.00711251 -0.00115023 0.00142523 0.000617233 0.00806474 -0.000196665 2.28403e-05 0.00442779 -2.97371e-05 -0.000626132 0.00170929 -9.03802e-05 -0.000973401 0.00349649 0.000230832
internal_weight=202736 34455 168281 31718 55009 113272 7847 38111 23871 2737 71326 16898 30083 13340 8028 1752 17865 6849 13845 1001 41946 18263 985 16238 53461 4632 8029 8869 3215 10531
internal_count=202736 34455 168281 31718 55009 113272 7847 38111 23871 2737 71326 16898 30083 13340 8028 1752 17865 6849 13845 1001 41946 18263 985 16238 53461 4632 8029 8869 3215 10531
is_linear=0
shrinkage=0.02


Tree=13
num_leaves=31
num_cat=0
split_feature=10 10 34 14 10 34 14 9 10 45 9 34 34 43 10 45 34 45 14 34 43 10 34 12 6 14 14 9 14 34
split_gain=379.167 164.544 77.6572 47.4563 41.8878 22.4805 20.4775 19.5926 13.2209 12.0185 8.93247 8.3967 6.0143 5.9793 5.93372 5.80516 5.4758 5.25494 4.87605 4.74608 4.0896 3.80287 3.68485 3.10335 2.83948 2.81828 2.61869 2.80959 2.52752 2.51981
threshold=-101.7825 -21.42100000000001 -0.0098489660756752011 0.58783333333333376 -209.34899999999996 -0.038177109550729331 1.0885166666666681 -0.82100000000000539 -56.553500000000007 0.047329919044395839 -4.8689999999999918 -0.00574187746612173 0.0024496133648997608 4.5200000000026206 -4.3575000000000141 0.051360135937023245 -0.030294392944595658 0.043679996695067176 0.93891666666666773 -0.021534874597406269 6.1800000000002919 -5.4410000000000132 0.0047955310433470824 0.78960000000000108 0.20233333333333306 1.3451000000000015 0.33003333333333379 -2.8939999999999837 0.4080000000000012 -0.077864218579604044
decision_type=2 2 2 2 2 2 2 2 2 2 2 2 2 2 2 2 2 2 2 2 2 2 2 2 2 2 2 2 2 2
left_child=4 3 5 19 -1 15 28 13 16 14 17 20 23 -4 -9 29 -5 -7 -17 -2 -10 -12 -11 -8 -18 -15 -21 -28 -6 -3
right_child=1 2 7 8 6 10 12 9 11 22 21 -13 -14 25 -16 18 24 -19 -20 26 -22 -23 -24 -25 -26 -27 27 -29 -30 -31
leaf_value=0.010170682453694036 0.0010675801594611217 0.0019224589257053257 -0.0005311781035055379 0.0038231985022363895 0.00054966511721598113 -0.00010651556652840987 0.0047461967996441489 -0.00021044925780867906 0.0013370853478692837 -0.00082372074009702068 0.00024024468049216828 0.00090878213783161257 0.0048211845175849602 -7.3696906010788535e-05 -0.00079497526234885072 0.0012795337838631266 0.0025994657868591213 0.00081627619018033708 0.0028832789160366107 8.5549225238243398e-05 0.0023515777408137854 -0.00030522007633050483 -0.0012931507519456404 0.0074374448113262029 0.0011072989201799169 0.0011753485015139982 0.00087142171734822557 0.00020198018070138106 0.0032434494531576258 0.00051922573624129157
leaf_weight=804 4015 569 22975 1341 164 3710 202 9121 2585 9065 6851 5538 783 13032 29141 3568 2529 7376 963 10020 4127 20148 25515 1131 639 765 5106 4928 926 5099
leaf_count=804 4015 569 22975 1341 164 3710 202 9121 2585 9065 6851 5538 783 13032 29141 3568 2529 7376 963 10020 4127 20148 25515 1131 639 765 5106 4928 926 5099
internal_value=-6.32882e-13 -0.000122864 -0.000415505 0.00100889 0.00608885 0.000252784 0.00506521 -0.00070988 0.00182604 -0.000899861 2.9461e-05 0.00148524 0.00621241 -0.000333544 -0.000655634 0.00108671 0.00275195 0.000507458 0.00162039 0.000439918 0.00196087 -0.000166808 -0.00117009 0.00702962 0.00229849 -4.44129e-06 0.000314254 0.000542639 0.00283815 0.000660094
internal_weight=202736 198726 157898 40828 4010 48284 3206 109614 16759 72842 38085 12250 2116 36772 38262 10199 4509 11086 4531 24069 6712 26999 34580 1333 3168 13797 20054 10034 1090 5668
internal_count=202736 198726 157898 40828 4010 48284 3206 109614 16759 72842 38085 12250 2116 36772 38262 10199 4509 11086 4531 24069 6712 26999 34580 1333 3168 13797 20054 10034 1090 5668
is_linear=0
shrinkage=0.02


Tree=14
num_leaves=31
num_cat=0
split_feature=10 10 34 14 10 14 34 10 45 34 34 10 34 34 45 43 34 14 45 34 34 14 43 45 14 14 10 34 43 14
split_gain=364.152 158.176 69.0814 51.7939 40.2291 19.6666 19.3783 15.8982 11.234 11.0689 8.2452 7.29044 7.04107 6.72799 6.2592 5.84772 5.77614 4.53292 4.16602 3.58944 3.47712 3.35956 3.17543 2.7106 3.04304 2.42743 2.35632 2.25741 2.07012 1.99749
threshold=-101.7825 -16.792500000000008 -0.022374440849724644 0.6034166666666676 -209.34899999999996 1.0885166666666681 -0.003305117543184979 -47.616000000000007 0.064775413711466515 -0.055727912998842839 -0.00574187746612173 -2.4260000000000095 -0.0080906928897191751 -0.065533267403222698 0.049058573169016774 6.2399999999950539 0.0024496133648997608 0.544316666666668 0.063592384609883826 0.038381522042216225 0.0057326888546153695 0.35111666666666758 7.0000000000014557 0.051360135937023245 1.9310500000000015 0.4080000000000012 -24.126500000000021 -0.018015758175802577 13.760000000002039 1.7400000000000009
decision_type=2 2 2 2 2 2 2 2 2 2 2 2 2 2 2 2 2 2 2 2 2 2 2 2 2 2 2 2 2 2
left_child=4 3 9 12 27 25 15 13 11 23 22 -8 21 29 -11 18 28 -16 -4 -15 -10 -2 -9 -3 -25 -6 -14 -1 -7 -5
right_child=1 2 6 7 5 16 8 10 20 14 -12 -13 26 19 17 -17 -18 -19 -20 -21 -22 -23 -24 24 -26 -27 -28 -29 -30 -31
leaf_value=0.01102439387856287 0.00042080062717987941 0.0011150249462707356 -0.00049734044073811601 0.0032578004143806361 0.00053867183224547155 0.0058862190135097782 -0.00037041010020614037 0.0012732474499947788 -0.00069825919805659945 6.5031832925695668e-05 0.00070335297417403536 -0.00081939728417674065 0.00029093145308875594 0.0024914424257034755 0.00044849014392492814 0.00024263429790311142 0.0047247608199996322 0.0014129198402621935 8.2273596822752084e-05 0.00099421562293075592 -0.0013792956630353486 0.0011041772883363969 0.0021484773562555565 0.0020111744458099754 0.0054844232812233341 0.0031785804717772599 -0.0001615167741276261 0.0089048712211951351 0.0075084790084352804 0.0056441355148951211
leaf_weight=403 5919 1828 24935 253 164 509 20807 3085 3773 11190 5611 47467 13286 4981 5633 7424 783 2981 6192 735 14613 5600 3585 1358 109 926 7046 401 824 315
leaf_count=403 5919 1828 24935 253 164 509 20807 3085 3773 11190 5611 47467 13286 4981 5633 7424 783 2981 6192 735 14613 5600 3585 1358 109 926 7046 401 824 315
internal_value=-2.17078e-13 -0.000120407 -0.000449389 0.000847368 0.00596707 0.0049639 -0.000634785 0.00168702 -0.000800734 0.000555574 0.00126836 -0.000682565 0.00035796 0.00250521 0.000376993 -0.000261742 0.00608817 0.000782245 -0.00038204 0.00229892 -0.00123954 0.000753026 0.00174367 0.00162891 0.00226924 0.00278138 0.000134137 0.00996727 0.00688903 0.00458121
internal_weight=202736 198726 148310 50416 4010 3206 125211 18565 86660 23099 12281 68274 31851 6284 19804 38551 2116 8614 31127 5716 18386 11519 6670 3295 1467 1090 20332 804 1333 568
internal_count=202736 198726 148310 50416 4010 3206 125211 18565 86660 23099 12281 68274 31851 6284 19804 38551 2116 8614 31127 5716 18386 11519 6670 3295 1467 1090 20332 804 1333 568
is_linear=0
shrinkage=0.02


Tree=15
num_leaves=31
num_cat=0
split_feature=10 10 34 14 10 14 10 34 10 41 34 43 43 34 10 43 34 34 34 34 14 12 34 6 43 14 14 14 14 41
split_gain=349.732 151.988 71.8026 43.9316 38.636 18.8878 17.5583 16.7884 11.9204 7.94511 7.00997 5.76147 5.62262 5.56068 5.3762 5.35544 5.13665 5.11466 4.68136 3.6442 3.17003 3.04908 2.92401 2.84045 2.75507 2.70707 2.35125 2.23679 2.21006 2.17309
threshold=-101.7825 -21.42100000000001 -0.014313103703530667 0.62598333333333456 -209.34899999999996 1.0885166666666681 -2.8685000000000165 -0.041230039570675385 -56.553500000000007 75.286886012984112 0.0066123740097610252 4.9000000000014561 4.2400000000008733 0.0066123740097610252 -5.4410000000000132 8.3199999999997107 -0.015918988061964713 -0.030294392944595658 -0.077864218579604044 0.0094547923130933239 0.32091666666666713 0.78960000000000108 0.0012223605708157885 0.22028333333333294 6.3800000000002912 0.33003333333333379 0.52300000000000157 1.8278500000000011 2.5471500000000016 29.66226343174279
decision_type=2 2 2 2 2 2 2 2 2 2 2 2 2 2 2 2 2 2 2 2 2 2 2 2 2 2 2 2 2 2
left_child=4 3 7 16 27 26 11 18 17 12 15 22 -8 21 20 -10 -2 28 -3 -13 -9 -7 -4 -19 -16 -18 -6 -1 -5 -20
right_child=1 2 6 8 5 13 9 14 10 -11 -12 19 -14 -15 24 -17 25 23 29 -21 -22 -23 -24 -25 -26 -27 -28 -29 -30 -31
leaf_value=0.0076093269778836157 0.00096698537498000686 0.0023792977066111917 -0.00021867639046107662 0.0033460711256576348 0.0011029667874753171 0.0045712795851131282 -0.0008803582008671554 5.2817153063366621e-05 0.0013423762241736074 -0.0011940883054709361 0.00070133972242397333 0.00045120005005776817 -0.00049876826644700435 0.004540284733341394 -0.00019888874243585909 0.0023986700527782092 5.0609375195890832e-05 0.0025598144719050004 0.0007920449568030438 -0.00024527572818307892 0.00081050191597922816 0.0071135260845001181 -0.0006332511470556651 0.00099311037604611955 0.00031338015407474573 0.00052429952816046696 0.0032574609967672358 0.010283458681980891 0.0054027472182624891 0.0016544105057858943
leaf_weight=155 6059 1066 11798 1033 269 225 34187 3534 4469 17145 3335 5401 28175 721 14546 3366 9177 2374 5943 6774 5890 1170 16080 575 5904 10178 821 649 262 1455
leaf_count=155 6059 1066 11798 1033 269 225 34187 3534 4469 17145 3335 5401 28175 721 14546 3366 9177 2374 5943 6774 5890 1170 16080 575 5904 10178 821 649 262 1455
internal_value=5.03588e-14 -0.000117999 -0.000399252 0.00096972 0.00584773 0.00486462 -0.000640761 0.000353912 0.00181212 -0.000812787 0.00146929 -0.000299283 -0.000707957 0.0059664 0.00013114 0.00179617 0.000458792 0.00271443 0.0011402 6.36907e-05 0.00052637 0.00670349 -0.000457803 0.00225434 -5.09946e-05 0.000299704 0.00272576 0.00976792 0.00376217 0.000961651
internal_weight=202736 198726 157898 40828 4010 3206 119560 38338 15414 79507 11170 40053 62362 2116 29874 7835 25414 4244 8464 12175 9424 1395 27878 2949 20450 19355 1090 804 1295 7398
internal_count=202736 198726 157898 40828 4010 3206 119560 38338 15414 79507 11170 40053 62362 2116 29874 7835 25414 4244 8464 12175 9424 1395 27878 2949 20450 19355 1090 804 1295 7398
is_linear=0
shrinkage=0.02


Tree=16
num_leaves=31
num_cat=0
split_feature=10 10 9 14 10 29 14 10 43 41 14 41 10 43 43 43 41 29 42 42 43 14 12 9 14 6 6 10 14 29
split_gain=335.882 146.186 51.0086 47.9487 37.106 20.2613 18.1399 14.9596 13.9815 8.53695 6.37853 6.10441 5.84262 5.82423 5.567 5.11111 4.56307 4.55702 4.28485 3.91683 3.77478 3.55217 2.6198 2.2673 2.26296 2.1707 2.11701 1.83767 1.8192 1.7998
threshold=-101.7825 -16.792500000000008 -3.8610000000000002 0.56763333333333454 -209.34899999999996 -0.013820423981164563 1.0885166666666681 -54.442500000000003 6.6599999999962174 72.588533888818787 2.3338833333333349 68.421052626759248 -2.8685000000000165 6.3800000000002912 7.0000000000014557 7.6400000000008736 66.50774528468223 -0.022361272396759221 0.70124134967005158 0.51343748924280075 5.6000000000014554 3.7055333333333342 0.91600000000000592 -9.9359999999999893 0.4080000000000012 -0.49360000000000032 0.24796666666666642 6.8334999999999848 0.30510000000000087 -0.070756870300714411
decision_type=2 2 2 2 2 2 2 2 2 2 2 2 2 2 2 2 2 2 2 2 2 2 2 2 2 2 2 2 2 2
left_child=4 3 8 16 25 13 24 15 17 12 18 14 -7 -4 -9 26 20 -3 -10 22 -2 -17 -8 -19 -6 -1 -5 -11 -22 -15
right_child=1 2 5 7 6 9 19 11 10 27 -12 -13 -14 29 -16 21 -18 23 -20 -21 28 -23 -24 -25 -26 -27 -28 -29 -30 -31
leaf_value=0.010686859336288218 0.00028898852777788748 0.00042194143755790213 -0.0003625282106087354 0.0019182415199145448 0.00050583905059048309 -0.0003375444977415736 0.0047328521101735535 0.00099287732991788541 0.0010218383949404219 -0.00092454194781215349 0.0039683093502038812 0.00029681985808982986 -0.00077924205317103201 0.00093932934811912102 0.0018276500791201079 0.0028359850841841896 -0.00013931203655206205 0.00019907987399018199 3.9983144294979543e-05 0.0047823405073346842 0.00030499652191571223 0.005649876867656241 0.0069948864682032761 -0.00032222318722636875 0.0030547456434647782 0.0086033876870953759 -0.00028680214932615648 -0.0012716122738803603 0.0010618345120843255 0.00013850928500041981
leaf_weight=374 16950 6825 19324 1703 164 16300 256 6174 7482 11799 259 2257 45187 1323 6624 2967 6909 4498 2332 836 1740 191 1024 12932 926 430 194 12639 4707 7410
leaf_count=374 16950 6825 19324 1703 164 16300 256 6174 7482 11799 259 2257 45187 1323 6624 2967 6909 4498 2332 836 1740 191 1024 12932 926 430 194 12639 4707 7410
internal_value=-2.36475e-13 -0.000115639 -0.000431906 0.000814732 0.00573077 -0.000635456 0.00476733 0.0015719 0.00024396 -0.000787829 0.00087029 0.00125582 -0.000662149 -0.000168814 0.00142494 0.00251328 0.000312301 -1.61525e-05 0.00078853 0.00584707 0.00044566 0.00300617 0.00654248 -0.000187695 0.00267124 0.00957256 0.00169274 -0.00110404 0.000857569 0.000259829
internal_weight=202736 198726 148310 50416 4010 113982 3206 20110 34328 85925 10073 15055 61487 28057 12798 5055 30306 24255 9814 2116 23397 3158 1280 17430 1090 804 1897 24438 6447 8733
internal_count=202736 198726 148310 50416 4010 113982 3206 20110 34328 85925 10073 15055 61487 28057 12798 5055 30306 24255 9814 2116 23397 3158 1280 17430 1090 804 1897 24438 6447 8733
is_linear=0
shrinkage=0.02


Tree=17
num_leaves=31
num_cat=0
split_feature=10 10 34 14 10 34 14 9 34 9 10 10 14 34 34 34 9 41 10 10 9 14 12 34 41 10 14 41 9 14
split_gain=322.581 140.568 67.2954 40.6003 35.6366 20.2993 17.4215 17.0954 11.2819 7.68033 7.1602 6.38053 6.09427 5.48044 5.19679 4.89718 4.00257 3.43155 3.39418 3.24432 3.19448 2.89943 2.83972 2.74966 2.73294 2.48414 2.4369 2.39545 2.20309 2.44888
threshold=-101.7825 -21.42100000000001 -0.0090891730685329335 0.62598333333333456 -209.34899999999996 -0.035373432971301279 1.0885166666666681 -0.82100000000000539 -0.029635933984290767 -4.8689999999999918 -1.1120000000000165 -47.616000000000007 3.7055333333333342 -0.070498786730593274 0.0066123740097610252 -0.0073600695534770683 -8.4569999999999919 75.664558023670722 -56.553500000000007 -5.4410000000000132 -5.7719999999999798 0.48360000000000075 0.78960000000000108 0.052823995921006194 74.888640871267526 -3.5150000000000223 1.1814666666666676 76.515151507042134 -3.3190000000000004 0.3253666666666678
decision_type=2 2 2 2 2 2 2 2 2 2 2 2 2 2 2 2 2 2 2 2 2 2 2 2 2 2 2 2 2 2
left_child=4 3 5 15 -1 13 -6 16 12 26 24 23 18 -3 22 21 -4 -12 -5 -11 -15 -2 -8 -10 -9 -18 -7 -13 29 -17
right_child=1 2 7 8 6 9 14 10 11 19 17 27 -14 20 -16 28 25 -19 -20 -21 -22 -23 -24 -25 -26 -27 -28 -29 -30 -31
leaf_value=0.0093811136510093419 0.00059630002635463063 0.002052562398389449 8.6937303723569947e-05 0.0033402037618839747 0.0026178156214175007 0.00037241418386663665 0.00438499022540119 -0.00040237849381717243 0.002181769652716391 0.00019117689961415437 -0.00087774507617177676 0.0011462899288584621 0.0064442592217952392 0.0012011663461031098 0.0043514674468561436 1.402202435107364e-05 -0.00020420716111664054 -0.0012569991658550851 0.0020954840546198511 -0.00030808772157322345 0.00048519552970211074 0.0013967914023544567 0.0068384030260718789 0.00055950972634278477 -0.00091040513915286629 -0.00058563999129113478 0.0016482942957384312 -4.3743812628364472e-05 2.6439076100642605e-05 0.00082059718406294333
leaf_weight=804 7352 1550 7956 1219 1090 10236 225 15785 3772 6983 37514 5914 158 4209 721 2451 11979 12799 3117 20461 6113 2401 1170 470 5789 15888 636 764 9306 3904
leaf_count=804 7352 1550 7956 1219 1090 10236 225 15785 3772 6983 37514 5914 158 4209 721 2451 11979 12799 3117 20461 6113 2401 1170 470 5789 15888 636 764 9306 3904
internal_value=5.85498e-13 -0.000113326 -0.000383807 0.000932732 0.00561616 0.000221063 0.00467198 -0.00066565 0.00174256 -2.83035e-06 -0.000843517 0.00139545 0.00258601 0.000943664 0.00573013 0.000441556 -0.000308717 -0.000974223 0.00244542 -0.000181052 0.000777147 0.000793366 0.00644269 0.00200203 -0.000538698 -0.000421676 0.000447052 0.00101014 0.000222465 0.000509517
internal_weight=202736 198726 157898 40828 4010 50188 3206 107710 15414 38316 71887 10920 4494 11872 2116 25414 35823 50313 4336 27444 10322 9753 1395 4242 21574 27867 10872 6678 15661 6355
internal_count=202736 198726 157898 40828 4010 50188 3206 107710 15414 38316 71887 10920 4494 11872 2116 25414 35823 50313 4336 27444 10322 9753 1395 4242 21574 27867 10872 6678 15661 6355
is_linear=0
shrinkage=0.02


Tree=18
num_leaves=31
num_cat=0
split_feature=10 10 9 14 10 31 14 45 10 45 43 10 43 43 9 43 41 41 14 43 42 14 41 12 43 14 14 14 31 43
split_gain=309.807 135.085 47.2449 44.313 34.2254 20.241 16.7316 15.443 13.8912 10.2167 10.0388 5.8193 5.80602 5.28484 4.91156 4.71801 4.38734 4.35942 4.14755 3.69947 3.61946 3.60766 3.10577 2.43432 2.38491 2.19215 2.11607 1.96838 1.88972 1.83011
threshold=-101.7825 -16.792500000000008 -4.8689999999999918 0.57213333333333494 -209.34899999999996 -12.450000000004364 1.0885166666666681 0.047329919044395839 -47.616000000000007 0.062110590146075881 7.2500000000000009 -2.6480000000000201 6.4800000000002926 7.6400000000008736 2.0470000000000019 7.1800000000032016 66.50774528468223 55.145631066464894 1.7400000000000009 4.9000000000014561 0.51343748924280075 1.3052833333333342 62.109800750345492 0.91600000000000592 4.3199999999997098 0.52300000000000157 1.8278500000000011 0.30510000000000087 -35.299999999995627 3.7400000000037839
decision_type=2 2 2 2 2 2 2 2 2 2 2 2 2 2 2 2 2 2 2 2 2 2 2 2 2 2 2 2 2 2
left_child=4 3 7 16 26 12 25 21 13 11 24 -7 28 -5 -11 -10 19 -15 -12 -2 23 29 -17 -8 -9 -6 -1 -21 -4 -3
right_child=1 2 5 8 6 9 20 10 15 14 18 -13 -14 17 -16 22 -18 -19 -20 27 -22 -23 -24 -25 -26 -27 -28 -29 -30 -31
leaf_value=0.0070939555360424898 0.00025128387869212241 -0.00052475152955858172 6.3313754891758839e-05 0.0015538226413122523 0.00099853583352751052 -0.00032150922874702614 0.0045396249035903223 0.00024379847341015961 0.00078671553232686348 -0.0006414689148981598 0.0014580585320262513 -0.00073354698993628525 0.00028874815998689073 0.0031487617493335786 -0.0012993865493212177 0.0017628086885938445 -0.0001365903384293466 0.0017172480272510374 0.0039191241811111143 0.00028793009630334094 0.0045920111587508328 0.001114503044362305 0.00065776891533835804 0.0067201150321238856 0.00086923076434452043 0.0030788605488547781 0.0096949213302374247 0.00097204125753602591 -0.00041527029194102872 -4.5208179680916581e-05
leaf_weight=155 15331 5398 4113 2537 269 19105 256 7147 6962 6355 3523 48558 8938 2829 15881 5066 6956 1217 297 2355 836 834 1273 1024 3702 821 649 5890 16700 7759
leaf_count=155 15331 5398 4113 2537 269 19105 256 7147 6962 6355 3523 48558 8938 2829 15881 5066 6956 1217 297 2355 836 834 1273 1024 3702 821 649 5890 16700 7759
internal_value=-3.24967e-13 -0.000111059 -0.000415081 0.00078329 0.00550384 -0.000589786 0.00457854 0.000314276 0.00151804 -0.000739431 0.000767676 -0.000617206 -0.000137601 0.00226945 -0.00111136 0.00114614 0.000304785 0.00271818 0.0016494 0.000435012 0.00561553 -0.000161095 0.00154089 0.00628402 0.000457214 0.00256546 0.00919349 0.00077664 -0.000320694 -0.000241953
internal_weight=202736 198726 148310 50416 4010 119650 3206 28660 19884 89899 14669 67663 29751 6583 22236 13301 30532 4046 3820 23576 2116 13991 6339 1280 10849 1090 804 8245 20813 13157
internal_count=202736 198726 148310 50416 4010 119650 3206 28660 19884 89899 14669 67663 29751 6583 22236 13301 30532 4046 3820 23576 2116 13991 6339 1280 10849 1090 804 8245 20813 13157
is_linear=0
shrinkage=0.02


Tree=19
num_leaves=31
num_cat=0
split_feature=10 10 34 14 10 9 14 45 34 34 34 43 45 10 14 10 34 45 34 14 43 14 12 34 45 14 41 45 44 14
split_gain=297.539 129.992 63.1213 37.5058 32.8701 23.4073 16.0691 10.7402 10.641 9.57068 7.62694 6.48267 6.40736 5.87664 5.80619 5.49718 4.85745 4.79271 4.61696 4.44365 3.23053 2.7996 2.64557 2.62258 2.53415 2.90446 2.27133 2.18584 2.14889 2.10963
threshold=-101.7825 -21.42100000000001 -0.022374440849724644 0.62598333333333456 -209.34899999999996 -1.23 1.0885166666666681 0.047329919044395839 -0.029635933984290767 -0.055727912998842839 -0.0024842186560654722 7.2500000000000009 0.049939393137914324 -47.616000000000007 3.7055333333333342 -4.3575000000000141 0.0066123740097610252 0.043679996695067176 -0.021534874597406269 0.54000000000000137 6.7000000000014568 0.42486666666666784 0.77800000000000502 0.044247646230098768 0.051360135937023245 2.0424500000000019 76.515151507042134 0.051360135937023245 0.013978003841388477 0.4080000000000012
decision_type=2 2 2 2 2 2 2 2 2 2 2 2 2 2 2 2 2 2 2 2 2 2 2 2 2 2 2 2 2 2
left_child=4 3 9 18 -1 11 29 15 14 24 -9 17 -11 23 20 -7 22 -4 -2 -14 -5 -20 -8 -10 -3 -26 -15 -13 -18 -6
right_child=1 2 5 8 6 7 16 10 13 12 -12 27 19 26 -16 -17 28 -19 21 -21 -22 -23 -24 -25 25 -27 -28 -29 -30 -31
leaf_value=0.0090096215377399574 0.0010166477288420686 0.0010257187645667295 -0.00048770946441626165 0.0014339728902002078 0.00042339525011603966 -0.00016086328982769645 0.0041792773275202231 -0.00042874144220929035 0.0021264189761963283 9.3607246743240857e-05 -0.0011189475998088555 0.00014880175806941898 0.00045774418418073642 0.0011011381458730129 0.0062605501749093016 -0.00065501907354399951 0.0054899737215998237 -3.6302359146321433e-05 0.00014595083940991514 0.0013710212563748268 0.0026801111893111447 0.00064277297951024386 0.0065689937567813914 0.00071965942191960731 0.0018729575736169243 0.0053116976168184052 -5.765471620817671e-05 0.0009052134747283058 0.003266922536317779 0.0028844350059198031
leaf_weight=804 4369 1947 20340 1123 164 11963 220 8051 3621 12117 31305 5326 5776 5914 158 36415 293 17505 14427 3377 3213 6618 1175 621 1528 105 764 2143 428 926
leaf_count=804 4369 1947 20340 1123 164 11963 220 8051 3621 12117 31305 5326 5776 5914 158 36415 293 17505 14427 3377 3213 6618 1175 621 1528 105 764 2143 428 926
internal_value=-4.37416e-13 -0.000108838 -0.000368945 0.000897098 0.00539376 -0.000541763 0.00448697 -0.000732411 0.00167546 0.00055633 -0.000977753 -0.000172642 0.000395304 0.00133835 0.0024946 -0.000532823 0.00550322 -0.000278914 0.000425011 0.000794698 0.00235737 0.000302186 0.00619212 0.00192048 0.00151304 0.00209406 0.000968566 0.000365831 0.00417033 0.00251415
internal_weight=202736 198726 157898 40828 4010 133048 3206 87734 15414 24850 39356 45314 21270 10920 4494 48378 2116 37845 25414 9153 4336 21045 1395 4242 3580 1633 6678 7469 721 1090
internal_count=202736 198726 157898 40828 4010 133048 3206 87734 15414 24850 39356 45314 21270 10920 4494 48378 2116 37845 25414 9153 4336 21045 1395 4242 3580 1633 6678 7469 721 1090
is_linear=0
shrinkage=0.02


Tree=20
num_leaves=31
num_cat=0
split_feature=10 10 9 14 10 29 14 45 10 41 14 10 41 29 14 41 41 45 14 14 42 14 12 29 6 14 44 45 45 29
split_gain=285.756 124.973 44.0344 40.9356 31.5684 17.2551 15.4327 14.0641 12.9932 10.2061 8.29899 6.02369 5.38353 5.10365 4.49451 4.2562 4.05048 3.94496 3.63533 3.61959 3.34669 3.2633 2.26281 2.16863 2.05347 2.04486 2.02596 1.86083 1.66925 1.66368
threshold=-101.7825 -16.792500000000008 -3.8610000000000002 0.56763333333333454 -209.34899999999996 -0.031266103153021467 1.0885166666666681 0.043679996695067176 -54.442500000000003 72.588533888818787 1.4832666666666674 -3.9395000000000207 68.421052626759248 -0.033733270121488738 1.1559000000000015 73.704137802052244 66.50774528468223 0.052857547093518815 1.3052833333333342 3.7055333333333342 0.51343748924280075 0.33225000000000116 0.91600000000000592 -0.070756870300714411 -0.49360000000000032 0.56763333333333454 -0.8606063357929582 0.063592384609883826 0.065689454978437062 -0.031918488586979425
decision_type=2 2 2 2 2 2 2 2 2 2 2 2 2 2 2 2 2 2 2 2 2 2 2 2 2 2 2 2 2 2
left_child=4 3 7 16 24 23 25 18 15 11 13 -7 14 -9 -10 19 21 -11 -3 -5 22 -2 -8 -4 -1 -6 -20 -14 -12 -23
right_child=1 2 5 8 6 9 20 10 12 17 28 -13 27 -15 -16 -17 -18 -19 26 -21 -22 29 -24 -25 -26 -27 -28 -29 -30 -31
leaf_value=0.009913217304224637 0.00018407502131697722 -0.0002833643701710772 0.0007878592243379315 0.0024057456088106915 0.0011081299162469804 -0.00024827873253795179 0.0043541394441308509 0.001088100731440829 0.0010976198854660312 -0.00080159455421596802 0.0020298563059310761 -0.00066038618230801558 0.00048024217139625182 0.00032102719226174173 0.0019565342675968481 0.00057498166868593487 -0.00013616455017722047 -0.0013127689496174033 0.0034663921534584079 0.0052471806789265276 0.0044089593412227519 0.001148491322125538 0.00645641387831347 1.6355608627512282e-05 0.0078867852729420339 0.0030173722307922112 0.00066746851162888059 -0.0012258987669788656 0.004132164499990129 0.00053826426249271777
leaf_weight=374 11964 14892 1693 4370 316 18713 256 4698 9523 13543 389 58663 1963 13268 3275 498 6909 10899 121 187 836 2217 1024 10471 430 774 713 294 247 9216
leaf_count=374 11964 14892 1693 4370 316 18713 256 4698 9523 13543 389 58663 1963 13268 3275 498 6909 10899 121 187 836 2217 1024 10471 430 774 713 294 247 9216
internal_value=-2.67223e-13 -0.000106661 -0.000399083 0.000753563 0.00528588 -0.000588207 0.00439723 0.000228881 0.00145317 -0.000673261 0.000601094 -0.00056072 0.00115859 0.000521612 0.00131742 0.0023305 0.000289328 -0.00102953 -0.000211403 0.00252235 0.00539316 0.000414973 0.00603596 0.000123734 0.00882943 0.00246387 0.00107355 0.000257998 0.00284632 0.000656595
internal_weight=202736 198726 148310 50416 4010 113982 3206 34328 20110 101818 18602 77376 15055 17966 12798 5055 30306 24442 15726 4557 2116 23397 1280 12164 804 1090 834 2257 636 11433
internal_count=202736 198726 148310 50416 4010 113982 3206 34328 20110 101818 18602 77376 15055 17966 12798 5055 30306 24442 15726 4557 2116 23397 1280 12164 804 1090 834 2257 636 11433
is_linear=0
shrinkage=0.02


Tree=21
num_leaves=31
num_cat=0
split_feature=10 10 34 14 10 34 14 10 34 45 43 41 45 10 14 43 34 43 14 14 34 34 34 14 12 43 6 34 34 45
split_gain=274.44 120.414 61.623 31.385 30.3183 18.2882 14.8216 14.7248 9.95704 8.19412 5.28249 5.23548 5.02991 4.86236 4.69937 4.69165 4.54365 4.46548 4.12971 4.08453 3.77553 3.2743 3.16416 2.52047 2.45926 2.29777 2.27842 2.07529 2.03112 1.99658
threshold=-101.7825 -24.126500000000021 -0.0090891730685329335 0.62598333333333456 -209.34899999999996 -0.038177109550729331 1.0885166666666681 -2.8685000000000165 -0.030294392944595658 0.056279252309106985 5.0200000000026206 75.286886012984112 0.051360135937023245 -64.497 2.5471500000000016 4.2400000000008733 0.0024496133648997608 4.5600000000020389 0.52723333333333433 0.93891666666666773 -0.023774771044866732 0.012128137907087737 0.014114095607827878 0.42486666666666784 0.5862000000000045 8.4999999999956355 0.41516666666666652 -0.018015758175802577 -0.077864218579604044 0.053400395940931031
decision_type=2 2 2 2 2 2 2 2 2 2 2 2 2 2 2 2 2 2 2 2 2 2 2 2 2 2 2 2 2 2
left_child=4 3 5 20 27 12 -6 10 14 17 -4 15 28 26 25 -9 24 -7 -11 -14 -2 -15 -12 -22 -8 -5 -10 -1 -3 -13
right_child=1 2 7 8 6 9 16 11 13 18 22 29 19 21 -16 -17 -18 -19 -20 -21 23 -23 -24 -25 -26 -27 -28 -29 -30 -31
leaf_value=0.0096664285519282821 0.0010821566888657675 0.0016944473550721242 -0.00044073438140076213 0.0016153014983826789 0.0024145897749839221 -0.00037509869155881047 0.0032261568582497347 -0.0008472180232507549 0.0024517860073845774 0.00023360764114882713 0.00042435848900146834 -0.00088894693739178805 0.0011403610345312738 0.0014121516492499001 0.004492347409878316 -0.00047672690506370672 0.0040760631091998432 0.00012905295458428564 0.0010258777192388457 0.0025479543459961981 0.00019281855802381998 0.00056479657756263206 -0.00023863613885402994 0.00069166984940419608 0.0062620571146908338 0.0026640813497329691 0.00035867460403948072 0.0076341970558475684 0.00044995676216906365 -0.0013249443184187885
leaf_weight=403 3373 583 26961 1318 1090 15655 117 29670 1812 9289 5389 9747 3776 5294 430 25356 783 12752 3672 1055 12496 2783 6183 5995 1216 2283 235 401 5235 7384
leaf_count=403 3373 583 26961 1318 1090 15655 117 29670 1812 9289 5389 9747 3776 5294 430 25356 783 12752 3672 1055 12496 2783 6183 5995 1216 2283 235 401 5235 7384
internal_value=5.02126e-13 -0.000104528 -0.000336163 0.000941825 0.00518017 0.000231617 0.00430929 -0.000602982 0.00167555 4.13488e-05 -0.000287319 -0.000771551 0.000970747 0.00134084 0.00251619 -0.000676496 0.00528529 -0.000148783 0.000458067 0.00144775 0.000466801 0.00112019 7.01159e-05 0.000354552 0.00599559 0.00228022 0.00221149 0.00865284 0.000574663 -0.00107688
internal_weight=202736 198726 162707 36019 4010 52017 3206 110690 14155 41368 38533 72157 10649 10124 4031 55026 2116 28407 12961 4831 21864 8077 11572 18491 1333 3601 2047 804 5818 17131
internal_count=202736 198726 162707 36019 4010 52017 3206 110690 14155 41368 38533 72157 10649 10124 4031 55026 2116 28407 12961 4831 21864 8077 11572 18491 1333 3601 2047 804 5818 17131
is_linear=0
shrinkage=0.02


Tree=22
num_leaves=31
num_cat=0
split_feature=9 14 29 43 41 43 45 14 43 43 9 9 45 45 43 45 45 6 14 14 45 45 43 43 14 45 13 44 44 44
split_gain=178.857 113.562 33.2554 32.8599 18.3951 17.1996 12.1778 10.6042 10.2817 8.31551 8.00056 6.68931 6.48169 5.898 5.13367 4.58097 4.34305 3.31846 3.19862 2.90672 2.86403 2.80415 2.70971 2.30762 2.13872 2.09565 2.03731 1.9551 1.91292 1.88096
threshold=-7.7274999999999894 2.3338833333333349 -0.031266103153021467 9.3199999999997107 72.950819665881937 6.6599999999962174 0.048169191919144858 1.1814666666666676 10.620000000002621 15.540000000000875 -1.3690000000000007 0.26400000000000418 0.046723101570922417 0.058333333333210002 4.4599999999991278 0.048481319661231488 0.058934799104051812 -0.98366666666666713 0.51053333333333495 3.1651000000000011 0.033499723145039101 0.047877966658491887 5.5199999999997091 3.8400000000008734 1.1559000000000015 0.046112632898555529 2.7852333333333346 -0.31325253014344456 0.31617105583511018 1.8230106865950335
decision_type=2 2 2 2 2 2 2 2 2 2 2 2 2 2 2 2 2 2 2 2 2 2 2 2 2 2 2 2 2 2
left_child=1 3 8 6 5 10 23 21 22 17 25 18 -13 -6 -8 29 -12 27 -7 -17 -9 -5 -2 -1 -16 -4 28 -3 -10 -11
right_child=2 9 4 7 13 11 14 20 26 15 16 12 -14 -15 24 19 -18 -19 -20 -21 -22 -23 -24 -25 -26 -27 -28 -29 -30 -31
leaf_value=-0.00018502547021104868 3.2160624195286621e-05 0.0052452049858868121 -0.00028462282739522796 0.00093834365813588651 -0.00062189990199999225 0.00025801153643754087 0.00062992259417362154 0.0020904225163934243 0.0017917996188038744 0.0056819530467545907 -0.00044291487381608349 0.00031066868886276284 -0.00050013499117008595 -0.0011984411624851115 0.0012218243924470224 0.0053165882123015788 -0.00084189376623346201 0.0050476875383485623 0.0010084051523561041 0.0076011412810218729 0.0032906957168016434 0.0018855581644505615 0.00054458558953845613 0.00036667912792994432 0.0021975487350851166 5.8059482077909677e-05 0.0036247775882834615 0.0021722749083450728 0.00084102615537156341 0.0036819479902020676
leaf_weight=5486 9142 100 16380 2437 20214 4710 8120 1235 1791 421 44399 8627 7265 10938 5780 333 14470 411 4390 673 2233 2567 7526 6781 1064 12652 164 482 1605 340
leaf_count=5486 9142 100 16380 2437 20214 4710 8120 1235 1791 421 44399 8627 7265 10938 5780 333 14470 411 4390 673 2233 2567 7526 6781 1064 12652 164 482 1605 340
internal_value=8.58309e-14 0.00122766 -0.000287446 0.00092551 -0.000394082 -0.000275358 0.000587078 0.00201331 0.000471919 0.00513627 -0.000406989 0.000187612 -5.99888e-05 -0.000824333 0.000970015 0.00595923 -0.000540984 0.00367186 0.000620015 0.00684492 0.00286326 0.00142425 0.000263533 0.000119948 0.00137352 -0.000135284 0.00144759 0.00270027 0.00134245 0.00478839
internal_weight=202736 38463 164273 35703 144045 112893 27231 8472 20228 2760 87901 24992 15892 31152 14964 1767 58869 993 9100 1006 3468 5004 16668 12267 6844 29032 3560 582 3396 761
internal_count=202736 38463 164273 35703 144045 112893 27231 8472 20228 2760 87901 24992 15892 31152 14964 1767 58869 993 9100 1006 3468 5004 16668 12267 6844 29032 3560 582 3396 761
is_linear=0
shrinkage=0.02


Tree=23
num_leaves=31
num_cat=0
split_feature=9 14 34 43 43 45 45 43 14 43 9 44 14 43 43 45 34 6 45 14 14 34 41 44 14 14 44 44 9 44
split_gain=171.774 109.065 45.9978 31.5586 21.0368 14.9326 11.7306 10.6951 10.2265 7.98622 7.01014 5.56541 6.03042 5.47568 4.89186 4.39956 4.34687 3.18705 3.15859 3.08355 2.79162 2.66209 2.58608 2.18618 2.74315 2.14461 2.07408 2.07045 1.98413 1.87768
threshold=-7.7274999999999894 2.3338833333333349 -0.0073600695534770683 9.3199999999997107 7.7800000000002916 0.061214456616367513 0.042470046646997744 5.1800000000032016 1.3876333333333342 15.540000000000875 1.3800000000000148 0.16437313015115834 0.63223333333333387 4.5200000000026206 12.1199999999968 0.048481319661231488 -0.027331438552363738 -0.98366666666666713 0.029067457278993607 1.2370500000000006 3.1651000000000011 0.0022337771493084507 37.469586374049278 2.1876406604074967 1.1559000000000015 1.1559000000000015 0.23589529786104249 -0.22968731659053121 -0.68399999999999161 -0.31325253014344456
decision_type=2 2 2 2 2 2 2 2 2 2 2 2 2 2 2 2 2 2 2 2 2 2 2 2 2 2 2 2 2 2
left_child=1 3 4 6 16 7 -1 28 18 17 21 12 -9 -8 26 -11 -2 29 -5 -13 -17 -7 -18 24 -16 -15 -6 -12 -4 -3
right_child=2 9 5 8 14 10 13 11 -10 15 27 19 -14 25 23 20 22 -19 -20 -21 -22 -23 -24 -25 -26 -27 -28 -29 -30 -31
leaf_value=4.70125583829268e-05 0.00035714830674896152 0.0051403008591383694 -0.00037971890864635843 0.00076231383643094667 0.00096754362616768971 4.8150834027572792e-05 0.00057562066468323206 -6.4663586753939856e-05 0.0030242947890835991 0.0046926218885013594 -0.00090121532984781553 -0.00052417831866700601 0.00079135915463251214 0.001155460127452054 0.0013780825499122807 0.0052102563852883385 -0.00024966563704829556 0.0049467338023507865 0.0017989178471855755 0.00031454727903572636 0.0074491184468091888 -0.0007053119302525006 0.00012910432157042513 0.00036845177497641074 0.002664485546621988 0.0020812871284665896 0.00029639480804686348 -0.0013106063122579506 -0.00063255507352582782 0.0021288294045841978
leaf_weight=10394 10183 100 19090 1622 4435 3080 9270 11730 2576 761 9417 10496 4576 6380 2068 333 20697 411 4274 2105 673 4797 11065 504 976 1187 3150 10397 35507 482
leaf_count=10394 10183 100 19090 1622 4435 3080 9270 11730 2576 761 9417 10496 4576 6380 2068 333 20697 411 4274 2105 673 4797 11065 504 976 1187 3150 10397 35507 482
internal_value=4.30235e-13 0.00120311 -0.000281697 0.000907 0.000202699 -0.000512919 0.000575336 -0.000379453 0.00197304 0.00503355 -0.000915395 -6.83882e-05 0.000175565 0.000901486 0.000975551 0.00584004 -2.43054e-06 0.00359842 0.00151375 -0.000384069 0.00670802 -0.000410699 -0.000117713 0.00158853 0.00179054 0.00130069 0.00068882 -0.00111604 -0.00054415 0.00264626
internal_weight=202736 38463 164273 35703 53078 111195 27231 83504 8472 2760 27691 28907 16306 16837 11133 1767 41945 993 5896 12601 1006 7877 31762 3548 3044 7567 7585 19814 54597 582
internal_count=202736 38463 164273 35703 53078 111195 27231 83504 8472 2760 27691 28907 16306 16837 11133 1767 41945 993 5896 12601 1006 7877 31762 3548 3044 7567 7585 19814 54597 582
is_linear=0
shrinkage=0.02


Tree=24
num_leaves=31
num_cat=0
split_feature=10 10 9 14 10 29 14 45 10 43 45 41 43 43 14 43 43 9 41 29 14 43 9 10 44 6 14 44 45 43
split_gain=252.181 111.439 39.0392 34.5427 28.0177 14.8554 13.034 12.9711 11.198 9.82721 9.3002 5.23958 5.16369 4.55714 4.42882 4.14936 4.13794 3.92771 3.50283 3.48902 2.99226 2.89837 2.68553 2.11241 1.96799 1.84434 1.79336 1.78801 1.77675 1.76419
threshold=-101.7825 -17.506000000000011 -3.8610000000000002 0.56763333333333454 -209.34899999999996 -0.011493369977205735 0.87030000000000085 0.043679996695067176 -56.553500000000007 5.4799999999973812 0.047329919044395839 68.421052626759248 5.4799999999973812 4.0199999999997091 1.7400000000000009 7.0000000000014557 7.6400000000008736 3.5330000000000026 66.50774528468223 -0.024693366458611306 1.3052833333333342 4.8600000000020378 2.2770000000000015 74.463999999999984 -0.74994247347277343 0.24796666666666642 1.8278500000000011 0.17929635389578544 0.065993369022535817 20.519999999999715
decision_type=2 2 2 2 2 2 2 2 2 2 2 2 2 2 2 2 2 2 2 2 2 2 2 2 2 2 2 2 2 2
left_child=4 3 7 18 26 12 -6 20 16 23 13 15 -4 -7 -11 -10 25 -12 21 29 -3 -2 -18 -9 -22 -5 -1 -14 -13 -8
right_child=1 2 5 8 6 10 19 9 11 14 17 28 27 -15 -16 -17 22 -19 -20 -21 24 -23 -24 -25 -26 -27 -28 -29 -30 -31
leaf_value=0.0063711382169877326 0.00024383141108063556 -0.00027004456167663667 -0.00037620271557365427 0.0016802245992087155 0.0019442307413127158 -0.00067521386953061247 0.0051335387898885686 0.00018625767866535346 0.0008948352837187595 0.00102838866523987 -0.00067499688523531254 0.00042290086731417841 0.00039460046364037506 -0.00027469532926613599 0.0031937787773320455 0.0016167938070172291 0.0030100071929436874 -0.0010921879076161163 -0.00011037910025028695 0.0042190568460561961 0.0030671050403395608 0.00071764859691078456 0.0015372404731543408 0.0030357220605614459 0.0005117389565542132 -0.00045114006310161513 0.0087655772344540743 -9.9365257214674467e-05 -0.0013651412376761438 0.0068699349108678484
leaf_weight=155 14528 15204 19608 1508 815 25689 643 11710 6122 6811 15213 2006 6024 20377 400 6636 2302 22198 6641 1380 145 8012 631 105 715 182 649 5709 250 368
leaf_count=155 14528 15204 19608 1508 815 25689 643 11710 6122 6811 15213 2006 6024 20377 400 6636 2302 22198 6641 1380 145 8012 631 105 715 182 649 5709 250 368
internal_value=-6.27005e-13 -0.000100199 -0.00037047 0.000729734 0.00496564 -0.000548894 0.00412846 0.000213353 0.00137826 0.000566682 -0.000688287 0.00111325 -0.00017762 -0.000498047 0.0011485 0.00127036 0.00223896 -0.000922539 0.000293313 0.00487298 -0.000205125 0.000412253 0.00269316 0.000211581 0.000942586 0.00145069 0.00830396 0.000154248 0.000224758 0.00576558
internal_weight=202736 198726 149908 48818 4010 114818 3206 35090 19637 19026 83477 15014 31341 46066 7211 12758 4623 37411 29181 2391 16064 22540 2933 11815 860 1690 804 11733 2256 1011
internal_count=202736 198726 149908 48818 4010 114818 3206 35090 19637 19026 83477 15014 31341 46066 7211 12758 4623 37411 29181 2391 16064 22540 2933 11815 860 1690 804 11733 2256 1011
is_linear=0
shrinkage=0.02


Tree=25
num_leaves=31
num_cat=0
split_feature=10 10 34 10 14 34 10 14 34 45 9 10 45 43 45 34 34 14 43 9 14 34 34 43 9 9 43 6 44 14
split_gain=242.194 107.293 53.7969 26.9082 26.7851 16.0748 13.5017 12.5785 9.06159 7.49958 6.30601 5.54713 5.50225 4.60369 4.54659 4.37781 4.0574 3.87482 3.84081 3.78542 3.57257 2.93805 2.87732 2.78384 2.53392 2.22526 2.19797 2.11413 2.09777 2.07917
threshold=-101.7825 -24.126500000000021 -0.0090891730685329335 -209.34899999999996 0.58783333333333376 -0.038177109550729331 -2.8685000000000165 1.0885166666666681 -0.05112871521569394 0.056573077994046671 -0.75299999999999712 -64.497 0.053130755064383438 5.0200000000026206 0.051360135937023245 0.012128137907087737 0.0066123740097610252 3.7055333333333342 4.5600000000020389 -4.8689999999999918 0.54000000000000137 -0.023774771044866732 0.013250724932985221 12.9699999999968 -8.0744999999999898 1.1720000000000066 14.420000000002622 0.41516666666666652 0.013978003841388477 0.39430000000000137
decision_type=2 2 2 2 2 2 2 2 2 2 2 2 2 2 2 2 2 2 2 2 2 2 2 2 2 2 2 2 2 2
left_child=3 4 5 -1 21 14 13 -5 17 18 23 27 -12 -4 -3 -13 24 -6 -7 -11 -16 -2 -15 -8 26 29 -9 -10 -18 -23
right_child=1 2 6 7 8 9 10 16 11 19 12 15 -14 22 20 -17 28 -19 -20 -21 -22 25 -24 -25 -26 -27 -28 -29 -30 -31
leaf_value=0.0081378835013405006 0.00098786172876776015 0.00053004100426223269 -0.00040709824136363795 0.0023004446544010503 0.00258614614338385 -0.00035435474289325058 -0.00046441241590312247 0.0041676434584160833 0.0023376159831693675 0.00079345251700459532 -0.00067198335526609987 0.0013886151560378458 -0.0010878528923383114 0.00041860209794316553 0.00074457456607973627 0.00049269807938012332 0.0050306755120614888 0.0065721109516701653 0.00011191453204088223 0.00010527060772523003 0.0018406766439490504 0.00026776163152963375 -0.0002153414700723243 0.00085142126625842762 0.0076704468684637862 -3.0147211625815329e-05 0.0059206687254015648 0.0003763318949423284 0.0028342301284317167 0.00080489624678034804
leaf_weight=804 3093 5818 26961 1090 1845 15740 18734 473 2401 6181 31323 7720 21434 5205 2118 3041 293 103 12824 6623 2713 7878 6367 666 198 5150 724 242 428 4546
leaf_count=804 3093 5818 26961 1090 1845 15740 18734 473 2401 6181 31323 7720 21434 5205 2118 3041 293 103 12824 6623 2713 7878 6367 666 198 5150 724 242 428 4546
internal_value=2.13157e-14 -9.81955e-05 -0.000316846 0.00486633 0.000889507 0.000213656 -0.000566147 0.00404589 0.00152231 3.52733e-05 -0.000727564 0.00133707 -0.000840942 -0.000263879 0.000906615 0.00113543 0.00494501 0.0027969 -0.00014502 0.000437483 0.00136013 0.000419446 6.98017e-05 -0.00041924 0.00557463 0.000319405 0.00522795 0.00215804 0.00372682 0.000464302
internal_weight=202736 198726 162707 4010 36019 52017 110690 3206 15352 41368 72157 13404 52757 38533 10649 10761 2116 1948 28564 12804 4831 20667 11572 19400 1395 17574 1197 2643 721 12424
internal_count=202736 198726 162707 4010 36019 52017 110690 3206 15352 41368 72157 13404 52757 38533 10649 10761 2116 1948 28564 12804 4831 20667 11572 19400 1395 17574 1197 2643 721 12424
is_linear=0
shrinkage=0.02


Tree=26
num_leaves=31
num_cat=0
split_feature=10 10 34 14 10 34 14 34 34 43 10 43 10 14 34 34 41 41 42 43 43 12 41 13 43 10 34 10 44 34
split_gain=232.603 103.192 46.0128 32.3644 25.8426 13.5461 12.1129 11.0189 7.8738 6.5967 5.88622 5.42188 5.04352 4.46998 4.31975 4.11849 3.57304 3.04821 2.99949 2.73724 2.69317 2.42937 2.36562 2.20987 2.20198 2.09657 1.86884 1.56388 1.41459 1.40602
threshold=-101.7825 -16.792500000000008 -0.022374440849724644 0.56763333333333454 -209.34899999999996 -0.0012528802163001287 0.87030000000000085 -0.01010593376398859 -0.055727912998842839 10.480000000003203 -1.7765000000000166 4.2800000000002916 -38.899500000000003 3.7055333333333342 -0.0012528802163001287 0.0024496133648997608 27.187259378609742 75.664558023670722 0.25136141152443836 4.8200000000026195 6.8800000000002912 0.78960000000000108 76.081714743541369 2.7852333333333346 4.6000000000014554 -2.8685000000000165 -0.018015758175802577 -54.442500000000003 -0.89482373785314351 -0.035373432971301279
decision_type=2 2 2 2 2 2 2 2 2 2 2 2 2 2 2 2 2 2 2 2 2 2 2 2 2 2 2 2 2 2
left_child=4 3 8 14 26 11 -6 9 23 24 19 25 22 -11 20 21 29 -12 -13 -7 -2 -8 -9 -3 -5 -4 -1 -22 -17 -10
right_child=1 2 5 7 6 10 15 12 16 13 17 18 -14 -15 -16 28 -18 -19 -20 -21 27 -23 -24 -25 -26 -27 -28 -29 -30 -31
leaf_value=0.0089369766743248209 0.00038802051806002087 0.0012623612988060422 -0.00015962954663105832 0.00088936896247869383 0.0018593372330869395 -0.00056176935990464975 0.0035499261214781692 0.0015039819641508895 0.00032992567264078482 0.0023036721930369624 -0.00068862953166897464 -0.00027759822344879657 0.00043372731164626664 0.0055535673515431675 3.4355627520169459e-05 0.0058833754983140477 0.00063280209788186647 -0.0010160014211993825 0.00028251087185654516 -0.00011793849249522809 0.002282857067004946 0.005719801620726982 0.00025266609819261303 0.0040162386595894977 0.0016743698580729471 -0.00052121652286068337 0.0070084776872411337 0.00089178338110925282 0.0033773836333438486 -0.00010993862274356737
leaf_weight=403 12442 3174 9708 2245 815 16503 249 4127 5235 3459 39779 6323 5459 178 15183 101 8033 15934 9678 8381 376 1206 708 121 3934 18905 401 2305 835 6536
leaf_count=403 12442 3174 9708 2245 815 16503 249 4127 5235 3459 39779 6323 5459 178 15183 101 8033 15934 9678 8381 376 1206 708 121 3934 18905 401 2305 835 6536
internal_value=-4.47744e-13 -9.62315e-05 -0.000361952 0.000685444 0.004769 -0.000513259 0.00396497 0.00130751 0.000458228 0.00178693 -0.000668031 -0.000233657 0.000850353 0.00246273 0.000272662 0.00468271 0.00030761 -0.000782258 6.11766e-05 -0.000412286 0.000511913 0.00534846 0.00132075 0.00136349 0.00138916 -0.000398535 0.00797513 0.00108688 0.0036478 8.56853e-05
internal_weight=202736 198726 148310 50416 4010 125211 3206 20110 23099 9816 80597 44614 10294 3637 30306 2391 19804 55713 16001 24884 15123 1455 4835 3295 6179 28613 804 2681 936 11771
internal_count=202736 198726 148310 50416 4010 125211 3206 20110 23099 9816 80597 44614 10294 3637 30306 2391 19804 55713 16001 24884 15123 1455 4835 3295 6179 28613 804 2681 936 11771
is_linear=0
shrinkage=0.02


Tree=27
num_leaves=31
num_cat=0
split_feature=9 14 34 43 43 45 45 43 14 43 9 44 14 43 43 45 34 6 45 14 44 41 14 13 43 44 44 44 14 45
split_gain=149.168 94.2492 39.9465 27.3755 18.4075 13.5455 10.6946 9.45103 8.74911 6.91389 6.00102 5.30359 5.23091 4.36772 4.34 4.09507 3.78631 2.93923 2.93228 2.79893 2.45558 2.4493 2.34884 2.08322 2.04994 1.95818 1.93523 1.90899 1.8205 1.81424
threshold=-7.7274999999999894 2.3338833333333349 -0.0073600695534770683 9.3199999999997107 7.7800000000002916 0.062707779652269049 0.048169191919144858 5.1800000000032016 1.3876333333333342 15.540000000000875 -2.154999999999982 0.16437313015115834 0.63223333333333387 12.1199999999968 4.4599999999991278 0.048481319661231488 -0.027331438552363738 -0.98366666666666713 0.029067457278993607 1.2370500000000006 -0.41212650489820046 37.469586374049278 3.1651000000000011 2.7852333333333346 3.8400000000008734 0.31617105583511018 -0.40173684718654523 0.23589529786104249 1.1559000000000015 0.046112632898555529
decision_type=2 2 2 2 2 2 2 2 2 2 2 2 2 2 2 2 2 2 2 2 2 2 2 2 2 2 2 2 2 2
left_child=1 3 4 6 16 7 24 26 18 17 -7 12 -9 27 -8 -11 -2 -3 -5 -13 -12 -18 -17 25 -1 -15 -4 -6 -16 -10
right_child=2 9 5 8 13 10 14 11 29 15 20 19 -14 23 28 22 21 -19 -20 -21 -22 -23 -24 -25 -26 -27 -28 -29 -30 -31
leaf_value=-0.00018821410049309878 0.00033261406164132064 0.0024322371062729829 -0.0003996276847282408 0.00068992969328843983 0.00090831127848248856 -9.5460430933474991e-05 0.00058314660277063396 -5.5352918214057002e-05 0.0023001798847192691 0.0043253278582719122 -0.00077026360524024874 -0.00050526380927251179 0.00073052107522752737 0.0018561090840796843 0.0011268956742891813 0.0048958742868871214 -0.00023898845865680276 0.0046414559051437517 0.0016887069400720919 0.00027993380462668744 -0.0011927387212929265 0.00012962842026247484 0.0069495234071814361 0.0036446993154567553 0.00033177651027821025 0.00089278099774709081 -0.00063526119944063558 0.00026442818673575179 0.002027108820690128 0.0033624832083075985
leaf_weight=5486 10183 582 29697 1622 4435 3370 8120 11985 1337 761 10067 10750 4723 1715 5780 333 20697 411 4274 2185 12139 11065 673 171 6781 1662 26279 3150 1064 1239
leaf_count=5486 10183 582 29697 1622 4435 3370 8120 11985 1337 761 10067 10750 4723 1715 5780 333 20697 411 4274 2185 12139 11065 673 171 6781 1662 26279 3150 1064 1239
internal_value=-1.17584e-13 0.00112115 -0.000262507 0.000845888 0.000188903 -0.000477984 0.000536987 -0.000357337 0.00183877 0.00468193 -0.000881866 -6.85856e-05 0.000166797 0.000911846 0.000895847 0.00543233 -2.98001e-06 0.00334663 0.00141394 -0.000372627 -0.00100121 -0.000110573 0.00626974 0.00149106 9.92283e-05 0.001382 -0.00051025 0.000640911 0.00126685 0.00281112
internal_weight=202736 38463 164273 35703 53078 111195 27231 85619 8472 2760 25576 29643 16708 11133 14964 1767 41945 993 5896 12935 22206 31762 1006 3548 12267 3377 55976 7585 6844 2576
internal_count=202736 38463 164273 35703 53078 111195 27231 85619 8472 2760 25576 29643 16708 11133 14964 1767 41945 993 5896 12935 22206 31762 1006 3548 12267 3377 55976 7585 6844 2576
is_linear=0
shrinkage=0.02


Tree=28
num_leaves=31
num_cat=0
split_feature=10 10 34 10 13 34 9 13 45 34 45 34 10 45 10 10 9 9 45 34 10 9 10 34 34 41 13 34 10 44
split_gain=218.547 97.4884 47.887 24.3731 20.6017 13.8955 12.6304 9.14809 8.85168 8.63019 6.89526 4.96157 4.59163 4.27776 4.14301 3.60277 3.1773 2.78749 3.4797 2.75651 2.65554 2.50471 2.47245 2.41699 2.40368 2.14482 2.11792 1.86008 1.85444 1.85034
threshold=-101.7825 -24.126500000000021 -0.0098489660756752011 -209.34899999999996 0.55066666666666697 -0.038177109550729331 -0.68399999999999161 0.76373333333333471 0.047329919044395839 -0.030294392944595658 0.056573077994046671 -0.003305117543184979 -4.3575000000000141 0.059217563739495278 -54.442500000000003 -56.553500000000007 -4.8689999999999918 -8.6409999999999823 0.042470046646997744 0.0047955310433470824 -5.4410000000000132 0.78399999999999892 -3.5150000000000223 0.037370911406368654 -0.077864218579604044 74.496644293258726 0.43873333333333164 0.052823995921006194 -56.553500000000007 -1.1044938010256755
decision_type=2 2 2 2 2 2 2 2 2 2 2 2 2 2 2 2 2 2 2 2 2 2 2 2 2 2 2 2 2 2
left_child=3 4 5 -1 21 13 17 29 12 15 20 -9 -8 24 25 -6 -12 18 -4 -10 -7 28 -19 -16 -3 -11 -15 -13 -2 -5
right_child=1 2 6 7 9 10 8 11 19 14 16 27 -14 26 23 -17 -18 22 -20 -21 -22 -23 -24 -25 -26 -27 -28 -29 -30 -31
leaf_value=0.0077362972114290761 0.001151015383062933 0.0016443528112564387 -0.00030289120176478935 0.0044782874544205906 0.0030085315528022259 0.00015719687950708822 -9.6002969415348851e-05 0.0052418613282107663 -0.00061726932946398554 0.0019061496574282366 0.00076351881496269133 0.0038882849634206684 -0.00060207702858786365 0.00068370268154745683 0.00097899344368272646 0.0017716882134474357 0.00011901511836040481 -0.00013182005791518612 0.00050599408504038289 -0.001021633473451821 -0.00027036456570465504 9.1123143069883199e-05 -0.0004916192684329549 -0.00010312888585438425 0.0004359017988370875 0.00040030463436803437 0.0017260328537735544 0.0019169773717664022 0.00048984898620128663 0.0015904008743346004
leaf_weight=804 1955 736 4517 102 1348 8421 9557 1372 9128 2778 5981 797 28728 1124 6633 3128 6264 13854 4021 25812 18744 5944 17031 943 6243 438 2546 252 12852 683
leaf_count=804 1955 736 4517 102 1348 8421 9557 1372 9128 2778 5981 797 28728 1124 6633 3128 6264 13854 4021 25812 18744 5944 17031 943 6243 438 2546 252 12852 683
internal_value=2.55746e-13 -9.32786e-05 -0.0003017 0.00462267 0.000848213 0.000213003 -0.000530425 0.00384183 -0.000685815 0.00140584 3.97909e-05 0.00445018 -0.000475747 0.000854028 0.00109961 0.00214418 0.000433819 -0.000241802 7.80561e-05 -0.000915994 -0.000137823 0.000437926 -0.000330225 0.000844299 0.000563344 0.00170106 0.0014068 0.00341472 0.000577144 0.00196564
internal_weight=202736 198726 162707 4010 36019 50059 112648 3206 73225 15268 39410 2421 38285 10649 10792 4476 12245 39423 8538 34940 27165 20751 30885 7576 6979 3216 3670 1049 14807 785
internal_count=202736 198726 162707 4010 36019 50059 112648 3206 73225 15268 39410 2421 38285 10649 10792 4476 12245 39423 8538 34940 27165 20751 30885 7576 6979 3216 3670 1049 14807 785
is_linear=0
shrinkage=0.02


Tree=29
num_leaves=31
num_cat=0
split_feature=10 10 34 14 10 34 14 10 45 34 34 45 43 10 34 34 34 45 42 45 43 34 14 12 45 13 45 34 34 45
split_gain=209.893 93.701 41.1233 29.0191 23.408 12.6311 10.9302 9.98287 8.21895 6.84315 6.4476 5.00024 4.80643 4.48822 3.9619 3.88879 3.67613 3.10069 2.9052 2.78231 2.44603 2.43538 2.42246 2.24449 2.19417 1.97798 1.86646 1.74528 1.74329 1.56034
threshold=-101.7825 -16.792500000000008 -0.023313443908957194 0.56763333333333454 -209.34899999999996 -0.0018578672368498503 0.87030000000000085 -54.442500000000003 0.064775413711466515 -0.05842326121061308 -0.00574187746612173 0.06661918087698615 4.2800000000002916 -2.4260000000000095 -0.065533267403222698 -0.0012528802163001287 0.0024496133648997608 0.061804437799424385 0.25136141152443836 0.042161756552644855 6.8800000000002912 0.044247646230098768 0.71128333333333471 0.5862000000000045 0.051659502975275114 2.7852333333333346 0.063592384609883826 -0.018015758175802577 0.0070725808532638912 0.045481304270772314
decision_type=2 2 2 2 2 2 2 2 2 2 2 2 2 2 2 2 2 2 2 2 2 2 2 2 2 2 2 2 2 2
left_child=4 3 9 15 27 12 -6 14 13 25 19 -11 17 -7 -5 20 23 -4 -14 -9 24 -16 -13 -8 -2 -3 -17 -1 -10 -18
right_child=1 2 5 7 6 8 16 10 28 11 -12 22 18 -15 21 26 29 -19 -20 -21 -22 -23 -24 -25 -26 -27 -28 -29 -30 -31
leaf_value=0.0085110812765492993 0.00015257316537522909 0.0012658661766615357 -0.00048298026259355599 0.0037811394126493602 0.0017647907725289675 -0.0002724561424143883 0.0027501690898859409 0.00084878508806214938 -0.00062649726912660094 0.00015560839778424657 0.00053558055879484407 0.00070977950637056517 -0.00025270277903234465 -0.00063479728659832286 0.0020058734766922608 0.00014247382368591193 0.0039768034499845714 1.8845410958526334e-05 0.00029352415537389206 0.0016305721450667896 0.0010375316483949948 0.0005984004387269774 0.0019585642251234081 0.0053410978092475773 0.00069370460502302101 0.0039441282168921569 -0.00042741985636619205 0.0066474252292640194 -0.0011127181530089293 0.0021558253688049069
leaf_weight=403 7408 2699 21517 460 815 19639 149 2752 3735 15242 6921 3118 6667 45021 4035 12359 675 6387 9367 5382 2681 560 776 1306 5034 115 2824 401 14027 261
leaf_count=403 7408 2699 21517 460 815 19639 149 2752 3735 15242 6921 3118 6667 45021 4035 12359 675 6387 9367 5382 2681 560 776 1306 5034 115 2824 401 14027 261
internal_value=-2.87826e-13 -9.1413e-05 -0.000344619 0.000653449 0.00453021 -0.000483423 0.00376499 0.00124249 -0.00062942 0.000454436 0.000984281 0.000319018 -0.000209551 -0.000524744 0.0020115 0.000262581 0.00444678 -0.000368116 6.64009e-05 0.00136607 0.000489585 0.00183434 0.000958639 0.00507577 0.000371514 0.00137532 3.6475e-05 0.00758157 -0.00101048 0.00346903
internal_weight=202736 198726 148310 50416 4010 126360 3206 20110 82422 21950 15055 19136 43938 64660 5055 30306 2391 27904 16034 8134 15123 4595 3894 1455 12442 2814 15183 804 17762 936
internal_count=202736 198726 148310 50416 4010 126360 3206 20110 82422 21950 15055 19136 43938 64660 5055 30306 2391 27904 16034 8134 15123 4595 3894 1455 12442 2814 15183 804 17762 936
is_linear=0
shrinkage=0.02


Tree=30
num_leaves=31
num_cat=0
split_feature=10 10 9 10 14 45 41 14 43 43 43 45 10 10 14 10 41 14 43 44 42 6 14 44 9 10 9 10 43 14
split_gain=201.581 90.3155 35.9428 22.481 22.2774 14.114 13.1681 10.5151 9.48273 8.95101 7.2274 6.0459 5.56543 5.37615 4.21482 3.81659 3.0682 2.95912 2.80491 2.41867 2.4154 2.16952 2.99416 2.06579 2.06457 2.06299 1.94376 1.93396 1.87448 1.82462
threshold=-101.7825 -24.126500000000021 -3.8610000000000002 -209.34899999999996 0.62598333333333456 0.043679996695067176 62.931630656543597 1.0885166666666681 4.9800000000002926 5.1800000000032016 7.7199999999967988 0.048770059305981876 -4.7945000000000171 -72.730999999999995 1.7400000000000009 -8.7380000000000102 59.150999451524534 0.42790000000000089 7.8599999999962167 2.597237872002077 0.39812182919297578 -0.65279999999999994 1.1559000000000015 -0.87172357069659923 -2.0849999999999844 -0.879000000000007 -1.8710000000000024 -166.39949999999996 18.040000000000877 0.4080000000000012
decision_type=2 2 2 2 2 2 2 2 2 2 2 2 2 2 2 2 2 2 2 2 2 2 2 2 2 2 2 2 2 2
left_child=3 4 5 -1 17 18 8 29 15 -7 21 25 -10 19 -11 -4 -15 -2 -3 -12 26 -6 -23 -22 -19 -8 28 -25 -9 -5
right_child=1 2 6 7 10 9 11 20 12 14 13 -13 -14 16 -16 -17 -18 24 -20 -21 23 22 -24 27 -26 -27 -28 -29 -30 -31
leaf_value=0.0074299397864448493 0.00024953315690353408 -0.00031784421271770105 -0.00012525877618975906 0.00014941243241857715 0.00010609427623960353 0.00022671465139876748 -0.00026379565028232754 0.0041352184851806929 0.00046284186379487891 0.00093173008016417432 0.0026491732588578665 -0.001001281112956299 -0.00018154529908350503 0.0018429770657838697 0.0027674871188322725 -0.00056515814913919867 0.00080273875701322131 0.00099612713723726438 0.00026998995952412822 0.0052191547743524573 0.0065783234978094695 0.0009033180055163677 0.0022049678607985327 0.005178329434690882 0.00030522758868469402 -0.0006671002750679632 0.0078453967697918424 0.0030648208352487016 0.005928578002523016 0.0024381836400887546
leaf_weight=804 14438 14509 9806 164 1040 13362 7966 537 7059 8646 1305 20025 22291 4709 531 40358 1494 4682 4183 165 100 4607 835 226 2744 13971 100 741 412 926
leaf_count=804 14438 14509 9806 164 1040 13362 7966 537 7059 8646 1305 20025 22291 4709 531 40358 1494 4682 4183 165 100 4607 835 226 2744 13971 100 741 412 926
internal_value=-4.76592e-13 -8.95848e-05 -0.000290192 0.00443961 0.000816609 0.000220038 -0.000463373 0.00368969 -0.000312103 0.000557018 0.00143478 -0.000750014 -2.65631e-05 0.00185015 0.00103795 -0.000479167 0.00159243 0.0004164 -0.000186295 0.00293764 0.00451176 0.000943084 0.00110304 0.00384177 0.000740831 -0.000520648 0.00519326 0.00355877 0.00491379 0.00209382
internal_weight=202736 198726 162707 4010 36019 41231 121476 3206 79514 22539 14155 41962 29350 7673 9177 50164 6203 21864 18692 1470 2116 6482 5442 1067 7426 21937 1049 967 949 1090
internal_count=202736 198726 162707 4010 36019 41231 121476 3206 79514 22539 14155 41962 29350 7673 9177 50164 6203 21864 18692 1470 2116 6482 5442 1067 7426 21937 1049 967 949 1090
is_linear=0
shrinkage=0.02


Tree=31
num_leaves=31
num_cat=0
split_feature=10 10 34 14 10 9 34 14 45 34 45 10 10 14 34 34 14 14 34 14 34 45 45 14 12 9 41 34 34 9
split_gain=193.598 86.746 42.7513 22.3285 21.5908 13.1098 10.1706 10.1338 8.14411 7.33493 5.49343 5.21081 4.11874 3.50724 3.43147 3.24981 3.20766 3.12743 3.11546 3.00192 2.70051 2.55745 2.49479 2.19109 2.12361 2.09694 1.94444 1.67617 1.64681 1.56016
threshold=-101.7825 -22.78250000000001 -0.014313103703530667 0.62598333333333456 -209.34899999999996 -0.68399999999999161 -0.042306182433604983 0.87030000000000085 0.047329919044395839 -0.05112871521569394 0.051659502975275114 -47.616000000000007 -4.3575000000000141 3.7055333333333342 0.0024496133648997608 0.0018236664560350496 0.34631666666666755 0.42790000000000089 -0.077864218579604044 1.1814666666666676 0.052823995921006194 0.064775413711466515 0.056871819700567962 2.5471500000000016 0.5862000000000045 -2.0849999999999844 26.855995260359688 -0.018015758175802577 -0.00082026025026581682 -0.95699999999998886
decision_type=2 2 2 2 2 2 2 2 2 2 2 2 2 2 2 2 2 2 2 2 2 2 2 2 2 2 2 2 2 2
left_child=4 3 6 17 27 19 18 -6 12 13 26 20 -7 -5 24 -10 -12 28 -3 22 -11 -20 -4 -13 -9 -19 -8 -1 -2 -26
right_child=1 2 5 9 7 8 10 14 15 11 16 23 -14 -15 -16 -17 -18 25 21 -21 -22 -23 -24 -25 29 -27 -28 -29 -30 -31
leaf_value=0.0081922608532621604 0.00042170123431331183 0.0019056071509291289 -0.00032280864959576634 0.002312876330811957 0.0016899425281823289 -9.249606725599891e-05 -0.00031482478047378462 0.0026179654812502778 -0.00050892986870462991 0.001837422479704921 6.9266177967155238e-05 0.00081161299604895184 -0.00055611227645393547 0.0060369455976255031 0.0033277267435218335 -0.00095736328352119895 0.00073265667023586067 0.00095747124215092073 0.00053617474960190414 0.00063938782762175135 0.0002473021386627187 0.0014158132433445014 3.1917243474111552e-05 0.0028459917139283318 0.0049182792297719734 0.00028641421516838249 9.159549512913533e-05 0.0063658779391326812 1.1981813139521954e-05 0.0073113363321560126
leaf_weight=403 8029 1098 31519 1852 815 10166 8630 149 8426 4693 5027 7405 31155 107 936 27766 6941 5007 5207 1637 470 1772 10597 218 1186 2966 10363 401 7675 120
leaf_count=403 8029 1098 31519 1852 815 10166 8630 149 8426 4693 5027 7405 31155 107 936 27766 6941 5007 5207 1637 470 1772 10597 218 1186 2966 10363 401 7675 120
internal_value=-3.39231e-13 -8.77931e-05 -0.000292365 0.000765719 0.00435082 -0.000477678 0.000283285 0.0036159 -0.000633912 0.00137668 0.000118402 0.00120207 -0.000442051 0.00251628 0.00427238 -0.000852962 0.000454008 0.000385241 0.00091532 -0.000200894 0.00169267 0.000759519 -0.000233554 0.000869791 0.00488008 0.000707834 -9.30729e-05 0.00728134 0.000221459 0.00513816
internal_weight=202736 198726 160304 38422 4010 121266 39038 3206 77513 14745 30961 12786 41321 1959 2391 36192 11968 23677 8077 43753 5163 6979 42116 7623 1455 7973 18993 804 15704 1306
internal_count=202736 198726 160304 38422 4010 121266 39038 3206 77513 14745 30961 12786 41321 1959 2391 36192 11968 23677 8077 43753 5163 6979 42116 7623 1455 7973 18993 804 15704 1306
is_linear=0
shrinkage=0.02


Tree=32
num_leaves=31
num_cat=0
split_feature=14 34 6 14 14 43 34 45 34 43 45 34 34 45 45 43 45 43 34 6 14 43 43 45 14 14 45 43 45 41
split_gain=103.559 45.0589 43.2869 28.716 14.7283 10.5524 8.19565 7.28662 7.08696 6.95922 6.16608 5.73767 4.21651 6.3309 4.17607 3.97996 3.7577 3.40269 3.37918 3.26833 3.04004 2.85182 2.51903 2.23349 2.11463 1.9575 1.91379 1.81236 1.91061 1.78312
threshold=1.1814666666666676 -0.011182320915101998 0.098700000000000079 2.5471500000000016 0.48360000000000075 4.9400000000008744 0.014734690150940173 0.049058573169016774 0.013250724932985221 9.6400000000008745 0.040029968969223388 -0.05842326121061308 -0.00042017028562528865 0.068145390656240465 0.052270522435041746 11.240000000000874 0.067217266334067591 5.780000000003203 0.027391550962391431 -0.84406666666666685 0.43976666666666753 9.8600000000020387 6.7600000000020382 0.053658536585133025 0.4160000000000012 2.5471500000000016 0.064484136490998892 12.740000000000874 0.070411094637924304 75.286886012984112
decision_type=2 2 2 2 2 2 2 2 2 2 2 2 2 2 2 2 2 2 2 2 2 2 2 2 2 2 2 2 2 2
left_child=1 4 3 9 16 12 15 17 20 19 25 27 26 24 29 -4 22 -6 23 -2 -7 -9 -1 -11 -14 -8 -3 -5 -29 -10
right_child=2 5 6 11 7 8 10 21 14 18 -12 -13 13 -15 -16 -17 -18 -19 -20 -21 -22 -23 -24 -25 -26 -27 -28 28 -30 -31
leaf_value=-0.00012387388133007404 -3.1179479871614668e-05 -0.00034609640243156431 0.00048846741042442179 0.0029477714061737059 -6.2925988560218888e-06 -8.7574820249862375e-05 0.00044377252537293764 0.00095342939385875637 2.7939682106319464e-05 0.0020298584650854791 -0.00084044336155166671 0.0034339766189097108 -0.00055828884150106479 -0.0010179718477783398 -0.0006824616411964207 0.0020274613158569738 0.00051703096820003656 0.00069217106056144561 0.0008716009172165225 0.0013575534019530185 0.00040082824406039531 0.0017490523762038485 0.00036433880810530692 0.0029881967793520918 -0.000267824395814117 0.0024679119496628659 9.3006216559198481e-05 0.0052104080321943103 0.007537753878853708 -0.00043157480871509717
leaf_weight=21585 882 22012 1831 100 4769 9386 1155 7707 9875 2544 2938 1644 34301 10365 8577 1062 6228 6723 677 2929 11158 2352 5257 1575 14166 229 4844 540 191 5134
leaf_count=21585 882 22012 1831 100 4769 9386 1155 7707 9875 2544 2938 1644 34301 10365 8577 1062 6228 6723 677 2929 11158 2352 5257 1575 14166 229 4844 540 191 5134
internal_value=1.81894e-13 -0.000142371 0.00143514 0.00222007 0.000339556 -0.000345142 0.000229527 0.000746383 -9.38774e-05 0.00167413 -0.000321961 0.00411861 -0.000474546 -0.000569335 -0.000330419 0.00105342 7.44354e-05 0.00040232 0.00218108 0.00103615 0.00017769 0.00113946 -2.82575e-05 0.0023963 -0.000473392 0.000778692 -0.000266896 0.00547305 0.00581851 -0.000129243
internal_weight=202736 184439 18297 11082 54621 129818 7215 21551 44130 8607 4322 2475 85688 58832 23586 2893 33070 11492 4796 3811 20544 10059 26842 4119 48467 1384 26856 831 731 15009
internal_count=202736 184439 18297 11082 54621 129818 7215 21551 44130 8607 4322 2475 85688 58832 23586 2893 33070 11492 4796 3811 20544 10059 26842 4119 48467 1384 26856 831 731 15009
is_linear=0
shrinkage=0.02


Tree=33
num_leaves=31
num_cat=0
split_feature=10 10 34 14 10 9 14 10 45 34 34 34 45 43 45 34 9 34 34 45 41 41 14 12 43 14 13 43 45 14
split_gain=182.36 82.4184 36.1029 24.7883 20.4302 14.1782 9.38993 9.2435 6.64292 6.29525 5.88571 5.78261 4.30839 4.10786 3.92639 3.73675 3.19702 3.16609 3.09531 2.66564 2.59602 2.1853 2.14123 1.98287 1.97898 1.88151 1.77234 1.59708 1.56056 1.55069
threshold=-101.7825 -16.792500000000008 -0.024279693373350762 0.54000000000000137 -209.34899999999996 -2.5559999999999961 0.87030000000000085 -54.442500000000003 0.047877966658491887 0.0018236664560350496 -0.00574187746612173 -0.05842326121061308 0.06661918087698615 4.1600000000020385 0.05051159177682308 -0.065533267403222698 -10.170999999999987 0.0024496133648997608 -0.0012528802163001287 0.042161756552644855 74.108203255382918 27.187259378609742 0.71858333333333435 0.5862000000000045 2.7600000000020377 0.30510000000000087 2.7852333333333346 5.7400000000008733 0.063592384609883826 1.8278500000000011
decision_type=2 2 2 2 2 2 2 2 2 2 2 2 2 2 2 2 2 2 2 2 2 2 2 2 2 2 2 2 2 2
left_child=4 3 11 18 29 14 -6 15 13 -10 19 26 21 -7 24 -5 -16 23 25 -9 -17 -13 -14 -8 -4 -2 -3 -27 -20 -1
right_child=1 2 5 7 6 8 17 10 9 -11 -12 12 22 -15 16 20 -18 -19 28 -21 -22 -23 -24 -25 -26 27 -28 -29 -30 -31
leaf_value=0.0052760193347930907 0.00019803179087362607 0.0011890398502639456 -0.00053903569908083065 0.0035646677810577359 0.0016538313492701323 -0.00057700162267457385 0.0025375337145654969 0.00076135690862762305 -0.00039281580973592493 -0.00093180275100877158 0.00048492074555053029 -3.8326014229533823e-05 0.00068642171562667846 -0.00022555728273503095 0.00074609169675852647 0.0018524927147076911 6.0831994584204841e-06 0.0032322842820063577 0.00012559100483374022 0.0015035252915620485 0.00033749926090447538 0.00046727864313892255 0.0018911583911605291 0.004972785837854014 -0.00011868762878409665 0.00045216539582195868 0.003724255255059056 0.00106665851682825 -0.00040686352425640531 0.00750256649128094
leaf_weight=155 6810 2699 6790 468 815 31279 149 2939 12536 28092 7541 8680 2945 23149 3111 4273 9365 936 11855 5671 506 5642 738 1306 13169 5123 115 2526 2704 649
leaf_count=155 6810 2699 6790 468 815 31279 149 2939 12536 28092 7541 8680 2945 23149 3111 4273 9365 936 11855 5671 506 5642 738 1306 13169 5123 115 2526 2704 649
internal_value=1.20649e-13 -8.52067e-05 -0.000322679 0.000613373 0.00422264 -0.000448777 0.00350775 0.00112981 -0.000571979 -0.000765495 0.00089288 0.000449513 0.00031774 -0.000427527 -8.77136e-05 0.00185911 0.000190611 0.00413968 0.00023255 0.00125019 0.00169209 0.000160852 0.000927827 0.0047234 -0.000261689 0.000439824 0.00129265 0.000655095 2.66998e-05 0.00707332
internal_weight=202736 198726 148310 50416 4010 127491 3206 21398 95056 40628 16151 20819 18005 54428 32435 5247 12476 2391 29018 8610 4779 14322 3683 1455 19959 14459 2814 7649 14559 804
internal_count=202736 198726 148310 50416 4010 127491 3206 21398 95056 40628 16151 20819 18005 54428 32435 5247 12476 2391 29018 8610 4779 14322 3683 1455 19959 14459 2814 7649 14559 804
is_linear=0
shrinkage=0.02


Tree=34
num_leaves=31
num_cat=0
split_feature=10 10 34 10 14 34 10 14 34 10 10 14 43 41 43 34 14 14 42 13 34 34 41 34 14 14 34 41 44 34
split_gain=175.138 79.2649 38.9582 19.6212 18.9745 12.9374 10.1064 9.01808 6.63064 4.75603 4.40335 3.84862 3.55735 3.42575 3.42889 3.1005 3.0106 2.88429 2.60007 2.56682 2.54645 2.52692 2.26687 2.18528 1.77083 1.74588 1.53789 1.3928 1.3153 1.25294
threshold=-101.7825 -24.126500000000021 -0.0071374498004916206 -209.34899999999996 0.62598333333333456 -0.0330218690192755 -2.8685000000000165 0.87030000000000085 -0.05112871521569394 -5.4410000000000132 -47.616000000000007 0.52300000000000157 5.0200000000026206 75.664558023670722 3.7400000000037839 -0.065533267403222698 3.7055333333333342 0.28360000000000113 0.34109865869004247 3.5299000000000018 -0.023774771044866732 0.052823995921006194 70.405529146374661 0.061204343749087918 2.5471500000000016 0.39970000000000111 -0.018015758175802577 85.0934003286646 -1.6223574671384393 0.027967676773960847
decision_type=2 2 2 2 2 2 2 2 2 2 2 2 2 2 2 2 2 2 2 2 2 2 2 2 2 2 2 2 2 2
left_child=3 4 5 26 20 11 12 -5 16 17 21 -3 27 14 -8 -9 -6 -7 -11 -13 -2 -10 -14 28 -12 -22 -1 -4 -17 -27
right_child=1 2 6 7 8 9 13 15 10 18 24 19 22 -15 -16 23 -18 -19 -20 -21 25 -23 -24 -25 -26 29 -28 -29 -30 -31
leaf_value=0.0078043918477986056 0.00090145783984687698 0.00032055075603083772 -0.00030144973897037574 0.0016207547146352753 0.0022512109732449838 -0.00011836623231854184 -0.00073342927946895402 0.0055776780011179139 0.0017516750026104657 -0.0002702504606226941 0.00079046372384714491 0.00093108409253197426 0.00025480062272417237 -0.00089148231460415965 -0.00040894680945699653 0.0017264504956750616 0.0057686554396398438 0.00047677507602916894 0.00019866978313623452 0.003645709999664818 0.00015254245330169734 0.00021350985807564823 -0.00036884510928599158 0.0015279781989318258 0.0026856508400873854 0.00066796349037249103 0.0060549619753015906 -0.00072939887476413095 0.0040546582344239768 -7.3241360647229703e-05
leaf_weight=403 3373 6588 21852 815 1769 4961 24701 438 4693 22711 6917 7401 7785 16683 27562 103 103 9485 5974 142 11509 470 3328 167 203 5903 401 3534 1683 1079
leaf_count=403 3373 6588 21852 815 1769 4961 24701 438 4693 22711 6917 7401 7785 16683 27562 103 103 9485 5974 142 11509 470 3328 167 203 5903 401 3534 1683 1079
internal_value=-5.22949e-13 -8.35026e-05 -0.000271437 0.00413819 0.000765444 0.000148521 -0.000499495 0.00343759 0.00133595 -2.35517e-05 0.00116696 0.000673727 -0.000230386 -0.000641958 -0.000562307 0.00405688 0.00244475 0.000272394 -0.000172592 0.000982188 0.000396094 0.00161165 6.8038e-05 0.00371581 0.000844498 0.000303909 0.00693185 -0.000361025 0.00392039 0.000553418
internal_weight=202736 198726 162707 4010 36019 57262 105445 3206 14155 43131 12283 14131 36499 68946 52263 2391 1872 14446 28685 7543 21864 5163 11113 1953 7120 18491 804 25386 1786 6982
internal_count=202736 198726 162707 4010 36019 57262 105445 3206 14155 43131 12283 14131 36499 68946 52263 2391 1872 14446 28685 7543 21864 5163 11113 1953 7120 18491 804 25386 1786 6982
is_linear=0
shrinkage=0.02


Tree=35
num_leaves=31
num_cat=0
split_feature=10 10 34 14 10 9 10 14 34 34 34 34 34 10 9 43 34 9 34 14 10 44 43 43 43 13 34 14 14 14
split_gain=168.203 76.2809 30.9839 25.8363 18.8442 12.2738 8.89326 8.69661 5.63081 5.18479 5.03568 4.73518 3.76494 3.19869 3.12429 3.00027 2.90756 2.55435 2.50072 2.23974 2.23923 2.17378 2.07143 1.94202 1.87906 1.86668 1.73352 1.68316 1.67327 1.63251
threshold=-101.7825 -13.847000000000014 -0.023313443908957194 0.61435000000000139 -209.34899999999996 -2.6369999999999996 -47.616000000000007 1.0885166666666681 -0.05842326121061308 -0.011182320915101998 -0.00082026025026581682 -0.00574187746612173 -0.065533267403222698 6.5894999999999975 -6.1529999999999907 3.7199999999997093 0.011574350805135121 -8.0744999999999898 0.044247646230098768 0.35111666666666758 -24.126500000000021 0.013978003841388477 4.2800000000002916 5.8800000000002912 12.319999999999711 2.7852333333333346 0.0092113578576959523 0.4080000000000012 1.5994166666666678 1.5994166666666678
decision_type=2 2 2 2 2 2 2 2 2 2 2 2 2 2 2 2 2 2 2 2 2 2 2 2 2 2 2 2 2 2
left_child=4 3 8 9 -1 15 12 27 25 19 22 23 -5 -12 29 -4 17 24 -14 -2 -11 -18 -7 -8 -9 -3 -17 -6 -19 -10
right_child=1 2 5 6 7 10 11 16 14 20 13 -13 18 -15 -16 26 21 28 -20 -21 -22 -23 -24 -25 -26 -27 -28 -29 -30 -31
leaf_value=0.0067932157729988663 0.00029940460680943074 0.0011341192042069684 -0.00029876110053280613 0.0033061148197921024 4.999583993081593e-05 -0.00048014394003827659 0.00074893871694731618 0.0030809088987066107 0.0005907681485233415 0.00023805933411633485 -0.00051258100964030908 0.00042207832224331525 0.0017414166066600737 -0.00080291254671248076 8.6765287459828741e-05 0.00027758589051565103 0.0044420959141419428 0.0048032145907567578 0.00040148685612022115 0.00085728143671550349 -0.00013185965023072409 0.0020992231795364394 -0.0001340653057149109 0.001426152396135438 0.0047805813358727488 0.0038673879167310165 -0.00017624812017264844 0.0022482533328907492 0.0083763488940894609 0.0023138206570925517
leaf_weight=804 5690 2564 14515 564 164 19430 2682 371 5032 14701 27557 6127 5000 33793 12738 9044 261 101 627 5826 11799 403 10743 4597 871 104 5363 926 109 230
leaf_count=804 5690 2564 14515 564 164 19430 2682 371 5032 14701 27557 6127 5000 33793 12738 9044 261 101 627 5826 11799 403 10743 4597 871 104 5363 926 109 230
internal_value=-1.81722e-14 -8.18325e-05 -0.000332205 0.000531412 0.00405542 -0.000454969 0.00112131 0.00336884 0.000383212 0.000227326 -0.000568463 0.000831773 0.00174826 -0.000672502 0.000256119 -9.5818e-05 0.00411646 0.0046178 0.00159211 0.000581637 7.33547e-05 0.00302014 -0.000356924 0.00117663 0.00427287 0.00124066 0.000108646 0.00191751 0.00665784 0.000666082
internal_weight=202736 198726 141113 57613 4010 120445 19597 3206 20668 38016 91523 13406 6191 61350 18000 28922 2116 1452 5627 11516 26500 664 30173 7279 1242 2668 14407 1090 210 5262
internal_count=202736 198726 141113 57613 4010 120445 19597 3206 20668 38016 91523 13406 6191 61350 18000 28922 2116 1452 5627 11516 26500 664 30173 7279 1242 2668 14407 1090 210 5262
is_linear=0
shrinkage=0.02


Tree=36
num_leaves=31
num_cat=0
split_feature=10 10 34 10 14 34 10 14 45 10 14 45 45 14 34 45 45 14 34 14 41 6 34 34 41 34 34 13 44 34
split_gain=161.542 73.2793 36.0572 18.098 17.7595 11.9895 9.40782 8.35953 5.52869 4.90383 4.43882 4.41207 3.71558 3.66323 3.28325 3.65912 3.30881 2.98499 2.9098 2.78458 2.7081 2.40813 2.33248 2.26257 2.26205 2.23027 2.05052 1.88839 1.81769 1.48742
threshold=-101.7825 -24.126500000000021 -0.0071374498004916206 -209.34899999999996 0.79136666666666755 -0.0330218690192755 -2.8685000000000165 0.87030000000000085 0.056573077994046671 -72.730999999999995 0.43976666666666753 0.049649908563681948 0.068453763641211987 0.54000000000000137 0.013817555070259524 0.061804437799424385 0.042470046646997744 0.4190000000000012 -0.065533267403222698 0.61435000000000139 39.09774435920658 -0.59721666666666684 0.027967676773960847 0.0094547923130933239 76.515151507042134 0.00059094022679908188 0.061204343749087918 0.66126666666666878 -1.4507521871336782 -0.070498786730593274
decision_type=2 2 2 2 2 2 2 2 2 2 2 2 2 2 2 2 2 2 2 2 2 2 2 2 2 2 2 2 2 2
left_child=3 4 5 -1 10 11 17 -5 20 24 -2 29 21 -13 16 -16 -11 -4 -9 -10 -7 -8 28 -19 27 -14 -20 -6 -12 -3
right_child=1 2 6 7 9 8 12 18 19 14 22 13 25 -15 15 -17 -18 23 26 -21 -22 -23 -24 -25 -26 -27 -28 -29 -30 -31
leaf_value=0.0066573514552110474 0.00023825668059601068 0.0011200246419029228 -0.00035564087462212007 0.0015522215361549678 0.00062171156007537209 -0.00030364935589566089 0.0019617578953099873 0.0053709970899861841 0.00017870731268178737 0.00090239321501397421 0.0019045622390726699 0.00053273309253035726 -0.0002476857535822619 0.0014786710109517078 0.00089047686826426373 -0.0015845261647042194 0.0018467597513475572 0.00031856957881329779 0.0037654666159636901 0.00092026813709039721 0.00010151845903056051 -0.00055894965880111055 4.5809704869768202e-07 -0.00021178352574315125 -9.0281553989784275e-05 -0.001058621032774444 0.001447996198619081 0.0028693874089538653 0.00080259594103245706 0.00022129553207240132
leaf_weight=804 15003 827 23442 815 167 20281 152 438 10563 2440 641 3127 1573 3438 1664 279 3788 5748 1786 2506 9781 57361 1394 7309 132 9860 167 1428 9083 6739
leaf_count=804 15003 827 23442 815 167 20281 152 438 10563 2440 641 3127 1573 3438 1664 279 3788 5748 1786 2506 9781 57361 1394 7309 132 9860 167 1428 9083 6739
internal_value=7.79637e-14 -8.01959e-05 -0.000260895 0.00397432 0.000736068 0.000143125 -0.000480298 0.00330146 -2.2524e-05 0.00145751 0.000462693 0.000648723 -0.000617749 0.00102811 0.00125285 0.000535085 0.00147678 -0.000220656 0.00389771 0.000320903 -0.000171824 -0.000552288 0.000765555 2.16904e-05 0.00242582 -0.000947049 0.0035673 0.00263405 0.000875237 0.000319531
internal_weight=202736 198726 162707 4010 36019 57262 105445 3206 43131 9898 26121 14131 68946 6565 8171 1943 6228 36499 2391 13069 30062 57513 11118 13057 1727 11433 1953 1595 9724 7566
internal_count=202736 198726 162707 4010 36019 57262 105445 3206 43131 9898 26121 14131 68946 6565 8171 1943 6228 36499 2391 13069 30062 57513 11118 13057 1727 11433 1953 1595 9724 7566
is_linear=0
shrinkage=0.02


Tree=37
num_leaves=31
num_cat=0
split_feature=10 10 34 14 10 9 10 14 9 45 34 34 34 43 34 14 45 10 34 45 9 34 34 10 44 43 43 14 14 9
split_gain=155.145 70.6914 28.7282 23.8695 17.3813 10.8049 8.29387 8.07534 5.94162 5.77735 4.94107 4.81344 4.39252 3.72004 3.60729 3.55177 3.20899 3.56434 2.71978 2.4872 2.46014 2.29983 2.27093 2.08232 2.06832 1.85974 1.78489 1.60551 1.59676 1.59483
threshold=-101.7825 -13.847000000000014 -0.020699484425137856 0.6034166666666676 -209.34899999999996 -2.6369999999999996 -47.616000000000007 1.0885166666666681 -7.4084999999999912 0.047329919044395839 0.0018236664560350496 -0.014948067992775085 -0.00574187746612173 4.1600000000020385 -0.065533267403222698 1.5994166666666678 0.033499723145039101 82.286500000000004 0.011574350805135121 0.03753649286102672 -8.0744999999999898 -0.05112871521569394 0.044247646230098768 -24.126500000000021 0.013978003841388477 8.2400000000008742 12.319999999999711 1.5994166666666678 0.4080000000000012 0.78399999999999892
decision_type=2 2 2 2 2 2 2 2 2 2 2 2 2 2 2 2 2 2 2 2 2 2 2 2 2 2 2 2 2 2
left_child=4 3 8 11 -1 16 14 28 15 13 -11 25 19 -7 -5 -3 -4 -18 20 -8 26 -10 -16 29 -20 -2 -9 -22 -6 -13
right_child=1 2 5 6 7 9 12 18 21 10 -12 23 -14 -15 22 -17 17 -19 24 -21 27 -23 -24 -25 -26 -27 -28 -29 -30 -31
leaf_value=0.0065242043998444557 0.00048343796585009687 0.0007234129759858698 -0.00036757152595038364 0.0031901443077294073 1.7951486576108193e-05 -0.00056065158191949914 0.00053842589094135859 0.0029405193218358279 0.00069665178267967905 -0.00039245298863468134 -0.00088199782874509385 0.00037954449740124513 0.00040704271565391881 -0.00021212378275982206 0.00165903612092759 0.0026065713798285556 4.2133984285635627e-05 0.0028796881103274208 0.0042825618514459284 0.0013499708162484209 0.004626118301616816 4.028199826878912e-05 0.00038428740803642456 -0.00010538793695390751 0.0019972258297474904 0.0012377578042320756 0.0045970520711248368 0.0081261477095647423 0.0021590478393763656 -4.7744215115289164e-05
leaf_weight=804 7442 5515 11008 568 164 28853 2100 371 2477 11744 27696 10613 6352 21288 5088 432 16442 179 261 5382 101 15479 628 12645 403 1586 871 109 926 5209
leaf_count=804 7442 5515 11008 568 164 28853 2100 371 2477 11744 27696 10613 6352 21288 5088 432 16442 179 261 5382 101 15479 628 12645 403 1586 871 109 926 5209
internal_value=-3.61308e-13 -7.8592e-05 -0.000319617 0.000511758 0.00389483 -0.000448485 0.00106752 0.00323544 0.000312295 -0.000555128 -0.000736227 0.000213565 0.000793825 -0.00041268 0.00167004 0.000860209 -0.000102718 7.2693e-05 0.00395585 0.00112219 0.00444074 0.000130827 0.00151898 8.59513e-05 0.00289553 0.000615954 0.00410223 0.0064428 0.0018369 0.00023887
internal_weight=202736 198726 141113 57613 4010 117210 20118 3206 23903 89581 39440 37495 13834 50141 6284 5947 27629 16621 2116 7482 1452 17956 5716 28467 664 9028 1242 210 1090 15822
internal_count=202736 198726 141113 57613 4010 117210 20118 3206 23903 89581 39440 37495 13834 50141 6284 5947 27629 16621 2116 7482 1452 17956 5716 28467 664 9028 1242 210 1090 15822
is_linear=0
shrinkage=0.02


Tree=38
num_leaves=31
num_cat=0
split_feature=9 14 34 43 43 45 14 14 45 9 43 44 45 14 45 43 14 44 44 43 45 34 44 44 44 13 7 43 45 14
split_gain=102.185 64.8667 26.8224 19.9891 13.3656 10.6526 8.38545 8.176 6.93118 5.97537 5.01462 4.45194 4.10433 3.44533 3.41262 3.29932 2.86034 2.59361 2.40792 2.3679 2.26325 2.10911 1.91919 1.80754 1.7886 2.08353 1.62276 1.60328 1.58195 1.54418
threshold=-7.5699999999999923 2.3338833333333349 -0.0068887713537538016 7.2500000000000009 7.7199999999967988 0.051973598821360691 0.42195000000000077 1.3876333333333342 0.040335421839457819 0.71650000000000369 15.540000000000875 1.6883562476704157 0.042768683842173964 1.1100500000000013 0.048481319661231488 12.1199999999968 0.6757000000000013 -0.15545151304991087 2.8757842291610967 2.9000000000014556 0.056279252309106985 0.0094547923130933239 -0.40173684718654523 -0.24214895882725537 2.1876406604074967 2.7852333333333346 9.6317160962226378 2.9400000000008735 0.07176771542558559 3.1651000000000011
decision_type=2 2 2 2 2 2 2 2 2 2 2 2 2 2 2 2 2 2 2 2 2 2 2 2 2 2 2 2 2 2
left_child=1 3 4 8 16 6 22 12 -1 21 18 13 -5 -8 -12 23 20 -11 -3 -10 -2 -7 27 -6 25 -17 -9 -4 -21 -16
right_child=2 10 5 7 15 9 11 26 19 17 14 -13 -14 -15 29 24 -18 -19 -20 28 -22 -23 -24 -25 -26 -27 -28 -29 -30 -31
leaf_value=-0.00010997821981315989 -0.00017333926587896793 0.0032717398823332356 -0.00045060492917904481 0.00056620538175258025 0.00086497046268199033 -5.0361301656377491e-05 5.9257866994028089e-05 0.0023241293446131669 0.00028783407569183658 -0.00061940766546178094 0.0035013220603764212 -0.00056266241342605035 0.0013990142914337084 0.00082638632166459646 0.0041597398937408539 0.0013337842243732062 0.00043784247734032056 -0.00099478461679748643 0.0009336483869681289 0.0006452075629231976 0.00017242264376774439 -0.00060954920300599486 -0.00056771724955091392 0.00025429037875411852 0.00015905026304425352 0.0039706394419167191 9.7567634792984843e-05 -0.00012293930783177786 0.001234276842000343 0.0058248691164914735
leaf_weight=8464 27200 764 12915 4123 3474 6980 18753 2956 5856 14799 765 4122 5558 2676 333 2917 4873 14652 229 6936 10494 4398 19083 4387 507 125 137 11113 2474 673
leaf_count=8464 27200 764 12915 4123 3474 6980 18753 2956 5856 14799 765 4122 5558 2676 333 2917 4873 14652 229 6936 10494 4398 19083 4387 507 125 137 11113 2474 673
internal_value=-3.16747e-14 0.000916125 -0.00022007 0.000692449 0.000144808 -0.000399948 -0.000247825 0.00133033 0.000349071 -0.000655772 0.00387021 3.92696e-05 0.00104433 0.000155055 0.0045081 0.000752682 -1.81318e-05 -0.000806159 0.00273254 0.000603584 -7.70792e-05 -0.000266507 -0.00041798 0.000524167 0.00125884 0.00144214 0.00222551 -0.000299059 0.000800081 0.00527369
internal_weight=202736 39268 163468 36504 53977 109491 68662 12774 23730 40829 2764 25551 9681 21429 1771 11410 42567 29451 993 15266 37694 11378 43111 7861 3549 3042 3093 24028 9410 1006
internal_count=202736 39268 163468 36504 53977 109491 68662 12774 23730 40829 2764 25551 9681 21429 1771 11410 42567 29451 993 15266 37694 11378 43111 7861 3549 3042 3093 24028 9410 1006
is_linear=0
shrinkage=0.02


Tree=39
num_leaves=31
num_cat=0
split_feature=10 9 10 10 10 14 14 41 10 31 41 14 29 14 14 6 44 10 44 10 9 14 10 14 10 41 14 42 6 44
split_gain=145.987 47.3742 39.4371 20.8243 13.4047 10.6067 9.62352 7.66793 5.90652 5.17542 4.8188 4.91715 4.36013 3.29468 3.0745 3.69323 3.01667 2.8961 2.77919 2.74948 2.74727 2.98152 2.46926 2.4276 2.371 1.82534 1.41658 1.41619 1.93085 1.48401
threshold=-56.553500000000007 -4.8689999999999918 -116.33499999999999 -8.9600000000000115 -209.34899999999996 1.1324000000000012 0.97213333333333418 72.588533888818787 -26.004500000000018 -32.400000000001448 68.101903345633417 0.54000000000000137 -0.022361272396759221 0.87030000000000085 2.3338833333333349 -0.73481666666666701 0.16437313015115834 -30.059000000000015 -0.20633974371080258 -101.7825 12.560500000000006 0.35363333333333463 7.8739999999999908 0.30270000000000113 82.286500000000004 59.677419352148142 1.8278500000000011 0.39812182919297578 -0.73481666666666701 1.357560484627605
decision_type=2 2 2 2 2 2 2 2 2 2 2 2 2 2 2 2 2 2 2 2 2 2 2 2 2 2 2 2 2 2
left_child=2 5 4 10 26 8 20 9 23 -5 11 18 -10 -6 15 -7 -13 -17 -3 27 21 -4 -11 -2 -14 -21 -1 28 -8 -29
right_child=1 3 6 7 13 14 19 -9 12 22 -12 16 24 -15 -16 17 -18 -19 -20 25 -22 -23 -24 -25 -26 -27 -28 29 -30 -31
leaf_value=0.0046090376905856597 4.6213559377227406e-05 0.00023666403074754002 0.00023496259167877831 8.8676895558833271e-05 0.0019378084400013069 0.00014190777247942359 0.0030427887484741705 -0.00079087146313662829 0.0004925520311606235 -0.00030135123958344282 -0.00030951720264090681 0.0011017193997634408 -1.3720377918563823e-05 0.0037336122750100016 0.002412816365287175 0.0021598116487884134 0.00022993819709133528 0.00097376894559938934 -0.00023349937099657883 0.0023664552024298879 -0.00097775092508427079 0.0013575000721462874 -0.00053363582772870098 0.00086045445879507081 0.0023235528055312381 0.001124336315600989 0.006737126760379927 0.0041721371425717906 0.0065041083530227228 0.00086395020198477346
leaf_weight=155 1774 14587 1337 8739 522 1378 132 22123 10994 34083 9272 3477 21843 1882 733 1207 2922 2592 7675 2053 290 3240 39545 8399 175 615 649 110 126 107
leaf_count=155 1774 14587 1337 8739 522 1378 132 22123 10994 34083 9272 3477 21843 1882 733 1207 2922 2592 7675 2053 290 3240 39545 8399 175 615 649 110 126 107
internal_value=-2.39225e-13 -0.00012989 0.00221753 -0.000314572 0.00409133 0.000405867 0.00146707 -0.000460284 0.000297117 -0.000371491 8.68063e-05 0.000215019 0.000167274 0.00334367 0.00120052 0.00102887 0.000703635 0.00135059 7.45715e-05 0.00232973 0.000909985 0.00102959 -0.000426109 0.000718465 4.85637e-06 0.00208013 0.00632686 0.00373167 0.0047332 0.00254091
internal_weight=202736 191518 11218 142423 3208 49095 8010 104490 43185 82367 37933 28661 33012 2404 5910 5177 6399 3799 22262 3143 4867 4577 73628 10173 22018 2668 804 475 258 217
internal_count=202736 191518 11218 142423 3208 49095 8010 104490 43185 82367 37933 28661 33012 2404 5910 5177 6399 3799 22262 3143 4867 4577 73628 10173 22018 2668 804 475 258 217
is_linear=0
shrinkage=0.02


Tree=40
num_leaves=31
num_cat=0
split_feature=10 9 10 10 45 10 34 43 43 10 45 34 34 13 34 43 43 45 43 13 34 10 43 34 9 13 43 34 9 43
split_gain=140.206 45.4982 37.8754 20.0709 13.5737 12.8739 12.7619 10.5167 9.62848 6.41467 6.24818 5.08213 4.68514 4.55946 3.95662 3.69626 2.93211 2.92481 2.81138 2.78913 2.81953 2.63924 2.54181 1.87926 1.87759 1.83437 1.69878 1.61871 1.58752 1.57125
threshold=-56.553500000000007 -4.8689999999999918 -116.33499999999999 -13.523000000000016 0.047329919044395839 -209.34899999999996 -0.0050646497834966721 7.1800000000032016 5.2200000000026199 -29.405500000000007 0.047329919044395839 0.0012223605708157885 0.0026587955295749913 0.95910000000000173 0.009718442080610297 5.3400000000008747 2.9400000000008735 0.060073389483738179 14.420000000002622 0.55573333333333574 0.061204343749087918 -80.640000000000001 4.080000000003202 0.012128137907087737 3.8120000000000007 0.94383333333333386 6.5999999999985457 -0.070498786730593274 -21.999499999999987 8.2400000000008742
decision_type=2 2 2 2 2 2 2 2 2 2 2 2 2 2 2 2 2 2 2 2 2 2 2 2 2 2 2 2 2 2
left_child=2 4 5 11 9 -1 15 -4 23 26 16 13 21 29 18 -5 -8 -13 -10 -7 -21 25 -11 -6 -12 -9 28 -17 -2 -3
right_child=1 3 7 6 8 19 10 12 14 22 24 17 -14 -15 -16 27 -18 -19 -20 20 -22 -23 -24 -25 -26 -27 -28 -29 -30 -31
leaf_value=0.006200323667822044 -0.00056370928819318082 0.00026185606474783826 0.00067494401736374512 -0.00027408457499409678 0.00043899733733296007 0.0015351770989663264 -0.00061501843703847859 0.0019110888355715694 0.0011714660803093337 -0.00038387878321518177 -0.00059483054056717563 7.0113663003363905e-05 0.0012354479076183195 0.0017919123041988038 0.00017522853691851573 0.0012012918280078766 -0.00027052212680257 -0.00059871381698641283 0.0021811336801080324 0.003757447442083609 0.001017760322136416 0.0021341628143796594 8.715633519736031e-05 -0.00044881016735738246 -0.00089420894744517696 0.0038934132330693161 0.0011473980843431689 9.0813437811913757e-05 0.00061487092103204013 0.00091792396459082384
leaf_weight=804 565 11116 3800 24965 13361 319 16534 245 8439 8119 14058 10723 1513 939 1426 547 24566 3459 1269 1922 163 1667 10520 1027 20745 785 1974 13090 2395 1681
leaf_count=804 565 11116 3800 24965 13361 319 16534 245 8439 8119 14058 10723 1513 939 1426 547 24566 3459 1269 1922 163 1667 10520 1027 20745 785 1974 13090 2395 1681
internal_value=-9.83337e-14 -0.000127292 0.00217318 -0.00030828 0.000397749 0.0040095 -0.000425514 0.00143773 0.000717352 5.17226e-05 -0.000576089 0.000172552 0.00212623 0.000446741 0.00115895 -0.000129441 -0.000409109 -9.30138e-05 0.00130345 0.0032768 0.00354327 0.00262595 -0.000118023 0.000375627 -0.000773281 0.00342189 0.000692964 0.000135356 0.000389905 0.000348036
internal_weight=202736 191518 11218 142423 49095 3208 114505 8010 25522 23573 75903 27918 4210 13736 11134 38602 41100 14182 9708 2404 2085 2697 18639 14388 34803 1030 4934 13637 2960 12797
internal_count=202736 191518 11218 142423 49095 3208 114505 8010 25522 23573 75903 27918 4210 13736 11134 38602 41100 14182 9708 2404 2085 2697 18639 14388 34803 1030 4934 13637 2960 12797
is_linear=0
shrinkage=0.02


Tree=41
num_leaves=31
num_cat=0
split_feature=9 14 34 43 9 45 43 13 14 14 45 45 44 43 44 45 13 44 43 13 44 43 6 44 43 44 14 6 34 44
split_gain=91.0288 55.0671 26.4971 16.1273 11.1376 10.2613 8.15865 6.72629 6.29332 6.08396 5.84602 4.85463 4.22402 3.12932 3.07786 2.92891 2.33484 2.58063 2.28272 2.2649 2.16771 2.15492 2.14672 2.13909 2.09297 2.07272 2.04675 1.95846 1.91879 1.6941
threshold=-8.6409999999999823 2.3338833333333349 -0.025757862091946946 7.7800000000002916 0.26400000000000418 0.040938450360761207 7.2500000000000009 0.99226666666666707 0.55381666666666807 1.3876333333333342 0.040335421839457819 0.048169191919144858 -0.18136230115127699 19.539999999997963 1.721909917657346 0.042768683842173964 0.36153333333333282 -0.09187511517335252 7.0000000000014557 2.7852333333333346 1.721909917657346 2.7600000000020377 -0.98366666666666713 1.8588858361756968 4.3199999999997098 1.3277206187514035 0.51053333333333495 -1.2029666666666667 0.00059094022679908188 -0.40173684718654523
decision_type=2 2 2 2 2 2 2 2 2 2 2 2 2 2 2 2 2 2 2 2 2 2 2 2 2 2 2 2 2 2
left_child=1 3 7 10 6 8 21 16 -6 15 -1 23 18 22 -10 -5 -2 -18 -7 25 26 -4 -13 -3 -12 -9 -8 -11 -14 -23
right_child=2 11 4 9 5 12 20 19 14 27 24 13 28 -15 -16 -17 17 -19 -20 -21 -22 29 -24 -25 -26 -27 -28 -29 -30 -31
leaf_value=-7.1092029680883581e-05 9.7906463320814976e-05 0.003462703818937137 -0.00030804367081653083 0.00059027826544913583 -0.00034409777698847911 -0.00052943849594832952 0.00025871455934831609 0.0017123723225920902 0.00038686021260275625 5.0938146195703132e-05 0.00041694631517776303 0.0025207957979595619 -0.00050094268600786996 0.005314370319211008 -0.00048139221068815277 0.0013833769128877124 0.00093458965263652717 0.00025388799086553416 -1.0437813416711076e-05 0.00388636969148761 -0.00036299283124471046 0.0001050423163517835 0.0047269691021527907 0.0017918305865576311 0.00091446263785086165 0.00050865578616129383 0.00088745935552198409 0.0022647080326832041 -0.00092326850822000231 -0.00020764750678992371
leaf_weight=7355 7532 707 25186 3218 28874 19943 4095 1668 8691 170 8035 406 5705 771 2011 4422 4228 4709 4084 143 1114 13758 312 541 5841 871 4190 2677 17513 13966
leaf_count=7355 7532 707 25186 3218 28874 19943 4095 1668 8691 170 8035 406 5705 771 2011 4422 4228 4709 4084 143 1114 13758 312 541 5841 871 4190 2677 17513 13966
internal_value=-2.85971e-14 0.000936581 -0.000191762 0.000701707 -0.000281696 -0.000428118 -7.76726e-05 0.000508562 -0.000190554 0.00134339 0.000384751 0.00365844 -0.00062712 0.00442957 0.000223708 0.00104932 0.000357304 0.000575921 -0.000441221 0.00143737 0.000465317 -0.00017413 0.00347947 0.00273839 0.000626372 0.00129944 0.000576692 0.00213252 -0.000819497 -5.24756e-05
internal_weight=202736 34455 168281 31718 149130 86821 62309 19151 39576 10487 21231 2737 47245 1489 10702 7640 16469 8937 24027 2682 9399 52910 718 1248 13876 2539 8285 2847 23218 27724
internal_count=202736 34455 168281 31718 149130 86821 62309 19151 39576 10487 21231 2737 47245 1489 10702 7640 16469 8937 24027 2682 9399 52910 718 1248 13876 2539 8285 2847 23218 27724
is_linear=0
shrinkage=0.02


Tree=42
num_leaves=31
num_cat=0
split_feature=9 14 34 43 43 45 45 43 14 45 44 9 14 43 43 43 14 45 14 44 45 6 34 44 44 15 44 44 13 45
split_gain=87.5026 55.8072 23.5993 17.4531 11.806 9.64322 7.78297 6.48494 4.99936 4.58728 4.40758 3.61651 3.5944 3.09894 3.03148 2.96719 2.60237 2.41477 2.20851 2.14042 2.12849 2.0254 1.98278 1.74535 1.72885 1.68518 1.66307 1.63711 1.84685 1.53366
threshold=-7.5699999999999923 2.3338833333333349 -0.0068887713537538016 9.3199999999997107 7.7199999999967988 0.062707779652269049 0.048169191919144858 5.1800000000032016 1.3876333333333342 0.048169191919144858 0.20626399248918412 1.3800000000000148 0.59811666666666752 4.3199999999997098 19.539999999997963 12.1199999999968 0.6757000000000013 0.029067457278993607 1.2370500000000006 1.8588858361756968 0.066298545810673792 -0.98366666666666713 0.0063941002099360553 -0.39055914974463007 -0.40173684718654523 10.108610459382717 -0.24214895882725537 2.1876406604074967 2.7852333333333346 0.030957533153107088
decision_type=2 2 2 2 2 2 2 2 2 2 2 2 2 2 2 2 2 2 2 2 2 2 2 2 2 2 2 2 2 2
left_child=1 3 4 6 16 7 -1 24 17 19 12 22 -9 -8 21 26 20 -5 -12 -3 23 -11 -7 -2 -4 -10 -6 28 -17 -21
right_child=2 9 5 8 15 11 13 10 25 14 18 -13 -14 -15 -16 27 -18 -19 -20 29 -22 -23 -24 -25 -26 -27 -28 -29 -30 -31
leaf_value=2.9799664175907683e-05 1.105403336101236e-05 0.003415202203904304 -0.00029216464283688336 0.00046134437354771119 0.00082010788954867933 6.0931549056404286e-06 0.00043149542510004571 -1.5807297160257338e-05 0.0022812279312250396 0.0024703798752597514 -0.00043685425946350719 -0.00086154219339598008 0.00061391157525735355 0.0010014246392900245 0.0052060646551390808 0.0012632720176953074 0.00042039543299700848 0.0013594758556857531 0.00026889325762635626 0.00041002277984466569 0.00027794783359394784 0.0046056231416104643 -0.00067307246997782135 -0.0002853527322218662 -0.00051689689356882763 -5.5332428856322977e-05 0.00023433939097534728 0.00013773513350035782 0.0037458439670875671 0.0025932483512998571
leaf_weight=12608 16068 723 29192 1653 3474 3537 8076 11553 2457 406 10267 18379 5284 7235 775 2917 4873 4345 2144 209 5905 316 3346 15721 25789 130 4387 507 125 335
leaf_count=12608 16068 723 29192 1653 3474 3537 8076 11553 2457 406 10267 18379 5284 7235 775 2917 4873 4345 2144 209 5905 316 3346 15721 25789 130 4387 507 125 335
internal_value=2.94809e-13 0.000847758 -0.000203647 0.000640288 0.000138607 -0.000372372 0.000397786 -0.000269581 0.00142892 0.0035878 -2.89725e-05 -0.000715099 0.000181819 0.000700808 0.00433738 0.000709915 -1.45311e-05 0.00111196 -0.000314936 0.00270215 -7.07575e-05 0.00340492 -0.000324066 -0.000135532 -0.000397576 0.00216381 0.000493207 0.00118992 0.00136528 0.00175447
internal_weight=202736 39268 163468 36504 53977 109491 27919 84229 8585 2764 29248 25262 16837 15311 1497 11410 42567 5998 12411 1267 37694 722 6883 31789 54981 2587 7861 3549 3042 544
internal_count=202736 39268 163468 36504 53977 109491 27919 84229 8585 2764 29248 25262 16837 15311 1497 11410 42567 5998 12411 1267 37694 722 6883 31789 54981 2587 7861 3549 3042 544
is_linear=0
shrinkage=0.02


Tree=43
num_leaves=31
num_cat=0
split_feature=10 10 10 14 29 10 43 41 43 41 44 41 45 43 29 14 10 14 14 14 45 29 44 10 14 14 6 31 44 14
split_gain=128.992 39.526 34.8444 14.7132 13.2727 11.9275 9.41085 6.78396 5.24353 4.97223 4.17635 4.03805 3.91723 3.80594 3.15923 3.11373 2.91445 2.8365 2.73141 2.59536 2.1654 2.1321 2.12525 1.79593 1.57138 1.3767 1.37529 1.25964 1.40126 1.25024
threshold=-56.553500000000007 -7.3470000000000084 -116.33499999999999 0.54000000000000137 -0.031266103153021467 -209.34899999999996 6.7600000000020382 75.286886012984112 4.2400000000008733 68.749999994500257 -0.40173684718654523 68.101903345633417 0.067217266334067591 5.2600000000020382 -0.0096770374148569243 0.28980000000000117 91.561999999999998 0.87030000000000085 1.1100500000000013 0.44613333333333466 0.063304536118525725 -0.089265612121375279 0.50660233157382217 -80.640000000000001 1.1559000000000015 1.6623500000000015 -0.55223333333333302 -28.150000000001452 -0.95966706358650977 1.8278500000000011
decision_type=2 2 2 2 2 2 2 2 2 2 2 2 2 2 2 2 2 2 2 2 2 2 2 2 2 2 2 2 2 2
left_child=2 3 5 11 12 29 -4 8 16 13 -10 15 21 26 23 -2 -6 -7 -15 -14 -11 -3 -17 24 -8 -21 -5 -19 -29 -1
right_child=1 4 6 9 7 17 14 -9 10 20 -12 -13 19 18 -16 22 -18 27 -20 25 -22 -23 -24 -25 -26 -27 -28 28 -30 -31
leaf_value=0.0043407149151448287 -5.0020065471797145e-05 0.00092895485392598565 0.00061780947623236667 -0.00029857263656583199 -0.00050007789559321811 0.0018360615740762132 0.0015514127373841874 -0.00075955414482267139 9.4147230525519143e-05 0.00021136983477307921 -0.00033946731981690943 -0.00029481772522927069 0.00026440178231826973 0.00080636800905813111 0.0014349853020900736 0.00043777942152347895 0.0018956879645987761 0.0041958300672979391 0.0014523450967828364 0.0013314802784138546 -0.0010643538117227711 -2.0216102790612296e-05 -3.3763047256758729e-05 0.0020758657159144524 0.0036596802579540876 0.0037502021572607402 0.00052806429520147532 0.0048852792388210317 0.0028542066561150475 0.0063399605428332171
leaf_weight=155 17136 1023 3587 923 46461 522 178 19803 14479 3066 22996 10580 1320 8779 2103 14932 204 673 3731 1220 644 12680 5139 1454 688 102 6300 156 1053 649
leaf_count=155 17136 1023 3587 923 46461 522 178 19803 14479 3066 22996 10580 1320 8779 2103 14932 204 673 3731 1220 644 12680 5139 1454 688 102 6300 156 1053 649
internal_value=-4.19461e-13 -0.000122095 0.00208446 0.000251281 -0.000343194 0.00384577 0.00137905 -0.000426504 -0.000348118 0.000661675 -0.000171934 4.99529e-05 0.000186596 0.000787971 0.0019964 0.00014799 -0.000489605 0.00314052 0.000999025 0.000891725 -1.00765e-05 5.06444e-05 0.000317045 0.00250531 0.00322634 0.0015181 0.000422431 0.00350233 0.00311628 0.00595453
internal_weight=202736 191518 11218 71230 120288 3208 8010 103943 84140 23443 37475 47787 16345 19733 4423 37207 46665 2404 12510 2642 3710 13703 20071 2320 866 1322 7223 1882 1209 804
internal_count=202736 191518 11218 71230 120288 3208 8010 103943 84140 23443 37475 47787 16345 19733 4423 37207 46665 2404 12510 2642 3710 13703 20071 2320 866 1322 7223 1882 1209 804
is_linear=0
shrinkage=0.02


Tree=44
num_leaves=31
num_cat=0
split_feature=10 9 10 10 45 10 34 43 43 34 10 14 34 45 45 34 14 34 14 12 34 14 10 43 43 14 34 14 43 43
split_gain=123.884 39.4909 33.4646 18.4381 12.1792 11.4552 9.27402 9.0985 8.24487 6.38116 5.90856 5.64276 4.88031 4.83326 3.79959 3.65292 3.43147 3.06404 3.04708 2.72962 2.62069 2.5357 2.41937 2.19531 2.0115 1.81801 1.75544 1.65599 1.57243 1.43631
threshold=-56.553500000000007 -4.8689999999999918 -116.33499999999999 -5.4410000000000132 0.047329919044395839 -209.34899999999996 -0.0048475965065699648 5.4799999999973812 5.2200000000026199 0.0012223605708157885 -29.405500000000007 0.53146666666666698 0.0026587955295749913 0.04519090992865981 0.064775413711466515 0.009718442080610297 1.1559000000000015 -0.037240706915477303 1.1559000000000015 0.53140000000000154 0.061204343749087918 0.33225000000000116 -80.640000000000001 4.080000000003202 2.4599999999991273 0.98900000000000043 0.012128137907087737 3.1651000000000011 6.6599999999962174 6.5999999999985457
decision_type=2 2 2 2 2 2 2 2 2 2 2 2 2 2 2 2 2 2 2 2 2 2 2 2 2 2 2 2 2 2
left_child=2 4 5 9 10 -1 17 -4 26 11 29 28 18 21 24 16 -10 -5 -9 -7 -21 -11 -20 -12 -8 -13 -6 -25 -3 -2
right_child=1 3 7 6 8 19 14 12 15 13 23 25 -14 -15 -16 -17 -18 -19 22 20 -22 -23 -24 27 -26 -27 -28 -29 -30 -31
leaf_value=0.0058354431662977256 0.00037848950645208809 3.4941473511708132e-05 0.00045281809709707079 0.00031041813455629685 0.00041726812704448338 0.0017870040585793265 -0.00069645301375753795 0.0016949861954454659 0.0010264981087171018 -0.00022072369868908861 -0.00036825388888884868 0.00069014879118124662 0.0010427645263903311 -0.00050455094766173737 -0.0008729243970429188 0.00013566696064586681 0.001951452130970587 -0.00025116675270860263 0.0036925355120999669 0.0036530951760424531 0.00094669154197804463 0.00033212763616403826 0.0021720967475276909 4.4426473937192637e-05 -0.0004180172666233082 0.00166761769160757 -0.00044079250133361261 0.0025807211043922086 0.00055459268936174371 0.0010750104780960642
leaf_weight=804 2960 15568 2884 4523 13361 515 15055 1581 7680 6451 8119 3828 1870 10901 14562 1426 2028 27602 823 1733 156 6834 852 10416 33410 950 1027 104 2739 1974
leaf_count=804 2960 15568 2884 4523 13361 515 15055 1581 7680 6451 8119 3828 1870 10901 14562 1426 2028 27602 823 1733 156 6834 852 10416 33410 950 1027 104 2739 1974
internal_value=-2.78731e-13 -0.000119653 0.00204277 -0.000288271 0.0003695 0.00376886 -0.000448664 0.00135147 0.000672241 3.45854e-05 4.17294e-05 0.000272433 0.00185707 -0.000192435 -0.00058963 0.00108088 0.00121972 -0.000172099 0.00232474 0.00307771 0.00342959 6.36712e-05 0.00291915 -0.000121182 -0.00050451 0.000884497 0.000356021 6.95001e-05 0.000112689 0.000657154
internal_weight=202736 191518 11218 142423 49095 3208 95152 8010 25522 47271 23573 23085 5126 24186 63027 11134 9708 32125 3256 2404 1889 13285 1675 18639 48465 4778 14388 10520 18307 4934
internal_count=202736 191518 11218 142423 49095 3208 95152 8010 25522 47271 23573 23085 5126 24186 63027 11134 9708 32125 3256 2404 1889 13285 1675 18639 48465 4778 14388 10520 18307 4934
is_linear=0
shrinkage=0.02


Tree=45
num_leaves=31
num_cat=0
split_feature=10 9 10 10 45 10 43 43 41 43 10 44 41 14 41 14 14 14 44 10 43 43 45 9 44 14 45 45 43 9
split_gain=118.978 37.9271 32.1394 17.8207 11.6969 11.0016 8.74154 7.97724 7.12708 6.14041 5.67458 3.55876 3.37031 3.33656 3.31769 2.78542 2.67045 2.63658 2.34071 2.2102 2.15571 2.10838 1.95195 1.95138 1.93654 1.59041 1.4249 1.39994 1.37943 1.53365
threshold=-56.553500000000007 -4.8689999999999918 -116.33499999999999 -13.523000000000016 0.047329919044395839 -209.34899999999996 5.3800000000032027 7.1800000000032016 72.588533888818787 4.3199999999997098 -29.405500000000007 -0.25429840981312651 67.126754300577673 0.54000000000000137 58.360655735688432 1.1559000000000015 0.87030000000000085 1.7400000000000009 0.16437313015115834 -80.640000000000001 2.9400000000008735 4.080000000003202 0.040029968969223388 5.2260000000000186 -0.21801431319790657 3.1651000000000011 0.062707779652269049 0.069757284438060743 6.5999999999985457 -21.999499999999987
decision_type=2 2 2 2 2 2 2 2 2 2 2 2 2 2 2 2 2 2 2 2 2 2 2 2 2 2 2 2 2 2
left_child=2 4 5 12 10 -1 -4 20 9 -5 28 -11 13 24 15 23 -7 27 -15 -17 -6 -12 -10 -8 -3 -23 -14 -9 29 -2
right_child=1 3 6 8 7 16 14 17 22 11 21 -13 26 18 -16 19 -18 -19 -20 -21 -22 25 -24 -25 -26 -27 -28 -29 -30 -31
leaf_value=0.005718734297595585 -0.00056637404048691744 0.00030829090938062838 0.00043445169724651105 -0.00046072896075739431 0.00018546378564754127 0.0017504559877155512 0.0018607864510315009 0.0009114090176756053 -0.00047866501321782931 8.6947245988784863e-05 -0.00036088881220231399 -0.0002909860499491064 -4.5853341022085567e-05 0.0011186371263010185 0.00096752911561536023 0.0033566138990461128 0.0033672108422780644 0.0023254807638780524 0.0002491677302569883 0.0019940644746190722 0.00062415123185759105 4.3537945222056069e-05 -0.00084579223456007248 0.00013262177856948476 -0.00016522470614203821 0.0025291066647220688 -0.00070770330087679067 0.0015778593779900638 0.0010535102642742291 0.00059203494495397733
leaf_weight=804 565 10696 2846 49672 7812 522 1584 4707 9675 17408 8119 23313 5343 2887 1361 929 1882 774 2169 977 10507 10416 14437 313 5103 104 1720 1722 1974 2395
leaf_count=804 565 10696 2846 49672 7812 522 1584 4707 9675 17408 8119 23313 5343 2887 1361 929 1882 774 2169 977 10507 10416 14437 313 5103 104 1720 1722 1974 2395
internal_value=-2.56539e-13 -0.00011726 0.00200191 -0.000282505 0.00036211 0.00369348 0.00132444 0.000658796 -0.000392972 -0.000311479 4.08948e-05 -0.000129422 0.000170573 0.000298455 0.00181493 0.00211819 0.00301615 0.00122268 0.000745639 0.00265818 0.000437076 -0.000118758 -0.000698482 0.00157564 0.000155348 6.81101e-05 -0.000207029 0.00108992 0.000644011 0.00037092
internal_weight=202736 191518 11218 142423 49095 3208 8010 25522 114505 90393 23573 40721 27918 20855 5164 3803 2404 7203 5056 1906 18319 18639 24112 1897 15799 10520 7063 6429 4934 2960
internal_count=202736 191518 11218 142423 49095 3208 8010 25522 114505 90393 23573 40721 27918 20855 5164 3803 2404 7203 5056 1906 18319 18639 24112 1897 15799 10520 7063 6429 4934 2960
is_linear=0
shrinkage=0.02


Tree=46
num_leaves=31
num_cat=0
split_feature=10 10 34 43 10 9 34 13 10 34 10 34 43 34 43 10 41 34 9 10 43 9 10 44 10 43 7 44 34 9
split_gain=114.27 53.5498 23.9799 14.7414 12.8608 9.4898 5.8447 5.12691 4.37818 4.15653 3.89044 3.46866 3.37353 3.1044 2.88591 2.8052 2.78783 2.09799 1.8599 1.80585 1.75169 1.54326 1.53809 1.4677 1.44731 1.43448 1.3961 1.39065 1.34673 1.26279
threshold=-101.7825 -17.506000000000011 -0.024279693373350762 7.9999999999985461 -209.34899999999996 -0.88999999999998269 0.012962607989667283 0.54553333333333487 -47.616000000000007 -0.061622513359237352 6.5894999999999975 -0.0073600695534770683 7.2500000000000009 0.041686708810711452 4.799999999998545 91.561999999999998 26.855995260359688 -0.065533267403222698 -9.9359999999999893 -68.760000000000005 4.7599999999991285 -6.1529999999999907 -38.058000000000007 -1.6808396684457148 -54.442500000000003 33.810000000000592 0.91127932048902516 -1.4723179893560381 -0.018015758175802577 -5.5359999999999863
decision_type=2 2 2 2 2 2 2 2 2 2 2 2 2 2 2 2 2 2 2 2 2 2 2 2 2 2 2 2 2 2
left_child=4 3 9 11 28 12 8 -6 25 -3 14 20 18 17 -7 -12 -11 -9 -4 -8 -2 -21 27 -19 -22 -5 -14 -13 -1 -18
right_child=1 2 5 6 7 10 19 13 -10 16 15 22 26 -15 -16 -17 29 23 -20 21 24 -23 -24 -25 -26 -27 -28 -29 -30 -31
leaf_value=0.0064208690270726055 0.00037304675515220501 0.0011558570055312429 0.00014237581169072186 0.0018743663169294286 0.00077275811825496671 -0.0004565341595852205 0.0014156323297644946 0.0046032789782777936 0.0010323501756848744 7.4842627089963669e-05 -0.00063315075351930779 0.0012522954983207801 0.00048891830837926361 0.0014336161129176617 -8.679250629181856e-05 0.00049913311265543275 0.0009217609388658338 0.00116622267162539 -0.00025799949395821994 0.00082503964586600972 0.0016098545533387541 -9.9747444619132885e-05 2.7949576006490023e-05 0.0032388188468068331 0.00069184210604717096 0.0042950374394249502 -6.917167783758026e-05 0.00029564891894193841 0.0047837778587739663 0.00037537400187143458
leaf_weight=403 8916 2390 5411 3214 441 26014 621 445 5643 11405 43935 672 4454 387 12502 893 2671 148 32616 1131 810 1995 14829 1785 4522 101 3001 6364 401 4616
leaf_count=403 8916 2390 5411 3214 441 26014 621 445 5643 11405 43935 672 4454 387 12502 893 2671 148 32616 1131 810 1995 14829 1785 4522 101 3001 6364 401 4616
internal_value=-2.00185e-14 -6.74489e-05 -0.000254801 0.000507864 0.00334261 -0.00035713 0.00109381 0.0027754 0.00137124 0.000370497 -0.000483935 0.000301722 -0.000124763 0.00309481 -0.000336519 -0.000610595 0.00027008 0.00336516 -0.000201029 0.000430539 0.000544538 0.000234844 0.000143495 0.00308013 0.0008313 0.00194812 0.00026426 0.000387017 0.00560436 0.000575648
internal_weight=202736 198726 149908 48818 4010 128826 12705 3206 8958 21082 83344 36113 45482 2765 38516 44828 18692 2378 38027 3747 14248 3126 21865 1933 5332 3315 7455 7036 804 7287
internal_count=202736 198726 149908 48818 4010 128826 12705 3206 8958 21082 83344 36113 45482 2765 38516 44828 18692 2378 38027 3747 14248 3126 21865 1933 5332 3315 7455 7036 804 7287
is_linear=0
shrinkage=0.02


Tree=47
num_leaves=31
num_cat=0
split_feature=10 9 10 10 45 10 43 43 41 14 41 10 43 9 45 14 14 44 44 10 45 12 45 45 44 10 45 43 44 41
split_gain=109.872 35.2638 29.6776 17.4558 10.8411 10.126 8.11273 7.602 5.34329 5.42261 5.2924 4.91703 4.00408 3.15193 3.06134 3.63627 3.01004 2.98304 2.68583 2.6601 2.56012 2.49843 2.20732 2.02838 2.00934 1.69476 1.59578 1.59484 1.57442 1.42846
threshold=-56.553500000000007 -5.5359999999999863 -116.33499999999999 -5.4410000000000132 0.043978728886066382 -209.34899999999996 5.3800000000032027 5.8399999999979633 68.101903345633417 0.53146666666666698 63.221884496794381 -29.405500000000007 7.8599999999962167 14.490500000000006 0.026138583590313135 0.95460000000000134 1.4832666666666674 0.59587910656819698 0.20626399248918412 104.706 0.053400395940931031 0.53140000000000154 0.04489985496602001 0.045481304270772314 1.454386659822011 70.033999999999992 0.069757284438060743 3.8400000000008734 -0.41212650489820046 40.375586851821545
decision_type=2 2 2 2 2 2 2 2 2 2 2 2 2 2 2 2 2 2 2 2 2 2 2 2 2 2 2 2 2 2
left_child=2 4 5 8 11 -1 -4 25 9 17 12 -2 19 14 24 -16 26 -3 -11 -5 -12 -7 -10 -15 -8 -6 -9 -13 -14 -23
right_child=1 3 6 10 7 21 13 16 22 18 20 27 28 23 15 -17 -18 -19 -20 -21 -22 29 -24 -25 -26 -27 -28 -29 -30 -31
leaf_value=0.0054922724333568594 0.00063753446656330344 0.00012098389031849828 0.00041539200390344039 -0.00039288018435615363 0.00035443208093874915 0.0016646221336846193 0.0014836528128040251 0.0007756381559443303 -6.5593450253269151e-05 0.00094198989872534486 -0.00047408498583347675 -0.00039476604116996127 0.00040833553966442151 0.0014543791386276426 0.001446555292104615 0.0027589922897884177 0.0019587787516672081 -0.0004284711290190811 0.00021984559630146514 0.001889742168847744 -0.00083249255956585491 0.0039702942497432999 -0.00060697274003592425 -0.0014874688778171671 -0.00038587323344959799 0.0029666718683671205 0.0013813366517304614 2.4099548256208493e-05 -0.00011851731405544292 0.0028241161035974164
leaf_weight=804 4098 24597 2846 53413 15145 515 1043 6264 6336 4505 18918 6057 3200 187 1474 1977 1351 4709 3796 205 13778 679 5743 188 295 100 2409 9097 7797 1210
leaf_count=804 4098 24597 2846 53413 15145 515 1043 6264 6336 4505 18918 6057 3200 187 1474 1977 1351 4709 3796 205 13778 679 5743 188 295 100 2409 9097 7797 1210
internal_value=-3.99307e-14 -0.000112684 0.00192378 -0.000262038 0.000380446 0.00354928 0.00127277 0.000652859 4.29683e-05 0.000160512 -0.000417771 2.28938e-05 -0.000312852 0.00174529 0.00188356 0.00219842 0.00108066 3.26954e-05 0.000611757 -0.000384153 -0.000625117 0.00289946 -0.000322994 -2.04673e-05 0.00107146 0.000371567 0.000943876 -0.00014332 3.47908e-05 0.00323611
internal_weight=202736 191518 11218 146997 44521 3208 8010 25269 49686 37607 97311 19252 64615 5164 4789 3451 10024 29306 8301 53618 32696 2404 12079 375 1338 15245 8673 15154 10997 1889
internal_count=202736 191518 11218 146997 44521 3208 8010 25269 49686 37607 97311 19252 64615 5164 4789 3451 10024 29306 8301 53618 32696 2404 12079 375 1338 15245 8673 15154 10997 1889
is_linear=0
shrinkage=0.02


Tree=48
num_leaves=31
num_cat=0
split_feature=9 14 34 43 43 9 43 44 14 43 9 14 43 14 6 14 34 34 44 7 44 34 44 34 43 41 6 14 43 14
split_gain=70.2163 42.6658 21.749 12.4352 7.69848 7.62578 5.71549 4.71302 5.73204 3.76913 3.69484 3.29957 3.28481 2.62576 2.14936 2.14872 1.99306 1.96213 1.95351 1.8161 1.8144 1.77461 1.75135 1.70042 1.60828 1.60308 1.52261 1.42185 1.38853 1.37184
threshold=-8.6409999999999823 2.3338833333333349 -0.014948067992775085 9.6400000000008745 10.620000000002621 0.26400000000000418 7.0600000000020389 -0.26606666858219863 0.6034166666666676 15.540000000000875 12.143500000000008 1.1559000000000015 4.1600000000020385 0.70425000000000082 -0.98366666666666713 1.4832666666666674 0.050771600401086171 0.0092113578576959523 -0.22968731659053121 5.6747760333788406 1.721909917657346 -0.037240706915477303 0.10905421574344577 0.014734690150940173 2.7600000000020377 74.888640871267526 -1.2029666666666667 1.3451000000000015 4.5600000000020389 0.52300000000000157
decision_type=2 2 2 2 2 2 2 2 2 2 2 2 2 2 2 2 2 2 2 2 2 2 2 2 2 2 2 2 2 2
left_child=1 3 4 12 13 6 24 8 25 14 -10 -5 -1 18 -3 23 19 26 28 -13 27 -11 -15 -9 -4 -7 -14 -8 -2 -6
right_child=2 9 5 11 29 7 20 15 10 21 -12 16 17 22 -16 -17 -18 -19 -20 -21 -22 -23 -24 -25 -26 -27 -28 -29 -30 -31
leaf_value=0.0001567990355631068 6.1480057631039996e-05 0.0014495314986130627 -0.00031306061959031372 0.00095062804692375451 0.0004277559690290736 -0.00027951423828267974 0.00042243425509003196 -0.00048465771898430188 0.00072882198635639852 0.0043879014987122508 -0.00027815998119383798 0.0021212370713153054 -0.0011778638355899602 0.0010569566121106909 0.0033489658407762084 -7.1166082045957013e-05 7.974674082599604e-05 0.00016308296097037762 -0.00011052592567149241 0.0006430999692871545 -0.00042416366597189544 0.0031139508138739004 0.00026972556011955909 -0.00075945138384945392 -7.1871370333460638e-05 -0.00059712594888993136 0.0007893648329505207 0.0016576020883131526 0.00045397331219044221 0.0012111016740583671
leaf_weight=11715 8338 581 21933 4028 1194 25305 6924 19685 3515 909 2490 2709 160 1898 404 3218 249 2881 12290 379 988 843 2795 16606 22305 8489 9597 394 6352 3562
leaf_count=11715 8338 581 21933 4028 1194 25305 6924 19685 3515 909 2490 2709 160 1898 404 3218 249 2881 12290 379 988 843 2795 16606 22305 8489 9597 394 6352 3562
internal_value=7.59011e-14 0.000822574 -0.000168419 0.000615832 0.000264146 -0.000287932 -0.000101068 -0.000411735 -0.00025812 0.00321842 0.000311272 0.00133593 0.000398054 0.000151482 0.00222859 -0.000566477 0.00180103 0.00062169 7.55336e-05 0.00193982 0.000380322 0.00377492 0.000588107 -0.000610398 -0.000191452 -0.000359298 0.000757105 0.000488936 0.000231195 0.00101444
internal_weight=202736 34455 168281 31718 36429 131852 52544 79308 39799 2737 6005 7365 24353 31673 985 39509 3337 12638 26980 3088 8306 1752 4693 36291 44238 33794 9757 7318 14690 4756
internal_count=202736 34455 168281 31718 36429 131852 52544 79308 39799 2737 6005 7365 24353 31673 985 39509 3337 12638 26980 3088 8306 1752 4693 36291 44238 33794 9757 7318 14690 4756
is_linear=0
shrinkage=0.02


Tree=49
num_leaves=31
num_cat=0
split_feature=9 14 34 43 43 45 14 45 9 45 44 14 14 43 43 43 45 45 44 34 14 44 44 44 45 44 44 13 44 45
split_gain=67.5057 43.2429 19.3434 13.4765 9.456 8.42732 6.79925 6.73746 4.47481 4.07665 3.75142 3.74998 2.81636 2.71054 2.49295 2.48662 2.33231 2.19348 2.02534 1.94017 1.82577 1.81371 1.81183 1.62601 1.60429 1.58338 1.45384 1.59087 1.40397 1.33259
threshold=-7.5699999999999923 2.3338833333333349 -0.0068887713537538016 9.3199999999997107 7.7199999999967988 0.051973598821360691 0.4190000000000012 0.040335421839457819 1.3800000000000148 0.048169191919144858 1.6883562476704157 1.3876333333333342 1.1100500000000013 3.3600000000020378 19.539999999997963 12.1199999999968 0.066298545810673792 0.029067457278993607 -0.16839263257586518 0.0072997221302889374 0.68926666666666814 1.8588858361756968 3.1601215743280169 -0.40173684718654523 0.07176771542558559 0.59587910656819698 2.1876406604074967 2.7852333333333346 -0.24214895882725537 0.032215568862177621
decision_type=2 2 2 2 2 2 2 2 2 2 2 2 2 2 2 2 2 2 2 2 2 2 2 2 2 2 2 2 2 2
left_child=1 3 4 7 16 6 23 -1 19 21 12 17 -8 -9 22 28 20 -5 -10 -7 25 -3 -11 -4 -15 -2 27 -17 -6 -13
right_child=2 9 5 11 15 8 10 13 18 14 -12 29 -14 24 -16 26 -18 -19 -20 -21 -22 -23 -24 -25 -26 -27 -28 -29 -30 -31
leaf_value=-6.6322440191354836e-05 -4.6041231544757307e-05 0.002978049090165448 -0.00024117992759689307 0.00036037706913241929 0.00074426014000218005 -2.6439825867683779e-05 7.9890255289059216e-05 0.00027513458900951473 -0.00052768024645638621 0.0034626872236006405 -0.0004914460459943163 0.0012592505449345644 0.00077290734201561589 0.00063884414879595121 0.0046509550199678711 0.001152281750413332 0.00034703414395807769 0.0012163662241629833 -0.00086860498783133944 -0.00051802460342249563 0.00032177657084686936 0.0014493082632050652 0.00076230263415755337 -0.00048928079548985295 0.0011996902127709443 -0.00038827413067819247 9.0162385582243782e-05 0.0034563932526763532 0.00020605325716670925 0.0022173669866895778
leaf_weight=10021 25067 723 23911 1653 3474 7008 19000 7024 13651 603 4142 880 2676 8153 775 2917 6364 4345 14242 5928 4241 544 119 18933 2721 6895 507 125 4387 1707
leaf_count=10021 25067 723 23911 1653 3474 7008 19000 7024 13651 603 4142 880 2676 8153 775 2917 6364 4345 14242 5928 4241 544 119 18933 2721 6895 507 125 4387 1707
internal_value=-2.14574e-13 0.000744615 -0.00017887 0.000561987 0.000130989 -0.000331625 -0.000196321 0.000348894 -0.000559166 0.00315657 6.00606e-05 0.00125498 0.000165446 0.000581372 0.0038632 0.000642286 -6.06305e-06 0.000980463 -0.000701754 -0.000251712 -6.81328e-05 0.00232167 0.00301761 -0.000350817 0.000779185 -0.000119869 0.0010817 0.00124696 0.000443902 0.00189145
internal_weight=202736 39268 163468 36504 53977 109491 68662 27919 40829 2764 25818 8585 21676 17898 1497 11410 42567 5998 27893 12936 36203 1267 722 42844 10874 31962 3549 3042 7861 2587
internal_count=202736 39268 163468 36504 53977 109491 68662 27919 40829 2764 25818 8585 21676 17898 1497 11410 42567 5998 27893 12936 36203 1267 722 42844 10874 31962 3549 3042 7861 2587
is_linear=0
shrinkage=0.02


Tree=50
num_leaves=31
num_cat=0
split_feature=10 34 10 10 10 43 10 13 34 34 34 9 43 9 9 12 34 10 42 44 10 34 43 42 43 10 9 43 44 44
split_gain=101.204 31.1024 28.8858 23.7134 9.39071 7.48125 5.50137 5.10835 5.02369 4.3186 3.34889 2.57409 2.46594 2.33108 2.32651 2.23687 2.36925 2.15413 2.08831 2.02588 1.85496 1.78689 1.73637 1.73567 1.6066 1.58176 1.52471 1.51197 1.47927 1.36635
threshold=-54.442500000000003 -0.026807676893757782 -116.33499999999999 -4.7945000000000171 -209.34899999999996 5.1000000000014554 -24.60550000000001 0.70040000000000135 -0.003305117543184979 0.0026587955295749913 0.0018236664560350496 -9.9359999999999893 3.7199999999997093 -0.34100000000000336 -5.6589999999999998 0.53140000000000154 0.061204343749087918 -101.7825 0.34109865869004247 0.54054150901446807 -6.0820000000000123 -0.077864218579604044 5.8399999999979633 0.26258647562080645 12.9699999999968 91.561999999999998 11.4055 4.6800000000002919 -1.0284845826475115 0.23589529786104249
decision_type=2 2 2 2 2 2 2 2 2 2 2 2 2 2 2 2 2 2 2 2 2 2 2 2 2 2 2 2 2 2
left_child=2 7 4 6 -1 -4 14 20 11 17 12 -5 -8 24 22 -6 -17 19 -13 -7 -2 -9 -3 29 -10 -15 -19 -12 -16 -23
right_child=1 3 5 8 15 9 10 21 13 -11 27 18 -14 25 28 16 -18 26 -20 -21 -22 23 -24 -25 -26 -27 -28 -29 -30 -31
leaf_value=0.0052761666219570307 0.00057189194213786126 0.00037230487282281609 0.0003822879162026001 0.00047633878618781643 0.0016108547599575918 0.0018437132908700876 -5.1651258854114471e-05 0.0015828604053985556 -0.00035594513039899746 0.00089294948854843378 -0.00034707658086200659 -0.00036119311052572577 0.00037337581703793558 -0.00059863420472018017 0.00055209864175343024 0.0033103233265133337 0.00073702433779358105 0.0019717620833188064 7.7866529866726287e-06 0.0045553043592324264 0.00013207655660751048 0.00095314175716519601 0.00094840183863648358 0.0013385414354118868 0.00064323159611248324 0.00037291079869421944 0.00033932779152711458 -1.380412355229065e-05 4.5455292373937307e-05 0.0003763089840437619
leaf_weight=804 6571 5769 3024 2076 515 201 13249 1316 17695 2126 14212 20786 9288 47023 3003 1733 156 2966 8705 244 9215 3028 3284 1814 668 680 248 8827 9920 3590
leaf_count=804 6571 5769 3024 2076 515 201 13249 1316 17695 2126 14212 20786 9288 47023 3003 1733 156 2966 8705 244 9215 3028 3284 1814 668 680 248 8827 9920 3590
internal_value=-2.02248e-13 -0.000112167 0.00178017 -0.000212583 0.00340505 0.00118844 7.55023e-05 0.000537448 -0.000411909 0.00160983 -4.9827e-05 -0.000204362 0.000123512 -0.000511076 0.000335423 0.00277927 0.00309781 0.00202637 -0.00025228 0.00333052 0.000315152 0.000897438 0.000581286 0.000790462 -0.000319598 -0.000584785 0.0018458 -0.000219389 0.000163187 0.000640233
internal_weight=202736 190719 12017 165185 3208 8809 67552 25534 97633 5785 45576 31567 22537 66066 21976 2404 1889 3659 29491 445 15786 9748 9053 8432 18363 47703 3214 23039 12923 6618
internal_count=202736 190719 12017 165185 3208 8809 67552 25534 97633 5785 45576 31567 22537 66066 21976 2404 1889 3659 29491 445 15786 9748 9053 8432 18363 47703 3214 23039 12923 6618
is_linear=0
shrinkage=0.02


Tree=51
num_leaves=31
num_cat=0
split_feature=9 14 34 43 43 41 43 44 43 43 14 44 43 14 34 44 43 34 44 34 9 44 15 14 14 44 14 44 13 5
split_gain=62.5669 40.1816 17.9186 12.52 8.56861 5.36662 5.62284 3.70725 3.47763 3.33818 3.25313 2.8008 2.20972 2.04646 1.96177 1.91821 1.82502 1.7999 1.76286 1.72619 1.57922 1.49946 1.49111 1.48755 1.37216 1.37166 1.35723 1.33946 1.25461 1.2464
threshold=-7.5699999999999923 2.3338833333333349 -0.0073600695534770683 9.6400000000008745 7.7800000000002916 77.405183481784704 6.6599999999962174 0.20626399248918412 15.540000000000875 4.2800000000002916 1.4308666666666683 -0.40173684718654523 12.9699999999968 0.6757000000000013 0.0092113578576959523 2.8757842291610967 2.7600000000020377 -0.037240706915477303 -0.35851522440198619 0.014114095607827878 -2.4710000000000094 0.23589529786104249 10.108610459382717 1.1324000000000012 0.62598333333333456 0.192704284563815 3.1651000000000011 2.1876406604074967 2.7852333333333346 -0.29609999999999909
decision_type=2 2 2 2 2 2 2 2 2 2 2 2 2 2 2 2 2 2 2 2 2 2 2 2 2 2 2 2 2 2
left_child=1 3 4 9 13 6 11 24 15 -1 19 16 21 18 23 -3 -4 -10 -2 29 -13 -6 -12 -11 -8 -15 -19 28 -14 -5
right_child=2 8 5 10 12 -7 7 -9 17 14 22 20 27 25 -16 -17 -18 26 -20 -21 -22 -23 -24 -25 -26 -27 -28 -29 -30 -31
leaf_value=0.00013097028923280082 7.897929089257548e-05 0.0025757184263205408 -0.00035161676763403952 0.00087505276063635411 0.00069055235595731038 -0.00058605946470385699 0.00011773043970627576 -0.00024776861117041174 0.0041876913334977506 0.00059348827022914492 0.0019925959160157782 -0.00019500888999812602 0.0011888441400115036 0.00076632943189690057 0.00013065193217933635 0.0004888817850972107 -6.0427889778704508e-05 0.0019122605171743277 -0.00019845007674943374 0.00029141727995164442 -0.00054033749654829077 0.00014251289784203051 -0.00023653181641927268 0.0012452346951759834 0.00057399956688132167 8.7050354943220555e-05 0.0035484845070802963 9.4034000131385518e-05 0.0032952423112764329 0.0015440363966845931
leaf_weight=14472 19614 764 17586 2648 4751 23333 7085 9560 918 9120 2188 6687 2284 2133 3215 229 16867 332 17192 1156 25485 3445 127 1655 4199 2687 521 441 119 1923
leaf_count=14472 19614 764 17586 2648 4751 23333 7085 9560 918 9120 2188 6687 2284 2133 3215 229 16867 332 17192 1156 25485 3445 127 1655 4199 2687 521 441 119 1923
internal_value=-3.41239e-14 0.000716859 -0.000172203 0.000540814 0.000131518 -0.000316566 -0.000244677 4.2011e-05 0.00304187 0.00034393 0.00123762 -0.000334368 0.000626874 1.40082e-07 0.000564226 0.00209446 -0.000209061 0.00357308 -5.06073e-05 0.000981875 -0.00046856 0.000460197 0.00187031 0.000693594 0.000287517 0.000387652 0.00291164 0.00110722 0.00129316 0.00115649
internal_weight=202736 39268 163468 36504 52666 110802 87469 20844 2764 28462 8042 66625 11040 41626 13990 993 34453 1771 36806 5727 32172 8196 2315 10775 11284 4820 853 2844 2403 4571
internal_count=202736 39268 163468 36504 52666 110802 87469 20844 2764 28462 8042 66625 11040 41626 13990 993 34453 1771 36806 5727 32172 8196 2315 10775 11284 4820 853 2844 2403 4571
is_linear=0
shrinkage=0.02


Tree=52
num_leaves=31
num_cat=0
split_feature=10 10 10 34 34 10 43 14 34 34 34 45 45 34 45 14 14 6 41 43 45 14 14 44 34 45 43 41 45 41
split_gain=95.1163 29.4231 27.1538 14.6454 10.9899 8.8568 6.94522 5.17864 4.85815 4.02766 3.62945 3.53289 3.11075 3.10239 3.98492 2.52339 2.34262 2.44999 2.29422 2.28796 2.27195 2.10563 1.88925 1.80028 1.74683 1.56658 1.54454 1.5309 1.30211 1.21498
threshold=-54.442500000000003 -7.3470000000000084 -116.33499999999999 -0.024754778808360828 -0.026807676893757782 -209.34899999999996 5.1000000000014554 0.4190000000000012 -0.003305117543184979 0.0026587955295749913 -0.070498786730593274 0.068789173170331716 0.06661918087698615 0.014425828684113644 0.05804399465494401 1.1100500000000013 1.1559000000000015 0.39646666666666613 43.162966016728319 2.4599999999991273 0.04489985496602001 0.87030000000000085 0.71128333333333471 0.65801029313983161 0.061204343749087918 0.064484136490998892 10.760000000002039 70.405529146374661 0.067821365989707366 32.251667251010524
decision_type=2 2 2 2 2 2 2 2 2 2 2 2 2 2 2 2 2 2 2 2 2 2 2 2 2 2 2 2 2 2
left_child=2 4 5 10 20 -1 -4 23 18 16 -3 19 29 15 -15 -9 -8 -18 25 -10 -2 -7 -14 27 -23 -5 -22 -6 -11 -12
right_child=1 3 6 8 7 21 9 13 11 28 12 -13 22 14 -16 -17 17 -19 -20 -21 26 24 -24 -25 -26 -27 -28 -29 -30 -31
leaf_value=0.0051183610476219837 0.00044135765163024339 0.0013388707878923699 0.0003753495609546339 -0.00037370794696541497 8.250449020329165e-05 0.0015695787802963274 0.0014696976983101129 0.00037807528292205386 -0.00060489676448502894 0.0010485140224003608 -7.0920112037328097e-05 -0.00079312063741817545 0.00050163701368172154 0.0002489473424361 -0.00078824433862304324 0.0011002467922817147 0.0023005306894001462 0.0055232186772278518 6.40556683127175e-05 -0.00033422676816246579 0.00084781159753949387 0.0031718730886275259 0.0017472410672540245 -0.00039613034452854389 0.00077752685480935943 6.4247328017139218e-05 0.0015516737917974127 -0.00027849568175906492 -0.00047493671090798636 0.0004069210598813987
leaf_weight=804 4549 1167 3024 18559 22262 522 1886 15427 17805 1871 9212 11846 2207 6015 1966 2213 1673 100 10272 41862 5116 1751 625 5278 131 3965 1649 5956 255 2768
leaf_count=804 4549 1167 3024 18559 22262 522 1886 15427 17805 1871 9212 11846 2207 6015 1966 2213 1673 100 10272 41862 5116 1751 625 5278 131 3965 1649 5956 255 2768
internal_value=-7.47248e-15 -0.000108741 0.0017258 -0.000298826 0.000215902 0.00330121 0.00115208 0.000106608 -0.0003852 0.0015581 0.000265013 -0.000477632 0.000180406 0.000320641 -6.54932e-06 0.000468674 0.00196036 0.0024823 -0.000183648 -0.000414996 0.000786976 0.00269348 0.000776532 -5.71048e-05 0.00300521 -0.000296613 0.00101938 6.30784e-06 0.000865786 3.94859e-05
internal_weight=202736 190719 12017 120288 70431 3208 8809 59117 104309 5785 15979 71513 14812 25621 7981 17640 3659 1773 32796 59667 11314 2404 2832 33496 1882 22524 6765 28218 2126 11980
internal_count=202736 190719 12017 120288 70431 3208 8809 59117 104309 5785 15979 71513 14812 25621 7981 17640 3659 1773 32796 59667 11314 2404 2832 33496 1882 22524 6765 28218 2126 11980
is_linear=0
shrinkage=0.02


Tree=53
num_leaves=31
num_cat=0
split_feature=10 10 10 9 14 10 43 45 29 43 43 31 45 10 9 45 44 14 43 12 9 14 14 9 29 14 45 10 44 14
split_gain=91.3497 28.2579 26.0785 10.5723 10.1731 8.50607 6.70312 4.679 4.37466 3.42346 3.17334 2.99704 2.91739 2.69626 2.43983 2.35118 2.13954 2.34853 2.12789 2.04144 1.91881 1.9115 1.894 1.6891 1.59806 1.5282 1.51671 1.47788 2.00983 1.48597
threshold=-54.442500000000003 -7.3470000000000084 -116.33499999999999 -5.1959999999999917 0.48360000000000075 -209.34899999999996 6.7000000000014568 0.043679996695067176 -0.013820423981164563 9.6400000000008745 5.3000000000014564 27.599999999998548 0.064775413711466515 82.286500000000004 14.490500000000006 0.026138583590313135 0.65801029313983161 0.27740000000000176 2.4599999999991273 0.53140000000000154 2.0470000000000019 1.1100500000000013 0.97213333333333418 -2.6369999999999996 -0.053227891559542988 1.8278500000000011 0.045481304270772314 25.306999999999974 -0.65430216475782277 1.3052833333333342
decision_type=2 2 2 2 2 2 2 2 2 2 2 2 2 2 2 2 2 2 2 2 2 2 2 2 2 2 2 2 2 2
left_child=2 4 5 7 16 -1 -4 27 24 13 -6 21 18 -9 15 23 17 -2 -10 -7 -14 -12 -17 -8 -5 -11 -16 29 -29 -3
right_child=1 3 6 8 10 19 14 9 12 25 11 -13 20 -15 26 22 -18 -19 -20 -21 -22 -23 -24 -25 -26 -27 -28 28 -30 -31
leaf_value=0.005015993783870464 -7.8345629191562685e-05 -0.00043210484097989488 0.00052976001972865501 0.00022872553423180451 0.00025414669706665913 0.0015234058878737166 0.00047705815027824909 0.00022984375917722586 -0.000557330843732933 0.0010933728790977195 0.00068527148716204529 0.00014603920389245521 -0.00031722882248665481 0.0029004144816744053 0.0012331913039762233 0.0014486090745334311 -0.00028833788153687437 0.00024693937940848776 -0.00030113685850086672 0.0029439223721323786 -0.00080915424608812858 0.0012425365679748183 0.0024473907856175014 0.002016784427729572 -0.00021330751218051291 0.003247626297609431 -0.0014142031198566627 0.0011328922080566242 -0.00018376306121978855 0.00086444183350590229
leaf_weight=804 17771 5931 4041 3848 11244 515 799 8381 19107 1438 9680 3228 4265 154 190 1256 7464 17742 40361 1889 12373 3302 1921 443 21835 145 159 700 1374 376
leaf_count=804 17771 5931 4041 3848 11244 515 799 8381 19107 1438 9680 3228 4265 154 190 1256 7464 17742 40361 1889 12373 3302 1921 443 21835 145 159 700 1374 376
internal_value=-5.30684e-14 -0.000106566 0.00169129 -0.000292849 0.000211584 0.00323519 0.00112904 0.000146976 -0.000372783 0.000436466 0.000512323 0.000691406 -0.00044895 0.00027803 0.00163694 0.00176409 1.94701e-05 8.41641e-05 -0.000383452 0.00263961 -0.000683054 0.000827013 0.00205253 0.00102625 -0.000147079 0.0012907 2.70718e-05 -0.000202512 0.000260624 -0.00035481
internal_weight=202736 190719 12017 120288 70431 3208 8809 18499 101789 10118 27454 16210 76106 8535 4768 4419 42977 35513 59468 2404 16638 12982 3177 1242 25683 1583 349 8381 2074 6307
internal_count=202736 190719 12017 120288 70431 3208 8809 18499 101789 10118 27454 16210 76106 8535 4768 4419 42977 35513 59468 2404 16638 12982 3177 1242 25683 1583 349 8381 2074 6307
is_linear=0
shrinkage=0.02


Tree=54
num_leaves=31
num_cat=0
split_feature=10 10 34 10 14 10 45 14 34 45 10 44 14 34 10 9 14 41 14 6 41 34 44 34 9 45 34 14 34 34
split_gain=87.7544 42.4155 20.0214 9.92037 9.05375 6.97496 6.15808 4.74613 3.32536 3.23388 3.17487 3.38341 3.16641 3.08926 2.87265 2.83251 2.57118 2.52685 2.66324 2.43842 2.35254 2.06188 1.96259 1.52002 1.51917 2.32272 1.40411 1.36205 1.31826 1.19676
threshold=-101.7825 -24.126500000000021 -0.014313103703530667 -209.34899999999996 0.79136666666666755 -2.8685000000000165 0.067217266334067591 0.87030000000000085 -0.043515348206062281 0.028091939412283939 82.286500000000004 0.17929635389578544 0.59811666666666752 0.061204343749087918 -76.424999999999997 -0.68399999999999161 0.43976666666666753 74.888640871267526 0.28768333333333468 -0.73481666666666701 32.251667251010524 0.041686708810711452 -1.6519847121137496 0.027967676773960847 -1.1619999999999844 0.035964912280539052 -0.088155083954746957 2.1761666666666684 -0.065533267403222698 -0.012812427432657847
decision_type=2 2 2 2 2 2 2 2 2 2 2 2 2 2 2 2 2 2 2 2 2 2 2 2 2 2 2 2 2 2
left_child=3 4 6 29 16 17 8 -5 26 19 15 -12 -8 14 -11 -7 -2 18 -4 -6 -10 24 -18 -24 28 -26 -3 -14 -9 -1
right_child=1 2 5 7 9 10 12 21 20 13 11 -13 27 -15 -16 -17 22 -19 -20 -21 -22 -23 23 -25 25 -27 -28 -29 -30 -31
leaf_value=0.0056443439922381116 0.00019590266606595496 0.0014633573187628787 -0.00025053803662101917 0.0011130338554135525 -0.0010300078736114745 -0.00026312893679026288 0.00043462784268000296 0.0038647672004727845 -0.0001736847455900767 0.0023931740678855206 0.0012561109707764776 -0.00059278332805358022 0.0012119329433784448 -0.00064330699943774747 0.0012184648403530873 -0.0005291974328128934 0.0018835897128858731 -0.00041699010077905893 0.00010696376641780953 0.0007219728392425307 0.0002157759146385466 0.00139158732140645 0.00063416876636237824 -7.8547806592889124e-05 0.0056570332489981516 0.0019300609732978047 0.00040050347528146937 0.0034538310938596463 0.0025824806885002423 0.0040985636839687353
leaf_weight=425 15003 547 14204 815 370 22508 5241 421 16183 967 903 705 2206 315 5995 55391 455 9012 20173 2251 10061 322 9289 1374 202 100 5459 114 1346 379
leaf_count=425 15003 547 14204 815 370 22508 5241 421 16183 967 903 705 2206 315 5995 55391 455 9012 20173 2251 10061 322 9289 1374 202 100 5459 114 1346 379
internal_value=-1.4918e-14 -5.91077e-05 -0.000196584 0.00292923 0.000561907 -0.000322856 0.000193216 0.00243108 7.27748e-05 0.00107702 -0.000434162 0.000445495 0.000706936 0.00129397 0.00138163 -0.00045232 0.000366718 -0.000118896 -4.075e-05 0.00047465 -2.43796e-05 0.00288034 0.000597221 0.00054233 0.00311204 0.00442294 0.000497304 0.0013221 0.00288799 0.00491567
internal_weight=202736 198726 162707 4010 36019 122896 39811 3206 32250 9898 79507 1608 7561 7277 6962 77899 26121 43389 34377 2621 26244 2391 11118 10663 2069 302 6006 2320 1767 804
internal_count=202736 198726 162707 4010 36019 122896 39811 3206 32250 9898 79507 1608 7561 7277 6962 77899 26121 43389 34377 2621 26244 2391 11118 10663 2069 302 6006 2320 1767 804
is_linear=0
shrinkage=0.02


Tree=55
num_leaves=31
num_cat=0
split_feature=10 10 10 14 31 10 43 41 43 44 41 41 45 14 6 41 10 14 44 14 14 10 14 44 45 31 6 10 43 44
split_gain=84.6012 26.1656 23.9904 9.4194 8.69201 7.83341 6.3428 5.11232 4.09673 3.46659 3.29444 2.86887 2.8468 2.72752 2.95138 2.61059 2.55371 2.37409 2.29761 2.11583 1.9571 1.94165 1.88557 1.88037 1.78659 1.45873 1.05886 1.04198 1.03434 1.00122
threshold=-54.442500000000003 -7.3470000000000084 -116.33499999999999 0.54000000000000137 -29.849999999998541 -209.34899999999996 5.1000000000014554 75.286886012984112 3.9800000000002913 -0.40173684718654523 68.749999994500257 68.101903345633417 0.067217266334067591 1.1100500000000013 -0.59721666666666684 58.626306552674514 91.561999999999998 0.28980000000000117 1.5206863208153572 0.44613333333333466 1.0276166666666675 -80.640000000000001 0.87030000000000085 0.50660233157382217 0.06661918087698615 -96.29999999999562 -0.49360000000000032 104.706 16.400000000004372 0.05515239103488221
decision_type=2 2 2 2 2 2 2 2 2 2 2 2 2 2 2 2 2 2 2 2 2 2 2 2 2 2 2 2 2 2
left_child=2 3 5 11 12 26 -4 8 16 -10 13 17 25 18 -15 20 -6 -2 -5 -14 -8 -22 -7 -19 -12 -3 -1 -27 -21 -28
right_child=1 4 6 10 7 22 15 -9 9 -11 24 -13 19 14 -16 -17 -18 23 -20 28 21 -23 -24 -25 -26 27 29 -29 -30 -31
leaf_value=0.0055956105836841427 -4.8047609714923667e-05 0.0011994384350416292 0.00034606662578329797 0.00063094850409061332 -0.00042019178128413411 0.0014733214223609304 0.0012915840096004187 -0.00063456598831400281 9.4047610553615982e-05 -0.00028166947339260763 0.00015979938290725673 -0.00024887536033146629 0.00019659714975220788 0.00037480506682536927 0.0014339490793438259 0.00075632808589941607 0.0019801427386282535 0.00038806346266862662 4.8758592939189552e-06 0.0012146417224515769 0.0028024784980335256 0.0016050452476876515 0.0028318663404701605 -5.6719358232163013e-05 -0.0011325979318653205 -9.4402333666206286e-06 0.0027138558046685326 0.001770925380559148 0.0033371689892373979 0.0047933184100409686
leaf_weight=374 16999 428 3024 11802 44556 522 2104 19804 16168 25030 3154 10518 1162 1619 3007 1494 178 14794 2926 1125 988 1199 1882 5117 495 11604 135 133 100 295
leaf_count=374 16999 428 3024 11802 44556 522 2104 19804 16168 25030 3154 10518 1162 1619 3007 1494 178 14794 2926 1125 988 1199 1882 5117 495 11604 135 133 100 295
internal_value=-8.4312e-14 -0.000102554 0.00162762 0.000203591 -0.000281809 0.00310842 0.00108835 -0.000344879 -0.000278118 -0.000134221 0.000535703 4.25138e-05 0.000176469 0.000639631 0.00106327 0.00147636 -0.000410641 0.000125549 0.000506567 0.000807974 0.00172705 0.002146 0.00253687 0.000273757 -1.5519e-05 5.25564e-05 0.00481736 1.07343e-05 0.00138791 0.00414046
internal_weight=202736 190719 12017 70431 120288 3208 8809 105736 85932 41198 23003 47428 14552 19354 4626 5785 44734 36910 14728 2387 4291 2187 2404 19911 3649 12165 804 11737 1225 430
internal_count=202736 190719 12017 70431 120288 3208 8809 105736 85932 41198 23003 47428 14552 19354 4626 5785 44734 36910 14728 2387 4291 2187 2404 19911 3649 12165 804 11737 1225 430
is_linear=0
shrinkage=0.02


Tree=56
num_leaves=31
num_cat=0
split_feature=10 34 10 10 10 43 14 45 34 34 34 45 14 45 43 42 34 14 6 44 12 34 10 43 10 14 45 43 45 42
split_gain=81.251 25.7318 23.0404 19.3156 7.52321 6.09465 5.45579 5.30504 4.10829 3.79241 3.30036 3.67498 3.12798 3.0152 2.69598 2.48391 2.35002 2.00199 2.35969 1.94002 1.88392 2.12198 1.84569 1.83751 1.47444 1.38778 1.27932 1.23585 1.17441 1.16062
threshold=-54.442500000000003 -0.026807676893757782 -116.33499999999999 -4.7945000000000171 -209.34899999999996 4.9000000000014561 0.4190000000000012 0.060350004131187872 -0.0035232389179990563 0.0026587955295749913 0.016045880030093756 0.056871819700567962 0.92465000000000086 0.068789173170331716 5.0600000000020389 0.34109865869004247 -0.065533267403222698 1.1559000000000015 0.39646666666666613 0.63687987257555367 0.53140000000000154 0.061204343749087918 -11.033000000000014 2.4599999999991273 -18.221000000000021 0.34396666666666836 0.068789173170331716 3.9199999999997095 0.068453763641211987 0.22180747695269457
decision_type=2 2 2 2 2 2 2 2 2 2 2 2 2 2 2 2 2 2 2 2 2 2 2 2 2 2 2 2 2 2
left_child=2 7 4 6 -1 -4 19 16 15 17 14 -12 25 23 -8 28 -2 -7 -19 24 -6 -22 29 -10 -3 -9 -11 -17 -5 -18
right_child=1 3 5 8 20 9 10 12 13 26 11 -13 -14 -15 -16 27 22 18 -20 -21 21 -23 -24 -25 -26 -27 -28 -29 -30 -31
leaf_value=0.0047210132459697511 0.00094807278489571895 0.00013489437515234516 0.00031565101252651072 -0.0003549834284567356 0.0014138601738710897 0.0013778509480993936 0.00020151993154446984 0.00024635813496017586 -0.00057834519439760377 0.00094318197948856791 0.00019866127760311076 -0.00075186576289845589 0.0016246510848676977 -0.00076120328430006809 0.00066600788070824617 -0.00013732443835091492 0.00035051437800297984 0.0021282647557557873 0.0052902133318595591 -0.00040026255137745907 0.0029795896165224467 0.00054427262592630899 5.2872726748993983e-05 -0.00032571732706178054 -0.00013703851768338495 0.0008931776532605046 -0.00059923200327364253 0.0003241386792319532 8.2909731789233054e-05 0.0010525472979450463
leaf_weight=804 1945 13823 2900 19024 515 1944 10729 1908 16330 1935 6061 2224 1889 11109 9358 4673 4044 1688 100 6503 1733 156 10164 39072 18854 4356 242 4613 2812 1228
leaf_count=804 1945 13823 2900 19024 515 1944 10729 1908 16330 1935 6061 2224 1889 11109 9358 4673 4044 1688 100 6503 1733 156 10164 39072 18854 4356 242 4613 2812 1228
internal_value=-6.30215e-14 -0.000100503 0.00159506 -0.000191839 0.00304625 0.00106658 6.81632e-05 0.00049037 -0.000371734 0.00143512 0.000279379 -5.64953e-05 0.000911284 -0.00046048 0.000417913 -0.000182075 0.00029293 0.0018221 0.00230511 -8.47878e-05 0.00248614 0.00277847 0.000210379 -0.000400181 -2.20057e-05 0.000696158 0.000771724 9.19163e-05 -0.000298592 0.000514038
internal_weight=202736 190719 12017 165185 3208 8809 67552 25534 97633 5909 28372 8285 8153 66511 20087 31122 17381 3732 1788 39180 2404 1889 15436 55402 32677 6264 2177 9286 21836 5272
internal_count=202736 190719 12017 165185 3208 8809 67552 25534 97633 5909 28372 8285 8153 66511 20087 31122 17381 3732 1788 39180 2404 1889 15436 55402 32677 6264 2177 9286 21836 5272
is_linear=0
shrinkage=0.02


Tree=57
num_leaves=31
num_cat=0
split_feature=10 9 10 10 45 10 34 14 14 45 10 34 34 10 44 34 14 34 34 9 14 12 34 41 44 5 41 41 13 9
split_gain=78.0335 25.0082 22.128 11.1009 9.19862 7.22529 6.56818 5.90203 4.95494 4.58516 3.89777 3.2922 3.2464 2.81855 2.45739 2.41795 2.02865 1.96023 1.86957 1.8169 2.22916 1.80932 2.03795 1.73943 1.72017 1.70681 1.66139 1.56203 1.45627 1.35053
threshold=-54.442500000000003 -3.8610000000000002 -116.33499999999999 -13.523000000000016 0.035674727162131006 -209.34899999999996 -0.0048475965065699648 1.1324000000000012 0.8462000000000014 0.04489985496602001 -29.405500000000007 -0.026807676893757782 -0.026807676893757782 82.286500000000004 -0.33621368666040202 -0.065533267403222698 0.30940000000000017 -0.032355303163540572 0.061204343749087918 11.744000000000012 0.35363333333333463 0.53140000000000154 0.061204343749087918 39.09774435920658 -0.56732098641892237 -2.7461999999999964 76.081714743541369 10.14492753588622 0.71766666666666901 -23.175499999999992
decision_type=2 2 2 2 2 2 2 2 2 2 2 2 2 2 2 2 2 2 2 2 2 2 2 2 2 2 2 2 2 2
left_child=2 4 5 12 10 -1 17 11 19 16 29 27 28 -13 -14 -10 -8 -5 25 20 -4 -7 -23 -19 -11 -17 -9 -6 -3 -2
right_child=1 3 8 6 7 21 9 26 15 24 -12 13 14 -15 -16 18 -18 23 -20 -21 -22 22 -24 -25 -26 -27 -28 -29 -30 -31
leaf_value=0.0046265929814576362 -0.00040029125706226459 0.00052400429094777532 0.00010876582679565511 0.00019980803981208871 0.00017431969193020046 0.0013855829573693028 -0.00044755852171425879 0.0012599269674390472 0.0028743639157989558 -0.00042543765824967842 -0.0002253752986798964 0.00021294269893733196 0.00023451136144896867 0.0030900187056212532 -0.0001869910734587803 -0.00066445051223263708 -0.00014996944407055302 -0.00029521083929658927 -6.1986538018450306e-05 -0.00087023157680924008 0.0010337693860286796 0.0029199978222145696 0.00053338716997062044 2.4604753100566514e-05 -0.00071095711108928774 0.0016539966607992253 -0.00053892133299321421 0.00081891075935283371 0.001624060234370538 0.00066237520352930407
leaf_weight=804 566 1678 1552 6520 1914 515 16949 3833 509 13503 16137 23386 13307 137 9470 133 19946 19382 319 302 3172 1733 156 10481 22512 2822 217 7016 675 3090
leaf_count=804 566 1678 1552 6520 1914 515 16949 3833 509 13503 16137 23386 13307 137 9470 133 19946 19382 319 302 3172 1733 156 10481 22512 2822 217 7016 675 3090
internal_value=3.30609e-14 -9.84932e-05 0.00156316 -0.000246703 0.0002554 0.00298532 -0.000333854 0.000443654 0.00104525 -0.000443378 -9.17853e-05 0.000353814 0.000132326 0.000229699 5.92632e-05 0.00159199 -0.000286677 -0.000114371 0.00139262 0.000633727 0.000729873 0.00243641 0.0027229 -0.000182965 -0.000603908 0.00154965 0.00116354 0.000680753 0.000839575 0.00049786
internal_weight=202736 190719 12017 134423 56296 3208 109293 36503 8809 72910 19793 32453 25130 23523 22777 3783 36895 36383 3274 5026 4724 2404 1889 29863 36015 2955 4050 8930 2353 3656
internal_count=202736 190719 12017 134423 56296 3208 109293 36503 8809 72910 19793 32453 25130 23523 22777 3783 36895 36383 3274 5026 4724 2404 1889 29863 36015 2955 4050 8930 2353 3656
is_linear=0
shrinkage=0.02


Tree=58
num_leaves=31
num_cat=0
split_feature=10 9 10 10 34 10 34 10 14 34 14 10 9 34 6 34 14 5 14 44 34 14 14 44 34 42 14 6 40 10
split_gain=74.9507 24.3527 20.0692 11.1294 7.37608 6.93917 6.30808 5.09456 4.84709 3.26955 2.9547 2.72405 2.3848 2.32652 2.34061 2.1937 2.14504 1.93086 2.10402 1.92164 1.89629 1.7388 1.60895 1.56704 1.5141 1.48539 1.43596 1.77664 1.40982 1.29806
threshold=-56.553500000000007 -3.8610000000000002 -116.33499999999999 -13.523000000000016 -0.027865009210344831 -209.34899999999996 -0.0048475965065699648 -30.059000000000015 0.97213333333333418 0.0012223605708157885 0.93891666666666773 8.5959999999999983 12.560500000000006 0.0047955310433470824 0.3070166666666661 -0.070498786730593274 0.35363333333333463 -0.27360000000000068 0.4190000000000012 -0.42239466136064696 -0.044840847513015487 0.87030000000000085 0.31168333333333414 -0.19341946934428439 0.061204343749087918 0.30837846419238307 0.30270000000000113 -0.73481666666666701 18.627450980064243 -72.730999999999995
decision_type=2 2 2 2 2 2 2 2 2 2 2 2 2 2 2 2 2 2 2 2 2 2 2 2 2 2 2 2 2 2
left_child=2 4 5 9 15 -1 20 26 12 10 23 22 16 14 29 -2 -4 -9 -19 -13 -5 -7 -8 -3 -23 -22 -6 -28 -17 -10
right_child=1 3 8 6 7 21 11 17 13 -11 -12 19 -14 -15 -16 28 -18 18 -20 -21 25 24 -24 -25 -26 -27 27 -29 -30 -31
leaf_value=0.0045340610994489411 0.0013621964306046066 0.00045767061530705962 9.5629158646378886e-05 0.00038038585086231557 -3.2406526399811953e-06 0.0013663665188770381 -0.00044261618314007359 -0.00029214386148729347 0.0022559820874476079 -7.9570187723402319e-05 0.0015946023117609466 -0.00038738515949033665 -0.0011006029063297823 0.00088529248059877473 0.0044975294818186433 0.00036381937790029106 0.0010477664037471075 -6.5041581745853221e-05 0.00027604274361844232 -0.00068377763721061738 -0.00023634646300232549 0.0028261272865547022 -0.00017888109947626317 -4.2259117968205045e-05 0.00059698360127428875 6.2042659861680596e-05 -0.0004511851185980636 0.0007924471046484989 0.00080449411200242697 0.0011911482147348902
leaf_weight=804 1599 7689 1337 2880 1399 522 19002 6315 1246 13292 745 15136 290 1028 145 6141 3240 15545 13531 20738 24304 1751 18034 3722 131 9199 496 6242 5509 724
leaf_count=804 1599 7689 1337 2880 1399 522 19002 6315 1246 13292 745 15136 290 1028 145 6141 3240 15545 13531 20738 24304 1751 18034 3722 131 9199 496 6242 5509 724
internal_value=-1.95526e-13 -9.3069e-05 0.00158891 -0.000239467 0.000254357 0.00292562 -0.000327176 0.000128591 0.00105356 0.000137224 0.000374278 -0.000434511 0.000658197 0.00166579 0.00204515 0.000667547 0.000769635 2.48418e-05 9.36877e-05 -0.000558723 -0.000112083 0.00238769 -0.000314195 0.000294605 0.00267096 -0.000154417 0.000579837 0.0007009 0.000572204 0.00186464
internal_weight=202736 191518 11218 134741 56777 3208 109293 43528 8010 25448 12156 72910 4867 3143 2115 13249 4577 35391 29076 35874 36383 2404 37036 11411 1882 33503 8137 6738 11650 1970
internal_count=202736 191518 11218 134741 56777 3208 109293 43528 8010 25448 12156 72910 4867 3143 2115 13249 4577 35391 29076 35874 36383 2404 37036 11411 1882 33503 8137 6738 11650 1970
is_linear=0
shrinkage=0.02


Tree=59
num_leaves=31
num_cat=0
split_feature=10 10 34 10 43 34 10 14 34 10 10 44 6 43 14 14 6 14 44 14 13 34 10 33 6 10 10 34 34 14
split_gain=72.0242 35.4201 17.1032 8.05205 7.87125 5.54392 5.18442 4.14652 3.6093 2.80197 2.61862 2.73149 2.44841 2.37291 2.28422 2.11818 2.04896 2.48154 2.02729 1.95304 1.75677 1.71481 1.54072 1.35771 1.32108 3.1817 1.76073 1.23884 1.13524 1.12778
threshold=-101.7825 -24.126500000000021 -0.0090891730685329335 -209.34899999999996 8.3199999999997107 -0.041230039570675385 -1.1120000000000165 1.0885166666666681 0.019174381933246488 -5.4410000000000132 82.286500000000004 0.17929635389578544 -0.59721666666666684 5.0200000000026206 3.7055333333333342 0.43976666666666753 -0.84406666666666685 1.1559000000000015 -0.15545151304991087 0.27153333333333468 3.5299000000000018 0.041686708810711452 -39.838500000000003 1.0000000180025095e-35 -0.84406666666666685 -138.12749999999997 -166.39949999999996 -0.088155083954746957 -0.018015758175802577 0.4080000000000012
decision_type=2 2 2 2 2 2 2 2 2 2 2 2 2 2 2 2 2 2 2 2 2 2 2 2 2 2 2 2 2 2
left_child=3 4 5 28 15 20 13 29 14 19 12 -12 -8 -4 22 -2 -17 -18 -15 -7 27 24 -6 -11 26 -26 -9 -3 -1 -5
right_child=1 2 6 7 8 9 10 21 -10 23 11 -13 -14 18 -16 16 17 -19 -20 -21 -22 -23 -24 -25 25 -27 -28 -29 -30 -31
leaf_value=0.005193042326764789 0.00016333755700051643 0.0013854101908554672 -0.00024497179205775122 -0.00032588247414224033 0.0014045554322915394 -0.00011021268947443444 0.0019788005274891606 0.0040115045182980025 0.00033453713740090103 -0.00013026641229914313 0.0011899411641104691 -0.00054147192281209396 -0.00045319197227653731 0.00035411549961792397 0.0032389635338838543 -0.00049923630068223162 0.00049202124714760786 0.0014745568950115481 -0.00015016882638022995 0.00039972243887471059 0.0029690876827875444 0.0012780555608404571 0.00080974159745407091 0.00036932634940936121 0.0023125987388020303 0.0043503844878011334 0.0015450771107210805 0.00047528026034860852 0.0036899785275694144 0.0014735213891788109
leaf_weight=403 13888 646 30029 164 4171 4231 166 156 2473 26194 805 666 66169 5861 217 736 10402 1141 6994 10362 121 285 2991 2373 618 608 449 8090 401 926
leaf_count=403 13888 646 30029 164 4171 4231 166 156 2473 26194 805 666 66169 5861 217 736 10402 1141 6994 10362 121 285 2991 2373 618 608 449 8090 401 926
internal_value=1.02822e-13 -5.35487e-05 -0.000179178 0.00265374 0.00051395 0.000119943 -0.000319745 0.00220494 0.000995788 2.64093e-05 -0.000428598 0.000406038 -0.000447106 -0.000147632 0.0012174 0.000332536 0.000523906 0.000589143 7.97503e-05 0.000251875 0.000575731 0.00272117 0.00115615 -8.87663e-05 0.0029458 0.00332318 0.00218105 0.000542582 0.00444338 0.00120279
internal_weight=202736 198726 162707 4010 36019 52017 110690 3206 9852 43160 67806 1471 66335 42884 7379 26167 12279 11543 12855 14593 8857 2116 7162 28567 1831 1226 605 8736 804 1090
internal_count=202736 198726 162707 4010 36019 52017 110690 3206 9852 43160 67806 1471 66335 42884 7379 26167 12279 11543 12855 14593 8857 2116 7162 28567 1831 1226 605 8736 804 1090
is_linear=0
shrinkage=0.02


Tree=60
num_leaves=31
num_cat=0
split_feature=10 34 10 10 10 43 14 45 34 34 34 45 14 45 43 42 34 41 41 14 6 12 34 43 44 44 14 43 45 10
split_gain=69.4137 22.3226 19.5724 16.796 6.38343 5.44847 4.92968 4.89193 3.4058 3.3939 3.20123 3.96686 2.84102 2.82111 2.50157 2.18047 2.08212 2.49446 1.89607 1.69361 2.16736 1.66308 1.85794 1.65364 1.50666 1.2873 1.26907 1.26219 1.2031 1.14986
threshold=-54.442500000000003 -0.026807676893757782 -116.33499999999999 -4.3575000000000141 -209.34899999999996 4.9000000000014561 0.4190000000000012 0.060350004131187872 0.0026587955295749913 -0.0024842186560654722 0.012962607989667283 0.046419140102427987 0.92465000000000086 0.068789173170331716 5.0600000000020389 0.34109865869004247 -0.065533267403222698 28.985507245218326 70.405529146374661 1.1559000000000015 0.39646666666666613 0.53140000000000154 0.05525710701734738 2.7000000000014555 0.63687987257555367 -0.24214895882725537 0.34396666666666836 3.9199999999997095 0.068789173170331716 -5.4410000000000132
decision_type=2 2 2 2 2 2 2 2 2 2 2 2 2 2 2 2 2 2 2 2 2 2 2 2 2 2 2 2 2 2
left_child=2 7 4 6 -1 -4 18 16 19 15 14 -12 26 23 -8 -5 -2 25 24 -7 -21 -6 -23 -11 -3 -18 -9 -17 -10 -19
right_child=1 3 5 9 21 8 10 12 28 13 11 -13 -14 -15 -16 27 17 29 -20 20 -22 22 -24 -25 -26 -27 -28 -29 -30 -31
leaf_value=0.0043545123014543489 0.00088451922692058557 5.1310183160139367e-05 0.00027720595168516724 -0.00029560184387817176 0.0012884112870466481 0.001293788896697608 0.00019634351272669107 0.00022648585771614606 0.00087326598770256017 -0.00053543439811629253 0.00029515186567712201 -0.00053150548904028585 0.0015414983014253726 -0.00072979572255878851 0.00065451016463233854 -0.00015690247848830721 0.00027289691674183203 0.00087144354462203872 -0.00034037679128605294 0.0019771623913781753 0.0050075150451622912 0.0027821370947930832 0.00071118199997557421 -0.00029626711927577834 -0.00032622526515176212 -0.00017911982940468335 0.0008450235417272609 0.00028160686500106887 -0.00062249429139581874 0.00026978846977021754
leaf_weight=804 1945 26198 2900 22238 515 1944 10247 1908 1935 17124 5778 3882 1889 10722 8913 5462 4358 2393 8910 1688 100 1696 193 35613 5042 5976 4356 5056 242 2709
leaf_count=804 1945 26198 2900 22238 515 1944 10247 1908 1935 17124 5778 3882 1889 10722 8913 5462 4358 2393 8910 1688 100 1696 193 35613 5042 5976 4356 5056 242 2709
internal_value=-4.57768e-14 -9.28941e-05 0.0014743 -0.000177965 0.00281182 0.000987212 6.02335e-05 0.000457446 0.00133567 -0.000348713 0.000259808 -3.70514e-05 0.00086164 -0.000434054 0.000409477 -0.00018338 0.000267849 0.000190146 -8.30227e-05 0.00170239 0.00214665 0.00229588 0.00257055 -0.000373926 -9.62239e-06 1.15023e-05 0.000656618 5.38889e-05 0.000706994 0.000551984
internal_weight=202736 190719 12017 165185 3208 8809 68970 25534 5909 96215 28820 9660 8153 63459 19160 32756 17381 15436 40150 3732 1788 2404 1889 52737 31240 10334 6264 10518 2177 5102
internal_count=202736 190719 12017 165185 3208 8809 68970 25534 5909 96215 28820 9660 8153 63459 19160 32756 17381 15436 40150 3732 1788 2404 1889 52737 31240 10334 6264 10518 2177 5102
is_linear=0
shrinkage=0.02


Tree=61
num_leaves=31
num_cat=0
split_feature=10 9 10 10 45 43 10 34 43 45 10 34 34 34 44 43 43 14 14 10 44 44 45 12 34 45 13 9 41 9
split_gain=66.6649 21.9088 18.7974 9.37916 8.69889 6.50083 6.13064 5.46596 5.23271 4.4453 3.60717 3.27093 2.91483 2.33188 2.29762 2.08509 1.95627 1.95598 1.7412 1.64333 1.74433 1.63987 1.61978 1.59722 1.78944 1.5835 1.33512 1.28621 1.27148 1.16591
threshold=-54.442500000000003 -3.5829999999999829 -116.33499999999999 -13.847000000000014 0.035674727162131006 7.1800000000032016 -209.34899999999996 -0.0048475965065699648 4.9000000000014561 0.04489985496602001 -28.803000000000015 0.0026587955295749913 -0.027331438552363738 0.014425828684113644 -0.34705744106765274 2.6799999999973809 4.7599999999991285 0.30940000000000017 0.88468333333333471 -101.7825 0.54054150901446807 -0.56732098641892237 0.072102006688792658 0.53140000000000154 0.061204343749087918 0.043679996695067176 0.71766666666666901 -23.175499999999992 66.50774528468223 14.490500000000006
decision_type=2 2 2 2 2 2 2 2 2 2 2 2 2 2 2 2 2 2 2 2 2 2 2 2 2 2 2 2 2 2
left_child=2 4 6 12 10 15 -1 16 -4 17 27 19 26 18 28 -6 -5 -9 -7 20 -10 -11 -17 -8 -25 -21 -3 -2 -14 -13
right_child=1 3 8 7 5 13 23 9 11 21 -12 29 14 -15 -16 22 -18 -19 -20 25 -22 -23 -24 24 -26 -27 -28 -29 -30 -31
leaf_value=0.0042674220595694153 -0.00041575467891575706 0.00050526781335507903 0.00027166183120021616 -0.00023636351998597153 3.5962007238905681e-05 0.00074008007257481926 0.001262643062590974 -0.00041698065335499755 0.0014309078958073319 -0.00039650097732967784 -0.0002258229434465854 0.00085309133341205008 0.00035263698104056761 0.00010704082572014375 -0.00018703408865412558 0.00028971219663906237 6.3658970414159612e-05 -0.00012341090157232638 0.0013201001108407357 0.0010363031565784133 0.0039355893274655614 -0.00067611183690026487 0.00076737201414002086 0.002703822539955234 0.00046745465301239911 0.0019177491848505097 0.0016021252758781613 0.00059573394847641209 -9.3507543941316953e-05 -0.00064406010366240799
leaf_weight=804 591 1497 2900 20766 10803 5213 515 16762 203 13409 16822 1944 9198 1463 9129 13309 14953 19804 3434 1507 246 22415 3610 1733 156 1776 631 3372 3538 233
leaf_count=804 591 1497 2900 20766 10803 5213 515 16762 203 13409 16822 1944 9198 1463 9129 13309 14953 19804 3434 1507 246 22415 3610 1733 156 1776 631 3372 3538 233
internal_value=-1.86374e-13 -9.10362e-05 0.00144481 -0.000233827 0.000230763 0.000411354 0.00275558 -0.000313217 0.000967468 -0.000413112 -9.79403e-05 0.00130895 0.000123895 0.000845486 5.51242e-05 0.00025303 -0.000110765 -0.000257984 0.000970425 0.00166834 0.00280318 -0.000571453 0.00039163 0.00224996 0.00251914 0.00151314 0.000830511 0.000444891 0.0002287 0.000692854
internal_weight=202736 190719 12017 132102 58617 37832 3208 108109 8809 72390 20785 5909 23993 10110 21865 27722 35719 36566 8647 3732 449 35824 16919 2404 1889 3283 2128 3963 12736 2177
internal_count=202736 190719 12017 132102 58617 37832 3208 108109 8809 72390 20785 5909 23993 10110 21865 27722 35719 36566 8647 3732 449 35824 16919 2404 1889 3283 2128 3963 12736 2177
is_linear=0
shrinkage=0.02


Tree=62
num_leaves=31
num_cat=0
split_feature=10 9 10 10 45 10 43 34 43 34 45 10 14 45 34 34 14 14 34 45 14 10 44 43 44 42 14 14 34 34
split_gain=64.025 21.0825 18.053 10.2497 8.44796 5.88787 5.06612 4.86701 4.77953 4.12558 4.04572 3.6303 3.46905 2.66946 2.58209 2.39023 2.09309 1.82622 1.71983 1.57725 1.53627 1.53586 1.49744 1.48707 1.40428 1.36272 1.35646 1.32415 1.31931 1.31779
threshold=-54.442500000000003 -4.8689999999999918 -116.33499999999999 -5.4410000000000132 0.049058573169016774 -209.34899999999996 6.7000000000014568 -0.0050646497834966721 5.2200000000026199 0.0012223605708157885 0.047329919044395839 -29.405500000000007 0.53146666666666698 0.065079365079300386 0.0026587955295749913 0.009718442080610297 1.1559000000000015 0.33225000000000116 -0.037240706915477303 0.023534321311853682 0.87030000000000085 -80.640000000000001 0.576846270457679 2.4599999999991273 -0.5198848580154608 0.31266951696389372 1.1324000000000012 2.5471500000000016 0.061204343749087918 0.012407439764589261
decision_type=2 2 2 2 2 2 2 2 2 2 2 2 2 2 2 2 2 2 2 2 2 2 2 2 2 2 2 2 2 2
left_child=2 4 5 9 11 -1 -4 18 29 12 17 -2 22 23 21 16 -10 -11 -5 -13 -7 26 -3 -9 -14 -20 -8 -21 -22 -6
right_child=1 3 6 7 8 20 14 13 15 10 -12 19 24 -15 -16 -17 -18 -19 25 27 28 -23 -24 -25 -26 -27 -28 -29 -30 -31
leaf_value=0.0041820736178799318 0.00049098852419146241 0.00017571655173262944 0.00042713009179089862 0.00023167986079681207 0.00034059412879900537 0.0012449635513451564 0.0011281560764845279 -0.00052632784949964494 0.00081433061389525954 -0.00016550617804665345 -0.00045578215062181895 -0.00032681166273373859 0.0012172985934459702 -0.00067276023535824288 0.00077624944983488095 5.055411832209733e-05 0.0015575997792291172 0.00029469940559638329 -0.00027735518040144158 1.6853141615855872e-05 0.0026160715997507735 0.00141026637680649 -0.00031964621254383147 -0.00028853139788294081 0.0004721997562883461 3.8231020188449742e-05 0.0027683837563943887 0.0022733348229071236 0.00053525228376806011 -0.00045234934924277901
leaf_weight=804 4955 15309 4041 4523 12820 522 270 15279 7308 6752 10193 8181 1476 14348 1742 1294 1912 7051 19650 11193 1751 1959 2904 33766 3217 7586 797 105 131 897
leaf_count=804 4955 15309 4041 4523 12820 522 270 15279 7308 6752 10193 8181 1476 14348 1742 1294 1912 7051 19650 11193 1751 1959 2904 33766 3217 7586 797 105 131 897
internal_value=-3.79621e-14 -8.92155e-05 0.00141592 -0.000212292 0.000270048 0.00270047 0.000948118 -0.000331566 0.00053466 2.96838e-05 -0.000153582 7.63441e-06 0.000221671 -0.000432809 0.00138967 0.000855495 0.000968466 6.95811e-05 -0.000129479 -0.00011532 0.00220496 0.0017428 9.67327e-05 -0.000362612 0.000706542 -0.000189455 0.00235333 3.78242e-05 0.00247123 0.000288741
internal_weight=202736 190719 12017 142054 48665 3208 8809 95152 24231 46902 23996 24434 22906 63393 4768 10514 9220 13803 31759 19479 2404 3026 18213 49045 4693 27236 1067 11298 1882 13717
internal_count=202736 190719 12017 142054 48665 3208 8809 95152 24231 46902 23996 24434 22906 63393 4768 10514 9220 13803 31759 19479 2404 3026 18213 49045 4693 27236 1067 11298 1882 13717
is_linear=0
shrinkage=0.02


Tree=63
num_leaves=31
num_cat=0
split_feature=10 9 10 10 45 10 43 34 43 10 45 34 34 34 34 43 45 34 43 43 10 45 12 34 14 43 14 14 6 14
split_gain=61.4896 20.2602 17.3381 8.49923 8.03088 5.65471 5.49932 4.87407 4.87308 4.10097 4.08712 3.03876 2.75394 2.69133 2.0307 1.93224 1.92405 1.77791 1.7773 1.7165 1.5443 1.51031 1.50915 1.67064 1.4809 1.3746 1.35112 1.25962 1.45051 1.23916
threshold=-54.442500000000003 -3.3190000000000004 -116.33499999999999 -13.847000000000014 0.0502207506317911 -209.34899999999996 7.2500000000000009 -0.0039699449196102165 4.9000000000014561 -26.507500000000018 0.047329919044395839 0.0026587955295749913 -0.032355303163540572 0.011311933421300003 0.0099925270388484567 4.2800000000002916 0.023534321311853682 0.038381522042216225 2.9400000000008735 2.6799999999973809 -101.7825 0.043679996695067176 0.53140000000000154 0.05525710701734738 0.55381666666666807 3.8800000000002917 0.55381666666666807 0.30510000000000087 -0.73481666666666701 1.1324000000000012
decision_type=2 2 2 2 2 2 2 2 2 2 2 2 2 2 2 2 2 2 2 2 2 2 2 2 2 2 2 2 2 2
left_child=2 4 5 12 9 -1 13 15 -4 27 18 20 -3 19 24 -5 -11 26 -9 -6 29 -22 -7 -24 -8 -18 -14 -2 -29 -10
right_child=1 3 8 7 6 22 14 10 11 16 -12 -13 17 -15 -16 -17 25 -19 -20 -21 21 -23 23 -25 -26 -27 -28 28 -30 -31
leaf_value=0.0040984321473976045 -0.00011037615009990987 0.00095728973069621724 0.00025768599510700462 -0.00025376705957221268 0.00014075000318132099 0.0012011512065740321 0.00056833773206036711 -0.00042939216103628555 0.0012068295918917912 -0.00032262860197804433 -0.0005656160593680566 0.0006648673027589314 3.5679436722783346e-05 -0.00046736984795504779 8.47601670680676e-05 3.7667595581894428e-05 -0.00018672244497793146 -0.00053691128156808118 -0.00014687624097148641 0.00052465877424740567 0.00098895696062169312 0.0018497926075175973 0.0026231523638079175 0.0006593601381010497 0.0012714800392663269 0.00019694640807602759 0.00045430927774932296 -0.00049625174552449562 0.00064958585619825883 0.0034419584706259373
leaf_weight=804 1420 1462 2900 19442 7894 515 1642 14773 148 10606 32672 2177 16253 1680 945 17107 6658 1825 22432 11366 1507 1776 1696 193 4432 8509 3806 482 5313 301
leaf_count=804 1420 1462 2900 19442 7894 515 1642 14773 148 10606 32672 2177 16253 1680 945 17107 6658 1825 22432 11366 1507 1776 1696 193 4432 8509 3806 482 5313 301
internal_value=6.60195e-14 -8.74312e-05 0.0013876 -0.000228698 0.000213363 0.00264646 0.000462738 -0.000304506 0.000929156 2.00504e-06 -0.000402392 0.0012587 0.000116881 0.000300342 0.000947216 -0.000117359 -0.000115981 6.07355e-05 -0.000259055 0.000367308 0.0016051 0.00145464 0.00216086 0.00242251 0.0010814 2.85237e-05 0.00011511 0.000423468 0.000554281 0.00270521
internal_weight=202736 190719 12017 129772 60947 3208 27959 106426 8809 32988 69877 5909 23346 20940 7019 36549 25773 21884 37205 19260 3732 3283 2404 1889 6074 15167 20059 7215 5795 449
internal_count=202736 190719 12017 129772 60947 3208 27959 106426 8809 32988 69877 5909 23346 20940 7019 36549 25773 21884 37205 19260 3732 3283 2404 1889 6074 15167 20059 7215 5795 449
is_linear=0
shrinkage=0.02


Tree=64
num_leaves=31
num_cat=0
split_feature=10 10 10 9 14 10 43 41 43 45 44 41 41 14 9 14 44 45 10 44 5 9 45 45 43 12 44 10 14 45
split_gain=59.0677 19.712 15.7188 7.5671 7.54238 5.43078 4.67273 4.61073 4.43051 2.91797 2.72439 2.60306 2.50428 2.23622 2.11409 2.06269 2.10039 2.01566 1.87648 1.82837 1.65194 1.60913 1.57601 1.52592 1.52469 1.44939 1.35173 1.5992 1.30741 1.26866
threshold=-56.553500000000007 -7.1160000000000165 -116.33499999999999 -9.9359999999999893 0.56303333333333427 -209.34899999999996 6.7600000000020382 74.108203255382918 4.3199999999997098 0.067520937362557959 -0.41212650489820046 68.101903345633417 73.704137802052244 0.28980000000000117 14.490500000000006 1.1100500000000013 1.6212821392225631 0.026138583590313135 104.706 0.42129585824604204 -1.2478999999999985 -5.6589999999999998 0.06661918087698615 0.028741683132016877 28.550000000000001 0.53140000000000154 -0.74994247347277343 14.77249999999998 1.6623500000000015 0.03506965236207548
decision_type=2 2 2 2 2 2 2 2 2 2 2 2 2 2 2 2 2 2 2 2 2 2 2 2 2 2 2 2 2 2
left_child=2 4 5 9 11 -1 -4 8 18 26 -10 13 15 -2 17 16 -6 21 -5 -15 -17 -8 -14 -16 -19 -7 27 -3 -11 -28
right_child=1 3 6 7 12 25 14 -9 10 28 -12 -13 22 19 23 20 -18 24 -20 -21 -22 -23 -24 -25 -26 -27 29 -29 -30 -31
leaf_value=0.0040164634899180667 -4.9000915923465699e-05 7.0061779164287986e-05 0.00040035247371104471 -0.0003562983719645546 0.00055646916944659757 0.0011771281875886963 8.1048803948596904e-05 -0.00055278056130008833 0.00014037517371925441 0.00093308556123992829 -0.00019273894902336472 -0.00022777906625126039 9.3515625724317766e-05 0.00037043343525575237 0.0019097582484508167 0.00010725079154822709 -6.3136848194930402e-05 0.0016534005409305707 0.0022354334962022093 -4.0599068150634904e-05 0.0010773695991923397 0.0015984661262339705 -0.0013482143432819445 -0.0010418664607492153 0.0035285473905654775 0.0023740605904958361 -0.00045948307927278284 0.0014085268012002708 0.003273353510637685 0.00024343807477834352
leaf_weight=804 17378 785 3587 48892 11891 515 610 20499 15470 1749 26893 11071 2117 15542 100 845 2682 2778 112 6000 4152 516 354 234 185 1889 1675 655 101 2655
leaf_count=804 17378 785 3587 48892 11891 515 610 20499 15470 1749 26893 11071 2117 15542 100 845 2682 2778 112 6000 4152 516 354 234 185 1889 1675 655 101 2655
internal_value=-1.96683e-13 -8.26214e-05 0.00141054 -0.000240163 0.000178707 0.00259353 0.000936757 -0.000281703 -0.000220884 0.000369666 -7.10933e-05 4.28157e-05 0.00048692 0.000119788 0.00137177 0.000562673 0.000442438 0.00149674 -0.000350375 0.00025595 0.000913321 0.000776419 -0.000113029 -0.000158146 0.00177048 0.00211765 0.000148055 0.000678877 0.00106085 -2.84772e-05
internal_weight=202736 191518 11218 119486 72032 3208 8010 111866 91367 7620 42363 49991 22041 38920 4423 19570 14573 4089 49004 21542 4997 1126 2471 334 2963 2404 5770 1440 1850 4330
internal_count=202736 191518 11218 119486 72032 3208 8010 111866 91367 7620 42363 49991 22041 38920 4423 19570 14573 4089 49004 21542 4997 1126 2471 334 2963 2404 5770 1440 1850 4330
is_linear=0
shrinkage=0.02


Tree=65
num_leaves=31
num_cat=0
split_feature=10 34 10 10 10 43 14 45 34 45 9 34 5 34 41 41 43 10 14 13 34 14 6 44 44 10 45 14 9 10
split_gain=56.7538 19.2254 15.9804 14.1831 5.21572 4.53704 4.45128 4.3498 3.42716 4.87002 3.20164 2.87398 2.82899 2.42803 2.57602 2.38666 2.15342 1.99627 1.91591 1.47212 1.61114 1.46587 2.08195 1.34406 1.25312 1.22507 1.14042 1.13289 1.12168 1.10139
threshold=-54.442500000000003 -0.026807676893757782 -116.33499999999999 -3.9395000000000207 -209.34899999999996 4.9000000000014561 0.33225000000000116 0.066298545810673792 0.0094547923130933239 0.057748997619839183 -9.9359999999999893 0.0026587955295749913 0.061400000000003549 -0.070498786730593274 28.272251308207796 75.664558023670722 6.9400000000008744 82.286500000000004 0.43976666666666753 0.35873333333333385 0.065064307952460362 1.0276166666666675 0.39646666666666613 -0.24214895882725537 -0.59560860008446725 -17.506000000000011 0.068789173170331716 2.3338833333333349 5.2260000000000186 -5.4410000000000132
decision_type=2 2 2 2 2 2 2 2 2 2 2 2 2 2 2 2 2 2 2 2 2 2 2 2 2 2 2 2 2 2
left_child=2 7 4 6 -1 -4 25 13 12 -10 17 21 -8 -2 23 16 -12 24 -9 -6 -21 28 -23 -15 -5 -3 -13 -20 -7 -16
right_child=1 3 5 10 19 11 8 18 9 -11 15 26 -14 14 29 -17 -18 -19 27 20 -22 22 -24 -25 -26 -27 -28 -29 -30 -31
leaf_value=0.0039361342288141334 0.00099217117912162815 2.7351525584315049e-05 0.0002450619993370083 0.00059809167451218604 7.7451797832044761e-05 0.0013406590274841219 0.0002042688855184609 0.00041814275717476411 0.00017363613952208493 -0.00063865498563655686 -0.00035468416922524668 0.00079531957475120773 0.00068282761892289286 0.00028846245996185156 0.00082244868391593521 -0.00056343347794461131 -8.7976910903908996e-05 0.0028478856112908674 0.0011017641715155002 0.0023332415983218779 9.5628656975476313e-05 0.0017748599577497985 0.0046973701626134732 -0.00014516476938538142 -0.00011401305572807535 -0.00022901531719698697 -0.0006609578107094992 0.0029163105572228665 -8.8618297181710661e-05 0.00028727583071963639
leaf_weight=804 1760 12420 2900 1510 139 1546 17173 2106 11124 4019 58284 1935 6937 4975 2962 16806 15285 111 3665 2128 137 1827 103 6723 2862 18654 242 143 256 3200
leaf_count=804 1760 12420 2900 1510 139 1546 17173 2106 11124 4019 58284 1935 6937 4975 2962 16806 15285 111 3665 2128 137 1827 103 6723 2862 18654 242 143 256 3200
internal_value=7.05415e-14 -8.39969e-05 0.00133309 -0.000162946 0.00254166 0.000892967 5.22859e-05 0.000426739 0.000193857 -4.19485e-05 -0.000322517 0.00121094 0.000341961 0.000283423 0.00021358 -0.000348395 -0.000299272 0.000199181 0.000902199 0.00207529 0.0021979 0.00154782 0.00193083 3.9251e-05 0.000131933 -0.000126548 0.000633437 0.0011699 0.00113761 0.000544527
internal_weight=202736 190719 12017 165185 3208 8809 70327 25534 39253 15143 94858 5909 24110 19620 17860 90375 73569 4483 5914 2404 2265 3732 1930 11698 4372 31074 2177 3808 1802 6162
internal_count=202736 190719 12017 165185 3208 8809 70327 25534 39253 15143 94858 5909 24110 19620 17860 90375 73569 4483 5914 2404 2265 3732 1930 11698 4372 31074 2177 3808 1802 6162
is_linear=0
shrinkage=0.02


Tree=66
num_leaves=31
num_cat=0
split_feature=10 34 10 10 10 43 13 41 43 10 44 34 9 42 10 34 44 10 43 34 44 10 10 9 13 9 44 9 34 9
split_gain=54.5064 18.5021 15.3475 12.4831 5.00918 4.36873 4.10959 3.81309 3.4949 3.00263 3.05305 2.72447 2.57332 2.47063 2.30643 2.24074 1.81348 1.75603 1.75134 1.45639 1.94957 3.29002 1.39697 1.31932 1.20415 1.19506 1.16781 1.14459 1.09029 1.02023
threshold=-54.442500000000003 -0.021534874597406269 -116.33499999999999 -3.9395000000000207 -209.34899999999996 6.7000000000014568 0.36153333333333282 78.701446615120645 6.6599999999962174 82.286500000000004 0.17929635389578544 -0.055727912998842839 -0.34100000000000336 0.25896443494423765 -22.78250000000001 0.0026587955295749913 -0.06473873575702406 8.5959999999999983 12.9699999999968 -0.040118761859288185 -0.94839301659854947 -138.12749999999997 -80.640000000000001 -8.8284999999999929 0.42100000000000132 15.106499999999999 1.134769847281498 -0.41200000000000614 -0.018015758175802577 5.4600000000000071
decision_type=2 2 2 2 2 2 2 2 2 2 2 2 2 2 2 2 2 2 2 2 2 2 2 2 2 2 2 2 2 2
left_child=2 6 4 7 28 25 -2 8 14 12 23 -8 18 16 -3 22 -13 -14 -5 -6 21 -21 26 -11 -22 -4 -7 -10 -1 -24
right_child=1 3 5 9 19 15 11 -9 27 10 -12 13 17 -15 -16 -17 -18 -19 -20 20 24 -23 29 -25 -26 -27 -28 -29 -30 -31
leaf_value=0.0045920806970197719 3.7886146018957874e-05 0.000216182762220333 0.00045300699474526337 -0.00021507255432126949 0.0029516703504080463 0.0016410248396393397 0.0009409911167017036 -0.00034977211968346717 0.00054837895602649091 0.0031756469008202355 -0.00048191707168375973 0.00051105581054758657 -0.00027757840454216155 0.00083363720589619108 -8.8476873988895373e-05 0.00071370560340948213 5.0163372623798551e-05 -0.00050163065880638367 0.00071110580959872602 0.001303078809457763 -0.0001908006991033216 0.0061482868195303431 0.0014719288406230902 0.00094210678661669199 0.0017005118692638567 -0.0015258705244207431 0.0029846946348722858 0.0001588030985098282 0.0031190781897059328 0.00010635536100040097
leaf_weight=403 11633 14838 3915 28219 537 626 4507 8934 7425 120 742 6364 22369 3909 30109 1742 7369 37366 841 123 148 103 1708 893 1493 126 441 5081 401 251
leaf_count=403 11633 14838 3915 28219 537 626 4507 8934 7425 120 742 6364 22369 3909 30109 1742 7369 37366 841 123 148 103 1708 893 1493 126 441 5081 401 251
internal_value=-7.92652e-14 -8.23169e-05 0.00130643 -0.000173712 0.00249083 0.000875107 0.000342267 3.46076e-05 9.43791e-05 -0.000326443 0.000492762 0.000502133 -0.000342634 0.000390018 1.2098e-05 0.00128514 0.000263745 -0.00041773 -0.000188269 0.00203379 0.00176978 0.00351129 0.0016141 0.00120669 0.00152994 0.000391305 0.00219637 0.0003901 0.00385741 0.00129696
internal_weight=202736 190719 12017 156937 3208 8809 33782 66387 57453 90550 1755 22149 88795 17642 44947 4768 13733 59735 29060 2404 1867 226 3026 1013 1641 4041 1067 12506 804 1959
internal_count=202736 190719 12017 156937 3208 8809 33782 66387 57453 90550 1755 22149 88795 17642 44947 4768 13733 59735 29060 2404 1867 226 3026 1013 1641 4041 1067 12506 804 1959
is_linear=0
shrinkage=0.02


Tree=67
num_leaves=31
num_cat=0
split_feature=9 14 34 43 45 43 45 14 44 45 45 34 14 45 44 14 6 20 43 45 14 14 9 44 45 34 33 44 14 6
split_gain=35.5996 23.4298 10.9655 7.38716 6.0757 5.38948 4.1229 3.93248 3.33709 3.2413 3.19708 2.47294 2.44733 1.88426 1.77176 1.81037 1.7683 1.95733 1.76146 1.68398 1.68007 1.67738 1.62544 1.57413 1.47844 1.85883 1.44643 1.39709 1.45548 1.33534
threshold=-7.5699999999999923 2.3338833333333349 -0.0073600695534770683 7.2500000000000009 0.062707779652269049 7.3799999999973815 0.035674727162131006 0.42486666666666784 0.20626399248918412 0.048481319661231488 0.029067457278993607 0.0016229459403164462 1.1559000000000015 0.065079365079300386 0.31617105583511018 0.66220000000000134 -0.84406666666666685 16.400000000001459 4.8200000000026195 0.069757284438060743 1.5409333333333344 2.5471500000000016 -24.681499999999996 -0.40173684718654523 0.07176771542558559 0.0089713671917674605 0.0010430068766046042 -0.39055914974463007 0.6821333333333347 -1.2029666666666667
decision_type=2 2 2 2 2 2 2 2 2 2 2 2 2 2 2 2 2 2 2 2 2 2 2 2 2 2 2 2 2 2
left_child=1 3 5 6 7 13 -1 23 18 -3 -5 26 19 27 15 -7 17 -11 -9 -12 -16 -10 -18 -4 -8 -26 -6 28 -2 -14
right_child=2 9 4 10 11 14 24 8 21 16 12 -13 29 -15 20 -17 22 -19 -20 -21 -22 -23 -24 -25 25 -27 -28 -29 -30 -31
leaf_value=-0.0001995024776022518 1.9737450127118289e-05 0.0015776114543904996 -0.00017101862832243146 0.00027516329757782776 -0.00030563792136449944 0.00044502604679137194 0.00025723949462484031 -3.0682489402123545e-05 -0.00024810849123762391 0.0015281749947338122 0.00058673135748305114 -0.00060501807031258174 -0.00045463576429182482 0.00030403288054984656 3.8964234421429596e-05 0.0011128111012428706 0.0047068576161479634 0.003302824268229121 0.00037674768025049247 0.0014038386487659948 0.0010380248662528037 0.00083708271081053842 0.002205236497273048 -0.00039071591951391377 0.00076773976682624023 -0.0013070488810755906 0.00050315431063790441 -0.00018768988036125644 0.00078967102853051631 0.0015300975742713364
leaf_weight=7260 14983 1278 29491 3462 3295 4672 12017 7459 14526 469 4892 20987 142 6625 4398 2489 338 529 9849 1271 795 593 150 23393 4273 180 1209 17653 1051 3007
leaf_count=7260 14983 1278 29491 3462 3295 4672 12017 7459 14526 469 4892 20987 142 6625 4398 2489 338 529 9849 1271 795 593 150 23393 4273 180 1209 17653 1051 3007
internal_value=-1.05142e-13 0.000540735 -0.000129894 0.000406305 -0.000242827 0.0001077 0.000197562 -0.000161872 1.15365e-05 0.00231614 0.000794084 -0.000513761 0.000987008 -4.30148e-06 0.00047317 0.000677133 0.00295129 0.00246885 0.000201163 0.000755244 0.000191911 -0.000205545 0.00393792 -0.000268201 0.000372588 0.000683872 -8.85354e-05 -6.49396e-05 7.02052e-05 0.0014406
internal_weight=202736 39268 163468 36504 110802 52666 23730 85311 32427 2764 12774 25491 9312 40312 12354 7161 1486 998 17308 6163 5193 15119 488 52884 16470 4453 4504 33687 16034 3149
internal_count=202736 39268 163468 36504 110802 52666 23730 85311 32427 2764 12774 25491 9312 40312 12354 7161 1486 998 17308 6163 5193 15119 488 52884 16470 4453 4504 33687 16034 3149
is_linear=0
shrinkage=0.02


Tree=68
num_leaves=31
num_cat=0
split_feature=10 34 10 10 10 43 14 45 34 45 10 44 43 34 41 43 34 41 14 10 44 45 45 34 13 44 10 14 45 10
split_gain=51.2449 17.2158 14.4355 12.961 4.72589 4.10174 4.08505 4.03989 3.17591 4.19812 2.96306 3.04165 2.66353 2.59443 2.56215 2.26231 2.20134 2.40873 1.78132 1.37745 1.5337 1.35482 1.3533 1.3408 1.53387 1.25647 1.13588 1.09498 1.06848 1.04304
threshold=-54.442500000000003 -0.026807676893757782 -116.33499999999999 -3.9395000000000207 -209.34899999999996 4.9000000000014561 0.33225000000000116 0.066298545810673792 0.012962607989667283 0.057748997619839183 82.286500000000004 0.17929635389578544 5.0600000000020389 0.0026587955295749913 75.286886012984112 7.8599999999962167 -0.070498786730593274 28.272251308207796 0.37596666666666756 -101.7825 0.54054150901446807 0.020157626970778383 0.043679996695067176 0.065064307952460362 0.54553333333333487 -0.24214895882725537 -17.506000000000011 2.3338833333333349 0.068789173170331716 -1.3310000000000224
decision_type=2 2 2 2 2 2 2 2 2 2 2 2 2 2 2 2 2 2 2 2 2 2 2 2 2 2 2 2 2 2
left_child=2 7 4 6 -1 -4 26 16 12 -10 14 21 -8 19 15 -5 -2 25 -9 20 -7 -12 -21 24 -6 -18 -3 -20 -15 -19
right_child=1 3 5 10 23 13 8 18 9 -11 11 -13 -14 28 -16 -17 17 29 27 22 -22 -23 -24 -25 -26 -27 -28 -29 -30 -31
leaf_value=0.0037427877997475633 0.00094022578962841934 2.8097253024696236e-05 0.00023238972574048415 -0.00032011633669744326 0.00075853008427270426 0.0012230742548986939 0.00014449592041648296 0.00029199009509675632 0.00014982663416872411 -0.00066000087021924508 -0.00010980664948373844 -0.00045368374597035328 0.00055354328026759384 0.00075876104524443336 -0.00054068149405522967 -2.1841414503293603e-05 0.00027125262027289298 0.0007592466180918431 0.0010141658339000641 0.00088793106996030199 0.0035716645605152293 0.0015820159865375658 0.0017027933943170881 5.7509852475419215e-05 0.0022916971067465492 -0.00014800824523298269 -0.00021876094159634538 0.0027940311308924139 -0.00065083483439939461 0.00023719171758418531
leaf_weight=804 1760 12420 2900 63371 301 203 15429 1601 9473 3509 247 789 10842 1935 17524 12116 4975 3325 4170 1507 246 811 1776 138 1965 6723 18654 143 242 2837
leaf_count=804 1760 12420 2900 63371 301 203 15429 1601 9473 3509 247 789 10842 1935 17524 12116 4975 3325 4170 1507 246 811 1776 138 1965 6723 18654 143 242 2837
internal_value=-1.89696e-13 -7.98162e-05 0.00126674 -0.000154525 0.00241541 0.00084843 5.12251e-05 0.00040349 0.000186847 -6.90676e-05 -0.000307066 0.000486159 0.000313309 0.00115077 -0.000322818 -0.000272242 0.000265373 0.000198871 0.0008617 0.00147084 0.00250983 0.00118704 0.00132875 0.00197148 0.00208804 3.02977e-05 -0.000120094 0.00107318 0.000602067 0.000518891
internal_weight=202736 190719 12017 165185 3208 8809 70327 25534 39253 12982 94858 1847 26271 5909 93011 75487 19620 17860 5914 3732 449 1058 3283 2404 2266 11698 31074 4313 2177 6162
internal_count=202736 190719 12017 165185 3208 8809 70327 25534 39253 12982 94858 1847 26271 5909 93011 75487 19620 17860 5914 3732 449 1058 3283 2404 2266 11698 31074 4313 2177 6162
is_linear=0
shrinkage=0.02


Tree=69
num_leaves=31
num_cat=0
split_feature=10 9 10 45 10 43 10 43 10 34 45 34 34 44 9 45 44 34 45 45 43 43 44 43 43 43 34 44 10 6
split_gain=49.2175 17.0163 13.0897 7.40835 6.96872 5.08916 4.53875 3.93137 3.82585 3.76475 3.74947 3.07034 2.36143 2.45638 2.29423 2.00983 1.89784 1.80271 1.76838 1.6642 1.58617 1.54955 1.50021 1.44817 1.4356 1.42408 1.32547 1.867 3.1441 1.22048
threshold=-56.553500000000007 -2.6369999999999996 -116.33499999999999 0.0502207506317911 -13.847000000000014 7.2500000000000009 -209.34899999999996 5.4799999999973812 -25.524500000000025 -0.003305117543184979 0.041546585278431976 0.011311933421300003 -0.032355303163540572 -0.34705744106765274 14.490500000000006 0.026138583590313135 1.454386659822011 0.0099925270388484567 0.023534321311853682 0.028091939412283939 2.5800000000002914 4.2800000000002916 -0.56732098641892237 28.550000000000001 4.1600000000020385 3.6199999999967991 -0.040118761859288185 -0.94839301659854947 -138.12749999999997 -0.73481666666666701
decision_type=2 2 2 2 2 2 2 2 2 2 2 2 2 2 2 2 2 2 2 2 2 2 2 2 2 2 2 2 2 2
left_child=2 3 6 8 12 11 -1 -4 29 21 24 20 -3 -14 15 16 -9 -7 -10 -16 -5 -6 -12 -17 -11 -20 -8 28 -28 -2
right_child=1 4 7 5 9 17 26 14 18 10 22 -13 13 -15 19 23 -18 -19 25 -21 -22 -23 -24 -25 -26 -27 27 -29 -30 -31
leaf_value=0.0036679320360750505 -0.00057922786983048593 0.00091817778736386568 0.0002645053514172145 0.00012302412582359973 -0.0002407275548188976 0.00099529651933464051 0.0028077067170349376 0.0010463328978332471 -0.00030454750154905295 -0.00033120248124601646 -0.00034401216128261968 -0.00049337982124068099 0.00024184188361735143 -0.00020096791039403899 0.0018727598024652072 0.0014639162834126421 -0.00078182906734907548 9.2026552284261553e-05 -0.00020507312472513192 -0.0011321180442903228 0.00047769255063728858 2.3950030206511611e-05 -0.000609829496717322 0.0032832329856936592 -5.314694350934053e-05 0.00016853303678123808 0.0012257346669988086 0.0014454793641466444 0.00596227634291264 0.0004243414403062993
leaf_weight=804 516 1353 2884 8413 19130 6338 537 1035 11998 16808 13578 1953 11913 8649 101 3241 291 1027 6981 273 12595 16461 22676 185 13308 9824 123 1641 103 7997
leaf_count=804 516 1353 2884 8413 19130 6338 537 1035 11998 16808 13578 1953 11913 8649 101 3241 291 1027 6981 273 12595 16461 22676 185 13308 9824 123 1641 103 7997
internal_value=9.82834e-14 -7.54184e-05 0.00128757 0.000179701 -0.000214725 0.00041188 0.0023671 0.000855219 -8.98625e-06 -0.00028427 -0.000373265 0.000265144 0.000108838 5.55827e-05 0.00118757 0.00130627 0.00064513 0.000869342 -0.000119082 -0.00032064 0.00033566 -0.000118313 -0.000510274 0.00156216 -0.000208332 1.33325e-05 0.00193205 0.00168019 0.00338442 0.000363512
internal_weight=202736 191518 11218 67642 123876 30326 3208 8010 37316 101961 66370 22961 21915 20562 5126 4752 1326 7365 28803 374 21008 35591 36254 3426 30116 16805 2404 1867 226 8513
internal_count=202736 191518 11218 67642 123876 30326 3208 8010 37316 101961 66370 22961 21915 20562 5126 4752 1326 7365 28803 374 21008 35591 36254 3426 30116 16805 2404 1867 226 8513
is_linear=0
shrinkage=0.02


Tree=70
num_leaves=31
num_cat=0
split_feature=10 10 9 45 10 43 10 43 10 13 43 43 41 44 44 45 6 41 43 10 9 44 13 43 10 29 9 45 45 6
split_gain=47.3287 20.1454 12.826 6.94566 5.24026 4.85011 4.47225 4.26114 2.97304 2.94585 2.83562 2.72749 2.06919 2.01599 1.87705 1.78055 1.94263 1.70195 1.57295 1.52262 1.49378 1.44454 1.42971 1.38713 1.36283 1.35094 1.17662 1.45741 1.15657 1.14153
threshold=-38.058000000000007 -101.7825 -1.23 0.0502207506317911 -209.34899999999996 7.2500000000000009 6.5894999999999975 7.6400000000008736 91.561999999999998 0.54553333333333487 6.5999999999985457 4.8200000000026195 65.29209621676938 -0.31325253014344456 -0.19341946934428439 0.040938450360761207 -0.52054999999999974 64.353126737701416 16.880000000000297 82.286500000000004 55.303000000000004 -1.4507521871336782 2.7852333333333346 11.240000000000874 -17.506000000000011 -0.024693366458611306 8.6695000000000064 0.042161756552644855 0.030640594800594601 -0.98366666666666713
decision_type=2 2 2 2 2 2 2 2 2 2 2 2 2 2 2 2 2 2 2 2 2 2 2 2 2 2 2 2 2 2
left_child=1 4 3 10 -1 12 11 21 15 -6 -2 24 19 -10 23 16 -8 26 -7 -5 -17 -3 -16 -13 -4 -11 27 -9 -28 -23
right_child=2 7 6 5 9 18 8 17 13 25 -12 14 -14 -15 22 20 -18 -19 -20 -21 -22 29 -24 -25 -26 -27 28 -29 -30 -31
leaf_value=0.0035945733961407723 -0.00017251915371527406 0.0010735099162487965 3.5056999428396763e-05 0.0002448241593426274 0.00027074176110640394 0.00068682570233518118 0.0024607086904093766 0.00086316933496293489 0.0015372822837900059 0.0025743735347034708 0.00019097710442686315 0.00018199610819508966 -0.00029297566172359471 -0.00011528222664704641 -0.00014649591172884361 -0.00053506788545775808 -0.00029213244914701262 0.00032457026306605206 0.0016803950424760393 0.0025325418938671215 0.00097404268817382332 -0.00083012308127831795 0.0020226954926009766 0.00094240056080194398 -0.00028873585826540756 0.0016712962664501691 0.0012625868682466124 0.0015332312099488263 -0.00064690742491951782 0.00031764469832445654
leaf_weight=804 31282 1001 6351 21668 441 6079 103 2486 519 1101 11831 8187 3128 685 10223 26369 22886 1313 712 117 265 359 123 1087 28679 1664 230 2718 283 10042
leaf_count=804 31282 1001 6351 21668 441 6079 103 2486 519 1101 11831 8187 3128 685 10223 26369 22886 1313 712 117 265 359 123 1087 28679 1664 230 2718 283 10042
internal_value=-5.28792e-14 0.000866137 -0.000107812 9.24802e-05 0.00215084 0.000317196 -0.000249883 0.000586643 -0.000384923 0.00178878 -7.27691e-05 -0.00012429 0.000188044 0.000597077 6.45033e-05 -0.000408749 -0.000279799 0.000973918 0.000790996 0.000257111 -0.000520053 0.000347865 -0.000120707 0.000271123 -0.000230032 0.00203089 0.00112305 0.00121314 0.000209201 0.000278028
internal_weight=202736 22442 180294 74817 4010 31704 105477 18432 50827 3206 43113 54650 24913 1204 19620 49623 22989 7030 6791 21785 26634 11402 10346 9274 35030 2765 5717 5204 513 10401
internal_count=202736 22442 180294 74817 4010 31704 105477 18432 50827 3206 43113 54650 24913 1204 19620 49623 22989 7030 6791 21785 26634 11402 10346 9274 35030 2765 5717 5204 513 10401
is_linear=0
shrinkage=0.02


Tree=71
num_leaves=31
num_cat=0
split_feature=10 34 10 10 10 14 43 14 34 5 44 10 43 34 44 10 43 41 14 6 34 13 44 41 34 34 10 14 34 20
split_gain=45.5454 15.6813 12.7767 11.75 4.17626 4.06842 3.70675 3.05732 2.95918 2.88615 2.79522 4.56729 2.72251 2.39588 1.99336 1.8718 1.74443 1.44657 1.39745 1.30941 1.26964 1.42254 1.19113 1.07056 1.06799 1.02635 0.992873 0.919854 0.88283 0.866472
threshold=-54.442500000000003 -0.026807676893757782 -116.33499999999999 -3.0935000000000161 -209.34899999999996 0.33225000000000116 4.9000000000014561 0.49476666666666763 0.0094547923130933239 0.061400000000003549 -0.43286940254092526 82.286500000000004 6.9400000000008744 0.0026587955295749913 -0.038088458419724205 9.9334999999999898 15.139999999997965 85.0934003286646 1.3052833333333342 0.39646666666666613 0.065064307952460362 0.35873333333333385 -0.39055914974463007 27.547689587610311 -0.10835613094779681 -0.012812427432657847 -5.8690000000000158 1.4308666666666683 -0.049350787179811471 4.5499999999956353
decision_type=2 2 2 2 2 2 2 2 2 2 2 2 2 2 2 2 2 2 2 2 2 2 2 2 2 2 2 2 2 2
left_child=2 7 4 5 25 22 -4 26 9 -7 11 12 -5 19 28 -12 23 -10 -17 24 21 -6 -3 -16 -8 -1 -2 -23 -9 -18
right_child=1 3 6 10 20 8 13 14 17 -11 15 -13 -14 -15 16 18 29 -19 -20 -21 -22 27 -24 -25 -26 -27 -28 -29 -30 -31
leaf_value=0.0041974807034082275 0.00036312151886005539 -2.0456117650039737e-05 0.00021505072049003032 -0.00027023204518575626 3.1976984894793972e-06 0.00017527526362137399 0.0029675862753126576 0.0012892684313952243 4.5714366637249399e-05 0.0006515182323087493 -0.0002540814123812449 0.0013422108040199068 0.00020125761155539095 0.00056080416500094382 7.5379295089434941e-05 -0.00055124873040511037 -0.00013475741371491625 -0.0004771506726786577 -0.00013757857723051427 0.0034335206820224947 -4.9291110759520019e-06 0.0016311341595851927 -0.00026518287104105426 0.00056142534737544996 0.0012546833376928049 0.002765981445167617 -1.3266421655186366e-05 0.0024684766012059503 0.00072124314635518762 0.0012098838893294249
leaf_weight=425 4827 18905 2900 34371 138 17649 152 1612 13164 7153 21650 780 5713 2177 4326 25803 224 2522 3740 122 138 940 13735 3120 3458 379 6687 1188 3409 1329
leaf_count=425 4827 18905 2900 34371 138 17649 152 1612 13164 7153 21650 780 5713 2177 4326 25803 224 2522 3740 122 138 940 13735 3120 3458 379 6687 1188 3409 1329
internal_value=-4.95213e-14 -7.52468e-05 0.00119422 -0.000146548 0.00227488 4.27079e-05 0.000800678 0.000386018 0.000176649 0.000312626 -0.000296889 -0.000173538 -0.000203033 0.00108809 0.000584344 -0.000395352 0.00040621 -3.8352e-05 -0.00049888 0.00139567 0.00185756 0.00197099 -0.000123438 0.000279041 0.00132681 0.00352268 0.000144526 0.0020986 0.000903609 0.00101594
internal_weight=202736 190719 12017 165185 3208 73128 8809 25534 40488 24802 92057 40864 40084 5909 14020 51193 8999 15686 29543 3732 2404 2266 32640 7446 3610 804 11514 2128 5021 1553
internal_count=202736 190719 12017 165185 3208 73128 8809 25534 40488 24802 92057 40864 40084 5909 14020 51193 8999 15686 29543 3732 2404 2266 32640 7446 3610 804 11514 2128 5021 1553
is_linear=0
shrinkage=0.02


Tree=72
num_leaves=31
num_cat=0
split_feature=10 10 9 45 14 43 10 14 10 43 10 41 43 41 44 44 45 14 9 45 9 45 14 10 9 14 14 10 14 44
split_gain=43.9084 18.5557 12.0615 6.60215 5.38073 4.86815 4.1422 4.02498 2.75986 2.573 2.4583 2.22766 2.2169 1.97909 1.87486 1.7867 1.69878 1.68358 1.65426 2.65633 1.55194 1.61805 1.49288 1.48281 1.42516 1.39034 1.33959 1.28437 1.21183 1.05016
threshold=-38.058000000000007 -101.7825 -1.23 0.044297525923604426 1.0885166666666681 7.2500000000000009 6.5894999999999975 0.49476666666666763 91.561999999999998 4.8200000000026195 -209.34899999999996 76.081714743541369 6.5999999999985457 64.67391304100785 -0.31325253014344456 -0.19341946934428439 0.040938450360761207 1.8278500000000011 -8.0744999999999898 0.034777026458973549 11.744000000000012 0.033189892578358263 1.4832666666666674 82.286500000000004 55.303000000000004 0.28980000000000117 0.73581666666666812 -17.506000000000011 3.1651000000000011 -0.11763443715727058
decision_type=2 2 2 2 2 2 2 2 2 2 2 2 2 2 2 2 2 2 2 2 2 2 2 2 2 2 2 2 2 2
left_child=1 4 3 12 -1 13 9 -3 16 27 -6 20 -2 23 -10 25 26 -7 28 -20 21 -9 -17 -5 -18 -11 -8 -4 -12 -14
right_child=2 7 6 5 10 17 8 11 14 15 18 -13 29 -15 -16 22 24 -19 19 -21 -22 -23 -24 -25 -26 -27 -28 -29 -30 -31
leaf_value=0.00087562895148294044 -0.00019185622690241481 0.00019817639300364397 3.3896274994389634e-05 0.00021402197749595219 0.0034666164505256745 0.00062892947317719271 -0.00034836716753051218 0.00059452382672109329 0.0014812609126144457 -0.00012449423982653559 0.0014949304174746887 -0.00015771952818901917 0.00037765635665989382 -0.00024303482579263934 -0.00011241087056169572 -0.00016960225662710784 -0.00051791630659831509 0.0017245850530810342 0.0048675645630027646 0.0016748191615963892 -6.678409752757078e-05 0.0011379640488232018 0.0010020608014585759 0.0023235560943886862 0.00095612632414602834 0.00041848433786828039 2.3546350243418897e-05 -0.00028043780639776982 0.0026168367169655355 -2.9836192472686847e-05
leaf_weight=1100 27192 7231 6351 24897 794 7551 18057 3356 519 2635 1109 888 4602 4217 685 9891 26369 606 211 206 641 6316 455 134 265 6639 4932 28679 590 5618
leaf_count=1100 27192 7231 6351 24897 794 7551 18057 3356 519 2635 1109 888 4602 4217 685 9891 26369 606 211 206 641 6316 455 134 265 6639 4932 28679 590 5618
internal_value=-4.97339e-14 0.000834254 -0.000103843 9.03876e-05 0.00206722 0.000278282 -0.000241615 0.000566013 -0.000371577 -0.000120745 0.00251765 0.000803476 -9.74714e-05 0.000157788 0.000574562 6.26237e-05 -0.000394533 0.000710328 0.00216157 0.00329033 0.00088624 0.000949401 -0.000118074 0.000225315 -0.00050325 0.000264209 -0.000268578 -0.000223448 0.00188453 0.000153655
internal_weight=202736 22442 180294 74817 4010 37405 105477 18432 50827 54650 2910 11201 37412 29248 1204 19620 49623 8157 2116 417 10313 9672 10346 25031 26634 9274 22989 35030 1699 10220
internal_count=202736 22442 180294 74817 4010 37405 105477 18432 50827 54650 2910 11201 37412 29248 1204 19620 49623 8157 2116 417 10313 9672 10346 25031 26634 9274 22989 35030 1699 10220
is_linear=0
shrinkage=0.02


Tree=73
num_leaves=31
num_cat=0
split_feature=9 14 34 45 45 14 14 14 6 45 44 9 45 44 6 44 14 44 6 20 13 9 14 34 34 6 6 33 44 20
split_gain=28.8216 19.0767 9.3681 5.91048 5.87228 4.95875 4.68079 4.34047 3.04615 2.90826 2.77182 2.76932 2.16781 2.11099 2.07153 2.06866 2.01528 1.80334 1.72518 1.72155 1.54192 1.45706 1.37345 1.34411 1.291 1.20099 1.18182 1.12388 1.11058 1.06796
threshold=-7.5699999999999923 2.3338833333333349 -0.0061959958212388219 0.047877966658491887 0.033189892578358263 0.70425000000000082 1.1324000000000012 0.4190000000000012 -0.19896666666666712 0.048481319661231488 1.6883562476704157 0.71650000000000369 0.067217266334067591 0.80170117298024945 -1.2029666666666667 0.31617105583511018 1.1100500000000013 -0.16839263257586518 -0.84406666666666685 16.400000000001459 1.4718666666666682 -24.681499999999996 0.2919666666666681 0.0094547923130933239 0.029145417461587667 0.50159999999999927 -0.55223333333333302 0.007408432350148794 -0.40173684718654523 6.6500000000014561
decision_type=2 2 2 2 2 2 2 2 2 2 2 2 2 2 2 2 2 2 2 2 2 2 2 2 2 2 2 2 2 2
left_child=1 4 5 7 29 13 12 28 14 26 16 23 -6 22 -8 25 -9 -13 19 -11 -17 -20 -2 27 -10 -7 -3 -5 -4 -1
right_child=2 9 3 11 6 15 8 10 24 18 -12 17 -14 -15 -16 20 -18 -19 21 -21 -22 -23 -24 -25 -26 -27 -28 -29 -30 -31
leaf_value=-0.00016849303784734887 -5.649768910005539e-05 0.00093290968657724395 -0.00013200896217988522 -9.5582526289186812e-05 0.00025302325778516952 0.00093376200668025757 -0.00074729938648414567 0.00013831927148579809 0.0025061329458090885 0.0013314638377925848 -0.00038768850968364535 -0.0003476775758363999 0.00067853725890220805 -0.00028206933332838662 0.00099379358901463262 5.6314962160448669e-05 0.00075783947796390528 -0.00064474354800992827 0.0043927308617809999 0.0029957985100340775 0.00089739681023415327 0.002024224626024564 0.00018345332963822742 -0.00040037760017039097 0.00028216632426578982 -0.00027589174236882121 0.0022000221020403526 0.00054513426094719025 -0.00034837654277199522 0.00025736126175754024
leaf_weight=7187 18010 818 21492 6701 13752 3958 296 16919 724 469 3622 16308 7348 8250 3571 4011 2398 16388 338 529 1114 150 20293 5346 122 358 460 1309 16991 3504
leaf_count=7187 18010 818 21492 6701 13752 3958 296 16919 724 469 3622 16308 7348 8250 3571 4011 2398 16388 338 529 1114 150 20293 5346 122 358 460 1309 16991 3504
internal_value=-1.25437e-14 0.000486542 -0.000116876 -0.000226161 0.000365242 9.28825e-05 0.000528492 -9.77351e-05 0.00109835 0.00208855 0.000120028 -0.000397449 0.000401207 8.12457e-06 0.000860521 0.000510819 0.000215226 -0.000496574 0.00269018 0.00221366 0.000239137 0.00366471 7.06288e-05 -0.000154787 0.00218542 0.000833425 0.00138899 9.12388e-06 -0.000227539 -2.89183e-05
internal_weight=202736 39268 163468 107474 36504 55994 25813 61422 4713 2764 22939 46052 21100 46553 3867 9441 19317 32696 1486 998 5125 488 38303 13356 846 4316 1278 8010 38483 10691
internal_count=202736 39268 163468 107474 36504 55994 25813 61422 4713 2764 22939 46052 21100 46553 3867 9441 19317 32696 1486 998 5125 488 38303 13356 846 4316 1278 8010 38483 10691
is_linear=0
shrinkage=0.02


Tree=74
num_leaves=31
num_cat=0
split_feature=9 14 43 44 43 45 9 14 9 45 45 41 45 14 6 14 6 36 14 42 9 45 9 44 14 44 43 9 43 45
split_gain=27.6803 18.3213 7.76006 5.98127 5.88713 4.2684 3.22663 2.98803 3.01176 2.7931 2.6955 2.26119 2.20899 2.00556 1.69442 2.93077 1.65686 1.65445 1.51116 1.44859 1.4433 1.4089 1.39936 1.14036 1.13861 1.28844 1.1104 1.06981 1.05611 1.04039
threshold=-7.5699999999999923 2.3338833333333349 5.6000000000014554 0.20626399248918412 9.3199999999997107 0.035674727162131006 0.33099999999998986 0.62003333333333377 9.3770000000000078 0.048481319661231488 0.055998959094736192 63.785220829238092 0.028425304673578653 1.2073000000000018 -0.25908333333333367 1.0885166666666681 -0.84406666666666685 28.500000000000004 1.1559000000000015 0.79368562973120305 8.0700000000000056 0.04063870473433278 -24.681499999999996 1.8588858361756968 0.50240000000000118 -0.16839263257586518 2.9000000000014556 3.0979999999999959 2.7600000000020377 0.037870305072296696
decision_type=2 2 2 2 2 2 2 2 2 2 2 2 2 2 2 2 2 2 2 2 2 2 2 2 2 2 2 2 2 2
left_child=1 4 6 7 5 -1 28 19 -9 23 24 13 -6 27 26 -16 17 -11 -14 -4 -15 -10 -18 -3 -8 -26 -7 -5 -2 -13
right_child=2 9 3 11 12 14 10 8 21 16 -12 29 18 20 15 -17 22 -19 -20 -21 -22 -23 -24 -25 25 -27 -28 -29 -30 -31
leaf_value=-0.00015426510644702218 -0.00017888287316007151 0.0018771824325371886 0.00023875205384528013 2.7889635508117884e-05 0.00029750189698498828 -0.00022123402833282177 -0.00027016783254393709 0.00082019533648849258 0.00056997692224097915 0.0013550738993643005 -0.00049745195469953491 -0.00014152304806199168 0.00075594005034137872 0.0010002671498931487 0.00046829819636494359 0.0020165767604339636 0.0043048762422903666 0.0029837022030414391 0.0013910879599055429 -0.00013740436306100651 0.00011395137125397639 -0.00026032298223639314 0.0019837401444713276 0.00066946913625159823 0.00029137854003863243 -0.00020456065506006097 0.00030523173745693573 -0.00034469381139321117 5.9209121783195951e-06 -0.00062605957237383506
leaf_weight=8577 25875 732 14571 7053 2377 2230 31749 6267 1384 499 20098 2860 3681 1130 10905 512 338 499 2527 5696 2102 1997 150 546 3407 5443 5695 5476 23698 4662
leaf_count=8577 25875 732 14571 7053 2377 2230 31749 6267 1384 499 20098 2860 3681 1130 10905 512 338 499 2527 5696 2102 1997 150 546 3407 5443 5695 5476 23698 4662
internal_value=-8.13502e-14 0.000476811 -0.000114539 8.38545e-05 0.000357937 0.000217096 -0.000210251 0.000270946 0.00056065 0.00204678 -0.000308023 -0.000156529 0.000815965 -2.03674e-05 0.000381771 0.000537731 0.00263638 0.00216939 0.00101448 0.000133034 0.000423833 7.95573e-05 0.00359141 0.00136121 -0.000214248 -1.36381e-05 0.000157091 -0.000134954 -9.05388e-05 -0.00044183
internal_weight=202736 39268 163468 53198 36504 27919 110270 29915 9648 2764 60697 23283 8585 15761 19342 11417 1486 998 6208 20267 3232 3381 488 1278 40599 8850 7925 12529 49573 7522
internal_count=202736 39268 163468 53198 36504 27919 110270 29915 9648 2764 60697 23283 8585 15761 19342 11417 1486 998 6208 20267 3232 3381 488 1278 40599 8850 7925 12529 49573 7522
is_linear=0
shrinkage=0.02


Tree=75
num_leaves=31
num_cat=0
split_feature=10 10 34 45 10 10 43 13 43 41 44 10 34 5 43 43 43 34 10 44 10 9 44 10 9 45 10 9 9 45
split_gain=40.4554 16.9738 12.4896 5.88341 5.63074 4.46612 3.65155 2.57141 2.51263 2.21647 2.16406 3.13488 2.03594 1.97291 1.95817 1.93579 1.81701 1.80589 1.67955 1.49877 1.47554 1.45494 1.39951 1.0991 1.03521 1.24133 1.22105 1.00527 1.27773 0.987239
threshold=-38.058000000000007 -101.7825 -0.011182320915101998 0.067217266334067591 -2.8685000000000165 -209.34899999999996 7.6400000000008736 0.54553333333333487 9.8600000000020387 78.701446615120645 -0.43286940254092526 82.286500000000004 0.061204343749087918 -0.18500000000000041 4.2400000000008733 3.8199999999967988 7.4400000000008744 0.041686708810711452 -5.4410000000000132 -1.6808396684457148 9.9334999999999898 -23.175499999999992 -1.4507521871336782 104.706 11.744000000000012 0.022175141242939515 -64.497 -5.1959999999999917 -35.039999999999999 0.061501531652001444
decision_type=2 2 2 2 2 2 2 2 2 2 2 2 2 2 2 2 2 2 2 2 2 2 2 2 2 2 2 2 2 2
left_child=1 5 3 8 9 -1 22 -7 18 13 11 14 24 -4 -6 -15 -5 19 -2 -9 -12 -22 -3 -20 26 -26 -8 28 -24 -11
right_child=2 6 4 16 10 7 12 17 -10 29 20 -13 -14 15 -16 -17 -18 -19 23 -21 21 -23 27 -25 25 -27 -28 -29 -30 -31
leaf_value=0.003312857652643433 0.0001590869435427514 0.0010374330823375662 -0.00033828939646424937 0.00044997766364926272 -0.00033917531261423077 0.00022749206718044722 0.0014873138493011135 0.00026864148583263158 0.00040573142676126716 -0.00021236733980531546 -0.00026929218290177036 0.0011837516614992998 -0.00031550810854398959 -6.5275392835556999e-05 -1.5952378159362791e-05 0.0002242503784668173 0.0011036700828436022 0.00060497612166967489 -0.00013039853230009297 0.0022174961023794849 0.0012182381297907929 -0.00052501231307042738 -0.00034573522942166126 0.0018299230183727797 0.0018425969196067863 -0.00050648738645372689 0.00087555290088849979 5.8373279404156304e-05 0.00057521923006395137 -0.00069995317378161465
leaf_weight=804 14058 1001 5590 8142 21272 441 1905 170 6847 6402 16847 644 509 20595 11578 16750 2150 387 22101 2208 193 24767 696 115 121 351 4144 5215 4490 2243
leaf_count=804 14058 1001 5590 8142 21272 441 1905 170 6847 6402 16847 644 509 20595 11578 16750 2150 387 22101 2208 193 24767 696 115 121 351 4144 5215 4490 2243
internal_value=7.48868e-14 0.000800779 -9.96766e-05 0.000156883 -0.00020768 0.00198002 0.000544227 0.00164577 5.43353e-05 -4.66995e-05 -0.00031795 -0.000198164 0.000902732 1.21302e-05 -0.000225255 6.45829e-05 0.000586534 0.00187198 -1.19935e-05 0.00207818 -0.000413917 -0.000511533 0.000323188 -0.000120251 0.000997823 9.57143e-05 0.00106821 0.000254449 0.00045162 -0.000338875
internal_weight=202736 22442 180294 53413 126881 4010 18432 3206 43121 51580 75301 33494 7030 42935 32850 37345 10292 2765 36274 2378 41807 24960 11402 22216 6521 472 6049 10401 5186 8645
internal_count=202736 22442 180294 53413 126881 4010 18432 3206 43121 51580 75301 33494 7030 42935 32850 37345 10292 2765 36274 2378 41807 24960 11402 22216 6521 472 6049 10401 5186 8645
is_linear=0
shrinkage=0.02


Tree=76
num_leaves=31
num_cat=0
split_feature=10 10 34 45 10 10 43 43 13 13 34 44 45 34 6 34 10 44 5 41 44 5 45 44 42 6 13 34 43 10
split_gain=38.8534 16.3017 12.0635 6.58965 4.56876 4.28926 3.51696 3.13744 2.46959 2.26039 2.12392 2.08602 1.88223 1.90511 1.77012 1.73437 1.67545 1.848 1.46882 1.60328 1.43942 1.41342 1.40807 1.40532 1.21315 1.18381 1.27157 1.11494 1.07612 1.05311
threshold=-38.058000000000007 -101.7825 -0.00574187746612173 0.065079365079300386 -1.1120000000000165 -209.34899999999996 8.659999999999128 5.1800000000032016 0.54553333333333487 0.37266666666666842 0.061204343749087918 0.23589529786104249 0.071075424605481177 0.0054989178589617072 -0.59721666666666684 0.041686708810711452 82.286500000000004 0.17929635389578544 -0.18500000000000041 86.434108522456 -1.6808396684457148 -0.43989999999999907 0.068453763641211987 -1.4507521871336782 0.098817928494075322 -0.98366666666666713 0.44999999999999846 -0.088155083954746957 7.1800000000032016 -5.4410000000000132
decision_type=2 2 2 2 2 2 2 2 2 2 2 2 2 2 2 2 2 2 2 2 2 2 2 2 2 2 2 2 2 2
left_child=1 5 3 7 12 -1 23 29 -7 -5 -8 24 18 -14 -6 20 22 -18 -4 -20 -10 -11 -16 -3 -9 -25 -27 -13 -23 -2
right_child=2 6 4 9 14 8 10 11 15 21 -12 27 13 -15 16 -17 17 -19 19 -21 -22 28 -24 25 -26 26 -28 -29 -30 -31
leaf_value=0.0032466004863300302 2.4254964045292907e-05 0.0010392288389033965 -0.00039435582569543958 0.00022118230284463237 0.0018983735338329001 0.00022294223254183288 0.0010493831163988147 0.0001139520630904588 0.00026326866420533726 0.00029254578503514205 -0.00033740113394212928 0.00097203029311039731 0.00015710574852299282 -0.0006971185436195651 -0.00031735015351859886 0.00059287659839687274 0.0010297928017260806 -0.00043468733471102111 4.458648236167792e-05 -0.00036394896245019718 0.002173146175696077 0.00071161711323540586 -0.00057381781118402719 -0.00079929405800688953 0.00051080694965394678 0.00012231919483674048 0.00055265511003288535 -6.7886933638393085e-05 0.0013235380658622421 -0.00021367036159142814
leaf_weight=804 12110 1064 4193 6808 141 441 5414 5087 170 2209 481 430 1477 3565 50700 387 735 649 34825 4319 2208 3929 10303 393 7814 6050 5030 10073 1625 19302
leaf_count=804 12110 1064 4193 6808 141 441 5414 5087 170 2209 481 430 1477 3565 50700 387 735 649 34825 4319 2208 3929 10303 393 7814 6050 5030 10073 1625 19302
internal_value=8.3518e-14 0.000784764 -9.7683e-05 0.000109148 -0.000227083 0.00194042 0.000533343 8.66043e-06 0.00161286 0.000487182 0.000936229 0.000183954 -8.11486e-05 -0.000446883 -0.000339996 0.00183454 -0.000345054 0.000343053 -3.85976e-05 -4.89764e-07 0.00203661 0.000720459 -0.000360666 0.000343902 0.000354323 0.000279418 0.000317679 -2.5312e-05 0.000890654 -0.000121945
internal_weight=202736 22442 180294 69387 110907 4010 18432 54816 3206 14571 5895 23404 48379 5042 62528 2765 62387 1384 43337 39144 2378 7763 61003 12537 12901 11473 11080 10503 5554 31412
internal_count=202736 22442 180294 69387 110907 4010 18432 54816 3206 14571 5895 23404 48379 5042 62528 2765 62387 1384 43337 39144 2378 7763 61003 12537 12901 11473 11080 10503 5554 31412
is_linear=0
shrinkage=0.02


Tree=77
num_leaves=31
num_cat=0
split_feature=10 34 10 10 10 45 43 43 44 10 43 34 9 34 10 10 45 44 4 45 9 10 45 34 43 44 10 34 34 45
split_gain=37.3515 13.1608 10.3759 9.88366 3.40282 3.28934 3.13706 2.75062 2.50382 3.88743 2.46437 2.41251 2.20138 1.81475 1.77854 1.74992 1.74169 1.89791 1.74013 1.53089 1.49588 1.44409 1.37468 1.36816 1.23021 1.16099 2.98415 1.67636 1.12043 1.02052
threshold=-54.442500000000003 -0.026807676893757782 -116.33499999999999 -3.9395000000000207 -209.34899999999996 0.066298545810673792 4.9000000000014561 4.9400000000008744 -0.43286940254092526 82.286500000000004 6.9400000000008744 0.01846981702454616 14.490500000000006 -0.070498786730593274 9.9334999999999898 -22.78250000000001 0.026138583590313135 1.4876054672227059 -0.38619999999999693 0.036283128646484607 -16.565999999999985 -8.2870000000000061 0.045481304270772314 -0.077864218579604044 15.960000000002038 -0.94839301659854947 -138.12749999999997 -0.046298457500455394 0.0012223605708157885 0.019484403948367948
decision_type=2 2 2 2 2 2 2 2 2 2 2 2 2 2 2 2 2 2 2 2 2 2 2 2 2 2 2 2 2 2
left_child=2 5 4 7 -1 13 -4 15 9 10 -5 18 16 -2 -10 -3 17 -8 -9 -13 -16 -15 -14 -18 -7 26 -6 -27 -17 -11
right_child=1 3 6 8 25 24 12 11 14 29 -12 19 22 21 20 28 23 -19 -20 -21 -22 -23 -24 -25 -26 27 -28 -29 -30 -31
leaf_value=0.0031816684886650558 0.00084253643108497106 0.00013741809808113465 0.00018808001939760446 -0.00024069038705605697 0.0012288501552259617 0.00069981481696357621 0.00087819380030466096 -7.8259274656666074e-05 -0.00022757807945649033 -1.4722892213897894e-06 0.00020279039599292823 0.00021698219702991143 0.00068758017148467761 0.0003906567753780908 0.00055784580056900525 -1.1107177967086618e-05 0.0025075363027058525 -0.00086804377878097123 0.00045301752500953872 -0.00033399431739242772 -0.00048122954219180221 2.3230076290868184e-05 -0.0016475508828436205 0.0012026857679579869 0.001990176149049195 0.002633173030199774 0.005402997641502756 0.0012330736441742774 -0.00025005806389373123 0.0016663623889283758
leaf_weight=804 1760 14367 2900 35427 174 5602 1248 3019 23270 196 5838 3924 210 7106 565 15901 353 311 13464 4151 28978 10754 194 3593 312 429 113 1688 15501 584
leaf_count=804 1760 14367 2900 35427 174 5602 1248 3019 23270 196 5838 3924 210 7106 565 15901 353 311 13464 4151 28978 10754 194 3593 312 429 113 1688 15501 584
internal_value=-3.3387e-15 -6.81427e-05 0.00108148 -0.000133463 0.00205532 0.000354429 0.000726829 4.62086e-05 -0.00026667 -0.000151509 -0.000177949 0.000216964 0.000991234 0.000229801 -0.000358352 -4.54124e-05 0.00109581 0.000529842 0.00035571 -6.62504e-05 -0.000461358 0.000169419 -0.000433745 0.00131941 0.000767889 0.00167863 0.00287233 0.0015168 -0.000129061 0.00124727
internal_weight=202736 190719 12017 165185 3208 25534 8809 70327 94858 42045 41265 24558 5909 19620 52813 45769 5505 1559 16483 8075 29543 17860 404 3946 5914 2404 287 2117 31402 780
internal_count=202736 190719 12017 165185 3208 25534 8809 70327 94858 42045 41265 24558 5909 19620 52813 45769 5505 1559 16483 8075 29543 17860 404 3946 5914 2404 287 2117 31402 780
is_linear=0
shrinkage=0.02


Tree=78
num_leaves=31
num_cat=0
split_feature=9 14 34 43 45 44 14 13 45 14 9 9 45 45 44 6 43 14 44 14 43 7 6 15 36 9 34 5 7 44
split_gain=24.1884 17.2362 7.61007 6.51104 4.49558 4.11709 4.23352 2.98646 2.86933 2.74498 2.51659 2.33268 2.30481 2.27371 1.84223 1.82632 1.70497 1.66581 1.54232 1.92033 1.5215 1.4769 1.41263 1.18945 1.17942 1.1536 1.10206 1.09746 1.0869 1.03167
threshold=-6.5504999999999951 2.5471500000000016 -0.015255393475215038 9.6400000000008745 0.048169191919144858 -0.16839263257586518 0.59811666666666752 0.99226666666666707 0.04489985496602001 0.79136666666666755 14.490500000000006 1.4545000000000041 0.04519090992865981 0.033189892578358263 1.6883562476704157 -0.73481666666666701 4.4199999999997095 1.8278500000000011 -0.21801431319790657 0.52300000000000157 2.9000000000014556 3.8239447121693919 -0.55223333333333302 3.3815731542333438 28.500000000000004 55.303000000000004 0.0094547923130933239 -0.20339999999999933 0.3518716385215897 1.0856926487789889
decision_type=2 2 2 2 2 2 2 2 2 2 2 2 2 2 2 2 2 2 2 2 2 2 2 2 2 2 2 2 2 2
left_child=1 3 7 4 -1 6 16 18 9 -7 27 26 22 -5 -11 24 -4 21 19 -2 -6 -15 -3 -22 -14 -13 -10 -8 -18 -17
right_child=2 12 5 13 20 8 10 -9 11 14 -12 25 15 17 -16 29 28 -19 -20 -21 23 -23 -24 -25 -26 -27 -28 -29 -30 -31
leaf_value=-5.9376665393250294e-05 0.00012806412237797711 0.00075091987865925176 -0.00021342121908229594 0.00034066922348851821 0.00014549576438883786 -0.00026921717917676786 -6.9798098785244726e-05 0.00072817536284756608 8.3144115639072698e-06 0.00052365125993797889 -0.00027466648426641372 -0.00061196229389010167 0.0014756644045357504 0.00099211229887213002 -0.00026617484804239753 0.0023784691229007627 0.00021322069106311325 0.0017844634770297324 -5.8057125715033981e-05 0.00071880842840073788 0.00056672955909531917 -0.00010342376992622926 0.002350991964221419 -0.00076169520885583622 0.0028312713841906335 0.00056733341487975289 -0.00048753320687797207 0.00060228459601280998 -0.0001066885311463698 0.0045901127409520024
leaf_weight=15580 12090 619 43509 2962 6003 23967 1160 3308 4837 3293 2242 18072 508 4545 1842 131 6992 953 13862 2691 11639 552 343 276 519 338 2849 5992 10825 237
leaf_count=15580 12090 619 43509 2962 6003 23967 1160 3308 4837 3293 2242 18072 508 4545 1842 131 6992 953 13862 2691 11639 552 343 276 519 338 2849 5992 10825 237
internal_value=-1.58193e-14 0.000409782 -0.000116462 0.000317478 0.000189094 -0.00018641 -8.53745e-05 0.000159201 -0.000315856 -0.000179309 0.000309998 -0.000468133 0.00207455 0.000794687 0.000240329 0.00259391 -0.000145938 0.00101697 9.34895e-05 0.000235614 0.000405143 0.000873467 0.00132142 0.000535958 0.00216073 -0.000590311 -0.000175483 0.000493278 1.88548e-05 0.00380282
internal_weight=202736 44867 157869 42510 33498 125918 70720 31951 55198 29102 9394 26096 2357 9012 5135 1395 61326 6050 28643 14781 17918 5097 962 11915 1027 18410 7686 7152 17817 368
internal_count=202736 44867 157869 42510 33498 125918 70720 31951 55198 29102 9394 26096 2357 9012 5135 1395 61326 6050 28643 14781 17918 5097 962 11915 1027 18410 7686 7152 17817 368
is_linear=0
shrinkage=0.02


Tree=79
num_leaves=31
num_cat=0
split_feature=10 10 34 45 14 10 14 14 43 34 45 10 9 45 6 14 9 45 34 42 14 10 45 14 6 34 45 14 9 6
split_gain=35.2595 15.4827 10.4509 6.21543 4.35464 3.90411 3.6639 2.91144 2.89979 2.09439 1.98166 1.96131 1.74267 2.50088 1.68169 1.55654 1.52617 1.87311 1.50794 1.49996 1.43144 1.40667 1.37721 1.28892 1.26701 1.23165 1.19992 1.03087 1.02881 1.02546
threshold=-35.575499999999998 -101.7825 -0.0048475965065699648 0.064775413711466515 1.0885166666666681 -1.1120000000000165 0.62598333333333456 0.6034166666666676 5.6400000000037851 0.061204343749087918 0.071075424605481177 -209.34899999999996 -8.0744999999999898 0.034777026458973549 -0.59721666666666684 2.3338833333333349 9.62300000000001 0.028425304673578653 0.0054989178589617072 0.10803979490937397 0.29411666666666764 82.286500000000004 0.070411094637924304 0.29623333333333396 -0.46740000000000015 -0.070498786730593274 0.036283128646484607 3.1651000000000011 12.143500000000008 -0.14156666666666684
decision_type=2 2 2 2 2 2 2 2 2 2 2 2 2 2 2 2 2 2 2 2 2 2 2 2 2 2 2 2 2 2
left_child=1 4 3 8 -1 10 23 -5 -2 16 20 -6 27 -14 -7 24 17 -8 -12 25 -4 22 -16 -3 -9 -10 -18 -13 -23 -22
right_child=2 6 5 7 11 14 9 15 19 -11 18 12 13 -15 21 -17 26 -19 -20 -21 29 28 -24 -25 -26 -27 -28 -29 -30 -31
leaf_value=0.00077183209381394334 -0.00011839289379864066 -7.0193569317506655e-05 -0.00018312727719472794 0.00027989771124213895 0.0030966449238169175 0.0018689331619182884 0.00042908328533429701 0.00013224340387627125 0.00065962140971864084 -0.00050946073168917376 0.00011500310424939424 0.0012872783875411222 0.0046198782793431597 0.0015219621466997181 -0.0003082424404324278 0.0027449334470491687 0.00077255885511084337 0.0010921319817345223 -0.00068429460135174477 0.00031811538990789075 -0.00020285403057964654 0.00088701596718513982 -0.00058092947274661355 0.00038893749572134484 0.001009674062727398 -0.00011191808632611211 -0.00086267738113409743 0.0023220301113348906 -0.00021623598160091248 0.00012269615382803979
leaf_weight=1100 35243 3649 16416 10950 794 139 2348 837 930 487 1293 1109 211 206 50882 176 357 6216 3499 12481 4823 639 8671 7417 3083 7518 361 590 718 19593
leaf_count=1100 35243 3649 16416 10950 794 139 2348 837 930 487 1293 1109 211 206 50882 176 357 6216 3499 12481 4823 639 8671 7417 3083 7518 361 590 718 19593
internal_value=2.55244e-14 0.000705765 -9.857e-05 8.90425e-05 0.00184381 -0.000223826 0.000486732 0.000450053 -7.65639e-06 0.000769009 -8.38647e-05 0.00224902 0.00193096 0.00308949 -0.000328423 0.000904937 0.000836087 0.000910343 -0.000468624 0.000178816 -3.87098e-05 -0.000333438 -0.000347946 0.00023754 0.000822325 -2.6983e-05 -4.96142e-05 0.00164661 0.000303276 5.83888e-05
internal_weight=202736 24845 177891 71218 4010 106673 20835 15046 56172 9769 45624 2910 2116 417 61049 4096 9282 8564 4792 20929 40832 60910 59553 11066 3920 8448 718 1699 1357 24416
internal_count=202736 24845 177891 71218 4010 106673 20835 15046 56172 9769 45624 2910 2116 417 61049 4096 9282 8564 4792 20929 40832 60910 59553 11066 3920 8448 718 1699 1357 24416
is_linear=0
shrinkage=0.02


Tree=80
num_leaves=31
num_cat=0
split_feature=10 10 34 45 14 10 14 43 14 34 9 10 41 5 14 9 45 10 14 44 14 3 44 9 10 5 45 14 44 34
split_gain=33.8743 14.0839 10.478 5.87954 4.18219 4.01046 3.18078 2.91919 2.60598 2.21761 1.95547 1.88364 1.7551 1.87423 2.15477 1.67366 2.40185 1.66674 1.53743 1.48902 1.90598 1.47197 1.33186 1.24054 1.21156 1.20643 1.09916 1.1565 1.08932 1.0107
threshold=-38.058000000000007 -101.7825 -0.00574187746612173 0.067217266334067591 1.0885166666666681 -1.1120000000000165 0.49476666666666763 8.2400000000008742 0.37596666666666756 0.038381522042216225 11.4055 -209.34899999999996 82.735042733566246 -0.18500000000000041 0.28980000000000117 -8.0744999999999898 0.034777026458973549 -5.4410000000000132 2.3338833333333349 -0.55843657980279449 0.5929000000000012 1.0000000180025095e-35 0.28424159418221145 15.106499999999999 104.706 -0.43989999999999907 0.069119083368890277 1.3451000000000015 0.52416611102019528 -0.077864218579604044
decision_type=2 2 2 2 2 2 2 2 2 2 2 2 2 2 2 2 2 2 2 2 2 2 2 2 2 2 2 2 2 2
left_child=1 4 3 7 -1 12 -3 17 -5 10 21 -6 13 -4 -15 29 -17 28 25 20 -7 -8 -9 -22 -19 -10 27 -21 -2 -13
right_child=2 6 5 8 11 19 9 22 18 -11 -12 15 -14 14 -16 16 -18 24 -20 26 23 -23 -24 -25 -26 -27 -28 -29 -30 -31
leaf_value=0.00075639544985394672 0.00019019449733225164 0.00017206911069742218 -0.00041055729952538353 0.00017922683355642185 0.0030347120253500001 -0.0002718004053498973 0.00045665015694010448 0.00051210238190249754 0.00026180824105234089 -0.0001026294191808584 -0.00029842354459905018 0.0026321968504401032 -0.00036563633935821294 -0.00016249264612702035 0.0001489927180786654 0.0045274807064312897 0.0014915229295136281 -0.00016239930870969811 0.0028218883301085189 -0.00038285014440115332 0.00042031113986835391 0.0010268370792504455 8.0224456633328951e-05 -0.00041461227030158241 0.0018599667072397882 0.00087130080690310443 -0.00063477340253599286 6.2108626247715546e-05 -0.00016745841102200327 0.0013800515984738477
leaf_weight=1100 12858 7231 4497 5803 794 20472 2449 5821 1760 1199 601 317 7096 15000 21786 211 206 27683 141 29296 2885 6952 5608 945 119 4960 6391 2539 4634 1382
leaf_count=1100 12858 7231 4497 5803 794 20472 2449 5821 1760 1199 601 317 7096 15000 21786 211 206 27683 141 29296 2885 6952 5608 945 119 4960 6391 2539 4634 1382
internal_value=-2.39262e-14 0.000732756 -9.12095e-05 0.000101552 0.00180693 -0.000211807 0.000499063 1.4562e-05 0.000491186 0.00071016 0.000807594 0.00220404 -7.50794e-05 -2.51365e-05 2.19803e-05 0.00189234 0.0030277 -5.75097e-05 0.000755039 -0.000317596 -0.00019519 0.000878301 0.000300188 0.000214305 -0.000153743 0.000711672 -0.000395415 -0.000347362 9.54447e-05 0.00161368
internal_weight=202736 22442 180294 69387 4010 110907 18432 56723 12664 11201 10002 2910 48379 41283 36786 2116 417 45294 6861 62528 24302 9401 11429 3830 27802 6720 38226 31835 17492 1699
internal_count=202736 22442 180294 69387 4010 110907 18432 56723 12664 11201 10002 2910 48379 41283 36786 2116 417 45294 6861 62528 24302 9401 11429 3830 27802 6720 38226 31835 17492 1699
is_linear=0
shrinkage=0.02


Tree=81
num_leaves=31
num_cat=0
split_feature=10 34 10 10 41 10 45 43 43 10 43 9 41 43 10 45 44 44 45 45 34 44 10 34 4 44 45 34 13 44
split_gain=32.58 11.5655 8.96044 8.81127 3.08014 2.94358 2.86767 2.83606 2.70155 2.24468 2.07326 2.00369 1.95782 1.79782 1.67771 1.58587 1.82116 1.39265 1.29032 1.24368 1.23313 1.11579 2.83292 1.5118 1.02851 1.01901 1.00684 0.930391 0.914213 0.894085
threshold=-54.442500000000003 -0.027331438552363738 -116.33499999999999 -3.0935000000000161 78.701446615120645 -209.34899999999996 0.042161756552644855 4.9000000000014561 6.6599999999962174 91.561999999999998 10.760000000002039 14.490500000000006 75.286886012984112 3.6400000000008736 -22.78250000000001 0.026138583590313135 1.4876054672227059 0.17929635389578544 0.045481304270772314 0.073196763553786959 -0.077864218579604044 -0.94839301659854947 -138.12749999999997 -0.046298457500455394 -0.48559999999999887 -0.22968731659053121 0.060073389483738179 -0.012812427432657847 0.42100000000000132 -0.038088458419724205
decision_type=2 2 2 2 2 2 2 2 2 2 2 2 2 2 2 2 2 2 2 2 2 2 2 2 2 2 2 2 2 2
left_child=2 6 5 4 8 27 25 -4 14 12 19 15 13 -5 -3 16 -9 -11 29 -8 -17 22 -7 -23 -10 -2 -6 -1 -25 -13
right_child=1 3 7 9 26 21 10 11 24 17 -12 18 -14 -15 -16 20 -18 -19 -20 -21 -22 23 -24 28 -26 -27 -28 -29 -30 -31
leaf_value=0.0036050963808563264 0.00034478810058168069 0.00019017658981224919 0.00016821833626359123 -0.00032471138045673246 -0.00017205563066276827 0.0011336145867445056 0.00027662516666269023 0.00083281561656034541 -0.00010858634639140056 0.0010907273419787035 0.00099138423095705632 -0.00059744299015611281 -0.00045795969796400503 -0.00012744110319178628 -5.8618205185670057e-05 0.0023729749961700765 -0.00087774877195018934 -0.0003594465099058996 -0.0016035948414355517 0.00076595532850839965 0.0011341884951195009 0.0024661916667418579 0.0052006149409025652 -0.00034300534093697354 0.0003998663457169334 -5.7428584546726276e-05 -0.00063747334638552774 0.0022421562761222851 0.0012830021678125073 0.0020144485006809675
leaf_weight=425 4034 15870 2900 34999 6778 174 8223 1248 1829 796 3026 109 17099 39150 34217 353 311 397 194 2780 3593 429 113 152 12248 6711 2562 379 1536 101
leaf_count=425 4034 15870 2900 34999 6778 174 8223 1248 1829 796 3026 109 17099 39150 34217 353 311 397 194 2780 3593 429 113 152 12248 6711 2562 379 1536 101
internal_value=-2.53806e-14 -6.36416e-05 0.00101004 -0.000123819 3.96158e-05 0.00191503 0.000339446 0.000680469 8.90113e-05 -0.000253773 0.000527762 0.000931869 -0.000265042 -0.000220554 2.02121e-05 0.00103164 0.000491581 0.000608146 -0.000427622 0.000400259 0.00124501 0.00156467 0.00273491 0.00140602 0.000333804 9.35758e-05 -0.000299722 0.00296262 0.00113658 0.000658752
internal_weight=202736 190719 12017 165945 73504 3208 24774 8809 64164 92441 14029 5909 91248 74149 50087 5505 1559 1193 404 11003 3946 2404 287 2117 14077 10745 9340 804 1688 210
internal_count=202736 190719 12017 165945 73504 3208 24774 8809 64164 92441 14029 5909 91248 74149 50087 5505 1559 1193 404 11003 3946 2404 287 2117 14077 10745 9340 804 1688 210
is_linear=0
shrinkage=0.02


Tree=82
num_leaves=31
num_cat=0
split_feature=10 10 34 34 14 10 14 42 10 14 34 34 9 10 10 43 44 43 44 44 14 14 9 13 44 14 10 44 10 14
split_gain=31.4029 13.7033 9.38935 3.95313 3.90935 3.45425 3.33786 2.9209 2.02586 2.01571 1.95504 1.82533 1.5982 2.39032 2.11251 1.45723 1.56779 1.42321 2.10858 1.3526 1.80668 1.20827 1.18265 1.14216 1.10478 1.16311 0.996135 1.33696 0.962452 1.0453
threshold=-35.575499999999998 -101.7825 -0.0048475965065699648 -0.042306182433604983 1.0885166666666681 -1.1120000000000165 0.62598333333333456 0.29281123878787568 -4.1470000000000189 0.50240000000000118 0.061204343749087918 0.011574350805135121 -8.0744999999999898 -209.34899999999996 -138.12749999999997 4.9000000000014561 -0.10458090413783362 10.480000000003203 -1.4956662006388342 -0.55843657980279449 0.5929000000000012 0.29623333333333396 13.950500000000003 3.5299000000000018 -0.038088458419724205 0.50636666666666807 -166.39949999999996 -0.29037595201257943 11.767499999999986 1.3451000000000015
decision_type=2 2 2 2 2 2 2 2 2 2 2 2 2 2 2 2 2 2 2 2 2 2 2 2 2 2 2 2 2 2
left_child=1 4 3 23 -1 15 21 8 -5 -9 17 12 13 -6 -14 -4 -17 18 -8 20 -7 -3 -22 24 25 -2 -13 -28 -21 -30
right_child=2 6 5 7 11 19 10 9 -10 -11 -12 26 14 -15 -16 16 -18 -19 -20 28 22 -23 -24 -25 -26 -27 27 -29 29 -31
leaf_value=0.00072101417574766942 0.00033435283680646169 -7.5809152204790565e-05 -0.00016030963299025776 9.2285682304395873e-05 0.0034301241543291039 -0.00026766729997555429 0.0022932447296797592 6.8084856054422967e-05 -0.00018886180976445478 0.00048256694131112185 -0.00050579147631143746 0.0021531170533252691 0.0024918029660012352 0.0017619737414259218 0.0059962518560188315 0.00029515375145185076 -0.00011083813880865723 0.0011062707263121078 0.00051032910274633836 -0.00026287970710937251 0.00042953424864658067 0.00036872631741347636 -0.00036504887858942981 0.0021201226764313149 0.00025990755782489714 0.0010463456516624705 0.0028852940572891383 0.00031330958007938579 -0.00052269449447260845 -0.00011656890316988534
leaf_weight=1100 1759 3649 30343 17944 475 19848 279 12321 23915 7581 487 379 181 1242 111 7152 8129 3587 5416 15299 2721 7417 1034 164 5615 1919 100 422 19227 2920
leaf_count=1100 1759 3649 30343 17944 475 19848 279 12321 23915 7581 487 379 181 1242 111 7152 8129 3587 5416 15299 2721 7417 1034 164 5615 1919 100 422 19227 2920
internal_value=3.46369e-14 0.00066605 -9.30234e-05 8.48058e-05 0.0017367 -0.000211747 0.000459988 2.64982e-05 -6.83403e-05 0.000225968 0.000729412 0.00212064 0.00245609 0.00222346 0.00382397 -8.00969e-05 7.91791e-05 0.00079422 0.000597675 -0.000310134 -0.000191559 0.000222141 0.000210733 0.000465596 0.000436398 0.000705836 0.00137267 0.000806027 -0.000384875 -0.000469148
internal_weight=202736 24845 177891 71218 4010 106673 20835 61761 41859 19902 9769 2910 2009 1717 292 45624 15281 9282 5695 61049 23603 11066 3755 9457 9293 3678 901 522 37446 22147
internal_count=202736 24845 177891 71218 4010 106673 20835 61761 41859 19902 9769 2910 2009 1717 292 45624 15281 9282 5695 61049 23603 11066 3755 9457 9293 3678 901 522 37446 22147
is_linear=0
shrinkage=0.02


Tree=83
num_leaves=31
num_cat=0
split_feature=10 10 34 10 45 14 14 14 9 34 34 41 41 14 5 44 10 34 9 6 10 44 10 9 10 10 5 5 45 14
split_gain=30.1594 13.1607 9.07871 4.22758 4.13512 3.75454 3.20568 1.9676 1.95192 1.88774 1.84998 2.25877 1.79783 2.05354 1.97399 1.76169 2.07962 1.75305 1.71399 1.71638 1.68591 2.75989 1.60505 1.53491 2.29566 2.02885 1.43966 1.19924 1.19079 1.16042
threshold=-35.575499999999998 -101.7825 -0.013723915159791333 -2.8685000000000165 0.067217266334067591 1.0885166666666681 0.62598333333333456 0.34396666666666836 -14.242999999999993 0.040521019598651481 -0.044840847513015487 32.251667251010524 78.701446615120645 1.1100500000000013 -0.26669999999999866 -0.45259561359034239 82.286500000000004 0.011574350805135121 11.4055 -0.59721666666666684 15.847499999999982 -0.81930252960381511 11.767499999999986 -8.0744999999999898 -209.34899999999996 -138.12749999999997 -1.2478999999999985 -0.43989999999999907 0.06661918087698615 0.29623333333333396
decision_type=2 2 2 2 2 2 2 2 2 2 2 2 2 2 2 2 2 2 2 2 2 2 2 2 2 2 2 2 2 2
left_child=1 5 4 12 10 -1 29 -6 20 18 -2 -12 13 14 -4 16 -10 23 19 -8 -5 -22 -17 24 -7 -25 -15 -9 -11 -3
right_child=2 6 3 8 7 17 9 27 15 28 11 -13 -14 26 -16 22 -18 -19 -20 -21 21 -23 -24 25 -26 -27 -28 -29 -30 -31
leaf_value=0.00070659389170019008 0.00036964189786373836 -7.4292969879836558e-05 -0.00047514364377313346 -0.00026251028050517381 0.00014248085342361021 0.0033615216624285835 0.00036067435938310288 0.00029037014403284048 -0.00019672576889840219 0.00017878573307808014 -0.00014446913923327808 0.00020681033812847138 -0.00030508771405651981 -0.0016044860859599211 2.4673659010653538e-05 -0.00023416082984100575 0.00097137742182247381 0.001345218497508833 -0.00025429500305015668 0.0010411843301008025 0.0031927905070620616 0.00043146421540678513 -0.00047922775003436078 0.0024419669087143944 0.0017267342640273115 0.0058763267896935209 0.00079491213483753962 0.00093439176151647533 -0.0017535391136609165 0.00036135179066880868
leaf_weight=1100 6279 3649 3437 764 3280 475 1940 1600 33364 822 18721 12025 8457 106 39315 19584 621 901 569 6287 185 666 23539 181 1242 111 1775 4173 151 7417
leaf_count=1100 6279 3649 3437 764 3280 475 1940 1600 33364 822 18721 12025 8457 106 39315 19584 621 901 569 6287 185 666 23539 181 1242 111 1775 4173 151 7417
internal_value=-7.47807e-15 0.000652729 -9.11629e-05 -0.000175639 0.000150493 0.00170197 0.000450788 0.000533651 -0.000268654 0.000714824 5.68067e-05 -7.081e-06 -3.77144e-05 1.29471e-05 -1.55086e-05 -0.000283066 -0.000175381 0.00207823 0.000807292 0.000880714 0.000419482 0.00103175 -0.000367932 0.00240697 0.00217899 0.00374749 0.000659699 0.0007559 -0.000121092 0.000217698
internal_weight=202736 24845 177891 131813 46078 4010 20835 9053 78723 9769 37025 30746 53090 44633 42752 77108 33985 2910 8796 8227 1615 851 43123 2009 1717 292 1881 5773 973 11066
internal_count=202736 24845 177891 131813 46078 4010 20835 9053 78723 9769 37025 30746 53090 44633 42752 77108 33985 2910 8796 8227 1615 851 43123 2009 1717 292 1881 5773 973 11066
is_linear=0
shrinkage=0.02


Tree=84
num_leaves=31
num_cat=0
split_feature=10 9 14 45 10 10 43 14 44 41 43 44 6 9 10 44 44 14 14 41 9 6 14 45 10 10 14 6 14 29
split_gain=29.0459 10.8024 7.73796 5.43516 4.5992 4.22643 4.22411 3.91903 2.39961 2.29808 2.26091 2.22877 3.92117 2.18324 2.14918 2.10291 2.02268 1.87384 1.78903 1.66726 1.62327 1.54404 1.5254 1.49177 1.44735 1.2115 1.14603 1.14366 1.10844 1.05499
threshold=-56.553500000000007 -2.6369999999999996 0.97213333333333418 0.033189892578358263 -13.847000000000014 -166.39949999999996 5.0600000000020389 1.7400000000000009 -0.45259561359034239 75.664558023670722 3.9499999999985453 -0.98203474161211024 -0.19896666666666712 12.978000000000005 -26.004500000000018 -0.14274910758042661 -0.34705744106765274 1.1324000000000012 0.35363333333333463 76.081714743541369 -23.175499999999992 -0.84406666666666685 0.55381666666666807 0.071418589269327662 82.286500000000004 -76.424999999999997 1.3876333333333342 -0.35843333333333355 0.89733333333333409 0.034746606057534109
decision_type=2 2 2 2 2 2 2 2 2 2 2 2 2 2 2 2 2 2 2 2 2 2 2 2 2 2 2 2 2 2
left_child=2 3 13 14 16 7 24 8 -4 10 -6 12 25 18 20 -12 22 23 -1 21 -2 -13 -3 -8 -5 -7 -14 -20 -18 -24
right_child=1 4 5 6 9 11 17 -9 -10 -11 15 19 26 -15 -16 -17 28 -19 27 -21 -22 -23 29 -25 -26 -27 -28 -29 -30 -31
leaf_value=-5.9167428949943393e-05 -0.00069099941082476155 0.00016589944500140094 -0.0019070384103862012 9.7205447098930756e-05 -0.00028478362403339417 0.0020755017976064171 0.00031517444407782604 0.0029864152747852818 0.0019261304568194972 -0.00042536329799913952 7.6651739739678023e-05 0.00051980455260814979 0.0059844997845520491 -0.0011961121761575096 -0.00020880206938824017 -0.00020826404064530472 -0.00020988163266652445 0.00092145522788373777 -0.00033267352247204091 -0.0004320466624792769 0.0003941965355476354 0.0014281069245758702 0.00097677298429263383 0.00082952345715336441 0.0023172876833922277 -0.00049169506551878333 0.00302902133185959 0.0008845803417023532 0.00043886566075340569 -0.00029713724723979032
leaf_weight=1406 630 10522 114 25750 41524 171 12713 1118 153 18764 19307 1078 107 303 17814 22366 8235 3458 339 288 4417 2450 1641 2742 118 129 103 3459 1208 309
leaf_count=1406 630 10522 114 25750 41524 171 12713 1118 153 18764 19307 1078 107 303 17814 22366 8235 3458 339 288 4417 2450 1641 2742 118 129 103 3459 1208 309
internal_value=-8.6863e-14 -5.79375e-05 0.000989132 0.000145331 -0.000168931 0.00150494 0.000273425 0.0024665 0.000289497 -0.000225429 -0.000180337 0.00119709 0.00243885 0.000454217 -0.000105584 -7.62632e-05 9.39282e-05 0.000500595 0.000550307 0.00103113 0.000258735 0.00115057 0.000261118 0.000406429 0.000107333 0.000971607 0.00453491 0.000775931 -0.00012689 0.000774907
internal_weight=202736 191518 11218 67642 123876 5711 44781 1385 267 101961 83197 4326 510 5507 22861 41673 21915 18913 5204 3816 5047 3528 12472 15455 25868 300 210 3798 9443 1950
internal_count=202736 191518 11218 67642 123876 5711 44781 1385 267 101961 83197 4326 510 5507 22861 41673 21915 18913 5204 3816 5047 3528 12472 15455 25868 300 210 3798 9443 1950
is_linear=0
shrinkage=0.02


Tree=85
num_leaves=31
num_cat=0
split_feature=10 10 34 45 14 10 14 43 43 42 34 45 34 34 6 14 5 14 10 6 10 44 44 14 44 45 6 34 14 45
split_gain=27.911 11.5136 8.93604 5.3074 3.48986 3.31831 2.8726 2.78102 2.1295 1.95116 1.67421 1.66297 1.67688 1.60162 1.57059 1.46468 2.03749 1.37189 1.3547 1.61079 1.34948 1.53841 1.27969 1.41368 1.21429 1.20751 1.16701 1.1331 1.07662 2.1657
threshold=-38.058000000000007 -101.7825 -0.00574187746612173 0.060350004131187872 1.0885166666666681 -1.1120000000000165 0.57213333333333494 7.5000000000043672 4.3800000000002912 0.12564897806202924 0.011574350805135121 0.071075424605481177 0.0054989178589617072 0.061204343749087918 -0.59721666666666684 0.29411666666666764 -0.18500000000000041 2.3338833333333349 -209.34899999999996 -0.84406666666666685 82.286500000000004 0.17929635389578544 -1.4507521871336782 0.53146666666666698 0.23589529786104249 0.068453763641211987 -0.46740000000000015 -0.070498786730593274 3.7055333333333342 0.059217563739495278
decision_type=2 2 2 2 2 2 2 2 2 2 2 2 2 2 2 2 2 2 2 2 2 2 2 2 2 2 2 2 2 2
left_child=1 4 3 8 -1 11 -5 22 -2 27 18 15 -13 28 -7 -4 -17 26 -6 -20 25 -22 23 -3 -11 -16 -8 -10 -9 -30
right_child=2 7 5 6 10 14 17 13 9 24 -12 12 -14 -15 20 16 -18 -19 19 -21 21 -23 -24 -25 -26 -27 -28 -29 29 -31
leaf_value=0.00067671390196467408 -0.00014763563417483579 0.00051101596497997513 -0.00017204075617831385 0.00021286431006587928 0.0031589063180295358 0.00181805087648522 0.00012806098086815871 0.00079776515168013089 0.00059156038738311244 0.00042601448385086498 0.0012827801806098945 0.00015308994868062627 -0.00064833460028314392 -0.00031612111330555422 -0.00026905491055050887 -0.00037988559989208588 0.0001357206807861914 0.0022592998142801552 0.0011161760947778839 0.0025015186401222507 0.00094897727507838134 -0.00038721354849017171 0.00019107905086149192 0.0022661905950336091 5.9347585186144814e-05 -0.00050655558414332551 0.00082700791865936607 -0.00014230685890550607 0.00026011271171585146 0.0043229439499498645
leaf_weight=1100 24212 741 17358 13088 557 141 1208 6473 915 8244 901 1477 3565 513 50700 3551 22428 229 527 925 735 649 10251 244 6431 10303 4572 10488 107 103
leaf_count=1100 24212 741 17358 13088 557 141 1208 6473 915 8244 901 1477 3565 513 50700 3551 22428 229 527 925 735 649 10251 244 6431 10303 4572 10488 107 103
internal_value=1.57727e-14 0.000665138 -8.27927e-05 9.52205e-05 0.00163636 -0.000194164 0.000379071 0.000453842 -1.25684e-05 0.000112834 0.00199912 -6.97929e-05 -0.000413566 0.00076082 -0.000290391 -2.9797e-05 6.52438e-05 0.000741081 0.00232038 0.00199871 -0.000295157 0.000322396 0.000257241 0.0009458 0.000265331 -0.000309167 0.00068093 -8.34199e-05 0.000843488 0.00225283
internal_weight=202736 22442 180294 69387 4010 110907 19097 18432 50290 26078 2910 48379 5042 7196 62528 43337 25979 6009 2009 1452 62387 1384 11236 985 14675 61003 5780 11403 6683 210
internal_count=202736 22442 180294 69387 4010 110907 19097 18432 50290 26078 2910 48379 5042 7196 62528 43337 25979 6009 2009 1452 62387 1384 11236 985 14675 61003 5780 11403 6683 210
is_linear=0
shrinkage=0.02


Tree=86
num_leaves=31
num_cat=0
split_feature=43 9 9 45 41 44 45 43 43 13 9 45 4 9 5 7 9 45 45 29 43 44 43 42 12 43 9 5 41 6
split_gain=18.82 8.92395 8.85577 4.7511 3.6645 3.57789 3.41181 2.86702 2.75347 2.31737 1.95345 1.89931 1.54342 1.44244 1.31472 1.29433 1.2499 1.18668 1.14014 1.10839 1.08663 1.05314 1.02031 0.993172 0.947047 0.86149 0.859642 0.848511 0.764515 0.764432
threshold=10.760000000002039 -2.6369999999999996 -17.12949999999999 0.042768683842173964 73.704137802052244 -0.16839263257586518 0.048481319661231488 4.3199999999997098 4.4599999999991278 2.3460000000000027 10.728000000000002 0.038479473917352368 -0.27659999999999602 1.3800000000000148 -2.7461999999999964 1.1507361556391069 55.303000000000004 0.066912972085317671 0.032857542345852433 -0.134413507314568 2.3399999999979633 0.75907219851953689 18.040000000000877 0.76818493761425255 1.052500000000004 14.420000000002622 9.8814999999999991 -0.51939999999999942 78.701446615120645 -0.083000000000000004
decision_type=2 2 2 2 2 2 2 2 2 2 2 2 2 2 2 2 2 2 2 2 2 2 2 2 2 2 2 2 2 2
left_child=1 3 6 20 10 8 -2 27 -3 29 15 26 -9 -13 19 25 -15 -14 -12 -11 -1 -22 -17 -10 -6 -4 -7 -5 -29 -8
right_child=2 5 4 7 24 11 9 12 23 14 18 13 17 16 -16 22 -18 -19 -20 -21 21 -23 -24 -25 -26 -27 -28 28 -30 -31
leaf_value=-0.00027850312274949767 0.00071459778913059808 -0.00016952826583577606 0.00060041091048343822 -0.00035053103126870627 0.00028030543208561323 -0.00022512084224097641 0.0010803318246133281 0.00020012594068091277 0.0001953288198660924 0.0025625607753598611 0.00064371147596929885 -0.00016625922844688634 0.00046859366997790145 -0.00051721989324070251 0.0027660364257189075 0.00016905908031771504 0.0013725776050375208 0.00092159150177400324 -0.00018073026064596774 0.00025306256753737926 8.8247900589496258e-05 -0.00022337324345276421 0.00083926140362690447 -8.8996150797400947e-05 -0.0005506985898585488 0.001080195156412749 9.662782250200396e-05 0.00018900099937254803 -0.00033061586399663268 0.002845734212970919
leaf_weight=7317 2265 43706 4509 1442 747 19141 1318 5190 15148 153 913 6816 6780 19598 945 3713 141 3511 2531 182 15876 5969 1203 7274 2065 2241 4019 16702 1215 106
leaf_count=7317 2265 43706 4509 1442 747 19141 1318 5190 15148 153 913 6816 6780 19598 945 3713 141 3511 2531 182 15876 5969 1203 7274 2065 2241 4019 16702 1215 106
internal_value=4.08842e-14 -6.87476e-05 0.000540121 0.000120791 0.000332987 -0.000173466 0.00128721 0.000278443 -7.70917e-05 0.00176685 0.00045636 -0.000301657 0.000481327 -0.000417103 0.0023844 0.000579918 -0.000503721 0.000623144 3.78282e-05 0.00130785 -6.7557e-05 3.09951e-06 0.000333065 0.00010309 -0.000329945 0.000759699 -0.000169287 0.000116201 0.000153764 0.00121175
internal_weight=202736 179845 22891 64002 17922 115843 4969 34840 66128 2704 15110 49715 15481 26555 1280 11666 19739 10291 3444 335 29162 21845 4916 22422 2812 6750 23160 19359 17917 1424
internal_count=202736 179845 22891 64002 17922 115843 4969 34840 66128 2704 15110 49715 15481 26555 1280 11666 19739 10291 3444 335 29162 21845 4916 22422 2812 6750 23160 19359 17917 1424
is_linear=0
shrinkage=0.02


Tree=87
num_leaves=31
num_cat=0
split_feature=43 9 9 45 41 43 45 9 9 14 14 14 6 45 4 45 5 14 14 6 29 45 14 12 14 43 41 9 14 43
split_gain=18.0747 8.57056 8.52732 4.5953 4.37274 2.98244 2.70686 2.62785 2.60439 3.22993 2.39175 2.15075 2.07164 2.00127 1.67423 1.57349 1.37465 1.06453 1.03622 1.0088 1.00105 0.896666 0.895214 0.85295 0.817445 0.816237 0.832071 0.801983 0.862667 0.73881
threshold=10.760000000002039 -2.6369999999999996 -35.039999999999999 0.033189892578358263 73.704137802052244 3.0800000000002914 0.049369723846835904 0.97600000000001308 -0.68399999999999161 1.8278500000000011 0.4985666666666681 1.1324000000000012 -0.98366666666666713 0.048481319661231488 -0.42379999999999624 0.031272666988371389 -0.22874999999999843 3.7055333333333342 3.1651000000000011 -0.73481666666666701 -0.0015916968020002196 0.069757284438060743 1.1559000000000015 1.052500000000004 2.1761666666666684 3.8400000000008734 82.195845695198116 10.170500000000009 0.6034166666666676 2.3399999999979633
decision_type=2 2 2 2 2 2 2 2 2 2 2 2 2 2 2 2 2 2 2 2 2 2 2 2 2 2 2 2 2 2
left_child=1 3 13 29 8 -5 10 20 9 16 25 14 -13 -2 -7 22 -4 19 -11 -15 -8 -19 -10 -6 -21 -3 -27 28 -9 -1
right_child=2 6 4 5 23 11 7 27 15 18 -12 12 -14 17 -16 -17 -18 21 -20 24 -22 -23 -24 -25 -26 26 -28 -29 -30 -31
leaf_value=-0.00032002556563211183 0.00095920432958834204 -0.00022454106316530315 0.00032617364468058867 2.6806725683612496e-05 0.00025036393849352012 -3.0382339394016016e-05 0.00013304874961651183 -0.00036829025067228866 0.00038651004664878288 0.0013529058437992036 0.00010722279549828257 -0.00029333881827316123 0.001130536108218873 0.0012543318235141484 0.00039328014368081527 4.454912562861106e-05 0.00084579558868168054 0.0023104709649169443 0.002723300189366219 0.0017383717658869442 -0.00022945719020587012 0.0040833612833856619 0.0011355017499111914 -0.00051622034615327181 0.0038934232607888159 -3.0394972869560754e-05 -0.00050943632249372903 -0.00053857550894088175 3.2588846289625339e-06 -5.0829574439211541e-05
leaf_weight=5448 882 31948 4055 16239 794 4671 6305 19788 2007 1209 17805 493 2391 561 18542 5128 4091 343 270 155 5897 171 936 2160 129 19960 1564 9715 2861 16218
leaf_count=5448 882 31948 4055 16239 794 4671 6305 19788 2007 1209 17805 493 2391 561 18542 5128 4091 343 270 155 5897 171 936 2160 129 19960 1564 9715 2861 16218
internal_value=1.0416e-13 -6.73727e-05 0.000529319 0.000118375 0.000402155 0.000239609 -0.000169996 -0.000292261 0.000521064 0.000743246 -9.35502e-05 0.000372027 0.000887134 0.00170109 0.000308029 0.000256102 0.000587133 0.00218258 0.00160308 0.00174601 -4.21436e-05 0.00290028 0.000624721 -0.000310172 0.00271725 -0.000160403 -6.52036e-05 -0.000386561 -0.000321357 -0.00011852
internal_weight=202736 179845 22891 64002 20650 42336 115843 44566 17696 9625 71277 26097 2884 2241 23213 8071 8146 1359 1479 845 12202 514 2943 2954 284 53472 21524 32364 22649 21666
internal_count=202736 179845 22891 64002 20650 42336 115843 44566 17696 9625 71277 26097 2884 2241 23213 8071 8146 1359 1479 845 12202 514 2943 2954 284 53472 21524 32364 22649 21666
is_linear=0
shrinkage=0.02


Tree=88
num_leaves=31
num_cat=0
split_feature=10 10 34 14 14 43 34 44 43 1 19 10 44 34 10 14 9 10 10 10 9 43 5 14 10 10 9 7 41 4
split_gain=25.9442 13.6678 6.88583 3.16194 3.08524 3.05827 2.30949 2.16344 2.83401 1.90366 2.15662 1.85206 1.71742 1.53853 1.52924 1.53031 1.50621 2.03113 1.94853 1.36452 1.19963 1.17698 1.10175 1.05752 1.74393 0.991561 0.950183 0.923319 0.888794 0.884698
threshold=-24.60550000000001 -101.7825 -0.0035232389179990563 1.0885166666666681 0.48360000000000075 7.7800000000002916 0.038381522042216225 -0.09187511517335252 6.7000000000014568 1.0000000180025095e-35 1.0000000180025095e-35 104.706 -0.09187511517335252 0.011574350805135121 -2.8685000000000165 0.27550000000000135 -8.0744999999999898 -209.34899999999996 -138.12749999999997 11.767499999999986 -10.417499999999988 18.719999999999711 -1.4863999999999982 2.8280666666666687 37.781999999999982 104.706 -23.175499999999992 0.59482938730020118 83.872656644702388 -0.054599999999995666
decision_type=2 2 2 2 2 2 2 2 2 2 2 2 2 2 2 2 2 2 2 2 2 2 2 2 2 2 2 2 2 2
left_child=1 3 5 -1 -3 11 9 8 25 22 -11 14 -7 16 15 -2 17 -5 -18 -9 -16 29 -6 26 -25 -4 -21 -15 -10 -14
right_child=2 4 7 13 6 12 -8 19 28 10 -12 -13 21 27 20 -17 18 -19 -20 23 -22 -23 -24 24 -26 -27 -28 -29 -30 -31
leaf_value=0.00065482096433949093 -0.00011877577735082694 0.00013488673815326304 -0.00020764041922646502 0.00310801282477271 -0.0011389811718175691 0.00059550283045896638 -0.00017469108215350967 -0.00023803598625842567 0.00024342561930820747 0.00032026347446754749 0.00088820945459649559 0.002166903969384246 -9.8447872751917042e-05 0.0025994732212607881 0.00031960347531607687 0.00022585017126569148 0.0022700432372711682 0.0015702955058670208 0.0056357315382374838 0.001270415154848403 -0.00015032460898127528 0.00087167540461816854 0.00030496227988783246 0.0027231480685942604 -0.00013873316379305642 0.001711124560010999 -0.00051615303758857547 0.00092823079076569646 -0.0004360494777434335 0.00037610692944482202
leaf_weight=1100 8164 16352 43065 475 222 5264 1783 26613 8475 3891 8553 154 4965 161 2341 13979 181 1242 111 120 30264 775 4414 103 492 108 15483 740 847 2299
leaf_count=1100 8164 16352 43065 475 222 5264 1783 26613 8475 3891 8553 154 4965 161 2341 13979 181 1242 111 120 30264 775 4414 103 492 108 15483 740 847 2299
internal_value=-7.25637e-14 0.00046193 -0.000110813 0.00156827 0.000335949 4.26083e-05 0.000510246 -0.000220608 -0.000134556 0.000581748 0.000710624 -2.33153e-05 0.000314677 0.00191356 -2.94761e-05 9.87885e-05 0.00222153 0.0019957 0.00354947 -0.000326126 -0.000116584 0.00013079 0.000235817 -0.000470856 0.000356685 -0.000202841 -0.000502413 0.00122687 0.000181688 5.17451e-05
internal_weight=202736 39225 163511 4010 35215 68205 18863 95306 52495 17080 12444 54902 13303 2910 54748 22143 2009 1717 292 42811 32605 8039 4636 16198 595 43173 15603 901 9322 7264
internal_count=202736 39225 163511 4010 35215 68205 18863 95306 52495 17080 12444 54902 13303 2910 54748 22143 2009 1717 292 42811 32605 8039 4636 16198 595 43173 15603 901 9322 7264
is_linear=0
shrinkage=0.02


Tree=89
num_leaves=31
num_cat=0
split_feature=43 34 34 14 45 45 45 14 34 14 43 42 6 7 6 44 33 14 14 44 44 34 44 7 34 44 45 15 14 12
split_gain=16.8474 7.57924 7.04227 5.89909 5.02873 3.34097 2.3558 2.09246 2.04199 2.02797 1.99163 1.98017 1.6978 1.48336 1.39918 1.35692 1.18956 1.18857 1.07792 1.56498 1.06833 1.02205 1.01771 0.775662 0.759556 0.74885 0.730527 0.705554 0.703286 0.692541
threshold=10.480000000003203 0.020308240410794487 -0.0046147782494757525 2.1761666666666684 0.065079365079300386 0.068789173170331716 0.064775413711466515 0.61435000000000139 0.0020312408088233019 0.4190000000000012 4.2800000000002916 0.11690645075610451 -0.28279999999999988 0.92377066959217025 -0.46740000000000015 -0.06473873575702406 0.0022876015030482617 3.7055333333333342 1.1559000000000015 0.28424159418221145 0.15064392291477044 0.025253321006513965 -0.41212650489820046 3.477004098354556 -0.070498786730593274 -0.14274910758042661 0.022510124112762511 1.3456130387295915 1.1814666666666676 1.6722000000000063
decision_type=2 2 2 2 2 2 2 2 2 2 2 2 2 2 2 2 2 2 2 2 2 2 2 2 2 2 2 2 2 2
left_child=2 3 4 18 10 9 24 -6 16 22 -1 25 -3 -14 -9 29 -7 -8 19 -2 -13 -17 -4 -20 -5 -12 -15 -21 -16 -11
right_child=1 12 5 6 7 8 17 14 -10 15 11 20 13 26 28 21 -18 -19 23 27 -22 -23 -24 -25 -26 -27 -28 -29 -30 -31
leaf_value=-0.00011456139906175104 0.00068947651423601527 0.00095319392340260467 -0.00012111213773039187 0.0019058060776704932 0.00026682655904127411 -0.00019061427468282916 0.0019267864182173613 0.00020409827360005434 -0.00054046325599404674 0.00015479210828899526 7.0105553347712154e-05 0.00039391530873971034 0.00029685036036162154 0.00022829710686029253 0.00089977639503802879 -2.4193817222532769e-05 0.00077355316074543135 0.0035469329937529428 0.00098447764090180048 0.00039073629122386813 7.0014170658538121e-05 -0.00034472272841054732 -0.00029376870988121639 0.00027119479208001089 0.00099261218051452144 -0.00027086399668801964 -0.00040213218804351379 -0.00014109485975896246 0.0017696169425323947 -0.00046063217045308241
leaf_weight=29962 5189 692 29825 492 11520 1834 477 1138 13171 15759 5302 9630 2685 899 2429 12982 710 292 3263 2365 7059 5738 25189 750 1404 5012 4036 1726 439 767
leaf_count=29962 5189 692 29825 492 11520 1834 477 1138 13171 15759 5302 9630 2685 899 2429 12982 710 292 3263 2365 7059 5738 25189 750 1404 5012 4036 1726 439 767
internal_value=4.72633e-14 0.000494395 -6.72338e-05 0.000749472 8.46698e-05 -0.000171142 0.00160828 0.000403744 -0.000440268 -0.000124285 -2.29483e-06 0.000122274 4.67842e-06 -8.14597e-05 0.000797474 -5.84575e-06 7.84733e-05 0.00254198 0.000577296 0.000458864 0.000256914 -0.000122441 -0.000200166 0.00085117 0.00122958 -9.55857e-05 -0.000287288 0.000166356 0.00103292 0.000126229
internal_weight=202736 24270 178466 15958 72491 105975 2665 15526 15715 90260 56965 27003 8312 7620 4006 35246 2544 769 13293 9280 16689 18720 55014 4013 1896 10314 4935 4091 2868 16526
internal_count=202736 24270 178466 15958 72491 105975 2665 15526 15715 90260 56965 27003 8312 7620 4006 35246 2544 769 13293 9280 16689 18720 55014 4013 1896 10314 4935 4091 2868 16526
is_linear=0
shrinkage=0.02


Tree=90
num_leaves=31
num_cat=0
split_feature=10 10 9 45 45 43 14 14 41 9 10 44 10 1 19 10 10 44 14 44 9 10 10 14 6 43 14 7 6 41
split_gain=24.5122 12.8354 5.24016 3.93481 3.05819 3.02428 2.95841 2.85552 2.10946 1.78003 1.80083 1.704 2.70493 1.65939 1.85751 1.50031 1.44923 2.81623 2.81573 1.63186 1.44612 2.18381 1.21996 1.2372 1.18746 1.16023 1.13354 1.18198 1.08053 1.07037
threshold=-24.60550000000001 -101.7825 -0.68399999999999161 0.04063870473433278 0.033803875075718678 7.2500000000000009 1.0885166666666681 0.48360000000000075 78.701446615120645 7.5380000000000162 8.5959999999999983 -0.06473873575702406 82.286500000000004 1.0000000180025095e-35 1.0000000180025095e-35 82.286500000000004 -166.39949999999996 -0.8496949999582174 1.7400000000000009 -0.36958600044781859 55.303000000000004 55.133999999999993 -0.21100000000001395 0.28980000000000117 -0.44421666666666676 7.9999999999985461 2.3338833333333349 1.3134835361940438 -0.65279999999999994 67.432950190304012
decision_type=2 2 2 2 2 2 2 2 2 2 2 2 2 2 2 2 2 2 2 2 2 2 2 2 2 2 2 2 2 2
left_child=1 6 3 -2 9 15 -1 -3 13 22 -11 12 25 28 -15 29 18 -18 19 -8 -13 -22 23 -4 -12 -6 27 -7 -9 -5
right_child=2 7 4 5 11 26 16 8 -10 10 24 20 -14 14 -16 -17 17 -19 -20 -21 21 -23 -24 -25 -26 -27 -28 -29 -30 -31
leaf_value=0.00063756207015751645 -0.00013617156105794526 0.00013348446454957924 -0.00019538164691189775 0.0001105244916962843 -0.00026320615412412523 0.00065179938325490318 -0.0015894055581535213 -0.00058302136725426961 -0.00029192337462690082 0.00062140535093596042 0.0020939551236191416 -0.0004333675591338404 0.0013337935732654347 0.00030003438083042131 0.00082223851067783822 0.0019870345496452568 0.0037689884615930997 0.0011276345179809439 0.0027530174747354172 0.0017709510490624574 0.0032502383313616381 -5.160896189195267e-05 -0.00024500512533659561 0.00022835688066974669 -4.1862497407524227e-05 0.00012090375040038203 0.0019500956148840488 0.00010567970766052554 0.0003408376661393373 -0.00024595269763114715
leaf_weight=1100 32489 16352 5314 25209 26790 5043 100 580 1272 2659 106 26042 456 3882 9139 163 183 1372 1118 137 104 349 17198 5726 5882 3564 216 2312 3990 3889
leaf_count=1100 32489 16352 5314 25209 26790 5043 100 580 1272 2659 106 26042 456 3882 9139 163 183 1372 1118 137 104 349 17198 5726 5882 3564 216 2312 3990 3889
internal_value=7.83914e-14 0.000449001 -0.000107712 2.42652e-05 -0.000204843 0.000165784 0.00152112 0.000326917 0.0004946 -6.27964e-05 0.000188278 -0.000296273 -0.000195137 0.000551473 0.000666552 7.35993e-05 0.00185512 0.00143848 0.00233325 0.000353079 -0.00041388 0.000706431 -0.00013968 2.43943e-05 -4.0541e-06 -0.000218106 0.000522068 0.00048013 0.000223586 6.28807e-05
internal_weight=202736 39225 163511 69321 94190 36832 4010 35215 18863 36885 8647 57305 30810 17591 13021 29261 2910 1555 1355 237 26495 453 28238 11040 5988 30354 7571 7355 4570 29098
internal_count=202736 39225 163511 69321 94190 36832 4010 35215 18863 36885 8647 57305 30810 17591 13021 29261 2910 1555 1355 237 26495 453 28238 11040 5988 30354 7571 7355 4570 29098
is_linear=0
shrinkage=0.02


Tree=91
num_leaves=31
num_cat=0
split_feature=9 14 34 45 43 44 14 45 14 9 9 6 14 6 14 36 43 44 5 45 34 34 6 9 44 44 14 41 41 45
split_gain=15.7614 11.4368 5.31139 4.82508 4.03217 3.49861 3.31351 2.24322 2.87903 2.10347 2.00838 1.7808 1.75933 1.73892 2.746 1.41215 1.36007 1.32393 1.27203 1.22342 1.21897 1.18695 1.13775 1.06889 0.997246 0.97678 0.962301 0.952687 0.905352 0.891102
threshold=-6.5504999999999951 2.5471500000000016 -0.020699484425137856 0.028425304673578653 9.6400000000008745 -0.12973570003388124 0.59811666666666752 0.039094882885591549 1.4308666666666683 14.490500000000006 -1.9419999999999928 -0.73481666666666701 0.70425000000000082 -0.25908333333333367 1.0885166666666681 28.500000000000004 3.8199999999967988 0.31617105583511018 -0.20339999999999933 0.044591472904965755 0.02577650342509585 -0.011975645137521354 -0.091266666666666538 55.303000000000004 0.75907219851953689 0.8447063407304497 0.43976666666666753 82.195845695198116 32.251667251010524 0.061214456616367513
decision_type=2 2 2 2 2 2 2 2 2 2 2 2 2 2 2 2 2 2 2 2 2 2 2 2 2 2 2 2 2 2
left_child=1 3 12 -1 13 6 16 8 26 18 -9 15 25 21 -15 -3 -4 -14 -8 -13 22 -5 -6 -12 -21 28 -7 -18 -2 -11
right_child=2 11 5 4 20 7 9 10 -10 29 23 19 17 14 -16 -17 27 -19 -20 24 -22 -23 -24 -25 -26 -27 -28 -29 -30 -31
leaf_value=-0.00011042096244382671 8.0912319904964702e-05 0.00076168626436478551 -0.00017441296738990159 0.0002101662620065259 0.00078812040252284026 -0.00027408222835258693 -0.00011314353322598596 -2.2622396983528445e-05 0.00082603634121386591 4.0843116275060173e-05 -0.00046355760561971786 0.0017033127353373429 0.00086049493876886468 0.00033760156483506987 0.0016610681605580052 0.0019689349020872043 5.1500790178417047e-05 0.00022439616532333648 0.00055420376573707419 0.0016563740095309051 -3.7512316952346018e-05 -0.00026618153880815775 0.0015426800653685173 0.00060229664723296199 0.0039291378927530504 -0.00020258594149214878 -2.2326738019777377e-05 -0.00038317528286943315 0.00046711826992358428 -0.00076362716554786774
leaf_weight=10760 11008 873 42323 6144 4984 14701 1385 5366 1217 1618 25472 408 2350 15244 654 697 22445 2954 6525 108 599 3173 952 382 271 3609 10348 2216 3115 835
leaf_count=10760 11008 873 42323 6144 4984 14701 1385 5366 1217 1618 25472 408 2350 15244 654 697 22445 2954 6525 108 599 3173 952 382 271 3609 10348 2216 3115 835
internal_value=-4.33699e-14 0.000330786 -9.40106e-05 0.000255597 0.00037964 -0.000141961 -5.41318e-05 -0.000260134 -0.000123926 0.000278677 -0.000374729 0.00168686 0.000186649 0.000264898 0.000392045 0.00129764 -0.00010562 0.000506227 0.000437355 0.00246332 0.000822365 4.79411e-05 0.000909135 -0.000447809 0.00328149 9.1057e-05 -0.000170079 1.24415e-05 0.000166095 -0.000232998
internal_weight=202736 44867 157869 42510 31750 134833 77347 57486 26266 10363 31220 2357 23036 25215 15898 1570 66984 5304 7910 787 6535 9317 5936 25854 379 17732 25049 24661 14123 2453
internal_count=202736 44867 157869 42510 31750 134833 77347 57486 26266 10363 31220 2357 23036 25215 15898 1570 66984 5304 7910 787 6535 9317 5936 25854 379 17732 25049 24661 14123 2453
is_linear=0
shrinkage=0.02


Tree=92
num_leaves=31
num_cat=0
split_feature=10 10 34 14 14 41 45 44 43 45 34 6 6 10 10 14 34 34 41 44 5 10 14 10 6 14 6 44 5 7
split_gain=23.0963 12.0407 6.06369 2.76743 2.68108 2.6221 2.53902 2.46584 3.36874 2.10934 2.01965 1.93261 1.74178 1.63413 1.62299 1.47509 1.39619 1.3293 1.46415 1.31094 1.25236 1.2388 1.21877 1.16318 1.61667 1.03268 1.08651 0.994044 0.927699 0.885518
threshold=-24.60550000000001 -101.7825 -0.01697023614755588 1.0885166666666681 0.85758333333333392 82.735042733566246 0.068453763641211987 -0.11763443715727058 4.5200000000026206 0.028091939412283939 0.061204343749087918 -0.73481666666666701 -0.59721666666666684 9.9334999999999898 82.286500000000004 2.5471500000000016 0.011574350805135121 -0.088155083954746957 28.985507245218326 -1.0784527060968887 -0.26669999999999866 -6.2900000000000142 0.34396666666666836 -209.34899999999996 -0.84406666666666685 0.3253666666666678 0.36131666666666629 -1.3894720756244225 -0.45779999999999871 0.59482938730020118
decision_type=2 2 2 2 2 2 2 2 2 2 2 2 2 2 2 2 2 2 2 2 2 2 2 2 2 2 2 2 2 2
left_child=1 3 6 -1 19 7 17 8 14 11 12 -6 -11 20 -4 -15 23 -2 -19 -3 -9 -10 -8 -5 -25 -21 -27 -13 -24 -18
right_child=2 4 5 16 9 -7 22 13 21 10 -12 27 -14 15 -16 -17 29 18 -20 25 -22 -23 28 24 -26 26 -28 -29 -30 -31
leaf_value=0.00061967728497825606 0.0010088148298093564 0.00050422991023620382 -0.00016524099037815992 0.0028676524802815017 -0.0012476043586897908 -0.00041394221700997622 0.00011991323391518823 -0.00055679311540230998 0.00041015167435790641 0.00041014734357894018 -0.00076551812474066634 -0.001533012873897294 0.0011218623312574346 -0.00041880234511919442 0.001491055675183556 0.00045143146256943146 0.0024873347351217633 -8.7424759949056383e-05 0.00020697734863779253 -6.150812741368367e-05 -0.00010853939114377405 6.2614386705757443e-05 0.00019641291466154646 0.00090844972763366044 0.0022963145448851425 0.0002616701371536459 -0.0011481172946409682 0.00045964069703905471 0.00088854760621973246 0.00085065990844009943
leaf_weight=1100 567 5128 41603 557 360 15278 2210 2737 5550 2067 312 106 4111 18698 238 813 161 16839 11286 6526 27978 15731 1053 527 925 14572 222 1811 2930 740
leaf_count=1100 567 5128 41603 557 360 15278 2210 2737 5550 2067 312 106 4111 18698 238 813 161 16839 11286 6526 27978 15731 1053 527 925 14572 222 1811 2930 740
internal_value=-7.36276e-14 0.000435841 -0.000104555 0.00147424 0.000317596 -0.000167983 0.000129313 -0.00013483 -5.16194e-05 0.000620701 0.000804454 9.69576e-05 0.000883741 -0.000239406 -0.00015582 -0.000382541 0.00179728 5.00418e-05 3.07129e-05 0.000217123 -0.000148483 0.000153251 0.000496573 0.00209066 0.00179259 0.000148066 0.000240515 0.000349457 0.000705565 0.00114312
internal_weight=202736 39225 163511 4010 35215 128626 34885 113348 63122 8767 6490 2277 6178 50226 41841 19511 2910 28692 28125 26448 30715 21281 6193 2009 1452 21320 14794 1917 3983 901
internal_count=202736 39225 163511 4010 35215 128626 34885 113348 63122 8767 6490 2277 6178 50226 41841 19511 2910 28692 28125 26448 30715 21281 6193 2009 1452 21320 14794 1917 3983 901
is_linear=0
shrinkage=0.02


Tree=93
num_leaves=31
num_cat=0
split_feature=10 10 10 34 34 19 10 14 6 44 10 43 34 44 34 9 1 10 14 45 45 9 45 14 45 6 44 10 14 9
split_gain=22.1997 8.45123 5.93115 3.85798 3.6958 2.17992 2.02398 1.98962 2.047 1.85482 2.5198 1.82357 1.78319 1.74605 1.72686 1.71722 1.96858 1.52686 1.47835 1.44552 1.39136 1.28788 1.22225 1.17171 1.10503 1.05402 1.00679 2.51215 1.42177 1.84783
threshold=-54.442500000000003 -5.4410000000000132 -116.33499999999999 -0.021534874597406269 -0.029028110922386375 1.0000000180025095e-35 -209.34899999999996 1.1100500000000013 -0.73481666666666701 -0.55843657980279449 82.286500000000004 4.2400000000008733 0.040521019598651481 1.0363801510215607 -0.088155083954746957 14.490500000000006 1.0000000180025095e-35 9.9334999999999898 0.27740000000000176 0.04489985496602001 0.033189892578358263 -3.6759999999999957 0.069757284438060743 1.3052833333333342 0.045481304270772314 0.12093333333333292 -0.94839301659854947 -138.12749999999997 1.4308666666666683 -9.9359999999999893
decision_type=2 2 2 2 2 2 2 2 2 2 2 2 2 2 2 2 2 2 2 2 2 2 2 2 2 2 2 2 2 2
left_child=2 3 6 19 14 -4 -1 13 -9 10 11 -6 -10 18 -3 16 -7 -11 -5 -2 -18 -15 -16 -19 -17 -21 27 -8 -28 -30
right_child=1 4 5 7 9 15 26 8 12 17 -12 -13 -14 21 22 24 20 23 -20 25 -22 -23 -24 -25 -26 -27 28 -29 29 -31
leaf_value=0.0024387092505299616 0.00015990969216283406 0.0013511013784977971 -2.386743693949423e-05 -8.1511362086338952e-05 -0.00021528424653084573 0.00030449405245520082 0.00088321446603861244 -0.00051073215696263285 0.0010135901466729251 -0.00016477983656618876 0.0011055941250928633 7.2302375409618959e-05 -0.00021705162706421954 -1.4231366518357724e-05 3.489013449334858e-05 0.0004685333536067058 0.00056524726441157364 -0.00040831537036806892 0.00014425328888435662 0.00051405539106744321 0.001312115058847959 -0.00048332232109535539 0.00061472055951976518 -3.8671408813141972e-05 -0.0016786521308098895 0.0019406301132952445 0.00055818476622107724 0.0047130476458789369 0.0012574908932960801 0.0034621441667097518
leaf_weight=804 6621 478 1953 18904 25614 2084 174 641 2151 29008 687 13451 603 4845 9500 199 1534 28741 30035 9086 2854 4530 1717 3895 185 212 957 113 980 180
leaf_count=804 6621 478 1953 18904 25614 2084 174 641 2151 29008 687 13451 603 4845 9500 199 1534 28741 30035 9086 2854 4530 1717 3895 185 212 957 113 980 180
internal_value=-7.29575e-14 -5.25338e-05 0.000833751 0.00010816 -0.000162837 0.000565615 0.00157004 3.65478e-05 0.000507208 -0.000201666 -9.51451e-05 -0.000116261 0.000744136 9.14627e-06 0.000173814 0.000733535 0.000810635 -0.000270358 5.70456e-05 0.000385758 0.00105102 -0.000240896 0.000123645 -0.0003642 -0.000565918 0.000546582 0.00127952 0.00239113 0.00112882 0.00159959
internal_weight=202736 190719 12017 77628 113091 8809 3208 61709 3395 101396 39752 39065 2754 58314 11695 6856 6472 61644 48939 15919 4388 9375 11217 32636 384 9298 2404 287 2117 1160
internal_count=202736 190719 12017 77628 113091 8809 3208 61709 3395 101396 39752 39065 2754 58314 11695 6856 6472 61644 48939 15919 4388 9375 11217 32636 384 9298 2404 287 2117 1160
is_linear=0
shrinkage=0.02


Tree=94
num_leaves=31
num_cat=0
split_feature=10 10 34 45 45 14 14 34 34 41 14 1 1 10 6 34 9 10 10 5 14 6 31 14 44 5 44 45 10 10
split_gain=21.4354 11.0901 5.78453 4.20817 2.93669 2.5687 2.50379 2.07718 1.74239 2.22282 1.72287 1.67099 1.84097 1.5305 1.46948 1.34104 1.45832 1.87926 1.76438 1.19866 1.4092 1.1219 1.10138 1.09944 0.941985 0.927193 0.918249 0.871918 0.862265 0.830269
threshold=-24.60550000000001 -101.7825 -0.00062480896580758552 0.068453763641211987 0.068789173170331716 1.0885166666666681 0.48360000000000075 0.038381522042216225 -0.042306182433604983 39.09774435920658 0.42486666666666784 1.0000000180025095e-35 15000000.000000002 8.5959999999999983 -0.55223333333333302 0.011574350805135121 -8.0744999999999898 -138.12749999999997 -209.34899999999996 -0.18100000000000002 0.28146666666666781 -0.65279999999999994 9.8499999999985466 2.1761666666666684 0.49021437785382677 -0.45779999999999871 -0.09187511517335252 0.057461787320613716 82.286500000000004 -166.39949999999996
decision_type=2 2 2 2 2 2 2 2 2 2 2 2 2 2 2 2 2 2 2 2 2 2 2 2 2 2 2 2 2 2
left_child=1 5 3 8 13 -1 -3 11 26 24 -5 21 -13 19 -15 16 18 -18 -7 -4 -21 -8 -11 25 -10 -12 -2 -9 -16 -17
right_child=2 6 4 10 -6 15 7 27 9 22 23 12 -14 14 28 29 17 -19 -20 20 -22 -23 -24 -25 -26 -27 -28 -29 -30 -31
leaf_value=0.0005931349594036874 0.00057655165814748065 0.0001252678906353837 -0.00045642391141783488 0.00017059707592771714 -0.00047938523688356596 0.002829679041554367 -0.00059368910900119728 6.3549072531299662e-05 -0.00010999035249137235 3.5130698071079583e-05 0.00010807828923588278 0.00081561221380177182 0.00029035648274673855 0.0020988137245652838 -0.00030355080040952027 0.0017990676686751332 0.0020653675941078929 0.0053706911810346546 0.0013964905917900202 -0.00019764984908475703 4.4413118374742913e-05 0.00032799725663445545 0.00053573926385115439 0.0026074693888311455 -0.00034259268304749407 0.0007744881823731907 8.9861606523604208e-05 -0.00096948941616371734 0.00029099542129978044 0.00056923232124708018
leaf_weight=1100 2461 16352 3236 6720 13950 475 608 1352 25145 22771 1088 8567 3877 104 27969 379 181 111 1242 16450 23170 4028 1905 114 9632 3593 4192 431 1011 522
leaf_count=1100 2461 16352 3236 6720 13950 475 608 1352 25145 22771 1088 8567 3877 104 27969 379 181 111 1242 16450 23170 4028 1905 114 9632 3593 4192 431 1011 522
internal_value=-2.43537e-13 0.000419877 -0.000100725 2.44079e-05 -0.000213811 0.00141645 0.000306396 0.000463412 -3.70529e-05 -7.14012e-05 0.000377246 0.000531222 0.000651966 -0.000162313 -0.000274293 0.00172766 0.00201519 0.00332184 0.00179298 -8.63187e-05 -5.60901e-05 0.00020712 7.37779e-05 0.000666856 -0.000174413 0.000619595 0.000269892 -0.000186165 -0.000282809 0.00108655
internal_weight=202736 39225 163511 77621 85890 4010 35215 18863 66106 59453 11515 17080 12444 71940 29084 2910 2009 292 1717 42856 39620 4636 24676 4795 34777 4681 6653 1783 28980 901
internal_count=202736 39225 163511 77621 85890 4010 35215 18863 66106 59453 11515 17080 12444 71940 29084 2910 2009 292 1717 42856 39620 4636 24676 4795 34777 4681 6653 1783 28980 901
is_linear=0
shrinkage=0.02


Tree=95
num_leaves=31
num_cat=0
split_feature=10 10 34 45 10 14 10 41 34 34 9 6 14 45 5 14 34 9 10 44 44 10 10 44 45 5 44 10 14 9
split_gain=20.6428 8.21901 6.58466 3.64523 3.15265 2.67021 1.85817 1.82391 2.01325 1.7435 1.73845 2.70356 1.64163 1.59768 1.55076 1.76123 1.80796 1.44222 1.36624 2.21749 1.27144 1.56433 1.29684 1.25632 1.21075 1.13685 0.966672 2.4022 1.33576 1.7389
threshold=-38.058000000000007 -116.33499999999999 -0.011182320915101998 0.067217266334067591 -2.8685000000000165 0.62598333333333456 -209.34899999999996 41.150442475323551 -0.044840847513015487 0.03946654320046826 11.4055 -0.017916666666666921 0.34396666666666836 0.026803806796055183 -0.24089999999999848 0.33225000000000116 0.016723589840592742 -14.242999999999993 15.847499999999982 -0.81930252960381511 -0.44269747575629442 82.286500000000004 11.767499999999986 0.42129585824604204 0.06661918087698615 -0.43989999999999907 -0.94839301659854947 -138.12749999999997 1.4308666666666683 -9.9359999999999893
decision_type=2 2 2 2 2 2 2 2 2 2 2 2 2 2 2 2 2 2 2 2 2 2 2 2 2 2 2 2 2 2
left_child=1 6 3 7 14 -3 -1 8 -2 10 11 -7 -5 -12 -4 -16 -17 18 -6 -20 21 -19 -22 -10 -11 -14 27 -8 -28 -30
right_child=2 5 4 12 17 9 26 -9 23 24 13 -13 25 -15 15 16 -18 20 19 -21 22 -23 -24 -25 -26 -27 28 -29 29 -31
leaf_value=0.002341532880017263 0.00030338523453288377 0.00018059259205287253 -0.00039917516294954853 0.00012613261806704984 -0.00025903225757052559 0.00063588945960111611 0.00084552903810847842 0.00033194799867701611 -2.8166945812423609e-06 0.0001505055492179242 0.001097774808583109 0.0015544238522314454 0.00021352846865310931 -0.0011708272518623835 -0.00011829271810353253 0.00026309953306912642 -9.6668999235214635e-05 -0.00017044749553474735 0.0030536661529913544 0.00042000511212781033 -0.0001946035388100697 0.00085943675485320283 -0.00042034711670270106 -0.00028166968079418965 -0.0018272897295860779 0.0008105129907771218 0.00053006652139130355 0.0045906114511385524 0.0012076179056632694 0.0033463024521867436
leaf_weight=804 6270 9639 4165 3844 707 6428 174 6917 20495 883 194 1601 1752 345 23759 14608 9048 32077 160 637 18527 601 22592 9439 144 4696 957 113 980 180
leaf_count=804 6270 9639 4165 3844 707 6428 174 6917 20495 883 194 1601 1752 345 23759 14608 9048 32077 160 637 18527 601 22592 9439 144 4696 957 113 980 180
internal_value=-5.9178e-14 0.000572016 -7.12014e-05 0.000115085 -0.000149622 0.000415705 0.0015092 3.43661e-05 -2.24888e-05 0.000651895 0.000745234 0.000819047 0.000453277 -0.000354299 -2.9166e-05 3.33608e-06 0.000125494 -0.000232133 0.00038098 0.00094872 -0.000244628 -0.000151506 -0.000318634 -9.07466e-05 -0.000126809 0.000648305 0.00123084 0.00232007 0.00108317 0.00153948
internal_weight=202736 22442 180294 53413 126881 19234 3208 43121 36204 9595 8568 8029 10292 539 51580 47415 23656 75301 1504 797 73797 32678 41119 29934 1027 6448 2404 287 2117 1160
internal_count=202736 22442 180294 53413 126881 19234 3208 43121 36204 9595 8568 8029 10292 539 51580 47415 23656 75301 1504 797 73797 32678 41119 29934 1027 6448 2404 287 2117 1160
is_linear=0
shrinkage=0.02


Tree=96
num_leaves=31
num_cat=0
split_feature=43 34 34 14 45 45 14 45 34 14 41 34 7 14 44 44 14 14 33 6 14 14 44 44 5 45 45 44 44 43
split_gain=13.7729 6.29988 5.89318 4.7731 4.37536 3.00047 1.99307 1.8939 1.83654 1.70561 1.58669 1.56391 1.36877 1.32528 1.4496 1.30268 1.26294 1.17976 1.11038 1.08621 1.3488 0.90542 0.89596 0.818025 0.744396 1.13697 0.742715 0.702612 0.785769 0.683891
threshold=10.760000000002039 0.020716296794778176 -0.0046147782494757525 3.1651000000000011 0.060350004131187872 0.068789173170331716 0.50240000000000118 0.064775413711466515 0.0020312408088233019 0.4190000000000012 38.036809815352761 -0.037240706915477303 0.92377066959217025 1.1559000000000015 0.88738576581215678 1.5862500858195583 1.1100500000000013 3.1651000000000011 0.0022876015030482617 -0.46740000000000015 1.1324000000000012 0.49476666666666763 -0.42239466136064696 0.42129585824604204 -0.19389999999999738 0.042470046646997744 0.021502557962983615 2.3422459782686049 1.0363801510215607 14.420000000002622
decision_type=2 2 2 2 2 2 2 2 2 2 2 2 2 2 2 2 2 2 2 2 2 2 2 2 2 2 2 2 2 2
left_child=2 3 4 13 10 9 -6 27 18 22 11 -1 -3 14 29 16 -11 26 -7 -8 -21 -12 -4 -13 25 -15 -14 28 -5 -2
right_child=1 12 5 7 6 8 19 -9 -10 15 21 23 17 24 -16 -17 -18 -19 -20 20 -22 -23 -24 -25 -26 -27 -28 -29 -30 -31
leaf_value=0.00018438836948727008 0.00047204293243589216 0.00036901797473742155 -0.00010442411968069152 0.0012110218564412207 0.00017708298387163982 -0.00017582778435315443 0.00011828107439506281 0.0030812347141760364 -0.00050262705695878834 9.5727754496817627e-06 2.7573604956319555e-05 -9.2521206242396632e-05 0.00022902096458171523 0.00021179672674638461 4.1702467853268295e-05 -0.00026863828676101443 0.00044649098137940435 0.00064761468474156523 0.00075548597772254829 0.00060483344845826525 0.0015688068783376724 0.00032274154980612194 -0.00026612684895713944 -0.00033219676096294835 0.0011305095613025216 0.0009816092499215427 -0.00042077129243480138 0.00068712027449617248 0.0027787697488691294 0.00094143495161689824
leaf_weight=6529 4198 2685 29652 320 12832 1837 1565 371 13247 26739 11204 20594 869 1359 2558 6075 2937 598 710 5302 652 6609 25487 7874 2144 1763 3697 353 213 1763
leaf_count=6529 4198 2685 29652 320 12832 1837 1565 371 13247 26739 11204 20594 869 1359 2558 6075 2937 598 710 5302 652 6609 25487 7874 2144 1763 3697 353 213 1763
internal_value=1.38123e-13 0.000462055 -5.88112e-05 0.000701727 7.9439e-05 -0.000153619 0.00032859 0.00188154 -0.00040806 -0.000109405 -1.65744e-05 -9.4786e-05 2.74106e-06 0.000594145 0.000439965 -1.80882e-06 5.28141e-05 -0.000187703 8.37846e-05 0.000587152 0.000710395 0.000137087 -0.000179168 -0.000158813 0.000843567 0.000646511 -0.000297103 0.00137919 0.00183753 0.000610868
internal_weight=202736 22891 179845 15042 73161 106684 20351 1257 15794 90890 52810 34997 7849 13785 8519 35751 29676 5164 2547 7519 5954 17813 55139 28468 5266 3122 4566 886 533 5961
internal_count=202736 22891 179845 15042 73161 106684 20351 1257 15794 90890 52810 34997 7849 13785 8519 35751 29676 5164 2547 7519 5954 17813 55139 28468 5266 3122 4566 886 533 5961
is_linear=0
shrinkage=0.02


Tree=97
num_leaves=31
num_cat=0
split_feature=43 9 9 34 43 14 4 44 14 34 44 14 44 9 9 34 5 34 6 34 13 13 43 43 12 44 7 34 6 34
split_gain=13.2275 6.56087 6.15307 4.82201 3.96684 2.10884 2.511 1.96398 2.46302 1.84984 1.47653 2.62701 1.97795 1.44515 1.41838 1.31437 1.29239 1.08961 1.04548 0.98601 0.974537 0.925912 0.88105 0.86415 0.863015 0.843581 0.774394 0.741909 0.605775 0.607275
threshold=10.760000000002039 0.26400000000000418 -35.039999999999999 0.041686708810711452 4.1600000000020385 0.34631666666666755 -0.36409999999999737 -0.41212650489820046 0.6034166666666676 0.013817555070259524 2.2369082558236983 3.1651000000000011 1.0363801510215607 12.560500000000006 55.303000000000004 -0.070498786730593274 -2.7461999999999964 0.014734690150940173 0.10099999999999994 -0.036314479445530158 2.5203666666666669 1.4247000000000007 14.080000000000293 2.1400000000008736 1.0298000000000045 -0.21801431319790657 9.6317160962226378 0.0016229459403164462 -0.25213333333333382 -0.0046147782494757525
decision_type=2 2 2 2 2 2 2 2 2 2 2 2 2 2 2 2 2 2 2 2 2 2 2 2 2 2 2 2 2 2
left_child=1 4 15 10 23 25 19 8 27 -8 11 22 -13 -10 17 26 -17 21 -15 -7 -18 -9 -4 28 -5 -6 -2 -3 -1 -30
right_child=2 7 3 24 5 6 9 14 13 -11 -12 12 -14 18 -16 16 20 -19 -20 -21 -22 -23 -24 -25 -26 -27 -28 -29 29 -31
leaf_value=-0.00044104280497629325 0.0025122436709985462 -3.2290620296952953e-05 0.00040233330972917449 0.00020820553363510235 0.00012737781523971189 0.00032775468272765315 0.00051452875337791961 -0.0002304168064976849 0.00059302967918491839 9.5580870864212533e-05 1.4760996136588385e-05 0.00094137766068130044 0.0039984880501779353 0.0013838761965737267 0.0011295661397874226 -0.00055822085915701236 0.00082801736596731061 -0.00041699943270383433 -0.00027345799415952527 -0.00017341157621371956 0.0018978534815017511 0.00045197655042896135 0.00072903936769086908 1.7626574308879364e-05 -0.00038504756466568895 -0.00020092781230866629 0.00090832070780190596 -0.00022091738004193057 8.0916216059904874e-06 -0.00020202579513650763
leaf_weight=2477 552 14369 7669 1381 7369 2253 16015 28728 3157 5722 2075 188 154 168 286 164 740 15867 1624 5182 631 818 5798 28051 3385 5443 154 19881 9670 12765
leaf_count=2477 552 14369 7669 1381 7369 2253 16015 28728 3157 5722 2075 188 154 168 286 164 740 15867 1624 5182 631 818 5798 28051 3385 5443 154 19881 9670 12765
internal_value=5.96406e-14 -5.76349e-05 0.000452814 0.000344793 5.65923e-05 0.000201789 0.000295725 -0.000185383 -8.15187e-05 0.000404246 0.000512203 0.000586951 0.00231797 0.000335541 -0.000274474 0.00144818 0.00111969 -0.000283316 -0.000118083 -2.15451e-05 0.00132041 -0.000211524 0.000542991 -5.85056e-05 -0.000213146 -1.20983e-05 0.00216238 -0.000141782 -0.000144231 -0.00011146
internal_weight=202736 179845 22891 20650 94947 41984 29172 84898 39199 21737 15884 13809 342 4949 45699 2241 1535 45413 1792 7435 1371 29546 13467 52963 4766 12812 706 34250 24912 22435
internal_count=202736 179845 22891 20650 94947 41984 29172 84898 39199 21737 15884 13809 342 4949 45699 2241 1535 45413 1792 7435 1371 29546 13467 52963 4766 12812 706 34250 24912 22435
is_linear=0
shrinkage=0.02


Tree=98
num_leaves=31
num_cat=0
split_feature=10 10 34 34 41 34 34 41 44 9 6 14 14 44 14 44 5 13 14 14 44 34 10 10 13 10 14 14 34 5
split_gain=19.221 9.76799 5.02546 2.50897 2.33537 2.33349 2.22474 1.67393 1.6054 1.60196 1.68863 1.68735 1.55894 1.5254 1.3803 1.25121 1.25044 1.16852 1.11221 1.04042 0.968398 0.919701 0.912709 0.887738 0.883919 0.873164 0.968462 0.871594 0.835348 0.828971
threshold=-24.60550000000001 -101.7825 -0.00062480896580758552 -0.041230039570675385 39.09774435920658 -0.037240706915477303 -0.038177109550729331 85.743591251698959 -0.09187511517335252 1.3800000000000148 -1.2029666666666667 1.008283333333335 0.57721666666666771 -0.9702441397778182 0.56763333333333454 3.3560177182225739 0.081700000000000703 3.5299000000000018 1.7400000000000009 0.54000000000000137 -0.64451130320852501 -0.015577675985557123 4.9199999999999893 -0.879000000000007 0.36153333333333282 8.82899999999999 2.8280666666666687 3.7055333333333342 -0.010914283775708088 -0.14649999999999672
decision_type=2 2 2 2 2 2 2 2 2 2 2 2 2 2 2 2 2 2 2 2 2 2 2 2 2 2 2 2 2 2
left_child=1 5 3 17 21 15 27 8 14 10 -8 -12 -7 19 22 18 28 20 -1 -11 24 -5 -4 -18 -2 29 -27 -3 -6 -10
right_child=2 6 7 4 16 12 9 -9 25 13 11 -13 -14 -15 -16 -17 23 -19 -20 -21 -22 -23 -24 -25 -26 26 -28 -29 -30 -31
leaf_value=0.0011805042829846897 1.1217543405708009e-05 0.00066907997417545997 -4.090341150235854e-05 -3.4412008684754205e-05 0.00022243307291016081 -0.00029256916748613261 -0.00096368252008114232 -0.0004235838881752193 -0.00051819783178134158 0.00026874442879025912 0.00026293118984553832 0.00073353497384042636 0.0011957965473678709 -0.00016809376620644241 0.00016421858911929219 0.00010477161340531893 0.00062083095660915577 0.0022569722915068268 0.0027177943553463872 0.0015223295766918455 0.00020400550866030731 -0.00022653505389290854 -0.00025441621433245308 0.00016505638086689354 0.0010052301792000859 -0.00041067256413562141 0.00046049130620293594 0.0023575803966886027 -4.6160400494519647e-05 -0.00012625724181905955
leaf_weight=251 497 4147 17923 23393 6940 316 406 11658 2478 1375 19216 3622 2578 5995 7535 112 2885 125 753 328 7018 17365 14477 4195 1278 14547 529 126 13925 16743
leaf_count=251 497 4147 17923 23393 6940 316 406 11658 2478 1375 19216 3622 2578 5995 7535 112 2885 125 753 328 7018 17365 14477 4195 1278 14547 529 126 13925 16743
internal_value=-7.4807e-14 0.000397599 -9.53807e-05 2.12535e-05 -1.97134e-05 0.00133288 0.000291096 -0.000200786 -0.000165796 0.000232022 0.000314838 0.000337567 0.00103328 -1.80403e-05 -7.96021e-05 0.0021098 0.00012111 0.000336857 0.00233347 0.000510187 0.000309561 -0.000116266 -0.000136305 0.000350778 0.000726907 -0.00026616 -0.000380104 0.00071887 4.31777e-05 -0.000176787
internal_weight=202736 39225 163511 77621 68703 4010 35215 85890 74232 30942 23244 22838 2894 7698 39935 1116 27945 8918 1004 1703 8793 40758 32400 7080 1775 34297 15076 4273 20865 19221
internal_count=202736 39225 163511 77621 68703 4010 35215 85890 74232 30942 23244 22838 2894 7698 39935 1116 27945 8918 1004 1703 8793 40758 32400 7080 1775 34297 15076 4273 20865 19221
is_linear=0
shrinkage=0.02


Tree=99
num_leaves=31
num_cat=0
split_feature=10 10 34 10 34 43 9 10 44 34 4 43 34 45 6 44 10 10 13 44 44 45 13 6 44 13 9 13 44 34
split_gain=18.4599 9.38117 4.85603 2.62606 2.24108 2.1393 1.63743 1.90932 2.14969 1.58711 1.46072 1.59351 1.71055 1.42608 1.42549 1.41169 2.18009 1.40014 1.36405 1.20166 1.10492 1.04826 1.24659 1.13188 0.922025 0.858025 0.78145 0.773896 0.796257 0.762862
threshold=-24.60550000000001 -101.7825 -0.027331438552363738 -2.8685000000000165 -0.037240706915477303 5.8399999999979633 -14.611499999999994 15.847499999999982 -0.81930252960381511 0.01846981702454616 -0.48559999999999887 3.7199999999997093 0.021537784322291639 0.069757284438060743 -0.65279999999999994 -0.43286940254092526 82.286500000000004 9.9334999999999898 0.43500000000000177 3.3560177182225739 -0.09187511517335252 0.042768683842173964 1.0108333333333337 -0.35843333333333355 0.1227902617693799 0.35313333333333241 -28.497999999999994 1.1463000000000012 -1.0784527060968887 -0.088155083954746957
decision_type=2 2 2 2 2 2 2 2 2 2 2 2 2 2 2 2 2 2 2 2 2 2 2 2 2 2 2 2 2 2
left_child=1 4 13 10 19 14 7 -5 -9 21 -4 -12 -13 20 -3 16 -8 -17 -6 24 25 23 -23 -7 -1 -2 -26 28 -16 -22
right_child=2 5 3 6 18 9 15 8 -10 -11 11 12 -14 -15 27 17 -18 -19 -20 -21 29 22 -24 -25 26 -27 -28 -29 -30 -31
leaf_value=0.0016394735453799287 3.8261870832778594e-05 -0.00067685037729833244 -0.00044931202395045197 -0.00028111199026720934 -0.00030112717720259211 -0.00025157169971446526 -0.00014245171455889652 0.002570238089211196 0.00044844898675205317 0.0001003799625694456 -9.4085283534933533e-05 0.00024800196425046032 -0.00015001833721296572 0.00057381497148973237 0.00041011434929875913 -0.00015722376449644953 0.00095330895671882118 -0.00037197988652275591 0.0011561236696731772 0.00010267616995926281 0.00077691501090515773 0.00051550331599923985 0.0010956490738854797 0.00050417293160224868 0.0023638783170168601 0.00049152392631037346 0.0040456835090970766 0.00087469353556532457 8.8395028559601322e-05 -6.1147741192052289e-05
leaf_weight=469 2755 807 2993 952 285 949 39168 251 799 3733 27764 15318 6015 3400 3924 20942 740 28903 2609 112 457 3577 2529 4813 379 4244 156 623 14260 8810
leaf_count=469 2755 807 2993 952 285 949 39168 251 799 3733 27764 15318 6015 3400 3924 20942 740 28903 2609 112 457 3577 2529 4813 379 4244 156 623 14260 8810
internal_value=-3.36181e-14 0.000389647 -9.34731e-05 -0.000133773 0.00130622 0.000285274 -0.00019816 0.000367543 0.000955658 0.000460061 -2.03579e-05 5.7916e-06 0.000135777 0.000201299 0.000146248 -0.000210779 -0.000122133 -0.000281752 0.00101261 0.00206761 0.000123434 0.000573196 0.00075579 0.000379702 0.0022868 0.000313107 0.00285427 0.000181567 0.00015782 -1.98189e-05
internal_weight=202736 39225 163511 143845 4010 35215 91755 2002 1050 15601 52090 49097 21333 19666 19614 89753 39908 49845 2894 1116 16266 11868 6106 5762 1004 6999 535 18807 18184 9267
internal_count=202736 39225 163511 143845 4010 35215 91755 2002 1050 15601 52090 49097 21333 19666 19614 89753 39908 49845 2894 1116 16266 11868 6106 5762 1004 6999 535 18807 18184 9267
is_linear=0
shrinkage=0.02


Tree=100
num_leaves=31
num_cat=0
split_feature=10 10 10 14 9 34 9 43 34 43 44 41 14 5 6 34 6 34 10 10 9 41 34 44 44 14 7 34 44 41
split_gain=17.7944 6.9799 4.6689 3.74069 3.19761 3.16887 2.40507 2.5111 1.7929 1.78041 1.76366 1.72936 2.26026 1.91732 1.71486 1.70796 1.56607 1.26264 1.23045 1.16912 1.42314 1.04288 0.896305 0.835168 0.783691 1.46725 0.762111 0.736032 0.728126 0.700799
threshold=-54.442500000000003 -5.4410000000000132 -166.39949999999996 1.7400000000000009 -10.417499999999988 -0.021534874597406269 14.490500000000006 4.4199999999997095 0.052823995921006194 2.9400000000008735 -0.74994247347277343 78.701446615120645 1.1100500000000013 -0.27360000000000068 0.46673333333333294 0.012683458749024112 -0.49360000000000032 -0.05842326121061308 104.706 15.847499999999982 -17.737499999999979 39.344262291914696 -0.037240706915477303 1.1100431958565664 -0.39055914974463007 0.93891666666666773 6.8358087532284095 -0.040118761859288185 2.1876406604074967 83.872656644702388
decision_type=2 2 2 2 2 2 2 2 2 2 2 2 2 2 2 2 2 2 2 2 2 2 2 2 2 2 2 2 2 2
left_child=2 5 3 24 10 21 7 28 14 -6 19 12 13 -7 -9 18 -14 -12 -11 27 -21 22 26 -8 25 -1 -2 -3 -4 -17
right_child=1 4 6 -5 9 11 23 8 -10 15 17 -13 16 -15 -16 29 -18 -19 -20 20 -22 -23 -24 -25 -26 -27 -28 -29 -30 -31
leaf_value=0.00075724353974416332 0.00050203623873246227 0.0017846963495948723 0.00020578445465473065 0.0023881659670153964 -0.00028150817696646961 -0.00031686447737395979 -0.0011215110604418993 0.00090438266418201767 -0.00017871883222366863 -4.3813809660531195e-05 0.0010326738539835961 -0.00023639798717921563 -0.0001116506987714831 8.6286703065194273e-05 0.0033892801392048726 -0.00019156180878579171 0.0009111744246717722 -2.703041578218864e-05 0.0011624431262201428 0.0029478509480573446 0.000933152895073148 0.0007893890555251236 0.00014216271747169695 0.00089511962939914326 0.0013919152163229334 -0.0020375290720645958 -0.00073711831256656382 0.00012492446975559193 -0.0012773295975556332 -0.00046243863971236638
leaf_weight=201 6291 123 2442 1118 38898 5267 422 6570 619 42036 502 8198 841 45324 113 20547 2079 4321 341 180 635 1907 7516 102 170 120 205 815 140 4693
leaf_count=201 6291 123 2442 1118 38898 5267 422 6570 619 42036 502 8198 841 45324 113 20547 2079 4321 341 180 635 1907 7516 102 170 120 205 815 140 4693
internal_value=2.17878e-14 -4.70335e-05 0.000746457 0.0017491 -0.000147276 9.90034e-05 0.000591457 0.000661458 0.000851021 -0.000173701 0.000280733 3.41016e-05 7.55427e-05 4.43149e-05 0.000946399 -0.000111682 0.000616587 8.32685e-05 -3.41073e-05 0.000824014 0.00137812 0.000350591 0.000290872 -0.000728961 0.000293947 -0.000287531 0.000462931 0.00034257 0.000125368 -0.000241927
internal_weight=202736 190719 12017 1609 113091 77628 10408 9884 7302 106515 6576 61709 53511 50591 6683 67617 2920 4823 42377 1753 815 15919 14012 524 491 321 6496 938 2582 25240
internal_count=202736 190719 12017 1609 113091 77628 10408 9884 7302 106515 6576 61709 53511 50591 6683 67617 2920 4823 42377 1753 815 15919 14012 524 491 321 6496 938 2582 25240
is_linear=0
shrinkage=0.02


Tree=101
num_leaves=31
num_cat=0
split_feature=9 45 20 34 45 9 5 34 44 44 9 5 44 41 29 34 45 34 45 45 5 34 6 23 6 41 45 44 9 6
split_gain=11.4476 5.64253 5.27557 3.68085 4.77331 3.39657 2.02359 1.77427 1.37575 1.27265 1.33247 1.22481 0.996505 0.970523 0.912201 0.910219 0.889852 1.60472 0.867366 0.856252 0.846291 0.819478 1.11198 0.791856 0.715499 0.68164 0.666113 0.646435 0.634821 0.701042
threshold=-5.5359999999999863 0.033189892578358263 7.9000000000014561 -0.00082026025026581682 0.04489985496602001 -26.471499999999999 0.10740000000000063 -0.037240706915477303 -0.53818578318979238 -0.39055914974463007 55.303000000000004 -1.4863999999999982 2.1422487497984015 82.735042733566246 0.030885462335616957 -0.070498786730593274 0.067520937362557959 0.0094547923130933239 0.072460296408940902 0.012813236296500453 -1.8697499999999989 0.01846981702454616 0.10826666666666597 0.95000000000436569 0.1384333333333336 37.759336098129047 0.070745199532802783 1.721909917657346 13.950500000000003 -0.067866666666666853
decision_type=2 2 2 2 2 2 2 2 2 2 2 2 2 2 2 2 2 2 2 2 2 2 2 2 2 2 2 2 2 2
left_child=1 12 11 6 13 15 7 -2 28 25 -11 -3 19 14 -5 26 24 -18 -10 -1 -17 22 -7 -21 -13 -9 -4 -16 29 -6
right_child=3 2 5 4 8 21 -8 9 18 10 -12 16 -14 -15 27 20 17 -19 -20 23 -22 -23 -24 -25 -26 -27 -28 -29 -30 -31
leaf_value=-0.00020946361186600105 0.00028360241618945501 -0.00055626113236751913 0.001637816992492707 -3.890948051383213e-05 -0.00059563795509436762 0.00060362819975331777 0.00029899472766480576 -4.9194435863201356e-05 -0.00035234801706752165 -0.00017519700310607457 0.0020935318881842809 0.00016325777224181947 -0.0005271289817860629 -0.0002494779322571015 0.00028092098314870729 -2.7806152953062116e-05 0.00050283094772553955 -0.00083283271015694587 -0.00062425719417499642 5.9417152107605656e-05 0.0013447088756055774 -1.7387282463953057e-05 0.0020167507510052722 0.00075249805431240688 0.00086945298258821722 0.00016159957448851623 0.0029356518507384784 -0.00023622520563625445 -0.00063622540520421093 -0.00011053083693476523
leaf_weight=5116 6785 735 563 29654 1301 6229 9289 14891 19016 23979 104 16166 1614 6724 6593 205 7888 377 6230 8339 1456 819 231 716 595 10437 220 1133 1161 14170
leaf_count=5116 6785 735 563 29654 1301 6229 9289 14891 19016 23979 104 16166 1614 6724 6593 205 7888 377 6230 8339 1456 819 231 716 595 10437 220 1133 1161 14170
internal_value=-1.24621e-13 0.000258317 0.000398259 -8.7436e-05 -0.000173478 0.000795203 2.55378e-05 -1.96637e-05 -0.000326405 -6.13074e-05 -0.0001654 0.00024844 -5.62644e-05 -2.82705e-05 1.15208e-05 0.00144032 0.000272073 0.000441906 -0.000419448 -2.6355e-06 0.00117531 0.0005786 0.000654159 0.000114221 0.000188327 3.76682e-05 0.00200247 0.000205083 -0.000185173 -0.000151325
internal_weight=202736 51269 35484 151467 85982 9723 65485 56196 41878 49411 24083 25761 15785 44104 37380 2444 25026 8265 25246 14171 1661 7279 6460 9055 16761 25328 783 7726 16632 15471
internal_count=202736 51269 35484 151467 85982 9723 65485 56196 41878 49411 24083 25761 15785 44104 37380 2444 25026 8265 25246 14171 1661 7279 6460 9055 16761 25328 783 7726 16632 15471
is_linear=0
shrinkage=0.02


Tree=102
num_leaves=31
num_cat=0
split_feature=43 9 14 9 43 7 44 4 14 14 44 14 6 9 14 9 6 6 14 14 43 9 6 29 29 44 5 44 29 6
split_gain=11.5693 6.51074 7.08639 4.24627 2.31694 2.15866 2.07885 1.67386 2.22654 1.39203 1.37712 1.66784 1.13478 1.13203 1.11326 0.905049 0.961853 0.878786 0.874451 0.801268 1.0559 0.791749 0.75727 0.9345 0.785472 0.752876 0.75144 0.643406 0.603859 0.58828
threshold=7.8599999999962167 -0.20200000000000431 1.7400000000000009 0.33099999999998986 2.8600000000020378 1.1710986294925434 -0.09187511517335252 -0.43719999999999876 0.34396666666666836 3.1651000000000011 -0.41212650489820046 0.6034166666666676 -1.6954000000000005 55.303000000000004 0.30510000000000087 11.4055 0.098700000000000079 0.048099999999999234 1.4832666666666674 1.5994166666666678 14.420000000002622 11.744000000000012 -0.98366666666666713 -0.056465788109411046 0.088997002591817434 1.4876054672227059 -0.28809999999999825 -0.39055914974463007 -0.054821187456055569 -0.73481666666666701
decision_type=2 2 2 2 2 2 2 2 2 2 2 2 2 2 2 2 2 2 2 2 2 2 2 2 2 2 2 2 2 2
left_child=3 2 5 4 29 14 19 28 27 22 11 -5 -11 -12 -2 -13 -17 -10 -8 20 -3 -20 23 -4 -24 -7 -16 -9 -6 -1
right_child=1 6 9 10 7 25 18 8 17 12 13 15 -14 -15 26 16 -18 -19 21 -21 -22 -23 24 -25 -26 -27 -28 -29 -30 -31
leaf_value=-0.00082365330294156261 -2.2211877273570901e-06 0.00024062338248512208 0.001109502046746544 -0.00014612954328097532 0.00041453949896707313 0.00019487098758740753 -0.00023286083039013018 9.5169476300842974e-05 0.00022529494714931058 0.0010008599884829611 -0.00027901722665194672 0.00055509988083796093 0.0021632756680486677 0.0011564525206071827 0.00028112441039084468 0.0014342182967505468 -0.00024208449394591035 0.00055065539762624036 0.00078768341812288133 -0.00052344962132570675 0.00097394120922295979 -9.8951225730432656e-06 0.0012933869365761633 -0.00038802926109305448 -9.1302266719038268e-05 -0.00027627639857330218 0.00067176477602907893 -0.00014408287247434521 -0.00025479346177471575 -9.5135017092390698e-05
leaf_weight=449 1499 6519 354 31687 594 4942 9322 9806 20273 520 38896 2239 949 221 2582 152 1380 3971 636 469 893 2292 1938 315 179 1870 8306 8303 5839 35341
leaf_count=449 1499 6519 354 31687 594 4942 9322 9806 20273 520 38896 2239 949 221 2582 152 1380 3971 636 469 893 2292 1938 315 179 1870 8306 8303 5839 35341
internal_value=6.27776e-14 0.000288705 0.00051517 -7.90646e-05 1.79422e-05 0.000351509 2.48579e-05 0.000107602 0.000153259 0.00125362 -0.000189081 -9.88102e-05 0.0017518 -0.000270907 0.000508776 0.000298805 -7.57672e-05 0.000278587 -0.000138159 0.000278246 0.000328974 0.000163349 0.000990946 0.000404386 0.00117631 6.55337e-05 0.000579128 -1.4528e-05 -0.00019299 -0.000104275
internal_weight=202736 43585 23454 159151 84576 19199 20131 48786 42353 4255 74575 35458 1469 39117 12387 3771 1532 24244 12250 7881 7412 2928 2786 669 2117 6812 10888 18109 6433 35790
internal_count=202736 43585 23454 159151 84576 19199 20131 48786 42353 4255 74575 35458 1469 39117 12387 3771 1532 24244 12250 7881 7412 2928 2786 669 2117 6812 10888 18109 6433 35790
is_linear=0
shrinkage=0.02


Tree=103
num_leaves=31
num_cat=0
split_feature=10 10 34 45 45 14 14 34 10 43 44 9 43 10 9 6 14 6 45 5 14 44 44 13 34 14 42 42 34 10
split_gain=16.5764 6.82162 4.93205 4.1808 3.09687 2.39702 2.12621 1.80653 1.77248 1.7178 1.76771 1.63744 1.57511 1.53874 1.46401 1.35497 1.4956 1.32115 1.18309 1.08803 1.38862 0.949498 2.35369 1.07717 0.911848 0.902314 0.849202 0.823828 0.810951 0.730784
threshold=-35.575499999999998 -116.33499999999999 -0.00062480896580758552 0.05949999999981765 0.068453763641211987 0.33003333333333379 0.6757000000000013 0.038381522042216225 8.5959999999999983 4.3800000000002912 -0.14274910758042661 11.05500000000001 11.240000000000874 -209.34899999999996 2.2770000000000015 -0.46740000000000015 2.3338833333333349 -0.55223333333333302 0.032542554187190841 -0.18500000000000041 0.4160000000000012 -0.94839301659854947 -1.7124149432366236 0.42100000000000132 -0.0059728812494606503 0.3253666666666678 0.11690645075610451 0.12564897806202924 -0.05842326121061308 55.133999999999993
decision_type=2 2 2 2 2 2 2 2 2 2 2 2 2 2 2 2 2 2 2 2 2 2 2 2 2 2 2 2 2 2
left_child=1 13 3 9 8 -3 14 11 19 -2 26 12 -7 -1 25 28 -17 -10 -13 -4 -21 22 -15 -23 -25 -5 -11 -12 -8 -19
right_child=2 5 4 6 -6 7 15 -9 17 10 27 18 -14 21 -16 16 -18 29 -20 20 -22 23 -24 24 -26 -27 -28 -29 -30 -31
leaf_value=0.0021019957194814867 -0.00014284574167559895 -4.8871604300042542e-05 -0.00037551286623946383 9.4257658140986942e-05 -0.00043270054634696263 0.0004646965818092875 0.00085685313029357376 -0.00018187730655538293 0.0020081399781450345 2.7144855584667269e-05 -0.00026003484217258132 0.00055154953988590825 0.00095385433074363047 -0.00030598076974274591 -0.00027645231152509316 0.00076127970698639175 0.0030886053773492841 -0.00028533258739169834 -0.00099932704627293529 -0.00010072566454386251 0.00013139940193978737 -0.0006222934629517517 0.0034952585820985193 0.0015329212755621324 0.00066755369133940248 0.00039501237167278714 0.00035703179557313532 3.7383149587988587e-05 -0.00025405843562320308 3.785239867726983e-05
leaf_weight=804 33031 4599 3661 8128 14940 11226 373 1565 104 4926 6014 340 3440 100 2524 3546 114 25676 467 28538 16138 162 187 920 1035 7838 8520 9789 890 3141
leaf_count=804 33031 4599 3661 8128 14940 11226 373 1565 104 4926 6014 340 3440 100 2524 3546 114 25676 467 28538 16138 162 187 920 1035 7838 8520 9789 890 3141
internal_value=-5.29528e-15 0.000483912 -6.75852e-05 4.1648e-05 -0.000169112 0.000356306 0.00026949 0.000465674 -0.000118139 -4.40048e-05 6.76167e-05 0.000531169 0.000579432 0.00134458 0.000171145 0.000638857 0.00083377 -0.000241985 -0.000345922 -4.40395e-05 -1.68767e-05 0.00109127 0.00217078 0.000944919 0.00107479 0.000241904 0.000236176 -7.58024e-05 7.40255e-05 -0.000250106
internal_weight=202736 24845 177891 85693 92198 21637 23413 17038 77258 62280 29249 15473 14666 3208 18490 4923 3660 28921 807 48337 44676 2404 287 2117 1955 15966 13446 15803 1263 28817
internal_count=202736 24845 177891 85693 92198 21637 23413 17038 77258 62280 29249 15473 14666 3208 18490 4923 3660 28921 807 48337 44676 2404 287 2117 1955 15966 13446 15803 1263 28817
is_linear=0
shrinkage=0.02


Tree=104
num_leaves=31
num_cat=0
split_feature=43 9 34 14 43 14 4 44 14 34 9 9 7 34 4 14 6 34 44 9 13 34 5 43 7 9 6 14 14 44
split_gain=10.8527 5.30348 5.08403 3.72006 3.26954 1.77397 2.361 1.67383 2.18043 1.64925 1.30357 1.28672 1.23003 1.10378 1.74941 0.95504 0.953681 0.919607 0.907836 0.899571 0.863001 0.861134 0.782883 0.782662 0.706116 0.888853 0.722283 0.70484 0.682958 0.658439
threshold=10.760000000002039 0.33099999999998986 0.020716296794778176 3.1651000000000011 4.1600000000020385 0.30510000000000087 -0.43719999999999876 -0.41212650489820046 0.6034166666666676 0.016383747589531556 12.560500000000006 55.303000000000004 0.91127932048902516 -0.077864218579604044 -0.46819999999999501 3.1651000000000011 0.21416666666666598 0.014734690150940173 0.22035322461881265 -2.975499999999986 1.4247000000000007 -0.030294392944595658 -0.51939999999999942 2.1400000000008736 9.6317160962226378 2.672000000000017 -0.73481666666666701 1.8278500000000011 0.57721666666666771 2.8757842291610967
decision_type=2 2 2 2 2 2 2 2 2 2 2 2 2 2 2 2 2 2 2 2 2 2 2 2 2 2 2 2 2 2
left_child=1 4 3 13 22 -6 21 8 -3 -8 -10 17 -4 27 18 -14 -12 20 -15 -16 -9 -7 -1 -24 25 26 -5 -2 -25 -29
right_child=2 7 12 24 5 6 9 11 10 -11 16 -13 15 14 19 -17 -18 -19 -20 -21 -22 -23 23 28 -26 -27 -28 29 -30 -31
leaf_value=-0.00041151931667964789 0.00075196748327234302 -0.00012882239351192089 0.00034952870843541378 0.0017320777695999066 -5.3348731677436207e-05 0.00019903038892563751 0.00042804756745130348 -0.00021111035987322099 0.00056662031889223412 4.6071989644019694e-05 0.00089363157530106946 0.001086745645353893 -0.00027828869148362195 0.00046048995452086411 0.00085730701570870807 0.0005693447375399376 -0.00032155890780852063 -0.00038211930269624718 -0.00013993864129306887 0.00043805928974801744 0.00044777123189988386 -0.00026176108499735567 -0.00012033197730550784 -7.5768383072407947e-06 0.0003387401903148177 0.0006535214534988806 0.0029571795139196146 0.0021484715931593501 0.00026762469122963852 0.00045519079746944569
leaf_weight=2347 1033 33848 2637 631 9893 2687 19737 28483 3143 5865 313 286 4611 1825 3879 601 1479 15774 2248 4335 818 4094 24237 22547 142 207 277 339 4294 126
leaf_count=2347 1033 33848 2637 631 9893 2687 19737 28483 3143 5865 313 286 4611 1825 3879 601 1479 15774 2248 4335 818 4094 24237 22547 142 207 277 339 4294 126
internal_value=-2.28763e-13 -5.22056e-05 0.000410158 0.000625463 4.96335e-05 0.000181047 0.000252655 -0.000168032 -7.15616e-05 0.000340543 0.000321177 -0.000250513 -2.45965e-06 0.000530487 0.000467998 -0.000180547 -0.000109307 -0.000258998 0.000129097 0.000636046 -0.000192716 -7.91705e-05 -5.43561e-05 -3.79447e-05 0.00166703 0.0018362 0.00210581 0.00104304 3.64497e-05 0.00168965
internal_weight=202736 179845 22891 15042 95701 42276 32383 84144 38783 25602 4935 45361 7849 13785 12287 5212 1792 45075 4073 8214 29301 6781 53425 51078 1257 1115 908 1498 26841 465
internal_count=202736 179845 22891 15042 95701 42276 32383 84144 38783 25602 4935 45361 7849 13785 12287 5212 1792 45075 4073 8214 29301 6781 53425 51078 1257 1115 908 1498 26841 465
is_linear=0
shrinkage=0.02


Tree=105
num_leaves=31
num_cat=0
split_feature=10 10 34 45 45 14 43 44 14 6 34 34 44 44 44 14 10 14 44 9 10 6 45 14 45 44 14 9 14 6
split_gain=15.7208 7.81796 4.10645 3.53785 2.44935 1.96131 1.9143 1.81908 1.80256 2.02201 2.03757 1.96111 1.70401 1.38494 2.77739 1.79718 1.74939 1.34372 1.25648 1.78779 1.24323 1.21158 0.962634 0.947373 0.865571 0.818529 0.893204 0.809165 0.772449 0.768977
threshold=-24.60550000000001 -101.7825 -0.00022586565233413797 0.068453763641211987 0.070745199532802783 0.87030000000000085 5.6400000000037851 -0.09187511517335252 0.85758333333333392 -0.73481666666666701 0.061204343749087918 -0.070498786730593274 -0.18136230115127699 -1.6223574671384393 -0.95966706358650977 1.5409333333333344 -166.39949999999996 0.42486666666666784 -1.0784527060968887 1.3800000000000148 8.5959999999999983 -0.55223333333333302 0.02777777777774321 2.1761666666666684 0.020837718496021135 -1.5462308567252772 0.49093333333333428 55.303000000000004 0.3003666666666675 0.25593333333333373
decision_type=2 2 2 2 2 2 2 2 2 2 2 2 2 2 2 2 2 2 2 2 2 2 2 2 2 2 2 2 2 2
left_child=1 5 3 6 20 25 -2 -8 18 11 12 -10 -11 -7 15 -15 -16 -5 -3 28 29 -22 -13 -19 -21 -1 -27 -9 -20 -4
right_child=2 8 4 17 -6 13 7 27 9 10 -12 22 -14 14 16 -17 -18 23 19 24 21 -23 -24 -25 -26 26 -28 -29 -30 -31
leaf_value=0.0019802533718337565 -0.0001129919614770074 0.00046299648922745013 -9.6178256530368467e-05 0.00015816914250390643 -0.0004516138013348558 -0.0006263540761075973 0.0003163331846768873 -6.6407530475343492e-05 0.0011885524180821373 0.00030154538477373009 -0.00057681830443070113 -0.0013259195907528261 0.0010032706706657433 0.0056579020080622291 0.0018868872037894897 0.0019918730155281399 0.00089098394069673408 0.00055054903242508302 -1.5444298223184161e-05 0.00023704355224987795 0.0019257473460968259 -0.00024716626646195363 -0.00011228359399291403 0.0023956235866634209 -0.00035017921316196139 -0.00099656423023187146 0.00054543781439678792 0.0013971800977224181 0.00030219857647773826 0.000216775633102613
leaf_weight=104 45144 5128 39753 6812 11709 127 9862 12156 409 2057 481 330 4232 100 1284 115 1566 4726 4129 1341 103 29569 1258 114 3996 215 499 153 11854 3410
leaf_count=104 45144 5128 39753 6812 11709 127 9862 12156 409 2057 481 330 4232 100 1284 115 1566 4726 4129 1341 103 29569 1258 114 3996 215 499 153 11854 3410
internal_value=-2.1356e-14 0.000359579 -8.62602e-05 1.74469e-05 -0.000183126 0.00119631 -3.82487e-05 0.000113941 0.000264299 0.00051283 0.000677795 -4.64138e-05 0.000773751 0.00142022 0.00150502 0.003697 0.00133966 0.000339207 0.000181915 0.000114308 -0.000139964 -0.000239623 -0.000364488 0.000594007 -0.000202631 0.000322565 8.11095e-05 -4.82152e-05 0.00022014 -7.1454e-05
internal_weight=202736 39225 163511 78967 84544 4010 67315 22171 35215 8767 6770 1997 6289 3192 3065 215 2850 11652 26448 21320 72835 29672 1588 4840 5337 818 714 12309 15983 43163
internal_count=202736 39225 163511 78967 84544 4010 67315 22171 35215 8767 6770 1997 6289 3192 3065 215 2850 11652 26448 21320 72835 29672 1588 4840 5337 818 714 12309 15983 43163
is_linear=0
shrinkage=0.02


Tree=106
num_leaves=31
num_cat=0
split_feature=10 10 34 44 43 34 34 10 10 10 6 14 34 14 45 44 44 14 10 4 14 44 14 14 7 43 34 14 34 14
split_gain=15.0983 7.50837 3.96181 2.30375 2.94354 1.89958 1.76729 1.60802 1.52549 1.45899 1.3995 1.72636 1.51236 1.31016 1.22811 1.15547 1.13329 1.11332 1.58044 1.07189 1.2811 1.04419 1.15442 0.935555 0.855468 1.07867 0.770835 0.740103 0.717334 0.664917
threshold=-24.60550000000001 -101.7825 -0.027331438552363738 -0.09187511517335252 6.9400000000008744 -0.037240706915477303 -0.038177109550729331 104.706 9.9334999999999898 -4.3575000000000141 -1.2029666666666667 0.85758333333333392 0.061204343749087918 0.58255000000000046 0.072460296408940902 -1.0784527060968887 3.3560177182225739 2.3338833333333349 34.54699999999999 -0.56399999999999562 0.65630000000000144 -0.09187511517335252 0.52300000000000157 1.7400000000000009 0.93674929937783813 11.56000000000204 -0.088155083954746957 3.7055333333333342 0.061204343749087918 1.4832666666666674
decision_type=2 2 2 2 2 2 2 2 2 2 2 2 2 2 2 2 2 2 2 2 2 2 2 2 2 2 2 2 2 2
left_child=1 5 14 4 7 16 27 9 19 -4 -8 15 -13 -7 21 -12 23 -10 -19 -5 -21 22 -2 -1 25 -6 -23 -3 -15 -16
right_child=2 6 3 8 24 13 10 -9 17 -11 11 12 -14 28 29 -17 -18 18 -20 20 -22 26 -24 -25 -26 -27 -28 -29 -30 -31
leaf_value=0.0010287838642099552 0.00011048173528171522 0.00059439759333698055 2.1390674230909869e-05 -0.00060572828189670643 0.00026043586613205708 -0.00030061127054893254 -0.00096014153988793348 0.001835986089746996 -0.00036768701191214771 -0.00017286537914064257 0.00042190579764116989 0.00061408761326689867 -0.00054641385926277241 0.0011740105472814373 0.00050834681136698978 7.769897827532609e-05 -3.4848497504883978e-05 0.0017928158249985217 -9.3728953017338664e-05 -0.00017049479699066491 0.00012102316430519343 0.00075338639191665417 0.00063120719164214915 0.0024387128218805298 8.0312511748047285e-06 0.00090975858258617937 -5.841989175966726e-05 0.0021503283783409093 0.00013346443763002753 0.0019155302376184667
leaf_weight=251 4705 4147 23605 1841 6695 322 406 171 22794 44851 4875 5647 488 2272 2482 19526 112 221 905 29732 7564 493 2669 753 4258 1208 9175 126 300 142
leaf_count=251 4705 4147 23605 1841 6695 322 406 171 22794 44851 4875 5647 488 2272 2482 19526 112 221 905 29732 7564 493 2669 753 4258 1208 9175 126 300 142
internal_value=4.17247e-14 0.000352388 -8.4535e-05 -0.000120936 -5.02241e-05 0.00117239 0.000259013 -0.000101043 -0.000211532 -0.000105882 0.000206361 0.000221871 0.000521777 0.000902071 0.000181717 0.000146467 0.00187336 -0.000337361 0.000276543 -0.000134627 -0.000111372 0.0001197 0.000298957 0.00208623 0.00023656 0.000359687 -1.70235e-05 0.000640278 0.00105264 0.000584498
internal_weight=202736 39225 163511 143845 80788 4010 35215 68627 63057 68456 30942 30536 6135 2894 19666 24401 1116 23920 1126 39137 37296 17042 7374 1004 12161 7903 9668 4273 2572 2624
internal_count=202736 39225 163511 143845 80788 4010 35215 68627 63057 68456 30942 30536 6135 2894 19666 24401 1116 23920 1126 39137 37296 17042 7374 1004 12161 7903 9668 4273 2572 2624
is_linear=0
shrinkage=0.02


Tree=107
num_leaves=31
num_cat=0
split_feature=10 10 14 34 34 45 45 10 14 34 6 14 10 44 6 34 44 44 10 6 14 14 14 44 14 6 45 34 44 14
split_gain=14.5512 5.86555 3.73889 2.70887 2.49495 2.36931 2.34771 2.33265 2.71161 1.84897 2.5755 2.52294 1.79102 1.57599 1.54098 1.46765 1.35732 1.32582 1.31923 1.19086 1.14988 1.14831 1.12535 1.24494 1.06143 1.05014 0.909487 0.893069 0.850473 0.96185
threshold=-54.442500000000003 -5.4410000000000132 0.85758333333333392 0.0014187732269264088 -0.05112871521569394 0.064484136490998892 0.045481304270772314 -166.39949999999996 1.7400000000000009 0.061204343749087918 -0.84406666666666685 3.1651000000000011 91.561999999999998 -0.45259561359034239 0.1384333333333336 -0.077864218579604044 -0.55843657980279449 0.20626399248918412 6.3439999999999781 0.34564999999999979 0.35111666666666758 0.55833333333333501 1.0885166666666681 0.91101408405832007 0.32091666666666713 -0.3891500000000005 0.019484403948367948 -0.088155083954746957 1.6542134638417785 0.28360000000000113
decision_type=2 2 2 2 2 2 2 2 2 2 2 2 2 2 2 2 2 2 2 2 2 2 2 2 2 2 2 2 2 2
left_child=2 3 19 6 27 22 28 8 13 10 15 -12 16 -4 24 -9 21 26 -18 20 -1 -6 23 -5 -8 -22 -14 -3 29 -2
right_child=1 4 7 5 12 -7 14 9 -10 -11 11 -13 17 -15 -16 -17 18 -19 -20 -21 25 -23 -24 -25 -26 -27 -28 -29 -30 -31
leaf_value=-0.00010835834029035322 -9.1126131034662146e-05 0.0012074891821808615 -0.0015674791848184267 6.8192034265660906e-05 -0.00011656835638123249 -0.00041049512890377755 0.00010257531929869428 0.0013031328604749457 0.002170589014335722 -0.00045070334918918023 0.0010931944801225119 0.0037995090168745568 -0.00019011549057606131 0.0013780728916231639 0.0011727611335778977 -0.00025593442659622236 -0.00010160409222645043 -0.00030200230607347884 -0.00028509302785296287 -0.0017934889855977393 -0.00071971791897962063 0.00016750573133296489 0.00050781863999388628 -0.0002791798243296763 0.00040365932449557739 0.00061342583833539114 0.0013536148940909163 0.00027240881811507701 -0.00031239636107313433 0.00019867422573214687
leaf_weight=1629 7307 478 136 20627 34981 5836 6936 326 1118 431 3194 144 195 156 853 932 25197 460 41467 107 253 6798 1862 5159 14422 3591 703 2812 2346 12280
leaf_count=1629 7307 478 136 20627 34981 5836 6936 326 1118 431 3194 144 195 156 853 932 25197 460 41467 107 253 6798 1862 5159 14422 3591 703 2812 2346 12280
internal_value=5.34559e-14 -4.2532e-05 0.000675015 9.13407e-05 -0.000134425 -4.43132e-05 0.000194237 0.00100347 0.00172236 0.000801836 0.000919296 0.00120994 -0.000150686 6.17192e-06 0.000339174 0.000148085 -0.000159725 0.000571132 -0.00021574 0.000296112 0.000336965 -7.03457e-05 3.29813e-05 -1.30659e-06 0.000305882 0.000525683 0.0010184 0.000408265 4.74618e-05 9.05632e-05
internal_weight=202736 190719 12017 77628 113091 33484 44144 6437 1410 5027 4596 3338 109801 292 22211 1258 108443 1358 66664 5580 5473 41779 27648 25786 21358 3844 898 3290 21933 19587
internal_count=202736 190719 12017 77628 113091 33484 44144 6437 1410 5027 4596 3338 109801 292 22211 1258 108443 1358 66664 5580 5473 41779 27648 25786 21358 3844 898 3290 21933 19587
is_linear=0
shrinkage=0.02


Tree=108
num_leaves=31
num_cat=0
split_feature=10 10 34 42 34 43 10 10 6 5 34 41 43 10 7 10 10 44 6 42 44 10 44 44 34 44 34 43 6 6
split_gain=14.0365 5.39032 4.49069 2.00463 2.47089 1.97424 1.93075 1.63133 1.60856 1.57789 1.57695 1.54319 1.52577 1.32914 1.11555 1.08176 1.02779 1.14946 0.953733 0.943738 0.888979 2.22214 0.870685 0.822715 0.803863 0.733558 0.768635 0.728517 0.718508 0.626718
threshold=-38.058000000000007 -116.33499999999999 -0.00574187746612173 0.38913340391710932 -0.044840847513015487 5.4799999999973812 7.8739999999999908 -3.9395000000000207 -0.59721666666666684 -0.18500000000000041 0.0026587955295749913 85.743591251698959 2.7000000000014555 -209.34899999999996 9.6317160962226378 -80.640000000000001 82.286500000000004 0.192704284563815 0.10826666666666597 0.068242044327341905 -0.94839301659854947 -138.12749999999997 -1.2460605520106529 -0.59560860008446725 -0.039098643162973637 -0.038088458419724205 -0.10835613094779681 7.6400000000008736 0.39646666666666613 -0.98366666666666713
decision_type=2 2 2 2 2 2 2 2 2 2 2 2 2 2 2 2 2 2 2 2 2 2 2 2 2 2 2 2 2 2
left_child=1 13 3 4 25 22 9 18 -8 -4 14 12 -11 -1 15 -7 23 -18 -6 -9 21 -15 -3 -10 -22 -2 -27 -5 29 -24
right_child=2 5 6 27 7 10 8 19 16 11 -12 -13 -14 20 -16 -17 17 -19 -20 -21 24 -23 28 -25 -26 26 -28 -29 -30 -31
leaf_value=0.001934598204233094 0.00058719353448536001 0.00061498550205990729 -0.00038338129323093885 0.00025101316812688293 6.846334057816769e-05 0.0013235725179960251 0.0021098257793948569 -0.00032265500512412636 -0.00014834960496044015 -0.00013933551716731809 0.00021409656560485651 -0.00030547752507266955 7.9608913979164827e-05 0.00062156987770834544 -0.0010310412056978558 0.00063761206633708293 0.00082695627289756045 -0.00032836043271342443 0.00060444607752787119 -5.8543413532144107e-05 0.0015675721701281051 0.0042235602165801057 -0.00090665548127413049 -0.00033323127469215522 0.00064087818187750264 0.0011549542202731033 0.00013649935883340225 0.00068512430231971652 -0.0015971937957483362 9.7063977037397387e-05
leaf_weight=804 3167 1217 5905 6703 21824 1109 116 7178 15091 20507 4014 7732 33578 174 143 5384 738 646 1414 21993 486 113 258 26594 1631 316 4782 2010 106 7003
leaf_count=804 3167 1217 5905 6703 21824 1109 116 7178 15091 20507 4014 7732 33578 174 143 5384 738 646 1414 21993 486 113 258 26594 1631 316 4782 2010 106 7003
internal_value=3.42246e-14 0.000471687 -5.87129e-05 6.74803e-05 2.67432e-05 0.0003451 -0.000137664 -2.39412e-05 -0.000242162 -7.10266e-05 0.000527013 -4.11893e-05 -3.40659e-06 0.00123066 0.000716291 0.000754774 -0.000248497 0.000287697 0.000101077 -0.000123532 0.000995228 0.00203978 0.000119403 -0.0002663 0.000853619 0.000348136 0.000199628 0.000351158 3.75349e-05 6.13995e-05
internal_weight=202736 22442 180294 69387 60674 19234 110907 52409 43185 67722 10650 61817 54085 3208 6636 6493 43069 1384 23238 29171 2404 287 8584 41685 2117 8265 5098 8713 7367 7261
internal_count=202736 22442 180294 69387 60674 19234 110907 52409 43185 67722 10650 61817 54085 3208 6636 6493 43069 1384 23238 29171 2404 287 8584 41685 2117 8265 5098 8713 7367 7261
is_linear=0
shrinkage=0.02


Tree=109
num_leaves=31
num_cat=0
split_feature=10 10 34 45 45 14 6 34 34 14 43 42 10 41 14 44 44 43 44 6 14 45 14 44 10 13 34 14 34 44
split_gain=13.5303 6.64838 3.67604 3.29371 2.30035 2.17228 2.34475 2.14523 2.03212 2.24497 1.75216 1.70544 1.2765 1.23752 1.22866 1.19169 1.16542 1.33009 1.05825 1.04254 0.968492 0.963189 0.91946 0.853776 2.13414 0.96034 0.823547 0.820905 0.738105 0.682915
threshold=-24.60550000000001 -116.33499999999999 -0.00022586565233413797 0.068453763641211987 0.070745199532802783 0.85758333333333392 -0.73481666666666701 -0.077864218579604044 0.061204343749087918 3.1651000000000011 3.7199999999997093 0.12564897806202924 -209.34899999999996 85.743591251698959 0.36090000000000089 -1.0784527060968887 -0.09187511517335252 6.1800000000002919 -0.12973570003388124 0.39646666666666613 1.3451000000000015 0.043679996695067176 2.1761666666666684 -0.94839301659854947 -138.12749999999997 0.42100000000000132 0.065064307952460362 0.3253666666666678 -0.065533267403222698 -0.71923300654555933
decision_type=2 2 2 2 2 2 2 2 2 2 2 2 2 2 2 2 2 2 2 2 2 2 2 2 2 2 2 2 2 2
left_child=1 12 3 10 13 15 7 -7 9 -8 -2 28 -1 16 -5 -3 17 -4 -13 27 -18 -9 29 24 -14 -25 -27 -17 -12 -16
right_child=2 5 4 14 -6 6 8 21 -10 -11 11 18 23 -15 22 19 20 -19 -20 -21 -22 -23 -24 25 -26 26 -28 -29 -30 -31
leaf_value=0.0018959062341324098 -0.00014609856255402549 0.00043626266663388002 -8.9998230459037014e-05 0.00011746234166073187 -0.00043186762165558877 0.0012529793765370548 0.00073489079953165451 -0.00093937891324035155 -0.0005189473553170649 0.0032513381197791674 0.00034716102745079339 0.00030722986387889432 0.00060913847464219323 -0.00034508423424657169 0.00088314871248104318 -7.5642894660785023e-05 -0.00022597608102488867 0.00019992592095556411 3.5148073291024518e-05 -0.0015408782511889063 0.00018792071855165226 1.637080481194045e-05 0.0023073363845775787 -0.00064323543630580618 0.0041390890445543735 0.0010714100215848614 -0.00054206284050665359 0.00019303745009956294 -0.00016812596485275201 0.00037433829360953062
leaf_weight=804 30995 5195 25897 5666 11709 409 6438 688 511 145 1224 10803 174 9318 1379 6562 26773 8377 12148 154 2470 1090 114 162 113 1819 136 14825 12145 4493
leaf_count=804 30995 5195 25897 5666 11709 409 6438 688 511 145 1224 10803 174 9318 1379 6562 26773 8377 12148 154 2470 1090 114 162 113 1819 136 14825 12145 4493
internal_value=-2.2426e-13 0.000333588 -8.00252e-05 1.80966e-05 -0.000171674 0.000255879 0.000519503 -5.30315e-05 0.000696009 0.000790319 -3.5643e-05 5.86183e-05 0.00120604 -0.000129845 0.000328557 0.000164366 -9.82697e-05 -1.91371e-05 0.000163217 9.87938e-05 -0.000191016 -0.000353458 0.000528366 0.000975323 0.00199898 0.000836547 0.000959168 0.0001106 -0.000120949 0.000493829
internal_weight=202736 39225 163511 78967 84544 36017 9281 2187 7094 6583 67315 36320 3208 72835 11652 26736 63517 34274 22951 21541 29243 1778 5986 2404 287 2117 1955 21387 13369 5872
internal_count=202736 39225 163511 78967 84544 36017 9281 2187 7094 6583 67315 36320 3208 72835 11652 26736 63517 34274 22951 21541 29243 1778 5986 2404 287 2117 1955 21387 13369 5872
is_linear=0
shrinkage=0.02


Tree=110
num_leaves=31
num_cat=0
split_feature=10 10 34 10 42 14 5 14 34 1 1 43 9 6 34 10 10 9 43 6 10 10 6 34 34 9 12 43 14 16
split_gain=13.0085 4.95717 4.24289 2.27318 1.91723 1.88603 1.59725 1.52079 1.60134 1.50798 1.73338 1.39573 1.34544 1.31496 1.28053 1.22595 1.1733 1.30989 0.944356 0.935549 0.777145 0.776818 0.771942 0.777666 0.770394 0.722076 1.22115 0.805374 0.685593 0.637935
threshold=-38.058000000000007 -116.33499999999999 -0.013723915159791333 -2.8685000000000165 0.12564897806202924 0.33003333333333379 -0.24089999999999848 0.33225000000000116 0.016723589840592742 15000000.000000002 1.0000000180025095e-35 3.6199999999967991 14.490500000000006 -0.59721666666666684 -0.070498786730593274 -209.34899999999996 82.286500000000004 -8.6409999999999823 2.3000000000014555 -0.98366666666666713 13.426999999999987 -5.6405000000000145 -0.98366666666666713 0.026827971701291989 0.065064307952460362 -4.1519999999999859 0.64220000000000166 10.239999999997965 0.28980000000000117 0.076835745211602344
decision_type=2 2 2 2 2 2 2 2 2 2 2 2 2 2 2 2 2 2 2 2 2 2 2 2 2 2 2 2 2 2
left_child=1 15 4 6 14 -3 -4 -8 -9 10 19 -6 -12 20 -2 -1 18 -18 -15 -7 -5 -16 -11 -24 25 26 -17 -27 -13 -30
right_child=2 5 3 13 11 9 7 8 -10 22 12 28 -14 16 21 24 17 -19 -20 -21 -22 -23 23 -25 -26 27 -28 -29 29 -31
leaf_value=0.0018579881072421031 0.00057220238819455621 -5.6200967071836914e-05 -0.0003650978595599203 4.2187272535883036e-05 4.4474978377276867e-05 -0.0010387767700946785 -9.1269933139174258e-05 0.00025148511733016769 -8.2436538766846019e-05 -0.0012276904473677358 0.00077584234352524352 1.5075802099740999e-05 -0.0004024431794385988 -0.00030599834089189385 7.5798001766298921e-05 -0.00017084374083206055 0.0024253333766689213 0.00019137265310377363 -0.00015278350236459776 0.00027602551715232124 0.0023535450715427252 -0.00018156106939505213 0.00028378257333284301 -0.00049918565272478695 -0.00049499050288906562 0.002324597005448595 0.0011228845088328502 0.00081792855755809485 0.00014773995501994068 0.00047306483082770897
leaf_weight=804 1296 3961 4758 106 10642 230 25113 15734 9048 174 7421 2204 409 22928 7898 375 113 1481 53966 3681 129 11555 2735 623 138 320 1316 255 3161 10162
leaf_count=804 1296 3961 4758 106 10642 230 25113 15734 9048 174 7421 2204 409 22928 7898 375 113 1481 53966 3681 129 11555 2735 623 138 320 1316 255 3161 10162
internal_value=-1.94652e-13 0.000454085 -5.65221e-05 -0.000114066 0.000107061 0.000332691 -1.49711e-05 1.84171e-05 0.000129569 0.000433549 0.000542548 0.000220903 0.000714295 -0.000182862 -3.6518e-05 0.00118192 -0.000187335 0.00034974 -0.000198469 0.000198704 0.00131098 -7.70722e-05 7.12159e-05 0.000138521 0.000955817 0.00104417 0.000835984 0.00165642 0.000341825 0.000395879
internal_weight=202736 22442 180294 133376 46918 19234 54653 49895 24782 15273 11741 26169 7830 78723 20749 3208 78488 1594 76894 3911 235 19453 3532 3358 2404 2266 1691 575 15527 13323
internal_count=202736 22442 180294 133376 46918 19234 54653 49895 24782 15273 11741 26169 7830 78723 20749 3208 78488 1594 76894 3911 235 19453 3532 3358 2404 2266 1691 575 15527 13323
is_linear=0
shrinkage=0.02


Tree=111
num_leaves=31
num_cat=0
split_feature=10 10 41 43 44 10 10 14 23 14 44 44 14 10 41 5 14 14 10 10 44 44 14 45 14 7 44 45 14 44
split_gain=12.5448 6.19436 2.89531 3.06922 2.57894 2.41348 1.86948 1.66105 1.52123 1.32998 1.30585 2.55289 1.70305 1.45677 1.08592 1.02226 1.29294 0.945106 1.40561 0.921822 0.887277 0.770931 0.799568 0.670434 0.661044 0.7298 0.511249 0.478101 0.464019 0.451817
threshold=-24.126500000000021 -101.7825 75.286886012984112 7.8599999999962167 -0.09187511517335252 104.706 -2.8685000000000165 0.87030000000000085 1.0000000180025095e-35 0.27550000000000135 -1.6223574671384393 -0.95966706358650977 1.5409333333333344 -166.39949999999996 73.704137802052244 -2.7461999999999964 1.1100500000000013 2.3338833333333349 39.952999999999982 5.1754999999999818 -0.60514513468770759 -1.5462308567252772 0.49093333333333428 0.03753649286102672 0.29623333333333396 0.93674929937783813 1.2679515873883946 0.028091939412283939 3.1651000000000011 1.5206863208153572
decision_type=2 2 2 2 2 2 2 2 2 2 2 2 2 2 2 2 2 2 2 2 2 2 2 2 2 2 2 2 2 2
left_child=1 7 3 5 24 6 9 21 14 -2 -9 12 -12 -13 15 -3 -17 19 -19 -6 -8 -1 -23 -4 -5 -26 -10 -28 -29 -16
right_child=2 8 23 4 17 -7 20 10 26 -11 11 13 -14 -15 29 16 -18 18 -20 -21 -22 22 -24 -25 25 -27 27 28 -30 -31
leaf_value=0.0018675144695085833 -0.00012511004737721711 -0.00092785993476469464 -0.00014752096744481132 -1.3967937450994649e-05 0.00010812317593225236 0.0017484267443211724 -6.6547671506214767e-05 -0.00071838128812222446 0.00047346068179831955 0.00010475525312840515 0.0053616176581010224 0.0016920661139019986 0.0017928836951032281 0.00078326207451441098 -4.548390428279205e-05 0.00019179759470161424 0.00060182314233095651 0.0013498109830707514 -7.648829916856834e-05 -0.00021635799892111458 -0.00021321114484295663 -0.00099520714092880586 0.00046373264264104933 -0.00035496644279801008 0.00061977341463151511 0.00025256106809766373 0.00021926620021123059 0.0010101315180026124 0.0022992079676128082 -0.00071307131117573439
leaf_weight=104 16657 301 10406 1323 7051 286 27280 127 3132 25454 100 1284 115 1566 3480 24162 3525 493 629 6958 41753 215 499 15535 5144 3738 236 586 138 459
leaf_count=104 16657 301 10406 1323 7051 286 27280 127 3132 25454 100 1284 115 1566 3480 24162 3525 493 629 6958 41753 215 499 15535 5144 3738 236 586 138 459
internal_value=2.85594e-13 0.000317185 -7.80335e-05 -4.12901e-05 0.000157405 -8.64677e-05 -9.11893e-05 0.00106283 0.000234172 1.38321e-05 0.00126889 0.00135124 0.00345276 0.0011927 0.00018764 0.000231398 0.000244 -8.30723e-06 0.000550219 -5.30404e-05 -0.000155254 0.000258746 2.4416e-05 -0.000271752 0.000403107 0.000465232 0.000597227 0.00100102 0.00125584 -0.000123276
internal_weight=202736 40029 162707 136766 25336 111430 111144 4010 36019 42111 3192 3065 215 2850 31927 27988 27687 15131 1122 14009 69033 818 714 25941 10205 8882 4092 960 724 3939
internal_count=202736 40029 162707 136766 25336 111430 111144 4010 36019 42111 3192 3065 215 2850 31927 27988 27687 15131 1122 14009 69033 818 714 25941 10205 8882 4092 960 724 3939
is_linear=0
shrinkage=0.02


Tree=112
num_leaves=31
num_cat=0
split_feature=43 9 14 9 7 43 44 34 34 34 6 14 14 7 34 14 44 44 14 44 14 14 43 14 34 5 6 9 34 34
split_gain=8.5252 4.86787 5.23021 3.2448 2.04333 1.87969 1.68916 1.27227 1.18829 1.13535 1.17898 1.14108 1.11484 1.6664 1.01349 0.908643 0.907415 0.90731 0.828971 1.05572 0.827297 0.807856 0.945125 0.747533 0.700659 0.743079 0.673827 0.672792 0.579596 0.576314
threshold=7.8599999999962167 -0.20200000000000431 1.7400000000000009 0.33099999999998986 1.5012826509587882 2.8600000000020378 -0.09187511517335252 0.011311933421300003 0.041686708810711452 -0.05842326121061308 -0.98366666666666713 2.5471500000000016 0.28980000000000117 0.60851762498543793 0.087569951792432002 0.46936666666666754 3.6600125406477528 0.33298461535451623 0.50240000000000118 -0.52885174516941158 1.1324000000000012 1.5994166666666678 14.420000000002622 1.4832666666666674 0.0028642136756418394 -0.077399999999998664 -0.25213333333333382 11.744000000000012 -0.0046147782494757525 0.03946654320046826
decision_type=2 2 2 2 2 2 2 2 2 2 2 2 2 2 2 2 2 2 2 2 2 2 2 2 2 2 2 2 2 2
left_child=3 2 4 5 8 26 21 18 15 16 11 -11 -7 17 -12 -2 -4 -14 -5 -20 -15 22 -3 29 25 -6 -1 -25 -28 -8
right_child=1 6 9 7 24 12 23 -9 -10 10 14 -13 13 20 -16 -17 -18 -19 19 -21 -22 -23 -24 27 -26 -27 28 -29 -30 -31
leaf_value=-0.00034568742019642958 0.00022917227837060601 0.00021544264499076974 0.0018253166030680122 -0.00014756224357372343 -1.0195696022153459e-05 -5.0704321748183483e-05 -0.00011623551190699391 -0.00027151600692917584 -0.00017125762555265998 -0.0010859491533613695 0.0012473605959880233 0.00064147376534492647 0.0003803436835929862 -5.3311784625984551e-05 -0.00031354135823446317 0.00059174819940039096 0.0004602589852981346 9.9404138049641447e-05 0.00036869114356128123 -6.8776897739170797e-05 0.00044839596181000667 -0.00055689037817695155 0.00090922942954019888 0.00072703576407370785 -0.00047708897513034694 0.0009093073442235604 3.374720471335777e-05 -8.1891814406082915e-06 -0.00013793792733192585 -0.00046566403886786229
leaf_weight=3780 3984 6519 1053 35717 3407 14311 6692 27696 1223 201 1940 640 12669 13127 182 9034 239 7218 3028 8134 1461 469 893 636 1159 392 13910 2292 18100 2630
leaf_count=3780 3984 6519 1053 35717 3407 14311 6692 27696 1223 201 1940 640 12669 13127 182 9034 239 7218 3028 8134 1461 469 893 636 1159 392 13910 2292 18100 2630
internal_value=-2.69699e-14 0.000247829 0.000443649 -6.78704e-05 0.000303047 1.69289e-05 1.96866e-05 -0.000164042 0.00042479 0.00107806 0.00086233 0.000228618 9.76864e-05 0.000159285 0.00111348 0.000480786 0.0015728 0.000278376 -0.000100546 4.98984e-05 -3.06535e-06 0.000248094 0.00029903 -0.000127259 -4.66386e-05 8.46833e-05 -9.31532e-05 0.000151511 -6.33319e-05 -0.000214819
internal_weight=202736 43585 23454 159151 19199 84576 20131 74575 14241 4255 2963 841 48786 34475 2122 13018 1292 19887 46879 11162 14588 7881 7412 12250 4958 3799 35790 2928 32010 9322
internal_count=202736 43585 23454 159151 19199 84576 20131 74575 14241 4255 2963 841 48786 34475 2122 13018 1292 19887 46879 11162 14588 7881 7412 12250 4958 3799 35790 2928 32010 9322
is_linear=0
shrinkage=0.02


Tree=113
num_leaves=31
num_cat=0
split_feature=10 10 9 45 45 43 9 10 13 23 6 10 9 44 5 44 44 44 10 10 44 9 10 44 10 6 43 10 5 44
split_gain=11.8138 5.78347 2.78476 2.90307 2.39 2.02887 1.64211 1.6489 1.57307 1.42517 1.3966 1.35447 1.26161 1.32582 1.19938 1.16135 1.11996 2.11423 1.53348 1.08305 1.30016 1.08576 1.5629 1.08288 1.07941 0.96862 0.96122 0.879495 0.804245 0.723535
threshold=-24.126500000000021 -101.7825 -0.68399999999999161 0.034777026458973549 0.033803875075718678 6.540000000000874 7.1985000000000046 16.57449999999999 0.54553333333333487 1.0000000180025095e-35 -1.2029666666666667 82.286500000000004 1.312999999999992 -1.0284845826475115 -0.22379999999999842 1.721909917657346 -1.6808396684457148 -0.95966706358650977 -166.39949999999996 91.561999999999998 -0.41212650489820046 55.303000000000004 35.61249999999999 0.33298461535451623 -58.759000000000007 0.2747833333333331 15.540000000000875 -0.21100000000001395 -0.38389999999999935 0.67712084421096164
decision_type=2 2 2 2 2 2 2 2 2 2 2 2 2 2 2 2 2 2 2 2 2 2 2 2 2 2 2 2 2 2
left_child=1 8 3 25 6 11 27 15 -1 10 -3 28 24 -14 -7 -8 -10 -18 -19 21 -21 23 -23 -6 -12 -2 -16 -4 -5 -27
right_child=2 9 4 5 19 14 7 -9 16 -11 12 -13 13 -15 26 -17 17 18 -20 20 -22 22 -24 -25 -26 29 -28 -29 -30 -31
leaf_value=-9.8602797006111162e-05 -0.00015266255370408692 -0.0007520467125731959 4.3280318096263623e-05 -0.00027640772308564328 -0.00017969126372707652 0.00011068287207158585 0.00063916292461873301 -3.6172611493837742e-05 -0.00039271108967784264 0.00057899709135013561 0.00059226658875668982 0.0018248270094216638 0.00050738995262505069 -0.00016025129704975375 0.00047642146762587464 -0.00030590493701167459 0.0029738720591452848 0.001617729828616949 0.00072267663893263012 0.001495535275722713 -0.00012310345669447141 0.0027924183472262127 -0.00016756316642134521 -0.00036375984168284491 0.00021560063442562045 0.0021514636564149161 0.0014609249701130517 -0.00018804226402696826 6.7999670277682259e-05 6.3171799617305253e-05
leaf_weight=441 26727 627 10789 3002 36255 4345 3598 4944 175 4092 3580 170 1488 5936 5765 608 262 1333 1799 317 531 115 188 19748 20296 127 426 16830 28083 139
leaf_count=441 26727 627 10789 3002 36255 4345 3598 4944 175 4092 3580 170 1488 5936 5765 608 262 1333 1799 317 531 115 188 19748 20296 127 426 16830 28083 139
internal_value=-1.80881e-15 0.000307804 -7.57256e-05 2.09602e-05 -0.000146533 0.000125384 -2.0749e-05 0.000211462 0.0010283 0.000227591 0.000182553 4.44754e-05 0.000201274 -2.64353e-05 0.000365399 0.000502548 0.00116754 0.00124799 0.00110362 -0.000227454 0.000481977 -0.000238138 0.000955862 -0.000244598 0.000272078 -0.00014071 0.000544165 -9.76791e-05 3.47389e-05 0.00106021
internal_weight=202736 40029 162707 68784 93923 41791 36769 9150 4010 36019 31927 31255 31300 7424 10536 4206 3569 3394 3132 57154 848 56306 303 56003 23876 26993 6191 27619 31085 266
internal_count=202736 40029 162707 68784 93923 41791 36769 9150 4010 36019 31927 31255 31300 7424 10536 4206 3569 3394 3132 57154 848 56306 303 56003 23876 26993 6191 27619 31085 266
is_linear=0
shrinkage=0.02


Tree=114
num_leaves=31
num_cat=0
split_feature=10 10 14 9 34 45 43 10 14 34 45 5 5 9 9 43 41 14 10 15 34 45 9 10 9 1 19 14 45 14
split_gain=11.3618 4.75721 2.97518 2.39896 2.3227 2.5984 2.46009 1.76504 2.5058 1.64959 1.53241 1.4953 1.43453 1.4781 1.3885 1.3717 1.2415 1.12815 0.987731 0.976614 0.95826 0.925096 0.910009 0.882455 0.854702 0.76112 0.800979 0.72762 0.681084 0.672207
threshold=-54.442500000000003 -5.4410000000000132 0.85758333333333392 -10.417499999999988 0.0089713671917674605 0.04489985496602001 4.9400000000008744 -166.39949999999996 1.7400000000000009 0.061204343749087918 0.070411094637924304 0.10740000000000063 -2.7461999999999964 14.490500000000006 11.744000000000012 2.4599999999991273 83.280909469160562 0.30510000000000087 8.5959999999999983 7.2229586547185534 -0.10835613094779681 0.046723101570922417 -31.214999999999993 28.566499999999987 0.26400000000000418 377.03124568001311 99.999999900495069 2.8280666666666687 0.072818779544731357 0.33225000000000116
decision_type=2 2 2 2 2 2 2 2 2 2 2 2 2 2 2 2 2 2 2 2 2 2 2 2 2 2 2 2 2 2
left_child=2 4 14 10 6 29 21 8 -4 12 22 19 20 -14 17 -5 18 -1 -17 -8 -9 -2 -3 -24 -23 26 -19 -11 -7 -6
right_child=1 3 7 15 5 28 11 9 -10 27 -12 -13 13 -15 -16 16 -18 25 -20 -21 -22 24 23 -25 -26 -27 -28 -29 -30 -31
leaf_value=-0.00020714044447284208 -4.9233616845541586e-05 0.0013740728722904203 -0.00013497383904656114 -0.0002538777968784789 -8.9716442293409748e-05 -0.00024092605077461431 0.00027184707838916492 0.00092840505300046067 0.0019456847993060756 -0.00096474664550292297 0.00086870705166864075 0.0007194118843943712 0.0010219242305470413 -0.00049667449196440293 -0.00098201875059130859 1.6907798939957417e-05 -0.00037653623858511918 0.00083356253233771518 -0.00013657273066862972 -0.00087913128881870464 -0.0012709969307000463 0.00023420017652595087 -0.00012647384167818011 0.00045002708304465826 -0.0001357747078248713 6.2559571180753447e-05 -3.355717092171597e-07 0.00089317904732366584 -0.00063919407892387519 0.0002072748434508409
leaf_weight=1175 18016 215 292 31543 4797 7708 17286 128 1118 316 1289 3246 3986 274 339 28630 5846 2335 40496 300 208 12586 3558 1514 3116 1157 574 115 2210 8363
leaf_count=1175 18016 215 292 31543 4797 7708 17286 128 1118 316 1289 3246 3986 274 339 28630 5846 2335 40496 300 208 12586 3558 1514 3116 1157 574 115 2210 8363
internal_value=7.86091e-14 -3.75828e-05 0.000596468 -0.00012034 8.29802e-05 -8.52157e-05 0.000154137 0.000889465 0.0015148 0.000714069 0.000250386 0.000325011 0.000825015 0.000924249 0.00025847 -0.000143228 -9.66736e-05 0.000338708 -7.30055e-05 0.000252213 -0.00043313 4.85668e-05 9.96355e-05 4.56126e-05 0.00016078 0.000496448 0.000669019 -0.000469012 -0.000329671 9.90175e-05
internal_weight=202736 190719 12017 113091 77628 23078 54550 6437 1410 5027 6576 20832 4596 4260 5580 106515 74972 5241 69126 17586 336 33718 5287 5072 15702 4066 2909 431 9918 13160
internal_count=202736 190719 12017 113091 77628 23078 54550 6437 1410 5027 6576 20832 4596 4260 5580 106515 74972 5241 69126 17586 336 33718 5287 5072 15702 4066 2909 431 9918 13160
is_linear=0
shrinkage=0.02


Tree=115
num_leaves=31
num_cat=0
split_feature=34 9 45 43 45 43 44 5 43 43 41 34 45 30 44 29 34 45 43 44 44 9 44 34 34 9 5 9 45 45
split_gain=7.98339 4.29763 3.38774 3.2891 2.97377 2.94281 2.32341 2.01573 1.79786 1.56377 1.53887 1.15499 1.05756 1.03801 1.0252 0.98655 0.94858 0.864088 0.783259 0.74615 0.731103 0.726892 0.695821 0.787687 0.645436 0.838441 0.733116 0.619607 0.584029 0.582699
threshold=-0.037240706915477303 -2.6369999999999996 0.033189892578358263 20.519999999999715 0.033803875075718678 11.740000000000874 -0.53818578318979238 -0.51939999999999942 4.9800000000002926 3.0800000000002914 20.318725098758538 0.0047955310433470824 0.066298545810673792 4.0499999999956353 1.5529035827011366 0.014266397451301318 -0.0071374498004916206 0.039730076674845127 12.9699999999968 -0.25429840981312651 2.0986806385802028 5.7120000000000051 3.6600125406477528 -0.077864218579604044 0.020716296794778176 -31.214999999999993 0.059099999999999785 13.950500000000003 0.075431861804085565 0.072460296408940902
decision_type=2 2 2 2 2 2 2 2 2 2 2 2 2 2 2 2 2 2 2 2 2 2 2 2 2 2 2 2 2 2
left_child=3 2 14 10 8 7 16 -4 21 -9 22 13 -5 -8 15 -2 -6 -12 19 -10 -20 -3 23 -1 26 -26 -7 -18 -25 -13
right_child=1 4 5 12 6 24 11 9 18 -11 17 29 -14 -15 -16 -17 27 -19 20 -21 -22 -23 -24 28 25 -27 -28 -29 -30 -31
leaf_value=0.00068626653664489599 -0.00013844801226409789 -0.00012743006977552037 -0.00033947070484096454 0.00099866806025615952 0.00015389020488235089 0.00073849074330213833 -0.00023809013764608422 4.1636548139834919e-05 0.00026653498951204155 0.000314778517553298 0.00026087004304812281 -0.00031974690032249726 0.0022150093582375429 0.00014308750394302893 -0.00041381579185801747 0.00016292268871034645 -8.7889739574333292e-05 0.00068929321042968149 0.00071289389117038427 -8.1188151796268893e-06 -0.00028284253434286059 0.00011102918584473847 -0.0013432322949534063 -4.8827167873860037e-08 0.0013808213894224268 -9.8003461249997293e-05 0.0015235415794134799 -0.00050587055317410294 0.00059335938635933516 -0.00055209889062490705
leaf_weight=953 13495 25031 3018 1064 6766 1705 13755 14496 7663 19885 3062 19524 391 3607 3473 6408 21873 4891 1697 8180 357 6426 127 5632 209 576 660 1517 752 5543
leaf_count=953 13495 25031 3018 1064 6766 1705 13755 14496 7663 19885 3062 19524 391 3607 3473 6408 21873 4891 1697 8180 357 6426 127 5632 209 576 660 1517 752 5543
internal_value=6.50723e-14 -3.78132e-05 9.50127e-05 0.000416555 -0.000107446 0.000205559 -0.000188888 0.000156111 1.23318e-05 0.000199614 0.000330769 -0.000284283 0.00132553 -0.0001589 -9.67458e-05 -4.14182e-05 -5.46689e-05 0.000524345 0.000172367 0.000124727 0.000539828 -7.87179e-05 0.000124511 0.000149917 0.000792637 0.000295722 0.000957575 -0.000114999 6.98514e-05 -0.000371126
internal_weight=202736 185864 63925 16872 121939 40549 72585 37399 49354 34381 15417 42429 1455 17362 23376 19903 30156 7953 17897 15843 2054 31457 7464 7337 3150 785 2365 23390 6384 25067
internal_count=202736 185864 63925 16872 121939 40549 72585 37399 49354 34381 15417 42429 1455 17362 23376 19903 30156 7953 17897 15843 2054 31457 7464 7337 3150 785 2365 23390 6384 25067
is_linear=0
shrinkage=0.02


Tree=116
num_leaves=31
num_cat=0
split_feature=10 10 34 10 9 45 5 34 43 34 44 5 42 13 34 44 10 45 10 9 10 44 10 13 34 10 34 44 43 43
split_gain=10.7744 4.24292 3.47911 2.06089 2.2602 1.96612 1.7673 1.67695 1.61812 1.62828 1.50409 1.39598 1.36956 1.2735 1.2727 1.15585 1.58509 1.09297 1.02844 0.832546 0.831977 0.771828 1.96941 0.8414 0.741995 0.711677 0.709664 0.703451 0.751431 0.673961
threshold=-35.575499999999998 -116.33499999999999 -0.017316902058194916 8.5959999999999983 -15.052999999999995 0.068453763641211987 -0.24089999999999848 -0.065533267403222698 2.7399999999979632 0.0089713671917674605 -0.81930252960381511 -2.7461999999999964 0.12564897806202924 0.44999999999999846 0.03946654320046826 -0.41212650489820046 82.286500000000004 0.02581645090931815 -209.34899999999996 55.303000000000004 19.063999999999989 -0.94839301659854947 -138.12749999999997 0.42100000000000132 -0.070498786730593274 -13.847000000000014 0.065064307952460362 0.23589529786104249 2.5800000000002914 17.440000000000875
decision_type=2 2 2 2 2 2 2 2 2 2 2 2 2 2 2 2 2 2 2 2 2 2 2 2 2 2 2 2 2 2
left_child=1 18 5 6 10 12 -4 -3 25 -10 20 -9 24 -13 -15 16 -6 -12 -1 -17 -5 22 -20 -23 -2 -8 -25 28 -14 -7
right_child=2 7 3 4 15 29 8 11 9 -11 17 13 27 14 -16 19 -18 -19 21 -21 -22 23 -24 26 -26 -27 -28 -29 -30 -31
leaf_value=0.0016881269602742411 0.0004111885051842499 0.0010902011910595051 -0.00033739800754644479 0.00072495361371163638 -0.00014389283807718177 0.00038621397920740429 2.3918540418897743e-05 -0.0012851988897573314 0.00017995755181110322 -5.4841270696105849e-05 -0.00080907405226355656 8.5459178410820998e-05 -2.4937812156253076e-05 0.00047920732378622976 -0.00018103954404632587 -0.00032152650642521154 0.00082707962381968177 0.00078628000213165194 0.00049998453614200284 0.00050039004501467577 0.0030895253770872422 -0.00065524643603252417 0.0038909666046121083 0.00094884041011006879 -0.00012725175077546433 -0.00017969217058812163 -0.00054892571057494287 3.0406372850354825e-05 0.00040566288725198867 0.0017324844567338006
leaf_weight=804 1103 998 7429 103 21720 6937 9630 234 23189 24084 247 8718 2161 10371 1316 27379 694 564 174 502 141 162 113 1819 14245 23929 136 7194 6488 152
leaf_count=804 1103 998 7429 103 21720 6937 9630 234 23189 24084 247 8718 2161 10371 1316 27379 694 564 174 502 141 162 113 1819 14245 23929 136 7194 6488 152
internal_value=1.11143e-17 0.000390139 -5.44884e-05 -0.000100802 -0.000201545 0.000114424 -4.21909e-05 0.000289501 -1.50594e-05 6.03355e-05 0.00071461 0.000250783 4.60913e-05 0.000268397 0.000404861 -0.000220762 -0.000113829 0.000300395 0.00106891 -0.000306728 0.00209137 0.000861819 0.00183511 0.000729871 -8.85562e-05 -0.000121265 0.000844648 0.000176532 0.000298075 0.00041508
internal_weight=202736 24845 177891 139611 51350 38280 88261 21637 80832 47273 1055 20639 31191 20405 11687 50295 22414 811 3208 27881 244 2404 287 2117 15348 33559 1955 15843 8649 7089
internal_count=202736 24845 177891 139611 51350 38280 88261 21637 80832 47273 1055 20639 31191 20405 11687 50295 22414 811 3208 27881 244 2404 287 2117 15348 33559 1955 15843 8649 7089
is_linear=0
shrinkage=0.02


Tree=117
num_leaves=31
num_cat=0
split_feature=10 10 34 44 10 10 34 34 14 6 9 45 10 9 10 41 14 45 44 14 9 9 34 14 44 9 44 45 14 15
split_gain=10.3978 5.03593 2.9517 1.86965 1.6336 1.63473 1.53683 1.37417 1.30149 1.23857 1.36104 1.45158 1.14993 1.27047 2.86277 1.13733 1.11264 1.04373 1.03615 1.01386 0.959621 0.915002 0.800319 0.798722 0.782904 0.781694 0.725889 0.710341 0.707596 0.749294
threshold=-24.126500000000021 -101.7825 -0.027331438552363738 -0.09187511517335252 82.286500000000004 -4.3575000000000141 -0.037240706915477303 -0.038177109550729331 0.27740000000000176 -1.2029666666666667 1.3800000000000148 0.068453763641211987 11.767499999999986 55.303000000000004 51.214499999999994 26.855995260359688 1.9310500000000015 0.01601753779004764 3.3560177182225739 0.57721666666666771 -10.170999999999987 -23.175499999999992 -0.077864218579604044 0.65630000000000144 0.1227902617693799 -28.497999999999994 1.6212821392225631 0.075431861804085565 3.7055333333333342 10.108610459382717
decision_type=2 2 2 2 2 2 2 2 2 2 2 2 2 2 2 2 2 2 2 2 2 2 2 2 2 2 2 2 2 2
left_child=1 6 15 4 5 8 18 28 -4 -9 16 -12 23 21 -15 22 -11 -6 24 -8 -7 -14 -2 -5 -1 -26 -25 -24 29 -3
right_child=2 7 3 12 17 20 19 9 -10 10 11 -13 13 14 -16 -17 -18 -19 -20 -21 -22 -23 27 26 25 -27 -28 -29 -30 -31
leaf_value=0.0011986384872952277 0.00060884918029782892 0.00054534509836871273 -7.2781871603480342e-05 -0.00016732698326387459 -0.0004696980088913036 0.00028784042328546981 -0.00035127108425927594 -0.0009266370690017414 0.00020717339242684669 0.00023518198705259414 6.3477694205941771e-05 -0.00072495239798264159 0.0012228506770292082 0.0037259077951079236 -6.9140467864608864e-05 0.00036949690257938561 0.0010567968389522493 0.0011406254707277232 -0.00023300499630879911 0.00084901102467197257 -0.00013129125152567774 -0.00033438372962798981 -4.9113839020016226e-05 0.00021062030527353709 0.0018275732310036675 0.0035096403674628493 -0.00015898227944470143 0.00045423644805311323 0.0020125643350456814 -0.0011817338027385544
leaf_weight=469 945 4110 12266 32026 206 2284 316 408 14488 22716 6792 1083 152 100 388 6750 679 737 112 2578 50429 21429 10611 4871 379 156 3771 1254 128 103
leaf_count=469 945 4110 12266 32026 206 2284 316 408 14488 22716 6792 1083 152 100 388 6750 679 737 112 2578 50429 21429 10611 4871 379 156 3771 1254 128 103
internal_value=-7.42303e-15 0.000288769 -7.10426e-05 -0.000102531 -3.86866e-05 -4.85066e-05 0.000961089 0.000213919 7.88213e-05 0.00016819 0.000182474 -4.49502e-05 -0.000184361 -0.000300597 0.000708533 0.000159403 0.000259028 0.000788847 0.00159159 0.000717951 -0.000113131 -0.000323416 4.86985e-05 -0.000121285 0.00179514 0.00231805 4.93415e-05 4.08475e-06 0.000547629 0.000503121
internal_weight=202736 40029 162707 143147 80410 79467 4010 36019 26754 31678 31270 7875 62737 22069 488 19560 23395 943 1116 2894 52713 21581 12810 40668 1004 535 8642 11865 4341 4213
internal_count=202736 40029 162707 143147 80410 79467 4010 36019 26754 31678 31270 7875 62737 22069 488 19560 23395 943 1116 2894 52713 21581 12810 40668 1004 535 8642 11865 4341 4213
is_linear=0
shrinkage=0.02


Tree=118
num_leaves=31
num_cat=0
split_feature=10 10 14 9 14 41 5 10 44 9 10 45 14 31 10 45 6 9 45 10 14 14 6 10 9 9 45 45 9 44
split_gain=10.0142 4.19235 2.61549 2.11203 1.99455 1.80453 1.7541 1.60836 1.57291 1.31481 1.27901 1.27114 1.24926 1.23573 1.17818 1.16737 1.16439 1.10282 2.31874 1.23877 1.05422 1.04137 1.03896 1.02603 1.29202 0.968408 0.982751 0.955177 1.68136 0.948772
threshold=-54.442500000000003 -5.4410000000000132 0.85758333333333392 -10.417499999999988 0.28980000000000117 73.311897102815678 -0.25999999999999962 -76.424999999999997 -0.74994247347277343 11.744000000000012 91.561999999999998 0.041851851851696535 1.1100500000000013 -56.849999999998538 9.3559999999999928 0.055419867495200427 0.59236666666666704 3.4440000000000013 0.045816101284753642 -209.34899999999996 0.30510000000000087 1.5994166666666678 -0.3891500000000005 15.847499999999982 -17.737499999999979 12.143500000000008 0.019484403948367948 0.033189892578358263 11.4055 -0.40173684718654523
decision_type=2 2 2 2 2 2 2 2 2 2 2 2 2 2 2 2 2 2 2 2 2 2 2 2 2 2 2 2 2 2
left_child=2 4 9 8 -2 6 13 16 23 20 14 -10 -8 -6 -5 -7 17 19 -19 -4 -1 -13 -22 -3 -25 26 -12 -9 -29 -16
right_child=1 3 7 10 5 15 12 27 11 -11 25 21 -14 -15 29 -17 -18 18 -20 -21 22 -23 -24 24 -26 -27 -28 28 -30 -31
leaf_value=-0.00020650698708449589 -6.8567147305604464e-05 0.00029691525487051009 0.0017680010704702585 -7.1058507503011183e-05 0.00045788537844679186 2.3823425768025432e-05 0.00023357747462681919 -0.00025301135623047235 -0.00035397673417571733 -0.00096405051737009494 -0.00022194292441674729 0.00020104342034438748 0.00067224351601176044 -9.3350117774798464e-05 -0.00011252643217148096 -0.00052656247826658959 -0.00056025998947277131 0.0030154464132495784 -0.00048578197684358152 0.00083981860053012009 -0.00076750145274216285 0.0016144440343924921 0.00055598755313237072 0.0027626973931263723 0.00084305577644139653 -6.9511082220717274e-05 0.0014082817200430757 0.00092938630946308247 -0.0015456332166805162 -0.00027834863533659831
leaf_weight=1175 25145 938 698 49052 1926 5033 29991 682 1902 339 204 2695 2843 10468 24667 2222 175 293 102 3268 253 226 3813 180 635 720 538 1097 122 31334
leaf_count=1175 25145 938 698 49052 1926 5033 29991 682 1902 339 204 2695 2843 10468 24667 2222 175 293 102 3268 253 226 3813 180 635 720 538 1097 122 31334
internal_value=-1.43907e-13 -3.52838e-05 0.00055998 -0.000112972 7.78955e-05 0.000148067 0.000195036 0.000834696 0.000234876 0.000243072 -0.000134448 4.83957e-05 0.00027156 -7.68935e-06 -0.000142624 -0.000144744 0.00103936 0.00110355 0.00211133 0.00100317 0.000321152 0.000310399 0.000473636 0.000747936 0.00126703 0.000453031 0.00096008 0.000346352 0.000681681 -0.000205308
internal_weight=202736 190719 12017 113091 77628 52483 45228 6437 6576 5580 106515 4823 32834 12394 105053 7255 4536 4361 395 3966 5241 2921 4066 1753 815 1462 742 1901 1219 56001
internal_count=202736 190719 12017 113091 77628 52483 45228 6437 6576 5580 106515 4823 32834 12394 105053 7255 4536 4361 395 3966 5241 2921 4066 1753 815 1462 742 1901 1219 56001
is_linear=0
shrinkage=0.02


Tree=119
num_leaves=31
num_cat=0
split_feature=10 10 34 45 45 14 14 33 6 1 1 44 43 14 40 34 10 45 6 33 44 44 13 14 44 34 6 34 44 45
split_gain=9.64412 3.55486 3.41033 3.33996 2.68459 1.76163 1.55705 1.48098 1.36371 1.35289 1.61763 1.24103 1.49112 1.20439 1.04805 1.01115 0.930554 0.890931 0.849134 0.845252 0.74682 1.93501 0.784468 0.743192 0.852461 0.73912 0.71348 0.717868 0.673279 0.669415
threshold=-38.058000000000007 -116.33499999999999 0.0018236664560350496 0.05949999999981765 0.047329919044395839 0.6757000000000013 0.30270000000000113 0.0070502264282768425 -0.46740000000000015 15000000.000000002 1.0000000180025095e-35 0.45653773963412098 4.3800000000002912 2.3338833333333349 85.252627389397091 0.035570796605549411 -209.34899999999996 0.072818779544731357 -0.98366666666666713 0.0021297497710392661 -0.94839301659854947 -1.7124149432366236 0.35873333333333385 1.1100500000000013 0.33298461535451623 -0.05842326121061308 -0.98366666666666713 0.026827971701291989 3.3560177182225739 0.077509941143223529
decision_type=2 2 2 2 2 2 2 2 2 2 2 2 2 2 2 2 2 2 2 2 2 2 2 2 2 2 2 2 2 2
left_child=1 16 3 7 14 19 -3 11 25 10 18 12 -2 -10 23 -12 -1 -6 -8 29 21 -18 -22 24 -4 -7 -11 -28 -24 -5
right_child=2 6 4 5 17 8 9 -9 13 26 15 -13 -14 -15 -16 -17 20 -19 -20 -21 22 -23 28 -25 -26 -27 27 -29 -30 -31
leaf_value=0.0015963424978941133 -9.6170896148338014e-05 -0.00010665566357875293 8.1701284198173928e-05 3.3139026962618406e-05 -0.00020985578997424588 0.00074225565123024544 -0.0010270864863490242 0.00036522623774556994 0.00067906249770555789 -0.0012115537889345934 0.00072859767894963619 -0.00019324256425308606 0.00013321582405459705 0.0027388725086497385 -0.00016017350777922757 6.7852385466288405e-05 -0.00047796605308540166 -0.000432724029024347 0.00022300167570705494 0.00052312365197213818 -0.0008763074761897814 0.0029686442756356752 0.00086191959408842803 0.00038140426858295157 -0.0001622216277084067 -0.00028530768029387982 0.00023418742277296606 -0.00049406576610811295 -0.00079094172922151095 0.00032081277520531174
leaf_weight=804 28128 3308 18205 14013 28124 392 230 3457 3846 174 6904 19560 18987 117 17903 1070 100 9632 3951 2102 122 187 1891 2277 8364 980 2933 664 104 4207
leaf_count=804 28128 3308 18205 14013 28124 392 230 3457 3846 174 6904 19560 18987 117 17903 1070 100 9632 3951 2102 122 187 1891 2277 8364 980 2933 664 104 4207
internal_value=-1.29327e-13 0.000390981 -4.86672e-05 3.30326e-05 -0.000141276 0.000228286 0.000288181 -3.83985e-05 0.000551731 0.000370193 0.000472866 -5.93258e-05 -3.72973e-06 0.000739874 -3.99705e-05 0.000639935 0.00100733 -0.000266712 0.000154233 0.000143374 0.000810342 0.00176773 0.000680549 3.46325e-05 4.91363e-06 8.28184e-06 3.92473e-05 9.97531e-05 0.000775755 9.95629e-05
internal_weight=202736 22442 180294 95789 84505 25657 19234 70132 5335 15926 12155 66675 47115 3963 46749 7974 3208 37756 4181 20322 2404 287 2117 28846 26569 1372 3771 3597 1995 18220
internal_count=202736 22442 180294 95789 84505 25657 19234 70132 5335 15926 12155 66675 47115 3963 46749 7974 3208 37756 4181 20322 2404 287 2117 28846 26569 1372 3771 3597 1995 18220
is_linear=0
shrinkage=0.02


Tree=120
num_leaves=31
num_cat=0
split_feature=10 10 41 44 14 14 6 14 45 6 6 45 14 10 10 14 9 10 44 9 10 10 10 5 10 9 44 10 14 9
split_gain=9.34133 4.4383 2.37022 1.82942 2.33998 1.61944 2.42396 1.89524 1.79701 1.7717 1.52827 1.38615 1.30676 1.48237 1.26909 1.51246 1.2642 1.15636 1.03364 1.08363 0.893704 0.892941 0.890805 0.820904 0.809171 2.07636 0.717246 1.86446 0.778045 1.75625
threshold=-24.126500000000021 -116.33499999999999 75.286886012984112 -0.14274910758042661 0.56763333333333454 0.91085000000000049 -0.73481666666666701 3.1651000000000011 0.041851851851696535 0.59236666666666704 0.39646666666666613 0.046112632898555529 1.1814666666666676 11.767499999999986 -4.3575000000000141 0.27740000000000176 -19.967499999999987 55.133999999999993 -1.173550579414735 1.3800000000000148 -209.34899999999996 104.706 -56.553500000000007 0.063600000000000448 44.904999999999994 44.40750000000002 -0.94839301659854947 -138.12749999999997 1.4308666666666683 -9.9359999999999893
decision_type=2 2 2 2 2 2 2 2 2 2 2 2 2 2 2 2 2 2 2 2 2 2 2 2 2 2 2 2 2 2
left_child=1 20 3 4 14 10 11 9 -9 -8 18 -7 13 23 15 -2 -15 -16 -3 -20 -1 -6 -13 -5 25 -14 27 -22 -28 -30
right_child=2 5 -4 12 21 6 7 8 -10 -11 -12 22 24 16 17 -17 -18 -19 19 -21 26 -23 -24 -25 -26 -27 28 -29 29 -31
leaf_value=0.0015644156522962723 -6.2823094880532621e-05 0.00042392187450522286 -0.00024261085706172428 -0.00013327520285221658 0.00025147805279894818 -0.00075880242544809813 0.00066173910179331743 0.00068907490732004486 0.0044620229860302067 -0.00097501059851997089 -0.0015820325666068905 0.00079226439066883733 0.00023576789089622177 0.0010857747028369957 -0.00010474736040179667 0.00027750809039529952 -0.00031948374610350045 0.00054846706819487116 0.00017459713602146679 -0.00014172381723455047 0.00043331597391087776 0.0013553629811436016 -0.0002296794466612503 6.7730146685563019e-05 -0.00017116011823647861 0.0029932175369218124 0.00024480945388423989 0.0037327088354839489 0.00068167778169552135 0.0028310065396556943
leaf_weight=804 10457 4637 25941 28666 12768 839 5879 102 100 277 205 673 4419 260 37839 10436 16952 1116 17679 5738 174 300 692 11343 2098 112 957 113 980 180
leaf_count=804 10457 4637 25941 28666 12768 839 5879 102 100 277 205 673 4419 260 37839 10436 16952 1116 17679 5738 174 300 692 11343 2098 112 957 113 980 180
internal_value=3.97364e-14 0.000273706 -6.73369e-05 -3.40919e-05 3.43569e-05 0.000211545 0.00045251 0.000650641 0.00255687 0.000588091 0.000138536 -0.000119047 -0.00011226 -0.000143056 -1.85856e-05 0.000107171 -0.000298256 -8.60338e-05 0.000151109 9.70872e-05 0.000987186 0.00027682 0.00027418 -7.62879e-05 0.000153568 0.000303928 0.000794135 0.00173238 0.000666938 0.00101519
internal_weight=202736 40029 162707 136766 72916 36821 8562 6358 202 6156 28259 2204 63850 57221 59848 20893 17212 38955 28054 23417 3208 13068 1365 40009 6629 4531 2404 287 2117 1160
internal_count=202736 40029 162707 136766 72916 36821 8562 6358 202 6156 28259 2204 63850 57221 59848 20893 17212 38955 28054 23417 3208 13068 1365 40009 6629 4531 2404 287 2117 1160
is_linear=0
shrinkage=0.02


Tree=121
num_leaves=31
num_cat=0
split_feature=10 10 34 5 34 43 45 34 5 14 6 6 43 45 34 44 10 42 44 13 42 14 10 43 44 14 34 14 33 45
split_gain=8.97141 4.26254 2.7234 1.86155 1.94979 2.5949 2.17096 1.68594 2.08434 1.77004 1.57331 1.46114 1.27158 0.924114 0.879795 1.11007 1.49149 0.877425 0.834123 0.955472 0.810617 0.686221 1.14201 0.697315 0.653563 0.954918 0.586921 0.562499 0.552043 0.504826
threshold=-24.126500000000021 -116.33499999999999 -0.031648573650806804 -0.27360000000000068 0.0089713671917674605 6.9400000000008744 0.047329919044395839 -0.065533267403222698 -1.4863999999999982 0.91085000000000049 -0.84406666666666685 0.39646666666666613 2.039999999997963 0.072460296408940902 -0.038177109550729331 -0.95966706358650977 -138.12749999999997 0.25136141152443836 -0.67259257252276716 0.36153333333333282 0.99091917319776956 1.4308666666666683 -166.39949999999996 6.2800000000002916 3.0021259773618425 1.7400000000000009 -0.088155083954746957 3.7055333333333342 -0.014565734105968004 0.053400395940931031
decision_type=2 2 2 2 2 2 2 2 2 2 2 2 2 2 2 2 2 2 2 2 2 2 2 2 2 2 2 2 2 2
left_child=1 14 13 -4 5 12 20 27 29 11 -11 -10 -5 18 24 16 -16 -7 19 -2 -6 23 -23 -17 25 -1 -20 -3 -28 -9
right_child=2 7 3 4 6 17 -8 8 9 10 -12 -13 -14 -15 15 21 -18 -19 26 -21 -22 22 -24 -25 -26 -27 28 -29 -30 -31
leaf_value=0.0004523319872732627 -3.2032802123929934e-05 0.00077577348685244454 -0.00032376067447185432 -0.00016173043336695952 9.7266242045451058e-06 2.9042773126677527e-06 -0.00029581333850013566 -0.0013529678620807317 0.00014436161214094725 -0.00026093757151200199 0.00060919989572808203 -0.001550391909064407 1.4182486195250356e-05 0.00058181101069731619 0.00066642764283526216 0.0012938736288768229 0.0038723370115706719 0.00040536195853827601 0.00067630349453354926 0.0007235952175542017 -0.00026218996684804034 0.001449896822878972 0.00019472997926272295 -8.0397505402620846e-05 6.089198467142265e-05 0.0021124983224715226 -5.1644559599494587e-05 0.0022162696457381885 0.00038042087379405471 -0.0002996839656820059
leaf_weight=182 1091 1221 12708 26319 22901 3075 25853 400 27583 965 5994 205 43773 2061 133 186 103 7337 556 1732 5424 704 493 717 109 581 8503 119 1374 334
leaf_count=182 1091 1221 12708 26319 22901 3075 25853 400 27583 965 5994 205 43773 2061 133 186 103 7337 556 1732 5424 704 493 717 109 581 8503 119 1374 334
internal_value=-9.99066e-14 0.000268232 -6.59902e-05 -9.23678e-05 -7.05345e-05 -8.1077e-06 -0.000163296 0.000207314 0.000181014 0.000203293 0.000488538 0.000131859 -5.18714e-05 0.000187832 0.000967442 0.000765081 0.00206562 0.000286503 0.000126577 0.000431569 -4.23431e-05 0.000618926 0.00093294 0.000202675 0.00150954 0.0017165 4.40515e-05 0.000903698 8.46052e-06 -0.000873681
internal_weight=202736 40029 162707 147390 134682 80504 54178 36821 35481 34747 6959 27788 70092 15317 3208 2336 236 10412 13256 2823 28325 2100 1197 903 872 763 10433 1340 9877 734
internal_count=202736 40029 162707 147390 134682 80504 54178 36821 35481 34747 6959 27788 70092 15317 3208 2336 236 10412 13256 2823 28325 2100 1197 903 872 763 10433 1340 9877 734
is_linear=0
shrinkage=0.02


Tree=122
num_leaves=31
num_cat=0
split_feature=34 9 45 45 14 14 14 44 6 34 6 14 44 14 9 41 29 36 9 44 7 14 9 14 45 34 44 14 34 45
split_gain=6.59492 3.488 3.20346 2.99145 2.94461 2.84476 2.18432 1.74837 1.58468 1.99566 1.46646 2.29417 1.41448 1.13624 2.23054 1.09553 0.985983 0.948078 0.925519 1.10406 0.870387 0.857497 0.801252 0.782971 0.754985 0.743744 0.686195 0.670643 0.669685 0.612363
threshold=-0.037240706915477303 -1.3690000000000007 0.033803875075718678 0.033189892578358263 1.1100500000000013 2.3338833333333349 0.47291666666666748 -0.53818578318979238 -0.35843333333333355 0.029145417461587667 -0.16560000000000011 0.4160000000000012 1.721909917657346 0.59811666666666752 13.950500000000003 20.318725098758538 0.014266397451301318 7.5000000000000009 55.303000000000004 2.1422487497984015 1.6652102119111807 1.1100500000000013 7.1985000000000046 3.1651000000000011 0.066298545810673792 -0.077864218579604044 1.6212821392225631 1.3876333333333342 0.014734690150940173 0.029067457278993607
decision_type=2 2 2 2 2 2 2 2 2 2 2 2 2 2 2 2 2 2 2 2 2 2 2 2 2 2 2 2 2 2
left_child=5 3 6 16 10 15 22 13 23 -10 20 -12 21 -4 -15 25 -2 -7 28 -20 -5 -8 -3 -6 -19 -1 -18 -14 -9 -17
right_child=1 2 7 4 8 17 12 18 9 -11 11 -13 27 14 -16 29 26 24 19 -21 -22 -23 -24 -25 -26 -27 -28 -29 -30 -31
leaf_value=0.000609205324938691 -0.00017072041639275301 -0.0001065460355549979 -0.00012114164657262926 -1.3249407251625884e-05 0.00017489722829144302 0.00010027356120945814 0.0002458642050106031 -0.00021711883603467303 0.0013609415906920522 -0.00019372098433538749 6.8686285889920393e-05 0.00043931396646136963 -0.00042503718752641911 0.00058570449167153111 -0.00052272542198036258 0.00017376194028166059 0.00015440082014182087 0.0010667562969233454 0.0020366795718468524 -7.194318186352184e-05 -0.00055203629194845163 0.00070469263780379267 0.00022106487636712826 0.001107949826124719 0.0020875891154450705 4.022457974444646e-05 -0.00029030394939123241 0.00043722931545698987 -0.00038499336620673695 0.00056863418388080256
leaf_weight=1074 19723 26339 23278 10499 2313 260 9489 21677 1665 412 20914 9816 1660 2503 1023 2163 7916 824 148 302 1354 1967 3368 426 447 6365 1683 461 16928 5739
leaf_count=1074 19723 26339 23278 10499 2313 260 9489 21677 1665 412 20914 9816 1660 2503 1023 2163 7916 824 148 302 1354 1967 3368 426 447 6365 1683 461 16928 5739
internal_value=3.00403e-14 -3.43681e-05 -0.000107009 6.89702e-05 0.000167196 0.000378603 2.66465e-05 -0.00019485 0.000635938 0.00105255 0.000114183 0.000187075 0.000236808 -7.04621e-05 0.000264115 0.000296562 -8.98119e-05 0.00120067 -0.000280219 0.000621559 -7.47965e-05 0.000324645 -6.94035e-05 0.000320016 0.00142577 0.000122371 7.64304e-05 -0.000237623 -0.000290731 0.000460547
internal_weight=202736 185864 109143 76721 47399 16872 43284 65859 4816 2077 42583 30730 13577 26804 3526 15341 29322 1531 39055 450 11853 11456 29707 2739 1271 7439 9599 2121 38605 7902
internal_count=202736 185864 109143 76721 47399 16872 43284 65859 4816 2077 42583 30730 13577 26804 3526 15341 29322 1531 39055 450 11853 11456 29707 2739 1271 7439 9599 2121 38605 7902
is_linear=0
shrinkage=0.02


Tree=123
num_leaves=31
num_cat=0
split_feature=10 10 14 9 14 41 5 10 44 9 10 45 45 9 9 14 6 6 43 12 31 9 45 45 14 10 14 6 9 45
split_gain=8.48184 3.382 2.58595 2.07698 1.88944 1.78668 1.84914 1.61515 1.38617 1.22475 1.20647 1.1534 1.13742 1.79499 1.11134 1.17985 1.16317 1.09639 1.09567 1.4578 1.07805 1.06778 2.19558 1.15139 0.981197 0.949446 1.34561 0.906895 0.904099 0.935049
threshold=-47.616000000000007 -2.8685000000000165 0.85758333333333392 -10.417499999999988 0.28980000000000117 85.0934003286646 -0.25999999999999962 -76.424999999999997 -0.74994247347277343 0.33099999999998986 91.561999999999998 0.043978728886066382 0.033499723145039101 11.05500000000001 11.744000000000012 0.30270000000000113 -0.19428333333333342 0.59236666666666704 12.51999999999971 1.052500000000004 -56.849999999998538 3.4440000000000013 0.045481304270772314 0.011384814444905264 1.5994166666666678 14.77249999999998 0.76196666666666768 -0.59721666666666684 12.143500000000008 0.019484403948367948
decision_type=2 2 2 2 2 2 2 2 2 2 2 2 2 2 2 2 2 2 2 2 2 2 2 2 2 2 2 2 2 2
left_child=2 4 14 8 -2 6 20 17 25 -8 18 -10 -9 27 15 -1 -17 21 -5 -20 -6 23 -23 -4 -13 -3 -27 -14 29 -12
right_child=1 3 7 10 5 -7 9 12 11 -11 28 24 13 -15 -16 16 -18 -19 19 -21 -22 22 -24 -25 -26 26 -28 -29 -30 -31
leaf_value=-0.00018796872526609019 -7.4568670951845605e-05 0.00022941982450036622 -7.9924193478202971e-05 -0.000160585732558424 0.00038002156671728738 -0.00034416617318910382 0.00030483453574621782 -0.00020179251373269883 -0.00030446124740245774 7.3770466816831386e-05 -0.00022833035728955808 0.00023430393564694081 0.00018484943110586572 -0.0015950894225528814 -0.00087080717436374081 -7.4906546177300399e-05 0.00057046172543590229 -0.00059479149666481778 0.00061225062772696866 -9.3440160666918449e-05 -0.0001338329419362569 0.0029027550670844776 -0.00048287939542765695 0.0010369668666867519 0.0017171819875744104 0.00072224031407751256 0.0025018857274096574 0.0011561523442661923 -7.0169098291949516e-05 0.0013618374142177066
leaf_weight=1822 28610 747 412 90731 1923 3060 25142 982 1907 14449 204 2232 590 133 368 1528 4154 175 1726 3641 10834 291 104 3554 194 628 233 1104 720 538
leaf_count=1822 28610 747 412 90731 1923 3060 25142 982 1907 14449 204 2232 590 133 368 1528 4154 175 1726 3641 10834 291 104 3554 194 628 233 1104 720 538
internal_value=5.64058e-14 -3.68512e-05 0.000454117 -0.000113377 5.74203e-05 0.000125573 0.000153032 0.000724029 0.000249684 0.000220506 -0.000135486 6.358e-05 0.000347151 0.000642204 0.000202274 0.000254899 0.00039691 0.000957417 -0.000144161 0.000133506 -5.63741e-05 0.00101971 0.00201135 0.000920941 0.000352885 0.000751171 0.00120384 0.000817859 0.000434725 0.000924648
internal_weight=202736 187519 15217 103501 84018 55408 52348 7345 5941 39591 97560 4333 2809 1827 7872 7504 5682 4536 96098 5367 12757 4361 395 3966 2426 1608 861 1694 1462 742
internal_count=202736 187519 15217 103501 84018 55408 52348 7345 5941 39591 97560 4333 2809 1827 7872 7504 5682 4536 96098 5367 12757 4361 395 3966 2426 1608 861 1694 1462 742
is_linear=0
shrinkage=0.02


Tree=124
num_leaves=31
num_cat=0
split_feature=10 10 34 45 45 34 6 14 6 34 31 34 41 14 10 14 44 44 45 10 14 44 34 44 14 44 34 33 14 44
split_gain=8.16445 3.85366 2.54521 2.67241 1.82109 1.53446 1.78354 2.13261 1.57612 1.53264 1.45852 0.954216 1.14828 0.938235 0.814566 0.803005 0.836743 0.783571 0.772697 0.769451 0.721929 0.66926 0.744211 0.902504 0.627691 0.62516 0.572216 1.23983 0.519569 0.510439
threshold=-24.126500000000021 -116.33499999999999 -0.00022586565233413797 0.068453763641211987 0.047329919044395839 -0.065533267403222698 -0.98366666666666713 1.1100500000000013 0.39646666666666613 0.061204343749087918 7.3499999999985457 -0.0330218690192755 39.09774435920658 0.36090000000000089 -209.34899999999996 0.30940000000000017 1.6883562476704157 -0.67259257252276716 0.074306588158616335 2.1849999999999823 2.1761666666666684 3.3560177182225739 -0.070498786730593274 -0.94839301659854947 2.5471500000000016 -0.78964635593578758 0.014734690150940173 0.010917768212221178 3.7055333333333342 0.16437313015115834
decision_type=2 2 2 2 2 2 2 2 2 2 2 2 2 2 2 2 2 2 2 2 2 2 2 2 2 2 2 2 2 2
left_child=1 14 3 10 15 28 24 8 -8 -9 11 17 -13 -5 -1 -4 19 -2 26 -17 25 22 29 -24 -7 -15 27 -6 -3 -16
right_child=2 5 4 13 18 6 7 9 -10 -11 -12 12 -14 20 21 16 -18 -19 -20 -21 -22 -23 23 -25 -26 -27 -28 -29 -30 -31
leaf_value=0.0014717945238121569 0.00044344331023430837 0.00073937933732953613 -0.00015464546981442071 0.00011468427675811324 -0.0001817498220371281 -0.0010999293323395506 0.00015074232736939159 0.00071567709038442581 -0.0011955001767769732 -0.00052805250684399006 0.00039805244955881832 -0.00016544052437135069 2.3788123787428289e-05 0.00084298774961579122 0.0008672212396595569 0.00019261941428693228 -0.00024736122657410727 3.1881253915831559e-05 -0.00041347199528706939 -4.0223584547039751e-05 0.0021105367550187095 -0.00083289701838601534 0.00180046632822603 0.0005170498424909391 -6.178939775192962e-05 0.00033739654160575504 -0.00027717816076218953 0.00034244390792623425 0.0021238144180353948 0.0026002039628039149
leaf_weight=804 2331 1221 19149 5642 11671 570 29562 4165 352 438 3045 30471 22153 1243 128 10070 4142 8975 8259 13013 106 104 250 1777 394 4593 15709 2135 119 145
leaf_count=804 2331 1221 19149 5642 11671 570 29562 4165 352 438 3045 30471 22153 1243 128 10070 4142 8975 8259 13013 106 104 250 1777 394 4593 15709 2135 119 145
internal_value=4.53728e-14 0.000255884 -6.29524e-05 1.89154e-05 -0.000139383 0.000197962 0.000172871 0.000196568 0.000134901 0.00059733 -2.95975e-05 -4.99665e-05 -8.57814e-05 0.000299401 0.000920714 -5.5411e-05 1.43867e-05 0.000116735 -0.000242472 6.13546e-05 0.000474792 0.000736409 0.000807369 0.00067534 -0.000675627 0.000445082 -0.000194622 -0.000100687 0.000862325 0.00178767
internal_weight=202736 40029 162707 78559 84148 36821 35481 34517 29914 4603 66975 63930 52624 11584 3208 46374 27225 11306 37774 23083 5942 2404 2300 2027 964 5836 29515 13806 1340 273
internal_count=202736 40029 162707 78559 84148 36821 35481 34517 29914 4603 66975 63930 52624 11584 3208 46374 27225 11306 37774 23083 5942 2404 2300 2027 964 5836 29515 13806 1340 273
is_linear=0
shrinkage=0.02


Tree=125
num_leaves=31
num_cat=0
split_feature=10 34 10 14 34 10 5 14 44 6 9 10 44 9 14 6 41 34 44 10 10 9 43 6 5 14 5 43 44 34
split_gain=7.87395 3.24471 2.59989 2.40652 1.6694 1.66591 1.64834 1.60176 1.48125 1.47793 1.10669 1.71007 1.65476 1.06617 1.13079 1.11656 1.04561 0.976927 0.95277 1.50697 0.973049 0.922369 0.913783 0.897862 0.774574 0.628179 0.590804 0.586974 0.58534 0.544927
threshold=-47.616000000000007 -0.032355303163540572 -2.8685000000000165 0.85758333333333392 0.061204343749087918 -76.424999999999997 -0.51939999999999942 1.1100500000000013 -0.15545151304991087 -0.73481666666666701 -14.611499999999994 15.847499999999982 -0.81930252960381511 11.744000000000012 0.30270000000000113 -0.19428333333333342 20.318725098758538 -0.0030932043882704245 -0.43286940254092526 82.286500000000004 9.9334999999999898 10.170500000000009 2.9800000000002913 0.020933333333332728 -2.7461999999999964 2.8280666666666687 -1.4863999999999982 12.319999999999711 -0.18136230115127699 0.10738946363118447
decision_type=2 2 2 2 2 2 2 2 2 2 2 2 2 2 2 2 2 2 2 2 2 2 2 2 2 2 2 2 2 2
left_child=3 16 6 13 5 22 26 8 -8 -9 11 -4 -13 14 -1 27 -2 -17 19 -12 -20 23 -5 -7 -24 29 -3 -16 -18 -6
right_child=1 2 10 4 25 21 7 9 -10 -11 18 12 -14 -15 15 17 28 -19 20 -21 -22 -23 24 -25 -26 -27 -28 -29 -30 -31
leaf_value=-0.00018742499810529571 5.6244855398435033e-05 -0.001249303633425992 -0.0002728410440130777 -0.00083367879870553121 -0.00031403252267629992 0.00033126547636821399 0.00010497287810654864 -0.00048947478459102664 -8.3189426411016935e-05 0.00066810812529302936 -8.7692489077159414e-05 0.0022024152270751075 0.00041939832800266488 -0.0008564589397144079 -0.00019308514792589781 0.00093725082474026755 0.00056222234904630252 0.0003089748611110071 -9.864693406661338e-05 0.00081185051589809749 -0.00027469107643850329 -0.00085180811018929672 0.00020943227790511874 0.0013753711347810076 0.001170585920790744 0.00061534216137814149 -0.00033573423556039906 0.0012477372102231181 0.00024079881100954725 -0.0019626455549633147
leaf_weight=1822 8572 316 1043 102 289 1985 38988 527 29320 2709 40209 274 867 368 1405 1628 3586 2526 21753 759 29714 219 369 395 3681 194 2724 123 6158 111
leaf_count=1822 8572 316 1043 102 289 1985 38988 527 29320 2709 40209 274 867 368 1405 1628 3586 2526 21753 759 29714 219 369 395 3681 194 2724 123 6158 111
internal_value=-1.03671e-13 -3.55061e-05 -6.28781e-05 0.000437541 0.000697921 0.000787359 2.54237e-05 4.48049e-05 2.42075e-05 0.00047959 -0.000132483 0.000312503 0.000847572 0.000194593 0.000246137 0.000385164 0.000217356 0.000555203 -0.000142996 -7.1027e-05 -0.000200284 0.000390261 0.00103593 0.000504552 0.00108301 -0.000318574 -0.000430697 -7.71027e-05 0.00035909 -0.000771523
internal_weight=202736 187519 169203 15217 7345 6751 74584 71544 68308 3236 94619 2184 1141 7872 7504 5682 18316 4154 92435 40968 51467 2599 4152 2380 4050 594 3040 1528 9744 400
internal_count=202736 187519 169203 15217 7345 6751 74584 71544 68308 3236 94619 2184 1141 7872 7504 5682 18316 4154 92435 40968 51467 2599 4152 2380 4050 594 3040 1528 9744 400
is_linear=0
shrinkage=0.02


Tree=126
num_leaves=31
num_cat=0
split_feature=10 10 34 5 34 5 14 6 9 34 5 41 43 44 42 43 6 10 34 44 10 6 44 14 14 10 43 44 14 44
split_gain=7.59071 3.55289 2.40298 1.58685 1.45416 1.70848 1.33741 1.39852 1.37686 1.29192 1.12996 1.28326 1.11296 1.11957 1.10725 1.13384 1.02061 1.01783 0.783593 1.02583 1.42058 0.759532 0.647194 0.68286 0.623531 1.06834 0.675939 0.610267 0.891318 0.575384
threshold=-24.126500000000021 -116.33499999999999 -0.00022586565233413797 0.10740000000000063 -0.05112871521569394 -1.4863999999999982 0.91085000000000049 -0.73481666666666701 12.978000000000005 -0.042306182433604983 -0.19389999999999738 85.743591251698959 2.4599999999991273 -0.06473873575702406 0.18503541460734715 2.6799999999973809 0.12093333333333292 -0.64800000000002178 -0.038177109550729331 -0.95966706358650977 -138.12749999999997 0.23320000000000052 -0.42239466136064696 0.54000000000000137 1.4308666666666683 -166.39949999999996 6.2800000000002916 3.0021259773618425 1.7400000000000009 0.59587910656819698
decision_type=2 2 2 2 2 2 2 2 2 2 2 2 2 2 2 2 2 2 2 2 2 2 2 2 2 2 2 2 2 2
left_child=1 18 3 9 16 -6 8 -8 -7 22 -4 12 -12 -14 29 -16 -3 21 27 20 -20 -5 23 -2 26 -26 -21 28 -1 -11
right_child=2 4 10 17 5 6 7 -9 -10 14 11 -13 13 -15 15 -17 -18 -19 19 24 -22 -23 -24 -25 25 -27 -28 -29 -30 -31
leaf_value=0.00037533319914703268 0.00018965321726328017 0.00057388896164927913 -0.00040152541224466149 0.00043426463360536432 -0.0009042799293849579 0.00013544855872197898 -0.00022206764086310428 0.00056407307951594451 -0.00084217111697872701 -9.9750923465557833e-05 -0.00021198975975835182 -0.00031044822461523565 6.3023504768865577e-05 -0.00013018645693675768 -0.00010585627585393564 0.00011818905439963168 0.0026262557939026911 9.264427382593029e-05 0.00057880024446692682 0.0012311716452841797 0.0037075734116788052 0.001635764395314866 0.00011168734793807876 0.00089448572879929737 0.0013529448604458593 0.00013893366310770036 -0.00012187123993747592 -3.1525484358874757e-06 0.0019792609112762646 -0.00033361786379008593
leaf_weight=182 1186 2399 5914 3741 596 26614 1086 5436 589 18251 18743 11449 24842 23200 15891 20943 101 6288 133 186 103 223 5542 1025 704 493 717 109 581 5469
leaf_count=182 1186 2399 5914 3741 596 26614 1086 5436 589 18251 18743 11449 24842 23200 15891 20943 101 6288 133 186 103 223 5542 1025 704 493 717 109 581 5469
internal_value=1.20441e-13 0.00024673 -6.07002e-05 1.88472e-05 0.000191113 0.000157192 0.00017595 0.00043317 0.000114281 -1.59763e-05 -0.000134964 -0.000114814 -8.1276e-05 -3.02797e-05 -4.70991e-05 2.1531e-05 0.000656805 0.000250869 0.000885088 0.000694111 0.00194432 0.000501857 0.000227105 0.000516407 0.000553611 0.000852939 0.000156829 0.00139669 0.00159667 -0.000153672
internal_weight=202736 40029 162707 78559 36821 34321 33725 6522 27203 68307 84148 78234 66785 48042 60554 36834 2500 10252 3208 2336 236 3964 7753 2211 2100 1197 903 872 763 23720
internal_count=202736 40029 162707 78559 36821 34321 33725 6522 27203 68307 84148 78234 66785 48042 60554 36834 2500 10252 3208 2336 236 3964 7753 2211 2100 1197 903 872 763 23720
is_linear=0
shrinkage=0.02


Tree=127
num_leaves=31
num_cat=0
split_feature=10 34 10 5 42 41 43 9 1 1 43 34 9 34 10 44 34 44 10 5 6 44 13 44 13 6 34 44 13 10
split_gain=7.31398 2.79633 2.59789 1.79407 1.76436 1.74323 1.60454 1.58825 1.35506 1.81528 1.17892 0.987885 0.947805 0.919487 0.849209 0.834337 0.752562 0.985203 1.36432 0.6893 0.666421 0.6664 0.607878 0.5861 0.704145 0.579952 0.556196 0.513141 0.478156 0.542323
threshold=-38.058000000000007 -0.011182320915101998 -116.33499999999999 -0.24089999999999848 0.12992714767307792 82.735042733566246 2.6799999999973809 -0.61299999999998211 15000000.000000002 1.0000000180025095e-35 3.6199999999967991 -0.070498786730593274 14.490500000000006 0.061204343749087918 -11.276500000000011 0.23589529786104249 -0.038177109550729331 -0.95966706358650977 -138.12749999999997 0.25050000000000011 -0.98366666666666713 -0.14274910758042661 0.45380000000000192 3.0021259773618425 1.6932000000000003 -0.98366666666666713 0.026827971701291989 -1.2983811569623518 0.42100000000000132 -166.39949999999996
decision_type=2 2 2 2 2 2 2 2 2 2 2 2 2 2 2 2 2 2 2 2 2 2 2 2 2 2 2 2 2 2
left_child=2 4 16 -3 11 6 14 -8 9 20 -6 -2 13 -11 -5 22 23 18 -18 -17 -4 -13 -12 24 -1 -10 -27 -22 -19 -30
right_child=1 3 8 5 10 -7 7 -9 25 12 15 21 -14 -15 -16 19 17 28 -20 -21 27 -23 -24 -25 -26 26 -28 -29 29 -31
leaf_value=0.00054535461047198618 0.00047556608508577709 -0.00036331515737703893 -0.00098515366169664529 2.3959885521183208e-05 3.4721046739991253e-05 -0.00026512905199787542 0.00014878643409786343 -5.6678026695999681e-05 -0.00116552853581145 0.000628505081338087 0.00023997147247282243 1.5958554118885683e-05 -0.00039498291917109221 -0.00031510252577632904 -0.00020263000396221904 7.5695247044010844e-05 0.00056722422809641162 -0.00055347051018395945 0.0036334219366963051 0.00073385268182949565 0.00065179315734652536 -0.00020761435114780298 0.00055923307354027155 -3.0895214369776874e-06 0.0019268651623659326 0.00010164854995391532 -0.00049376115766221727 4.2529366507713128e-05 0.00098754517301634739 0.00031856553964037935
leaf_weight=200 1326 9146 230 8701 13105 16209 23561 41655 174 7854 4453 11587 420 436 27609 7226 133 148 103 698 627 9880 5138 109 563 4069 742 4682 896 1056
leaf_count=200 1326 9146 230 8701 13105 16209 23561 41655 174 7854 4453 11587 420 436 27609 7226 133 148 103 698 627 9880 5138 109 563 4069 742 4682 896 1056
internal_value=1.42938e-14 -4.2382e-05 0.000340488 -9.34865e-05 7.90152e-05 -7.25254e-05 -4.17755e-05 1.75514e-05 0.000252607 0.000351899 0.000178189 -5.42148e-05 0.000531917 0.000578877 -0.000148332 0.000285534 0.000867386 0.000680229 0.00190544 0.00013367 6.88232e-05 -8.69389e-05 0.000411003 0.00136876 0.00156474 -3.12066e-05 9.81858e-06 0.000114484 0.000542539 0.000625638
internal_weight=202736 180294 22442 126881 53413 117735 101526 65216 19234 14249 30620 22793 8710 8290 36310 17515 3208 2336 236 7924 5539 21467 9591 872 763 4985 4811 5309 2100 1952
internal_count=202736 180294 22442 126881 53413 117735 101526 65216 19234 14249 30620 22793 8710 8290 36310 17515 3208 2336 236 7924 5539 21467 9591 872 763 4985 4811 5309 2100 1952
is_linear=0
shrinkage=0.02


Tree=128
num_leaves=31
num_cat=0
split_feature=10 10 14 34 45 6 9 14 10 6 34 10 34 10 9 9 45 14 44 45 6 14 6 7 9 6 14 44 9 45
split_gain=7.05206 3.20429 1.95056 2.09737 2.8097 2.03694 1.8693 1.82302 1.58766 1.48688 1.38816 1.35561 1.23627 1.20109 1.14165 1.12636 1.06089 0.988618 0.928433 0.918853 0.992368 0.884494 1.00066 0.934703 0.72682 1.1864 0.716271 0.649563 0.783469 0.621916
threshold=-54.442500000000003 -2.8685000000000165 0.28980000000000117 0.0094547923130933239 0.046419140102427987 0.20799999999999988 -23.175499999999992 0.85758333333333392 91.561999999999998 -0.49360000000000032 0.061204343749087918 -76.424999999999997 -0.070498786730593274 11.433999999999978 12.143500000000008 12.978000000000005 0.019484403948367948 1.5409333333333344 -0.43286940254092526 0.0069787666183856794 -1.6954000000000005 0.35111666666666758 -0.3891500000000005 0.38245659882742639 10.170500000000009 -0.045933333333333305 1.1559000000000015 -0.33621368666040202 -11.218499999999988 0.072818779544731357
decision_type=2 2 2 2 2 2 2 2 2 2 2 2 2 2 2 2 2 2 2 2 2 2 2 2 2 2 2 2 2 2
left_child=7 2 27 5 -5 9 13 15 12 -4 11 19 -8 -3 16 21 -10 -15 -14 -9 -21 -1 -23 -24 25 -13 -7 28 -2 -6
right_child=1 6 3 4 29 26 8 10 14 -11 -12 24 18 17 -16 -17 -18 -19 -20 20 -22 22 23 -25 -26 -27 -28 -29 -30 -31
leaf_value=-0.00012203031295459281 -0.00076879005585759328 -0.00033863950054142245 -0.00022081601296849627 0.00015836659784718005 -0.000246640648313261 0.00069252337438756837 0.00064314262219824158 -7.5089071204022522e-05 -0.00020334165373887044 0.00021630117805475737 -0.00025971573531590538 0.00016534543585839095 -5.9227620048330748e-05 0.00088087135319901103 -6.5939624041170145e-05 -0.0010450918857521465 0.0014284243709466599 0.0028302992562314979 -0.00018201594167820302 0.00030093778081113931 0.0012031131307443229 -0.0007740009831321672 0.00097298149527735704 0.00028476182303608109 -0.0008409890746467379 0.0014952662518035822 0.0017534771787668549 -0.00019089419710031417 2.5092526726653904e-05 -0.00067257155724526453
leaf_weight=1606 512 245 3416 10423 5618 1344 837 303 213 35060 552 1195 43534 454 720 274 633 135 56730 573 3276 253 1224 2223 192 346 314 11464 17253 1814
leaf_count=1606 512 245 3416 10423 5618 1344 837 303 213 35060 552 1195 43534 454 720 274 633 135 56730 573 3276 253 1224 2223 192 346 314 11464 17253 1814
internal_value=1.42099e-13 -2.9609e-05 5.96944e-05 0.000126844 -5.34874e-05 0.00020707 -0.000104863 0.000469917 -0.000112524 0.000177493 0.00069927 0.000789221 -0.000122312 0.000838177 0.000519415 0.00020534 0.00101759 0.00132768 -0.000128702 0.000985329 0.00106881 0.000269912 0.000440036 0.000529143 0.000319377 0.000463952 0.000893452 -7.35266e-05 2.21226e-06 -0.000350602
internal_weight=202736 190719 87218 57989 17855 40134 103501 12017 102667 38476 6437 5885 101101 834 1566 5580 846 589 100264 4152 3849 5306 3700 3447 1733 1541 1658 29229 17765 7432
internal_count=202736 190719 87218 57989 17855 40134 103501 12017 102667 38476 6437 5885 101101 834 1566 5580 846 589 100264 4152 3849 5306 3700 3447 1733 1541 1658 29229 17765 7432
is_linear=0
shrinkage=0.02


Tree=129
num_leaves=31
num_cat=0
split_feature=10 10 43 44 43 10 41 14 6 14 9 10 45 9 14 10 44 10 14 44 10 9 6 12 4 10 9 44 14 44
split_gain=6.81822 3.14248 2.10049 2.78468 1.38708 1.2817 1.22034 1.37876 2.1935 1.70769 1.2312 1.19874 1.14421 1.10571 1.06432 1.5474 2.33147 1.15227 0.994924 0.933325 0.848351 1.13932 0.838159 0.831545 0.733308 0.726564 0.67242 0.614331 0.711365 1.05614
threshold=-24.126500000000021 -116.33499999999999 3.7199999999997093 -0.14274910758042661 10.480000000003203 -7.1160000000000165 78.701446615120645 0.91085000000000049 -0.73481666666666701 3.1651000000000011 12.978000000000005 91.561999999999998 0.051973598821360691 -5.5359999999999863 2.3338833333333349 42.282999999999987 2.1876406604074967 6.1289999999999862 0.27550000000000135 -1.2460605520106529 11.433999999999978 -19.214999999999989 0.39646666666666613 0.95020000000000604 -0.61499999999999833 -209.34899999999996 -16.565999999999985 3.3560177182225739 3.1651000000000011 1.0363801510215607
decision_type=2 2 2 2 2 2 2 2 2 2 2 2 2 2 2 2 2 2 2 2 2 2 2 2 2 2 2 2 2 2
left_child=1 25 11 4 5 18 7 10 12 -10 19 20 -9 -7 17 16 -16 24 -4 -3 -2 -22 -8 -6 -5 -1 -19 28 -27 -30
right_child=2 6 3 14 23 13 22 8 9 -11 -12 -13 -14 -15 15 -17 -18 26 -20 -21 21 -23 -24 -25 -26 27 -28 -29 29 -31
leaf_value=0.001354657524996275 -9.4599571828726114e-05 0.0004575180557558392 -4.1329509312757106e-05 -0.0003276010827981704 0.0007058613881238279 0.00030765516770719779 -0.00012708609634315239 -0.00062806157162566994 0.00058087294972154833 0.0025806752128251405 -0.0008076771079881871 0.0014489627944266532 0.00031143721101584289 -3.8962992181198817e-05 0.0020925148296275821 -0.00013797412333691459 -0.00013806745282562657 0.00042503050736078735 0.00042706227292589182 0.00011403463803157247 0.0015082003424145482 -0.00025238680097189353 -0.0016464851313769768 0.00017163981598020744 2.0636769204996356e-05 0.00057262589426895381 -0.00024485004587080473 -0.00084339645382267643 0.00034432919242438707 0.002476384865196731
leaf_weight=804 54172 3710 2521 2736 2490 4423 2858 945 5784 176 532 191 1149 21952 409 967 346 618 6468 21514 148 22315 153 2191 20861 1924 19899 104 168 208
leaf_count=804 54172 3710 2521 2736 2490 4423 2858 945 5784 176 532 191 1149 21952 409 967 346 618 6468 21514 148 22315 153 2191 20861 1924 19899 104 168 208
internal_value=1.87851e-14 0.000233838 -5.75287e-05 1.04375e-05 0.00013228 8.94551e-05 0.000181533 0.000215893 0.000444287 0.000639928 0.000144473 -0.000133506 -0.000112549 1.91637e-05 -9.60112e-05 0.000391781 0.00107029 -0.000115052 0.0002957 0.000164555 -0.00013745 -0.000240787 -0.000204292 0.000455812 -1.97403e-05 0.000834195 -0.000224672 0.000660131 0.000728116 0.00152376
internal_weight=202736 40029 162707 85881 40045 35364 36821 33810 8054 5960 25756 76826 2094 26375 45836 1722 755 44114 8989 25224 76635 22463 3011 4681 23597 3208 20517 2404 2300 376
internal_count=202736 40029 162707 85881 40045 35364 36821 33810 8054 5960 25756 76826 2094 26375 45836 1722 755 44114 8989 25224 76635 22463 3011 4681 23597 3208 20517 2404 2300 376
is_linear=0
shrinkage=0.02


Tree=130
num_leaves=31
num_cat=0
split_feature=10 34 10 14 5 34 14 10 44 6 45 44 9 10 44 45 6 41 45 9 44 9 44 10 10 14 6 14 44 14
split_gain=6.56226 2.88772 2.18739 2.01388 1.64909 1.51351 1.44839 1.41961 1.38435 1.36213 1.19527 1.00607 0.970621 1.64332 1.55475 0.883639 0.940994 0.881401 0.879332 1.64212 1.07574 0.827603 0.813267 1.3662 0.925049 0.805588 1.23935 0.580425 0.537626 0.526643
threshold=-47.616000000000007 -0.031648573650806804 -3.0935000000000161 0.85758333333333392 -0.51939999999999942 0.061204343749087918 1.1100500000000013 -76.424999999999997 0.65801029313983161 -0.73481666666666701 0.072460296408940902 -1.5212737569210788 -14.611499999999994 15.847499999999982 -0.81930252960381511 0.0069787666183856794 -1.6954000000000005 20.318725098758538 0.030640594800594601 11.05500000000001 -0.19341946934428439 11.744000000000012 -0.43286940254092526 82.286500000000004 11.767499999999986 0.34631666666666755 -0.19428333333333342 2.8280666666666687 -0.18136230115127699 0.6034166666666676
decision_type=2 2 2 2 2 2 2 2 2 2 2 2 2 2 2 2 2 2 2 2 2 2 2 2 2 2 2 2 2 2
left_child=3 10 4 11 -3 7 8 15 -6 -8 17 29 13 -4 -15 -5 -17 -2 20 -20 -9 25 23 -14 -24 -13 -27 -7 -19 -1
right_child=1 2 12 5 6 27 9 18 -10 -11 -12 21 22 14 -16 16 -18 28 19 -21 -22 -23 24 -25 -26 26 -28 -29 -30 -31
leaf_value=0.00056250745538688658 -2.4394050556532949e-05 -0.00043919068198454918 -0.00027535433311485184 -8.7649753263831858e-05 7.2093810547580662e-05 -0.00076563139626523473 -0.00048433433461723469 -0.0011076132761691476 -0.00014394620112033043 0.00063967863569694818 0.00059255371878166093 -0.00016166739069074546 -8.1457977778595222e-05 0.0021410563092350084 0.0004064967818180644 0.00028638400512041049 0.0011648966980137008 0.00047188258517519136 0.00076059303161203477 -0.0016238073722155194 0.00040415544310297603 -0.00081497338820965808 -9.545067725963191e-05 0.00077666802997035638 -0.00026503888703177566 -0.00019436348915594488 0.0005153454124218927 0.00056747690292636955 0.00015109090632044037 0.0018197252232878816
leaf_weight=441 7407 2962 1050 303 51992 400 514 315 15372 2679 2681 2145 40417 272 861 573 3276 3331 1692 124 468 367 24398 756 27219 1397 3331 194 5608 191
leaf_count=441 7407 2962 1050 303 51992 400 514 315 15372 2679 2681 2145 40417 272 861 573 3276 3331 1692 124 468 367 24398 756 27219 1397 3331 194 5608 191
internal_value=-8.19349e-15 -3.2414e-05 -5.87883e-05 0.000399438 2.31155e-05 0.000637631 4.25232e-05 0.000722791 2.2795e-05 0.000458738 0.000201141 0.000177191 -0.00012219 0.000294658 0.000822914 0.00095225 0.00103411 0.000136943 0.000356221 0.000597782 -0.000204027 0.000110389 -0.000131997 -6.57015e-05 -0.000184879 0.000159801 0.000305645 -0.000330239 0.00027063 0.000942458
internal_weight=202736 187519 168492 15217 73519 7345 70557 6751 67364 3193 19027 7872 94973 2183 1133 4152 3849 16346 2599 1816 783 7240 92790 41173 51617 6873 4728 594 8939 632
internal_count=202736 187519 168492 15217 73519 7345 70557 6751 67364 3193 19027 7872 94973 2183 1133 4152 3849 16346 2599 1816 783 7240 92790 41173 51617 6873 4728 594 8939 632
is_linear=0
shrinkage=0.02


Tree=131
num_leaves=31
num_cat=0
split_feature=10 10 43 41 4 29 5 10 41 13 10 43 6 10 5 10 7 10 29 7 6 10 45 6 10 6 43 45 43 40
split_gain=6.33519 2.89971 2.00628 1.91985 1.37644 1.18096 1.79523 1.1303 1.10468 1.15126 1.07499 0.875658 0.809645 0.78665 0.755287 0.694743 0.575128 0.562553 0.501374 0.526468 0.465862 0.453319 0.462661 0.444601 0.560317 2.39341 1.21846 0.40964 0.368923 0.345883
threshold=-24.126500000000021 -116.33499999999999 3.7199999999997093 72.588533888818787 -0.21659999999999843 -0.074139934311556729 -1.4863999999999982 91.561999999999998 78.701446615120645 0.47339999999999899 -3.3145000000000162 12.51999999999971 0.39646666666666613 11.433999999999978 0.12550000000000075 -209.34899999999996 0.57444725594127732 41.135499999999986 -0.11002916202964007 2.2234514992559915 -0.49360000000000032 -101.7825 0.022510124112762511 0.37843333333333307 -138.12749999999997 -0.84406666666666685 6.8200000000026195 0.052857547093518815 1.8400000000008732 94.871794859866228
decision_type=2 2 2 2 2 2 2 2 2 2 2 2 2 2 2 2 2 2 2 2 2 2 2 2 2 2 2 2 2 2
left_child=1 15 7 4 18 21 27 13 9 -8 14 -12 -10 28 -6 20 29 -15 -4 -20 -1 -3 -23 24 26 -26 -17 -7 -2 -5
right_child=2 5 3 16 10 6 8 -9 12 -11 11 -13 -14 17 -16 23 -18 -19 19 -21 -22 22 -24 -25 25 -27 -28 -29 -30 -31
leaf_value=0.0018272537581212034 -0.00015001754624982617 0.0019246447571113262 0.0005740009885755301 6.1452517048534339e-05 0.00015786689369362539 -0.001320042761146544 8.7981693735394187e-05 0.0014069234724863582 -0.00012080035632105057 0.00033058893646684145 1.3731382569141891e-05 0.00036548526354745033 -0.0016142237128148136 -0.00027991474153824967 0.00045956693777270678 0.0018554116684842753 -0.00031466457576666181 -1.9314557910833497e-05 -5.5889751764095473e-05 -0.00034465503390394982 0.00086205548371545704 -0.0001650368520737781 0.00073799999052691736 -0.00053439089405019915 -0.0013443426140916667 0.0016917807283528751 0.00025576435519166152 -0.00032826056749694031 -4.5098532452749996e-05 -0.00023991672270505922
leaf_weight=374 24358 109 455 3808 11794 370 16273 191 2851 15069 31033 3115 153 18423 4619 222 7915 4040 17656 2947 430 270 1423 124 126 591 1341 303 29814 2539
leaf_count=374 24358 109 455 3808 11794 370 16273 191 2851 15069 31033 3115 153 18423 4619 222 7915 4040 17656 2947 430 270 1423 124 126 591 1341 303 29814 2539
internal_value=-3.41298e-14 0.000225403 -5.54534e-05 1.09711e-05 5.31691e-05 0.000175159 0.000149465 -0.000129707 0.00016951 0.000204625 0.000109753 4.58186e-05 -0.000196864 -0.000133537 0.000242772 0.000802104 -0.000200933 -0.000233045 -8.26915e-05 -9.7194e-05 0.00131104 0.000674473 0.000593983 0.000631894 0.000695323 0.00115824 0.00048297 -0.00087352 -9.22745e-05 -5.91047e-05
internal_weight=202736 40029 162707 85881 71619 36821 35019 76826 34346 31342 50561 34148 3004 76635 16413 3208 14262 22463 21058 20603 804 1802 1693 2404 2280 717 1563 673 54172 6347
internal_count=202736 40029 162707 85881 71619 36821 35019 76826 34346 31342 50561 34148 3004 76635 16413 3208 14262 22463 21058 20603 804 1802 1693 2404 2280 717 1563 673 54172 6347
is_linear=0
shrinkage=0.02


Tree=132
num_leaves=31
num_cat=0
split_feature=10 14 34 43 45 10 14 34 6 14 45 42 34 10 10 14 9 31 40 45 9 6 6 9 14 10 43 14 7 14
split_gain=6.10012 2.47051 2.45808 2.38513 2.31954 1.67284 1.83756 1.69327 1.99812 2.4012 1.64487 1.50666 1.44217 1.07554 0.977695 0.941138 1.00616 0.79505 0.787159 0.750774 0.936539 0.742422 0.67456 1.11788 0.62541 0.633979 0.602997 0.598544 0.602354 0.5403
threshold=-35.575499999999998 0.62598333333333456 0.0089713671917674605 4.6000000000014554 0.047329919044395839 -166.39949999999996 1.7400000000000009 0.048816194574023503 -0.98366666666666713 3.1651000000000011 0.067217266334067591 0.10803979490937397 -0.077864218579604044 104.706 -8.7380000000000102 2.3338833333333349 3.0979999999999959 9.8499999999985466 84.14634146192877 0.057461787320613716 6.2000000000000002 -0.29176666666666695 -0.071466666666666498 -7.5699999999999923 0.97213333333333418 -209.34899999999996 1.8400000000008732 0.29623333333333396 0.34772208730486687 1.3052833333333342
decision_type=2 2 2 2 2 2 2 2 2 2 2 2 2 2 2 2 2 2 2 2 2 2 2 2 2 2 2 2 2 2
left_child=1 27 3 13 18 6 24 8 12 -10 11 -5 -7 14 21 16 -12 -13 29 20 -9 -2 -6 -24 -3 -26 -16 -1 -29 -4
right_child=2 5 4 10 22 7 -8 19 9 -11 15 17 -14 -15 26 -17 -18 -19 -20 -21 -22 -23 23 -25 25 -27 -28 28 -30 -31
leaf_value=-0.00013114153598910839 -0.00031628247401151692 0.001142856069719014 3.0615874843703188e-05 -0.00011907754917790112 -0.00059029648073361364 0.00083867915825194816 0.0015165199724211165 -0.00036551264301390169 0.00052916508136487659 0.0028241187420934041 0.00050065785728425417 0.00011514411643511878 -0.00063131942331108581 0.0018404127482105704 -0.00020052289493452689 0.0020891531240335086 -0.00019086201384775869 0.00043620087696382933 -0.00013902399206107492 -0.001346556460465933 0.0016222620649506581 8.2177734787782739e-05 0.00055726561632386796 -0.00026745870805213915 0.0002862063578993059 -0.001667882751301682 -5.6710903655638285e-05 0.00038869856155987573 3.0283066974553644e-05 0.00046830743558818862
leaf_weight=3707 2057 115 16673 11174 2495 363 1118 650 9330 186 5204 24488 1009 119 19113 133 1004 3530 14250 246 111 20622 675 25227 143 124 29917 3189 4554 1210
leaf_count=3707 2057 115 16673 11174 2495 363 1118 650 9330 186 5204 24488 1009 119 19113 133 1004 3530 14250 246 111 20622 675 25227 143 124 29917 3189 4554 1210
internal_value=-1.89359e-14 0.000293556 -4.09993e-05 1.23925e-05 -0.00014452 0.000477945 0.00110734 0.000398577 0.000471146 0.000574022 0.000125635 7.72828e-05 -0.000242391 -5.93937e-05 -6.25464e-05 0.000424484 0.000388821 0.000155594 -2.81325e-05 -0.000386063 -7.55744e-05 4.60371e-05 -0.00027622 -0.000245967 -9.02134e-05 -0.000621311 -0.000112772 7.78452e-05 0.000177899 6.0231e-05
internal_weight=202736 24845 177891 117361 60530 13395 1500 11895 10888 9516 45533 39192 1372 71828 71709 6341 6208 28018 32133 1007 761 22679 28397 25902 382 267 49030 11450 7743 17883
internal_count=202736 24845 177891 117361 60530 13395 1500 11895 10888 9516 45533 39192 1372 71828 71709 6341 6208 28018 32133 1007 761 22679 28397 25902 382 267 49030 11450 7743 17883
is_linear=0
shrinkage=0.02


Tree=133
num_leaves=31
num_cat=0
split_feature=10 9 45 45 43 19 9 10 1 9 6 10 44 4 4 14 31 45 44 10 9 44 14 45 14 10 31 40 41 10
split_gain=5.87929 2.71063 2.63503 2.58707 1.77746 1.70112 1.35991 1.51512 1.13054 1.08717 1.03984 0.984857 0.956931 0.956784 0.916859 0.915611 0.894217 0.875944 0.849833 1.53878 1.17772 2.10468 0.841822 0.7645 0.705531 0.639859 0.575848 0.521519 0.519242 0.514482
threshold=-54.442500000000003 0.33099999999998986 0.033803875075718678 0.04063870473433278 7.2500000000000009 1.0000000180025095e-35 5.2260000000000186 8.5959999999999983 0.001498267641122888 14.490500000000006 -0.44421666666666676 82.286500000000004 -0.50097693891035633 -0.73999999999999699 -0.34459999999999608 0.35363333333333463 14.099999999998547 0.056573077994046671 0.16437313015115834 82.286500000000004 55.303000000000004 2.1422487497984015 0.47291666666666748 0.01101549053340751 2.8280666666666687 -27.620500000000018 -39.849999999998538 12.562195212365333 54.687499997802369 -138.12749999999997
decision_type=2 2 2 2 2 2 2 2 2 2 2 2 2 2 2 2 2 2 2 2 2 2 2 2 2 2 2 2 2 2
left_child=5 3 6 16 11 29 -3 12 27 15 -9 13 -8 -5 28 -10 24 -11 19 26 -20 -22 -16 -17 25 -2 -4 -7 -6 -1
right_child=1 2 18 4 14 8 7 10 9 17 -12 -13 -14 -15 22 23 -18 -19 20 -21 21 -23 -24 -25 -26 -27 -28 -29 -30 -31
leaf_value=0.0008697169733225046 8.3575833127805539e-05 -7.0976397474004535e-05 0.00038589207153930664 -0.00041187875045304185 0.00019368795028539329 -0.0003000178538697359 0.00078551987108854877 0.0019653742640087747 -0.00013282784454249537 0.00033616142842554669 -1.9401813725636341e-05 0.0015694274357520043 0.00024477089500273675 9.3684374276592296e-05 0.00016469266323290843 0.00018908399903454456 8.241229819438643e-05 -0.0016293274403906513 -0.00030540027706382983 0.0010046123059579213 0.0032953441390505761 -2.5066777468361998e-05 0.00064406189804908033 0.00086576244119645649 0.001492660546166942 -0.00015525653116004592 -0.00015635261785612153 0.00035325157067118718 -0.00065894788368507748 -0.00016062099012475455
leaf_weight=214 5292 21114 803 1557 3945 684 1992 107 464 261 7985 177 3818 39084 2073 756 12645 139 22240 474 100 323 4999 5727 109 29498 32076 1713 308 2059
leaf_count=214 5292 21114 803 1557 3945 684 1992 107 464 261 7985 177 3818 39084 2073 756 12645 139 22240 474 100 323 4999 5727 109 29498 32076 1713 308 2059
internal_value=7.58212e-14 -2.70351e-05 -0.000105938 4.50169e-05 0.000142306 0.000429068 3.01595e-05 0.000183762 0.000543997 0.000667048 6.84275e-06 8.0799e-05 0.000430171 7.43157e-05 0.000363993 0.000725426 -6.16833e-05 -0.000346846 -0.000191013 -0.000126798 -0.000285517 0.0007599 0.000503545 0.000786853 -0.000113894 -0.000118927 -0.000143109 0.000166837 0.000131941 -6.3616e-05
internal_weight=202736 190719 91032 99687 52143 12017 35016 13902 9744 7347 8092 40818 5810 40641 11325 6947 47544 400 56016 33353 22663 423 7072 6483 34899 34790 32879 2397 4253 2273
internal_count=202736 190719 91032 99687 52143 12017 35016 13902 9744 7347 8092 40818 5810 40641 11325 6947 47544 400 56016 33353 22663 423 7072 6483 34899 34790 32879 2397 4253 2273
is_linear=0
shrinkage=0.02


Tree=134
num_leaves=31
num_cat=0
split_feature=10 14 34 45 45 6 34 6 14 34 31 45 10 6 5 41 44 43 5 43 10 6 10 14 44 29 41 14 45 6
split_gain=5.68233 2.77125 2.05075 2.38382 1.59366 1.49598 1.41219 1.44815 1.62808 2.03003 1.40242 1.33588 1.29111 1.28644 0.948789 1.01067 0.89384 1.07968 0.883769 0.789883 0.738242 0.709339 0.676122 0.670978 0.656469 0.593707 0.57268 0.560373 0.537179 0.923195
threshold=-24.126500000000021 3.1651000000000011 -1.0000000180025095e-35 0.068453763641211987 0.070745199532802783 -1.6954000000000005 -0.037240706915477303 -0.84406666666666685 0.85758333333333392 0.061204343749087918 9.8499999999985466 0.053400395940931031 -166.39949999999996 0.39646666666666613 -0.19389999999999738 85.743591251698959 0.43892653053678393 5.4399999999950532 0.13470000000000165 2.4599999999991273 -101.7825 -0.13543333333333407 82.286500000000004 3.7055333333333342 1.1609765836092667 -0.134413507314568 38.832487308259495 1.7400000000000009 0.024518100611174692 -0.37253333333333366
decision_type=2 2 2 2 2 2 2 2 2 2 2 2 2 2 2 2 2 2 2 2 2 2 2 2 2 2 2 2 2 2
left_child=1 6 3 10 14 12 20 -8 13 -10 16 23 -3 -9 -4 19 17 -2 22 -16 21 27 -5 -7 -13 -14 -27 -1 29 -22
right_child=2 5 4 18 -6 11 7 8 9 -11 -12 24 25 -15 15 -17 -18 -19 -20 -21 28 -23 -24 -25 -26 26 -28 -29 -30 -31
leaf_value=-3.2450925887633039e-05 -5.6350286638425249e-05 0.0018794413689505597 -0.00035015459182414268 0.00020869686612227123 -0.00033901274748228107 0.0018591305402476895 -0.00069936189322844077 9.3150959329671136e-05 0.00052707737766377984 -0.0006928784135242183 0.00047574530445065394 0.0012981586118138381 0.0010472871235689659 -0.001537502106276896 -0.00015649181514899993 -0.00026172129183002767 -0.00015252332288303742 0.0001568249495006491 0.00082488846037817663 9.8129394674613211e-06 -0.0013432393586697983 0.002618281312806915 0.0015269238047816937 0.00038756547113168172 0.0030225309058322671 -0.0018759552107469454 -0.00011520598013411231 0.0013257327790561686 0.00050377333116612166 0.00030883317588341791
leaf_weight=191 31686 146 5076 10393 11619 191 814 25501 6452 596 2164 134 101 195 15703 9155 20159 13575 1097 41922 178 107 158 353 259 111 221 334 3581 564
leaf_count=191 31686 146 5076 10393 11619 191 814 25501 6452 596 2164 134 101 195 15703 9155 20159 13575 1097 41922 178 107 158 353 259 111 221 334 3581 564
internal_value=-7.02663e-14 0.000213473 -5.25185e-05 2.0362e-05 -0.000121694 0.00105223 0.000180457 0.00013392 0.000154635 0.000423914 -2.51808e-05 0.0015461 0.000252993 8.07764e-05 -8.65544e-05 -6.6518e-05 -4.17508e-05 7.58674e-06 0.000284611 -3.55056e-05 0.000495631 0.0011341 0.000228437 0.000904236 0.00243458 -0.000295417 -0.00070389 0.000831613 0.00040229 -8.74861e-05
internal_weight=202736 40029 162707 79232 83475 1516 38513 33558 32744 7048 67584 937 579 25696 71856 66780 65420 45261 11648 57625 4955 632 10551 544 393 433 332 525 4323 742
internal_count=202736 40029 162707 79232 83475 1516 38513 33558 32744 7048 67584 937 579 25696 71856 66780 65420 45261 11648 57625 4955 632 10551 544 393 433 332 525 4323 742
is_linear=0
shrinkage=0.02


Tree=135
num_leaves=31
num_cat=0
split_feature=10 10 34 34 43 5 43 34 43 1 19 6 9 41 17 6 34 12 44 5 34 34 13 9 44 43 44 19 44 44
split_gain=5.48606 2.78487 1.95458 1.32493 1.4473 1.29433 1.48015 1.83433 1.35521 1.22024 1.07048 0.945235 0.857094 0.803186 0.752313 0.715471 0.647715 0.972949 0.941475 0.62432 0.558618 0.550411 0.479498 0.468141 0.439434 0.422133 0.391337 0.389527 0.381256 0.660234
threshold=-17.506000000000011 -116.33499999999999 -0.031648573650806804 0.012962607989667283 4.8600000000020378 -0.27360000000000068 2.1400000000008736 0.014734690150940173 9.6400000000008745 1.0000000180025095e-35 0.29112081511179766 -0.52054999999999974 -31.214999999999993 26.855995260359688 2.2764186888620919 -0.98366666666666713 -0.018383473310645812 0.59340000000000626 -0.98203474161211024 -0.10249999999999941 0.061204343749087918 -0.077864218579604044 1.2030666666666683 -3.3190000000000004 0.23589529786104249 6.8800000000002912 -0.20633974371080258 99.999998166666714 3.0021259773618425 0.05515239103488221
decision_type=2 2 2 2 2 2 2 2 2 2 2 2 2 2 2 2 2 2 2 2 2 2 2 2 2 2 2 2 2 2
left_child=1 16 12 4 11 -4 27 8 -8 15 -11 -3 -2 21 -9 -6 17 -1 -18 -5 23 -14 -13 -21 -23 -20 -27 -7 29 -19
right_child=2 3 5 19 9 6 7 14 -10 10 -12 22 13 -15 -16 -17 18 28 25 20 -22 24 -24 -25 -26 26 -28 -29 -30 -31
leaf_value=-0.00062599282735223026 0.0016297036987254869 -0.00051765856892046797 -0.00028862023599743905 -0.00039402076997197466 -0.0012264293300344826 -0.00021818442917866286 1.7747937980620663e-05 -0.00010125144240718669 0.0003875830101041515 0.00013214044969856494 0.0005423240620980002 9.8017830395414967e-05 0.00054952129837661332 0.00037593369908338949 -0.00036627099912150968 0.00010543065361596014 0.0018721247722325546 0.00090390026070536562 0.0011289607143650452 0.00023477984573235224 -0.00048708336555137067 0.00012408930826424927 0.00088007868047173035 -5.3771941659391525e-05 -0.00016444995037118528 -0.00016579218304923731 0.00049954261928985102 -7.0075312030553152e-05 0.00016963400558642712 0.0019102250980555413
leaf_weight=119 158 1007 11412 1746 167 25133 52631 27685 4286 3498 9341 18500 791 4258 5069 4758 185 537 252 3677 816 4838 319 5791 3746 574 921 9901 113 507
leaf_count=119 158 1007 11412 1746 167 25133 52631 27685 4286 3498 9341 18500 791 4258 5069 4758 185 537 252 3677 816 4838 319 5791 3746 574 921 9901 113 507
internal_value=7.49919e-14 0.000175257 -6.17611e-05 0.000138335 0.0001968 -8.47483e-05 -6.60915e-05 -2.30231e-05 4.55975e-05 0.000327905 0.000430569 7.93298e-05 0.000165123 0.000148149 -0.000142266 6.02691e-05 0.000746356 0.00109605 0.000515401 -4.43498e-05 1.50167e-05 4.46918e-05 0.000111275 5.82903e-05 -1.82729e-06 0.00037173 0.00024409 -0.000176327 0.00127316 0.0013926
internal_weight=202736 52828 149908 49620 37590 136117 124705 89671 56917 17764 12839 19826 13791 13633 32754 4925 3208 1276 1932 12030 10284 9375 18819 9468 8584 1747 1495 35034 1157 1044
internal_count=202736 52828 149908 49620 37590 136117 124705 89671 56917 17764 12839 19826 13791 13633 32754 4925 3208 1276 1932 12030 10284 9375 18819 9468 8584 1747 1495 35034 1157 1044
is_linear=0
shrinkage=0.02


Tree=136
num_leaves=31
num_cat=0
split_feature=10 34 10 14 5 14 34 9 34 6 10 34 9 10 43 12 10 19 6 15 5 14 13 14 10 9 34 14 15 13
split_gain=5.30626 2.48647 1.94246 1.72949 1.6139 1.43353 1.5768 1.2736 1.313 1.23204 1.56587 1.05571 0.95686 1.53624 0.742195 1.50578 1.1554 0.724648 0.657741 0.648658 0.577317 0.568423 0.515034 0.497224 0.487467 0.467351 0.440675 0.42427 0.422269 0.401122
threshold=-47.616000000000007 -0.037240706915477303 -2.8685000000000165 0.35363333333333463 -0.51939999999999942 0.28980000000000117 0.0089713671917674605 14.490500000000006 0.052823995921006194 -0.016500000000000795 -209.34899999999996 -0.0014555827217225998 -14.611499999999994 15.847499999999982 12.319999999999711 1.052500000000004 104.706 99.89493032089031 0.2747833333333331 0.64377476651110033 -1.4863999999999982 1.0276166666666675 4.1405666666666692 1.8278500000000011 -15.830500000000018 -0.13249999999999601 -0.0030932043882704245 1.1814666666666676 6.0170479446330107 0.36153333333333282
decision_type=2 2 2 2 2 2 2 2 2 2 2 2 2 2 2 2 2 2 2 2 2 2 2 2 2 2 2 2 2 2
left_child=3 17 4 26 20 24 -7 8 9 10 -5 -11 13 -4 16 -16 -14 22 25 -15 -3 -9 28 -23 -6 -10 -1 -22 29 -2
right_child=1 2 12 7 5 6 -8 21 18 11 -12 -13 14 19 15 -17 -18 -19 -20 -21 27 23 -24 -25 -26 -27 -28 -29 -30 -31
leaf_value=0.000180209068108984 4.0269495474517043e-05 -0.0011450040210247213 -0.00024616761445535264 0.0014665677619600294 3.3350507025298541e-05 0.0002051988105368464 -3.7664177630446211e-05 -0.0011047363389457623 -0.00021128237146488343 0.0013819906511140492 0.0003571790526706775 0.00060907903136087679 -0.00013748798394757716 0.0012077752062534251 0.00061713238296574966 -0.00011448308652734229 0.0010238437551207732 4.446577309400145e-05 -0.0011215061705318178 0.00028078584996778954 -0.00039671199388195764 0.00099491864088396484 0.0015662385158378769 -0.00056259195409020417 -0.00013744791426281128 0.0010622092852166757 -0.00035476518929037921 0.0003033755749264047 -0.00049032126847901435 0.0004092677177158479
leaf_weight=1093 1424 368 1112 545 11240 28514 17110 278 477 1144 7687 1850 88750 658 1627 3649 344 5353 247 558 2709 146 135 187 16490 152 1411 397 249 6832
leaf_count=1093 1424 368 1112 545 11240 28514 17110 278 477 1144 7687 1850 88750 658 1627 3649 344 5353 247 558 2709 146 135 187 16490 152 1411 397 249 6832
internal_value=-1.02394e-13 -2.91475e-05 -4.98285e-05 0.000359184 2.52425e-05 4.51911e-05 0.00011412 0.000453812 0.000498791 0.000556985 0.000430626 0.000904407 -0.000109474 0.000291089 -0.000119355 0.000111131 -0.000133004 0.000227316 -0.000246961 0.000782397 -0.000395974 -0.000437092 0.000340603 0.000120281 -6.8217e-05 9.64612e-05 -0.000121248 -0.000307229 0.000321149 0.000345623
internal_weight=202736 187519 173526 15217 76828 73354 45624 12713 12102 11226 8232 2994 96698 2328 94370 5276 89094 13993 876 1216 3474 611 8640 333 27730 629 2504 3106 8505 8256
internal_count=202736 187519 173526 15217 76828 73354 45624 12713 12102 11226 8232 2994 96698 2328 94370 5276 89094 13993 876 1216 3474 611 8640 333 27730 629 2504 3106 8505 8256
is_linear=0
shrinkage=0.02


Tree=137
num_leaves=31
num_cat=0
split_feature=43 34 14 34 43 42 5 34 9 14 6 15 5 44 6 14 44 12 6 9 44 9 9 13 9 34 44 14 6 34
split_gain=4.47735 2.81889 2.39539 1.77192 1.66903 1.43447 1.35026 1.32115 1.30607 1.29615 1.18807 1.07316 0.73649 0.732152 0.680856 0.675836 0.618964 0.58237 0.56397 0.672484 0.554016 0.509199 0.492177 0.486886 0.475998 0.450886 0.457728 0.431562 0.526521 0.483385
threshold=7.8599999999962167 0.01846981702454616 3.1651000000000011 0.011311933421300003 2.8399999999979633 0.11690645075610451 -0.20850000000000049 -0.070498786730593274 1.2370000000000179 0.4985666666666681 0.14166666666666652 1.0909235078017845 -0.045099999999999509 -0.53818578318979238 -1.6954000000000005 3.1651000000000011 0.22035322461881265 0.36800000000000738 -0.25908333333333367 -10.682499999999983 -0.66374442051777605 2.672000000000017 -39.987999999999978 3.1275999999999997 -0.4759999999999982 -0.015577675985557123 -0.32518931720789601 0.58255000000000046 0.43916666666666654 0.10738946363118447
decision_type=2 2 2 2 2 2 2 2 2 2 2 2 2 2 2 2 2 2 2 2 2 2 2 2 2 2 2 2 2 2
left_child=3 2 6 4 18 25 7 22 10 13 -8 27 -11 -7 -4 -13 -9 24 -1 -20 -10 -16 -2 -19 -5 26 -6 -3 29 -29
right_child=1 11 14 17 5 9 8 16 20 12 -12 15 -14 -15 21 -17 -18 23 19 -21 -22 -23 -24 -25 -26 -27 -28 28 -30 -31
leaf_value=-0.00033843618203014222 0.0014042706862472149 -5.444911072218103e-05 0.00045591707793490556 1.306344982841402e-05 7.0379804749236039e-05 0.00014292053466339509 0.00046551996674628449 0.00015641209608475794 0.00047492249480238463 0.00012212809798525196 0.0013711270083203325 -0.00029264683546981516 0.00037979175556453193 -5.1466436535501572e-05 0.0016940961545307883 0.00039672702784172002 -0.00016232593244701717 -0.00026347424100303733 0.00025125458942609356 -9.1485249082357952e-05 5.5294238446061191e-05 0.00063070611847892836 0.00044522376161737362 0.00093830770820953636 -0.00016109439109834059 -0.0003409558056700522 -0.00018444721889375234 0.00039249879800483758 -0.00023408915536801141 -0.00092022705284260401
leaf_weight=3468 245 3379 433 9494 5524 13939 8662 4806 1677 9037 621 6230 8718 17457 688 626 4944 15882 2410 45942 5043 244 1694 136 18528 2857 5759 3428 749 116
leaf_count=3468 245 3379 433 9494 5524 13939 8662 4806 1677 9037 621 6230 8718 17457 688 626 4944 15882 2410 45942 5043 244 1694 136 18528 2857 5759 3428 749 116
internal_value=-7.68237e-14 0.000179602 0.000293333 -4.91857e-05 -7.90834e-06 6.10016e-05 0.000253016 8.96084e-05 0.000372374 0.000112071 0.000526102 -4.78673e-05 0.000248645 3.48363e-05 0.00111124 -0.000229702 -5.2126e-06 -0.000157076 -9.20723e-05 -7.44021e-05 0.000160014 0.0014157 0.000566403 -0.000253271 -0.000102089 -0.000116518 -5.96874e-05 0.000114628 0.000247707 0.000349531
internal_weight=202736 43585 29057 159151 115111 63291 27692 11689 16003 49151 9283 14528 17755 31396 1365 6856 9750 44040 51820 48352 6720 932 1939 16018 28022 14140 11283 7672 4293 3544
internal_count=202736 43585 29057 159151 115111 63291 27692 11689 16003 49151 9283 14528 17755 31396 1365 6856 9750 44040 51820 48352 6720 932 1939 16018 28022 14140 11283 7672 4293 3544
is_linear=0
shrinkage=0.02


Tree=138
num_leaves=31
num_cat=0
split_feature=34 9 45 45 34 6 43 14 14 9 31 44 14 41 45 44 14 9 9 44 45 9 44 45 14 44 14 4 43 14
split_gain=4.3139 2.2813 3.17367 2.2694 2.10458 2.28853 1.96013 1.4882 1.4176 1.35406 1.1931 1.18756 1.1684 1.09827 1.05588 1.01673 1.05596 1.57687 0.90106 1.01161 0.757372 0.754552 0.67049 0.636855 0.613434 0.707634 0.599964 0.551926 0.732618 0.546563
threshold=-0.037240706915477303 0.26400000000000418 0.033803875075718678 0.04063870473433278 0.0092113578576959523 0.10586666666666576 20.519999999999715 1.1814666666666676 0.47291666666666748 -24.681499999999996 7.0499999999956353 1.721909917657346 0.53571666666666806 20.318725098758538 0.068145390656240465 -0.41212650489820046 0.6034166666666676 13.950500000000003 55.303000000000004 2.1422487497984015 0.066298545810673792 7.1985000000000046 3.6600125406477528 0.039730076674845127 0.34631666666666755 2.2891819201307584 1.1100500000000013 -0.48559999999999887 5.3800000000032027 1.3876333333333342
decision_type=2 2 2 2 2 2 2 2 2 2 2 2 2 2 2 2 2 2 2 2 2 2 2 2 2 2 2 2 2 2
left_child=6 3 8 10 5 7 13 -5 21 -6 27 26 -7 22 -11 16 -4 -18 -17 -20 -8 -3 -1 -15 -12 -26 -10 -2 -29 -13
right_child=1 2 15 4 9 12 20 -9 11 14 24 29 -14 23 -16 18 17 -19 19 -21 -22 -23 -24 -25 25 -27 -28 28 -30 -31
leaf_value=9.06741116371819e-05 -0.00038761070664495434 -9.063350131923009e-05 -0.00014985528790372469 0.00013859572392420106 0.00084113193646537774 0.00039129336247258599 0.00073130451461145274 0.00064242484160484425 0.00024123577922993935 -8.2382121978000859e-05 -7.3126961996212146e-05 -0.0004099356420483477 0.0015013402075922087 0.00017731988064748259 -0.00063914330825230053 -0.00027893182433111601 0.00050767628914310831 -0.00037487190003858406 0.001991254936318449 -3.6404361187382865e-05 0.0017606400858472123 0.00023417216751640417 -0.0013750455841260751 0.00054512222855063641 0.00021137369431735022 -0.00031687687832741937 0.00063912074805257265 -0.00017330550001733489 6.8551029964725865e-05 0.00040341244188534534
leaf_weight=7337 3170 19001 21048 33961 544 733 1064 2519 8194 7284 7603 1486 786 3062 1676 31390 2465 1206 146 302 391 3368 127 4891 10230 1126 1860 18466 6875 425
leaf_count=7337 3170 19001 21048 33961 544 733 1064 2519 8194 7284 7603 1486 786 3062 1676 31390 2465 1206 146 302 391 3368 127 4891 10230 1126 1860 18466 6875 425
internal_value=-9.71775e-14 -2.77962e-05 -9.94209e-05 4.07501e-05 0.000138482 0.000205058 0.000306206 0.000173386 5.22602e-05 -0.000127704 -5.70493e-05 0.000227976 0.000965682 0.000239981 -0.000186526 -0.000191502 -9.52639e-05 0.000217741 -0.000266221 0.000624395 0.00100792 -4.1729e-05 6.57349e-05 0.000403514 6.59088e-05 0.000158995 0.000314845 -0.000138813 -0.00010769 -0.00022905
internal_weight=202736 185864 90891 94973 47503 37999 16872 36480 34334 9504 47470 11965 1519 15417 8960 56557 24719 3671 31838 448 1455 22369 7464 7953 18959 11356 10054 28511 25341 1911
internal_count=202736 185864 90891 94973 47503 37999 16872 36480 34334 9504 47470 11965 1519 15417 8960 56557 24719 3671 31838 448 1455 22369 7464 7953 18959 11356 10054 28511 25341 1911
is_linear=0
shrinkage=0.02


Tree=139
num_leaves=31
num_cat=0
split_feature=10 34 5 9 43 19 41 44 14 9 1 34 14 34 7 14 43 44 6 44 41 14 14 10 34 4 14 7 5 34
split_gain=4.89896 2.44276 1.97581 2.12116 1.68041 1.53204 1.35199 1.07655 1.48777 0.992921 1.0716 1.18412 0.880918 0.869536 0.866717 0.844574 0.727794 0.536643 0.517658 0.482603 0.734275 0.476367 0.587942 0.466883 0.596696 0.449454 0.439199 0.596189 0.428266 0.413298
threshold=-54.442500000000003 -0.025757862091946946 -0.27360000000000068 -0.34100000000000336 7.5799999999973808 1.0000000180025095e-35 28.985507245218326 -0.41212650489820046 0.6034166666666676 14.490500000000006 0.001498267641122888 0.10738946363118447 0.35363333333333463 -0.053303526733824554 0.54282368223751731 3.1651000000000011 2.1000000000014558 -1.173550579414735 -0.98366666666666713 -0.038088458419724205 11.881188117747472 1.0885166666666681 1.8278500000000011 -138.12749999999997 0.022406536990207122 -0.21059999999999554 1.2073000000000018 2.324843435587558 -1.080949999999999 -0.10835613094779681
decision_type=2 2 2 2 2 2 2 2 2 2 2 2 2 2 2 2 2 2 2 2 2 2 2 2 2 2 2 2 2 2
left_child=5 6 26 4 16 23 13 8 -5 10 18 12 -12 17 -6 -9 -4 -2 -7 20 -15 -11 -23 -1 -25 -8 27 -3 -21 -19
right_child=1 2 3 7 14 9 25 15 -10 21 11 -13 -14 19 -16 -17 -18 29 -20 28 -22 22 -24 24 -26 -27 -28 -29 -30 -31
leaf_value=0.0008132171110798404 0.001010651238823876 -0.00027047722258368009 -8.9544583412723671e-05 -6.6534465698996683e-05 0.00053810372964263338 -0.00090525714802391704 0.00019248064719410617 -0.00017063333740498666 0.00030424694499298348 -0.0011333776714280248 -0.00013227724260324411 -0.001117604577921909 0.00077050075818188405 -0.00020643696249469324 0.00014145434538717454 0.00072193343709951925 6.5758937527710836e-05 0.00086158879560784083 0.00025705516557917115 -0.00082309514857413599 0.0002259610857774133 0.0012739082356796366 -0.00060865027010070414 6.8803659684931794e-06 -0.00083001058013070373 0.00048847694974322509 2.188060981355978e-05 -0.00070042477889474184 -0.00010814979781753687 0.0001678155747020181
leaf_weight=214 381 10970 18187 35133 3799 165 3577 45936 4937 200 464 145 6338 2295 5247 428 35886 376 2156 354 4979 111 165 1628 431 4813 1698 1462 6291 3970
leaf_count=214 381 10970 18187 35133 3799 165 3577 45936 4937 200 464 145 6338 2295 5247 428 35886 376 2156 354 4979 111 165 1628 431 4813 1698 1462 6291 3970
internal_value=2.57805e-15 -2.46784e-05 -5.37684e-05 -3.24097e-05 5.57319e-05 0.000391665 0.00015144 -9.67757e-05 -2.08507e-05 0.000500734 0.000546488 0.000670794 0.000708918 5.6569e-05 0.000308033 -0.000162394 1.35239e-05 0.000290934 0.000174426 -2.30231e-05 8.95364e-05 -0.000390124 0.000148466 -7.5893e-05 -0.000168302 0.000362282 -0.00027983 -0.000321039 -0.000146237 0.000227838
internal_weight=202736 190719 163683 149553 63119 12017 27036 86434 40070 9744 9268 6947 6802 18646 9046 46364 54073 4727 2321 13919 7274 476 276 2273 2059 8390 14130 12432 6645 4346
internal_count=202736 190719 163683 149553 63119 12017 27036 86434 40070 9744 9268 6947 6802 18646 9046 46364 54073 4727 2321 13919 7274 476 276 2273 2059 8390 14130 12432 6645 4346
is_linear=0
shrinkage=0.02


Tree=140
num_leaves=31
num_cat=0
split_feature=10 10 34 34 45 5 5 41 9 41 10 41 41 10 9 10 9 45 10 5 34 44 34 44 10 13 6 6 36 45
split_gain=4.77786 2.49845 1.41666 1.27962 1.39967 1.33784 1.15716 1.1824 1.13244 1.03668 1.03168 0.961108 0.912341 0.85476 0.840679 0.836402 0.786292 0.705038 0.628059 0.648684 0.624174 0.603828 0.950143 0.916656 1.40478 0.653264 0.600166 0.597842 0.587737 0.444653
threshold=-14.547500000000019 -116.33499999999999 -0.020699484425137856 -0.011694562354501907 0.04489985496602001 -0.19389999999999738 -0.27360000000000068 83.872656644702388 -14.611499999999994 26.855995260359688 -101.7825 78.701446615120645 40.123456787530081 9.9334999999999898 -20.918999999999986 15.847499999999982 -28.497999999999994 0.033499723145039101 -76.424999999999997 -1.4863999999999982 -0.088155083954746957 3.3560177182225739 -0.035373432971301279 -0.95966706358650977 -138.12749999999997 1.6932000000000003 0.36131666666666629 -1.2029666666666667 37.500000000000007 0.077987746620068063
decision_type=2 2 2 2 2 2 2 2 2 2 2 2 2 2 2 2 2 2 2 2 2 2 2 2 2 2 2 2 2 2
left_child=1 21 9 4 10 18 -4 8 15 16 -3 27 28 -10 -12 -8 -2 -11 -5 -20 -18 22 25 24 -24 -1 -13 -7 -6 -22
right_child=2 3 6 5 12 11 7 -9 13 17 14 26 -14 -15 -16 -17 20 -19 19 -21 29 -23 23 -25 -26 -27 -28 -29 -30 -31
leaf_value=0.00038407028162944223 0.0014663690394008358 0.0020105613229883875 -0.00032019431915403739 0.00062727834771494787 0.00025601294319438182 -0.0013826185368074507 0.00011459260249260443 -0.00026107720463068796 -1.0240440147714108e-05 1.6440134015563009e-05 -0.00060381179955005246 -0.0001022012767077983 0.00075657921276682278 -0.00013100336869484167 9.4520755329608399e-05 0.0010007689288437918 0.00067972140344183722 0.00036834727092467125 -0.0014679374495293338 -0.00026568451341189544 -9.8507967249958334e-05 -0.00066432048902603878 0.00036676299778064551 0.0003932332826156673 0.0035093796814791856 0.0016460064419568184 -0.0010843752111701068 0.00015153206863601613 0.00082723189833477082 0.00036525513496698039
leaf_weight=222 139 107 8232 302 8412 102 1155 12082 56037 3645 754 4962 2221 40308 8067 675 460 6069 187 4485 13032 126 132 1999 100 629 262 26162 788 883
leaf_count=222 139 107 8232 302 8412 102 1155 12082 56037 3645 754 4962 2221 40308 8067 675 460 6069 187 4485 13032 126 132 1999 100 629 262 26162 788 883
internal_value=7.90622e-16 0.000149718 -6.29634e-05 0.000119055 0.000246113 4.8145e-05 -9.14568e-05 -7.43788e-05 -5.14026e-05 7.63862e-05 5.85075e-05 9.62946e-05 0.000392768 -6.07642e-05 3.48288e-05 0.000441461 -3.0642e-05 0.000236301 -0.000256667 -0.000313806 -4.51175e-05 0.000692744 0.000748224 0.000531342 0.00172134 0.00131681 -0.00015146 0.000145574 0.000304939 -6.90791e-05
internal_weight=202736 60019 142717 56811 20349 36462 118489 110257 98175 24228 8928 31488 11421 96345 8821 1830 14514 9714 4974 4672 14375 3208 3082 2231 232 851 5224 26264 9200 13915
internal_count=202736 60019 142717 56811 20349 36462 118489 110257 98175 24228 8928 31488 11421 96345 8821 1830 14514 9714 4974 4672 14375 3208 3082 2231 232 851 5224 26264 9200 13915
is_linear=0
shrinkage=0.02


Tree=141
num_leaves=31
num_cat=0
split_feature=10 14 34 9 45 10 34 14 10 9 44 5 43 34 14 44 45 9 9 45 14 14 45 42 44 10 10 13 34 2
split_gain=4.59374 2.57359 1.60345 1.35008 1.45687 1.4021 1.28687 1.43677 1.42534 1.1802 1.17638 1.17329 1.33476 1.60119 1.46469 1.08371 1.01497 0.933779 0.777611 0.728259 0.747497 0.569168 0.564009 0.542395 0.520269 0.543314 0.455021 0.424143 0.367739 0.367166
threshold=-17.506000000000011 3.1651000000000011 -0.031648573650806804 -47.567499999999988 0.051360135937023245 -166.39949999999996 0.061204343749087918 1.008283333333335 -76.424999999999997 12.978000000000005 1.0616332068506611 -0.25999999999999962 2.1400000000008736 0.014734690150940173 0.65630000000000144 -1.1187341850855936 0.039427130650176175 -7.7274999999999894 -31.214999999999993 0.065367334860913021 0.92465000000000086 3.7055333333333342 0.040335421839457819 0.12992714767307792 2.597237872002077 -116.33499999999999 8.82899999999999 0.99226666666666707 -0.088155083954746957 -0.99999998166666704
decision_type=2 2 2 2 2 2 2 2 2 2 2 2 2 2 2 2 2 2 2 2 2 2 2 2 2 2 2 2 2 2
left_child=1 6 18 5 21 -3 7 9 17 10 -1 -4 29 14 -14 -10 -15 -9 -2 23 -21 -5 -8 28 -7 -26 -22 -24 -20 -13
right_child=2 3 11 4 -6 24 22 8 15 -11 -12 12 13 16 -16 -17 -18 -19 19 20 26 -23 27 -25 25 -27 -28 -29 -30 -31
leaf_value=0.00016107088524715499 0.0015440011740945093 0.0014743169747465101 -0.00026371959155117581 0.0018729329884908401 0.0031868796554368195 -0.00070281629127927846 -0.00010868934253474857 0.00053191038594575834 -0.00064720829856160125 -0.00067251004537727157 -0.00014010048232399118 -6.0151825837287038e-05 2.1252086571596441e-06 3.8709477795162025e-06 0.00027937054616788124 0.00029415222501452963 -0.00022265021393414058 0.0013547237198193709 0.00059789346905619097 0.00025512950578996887 0.00042375235483632423 0.00024667422303106855 -0.00040922896837329733 0.00022645641424645893 -0.00054341910323059634 0.0010591371879698792 0.0015631525875275506 -0.0015750310582282778 -0.00010130904650126534 -0.00020439920395337152
leaf_weight=34561 158 393 12290 161 189 274 534 1999 537 774 6104 9830 47229 13471 9089 5492 19174 762 317 2542 252 185 230 4289 136 224 316 273 5917 25034
leaf_count=34561 158 393 12290 161 189 274 534 1999 537 774 6104 9830 47229 13471 9089 5492 19174 762 317 2542 252 185 230 4289 136 224 316 273 5917 25034
internal_value=1.64178e-14 0.000160372 -5.65155e-05 0.000960098 0.00177476 0.000535712 0.000136005 0.000150403 0.000382653 0.000101138 0.000115864 -7.73358e-05 -5.88369e-05 -1.77307e-05 4.6869e-05 0.000210306 -0.000129176 0.000758996 0.000148981 0.000132813 0.000401698 0.0010034 -0.000561375 5.33458e-05 -4.6104e-05 0.000453727 0.00105764 -0.00104196 -6.57545e-05 -0.000163728
internal_weight=202736 52828 149908 1562 535 1027 51266 50229 8790 41439 40665 136117 123827 88963 56318 6029 32645 2761 13791 13633 3110 346 1037 10523 634 360 568 503 6234 34864
internal_count=202736 52828 149908 1562 535 1027 51266 50229 8790 41439 40665 136117 123827 88963 56318 6029 32645 2761 13791 13633 3110 346 1037 10523 634 360 568 503 6234 34864
is_linear=0
shrinkage=0.02


Tree=142
num_leaves=31
num_cat=0
split_feature=10 34 33 14 10 34 10 34 6 9 6 10 5 41 9 6 13 6 5 44 10 10 9 14 14 44 34 44 12 10
split_gain=4.4394 2.01393 1.96024 1.73756 1.30267 1.24793 1.33181 1.21561 1.17938 1.09711 1.31853 1.06345 0.997321 1.11915 1.07266 1.1272 0.960518 0.801996 0.708181 0.578202 0.869318 0.723476 0.691274 0.565214 0.516897 0.475164 0.4603 0.4602 0.428901 0.41923
threshold=-38.058000000000007 0.0018236664560350496 0.0070502264282768425 0.62598333333333456 -5.4410000000000132 0.061204343749087918 -72.730999999999995 -0.088155083954746957 0.20233333333333306 11.05500000000001 -0.59721666666666684 104.706 -0.13290000000000032 82.735042733566246 0.26400000000000418 0.17383333333333328 0.54553333333333487 -0.49360000000000032 -2.7461999999999964 -1.2460605520106529 -72.730999999999995 -58.759000000000007 -3.3190000000000004 2.8280666666666687 1.2370500000000006 -0.06473873575702406 0.10738946363118447 -0.18136230115127699 0.3938000000000072 -80.640000000000001
decision_type=2 2 2 2 2 2 2 2 2 2 2 2 2 2 2 2 2 2 2 2 2 2 2 2 2 2 2 2 2 2
left_child=3 2 4 19 8 6 16 -6 17 10 -8 -9 -3 14 15 -14 27 -2 -18 29 -21 22 -22 26 -10 -16 -7 -5 -15 -1
right_child=1 12 -4 5 7 23 9 11 24 -11 -12 -13 13 28 25 -17 18 -19 -20 20 21 -23 -24 -25 -26 -27 -28 -29 -30 -31
leaf_value=0.0013513355063696508 -0.00030460709611840396 -0.00030420400387286289 0.0004386987052983313 0.00043346020692427246 0.00095181075343028028 -0.0003818461743976346 -0.00024669717345830782 -6.7882038406841209e-05 0.00061004747911443016 -0.00075440146584070762 0.00049094089157211598 0.001122270203582921 3.6424842449465686e-05 -0.00015386780478191588 -4.0147743949070059e-05 0.00069231134325526897 -3.8277691322593972e-05 0.00010703382338598474 0.00085892089032576645 -0.00049062607450961959 0.0010877637905250736 -5.8786254972992724e-06 0.00013703463231879717 0.00052170152521885372 0.0019116181339577576 -0.00018212462792642614 -0.0017549840121396951 -0.00088966020584955595 -0.000373502065782357 0.00030958035902723768
leaf_weight=176 2005 8919 4470 217 478 434 1206 53718 719 385 4939 302 21057 9998 20302 1103 382 33950 4467 1219 512 5937 760 212 147 17606 126 204 5520 1266
leaf_count=176 2005 8919 4470 217 478 434 1206 53718 719 385 4939 302 21057 9998 20302 1103 382 33950 4467 1219 512 5937 760 212 147 17606 126 204 5520 1266
internal_value=-3.06246e-15 -3.30192e-05 2.97642e-05 0.000265269 9.74712e-06 0.000421197 0.000472165 -5.23431e-05 0.000101646 0.000281286 0.000346174 -6.12285e-05 -0.000104186 -8.05844e-05 -4.14688e-05 6.90712e-05 0.000708681 8.4079e-05 0.00078824 6.66536e-05 3.33493e-06 8.68609e-05 0.000519718 -0.000357835 0.000830984 -0.000106088 -0.000690802 -0.000207672 -0.000231995 0.000436729
internal_weight=202736 180294 95789 22442 91319 12572 11800 54498 36821 6530 6145 54020 84505 75586 60068 22160 5270 35955 4849 9870 8428 7209 1272 772 866 37908 560 421 15518 1442
internal_count=202736 180294 95789 22442 91319 12572 11800 54498 36821 6530 6145 54020 84505 75586 60068 22160 5270 35955 4849 9870 8428 7209 1272 772 866 37908 560 421 15518 1442
is_linear=0
shrinkage=0.02


Tree=143
num_leaves=31
num_cat=0
split_feature=10 10 43 34 5 34 45 5 10 45 42 6 10 41 41 34 42 43 2 6 34 10 5 34 10 41 45 34 45 43
split_gain=4.27434 2.23092 1.43972 1.61733 1.33664 1.19381 1.38668 1.12841 1.00416 0.912227 0.85846 0.838749 0.820047 0.819278 0.795434 0.778087 0.702591 0.604197 0.567496 0.557131 0.540573 0.544957 0.536146 0.520086 0.494862 0.488665 1.04795 0.586661 0.486939 0.480994
threshold=-14.547500000000019 -116.33499999999999 2.9400000000008735 0.014734690150940173 0.23260000000000028 -0.0083412514778857753 0.044297525923604426 -0.19389999999999738 -101.7825 0.039427130650176175 0.08419560946127129 -0.22603333333333353 91.561999999999998 78.701446615120645 39.599190579334326 -0.01875733539382041 0.99904967338901862 12.51999999999971 -0.99999998166666704 0.36131666666666629 0.087569951792432002 -209.34899999999996 -1.4863999999999982 -0.088155083954746957 -72.730999999999995 63.512544802232263 0.049939393137914324 -0.003305117543184979 0.071418589269327662 10.91999999999971
decision_type=2 2 2 2 2 2 2 2 2 2 2 2 2 2 2 2 2 2 2 2 2 2 2 2 2 2 2 2 2 2
left_child=1 20 12 4 10 6 8 22 -3 16 23 -10 18 28 17 -12 -5 -8 -2 -15 21 -1 -7 -4 -24 27 -27 -23 -9 -6
right_child=2 5 3 9 29 7 14 13 11 -11 15 -13 -14 19 -16 -17 -18 -19 -20 -21 -22 25 24 -25 -26 26 -28 -29 -30 -31
leaf_value=0.0011796045640183165 -4.5632943053138049e-05 0.0018367853296184611 0.00071621725808471896 9.1022568168822249e-05 0.00025220880947407557 -0.0013480355823346766 0.00020822278973359654 0.0001576914816425927 -0.00027999330747213198 -0.00022715654461877792 0.00019908220696943188 0.00013418799711838693 0.0015586257883784386 -9.9667623770866929e-05 0.00063232005198272478 6.2387229228862946e-06 -0.00025928660542292567 0.00066406521701719613 -0.00019004703579282356 -0.0010460065727516251 -0.00066226793068926786 0.00067426471639498863 0.00056089905098247834 -0.00015780722648828298 -0.00028611179890721471 0.001726494036823898 -0.0002927254228520074 -6.6603062577477826e-05 -0.00015710334860354863 0.00075180306634852791
leaf_weight=739 15508 124 279 8847 5336 177 8599 21831 2647 17222 11305 7489 113 4955 3202 32226 3090 1345 36507 262 120 1194 298 11383 3722 342 147 666 2160 901
leaf_count=739 15508 124 279 8847 5336 177 8599 21831 2647 17222 11305 7489 113 4955 3202 32226 3090 1345 36507 262 120 1194 298 11383 3722 342 147 666 2160 901
internal_value=-9.82025e-14 0.00014161 -5.95533e-05 -1.13664e-05 4.68556e-05 0.000112634 0.000222162 3.58913e-05 4.79096e-05 -0.000134024 1.54943e-05 2.60252e-05 -0.000143293 7.99546e-05 0.000358159 5.63202e-05 3.41882e-07 0.000269879 -0.000146991 -0.000147193 0.000654738 0.000705917 -0.000270756 -0.000136897 -0.000223323 0.000556894 0.00111949 0.000408986 0.000129349 0.00032438
internal_weight=202736 60019 142717 90589 61430 56811 23406 33405 10260 29159 55193 10136 52128 29208 13146 43531 11937 9944 52015 5217 3208 3088 4197 11662 4020 2349 489 1860 23991 6237
internal_count=202736 60019 142717 90589 61430 56811 23406 33405 10260 29159 55193 10136 52128 29208 13146 43531 11937 9944 52015 5217 3208 3088 4197 11662 4020 2349 489 1860 23991 6237
is_linear=0
shrinkage=0.02


Tree=144
num_leaves=31
num_cat=0
split_feature=43 34 14 34 45 45 41 15 34 43 9 44 45 34 14 44 12 5 43 42 15 44 41 6 9 44 34 5 44 44
split_gain=3.74578 2.36605 2.34233 1.51302 1.88694 1.30269 1.24836 1.16232 1.1113 1.10352 1.12953 0.997889 0.949534 0.881425 0.745278 0.800864 0.755587 0.668719 0.634887 0.605213 0.598995 0.563536 0.545818 0.526043 0.526949 0.499055 0.623752 0.494751 0.458154 0.899344
threshold=7.8599999999962167 0.041686708810711452 3.1651000000000011 -0.0046147782494757525 0.07176771542558559 0.068789173170331716 36.383747252510915 1.1314121927681751 -0.077864218579604044 12.9699999999968 1.5260000000000027 -1.7124149432366236 0.064775413711466515 -0.00042017028562528865 0.5929000000000012 1.5862500858195583 0.5119000000000048 0.023200000000001584 2.9400000000008735 0.51797020367676794 0.45387982991000064 3.1601215743280169 29.331434820295112 -0.1383999999999998 -8.6409999999999823 -0.40173684718654523 -0.026807676893757782 -0.37259999999999743 2.4015961662112746 1.1100431958565664
decision_type=2 2 2 2 2 2 2 2 2 2 2 2 2 2 2 2 2 2 2 2 2 2 2 2 2 2 2 2 2 2
left_child=3 2 7 4 6 14 25 9 -9 10 -2 -11 28 19 16 17 18 -16 -5 -7 -3 -10 -6 -15 -25 26 -1 -14 29 -4
right_child=1 20 12 5 22 13 -8 8 21 11 -12 -13 27 23 15 -17 -18 -19 -20 -21 -22 -23 -24 24 -26 -27 -28 -29 -30 -31
leaf_value=0.00019022371190125227 0.0003442338869257401 0.00026109180093750927 0.00041706476991429739 -0.00012609782855554639 0.00016549402161925134 -6.8431626510889333e-05 0.00011212933799665743 0.00065821878907181138 2.8257124695281242e-05 -0.0012070556630029297 5.8190815290777849e-06 0.00062801618891566741 0.0013293350374452594 -0.00083108670268413395 -4.4762826185566219e-05 -0.00020614051504530843 -0.00025756822896073076 0.00027045962419444599 8.0997375499954393e-06 0.00080853917522306972 -0.0002336587834199248 -0.00058313381160456036 0.00048555284123581179 0.00053577216346748174 -0.00031298078368914269 -0.00015627286598389681 -8.3424446734725512e-05 0.0027995882027586154 0.00016640751759049987 0.0018449643789948422
leaf_weight=4685 10452 1156 439 30973 4900 1106 20248 1107 11635 122 6337 4170 289 770 4450 3354 9514 6814 25888 440 6387 636 3772 300 11853 18548 11536 134 426 295
leaf_count=4685 10452 1156 439 30973 4900 1106 20248 1107 11635 122 6337 4170 289 770 4450 3354 9514 6814 25888 440 6387 636 3772 300 11853 18548 11536 134 426 295
internal_value=-6.67946e-14 0.000164275 0.000231688 -4.49883e-05 3.0509e-05 -9.53575e-05 -1.27114e-05 0.000197131 5.13191e-05 0.000289662 0.000216499 0.000575854 0.000983934 -0.000270157 -6.41305e-05 6.51472e-05 -9.26018e-05 0.000145927 -6.49996e-05 0.000181159 -0.000157836 -3.43097e-06 0.000304708 -0.000324148 -0.000292029 -8.54133e-05 -4.38853e-06 0.00179509 0.000688143 0.000990948
internal_weight=202736 43585 36042 159151 63689 95462 55017 34459 13378 21081 16789 4292 1583 14469 80993 14618 66375 11264 56861 1546 7543 12271 8672 12923 12153 34769 16221 423 1160 734
internal_count=202736 43585 36042 159151 63689 95462 55017 34459 13378 21081 16789 4292 1583 14469 80993 14618 66375 11264 56861 1546 7543 12271 8672 12923 12153 34769 16221 423 1160 734
is_linear=0
shrinkage=0.02


Tree=145
num_leaves=31
num_cat=0
split_feature=10 34 5 45 14 45 9 34 10 29 9 6 45 13 14 10 14 6 9 42 45 14 10 10 9 45 14 5 45 6
split_gain=4.05514 1.83259 2.00646 1.92738 1.60154 1.35675 2.6449 1.15548 1.20275 1.0781 1.05412 1.26415 0.947038 0.835812 0.751282 0.747685 0.717924 0.680548 1.09448 0.658414 0.581063 0.540776 0.514777 0.575179 0.718449 0.553094 0.498135 0.558215 0.480979 0.449548
threshold=-38.058000000000007 0.0089713671917674605 0.18640000000000076 0.047329919044395839 0.62598333333333456 0.05949999999981765 0.33099999999998986 0.061204343749087918 -72.730999999999995 0.014266397451301318 11.05500000000001 -0.59721666666666684 0.0069787666183856794 0.68419999999999936 0.66855000000000142 104.706 0.57213333333333494 -0.071466666666666498 -7.5699999999999923 0.99091917319776956 0.045816101284753642 2.8280666666666687 -68.760000000000005 -58.759000000000007 -3.3190000000000004 0.054517469257182948 0.4190000000000012 -0.11700000000000012 0.040335421839457819 0.18763333333333279
decision_type=2 2 2 2 2 2 2 2 2 2 2 2 2 2 2 2 2 2 2 2 2 2 2 2 2 2 2 2 2 2
left_child=4 2 5 19 22 9 16 8 12 15 11 -10 -6 -14 -4 -2 -7 -5 -19 26 -16 28 -1 24 -24 -26 -3 -28 29 -9
right_child=1 3 14 17 7 6 -8 21 10 -11 -12 -13 13 -15 20 -17 -18 18 -20 -21 -22 -23 23 -25 25 -27 27 -29 -30 -31
leaf_value=-0.00024041188160461461 -7.6056555802464428e-05 -5.4727740947961386e-05 0.00014835555390734544 -0.00055267007155884241 -0.00028337132156364559 0.00015231269021383768 -0.00021109785592347347 0.00059581646689984169 -0.00024603423018170042 0.00024688647782253477 -0.00074431664478120723 0.00047623199764067984 0.00010460205130123279 0.00085752856305017016 0.00026815733783545849 0.0011050620069673156 0.00041754534736972431 0.00056762955039004793 -0.0002312489810871313 -0.00020438439740389777 0.00075571648321115254 0.00051392125475378532 0.0011530053724195099 6.1981737340369657e-05 0.00055707320008443388 -0.00061377601822920744 -0.0001874459631930621 0.00017644324948293139 -0.0012687786863778126 -0.0010079110004632484
leaf_weight=1825 74784 13991 7303 2539 381 15053 7650 162 1206 4475 385 4939 686 4203 2139 215 5601 705 25419 6007 1801 212 464 6878 452 251 2005 10607 275 123
leaf_count=1825 74784 13991 7303 2539 381 15053 7650 162 1206 4475 385 4939 686 4203 2139 215 5601 705 25419 6007 1801 212 464 6878 452 251 2005 10607 275 123
internal_value=-4.28416e-14 -3.15579e-05 1.41925e-05 -0.000120427 0.000253529 -1.23297e-05 0.000106576 0.00040323 0.000452273 -5.46771e-05 0.000270878 0.000334482 0.000677037 0.000751882 0.00026844 -7.26706e-05 0.000224239 -0.000240071 -0.00020969 -1.52631e-05 0.000491024 -0.000346391 6.28463e-05 0.00013164 0.000542188 0.000139032 2.74408e-05 0.000118594 -0.00067208 -9.63185e-05
internal_weight=202736 180294 119021 61273 22442 107778 28304 12572 11800 79474 6530 6145 5270 4889 11243 74999 20654 28663 26124 32610 3940 772 9870 8045 1167 703 26603 12612 560 285
internal_count=202736 180294 119021 61273 22442 107778 28304 12572 11800 79474 6530 6145 5270 4889 11243 74999 20654 28663 26124 32610 3940 772 9870 8045 1167 703 26603 12612 560 285
is_linear=0
shrinkage=0.02


Tree=146
num_leaves=31
num_cat=0
split_feature=10 14 6 43 44 34 4 10 10 9 10 11 10 14 34 14 9 10 6 10 7 14 41 7 34 34 19 29 41 7
split_gain=3.92679 2.40481 1.36488 1.34078 1.69277 1.27382 1.47133 1.17187 1.10553 0.981209 1.37071 0.964795 0.932712 0.9593 0.872748 1.40691 0.866058 0.834282 1.13672 0.701351 0.618609 0.835726 0.611289 0.596609 0.573176 0.563733 0.547594 0.538009 0.5587 0.511871
threshold=-13.847000000000014 3.1651000000000011 -1.6954000000000005 2.6799999999973809 -0.59560860008446725 -0.015577675985557123 -0.43719999999999876 104.706 -166.39949999999996 -5.3079999999999794 26.538499999999988 0.24750000000000005 5.9104999999999821 1.5409333333333344 0.061204343749087918 0.85758333333333392 -21.999499999999987 -80.640000000000001 -0.057666666666667359 9.3559999999999928 0.60131327107913013 0.28566666666666801 33.178469496375605 6.8358087532284095 0.014114095607827878 0.0054989178589617072 99.999997750000077 -0.134413507314568 38.832487308259495 0.79622656951023496
decision_type=2 2 2 2 2 2 2 2 2 2 2 2 2 2 2 2 2 2 2 2 2 2 2 2 2 2 2 2 2 2
left_child=1 5 8 26 7 11 -7 9 -3 10 -5 22 20 29 15 -8 -15 18 -13 -11 21 -6 -1 -19 -4 -9 -2 -10 -29 -14
right_child=3 2 24 4 12 6 14 25 27 19 -12 17 13 16 -16 -17 -18 23 -20 -21 -22 -23 -24 -25 -26 -27 -28 28 -30 -31
leaf_value=-4.8207613110175569e-06 -0.00019233328283495225 0.0016359016513699117 0.0017039795173064863 0.00016810350583250065 -9.9710752308075908e-05 -0.00036563654366715147 5.2718636445648895e-05 0.0022118484083828087 0.00090158585881719856 0.0001425473752093812 0.00093656185778387099 0.00059814856829148077 -0.00012083104085945279 0.0019071892766399426 -0.00049192247605246589 0.00040680446620124837 0.00011215067900437821 0.00035058749149831814 0.0021714634358707499 -7.0063988326990936e-05 -9.8176294987089704e-05 0.00019021861885138856 0.0003474382063259079 -0.00074025992611937406 0.00070140883533399158 0.00045282259083095211 -4.2547408759289692e-05 -0.0019230981256187735 -0.00018397292952428306 -0.00029178254006710029
leaf_weight=6189 32042 146 648 4080 6199 3118 32571 152 101 13240 1202 1042 20521 111 1018 5206 3422 7580 223 11682 12549 11094 2891 206 352 140 14041 111 221 10638
leaf_count=6189 32042 146 648 4080 6199 3118 32571 152 101 13240 1202 1042 20521 111 1018 5206 3422 7580 223 11682 12549 11094 2891 206 352 140 14041 111 221 10638
internal_value=-3.42208e-14 0.000133197 0.000903644 -5.81663e-05 -1.52359e-05 0.000112937 5.23487e-05 0.000107557 0.000130881 9.53665e-05 0.000342978 0.000252996 -7.32624e-05 -0.000143782 8.59427e-05 0.000101515 0.000168547 0.000399123 0.0008755 4.28874e-05 8.71805e-06 8.6288e-05 0.000107336 0.000321726 0.00135107 0.00136848 -0.000146695 -0.000376586 -0.000765427 -0.000179196
internal_weight=202736 61623 1579 141113 95030 60044 41913 30496 579 30204 5282 18131 64534 34692 38795 37777 3533 9051 1265 24922 29842 17293 9080 7786 1000 292 46083 433 332 31159
internal_count=202736 61623 1579 141113 95030 60044 41913 30496 579 30204 5282 18131 64534 34692 38795 37777 3533 9051 1265 24922 29842 17293 9080 7786 1000 292 46083 433 332 31159
is_linear=0
shrinkage=0.02


Tree=147
num_leaves=31
num_cat=0
split_feature=10 44 14 34 14 10 44 34 9 6 44 10 34 5 10 9 10 14 45 9 45 44 45 14 6 6 34 44 10 10
split_gain=3.77194 1.85649 1.63788 1.62749 1.42955 1.8632 1.84832 1.12873 1.15539 2.01526 1.57823 1.23682 1.09228 1.19246 1.08028 1.7437 1.19854 1.03831 0.872545 1.17026 0.871711 0.942965 0.869422 0.776352 0.694975 0.611069 0.602818 0.597762 0.795743 0.708505
threshold=-35.575499999999998 -0.09187511517335252 0.62598333333333456 -0.026807676893757782 3.1651000000000011 33.544999999999987 2.1876406604074967 0.03946654320046826 11.4055 -0.017916666666666921 -0.89482373785314351 -209.34899999999996 0.017750228623991508 0.063600000000000448 -7.1160000000000165 -11.513499999999983 82.286500000000004 0.52300000000000157 0.057461787320613716 6.6065000000000031 0.055419867495200427 1.009920957945192 0.01601753779004764 0.80238333333333423 0.2643333333333327 -0.59721666666666684 -0.10835613094779681 -1.2460605520106529 -72.730999999999995 -58.759000000000007
decision_type=2 2 2 2 2 2 2 2 2 2 2 2 2 2 2 2 2 2 2 2 2 2 2 2 2 2 2 2 2 2
left_child=2 3 27 17 12 6 -6 8 9 11 -11 -4 13 26 15 -5 25 -2 19 24 21 -10 -18 -15 -9 -16 -3 -1 -29 -30
right_child=1 4 7 14 5 -7 -8 18 20 10 -12 -13 -14 23 16 -17 22 -19 -20 -21 -22 -23 -24 -25 -26 -27 -28 28 29 -31
leaf_value=0.00039925383797943153 0.00011303567867025798 0.00080510474643887778 0.0013126075520145039 -0.00041833319610352102 0.0031577485589029193 -6.3586724495224919e-05 0.00013589402584226004 0.00017350040287698965 -0.00039543684244514727 0.0022847797866753215 0.00080857813912669271 0.00030478940285396565 -0.00023841192697187416 3.9511439953777866e-06 0.0010885984776668131 0.000145933951259101 -0.00049695451469982375 0.00053447535109834253 -0.0010026529450501715 0.0016540075427949471 -0.001825613679579244 0.001752100611431524 0.00097881737782946183 0.0003374783826084961 -0.001018216531995187 -6.5811960103889414e-05 -0.00012922840027936245 -0.00048342053665396761 0.00049826117854177344 -1.3533022638392885e-05
leaf_weight=1717 6399 278 517 2389 192 482 140 792 449 343 1864 8417 20322 12492 184 26377 204 3685 350 173 130 100 735 3595 260 57468 42949 1219 1272 7242
leaf_count=1717 6399 278 517 2389 192 482 140 792 449 343 1864 8417 20322 12492 184 26377 204 3685 350 173 130 100 735 3595 260 57468 42949 1219 1272 7242
internal_value=1.30221e-13 -3.22396e-05 0.000230836 2.64676e-05 -0.000103346 0.000730546 0.00188347 0.000380972 0.000447989 0.000496805 0.001038 0.000363111 -0.000111869 -6.85137e-05 -1.30299e-06 9.90719e-05 -5.05833e-05 0.000267043 -0.000121974 0.000129648 -0.000352976 -4.26426e-06 0.000658202 7.84853e-05 -0.00012103 -6.21276e-05 -0.00012322 5.51975e-05 -5.49754e-06 6.29295e-05
internal_weight=202736 177891 24845 97441 80450 814 332 13395 11820 11141 2207 8934 79636 59314 87357 28766 58591 10084 1575 1225 679 549 939 16087 1052 57652 43227 11450 9733 8514
internal_count=202736 177891 24845 97441 80450 814 332 13395 11820 11141 2207 8934 79636 59314 87357 28766 58591 10084 1575 1225 679 549 939 16087 1052 57652 43227 11450 9733 8514
is_linear=0
shrinkage=0.02


Tree=148
num_leaves=31
num_cat=0
split_feature=10 14 9 45 43 44 10 34 6 14 34 10 6 9 10 45 9 10 14 9 10 6 10 10 40 6 15 7 14 34
split_gain=3.64831 2.25033 1.31585 1.36343 1.2832 1.5941 1.23271 1.20629 1.23292 1.12136 1.3086 1.09191 1.037 0.943556 1.37324 0.931114 0.956567 0.882134 0.921962 0.866786 0.840475 1.07011 0.68148 0.681131 0.68107 0.672246 0.617509 0.584307 0.811862 0.558148
threshold=-13.847000000000014 3.1651000000000011 -47.567499999999988 0.051360135937023245 2.6799999999973809 -0.60514513468770759 -166.39949999999996 -0.015577675985557123 -0.84406666666666685 1.008283333333335 0.061204343749087918 104.706 0.39646666666666613 -5.3079999999999794 26.538499999999988 0.033189892578358263 5.58450000000001 5.9104999999999821 1.5409333333333344 1.7420000000000115 -47.616000000000007 -0.49360000000000032 9.3559999999999928 -80.640000000000001 4.5454545447699468 -0.40631666666666694 1.2914632200777822 0.60131327107913013 0.28768333333333468 0.0054989178589617072
decision_type=2 2 2 2 2 2 2 2 2 2 2 2 2 2 2 2 2 2 2 2 2 2 2 2 2 2 2 2 2 2
left_child=1 7 6 -4 -2 11 -3 15 -9 12 -11 13 -10 14 -6 16 25 27 26 -20 24 -22 -15 -18 -17 -1 -19 28 -7 -13
right_child=4 2 3 -5 5 17 -8 8 9 10 -12 29 -14 22 -16 20 23 18 19 -21 21 -23 -24 -25 -26 -27 -28 -29 -30 -31
leaf_value=-0.00064358690829908246 -0.00014267308909736193 0.0013330445826556011 0.00092769667433827314 0.0030127506218064512 0.00016309495713197041 -9.6138777322407701e-05 -9.1296042149194401e-05 -0.00093143306121383355 3.5884056619870221e-05 0.00049089788968752744 -0.00048761968371098318 0.0021784691107731005 -0.001011612178465682 0.00014146657756874408 0.00093877660113948064 6.9889103062944173e-05 0.0022435340034336641 -0.00013037306092327969 0.00085702764838722293 2.5659759339154454e-05 -0.00025589380616086033 0.00033537194679417035 -6.9363011753617075e-05 0.00047049088868908044 0.00077182939498122581 2.9511075432175994e-05 -0.00035858419385658709 -9.40932837765634e-05 0.00018788363185558664 0.0004023752273529518
leaf_weight=691 46083 393 355 194 4022 6321 637 506 36422 3969 634 150 382 13097 1181 708 104 25546 605 2936 1448 7929 11533 520 2524 4207 5824 12595 11086 134
leaf_count=691 46083 393 355 194 4022 6321 637 506 36422 3969 634 150 382 13097 1181 708 104 25546 605 2936 1448 7929 11533 520 2524 4207 5824 12595 11086 134
internal_value=-1.53564e-13 0.000128387 0.000873678 0.00166449 -5.60658e-05 -1.40672e-05 0.000452166 0.000108788 4.98282e-05 6.18194e-05 0.000356121 0.000106192 2.50118e-05 9.4442e-05 0.000339163 0.000245084 2.85073e-05 -6.98625e-05 -0.00013821 0.000167704 0.000339932 0.000244068 4.27456e-05 0.000765998 0.000618063 -6.54482e-05 -0.000172742 9.66868e-06 8.47466e-05 0.00134045
internal_weight=202736 61623 1579 549 141113 95030 1030 60044 41913 41407 4603 30117 36804 29833 5203 18131 5522 64913 34911 3541 12609 9377 24630 624 3232 4898 31370 30002 17407 284
internal_count=202736 61623 1579 549 141113 95030 1030 60044 41913 41407 4603 30117 36804 29833 5203 18131 5522 64913 34911 3541 12609 9377 24630 624 3232 4898 31370 30002 17407 284
is_linear=0
shrinkage=0.02


Tree=149
num_leaves=31
num_cat=0
split_feature=43 34 14 34 45 43 15 34 43 9 45 29 9 45 5 5 14 7 5 12 14 5 14 45 9 13 7 14 33 9
split_gain=3.33047 2.09278 1.97635 1.36425 1.61892 1.30844 1.11879 1.03128 1.00594 1.03722 0.993416 1.15703 1.11196 0.879607 0.639015 0.626458 0.623932 0.59959 0.500197 0.499508 0.47675 0.469969 0.459834 0.420079 0.494993 0.408992 0.402198 0.394952 0.374179 0.349206
threshold=7.8599999999962167 0.041686708810711452 3.1651000000000011 0.011311933421300003 0.044591472904965755 1.8400000000008732 1.1314121927681751 -0.077864218579604044 12.9699999999968 1.5260000000000027 0.07176771542558559 0.010318062796710327 1.0000000180025095e-35 0.064775413711466515 -0.27360000000000068 -0.25999999999999962 0.4190000000000012 0.46034829205462385 -0.51939999999999942 0.21160000000000675 1.0652500000000014 -0.37259999999999743 0.3889333333333343 0.021502557962983615 -26.471499999999999 1.3439000000000021 0.71104940052698262 1.4308666666666683 0.00038187963571509001 -47.567499999999988
decision_type=2 2 2 2 2 2 2 2 2 2 2 2 2 2 2 2 2 2 2 2 2 2 2 2 2 2 2 2 2 2
left_child=3 2 6 5 16 -1 8 25 9 -2 11 15 18 28 -10 -7 26 -3 -12 -6 -9 -15 -13 27 -25 -8 -5 -19 -4 -30
right_child=1 17 13 4 19 10 7 20 14 -11 12 22 -14 21 -16 -17 -18 23 -20 -21 -22 -23 -24 24 -26 -27 -28 -29 29 -31
leaf_value=-0.00011595749078628785 0.00032989100336970091 0.00026770484254425497 0.00036399950206137684 -5.6720585167508368e-05 -0.00013770043087041729 -0.00015011098614844305 2.6591663680226482e-05 -0.0001083261580186341 0.00013639574730164882 5.5991461853995281e-06 -0.00014086250420091321 8.0935198388297811e-05 -0.00015249001206630265 0.0012360607546636961 0.00069437084858878077 1.0965563511628298e-05 0.00011527032680637714 -0.00015434425859016664 0.00043118340153821232 -0.00033320139209202669 0.00014759965551930563 0.0026690190030780317 0.000360217404118058 0.00069301268290776832 -0.00034194109819035793 0.00087381429822747808 -0.00036941178142133361 0.00060159361294807997 0.00048904035503124414 0.0016734180755545974
leaf_weight=31542 10452 1172 760 11259 8496 11774 321 7520 1106 6337 684 4773 2175 289 3186 53740 8769 791 5762 13589 4751 134 4661 192 4963 786 1927 425 187 213
leaf_count=31542 10452 1172 760 11259 8496 11774 321 7520 1106 6337 684 4773 2175 289 3186 53740 8769 791 5762 13589 4751 134 4661 192 4963 786 1927 425 187 213
internal_value=-4.1246e-14 0.000154901 0.000218301 -4.24211e-05 -0.00013709 -6.20191e-06 0.000186558 4.35033e-05 0.000277341 0.000207487 3.52239e-05 1.1837e-05 0.000238541 0.000909285 0.000550587 -1.79827e-05 -1.54711e-05 -0.000148038 0.000370482 -0.000257993 -9.23859e-06 0.00169 0.000218918 -0.000224518 -0.000303394 0.000628143 -0.000102417 0.000109861 0.000624593 0.00111972
internal_weight=202736 43585 36042 159151 44040 115111 34459 13378 21081 16789 83569 74948 8621 1583 4292 65514 21955 7543 6446 22085 12271 423 9434 6371 5155 1107 13186 1216 1160 400
internal_count=202736 43585 36042 159151 44040 115111 34459 13378 21081 16789 83569 74948 8621 1583 4292 65514 21955 7543 6446 22085 12271 423 9434 6371 5155 1107 13186 1216 1160 400
is_linear=0
shrinkage=0.02


Tree=150
num_leaves=31
num_cat=0
split_feature=10 14 6 44 10 45 10 44 14 6 44 10 9 10 14 10 9 45 6 9 10 9 9 44 14 6 10 34 34 9
split_gain=3.44277 2.07272 1.25755 1.22365 1.49417 1.22006 1.56041 1.18247 1.57289 1.53597 1.40926 1.28479 1.17464 0.98387 0.97485 0.852118 1.20061 0.988385 0.843487 0.792457 2.83794 0.714039 0.681628 0.752491 0.668821 0.748989 0.664231 0.593435 0.490268 0.459409
threshold=-13.847000000000014 3.1651000000000011 -0.84406666666666685 -0.64451130320852501 104.706 0.047035546123975112 -138.12749999999997 2.6784778626728234 1.008283333333335 -0.73481666666666701 -1.6223574671384393 -64.497 12.978000000000005 -166.39949999999996 0.55833333333333501 6.3439999999999781 -23.175499999999992 0.029398148148291281 -0.25908333333333367 55.303000000000004 33.544999999999987 -0.88999999999998269 15.723000000000011 -1.5212737569210788 0.28980000000000117 -0.15118333333333361 53.005499999999991 -0.088155083954746957 0.0054989178589617072 2.9285000000000001
decision_type=2 2 2 2 2 2 2 2 2 2 2 2 2 2 2 2 2 2 2 2 2 2 2 2 2 2 2 2 2 2
left_child=1 7 13 4 14 -4 -7 8 12 11 -11 -10 18 -3 21 24 17 -17 -1 27 -21 26 23 -16 -5 -26 -2 -18 -6 -27
right_child=3 2 5 15 28 6 -8 -9 9 10 -12 -13 -14 -15 22 16 19 -19 -20 20 -22 -23 -24 -25 25 29 -28 -29 -30 -31
leaf_value=-0.00014087799747479737 6.8284977332047213e-05 0.0013502101244984032 0.00077076701789337678 -0.00014132198288322126 0.0021612276330994196 0.0011651082001870152 0.0043765899995055965 -0.00039146152642654706 0.00049663565669542432 -0.00083191578517659368 0.00055772513679749468 -0.00060379534053629465 -0.00060892958227939606 1.5079743209068684e-05 -0.00012282790547908065 -0.0005751371136949664 0.00081787866232461818 0.0014224095487105866 0.0001215542774065859 0.0031418790920658712 -0.00011857132994120225 -8.3941833640369099e-05 -0.00023358411869739412 0.00041234863259964957 -0.00014974908244871137 0.00015227526815656521 0.00090378683853877808 -0.00018343876254593591 0.0005315468096414133 -3.2228158084689067e-05
leaf_weight=5532 14328 320 304 15870 166 129 114 1853 710 305 6801 1055 977 712 1318 140 238 339 42811 132 559 25922 1104 5186 7803 13365 391 45063 133 9056
leaf_count=5532 14328 320 304 15870 166 129 114 1853 710 305 6801 1055 977 712 1318 140 238 339 42811 132 559 25922 1104 5186 7803 13365 391 45063 133 9056
internal_value=2.27401e-14 0.000124719 0.000839992 -5.44637e-05 2.68593e-05 0.00161525 0.00267173 0.000105909 0.000121747 0.000366922 0.00049808 -0.000161129 7.7648e-05 0.000429074 1.81248e-05 -9.71155e-05 -0.00015755 0.000838575 9.15236e-05 -0.000167925 0.000504264 -2.07714e-05 0.000225904 0.000303898 -3.61863e-05 1.90183e-05 9.04795e-05 -0.000178178 0.00143632 7.7753e-05
internal_weight=202736 61623 1579 141113 48548 547 243 60044 58191 8871 7106 1765 49320 1032 48249 92565 46471 479 48343 45992 691 40641 7608 6504 46094 30224 14719 45301 299 22421
internal_count=202736 61623 1579 141113 48548 547 243 60044 58191 8871 7106 1765 49320 1032 48249 92565 46471 479 48343 45992 691 40641 7608 6504 46094 30224 14719 45301 299 22421
is_linear=0
shrinkage=0.02


Tree=151
num_leaves=31
num_cat=0
split_feature=34 5 9 14 6 11 34 44 14 9 14 14 14 34 34 5 9 34 44 42 44 34 42 14 5 41 44 17 44 9
split_gain=3.16101 1.75999 2.44324 1.87327 1.52925 1.45617 1.31077 1.14785 1.80731 1.79633 1.00754 0.847791 0.710936 0.869101 0.553918 0.534193 0.603079 0.598914 0.501178 0.506768 0.494403 0.459547 0.561758 0.558064 0.557537 0.407452 0.406036 0.381906 0.333329 0.310428
threshold=-0.038177109550729331 -0.27360000000000068 -1.3690000000000007 0.4190000000000012 -0.1580666666666668 0.34550000000000008 0.022406536990207122 -0.41212650489820046 0.6034166666666676 14.490500000000006 1.7400000000000009 1.1324000000000012 3.1651000000000011 0.037370911406368654 0.014734690150940173 -2.7461999999999964 2.672000000000017 -0.10835613094779681 3.6600125406477528 0.12992714767307792 -0.16839263257586518 -0.015918988061964713 0.24755081962651693 1.3876333333333342 -0.56974999999999998 26.855995260359688 0.45653773963412098 0.49024633156922909 0.1364938018449047 -12.101999999999991
decision_type=2 2 2 2 2 2 2 2 2 2 2 2 2 2 2 2 2 2 2 2 2 2 2 2 2 2 2 2 2 2
left_child=5 21 3 20 11 18 -6 8 27 -10 25 -5 14 -14 -9 17 -17 -12 19 -1 -3 22 26 24 -23 28 -2 -4 -7 -22
right_child=1 2 7 4 6 10 -8 12 9 -11 15 -13 13 -15 -16 16 -18 -19 -20 -21 29 23 -24 -25 -26 -27 -28 -29 -30 -31
leaf_value=-7.1601907632959724e-05 -5.9473582120909566e-05 6.0809530485297501e-05 -6.6020186986466166e-07 -4.4883580358223146e-05 0.00046341271901477617 0.00039319825478972907 3.7158682859003276e-05 -7.9371862189378631e-05 0.00055461762685434955 -0.0002071935437928614 0.00084747679169176759 0.00032824820799231153 0.0017077680204386132 -4.6891916780160707e-05 -0.00021006821840113064 0.001176535966582968 0.00011526405550060136 -0.00069755958461181148 -0.0011268791214704675 0.00025875492427795467 0.00016093614956659585 -0.00060662704347547072 0.00022895281520063718 6.3837760555155034e-05 -0.0002544248213592676 0.00055878217030235411 -0.00038005750060734952 -0.00013589391111618149 4.5911954720824521e-05 -0.00012661201586035723
leaf_weight=3808 4558 21404 31298 9077 11303 2207 3875 32650 4268 1744 239 3329 187 285 21521 1338 255 173 138 3626 1709 2362 1763 1602 7527 2078 2419 11394 2215 12384
leaf_count=3808 4558 21404 31298 9077 11303 2207 3875 32650 4268 1744 239 3329 187 285 21521 1338 255 173 138 3626 1709 2362 1763 1602 7527 2078 2419 11394 2215 12384
internal_value=-7.44262e-14 -2.31769e-05 -1.76496e-06 9.63193e-05 0.000219956 0.000269091 0.000354588 -6.16337e-05 8.96691e-06 0.000333626 0.000448689 5.52418e-05 -0.000124561 0.000648281 -0.000131295 0.000840632 0.00100665 0.000198712 6.73634e-05 8.95326e-05 2.4351e-07 -0.00019932 -9.00224e-05 -0.000282451 -0.000338549 0.00032779 -0.000170623 -3.67525e-05 0.000219241 -9.17422e-05
internal_weight=202736 186659 166428 63081 27584 16077 15178 103347 48704 6012 8505 12406 54643 472 54171 2005 1593 412 7572 7434 35497 20231 8740 11491 9889 6500 6977 42692 4422 14093
internal_count=202736 186659 166428 63081 27584 16077 15178 103347 48704 6012 8505 12406 54643 472 54171 2005 1593 412 7572 7434 35497 20231 8740 11491 9889 6500 6977 42692 4422 14093
is_linear=0
shrinkage=0.02


Tree=152
num_leaves=31
num_cat=0
split_feature=10 34 45 45 34 9 33 5 44 6 1 1 34 6 40 43 6 9 10 9 44 12 5 9 44 43 43 44 44 32
split_gain=3.24896 1.59518 2.30811 1.66458 1.31893 1.29789 1.15399 1.07889 0.994462 0.970175 0.944587 1.19433 0.977561 0.794933 0.77085 0.769319 0.717467 1.60758 0.714345 0.53936 0.533321 0.520107 0.508522 0.469694 0.461788 0.454179 0.439734 0.419733 0.404516 0.404098
threshold=-38.058000000000007 0.0018236664560350496 0.05949999999981765 0.047329919044395839 -0.065533267403222698 2.2770000000000015 0.0070502264282768425 -2.7461999999999964 0.45653773963412098 0.10586666666666576 15000000.000000002 0.001498267641122888 0.10738946363118447 0.24796666666666642 84.14634146192877 4.3800000000002912 -0.067866666666666853 -4.6679999999999877 82.286500000000004 -14.242999999999993 -1.2983811569623518 1.5608000000000024 -0.11700000000000012 21.07200000000001 2.8757842291610967 3.279999999997381 2.8000000000014555 -0.58631613174443209 -0.09187511517335252 0.0061156801041477677
decision_type=2 2 2 2 2 2 2 2 2 2 2 2 2 2 2 2 2 2 2 2 2 2 2 2 2 2 2 2 2 2
left_child=4 2 6 14 21 9 8 28 15 18 11 20 -13 29 22 -2 19 -18 -4 -5 -9 -1 -3 -10 -12 -11 -24 -19 -6 -7
right_child=1 3 5 16 7 13 -8 10 23 25 24 12 -14 -15 -16 -17 17 27 -20 -21 -22 -23 26 -25 -26 -27 -28 -29 -30 -31
leaf_value=0.00021429910460114425 -6.6856369899887845e-05 -0.00014757970055312203 0.00021618295454143191 0.00013263410999095172 -0.00010685515090438497 -0.00029320034409840805 0.00032453932232346446 0.00058450973652372535 -0.0001950021150781178 0.00035885827852829888 -1.3988018396344241e-06 0.00044069731506625459 -0.0010675255218836745 0.00061612534824562919 -0.00011243031531457072 9.7908739534039311e-05 0.00039095136750512502 -9.7939705371411602e-05 0.00146116142197805 -0.00051526098896248181 -2.2834738382737398e-05 0.0010443541660428487 -4.0077804077007115e-05 0.00021565335469377251 -0.0012829920259992715 0.0014213979909193622 0.00014591823363199839 -0.0002496770825023401 -0.0016355577565397767 0.00070910132654905382
leaf_weight=424 28128 4263 20786 593 115 3356 3457 655 18374 267 5094 9700 175 488 18442 18987 2002 11563 186 3856 4941 1049 7302 1186 115 405 16742 19742 174 169
leaf_count=424 28128 4263 20786 593 115 3356 3457 655 18374 267 5094 9700 175 488 18442 18987 2002 11563 186 3856 4941 1049 7302 1186 115 405 16742 19742 174 169
internal_value=1.73256e-13 -2.82473e-05 2.76289e-05 -9.15847e-05 0.000226933 0.000189943 -3.17518e-05 0.000186295 -5.02249e-05 0.000251194 0.000203255 0.000281687 0.000413969 -0.000140412 -1.18132e-05 -4.57237e-07 -0.000190357 -0.000158493 0.000227225 -0.000428904 4.82537e-05 0.000805425 5.37387e-05 -0.000170102 -2.96928e-05 0.000999228 8.94325e-05 -0.00019363 -0.00102725 -0.000245147
internal_weight=202736 180294 95789 84505 22442 25657 70132 20969 66675 21644 20680 15471 9875 4013 46749 47115 37756 33307 20972 4449 5596 1473 28307 19560 5209 672 24044 31305 289 3525
internal_count=202736 180294 95789 84505 22442 25657 70132 20969 66675 21644 20680 15471 9875 4013 46749 47115 37756 33307 20972 4449 5596 1473 28307 19560 5209 672 24044 31305 289 3525
is_linear=0
shrinkage=0.02


Tree=153
num_leaves=31
num_cat=0
split_feature=10 14 6 45 43 44 44 14 6 10 10 6 44 45 10 14 10 6 43 44 7 43 15 14 19 6 14 15 20 20
split_gain=3.15085 1.90672 1.21425 1.23453 1.1687 1.4378 1.14519 1.44201 1.13208 0.975459 0.975327 0.958839 0.939365 0.895572 0.82072 0.848117 0.773746 0.732567 0.68906 0.655696 0.591208 0.773061 0.56575 0.535739 0.53383 0.524153 0.627346 0.519973 0.502821 0.460889
threshold=-13.847000000000014 3.1651000000000011 -1.6954000000000005 0.053400395940931031 2.7600000000020377 -0.59560860008446725 2.2369082558236983 0.6446666666666665 -0.27451666666666646 -166.39949999999996 104.706 0.59236666666666704 -0.66374442051777605 0.026803806796055183 6.1289999999999862 1.5409333333333344 42.282999999999987 -0.44421666666666676 8.159999999999128 0.93614489741998563 0.60131327107913013 15.139999999997965 1.2914632200777822 0.34878333333333417 99.999998166666714 -0.49360000000000032 1.0885166666666681 1.0909235078017845 6.7000000000043665 6.3499999999985457
decision_type=2 2 2 2 2 2 2 2 2 2 2 2 2 2 2 2 2 2 2 2 2 2 2 2 2 2 2 2 2 2
left_child=1 6 9 -4 24 10 7 19 12 -3 18 -10 -9 -8 20 22 -17 -5 -6 23 21 -7 -16 -1 -2 29 -27 -20 -11 -15
right_child=4 2 3 17 5 14 13 8 11 28 -12 -13 -14 25 15 16 -18 -19 27 -21 -22 -23 -24 -25 -26 26 -28 -29 -30 -31
leaf_value=1.249779741281773e-05 -0.00017555335920197253 0.0014901914502723679 0.0006451956972555377 0.0015849021971531092 4.8142493479019171e-05 7.1613773339409702e-05 -0.00078291463483643202 -0.00032571364100759725 0.00043930707781652888 -0.0015824929369113376 0.0012603900772958484 -0.00067765797514557303 0.00020997818642371952 -0.00087797129987504229 -0.00012424436214660345 0.00049009533593983798 -0.00010617979171483487 0.0035428495662941429 0.00044408682663820114 -0.0001664851984408702 -9.1533074654867865e-05 0.0011202687304589076 -0.00034509539407278072 0.00017106497674515352 -2.9533486717610537e-05 -0.00012142093529410574 0.00068953421384806979 1.677376815033852e-05 -7.3243082115928135e-06 4.0520909880599154e-05
leaf_weight=18457 33774 146 593 305 24214 16739 924 1739 10168 108 289 317 5300 476 24602 1583 1934 102 3448 4687 12589 286 5718 15835 14236 1171 566 1701 325 404
leaf_count=18457 33774 146 593 305 24214 16739 924 1739 10168 108 289 317 5300 476 24602 1583 1934 102 3448 4687 12589 286 5718 15835 14236 1171 566 1701 325 404
internal_value=1.78988e-13 0.000119314 0.000805348 0.00122737 -5.21035e-05 -1.07719e-05 0.000101273 0.000123139 0.000273826 7.64738e-05 0.000104199 0.000405537 7.76344e-05 -0.000247632 -6.45004e-05 -0.000131792 0.000162203 0.00207559 9.28197e-05 5.53932e-05 1.2387e-05 8.92299e-05 -0.000165894 8.57193e-05 -0.000132255 -5.86364e-05 0.000142828 0.000302922 -0.000400207 -0.0004563
internal_weight=202736 61623 1579 1000 141113 93103 60044 56503 17524 579 29652 10485 7039 3541 63451 33837 3517 407 29363 38979 29614 17025 30320 34292 48010 2617 1737 5149 433 880
internal_count=202736 61623 1579 1000 141113 93103 60044 56503 17524 579 29652 10485 7039 3541 63451 33837 3517 407 29363 38979 29614 17025 30320 34292 48010 2617 1737 5149 433 880
is_linear=0
shrinkage=0.02


Tree=154
num_leaves=31
num_cat=0
split_feature=10 10 43 10 15 23 6 13 43 10 9 6 4 43 9 6 45 12 10 42 9 6 9 45 12 43 31 45 10 10
split_gain=3.02938 1.53552 1.21488 1.57092 1.25765 0.912307 1.37394 0.940492 0.860969 0.829962 1.83503 0.795021 0.788022 0.627389 0.599319 0.562374 0.549658 0.522032 0.499486 0.496426 0.474358 0.472612 0.47731 1.53513 0.910528 0.560598 0.55296 0.47761 0.42734 0.378345
threshold=-17.506000000000011 -116.33499999999999 7.8599999999962167 104.706 1.0909235078017845 1.0000000180025095e-35 -0.98366666666666713 3.5299000000000018 14.420000000002622 9.9334999999999898 -19.967499999999987 -0.55223333333333302 -0.46819999999999501 1.8400000000008732 1.5260000000000027 -0.11141666666666701 0.061501531652001444 0.74510000000000287 53.005499999999991 0.81585611302591576 -26.471499999999999 0.39646666666666613 -4.1519999999999859 0.041546585278431976 0.62540000000000662 9.9800000000032032 3.4000000000014556 0.01101549053340751 25.306999999999974 11.12399999999999
decision_type=2 2 2 2 2 2 2 2 2 2 2 2 2 2 2 2 2 2 2 2 2 2 2 2 2 2 2 2 2 2
left_child=1 21 3 9 8 6 -3 12 14 13 15 -12 -8 -2 16 -11 -4 -15 28 20 29 22 24 25 -1 -24 -25 -26 -10 -6
right_child=2 5 4 -5 19 -7 7 -9 18 10 11 -13 -14 17 -16 -17 -18 -19 -20 -21 -22 -23 23 26 27 -27 -28 -29 -30 -31
leaf_value=-0.00041437156181851816 -0.0001295661846104218 -0.00061653275828743874 0.00017783070528394358 0.0013333953019563545 0.00020586305914827398 0.00035365049094491385 -0.00014448577844929965 0.0017107013614613797 0.00055292605846278444 0.00062857342347067205 0.0014557587088955964 -0.00016092395792676972 0.00011773795976057133 2.0537626529992821e-05 -7.5074131116367504e-07 0.0021183212716507434 0.0006166595846250209 -0.00017466971536923416 -0.00023444712836848101 -0.00026402656419423245 -1.6525743760910145e-05 -0.00048819277145561172 0.0026663766581935724 0.0010413745298193625 -0.00027962499338959174 0.0011380146158671543 -0.00083894118666648864 0.00075244230515881215 0.0013363169859647406 0.0018192599545518804
leaf_weight=382 20889 1125 5843 317 137 5193 5214 143 1197 317 122 45185 37945 49561 6504 149 1419 6161 246 3964 7433 165 191 104 199 193 157 1817 363 101
leaf_count=382 20889 1125 5843 317 137 5193 5214 143 1197 317 122 45185 37945 49561 6504 149 1419 6161 246 3964 7433 165 191 104 199 193 157 1817 363 101
internal_value=-2.00195e-13 0.000130233 -4.58946e-05 -7.27048e-05 7.50173e-05 0.000102817 7.34969e-05 9.14241e-05 0.000192556 -7.63469e-05 -0.000143728 -0.000156571 8.60589e-05 -3.60886e-05 0.000138691 0.00110491 0.000263578 -1.04581e-06 0.000603135 -8.22938e-05 1.16168e-05 0.000554303 0.00061083 0.0010938 0.000480923 0.00189822 -8.96966e-05 0.000650567 0.000735215 0.00089054
internal_weight=202736 52828 149908 122701 27207 49620 44427 43302 15572 122384 45773 45307 43159 76611 13766 466 7262 55722 1806 11635 7671 3208 3043 645 2398 384 261 2016 1560 238
internal_count=202736 52828 149908 122701 27207 49620 44427 43302 15572 122384 45773 45307 43159 76611 13766 466 7262 55722 1806 11635 7671 3208 3043 645 2398 384 261 2016 1560 238
is_linear=0
shrinkage=0.02


Tree=155
num_leaves=31
num_cat=0
split_feature=10 34 5 9 45 45 9 43 19 19 34 44 9 45 14 6 45 13 15 44 44 6 14 45 4 5 9 34 14 6
split_gain=2.938 1.62235 1.67347 1.69736 1.65826 1.59193 1.32544 1.31667 1.26008 1.02224 1.0192 0.900148 0.87261 0.789121 0.774821 0.735553 0.72516 0.580555 0.581357 0.48515 0.468151 0.418203 0.509409 0.510545 0.504073 0.402329 0.471876 0.387609 0.357676 0.373565
threshold=-47.616000000000007 -0.037240706915477303 -0.27360000000000068 -1.3690000000000007 0.033803875075718678 0.034135296360801204 5.7120000000000051 7.0600000000020389 1.0000000180025095e-35 99.58762885057925 0.10738946363118447 -0.58631613174443209 14.490500000000006 0.075431861804085565 0.34396666666666836 0.2747833333333331 0.056573077994046671 4.1405666666666692 6.0170479446330107 -0.038088458419724205 2.2369082558236983 -0.98366666666666713 1.008283333333335 0.018112537325364452 -0.34459999999999608 -0.75934999999999853 26.659000000000002 -0.021534874597406269 0.85758333333333392 -0.65279999999999994
decision_type=2 2 2 2 2 2 2 2 2 2 2 2 2 2 2 2 2 2 2 2 2 2 2 2 2 2 2 2 2 2
left_child=8 13 25 5 6 15 -5 -7 20 10 12 -6 14 17 -10 -4 -14 18 19 -2 28 -11 24 -24 -23 26 -3 -27 -1 -30
right_child=1 2 3 4 11 7 -8 -9 9 21 -12 -13 16 -15 -16 -17 -18 -19 -20 -21 -22 22 23 -25 -26 27 -28 -29 29 -31
leaf_value=-0.00013237815198941942 0.000291246454408313 -0.00049776169201106986 -7.4726549128653521e-05 -3.8995940610957025e-05 -3.7803362936295442e-05 9.9818488601614855e-05 0.00021946078793020366 0.000432241150609236 -0.00015563983673004374 -0.00079329759682669049 -0.0010773380547532613 -0.00019658902889847438 0.00019587426014015455 0.00064044926596953618 0.00061160821751243377 0.00091098844403998637 -0.0015876272177340947 0.0014307465243330022 -0.00070659874635748559 3.5583105369006626e-05 -0.0010047017004063282 -0.00050575710196695627 -0.00055461851129722265 0.00097663063820089321 0.00015714827252057441 -2.1183791286250384e-05 0.00088199475480049173 -0.00024817967502347121 -0.00057117699928320019 0.00067605328867582914
leaf_weight=2375 5161 2651 22190 28474 23579 28627 11004 5718 567 209 165 36214 281 1375 7369 307 135 137 330 6990 208 581 108 450 2182 4229 103 10430 121 466
leaf_count=2375 5161 2651 22190 28474 23579 28627 11004 5718 567 209 165 36214 281 1375 7369 307 135 137 330 6990 208 581 108 450 2182 4229 103 10430 121 466
internal_value=1.12408e-13 -2.16887e-05 -3.83939e-05 -1.76508e-05 -6.75531e-05 6.95005e-05 3.30456e-05 0.000155163 0.000267269 0.000360628 0.000479235 -0.000133973 0.000509986 0.000185471 0.000556791 -6.12752e-05 -0.000382906 0.000135892 0.000121679 0.000144173 -8.75229e-05 7.44585e-05 0.000129069 0.00068026 1.77534e-05 -0.000224362 -0.000446159 -0.000182693 -2.3116e-05 0.000418958
internal_weight=202736 187519 173526 156113 99271 56842 39478 34345 15217 12047 8517 59793 8352 13993 7936 22497 416 12618 12481 12151 3170 3530 3321 558 2763 17413 2754 14659 2962 587
internal_count=202736 187519 173526 156113 99271 56842 39478 34345 15217 12047 8517 59793 8352 13993 7936 22497 416 12618 12481 12151 3170 3530 3321 558 2763 17413 2754 14659 2962 587
is_linear=0
shrinkage=0.02


Tree=156
num_leaves=31
num_cat=0
split_feature=43 9 45 45 6 41 9 7 41 9 45 15 6 44 29 44 9 44 6 44 9 9 43 43 45 45 12 44 20 33
split_gain=2.79779 1.37106 1.91608 1.90234 1.24914 1.19028 1.01331 1.01187 0.807068 0.776087 0.887493 0.880806 0.74049 0.719338 0.79921 0.669001 0.712209 0.65634 0.623673 0.561981 0.531842 0.492641 0.484289 0.472531 0.468762 0.439234 0.431786 0.407496 0.347819 0.346381
threshold=10.760000000002039 0.33099999999998986 0.033803875075718678 0.04063870473433278 0.1384333333333336 75.286886012984112 5.7120000000000051 2.2234514992559915 70.405529146374661 -35.039999999999999 0.052563635344036706 1.1110651870121016 -0.73481666666666701 0.80170117298024945 0.013574275247707492 -0.89482373785314351 55.303000000000004 -1.6223574671384393 -0.3891500000000005 1.721909917657346 11.05500000000001 -23.175499999999992 2.3000000000014555 3.7199999999997093 0.022510124112762511 0.010667947616346747 1.1509000000000047 2.1422487497984015 17.250000000000004 -0.074783262195211128
decision_type=2 2 2 2 2 2 2 2 2 2 2 2 2 2 2 2 2 2 2 2 2 2 2 2 2 2 2 2 2 2
left_child=1 3 6 13 7 9 -3 8 -5 10 -2 17 28 14 22 -4 -17 -11 -8 23 -19 24 -1 -6 -15 -20 -7 29 -12 -13
right_child=5 2 15 4 19 26 18 -9 -10 11 12 27 -14 21 -16 16 -18 20 25 -21 -22 -23 -24 -25 -26 -27 -28 -29 -30 -31
leaf_value=-0.00020866945904690455 0.00015030947590831924 -4.7229979594372908e-05 -4.2277544412475342e-05 0.00013767040272114688 0.00039102668020573206 0.00021258907105234799 0.0017060145468039824 -0.00041394845532586238 -0.0001299026289250913 -0.00056910238762275652 0.00025201556618193572 0.00090060530004203556 0.0017882074703927373 -0.0011042439620916381 0.00012976451707021066 -0.00021107791329994259 0.0010788456723239929 0.00045855094658211326 0.00037043626205196121 -0.00014436774467967134 3.2205098698351108e-05 -0.00017745631609497665 -2.4785631622178738e-05 0.0011635910408693028 -0.0001357840540495976 9.3648309550533367e-05 -0.0003464572031960128 -0.00017919761052331742 0.0010418851911590272 0.00012299881871683359
leaf_weight=8425 916 21312 13773 41887 546 775 107 1529 5053 295 415 237 327 468 9573 37470 172 7295 3197 283 1394 8931 17903 754 349 8113 1926 1923 482 6906
leaf_count=8425 916 21312 13773 41887 546 775 107 1529 5053 295 415 237 327 468 9573 37470 172 7295 3197 283 1394 8931 17903 754 349 8113 1926 1923 482 6906
internal_value=1.68335e-15 -2.65067e-05 -8.53987e-05 2.52734e-05 0.00011043 0.000208252 3.42214e-05 9.2374e-05 0.000108867 0.000261001 0.000621123 0.000218305 0.000973463 -6.80974e-05 -2.67274e-05 -0.000161545 -0.000205184 0.000358653 0.000186266 0.000663293 0.000390151 -0.000220459 -8.36287e-05 0.000839114 -0.000690544 0.000171888 -0.00018605 7.92275e-05 0.000676449 0.000148799
internal_weight=202736 179845 84144 95701 50052 22891 32729 48469 46940 20190 2140 18050 1224 45649 35901 51415 37642 8984 11417 1583 8689 9748 26328 1300 817 11310 2701 9066 897 7143
internal_count=202736 179845 84144 95701 50052 22891 32729 48469 46940 20190 2140 18050 1224 45649 35901 51415 37642 8984 11417 1583 8689 9748 26328 1300 817 11310 2701 9066 897 7143
is_linear=0
shrinkage=0.02


Tree=157
num_leaves=31
num_cat=0
split_feature=10 14 9 45 44 14 9 43 44 10 13 10 44 7 43 4 9 10 9 10 10 10 10 14 43 2 44 10 41 9
split_gain=2.80363 1.72948 1.19463 1.16563 1.08672 1.32691 1.1152 1.07202 1.38632 1.04096 0.926417 0.848585 0.832703 0.781611 1.17834 0.775163 0.753302 0.725864 0.71096 1.82412 0.632767 0.555673 0.535429 0.516115 0.515945 0.507681 0.487798 0.514127 0.419629 0.512862
threshold=-13.847000000000014 3.1651000000000011 -47.567499999999988 0.051360135937023245 2.6784778626728234 1.008283333333335 12.978000000000005 2.9400000000008735 -0.59560860008446725 -166.39949999999996 0.41399999999999898 104.706 -2.1237283932877324 0.78635071691933589 15.139999999997965 -0.45209999999999645 -0.20200000000000431 91.561999999999998 55.303000000000004 55.133999999999993 26.538499999999988 5.9104999999999821 8.091499999999991 3.7055333333333342 28.550000000000001 -0.99999998166666704 2.597237872002077 -116.33499999999999 87.138122372443107 -7.9029999999999996
decision_type=2 2 2 2 2 2 2 2 2 2 2 2 2 2 2 2 2 2 2 2 2 2 2 2 2 2 2 2 2 2
left_child=1 4 9 23 5 6 15 17 11 -3 -7 16 -12 14 21 -1 20 25 24 -20 -9 -10 -18 -4 -15 -2 -11 -28 29 -6
right_child=7 2 3 -5 28 10 -8 8 13 26 12 -13 -14 18 -16 -17 22 -19 19 -21 -22 -23 -24 -25 -26 -27 27 -29 -30 -31
leaf_value=-0.00014859516146826872 -2.8966068209106905e-05 0.0011737636353541521 0.0016611420326852367 0.0027660571738655111 -0.00012451046736707149 -0.0006911879271759994 -0.00059893710230600299 0.00014070285836139244 5.5509791772515349e-05 -0.00076606213909495894 -0.0010906514519592747 0.0012002265208536191 0.00040302362557960187 -0.00018421435340294334 0.00075616059546521248 0.00011119191683820225 0.00012855358081452392 0.0014792877640904842 0.0029123806375569543 -9.0432527450250649e-05 0.00049278436289983824 -9.6764378598658118e-05 -0.00010608285323688667 0.00013153864610870126 0.00057106025882237941 -0.00016641281935532334 -0.00061963244663167962 0.00093928424425290108 -0.0015737483793972396 -0.00095624884453213654
leaf_weight=5141 15318 393 164 194 1363 338 977 9774 18659 277 152 282 8381 21430 793 43202 7400 113 107 332 2581 19713 8202 191 368 36041 136 224 111 379
leaf_count=5141 15318 393 164 194 1363 338 977 9774 18659 277 152 282 8381 21430 793 43202 7400 113 107 332 2581 19713 8202 191 368 36041 136 224 111 379
internal_value=-8.84939e-14 0.000112548 0.000765919 0.00151943 9.53659e-05 0.000110549 7.00451e-05 -4.91488e-05 -7.37733e-06 0.000364291 0.000335739 0.000108601 0.000376416 -6.0716e-05 -6.94813e-06 8.35651e-05 9.75896e-05 -0.000121896 -0.000155415 0.00064146 0.000214254 -2.27186e-05 5.20478e-06 0.000838172 -0.000171464 -0.000125419 -0.000135117 0.00035036 -0.000381442 -0.000305468
internal_weight=202736 61623 1579 549 60044 58191 49320 141113 89641 1030 8871 28239 8533 61402 39165 48343 27957 51472 22237 439 12355 38372 15602 355 21798 51359 637 360 1853 1742
internal_count=202736 61623 1579 549 60044 58191 49320 141113 89641 1030 8871 28239 8533 61402 39165 48343 27957 51472 22237 439 12355 38372 15602 355 21798 51359 637 360 1853 1742
is_linear=0
shrinkage=0.02


Tree=158
num_leaves=31
num_cat=0
split_feature=10 34 45 33 34 4 10 19 13 9 45 34 19 40 14 45 45 44 9 44 14 31 40 10 6 9 14 44 14 10
split_gain=2.69414 1.68801 1.89951 1.8389 1.37557 1.31352 1.33966 1.13085 0.815457 0.803101 0.77857 0.77766 0.821987 0.643296 0.628056 0.611061 0.60811 0.564174 0.548374 0.513352 0.509356 0.486053 0.485084 0.412889 0.400854 0.697488 0.413959 0.392241 0.379926 0.375129
threshold=-54.442500000000003 0.0092113578576959523 0.039427130650176175 0.0061801159941639681 -0.046298457500455394 -0.50299999999999734 -3.0935000000000161 1.0000000180025095e-35 0.36153333333333282 14.490500000000006 0.056573077994046671 0.10738946363118447 99.58762885057925 84.14634146192877 0.35363333333333463 0.075431861804085565 0.072818779544731357 0.55805232058688214 -0.41200000000000614 3.1601215743280169 1.3451000000000015 9.8499999999985466 13.727733656224695 1.2914999999999763 -0.067866666666666853 -3.4949999999999881 2.0424500000000019 2.2369082558236983 0.71128333333333471 57.764499999999991
decision_type=2 2 2 2 2 2 2 2 2 2 2 2 2 2 2 2 2 2 2 2 2 2 2 2 2 2 2 2 2 2
left_child=7 3 13 4 15 -6 -7 27 -5 11 17 12 14 20 -9 19 24 -11 28 -2 23 -10 -14 -3 26 -26 -4 -1 -18 -22
right_child=1 2 16 8 5 6 -8 9 21 10 -12 -13 22 -15 -16 -17 18 -19 -20 -21 29 -23 -24 -25 25 -27 -28 -29 -30 -31
leaf_value=-3.4901928240134812e-05 0.00023246884064216693 0.00017561055106160334 -0.00040831252406542764 8.3776923839149446e-05 -0.00024306692787308493 8.065990595507489e-05 -6.9553741453494403e-05 -0.00015332052964208692 0.00028089272006075915 -0.00041316079575783358 -0.0015122406281893963 -0.0010228008371602412 -0.00029770729377232187 -8.6390475042166795e-05 0.00061473987435388844 0.00077324839087787145 -0.00058430807276471305 0.0014148566233867313 -0.00029288229364861406 -0.00041306899034040527 0.00073634117585167573 0.00063948321101458042 0.00031902891802702507 -3.8097684503727806e-05 0.00020283062945252711 -0.00016113215071089599 0.0007937020253773559 -0.0010153482002890168 -0.0015431051395636975 -0.0002747790186872913
leaf_weight=2096 7192 7876 3102 6434 9757 44538 50877 457 4687 208 168 146 732 12321 6250 787 684 100 7190 529 795 2232 1683 6686 2327 22188 119 177 218 180
leaf_count=2096 7192 7876 3102 6434 9757 44538 50877 457 4687 208 168 146 732 12321 6250 787 684 100 7190 529 795 2232 1683 6686 2327 22188 119 177 218 180
internal_value=-1.13173e-13 -1.8301e-05 -0.000102335 2.38283e-05 -2.25114e-06 -2.20387e-05 5.63278e-07 0.000290451 0.000245854 0.000384157 -0.000417034 0.000425306 0.000448483 2.15343e-05 0.000562406 0.000242354 -0.00019865 0.000180351 -0.000351197 0.00018824 0.00010712 0.00039657 0.000132093 7.74885e-05 -0.000154144 -0.000126584 -0.000363904 -0.00011125 -0.000816035 0.000549673
internal_weight=202736 190719 63686 127033 113680 105172 95415 12017 13353 9744 476 9268 9122 27858 6707 8508 35828 308 8092 7721 15537 6919 2415 14562 27736 24515 3221 2273 902 975
internal_count=202736 190719 63686 127033 113680 105172 95415 12017 13353 9744 476 9268 9122 27858 6707 8508 35828 308 8092 7721 15537 6919 2415 14562 27736 24515 3221 2273 902 975
is_linear=0
shrinkage=0.02


Tree=159
num_leaves=31
num_cat=0
split_feature=34 10 5 14 34 14 11 10 45 6 5 9 43 10 9 45 44 10 31 10 5 35 14 10 14 5 34 4 9 6
split_gain=2.60976 1.83443 1.57401 2.11221 1.67883 1.56439 1.2915 1.09973 0.754282 0.717491 0.788834 0.760611 0.790672 0.781441 0.708601 0.622639 0.593534 0.574607 0.588746 0.491785 0.658904 0.47379 0.414184 0.383472 0.362025 0.51958 0.333997 0.321606 0.29589 0.288519
threshold=-0.038177109550729331 -2.8685000000000165 -0.51939999999999942 0.33003333333333379 0.041686708810711452 1.1100500000000013 0.34550000000000008 -101.7825 0.052270522435041746 -0.59721666666666684 -0.28039999999999871 -14.611499999999994 11.56000000000204 27.920499999999986 -8.0744999999999898 0.042470046646997744 -0.95966706358650977 4.9199999999999893 1.0000000180025095e-35 -72.730999999999995 -1.4863999999999982 -3.6900000000023279 3.7055333333333342 -89.687499999999986 1.7400000000000009 -1.8697499999999989 -0.010914283775708088 0.4151000000000023 5.2260000000000186 -0.59721666666666684
decision_type=2 2 2 2 2 2 2 2 2 2 2 2 2 2 2 2 2 2 2 2 2 2 2 2 2 2 2 2 2 2
left_child=6 2 19 16 5 -5 21 14 -6 17 -11 13 -13 -12 24 27 28 -3 -19 -2 -21 29 -17 -18 -8 -26 -22 -9 -4 -1
right_child=1 9 3 4 8 -7 7 15 -10 10 11 12 -14 -15 -16 22 23 18 -20 20 26 -23 -24 -25 25 -27 -28 -29 -30 -31
leaf_value=-0.00071619039318833661 0.00019255823790104599 -0.0005454836082046515 3.9495515551231433e-05 0.00014297796535242565 -2.9835741669227472e-05 0.00051135218251824115 -0.00028483412675924744 5.9822220733815406e-05 -0.00058139962940903967 -0.00027897917851499537 2.51306689322098e-05 -9.1281238233275483e-05 0.00015796719016140305 0.00097003106473753835 0.002384039906285241 0.00044439739080701833 -0.0010981550763451283 0.00038368541701015848 0.0020740478897838528 -0.0010393070414925053 -0.00014197835759505975 0.00020678187949186924 0.0015607730510651414 -0.00010025149510479397 0.00037346680061307733 0.0014598240468621235 -0.00053634178608244498 0.0010773858092098425 0.00042005506559279017 -5.7582423717322641e-05
leaf_weight=289 684 108 9995 39434 2776 5222 102 2804 1543 7715 934 81965 5428 560 137 4478 155 186 148 538 2292 3931 137 24712 311 406 1374 130 890 3352
leaf_count=289 684 108 9995 39434 2776 5222 102 2804 1543 7715 934 81965 5428 560 137 4478 155 186 148 538 2292 3931 137 24712 311 406 1374 130 890 3352
internal_value=-6.6793e-14 -2.10593e-05 4.41862e-05 6.43187e-05 0.000149639 0.000186055 0.000244505 0.000413643 -0.000226887 -8.131e-05 -8.49885e-05 -6.81509e-05 -7.58004e-05 0.00037931 0.00105272 0.000332711 -5.25571e-05 0.000722652 0.00113271 -0.000304784 -0.000385703 5.45251e-05 0.000477538 -0.000106472 0.000830017 0.000988615 -0.000289784 0.000104909 7.06115e-05 -0.000109859
internal_weight=202736 186659 89615 84727 48975 44656 16077 8505 4319 97044 96602 88887 87393 1494 956 7549 35752 442 334 4888 4204 7572 4615 24867 819 717 3666 2934 10885 3641
internal_count=202736 186659 89615 84727 48975 44656 16077 8505 4319 97044 96602 88887 87393 1494 956 7549 35752 442 334 4888 4204 7572 4615 24867 819 717 3666 2934 10885 3641
is_linear=0
shrinkage=0.02


Tree=160
num_leaves=31
num_cat=0
split_feature=10 44 43 14 14 10 44 10 14 7 34 34 9 6 14 10 10 45 44 9 45 5 9 45 6 10 6 9 10 10
split_gain=2.52781 1.59289 1.9179 1.25428 1.22282 1.47821 1.96094 1.08636 1.00068 1.56049 1.17048 0.989543 1.1064 1.10643 1.33201 1.0608 0.929362 0.772762 0.841508 0.772099 0.695183 0.671326 0.974503 1.44956 0.655689 0.611172 0.835303 0.666973 0.601061 0.576944
threshold=-35.575499999999998 0.33298461535451623 4.799999999998545 0.29623333333333396 2.5471500000000016 42.282999999999987 2.1422487497984015 104.706 0.29813333333333447 0.56769150951689318 0.014114095607827878 0.03946654320046826 11.4055 -0.016500000000000795 0.62598333333333456 -209.34899999999996 21.659499999999976 0.055419867495200427 0.63687987257555367 6.903500000000002 0.058620524697072546 -0.34069999999999717 -8.6409999999999823 0.05051159177682308 -0.18543333333333376 9.0914999999999946 -0.3111833333333337 -19.214999999999989 14.77249999999998 -68.760000000000005
decision_type=2 2 2 2 2 2 2 2 2 2 2 2 2 2 2 2 2 2 2 2 2 2 2 2 2 2 2 2 2 2
left_child=3 2 7 -1 21 6 16 25 -4 -10 -11 12 13 15 -15 -5 -6 18 -14 24 29 -3 23 -23 -13 26 -2 -27 -24 -21
right_child=1 4 8 11 5 -7 -8 -9 9 10 -12 19 17 14 -16 -17 -18 -19 -20 20 -22 22 28 -25 -26 27 -28 -29 -30 -31
leaf_value=-0.00015036462110790399 -0.00046909466396125249 -0.00030713757155037948 -5.7333576007704012e-05 0.0011178999075159956 0.0013676451975457758 -0.00010538141809569237 -2.5124722046665563e-05 0.0015437495009838278 0.00033733825670242908 0.00017257437618002744 -0.00015827459950344683 0.00033708460154302885 -0.00049224764119602349 0.00029249727727261694 0.00094944660807307079 0.00019450200230484966 0.0034858829342814556 -0.0013966229767182754 0.0011003960744077946 0.0024982208605523748 -0.00021243318809336268 -0.00015573185699189571 -8.5726189991176829e-05 0.00041422870866428014 -0.00059507479649277583 0.0010185451974568424 4.7868799321416861e-06 -0.00014130991679243569 -0.00024621605020504423 0.00040008990069100459
leaf_weight=3707 1533 7103 9435 518 212 809 293 172 13891 12366 6539 400 476 2823 2194 12661 136 229 184 101 213 3732 30484 3421 1230 200 50539 23572 13454 109
leaf_count=3707 1533 7103 9435 518 212 809 293 172 13891 12366 6539 400 476 2823 2194 12661 136 229 184 101 213 3732 30484 3421 1230 200 50539 23572 13454 109
internal_value=-4.07071e-14 -2.63924e-05 1.6112e-05 0.000188971 -0.000110659 0.000463038 0.00118044 -4.39239e-05 0.000124177 0.000176395 5.81379e-05 0.00024848 0.000293361 0.000327021 0.00057979 0.000230796 0.00219546 -0.000395572 -4.82379e-05 -0.000168742 0.000592628 -0.000124954 -9.96258e-05 0.000116858 -0.000366324 -4.75245e-05 -9.1642e-06 -0.000131552 -0.000134869 0.00140919
internal_weight=202736 177891 118247 24845 59644 1450 641 76016 42231 32796 18905 21138 19085 18196 5017 13179 348 889 660 2053 423 58194 51091 7153 1630 75844 52072 23772 43938 210
internal_count=202736 177891 118247 24845 59644 1450 641 76016 42231 32796 18905 21138 19085 18196 5017 13179 348 889 660 2053 423 58194 51091 7153 1630 75844 52072 23772 43938 210
is_linear=0
shrinkage=0.02


Tree=161
num_leaves=31
num_cat=0
split_feature=43 10 10 7 10 10 9 6 14 6 9 6 45 45 41 14 10 41 43 7 14 6 12 6 45 6 6 14 45 24
split_gain=2.46926 1.47936 1.44381 1.41762 1.3685 1.32753 1.68484 1.44679 1.33634 0.878069 0.871572 1.02767 0.721286 0.706666 0.626737 0.630703 0.763 0.594963 0.556307 0.527452 0.493288 0.529347 0.504495 0.483558 0.380564 0.345702 0.343885 0.297828 0.297208 0.293901
threshold=7.8599999999962167 -138.12749999999997 -64.497 1.0085157410481429 104.706 9.9334999999999898 -23.175499999999992 -0.55223333333333302 0.65630000000000144 -0.59721666666666684 -0.20200000000000431 0.16599999999999931 0.06661918087698615 0.0055223134702906069 65.884419652272769 3.1651000000000011 57.764499999999991 41.926967178580945 12.9699999999968 9.6317160962226378 3.1651000000000011 -0.73481666666666701 2.3680000000000043 -0.09336666666666639 0.047035546123975112 -0.11141666666666701 -1.6954000000000005 2.0424500000000019 0.021502557962983615 0.59999999999854492
decision_type=2 2 2 2 2 2 2 2 2 2 2 2 2 2 2 2 2 2 2 2 2 2 2 2 2 2 2 2 2 2
left_child=1 23 13 10 5 7 25 26 -9 -8 11 12 -4 27 15 24 -17 19 -13 29 22 -22 -19 -1 -5 -7 -3 -2 -16 -15
right_child=2 4 3 14 -6 6 9 8 -10 -11 -12 18 -14 17 28 16 -18 20 -20 -21 21 -23 -24 -25 -26 -27 -28 -29 -30 -31
leaf_value=0.00021049568913160608 -0.00075857845540972066 -0.0013512513483354208 0.0002198284723084876 -0.0001079060127336941 0.0012735223717056949 0.00085895215620456107 0.0015800732051780037 -2.047281968029524e-05 0.00019388940034221027 -0.00014742588086144763 6.9440205797997092e-05 0.00071199521952745903 0.00071685814208893622 0.00064403517629535922 0.00011128024558633968 0.0012739729077624812 -0.00032096253428232649 0.00031486360965650727 0.0021617342433510947 -0.00043832138160567933 0.00037894564207799282 0.001601774267670604 -0.00046034849717094104 0.0018742054458620123 0.00011858317714525815 0.0022629043883056316 -0.00043696445648301602 0.00049738685764549742 -0.00031408620162050072 0.0011431942280446584
leaf_weight=104 269 179 8741 6295 317 220 118 97314 13212 45332 10339 278 1348 1258 790 338 186 2039 171 140 391 222 402 213 5614 103 2039 105 3904 755
leaf_count=104 269 179 8741 6295 317 220 118 97314 13212 45332 10339 278 1348 1258 790 338 186 2039 171 140 391 222 402 213 5614 103 2039 105 3904 755
internal_value=1.22335e-14 -3.65268e-05 0.000133378 8.92658e-05 -3.92509e-05 -4.18762e-05 -0.000132712 -4.99778e-06 5.1515e-06 -0.000142941 0.000199903 0.000327903 0.000286237 0.000433761 -4.55958e-05 2.8743e-05 0.000707832 0.000494076 0.00126412 0.000748696 0.000314574 0.000821797 0.000187197 0.00132838 -1.13716e-06 0.00130665 -0.00051075 -0.000405968 -0.000242497 0.000831251
internal_weight=202736 159151 43585 38004 158834 158517 45773 112744 110526 45450 20877 10538 10089 5581 17127 12433 524 5207 449 2153 3054 613 2441 317 11909 323 2218 374 4694 2013
internal_count=202736 159151 43585 38004 158834 158517 45773 112744 110526 45450 20877 10538 10089 5581 17127 12433 524 5207 449 2153 3054 613 2441 317 11909 323 2218 374 4694 2013
is_linear=0
shrinkage=0.02


Tree=162
num_leaves=31
num_cat=0
split_feature=43 10 6 14 10 14 4 41 9 10 10 7 44 44 45 45 44 17 11 9 6 44 10 44 13 14 41 10 31 6
split_gain=2.37465 1.68337 1.44883 2.81673 1.25092 1.2445 1.48472 1.04736 1.00019 0.988761 0.840785 0.948613 0.757372 0.856059 0.989282 0.687133 0.630812 0.614415 0.57817 0.517174 1.26924 1.0124 0.491043 0.459296 0.428464 0.394271 0.39173 0.726276 0.382943 0.374321
threshold=10.760000000002039 -2.8685000000000165 -0.49360000000000032 1.1100500000000013 104.706 0.28980000000000117 -0.48559999999999887 75.286886012984112 -23.175499999999992 12.086499999999978 -68.760000000000005 1.0085157410481429 1.134769847281498 1.4876054672227059 0.046723101570922417 0.055419867495200427 2.597237872002077 0.59605311562714625 0.23950000000000005 -0.27099999999998697 0.18296666666666614 -0.078266664381402576 9.9334999999999898 -0.90529379495593132 0.55066666666666697 1.5994166666666678 40.375586851821545 -138.12749999999997 -96.29999999999562 -0.0087333333333331608
decision_type=2 2 2 2 2 2 2 2 2 2 2 2 2 2 2 2 2 2 2 2 2 2 2 2 2 2 2 2 2 2
left_child=1 2 -1 5 8 23 -7 10 9 -3 12 19 26 14 -14 -15 25 22 -19 20 -12 -21 -10 -4 -6 -5 -2 -28 -13 -11
right_child=7 4 3 16 24 6 -8 -9 17 29 11 28 13 15 -16 -17 -18 18 -20 21 -22 -23 -24 -25 -26 -27 27 -29 -30 -31
leaf_value=-0.00036248143742135803 0.0006057256550265883 -0.0004228252156781742 4.2255964772060643e-05 0.00065159018537076351 0.0017694885055427492 -0.00022539292066059877 0.00013280606200006992 -0.00017801404932847983 -1.451392966687852e-06 0.00092400046243098794 0.00042222167614015794 0.00052842495994567492 0.0030036729472913194 0.00019392478888783038 0.0007303047231948061 0.001216514049943925 -0.00025679836897909937 -0.00052751152955825091 -0.00015091993060421092 0.00057324816630892296 0.0020901082864111234 -0.00011797805734072337 -0.00011034794375835657 -0.00012303173391449697 0.00046600097052820879 0.0012578455032544364 -0.00033081114459108859 0.00054321594945442437 4.0081696985790461e-06 0.0023169620940000704
leaf_weight=3445 998 210 10164 1903 174 5162 44801 2701 30032 327 3690 597 146 638 161 447 255 1750 23921 1450 192 2040 36933 19873 240 554 779 743 8309 101
leaf_count=3445 998 210 10164 1903 174 5162 44801 2701 30032 327 3690 597 146 638 161 447 255 1750 23921 1450 192 2040 36933 19873 240 554 779 743 8309 101
internal_value=-1.04944e-13 -2.44201e-05 3.93867e-05 5.61247e-05 -8.30978e-05 3.46356e-05 9.57982e-05 0.000191859 -8.79667e-05 0.000701204 0.00024134 0.000178069 0.000504612 0.000879038 0.00181145 0.000615213 0.000690022 -9.34018e-05 -0.000176592 0.000345881 0.000504714 0.000169208 -6.15108e-05 -6.71012e-05 0.00101384 0.000788288 0.000297786 9.58657e-05 3.91616e-05 0.00125271
internal_weight=202736 179845 86157 82712 93688 80000 49963 22891 93274 638 20190 16278 3912 1392 307 1085 2712 92636 25671 7372 3882 3490 66965 30037 414 2457 2520 1522 8906 428
internal_count=202736 179845 86157 82712 93688 80000 49963 22891 93274 638 20190 16278 3912 1392 307 1085 2712 92636 25671 7372 3882 3490 66965 30037 414 2457 2520 1522 8906 428
is_linear=0
shrinkage=0.02


Tree=163
num_leaves=31
num_cat=0
split_feature=34 5 14 9 45 41 11 6 9 45 9 43 45 6 45 34 45 14 34 42 45 28 14 7 45 5 14 14 12 45
split_gain=2.38016 1.64165 1.97677 2.14517 1.6697 1.25802 1.18934 1.10309 0.831578 0.77989 0.847364 0.779809 0.756384 0.615814 0.558592 1.00679 0.528091 0.51843 0.465737 0.685299 0.569705 0.458269 0.448254 0.560078 0.431916 0.569886 0.447232 0.408073 0.388163 0.354652
threshold=-0.038177109550729331 -0.25320000000000048 0.50240000000000118 8.2520000000000095 0.036614491121884689 77.405183481784704 0.34550000000000008 0.094483333333333128 0.1980000000000007 0.029067457278993607 5.3470000000000075 23.319999999999713 0.052270522435041746 0.22028333333333294 0.057461787320613716 0.0070725808532638912 0.069757284438060743 3.1651000000000011 -0.011975645137521354 0.20714888459197181 0.033189892578358263 -0.021320426674553691 1.3876333333333342 1.8333367120783437 0.039427130650176175 -2.7461999999999964 1.4832666666666674 0.27940000000000126 0.13640000000000149 0.07393392813381984
decision_type=2 2 2 2 2 2 2 2 2 2 2 2 2 2 2 2 2 2 2 2 2 2 2 2 2 2 2 2 2 2
left_child=6 18 8 5 13 7 21 -4 14 10 -10 24 -7 -5 27 -16 -13 -6 19 29 -21 -1 23 -20 -8 -26 -27 -3 -11 -2
right_child=1 2 3 4 17 12 11 -9 9 28 -12 16 -14 -15 15 -17 -18 -19 22 20 -22 -23 -24 -25 25 26 -28 -29 -30 -31
leaf_value=-0.00011306607246861401 -0.00024422946344482526 -8.7851894835037946e-05 0.00016467359105744886 0.00057159187666884904 -0.00024195057882141547 3.8791400666319887e-05 0.00012065278460781781 0.00043363713583693177 -7.4001860356685077e-05 -6.2247696170191822e-05 0.00022534328203555537 0.00069682567796418716 -0.00054474851959392134 8.0846739669951961e-05 0.00019127322430408485 -0.00025020547216133139 0.0018649723716453082 0.0005210883408195197 -0.00025705339878684711 -0.00024866771088881206 0.0002921270110226795 0.0001985735380809268 4.1958611278463584e-05 -0.00066933516351624835 -0.0008787458560254891 0.00037012841950736857 0.00083828077107019451 3.9622585245790633e-05 -0.00019619097113740357 0.00021687201317006365
leaf_weight=3581 6957 21357 22144 1423 11079 3270 2647 8418 14315 13163 5141 799 1220 3637 12165 2489 192 368 7705 1111 2609 3991 1529 1590 128 3691 1048 18965 25266 738
leaf_count=3581 6957 21357 22144 1423 11079 3270 2647 8418 14315 13163 5141 799 1220 3637 12165 2489 192 368 7705 1111 2609 3991 1529 1590 128 3691 1048 18965 25266 738
internal_value=-2.02912e-14 -2.01116e-05 1.70199e-06 0.000104303 -8.36854e-05 0.000192832 0.000233502 0.000238757 -4.51698e-05 -9.80768e-05 5.09628e-06 0.000395813 -0.000119765 0.000218857 1.05367e-05 0.000116288 0.000923147 -0.00021742 -0.000181386 -9.22613e-05 0.000130615 5.11909e-05 -0.000275377 -0.000327578 0.000326264 0.00043809 0.000473657 -2.78957e-05 -0.000150312 -0.000200007
internal_weight=202736 186659 164420 51559 16507 35052 16077 30562 112861 57885 19456 8505 4490 5060 54976 14654 991 11447 22239 11415 3720 7572 10824 9295 7514 4867 4739 40322 38429 7695
internal_count=202736 186659 164420 51559 16507 35052 16077 30562 112861 57885 19456 8505 4490 5060 54976 14654 991 11447 22239 11415 3720 7572 10824 9295 7514 4867 4739 40322 38429 7695
is_linear=0
shrinkage=0.02


Tree=164
num_leaves=31
num_cat=0
split_feature=34 4 43 34 14 5 45 43 15 44 0 44 14 1 11 44 44 13 15 44 9 34 34 5 45 5 5 44 44 11
split_gain=2.29353 1.55948 1.96658 2.20809 1.42956 1.09522 1.04607 0.88184 0.767581 0.715946 0.620537 0.594628 0.507604 0.4994 1.23582 0.490277 0.470061 0.530919 0.546447 0.468758 0.458623 0.444209 0.438365 0.375698 0.331338 0.326389 0.312437 0.28905 0.270246 0.256128
threshold=-0.05112871521569394 -0.48559999999999887 4.3199999999997098 0.013250724932985221 0.45930000000000087 0.14820000000000272 0.051973598821360691 23.319999999999713 1.0909235078017845 3.6600125406477528 -0.0059999999999999967 -0.20633974371080258 1.2073000000000018 0.99999999911892579 0.10250000000000002 3.6600125406477528 -1.2166341907899294 1.6320000000000012 6.0170479446330107 1.186082127774355 -23.175499999999992 -0.024279693373350762 -1.0000000180025095e-35 -0.49749999999999966 0.069433112499057745 -0.59809999999999952 -2.7461999999999964 0.91101408405832007 1.0363801510215607 0.66950000000000021
decision_type=2 2 2 2 2 2 2 2 2 2 2 2 2 2 2 2 2 2 2 2 2 2 2 2 2 2 2 2 2 2
left_child=7 12 10 4 11 -6 8 9 -5 16 28 -4 21 14 -12 19 23 -18 -19 -9 -8 27 -15 -1 -21 -23 -14 -2 29 -3
right_child=1 2 3 6 5 -7 20 15 -10 -11 13 -13 26 22 -16 -17 17 18 -20 24 -22 25 -24 -25 -26 -27 -28 -29 -30 -31
leaf_value=0.00017373897126302698 4.0769896180778029e-06 4.7623507663190465e-05 0.00013485833386122067 0.00011282793472542149 0.00018774366730201837 0.00048831645631278197 0.00091914136932584752 0.00056496678229521816 -0.00016987062022454539 -0.00083354273317834458 -0.00011612581488596287 -7.1374570648943312e-05 -0.00073506528947300462 4.8867269023184553e-06 -0.00064481923877303133 9.1259672911219572e-05 0.00014994149973057445 0.00077002984370296641 -0.00044504454578627015 0.0012510645578953433 -0.00021243648429952701 -0.00063222075664688812 -0.00011685146396796001 0.0012464184266144603 0.0025206058193822352 -0.00029662555970410355 8.4506296272611039e-05 -0.00037097403708821053 -0.00011860991412913953 -0.00013217325978227051
leaf_weight=208 2953 29409 13202 14383 18690 6548 145 306 5242 234 9637 9702 200 19672 2166 226 5038 1103 171 302 11989 1417 29686 351 113 6372 2669 1139 5911 3552
leaf_count=208 2953 29409 13202 14383 18690 6548 145 306 5242 234 9637 9702 200 19672 2166 226 5038 1103 171 302 11989 1417 29686 351 113 6372 2669 1139 5911 3552
internal_value=1.67578e-13 -1.36805e-05 2.52614e-06 7.6508e-05 0.000161903 0.000265727 -5.29388e-05 0.000330773 3.73168e-05 0.00025436 -5.65666e-05 4.74993e-05 -0.000211384 -9.62787e-05 -0.000213148 0.00090407 0.00029141 0.000242181 0.000606939 0.00115885 -0.000198914 -0.000269039 -6.83318e-05 0.000847282 0.00159675 -0.000357678 2.73734e-05 -0.000100318 5.91627e-06 2.82479e-05
internal_weight=202736 194684 179934 79901 48142 25238 31759 8052 19625 7105 100033 22904 14750 61161 11803 947 6871 6312 1274 721 12134 11881 49358 559 415 7789 2869 4092 38872 32961
internal_count=202736 194684 179934 79901 48142 25238 31759 8052 19625 7105 100033 22904 14750 61161 11803 947 6871 6312 1274 721 12134 11881 49358 559 415 7789 2869 4092 38872 32961
is_linear=0
shrinkage=0.02


Tree=165
num_leaves=31
num_cat=0
split_feature=10 14 9 34 6 14 34 43 34 5 10 9 9 10 42 6 17 6 14 9 6 10 10 43 12 10 10 10 10 43
split_gain=2.21799 1.39418 1.12654 1.0581 1.01049 2.26425 1.06911 0.961653 1.0694 1.18641 0.939371 0.924425 0.86202 0.759173 0.719717 0.676576 0.621567 0.568387 0.494635 0.616799 0.493834 0.743196 0.638893 0.489042 0.589896 0.449217 0.423884 0.402452 0.367217 0.357153
threshold=-13.847000000000014 3.1651000000000011 -47.567499999999988 0.040521019598651481 -0.84406666666666685 1.1100500000000013 -0.070498786730593274 1.8400000000008732 0.014734690150940173 0.23260000000000028 -166.39949999999996 12.560500000000006 -10.170999999999987 26.538499999999988 0.11237309420794891 0.36131666666666629 2.3578566450211036 -0.23196666666666635 0.71128333333333471 13.4435 -0.84406666666666685 -209.34899999999996 -64.497 12.319999999999711 1.0078000000000082 -40.721500000000013 -166.39949999999996 82.286500000000004 -61.318499999999993 33.810000000000592
decision_type=2 2 2 2 2 2 2 2 2 2 2 2 2 2 2 2 2 2 2 2 2 2 2 2 2 2 2 2 2 2
left_child=1 3 10 4 6 11 25 -2 9 12 -3 -6 13 -9 -14 26 23 -7 -11 -20 -4 -22 -23 27 -25 -1 -5 -10 -8 -12
right_child=7 2 20 15 5 17 28 8 16 18 29 -13 14 -15 -16 -17 -18 -19 19 -21 21 22 -24 24 -26 -27 -28 -29 -30 -31
leaf_value=0.0010581161847046342 -0.00014613563916183295 0.0010656769299564489 0.00042650306171287787 0.0010390387753111516 8.8017531688308623e-05 0.00032102757106575988 -0.00020512941325719476 0.00010044813086753573 -0.0001108393365958555 0.00014223225911536364 -0.00043134153879017124 -0.00055926710715105226 -0.0001511446855596524 0.00061026697997807573 1.0862635743669233e-05 -0.00090205610080653579 -0.00031568759117572587 0.00072117198711633469 0.000712171761114197 7.8403350717430793e-05 0.00059176892540299512 0.0033719978168078547 0.0014040127055218014 0.00058597583190741652 -4.0626055263579385e-05 -0.00031885855134996567 -0.00018537268031690215 0.00054999713728672527 -0.00089450609331868534 0.00070649495013025399
leaf_weight=249 29106 393 147 118 48241 3273 487 5412 25656 4810 495 899 14060 1490 49887 548 5059 2508 1693 964 138 134 130 942 1660 153 2722 374 846 142
leaf_count=249 29106 393 147 118 48241 3273 487 5412 25656 4810 495 899 14060 1490 49887 548 5059 2508 1693 964 138 134 130 942 1660 153 2722 374 846 142
internal_value=1.09915e-13 0.000100105 0.000686731 8.46783e-05 0.000105209 0.000120222 -0.000370008 -4.37151e-05 -1.71003e-05 2.34327e-05 0.000296718 7.61757e-05 -1.83866e-06 0.000210508 -2.47578e-05 -0.00025865 -0.000111321 0.000494624 0.000263215 0.000482231 0.00141845 0.00178118 0.00240291 -7.52111e-05 0.000186222 0.000534044 -0.000134499 -0.000101344 -0.000642648 -0.000177695
internal_weight=202736 61623 1579 60044 56656 54921 1735 141113 112007 78316 1030 49140 70849 6902 63947 3388 33691 5781 7467 2657 549 402 264 28632 2602 402 2840 26030 1333 637
internal_count=202736 61623 1579 60044 56656 54921 1735 141113 112007 78316 1030 49140 70849 6902 63947 3388 33691 5781 7467 2657 549 402 264 28632 2602 402 2840 26030 1333 637
is_linear=0
shrinkage=0.02


Tree=166
num_leaves=31
num_cat=0
split_feature=43 10 10 10 10 6 14 6 44 10 13 10 14 10 10 45 14 41 44 44 41 5 29 6 10 43 10 10 42 45
split_gain=2.14127 1.38034 1.25586 1.22458 1.20951 1.34987 1.20462 1.15369 1.00859 0.772101 0.757131 0.683451 0.67506 0.958054 0.669208 0.666294 0.640935 0.518119 0.563193 0.74388 0.570141 0.49187 0.564429 0.466326 0.45472 0.441234 0.575787 0.427086 0.382268 0.340493
threshold=7.8599999999962167 -138.12749999999997 104.706 -64.497 9.9334999999999898 -0.55223333333333302 0.68926666666666814 -0.59721666666666684 -0.09187511517335252 -31.858500000000017 1.2680333333333345 55.133999999999993 2.3338833333333349 42.282999999999987 -17.860000000000024 0.0055223134702906069 1.3052833333333342 41.926967178580945 -0.20633974371080258 -0.95966706358650977 81.124497987413946 -2.7461999999999964 -0.134413507314568 -0.09336666666666639 -7.1160000000000165 14.420000000002622 -7.1160000000000165 5.9104999999999821 0.81585611302591576 0.054517469257182948
decision_type=2 2 2 2 2 2 2 2 2 2 2 2 2 2 2 2 2 2 2 2 2 2 2 2 2 2 2 2 2 2
left_child=1 23 4 15 5 -3 -7 16 10 28 25 -9 27 -14 29 -2 -6 21 19 -19 -20 22 -17 -1 -16 -5 -27 -11 -10 -12
right_child=3 2 -4 8 7 6 -8 11 9 12 14 -13 13 -15 24 17 -18 18 20 -21 -22 -23 -24 -25 -26 26 -28 -29 -30 -31
leaf_value=0.00018663962550747852 -0.0004145464136415873 -0.00049247774722198834 0.0012209397612182916 0.00022715090876999601 0.00033868709524617868 -1.6436957500797315e-05 0.00020151058780143287 -0.00015681973491356589 0.00038578833440310295 7.6718116033244837e-06 -0.00091990001192017196 0.00012208545130077059 0.00089823755008318199 -0.0001194262725041933 0.00086587021973526192 0.00078149233088985865 0.0023808216260865741 0.00068721435660151894 0.00058973364112086305 -0.0004062717574016016 -0.00086892608687967848 0.00081794536090440265 -0.00096346380203714852 0.0018204366949500577 -4.8699645205869982e-05 0.00016165640153660877 0.0010023379667409439 -0.00018843486660838555 -0.00017930751963843886 -5.3081689794596871e-05
leaf_weight=104 374 2218 317 11905 141 99227 11299 41685 2659 9553 498 3838 700 785 268 154 109 365 1793 782 114 1856 143 213 1153 606 705 8303 584 285
leaf_count=104 374 2218 317 11905 141 99227 11299 41685 2659 9553 498 3838 700 785 268 154 109 365 1793 782 114 1856 143 213 1153 606 705 8303 584 285
internal_value=9.54563e-14 -3.40145e-05 -3.66458e-05 0.000124204 -3.91607e-05 -3.95975e-06 5.84368e-06 -0.000125865 8.35789e-05 -1.55746e-06 0.000208269 -0.000133306 -4.94426e-05 0.000360281 -0.000134907 0.000400843 0.00122906 0.000459409 0.0002919 -5.8301e-05 0.000502535 0.000697019 -5.86717e-05 0.00128443 0.000123788 0.0002655 0.000613739 -8.35174e-05 0.000284026 -0.000604391
internal_weight=202736 159151 158834 43585 158517 112744 110526 45773 38004 22584 15420 45523 19341 1485 2204 5581 250 5207 3054 1147 1907 2153 297 317 1421 13216 1311 17856 3243 783
internal_count=202736 159151 158834 43585 158517 112744 110526 45773 38004 22584 15420 45523 19341 1485 2204 5581 250 5207 3054 1147 1907 2153 297 317 1421 13216 1311 17856 3243 783
is_linear=0
shrinkage=0.02


Tree=167
num_leaves=31
num_cat=0
split_feature=10 14 6 10 44 14 14 9 6 45 10 9 31 9 45 44 10 43 44 10 9 10 6 10 14 9 10 45 9 45
split_gain=2.08252 1.4801 1.77083 1.96075 1.55877 1.16307 0.988271 1.22019 1.39442 0.982184 1.30501 0.965722 0.896753 0.887502 0.844302 0.801137 1.20132 0.757647 0.662362 0.629584 0.674004 2.60261 0.580627 0.56637 0.768634 0.534567 0.522523 0.485636 0.481683 0.458982
threshold=-8.9600000000000115 1.1100500000000013 -0.73481666666666701 -166.39949999999996 1.6212821392225631 3.1651000000000011 0.2919666666666681 12.978000000000005 -0.16560000000000011 0.047035546123975112 -138.12749999999997 -19.214999999999989 77.150000000001469 -26.471499999999999 0.02777777777774321 -0.64451130320852501 104.706 4.3199999999997098 -1.6223574671384393 6.3439999999999781 55.303000000000004 33.544999999999987 0.25593333333333373 9.9334999999999898 1.4832666666666674 -5.5359999999999863 82.286500000000004 0.050790807708859187 -11.218499999999988 0.040335421839457819
decision_type=2 2 2 2 2 2 2 2 2 2 2 2 2 2 2 2 2 2 2 2 2 2 2 2 2 2 2 2 2 2
left_child=1 4 3 -3 6 12 -1 8 -8 -7 -11 14 18 23 -5 16 17 26 -4 22 -21 -22 -17 -2 -25 -19 -15 -6 -29 -14
right_child=13 2 5 11 27 9 7 -9 -10 10 -12 -13 29 15 -16 19 -18 25 -20 20 21 -23 -24 24 -26 -27 -28 28 -30 -31
leaf_value=-3.5991156813387133e-05 -0.00011217308034951377 0.0011392200442454379 -0.00048495649877521724 -0.0011698660963887675 -0.00039743515915639598 0.00065264623108335211 -2.9010041087428129e-05 -0.00051481063710889427 0.00023347695301567453 0.00086073748879479596 0.0039698745682835582 0.0012822407079492049 0.00010446994875868162 -6.0693787668229106e-05 -0.00020810045530148352 -4.906555737880307e-05 0.001281452124275036 0.00037494783082396533 0.00051160127434694402 -0.0001487449880450681 0.0030065034956593688 -0.0001158421748598768 0.00027476408352955289 0.00055715341924224043 0.0024489311991252065 6.5349588091273176e-05 0.0012730397459640467 0.00022411008784399122 -0.00033367901445539318 -0.0011121222856476413
leaf_weight=20163 217 454 279 434 3759 305 11558 1120 27022 108 108 151 297 27571 2300 33607 298 2719 6090 45475 132 559 2371 270 126 12425 118 1322 1165 213
leaf_count=20163 217 454 279 434 3759 305 11558 1120 27022 108 108 151 297 27571 2300 33607 298 2719 6090 45475 132 559 2371 270 126 12425 118 1322 1165 213
internal_value=8.38103e-14 8.20418e-05 0.000299816 -8.25183e-05 4.66656e-05 0.000472332 7.80355e-05 0.000135948 0.00015484 0.00138342 0.00241531 -0.000274778 0.000403328 -5.00822e-05 -0.000360773 -5.37969e-05 1.60014e-05 7.1973e-06 0.000467946 -9.04455e-05 -0.000139325 0.000480612 -2.77247e-05 0.000709062 0.00115908 0.000120936 -5.50099e-05 -0.00025399 -3.71783e-05 -0.000403636
internal_weight=202736 76848 10739 3339 66109 7400 59863 39700 38580 521 216 2885 6879 125888 2734 125275 43131 42833 6369 82144 46166 691 35978 613 396 15144 27689 6246 2487 510
internal_count=202736 76848 10739 3339 66109 7400 59863 39700 38580 521 216 2885 6879 125888 2734 125275 43131 42833 6369 82144 46166 691 35978 613 396 15144 27689 6246 2487 510
is_linear=0
shrinkage=0.02


Tree=168
num_leaves=31
num_cat=0
split_feature=34 4 10 43 43 34 31 45 41 34 13 44 45 44 9 10 13 14 45 45 4 9 44 10 15 15 2 34 14 4
split_gain=2.11245 1.54388 1.61929 0.992067 0.943613 1.05993 1.27463 0.877842 0.798817 0.691729 1.04309 0.582299 0.552207 0.548658 0.526781 0.484502 0.483191 0.479982 0.476802 0.472089 0.392221 0.384078 0.365533 0.428292 0.357318 0.352024 0.286597 0.278648 0.271854 0.248274
threshold=-0.037240706915477303 -0.48559999999999887 -17.860000000000024 23.319999999999713 1.8400000000008732 0.0092113578576959523 9.5499999999956362 0.046723101570922417 20.318725098758538 0.041686708810711452 0.46133333333333487 3.6600125406477528 0.054809255940333854 2.2369082558236983 11.4055 -209.34899999999996 0.85036666666666771 1.5994166666666678 0.069757284438060743 0.039427130650176175 -1.5767999999999953 6.6065000000000031 -1.2166341907899294 -101.7825 2.6755295446579441 6.0170479446330107 -0.99999998166666704 -0.025757862091946946 0.4190000000000012 -1.8582999999999967
decision_type=2 2 2 2 2 2 2 2 2 2 2 2 2 2 2 2 2 2 2 2 2 2 2 2 2 2 2 2 2 2
left_child=3 17 9 8 26 6 -6 -7 11 10 14 22 21 -12 -3 -10 -14 24 25 -17 -21 -11 28 -24 27 29 -4 -2 -1 -5
right_child=1 2 4 18 5 7 -8 -9 15 12 13 -13 16 -15 -16 19 -18 -19 -20 20 -22 -23 23 -25 -26 -27 -28 -29 -30 -31
leaf_value=4.7903528321479696e-05 -1.3275212636931526e-07 5.6893921125629648e-05 -3.7831447005330724e-05 0.0015452538984404368 1.3743407342813889e-05 3.4305664363175006e-06 0.00030980946213441751 -0.00017708877764085185 0.0015218761281217807 -0.00013212083308475922 0.00029619131953981199 -0.0012565466093959743 -0.00024534152100712773 -0.00012582733892249989 -0.00066307551052886989 9.5736938009079704e-05 -0.0012356676181780131 0.00010295980598214207 0.001691847810453519 -0.00023785800505469649 0.00045796315080869033 0.00062086828675819565 0.0011823932900216648 -1.8426475801989896e-05 -0.00052062252301960082 3.4450994767039165e-05 -0.00017337731999345397 -0.00028052561803863085 0.00081950653819731452 0.00062553613853105403
leaf_weight=332 1762 22442 8704 165 52072 22301 6548 20849 130 1768 13704 139 513 1354 414 3074 320 1490 198 348 4706 320 121 6557 2010 289 22038 7255 406 407
leaf_count=332 1762 22442 8704 165 52072 22301 6548 20849 130 1768 13704 139 513 1354 414 3074 320 1490 198 348 4706 320 121 6557 2010 289 22038 7255 406 407
internal_value=-5.16492e-14 -1.94511e-05 -3.96179e-06 0.000214275 -3.78948e-05 -8.56185e-06 4.68147e-05 -8.37919e-05 0.000174587 0.000106153 0.000129001 2.5971e-05 -0.000190409 0.000258244 4.38528e-05 0.000310552 -0.000625779 -0.000233961 0.000806895 0.000291178 0.000410051 -1.67202e-05 5.00095e-05 3.33141e-06 -0.000279487 0.000603387 -0.000135 -0.000225734 0.00047239 0.000890839
internal_weight=202736 185864 173347 16872 132512 101770 58620 43150 15813 40835 37914 7555 2921 15058 22856 8258 833 12517 1059 8128 5054 2088 7416 6678 11027 861 30742 9017 738 572
internal_count=202736 185864 173347 16872 132512 101770 58620 43150 15813 40835 37914 7555 2921 15058 22856 8258 833 12517 1059 8128 5054 2088 7416 6678 11027 861 30742 9017 738 572
is_linear=0
shrinkage=0.02


Tree=169
num_leaves=31
num_cat=0
split_feature=34 41 5 34 14 9 44 45 10 44 45 45 17 10 44 13 0 10 14 44 5 11 42 14 14 5 31 5 45 10
split_gain=2.04993 1.83461 1.6953 1.29856 1.28172 1.77985 1.455 1.08135 1.05474 0.918895 0.90419 0.832093 0.726181 0.664123 0.653766 0.812833 0.615164 0.544364 0.526443 0.502186 0.483457 0.476526 0.452298 0.415542 0.391611 0.624337 0.38037 0.378692 0.363414 0.358228
threshold=-0.015577675985557123 32.251667251010524 -0.21319999999999981 -0.05112871521569394 0.6034166666666676 9.1255000000000077 1.5862500858195583 0.042161756552644855 -54.442500000000003 0.80170117298024945 0.037870305072296696 0.078478056453778297 0.49024633156922909 16.57449999999999 3.6600125406477528 1.6320000000000012 -0.0059999999999999967 -47.616000000000007 2.5471500000000016 -1.1871706919936587 -0.43989999999999907 0.22650000000000006 0.068242044327341905 3.1651000000000011 1.4308666666666683 -0.56974999999999998 -117.74999999999999 -0.66799999999999826 0.072460296408940902 57.764499999999991
decision_type=2 2 2 2 2 2 2 2 2 2 2 2 2 2 2 2 2 2 2 2 2 2 2 2 2 2 2 2 2 2
left_child=1 3 24 14 9 6 8 -3 -6 12 13 22 16 -7 15 19 -4 -9 -8 -1 -19 -14 27 -12 25 -2 -16 -5 -22 -27
right_child=2 7 4 11 5 10 18 17 -10 -11 23 -13 21 -15 26 -17 -18 20 -20 -21 28 -23 -24 -25 -26 29 -28 -29 -30 -31
leaf_value=0.00081490563061147644 -0.00056458304462951798 0.00010842267844736911 9.6228310539874212e-05 -0.00056837524120855159 0.00070270129086483831 0.00049924832042098032 -0.00017012764049080658 0.00077026488664687755 0.00023752814769081569 -0.00018232791721749884 -0.00023891263105448818 0.00037704312033114953 -0.00038699048830851686 -6.3928974831349407e-05 0.00013877858285912115 0.00072103299642461245 -3.2734102979012892e-05 -3.1678021491962273e-05 0.00062902053447742162 0.0001294688993447593 0.00034961540103071494 -8.6344760456139491e-05 -4.2165187374492399e-06 0.00048225570772669638 5.0195066237236585e-05 -0.00022684645103668993 -0.0011706285333821142 -0.00013804993775328876 0.00072604417610804039 0.00045696759935364957
leaf_weight=471 2369 7818 23027 910 2298 1462 4044 1554 12865 16947 7940 1800 2338 1961 165 1509 41388 1084 359 4635 5119 21512 15941 333 1731 11275 192 8091 1283 315
leaf_count=471 2369 7818 23027 910 2298 1462 4044 1554 12865 16947 7940 1800 2338 1961 165 1509 41388 1084 359 4635 5119 21512 15941 333 1731 11275 192 8091 1283 315
internal_value=-1.41713e-13 0.000110315 -3.66635e-05 2.51339e-05 -1.40283e-05 9.84131e-05 0.000215089 0.000280668 0.000308027 -4.74384e-05 -9.67714e-05 -3.8244e-05 -2.15395e-05 0.00017661 0.000268228 0.00031322 1.33672e-05 0.000429629 -0.000104969 0.000192697 0.000358918 -0.000115817 -6.82142e-05 -0.000209885 -0.000233547 -0.000268733 -0.00056544 -0.000181556 0.000425054 -0.000208261
internal_weight=202736 50572 152164 33714 136474 31262 19566 16858 15163 105212 11696 26742 88265 3423 6972 6615 64415 9040 4403 5106 7486 23850 24942 8273 15690 13959 357 9001 6402 11590
internal_count=202736 50572 152164 33714 136474 31262 19566 16858 15163 105212 11696 26742 88265 3423 6972 6615 64415 9040 4403 5106 7486 23850 24942 8273 15690 13959 357 9001 6402 11590
is_linear=0
shrinkage=0.02


Tree=170
num_leaves=31
num_cat=0
split_feature=34 5 14 34 45 10 6 44 44 2 10 10 14 31 45 36 44 6 5 4 5 34 13 9 10 14 45 10 42 9
split_gain=1.97269 1.53258 1.68548 1.86978 1.79816 1.1812 1.75542 1.13278 1.00194 0.968096 0.69575 0.73914 0.64036 0.638186 0.631901 0.50273 0.488085 0.469441 0.423185 0.419957 0.389816 0.394205 0.386472 0.365648 0.382678 0.339723 0.351989 0.322844 0.305706 0.281966
threshold=-0.038177109550729331 -0.27360000000000068 0.50240000000000118 0.012962607989667283 0.052270522435041746 -3.7230000000000207 0.024966666666666634 1.6883562476704157 0.80170117298024945 -0.99999992500000612 -5.6405000000000145 55.133999999999993 0.27740000000000176 23.200000000004369 0.036283128646484607 7.5000000000000009 3.3560177182225739 -0.069566666666666485 -1.4863999999999982 0.19560000000000427 -0.75934999999999853 -0.025757862091946946 3.1275999999999997 26.659000000000002 -72.730999999999995 3.7055333333333342 0.05949999999981765 -54.442500000000003 0.18503541460734715 12.143500000000008
decision_type=2 2 2 2 2 2 2 2 2 2 2 2 2 2 2 2 2 2 2 2 2 2 2 2 2 2 2 2 2 2
left_child=9 20 8 5 7 6 -4 -5 10 18 12 -12 -3 -7 19 16 -16 -6 -1 -11 23 -22 28 24 -2 29 -27 -26 -23 -17
right_child=1 2 3 4 17 13 -8 -9 -10 14 11 -13 -14 -15 15 25 -18 -19 -20 -21 21 22 -24 -25 27 26 -28 -29 -30 -31
leaf_value=-0.00091155671493510656 0.00013297341523536624 -2.9759938576579756e-05 0.00018145276573430056 0.00021403210714324213 -0.00065355385977701116 4.3052165339185648e-05 0.00065049291567780931 -0.00022616903436817893 -0.00018013813784471491 2.8135165291184529e-05 -7.1747662312279987e-05 0.00039678830064523302 0.00013214922066009298 0.00069510514530277286 0.00027906064585559316 0.00053747791626676197 -0.00098447333339208849 -0.00019717716083254009 2.8308487944386357e-05 0.00077835399896051085 4.7084841776461583e-05 -0.00035647123999999061 0.00077589301520278623 0.00078309342398408309 -0.0012010419561606952 0.00023205691007013523 0.0014441085662630746 -0.0004254581794449651 -0.00014182814169667234 -0.00033559909330789826
leaf_weight=199 463 20106 10364 10209 1004 13662 4612 3033 17617 3123 55968 1380 19009 628 2740 3774 128 8836 5173 330 3503 3739 163 107 232 137 319 2876 9148 154
leaf_count=199 463 20106 10364 10209 1004 13662 4612 3033 17617 3123 55968 1380 19009 628 2740 3774 128 8836 5173 330 3503 3739 163 107 232 137 319 2876 9148 154
internal_value=9.96359e-14 -1.83093e-05 1.6715e-06 9.56295e-05 -3.89629e-05 0.000201782 0.000325898 0.000113207 -4.14431e-05 0.000212577 -1.61133e-05 -6.0473e-05 4.89242e-05 7.17078e-05 0.000322518 0.000428549 0.000222669 -0.000243742 -6.50781e-06 9.98329e-05 -0.000182679 -0.000141297 -0.000191864 -0.000368924 -0.000403442 0.000563235 0.00107996 -0.000483352 -0.000204104 0.000503248
internal_weight=202736 186659 166428 52348 23082 29266 14976 13242 114080 16077 96463 57348 39115 14290 10705 7252 2868 9840 5372 3453 20231 16553 13050 3678 3571 4384 456 3108 12887 3928
internal_count=202736 186659 166428 52348 23082 29266 14976 13242 114080 16077 96463 57348 39115 14290 10705 7252 2868 9840 5372 3453 20231 16553 13050 3678 3571 4384 456 3108 12887 3928
is_linear=0
shrinkage=0.02


Tree=171
num_leaves=31
num_cat=0
split_feature=43 10 44 10 10 9 6 14 14 7 14 7 44 10 14 6 42 5 10 7 13 6 41 10 10 10 12 14 44 44
split_gain=1.90476 1.48179 1.79075 1.06259 0.868985 1.14844 1.12514 0.993912 0.850418 0.753979 0.700338 0.908644 0.694453 0.616692 1.17016 0.531286 0.524441 0.773842 0.59311 0.548874 0.524649 0.530649 0.516536 0.51648 0.514533 0.498946 0.489919 0.743184 0.452917 0.435672
threshold=5.5600000000020389 -39.838500000000003 -0.09187511517335252 104.706 9.9334999999999898 -19.214999999999989 -0.59721666666666684 0.79136666666666755 1.1814666666666676 1.1311830974481516 0.29813333333333447 0.56769150951689318 1.0363801510215607 51.214499999999994 2.8280666666666687 -0.49360000000000032 0.42929559702275971 0.10740000000000063 -209.34899999999996 9.6317160962226378 1.1191666666666682 0.011599999999999758 84.46122086472505 61.751999999999988 23.613999999999987 -31.858500000000017 1.2399000000000042 3.1651000000000011 -0.14274910758042661 -0.98203474161211024
decision_type=2 2 2 2 2 2 2 2 2 2 2 2 2 2 2 2 2 2 2 2 2 2 2 2 2 2 2 2 2 2
left_child=3 16 10 4 6 24 -1 12 9 -4 -3 -12 -8 14 -10 -7 17 18 -2 -20 -19 -22 -13 -17 -6 -9 28 -28 29 -18
right_child=1 2 8 -5 5 15 7 25 13 -11 11 22 -14 -15 -16 23 26 20 19 -21 21 -23 -24 -25 -26 -27 27 -29 -30 -31
leaf_value=-0.00059158434077650796 0.0011015352865978874 -4.2507293017085494e-05 -3.6996792639378927e-05 0.0013750753630440505 6.2655561954760153e-05 0.0010297418256704515 -6.7823542623567188e-07 0.00059894548672825333 0.00013983655639990221 -0.00026583445380474899 0.00036427479385274817 0.00013139200181496824 -0.00016392581575724188 -0.00019881344519927344 0.0010927433136561475 -0.00016596674461555696 0.0005177750912768609 0.00043897480397735405 0.00031157004059873867 -0.00077745262784446824 0.00087969549916838111 0.0023706194229736301 -0.00045812216327036732 0.0001663280657026579 0.001727053215763973 0.00014614195618022291 -0.00032128358481969474 0.0005785484711122612 0.00048116277469250745 -0.00011069427779218287
leaf_weight=1340 369 5442 18396 210 122 154 74049 1329 4834 8384 9065 12194 12131 1664 577 33685 616 335 5168 192 223 167 625 1981 190 3638 1551 481 2069 1555
leaf_count=1340 369 5442 18396 210 122 154 74049 1329 4834 8384 9065 12194 12131 1664 577 33685 616 335 5168 192 223 167 625 1981 190 3638 1551 481 2069 1555
internal_value=6.87353e-14 8.09373e-05 4.00942e-05 -4.64323e-05 -4.87533e-05 -0.000131925 -1.62603e-05 -7.80216e-06 -5.71169e-05 -0.000108639 0.000160532 0.000211023 -2.36575e-05 0.000137902 0.000241449 -0.000142449 0.000277293 0.00040386 0.000325954 0.00027256 0.00101948 0.00151812 0.00010265 -0.00014751 0.00107623 0.000267297 0.000147053 -0.000108282 0.000269421 6.76278e-05
internal_weight=202736 73907 61181 128829 128619 36132 92487 91147 33855 26780 27326 21884 86180 7075 5411 35820 12726 6454 5729 5360 725 390 12819 35666 312 4967 6272 2032 4240 2171
internal_count=202736 73907 61181 128829 128619 36132 92487 91147 33855 26780 27326 21884 86180 7075 5411 35820 12726 6454 5729 5360 725 390 12819 35666 312 4967 6272 2032 4240 2171
is_linear=0
shrinkage=0.02


Tree=172
num_leaves=31
num_cat=0
split_feature=34 45 41 4 41 43 9 45 6 34 45 45 41 14 7 14 9 14 44 4 41 44 6 2 44 44 42 34 9 41
split_gain=1.90285 1.74661 1.47772 1.32023 1.14798 1.29449 1.03226 1.64352 1.24654 0.725424 0.672195 0.59249 0.542344 0.516259 0.463266 0.450283 0.445126 0.468574 0.436373 0.417797 0.392139 0.382719 0.346527 0.347266 0.318116 0.316918 0.313061 0.330165 0.277503 0.240893
threshold=-0.015577675985557123 0.042161756552644855 29.331434820295112 -0.36409999999999737 82.735042733566246 2.7600000000020377 0.33099999999998986 0.040938450360761207 0.13539999999999952 -0.088155083954746957 0.072818779544731357 0.078478056453778297 17.16738197347583 1.3876333333333342 2.324843435587558 2.3338833333333349 19.860500000000002 1.2370500000000006 0.22035322461881265 0.22980000000000481 46.610169487378698 3.3560177182225739 -0.3111833333333337 -0.99999998166666704 0.2509797594755237 3.6600125406477528 0.37552299161833552 -0.042306182433604983 -14.611499999999994 78.701446615120645
decision_type=2 2 2 2 2 2 2 2 2 2 2 2 2 2 2 2 2 2 2 2 2 2 2 2 2 2 2 2 2 2
left_child=1 12 9 13 5 22 8 -8 -7 25 18 21 -1 14 -2 -12 26 24 -4 -6 -20 -11 -5 -24 -18 -3 27 -14 -21 -15
right_child=3 2 10 4 19 6 7 -9 -10 11 15 -13 16 29 -16 -17 17 -19 20 28 -22 -23 23 -25 -26 -27 -28 -29 -30 -31
leaf_value=-0.00019298762497438582 -0.00024029647405614997 0.00078725611274603133 0.00044345260292279572 -0.00045367498058828808 -9.8748309311971947e-05 9.6776969007420727e-05 0.00012156909576353802 -0.00013031587393965219 0.00054292656348573062 2.3039148796760782e-05 0.00061460558904213435 0.00038941958012348707 0.00017982829226208415 0.00016228153202656995 -0.00063914747115507823 0.0016331317916169373 0.0016535708425770991 -1.9073472790779056e-05 7.8639012642923631e-05 -0.00098366701247618168 0.00058748461213767105 -0.0010591510153608397 1.2666354124799694e-05 -0.0001101861408916496 0.00050680440486758013 -0.00018257828386224531 0.00032001614237783105 -5.8740347704682656e-05 -0.00027834265993353322 -0.00081217313126592534
leaf_weight=5664 8614 802 4822 983 11054 33721 19008 22779 2706 13451 2014 1902 2858 1470 1347 190 164 358 3537 232 731 132 13043 31265 236 162 1213 12336 5833 109
leaf_count=5664 8614 802 4822 983 11054 33721 19008 22779 2706 13451 2014 1902 2858 1470 1347 190 164 358 3537 232 731 132 13043 31265 236 162 1213 12336 5833 109
internal_value=-1.60577e-13 0.000106284 0.000212904 -3.53237e-05 -1.84476e-05 2.82718e-06 5.20993e-05 -1.57389e-05 0.000129919 9.19551e-05 0.000389059 5.88161e-05 -2.32866e-05 -0.000240972 -0.000294232 0.00070241 3.27102e-05 0.000506548 0.000313083 -0.000171935 0.000165791 1.25224e-05 -8.22619e-05 -7.40219e-05 0.000976979 0.000624276 1.0819e-05 -1.38655e-05 -0.000305323 9.50139e-05
internal_weight=202736 50572 27743 152164 140624 123505 78214 41787 36427 16449 11294 15485 22829 11540 9961 2204 17165 758 9090 17119 4268 13583 45291 44308 400 964 16407 15194 6065 1579
internal_count=202736 50572 27743 152164 140624 123505 78214 41787 36427 16449 11294 15485 22829 11540 9961 2204 17165 758 9090 17119 4268 13583 45291 44308 400 964 16407 15194 6065 1579
is_linear=0
shrinkage=0.02


Tree=173
num_leaves=31
num_cat=0
split_feature=34 10 5 14 6 34 44 14 9 43 42 6 13 44 7 34 42 43 44 44 44 13 15 5 10 45 14 5 13 45
split_gain=1.82798 1.52136 1.387 1.60511 1.28084 1.36333 1.23493 1.15937 0.918013 0.718997 0.692156 0.726661 0.797524 0.623055 0.609992 0.598098 0.727433 0.548648 0.436387 0.441744 0.412447 0.428792 0.506185 0.369121 0.316602 0.281625 0.242861 0.239357 0.220614 0.219205
threshold=-0.05112871521569394 -2.8685000000000165 -1.4863999999999982 1.008283333333335 -0.73481666666666701 0.061204343749087918 1.0363801510215607 0.27740000000000176 -19.967499999999987 23.319999999999713 0.068242044327341905 -0.59721666666666684 1.938466666666667 3.6600125406477528 1.1710986294925434 -0.0083412514778857753 0.37079302207874137 12.319999999999711 3.6600125406477528 1.186082127774355 -1.2166341907899294 1.6320000000000012 6.0170479446330107 -0.49749999999999966 -138.12749999999997 0.069433112499057745 0.40533333333333449 -0.25999999999999962 0.30073333333333391 0.075816990014063723
decision_type=2 2 2 2 2 2 2 2 2 2 2 2 2 2 2 2 2 2 2 2 2 2 2 2 2 2 2 2 2 2
left_child=9 2 24 6 8 -6 7 -4 -5 13 28 12 27 20 -8 16 -13 -17 19 -11 23 29 -23 -1 -2 -21 -25 -12 -3 -22
right_child=1 10 3 4 5 -7 14 -9 -10 18 11 15 -14 -15 -16 17 -18 -19 -20 25 21 22 -24 26 -26 -27 -28 -29 -30 -31
leaf_value=0.00011393723758653952 0.00025942770077578599 -0.00013009202618055891 -4.9458654160945627e-05 -0.00032807455570374976 0.00048203638635926216 -0.00035115975120842655 -9.2307684134544814e-05 0.00012042388063863055 0.0015855732561464483 0.00047681827578534606 -0.00052454852002871335 -1.4517094582269048e-05 0.0019423088059143945 -0.00078857340955406296 -0.00046301627864772681 -9.8520750022376927e-05 0.00029886925323699707 0.00012971411123293073 4.6126003267774843e-05 0.0011597308145823661 9.1866070940024326e-05 0.00069952359732972081 -0.00046993113804352608 0.00035521857223048915 -0.00084675188977276715 0.0023301640433564257 0.0015138951892559858 0.00057558775476904383 -0.00034454052274637598 0.00056705052699263035
leaf_weight=208 118 3493 25233 1595 7459 878 11611 44245 107 306 122 18602 148 234 2096 65626 3524 4502 226 302 4614 1103 171 102 842 113 249 225 4258 424
leaf_count=208 118 3493 25233 1595 7459 878 11611 44245 107 306 122 18602 148 234 2096 65626 3524 4502 226 302 4614 1103 171 102 842 113 249 225 4258 424
internal_value=6.90408e-14 -1.22134e-05 4.55397e-05 5.33282e-05 0.000292217 0.000394289 2.44984e-05 5.8726e-05 -0.000207769 0.0002953 -6.6337e-05 -5.1164e-05 0.000713079 0.000226303 -0.000148994 -5.52646e-05 3.53958e-05 -8.38688e-05 0.000812965 0.00105333 0.000260866 0.000214752 0.000542556 0.000781558 -0.000710784 0.00147843 0.00117719 0.000188796 -0.000247899 0.000131858
internal_weight=202736 194684 94184 93224 10039 8337 83185 69478 1702 8052 100500 92749 495 7105 13707 92254 22126 70128 947 721 6871 6312 1274 559 960 415 351 347 7751 5038
internal_count=202736 194684 94184 93224 10039 8337 83185 69478 1702 8052 100500 92749 495 7105 13707 92254 22126 70128 947 721 6871 6312 1274 559 960 415 351 347 7751 5038
is_linear=0
shrinkage=0.02


Tree=174
num_leaves=31
num_cat=0
split_feature=34 41 4 34 41 43 44 14 10 44 13 10 6 10 14 14 4 12 44 10 12 14 41 44 15 31 35 44 6 14
split_gain=1.79473 1.67464 1.27145 1.12865 1.09449 1.23537 0.83346 0.771789 0.593023 0.592192 0.717037 0.590137 0.574581 0.760203 0.645925 0.490344 0.478431 0.468013 0.456921 0.41814 0.417167 0.401571 0.354946 0.372443 0.353348 0.35186 0.34668 0.307063 0.475799 0.515461
threshold=-0.015577675985557123 32.251667251010524 -0.36409999999999737 -0.05112871521569394 82.735042733566246 3.7400000000037839 1.6212821392225631 0.42486666666666784 91.561999999999998 3.6600125406477528 1.6320000000000012 -47.616000000000007 -0.23196666666666635 -5.4410000000000132 0.30510000000000087 1.3876333333333342 -0.46819999999999501 1.3788000000000011 -1.1871706919936587 11.767499999999986 0.38480000000000797 1.3876333333333342 43.162966016728319 0.192704284563815 6.0170479446330107 -117.74999999999999 -3.9599999999991264 -0.051588538742967073 -0.84406666666666685 4.8582500000000008
decision_type=2 2 2 2 2 2 2 2 2 2 2 2 2 2 2 2 2 2 2 2 2 2 2 2 2 2 2 2 2 2
left_child=1 3 15 9 5 8 7 -7 19 10 18 27 26 14 -14 17 -13 -2 -1 -4 -6 -8 23 -18 -12 -11 -5 -3 29 -29
right_child=2 11 4 12 20 6 21 -9 -10 25 24 16 13 -15 -16 -17 22 -19 -20 -21 -22 -23 -24 -25 -26 -27 -28 28 -30 -31
leaf_value=0.00077159694402756461 -0.00022745225021342998 0.00030902487004980756 -3.2796443886049908e-05 -0.00048783597806065568 -9.3948346543680541e-05 1.3330326963505625e-05 -0.00020011977989643147 0.00016621729452977763 0.0012402455789436188 0.0001323440774208531 0.00083403402685007294 -3.6368911583367149e-05 -4.1196237592321526e-05 -9.2806396089468264e-05 0.00029981266068108395 9.132589179230058e-05 0.00031428703097902372 -0.00059829498214411265 0.00011778111556994518 -0.00015269776565193273 -0.00029993571985125796 0.00011912047783953829 0.00044160451315527387 4.3799205435174364e-05 8.7873877661649415e-05 -0.0011270351141380768 -0.00012556877427236657 -0.00034631542126320442 0.00096726143331056806 0.0011710290864818912
leaf_weight=471 8334 1248 46341 1424 10997 24509 6229 28642 140 165 1186 2503 3976 12210 5036 1579 4743 1627 4635 15534 6122 2110 3366 3568 323 192 4096 270 1026 134
leaf_count=471 8334 1248 46341 1424 10997 24509 6229 28642 140 165 1186 2503 3976 12210 5036 1579 4743 1627 4635 15534 6122 2110 3366 3568 323 192 4096 270 1026 134
internal_value=-1.2745e-14 0.00010322 -3.43054e-05 2.18371e-05 -1.77441e-05 3.02914e-06 6.65524e-05 9.5718e-05 -5.99563e-05 0.00024847 0.00029129 0.000265977 -3.7249e-05 1.00318e-05 0.000149363 -0.000236119 0.000214552 -0.000288025 0.000178092 -6.28982e-05 -0.000167612 -0.000119343 0.000268338 0.000198164 0.000674319 -0.000544969 -0.000219023 0.00053827 0.000738338 0.000156962
internal_weight=202736 50572 152164 33714 140624 123505 61490 53151 62015 6972 6615 16858 26742 21222 9012 11540 14180 9961 5106 61875 17119 8339 11677 8311 1509 357 5520 2678 1430 404
internal_count=202736 50572 152164 33714 140624 123505 61490 53151 62015 6972 6615 16858 26742 21222 9012 11540 14180 9961 5106 61875 17119 8339 11677 8311 1509 357 5520 2678 1430 404
is_linear=0
shrinkage=0.02


Tree=175
num_leaves=31
num_cat=0
split_feature=34 5 41 14 9 44 6 44 9 34 5 41 44 10 10 6 10 41 5 14 42 34 14 10 10 44 13 15 14 10
split_gain=1.73933 1.65314 1.37627 1.35433 1.81713 1.21164 1.34677 0.961686 0.853178 0.799478 0.603477 0.599573 0.617704 0.580157 0.508871 0.487352 0.480051 0.450991 0.416148 0.457421 0.403746 0.630915 0.40159 1.49554 0.374191 0.35057 0.453636 0.336293 0.324849 0.30078
threshold=-0.025757862091946946 -0.25320000000000048 29.66226343174279 0.6034166666666676 9.1255000000000077 1.6212821392225631 0.056233333333333482 -0.83950811708194639 -1.8710000000000024 -0.077864218579604044 -1.4863999999999982 10.14492753588622 -0.038088458419724205 -18.59350000000002 -209.34899999999996 -0.25908333333333367 13.775499999999987 87.138122372443107 -1.2478999999999985 3.7055333333333342 0.21082063427949807 -0.01010593376398859 3.1651000000000011 33.544999999999987 42.282999999999987 3.6600125406477528 1.6932000000000003 7.2229586547185534 0.37596666666666756 -72.730999999999995
decision_type=2 2 2 2 2 2 2 2 2 2 2 2 2 2 2 2 2 2 2 2 2 2 2 2 2 2 2 2 2 2
left_child=2 20 9 7 5 6 -5 13 15 25 27 -12 -13 28 -4 -9 -10 -7 -16 -20 -2 -22 -6 -24 -15 26 -1 -11 -3 -23
right_child=1 3 14 4 22 17 -8 8 16 10 11 12 -14 24 18 -17 -18 -19 19 -21 21 29 23 -25 -26 -27 -28 -29 -30 -31
leaf_value=0.00025257820450384733 -0.00035220655368719693 0.000119454085051221 0.0012280184782706785 0.00015079573873733162 -0.00010966662873284724 -1.1921549355765031e-05 0.00050792671252120189 -0.00039478754537849715 -8.607131302920474e-05 -0.00032082876200578979 -0.00017785001335155121 0.0002256132662927683 -4.0306119083340692e-05 -9.7668443351299186e-06 -0.00019856823891772096 3.1881015329426681e-05 -0.00022191600305865387 -0.00075065534351278465 0.00032728257936003686 0.0013351309073633552 0.00010900403258755465 0.00018572805458844316 0.0022508736612045304 -0.00025866034743653258 0.00029703915404250393 -0.0003012455865628307 0.00089557701101142435 -0.0013870442695260426 0.0004072374333385904 -0.00026074507807866831
leaf_weight=1062 5459 5624 250 10991 12172 4626 6860 1116 38716 406 4338 6918 7060 29407 594 26458 14230 356 8564 184 2953 651 136 315 1681 236 748 167 2176 8282
leaf_count=1062 5459 5624 250 10991 12172 4626 6860 1116 38716 406 4338 6918 7060 29407 594 26458 14230 356 8564 184 2953 651 136 315 1681 236 748 167 2176 8282
internal_value=-3.31165e-14 -2.46644e-05 0.000139137 -3.92628e-06 0.000104613 0.000211071 0.000288038 -3.61551e-05 -7.55996e-05 4.82379e-05 7.56129e-06 2.75561e-05 9.13029e-05 4.55171e-05 0.000337528 1.46125e-05 -0.000122582 -6.47094e-05 0.000313698 0.000348481 -0.000209823 -0.00014443 -8.79523e-05 0.000498095 6.82286e-06 0.000423771 0.000518304 -0.000631576 0.000199738 -0.000228208
internal_weight=202736 172209 30527 154864 35456 22833 17851 119408 80520 20935 18889 18316 13978 38888 9592 27574 52946 4982 9342 8748 17345 11886 12623 451 31088 2046 1810 573 7800 8933
internal_count=202736 172209 30527 154864 35456 22833 17851 119408 80520 20935 18889 18316 13978 38888 9592 27574 52946 4982 9342 8748 17345 11886 12623 451 31088 2046 1810 573 7800 8933
is_linear=0
shrinkage=0.02


Tree=176
num_leaves=31
num_cat=0
split_feature=34 5 14 34 10 11 14 10 10 14 13 34 10 45 45 5 14 10 35 10 13 5 34 45 13 14 17 10 42 14
split_gain=1.68277 1.4248 1.47511 1.44401 1.03859 0.946659 0.881652 0.867323 1.02112 0.969932 0.760202 0.719319 0.717327 0.592653 0.488128 0.47555 0.475542 0.662082 0.469339 0.447797 0.428283 0.402433 0.359763 0.41292 0.353379 0.339213 0.334143 0.323059 0.309593 0.303298
threshold=-0.037240706915477303 -0.25320000000000048 0.6034166666666676 0.047164087613621335 -1.5490000000000184 0.34550000000000008 3.1651000000000011 9.9334999999999898 55.133999999999993 0.27740000000000176 0.4175333333333327 -1.0000000180025095e-35 -101.7825 0.040335421839457819 0.042470046646997744 -1.8697499999999989 1.7400000000000009 -138.12749999999997 -3.6900000000023279 -166.39949999999996 0.25120000000000159 -0.75934999999999853 -0.019125463477398602 0.04489985496602001 3.1275999999999997 1.5409333333333344 0.34637408577463108 -5.4410000000000132 0.21082063427949807 3.7055333333333342
decision_type=2 2 2 2 2 2 2 2 2 2 2 2 2 2 2 2 2 2 2 2 2 2 2 2 2 2 2 2 2 2
left_child=5 21 7 4 10 18 -6 9 20 26 -4 -11 15 25 -14 19 -17 -18 -1 -7 -9 -2 23 -23 28 -5 -3 -15 -24 -16
right_child=1 2 3 13 6 12 -8 8 -10 11 -12 -13 14 27 29 16 17 -19 -20 -21 -22 22 24 -25 -26 -27 -28 -29 -30 -31
leaf_value=-0.00012665205264951246 -0.00036204035030921783 -3.1503195043148224e-05 -2.4880599835818886e-05 -7.8260967824091349e-05 3.2464753089982674e-05 0.00099080699992268101 0.0012905938019504692 -6.0259212365464569e-05 0.00029620748637573964 0.00015422810684503153 0.00033983534830616833 -2.2160499785696299e-06 7.4008417648327503e-05 -0.00065832142869978131 0.00037013209344837226 0.00028519489046985932 0.0010179916566197315 0.002674492072876988 0.00017888739419162292 -0.000513845587128096 -0.00020567666007441045 -0.00017372054688053102 -0.00038293993180323711 0.00015409377008847086 0.0007549912193339438 0.00046667596923377359 -0.00015559776384701393 -0.00022293570495411598 -0.00014777172251166025 0.0013250184758314795
leaf_weight=3806 3603 30397 2755 1470 15714 152 226 14322 2268 20414 13429 27719 3066 893 4619 184 345 134 4264 165 18652 3007 2978 3144 155 663 12148 2881 9026 137
leaf_count=3806 3603 30397 2755 1470 15714 152 226 14322 2268 20414 13429 27719 3066 893 4619 184 345 134 4264 165 18652 3007 2978 3144 155 663 12148 2881 9026 137
internal_value=-2.34374e-14 -1.73605e-05 2.88378e-06 0.000112044 0.00016489 0.000191246 5.03027e-05 -3.00852e-05 -0.000114282 2.6377e-06 0.00027775 6.41345e-05 0.000334692 -0.000175351 0.000270785 0.000844779 0.00114942 0.0014814 3.47879e-05 0.000207628 -0.000142516 -0.000168827 -0.000130806 -6.16272e-06 -0.000193861 9.11217e-05 -6.69363e-05 -0.000325956 -0.000206113 0.000397638
internal_weight=202736 185864 163951 38031 32124 16872 15940 125920 35242 90678 16184 48133 8802 5907 7822 980 663 479 8070 317 32974 21913 18310 6151 12159 2133 42545 3774 12004 4756
internal_count=202736 185864 163951 38031 32124 16872 15940 125920 35242 90678 16184 48133 8802 5907 7822 980 663 479 8070 317 32974 21913 18310 6151 12159 2133 42545 3774 12004 4756
is_linear=0
shrinkage=0.02


Tree=177
num_leaves=31
num_cat=0
split_feature=34 45 5 41 41 9 45 10 45 10 44 10 36 45 45 9 44 33 5 12 42 12 44 13 41 33 16 42 34 33
split_gain=1.63233 1.61554 1.46547 1.34467 1.11515 0.98197 1.52773 1.81691 1.45221 1.03494 0.817428 0.76644 0.647625 0.638055 0.629775 0.600576 0.591786 0.542958 0.499152 0.55395 0.426392 0.424167 0.421309 0.370505 0.362469 0.30738 0.303128 0.285594 0.313285 0.413843
threshold=-0.015577675985557123 0.042161756552644855 -0.21319999999999981 29.331434820295112 82.735042733566246 -2.0849999999999844 0.040335421839457819 -116.33499999999999 0.0502207506317911 -56.553500000000007 -0.56732098641892237 -101.7825 38.500000000000007 0.072818779544731357 0.078478056453778297 19.860500000000002 3.6600125406477528 0.0070502264282768425 -0.10529999999999839 0.98780000000000401 0.12564897806202924 0.38480000000000797 0.22035322461881265 1.4718666666666682 46.610169487378698 -0.074783262195211128 0.43546488806331984 0.21812358030745257 0.011851922352333519 0.0047253352285912221
decision_type=2 2 2 2 2 2 2 2 2 2 2 2 2 2 2 2 2 2 2 2 2 2 2 2 2 2 2 2 2 2
left_child=1 11 27 12 5 8 7 -7 17 -10 -8 18 14 22 16 20 -3 -4 19 -1 26 -6 -5 -15 -24 -14 -13 -2 29 -29
right_child=2 3 4 13 21 6 10 -9 9 -11 -12 15 25 23 -16 -17 -18 -19 -20 -21 -22 -23 24 -25 -26 -27 -28 28 -30 -31
leaf_value=-0.00082851656007683133 -0.00038745225632688695 1.5282385784951321e-05 -7.5410463012110678e-05 0.00042309661553033078 -8.7046455999774446e-05 0.0019155178696105613 -6.2725663742513978e-06 5.0251256994247034e-05 0.00094091375375739692 0.00021465303906919355 -0.0001859675684341069 -0.00027855449847985118 0.001075486290549779 0.00055201685067567238 0.00038856516238676398 0.00045950498282177623 -0.0012522687283250812 0.00011954120826439412 0.00144282110508489 0.00081711851314479568 2.059455913689477e-05 -0.00029342806141908356 6.6479847808962762e-05 0.0012241618955819088 0.00055569663806117708 0.00034473774810658489 -6.1004006706241195e-05 -0.00017108454378979889 -0.00033450403325104683 0.00019421740692324421
leaf_weight=127 3108 13152 14618 4822 10938 210 17048 39408 836 12830 24939 4633 307 1803 1920 906 149 9382 220 230 10982 6265 3537 401 731 921 5731 7612 3488 1482
leaf_count=127 3108 13152 14618 4822 10938 210 17048 39408 836 12830 24939 4633 307 1803 1920 906 149 9382 220 230 10982 6265 3537 401 731 921 5731 7612 3488 1482
internal_value=-3.682e-14 9.84396e-05 -3.27166e-05 0.000200981 -1.16716e-05 1.00407e-05 -2.8947e-05 6.01383e-05 9.45093e-05 0.000259081 -0.000113006 -2.61746e-05 8.56057e-05 0.000369019 4.99606e-05 -4.48353e-05 1.08307e-06 7.99394e-07 0.000693477 0.000231697 -6.62413e-05 -0.000162207 0.000294997 0.000674308 0.00015027 0.000527425 -0.000158255 -0.000215769 -0.00017336 -0.000111553
internal_weight=202736 50572 152164 27743 136474 119271 81605 39618 37666 13666 41987 22829 16449 11294 15221 22252 13301 24000 577 357 21346 17203 9090 2204 4268 1228 10364 15690 12582 9094
internal_count=202736 50572 152164 27743 136474 119271 81605 39618 37666 13666 41987 22829 16449 11294 15221 22252 13301 24000 577 357 21346 17203 9090 2204 4268 1228 10364 15690 12582 9094
is_linear=0
shrinkage=0.02


Tree=178
num_leaves=31
num_cat=0
split_feature=43 10 44 10 10 6 15 10 43 6 13 10 44 44 6 13 6 5 31 31 7 43 15 31 13 10 43 10 15 44
split_gain=1.59722 1.22202 1.67029 0.994219 0.747704 1.07235 0.687815 0.663276 0.61411 0.588574 0.556275 0.528838 0.500124 0.870898 0.953303 0.683379 0.567823 0.520106 0.926169 0.525925 0.515631 0.499449 0.693125 0.48598 0.457847 0.450637 0.450543 0.440642 0.383171 0.341452
threshold=5.5600000000020389 -39.838500000000003 -0.09187511517335252 104.706 9.9334999999999898 -0.59721666666666684 1.1110651870121016 -138.12749999999997 12.9699999999968 -0.59721666666666684 1.383800000000001 41.135499999999986 -0.19341946934428439 -0.95966706358650977 -0.054299999999999876 1.2327000000000006 -0.84406666666666685 -2.7461999999999964 -117.74999999999999 -61.950000000004358 0.7284957103460642 18.719999999999711 1.999621826743319 -6.5999999999985439 1.938466666666667 55.133999999999993 1.8400000000008732 6.1289999999999862 0.62786845753611153 -1.0046979672525667
decision_type=2 2 2 2 2 2 2 2 2 2 2 2 2 2 2 2 2 2 2 2 2 2 2 2 2 2 2 2 2 2
left_child=3 12 6 4 5 -1 8 -7 25 -6 -10 24 13 14 16 -16 -2 18 -14 28 -21 22 27 -15 -11 -3 -9 -4 -19 -13
right_child=1 2 21 -5 9 7 -8 26 10 11 -12 29 17 23 15 -17 -18 19 -20 20 -22 -23 -24 -25 -26 -27 -28 -29 -30 -31
leaf_value=-0.00057628735481677121 0.0010403131299816647 0.00016110128398445688 3.4384469922953396e-05 0.001332495226998747 0.0011453725446066627 0.0014323231739581388 -2.047925147146267e-05 -7.4630668672907865e-05 0.00075093024615395867 -0.00017002673327942792 -0.00067032816843658866 0.0003074999473894769 0.00075469021936056815 0.00017423475870273635 0.00073756052021628038 0.0023202373874478773 -0.00014198815678801626 -7.2087970649590722e-05 -0.0012167168109922365 0.00056584232448500407 0.00018310932381664265 0.0002252475113394344 -0.00028735438948337928 -0.00028174836126491047 0.00083349326929545707 0.00062852816501045143 2.1501203953291169e-05 -0.0001314354850239108 0.0010343735276016235 -4.1086187686101821e-05
leaf_weight=1340 201 18282 15144 210 146 128 6830 28301 1229 29095 121 1428 170 1791 608 133 848 150 217 2325 3570 2337 5259 1956 183 864 62718 11115 757 5280
leaf_count=1340 201 18282 15144 210 146 128 6830 28301 1229 29095 121 1428 170 1791 608 133 848 150 217 2325 3570 2337 5259 1956 183 864 62718 11115 757 5280
internal_value=3.8109e-14 7.41158e-05 3.70251e-05 -4.25189e-05 -4.4764e-05 -1.46237e-05 0.000153342 -6.36634e-06 0.000211265 -0.000121914 0.000623543 -0.000127056 0.000252431 0.000109568 0.000472472 0.00102163 8.45538e-05 0.000362465 -0.000350724 0.000403042 0.00033406 -5.68596e-05 -7.77773e-05 -6.37965e-05 -0.000163754 0.000182195 -8.38957e-06 -3.58044e-05 0.000851387 3.31209e-05
internal_weight=202736 73907 61181 128829 128619 92487 27326 91147 20496 36132 1350 35986 12726 5537 1790 741 1049 7189 387 6802 5895 33855 31518 3747 29278 19146 91019 26259 907 6708
internal_count=202736 73907 61181 128829 128619 92487 27326 91147 20496 36132 1350 35986 12726 5537 1790 741 1049 7189 387 6802 5895 33855 31518 3747 29278 19146 91019 26259 907 6708
is_linear=0
shrinkage=0.02


Tree=179
num_leaves=31
num_cat=0
split_feature=34 45 41 45 34 14 7 43 43 34 32 44 34 14 29 34 44 41 33 14 45 4 4 34 9 44 42 9 14 9
split_gain=1.56488 2.36071 1.46069 1.39319 0.90091 0.874502 0.82136 0.803192 0.775026 0.75303 0.830063 0.745599 0.633514 0.572748 0.554059 0.529868 0.521007 0.510358 0.483766 0.599913 0.402977 0.395024 0.394979 0.377655 0.368321 0.319562 0.311907 0.298518 0.290956 0.41824
threshold=-0.004181939784246763 0.069757284438060743 42.181818180206456 0.068789173170331716 -0.077864218579604044 1.1100500000000013 0.70270904340858886 3.8199999999967988 7.7800000000002916 0.0022337771493084507 0.0018862223364245567 0.52416611102019528 -0.025757862091946946 3.7055333333333342 0.010318062796710327 0.048816194574023503 0.192704284563815 22.941176469352722 0.0010430068766046042 3.1651000000000011 0.047329919044395839 -0.7835999999999963 -3.5564999999999967 0.030401569311765849 -2.5559999999999961 -0.82926754384568968 0.25504074945054755 4.2769999999999904 0.85758333333333392 0.1980000000000007
decision_type=2 2 2 2 2 2 2 2 2 2 2 2 2 2 2 2 2 2 2 2 2 2 2 2 2 2 2 2 2 2
left_child=1 2 4 5 -1 6 7 25 17 10 24 12 -6 -10 20 18 -9 -3 -7 -20 27 -8 -13 -23 -5 -2 -22 -4 -11 -30
right_child=3 8 14 9 11 15 21 16 13 28 -12 22 -14 -15 -16 -17 -18 -19 19 -21 26 23 -24 -25 -26 -27 -28 -29 29 -31
leaf_value=0.00039534136679122126 1.5700108539807349e-05 6.5325812994430243e-05 9.1860806614880664e-06 0.00027331721967524178 0.00011126859955882755 -7.870905555713058e-06 -0.00052284509801774591 0.00014255903390821304 0.0005428450215586582 -0.00022848148967280989 0.0006417698262249945 -0.001126091628407483 -5.9256229154805391e-05 0.0016902234772962713 0.00051811973010044065 -8.3325665781222653e-05 -3.8675858035855364e-05 0.00035186031421903237 0.00030756734326344601 0.0011504662458417551 2.6373190519200215e-05 -7.454244486645172e-05 -0.00015107863670227827 -0.00026857289520720667 -0.00034807271048298803 -0.00010089576090656097 0.0003631230130274671 0.00026757542018441107 -0.0010836365453489576 -0.00035766866882022609
leaf_weight=1922 14512 4134 8005 572 13699 1854 1051 18129 2341 12058 791 168 23950 188 1733 2396 9761 6239 4238 367 1484 15307 15454 5438 1146 26706 4254 2303 372 2164
leaf_count=1922 14512 4134 8005 572 13699 1854 1051 18129 2341 12058 791 168 23950 188 1733 2396 9761 6239 4238 367 1484 15307 15454 5438 1146 26706 4254 2303 372 2164
internal_value=-7.65935e-14 6.48203e-05 2.07271e-05 -4.7632e-05 -3.00586e-05 -1.90391e-05 -3.75206e-05 -3.75853e-06 0.000314205 -0.00021441 0.000105654 -4.54069e-05 2.79109e-06 0.000628138 0.000178386 0.000170689 7.91301e-05 0.000237666 0.000264917 0.000374743 0.000141694 -0.000144569 -0.000161564 -0.000125405 -0.000141184 -5.98448e-05 0.000276031 6.69151e-05 -0.000269435 -0.000464159
internal_weight=202736 85874 72972 116862 55193 99759 90904 69108 12902 17103 2509 53271 37649 2529 17779 8855 27890 10373 6459 4605 16046 21796 15622 20745 1718 41218 5738 10308 14594 2536
internal_count=202736 85874 72972 116862 55193 99759 90904 69108 12902 17103 2509 53271 37649 2529 17779 8855 27890 10373 6459 4605 16046 21796 15622 20745 1718 41218 5738 10308 14594 2536
is_linear=0
shrinkage=0.02


Tree=180
num_leaves=31
num_cat=0
split_feature=24 10 44 14 5 34 9 10 45 10 34 34 9 45 44 45 34 42 23 43 9 45 14 44 44 34 10 44 44 36
split_gain=1.53897 1.11829 1.10016 1.39873 1.23047 1.07852 0.83493 0.742272 0.733265 0.728705 0.707625 0.694007 0.686693 0.805588 0.612769 0.736471 0.58551 0.546927 0.517068 0.502087 0.368183 0.594619 0.467271 0.366857 0.308051 0.298031 0.347628 0.488016 0.517779 0.328953
threshold=0.2000000000043656 -2.8685000000000165 1.6212821392225631 0.28980000000000117 -0.24089999999999848 -0.00022586565233413797 -23.175499999999992 91.561999999999998 0.052563635344036706 13.426999999999987 -0.012812427432657847 0.014734690150940173 12.143500000000008 0.019484403948367948 -0.7801819440857708 0.029706390328093409 -0.05842326121061308 0.016466051329398716 0.25000000000000006 14.420000000002622 -23.175499999999992 0.030957533153107088 1.3876333333333342 -0.90529379495593132 3.6600125406477528 0.061204343749087918 -80.640000000000001 -0.94839301659854947 -0.21801431319790657 19.500000000000004
decision_type=2 2 2 2 2 2 2 2 2 2 2 2 2 2 2 2 2 2 2 2 2 2 2 2 2 2 2 2 2 2
left_child=1 2 3 23 10 -6 9 17 20 -3 -5 18 13 -9 -11 -16 24 -8 -10 -19 21 -4 -22 -1 -2 26 27 -18 -29 -28
right_child=16 6 8 4 5 -7 7 12 11 14 -12 -13 -14 -15 15 -17 25 19 -20 -21 22 -23 -24 -25 -26 -27 29 28 -30 -31
leaf_value=4.5334308403758697e-05 0.00064815120664274645 -0.00023709293612535949 -0.0010220145598821098 6.258830414737721e-05 0.00029138112889215103 8.2508858421374352e-05 -0.00027051225548547077 -0.00029901754058634191 9.2658710213110456e-05 0.0024512145666459812 -0.00025277598245194646 -0.00051951600394398775 -0.00012986993675577084 0.0012140596788507128 -0.00066196096051664263 0.0013018182187719504 0.0015237458777636378 -6.9541711516963258e-05 0.00093992632672731241 0.00021246350605106271 -0.00026699008255494459 -0.00013467692176285208 0.00042967084217836133 -0.00010493897620235402 -0.00025726374529419233 -0.00017185419065581257 0.00024491134794878854 -0.00031064758620412923 0.00068195442659205771 5.4037633815160318e-06
leaf_weight=10050 1504 257 634 7785 17941 22031 5298 191 3162 103 4486 702 532 535 110 250 166 87978 317 2600 5036 577 417 18387 167 1005 5764 317 624 3810
leaf_count=10050 1504 257 634 7785 17941 22031 5298 191 3162 103 4486 702 532 535 110 250 166 87978 317 2600 5036 577 417 18387 167 1005 5764 317 624 3810
internal_value=1.31035e-13 -1.46342e-05 3.56187e-05 6.10413e-05 0.00012248 0.000176259 -6.16368e-05 -6.66666e-05 -0.00015351 0.000616918 -5.27017e-05 5.41122e-05 0.000415993 0.000815991 0.00109096 0.000701775 0.000207487 -7.29996e-05 0.00016986 -6.14469e-05 -0.000283772 -0.000599229 -0.000213715 -5.18305e-05 0.000557664 0.000157415 0.000188397 0.000523944 0.000347571 0.000149599
internal_weight=202736 189379 91525 80680 52243 39972 97854 97134 10845 720 12271 4181 1258 726 463 360 13357 95876 3479 90578 6664 1211 5453 28437 1671 11686 10681 1107 941 9574
internal_count=202736 189379 91525 80680 52243 39972 97854 97134 10845 720 12271 4181 1258 726 463 360 13357 95876 3479 90578 6664 1211 5453 28437 1671 11686 10681 1107 941 9574
is_linear=0
shrinkage=0.02


Tree=181
num_leaves=31
num_cat=0
split_feature=14 34 45 45 31 10 9 44 44 44 24 41 44 14 12 5 10 10 40 45 14 44 10 10 14 4 44 14 7 13
split_gain=1.49619 1.40103 2.225 1.6682 1.28677 0.893335 1.23278 0.816204 1.6437 0.918231 0.807779 0.857581 0.759087 1.03175 1.19908 0.711603 0.697136 0.61381 0.531495 0.440753 0.406524 0.405157 0.457057 0.40103 1.05813 0.39993 0.333837 0.309971 0.418862 0.307334
threshold=3.1651000000000011 -0.00082026025026581682 0.069757284438060743 0.068453763641211987 7.3499999999985457 57.764499999999991 -47.567499999999988 2.1876406604074967 1.1609765836092667 1.5529035827011366 0.099999999998544822 33.466733666661362 1.5206863208153572 0.5929000000000012 1.4194000000000064 0.18190000000000134 -166.39949999999996 8.5959999999999983 12.562195212365333 0.052270522435041746 1.1814666666666676 2.597237872002077 -116.33499999999999 -21.42100000000001 1.0885166666666681 0.4151000000000023 -0.91592988474508175 1.3876333333333342 1.2880499987385614 0.31846666666666679
decision_type=2 2 2 2 2 2 2 2 2 2 2 2 2 2 2 2 2 2 2 2 2 2 2 2 2 2 2 2 2 2
left_child=1 2 4 12 10 6 16 8 -8 -10 11 -1 13 17 -15 18 -2 -3 -4 -9 -20 -18 -23 24 26 -12 -5 28 -14 -6
right_child=5 3 15 23 29 -7 7 19 9 -11 25 -13 27 14 -16 -17 21 -19 20 -21 -22 22 -24 -25 -26 -27 -28 -29 -30 -31
leaf_value=-9.6641692870256326e-05 0.00087535463610255817 2.3284622966453005e-06 7.8663285541038705e-05 5.4672926414069563e-05 0.00013231910283674822 -0.00030764800374450139 0.00072254440450871535 -0.00038211179459698866 0.0041300836662387748 0.0017829833982456963 0.00015793911499256772 4.0815668338732767e-05 -0.00016229540957290428 0.00021528483990595625 -0.00019455283102958669 0.00084089569838049366 -0.00076018693948885709 -0.00013849518096209503 0.00029750373303430048 0.0011946888459273255 0.0007692221005064086 -0.00066754015523817062 0.00079863625954624293 -0.0002050557422732218 -0.0018152725650422855 0.00081306829284179271 -0.00051766134253738787 6.1332124219679764e-05 -0.00051542839576452604 0.00051316215141394958
leaf_weight=36059 393 40152 4771 577 1327 449 352 156 117 155 6903 36565 7580 14220 3573 859 283 17900 7387 130 811 136 227 13862 219 394 1389 1811 1633 2346
leaf_count=36059 393 40152 4771 577 1327 449 352 156 117 155 6903 36565 7580 14220 3573 859 283 17900 7387 130 811 136 227 13862 219 394 1389 1811 1633 2346
internal_value=-6.77185e-14 -5.94431e-06 4.84164e-05 -5.7403e-05 9.54244e-06 0.00049661 0.00068189 0.00121936 0.00162487 0.00279258 -7.27938e-06 -2.74342e-05 -2.2795e-05 -2.55233e-07 0.000132986 0.00028342 0.000211152 -4.10937e-05 0.000246496 0.000334616 0.000344169 -0.000192922 0.000249325 -0.000244751 -0.000496581 0.000193313 -0.000349687 -0.000177868 -0.000224888 0.000375569
internal_weight=202736 200338 97422 102916 83594 2398 1949 910 624 272 79921 72624 86869 75845 17793 13828 1039 58052 12969 286 8198 646 363 16047 2185 7297 1966 11024 9213 3673
internal_count=202736 200338 97422 102916 83594 2398 1949 910 624 272 79921 72624 86869 75845 17793 13828 1039 58052 12969 286 8198 646 363 16047 2185 7297 1966 11024 9213 3673
is_linear=0
shrinkage=0.02


Tree=182
num_leaves=31
num_cat=0
split_feature=34 5 14 34 45 44 43 44 10 11 10 9 10 10 45 6 45 30 5 9 10 14 5 10 34 42 34 10 6 4
split_gain=1.4622 1.33827 1.31507 1.54912 1.55657 0.969095 0.965337 0.868957 0.854642 0.840639 0.612814 0.723931 0.594191 0.5828 0.503741 0.498549 0.441271 0.437102 0.366392 0.361227 0.330483 0.325331 0.42196 0.316192 0.307573 0.316245 0.326131 0.306216 0.30027 0.287397
threshold=-0.037240706915477303 -0.27360000000000068 0.50240000000000118 0.012962607989667283 0.051973598821360691 1.6883562476704157 2.1000000000014558 0.59587910656819698 -3.7230000000000207 0.34550000000000008 -101.7825 -8.0744999999999898 82.286500000000004 -5.6405000000000145 0.02777777777774321 -0.069566666666666485 0.071418589269327662 -25.650000000001452 -0.75934999999999853 26.659000000000002 -72.730999999999995 1.7400000000000009 -1.8697499999999989 12.402999999999986 -0.025757862091946946 0.21082063427949807 -0.013109834616530315 -54.442500000000003 -0.25213333333333382 0.26300000000000218
decision_type=2 2 2 2 2 2 2 2 2 2 2 2 2 2 2 2 2 2 2 2 2 2 2 2 2 2 2 2 2 2
left_child=9 18 7 6 5 -5 28 12 -8 17 11 21 13 -3 -14 -6 29 -1 19 20 -2 -11 -23 -9 -20 -26 -27 -22 -4 -12
right_child=1 2 3 4 15 -7 8 23 -10 10 16 -13 14 -15 -16 -17 -18 -19 24 -21 27 22 -24 -25 25 26 -28 -29 -30 -31
leaf_value=-0.00018660035353564887 0.00012005005896716866 4.8471203287398793e-05 -0.00040147409659562985 0.00019938046319931113 -0.00064513296194079999 -0.00020925375103391001 0.00034258989880525887 -0.000108839125849433 0.00010810936112444991 -0.0004816979117735866 0.00015661477827324282 0.0020946588528679261 -0.00022954798179917633 -5.3890741148904795e-05 0.0014265499444057544 -0.00017792326351109359 0.00062299717342916483 0.0001304761416440538 4.271380116564903e-05 0.00079661839137255776 -0.001167844301906594 0.0001535442864229254 0.0011246445202591727 -0.00029220966975229207 -0.0003155765740042773 0.00015488055334385122 -0.00016263322133149228 -0.00040586682017956728 -3.7593989170383534e-06 0.0006620866811303806
leaf_weight=2536 446 37573 1000 10148 1018 3010 12928 16478 11979 105 6223 144 113 54550 210 8906 1114 5534 3269 106 228 313 418 4874 4263 1577 7210 2823 3155 485
leaf_count=2536 446 37573 1000 10148 1018 3010 12928 16478 11979 105 6223 144 113 54550 210 8906 1114 5534 3269 106 228 313 418 4874 4263 1577 7210 2823 3155 485
internal_value=-3.59684e-14 -1.61828e-05 2.41206e-06 8.55868e-05 -3.6733e-05 0.000105902 0.000182737 -3.56999e-05 0.000229817 0.000178271 0.000313447 0.000784912 -9.13933e-06 -1.21417e-05 0.000847172 -0.000225849 0.000254378 3.08348e-05 -0.00017107 -0.000353607 -0.000388472 0.000559309 0.000708838 -0.000150697 -0.000130768 -0.000174225 -0.000105649 -0.000462809 -9.94789e-05 0.000193161
internal_weight=202736 185864 165942 52144 23082 13158 29062 113798 24907 16872 8802 980 92446 92123 323 9924 7822 8070 19922 3603 3497 836 731 21352 16319 13050 8787 3051 4155 6708
internal_count=202736 185864 165942 52144 23082 13158 29062 113798 24907 16872 8802 980 92446 92123 323 9924 7822 8070 19922 3603 3497 836 731 21352 16319 13050 8787 3051 4155 6708
is_linear=0
shrinkage=0.02


Tree=183
num_leaves=31
num_cat=0
split_feature=43 10 6 14 44 14 14 10 7 9 14 44 17 44 5 13 9 41 10 6 45 5 44 9 5 13 13 9 14 10
split_gain=1.43149 1.05489 1.38539 2.1882 1.05556 1.01089 0.97637 0.948043 0.910285 0.790407 0.769215 0.678084 0.58391 0.571194 0.484281 0.507371 0.611289 0.45066 0.444775 0.630684 0.443588 0.429294 0.418479 0.380272 0.379118 0.45517 0.376025 0.358725 0.339777 0.314907
threshold=10.760000000002039 -2.8685000000000165 -0.49360000000000032 1.1100500000000013 -0.15545151304991087 0.28980000000000117 0.79136666666666755 104.706 1.0085157410481429 -28.497999999999994 3.1651000000000011 -1.6223574671384393 0.59605311562714625 2.597237872002077 -0.27360000000000068 0.4102000000000024 22.350500000000007 74.496644293258726 57.764499999999991 -0.73481666666666701 0.070411094637924304 -0.11399999999999878 0.77960840754359018 55.303000000000004 -1.4863999999999982 0.94383333333333386 0.55066666666666697 -47.567499999999988 1.5994166666666678 -19.777000000000012
decision_type=2 2 2 2 2 2 2 2 2 2 2 2 2 2 2 2 2 2 2 2 2 2 2 2 2 2 2 2 2 2
left_child=1 2 24 4 5 -4 -6 9 11 -3 17 29 21 28 -13 -16 -17 -10 19 20 -12 -11 -21 -14 -1 27 -9 -26 -5 -2
right_child=8 7 3 13 6 -7 -8 26 10 12 18 14 23 -15 15 16 -18 -19 -20 22 -22 -23 -24 -25 25 -27 -28 -29 -30 -31
leaf_value=-0.00082107178799524657 -0.0011764331548792227 0.00096749315936270938 -1.3865169382604902e-05 0.0005732386332701491 -8.8679971128896411e-05 0.00017599741266689732 0.0002762583728506368 0.0015974388481117786 3.9239042919054481e-05 -0.00013750962900468424 3.1322229557480503e-05 3.852879209010023e-05 -0.00015932794761277656 -0.00029433722094993346 6.5031241935465918e-05 0.00054053431398576009 -0.00023009276453384689 -0.00030102659985399951 -0.0002741128818506824 0.00018771428312006259 0.0012311140208663912 -1.5147383277470577e-05 0.0014674935617294239 0.00091690069612399602 -0.001437680121185104 -9.8241859631219659e-06 0.00037631828902279571 -0.00040747353151241854 0.0011360405262302027 9.7108143951288233e-05
leaf_weight=594 176 293 20072 1903 31265 25427 3236 174 9857 14673 671 1837 25656 255 1444 5508 445 1849 282 138 151 52520 394 132 151 1408 240 1292 554 139
leaf_count=594 176 293 20072 1903 31265 25427 3236 174 9857 14673 671 1837 25656 255 1444 5508 445 1849 282 138 151 52520 394 132 151 1408 240 1292 554 139
internal_value=-5.78489e-14 -1.89602e-05 3.15502e-05 4.79176e-05 2.89772e-05 9.2239e-05 -5.44508e-05 -6.54103e-05 0.000148962 -6.96489e-05 4.22646e-05 0.000298042 -7.29171e-05 0.000606631 0.00032917 0.000401349 0.000482928 -1.4507e-05 0.00044848 0.000598975 0.000251722 -4.18677e-05 0.00113552 -0.000153819 -0.000361421 -0.000265653 0.000889543 -0.000515278 0.000700138 -0.000614458
internal_weight=202736 179845 86157 82712 80000 45499 34501 93688 22891 93274 13342 9549 92981 2712 9234 7397 5953 11706 1636 1354 822 67193 532 25788 3445 2851 414 1443 2457 315
internal_count=202736 179845 86157 82712 80000 45499 34501 93688 22891 93274 13342 9549 92981 2712 9234 7397 5953 11706 1636 1354 822 67193 532 25788 3445 2851 414 1443 2457 315
is_linear=0
shrinkage=0.02


Tree=184
num_leaves=31
num_cat=0
split_feature=34 45 5 41 41 14 10 6 6 10 10 5 10 36 45 5 12 17 42 45 15 12 39 45 14 5 10 5 45 16
split_gain=1.40946 1.44802 1.35951 1.23425 0.999495 1.01281 0.912423 0.845754 0.67283 0.670078 0.644059 0.589927 0.522022 0.512793 0.479654 0.46553 0.524898 0.465041 0.444654 0.419789 0.413992 0.401589 0.389708 0.376657 0.312629 0.531484 0.3231 0.272423 0.274982 0.266921
threshold=-0.015577675985557123 0.042161756552644855 -0.21319999999999981 24.955907740178521 82.735042733566246 0.4190000000000012 4.6739999999999915 -0.55223333333333302 -0.266633333333334 -101.7825 -34.009000000000015 -0.47639999999999938 82.286500000000004 34.500000000000007 0.078478056453778297 -0.10529999999999839 0.98780000000000401 0.49024633156922909 0.12564897806202924 0.072460296408940902 6.0170479446330107 0.38480000000000797 -4.4999999999999991 0.076643400449091403 1.4308666666666683 -0.56974999999999998 57.764499999999991 -0.29609999999999909 0.021502557962983615 0.43546488806331984
decision_type=2 2 2 2 2 2 2 2 2 2 2 2 2 2 2 2 2 2 2 2 2 2 2 2 2 2 2 2 2 2
left_child=1 9 24 13 5 12 8 -8 -7 15 22 -12 17 14 20 16 -1 -4 29 -13 -3 -6 -5 -24 25 -2 -27 28 -20 -11
right_child=2 3 4 10 21 6 7 -9 -10 18 11 19 -14 -15 -16 -17 -18 -19 27 -21 -22 -23 23 -25 -26 26 -28 -29 -30 -31
leaf_value=-0.00083160545838278119 -0.00051111464226488246 -2.492966518990474e-05 -1.0939629453944232e-05 -0.00042991950229572299 -7.9513839130053999e-05 -9.8754279168006837e-05 0.001578116188457264 -2.777081711168282e-05 0.00019487943640444352 -0.00024713708531857569 -0.00011047594527431129 0.00023249434397627796 0.0010316599844468778 0.0004540172873277416 0.0003337995099979753 0.0013700557835664685 0.00077029641776386166 -0.00012933915527995064 -0.00039857686599379402 0.00055768336376757564 -0.0011047889719823919 -0.00028032754688687994 0.00052317819319260819 0.0011979556865003909 4.6808241304224828e-05 -0.00020000569986451772 0.00044941601512162754 9.2062868769151373e-05 3.7404142892567228e-05 -4.6750012670330677e-05
leaf_weight=127 2369 10273 52532 154 10938 3590 132 21166 23915 4811 1630 7505 182 1136 1583 220 230 17754 1010 2014 144 6265 2931 373 1731 11275 315 9132 1355 5944
leaf_count=127 2369 10273 52532 154 10938 3590 132 21166 23915 4811 1630 7505 182 1136 1583 220 230 17754 1010 2014 144 6265 2931 373 1731 11275 315 9132 1355 5944
internal_value=-4.39067e-14 9.14727e-05 -3.04011e-05 0.000188552 -1.01313e-05 1.04243e-05 8.04567e-05 -1.78179e-05 0.000156554 -2.65037e-05 0.000315057 0.000241095 -3.80769e-05 4.78819e-05 9.43438e-06 0.000646389 0.000200432 -4.08469e-05 -4.3952e-05 0.000301297 -3.98572e-05 -0.000152646 0.000553518 0.000599356 -0.000206712 -0.000238149 -0.000182355 4.25188e-05 -0.000148786 -0.000136389
internal_weight=202736 50572 152164 27743 136474 119271 48803 21298 27505 22829 14607 11149 70468 13136 12000 577 357 70286 22252 9519 10417 17203 3458 3304 15690 13959 11590 11497 2365 10755
internal_count=202736 50572 152164 27743 136474 119271 48803 21298 27505 22829 14607 11149 70468 13136 12000 577 357 70286 22252 9519 10417 17203 3458 3304 15690 13959 11590 11497 2365 10755
is_linear=0
shrinkage=0.02


Tree=185
num_leaves=31
num_cat=0
split_feature=24 34 5 29 14 10 10 6 17 6 10 34 5 23 41 17 44 9 12 14 10 10 34 7 44 44 44 21 34 34
split_gain=1.37343 1.04111 1.62849 0.998559 0.751416 0.733988 0.748556 0.703792 0.6291 0.581463 0.91927 0.522094 0.503114 0.420933 0.358826 0.341518 0.295827 0.279369 0.262019 0.253749 0.437037 0.361942 0.240446 0.222777 0.230661 0.217593 0.203466 0.199937 0.197953 0.179963
threshold=0.2000000000043656 0.012962607989667283 0.17770000000000133 0.019074654836959141 0.65630000000000144 -5.4410000000000132 104.706 -0.25908333333333367 1.046747009610512 -0.35843333333333355 0.64899999999998736 -0.05842326121061308 -0.13609999999999897 1.7500000000000002 86.434108522456 5.0812882086773348 3.6600125406477528 -6.0260000000000007 0.65060000000000662 1.9310500000000015 -76.424999999999997 -34.009000000000015 0.00079869312406794044 2.1344133260463911 -1.0908369750274989 -1.5462308567252772 -0.64451130320852501 -18.799999999995631 0.0084970800884962786 0.040521019598651481
decision_type=2 2 2 2 2 2 2 2 2 2 2 2 2 2 2 2 2 2 2 2 2 2 2 2 2 2 2 2 2 2
left_child=1 2 3 5 23 7 -7 -1 12 18 -11 16 26 14 -14 17 -2 25 -6 20 -19 -21 -5 24 -4 -13 -3 -10 -27 -29
right_child=11 8 4 22 9 6 -8 -9 27 10 -12 15 13 -15 -16 -17 -18 19 -20 21 -22 -23 -24 -25 -26 28 -28 29 -30 -31
leaf_value=-0.00011957789244136211 0.00061535440742298958 -2.719285647410959e-05 0.00033044020033118316 0.00055299445241965665 -0.00045664664923634308 -7.2050760919924241e-05 0.00098524429840207229 6.7593816574081358e-05 0.00036062026052758933 0.00079290059932058418 0.0002155517132612474 -0.00029197586353356934 -1.0335294507349895e-05 0.00034880248571958456 -0.00016635081759084995 -9.6646936916237663e-05 -0.00027191327138898706 0.00096604575698866566 0.00024874276954601376 -0.0010908830522773614 0.00011925015007861441 3.8832839348271385e-05 0.00019812870190347946 -0.00026387035098813925 8.1831322537113415e-05 0.00047914390588306866 -0.00038351935901563794 -0.00017200445794997665 0.00013084384768558493 -0.00033679413384192492
leaf_weight=9845 1504 873 1873 928 390 62662 269 43725 236 2146 2270 204 28559 1134 7431 1900 167 255 458 161 5547 384 4315 605 7354 2328 2412 7906 907 3988
leaf_count=9845 1504 873 1873 928 390 62662 269 43725 236 2146 2270 204 28559 1134 7431 1900 167 255 458 161 5547 384 4315 605 7354 2328 2412 7906 907 3988
internal_value=-8.25665e-14 -1.38247e-05 1.5232e-05 -9.0634e-06 0.000211166 -2.12146e-05 -6.75313e-05 3.31957e-05 -8.95042e-05 0.000404008 0.00049612 0.000196011 -5.15866e-05 -3.05941e-05 -4.25484e-05 0.000148728 0.000526681 0.000196368 -7.56698e-05 0.000117709 0.000156467 -0.0002949 0.000260939 0.000107919 0.000132297 0.000341541 -0.000288824 -0.00021582 0.000381491 -0.000227258
internal_weight=202736 189379 136840 121744 15096 116501 62931 53570 52539 5264 4416 13357 40409 37124 35990 11686 1671 9786 848 6347 5802 545 5243 9832 9227 3439 3285 12130 3235 11894
internal_count=202736 189379 136840 121744 15096 116501 62931 53570 52539 5264 4416 13357 40409 37124 35990 11686 1671 9786 848 6347 5802 545 5243 9832 9227 3439 3285 12130 3235 11894
is_linear=0
shrinkage=0.02


Tree=186
num_leaves=31
num_cat=0
split_feature=43 34 4 34 45 15 10 45 44 29 10 5 10 5 0 1 10 13 45 13 10 43 13 17 40 44 13 44 13 36
split_gain=1.35818 1.4221 1.52859 0.947065 0.907994 0.86807 0.691921 0.653155 0.645759 0.640697 0.618557 0.617887 0.515356 0.544499 0.504752 0.545193 0.496058 0.487537 0.447641 0.398452 0.390231 0.950099 0.382245 0.368567 0.366506 0.337684 0.241888 0.237635 0.404445 0.246843
threshold=4.8200000000026195 0.013250724932985221 -0.12379999999999684 -0.077864218579604044 0.065079365079300386 1.0909235078017845 104.706 0.039427130650176175 -0.12973570003388124 0.024872173664569622 -1.5490000000000184 -2.7461999999999964 11.433999999999978 -0.51939999999999942 -0.0069999999999999932 0.99999999911892579 41.135499999999986 0.50326666666666886 0.071075424605481177 1.938466666666667 -116.33499999999999 10.359999999999129 0.25120000000000159 0.45714092768839681 92.307692272275474 -0.89482373785314351 3.5299000000000018 3.6600125406477528 2.0466333333333342 63.500000000000007
decision_type=2 2 2 2 2 2 2 2 2 2 2 2 2 2 2 2 2 2 2 2 2 2 2 2 2 2 2 2 2 2
left_child=6 2 3 27 9 7 12 20 18 10 -4 -10 13 -1 23 -16 19 -6 -5 22 21 -3 -14 -15 -22 -19 -7 28 -2 -29
right_child=1 5 4 8 17 26 -8 -9 11 -11 -12 -13 16 14 15 -17 -18 25 -20 -21 24 -23 -24 -25 -26 -27 -28 29 -30 -31
leaf_value=-0.00030237121203433118 0.00028036926944992368 0.0023053176635546629 0.00024405440015898785 4.8927949153742426e-05 0.00023808203254936877 -0.00023069075701041139 0.0011972711835094021 -8.5652387430708405e-05 -0.0013261503263122657 0.00060997369637282267 3.9034937306149341e-05 -9.5199794776655737e-05 -7.4841246785342118e-05 9.930504083419838e-05 -0.00017134335910251307 -1.6203680734137009e-05 4.7716614417964947e-05 0.001141309853016405 0.00045771932018332819 0.00086802822655687728 0.00019998777475270735 2.5159120829640958e-05 -0.00023703667320624217 -4.6805559672866242e-05 -7.8370904722146684e-05 0.00054668992314091077 0.00013826295395872009 -0.00083514347183933886 0.00091665593548728719 0.00052837382305856093
leaf_weight=2688 1061 113 12313 10598 2031 9387 179 10341 165 1254 11278 14260 10337 20700 11729 39829 5736 461 1192 150 6578 207 13277 10363 2656 2230 769 112 641 101
leaf_count=2688 1061 113 12313 10598 2031 9387 179 10341 165 1254 11278 14260 10337 20700 11729 39829 5736 461 1192 150 6578 207 13277 10363 2656 2230 769 112 641 101
internal_value=1.11237e-13 5.92586e-05 0.000117366 1.18256e-05 0.000217776 -5.23053e-05 -4.52205e-05 2.44958e-05 -1.95393e-05 0.000169458 0.000146042 -0.00010928 -4.71577e-05 -2.224e-05 -1.31261e-05 -5.14966e-05 -0.000119216 0.000472005 9.02578e-05 -0.000159509 0.000143717 0.00083034 -0.000166036 5.05607e-05 0.000119923 0.000648555 -0.000202754 0.00044119 0.000520005 -0.000188593
internal_weight=202736 87748 57697 28130 29567 30051 114988 19895 26215 24845 23591 14425 114809 85309 82621 51558 29500 4722 11790 23764 9554 320 23614 31063 9234 2691 10156 1915 1702 213
internal_count=202736 87748 57697 28130 29567 30051 114988 19895 26215 24845 23591 14425 114809 85309 82621 51558 29500 4722 11790 23764 9554 320 23614 31063 9234 2691 10156 1915 1702 213
is_linear=0
shrinkage=0.02


Tree=187
num_leaves=31
num_cat=0
split_feature=14 10 14 6 14 6 13 10 10 9 10 9 10 45 9 10 43 15 15 9 45 5 45 43 10 13 41 10 9 5
split_gain=1.32809 1.05719 1.05449 1.34724 0.944059 1.07905 0.899369 0.81415 0.811927 1.17834 0.773725 0.704593 0.890676 0.646996 0.640583 0.640006 0.630404 1.15441 0.616321 0.531061 0.783033 0.442848 0.346384 0.769753 0.471696 0.35063 0.366977 0.293892 0.299396 0.275703
threshold=3.1651000000000011 -2.8685000000000165 0.28980000000000117 -0.266633333333334 1.008283333333335 0.41516666666666652 1.8468333333333347 -31.238000000000017 57.764499999999991 -47.567499999999988 91.561999999999998 -23.175499999999992 13.426999999999987 0.017423086361022227 -9.2284999999999879 -166.39949999999996 14.420000000002622 1.0909235078017845 1.2914632200777822 12.143500000000008 0.019484403948367948 -1.4863999999999982 0.04519090992865981 14.420000000002622 -11.276500000000011 2.0466333333333342 63.512544802232263 -64.497 -6.1529999999999907 -0.97099999999999775
decision_type=2 2 2 2 2 2 2 2 2 2 2 2 2 2 2 2 2 2 2 2 2 2 2 2 2 2 2 2 2 2
left_child=1 2 27 7 5 -5 -6 14 9 15 11 12 -3 -14 -4 -2 18 -18 -13 20 -12 -9 25 -24 -25 -11 -27 28 -1 -17
right_child=8 10 3 4 6 -7 -8 21 -10 22 19 16 13 -15 -16 29 17 -19 -20 -21 -22 -23 23 24 -26 26 -28 -29 -30 -31
leaf_value=0.00048887176270882534 0.0008206958429753554 -0.00034054204320000281 -4.1918603885243358e-06 0.00011369499107688348 0.00051266556584607392 -0.00074477420656601822 -0.00012467944325833278 -0.00078266048064317805 -0.00029885670255554864 -9.9005145750617472e-05 -0.00033198056584049209 -5.3628863254979173e-05 -0.00037517891693860295 0.0014275616399251293 0.00059082830549048876 -0.00065215915794753431 0.00070302959601005097 -5.3418770853353868e-05 -0.00021696048096046726 -0.00010965389152085779 0.0010642295703572251 -0.00019215486860314158 0.0030801807381031871 0.0017202680611628151 0.00023408617565615311 0.00062980394685067801 0.0020376985666402821 -4.7800384043225704e-05 -0.00070870420187846967 0.00017709441945355919
leaf_weight=101 393 288 5947 47368 4305 593 1115 550 449 130 213 86606 100 391 824 296 1206 2439 10345 477 654 6653 103 210 144 208 115 29681 482 350
leaf_count=101 393 288 5947 47368 4305 593 1115 550 449 130 213 86606 100 391 824 296 1206 2439 10345 477 654 6653 103 210 144 208 115 29681 482 350
internal_value=-5.45206e-14 -5.60043e-06 4.1528e-05 8.55899e-05 0.000131355 0.000103081 0.000381551 -8.9234e-05 0.000467881 0.000644518 -5.03889e-05 -5.67091e-05 0.000542468 0.0010604 6.82194e-05 0.00018429 -6.13491e-05 0.000196863 -7.10569e-05 0.000426331 0.000721216 -0.000237244 0.00116999 0.00155848 0.00111572 0.000778066 0.00113107 -5.65352e-05 -0.000501234 -0.000202873
internal_weight=202736 200338 97619 67355 53381 47961 5420 13974 2398 1949 102719 101375 779 491 6771 1039 100596 3645 96951 1344 867 7203 910 457 354 453 323 30264 583 646
internal_count=202736 200338 97619 67355 53381 47961 5420 13974 2398 1949 102719 101375 779 491 6771 1039 100596 3645 96951 1344 867 7203 910 457 354 453 323 30264 583 646
is_linear=0
shrinkage=0.02


Tree=188
num_leaves=31
num_cat=0
split_feature=34 45 45 42 9 41 43 5 41 43 34 32 41 7 43 44 34 9 4 34 31 9 13 45 32 9 31 12 5 43
split_gain=1.3204 2.06007 1.23878 1.19041 0.923918 0.788061 0.719835 0.686289 0.69704 0.685952 0.679739 0.76047 0.611848 0.559651 0.499106 0.476255 0.612391 0.53935 0.44841 0.428535 0.381098 0.370213 0.829042 0.363671 0.359268 0.350187 0.344343 0.332629 0.323928 0.30058
threshold=-0.004181939784246763 0.051360135937023245 0.068789173170331716 0.27373762237794691 0.33099999999998986 43.162966016728319 11.91999999999971 -0.16929999999999815 86.434108522456 3.2400000000008737 0.0020312408088233019 0.0018862223364245567 11.881188117747472 0.46034829205462385 7.3199999999968002 0.52416611102019528 -0.026807676893757782 -35.039999999999999 -0.41039999999999838 -0.046298457500455394 12.200000000004367 -26.471499999999999 1.5215666666666674 0.076643400449091403 -0.006956408459816329 -2.5559999999999961 9.5499999999956362 0.63380000000000336 0.16220000000000087 33.810000000000592
decision_type=2 2 2 2 2 2 2 2 2 2 2 2 2 2 2 2 2 2 2 2 2 2 2 2 2 2 2 2 2 2
left_child=1 5 7 4 6 15 12 -2 9 26 11 25 -3 -11 23 16 17 -1 -18 -6 -7 -17 -23 -5 -21 -4 -9 -10 -16 -8
right_child=2 3 10 14 19 20 29 8 27 13 -12 -13 -14 -15 28 21 18 -19 -20 24 -22 22 -24 -25 -26 -27 -28 -29 -30 -31
leaf_value=0.001287139691108267 -0.00017006412852478629 -0.00011324839460666696 0.00027781681666861279 0.00021365373353920373 0.00052171414904262259 9.4094600477804386e-05 0.0004223131460250864 -0.00010275078950617573 -9.9632588314748437e-05 0.00014271282036096243 -0.0002521317405346605 0.00063468893687512436 0.00017909206092274975 5.5739622605893226e-06 0.00047359889906066542 -0.00065952246618129903 -0.00034922710803257997 9.7199643805243968e-05 -4.6581211462163054e-05 -0.00043582107881270726 0.00054750087388196356 -0.00019290132416486928 0.00042933136959571588 0.00055866562490632489 -5.9390194707564788e-05 -0.00033749035839831653 3.3510191904248592e-05 -0.00039034238643309045 0.0010197244262061963 0.0012550373028695247
leaf_weight=155 10460 3714 558 7222 341 10652 2099 19764 7730 21957 14689 758 12508 25995 2189 582 2221 8957 16552 1734 797 10574 932 1471 2443 1098 11876 1977 542 189
leaf_count=155 10460 3714 558 7222 341 10652 2099 19764 7730 21957 14689 758 12508 25995 2189 582 2221 8957 16552 1734 797 10574 932 1471 2443 1098 11876 1977 542 189
internal_value=-9.41976e-14 5.9542e-05 -4.37534e-05 0.000179218 9.64138e-05 -2.06393e-05 0.000159001 -1.67914e-05 1.1621e-06 2.0676e-05 -0.000201018 0.000110005 0.000112161 6.83692e-05 0.000346131 -6.25414e-05 -1.70888e-05 0.000117441 -8.23867e-05 -0.000160004 0.000125658 -0.000167393 -0.0001425 0.000272035 -0.000215658 -0.000130159 -5.16055e-05 -0.000158841 0.000581984 0.0004911
internal_weight=202736 85874 116862 34452 23028 51422 18510 99759 89299 79592 17103 2414 16222 47952 11424 39973 27885 9112 18773 4518 11449 12088 11506 8693 4177 1656 31640 9707 2731 2288
internal_count=202736 85874 116862 34452 23028 51422 18510 99759 89299 79592 17103 2414 16222 47952 11424 39973 27885 9112 18773 4518 11449 12088 11506 8693 4177 1656 31640 9707 2731 2288
is_linear=0
shrinkage=0.02


Tree=189
num_leaves=31
num_cat=0
split_feature=24 44 10 10 9 10 5 13 5 6 43 44 10 10 45 9 9 10 44 44 41 44 31 6 42 45 36 29 10 29
split_gain=1.26737 0.966394 1.12491 0.819109 0.68746 0.751845 0.683691 0.762575 0.880868 0.588229 0.531315 0.4892 0.469937 0.671472 0.419296 0.896491 0.731464 0.405872 0.459097 0.391509 0.363257 0.306382 0.262684 0.23895 0.417319 0.361372 0.226432 0.251148 0.20772 0.206052
threshold=0.2000000000043656 1.5862500858195583 -8.2870000000000061 104.706 -23.175499999999992 13.426999999999987 -1.4863999999999982 0.41399999999999898 -0.0074999999999992894 -0.3891500000000005 12.319999999999711 -0.41212650489820046 -138.12749999999997 -116.33499999999999 0.052563635344036706 -4.6679999999999877 -23.175499999999992 -80.640000000000001 -0.95966706358650977 -0.21801431319790657 42.912249376056842 -1.3894720756244225 -85.54999999999562 -0.73481666666666701 0.49917240291787451 0.066912972085317671 19.500000000000004 -0.064975446326598338 -58.759000000000007 0.029740532051714123
decision_type=2 2 2 2 2 2 2 2 2 2 2 2 2 2 2 2 2 2 2 2 2 2 2 2 2 2 2 2 2 2
left_child=1 2 6 4 5 -4 22 9 -9 -8 -6 -5 -3 -14 16 -16 -15 18 21 20 -20 -2 -1 25 -25 -21 -19 -28 -24 -22
right_child=17 12 3 11 10 -7 7 8 -10 -11 -12 -13 13 14 15 -17 -18 26 19 23 29 -23 28 24 -26 -27 27 -29 -30 -31
leaf_value=0.00032783127038328531 0.00050637067344505343 0.00074640001073892715 -0.00017918288001355024 0.0011750776399713188 -5.4280359530849681e-05 0.0011173845192799499 -0.00057458042577645477 5.5990271214883781e-05 0.00028731098944541556 2.8069631735559371e-05 0.00019554641510491957 -0.00017280425293551339 -0.001637230762076797 -0.00071350640536343372 0.00021319903714309992 -0.000202854958485025 -0.00016342539946661888 0.00022420959872734562 0.00052894889295436757 -0.00021042900668168118 -0.0011248239196305462 0.0020024849193974992 -0.00017395269237140305 0.0012719669743700948 0.00026688780664516109 0.0010759739045146854 0.00035253527457793028 -1.7502996204681531e-05 -0.00090667957002446228 3.8515681229097749e-05
leaf_weight=128 100 239 310 353 98551 423 660 14910 11793 35198 3527 155 120 1046 3597 4885 12793 6497 179 290 149 121 234 344 318 125 887 4244 457 103
leaf_count=128 100 239 310 353 98551 423 660 14910 11793 35198 3527 155 120 1046 3597 4885 12793 6497 179 290 149 121 234 344 318 125 887 4244 457 103
internal_value=-1.09114e-13 -1.32802e-05 3.38444e-06 -3.73074e-05 -4.12659e-05 0.000569041 6.97184e-05 7.72341e-05 0.00015815 1.69773e-05 -4.56483e-05 0.000763814 -0.000135766 -0.000145161 -0.00013714 -2.64171e-05 -0.000205002 0.00018829 0.000474197 0.000349436 -0.000159976 0.00132551 -0.00050439 0.000553296 0.000789165 0.000177042 0.000145778 4.64658e-05 -0.000658549 -0.000649332
internal_weight=202736 189379 166699 103319 102811 733 63380 62561 26703 35858 102078 508 22680 22441 22321 8482 13839 13357 1729 1508 431 221 819 1077 662 415 11628 5131 691 252
internal_count=202736 189379 166699 103319 102811 733 63380 62561 26703 35858 102078 508 22680 22441 22321 8482 13839 13357 1729 1508 431 221 819 1077 662 415 11628 5131 691 252
is_linear=0
shrinkage=0.02


Tree=190
num_leaves=31
num_cat=0
split_feature=34 41 34 14 17 11 10 10 6 10 11 14 42 34 34 14 10 6 10 13 15 1 42 35 41 34 15 12 10 34
split_gain=1.26692 1.46864 0.943306 0.768212 0.830303 0.709752 0.623375 0.902967 0.613104 0.608027 0.552652 0.535394 0.534324 0.534253 0.522712 0.515646 0.498825 0.704792 0.602316 0.444224 0.380326 0.355029 0.320466 0.30079 0.274313 0.271585 0.421154 0.265253 0.252766 0.222321
threshold=-0.011182320915101998 32.251667251010524 -0.05112871521569394 3.1651000000000011 0.59605311562714625 0.23950000000000005 55.133999999999993 21.659499999999976 -0.23196666666666635 -5.4410000000000132 0.22650000000000006 0.30510000000000087 0.30425085346673458 0.040521019598651481 -0.024279693373350762 0.6446666666666665 10.83599999999999 -0.25908333333333367 42.282999999999987 0.3672000000000018 1.0909235078017845 1.0000000180025095e-35 0.056687037881019746 -3.9599999999991264 43.919258453706369 -0.10835613094779681 6.0170479446330107 0.50600000000000478 -56.553500000000007 -0.025757862091946946
decision_type=2 2 2 2 2 2 2 2 2 2 2 2 2 2 2 2 2 2 2 2 2 2 2 2 2 2 2 2 2 2
left_child=1 2 21 4 10 -6 7 -5 23 11 16 -10 14 15 -3 -7 17 -2 -18 -14 24 -1 -11 -4 -21 -23 -27 28 -16 -25
right_child=3 12 8 6 5 13 -8 -9 9 22 -12 -13 19 -15 27 -17 18 -19 -20 20 -22 25 -24 29 -26 26 -28 -29 -30 -31
leaf_value=-1.2361162037298978e-05 -0.00028561794102137161 0.00026911954232401443 -0.00048391932989011319 0.00046927067705987565 -0.00045396582940426095 -0.00011202801060899619 -0.00026535390780823632 0.0022359718843996661 -4.3982345082248312e-05 -0.00022620778092500321 0.00014245186447369289 0.00023795691781677345 0.00011444924298577304 -0.00026186590045025664 0.00078928249791017358 6.4359970712477872e-05 -0.00014416238289559764 2.3364336770274816e-05 0.00010153071787083523 0.00036255462581269378 0.00017262586090879023 0.00066830408566891835 -2.598779382252107e-05 -5.4416659525622038e-05 0.00068709875516163323 0.00028839932311731454 -0.00059351750249937827 -0.00011569126339835642 8.4735872594932557e-05 -0.00035632284933222305
leaf_weight=2054 3104 6169 1437 776 2316 22584 345 136 5014 4697 9052 5823 2793 6292 211 9384 20518 60675 4955 2090 1745 691 10017 3039 2077 3998 229 3203 5875 1437
leaf_count=2054 3104 6169 1437 776 2316 22584 345 136 5014 4697 9052 5823 2793 6292 211 9384 20518 60675 4955 2090 1745 691 10017 3039 2077 3998 229 3203 5875 1437
internal_value=4.81157e-14 7.48051e-05 -2.00356e-06 -3.34153e-05 -3.78703e-05 -0.000113987 0.00045879 0.000732726 -4.86436e-05 -6.17283e-06 -6.45235e-06 0.000107511 0.000196984 -9.34069e-05 0.000126407 -6.02505e-05 -2.15543e-05 8.32677e-06 -9.63702e-05 0.000322313 0.000420513 0.000208479 -8.9902e-05 -0.000232166 0.00052432 0.000300712 0.000240621 3.16291e-05 0.000109162 -0.000151342
internal_weight=202736 62599 38436 140137 138880 40576 1257 912 31464 25551 98304 10837 24163 38260 15458 31968 89252 63779 25473 8705 5912 6972 14714 5913 4167 4918 4227 9289 6086 4476
internal_count=202736 62599 38436 140137 138880 40576 1257 912 31464 25551 98304 10837 24163 38260 15458 31968 89252 63779 25473 8705 5912 6972 14714 5913 4167 4918 4227 9289 6086 4476
is_linear=0
shrinkage=0.02


Tree=191
num_leaves=31
num_cat=0
split_feature=34 5 9 45 45 6 9 10 11 34 10 14 31 9 42 10 9 45 10 34 42 14 5 10 5 14 5 22 10 9
split_gain=1.22768 1.22507 1.06842 1.88809 1.40146 1.37148 1.07112 0.972096 0.8776 0.825632 0.785233 0.642047 0.516609 0.55577 0.504965 0.488365 0.690747 0.487704 0.371806 0.357782 0.783012 0.331826 0.393278 0.32569 0.315975 0.380236 0.300936 0.247493 0.233211 0.390867
threshold=-0.0330218690192755 -0.27360000000000068 0.26400000000000418 0.030331062995169644 0.033189892578358263 0.1384333333333336 5.7120000000000051 16.57449999999999 0.28950000000000009 0.019948714208226186 82.286500000000004 0.56763333333333454 15.400000000001457 -23.175499999999992 0.10803979490937397 -101.7825 -8.0744999999999898 0.042161756552644855 -27.620500000000018 0.0014187732269264088 0.35372703248197873 1.7400000000000009 -1.8697499999999989 43.516499999999986 -0.56974999999999998 1.4832666666666674 0.33930000000000021 0.96296296293806061 -31.858500000000017 -8.8284999999999929
decision_type=2 2 2 2 2 2 2 2 2 2 2 2 2 2 2 2 2 2 2 2 2 2 2 2 2 2 2 2 2 2
left_child=8 24 4 6 12 10 11 -8 14 -7 -6 -4 18 -14 -1 16 21 -17 -3 20 -5 -10 -23 -21 25 -2 27 -19 29 -26
right_child=1 2 3 19 5 9 7 -9 15 -11 -12 -13 13 -15 -16 17 -18 26 -20 23 -22 22 -24 -25 28 -27 -28 -29 -30 -31
leaf_value=-0.00016115519314775637 -0.0003838176539480409 6.9736899944918525e-05 -5.1425961752165134e-05 -0.0001445024563635536 9.4493955995149002e-05 0.00091983360048034232 0.00041832682678462298 1.7765602490886435e-05 -0.00049965577334049158 0.00012411734252373743 0.0012712787461146436 0.00029628477357776506 -0.00046146348541326266 0.00011290943640843936 0.0001292823254529583 5.2678419923501583e-05 0.0018674776963421098 0.00046385391683652013 -0.00014020769204223788 -0.00016718100170652384 0.00013176380299835571 7.8296828604349018e-05 0.0009863339592955764 2.9039874037060505e-05 0.00030676686287112534 6.0471437044736695e-06 0.0012022386252498966 0.0002007612571812893 -0.0001568646763609434 -0.00020333939628519018
leaf_weight=4114 4391 4152 16058 10804 43496 1350 5825 4150 125 850 228 2448 726 9382 5729 3990 164 2526 18011 35503 6617 326 460 3740 1250 1296 157 3297 10414 1157
leaf_count=4114 4391 4152 16058 10804 43496 1350 5825 4150 125 850 228 2448 726 9382 5729 3990 164 2526 18011 35503 6617 326 460 3740 1250 1296 157 3297 10414 1157
internal_value=-6.86468e-14 -1.66802e-05 7.93701e-07 -4.82254e-05 5.41697e-05 0.000125147 8.46174e-05 0.000251677 0.000145215 0.000612398 0.00010063 -5.43029e-06 -4.68358e-05 7.16555e-05 7.89048e-06 0.000267595 0.000672603 0.000223926 -0.000100877 -0.000114996 -3.95685e-05 0.000457499 0.000609718 -0.00014848 -0.000170894 -0.000294972 0.000338187 0.00031489 -0.000115856 6.15683e-05
internal_weight=202736 181848 163340 85145 78195 45924 28481 9975 20888 2200 43724 18506 32271 10108 9843 11045 1075 9970 22163 56664 17421 911 786 39243 18508 5687 5980 5823 12821 2407
internal_count=202736 181848 163340 85145 78195 45924 28481 9975 20888 2200 43724 18506 32271 10108 9843 11045 1075 9970 22163 56664 17421 911 786 39243 18508 5687 5980 5823 12821 2407
is_linear=0
shrinkage=0.02


Tree=192
num_leaves=31
num_cat=0
split_feature=34 45 41 45 10 14 7 43 41 34 32 6 5 14 34 5 41 10 6 14 14 29 10 5 7 12 45 6 14 12
split_gain=1.19713 1.96413 1.24756 1.16611 0.852168 0.755167 0.755466 0.678655 0.653055 0.641568 1.07145 0.671427 0.6382 0.528329 0.518215 0.675795 0.546157 0.503514 0.534928 0.804647 0.536393 0.461938 0.44356 0.440915 0.36289 0.355799 0.351447 0.340278 0.316437 0.303733
threshold=-0.004181939784246763 0.069757284438060743 42.181818180206456 0.068789173170331716 -101.7825 1.1100500000000013 0.70270904340858886 3.8199999999967988 29.331434820295112 0.0047955310433470824 0.0021765785691295688 -0.1383999999999998 -0.10529999999999839 2.1761666666666684 -0.025757862091946946 -0.25320000000000048 19.833848063570411 57.764499999999991 -0.73481666666666701 3.1651000000000011 3.7055333333333342 0.010318062796710327 61.751999999999988 -0.42394999999999811 0.34341330783697915 1.6722000000000063 0.047329919044395839 0.0089999999999992985 0.35856666666666714 0.69560000000000521
decision_type=2 2 2 2 2 2 2 2 2 2 2 2 2 2 2 2 2 2 2 2 2 2 2 2 2 2 2 2 2 2
left_child=1 2 4 5 12 6 7 -2 -3 10 -5 -11 29 23 16 -16 -6 18 20 -20 -7 26 25 -10 -9 -8 -4 -14 -25 -1
right_child=3 8 21 9 14 17 22 24 13 11 -12 -13 27 -15 15 -17 -18 -19 19 -21 -22 -23 -24 28 -26 -27 -28 -29 -30 -31
leaf_value=-0.00076318607076045566 -5.185169843724155e-05 0.0001483494081762114 5.8841503420123968e-05 -0.00018042448907141758 -8.4817935225297295e-05 -0.0006106309032146021 -0.00012276028478326809 0.00014329459013594177 -0.00010127570193424423 -0.00086120781027571426 0.00058756445767864103 -0.00022352157852650271 0.00076553064900320117 0.0011833221163688819 -0.00027931478741678771 -4.7908037513233408e-05 0.00011489785566023049 -0.00023172606815179464 0.00022213685114192062 0.0011256178240312564 0.00045204370112851967 0.00047238649462115072 0.00040183253268826906 0.00025653139442187092 -1.3249374710827582e-06 -0.00039256989607584412 0.00025412972808854179 0.0021288816627781934 0.00057712773433586889 0.0003692567675610143
leaf_weight=109 41218 6751 10308 2439 9412 566 19019 14892 655 696 1035 12933 193 354 6311 25225 13101 1139 6444 420 286 1733 598 2044 12998 2179 5738 118 3098 724
leaf_count=109 41218 6751 10308 2439 9412 566 19019 14892 655 696 1035 12933 193 354 6311 25225 13101 1139 6444 420 286 1733 598 2044 12998 2179 5738 118 3098 724
internal_value=7.29768e-14 5.66945e-05 1.64752e-05 -4.1661e-05 -3.04596e-05 -1.55019e-05 -3.26762e-05 -2.96663e-07 0.00028417 -0.000194243 4.83805e-05 -0.000256087 0.000509712 0.000433239 -4.18928e-05 -9.42173e-05 3.14028e-05 0.000160806 0.00021875 0.00027742 -0.000253911 0.000162179 -0.000135341 0.000387434 7.58954e-05 -0.000150495 0.000128676 0.00128281 0.000449687 0.000221074
internal_weight=202736 85874 72972 116862 55193 99759 90904 69108 12902 17103 3474 13629 1144 6151 54049 31536 22513 8855 7716 6864 852 17779 21796 5797 27890 21198 16046 311 5142 833
internal_count=202736 85874 72972 116862 55193 99759 90904 69108 12902 17103 3474 13629 1144 6151 54049 31536 22513 8855 7716 6864 852 17779 21796 5797 27890 21198 16046 311 5142 833
is_linear=0
shrinkage=0.02


Tree=193
num_leaves=31
num_cat=0
split_feature=34 41 5 14 9 44 6 45 44 45 34 45 9 45 45 14 6 44 14 45 44 44 43 15 45 42 4 5 14 5
split_gain=1.16297 1.26989 1.23665 0.854074 1.26808 1.17338 1.20083 0.79562 0.791488 0.744423 0.738722 0.69853 0.5732 0.788393 0.572595 0.504406 0.492318 0.488842 0.423724 0.392581 0.446781 0.39136 0.345239 0.536299 0.334177 0.292098 0.287481 0.286512 0.277937 0.47291
threshold=-0.015577675985557123 32.251667251010524 -0.21319999999999981 0.6034166666666676 9.1255000000000077 1.5862500858195583 0.11071666666666663 0.078478056453778297 -0.82926754384568968 0.042161756552644855 -0.05842326121061308 0.017065073041138568 -1.8710000000000024 0.022175141242939515 0.059217563739495278 3.1651000000000011 -0.23196666666666635 -1.1871706919936587 2.5471500000000016 0.074681466833702956 0.22035322461881265 3.6600125406477528 1.8400000000008732 0.38448010351460177 0.046112632898555529 0.17741630528023813 -2.4085999999999967 -0.49749999999999966 1.4308666666666683 -0.56974999999999998
decision_type=2 2 2 2 2 2 2 2 2 2 2 2 2 2 2 2 2 2 2 2 2 2 2 2 2 2 2 2 2 2
left_child=1 7 28 8 5 6 -5 10 22 -3 17 -6 14 -14 -10 -13 26 27 -7 20 -11 -19 -4 -24 -18 -22 -12 -1 29 -2
right_child=2 9 3 4 11 18 -8 -9 12 19 16 15 13 -15 -16 -17 24 21 -20 -21 25 -23 23 -25 -26 -27 -28 -29 -30 -31
leaf_value=0.0002844578891817946 -0.00048289765720716757 8.1905878699934601e-05 -4.4728835246596004e-05 0.00014216888165884687 0.00035117308441725263 -0.00016389035049001486 0.0005224093847292832 0.00038274264207876037 -4.5730060631055052e-05 0.00043859162811380956 -0.00080634885865259632 -0.00016446597296575056 2.3714664509496921e-05 -0.00016264532557885026 0.00019525966217310168 0.00055898734679045502 -7.684188852124408e-05 0.00021057513771637244 0.00055306677494949114 0.00066421488733072517 -0.00012686666484111437 -0.00053007266209657985 0.00016730939498083784 -2.8669876716874384e-05 8.4889512183375336e-05 0.00025598832589177468 -0.00018247593412604732 0.0014125596373500214 4.3269273567317496e-05 -0.00017278312761433512
leaf_weight=160 2369 7818 12105 10247 1325 4044 4916 2169 17717 4035 312 9970 12268 34945 5073 401 12088 4051 359 1341 1172 307 13651 9453 8853 2492 5568 206 1731 11590
leaf_count=160 2369 7818 12105 10247 1325 4044 4916 2169 17717 4035 312 9970 12268 34945 5073 401 12088 4051 359 1341 1172 307 13651 9453 8853 2492 5568 206 1731 11590
internal_value=8.68914e-14 8.30902e-05 -2.76152e-05 -8.28286e-06 8.35033e-05 0.000181986 0.000265447 1.22214e-05 -3.55556e-05 0.000224819 -1.32552e-05 -8.12472e-05 -7.4459e-05 -0.000114221 7.91368e-06 -0.000136493 -5.38736e-05 0.00021736 -0.000105433 0.000348414 0.000293409 0.0001584 4.17928e-05 8.71245e-05 -8.46845e-06 0.000133525 -0.000215579 0.0009194 -0.000195771 -0.000225413
internal_weight=202736 50572 152164 136474 31262 19566 15163 33714 105212 16858 31545 11696 70003 47213 22790 10371 26821 4724 4403 9040 7699 4358 35209 23104 20941 3664 5880 366 15690 13959
internal_count=202736 50572 152164 136474 31262 19566 15163 33714 105212 16858 31545 11696 70003 47213 22790 10371 26821 4724 4403 9040 7699 4358 35209 23104 20941 3664 5880 366 15690 13959
is_linear=0
shrinkage=0.02


Tree=194
num_leaves=31
num_cat=0
split_feature=24 44 14 5 9 6 44 45 10 10 10 14 6 10 10 34 34 14 10 44 9 34 4 10 15 44 34 10 43 20
split_gain=1.14549 0.932737 1.14006 1.17541 1.43839 0.978003 0.802782 0.757487 0.663892 0.862558 0.58838 0.530324 0.642457 0.472795 0.458524 0.415091 0.414873 0.60319 0.552379 0.358409 0.347407 0.33127 0.318039 0.380182 0.310347 0.269476 0.256156 0.217386 0.215603 0.184566
threshold=0.2000000000043656 1.5862500858195583 0.6446666666666665 -0.20850000000000049 8.8975000000000026 0.056233333333333482 -0.83950811708194639 0.027453382211206429 11.767499999999986 55.133999999999993 -80.640000000000001 3.7055333333333342 -1.2029666666666667 -18.221000000000021 42.282999999999987 -0.05842326121061308 0.022854074869047725 1.1559000000000015 -80.640000000000001 2.2891819201307584 4.7780000000000138 -0.05842326121061308 -0.12739999999999693 -41.707000000000015 1.6853279799422938 3.6600125406477528 -0.05842326121061308 -166.39949999999996 23.319999999999713 8.400000000001457
decision_type=2 2 2 2 2 2 2 2 2 2 2 2 2 2 2 2 2 2 2 2 2 2 2 2 2 2 2 2 2 2
left_child=1 2 6 22 5 -5 13 -6 10 -10 -8 12 21 20 -15 25 17 -14 -18 -13 -1 -3 26 -24 -17 28 -4 -26 -2 -21
right_child=15 11 3 4 7 -7 8 -9 9 -11 -12 19 16 14 -16 24 18 -19 -20 29 -22 -23 23 -25 27 -27 -28 -29 -30 -31
leaf_value=0.00012766294818445243 0.00041949572956034289 6.0887193074449893e-06 0.00013639134920494136 0.00018718880704933589 0.00030841270019652954 0.0005289076439896317 -0.00070580042154605362 -0.00014654800318808042 -0.00018804298391066225 0.00029437713221415154 -2.0564303016224934e-05 0.0013090462414571721 -0.00014175191494783873 -3.9240302314911488e-06 0.00031091674044068652 0.00019568095590970696 -0.0014362202986197808 0.00017636289979236925 -0.00025339034241247428 -0.00038778014837776147 0.00049833820962539395 -0.0013421223457832563 0.000500925617281484 -2.522684209845528e-05 0.00060277350951399005 -0.00028834667764113508 -0.00019610228448356748 -9.054291338880139e-05 0.000971046119920988 0.00044996237792179199
leaf_weight=8285 1125 100 1099 9663 1962 5128 505 5765 20189 1600 67141 146 13557 33343 1959 8814 163 2893 5073 156 1152 269 725 2267 194 167 5916 2678 379 323
leaf_count=8285 1125 100 1099 9663 1962 5128 505 5765 20189 1600 67141 146 13557 33343 1959 8814 163 2893 5073 156 1152 269 725 2267 194 167 5916 2678 379 323
internal_value=4.28158e-14 -1.26255e-05 3.7464e-06 0.000109978 0.000190128 0.000305662 -2.20051e-05 -3.10267e-05 -5.66057e-05 -0.000152618 -2.56798e-05 -0.00013296 -0.00014924 4.71629e-05 1.35473e-05 0.000179007 -0.000135159 -8.58063e-05 -0.000290213 0.000441544 0.000172912 -0.000976753 -7.03773e-05 0.000102267 0.000136847 0.000473851 -0.000144012 -4.37103e-05 0.000558483 0.000177128
internal_weight=202736 189379 166699 32525 22518 14791 134174 7727 89435 21789 67646 22680 22055 44739 35302 13357 21686 16450 5236 625 9437 369 10007 2992 11686 1671 7015 2872 1504 479
internal_count=202736 189379 166699 32525 22518 14791 134174 7727 89435 21789 67646 22680 22055 44739 35302 13357 21686 16450 5236 625 9437 369 10007 2992 11686 1671 7015 2872 1504 479
is_linear=0
shrinkage=0.02


Tree=195
num_leaves=31
num_cat=0
split_feature=43 34 4 34 13 5 7 10 9 9 44 5 10 6 10 9 45 6 9 45 43 10 44 10 41 13 45 44 29 10
split_gain=1.11863 1.23816 1.3217 0.796079 0.703849 0.756756 0.673958 0.617957 0.595381 0.680273 0.587954 0.569173 0.523562 0.508302 0.503369 1.00318 0.475782 0.414769 0.479461 0.376721 0.370599 0.393587 0.356655 0.344773 0.32485 0.296074 0.292865 0.350246 0.286504 0.284255
threshold=4.8200000000026195 0.01846981702454616 -0.12379999999999684 -0.077864218579604044 0.70893333333333497 0.14500000000000055 0.53729926467950551 104.706 -39.987999999999978 1.5260000000000027 -0.12973570003388124 -2.7461999999999964 -89.687499999999986 -0.73481666666666701 11.767499999999986 -19.214999999999989 0.048481319661231488 -0.20428333333333357 -3.5829999999999829 0.071075424605481177 9.7599999999962179 1.0000000180025095e-35 -0.81930252960381511 -166.39949999999996 85.0934003286646 0.99226666666666707 0.047329919044395839 0.38459478960569654 0.032118037878514645 -31.858500000000017
decision_type=2 2 2 2 2 2 2 2 2 2 2 2 2 2 2 2 2 2 2 2 2 2 2 2 2 2 2 2 2 2
left_child=7 2 3 -2 8 16 20 13 -4 -10 19 -12 -7 -1 17 -16 -6 29 -19 -5 26 -22 -17 -8 28 -23 27 -3 -25 -15
right_child=1 6 4 10 5 12 23 -9 9 -11 11 -13 -14 14 15 22 -18 18 -20 -21 21 25 -24 24 -26 -27 -28 -29 -30 -31
leaf_value=-0.00052530100179198089 0.00039802244712486767 0.00024363066269720288 -0.0011011932754984043 4.1904068382526737e-05 1.4348666922295015e-05 0.0012026526076414695 0.00050581944076107035 0.0011331671404108592 0.00022581692459317263 2.1729766094544103e-06 -0.0012686974437026207 -9.4561092608197049e-05 0.0004560132427254996 5.9368465577860273e-05 0.0013689793206451992 -2.0773948830480798e-05 0.00036941047427215267 8.3417156529180166e-05 -3.0036709349890284e-05 0.00041027084815724535 7.5354110092283499e-05 0.00085911050531551215 -0.00017023671196767651 -0.0002476133538907819 -0.00036448372907998912 -9.2592475765865286e-05 -0.00014099612565811545 -0.00013804134390741417 -5.1017585190291518e-05 -0.00021325323845689263
leaf_weight=867 1915 2856 157 11016 3211 416 323 179 13355 9180 167 14874 3875 2011 182 9565 2849 20260 56314 1235 1081 630 19216 4410 2481 165 3052 1450 9050 6394
leaf_count=867 1915 2856 157 11016 3211 416 323 179 13355 9180 167 14874 3875 2011 182 9565 2849 20260 56314 1235 1081 630 19216 4410 2481 165 3052 1450 9050 6394
internal_value=-2.25319e-14 5.37793e-05 0.000101861 3.83944e-06 0.000188504 0.000325174 -6.36065e-05 -4.10393e-05 0.000126161 0.000134712 -2.38192e-05 -0.000107598 0.000528398 -4.287e-05 -3.91991e-05 -0.000111205 0.000181275 -1.46578e-05 -1.90098e-08 7.90384e-05 7.28556e-05 0.000323784 -0.000120565 -0.000141084 -0.000154192 0.000661587 8.87864e-06 0.000115107 -0.00011543 -0.000148025
internal_weight=202736 87748 62250 29207 33043 10351 25498 114988 22692 22535 27292 15041 4291 114809 113942 28963 6060 84979 76574 12251 9234 1876 28781 16264 15941 795 7358 4306 13460 8405
internal_count=202736 87748 62250 29207 33043 10351 25498 114988 22692 22535 27292 15041 4291 114809 113942 28963 6060 84979 76574 12251 9234 1876 28781 16264 15941 795 7358 4306 13460 8405
is_linear=0
shrinkage=0.02


Tree=196
num_leaves=31
num_cat=0
split_feature=34 45 45 31 5 44 9 41 6 9 5 41 10 9 10 34 41 41 10 44 31 34 9 10 10 10 10 15 10 6
split_gain=1.09761 1.97594 1.43387 1.25461 0.769148 0.636234 0.630183 0.614858 0.612625 0.61158 0.57988 0.687578 0.559801 0.946356 0.547364 0.537461 0.687667 0.533309 0.52868 0.968732 0.522355 0.579447 0.442344 0.400915 0.379886 0.42194 0.40241 0.313864 0.371874 0.281303
threshold=-0.00082026025026581682 0.067217266334067591 0.068453763641211987 7.3499999999985457 0.17360000000000261 0.52416611102019528 6.2000000000000002 21.678321676155921 -0.28279999999999988 -10.682499999999983 -0.11700000000000012 86.434108522456 -38.058000000000007 -31.214999999999993 -47.616000000000007 -0.026807676893757782 34.657218961317177 10.14492753588622 -21.42100000000001 0.28424159418221145 20.650000000001459 0.017750228623991508 55.303000000000004 -16.162000000000017 -166.39949999999996 -138.12749999999997 -76.424999999999997 0.70206427748315992 -61.318499999999993 0.23320000000000052
decision_type=2 2 2 2 2 2 2 2 2 2 2 2 2 2 2 2 2 2 2 2 2 2 2 2 2 2 2 2 2 2
left_child=1 3 10 5 6 15 7 -3 -4 -10 24 20 13 -7 -9 17 -17 -1 19 -11 23 -22 -14 -12 -2 -26 -27 28 -13 -5
right_child=2 4 8 29 -6 12 -8 14 9 18 11 27 22 -15 -16 16 -18 -19 -20 -21 21 -23 -24 -25 25 26 -28 -29 -30 -31
leaf_value=-0.00014563728752437001 0.00069429431791076263 5.2025060553728106e-05 -0.0010363225280066192 0.00032538335082406533 0.00072561787851301062 -0.00035323410162320596 -0.00037050917801639903 0.00073503547200318262 0.00054966368223279645 -0.00030441225785455715 9.8824951665658374e-05 0.00095856354585779251 -0.00014503641125571148 0.00043083594025319758 0.0002702349170745309 -0.00010533366115799199 5.953497886562645e-05 0.00018975323116987439 -0.0001777295428438296 -0.0014468830530097088 0.00029977552794683253 5.4901652898104486e-05 0.00099536752820704954 -4.6643068321267203e-05 -0.0012654928410398391 0.00054235619600451473 -0.0001651403542010068 -0.00034893226739312141 -0.00010520089617464262 0.0010878395098389308
leaf_weight=2271 213 5030 358 3467 1225 928 725 1141 424 1425 9892 134 19644 1830 9066 17455 24080 11498 13626 375 4836 19258 137 32402 136 331 11292 2421 6911 205
leaf_count=2271 213 5030 358 3467 1225 928 725 1141 424 1425 9892 134 19644 1830 9066 17455 24080 11498 13626 375 4836 19258 137 32402 136 331 11292 2421 6911 205
internal_value=-1.13089e-14 4.77764e-05 -4.53278e-05 6.68654e-06 0.000242659 -1.03549e-05 0.000205594 0.000233006 -0.000218167 -0.000199688 -1.34308e-05 6.98575e-06 -9.99202e-05 0.000167015 0.000322193 2.61472e-05 -9.75073e-06 0.000134435 -0.000220285 -0.000542427 2.97231e-05 0.000104051 -0.000137138 -1.262e-05 -0.000142789 -0.000157952 -0.000144992 -0.000152478 -8.49675e-05 0.00036795
internal_weight=202736 98702 104034 81515 17187 77843 15962 15237 16208 15850 87826 75854 22539 2758 10207 55304 41535 13769 15426 1800 66388 24094 19781 42294 11972 11759 11623 9466 7045 3672
internal_count=202736 98702 104034 81515 17187 77843 15962 15237 16208 15850 87826 75854 22539 2758 10207 55304 41535 13769 15426 1800 66388 24094 19781 42294 11972 11759 11623 9466 7045 3672
is_linear=0
shrinkage=0.02


Tree=197
num_leaves=31
num_cat=0
split_feature=14 34 5 45 45 9 29 6 9 10 9 6 6 9 10 14 6 9 14 15 10 10 9 4 45 14 20 9 45 10
split_gain=1.08231 1.07006 1.50293 1.40577 0.918662 2.37498 0.936136 0.743134 0.740464 0.717898 1.4893 0.780697 0.623451 0.618994 0.578064 0.529903 0.67814 0.808564 0.526423 0.775314 0.515731 0.480175 0.46073 0.385087 0.360962 0.378489 0.358864 0.34715 0.320761 0.314546
threshold=3.1651000000000011 0.0092113578576959523 0.17770000000000133 0.043383337887632004 0.051360135937023245 0.33099999999998986 0.014266397451301318 0.094483333333333128 24.937000000000001 36.687999999999988 26.659000000000002 -1.6954000000000005 -0.067866666666666853 -8.2600000000000069 -138.12749999999997 0.66855000000000142 -0.49360000000000032 13.4435 0.32320000000000132 1.1314121927681751 -64.497 -116.33499999999999 -23.175499999999992 0.08200000000000153 0.053400395940931031 3.7055333333333342 8.9500000000043674 -24.681499999999996 0.052857547093518815 44.904999999999994
decision_type=2 2 2 2 2 2 2 2 2 2 2 2 2 2 2 2 2 2 2 2 2 2 2 2 2 2 2 2 2 2
left_child=1 2 4 18 6 7 8 -6 -1 10 11 14 22 28 -2 -4 -17 -18 23 21 -7 -20 -5 -3 25 -13 -16 -21 -14 -15
right_child=9 3 15 12 5 20 -8 -9 -10 -11 -12 24 13 29 26 16 17 -19 19 27 -22 -23 -24 -25 -26 -27 -28 -29 -30 -31
leaf_value=-6.3832000699328028e-05 0.00052273056530122164 1.3771453327335789e-05 0.00013283619237957096 0.00043859996149027815 0.00015029943328079604 -0.0010525024458715167 0.00024304022977015627 0.00072997612163269699 0.00044056205538328029 -0.00021722709744097579 0.0029711841007851359 0.001086312212444835 -3.653399840514143e-05 -0.00016790133853897122 -0.0016465980210791302 -0.00033806020879285095 0.00062043948515680685 -1.1838945641034735e-05 0.00086642021057131995 -0.00083071988667713693 -0.00013853997337821242 0.00013178088224371484 -0.00046803763658782253 -0.00022150973928846532 0.0012212081884700671 0.00014473349667433035 -0.00020977580397532733 -9.5124516055954526e-05 0.00070480644518065741 6.6955778376839829e-05
leaf_weight=69580 283 6460 8497 240 31715 252 4470 910 1184 543 101 273 423 26602 110 459 3386 1063 364 271 12348 15966 3406 4888 443 456 189 4838 521 2495
leaf_count=69580 283 6460 8497 240 31715 252 4470 910 1184 543 101 273 423 26602 110 459 3386 1063 364 271 12348 15966 3406 4888 443 456 189 4838 521 2495
internal_value=-1.44745e-13 -5.05571e-06 2.75164e-05 -7.06487e-05 5.16099e-06 7.63981e-05 -3.76614e-05 0.000166468 -5.53926e-05 0.000422373 0.000609599 0.000473612 -0.000161385 -0.000131411 -0.000125156 0.000228405 0.000393858 0.000469369 2.25784e-05 8.08831e-05 -0.000156819 0.000148156 -0.000408358 -8.75728e-05 0.000770953 0.000497341 -0.000738373 -0.000134143 0.000372617 -0.000147763
internal_weight=202736 200338 133864 66474 120459 45225 75234 32625 70764 2398 1855 1754 33687 30041 582 13405 4908 4449 32787 21439 12600 16330 3646 11348 1172 729 299 5109 944 29097
internal_count=202736 200338 133864 66474 120459 45225 75234 32625 70764 2398 1855 1754 33687 30041 582 13405 4908 4449 32787 21439 12600 16330 3646 11348 1172 729 299 5109 944 29097
is_linear=0
shrinkage=0.02


Tree=198
num_leaves=31
num_cat=0
split_feature=24 4 14 44 44 9 6 45 10 9 10 34 34 45 10 34 45 4 10 15 10 38 34 14 44 10 10 14 42 6
split_gain=1.06276 0.890395 0.973716 1.0672 0.999453 0.929594 1.26543 0.77513 0.619721 1.09669 0.906468 0.539585 0.38215 0.385187 0.363596 0.332744 0.331339 0.314564 0.55031 0.2891 0.286881 0.266467 0.258406 0.243706 0.223957 0.209174 0.203896 0.186231 0.173124 0.201996
threshold=0.2000000000043656 -0.48559999999999887 0.6446666666666665 1.721909917657346 0.91101408405832007 8.8975000000000026 0.088199999999999598 0.04063870473433278 55.133999999999993 -8.6409999999999823 9.9334999999999898 -0.065533267403222698 -0.018383473310645812 0.042161756552644855 -101.7825 0.022854074869047725 0.035674727162131006 -3.5564999999999967 -15.51000000000001 1.1520928563777597 -54.442500000000003 99.500000000000014 -0.025757862091946946 1.3451000000000015 0.2509797594755237 14.444999999999981 36.687999999999988 3.1651000000000011 -0.0091376418470972259 0.052866666666665972
decision_type=2 2 2 2 2 2 2 2 2 2 2 2 2 2 2 2 2 2 2 2 2 2 2 2 2 2 2 2 2 2
left_child=1 11 4 5 8 6 -4 -7 10 -10 -3 21 13 14 -2 16 -5 18 -13 -14 -17 -1 24 -24 -19 -6 -27 -21 -15 -30
right_child=12 2 3 15 25 7 -8 -9 9 -11 -12 17 19 28 -16 20 -18 22 -20 27 -22 -23 23 -25 -26 26 -28 -29 29 -31
leaf_value=0.00014300639156488874 0.00089922612429493007 2.7302128669519132e-05 0.00013463359476396743 -0.00021409561612792131 -0.0001183604227981601 0.00021207889487613528 0.00050537820705444706 -0.00017815059478850048 0.0017333740103036021 0.00018947086691878322 -9.9809121307694554e-05 -0.0013104457314765581 0.00017482799251106927 0.00015470723688723435 1.9414252755056245e-05 -0.00088534754647163929 0.00010185953212849859 6.3859889105169588e-05 0.00044605784207215943 -0.00013616748680672476 -0.00020954649343687205 0.0012115703283297359 -0.00028737528463600631 4.1215445447460558e-05 -0.00021118107922850932 -0.00035812835088959232 -4.6836473348135451e-05 0.00035925754626921425 0.00046257854575654944 0.0010942031139967259
leaf_weight=1232 207 83902 14545 2076 16998 3390 4931 5098 207 1659 30635 243 5054 662 2035 277 3683 2546 101 2523 2704 101 7522 1026 2214 3139 1150 345 2309 222
leaf_count=1232 207 83902 14545 2076 16998 3390 4931 5098 207 1659 30635 243 5054 662 2035 277 3683 2546 101 2523 2704 101 7522 1026 2214 3139 1150 345 2309 222
internal_value=-1.8037e-13 -1.2161e-05 5.51088e-07 9.20835e-05 -2.38487e-05 0.000152375 0.0002285 -2.22979e-05 -8.05895e-07 0.00036074 -6.69608e-06 -0.000160104 0.000172422 0.000301577 0.000100646 -0.00010082 -1.20357e-05 -0.000197605 -0.000794728 8.38139e-05 -0.000272343 0.00022397 -0.00018217 -0.000247935 -6.40688e-05 -0.000149853 -0.000274662 -7.65714e-05 0.000442663 0.00051798
internal_weight=202736 189379 174394 36704 137690 27964 19476 8488 116403 1866 114537 14985 13357 5435 2242 8740 5759 13652 344 7922 2981 1333 13308 8548 4760 21287 4289 2868 3193 2531
internal_count=202736 189379 174394 36704 137690 27964 19476 8488 116403 1866 114537 14985 13357 5435 2242 8740 5759 13652 344 7922 2981 1333 13308 8548 4760 21287 4289 2868 3193 2531
is_linear=0
shrinkage=0.02


Tree=199
num_leaves=31
num_cat=0
split_feature=43 44 10 14 7 41 14 44 10 10 6 10 14 44 6 14 43 15 10 44 0 10 14 7 14 10 44 15 43 10
split_gain=1.02901 0.937074 1.42468 0.832065 1.10722 0.765909 0.679299 0.847266 1.41148 0.586972 0.505171 0.558532 0.753192 0.647767 0.494596 0.868928 0.802004 0.451323 0.438005 0.406496 0.402244 0.398667 0.367632 0.332019 0.325748 0.460762 0.385155 0.310347 0.293815 0.265094
threshold=4.8200000000026195 0.20626399248918412 -36.341500000000011 0.29813333333333447 0.55535250066641995 81.124497987413946 2.3338833333333349 2.1422487497984015 39.952999999999982 104.706 -0.25213333333333382 11.767499999999986 0.65630000000000144 1.5862500858195583 -0.98366666666666713 0.80238333333333423 21.749999999998547 1.999621826743319 27.254499999999982 -0.75985967929795561 -0.0069999999999999932 9.9334999999999898 0.46936666666666754 1.2880499987385614 0.23800000000000027 57.764499999999991 -0.68182510097023619 1.1110651870121016 2.1000000000014558 4.442999999999981
decision_type=2 2 2 2 2 2 2 2 2 2 2 2 2 2 2 2 2 2 2 2 2 2 2 2 2 2 2 2 2 2
left_child=9 3 5 19 -5 14 17 8 -8 10 18 12 20 -14 16 -16 -3 21 28 -2 -12 -4 29 -24 26 -26 -13 -7 -1 -6
right_child=1 2 6 4 22 27 7 -9 -10 -11 11 24 13 -15 15 -17 -18 -19 -20 -21 -22 -23 23 -25 25 -27 -28 -29 -30 -31
leaf_value=-0.00041606335706076289 8.3546576027774202e-05 -0.0006651649435754671 -3.8097968932189504e-06 0.00028054844052370458 3.8066320146727025e-05 -0.0001627994619939529 0.0016219184885889787 -6.8842933192727075e-05 -0.00015974940968156725 0.0011050285363059969 4.1717785687504986e-05 0.00012898034143993392 0.00037001549854280596 -0.00012515572350944862 1.0943523257860967e-05 0.00055288636591331261 0.00044616334494685972 -0.0002670813484035641 0.00036494833720476327 -0.00017567136751514019 -5.4881700109945236e-05 -0.0001685741073030015 0.00018945022785063536 1.2036023984656036e-05 -0.00017783817985671997 0.00017216880811790424 -0.00015428110236121457 -0.0015293016231944785 -0.00014686855193846607 -0.00023170735568560794
leaf_weight=2421 4517 518 16417 15797 3621 142 402 984 319 179 27418 4322 3733 1474 1789 3496 521 5205 520 5212 46460 9147 9520 7578 18455 1638 3455 125 4913 2438
leaf_count=2421 4517 518 16417 15797 3621 142 402 984 319 179 27418 4322 3733 1474 1789 3496 521 5205 520 5212 46460 9147 9520 7578 18455 1638 3455 125 4913 2438
internal_value=6.5446e-14 5.15802e-05 -2.13812e-05 0.000110127 0.000151449 0.000246713 -7.57942e-05 0.000312792 0.000833635 -3.93611e-05 -4.11454e-05 -2.97768e-05 -2.64522e-06 0.000229842 0.000291013 0.000369436 -0.000107896 -9.73269e-05 -0.000195961 -5.53211e-05 -1.90312e-05 -6.27638e-05 6.33809e-05 0.000110819 -0.000106766 -0.000149305 3.13898e-06 -0.000802548 -0.000235731 -7.04843e-05
internal_weight=202736 87748 39065 48683 38954 6591 32474 1705 721 114988 114809 106955 79085 5207 6324 5285 1039 30769 7854 9729 73878 25564 23157 17098 27870 20093 7777 267 7334 6059
internal_count=202736 87748 39065 48683 38954 6591 32474 1705 721 114988 114809 106955 79085 5207 6324 5285 1039 30769 7854 9729 73878 25564 23157 17098 27870 20093 7777 267 7334 6059
is_linear=0
shrinkage=0.02


Tree=200
num_leaves=31
num_cat=0
split_feature=14 44 14 5 9 45 6 44 6 6 14 7 44 44 9 9 6 45 29 44 44 44 44 9 9 45 20 9 9 14
split_gain=1.00569 0.926434 1.18469 1.05498 1.344 1.12422 0.994043 0.672499 0.547648 0.481859 0.53178 0.424663 0.416105 0.394803 0.453417 0.388923 0.819419 0.474615 0.387916 0.371028 0.788603 0.833846 1.14305 0.551353 0.363429 0.524575 0.351541 0.338257 0.276516 0.287497
threshold=3.1651000000000011 1.5529035827011366 0.50240000000000118 -0.20850000000000049 8.8975000000000026 0.036614491121884689 0.056233333333333482 -0.83950811708194639 -1.6954000000000005 -1.2029666666666667 1.3876333333333342 1.3134835361940438 2.597237872002077 0.80170117298024945 18.799500000000009 26.659000000000002 0.14460000000000053 0.046112632898555529 -0.074139934311556729 0.1227902617693799 2.1876406604074967 1.1609765836092667 1.5862500858195583 -5.4109999999999969 -35.039999999999999 0.055419867495200427 8.150000000001457 -8.4569999999999919 0.33099999999998986 0.24413333333333401
decision_type=2 2 2 2 2 2 2 2 2 2 2 2 2 2 2 2 2 2 2 2 2 2 2 2 2 2 2 2 2 2
left_child=1 2 7 15 6 -6 -5 28 26 18 11 27 -12 14 -9 17 -17 -4 -3 23 21 -21 -23 -10 25 -22 -2 -11 29 -1
right_child=8 9 3 4 5 -7 -8 13 19 10 12 -13 -14 -15 -16 16 -18 -19 -20 20 24 22 -24 -25 -26 -27 -28 -29 -30 -31
leaf_value=1.4373780944900501e-05 -0.00099161990072773308 -3.836415036570734e-05 -0.00017158628138739363 0.00012650554718579267 0.00023923200986700614 -0.00018421151555497159 0.00037056368416772765 -4.5598087376265707e-05 0.00073094056244978381 5.4685201815775452e-05 0.00027308740347235875 -0.00034432935224245736 -0.00014603458227998548 -0.00016666661453022165 0.00050719962610969746 0.002123866336014454 -0.0002225544195088301 4.4474066998434071e-05 -0.001339343891386346 0.0004521723223027679 0.00010346996528137682 0.0033101631045272507 0.001013172897671384 -0.0010182171495659138 -9.3668832777710356e-05 0.0016314846055152325 0.0001525460896182535 -0.00015628556357811366 -1.2857080591237313e-05 0.00016154188934977928
leaf_weight=10258 142 152 7903 18872 3751 7568 10329 64712 156 3976 2358 3657 1584 11704 599 101 145 8378 231 324 212 135 242 134 456 156 441 12912 20141 11007
leaf_count=10258 142 152 7903 18872 3751 7568 10329 64712 156 3976 2358 3657 1584 11704 599 101 145 8378 231 324 212 135 242 134 456 156 441 12912 20141 11007
internal_value=1.4479e-13 -4.8735e-06 1.13183e-05 8.61922e-05 0.000141121 -4.38867e-05 0.000212834 -2.47508e-05 0.00040715 -0.000119113 -0.000108103 -0.000148929 0.000104673 -5.96974e-05 -4.05281e-05 -4.84784e-05 0.000740813 -6.04043e-05 -0.000823028 0.000578448 0.000703146 0.00119624 0.0018357 -7.72909e-05 0.000283658 0.000751215 -0.000126136 -0.000106616 4.02498e-05 9.05496e-05
internal_weight=202736 200338 175468 57047 40520 11319 29201 118421 2398 24870 24487 20545 3942 77015 65311 16527 246 16281 383 1815 1525 701 377 290 824 368 583 16888 41406 21265
internal_count=202736 200338 175468 57047 40520 11319 29201 118421 2398 24870 24487 20545 3942 77015 65311 16527 246 16281 383 1815 1525 701 377 290 824 368 583 16888 41406 21265
is_linear=0
shrinkage=0.02


Tree=201
num_leaves=31
num_cat=0
split_feature=24 4 41 43 10 14 44 6 38 10 17 4 10 14 10 44 44 41 44 10 20 7 6 42 45 38 10 29 42 29
split_gain=0.991494 0.846819 0.896221 1.00773 0.745131 1.33438 0.458856 0.414014 0.41133 0.376151 0.326307 0.304507 0.421033 0.327152 0.299516 0.441432 0.360222 0.331919 0.289573 0.239939 0.238556 0.23469 0.230193 0.372113 0.323709 0.214164 0.206954 0.205554 0.199983 0.198744
threshold=0.2000000000043656 -0.48559999999999887 82.735042733566246 2.7600000000020377 -1.1120000000000165 0.28980000000000117 -0.59560860008446725 -0.25908333333333367 82.500000000000014 -10.78950000000002 0.58398358026567943 -3.5564999999999967 -15.186500000000008 1.5994166666666678 -80.640000000000001 -0.95966706358650977 -0.21801431319790657 42.912249376056842 -1.3894720756244225 27.254499999999982 8.400000000001457 2.324843435587558 -0.73481666666666701 0.49917240291787451 0.066912972085317671 19.500000000000004 -80.640000000000001 -0.064975446326598338 0.11690645075610451 0.029740532051714123
decision_type=2 2 2 2 2 2 2 2 2 2 2 2 2 2 2 2 2 2 2 2 2 2 2 2 2 2 2 2 2 2
left_child=1 8 3 7 5 -5 -6 19 11 -9 -4 12 20 21 15 18 17 -17 -2 -3 -1 -13 24 -24 -18 28 -15 -27 -16 -19
right_child=14 2 10 4 6 -7 -8 9 -10 -11 -12 13 -14 26 25 16 22 29 -20 -21 -22 -23 23 -25 -26 27 -28 -29 -30 -31
leaf_value=-0.0014569733626769344 0.00045056796491262509 -0.00032251300550203868 -8.0315961874628726e-05 -6.950504562687941e-05 8.2862559642656389e-05 0.00016378881391564904 -4.4830649205187719e-05 4.386710651203293e-05 0.00064196476981489084 -7.5005491957365054e-05 -0.00027264775611406426 -0.00014105379514095132 0.00039772254088954164 0.00053082238668043596 -6.3324092196272906e-05 0.00045971469153219561 -0.00025066443747672222 -0.001133578698433648 0.001905065037671877 0.00050333117298479823 -0.00035320873387039651 -0.00034840324445680517 0.0011727643086149244 0.0002236822931280465 0.00096685938181413807 0.00031033323460934198 -1.1332672043890319e-05 -2.4434945970265089e-05 0.00025196335891897436 8.9448359761007346e-06
leaf_weight=207 100 2862 11610 13087 16872 39128 33820 14980 254 36818 5069 10031 108 380 941 179 290 149 121 148 126 2791 344 318 125 887 1088 4244 5556 103
leaf_count=207 100 2862 11610 13087 16872 39128 33820 14980 254 36818 5069 10031 108 380 941 179 290 149 121 148 126 2791 344 318 125 887 1088 4244 5556 103
internal_value=4.33262e-16 -1.17462e-05 6.50933e-07 1.53951e-05 5.22899e-05 0.000105317 -2.33006e-06 -5.38783e-05 -0.000156023 -4.06275e-05 -0.000138768 -0.000169782 -0.000687401 -0.000153808 0.000166541 0.000412148 0.00028981 -0.000198824 0.00124692 -0.000281907 -0.00103933 -0.000186188 0.000485354 0.000716861 0.00011606 0.000130021 0.000129007 3.34367e-05 0.000206298 -0.000666595
internal_weight=202736 189379 174394 157715 102907 52215 50692 54808 14985 51798 16679 14731 441 14290 13357 1729 1508 431 221 3010 333 12822 1077 662 415 11628 1468 5131 6497 252
internal_count=202736 189379 174394 157715 102907 52215 50692 54808 14985 51798 16679 14731 441 14290 13357 1729 1508 431 221 3010 333 12822 1077 662 415 11628 1468 5131 6497 252
is_linear=0
shrinkage=0.02


Tree=202
num_leaves=31
num_cat=0
split_feature=34 45 5 41 41 43 34 41 6 17 14 42 44 14 12 12 44 34 45 13 36 45 13 7 29 5 30 12 37 41
split_gain=1.01572 1.32333 1.11304 1.05756 0.766124 0.725993 0.609674 0.595463 0.576022 0.464928 0.526686 0.451904 0.369613 0.355524 0.570473 0.328266 0.322532 0.298671 0.282404 0.277674 0.269048 0.25587 0.255357 0.32494 0.253283 0.240106 0.234692 0.233286 0.213688 0.209325
threshold=-0.011182320915101998 0.072102006688792658 -0.11700000000000012 33.466733666661362 82.735042733566246 2.1400000000008736 -0.05112871521569394 29.331434820295112 -0.23196666666666635 2.2764186888620919 0.47653333333333503 0.38454953924712282 -1.1871706919936587 1.3876333333333342 1.3788000000000011 0.38480000000000797 -0.65430216475782277 -0.021115727518336427 0.04489985496602001 1.4247000000000007 19.500000000000004 0.029067457278993607 0.3672000000000018 1.3657808022892122 -0.045590536008549558 -0.42394999999999811 -24.950000000004362 0.47760000000000452 0.11399999999525003 18.308882420104819
decision_type=2 2 2 2 2 2 2 2 2 2 2 2 2 2 2 2 2 2 2 2 2 2 2 2 2 2 2 2 2 2
left_child=1 3 13 6 5 -4 12 24 26 10 -7 17 -1 14 16 -6 -2 21 -10 25 -14 -5 -13 -24 29 -9 -8 -19 -11 -3
right_child=2 7 4 11 15 9 8 19 18 28 -12 22 20 -15 -16 -17 -18 27 -20 -21 -22 -23 23 -25 -26 -27 -28 -29 -30 -31
leaf_value=0.00068246255933895319 -4.1931583560214402e-05 0.00017009095816241434 -7.3184268436940532e-05 2.5200199978607895e-05 -6.2527734207560518e-05 2.1347215169426815e-05 -0.00056851585053800961 -0.00010137047943735032 -8.7453670503982351e-05 -0.00019314988580502123 0.00013797483552023863 9.0544249754835959e-05 -1.3791709962027418e-05 9.8858664757663352e-05 -0.00057183098415736395 -0.00024571103367949199 -0.00020998062440237623 9.4348443088786187e-05 5.4849014433715382e-05 0.0009500594185304082 0.00026887535473550498 0.00027813627169071594 0.00054286697603998107 1.7111171579572483e-05 5.2873497602900874e-05 0.00050212234903014997 -0.00020599537678011481 -0.00012712987262821353 1.4355841471762245e-05 0.00058749949354284679
leaf_weight=475 6977 1157 26456 2403 10798 39827 861 296 14422 4204 25345 1212 3308 2016 1383 6137 13233 5526 9097 498 2272 4786 2316 590 3047 2417 4193 2901 3761 822
leaf_count=475 6977 1157 26456 2403 10798 39827 861 296 14422 4204 25345 1212 3308 2016 1383 6137 13233 5526 9097 498 2272 4786 2316 590 3047 2417 4193 2901 3761 822
internal_value=2.58068e-14 6.698e-05 -2.99199e-05 3.11854e-05 -4.54919e-06 1.65975e-05 -3.54076e-05 0.000303215 -7.40393e-05 4.90744e-05 6.6703e-05 0.000148039 0.000146892 -0.000155143 -0.000178858 -0.000128911 -0.000151966 9.8891e-05 -3.24119e-05 0.000515962 0.000101301 0.00019359 0.000334414 0.000436124 0.000167295 0.000436279 -0.000267754 1.81044e-05 -9.51676e-05 0.000343466
internal_weight=202736 62599 140137 54362 116528 99593 34628 8237 28573 73137 65172 19734 6055 23609 21593 16935 20210 15616 23519 3211 5580 7189 4118 2906 5026 2713 5054 8427 7965 1979
internal_count=202736 62599 140137 54362 116528 99593 34628 8237 28573 73137 65172 19734 6055 23609 21593 16935 20210 15616 23519 3211 5580 7189 4118 2906 5026 2713 5054 8427 7965 1979
is_linear=0
shrinkage=0.02


Tree=203
num_leaves=31
num_cat=0
split_feature=34 5 45 45 9 29 14 6 6 6 9 43 14 15 15 9 10 10 10 5 10 10 10 45 6 14 7 9 39 14
split_gain=0.997806 1.55632 1.30505 0.939486 2.16112 0.948471 0.796047 0.943826 0.863652 0.781114 1.09552 0.659536 0.52636 0.59717 0.579187 0.506766 0.585388 0.500087 0.448627 0.440668 0.543581 0.397787 0.387765 0.386455 0.527463 0.529248 0.383515 0.371233 0.370871 0.356004
threshold=0.0092113578576959523 0.17770000000000133 0.051973598821360691 0.056279252309106985 0.33099999999998986 0.014266397451301318 1.6623500000000015 -0.98366666666666713 -0.46740000000000015 -0.067866666666666853 -8.2600000000000069 11.399999999998547 0.78118333333333456 1.6376919734794477 0.4700748876386362 24.937000000000001 28.566499999999987 104.706 -101.7825 -0.0029999999999989241 42.282999999999987 47.642999999999994 -76.424999999999997 0.032857542345852433 -0.84406666666666685 0.62003333333333377 1.5781378266207933 -23.175499999999992 1.0000000180025095e-35 0.31876666666666781
decision_type=2 2 2 2 2 2 2 2 2 2 2 2 2 2 2 2 2 2 2 2 2 2 2 2 2 2 2 2 2 2
left_child=1 3 12 5 6 15 8 -8 -5 27 -11 23 14 19 29 17 -17 -1 -12 -14 -21 28 -6 -3 -25 -26 -15 -4 -13 -2
right_child=2 11 9 4 22 -7 7 -9 -10 10 18 21 13 26 -16 16 -18 -19 -20 20 -22 -23 -24 24 25 -27 -28 -29 -30 -31
leaf_value=-5.4495592798627879e-05 -4.2017420698166212e-05 3.908025132684038e-05 0.00038203409531260509 -0.00025479115010496387 -0.0014039899052411783 0.00023920151359302702 0.00010845684158543539 0.0010447393090954641 0.00018609079719948061 0.00072991769969649265 -0.0011706443813580998 0.00046205995916908353 3.2766932471767413e-07 -0.00075398650726881528 -0.00013584143159415339 0.0010085204779841782 8.2933607735802587e-05 0.0011419169995601156 -0.00014840856083827249 0.0004708706983456771 -0.00016315332483645762 -0.00027627691487370674 -0.00015212593569341308 -0.00092313224709881798 0.00016563175067871067 0.00051789493131529374 -1.3970154584290255e-05 -0.0005555683374674664 0.0011186038633487741 0.00012830390625558945
leaf_weight=77428 10348 4639 181 1918 100 4973 825 901 24223 572 173 864 1836 319 12373 375 1008 140 23370 3493 640 179 9631 145 4646 2696 2299 2530 572 9339
leaf_count=77428 10348 4639 181 1918 100 4973 825 901 24223 572 173 864 1836 319 12373 375 1008 140 23370 3493 640 179 9631 145 4646 2696 2299 2530 572 9339
internal_value=-1.26599e-13 3.13374e-05 -6.28221e-05 8.52501e-06 9.16073e-05 -2.86959e-05 0.00018121 0.000597211 0.000153743 -0.000171094 -0.000134908 0.000233085 8.63443e-06 0.0001477 -2.8613e-05 -4.55703e-05 0.000333906 -5.23362e-05 -0.00015592 0.000258156 0.000372691 0.00061276 -0.000164991 0.000182518 0.000271393 0.000294984 -0.00010414 -0.000492969 0.00072358 3.87786e-05
internal_weight=202736 135263 67473 121522 37598 83924 27867 1726 26141 26826 24115 13741 40647 8587 32060 78951 1383 77568 23543 5969 4133 1615 9731 12126 7487 7342 2618 2711 1436 19687
internal_count=202736 135263 67473 121522 37598 83924 27867 1726 26141 26826 24115 13741 40647 8587 32060 78951 1383 77568 23543 5969 4133 1615 9731 12126 7487 7342 2618 2711 1436 19687
is_linear=0
shrinkage=0.02


Tree=204
num_leaves=31
num_cat=0
split_feature=34 5 14 34 44 44 10 10 10 11 10 44 14 45 4 44 45 14 10 37 44 30 7 34 14 5 10 40 34 28
split_gain=0.965348 1.06334 0.86827 1.07351 1.04731 0.74535 0.816104 0.674886 0.900898 0.556342 0.396534 0.379459 0.371855 0.363872 0.360414 0.358718 0.331589 0.313326 0.30576 0.27244 0.263182 0.247206 0.24322 0.239486 0.206424 0.207647 0.321575 0.207203 0.192935 0.198137
threshold=-0.041230039570675385 -0.51939999999999942 0.65630000000000144 0.050771600401086171 0.91101408405832007 1.721909917657346 -6.2900000000000142 55.133999999999993 9.9334999999999898 0.34550000000000008 -209.34899999999996 -1.5704771499950183 3.7055333333333342 0.037226295889076833 0.26300000000000218 3.6600125406477528 0.077047779913319805 1.5409333333333344 -4.7945000000000171 0.11399999999525003 3.6600125406477528 -13.349999999998543 1.6208414170543979 -0.10835613094779681 1.3876333333333342 -0.75934999999999853 1.7389999999999826 60.451977399842683 -0.025757862091946946 -0.02386371307341317
decision_type=2 2 2 2 2 2 2 2 2 2 2 2 2 2 2 2 2 2 2 2 2 2 2 2 2 2 2 2 2 2
left_child=9 10 4 5 7 6 -4 8 -3 15 -2 -9 -7 17 16 21 19 -5 -15 23 -21 -1 -6 -11 28 26 -26 -27 29 -12
right_child=1 2 3 13 22 12 -8 11 -10 14 24 -13 -14 18 -16 -17 -18 -19 -20 20 -22 -23 -24 -25 25 27 -28 -29 -30 -31
leaf_value=-5.5063349541989413e-05 0.0010075191989435011 2.5765779643727299e-05 0.00029588303311988426 -0.0001591221136904944 -0.0001368755314208711 -8.1466083694210276e-05 7.0282307987682316e-05 -0.00057655074985712973 -9.8705923148616819e-05 0.00070235506128177663 -0.00041785535908010963 0.00044494956519770378 0.00067615067831250982 -0.00065348223649110441 0.00073067729752372766 -0.0010273136648902437 0.00077891109732196458 0.00041401340978793522 -0.00020394271153150877 4.9967065426260205e-05 -0.00089807116444860628 0.00021192597044283681 -0.00045827294480772009 0.00022871905448665326 -0.00041661721843583023 -4.3981673141908165e-06 0.00028816491591241014 0.00085755581150534087 -0.00038333238344313348 7.4322685431774813e-06
leaf_weight=3787 101 87283 11944 1033 21027 7070 13853 158 31709 473 675 1833 269 796 641 128 421 605 2525 1507 127 2189 986 4393 847 336 373 167 4231 1249
leaf_count=3787 101 87283 11944 1033 21027 7070 13853 158 31709 473 675 1833 269 796 641 128 421 605 2525 1507 127 2189 986 4393 847 336 373 167 4231 1249
internal_value=2.32323e-14 -1.17332e-05 -1.77727e-06 8.30698e-05 -2.43811e-05 0.000124142 0.000174735 -1.29319e-06 -7.40345e-06 0.000162329 -0.000237692 0.000363886 -5.36968e-05 -0.000191374 0.000276978 2.02957e-05 0.000234958 5.25671e-05 -0.000311691 0.000199726 -2.37177e-05 4.27344e-05 -0.000151271 0.000274759 -0.000253656 -6.01597e-05 -0.000201139 0.000281777 -0.000307823 -0.000141772
internal_weight=202736 189070 181091 38095 142996 33136 25797 120983 118992 13666 7979 1991 7339 4959 7562 6104 6921 1638 3321 6500 1634 5976 22013 4866 7878 1723 1220 503 6155 1924
internal_count=202736 189070 181091 38095 142996 33136 25797 120983 118992 13666 7979 1991 7339 4959 7562 6104 6921 1638 3321 6500 1634 5976 22013 4866 7878 1723 1220 503 6155 1924
is_linear=0
shrinkage=0.02


Tree=205
num_leaves=31
num_cat=0
split_feature=34 33 45 23 45 34 6 9 5 44 44 14 12 10 10 29 44 10 14 45 9 10 13 10 14 45 9 9 13 14
split_gain=0.948042 1.49362 1.24547 1.02007 0.777609 0.914856 0.752869 1.05035 0.674513 0.652985 0.58129 0.813961 0.853942 0.660018 0.575963 0.485212 0.479611 0.439151 0.433909 0.418993 0.355437 0.350469 0.314668 0.468596 0.311222 0.295473 0.343692 0.283452 0.276315 0.267688
threshold=0.0092113578576959523 0.0070502264282768425 0.051973598821360691 0.40000000000145525 0.077047779913319805 -0.0022639564567248651 -0.067866666666666853 -8.0744999999999898 0.063600000000000448 0.52416611102019528 1.6883562476704157 0.78118333333333456 1.1509000000000047 -58.759000000000007 -1.1120000000000165 0.024872173664569622 -0.06473873575702406 -101.7825 0.33225000000000116 0.06661918087698615 -23.175499999999992 44.904999999999994 0.65426666666666544 -68.760000000000005 2.8280666666666687 0.05949999999981765 0.97600000000001308 -10.417499999999988 0.36153333333333282 0.34878333333333417
decision_type=2 2 2 2 2 2 2 2 2 2 2 2 2 2 2 2 2 2 2 2 2 2 2 2 2 2 2 2 2 2
left_child=1 3 10 4 8 27 20 29 9 -1 11 16 13 -13 -10 19 18 -9 -2 28 -4 -19 -22 -24 -14 -5 -27 -6 -3 -8
right_child=2 15 6 25 5 -7 7 17 14 -11 -12 12 24 -15 -16 -17 -18 21 -20 -21 22 -23 23 -25 -26 26 -28 -29 -30 -31
leaf_value=-7.7756441211515706e-06 -3.8704558522537262e-05 3.8008941548212483e-05 0.00037317560515762052 0.00017312885254018484 0.00052239570809580957 -0.0002381750860575396 3.048301299157388e-05 -0.001162266112559023 0.00019519829066201561 -0.00012990107200089551 -0.00018534357891340566 0.0010819642725832903 -0.00013088322680227327 0.00032772248658416203 -1.5718428460746707e-05 0.00062553935799260002 -0.000110986469541058 -0.00017087686984370413 0.00015603694194470685 0.00052832625770304171 -0.00038023498223006716 8.7205044120088811e-05 0.00035562532936404172 -0.0010229977111852703 0.00057344819236089268 0.00060015781625870508 -0.00017597269045708581 0.00021810312283268872 0.00025235809874246098 0.00097047642553161717
leaf_weight=65155 9344 4453 181 4463 1846 1491 170 171 10006 23950 5367 544 2100 3159 10735 1187 10878 21013 8970 1363 1642 2339 113 775 285 1475 270 3637 5232 422
leaf_count=65155 9344 4453 181 4463 1846 1491 170 171 10006 23950 5367 544 2100 3159 10735 1187 10878 21013 8970 1363 1642 2339 113 775 285 1475 270 3637 5232 422
internal_value=-8.04593e-15 3.0546e-05 -6.12354e-05 9.58743e-06 -3.68834e-06 0.000201099 -0.000167007 -0.000131482 -1.66901e-05 -4.0601e-05 8.57106e-06 3.80705e-05 0.00024843 0.000438527 8.60333e-05 0.000241293 -5.80004e-06 -0.000152421 5.66777e-05 0.000200009 -0.000483009 -0.000145027 -0.000544262 -0.000847565 -4.67178e-05 0.000259406 0.000480069 0.000320551 0.000153804 0.000700546
internal_weight=202736 135263 67473 123028 116820 6974 26826 24115 109846 89105 40647 35280 6088 3703 20741 12235 29192 23523 18314 11048 2711 23352 2530 888 2385 6208 1745 5483 9685 592
internal_count=202736 135263 67473 123028 116820 6974 26826 24115 109846 89105 40647 35280 6088 3703 20741 12235 29192 23523 18314 11048 2711 23352 2530 888 2385 6208 1745 5483 9685 592
is_linear=0
shrinkage=0.02


Tree=206
num_leaves=31
num_cat=0
split_feature=43 44 10 9 10 6 14 9 43 14 12 6 9 6 10 10 5 9 14 44 9 9 10 14 12 43 43 10 14 44
split_gain=0.897885 0.904093 1.7356 0.687833 2.44976 0.59436 0.850623 0.786138 0.771729 0.566214 0.601754 0.511934 0.611281 0.501048 0.505705 0.472973 0.459768 0.515002 0.453996 0.626258 0.441085 0.439314 0.568493 0.422047 0.404953 0.388741 0.36474 0.348918 0.342044 0.335167
threshold=4.3199999999997098 -0.10458090413783362 -35.575499999999998 55.303000000000004 39.952999999999982 -0.84406666666666685 0.80238333333333423 11.744000000000012 20.519999999999715 0.29813333333333447 0.46160000000000528 -0.3111833333333337 0.26400000000000418 -0.266633333333334 27.254499999999982 -13.847000000000014 -0.30499999999999911 2.9285000000000001 0.6034166666666676 1.5862500858195583 14.490500000000006 -10.682499999999983 25.899999999999991 2.5471500000000016 0.13840000000000166 12.1199999999968 19.539999999997963 25.899999999999991 0.33225000000000116 -1.9792255045004414
decision_type=2 2 2 2 2 2 2 2 2 2 2 2 2 2 2 2 2 2 2 2 2 2 2 2 2 2 2 2 2 2
left_child=13 9 5 16 -5 8 25 -8 23 -2 11 27 -13 14 -1 18 26 -18 -15 20 -20 22 -17 -3 -23 -7 -4 -11 -24 -12
right_child=1 2 3 4 -6 6 7 -9 -10 10 29 12 -14 15 -16 21 17 -19 19 -21 -22 24 28 -25 -26 -27 -28 -29 -30 -31
leaf_value=-0.00026364675616778548 -2.0334082220459074e-05 -0.0011242787760326731 -0.00025067163332133087 0.0034703054249053821 -6.5535463703628718e-06 -3.590850117246206e-05 0.00056985064630849977 -0.00037016692234073369 0.00036177248112152685 -0.00036173540953724365 -0.0003079919047042923 0.00041959669992179364 0.00014168895994949631 1.6778372929762942e-05 0.00045992271432536094 8.1476933636196272e-05 2.7249207993882845e-05 -0.00012645457144312133 0.00051660585271168322 -0.00033830333928961634 -0.00077332377434816276 -1.0139692222259126e-05 0.0018853307044004656 -0.00015092743343689049 -0.00010567897052996324 0.00064102563148617263 0.00026222357889234141 0.0008414798089070246 0.00054319816253787319 9.7001648091710508e-05
leaf_weight=5788 10672 326 7331 100 428 2612 4066 390 642 780 850 6451 6217 21423 414 1566 19005 16112 1991 502 112 32043 112 393 39773 390 600 110 236 21301
leaf_count=5788 10672 326 7331 100 428 2612 4066 390 642 780 850 6451 6217 21423 414 1566 19005 16112 1991 502 112 32043 112 393 39773 390 600 110 236 21301
internal_value=-1.78888e-13 4.318e-05 -1.37493e-05 -6.55333e-05 0.000651942 0.000242123 0.000312263 0.000487578 -0.000142227 0.000107491 0.000145693 0.000250635 0.00028321 -4.10268e-05 -0.000215347 -2.99675e-05 -7.43334e-05 -4.32715e-05 4.70936e-05 0.0002964 0.000447908 -5.50811e-05 0.000243963 -0.000592252 -6.30511e-05 5.20343e-05 -0.00021187 -0.000213023 0.000975149 8.14608e-05
internal_weight=202736 98776 52395 43576 528 8819 7458 4456 1361 46381 35709 13558 12668 103960 6202 97758 43048 35117 24028 2605 2103 73730 1914 719 71816 3002 7931 890 348 22151
internal_count=202736 98776 52395 43576 528 8819 7458 4456 1361 46381 35709 13558 12668 103960 6202 97758 43048 35117 24028 2605 2103 73730 1914 719 71816 3002 7931 890 348 22151
is_linear=0
shrinkage=0.02


Tree=207
num_leaves=31
num_cat=0
split_feature=34 42 34 5 5 10 41 43 9 41 5 44 43 44 34 44 34 34 10 10 10 20 12 44 10 34 10 5 33 34
split_gain=0.925342 1.35156 0.863798 0.729248 0.694415 0.609899 0.57018 0.642187 0.55941 0.53678 0.444409 0.376372 0.536782 0.372279 0.425637 0.349986 0.346956 0.327147 0.323103 0.321532 0.456155 0.318386 0.306232 0.300862 0.280654 0.346701 0.279229 0.270094 0.257432 0.251494
threshold=-0.004181939784246763 0.29281123878787568 -0.05842326121061308 -0.13609999999999897 -0.28809999999999825 -2.8685000000000165 82.735042733566246 2.1400000000008736 0.33099999999998986 41.926967178580945 0.10740000000000063 3.6600125406477528 23.319999999999713 0.47342906247335276 -0.019125463477398602 -1.1871706919936587 -0.014313103703530667 0.10738946363118447 104.706 -166.39949999999996 -138.12749999999997 12.049999999995636 0.38480000000000797 1.186082127774355 -76.424999999999997 0.023319578357211376 -61.318499999999993 -2.7461999999999964 -0.00026183979380102853 -0.029635933984290767
decision_type=2 2 2 2 2 2 2 2 2 2 2 2 2 2 2 2 2 2 2 2 2 2 2 2 2 2 2 2 2 2
left_child=1 2 11 19 13 10 7 -5 17 29 -6 12 15 14 -4 -1 -11 -9 -7 -2 -21 -13 26 -14 28 -26 -8 -15 -22 -3
right_child=3 9 4 6 5 18 22 8 -10 16 -12 21 23 27 -16 -17 -18 -19 -20 20 24 -23 -24 -25 25 -27 -28 -29 -30 -31
leaf_value=0.00079717954594232094 0.00057592896639314017 0.00030147665620748664 1.8047288706206127e-05 -9.239923237500015e-05 6.5931398572387066e-05 -6.62495770596707e-05 0.00086564016214376975 0.00010962182374988075 -1.4695951402766012e-05 0.00042527606023229982 0.00040038347229869503 -0.0012576515046209258 0.00032684969357522382 -0.0012799183106849427 -0.00028699613762084872 0.00015204160237519332 0.0001964478672903531 -0.0010308097770419156 0.00098332134762115896 -0.0012765744896139949 -0.0003843400308922414 4.3500122104479848e-05 -0.00023608092503711625 0.0012190490354708511 -0.00013936016547206844 -0.0004109687267209543 -7.0479654147009442e-05 -0.00025993941211559013 0.00072312401604946136 3.5212711896358657e-05
leaf_weight=367 229 1646 6458 21027 18116 20400 129 26429 37545 3552 1742 116 265 106 2553 4029 10442 101 118 150 124 214 6158 352 11831 2235 10644 5112 260 10286
leaf_count=367 229 1646 6458 21027 18116 20400 129 26429 37545 3552 1742 116 265 106 2553 4029 10442 101 118 150 124 214 6158 352 11831 2235 10644 5112 260 10286
internal_value=-6.54265e-14 4.9845e-05 -2.33418e-06 -3.66277e-05 -2.60821e-05 1.62577e-05 -1.75812e-05 3.50691e-06 3.49797e-05 0.000170497 9.52705e-05 0.000240367 0.000283435 -0.000146225 -6.83777e-05 0.000205901 0.00025453 0.00010528 -6.02134e-05 -0.00016768 -0.000179344 -0.000413874 -0.000123578 0.000835852 -0.000167954 -0.000182517 -5.92702e-05 -0.00028066 0.000365505 7.19434e-05
internal_weight=202736 85874 59948 116862 54605 40376 102033 85102 64075 25926 19858 5343 5013 14229 9011 4396 13994 26530 20518 14829 14600 330 16931 617 14450 14066 10773 5218 384 11932
internal_count=202736 85874 59948 116862 54605 40376 102033 85102 64075 25926 19858 5343 5013 14229 9011 4396 13994 26530 20518 14829 14600 330 16931 617 14450 14066 10773 5218 384 11932
is_linear=0
shrinkage=0.02


Tree=208
num_leaves=31
num_cat=0
split_feature=34 4 44 14 44 14 44 19 12 17 45 44 34 5 5 14 6 34 4 14 5 35 40 14 36 14 12 34 44 6
split_gain=0.899672 1.04363 0.743156 1.22889 0.653047 0.766368 0.627946 0.615904 0.59688 0.472043 0.462418 0.432239 0.413849 0.560644 0.355823 0.336632 0.621223 0.342987 0.28492 0.258903 0.273616 0.230897 0.221006 0.214682 0.20653 0.204572 0.2001 0.1941 0.32767 0.289213
threshold=-0.035373432971301279 -0.48559999999999887 1.5862500858195583 0.6034166666666676 1.2411641850924389 1.1100500000000013 -0.82926754384568968 99.99999250000063 1.8092000000000039 0.49024633156922909 0.028741683132016877 3.6600125406477528 -0.10835613094779681 -2.7461999999999964 -1.4863999999999982 2.5471500000000016 -0.84406666666666685 0.048816194574023503 0.19560000000000427 1.1814666666666676 -0.75934999999999853 -4.9999999999927232 9.9999999998430642 0.97213333333333418 23.500000000000004 0.21783333333333468 0.51860000000000606 0.008748597228129958 0.80170117298024945 -0.84406666666666685
decision_type=2 2 2 2 2 2 2 2 2 2 2 2 2 2 2 2 2 2 2 2 2 2 2 2 2 2 2 2 2 2
left_child=7 19 3 6 8 -6 25 10 -5 -8 18 12 -12 -14 -9 16 -4 -18 23 20 -2 -16 -21 -1 -13 -3 -25 29 -29 -24
right_child=1 2 15 4 5 -7 9 14 -10 -11 11 24 13 -15 21 -17 17 -19 -20 22 -22 -23 27 26 -26 -27 -28 28 -30 -31
leaf_value=6.7954730530951494e-05 -0.00052867352901176409 -1.03685718768592e-05 -0.001109243797783095 0.00012834778116894166 0.0001631587707961922 0.00086343993572594055 -1.7154325751232655e-05 -0.00083493947255469506 -0.00017523520732220911 -0.00012526812472764634 0.00089376834196587518 -0.00079843690250464255 -0.0010176111015383728 0.00030634927035707026 -0.00015235970795470243 0.00022673463381668059 -9.4276613980304983e-05 -0.00037974108645116514 0.00062676107849627034 -0.00038736113765017405 -0.00019912616636777713 9.8413696887778002e-05 -0.00036280080987197475 -0.00091851299094376098 8.6312389937379582e-05 8.0632741145928723e-05 -0.00016598821903522046 -0.00064852376911193671 0.00018301269566031912 0.00043769773226591638
leaf_weight=1784 1140 15614 260 25776 1673 998 56480 210 2880 22625 473 202 130 8063 2384 1068 15897 1883 265 479 8689 3825 229 174 221 26913 753 312 483 853
leaf_count=1784 1140 15614 260 25776 1673 998 56480 210 2880 22625 473 202 130 8063 2384 1068 15897 1883 265 479 8689 3825 229 174 221 26913 753 312 483 853
internal_value=-5.42433e-14 -1.33444e-05 -6.77756e-07 1.40129e-05 0.000125716 0.000424814 -1.47568e-05 0.000133019 9.78369e-05 -4.80762e-05 0.000217228 0.000288079 0.00031855 0.000285342 -2.52579e-05 -0.000118276 -0.000138701 -0.000124509 8.44266e-07 -0.000192213 -0.000237348 2.12705e-06 -3.9115e-06 -6.0339e-05 -0.000336192 4.72212e-05 -0.000307239 9.39427e-05 -0.000143326 0.000268276
internal_weight=202736 184252 172067 152959 31327 2671 121632 18484 28656 79105 12065 9089 8666 8193 6419 19108 18040 17780 2976 12185 9829 6209 2356 2711 423 42527 927 1877 795 1082
internal_count=202736 184252 172067 152959 31327 2671 121632 18484 28656 79105 12065 9089 8666 8193 6419 19108 18040 17780 2976 12185 9829 6209 2356 2711 423 42527 927 1877 795 1082
is_linear=0
shrinkage=0.02


Tree=209
num_leaves=31
num_cat=0
split_feature=34 41 5 41 43 9 6 34 6 10 14 44 42 13 34 44 44 4 10 13 7 7 14 5 10 15 12 42 35 31
split_gain=0.884982 1.17869 1.02078 0.667425 0.655302 0.667937 0.881922 0.654925 0.534786 0.517196 0.480308 0.475438 0.419463 0.409226 0.399624 0.356358 0.353634 0.347077 0.378861 0.345886 0.42003 0.334352 0.360357 0.419828 0.32 0.311256 0.294574 0.292882 0.268515 0.268039
threshold=-0.011182320915101998 32.251667251010524 -0.11700000000000012 82.735042733566246 2.1400000000008736 0.26400000000000418 0.14799999999999913 -0.05112871521569394 -0.23196666666666635 -5.4410000000000132 0.30510000000000087 3.6600125406477528 0.30425085346673458 1.6320000000000012 -0.023313443908957194 -0.98203474161211024 -1.1871706919936587 -0.43719999999999876 -52.575499999999998 0.3672000000000018 1.0740712266871162 0.28607236846108391 1.3876333333333342 -1.080949999999999 -138.12749999999997 6.0170479446330107 0.38480000000000797 0.056687037881019746 -3.9599999999991264 -117.74999999999999
decision_type=2 2 2 2 2 2 2 2 2 2 2 2 2 2 2 2 2 2 2 2 2 2 2 2 2 2 2 2 2 2
left_child=1 7 21 4 -4 6 -6 11 28 10 -10 13 14 16 -3 -7 -1 -16 -19 -14 -21 -2 23 -23 -25 -15 -5 -11 -9 -13
right_child=2 12 3 26 5 15 -8 8 9 27 -12 29 19 25 17 -17 -18 18 -20 20 -22 22 -24 24 -26 -27 -28 -29 -30 -31
leaf_value=0.0006440767045147645 -2.7099293677623682e-05 0.00022715852930321322 -6.9192679368937853e-05 -5.682207341691879e-05 8.7179235343935529e-05 0.00011288665879854756 0.0004940221558779529 -0.00045441569653274566 -4.4125390490014986e-05 -0.00021301593544944514 0.000222916068920723 4.9317222416654913e-05 9.960153208469607e-05 0.00064672337661777514 -0.00024707418722481683 -3.3671023521282114e-05 6.8885618374288354e-05 0.00067990929821106015 4.5235318292044559e-05 0.00047925187565713652 0.00011032756398863409 -0.00096403922420091118 6.7713607491628732e-05 -0.0011636715078327273 -0.00020294518310081357 -5.3585371551833377e-05 -0.00023035039482224279 -2.1606832200284636e-05 -0.0001401875311970899 -0.0010498675973955568
leaf_weight=471 6606 6606 26456 10798 28735 8255 2302 1437 5014 4697 5823 165 2793 1186 1580 33845 4635 398 6874 4156 1756 303 1863 140 14697 323 6137 10017 4476 192
leaf_count=471 6606 6606 26456 10798 28735 8255 2302 1437 5014 4697 5823 165 2793 1186 1580 33845 4635 398 6874 4156 1756 303 1863 140 14697 323 6137 10017 4476 192
internal_value=9.80584e-14 6.25208e-05 -2.7928e-05 -3.63148e-06 1.61061e-05 4.69614e-05 0.000117355 -6.28934e-06 -4.51516e-05 -5.48612e-06 9.93629e-05 0.000169093 0.000171977 0.00020746 0.000109444 -4.93388e-06 0.000121944 2.15967e-05 7.99713e-05 0.00028302 0.000369673 -0.000147849 -0.000194763 -0.000227061 -0.00021201 0.000496823 -0.000119706 -8.27084e-05 -0.000216552 -0.000541841
internal_weight=202736 62599 140137 116528 99593 73137 31037 38436 31464 25551 10837 6972 24163 6615 15458 42100 5106 8852 7272 8705 5912 23609 17003 15140 14837 1509 16935 14714 5913 357
internal_count=202736 62599 140137 116528 99593 73137 31037 38436 31464 25551 10837 6972 24163 6615 15458 42100 5106 8852 7272 8705 5912 23609 17003 15140 14837 1509 16935 14714 5913 357
is_linear=0
shrinkage=0.02


Tree=210
num_leaves=31
num_cat=0
split_feature=34 31 45 45 9 6 9 10 23 9 6 45 4 10 42 6 10 34 34 33 6 10 13 13 9 10 9 10 9 17
split_gain=0.869189 1.29372 1.11806 0.993227 2.06045 1.47936 0.811233 0.93041 0.74474 0.659683 0.693794 0.612167 0.583185 0.544998 0.438258 0.39814 0.365263 0.341552 0.339307 0.351106 0.32944 0.32722 0.391983 0.390904 0.321338 0.924553 1.06003 0.311238 0.593395 0.32268
threshold=0.012962607989667283 15.049999999995636 0.043383337887632004 0.051360135937023245 0.33099999999998986 0.10586666666666576 5.58450000000001 -89.687499999999986 0.40000000000145525 -24.681499999999996 -0.067866666666666853 0.019150545480394212 0.21800000000000433 -49.330000000000005 0.98293449917024056 0.22631666666666642 -76.424999999999997 -0.037240706915477303 -0.00062480896580758552 0.010036573515523608 0.22631666666666642 -64.497 0.92840000000000167 0.64700000000000146 -11.218499999999988 -116.33499999999999 -1.9419999999999928 44.904999999999994 8.6695000000000064 0.46814459895897303
decision_type=2 2 2 2 2 2 2 2 2 2 2 2 2 2 2 2 2 2 2 2 2 2 2 2 2 2 2 2 2 2
left_child=1 3 14 6 5 8 15 -8 -5 -4 21 -9 16 -7 24 17 -6 -1 -3 -20 -14 22 -11 -23 -2 26 -26 29 -29 -12
right_child=2 18 9 4 12 13 7 11 -10 10 27 -13 20 -15 -16 -17 -18 -19 19 -21 -22 23 -24 -25 25 -27 -28 28 -30 -31
leaf_value=6.7856005241319079e-05 -0.00013319082944146448 0.00053407159004659774 0.00068234762257433511 0.00011697874262768552 -0.0011863507689180764 0.0020848307017744942 0.0017213958293465395 0.00027748825082616111 0.00050363973685293713 0.0010906880114427103 -9.5517807264569468e-05 -2.0689751661260558e-06 5.1807237585280287e-05 0.00071705017328392107 -0.00012548979986525319 0.0003678356948016593 -0.000148464484651131 -7.9850867413203185e-05 0.00010229083663224871 0.0003788401922158709 0.00060878665300698653 -0.00035419661086530228 -0.00062755145414070796 -0.00088969956627850139 -0.00013570131865266129 8.1883222259951995e-05 0.0026218777670093426 0.00064904187569986933 -8.253961669094739e-05 -0.0002472372680258361
leaf_weight=6955 2776 1446 373 32421 137 132 141 4641 2123 112 13972 9644 1901 994 6039 860 13594 62849 5137 2858 547 1554 101 840 102 18333 123 562 2103 9366
leaf_count=6955 2776 1446 373 32421 137 132 141 4641 2123 112 13972 9644 1901 994 6039 860 13594 62849 5137 2858 547 1554 101 840 102 18333 123 562 2103 9366
internal_value=-1.43056e-13 2.56951e-05 -6.6741e-05 1.00833e-05 7.9085e-05 0.000163996 -3.19624e-05 0.000104713 0.000140742 -0.000153314 -0.000164209 8.87553e-05 -0.000108119 0.000877394 2.4924e-05 -5.98646e-05 -0.00015882 -6.51339e-05 0.000252141 0.00020115 0.000176263 -0.000475257 0.000275936 -0.000542092 6.75015e-05 9.75221e-05 0.00137178 -0.000133024 7.17376e-05 -0.000156406
internal_weight=202736 146380 56356 136939 51849 35670 85090 14426 34544 28983 28610 14285 16179 1126 27373 70664 13731 69804 9441 7995 2448 2607 213 2394 21334 18558 225 26003 2665 23338
internal_count=202736 146380 56356 136939 51849 35670 85090 14426 34544 28983 28610 14285 16179 1126 27373 70664 13731 69804 9441 7995 2448 2607 213 2394 21334 18558 225 26003 2665 23338
is_linear=0
shrinkage=0.02


Tree=211
num_leaves=31
num_cat=0
split_feature=34 33 10 6 9 16 9 13 7 6 34 5 43 29 4 17 20 13 10 43 13 29 10 10 7 33 44 9 9 6
split_gain=0.841371 1.40152 0.826732 1.05456 0.882596 0.685695 0.678505 0.581992 0.532382 0.525085 0.523495 0.516852 0.512061 0.483116 0.433823 0.431354 0.483589 0.397413 0.345942 0.367919 0.298539 0.271732 0.26116 0.282812 0.271404 0.270026 0.26144 0.298724 0.232855 0.224519
threshold=0.0092113578576959523 0.0061801159941639681 -5.4410000000000132 0.20233333333333306 11.4055 0.069872537724417261 -26.471499999999999 1.0305999999999991 0.87312794020898943 -0.49360000000000032 -0.088155083954746957 -0.13609999999999897 4.4199999999997095 0.025874939322578786 -0.21059999999999554 1.046747009610512 8.150000000001457 1.938466666666667 -116.33499999999999 9.1199999999997114 0.31320000000000048 0.022914130155859972 -166.39949999999996 19.063999999999989 4.7597057539686558 0.042367737420652737 -0.65430216475782277 -4.2610000000000019 -4.0494999999999983 -0.14156666666666684
decision_type=2 2 2 2 2 2 2 2 2 2 2 2 2 2 2 2 2 2 2 2 2 2 2 2 2 2 2 2 2 2
left_child=1 2 3 5 7 9 17 -5 -6 -1 -8 22 -7 20 -12 16 18 -4 19 -13 -3 -20 -2 24 25 -24 27 -25 -28 -22
right_child=11 13 6 4 8 12 10 -9 -10 -11 14 15 -14 -15 -16 -17 -18 -19 21 -21 29 -23 23 26 -26 -27 28 -29 -30 -31
leaf_value=-0.0004984888134386727 0.00057949159941602659 6.4940171376180064e-05 0.00037838115644478688 0.00056976802628661287 -0.00055101775288645403 1.5524860749845351e-05 0.00064217011261605446 0.0015403583726934513 0.00076635365483726666 -3.8614451143432263e-05 -0.00014421840930229827 0.0013651097737220476 0.00015785120584497071 0.00060959402348717507 -2.2290455818705038e-05 -0.00013517857668010152 0.00016813920214441043 0.0018339630023322324 -9.8223771525614309e-05 -0.00020940727455063729 0.00011556910608230168 6.2181571303038775e-06 -0.00032247045628631623 0.0012658578773067956 -0.0012239537812733594 0.00062717476241646447 -0.00069172911245724673 6.519097264260123e-05 -1.4603855540821944e-05 0.00033839757124531341
leaf_weight=1076 157 5264 236 942 381 19728 438 335 181 12897 15371 144 20743 1147 48512 14400 5394 110 17212 101 2803 23664 4559 120 130 123 259 268 942 5099
leaf_count=1076 157 5264 236 942 381 19728 438 335 181 12897 15371 144 20743 1147 48512 14400 5394 110 17212 101 2803 23664 4559 120 130 123 259 268 942 5099
internal_value=-7.0614e-14 2.87762e-05 6.62985e-06 6.26781e-05 0.000533721 4.67673e-05 -4.21518e-05 0.000824386 -0.00012674 -7.40274e-05 -4.69033e-05 -5.76876e-05 8.84728e-05 0.000215921 -5.16278e-05 -3.95253e-05 -9.9132e-06 0.000841138 -3.3269e-05 0.000716023 0.000181625 -3.77601e-05 -0.000226391 -0.000246158 -0.000322551 -0.000297522 -1.48147e-05 0.000436531 -0.000160628 0.000259356
internal_weight=202736 135263 120950 56283 1839 54444 64667 1277 562 13973 64321 67473 40471 14313 63883 60915 46515 346 41121 245 13166 40876 6558 6401 4812 4682 1589 388 1201 7902
internal_count=202736 135263 120950 56283 1839 54444 64667 1277 562 13973 64321 67473 40471 14313 63883 60915 46515 346 41121 245 13166 40876 6558 6401 4812 4682 1589 388 1201 7902
is_linear=0
shrinkage=0.02


Tree=212
num_leaves=31
num_cat=0
split_feature=24 44 14 5 9 6 44 10 10 14 6 10 14 7 44 41 34 34 10 6 14 14 31 36 42 10 10 9 10 9
split_gain=0.838674 0.750012 0.787548 0.908859 0.769509 1.07966 0.599269 0.778151 0.493728 0.414751 0.57903 0.346053 0.335084 0.382503 0.309142 0.307319 0.293663 0.288482 0.286886 0.350017 0.274529 0.285245 0.275406 0.263134 0.260963 0.241184 0.239699 0.534713 0.176015 0.159315
threshold=0.2000000000043656 1.5862500858195583 0.53146666666666698 -0.51939999999999942 9.3770000000000078 0.088199999999999598 -0.83950811708194639 -80.640000000000001 12.402999999999986 3.7055333333333342 -1.2029666666666667 -46.304500000000012 1.3876333333333342 1.6208414170543979 2.2891819201307584 87.138122372443107 -0.018383473310645812 -0.05842326121061308 -18.221000000000021 0.030599999999999371 1.5994166666666678 2.0424500000000019 -31.799999999995631 39.500000000000007 -0.11392172431392238 42.282999999999987 -80.640000000000001 -7.7274999999999894 -209.34899999999996 -26.471499999999999
decision_type=2 2 2 2 2 2 2 2 2 2 2 2 2 2 2 2 2 2 2 2 2 2 2 2 2 2 2 2 2 2
left_child=1 2 6 20 5 -5 18 -8 -9 10 17 -6 13 -12 -11 -14 24 -3 19 -1 22 -22 -4 -18 -2 -20 27 28 -26 -25
right_child=16 9 3 4 11 -7 7 8 -10 14 12 -13 15 -15 -16 -17 23 -19 25 -21 21 -23 -24 29 26 -27 -28 -29 -30 -31
leaf_value=0.00023125452186241089 -0.00012999609430669413 -1.5350137779023497e-06 -5.4481495668009752e-05 8.5850699310159367e-05 -0.00049606718778371858 0.00035504765848582613 -0.00095500222185697153 -2.374052279620141e-05 -0.00014298881191480121 0.0011950288376216148 -0.00011773362289971921 -1.2664662552103655e-05 0.00011165112185502078 -0.00039170287458632221 0.00014378087981049912 -0.00087416146300683701 0.00012421980121560014 -0.001259666650805304 -1.2079046049160071e-06 -4.1943134357881728e-05 0.00054059375374274977 -0.00012723533694401616 -0.00035942458865813028 0.00046398326529798888 0.00095655524498100748 0.00024098596988279009 0.00025071229454969447 0.0019364343838942997 0.00024425761829353822 -0.00027743449410235372
leaf_weight=5725 592 100 2134 22337 631 8128 383 60088 18063 146 16191 9673 3031 2332 479 132 6721 269 31266 2790 415 667 2663 130 187 1736 4010 108 538 1071
leaf_count=5725 592 100 2134 22337 631 8128 383 60088 18063 146 16191 9673 3031 2332 479 132 6721 269 31266 2790 415 667 2663 130 187 1736 4010 108 538 1071
internal_value=-3.01167e-14 -1.08031e-05 3.87778e-06 7.36156e-05 0.000107139 0.000157672 -2.32201e-05 -5.57095e-05 -5.13023e-05 -0.000118709 -0.000133106 -4.22674e-05 -0.000119739 -0.000152226 0.000389352 7.05107e-05 0.00015317 -0.00091871 3.82373e-05 0.000141739 -0.000158859 0.00012891 -0.000223767 7.54944e-05 0.000266388 1.15322e-05 0.000314842 0.000623555 0.000427981 -0.000197181
internal_weight=202736 189379 166699 46648 40769 30465 120051 78534 78151 22680 22055 10304 21686 18523 625 3163 13357 369 41517 8515 5879 1082 4797 7922 5435 33002 4843 833 725 1201
internal_count=202736 189379 166699 46648 40769 30465 120051 78534 78151 22680 22055 10304 21686 18523 625 3163 13357 369 41517 8515 5879 1082 4797 7922 5435 33002 4843 833 725 1201
is_linear=0
shrinkage=0.02


Tree=213
num_leaves=31
num_cat=0
split_feature=34 45 45 31 42 14 6 6 42 34 6 36 9 6 17 14 44 9 14 45 9 10 14 10 9 34 13 44 15 6
split_gain=0.820688 1.57495 1.26889 1.22067 0.643481 0.664262 0.664999 0.564063 0.548094 0.661663 0.589021 0.569854 0.543753 0.552677 0.503512 0.553348 0.531668 0.473348 0.472175 0.45528 0.398123 0.434905 0.889738 0.360983 0.357082 0.317804 0.30765 0.300847 0.296816 0.293688
threshold=0.0018236664560350496 0.067217266334067591 0.068453763641211987 7.3499999999985457 0.58400679811697487 1.1814666666666676 -0.10456666666666729 -0.1383999999999998 0.11690645075610451 -0.015577675985557123 0.052866666666665972 17.500000000000004 7.8965000000000041 -0.49360000000000032 2.2764186888620919 1.3876333333333342 1.5529035827011366 1.4545000000000041 0.5929000000000012 0.026460065964752724 -7.4084999999999912 -21.42100000000001 1.0652500000000014 -166.39949999999996 -8.8284999999999929 0.014114095607827878 0.24906666666666538 3.3560177182225739 6.0170479446330107 0.59236666666666704
decision_type=2 2 2 2 2 2 2 2 2 2 2 2 2 2 2 2 2 2 2 2 2 2 2 2 2 2 2 2 2 2
left_child=1 3 14 8 5 12 27 -4 11 19 -11 28 13 -3 15 16 18 -8 -2 -10 25 22 -22 24 -17 -9 -5 -7 -1 -18
right_child=2 4 7 26 -6 6 17 20 9 10 -12 -13 -14 -15 -16 23 29 -19 -20 -21 21 -23 -24 -25 -26 -27 -28 -29 -30 -31
leaf_value=-0.00014708325926938426 -1.5144750008463102e-05 -0.0004537092890617215 -0.0007069761667780715 5.4664342495754743e-05 0.0007005942939679198 0.00046632071167627368 0.0019907778157236557 0.00087307748935543431 -2.6730415477671513e-05 -7.5648502381424375e-05 0.00010320309642544796 7.1889004362706244e-05 -0.00042442165366192165 0.00018409888255169776 -0.00015498875640597193 0.0004250116617555117 -0.00014248717342106758 0.00042063353868115883 0.00012527914669772372 0.00016785245766337578 -0.00037842427547258261 -0.00015956701152042993 -0.0021945318452313415 0.00018837878251974638 0.0018731370738104863 -0.00033616253181843828 0.00038364522000942675 -0.00037492520325293897 -0.0008345651853208741 -0.00077297586413638362
leaf_weight=16869 47225 565 865 1591 996 1377 192 251 7163 30725 9688 5811 666 14241 8655 205 6776 128 12015 14641 1388 12389 117 3219 102 133 3985 194 255 309
leaf_count=16869 47225 565 865 1591 996 1377 192 251 7163 30725 9688 5811 666 14241 8655 205 6776 128 12015 14641 1388 12389 117 3219 102 133 3985 194 255 309
internal_value=-6.1807e-14 3.72837e-05 -4.34299e-05 3.09906e-06 0.00020622 0.000177861 0.000531707 -0.000211054 -1.56734e-05 1.5134e-05 -3.27733e-05 -9.92463e-05 0.000134614 0.00015976 -1.10969e-05 6.73225e-06 -6.24688e-06 0.00136272 1.33359e-05 0.000103929 -0.00018101 -0.000198567 -0.00051961 0.000250873 0.000906148 0.000454252 0.000289777 0.000362437 -0.000157321 -0.000169985
internal_weight=202736 109087 93649 90728 18359 17363 1891 15143 85152 62217 40413 22935 15472 14806 78506 69851 66325 320 59240 21804 14278 13894 1505 3526 307 384 5576 1571 17124 7085
internal_count=202736 109087 93649 90728 18359 17363 1891 15143 85152 62217 40413 22935 15472 14806 78506 69851 66325 320 59240 21804 14278 13894 1505 3526 307 384 5576 1571 17124 7085
is_linear=0
shrinkage=0.02


Tree=214
num_leaves=31
num_cat=0
split_feature=24 4 34 29 45 5 45 14 44 14 34 9 6 10 34 45 45 4 10 33 13 38 10 44 34 9 6 44 10 34
split_gain=0.796308 0.733265 0.72365 1.14978 0.847484 0.8349 0.557496 0.489173 0.474774 0.818692 0.414345 0.411718 0.400558 0.347892 0.277355 0.453677 0.308206 0.2669 0.504566 0.240158 0.277725 0.239777 0.238367 0.238289 0.228223 0.22798 0.425496 0.226929 0.235059 0.2075
threshold=0.2000000000043656 -0.48559999999999887 0.012962607989667283 0.019074654836959141 0.039427130650176175 0.18640000000000076 0.077047779913319805 0.66855000000000142 1.6883562476704157 0.82336666666666825 -0.065533267403222698 -24.681499999999996 -0.067866666666666853 -54.442500000000003 -0.0024842186560654722 0.056871819700567962 0.067520937362557959 -3.5564999999999967 -15.51000000000001 0.010036573515523608 0.28620000000000279 99.500000000000014 -42.866500000000009 3.6600125406477528 0.00079869312406794044 5.8290000000000006 0.090233333333333485 -1.7457642262390676 -101.7825 -0.025757862091946946
decision_type=2 2 2 2 2 2 2 2 2 2 2 2 2 2 2 2 2 2 2 2 2 2 2 2 2 2 2 2 2 2
left_child=1 10 3 5 8 6 -3 -7 9 -4 21 -6 -13 -10 15 23 -16 18 -12 24 -21 -1 -18 27 -5 26 -17 -2 -29 -19
right_child=14 2 4 19 11 7 -8 -9 13 -11 17 12 -14 -15 16 25 22 29 -20 20 -22 -23 -24 -25 -26 -27 -28 28 -30 -31
leaf_value=0.00011497806190240603 -0.00063318122463414865 -1.7465268654422716e-05 1.3047210212450847e-05 0.00050062982103932501 0.00056766765918957228 8.0002938822806656e-05 0.00017540255843602508 0.00034694368505342165 -0.00089946896581254393 0.00038624925765515553 -0.001221489393738685 -0.00038747990483957814 -0.00011967014346310534 -0.0001385906345414249 0.00011073324405983713 0.00043277790304232264 -0.0011745039311969073 -5.7596262581193682e-05 0.00046042730547672157 0.00014055298443484297 0.00059070639168732502 0.0011286152527427836 -0.00017009330109105759 -0.00070804334005087569 0.00011792067632559916 -0.00027770385723958565 0.0016641697390764034 0.00061003347150570867 0.00012013793494825425 -0.00022235928185721928
leaf_weight=1232 147 98124 16681 770 330 8377 6385 4085 264 2737 243 2446 25768 2685 4778 2301 106 4760 101 821 1650 101 872 136 3271 164 118 431 4304 8548
leaf_count=1232 147 98124 16681 770 330 8377 6385 4085 264 2737 243 2446 25768 2685 4778 2301 106 4760 101 821 1650 101 872 136 3271 164 118 431 4304 8548
internal_value=-5.98569e-15 -1.05267e-05 1.00932e-06 2.71689e-05 -6.24399e-05 1.27693e-05 -5.68197e-06 0.000167505 2.97415e-05 6.56507e-05 -0.000144782 -0.000134673 -0.000142888 -0.000206706 0.000149251 0.000228559 4.45213e-05 -0.000177645 -0.000727671 0.00028582 0.000441141 0.00019178 -0.000278956 0.000117702 0.000190845 0.000443922 0.000492846 0.000140705 0.00016473 -0.000163427
internal_weight=202736 189379 174394 123483 50911 116971 104509 12462 22367 19418 14985 28544 28214 2949 13357 7601 5756 13652 344 6512 2471 1333 978 5018 4041 2583 2419 4882 4735 13308
internal_count=202736 189379 174394 123483 50911 116971 104509 12462 22367 19418 14985 28544 28214 2949 13357 7601 5756 13652 344 6512 2471 1333 978 5018 4041 2583 2419 4882 4735 13308
is_linear=0
shrinkage=0.02


Tree=215
num_leaves=31
num_cat=0
split_feature=34 45 45 31 42 42 43 36 6 9 17 14 13 5 14 6 10 44 14 6 6 44 9 44 5 6 34 43 44 9
split_gain=0.778902 1.57337 1.13646 1.02992 0.604172 0.595747 0.613412 0.563598 0.560663 0.595045 0.5255 0.58969 0.606898 0.499992 0.469393 0.543564 0.455415 0.940047 0.433532 0.393503 0.390784 0.389209 0.373903 0.364169 0.354962 0.331608 0.314504 0.299344 0.296627 0.274488
threshold=-0.00082026025026581682 0.069757284438060743 0.068453763641211987 7.3499999999985457 0.47587020884827375 0.11690645075610451 2.7600000000020377 17.500000000000004 -0.1383999999999998 -7.4084999999999912 2.2764186888620919 0.5929000000000012 0.57806666666666817 0.018300000000000181 1.1814666666666676 -0.10456666666666729 -21.85100000000002 0.28424159418221145 0.4160000000000012 0.052866666666665972 -0.49360000000000032 1.721909917657346 -15.052999999999995 3.3560177182225739 -1.4863999999999982 -0.25213333333333382 0.014114095607827878 18.719999999999711 -0.53818578318979238 -10.947500000000005
decision_type=2 2 2 2 2 2 2 2 2 2 2 2 2 2 2 2 2 2 2 2 2 2 2 2 2 2 2 2 2 2
left_child=1 3 10 5 14 7 25 24 -4 26 11 12 18 28 20 23 17 -11 -2 -8 -3 -15 -22 -16 -1 -7 -10 -9 -13 -17
right_child=2 4 8 -5 -6 6 19 27 9 16 -12 13 -14 21 15 29 -18 -19 -20 -21 22 -23 -24 -25 -26 -27 -28 -29 -30 -31
leaf_value=-0.00077368257929612825 -3.2572740716617504e-05 -0.00042501207295621215 -0.00064667842999741032 0.00032949440986422692 0.00066894704021473327 -0.00031386128900377205 4.262064520211644e-05 2.353095676544988e-05 0.00080496146960541573 -0.00025926238085993469 -0.00015203868389520504 0.00018554363322581847 -0.00023399882549455679 0.00023199064352037355 0.00050134535182782365 0.0022032488390239173 -0.00014661247790809963 -0.0014784527092962672 0.00011430392702630014 0.00020304921338473584 0.00046842176749449364 -2.9529085438700966e-05 0.00013166972811043566 -0.00060790833910239113 -0.00013570471064298261 -3.4448598084907791e-05 -0.00032621764800566769 0.00045862478329518455 -0.00010973114813274706 0.0007882466047183322
leaf_weight=356 43320 447 1017 3799 1181 1869 28765 5312 377 1237 9289 1827 5086 10167 1016 104 13126 318 9870 7767 1530 2933 9557 134 17352 18679 133 718 5334 116
leaf_count=356 43320 447 1017 3799 1181 1869 28765 5312 377 1237 9289 1827 5086 10167 1016 104 13126 318 9870 7767 1530 2933 9557 134 17352 18679 133 718 5334 116
internal_value=4.87624e-14 4.02467e-05 -3.8184e-05 7.66812e-06 0.000235966 -7.45992e-06 2.75577e-05 -9.16627e-05 -0.000192058 -0.000161622 -9.78702e-06 7.03787e-06 -2.52761e-05 9.99814e-05 0.000196339 0.000546337 -0.000184953 -0.000508589 -5.31813e-06 7.67291e-05 0.000154766 0.000173438 0.000178141 0.000372093 -0.000148531 -5.98633e-05 0.000509968 7.53381e-05 -3.43971e-05 0.00145716
internal_weight=202736 98702 104034 84617 14085 80818 57080 23738 16208 15191 87826 78537 58276 20261 12904 1370 14681 1555 53190 36532 11534 13100 11087 1150 17708 20548 510 6030 7161 220
internal_count=202736 98702 104034 84617 14085 80818 57080 23738 16208 15191 87826 78537 58276 20261 12904 1370 14681 1555 53190 36532 11534 13100 11087 1150 17708 20548 510 6030 7161 220
is_linear=0
shrinkage=0.02


Tree=216
num_leaves=31
num_cat=0
split_feature=14 44 14 6 9 43 45 34 34 15 6 34 42 45 14 15 6 9 6 34 6 34 0 15 17 44 20 6 41 45
split_gain=0.771839 0.77924 1.10794 1.13287 1.41686 1.0066 0.958123 0.9023 0.567456 0.54444 0.528045 0.541248 0.659663 0.653626 0.49351 0.718341 0.458839 0.4564 0.380863 0.362057 0.350459 0.339762 0.327314 0.354958 0.324735 0.320671 0.305466 0.305006 0.293327 0.276729
threshold=3.1651000000000011 -0.09187511517335252 0.80238333333333423 -0.84406666666666685 1.3800000000000148 4.5200000000026206 0.02777777777774321 0.057930511067481483 -0.077864218579604044 1.2427473592632323 -1.6954000000000005 0.034727837010514885 0.59283251811590876 0.055998959094736192 0.29813333333333447 1.0909235078017845 -0.266633333333334 -16.034999999999997 -0.020666666666667159 0.017057584541012822 -0.25908333333333367 -0.017316902058194916 -0.0059999999999999967 0.31205352104919054 0.0040941809488453879 -0.75985967929795561 8.150000000001457 -0.65279999999999994 11.042068854347919 0.049939393137914324
decision_type=2 2 2 2 2 2 2 2 2 2 2 2 2 2 2 2 2 2 2 2 2 2 2 2 2 2 2 2 2 2
left_child=1 5 9 8 7 16 -6 -5 -4 19 26 12 13 -12 25 17 21 -16 -15 20 -3 28 23 -18 -24 -7 -2 -14 -1 -17
right_child=10 2 3 4 6 14 -8 -9 -10 -11 11 -13 27 18 15 29 22 -19 -20 -21 -22 -23 24 -25 -26 -27 -28 -29 -30 -31
leaf_value=-0.00047849638356840135 -0.000973744894171701 -0.00023813053662067566 0.0002610800938482824 0.00030596025019960466 0.00025559043661120936 8.5775135518395155e-05 -0.00017116058537866048 -0.00053081480026282921 -0.00071857662224753319 -0.00025055825194736326 0.00011733680356711548 4.5401095667095374e-05 0.0010477360546471434 0.00081234341266536877 -0.00010659038975991319 -9.1870621412613938e-05 0.00010761533326290831 0.00022474409742926209 0.0022235278121013158 -0.0001611355945179815 -2.7199908706203114e-05 -0.00044710805181708821 0.00018960293412959448 -4.883216878377411e-05 -5.7841249164067638e-05 -0.00014502088196681169 9.2808224882216713e-05 0.0025551256809670194 0.00020776269387722026 0.00012172394723127669
leaf_weight=360 142 3399 307 10526 2870 5245 7889 542 1030 7414 572 620 111 306 1796 5745 15707 22443 102 13240 43145 1689 2254 9198 36078 4452 441 104 809 4200
leaf_count=360 142 3399 307 10526 2870 5245 7889 542 1030 7414 572 620 111 306 1796 5745 15707 22443 102 13240 43145 1689 2254 9198 36078 4452 441 104 809 4200
internal_value=1.02184e-13 -4.26944e-06 -4.77846e-05 7.14951e-05 0.000106111 3.14848e-05 -5.73233e-05 0.000264983 -0.000493629 -8.89018e-05 0.000356685 0.000524889 0.000773661 0.000553565 0.000105745 0.000141468 -1.78171e-05 0.000200194 0.00116514 -6.88542e-05 -4.26037e-05 -0.000265691 -6.61442e-06 4.98356e-05 -4.3291e-05 -2.01859e-05 -0.00016697 0.00177689 -3.57458e-06 -1.66477e-06
internal_weight=202736 200338 90362 23164 21827 109976 10759 11068 1337 67198 2398 1815 1195 980 43881 34184 66095 24239 408 59784 46544 2858 63237 24905 38332 9697 583 215 1169 9945
internal_count=202736 200338 90362 23164 21827 109976 10759 11068 1337 67198 2398 1815 1195 980 43881 34184 66095 24239 408 59784 46544 2858 63237 24905 38332 9697 583 215 1169 9945
is_linear=0
shrinkage=0.02


Tree=217
num_leaves=31
num_cat=0
split_feature=43 34 5 13 6 42 36 34 6 14 12 9 12 43 14 6 44 6 12 14 2 14 12 43 14 44 27 5 9 13
split_gain=0.756776 0.968208 1.10555 0.749756 0.67429 0.61462 0.725526 0.674868 0.517293 0.489215 0.463285 0.463236 0.434276 0.596738 0.354989 0.449725 0.350262 0.327862 0.304742 0.307453 0.303546 0.28511 0.277322 0.249017 0.23827 0.22557 0.214373 0.186936 0.18129 0.235161
threshold=1.8400000000008732 0.014734690150940173 0.10740000000000063 0.70893333333333497 -0.35843333333333355 0.11690645075610451 35.500000000000007 -0.011182320915101998 -0.24493333333333356 0.79136666666666755 0.22580000000000058 13.950500000000003 1.1509000000000047 10.480000000003203 1.3876333333333342 0.41516666666666652 0.52416611102019528 -0.40631666666666694 0.24280000000000704 0.61435000000000139 -0.99999997750000047 3.1651000000000011 1.8963000000000048 18.719999999999711 0.32320000000000132 0.17929635389578544 0.00011404465647402164 -0.26669999999999866 1.1060000000000016 1.2030666666666683
decision_type=2 2 2 2 2 2 2 2 2 2 2 2 2 2 2 2 2 2 2 2 2 2 2 2 2 2 2 2 2 2
left_child=8 2 5 4 -4 6 17 16 -1 22 -9 -11 13 18 27 -16 -7 -2 25 -20 -10 28 -5 -8 -6 -3 -22 -15 29 -14
right_child=1 12 3 9 24 7 23 10 20 11 -12 -13 21 14 15 -17 -18 -19 19 -21 26 -23 -24 -25 -26 -27 -28 -29 -30 -31
leaf_value=-0.00037846336141295214 -0.00037164203880828909 8.4042462423327134e-05 -0.00077533142526121132 0.00017536162337681381 8.799805256850978e-06 0.00018032526133696558 0.00013887274658943799 7.5035141737685041e-05 2.5869050701425079e-05 0.000578278276118998 -5.6310598011260223e-05 0.00011155701286803119 -0.00018093220135274445 -0.00049003791938860076 0.0010881888159677139 -0.00011393415716960781 2.9237250306387987e-05 -8.3378700013201186e-05 -0.00015385974775146424 1.0643871485598893e-05 -0.00013541638873800627 0.00017886235906518531 -0.00060238876277442547 0.0006014688116700031 0.00017564003013953439 -9.0557004109014636e-05 -6.6422790078889625e-06 0.00016210128321273272 -0.00016507838610873608 -0.00060026385989610915
leaf_weight=2182 1715 8112 345 1990 5193 17659 2138 18990 11099 3537 24731 1120 1113 186 361 190 9407 19791 14756 6567 18454 763 202 595 10051 4660 7184 3213 5402 1030
leaf_count=2182 1715 8112 345 1990 5193 17659 2138 18990 11099 3537 24731 1120 1113 186 361 190 9407 19791 14756 6567 18454 763 202 595 10051 4660 7184 3213 5402 1030
internal_value=-1.92883e-14 1.88343e-05 4.9378e-05 0.000175647 9.90164e-05 1.95627e-05 -6.73596e-05 4.93268e-05 -7.92769e-05 0.000350066 7.38774e-07 0.000466033 -5.8567e-05 -2.99599e-05 0.000202753 0.000673664 0.000127813 -0.000106366 -5.69203e-05 -0.000103196 -6.15067e-05 -0.000189568 0.000103689 0.000239584 0.000118804 2.0338e-05 -9.93327e-05 0.000126415 -0.000226826 -0.000382478
internal_weight=202736 163817 117464 22438 15589 95026 24239 70787 38919 6849 43721 4657 46353 38045 3950 551 27066 21506 34095 21323 36737 8308 2192 2733 15244 12772 25638 3399 7545 2143
internal_count=202736 163817 117464 22438 15589 95026 24239 70787 38919 6849 43721 4657 46353 38045 3950 551 27066 21506 34095 21323 36737 8308 2192 2733 15244 12772 25638 3399 7545 2143
is_linear=0
shrinkage=0.02


Tree=218
num_leaves=31
num_cat=0
split_feature=34 5 10 14 6 34 10 10 6 41 7 43 44 43 45 10 44 5 10 17 42 44 4 29 30 34 10 28 44 34
split_gain=0.735228 0.925987 0.734005 1.01238 1.10186 1.4182 0.576074 0.538999 0.528375 0.484728 0.459242 0.523084 0.392834 0.81075 0.383088 0.34266 0.326105 0.312408 0.297894 0.265805 0.257574 0.253769 0.240257 0.217345 0.193933 0.212864 0.271863 0.18332 0.182973 0.241315
threshold=-0.041230039570675385 -0.51939999999999942 9.3559999999999928 0.28980000000000117 -0.15460000000000065 0.014425828684113644 -31.858500000000017 25.899999999999991 -0.55223333333333302 20.318725098758538 6.8358087532284095 19.539999999997963 -0.41212650489820046 6.4800000000002926 0.076643400449091403 -209.34899999999996 2.8757842291610967 -0.13290000000000032 -64.497 0.34637408577463108 0.89453345903562642 -1.2166341907899294 0.04520000000000176 -0.11002916202964007 -21.150000000001452 -0.010914283775708088 -72.730999999999995 -0.0055615490389571134 3.6600125406477528 -0.10835613094779681
decision_type=2 2 2 2 2 2 2 2 2 2 2 2 2 2 2 2 2 2 2 2 2 2 2 2 2 2 2 2 2 2
left_child=9 15 3 18 6 -6 -5 8 -4 10 11 16 13 -9 22 -2 21 -10 -3 -20 -14 -1 28 -12 -17 -26 -27 -24 29 -11
right_child=1 2 7 4 5 -7 -8 12 17 14 23 -13 20 -15 -16 24 -18 -19 19 -21 -22 -23 27 -25 25 26 -28 -29 -30 -31
leaf_value=0.00043507987749169882 0.00093643609558849948 -0.00049691745694847226 0.0011913051512054493 9.4397241470583259e-05 0.00018263678172154662 -2.1132572964652412e-05 -0.00014650524385876836 -5.23085669723324e-06 -0.0002688181573360359 0.00088852401660453233 -0.00030017802612079927 0.00091638348078008566 -2.460793778217039e-05 0.0003839659046762232 0.00077595391682214068 -0.00043120079682211823 -0.00067452288056370159 -9.4519390576044537e-05 -1.0983320291526336e-05 -0.00011623046651746716 -0.00025675211611081867 -3.0542343844006412e-06 0.00073037220279057824 -0.0015558907192419558 -7.7743011079927643e-05 0.00032418109474200151 -0.00037099971946737435 0.00025155254559727856 -0.0003984703589129103 0.00015270305330608707
leaf_weight=589 101 582 123 5920 39027 21021 12058 8156 4888 185 120 266 11654 2903 524 1617 266 25954 32979 13539 2287 5173 561 102 3377 246 2638 744 229 4907
leaf_count=589 101 582 123 5920 39027 21021 12058 8156 4888 185 120 266 11654 2903 524 1617 266 25954 32979 13539 2287 5173 561 102 3377 246 2638 744 229 4907
internal_value=-1.3645e-13 -1.02396e-05 -9.48979e-07 2.59797e-05 7.01793e-05 0.000111303 -6.71781e-05 -6.11559e-05 -0.000116926 0.000141666 1.68931e-05 4.84267e-05 7.92069e-06 9.69337e-05 0.000255376 -0.0002211 1.0126e-05 -0.000122143 -4.72414e-05 -4.16154e-05 -6.26908e-05 4.17325e-05 0.000214207 -0.000877127 -0.00023594 -0.000185511 -0.000311702 0.00045739 0.000154565 0.000179437
internal_weight=202736 189070 181091 125126 78026 60048 17978 55965 30965 13666 6516 6294 25000 11059 7150 7979 6028 30842 47100 46518 13941 5762 6626 222 7878 6261 2884 1305 5321 5092
internal_count=202736 189070 181091 125126 78026 60048 17978 55965 30965 13666 6516 6294 25000 11059 7150 7979 6028 30842 47100 46518 13941 5762 6626 222 7878 6261 2884 1305 5321 5092
is_linear=0
shrinkage=0.02


Tree=219
num_leaves=31
num_cat=0
split_feature=34 5 45 42 9 9 11 42 43 10 7 9 17 14 10 9 34 5 44 13 14 9 45 22 44 5 42 34 33 9
split_gain=0.720526 0.952679 0.933603 0.786509 0.587727 0.550797 0.536471 0.523265 0.792711 0.83808 0.595316 0.510003 0.467996 0.427431 0.36501 0.641958 0.350727 0.343448 0.325118 0.342376 0.317122 0.308004 0.302486 0.281741 0.274715 0.262189 0.240999 0.229308 0.339129 0.232841
threshold=-0.015577675985557123 -0.21319999999999981 0.036283128646484607 0.25896443494423765 19.860500000000002 6.330500000000006 0.25650000000000006 0.98293449917024056 7.2500000000000009 -138.12749999999997 0.53178576513284181 -0.27099999999998697 0.5156773294801702 1.2694166666666675 -101.7825 -1.1619999999999844 0.061204343749087918 -0.28809999999999825 3.1601215743280169 0.37559999999999849 1.4832666666666674 -12.101999999999991 0.012097090945781992 0.96296296293806061 0.2509797594755237 -0.82029999999999836 0.21812358030745257 0.011851922352333519 0.0039876600460220409 2.5085000000000077
decision_type=2 2 2 2 2 2 2 2 2 2 2 2 2 2 2 2 2 2 2 2 2 2 2 2 2 2 2 2 2 2
left_child=2 26 4 5 14 6 25 8 9 -3 11 -10 -11 24 15 22 -12 20 19 -5 -16 -21 -1 -8 -6 -4 -2 28 -28 -29
right_child=1 7 3 18 13 -7 23 -9 10 12 16 -13 -14 -15 17 -17 -18 -19 -20 21 -22 -23 -24 -25 -26 -27 27 29 -30 -31
leaf_value=-0.00076920898846135689 -0.00032703835513202338 0.0013999133505774831 -0.00032643842324737255 0.00012604969197414615 0.0015535362357700087 -0.00024164596144791794 0.00034888105593006358 -0.00012844930029651445 0.00043301507236732603 6.9666942914558455e-06 7.9353328009921441e-05 0.00010723501214694785 -9.1368135213531733e-05 -1.3235578926692355e-05 -0.00016899235206244194 0.0017884059885635221 -0.00021100781472275547 -2.6489679155615935e-05 -0.00024639397239981846 0.00025658568013410283 -0.00070403635244559951 0.0005762120330509089 0.00046773041964868632 0.00013009259338372323 0.00051441047022370587 4.2426079661507164e-05 -0.00013524813318730616 -0.00037891927200368636 0.00018077701263231459 -2.6990597598491228e-05
leaf_weight=117 3108 167 827 2002 166 1984 3868 12436 3579 76051 12192 4152 25970 367 4630 114 1927 12850 391 2143 490 2758 244 6016 263 11342 7432 2391 1662 1097
leaf_count=117 3108 167 827 2002 166 1984 3868 12436 3579 76051 12192 4152 25970 367 4630 114 1927 12850 391 2143 490 2758 244 6016 263 11342 7432 2391 1662 1097
internal_value=-1.13633e-13 -2.17364e-05 6.54019e-05 0.000132743 -4.42533e-05 7.75436e-05 0.00010626 -4.76832e-06 7.63188e-06 -1.57477e-05 0.000116973 0.000258052 -1.8065e-05 0.000487839 -6.72159e-05 0.000480015 3.9724e-05 -8.16808e-05 0.000314651 0.00034643 -0.000220198 0.000436453 6.68387e-05 0.000215713 0.000916496 1.73582e-05 -0.000169328 -0.00013037 -7.74921e-05 -0.000268235
internal_weight=202736 152164 50572 31331 19241 24037 22053 136474 124038 102188 21850 7731 102021 796 18445 475 14119 17970 7294 6903 5120 4901 361 9884 429 12169 15690 12582 9094 3488
internal_count=202736 152164 50572 31331 19241 24037 22053 136474 124038 102188 21850 7731 102021 796 18445 475 14119 17970 7294 6903 5120 4901 361 9884 429 12169 15690 12582 9094 3488
is_linear=0
shrinkage=0.02


Tree=220
num_leaves=31
num_cat=0
split_feature=24 4 43 42 43 10 10 36 7 2 12 14 15 14 7 17 10 10 14 10 9 42 10 9 45 14 10 5 9 20
split_gain=0.714877 0.671741 0.681366 0.789317 0.641824 0.541174 0.341393 0.335331 0.285059 0.277703 0.275912 0.372932 0.257865 0.25579 0.239663 0.220171 0.223944 0.284026 0.592482 0.374624 0.290131 0.718683 0.196239 0.189453 0.419457 0.246224 0.526715 0.241563 0.214866 0.184522
threshold=0.2000000000043656 -0.48559999999999887 1.8400000000008732 0.88500624469179656 11.740000000000874 -2.8685000000000165 -89.687499999999986 82.500000000000014 1.0085157410481429 -0.99999998166666704 0.86860000000000881 0.58255000000000046 10.108610459382717 1.5994166666666678 4.2371964832941744 5.0812882086773348 -80.640000000000001 -138.12749999999997 1.7400000000000009 -166.39949999999996 -15.515999999999998 0.48978728135557253 -8.9600000000000115 -4.5679999999999827 0.033189892578358263 1.6623500000000015 -41.707000000000015 0.40025000000000144 -26.471499999999999 17.250000000000004
decision_type=2 2 2 2 2 2 2 2 2 2 2 2 2 2 2 2 2 2 2 2 2 2 2 2 2 2 2 2 2 2
left_child=1 7 6 4 5 -4 -3 12 -6 -8 11 -5 13 14 -1 16 17 18 -2 -20 29 -22 -11 24 28 -25 -27 -26 -18 -19
right_child=15 2 3 10 8 -7 9 -9 -10 22 -12 -13 -14 -15 -16 -17 23 20 19 -21 21 -23 -24 25 27 26 -28 -29 -30 -31
leaf_value=-0.00014757902692072566 -0.00069499680574313467 -0.00093773549524964867 7.8649976252399205e-05 -8.9197526695598072e-05 0.00033925805706169656 -1.1798670689832329e-05 1.3826384944677535e-05 0.00058203256951175689 8.626285927306219e-05 -2.6442441503772173e-05 -0.00021398591056377066 0.00015465795836222564 -0.00080810105128887493 0.00010334998200207897 -0.00051118206543529022 -3.1295922782155204e-05 -0.00087360015192173483 3.7288523925607034e-05 0.00079667164740864838 -0.00047710112008390149 0.0023295344385163238 0.00023303583497181536 -0.00014213846974703509 0.00012197416369637789 0.00036450343625546569 -0.0014788234695669049 -2.3452064317833525e-05 0.0013449210417678669 3.4656889545699384e-05 0.00099597091502204673
leaf_weight=12184 228 182 50483 14741 3989 55605 11267 254 3219 8686 5148 3023 235 1541 771 2418 116 235 425 118 126 136 18051 5267 2358 121 559 105 1023 122
leaf_count=12184 228 182 50483 14741 3989 55605 11267 254 3219 8686 5148 3023 235 1541 771 2418 116 235 425 118 126 136 18051 5267 2358 121 559 105 1023 122
internal_value=4.02321e-14 -9.97398e-06 1.0675e-06 2.19992e-05 4.36503e-05 3.12422e-05 -7.35952e-05 -0.000138474 0.000226274 -6.94569e-05 -8.50615e-05 -4.76993e-05 -0.000150897 -0.000140243 -0.000169218 0.000141414 0.00017959 0.000416772 0.000160607 0.000519867 0.000735841 0.00124128 -0.000104553 0.000145065 0.000259531 7.57341e-05 -0.000282423 0.0004063 -5.78434e-05 0.000364905
internal_weight=202736 189379 174394 136208 113296 106088 38186 14985 7208 38004 22912 17764 14731 14496 12955 13357 10939 1390 771 543 619 262 26737 9549 3602 5947 680 2463 1139 357
internal_count=202736 189379 174394 136208 113296 106088 38186 14985 7208 38004 22912 17764 14731 14496 12955 13357 10939 1390 771 543 619 262 26737 9549 3602 5947 680 2463 1139 357
is_linear=0
shrinkage=0.02


Tree=221
num_leaves=31
num_cat=0
split_feature=14 44 14 5 34 45 44 45 34 6 34 42 45 6 14 34 44 6 7 44 43 42 6 43 5 4 7 43 34 45
split_gain=0.705348 0.758459 0.795774 0.833034 0.897104 0.836735 0.575934 0.547848 0.527282 0.507675 0.503726 0.634997 0.617724 0.435915 0.427286 0.412388 0.372643 0.372521 0.35506 0.335411 0.306992 0.306869 0.294505 0.262999 0.337634 0.277145 0.241879 0.358604 0.335654 0.234129
threshold=3.1651000000000011 1.5529035827011366 0.50240000000000118 -0.20850000000000049 -0.0035232389179990563 0.052270522435041746 -0.83950811708194639 0.072818779544731357 -0.05842326121061308 -1.6954000000000005 0.034727837010514885 0.59283251811590876 0.055998959094736192 -1.2029666666666667 1.3876333333333342 -0.070498786730593274 2.597237872002077 -0.020666666666667159 1.3134835361940438 0.80170117298024945 8.4999999999956355 0.016466051329398716 -0.65279999999999994 28.550000000000001 -2.7461999999999964 0.041000000000003339 0.35617453582183406 1.8799999999973809 -0.0073600695534770683 0.028741683132016877
decision_type=2 2 2 2 2 2 2 2 2 2 2 2 2 2 2 2 2 2 2 2 2 2 2 2 2 2 2 2 2 2
left_child=1 2 6 8 7 -6 26 -5 29 23 11 12 -11 15 18 -3 -16 -14 -15 20 -8 -10 -13 24 -2 -26 27 -1 -28 -4
right_child=9 13 3 4 5 -7 19 -9 21 10 -12 22 17 14 16 -17 -18 -19 -20 -21 -22 -23 -24 -25 25 -27 28 -29 -30 -31
leaf_value=-8.0728993129537484e-06 -0.0014809265108174168 0.00011764021633790612 -0.00015690148816850544 0.00020763352353891245 0.0001425421371301737 -8.8753200814143291e-05 -4.6046119181351595e-05 0.00062787467102340833 -0.00033766037807525902 0.00010587678677292535 4.3334232258325022e-05 0.0010137009967185625 0.00077558552599643301 -9.4880170518577814e-05 0.00025313018159216607 -0.0012583973893325825 -0.00014349955751905932 0.0021712297289038771 -0.00031224148338491401 -0.00014992836788041471 0.00011818518676670763 -5.671732431262399e-05 0.0024949124138241201 0.00036724396911345328 0.00048956671202440567 -0.00082463927063781734 0.00011017272167731754 0.00014100987477878765 -9.018736745138362e-05 0.00035336738845133039
leaf_weight=11231 102 134 457 12982 15815 10351 60387 1372 1774 572 620 111 306 16888 2358 249 1584 102 3657 11704 4924 12607 104 223 138 120 5033 15173 9969 1689
leaf_count=11231 102 134 457 12982 15815 10351 60387 1372 1774 572 620 111 306 16888 2358 249 1584 102 3657 11704 4924 12607 104 223 138 120 5033 15173 9969 1689
internal_value=6.66686e-15 -4.0814e-06 1.05691e-05 7.19346e-05 0.000120744 5.10441e-05 -1.89925e-05 0.000247801 -4.77347e-05 0.000340976 0.000505904 0.000745898 0.000529955 -0.000107447 -9.6975e-05 -0.000776964 9.37538e-05 0.0011245 -0.00013357 -5.13329e-05 -3.36642e-05 -9.13737e-05 0.00173019 -0.00017248 -0.000506808 -0.000121692 4.11606e-05 7.75972e-05 -2.29688e-05 0.000244703
internal_weight=202736 200338 175468 57047 40520 26166 118421 14354 16527 2398 1815 1195 980 24870 24487 383 3942 408 20545 77015 65311 14381 215 583 360 258 41406 26404 15002 2146
internal_count=202736 200338 175468 57047 40520 26166 118421 14354 16527 2398 1815 1195 980 24870 24487 383 3942 408 20545 77015 65311 14381 215 583 360 258 41406 26404 15002 2146
is_linear=0
shrinkage=0.02


Tree=222
num_leaves=31
num_cat=0
split_feature=14 44 10 9 14 6 10 43 7 10 9 44 44 44 44 10 6 14 10 44 10 44 44 7 33 14 29 10 9 6
split_gain=0.677416 0.728424 0.794707 0.737372 0.851708 1.13948 0.646547 0.635979 0.96405 0.558646 1.0249 0.655024 1.42376 0.773635 0.458776 0.440052 0.418653 0.410365 0.403525 0.388283 0.395344 0.357886 0.354694 0.340999 0.335083 0.334869 0.318953 0.30183 0.26519 0.252336
threshold=3.1651000000000011 1.5529035827011366 -8.2870000000000061 12.978000000000005 0.2919666666666681 -0.15460000000000065 104.706 14.420000000002622 0.92377066959217025 57.764499999999991 -47.567499999999988 2.1876406604074967 1.1609765836092667 1.5529035827011366 -0.64451130320852501 -166.39949999999996 -1.2029666666666667 1.3876333333333342 -12.025000000000018 2.597237872002077 -116.33499999999999 2.597237872002077 -0.41212650489820046 1.3134835361940438 0.034998204907517226 1.0458833333333348 -0.074139934311556729 -64.497 -8.4569999999999919 0.019599999999999607
decision_type=2 2 2 2 2 2 2 2 2 2 2 2 2 2 2 2 2 2 2 2 2 2 2 2 2 2 2 2 2 2
left_child=1 2 3 4 27 -6 7 14 -9 10 15 12 29 -14 -4 -2 26 23 24 -17 -21 -19 25 28 -5 -8 -3 -1 -18 -12
right_child=9 16 6 18 5 -7 22 8 -10 -11 11 -13 13 -15 -16 19 17 21 -20 20 -22 -23 -24 -25 -26 -27 -28 -29 -30 -31
leaf_value=-0.00047882000911059013 0.00057916406817253181 -4.9918916993192397e-05 1.6837779814460084e-05 -0.0005487700305355247 -8.5577834239372184e-06 0.00020013817112874099 0.00055952059930603631 0.00083731085182437619 1.2433837620845986e-05 -0.00030184287208916502 0.0010358259154365924 0.00017815103785324027 0.0036484748634816205 0.0014940872132297486 -6.8755831706637658e-05 -0.00082490763529461438 4.9838694264932246e-05 0.00024806757948683795 0.00053068893713540159 -0.00068936327515128893 0.00067424114095047114 -0.00014062956603059761 -0.00019670717820065889 -0.00030599665390937126 0.00035049664443346395 0.001772473788361496 -0.0012296014811109864 -1.7675645041942287e-05 -0.00013696160497926442 -3.5214774281812018e-05
leaf_weight=584 393 152 41652 1400 16507 28591 284 845 1721 449 174 286 117 155 62836 283 3976 2358 191 136 227 1584 146 3657 188 134 231 20389 12912 178
leaf_count=584 393 152 41652 1400 16507 28591 284 845 1721 449 174 286 117 155 62836 283 3976 2358 191 136 227 1584 146 3657 188 134 231 20389 12912 178
internal_value=-1.07478e-13 -3.99977e-06 1.03577e-05 6.39623e-05 7.47812e-05 0.00012375 -2.34384e-05 -2.69965e-05 0.000284071 0.000334156 0.000480674 0.000970738 0.00133401 0.00242079 -3.46357e-05 5.14552e-05 -0.000105298 -9.50355e-05 -0.000337843 -0.000269581 0.000163359 9.18788e-05 0.000651943 -0.000130899 -0.000442308 0.000948362 -0.000761425 -3.05164e-05 -9.29826e-05 0.00049422
internal_weight=202736 200338 175468 67850 66071 45098 107618 107054 2566 2398 1949 910 624 272 104488 1039 24870 24487 1779 646 363 3942 564 20545 1588 418 383 20973 16888 352
internal_count=202736 200338 175468 67850 66071 45098 107618 107054 2566 2398 1949 910 624 272 104488 1039 24870 24487 1779 646 363 3942 564 20545 1588 418 383 20973 16888 352
is_linear=0
shrinkage=0.02


Tree=223
num_leaves=31
num_cat=0
split_feature=34 5 44 14 12 10 17 20 41 11 15 43 14 6 45 44 33 34 6 31 14 14 11 44 13 45 10 45 5 10
split_gain=0.676967 0.862138 0.652332 0.963393 0.695343 0.790904 0.655936 0.647305 0.635485 0.58095 0.403529 0.466942 0.382063 0.581305 0.359453 0.311983 0.29885 0.276802 0.321097 0.259036 0.249598 0.242815 0.240089 0.238563 0.228871 0.219682 0.218491 0.222758 0.182409 0.180066
threshold=-0.0330218690192755 -0.51939999999999942 1.5862500858195583 0.6446666666666665 1.8092000000000039 -52.575499999999998 0.49024633156922909 5.0499999999956353 20.318725098758538 0.22650000000000006 7.2229586547185534 19.539999999997963 3.7055333333333342 -1.2029666666666667 0.077047779913319805 2.8757842291610967 -0.026535880518500296 -0.05842326121061308 -0.59721666666666684 -96.29999999999562 1.4832666666666674 1.3876333333333342 0.23550000000000007 1.1609765836092667 1.6320000000000012 0.020508799256676938 27.920499999999986 0.04519090992865981 0.41445000000000143 -80.640000000000001
decision_type=2 2 2 2 2 2 2 2 2 2 2 2 2 2 2 2 2 2 2 2 2 2 2 2 2 2 2 2 2 2
left_child=8 20 3 6 5 -5 7 -3 10 -8 11 15 13 -4 16 24 17 -10 -19 -12 29 -15 -18 -16 -1 -6 27 -14 -24 -2
right_child=1 2 12 4 25 -7 9 -9 14 -11 19 -13 26 21 23 -17 22 18 -20 -21 -22 -23 28 -25 -26 -27 -28 -29 -30 -31
leaf_value=-2.0239001356851996e-05 -0.0010752645181868314 -4.3334388991065115e-06 -0.0013503497314046732 0.00043891153301195559 0.00016053001246587741 0.0001082528465176995 -0.00033732044367797441 0.00016116034691882419 0.00025557809864133188 -6.0095658142384985e-05 -0.00019371660487007514 0.00084129157465381117 0.00035237105151795465 -0.00014657528330848694 0.00035890906295574373 -0.00065149279246516721 0.0001389476556895424 -0.00066599675827861251 2.1488241727738762e-05 -0.0015035127294310048 5.1159611481681529e-06 5.4609417266055325e-05 0.00036703845662902531 0.0010926667752796315 0.00045439409435330674 -0.00023460508033313851 -8.2509389855355645e-05 0.00150743290548615 0.0010517885227983987 -0.00027863067990202176
leaf_weight=8046 116 80940 154 3352 712 21154 3332 10704 2047 32676 126 260 170 16098 489 301 2514 298 3085 116 1387 2820 2735 278 428 2686 183 110 165 5254
leaf_count=8046 116 80940 154 3352 712 21154 3332 10704 2047 32676 126 260 170 16098 489 301 2514 298 3085 116 1387 2820 2735 278 428 2686 183 110 165 5254
internal_value=7.57077e-14 -1.23863e-05 -3.83154e-06 9.84877e-06 0.000116304 0.000153481 -1.34218e-05 1.49962e-05 0.000107834 -8.57487e-05 -1.55806e-05 6.0071e-06 -0.000112767 -0.000126548 0.00020644 -1.87421e-05 0.000176845 7.2006e-05 -3.90706e-05 -0.000821553 -0.000234063 -0.000116586 0.000281993 0.00062486 3.7335e-06 -0.00015181 0.000454906 0.000806145 0.000405998 -0.000295839
internal_weight=202736 181848 175091 155556 27904 24506 127652 91644 20888 36008 9277 9035 19535 19072 11611 8775 10844 5430 3383 242 6757 18918 5414 767 8474 3398 463 280 2900 5370
internal_count=202736 181848 175091 155556 27904 24506 127652 91644 20888 36008 9277 9035 19535 19072 11611 8775 10844 5430 3383 242 6757 18918 5414 767 8474 3398 463 280 2900 5370
is_linear=0
shrinkage=0.02


Tree=224
num_leaves=31
num_cat=0
split_feature=34 45 41 45 5 14 34 41 14 15 43 44 34 41 34 4 34 28 6 23 9 6 9 29 23 45 9 30 5 44
split_gain=0.665268 1.34526 0.956992 0.837404 0.534367 0.538903 0.556974 0.521018 0.502037 0.49588 0.571877 0.44046 0.478357 0.450349 0.404993 0.395495 0.3929 0.447694 0.418068 0.38428 0.363595 0.355299 0.33514 0.314585 0.306336 0.280054 0.271672 0.243624 0.238423 0.226341
threshold=-0.004181939784246763 0.069757284438060743 42.181818180206456 0.072460296408940902 -0.11700000000000012 0.79136666666666755 0.061204343749087918 29.331434820295112 3.1651000000000011 0.52043923751322774 3.3600000000020378 0.52416611102019528 -0.026807676893757782 10.14492753588622 0.030401569311765849 -0.41039999999999838 0.00020210538072420653 0.0057029539926256598 -0.27451666666666646 1.0499999999956346 6.4670000000000085 -0.98366666666666713 -10.682499999999983 0.010318062796710327 0.29999999999563448 0.047329919044395839 -19.967499999999987 -10.450000000004364 -0.38389999999999935 -0.65430216475782277
decision_type=2 2 2 2 2 2 2 2 2 2 2 2 2 2 2 2 2 2 2 2 2 2 2 2 2 2 2 2 2 2
left_child=1 2 11 4 29 9 8 -3 -7 10 -6 12 13 -1 -11 -14 17 -5 -18 21 24 -13 -20 25 28 26 -4 -27 -9 -2
right_child=3 7 23 16 5 6 -8 20 -10 14 -12 19 15 -15 -16 -17 18 -19 22 -21 -22 -23 -24 -25 -26 27 -28 -29 -30 -31
leaf_value=-0.00014808773040096747 -6.7889543325008206e-06 0.00010920542024852903 -0.00045407572536427881 -5.1508982893321849e-05 -3.7095426190701332e-05 0.00015409125558236752 -0.00016210740460642832 4.1265119759771936e-05 0.00086375063336242386 -4.5531649395764385e-05 9.5084171715512835e-05 -0.00064612262533740529 -0.00026429378378375597 0.00015272314713606842 -0.00024474307324509235 -1.7961418347144046e-05 -0.0010770456946480812 0.00088593426339502921 0.00053939256692301263 0.00022841811734778113 -0.00033266284890143993 -0.0001262461700190883 -0.00022258267530694345 0.0003925853621874379 0.00091673409727250851 2.5888834482690329e-05 6.7660098093462199e-05 0.00030800610374003299 0.00041280681941426072 -0.0001730445290555186
leaf_weight=2416 4738 6751 416 882 31523 10822 2288 812 414 16362 22394 545 2961 11311 5439 21813 225 265 236 1190 286 14957 10663 1733 422 1771 9892 3967 4631 10611
leaf_count=2416 4738 6751 416 882 31523 10822 2288 812 414 16362 22394 545 2961 11311 5439 21813 225 265 236 1190 286 14957 10663 1733 422 1771 9892 3967 4631 10611
internal_value=7.68834e-14 4.22638e-05 8.97851e-06 -3.10568e-05 -1.27187e-05 6.0294e-06 0.000122321 0.000230521 0.000180239 -1.47414e-05 1.78043e-05 -3.21287e-05 5.07273e-06 9.97794e-05 -9.52317e-05 -4.74032e-05 -0.00018736 0.000165076 -0.0002237 -0.000117936 0.00036367 -0.000144523 -0.000206083 0.000136591 0.000397626 0.000108944 4.66044e-05 0.000220932 0.000357379 -0.000121724
internal_weight=202736 85874 72972 116862 104591 89242 13524 12902 11236 75718 53917 55193 38501 13727 21801 24774 12271 1147 11124 16692 6151 15502 10899 17779 5865 16046 10308 5738 5443 15349
internal_count=202736 85874 72972 116862 104591 89242 13524 12902 11236 75718 53917 55193 38501 13727 21801 24774 12271 1147 11124 16692 6151 15502 10899 17779 5865 16046 10308 5738 5443 15349
is_linear=0
shrinkage=0.02


Tree=225
num_leaves=31
num_cat=0
split_feature=24 4 43 9 45 45 14 9 9 44 36 4 2 44 14 17 44 43 9 45 45 14 44 9 27 25 43 15 44 17
split_gain=0.653496 0.62962 0.662734 0.71666 1.10123 0.942089 0.714868 0.584397 0.566995 0.38723 0.311621 0.352074 0.29368 0.230643 0.283327 0.204276 0.233677 0.312793 0.222892 0.568159 0.358379 0.267355 0.230201 0.186036 0.182789 0.227618 0.173391 0.154634 0.150655 0.150508
threshold=0.2000000000043656 -0.19919999999999857 1.8400000000008732 0.26400000000000418 0.033189892578358263 0.026803806796055183 0.44293333333333446 4.2769999999999904 -23.175499999999992 -0.59560860008446725 30.500000000000004 -3.5564999999999967 -0.99999998166666704 -0.59560860008446725 1.4832666666666674 5.0812882086773348 -1.6808396684457148 12.740000000000874 -4.4680000000000062 0.028425304673578653 0.054517469257182948 2.1761666666666684 -0.19341946934428439 -35.039999999999999 0.00011404465647402164 0.15000000000145522 11.740000000000874 0.98692598506648521 1.8980549983019654 0.016322187895100784
decision_type=2 2 2 2 2 2 2 2 2 2 2 2 2 2 2 2 2 2 2 2 2 2 2 2 2 2 2 2 2 2
left_child=1 10 12 4 8 7 -6 -5 -4 -7 11 28 29 27 -15 16 17 -2 19 22 -20 -22 -18 -12 -14 -26 -21 -13 -1 -3
right_child=15 2 3 5 6 9 -8 -9 -10 -11 23 13 24 14 -16 -17 18 -19 20 26 21 -23 -24 -25 25 -27 -28 -29 -30 -31
leaf_value=-0.00045887209754437208 3.5417914839480581e-05 0.00027162738778120649 -0.00049071388776580503 -5.3024778147441691e-06 7.0683001469002831e-05 1.3880875446670906e-05 0.00025603194687227426 0.00022316980366260741 -3.274989321472664e-06 -0.00011350031328126345 0.00064958498070201475 3.4428622373931779e-05 -0.00013612188113750086 -0.0001475405219347273 0.00010350171294082134 -3.1152063073228243e-05 -0.00039336654989597487 -0.0011379584905783808 0.00021618866504137448 0.00029955205784020379 -3.1713617544025193e-05 -0.00078017229405371907 0.00015900166893998783 7.6711363815854346e-05 0.00034590090467993969 -5.2108355202963806e-05 0.00059235019707892117 -0.00012265624838910761 -0.0013547707021923719 3.3758672796451709e-07
leaf_weight=270 365 896 999 9276 18071 14789 15431 8658 21453 26926 253 7643 18375 21670 1961 2418 505 121 4093 1713 1643 216 750 2185 629 6664 1533 3730 104 9396
leaf_count=270 365 896 999 9276 18071 14789 15431 8658 21453 26926 253 7643 18375 21670 1961 2418 505 121 4093 1713 1643 216 750 2185 629 6664 1533 3730 104 9396
internal_value=-8.52715e-14 -9.53618e-06 8.67946e-06 3.20048e-05 8.34196e-05 -1.6225e-05 0.000156055 0.000104997 -2.49635e-05 -6.83405e-05 -8.25428e-05 -9.76143e-05 -6.63061e-05 -9.10926e-05 -0.000126708 0.000135206 0.000171979 -0.000256719 0.000191911 0.000298113 0.000111599 -0.000118678 -6.3266e-05 0.000136161 -0.000102498 -1.77812e-05 0.000437833 -1.70905e-05 -0.000707999 2.39555e-05
internal_weight=202736 189379 151563 115603 55954 59649 33502 17934 22452 41715 37816 35378 35960 35004 23631 13357 10939 486 10453 4501 5952 1859 1255 2438 25668 7293 3246 11373 374 10292
internal_count=202736 189379 151563 115603 55954 59649 33502 17934 22452 41715 37816 35378 35960 35004 23631 13357 10939 486 10453 4501 5952 1859 1255 2438 25668 7293 3246 11373 374 10292
is_linear=0
shrinkage=0.02


Tree=226
num_leaves=31
num_cat=0
split_feature=34 41 5 34 14 6 14 10 12 34 6 10 14 44 13 30 44 10 44 15 44 41 34 15 10 31 10 6 9 10
split_gain=0.636138 0.902116 0.871265 0.493713 0.896414 0.814048 0.671714 0.70017 0.462171 0.443024 0.441142 0.462106 0.442793 0.422601 0.325213 0.324556 0.315032 0.28324 0.270576 0.268834 0.25821 0.339979 0.254346 0.240443 0.261365 0.276882 0.238879 0.236775 0.325191 0.27878
threshold=-0.015577675985557123 32.251667251010524 -0.21319999999999981 0.041686708810711452 3.1651000000000011 0.83995000000000031 0.4190000000000012 4.6739999999999915 0.13640000000000149 -0.05112871521569394 -0.23196666666666635 -5.4410000000000132 0.30510000000000087 3.6600125406477528 1.6320000000000012 -22.299999999995631 -1.2166341907899294 -45.152499999999996 0.22035322461881265 6.0170479446330107 1.0000000180025095e-35 10.14492753588622 -0.024754778808360828 0.45903458472793363 -1.1120000000000165 60.549999999995642 -166.39949999999996 -0.1383999999999998 -6.6859999999999964 -209.34899999999996
decision_type=2 2 2 2 2 2 2 2 2 2 2 2 2 2 2 2 2 2 2 2 2 2 2 2 2 2 2 2 2 2
left_child=1 9 -2 4 6 -6 8 -8 -4 13 20 12 -12 14 16 -3 -1 27 22 -16 21 -11 -19 24 25 -5 -25 29 -29 -17
right_child=2 15 3 23 5 -7 7 -9 -10 10 11 -13 -14 -15 19 17 -18 18 -20 -21 -22 -23 -24 26 -26 -27 -28 28 -30 -31
leaf_value=0.00061270072327707559 -0.00016156803402995895 2.4393485200706647e-05 2.6140836070884319e-05 -0.00035578220910233431 0.00042207748591657041 0.0024396782567425858 0.00013284218898910869 -2.6173443211399092e-05 -7.2172034975591718e-05 -0.00047012145762375838 -4.3013350262755015e-05 -7.4047964543461978e-05 0.00023932838252003176 -0.00052655536317411963 0.00057715064433915236 0.001242869264964962 5.5167999490130019e-05 0.0004537984838081055 7.7286454625925723e-05 -7.3687284800225627e-05 -0.00032322520911204898 7.5538850615339647e-05 0.00018224308667367985 0.00059823898598551748 0.00016101402234670149 0.00015077027161922149 -0.00020204553483072648 0.0014388818928007471 0.0004690251470555236 0.00020941376728380001
leaf_weight=444 15690 4032 32963 1164 326 106 26244 19164 45567 592 3976 12210 5036 357 1186 114 4662 2140 4787 323 2929 1999 3883 152 2022 686 8080 197 464 1241
leaf_count=444 15690 4032 32963 1164 326 106 26244 19164 45567 592 3976 12210 5036 357 1186 114 4662 2140 4787 323 2929 1999 3883 152 2022 686 8080 197 464 1241
internal_value=-8.86542e-14 6.14527e-05 -2.04239e-05 -4.19702e-06 7.6702e-06 0.000917137 4.50015e-06 6.57312e-05 -3.09052e-05 1.72114e-06 -3.52975e-05 6.13095e-06 0.000114762 0.000143711 0.000179884 0.000180909 0.000103649 0.000230111 0.000189523 0.000437839 -0.000194572 -4.91354e-05 0.000278728 -0.000126134 3.83995e-06 -0.000167947 -0.000187269 0.000447747 0.000758075 0.000296361
internal_weight=202736 50572 152164 136474 124370 432 123938 45408 78530 33714 26742 21222 9012 6972 6615 16858 5106 12826 10810 1509 5520 2591 6023 12104 3872 1850 8232 2016 661 1355
internal_count=202736 50572 152164 136474 124370 432 123938 45408 78530 33714 26742 21222 9012 6972 6615 16858 5106 12826 10810 1509 5520 2591 6023 12104 3872 1850 8232 2016 661 1355
is_linear=0
shrinkage=0.02


Tree=227
num_leaves=31
num_cat=0
split_feature=43 42 4 9 45 45 14 10 9 38 4 10 14 10 14 33 45 2 12 14 10 9 37 12 10 12 1 45 12 9
split_gain=0.626728 0.709983 0.845501 0.684166 1.04907 0.885999 0.873769 0.863375 0.531558 0.479241 0.358097 0.470034 0.350214 0.342382 0.282076 0.242336 0.305675 0.234112 0.199187 0.201711 0.181517 0.229463 0.178283 0.157277 0.169229 0.156736 0.18253 0.153178 0.149569 0.127344
threshold=1.8400000000008732 0.98293449917024056 -0.16439999999999835 0.26400000000000418 0.033189892578358263 0.033803875075718678 0.4160000000000012 -80.640000000000001 -23.175499999999992 36.500000000000007 -3.5564999999999967 -10.081000000000012 3.1651000000000011 -89.687499999999986 3.7055333333333342 -0.074783262195211128 0.058333333333210002 -0.99999998166666704 0.63380000000000336 0.54916666666666825 -8.9600000000000115 -19.214999999999989 0.054333333332427791 0.13840000000000166 -54.442500000000003 0.089800000000007194 0.99999999911892579 0.067217266334067591 0.27000000000000551 5.2260000000000186
decision_type=2 2 2 2 2 2 2 2 2 2 2 2 2 2 2 2 2 2 2 2 2 2 2 2 2 2 2 2 2 2
left_child=13 2 9 4 8 7 -6 -5 -4 10 11 -2 -12 -1 -7 16 -11 23 19 -3 21 -19 -17 24 -15 -22 -27 28 -21 -23
right_child=1 18 3 5 6 14 -8 -9 -10 15 12 -13 -14 17 -16 22 -18 20 -20 27 25 29 -24 -25 -26 26 -28 -29 -30 -31
leaf_value=-0.00093519486405484664 -0.00098204625824912942 -0.00010463357558971581 -0.00043288883244102223 0.0012325784164200352 7.3411451143580602e-05 -5.9632113007121477e-05 0.00028304645880215367 9.6341402421373613e-05 2.4146182280334129e-05 0.00017455282586747314 -6.4023257348121756e-05 0.00057676190990023314 0.00043306874284601733 0.00075135308521359027 0.00074777280525051076 0.0002870493022234946 0.0012105751431630346 -0.00049109214382680175 -0.00022553340865976695 -0.00015705109802305415 -7.3052987290862323e-05 -2.7013385577403651e-05 -1.5462529916529899e-05 -9.1688764184176842e-05 4.9333521074996496e-05 -0.00030953526977383738 -0.00012808000417790399 -0.00042841892423622533 0.00044890447484830604 0.00025458299195992631
leaf_weight=183 342 6120 1073 271 15213 32685 16665 20704 19828 278 40334 100 575 140 174 1355 193 405 5068 217 8481 7802 1834 4109 7264 3377 6458 134 654 700
leaf_count=183 342 6120 1073 271 15213 32685 16665 20704 19828 278 40334 100 575 140 174 1355 193 405 5068 217 8481 7802 1834 4109 7264 3377 6458 134 654 700
internal_value=1.13811e-14 1.71398e-05 2.8947e-05 5.96342e-05 0.000110803 9.46833e-06 0.000183003 0.000111022 6.83258e-07 -4.37387e-05 -6.31541e-05 -0.000629375 -5.70363e-05 -7.21444e-05 -5.53566e-05 0.000175618 0.00059908 -6.80671e-05 -0.000129686 -6.15105e-05 -0.000100042 -2.59844e-05 0.000113074 7.53922e-06 6.26078e-05 -0.000136056 -0.000190385 0.00020109 0.000297937 -3.82855e-06
internal_weight=202736 163817 151624 106613 52779 53834 31878 20975 20901 45011 41351 442 40909 38919 32859 3660 471 38736 12193 7125 27223 8907 3189 11513 7404 18316 9835 1005 871 8502
internal_count=202736 163817 151624 106613 52779 53834 31878 20975 20901 45011 41351 442 40909 38919 32859 3660 471 38736 12193 7125 27223 8907 3189 11513 7404 18316 9835 1005 871 8502
is_linear=0
shrinkage=0.02


Tree=228
num_leaves=31
num_cat=0
split_feature=24 44 10 10 14 14 5 34 44 42 34 14 10 41 45 10 14 44 13 10 44 34 12 4 45 15 45 44 42 34
split_gain=0.612112 0.610934 0.619273 0.607008 0.61489 0.554863 0.663146 0.633978 0.448281 0.434391 0.404931 0.337745 0.299998 0.86539 0.392361 0.32066 0.296431 0.263294 0.262504 0.260418 0.29518 0.205695 0.264707 0.260045 0.246889 0.197809 0.192185 0.141573 0.150612 0.247714
threshold=0.34999999999854486 1.5862500858195583 -7.1160000000000165 104.706 3.1651000000000011 0.27740000000000176 -0.20850000000000049 0.038381522042216225 -0.41212650489820046 0.030622980807080466 -0.012812427432657847 3.7055333333333342 -52.575499999999998 76.94915253964696 0.024182539842362939 -46.304500000000012 1.0652500000000014 2.4015961662112746 0.91366666666666796 -64.497 -0.71923300654555933 -0.0330218690192755 1.6722000000000063 0.39020000000000199 0.042161756552644855 1.8587418455660418 0.063007197458063394 -1.6808396684457148 0.14272616872701224 -0.0068887713537538016
decision_type=2 2 2 2 2 2 2 2 2 2 2 2 2 2 2 2 2 2 2 2 2 2 2 2 2 2 2 2 2 2
left_child=1 2 5 4 9 19 10 -8 16 -4 -7 12 13 14 -3 18 -5 -13 -14 26 -21 23 27 24 -2 -17 -1 -23 -29 -30
right_child=21 11 3 8 -6 6 7 -9 -10 -11 -12 17 15 -15 -16 25 -18 -19 -20 20 -22 22 -24 -25 -26 -27 -28 28 29 -31
leaf_value=-0.00067449539227093503 -1.6735628705143432e-07 -0.00087209151155248133 -0.00019135684564252367 0.00067350166224217978 0.001219691977699756 5.325268380722147e-05 0.00016298546208657106 -0.0001343560845554617 -0.00023242419179624472 -2.1888555753442162e-05 -0.00018148892156519205 0.0010335524649001098 -3.2389114244974088e-05 -0.0019868709470372736 -1.5042514271080838e-05 -8.5735967134822143e-05 0.0019337413160600396 0.00010568758808714789 0.0012013368594104097 5.6787928002575274e-05 -9.7278971184670891e-05 -0.00025825675821532039 -0.00012405730488075205 0.00090523295863815113 0.00035098065091215776 -0.00026451114419703381 0.00030361310988664627 -7.4175049782899578e-05 0.00039462035203063504 0.00011360763836890347
leaf_weight=409 1302 291 6472 247 157 7822 30784 3163 156 92813 4709 166 140 127 804 17709 107 465 136 9461 10489 346 1957 234 2081 2878 100 983 1742 4486
leaf_count=409 1302 291 6472 247 157 7822 30784 3163 156 92813 4709 166 140 127 804 17709 107 465 136 9461 10489 346 1957 234 2081 2878 100 983 1742 4486
internal_value=-4.84188e-16 -9.14543e-06 4.09965e-06 -2.74282e-05 -3.09579e-05 5.11778e-05 8.93818e-05 0.000135281 0.000660798 -3.29355e-05 -3.49604e-05 -0.000106454 -0.000119489 -0.000424063 -0.000242806 -0.00010165 0.00105442 0.000349785 0.000575534 -3.56125e-05 -2.4215e-05 0.000132055 8.3248e-05 0.000260436 0.000215836 -0.000110728 -0.000482333 0.000136933 0.000155895 0.000192208
internal_weight=202736 189605 166889 99952 99442 66937 46478 33947 510 99285 12531 22716 22085 1222 1095 20863 354 631 276 20459 19950 13131 9514 3617 3383 20587 509 7557 7211 6228
internal_count=202736 189605 166889 99952 99442 66937 46478 33947 510 99285 12531 22716 22085 1222 1095 20863 354 631 276 20459 19950 13131 9514 3617 3383 20587 509 7557 7211 6228
is_linear=0
shrinkage=0.02


Tree=229
num_leaves=31
num_cat=0
split_feature=34 45 31 45 40 6 5 44 10 9 5 42 14 45 44 9 14 34 41 9 9 9 10 14 6 34 9 10 10 10
split_gain=0.604079 1.31865 1.06576 1.05934 0.64291 0.516413 0.505945 0.463125 0.445572 0.950482 0.429296 0.477668 0.444231 0.425893 0.402172 0.388306 0.406657 0.386312 0.478457 0.425805 0.372775 0.342627 0.427392 0.676576 0.29799 0.286657 0.281927 0.277159 0.375014 0.278877
threshold=0.0018236664560350496 0.067217266334067591 7.3499999999985457 0.068453763641211987 12.562195212365333 -0.1383999999999998 0.17360000000000261 0.52416611102019528 -38.058000000000007 -31.214999999999993 -0.089300000000000365 0.98293449917024056 0.78118333333333456 0.051973598821360691 -0.078266664381402576 13.950500000000003 0.71128333333333471 -0.026807676893757782 34.657218961317177 -35.039999999999999 55.303000000000004 -7.4084999999999912 -8.0615000000000112 0.78118333333333456 -0.12661666666666707 0.014114095607827878 -3.6759999999999957 -166.39949999999996 -138.12749999999997 -72.730999999999995
decision_type=2 2 2 2 2 2 2 2 2 2 2 2 2 2 2 2 2 2 2 2 2 2 2 2 2 2 2 2 2 2
left_child=1 2 7 10 -3 -5 15 17 9 -9 27 12 14 -14 -12 16 -6 19 -19 -1 -10 25 23 -23 -8 -7 -26 -2 -29 -30
right_child=3 4 -4 5 6 21 24 8 20 -11 11 -13 13 -15 -16 -17 -18 18 -20 -21 -22 22 -24 -25 26 -27 -28 28 29 -31
leaf_value=0.00078347571805352349 0.00061606843630081329 2.1629383951291787e-05 0.00026857860095176074 -0.00066493200335122644 0.00017434588126111157 0.00082542597339163907 0.00020143037960361972 -0.00037637886499405324 -0.00012996152473514186 0.00039641383722975555 5.8365263980722868e-05 -0.00011119684960310347 0.00024873818968603096 -4.3437807189780265e-05 -6.1894986650847517e-05 -0.00063488588196752751 0.00045715025817587789 -9.5418103526878056e-05 3.5374037765424072e-05 8.7408629984698198e-05 0.00089110915894303219 -0.00028583493520878932 -0.00011495539322606002 -0.0012867293308010776 0.0013191196381291753 -0.00032302943187856808 0.00055560181807748745 -0.001165739708526087 0.00040608080636144768 -0.00013508027031630568
leaf_weight=361 203 6240 5576 865 8036 251 370 949 21006 1934 27742 10531 6608 2859 18568 204 2723 18128 29222 13408 144 3093 10505 296 344 133 442 138 394 11463
leaf_count=361 203 6240 5576 865 8036 251 370 949 21006 1934 27742 10531 6608 2859 18568 204 2723 18128 29222 13408 144 3093 10505 296 344 133 442 138 394 11463
internal_value=-4.94278e-14 3.19872e-05 7.07537e-07 -3.72603e-05 0.000186568 -0.000190419 0.000271493 -1.68334e-05 -9.1215e-05 0.000142033 -7.71759e-06 1.23418e-05 3.56666e-05 0.000160502 1.01469e-05 0.000229531 0.000245921 1.24146e-05 -1.46999e-05 0.000105658 -0.00012301 -0.000161672 -0.000177959 -0.000373254 0.000669448 0.000427654 0.000889762 -0.00011676 -0.000129162 -0.000117098
internal_weight=202736 109087 90728 93649 18359 15143 12119 85152 24033 2883 78506 66308 55777 9467 46310 10963 10759 61119 47350 13769 21150 14278 13894 3389 1156 384 786 12198 11995 11857
internal_count=202736 109087 90728 93649 18359 15143 12119 85152 24033 2883 78506 66308 55777 9467 46310 10963 10759 61119 47350 13769 21150 14278 13894 3389 1156 384 786 12198 11995 11857
is_linear=0
shrinkage=0.02


Tree=230
num_leaves=31
num_cat=0
split_feature=43 44 10 45 7 44 10 9 9 10 15 43 9 44 34 10 4 5 9 10 10 13 9 5 10 15 4 44 34 10
split_gain=0.595702 0.656831 0.705303 0.649132 0.630474 0.699966 0.578557 0.644149 0.654048 1.41709 0.527504 0.525625 0.52437 0.52445 0.490958 0.45986 0.593173 0.43813 0.408665 0.683534 0.383615 0.383047 0.477535 0.34994 0.327623 0.321368 0.318657 0.372968 0.305371 0.300778
threshold=10.760000000002039 -0.53818578318979238 82.286500000000004 0.021502557962983615 1.0085157410481429 -1.6223574671384393 11.767499999999986 -19.967499999999987 55.303000000000004 66.272499999999994 0.33395815605895635 4.3199999999997098 -55.931999999999981 2.7704034032640541 -0.077864218579604044 -58.759000000000007 -0.10999999999999875 -0.27360000000000068 -12.73449999999999 -64.497 61.751999999999988 0.4102000000000024 22.350500000000007 0.084200000000000469 -19.777000000000012 4.1315983518044259 -2.4085999999999967 -0.52885174516941158 0.065064307952460362 -116.33499999999999
decision_type=2 2 2 2 2 2 2 2 2 2 2 2 2 2 2 2 2 2 2 2 2 2 2 2 2 2 2 2 2 2
left_child=1 2 11 -4 5 24 12 10 20 -10 -8 18 13 -3 -6 16 -14 -7 19 -1 -9 -19 -23 -17 -2 29 27 -16 -28 -13
right_child=4 6 3 -5 14 17 7 8 9 -11 -12 25 15 -15 26 23 -18 21 -20 -21 -22 22 -24 -25 -26 -27 28 -29 -30 -31
leaf_value=0.00099584821149914494 -0.0012801518417042894 -0.00017818204919131466 -0.00031254772620087259 0.001118830373235555 0.00034476972476895024 -2.4656360528286582e-05 0.0016507239941526844 -0.00016621245928400528 0.0027400419777492062 -0.00015486778295097615 0.00014396678179859091 0.00070622951198542655 -0.00014756818907991261 -0.001598678368900437 0.00061560872787832404 -4.9749102621063693e-05 0.00044063323899182829 2.8220881972843433e-05 1.0538786334819859e-07 -0.00042263598283538901 9.9318306447572423e-05 0.00044224137709310686 -0.00023887832852615454 4.5212453781528589e-05 1.8847179465103065e-05 -0.00049432876126631945 3.8271699050979049e-05 -0.00062118420294629507 -0.0002421105975430264 0.00010116979780201842
leaf_weight=148 176 284 178 440 1527 1837 142 25206 100 209 269 333 1065 164 115 52587 1926 1444 45316 1660 2382 5508 445 22023 139 358 9188 642 1870 25055
leaf_count=148 176 284 178 440 1527 1837 142 25206 100 209 269 333 1065 164 115 52587 1926 1444 45316 1660 2382 5508 445 22023 139 358 9188 642 1870 25055
internal_value=1.33179e-13 -1.2231e-05 3.37504e-05 0.000706556 9.60939e-05 0.000220163 -4.40022e-05 -0.000121457 -0.000133037 0.000781996 0.00066455 2.80445e-05 -1.59096e-05 -0.000698185 7.29663e-06 -1.19708e-05 0.000231193 0.000251789 -1.16589e-05 -0.000306521 -0.000143286 0.000320443 0.000391326 -2.17188e-05 -0.000706943 0.000100715 -3.63192e-05 -0.000433296 -9.14329e-06 0.000109106
internal_weight=202736 179845 73488 618 22891 9549 106357 28308 27897 309 411 72870 78049 448 13342 77601 2991 9234 47124 1808 27588 7397 5953 74610 315 25746 11815 757 11058 25388
internal_count=202736 179845 73488 618 22891 9549 106357 28308 27897 309 411 72870 78049 448 13342 77601 2991 9234 47124 1808 27588 7397 5953 74610 315 25746 11815 757 11058 25388
is_linear=0
shrinkage=0.02


Tree=231
num_leaves=31
num_cat=0
split_feature=43 34 5 45 42 38 9 34 29 45 14 12 44 15 15 14 4 12 15 45 44 9 14 14 5 12 15 9 4 44
split_gain=0.585824 0.776732 0.962242 0.787517 0.68945 0.609347 0.579086 0.536643 0.608633 0.604197 0.435088 0.64876 0.515729 0.366631 0.350226 0.376923 0.395933 0.333483 0.304248 0.286944 0.278253 0.272576 0.266807 0.263079 0.2601 0.248857 0.210158 0.205442 0.205237 0.178828
threshold=1.8400000000008732 0.014734690150940173 0.30260000000000081 0.038479473917352368 0.11690645075610451 35.500000000000007 -28.497999999999994 -0.011182320915101998 0.018277549218670423 0.020837718496021135 0.79136666666666755 1.1509000000000047 1.8980549983019654 0.24974587083584537 2.1511608591258402 0.4985666666666681 -0.05899999999999881 0.89940000000000808 6.0170479446330107 0.070745199532802783 -0.52885174516941158 -7.7274999999999894 0.33225000000000116 3.1651000000000011 -0.21319999999999981 0.10980000000000402 0.12641795758244986 -47.567499999999988 -0.0091999999999967941 1.6542134638417785
decision_type=2 2 2 2 2 2 2 2 2 2 2 2 2 2 2 2 2 2 2 2 2 2 2 2 2 2 2 2 2 2
left_child=25 2 4 10 5 18 27 9 -9 -6 17 12 -12 20 15 -4 -17 22 -2 -7 -8 -13 -3 -16 -15 28 -27 -5 -1 -19
right_child=1 3 14 6 7 19 13 8 -10 -11 11 21 -14 24 23 16 -18 29 -20 -21 -22 -23 -24 -25 -26 26 -28 -29 -30 -31
leaf_value=5.4224470111664997e-05 -8.8462365508960874e-05 -7.8751897004674876e-05 0.00011382901393758558 7.5406003585855546e-05 -5.0316198265819544e-05 0.00015355995691015601 0.00015922026518811128 -6.149250992604191e-06 0.00019500368911018983 0.00017020837066008404 0.00055666926981045651 -0.0003686761591478748 -8.2234084983201546e-05 -0.00044887854377715546 -5.7704992941650717e-05 9.8110213132733868e-05 0.00057292844682601738 -0.00018796719863014416 -0.00067624492729121733 0.0008783024078708485 -0.00011468986036039538 0.00010738173328576254 0.00010165008319711545 0.00094167168188384739 -0.00015716984239886965 -0.00028925525874970768 -9.6215818896982504e-05 0.0010790673014431998 -7.3241861259651744e-05 -0.00075458825726659523
leaf_weight=8270 21943 5865 1961 133 6281 2550 2570 48002 6879 23803 2136 738 662 1308 1559 933 2843 1399 358 239 3509 1382 7438 113 18737 2655 15006 211 12988 265
leaf_count=8270 21943 5865 1961 133 6281 2550 2570 48002 6879 23803 2136 738 662 1308 1559 933 2843 1399 358 239 3509 1382 7438 113 18737 2655 15006 211 12988 265
internal_value=4.52996e-14 1.6571e-05 4.39283e-05 -5.27555e-05 2.9076e-05 -6.30424e-05 -0.000124209 5.62783e-05 1.9064e-05 0.000124167 4.23529e-05 0.000205556 0.000405506 -0.000134944 0.000264548 0.000338782 0.000455607 -1.1274e-05 -9.78981e-05 0.000215666 1.11027e-06 -5.83403e-05 2.21148e-05 9.83661e-06 -0.000176205 -6.97504e-05 -0.000125236 0.000691024 -2.36536e-05 -0.000278204
internal_weight=202736 163817 117464 46353 110055 25090 26468 84965 54881 30084 19885 4918 2798 26124 7409 5737 3776 14967 22301 2789 6079 2120 13303 1672 20045 38919 17661 344 21258 1664
internal_count=202736 163817 117464 46353 110055 25090 26468 84965 54881 30084 19885 4918 2798 26124 7409 5737 3776 14967 22301 2789 6079 2120 13303 1672 20045 38919 17661 344 21258 1664
is_linear=0
shrinkage=0.02


Tree=232
num_leaves=31
num_cat=0
split_feature=34 33 45 45 34 9 6 6 9 45 34 41 15 42 29 9 14 45 45 6 42 45 9 14 45 9 6 6 43 14
split_gain=0.569899 1.2261 0.920646 0.73487 0.788167 0.600914 0.667302 0.582204 0.860334 0.618106 0.538025 0.644717 0.549282 0.45488 0.413776 0.410986 0.623151 0.53703 0.372552 0.446595 0.369914 0.348695 0.330786 0.362151 0.324379 0.275956 0.451106 0.271406 0.354518 0.241673
threshold=0.0092113578576959523 0.0061801159941639681 0.039094882885591549 0.077047779913319805 -0.0022639564567248651 -24.681499999999996 -0.067866666666666853 0.08196666666666573 1.9670000000000127 0.032857542345852433 -0.017316902058194916 20.318725098758538 0.45387982991000064 0.25504074945054755 0.025874939322578786 -26.471499999999999 1.3876333333333342 0.030331062995169644 0.022175141242939515 0.73209999999999975 0.99091917319776956 0.06661918087698615 -3.4949999999999881 0.89733333333333409 0.062110590146075881 -10.417499999999988 -0.20428333333333357 -0.3891500000000005 7.3199999999968002 2.5471500000000016
decision_type=2 2 2 2 2 2 2 2 2 2 2 2 2 2 2 2 2 2 2 2 2 2 2 2 2 2 2 2 2 2
left_child=1 3 15 7 25 -4 24 10 9 -9 11 -1 -12 -10 21 17 20 -2 19 -18 -17 -3 23 -8 -7 26 -5 -23 -29 -20
right_child=2 14 5 4 -6 6 22 8 13 -11 12 -13 -14 -15 -16 16 18 -19 29 -21 -22 27 -24 -25 -26 -27 -28 28 -30 -31
leaf_value=-8.1902048128400533e-05 -0.00062404872642280655 0.00012806573750579649 0.00051822293352124819 0.00026568379518693064 -0.0002158417511476992 -0.00022677079412992957 0.00020949194501935882 6.6253070098031659e-05 -0.00013440977886722432 0.00051455629262435096 -2.6253859093780209e-05 8.9395724887925029e-05 -0.00016008459463052094 0.00010096296277686004 0.00056305292265834543 6.2723472867368162e-05 0.00093819686421061266 0.00043113157499668212 -0.00010242430100594663 -0.00010664989315345009 -0.0001270964993230984 -0.00031265482851838811 -0.00011243417166356452 -0.0004581779328332992 -0.00059803116740768673 0.00020236648899410987 0.00088601597776004056 0.00038075042091735464 0.0011848766507699029 0.00083504862053469363
leaf_weight=13665 765 11519 594 1280 1459 2497 2354 2198 5312 2794 38576 24629 17987 8604 1147 21962 706 258 558 213 5051 172 30490 377 1511 3706 740 1207 268 137
leaf_count=13665 765 11519 594 1280 1459 2497 2354 2198 5312 2794 38576 24629 17987 8604 1147 21962 706 258 558 213 5051 172 30490 377 1511 3706 740 1207 268 137
internal_value=-7.416e-14 2.36831e-05 -4.74775e-05 2.96903e-06 0.000199135 -0.000112888 -0.000122957 -9.42012e-06 9.19185e-05 0.000317166 -2.96201e-05 2.82691e-05 -6.8812e-05 1.11167e-05 0.000198725 3.5963e-05 5.00391e-05 -0.000357933 0.000431784 0.000696029 2.72302e-05 0.000166985 -9.35465e-05 0.000117324 -0.000366734 0.000304872 0.000492934 0.000439184 0.000526856 8.23725e-05
internal_weight=202736 135263 67473 120950 7185 37823 37229 113765 18908 4992 94857 38294 56563 13916 14313 29650 28627 1023 1614 919 27013 13166 33221 2731 4008 5726 2020 1647 1475 695
internal_count=202736 135263 67473 120950 7185 37823 37229 113765 18908 4992 94857 38294 56563 13916 14313 29650 28627 1023 1614 919 27013 13166 33221 2731 4008 5726 2020 1647 1475 695
is_linear=0
shrinkage=0.02


Tree=233
num_leaves=31
num_cat=0
split_feature=34 5 10 9 14 6 34 44 7 34 10 44 45 10 9 14 11 10 10 9 9 14 12 34 9 33 30 34 41 33
split_gain=0.563207 0.786326 0.602603 1.04081 0.817241 1.11546 1.24016 0.790061 0.647197 0.486111 0.485392 0.411362 0.396115 0.383314 1.70509 0.64091 0.350706 0.300448 0.288593 0.367304 0.274272 0.24582 0.234803 0.22617 0.220707 0.197618 0.184484 0.224249 0.178951 0.160112
threshold=-0.041230039570675385 -0.51939999999999942 9.3559999999999928 -15.052999999999995 0.27740000000000176 -0.15460000000000065 0.016723589840592742 -0.81930252960381511 0.63068728383632788 -0.013109834616530315 -31.858500000000017 3.6600125406477528 0.075816990014063723 55.133999999999993 55.303000000000004 1.1559000000000015 0.33350000000000007 -209.34899999999996 -101.7825 -8.0744999999999898 18.799500000000009 1.7400000000000009 0.13640000000000149 -0.10835613094779681 26.659000000000002 -0.029696922632882723 -21.150000000001452 -0.023313443908957194 43.919258453706369 -0.030577157121175171
decision_type=2 2 2 2 2 2 2 2 2 2 2 2 2 2 2 2 2 2 2 2 2 2 2 2 2 2 2 2 2 2
left_child=11 17 4 7 20 10 -7 9 -9 -4 -6 12 16 14 -5 -15 29 -2 19 -18 22 -14 -3 -13 26 -20 -19 -28 -26 -1
right_child=1 2 3 13 5 6 -8 8 -10 -11 -12 23 21 15 -16 -17 18 24 25 -21 -22 -23 -24 -25 28 -27 27 -29 -30 -31
leaf_value=-0.00012058628270825241 0.00088062415866234269 -1.5182536183862229e-06 0.00045500702700590592 -9.350347005475646e-05 7.1564195696448719e-05 0.00016122128983640102 -2.9889561458099974e-05 0.00069104728567780267 -0.00039062216322291742 0.0020384798450670855 -0.00014848463411308262 8.2629401656083269e-05 0.00036432992320272687 0.00022280668515727969 0.0018512816354061556 -0.00022656118388532717 0.00038638006741530264 -0.00042895169370381722 8.6578926770882486e-05 0.001611374070436065 0.0010005937624722719 0.0011351282325018372 -9.4222423707900071e-05 -0.00075390436787444587 -0.00017198149838950486 0.0003392995975253199 -1.0721906738212597e-06 -0.00026469727346675135 0.0010129548749123038 0.00010045613917086778
leaf_weight=2655 101 21785 133 48622 5963 43322 19785 508 392 186 12241 216 1035 4105 181 1838 600 1555 4176 117 100 197 21930 322 100 1759 1850 4269 104 2589
leaf_count=2655 101 21785 133 48622 5963 43322 19785 508 392 186 12241 216 1035 4105 181 1838 600 1555 4176 117 100 197 21930 322 100 1759 1850 4269 104 2589
internal_value=2.43539e-14 -8.96206e-06 -4.00646e-07 -5.49529e-05 2.39989e-05 6.15194e-05 0.000101305 0.000523053 0.00021992 0.00137829 -7.64043e-05 0.000123991 0.000146204 -6.78231e-05 -8.62907e-05 8.383e-05 0.000110849 -0.000203272 0.000207267 0.000586274 -4.56308e-05 0.000487583 -4.80241e-05 -0.000418047 -0.000217168 0.00016148 -0.000234427 -0.000184994 0.000432104 -1.14561e-05
internal_weight=202736 189070 181091 55965 125126 81311 63107 1219 900 319 18204 13666 13128 54746 48803 5943 11896 7979 6652 717 43815 1232 43715 538 7878 5935 7674 6119 204 5244
internal_count=202736 189070 181091 55965 125126 81311 63107 1219 900 319 18204 13666 13128 54746 48803 5943 11896 7979 6652 717 43815 1232 43715 538 7878 5935 7674 6119 204 5244
is_linear=0
shrinkage=0.02


Tree=234
num_leaves=31
num_cat=0
split_feature=43 44 14 6 10 14 44 15 6 14 9 10 44 9 10 14 9 6 9 10 10 14 10 10 29 10 10 10 29 5
split_gain=0.558464 0.695973 0.827589 0.737356 0.80091 0.756792 0.725737 0.704603 0.525436 0.7208 1.25182 0.721588 0.686895 0.550161 0.553342 0.996682 0.502711 0.487043 0.476624 0.554804 0.450464 0.523242 0.422936 0.393041 0.333403 0.328776 0.306837 0.359272 0.303432 0.315126
threshold=1.8400000000008732 -0.53818578318979238 0.80238333333333423 -0.84406666666666685 -11.033000000000014 3.7055333333333342 -0.051588538742967073 0.56517913087609284 -0.3111833333333337 0.56763333333333454 14.490500000000006 -64.497 -2.1237283932877324 -35.039999999999999 16.989999999999984 1.1559000000000015 55.303000000000004 -0.24493333333333356 -0.88999999999998269 53.005499999999991 11.767499999999986 0.27940000000000126 37.781999999999982 -64.497 -0.134413507314568 -166.39949999999996 -18.221000000000021 -68.760000000000005 -0.037324217731554692 -0.38389999999999935
decision_type=2 2 2 2 2 2 2 2 2 2 2 2 2 2 2 2 2 2 2 2 2 2 2 2 2 2 2 2 2 2
left_child=17 8 7 5 6 24 -5 20 13 18 12 -12 -11 25 -15 -16 -6 -1 19 -10 21 -3 -22 -20 -4 -2 27 -19 -9 -30
right_child=1 2 3 4 16 -7 -8 28 9 10 11 -13 -14 14 15 -17 -18 26 23 -21 22 -23 -24 -25 -26 -27 -28 -29 29 -31
leaf_value=-0.00035840898599299455 0.0015090658719706727 -6.9506315452483249e-05 0.00038420158361010933 -0.00010041411377339814 -4.5367493125512434e-06 0.0002748959259181876 0.00032633384626796775 2.6492474626428027e-05 0.00011122354278802904 -0.00049218799869327038 -0.0019045496336623747 -0.00019061502148929574 0.00035056567814410099 -0.00037356507177001822 -0.00016262645612088469 0.0019727178941616138 0.0006002934222300014 -0.00057125912944401222 -0.00060333764252761663 0.00085082525961347908 -0.00017853789798841677 8.9083100024334221e-05 0.00010879576373760864 5.0308961825860362e-06 -0.00056245888421896514 0.00019672326159666476 -7.7309545284066491e-05 0.00011038374575987054 -0.00037437380700704187 -0.00013061608823194032
leaf_weight=2182 101 12890 164 1966 14723 774 8425 4399 18101 404 106 1345 9116 2596 346 117 571 326 432 415 8736 23481 2677 25416 1607 313 30376 6035 2345 22251
leaf_count=2182 101 12890 164 1966 14723 774 8425 4399 18101 404 106 1345 9116 2596 346 117 571 326 432 415 8736 23481 2677 25416 1607 313 30376 6035 2345 22251
internal_value=5.81722e-14 1.61794e-05 -1.46703e-05 7.79252e-05 0.0001101 -0.000246795 0.000245592 -4.87157e-05 7.12655e-05 8.62425e-05 0.000231397 -0.000315823 0.000314802 -0.000167361 -0.000259966 0.000376975 1.80445e-05 -6.81022e-05 5.03465e-05 0.0001278 -1.52011e-06 3.28785e-05 -0.000111142 -5.13682e-06 -0.000474795 0.000516884 -5.08593e-05 7.54497e-05 -0.000126494 -0.000153856
internal_weight=202736 163817 105009 28230 25685 2545 10391 76779 58808 55335 10971 1451 9520 3473 3059 463 15294 38919 44364 18516 47784 36371 11413 25848 1771 414 36737 6361 28995 24596
internal_count=202736 163817 105009 28230 25685 2545 10391 76779 58808 55335 10971 1451 9520 3473 3059 463 15294 38919 44364 18516 47784 36371 11413 25848 1771 414 36737 6361 28995 24596
is_linear=0
shrinkage=0.02


Tree=235
num_leaves=31
num_cat=0
split_feature=24 44 10 10 14 5 14 44 9 44 9 14 6 14 14 7 41 44 17 44 10 44 44 6 10 31 31 14 10 35
split_gain=0.544717 0.576314 0.547763 0.547947 0.571451 0.520718 0.769335 1.03592 0.573079 0.42063 0.40705 0.307983 0.478166 0.283656 0.264639 0.302004 0.273359 0.24807 0.191032 0.2117 0.211435 0.643891 0.259605 0.221064 0.243125 0.189204 0.150417 0.147555 0.141976 0.130118
threshold=0.34999999999854486 1.5862500858195583 -7.1160000000000165 104.706 3.1651000000000011 -1.4863999999999982 1.008283333333335 1.2411641850924389 12.978000000000005 -0.41212650489820046 -23.175499999999992 3.7055333333333342 -1.2029666666666667 1.0652500000000014 1.3876333333333342 1.6208414170543979 87.138122372443107 2.2369082558236983 5.0812882086773348 -1.6808396684457148 -89.687499999999986 -0.94839301659854947 -0.21801431319790657 0.36131666666666629 -38.899500000000003 -68.650000000001441 -85.54999999999562 0.83460000000000156 -39.838500000000003 -13.939999999995051
decision_type=2 2 2 2 2 2 2 2 2 2 2 2 2 2 2 2 2 2 2 2 2 2 2 2 2 2 2 2 2 2
left_child=1 2 5 4 10 26 8 -8 -7 13 -4 12 25 -5 15 -14 -16 -13 19 27 21 -21 -23 -22 -25 -3 -1 -2 -28 -20
right_child=18 11 3 9 -6 6 7 -9 -10 -11 -12 17 14 -15 16 -17 -18 -19 29 20 23 22 -24 24 -26 -27 28 -29 -30 -31
leaf_value=0.00017905716480174673 8.5273074101450384e-06 -9.6783566827356223e-05 0.0004502544335745147 0.00063714229551566721 0.0011768961129606269 4.247943364559358e-05 0.00019382973774693339 0.001145539449957879 -0.00041760957290495285 -0.00023676210784544357 -3.4084661889341561e-05 0.0010650983385018591 -0.00010171136556401478 0.0018699275277485358 0.00010387031043005179 -0.00034500089090250681 -0.000825796686351003 0.00011787085596507331 0.00045516807597478011 0.0017541158359270287 0.00018013874663117856 -0.00019925562765842544 0.00048107413154646335 -0.0010338907877683913 -2.7704173753163815e-05 -0.0011094176134073667 -0.00032713458515792746 -0.00072874888492238134 -0.00090509087943322199 -8.1434422205234946e-05
leaf_weight=129 307 102 699 247 157 59443 5056 503 1103 156 98586 143 16205 107 3044 2335 132 488 197 131 8180 328 710 109 809 267 415 168 288 2192
leaf_count=129 307 102 699 247 157 59443 5056 503 1103 156 98586 143 16205 107 3044 2335 132 488 197 131 8180 328 710 109 809 267 415 168 288 2192
internal_value=4.00091e-14 -8.62728e-06 4.23703e-06 -2.54147e-05 -2.87682e-05 4.85137e-05 5.47718e-05 0.000279944 3.40977e-05 0.000628474 -3.06748e-05 -0.000103138 -0.000115586 0.00100976 -0.000103455 -0.000132352 6.52318e-05 0.000332536 0.000124574 0.000160549 0.000179646 0.000432845 0.000266095 0.000147112 -0.000147175 -0.000829503 -0.000448712 -0.000252236 -0.000563908 -3.71855e-05
internal_weight=202736 189605 166889 99952 99442 66937 66105 5559 60546 510 99285 22716 22085 354 21716 18540 3176 631 13131 10742 10267 1169 1038 9098 918 369 832 475 703 2389
internal_count=202736 189605 166889 99952 99442 66937 66105 5559 60546 510 99285 22716 22085 354 21716 18540 3176 631 13131 10742 10267 1169 1038 9098 918 369 832 475 703 2389
is_linear=0
shrinkage=0.02


Tree=236
num_leaves=31
num_cat=0
split_feature=34 45 45 9 6 41 31 32 9 44 10 10 6 10 45 15 43 10 6 14 43 10 10 9 41 9 10 14 9 45
split_gain=0.543086 1.23499 0.964334 0.915172 1.18934 0.777618 0.741324 0.671801 0.49092 0.730565 1.00138 0.719011 0.4875 0.440074 0.4237 0.412092 0.579243 0.407072 0.383957 0.366944 0.584059 0.521101 0.361553 0.449983 0.341442 0.315892 0.42424 0.652301 0.310988 0.307568
threshold=0.0018236664560350496 0.051360135937023245 0.068453763641211987 0.33099999999998986 0.10586666666666576 29.331434820295112 7.3499999999985457 0.0057421769364960282 5.58450000000001 -0.52885174516941158 -11.276500000000011 -72.730999999999995 -0.1383999999999998 -64.497 0.07176771542558559 0.67576116341967141 10.480000000003203 -47.616000000000007 0.090233333333333485 1.3876333333333342 16.400000000004372 -101.7825 -116.33499999999999 -3.0629999999999957 85.0934003286646 -7.4084999999999912 -8.0615000000000112 0.78118333333333456 -10.682499999999983 0.035674727162131006
decision_type=2 2 2 2 2 2 2 2 2 2 2 2 2 2 2 2 2 2 2 2 2 2 2 2 2 2 2 2 2 2
left_child=1 6 15 4 5 -3 8 13 29 10 -10 -11 -4 -5 -7 16 22 -6 -15 21 -21 -18 23 -2 -17 -14 27 -27 -26 -1
right_child=2 3 12 7 17 14 -8 -9 9 11 -12 -13 25 18 -16 24 19 -19 -20 20 -22 -23 -24 -25 28 26 -28 -29 -30 -31
leaf_value=-0.00010000589604167265 2.4540443367261747e-05 3.3885636745915968e-05 -0.00064249701209400311 -0.0011089319489295622 0.001957770171689755 0.00017198257810196937 0.00023495434098568527 0.00054362548412329392 0.0010222775197286499 0.0013607214934293283 0.00014969656840219995 -4.6960463840281719e-05 0.00041233839850576717 -0.00016702226150748506 0.00038885889588575432 -4.7165467948755564e-05 -0.001181038074361053 0.00071531870734684705 0.00011317203905733815 0.0014425251091190593 -4.7811316911291883e-08 0.00026748255049737434 4.6880824932012194e-06 0.0017903187541592428 -0.00093332546889796227 -0.00027790397216058996 -0.00010639581284110549 -0.0012606787047273404 -0.00021156194714545042 2.6829657073399365e-06
leaf_weight=34597 133 13736 865 169 122 12407 4179 703 682 148 2301 7510 384 6219 5078 21133 104 779 2854 261 197 2218 51291 102 261 3093 10505 296 2806 17603
leaf_count=34597 133 13736 865 169 122 12407 4179 703 682 148 2301 7510 384 6219 5078 21133 104 779 2854 261 197 2218 51291 102 261 3093 10505 296 2806 17603
internal_value=-8.34768e-14 3.03294e-05 -3.53292e-05 0.000115268 0.000167174 0.0001465 -2.29848e-05 -5.2384e-05 -4.01381e-05 8.36725e-05 0.000349194 -1.97553e-05 -0.000181459 -9.772e-05 0.000234968 -7.14236e-06 2.34462e-05 0.000883553 -7.88844e-05 0.000304654 0.00082203 0.000202605 8.27413e-06 0.000790963 -7.57847e-05 -0.000153528 -0.000169167 -0.000363741 -0.000272984 -6.53769e-05
internal_weight=202736 109087 93649 42067 32122 31221 67020 9945 62841 10641 2983 7658 15143 9242 17485 78506 54306 901 9073 2780 458 2322 51526 235 24200 14278 13894 3389 3067 52200
internal_count=202736 109087 93649 42067 32122 31221 67020 9945 62841 10641 2983 7658 15143 9242 17485 78506 54306 901 9073 2780 458 2322 51526 235 24200 14278 13894 3389 3067 52200
is_linear=0
shrinkage=0.02


Tree=237
num_leaves=31
num_cat=0
split_feature=43 42 4 9 6 45 45 10 45 6 36 4 10 14 10 10 9 10 10 33 17 45 14 12 12 14 10 10 4 4
split_gain=0.53059 0.603232 0.778483 0.568538 1.05276 0.79907 0.779525 0.779507 0.577644 0.468971 0.419349 0.320024 0.44555 0.310205 0.288766 0.344246 0.29824 0.285135 0.25779 0.215943 0.308929 0.284514 0.211869 0.195278 0.181998 0.186687 0.152855 0.151328 0.148797 0.147717
threshold=1.8400000000008732 0.98293449917024056 -0.16439999999999835 0.26400000000000418 0.14166666666666652 0.033803875075718678 0.028425304673578653 -80.640000000000001 0.033803875075718678 -0.24493333333333356 36.500000000000007 -3.5564999999999967 -10.081000000000012 3.1651000000000011 -18.221000000000021 -68.760000000000005 -15.052999999999995 -61.318499999999993 -80.640000000000001 -0.074783262195211128 9.0766084636053748 0.058333333333210002 0.79136666666666755 0.089800000000007194 0.63380000000000336 0.54916666666666825 -1.1120000000000165 -13.847000000000014 -0.0077999999999967809 0.13700000000000398
decision_type=2 2 2 2 2 2 2 2 2 2 2 2 2 2 2 2 2 2 2 2 2 2 2 2 2 2 2 2 2 2
left_child=9 2 10 4 6 7 -4 -5 -6 27 11 12 -2 -13 15 -11 26 -17 -7 21 -21 -12 -19 28 25 -3 -16 -1 -18 -25
right_child=1 24 3 5 8 18 -8 -9 -10 14 19 13 -14 -15 16 17 23 22 -20 20 -22 -23 -24 29 -26 -27 -28 -29 -30 -31
leaf_value=-0.00051433271868354924 -0.00093989120763985235 -9.5886047528444162e-05 -3.077809443752139e-05 0.0011725037348971313 0.0001888182766882999 -0.00056233131197185732 0.00013714960251990575 9.2862937220354662e-05 0.0007670473890999263 -0.00055996861402730978 0.00015226998036641884 -6.2045651843201506e-05 0.00057777507633436471 0.00040579069580417128 0.00018329855152983361 0.001135412834426564 5.3872087260072156e-05 6.8721783281818023e-05 -4.505406016241601e-05 0.00022544336992224366 -0.00021356371822800352 0.0011517887767122327 0.00079773147939704364 -0.00016165678664175565 -0.00021118632874284044 0.00019823147635074365 0.0012193472746687751 -0.00018114463891193627 -7.8096501858570684e-05 -1.2239891191604839e-05
leaf_weight=1114 342 6120 16502 271 1360 390 33512 20704 1405 326 278 40334 100 575 129 106 5534 5765 32469 2300 889 193 164 12303 5068 1005 102 1068 8936 3372
leaf_count=1114 342 6120 16502 271 1360 390 33512 20704 1405 326 278 40334 100 575 129 106 5534 5765 32469 2300 889 193 164 12303 5068 1005 102 1068 8936 3372
internal_value=5.77068e-15 1.57705e-05 2.66539e-05 5.60998e-05 0.000102744 1.03692e-05 8.17423e-05 0.000106812 0.000482638 -6.63808e-05 -4.30916e-05 -6.12533e-05 -0.000596528 -5.54699e-05 -4.94609e-05 7.30723e-05 -7.51205e-05 0.000107268 -5.11936e-05 0.000162101 0.000103061 0.000561839 8.88867e-05 -8.06064e-05 -0.000119568 -5.44e-05 0.000640775 -0.000351251 -2.76256e-05 -0.000129514
internal_weight=202736 163817 151624 106613 52779 53834 50014 20975 2765 38919 45011 41351 442 40909 36737 6361 30376 6035 32859 3660 3189 471 5929 30145 12193 7125 231 2182 14470 15675
internal_count=202736 163817 151624 106613 52779 53834 50014 20975 2765 38919 45011 41351 442 40909 36737 6361 30376 6035 32859 3660 3189 471 5929 30145 12193 7125 231 2182 14470 15675
is_linear=0
shrinkage=0.02


Tree=238
num_leaves=31
num_cat=0
split_feature=23 44 14 6 43 14 44 17 13 44 6 14 35 14 6 12 14 44 12 43 6 0 17 44 13 31 6 37 44 43
split_gain=0.529291 0.583169 0.895257 0.982506 0.598853 0.541205 0.700948 0.454219 0.439463 0.43075 0.420387 0.403231 0.390112 0.372667 0.480975 0.460987 0.352203 0.339212 0.299758 0.286828 0.268864 0.259395 0.251752 0.227445 0.212516 0.209178 0.203797 0.194537 0.167268 0.202338
threshold=0.84999999999854492 -0.09187511517335252 0.80238333333333423 -0.84406666666666685 4.4599999999991278 3.1651000000000011 2.1422487497984015 3.3020022810612999 0.83893333333333342 2.7704034032640541 -0.266633333333334 3.7055333333333342 -7.4800000000032005 0.29813333333333447 -0.3111833333333337 0.46160000000000528 1.4308666666666683 -1.6808396684457148 0.13840000000000166 12.51999999999971 -0.25908333333333367 -0.0059999999999999967 0.35242537320347905 -0.75985967929795561 3.5299000000000018 -26.950000000004362 -1.6954000000000005 0.061999999999345572 -0.99314160113469951 17.440000000000875
decision_type=2 2 2 2 2 2 2 2 2 2 2 2 2 2 2 2 2 2 2 2 2 2 2 2 2 2 2 2 2 2
left_child=1 4 8 11 10 9 -7 17 20 -5 25 24 -9 23 16 -16 -15 19 21 -2 -3 -12 -22 -6 -4 -1 -13 -14 29 -19
right_child=7 2 3 5 13 6 -8 12 -10 -11 18 26 27 14 15 -17 -18 28 -20 -21 22 -23 -24 -25 -26 -27 -28 -29 -30 -31
leaf_value=6.302729757600315e-05 -5.6108757879078456e-05 -0.00024552089100398451 -0.00043740652856418086 0.00012244985102322894 6.4459147935228616e-05 0.0012527768291592776 7.8621470922659122e-06 0.00055289079466444427 -0.00027344087085129441 -0.00017323135137880684 0.00012335053844076516 -0.00027413407726840965 -0.00045555750389535252 -0.00024719308819444647 0.00024275982864104797 7.6300332542313481e-05 0.00019175104221149151 0.00053850948653423635 -4.3662037977671866e-05 -0.0012818767553619524 -2.7668565537635981e-05 -2.6136921138644655e-06 -0.00011533280697883636 -0.00013089842803821211 -0.0010757108119914534 -0.00035084822793248545 0.00058977941796631338 -5.9160670485631787e-05 0.00019563851024372462 -0.00038230073993049916
leaf_weight=634 313 3280 1040 16291 5208 370 354 367 4544 2242 10512 230 614 2300 11388 16011 1072 1050 33788 101 36324 17303 20498 4396 261 2128 208 2560 7244 105
leaf_count=634 313 3280 1040 16291 5208 370 354 367 4544 2242 10512 230 614 2300 11388 16011 1072 1050 33788 101 36324 17303 20498 4396 261 2128 208 2560 7244 105
internal_value=-1.19533e-14 -8.23195e-06 -4.69423e-05 6.6523e-05 2.34201e-05 0.000107637 0.000644075 0.000126859 -8.3794e-05 8.66803e-05 -1.4456e-05 -0.000388752 -6.446e-05 8.38014e-05 0.000117747 0.000145487 -0.000107647 0.000203729 -3.63321e-06 -0.000355149 -6.94558e-05 4.49914e-05 -5.92926e-05 -2.49611e-05 -0.00056546 -0.000255846 0.000136126 -0.000135842 0.000231277 0.000454799
internal_weight=202736 190382 85642 20996 104740 19257 724 12354 64646 18533 64365 1739 3541 40375 30771 27399 3372 8813 61603 414 60102 27815 56822 9604 1301 2762 438 3174 8399 1155
internal_count=202736 190382 85642 20996 104740 19257 724 12354 64646 18533 64365 1739 3541 40375 30771 27399 3372 8813 61603 414 60102 27815 56822 9604 1301 2762 438 3174 8399 1155
is_linear=0
shrinkage=0.02


Tree=239
num_leaves=31
num_cat=0
split_feature=34 43 44 5 6 9 45 14 10 5 9 43 34 44 10 45 10 10 44 15 7 40 9 15 4 4 10 44 44 10
split_gain=0.529348 0.804135 0.621294 0.670412 0.611546 0.891253 1.23523 0.947064 0.918491 0.774327 0.575837 0.487787 0.448965 0.445012 0.422958 0.41973 0.362596 0.341618 0.327287 0.31809 0.274441 0.252631 0.238453 0.215601 0.207408 0.205172 0.189956 0.287034 0.456839 0.199506
threshold=0.041686708810711452 11.56000000000204 -1.6808396684457148 -0.21319999999999981 -0.27451666666666646 -9.0249999999999932 0.019150545480394212 1.1100500000000013 9.3559999999999928 0.10740000000000063 24.937000000000001 15.139999999997965 -0.012812427432657847 0.30028522361854487 104.706 0.046112632898555529 49.269499999999994 25.899999999999991 3.3560177182225739 6.0170479446330107 0.51456758544993997 85.252627389397091 -31.214999999999993 0.98692598506648521 0.035200000000003014 0.40200000000000297 30.877499999999984 -0.44269747575629442 -0.72925195671543275 -166.39949999999996
decision_type=2 2 2 2 2 2 2 2 2 2 2 2 2 2 2 2 2 2 2 2 2 2 2 2 2 2 2 2 2 2
left_child=1 4 11 15 10 6 22 -8 9 -7 12 23 18 -14 -10 25 17 -5 -1 -17 21 24 -6 -3 -2 -4 29 28 -28 -22
right_child=20 2 3 16 5 8 7 -9 14 -11 -12 -13 13 -15 -16 19 -18 -19 -20 -21 26 -23 -24 -25 -26 -27 27 -29 -30 -31
leaf_value=-3.3759457101717784e-05 -3.8263905441463968e-05 -0.00064143738024594152 -0.00017228460782032351 0.00028676023886254747 -0.00091936410260968842 -4.2285950710637444e-06 0.00019642053319147046 0.00096797594042553274 -8.5127539237810586e-05 0.00012650529487373284 0.0010566110354126 -0.00150692263102638 -0.00045471381783080778 -8.5783757393669891e-05 0.00062806375812280422 0.00025433108169112674 -0.00014817509426300125 0.00071404082633905316 -0.00073469896534542479 -0.00028711255593500361 0.000392896589775754 -0.00012928129418180297 -0.00019790772431840334 0.00059275560024953274 0.00038230002089860568 0.00067392805583888524 -0.00012694200560772783 -0.00014202444692565507 0.001224838400381293 -0.00027062942893177339
leaf_weight=8578 910 119 3106 6321 200 75407 11396 674 46766 23855 162 156 2903 2380 335 2980 673 849 275 508 187 2469 2188 108 968 119 237 1830 173 5904
leaf_count=8578 910 119 3106 6321 200 75407 11396 674 46766 23855 162 156 2903 2380 335 2980 673 849 275 508 187 2469 2188 108 968 119 237 1830 173 5904
internal_value=-1.10041e-13 8.34675e-06 0.000149197 0.000170119 -3.66885e-06 7.47523e-06 0.000157278 0.000239505 -7.32258e-06 2.71898e-05 -0.000129015 -0.000645936 -0.000142603 -0.00028851 -8.00551e-05 2.34076e-05 0.000295692 0.000337355 -5.55327e-05 0.000175474 -0.000125128 3.69237e-06 -0.000258331 -5.42442e-05 0.000178512 -0.00014106 -0.000192344 -3.48629e-05 0.000443443 -0.000250258
internal_weight=202736 190058 14939 14556 175119 160821 14458 12070 146363 99262 14298 383 14136 5283 47101 6713 7843 7170 8853 3488 12678 4347 2388 227 1878 3225 8331 2240 410 6091
internal_count=202736 190058 14939 14556 175119 160821 14458 12070 146363 99262 14298 383 14136 5283 47101 6713 7843 7170 8853 3488 12678 4347 2388 227 1878 3225 8331 2240 410 6091
is_linear=0
shrinkage=0.02


Tree=240
num_leaves=31
num_cat=0
split_feature=34 45 45 29 42 5 42 6 10 36 36 14 45 34 44 6 9 10 14 14 6 6 9 44 5 44 10 9 13 42
split_gain=0.51941 1.22863 0.865248 0.832053 0.553349 0.486381 0.433285 0.492029 0.51686 0.437903 0.432097 0.516513 0.557591 0.429703 0.363662 0.359148 0.392694 0.369888 0.613803 0.327896 0.499151 0.366382 0.328568 0.304597 0.265615 0.255513 0.504095 0.239101 0.236838 0.225418
threshold=-0.00082026025026581682 0.069757284438060743 0.072818779544731357 0.0046948733131491069 0.47587020884827375 -0.08210000000000002 0.11690645075610451 0.052866666666665972 -0.879000000000007 17.500000000000004 37.500000000000007 0.79136666666666755 0.056871819700567962 -0.015918988061964713 -0.078266664381402576 -0.27451666666666646 -10.682499999999983 -21.42100000000001 0.74421666666666753 1.1814666666666676 -0.10456666666666729 -0.49360000000000032 -15.052999999999995 3.3560177182225739 -1.4863999999999982 -0.53818578318979238 -72.730999999999995 -10.947500000000005 0.28620000000000279 0.62389174210698084
decision_type=2 2 2 2 2 2 2 2 2 2 2 2 2 2 2 2 2 2 2 2 2 2 2 2 2 2 2 2 2 2
left_child=1 3 5 6 19 25 9 13 -9 24 11 14 -13 -8 -7 -4 -17 18 -18 21 23 -3 -23 -21 -1 26 -2 -22 -5 -30
right_child=2 4 15 28 -6 10 7 8 -10 -11 -12 12 -14 -15 -16 16 17 -19 -20 20 27 22 -24 -25 -26 -27 -28 -29 29 -31
leaf_value=-0.00067556041731038716 0.0010830370185851872 -0.00042823594903950503 -0.00098245279270597419 6.096783839867175e-05 0.00062018886780719614 3.5833612801886208e-05 6.0149621020656655e-05 0.00030809491554883674 2.4026848181464174e-05 6.2566137298183236e-05 -0.00022582710340106828 0.0002326036188331643 -9.2773117674412343e-05 -6.5737916408045515e-05 -6.2439842770366423e-05 0.00059037665995055318 -0.00032690272547359413 -0.00015793226848325262 -0.0015262239811396816 0.0004116565362602969 0.0020295792250712673 0.00042789616097101303 0.00011221895860042323 -0.0006028208452899794 -0.00012368392139701942 -0.0001700661386758775 -3.5774001525580755e-05 0.000708933343693357 0.00024179695646655048 0.00060692555741322866
leaf_weight=356 166 447 229 2121 1181 38314 19005 4329 6277 6029 2998 7975 2863 25263 24819 257 1020 9318 205 1016 104 1530 9557 134 17351 10428 5442 116 3014 872
leaf_count=356 166 447 229 2121 1181 38314 19005 4329 6277 6029 2998 7975 2863 25263 24819 257 1020 9318 205 1016 104 1530 9557 134 17351 10428 5442 116 3014 872
internal_value=-1.55939e-13 3.28658e-05 -3.11814e-05 4.07679e-06 0.000205819 -1.13192e-05 -1.32599e-05 1.76216e-05 0.000139974 -8.46532e-05 9.55722e-06 1.90972e-05 0.000146651 -1.16923e-05 -2.79989e-06 -0.000198675 -0.000182056 -0.000200885 -0.000527605 0.000167895 0.000460422 0.000133149 0.000155782 0.000293448 -0.000134779 -0.000111521 -2.65656e-06 0.00133324 0.000230952 0.00032373
internal_weight=202736 98702 104034 84617 14085 93005 78610 54874 10606 23736 76969 73971 10838 44268 63133 11029 10800 10543 1225 12904 1370 11534 11087 1150 17707 16036 5608 220 6007 3886
internal_count=202736 98702 104034 84617 14085 93005 78610 54874 10606 23736 76969 73971 10838 44268 63133 11029 10800 10543 1225 12904 1370 11534 11087 1150 17707 16036 5608 220 6007 3886
is_linear=0
shrinkage=0.02


Tree=241
num_leaves=31
num_cat=0
split_feature=34 4 44 14 44 9 14 10 9 6 44 43 33 44 13 14 6 9 14 4 9 43 45 9 14 13 6 30 34 10
split_gain=0.507655 0.703743 0.537473 0.775225 0.655838 0.612676 0.59423 0.544602 1.02648 0.599797 0.382786 0.444272 0.37149 0.325374 0.292515 0.255673 0.583033 0.260789 0.255345 0.239211 0.221079 0.21999 0.215261 0.207655 0.201405 0.261881 0.200142 0.179931 0.341839 0.381699
threshold=-0.041230039570675385 -0.48559999999999887 1.5862500858195583 0.6446666666666665 1.2411641850924389 10.170500000000009 1.1100500000000013 55.133999999999993 -8.6409999999999823 -0.29176666666666695 3.6600125406477528 23.319999999999713 -0.030577157121175171 1.1609765836092667 1.6932000000000003 2.5471500000000016 -0.84406666666666685 -8.2600000000000069 1.5994166666666678 -3.5564999999999967 -12.73449999999999 33.810000000000592 0.0080997637214126773 -39.987999999999978 1.1814666666666676 0.99226666666666707 -0.44421666666666676 -22.950000000004362 0.0072997221302889374 35.61249999999999
decision_type=2 2 2 2 2 2 2 2 2 2 2 2 2 2 2 2 2 2 2 2 2 2 2 2 2 2 2 2 2 2
left_child=10 24 3 7 5 -5 -6 9 -9 -3 11 12 19 18 26 16 23 -18 -13 -1 -16 -12 -21 -4 25 -2 -14 -26 29 -29
right_child=1 2 15 4 6 -7 -8 8 -10 -11 21 13 14 -15 20 -17 17 -19 -20 22 -22 -23 -24 -25 27 -27 -28 28 -30 -31
leaf_value=-0.00077737710770335198 -0.00014300109627124588 -0.00036743310769099465 -0.001703563564649947 0.0001410281813946384 0.00015916419884261606 -7.4321124943363607e-05 0.00078812743506182132 0.0016096374813857821 0.0001623640944651842 -6.6429965162520298e-06 -0.00063575801956427191 0.00097090828698128469 -0.00014474109034546133 0.00095445656199273881 0.00039532487860056926 0.00019891640868349432 4.0168845934932304e-05 -0.00014063944471385457 -0.00021807785038783386 -0.00035850128120689778 0.0011791881772071759 0.00030412349571248121 6.4159087819762903e-05 -0.00058954623452419502 -0.00022615891110392666 -0.00040761923294484507 0.00023292945224698234 0.0005360915435553427 -0.00019742068385167227 -0.00057876596193333775
leaf_weight=149 8809 1871 108 18454 1448 7405 1027 217 2028 123720 406 103 657 447 520 1107 4116 14197 242 521 199 132 6438 176 866 1802 3852 836 739 144
leaf_count=149 8809 1871 108 18454 1448 7405 1027 217 2028 123720 406 103 657 447 520 1107 4116 14197 242 521 199 132 6438 176 866 1802 3852 836 739 144
internal_value=-5.04137e-14 -8.5086e-06 2.06069e-06 1.44797e-05 0.000109129 7.93606e-05 0.000420152 -6.49874e-06 0.000302256 -1.20179e-05 0.000117717 0.000139145 0.000109665 0.000598322 0.000237639 -9.63697e-05 -0.000113947 -0.000100001 0.000136895 1.55385e-05 0.000612277 -0.000405155 3.25157e-05 -0.00101319 -0.000149374 -0.00018794 0.0001779 8.92949e-06 0.000127363 0.000372276
internal_weight=202736 189070 175874 156170 28334 25859 2475 127836 2245 125591 13666 13128 12336 792 5228 19704 18597 18313 345 7108 719 538 6959 284 13196 10611 4509 2585 1719 980
internal_count=202736 189070 175874 156170 28334 25859 2475 127836 2245 125591 13666 13128 12336 792 5228 19704 18597 18313 345 7108 719 538 6959 284 13196 10611 4509 2585 1719 980
is_linear=0
shrinkage=0.02


Tree=242
num_leaves=31
num_cat=0
split_feature=34 43 44 5 7 5 14 13 44 10 9 9 10 15 34 10 43 7 10 43 44 31 10 14 44 10 34 10 44 44
split_gain=0.500231 0.754418 0.782831 0.597149 0.542118 0.567069 0.650774 0.541546 0.485768 0.563558 0.443978 0.392061 0.37198 0.358776 0.34671 0.332649 0.28432 0.262314 0.244656 0.474289 0.22995 0.204482 0.208984 0.201785 0.244662 0.285946 0.199034 0.182332 0.273843 0.437439
threshold=0.041686708810711452 12.9699999999968 -1.7124149432366236 -0.21319999999999981 2.324843435587558 0.10740000000000063 0.6089666666666681 0.42806666666666493 -0.64451130320852501 104.706 -14.242999999999993 1.1720000000000066 49.269499999999994 1.1314121927681751 -0.070498786730593274 -209.34899999999996 15.139999999997965 0.51456758544993997 -1.1120000000000165 10.760000000002039 3.6600125406477528 60.549999999995642 -6.91300000000001 1.5994166666666678 2.4015961662112746 34.54699999999999 0.061204343749087918 30.877499999999984 -0.44269747575629442 -0.72925195671543275
decision_type=2 2 2 2 2 2 2 2 2 2 2 2 2 2 2 2 2 2 2 2 2 2 2 2 2 2 2 2 2 2
left_child=1 4 16 14 5 8 11 -8 9 -1 -10 -7 13 -5 20 -16 -3 18 21 -20 -4 -2 26 -6 25 -25 -23 -19 29 -29
right_child=17 2 3 12 23 6 7 -9 10 -11 -12 -13 -14 -15 15 -17 -18 27 19 -21 -22 22 -24 24 -26 -27 -28 28 -30 -31
leaf_value=2.961788049256696e-05 -0.00030754651743429573 -0.00015232313860906289 0.00038210631830176071 0.00054403589680502022 -0.00023619936108998783 0.00010419747514040886 -0.00016544629599741901 0.00024845785226528097 9.7696390370189008e-05 0.001207556100999665 -6.0967763925971412e-05 -4.0957248584471808e-05 -0.00017875719745129152 0.00020027845951088401 0.00068109348851980427 -0.00011261117609080753 -0.0014860033874178069 -0.0002440924560748354 3.9612211010586025e-05 0.00092109049105490795 -0.00028150984254334243 0.00057001747169084234 -0.00055527092670861562 0.0006796734828864358 -0.00063112195520564755 -0.00052873440907400069 -0.00015862313886238154 -0.00012402036042593199 -0.00013773397530807255 0.0011987469127573978
leaf_weight=49278 1291 112 1416 2796 5006 12841 1446 10070 7796 163 74166 17706 498 2147 225 3448 149 6091 2006 278 245 362 154 327 120 103 256 237 1830 173
leaf_count=49278 1291 112 1416 2796 5006 12841 1446 10070 7796 163 74166 17706 498 2147 225 3448 149 6091 2006 278 245 362 154 327 120 103 256 237 1830 173
internal_value=-1.60087e-13 8.11394e-06 0.000168601 0.000194817 -1.77946e-06 4.44925e-06 6.83628e-05 0.000196486 -1.60099e-05 3.35014e-05 -4.58761e-05 2.00612e-05 0.000342235 0.000394724 4.44423e-05 -6.39906e-05 -0.000913696 -0.000121637 4.30407e-06 0.000146902 0.000284222 -0.00015357 0.000103921 -0.000196248 0.00016738 0.000390218 0.000268186 -0.000187352 -3.30637e-05 0.000434123
internal_weight=202736 190058 11036 10775 179022 173466 42063 11516 131403 49441 81962 30547 5441 4943 5334 3673 261 12678 4347 2284 1661 2063 772 5556 550 430 618 8331 2240 410
internal_count=202736 190058 11036 10775 179022 173466 42063 11516 131403 49441 81962 30547 5441 4943 5334 3673 261 12678 4347 2284 1661 2063 772 5556 550 430 618 8331 2240 410
is_linear=0
shrinkage=0.02


Tree=243
num_leaves=31
num_cat=0
split_feature=34 42 6 5 34 6 10 14 9 9 10 17 20 11 41 13 6 10 9 34 14 7 30 14 43 10 10 10 13 34
split_gain=0.496099 1.01875 0.62883 0.508147 0.505416 0.527131 0.721723 0.516521 0.514003 0.455453 0.794406 0.397357 0.500068 0.476482 0.328884 0.361538 0.328164 0.393013 0.368667 0.301497 0.560053 0.260115 0.239174 0.336076 0.229892 0.22794 0.433279 0.232366 0.303242 0.288497
threshold=-0.004181939784246763 0.29281123878787568 0.094483333333333128 -0.13609999999999897 -0.05842326121061308 -0.23196666666666635 -2.8685000000000165 0.28980000000000117 -17.737499999999979 10.728000000000002 -38.058000000000007 0.59605311562714625 7.0499999999956353 0.23950000000000005 41.926967178580945 0.40326666666666833 -0.062666666666666773 -64.497 0.33099999999998986 0.03946654320046826 3.1651000000000011 1.0920250454885874 -24.950000000004362 1.2370500000000006 23.319999999999713 -166.39949999999996 -138.12749999999997 -76.424999999999997 0.77343333333333375 0.023319578357211376
decision_type=2 2 2 2 2 2 2 2 2 2 2 2 2 2 2 2 2 2 2 2 2 2 2 2 2 2 2 2 2 2
left_child=1 4 14 25 24 22 7 -7 -8 10 -4 12 16 -13 -3 -16 17 -5 -18 20 -15 -17 -6 -24 -1 -2 -27 28 -28 -29
right_child=3 2 9 11 5 6 8 -9 -10 -11 -12 13 -14 19 15 21 18 -19 -20 -21 -22 -23 23 -25 -26 26 27 29 -30 -31
leaf_value=0.00012207497333174914 0.00048988346290046675 2.522652561637221e-05 0.0016575385717359442 0.00058276941170835677 -0.00035371418047559831 -3.3598957096582495e-05 0.00093344498539945557 0.00016420974050697062 -8.4845207864767369e-05 5.5155142014289437e-05 0.00044090833306090275 -0.00039021767333949819 0.00018605065197321185 -2.6020094360864644e-05 7.1114859997843918e-05 0.00037139815146199415 8.7727990990825583e-05 -0.00013085706888700234 -2.0343321057649591e-05 -0.00017033365332708676 0.0010268051409851372 8.3323558226347364e-05 -0.00016996543443014534 0.00019302638467207117 0.00049108812861950273 -0.0012153993825001332 -0.00059031933504571715 -0.00010881830704078577 0.00068622628314496273 -0.00035658122695535416
leaf_weight=4550 229 10673 246 319 2056 8892 200 13000 23080 920 1686 1768 6225 21756 6342 4287 19384 9553 36217 6607 204 1772 6154 1223 793 150 101 11831 283 2235
leaf_count=4550 229 10673 246 319 2056 8892 200 13000 23080 920 1686 1768 6225 21756 6342 4287 19384 9553 36217 6607 204 1772 6154 1223 793 150 101 11831 283 2235
internal_value=6.85545e-14 3.64968e-05 0.000141246 -2.6819e-05 -8.80483e-06 -2.69702e-05 1.42624e-06 8.38646e-05 -7.6097e-05 0.000421413 0.000595821 -1.09199e-05 1.47527e-05 -7.1598e-05 0.000106617 0.000176667 -1.5339e-06 -0.000107797 1.73332e-05 -5.18787e-05 -1.62398e-05 0.000287149 -0.000162953 -0.000109787 0.000176843 -0.000136215 -0.000146036 -0.000134935 0.000350468 -0.000148186
internal_weight=202736 85874 25926 116862 59948 54605 45172 21892 23280 2852 1932 102033 71698 30335 23074 12401 65473 9872 55601 28567 21960 6059 9433 7377 5343 14829 14600 14450 384 14066
internal_count=202736 85874 25926 116862 59948 54605 45172 21892 23280 2852 1932 102033 71698 30335 23074 12401 65473 9872 55601 28567 21960 6059 9433 7377 5343 14829 14600 14450 384 14066
is_linear=0
shrinkage=0.02


Tree=244
num_leaves=31
num_cat=0
split_feature=43 34 5 45 42 36 9 6 34 7 45 6 14 12 10 10 15 10 6 9 44 45 10 10 6 10 9 9 10 10
split_gain=0.488987 0.633154 0.834615 0.680385 0.607891 0.532508 0.50768 0.476304 0.452637 0.605018 0.554029 0.431442 0.375398 0.602993 0.48897 0.341337 0.334496 0.390907 0.516492 0.328878 0.313787 0.305785 0.285502 0.278344 0.276279 0.264294 0.302687 0.263425 0.262157 0.27714
threshold=1.8400000000008732 0.014734690150940173 0.30260000000000081 0.038479473917352368 0.11690645075610451 35.500000000000007 -28.497999999999994 -0.060933333333332985 -0.010914283775708088 0.33029471687952389 0.020837718496021135 -0.20936666666666701 0.79136666666666755 1.1509000000000047 -116.33499999999999 -101.7825 2.1511608591258402 -101.7825 -0.15460000000000065 -11.218499999999988 -0.9702441397778182 0.047603752351421579 3.7834999999999837 -64.497 -0.40631666666666694 -18.221000000000021 -15.052999999999995 -7.7274999999999894 -68.760000000000005 -61.318499999999993
decision_type=2 2 2 2 2 2 2 2 2 2 2 2 2 2 2 2 2 2 2 2 2 2 2 2 2 2 2 2 2 2
left_child=11 2 4 12 5 24 15 23 10 -10 -6 -1 19 14 -14 -5 17 18 -4 -3 -9 -19 -21 -8 -2 28 -27 -15 -13 -30
right_child=1 3 16 6 8 -7 7 20 9 -11 -12 25 13 27 -16 -17 -18 21 -20 22 -22 -23 -24 -25 -26 26 -28 -29 29 -31
leaf_value=-0.00030202103749577355 -0.00033536296908146413 -0.00034930845231666909 0.00016066442504525185 -0.00015886075744128903 -5.2395466270531011e-05 0.00020005250805352152 0.00026950263278321268 6.2408171239680424e-05 9.0035654509621808e-05 -4.3868887127754084e-05 0.00015703984559168823 -0.00049915311533977702 0.0013017253418483327 -0.00036695368832878833 0.00030903559746618198 0.0011404779799803156 -3.6176884130231646e-06 0.00015867364320159376 0.0021833917564328979 9.2607085787915633e-05 -0.00012887357171455682 0.00045944233624952834 -9.1552214589414035e-05 -0.00043701836099672167 -7.2622630409815953e-05 0.00067120581549371316 -7.5067775305013323e-05 0.00010104417904640997 0.0011224351112863846 8.5557746674295413e-05
leaf_weight=2819 1736 1055 100 130 6390 2789 245 4176 24740 29700 24135 303 215 738 2583 214 1672 3186 102 8197 19214 2349 5715 2489 20565 219 29742 1382 105 5731
leaf_count=2819 1736 1055 100 130 6390 2789 245 4176 24740 29700 24135 303 215 738 2583 214 1672 3186 102 8197 19214 2349 5715 2489 20565 219 29742 1382 105 5731
internal_value=1.05143e-15 1.51396e-05 3.98393e-05 -4.74524e-05 2.6007e-05 -6.04914e-05 -0.000113868 -0.000123919 5.15498e-05 1.69834e-05 0.000113197 -6.37253e-05 4.09505e-05 0.000192546 0.000385314 0.000649449 0.000245308 0.000317855 0.00118204 -8.86223e-06 -9.47225e-05 0.000286317 1.69551e-05 -0.000373705 -9.30754e-05 -4.51171e-05 -6.96129e-05 -6.18721e-05 7.44329e-05 0.000104213
internal_weight=202736 163817 117464 46353 110055 25090 26468 26124 84965 54440 30525 38919 19885 4918 2798 344 7409 5737 202 14967 23390 5535 13912 2734 22301 36100 29961 2120 6139 5836
internal_count=202736 163817 117464 46353 110055 25090 26468 26124 84965 54440 30525 38919 19885 4918 2798 344 7409 5737 202 14967 23390 5535 13912 2734 22301 36100 29961 2120 6139 5836
is_linear=0
shrinkage=0.02


Tree=245
num_leaves=31
num_cat=0
split_feature=23 44 10 37 17 34 5 42 9 10 10 17 35 44 10 44 13 10 41 9 34 5 9 5 34 9 34 37 13 9
split_gain=0.485606 0.549246 0.494534 0.47729 0.565661 0.556113 0.480611 0.45622 0.507834 0.435851 0.430328 0.422255 0.356915 0.317645 0.27395 0.244106 0.332766 0.296605 0.519831 0.288143 0.268752 0.287212 0.227448 0.236709 0.402943 0.200952 0.192434 0.183243 0.177794 0.132496
threshold=0.84999999999854492 1.5529035827011366 -2.8685000000000165 0.0059999999995500016 0.0040941809488453879 0.038381522042216225 0.10740000000000063 0.016466051329398716 -23.175499999999992 104.706 12.402999999999986 3.3020022810612999 -7.4800000000032005 -1.6808396684457148 -64.497 3.6600125406477528 1.6320000000000012 -52.575499999999998 74.108203255382918 -7.5699999999999923 -0.077864218579604044 -1.2478999999999985 0.97600000000001308 0.10199999999999954 0.076886613045419216 -20.918999999999986 -0.00022586565233413797 0.073999999999126417 0.72640000000000138 3.2670000000000123
decision_type=2 2 2 2 2 2 2 2 2 2 2 2 2 2 2 2 2 2 2 2 2 2 2 2 2 2 2 2 2 2
left_child=1 2 3 4 -1 6 -5 -4 10 -10 -9 13 -13 28 -7 16 17 18 -3 -19 -18 -22 23 26 -25 -6 -15 -14 -2 -17
right_child=11 15 7 5 25 14 -8 8 9 -11 -12 12 27 22 -16 29 20 19 -20 -21 21 -23 -24 24 -26 -27 -28 -29 -30 -31
leaf_value=0.00022028853380529547 2.7333866880076031e-05 -0.00028184861596500618 -0.00021156574224006307 4.899441598065329e-05 -0.00062494967241331781 0.00026022654987348833 0.00018545034663482098 -0.00025586708735388059 -2.4971853075099407e-05 0.00056678400316625131 0.00090555194886652115 0.00052754644969976586 -0.00036674727145644202 0.00033613672496752742 -0.0002449398562807799 -0.00052634960698075555 0.00069342458889707552 4.1538093462652203e-05 -0.0017191264923641699 -0.00013878552823566785 -0.00053828149657745509 0.00013966694299940872 0.00010032052911360502 0.00065592714609459893 -0.00066804790371097634 -0.00010272416530722167 3.0146476162421672e-05 -3.3178035918622263e-05 -0.00080631968985638903 -9.6385919421133147e-05
leaf_weight=2392 229 807 5121 49178 302 497 13068 182 79597 501 427 367 933 2355 3157 793 299 4724 115 14197 285 2033 3539 1142 100 12258 1263 2241 185 449
leaf_count=2392 229 807 5121 49178 302 497 13068 182 79597 501 427 367 933 2355 3157 793 299 4724 115 14197 285 2033 3539 1142 100 12258 1263 2241 185 449
internal_value=2.38799e-14 -7.88493e-06 4.92513e-06 4.04192e-05 -6.15969e-05 6.35656e-05 7.76421e-05 -2.85111e-05 -1.6896e-05 -2.12705e-05 0.000558461 0.000121511 -6.29533e-05 0.000195628 -0.000176229 -9.79693e-05 -8.28761e-05 -0.000110833 -0.000461119 -9.37642e-05 0.000129105 5.63126e-05 0.000222285 0.000311099 0.000549327 -0.000115281 0.000229319 -0.000131231 -0.000345192 -0.000370912
internal_weight=202736 190382 166680 80852 14952 65900 62246 85828 80707 80098 609 12354 3541 8813 3654 23702 22460 19843 922 18921 2617 2318 8399 4860 1242 12560 3618 3174 414 1242
internal_count=202736 190382 166680 80852 14952 65900 62246 85828 80707 80098 609 12354 3541 8813 3654 23702 22460 19843 922 18921 2617 2318 8399 4860 1242 12560 3618 3174 414 1242
is_linear=0
shrinkage=0.02


Tree=246
num_leaves=31
num_cat=0
split_feature=43 15 14 14 9 45 6 9 45 10 15 10 9 10 6 14 10 41 10 2 9 10 6 10 10 14 10 10 9 5
split_gain=0.467318 0.552586 0.639786 0.634926 0.505998 0.923412 0.663255 0.671733 0.598478 0.555308 0.491113 0.485019 0.634086 0.417738 0.414103 0.331633 0.566379 0.331011 0.272599 0.253303 0.248306 0.220364 0.208756 0.207433 0.197782 0.159542 0.154282 0.202338 0.179733 0.16885
threshold=1.8400000000008732 1.1966433678754129 1.0885166666666681 0.44613333333333466 10.170500000000009 0.037226295889076833 -0.27451666666666646 -8.4569999999999919 0.0084834236819080339 -58.759000000000007 0.28401188353021417 42.282999999999987 44.40750000000002 -72.730999999999995 -0.20936666666666701 0.27153333333333468 10.203999999999986 75.286886012984112 82.286500000000004 -0.99999997750000047 -7.110499999999992 -8.9600000000000115 0.14799999999999913 -68.760000000000005 1.7389999999999826 0.76196666666666768 61.751999999999988 9.3559999999999928 -17.737499999999979 0.31140000000000151
decision_type=2 2 2 2 2 2 2 2 2 2 2 2 2 2 2 2 2 2 2 2 2 2 2 2 2 2 2 2 2 2
left_child=14 3 26 10 6 13 8 -8 -5 -7 15 12 17 -6 -1 24 -17 -4 22 -16 -13 23 -12 -21 -2 -25 27 29 -29 -3
right_child=1 2 11 4 5 9 7 -9 -10 -11 18 20 -14 -15 19 16 -18 -19 -20 21 -22 -23 -24 25 -26 -27 -28 28 -30 -31
leaf_value=-0.00029575565680269435 -5.8493535550411429e-05 -0.00013446785816983984 0.00015617742572608415 -0.00061055802053747621 0.0012109900018708272 -0.0010413748936905982 0.00032000831688037761 0.00010764722662736384 9.8799224686807178e-06 -0.00013567192013327287 -4.4754556672380649e-05 -0.00097997615779558478 0.0014869639057125076 0.00017927715218485943 3.6736006212455743e-05 0.00018539033462175528 -6.8387083812381454e-05 -0.00024034462294542276 0.00082831635679245631 -0.00059795820749615697 -0.00015221785153332176 -0.00011858832467906704 -0.0002127922364082758 1.2759885979253193e-05 6.2704244271903975e-05 0.0006414788146213334 0.00021442462462213448 0.00048410665839111744 -0.00024856740255166626 2.8298372587744653e-05
leaf_weight=2819 12499 10110 7237 666 165 282 7563 28077 9389 6808 34901 158 136 3230 10853 12056 4967 953 139 219 1756 17371 3231 7492 9464 165 514 137 5970 3409
leaf_count=2819 12499 10110 7237 666 165 282 7563 28077 9389 6808 34901 158 136 3230 10853 12056 4967 953 139 219 1756 17371 3231 7492 9464 165 514 137 5970 3409
internal_value=7.24681e-14 1.48003e-05 -6.21826e-05 3.23273e-05 8.34874e-05 -4.18163e-05 0.000112239 0.000152711 -3.12152e-05 -0.000171696 -4.87548e-06 6.65336e-05 0.000132529 0.000229419 -6.22973e-05 4.50857e-05 0.000111343 0.000110038 -5.577e-05 -4.40669e-05 -0.000220549 -7.88018e-05 -5.89927e-05 8.94975e-06 -6.26862e-06 2.63081e-05 -0.000127627 -0.000136585 -0.000232131 -9.34241e-05
internal_weight=202736 163817 30380 133437 56180 10485 45695 35640 10055 7090 77257 10240 8326 3395 38919 38986 17023 8190 38271 36100 1914 25247 38132 7876 21963 7657 20140 19626 6107 13519
internal_count=202736 163817 30380 133437 56180 10485 45695 35640 10055 7090 77257 10240 8326 3395 38919 38986 17023 8190 38271 36100 1914 25247 38132 7876 21963 7657 20140 19626 6107 13519
is_linear=0
shrinkage=0.02


Tree=247
num_leaves=31
num_cat=0
split_feature=44 14 10 44 10 10 9 10 9 5 10 9 44 9 15 14 7 14 20 10 9 10 14 14 15 10 10 10 44 14
split_gain=0.475839 0.772118 0.596932 0.530651 0.522587 0.508463 0.490066 2.91046 0.557476 0.651082 0.639899 0.411607 0.404395 0.382549 0.360862 0.357293 0.420712 0.350701 0.334005 0.481413 0.319324 1.28743 0.635309 0.47555 0.541456 0.417052 0.2738 0.372431 0.179641 0.175787
threshold=-0.53818578318979238 0.80238333333333423 12.402999999999986 2.8757842291610967 104.706 37.781999999999982 55.303000000000004 39.952999999999982 7.0475000000000003 -0.012200000000000705 -138.12749999999997 37.33100000000001 1.0363801510215607 -18.455999999999985 1.1966433678754129 0.28980000000000117 0.62312554909250584 1.0458833333333348 11.849999999998547 -43.957000000000008 -19.967499999999987 13.775499999999987 1.8278500000000011 0.56763333333333454 2.8135578185549774 -64.497 -72.730999999999995 -116.33499999999999 0.80170117298024945 2.3338833333333349
decision_type=2 2 2 2 2 2 2 2 2 2 2 2 2 2 2 2 2 2 2 2 2 2 2 2 2 2 2 2 2 2
left_child=4 2 12 6 11 -4 8 -8 9 -3 -10 20 15 -7 -14 -2 -17 -6 19 29 21 22 -1 25 -25 -22 27 -20 -9 -5
right_child=1 3 5 18 17 13 7 28 10 -11 -12 -13 14 -15 -16 16 -18 -19 26 -21 23 -23 -24 24 -26 -27 -28 -29 -30 -31
leaf_value=-0.00059434169373492993 -6.4250075095556065e-05 4.7558002576038728e-05 -0.00019632907484957001 -0.0016169755891647958 0.00040452806458904025 0.0012318173770752485 0.003755252035247395 -0.00083544050619535734 0.0015236752912474488 0.00030075676518202159 -6.1979299373845007e-05 -0.00067079495897801099 -6.8106034957711071e-05 6.3149688292157435e-06 -0.00031825013822638743 9.6636275326420165e-05 -5.0113511522006365e-05 0.0017952772547655247 -8.2638543056762025e-05 -0.00020154586185463369 -0.00037687328784788887 0.0013422711715360231 0.00023955137483426371 0.00019481239238097698 -0.00027087564292383712 2.8723083026279099e-05 -7.1917026194499894e-05 0.0013315714009226535 0.00017297094327691214 -0.00063700742277959137
leaf_weight=1358 19437 9779 16887 131 251 104 100 102 103 6949 8749 329 16961 5015 2670 21528 12267 102 151 1842 1031 194 500 11804 1091 61708 1050 147 230 166
leaf_count=1358 19437 9779 16887 131 251 104 100 102 103 6949 8749 329 16961 5015 2670 21528 12267 102 151 1842 1031 194 500 11804 1091 61708 1050 147 230 166
internal_value=3.66214e-14 -2.43226e-05 -5.21107e-05 6.50442e-05 3.85993e-05 -0.000143399 9.61019e-05 0.000764106 8.48206e-05 0.00015274 -4.3529e-05 3.51253e-05 -2.454e-05 3.12128e-05 -0.000102128 4.07301e-06 4.33686e-05 0.000806388 -0.000166637 -0.000322026 3.81148e-05 -0.00020806 -0.000369936 4.47937e-05 0.000155412 2.20579e-05 7.9933e-05 0.000614975 -0.000136842 -0.00106925
internal_weight=202736 124368 94869 29499 78368 22006 26012 432 25580 16728 8852 78015 72863 5119 19631 53232 33795 353 3487 2139 77686 2052 1858 75634 12895 62739 1348 298 332 297
internal_count=202736 124368 94869 29499 78368 22006 26012 432 25580 16728 8852 78015 72863 5119 19631 53232 33795 353 3487 2139 77686 2052 1858 75634 12895 62739 1348 298 332 297
is_linear=0
shrinkage=0.02


Tree=248
num_leaves=31
num_cat=0
split_feature=34 41 5 41 43 15 14 14 34 6 10 14 42 6 10 6 10 10 14 14 12 6 15 12 34 10 12 42 6 35
split_gain=0.465955 0.821229 0.742381 0.404804 0.404316 0.610512 0.458904 0.382038 0.379395 0.434529 0.363995 0.353491 0.29717 0.289455 0.271414 0.290432 0.406877 0.313154 0.265114 0.254433 0.385454 0.25138 0.247554 0.280671 0.244186 0.241776 0.218488 0.216401 0.216297 0.211762
threshold=-0.011182320915101998 32.251667251010524 -0.11700000000000012 86.434108522456 3.0800000000002914 0.45387982991000064 0.29411666666666764 0.6384000000000013 -0.05112871521569394 -0.23196666666666635 -5.4410000000000132 0.34878333333333417 0.38913340391710932 -0.84406666666666685 -52.575499999999998 -0.19896666666666712 -209.34899999999996 -166.39949999999996 2.8280666666666687 1.3876333333333342 1.3788000000000011 -0.060933333333332985 6.0170479446330107 2.3680000000000043 -0.023313443908957194 -12.586500000000013 0.39860000000000489 0.056687037881019746 -0.34521666666666667 -3.9599999999991264
decision_type=2 2 2 2 2 2 2 2 2 2 2 2 2 2 2 2 2 2 2 2 2 2 2 2 2 2 2 2 2 2
left_child=1 8 19 4 21 6 -6 -7 22 29 11 -11 14 18 15 16 -3 -17 -14 20 -2 -4 23 -1 28 -23 -5 -12 -16 -10
right_child=2 12 3 26 5 7 -8 -9 9 10 27 -13 13 -15 24 17 -18 -19 -20 -21 -22 25 -24 -25 -26 -27 -28 -29 -30 -31
leaf_value=0.00010072389524741741 -0.00012049053614601411 0.0010961402651657158 -0.00014066353633154097 -4.8822970851695858e-05 1.1907517732807651e-05 -7.3429971141261976e-05 0.00017406594779915217 6.4118031570700005e-05 -0.00040738577537668112 -1.8197142257730934e-05 -0.00018268654966744797 0.00021219914208781075 -0.00094300876776539191 0.00032834029936392611 -5.3192128178430552e-05 -0.00043697212659753865 -3.4682479520463882e-05 0.00069545493732871906 0.00020036728091976931 9.2343011635280392e-05 -0.00046561725728637356 8.4911030270164739e-05 -0.00030324774820725562 0.00047573329532297321 1.8798095357414082e-05 -4.1074038145556016e-05 -0.0002276750610477813 -1.8156122077738791e-05 0.0002309876855310514 -0.00012833408257416446
leaf_weight=5530 20210 145 7390 8299 11350 18600 18134 14277 1437 6121 4697 4716 141 4177 1346 110 1041 872 191 2016 1383 7913 509 933 10890 26492 4073 10017 5250 4476
leaf_count=5530 20210 145 7390 8299 11350 18600 18134 14277 1437 6121 4697 4716 141 4177 1346 110 1041 872 191 2016 1383 7913 509 933 10890 26492 4073 10017 5250 4476
internal_value=5.32559e-14 4.53659e-05 -2.02649e-05 4.55166e-07 1.33026e-05 4.55618e-05 0.000111642 -1.36991e-05 -1.20702e-05 -4.16488e-05 -5.89418e-06 8.20657e-05 0.000136729 0.000283163 0.000103135 0.000314209 0.000103572 0.000568605 -0.000285223 -0.000122534 -0.000142595 -3.48304e-05 0.000121416 0.00015486 7.69644e-05 -1.2098e-05 -0.000107703 -7.06775e-05 0.000172997 -0.00019615
internal_weight=202736 62599 140137 116528 104156 62361 29484 32877 38436 31464 25551 10837 24163 4509 19654 2168 1186 982 332 23609 21593 41795 6972 6463 17486 34405 12372 14714 6596 5913
internal_count=202736 62599 140137 116528 104156 62361 29484 32877 38436 31464 25551 10837 24163 4509 19654 2168 1186 982 332 23609 21593 41795 6972 6463 17486 34405 12372 14714 6596 5913
is_linear=0
shrinkage=0.02


Tree=249
num_leaves=31
num_cat=0
split_feature=44 10 44 43 14 14 14 6 34 13 6 10 10 34 44 10 34 5 44 10 10 10 10 10 6 14 14 13 43 44
split_gain=0.465024 0.729714 0.891399 0.698339 1.07948 1.38511 0.645689 0.719328 0.679084 0.816155 0.637738 0.621358 0.635756 0.809641 0.61862 0.540317 0.534861 0.492458 0.485129 0.509049 0.447539 0.583235 0.367581 0.345736 0.465179 0.595689 0.318968 0.315593 0.343099 0.311737
threshold=-0.89482373785314351 -80.640000000000001 -2.0460982385445017 19.539999999997963 0.98900000000000043 1.5409333333333344 0.72748333333333404 -0.84406666666666685 0.048816194574023503 3.5299000000000018 -0.34521666666666667 -76.424999999999997 -58.759000000000007 0.017057584541012822 -1.4310777148483591 17.378499999999985 -0.10835613094779681 0.002900000000001306 0.93614489741998563 55.133999999999993 -138.12749999999997 -89.687499999999986 39.952999999999982 -3.0935000000000161 0.1970000000000004 1.0458833333333348 0.49093333333333428 1.050466666666666 13.760000000002039 -0.078266664381402576
decision_type=2 2 2 2 2 2 2 2 2 2 2 2 2 2 2 2 2 2 2 2 2 2 2 2 2 2 2 2 2 2
left_child=1 2 -1 4 14 -6 11 16 9 17 15 26 13 29 -4 -3 -8 -9 19 -14 -18 -22 -11 24 -12 -26 -2 28 -25 -13
right_child=6 10 3 -5 5 -7 7 8 -10 22 23 12 18 -15 -16 -17 20 -19 -20 -21 21 -23 -24 27 25 -27 -28 -29 -30 -31
leaf_value=-0.00078901593375254101 -0.00092106577110193349 -0.00044765599510590933 0.0014740540005499497 -0.00036554236205170991 0.0037848388730015005 0.00081171665315223106 0.00043603212620842104 2.4973478874180178e-05 -0.00014795542334538283 0.0011235188475873165 9.4261461738430732e-05 0.00089682237370522998 -2.626673566231954e-05 -0.00042692347660894708 -0.00020104429124806635 0.00071440335928875788 0.00024412432603546045 0.00018846059611782635 -0.00011890840706341045 0.00033625056612212684 -0.0012721199923875753 -0.00033749992283216366 8.8192752517322651e-05 1.3570449817685612e-05 0.00034285279165692284 0.0017632084126899597 -0.00021475879911425484 -0.00037021484961608105 0.00083320268516138304 0.00027660918729047678
leaf_weight=151 460 1587 150 143 117 135 390 16500 4577 457 20131 659 85470 411 214 178 407 13319 25486 1578 316 1725 196 24573 996 134 576 856 206 638
leaf_count=151 460 1587 150 143 117 135 390 16500 4577 457 20131 659 85470 411 214 178 407 13319 25486 1578 316 1725 196 24573 996 134 576 856 206 638
internal_value=8.87714e-15 5.32437e-05 0.000614372 0.00089357 0.00118586 0.00219209 -1.7232e-05 5.43972e-05 7.91952e-05 0.000113314 4.27501e-05 -4.07735e-05 -3.63518e-05 0.000346614 0.000489243 -0.000330462 -0.000251856 9.79969e-05 -4.21643e-05 -1.9695e-05 -0.000361446 -0.000482203 0.000812762 5.67966e-05 0.000116426 0.000511284 -0.00052837 7.34162e-06 2.03845e-05 0.000591737
internal_weight=202736 49571 910 759 616 252 153165 37887 35049 30472 48661 115278 114242 1708 364 1765 2838 29819 112534 87048 2448 2041 653 46896 21261 1130 1036 25635 24779 1297
internal_count=202736 49571 910 759 616 252 153165 37887 35049 30472 48661 115278 114242 1708 364 1765 2838 29819 112534 87048 2448 2041 653 46896 21261 1130 1036 25635 24779 1297
is_linear=0
shrinkage=0.02


Tree=250
num_leaves=31
num_cat=0
split_feature=34 31 23 6 14 6 9 5 5 17 31 41 34 31 35 32 5 5 14 33 34 9 23 12 7 34 14 9 9 26
split_gain=0.455654 1.13434 0.496546 0.472941 0.603265 0.482076 0.388828 0.36658 0.32353 0.316424 0.407545 0.371444 0.235514 0.227436 0.196482 0.19121 0.188854 0.183375 0.30226 0.176762 0.176306 0.166272 0.157918 0.156659 0.16404 0.153688 0.217072 0.167197 0.152424 0.149518
threshold=0.0089713671917674605 9.5499999999956362 0.40000000000145525 -0.84406666666666685 1.1559000000000015 -0.25908333333333367 13.950500000000003 -0.13609999999999897 0.36110000000000092 1.046747009610512 20.200000000004369 73.704137802052244 -0.05842326121061308 28.650000000001459 -6.5199999999967977 -0.010816200665911673 -2.7461999999999964 -1.080949999999999 1.4308666666666683 0.042367737420652737 -0.0064241006472050893 -0.82100000000000539 2.6500000000014556 0.82790000000000441 1.8986280173438217 0.03946654320046826 0.6446666666666665 1.2370000000000179 2.0470000000000019 8.2000000000043674
decision_type=2 2 2 2 2 2 2 2 2 2 2 2 2 2 2 2 2 2 2 2 2 2 2 2 2 2 2 2 2 2
left_child=1 2 3 12 5 -5 -6 17 13 10 29 21 16 22 -14 -11 -1 18 -2 28 -4 -12 -3 -10 -25 26 -17 -27 -19 -9
right_child=7 8 20 4 6 -7 -8 9 23 15 11 -13 14 -15 -16 25 -18 19 -20 -21 -22 -23 -24 24 -26 27 -28 -29 -30 -31
leaf_value=-0.00048663224096776606 -0.0013746338738206733 0.00013490240702323467 0.00023378147255175043 -0.00014097642659557141 0.0002790015290961713 1.4659115405901291e-06 -8.9528724445947473e-05 -8.8976911298705778e-05 0.00034085523808960607 0.00023631059347221768 0.00025543515917713034 -9.1906536641213015e-06 -0.0012498554863489793 0.00049909000711221185 -0.00040094309235912194 -0.0001393732597053296 0.00023446449301634445 -0.00024791891650725802 -0.00014712108364183223 0.00045376072727751923 -8.7856404897408066e-06 8.5635598997089576e-05 0.00059678049129433929 0.0012706395611045687 0.00047640699429626248 -0.00041242472750148407 7.454359100584548e-05 -0.00014510394744635555 -3.744904803668038e-05 0.00010816650902759146
leaf_weight=221 134 10145 4850 10535 4730 97094 1511 17738 627 616 3458 17268 121 796 1105 6280 424 4084 200 183 1592 6929 305 192 227 1261 2719 3630 2076 1685
leaf_count=221 134 10145 4850 10535 4730 97094 1511 17738 627 616 3458 17268 121 796 1105 6280 424 4084 200 183 1592 6929 305 192 227 1261 2719 3630 2076 1685
internal_value=7.15319e-14 2.13623e-05 2.93813e-06 -6.57385e-06 -1.39155e-06 -1.24767e-05 0.000189777 -4.20839e-05 0.000204499 -2.68229e-05 -1.65793e-06 4.76572e-05 -0.000321971 0.000173206 -0.000484726 -0.000108494 -1.2609e-05 -0.000182841 -0.000639596 -0.00015879 0.000173836 0.000142165 0.000148383 0.00054094 0.000840351 -0.000123785 -7.47394e-05 -0.000214025 -0.000176988 -7.18742e-05
internal_weight=202736 134475 122183 115741 113870 107629 6241 68261 12292 61584 47078 27655 1871 11246 1226 14506 645 6677 334 6343 6442 10387 10450 1046 419 13890 8999 4891 6160 19423
internal_count=202736 134475 122183 115741 113870 107629 6241 68261 12292 61584 47078 27655 1871 11246 1226 14506 645 6677 334 6343 6442 10387 10450 1046 419 13890 8999 4891 6160 19423
is_linear=0
shrinkage=0.02


Tree=251
num_leaves=31
num_cat=0
split_feature=34 5 44 14 44 17 9 9 20 11 45 44 11 14 4 10 9 9 35 9 34 44 14 10 10 9 10 14 41 10
split_gain=0.449404 0.684084 0.494108 0.651253 0.613998 0.5621 0.545334 0.544812 0.530879 0.519572 0.428872 0.395724 0.403701 0.317244 0.308746 0.283471 0.938875 0.303326 0.238092 0.222449 0.221353 0.211442 0.182929 0.163302 0.356664 0.347279 0.274789 0.34009 0.239698 0.170716
threshold=-0.035373432971301279 -0.51939999999999942 1.5862500858195583 0.6446666666666665 1.2411641850924389 0.49024633156922909 -31.214999999999993 10.170500000000009 5.0499999999956353 0.22650000000000006 0.077047779913319805 3.1601215743280169 0.28950000000000009 4.8582500000000008 0.25560000000000194 -52.575499999999998 2.5085000000000077 -7.5699999999999923 -3.6900000000023279 26.659000000000002 -0.10835613094779681 1.357560484627605 1.0276166666666675 -72.730999999999995 -54.442500000000003 -10.170999999999987 -101.7825 1.9310500000000015 44.685990337406189 -47.616000000000007
decision_type=2 2 2 2 2 2 2 2 2 2 2 2 2 2 2 2 2 2 2 2 2 2 2 2 2 2 2 2 2 2
left_child=10 19 3 5 7 8 -6 -5 -3 -7 11 12 18 15 20 16 -4 -17 -1 23 -14 -12 -16 26 25 -25 27 -2 -28 -26
right_child=1 2 13 4 6 9 -8 -9 -10 -11 21 -13 14 -15 22 17 -18 -19 -20 -21 -22 -23 -24 24 29 -27 28 -29 -30 -31
leaf_value=-0.00014039087520012892 -0.0012142756097359179 -2.0412203929220762e-07 -0.00058797127673129528 0.00012767828567813376 0.0017563399479650292 -0.00031281345899141026 0.00033381913519272584 -7.348486417307658e-05 0.0001485061981533877 -5.142695909717955e-05 0.00029306480992855993 -0.00033913099944622222 0.00058422627261042303 0.00059416471791613897 0.00016885525205218458 7.1605158205238138e-05 0.0014312743319263037 -0.00012791905520063298 8.6557794653535118e-05 0.00047951106480254301 0.0001213884302175533 0.00087074464555645596 0.00083593035286358257 -0.00045845161877365842 0.00027458126241688345 -0.0018332072807523739 1.8701962872821473e-05 0.00011262910532062513 0.0012570194877135092 -0.00023739139028077798
leaf_weight=3455 106 81651 1046 18248 113 3350 2341 7640 10882 33070 1041 910 437 263 264 3856 101 14540 3978 187 7628 335 436 245 273 105 133 285 118 5699
leaf_count=3455 106 81651 1046 18248 113 3350 2341 7640 10882 33070 1041 910 437 263 264 3856 101 14540 3978 187 7628 335 436 245 273 105 133 285 118 5699
internal_value=2.11551e-14 -9.43137e-06 -1.68762e-06 1.01666e-05 9.69722e-05 -8.91206e-06 0.000399322 6.83115e-05 1.72844e-05 -7.54699e-05 9.40137e-05 6.66921e-05 8.94912e-05 -9.58309e-05 0.000181438 -0.000105117 -0.000410165 -8.60966e-05 -1.89323e-05 -0.000201212 0.000146467 0.000433706 0.000584348 -0.000219491 -0.000250354 -0.000870878 8.44264e-05 -0.000247094 0.000600859 -0.000213987
internal_weight=202736 184252 177101 157295 28342 128953 2454 25888 92533 36420 18484 17108 16198 19806 8765 19543 1147 18396 7433 7151 8065 1376 700 6964 6322 350 642 391 251 5972
internal_count=202736 184252 177101 157295 28342 128953 2454 25888 92533 36420 18484 17108 16198 19806 8765 19543 1147 18396 7433 7151 8065 1376 700 6964 6322 350 642 391 251 5972
is_linear=0
shrinkage=0.02


Tree=252
num_leaves=31
num_cat=0
split_feature=34 45 9 6 45 31 10 6 10 14 43 10 42 9 10 6 45 15 43 14 43 10 42 10 9 9 10 10 6 9
split_gain=0.441209 1.10381 0.843687 1.27724 0.838767 0.652902 0.575354 0.621807 0.480546 0.786277 0.474551 0.470337 0.461789 0.451348 0.617665 0.478121 0.409907 0.359637 0.495348 0.339154 0.555632 0.508358 0.334826 0.319378 0.4162 0.292738 0.642428 0.315485 0.285034 0.261461
threshold=0.0018236664560350496 0.051360135937023245 5.58450000000001 0.10586666666666576 0.068453763641211987 7.3499999999985457 -56.553500000000007 0.28451666666666625 -9.1730000000000036 0.78118333333333456 3.0400000000008736 -2.0025000000000195 0.57471052396857258 5.58450000000001 -89.687499999999986 -0.55223333333333302 0.077987746620068063 0.67576116341967141 10.480000000003203 1.3876333333333342 16.400000000004372 -101.7825 0.27373762237794691 -116.33499999999999 -3.0629999999999957 -20.918999999999986 11.433999999999978 -0.41650000000001414 -0.067866666666666853 -11.812499999999995
decision_type=2 2 2 2 2 2 2 2 2 2 2 2 2 2 2 2 2 2 2 2 2 2 2 2 2 2 2 2 2 2
left_child=1 5 3 12 17 13 -4 -8 9 -6 -5 -9 16 25 -15 -16 -3 18 23 21 -21 -20 -12 24 -2 26 -1 -27 -25 -11
right_child=4 2 6 10 8 -7 7 11 -10 29 22 -13 -14 14 15 -17 -18 -19 19 20 -22 -23 -24 28 -26 27 -28 -29 -30 -31
leaf_value=-0.00040674735784566136 7.5223428001137161e-06 6.3379052504957987e-05 -0.001609048461454494 0.00018334594388295458 -0.00025039355108505884 0.00021900167156711282 -0.00023294557325296596 0.0015553001833117767 -0.00010226373001130493 -0.00027109592909224206 0.0005469921001144901 0.00018333176021503327 0.0003722335141418178 0.0015123696032101526 0.0014126991136827899 4.9876837866909176e-05 0.00026141594136445197 -6.9680745083998077e-05 -0.0011816623722328448 0.0013856720588417764 -2.1356572940718706e-05 0.00024903773582248548 0.0012170102261872563 -0.00010260211387314691 0.0017057227874037757 -9.8471595876288588e-06 0.00075050760185162364 -0.00011123999592876603 2.6159084048617033e-05 -0.0013506939031981996
leaf_weight=1935 133 28686 107 558 3355 4179 3419 122 11286 117 583 553 2534 119 104 10418 4894 24200 104 261 197 2218 611 8182 102 28477 213 21575 43109 385
leaf_count=1935 133 28686 107 558 3355 4179 3419 122 11286 117 583 553 2534 119 104 10418 4894 24200 104 261 197 2218 611 8182 102 28477 213 21575 43109 385
internal_value=-7.0348e-14 2.7337e-05 0.000107638 0.000137472 -3.18435e-05 -2.30663e-05 -0.000161266 -0.000123427 -0.000168127 -0.000360852 0.000664838 0.000431302 0.000111887 -3.91641e-05 7.95517e-05 6.3347e-05 9.22412e-05 -5.55578e-06 2.30198e-05 0.000283067 0.000780465 0.000184958 0.000889857 8.98936e-06 0.000744614 -6.33643e-05 -0.000291992 -5.35527e-05 5.61895e-06 -0.00109907
internal_weight=202736 109087 42067 37866 93649 67020 4201 4094 15143 3857 1752 675 36114 62841 10641 10522 33580 78506 54306 2780 458 2322 1194 51526 235 52200 2148 50052 51291 502
internal_count=202736 109087 42067 37866 93649 67020 4201 4094 15143 3857 1752 675 36114 62841 10641 10522 33580 78506 54306 2780 458 2322 1194 51526 235 52200 2148 50052 51291 502
is_linear=0
shrinkage=0.02


Tree=253
num_leaves=31
num_cat=0
split_feature=44 10 44 43 14 14 6 14 6 34 10 44 13 44 43 33 10 34 6 14 10 14 10 10 13 14 13 10 9 9
split_gain=0.44637 0.687898 0.856422 0.673746 1.02679 1.32764 0.611045 0.599553 0.678672 0.632746 0.595109 0.591895 0.538249 0.535448 0.550985 0.524711 0.514925 0.505748 0.461448 0.445673 0.436259 0.430339 0.419605 0.562529 0.410023 0.400414 0.345256 0.328833 0.799791 0.724251
threshold=-0.89482373785314351 -80.640000000000001 -2.0460982385445017 19.539999999997963 0.98900000000000043 1.5409333333333344 -0.34521666666666667 0.72748333333333404 -0.84406666666666685 0.01846981702454616 -80.640000000000001 -1.4310777148483591 1.0708666666666675 0.93614489741998563 7.8599999999962167 0.0032587757000926551 17.378499999999985 -0.10835613094779681 -0.25213333333333382 0.49093333333333428 -138.12749999999997 1.6623500000000015 -138.12749999999997 -89.687499999999986 3.5299000000000018 0.29623333333333396 0.70893333333333497 -3.0935000000000161 -10.682499999999983 4.7780000000000138
decision_type=2 2 2 2 2 2 2 2 2 2 2 2 2 2 2 2 2 2 2 2 2 2 2 2 2 2 2 2 2 2
left_child=1 2 -1 4 11 -6 16 10 17 15 19 -4 20 14 18 24 -3 -9 -12 -2 -11 -14 -19 -24 -10 -16 -17 29 -29 -8
right_child=7 6 3 -5 5 -7 27 8 9 12 13 -13 21 -15 25 26 -18 22 -20 -21 -22 -23 23 -25 -26 -27 -28 28 -30 -31
leaf_value=-0.00077860052247503964 -0.0010862116811983288 -0.00043774863761440307 0.0014416413744096645 -0.00036609912799163302 0.0036984610649892407 0.0007876744688040129 6.7654920898019421e-05 0.00042357228944997472 6.9950818599555132e-05 0.0012402780011158299 -0.00025419300594601419 -0.00019687393078010392 -0.00028513444261381429 -0.0001160844555958523 -0.00016284550886546648 6.8899302316792279e-05 0.00069667649554125345 0.00023446813892774487 -2.1388711764254373e-05 -0.00013600742545526596 8.6585338391340758e-05 4.0691257872434785e-05 -0.0012445951122153239 -0.00032671484170069051 0.00076027127704516781 0.00016151311616599174 0.00041171605075903506 0.00059347984953416974 -1.3802139950589855e-05 0.00040865810855144426
leaf_weight=151 375 1587 150 143 117 135 18379 390 17673 135 3572 214 4175 25748 1788 1697 178 407 73131 417 4546 2651 316 1725 351 10247 3821 899 24736 2882
leaf_count=151 375 1587 150 143 117 135 18379 390 17673 135 3572 214 4175 25748 1788 1697 178 407 73131 417 4546 2651 316 1725 351 10247 3821 899 24736 2882
internal_value=8.46675e-14 5.21648e-05 0.000596978 0.000870644 0.00115775 0.00213911 4.19764e-05 -1.68829e-05 5.21398e-05 7.62269e-05 -3.95677e-05 0.000478338 -4.5321e-05 -3.57881e-05 -1.24896e-05 0.000135638 -0.000323342 -0.000245332 -3.22302e-05 -0.000585915 0.000119858 -0.000158594 -0.000351898 -0.000468827 8.33941e-05 0.000113324 0.000306287 5.57257e-05 7.49478e-06 0.000113879
internal_weight=202736 49571 910 759 616 252 48661 153165 37887 35049 115278 364 11507 114486 88738 23542 1765 2838 76703 792 4681 6826 2448 2041 18024 12035 5518 46896 25635 21261
internal_count=202736 49571 910 759 616 252 48661 153165 37887 35049 115278 364 11507 114486 88738 23542 1765 2838 76703 792 4681 6826 2448 2041 18024 12035 5518 46896 25635 21261
is_linear=0
shrinkage=0.02


Tree=254
num_leaves=31
num_cat=0
split_feature=44 43 43 10 10 9 10 44 10 9 12 34 15 44 43 10 10 9 9 10 9 10 10 34 10 45 45 13 29 9
split_gain=0.432503 0.577463 0.502194 0.71929 0.488682 0.562029 1.933 0.500427 0.537412 0.474876 0.488469 0.437191 0.384313 0.376144 0.638167 0.669536 0.619687 0.375559 0.364888 0.585262 0.403213 0.582591 0.460128 0.352185 0.378416 0.344184 0.315348 0.30285 0.300129 0.298133
threshold=-0.53818578318979238 15.139999999997965 4.5200000000026206 82.286500000000004 11.767499999999986 55.303000000000004 61.751999999999988 3.1601215743280169 -43.957000000000008 -19.967499999999987 0.31080000000000146 0.048816194574023503 0.78798442243450484 -1.784526967634612 15.540000000000875 8.091499999999991 -101.7825 -19.214999999999989 13.950500000000003 -64.497 7.5380000000000162 -7.8240000000000096 -116.33499999999999 0.03946654320046826 -47.616000000000007 0.033189892578358263 0.030029728765684466 0.36153333333333282 -0.034427232426342817 -2.3879999999999835
decision_type=2 2 2 2 2 2 2 2 2 2 2 2 2 2 2 2 2 2 2 2 2 2 2 2 2 2 2 2 2 2
left_child=2 4 3 17 7 9 -7 23 -9 10 -6 12 28 14 15 16 -4 -1 20 -20 22 -22 -15 24 -2 -21 -25 -17 -3 -5
right_child=1 11 13 29 5 6 -8 8 -10 -11 -12 -13 -14 18 -16 27 -18 -19 19 25 21 -23 -24 26 -26 -27 -28 -29 -30 -31
leaf_value=-0.00047918789488357469 0.00015185180559931953 0.00012153336147355822 -0.0011840445916214957 0.001927253807708621 0.0015050788696439896 0.0029122649716350054 -0.00023016533449211782 -0.0013808098108207107 -0.00023086375021160943 -0.00012221099452822451 0.00011345783148420237 -0.00010621632639377446 0.00014019419881584501 0.00062825703890080479 -0.0015178985836627407 -0.00012418381620215397 0.00028097775781309213 -9.9222518378762288e-07 -0.0013103719017675669 0.00045086031318132699 0.00086687778940398267 0.00018713942078809459 0.00010043524527614256 5.2663763730686488e-05 -6.608233888182205e-06 -0.00026214605957435 -0.00028087603628690046 -0.00092307748299921659 0.00074608271502923224 0.00049094076792243868
leaf_weight=666 6580 479 125 100 139 109 278 189 1162 30259 368 2182 4851 681 126 358 1518 48303 164 393 715 1712 22095 1729 71888 871 3294 404 861 137
leaf_count=666 6580 479 125 100 139 109 278 189 1162 30259 368 2182 4851 681 126 358 1518 48303 164 393 715 1712 22095 1729 71888 871 3294 404 861 137
internal_value=1.13026e-13 -2.31886e-05 3.67997e-05 -2.1762e-06 -3.47673e-05 -0.000102513 0.000654912 -9.89197e-06 -0.000391737 -0.00011204 0.000494987 0.000137216 0.000223013 0.000102565 -0.00013043 -5.77391e-05 0.000169518 -7.4959e-06 0.000124709 -0.000186304 0.000142331 0.000387392 0.000116217 -3.71319e-06 6.67957e-06 -4.04597e-05 -0.000166066 -0.000547744 0.00052283 0.00109698
internal_weight=202736 124368 78368 49206 115995 31153 387 84842 1351 30766 507 8373 6191 29162 2531 2405 1643 48969 26631 1428 25203 2427 22776 83491 78468 1264 5023 762 1340 237
internal_count=202736 124368 78368 49206 115995 31153 387 84842 1351 30766 507 8373 6191 29162 2531 2405 1643 48969 26631 1428 25203 2427 22776 83491 78468 1264 5023 762 1340 237
is_linear=0
shrinkage=0.02


Tree=255
num_leaves=31
num_cat=0
split_feature=43 34 31 45 45 34 42 6 9 6 32 42 36 9 14 9 44 13 9 4 6 45 9 9 12 4 33 13 34 34
split_gain=0.427877 0.522269 0.977478 0.68704 0.646028 0.804315 0.517916 0.561905 0.479655 0.572761 0.466449 0.398887 0.364597 0.362246 0.466876 0.463094 0.348126 0.34633 0.287508 0.221968 0.218273 0.212787 0.230191 0.204743 0.186287 0.167068 0.160412 0.224971 0.150785 0.150337
threshold=1.0400000000008733 0.012962607989667283 15.049999999995636 0.038479473917352368 0.07176771542558559 0.00020210538072420653 0.12564897806202924 0.08196666666666573 -28.497999999999994 -0.067866666666666853 0.0043432817368276701 0.47587020884827375 17.500000000000004 -11.218499999999988 1.3876333333333342 22.350500000000007 1.7564410496976346 1.3439000000000021 -6.8249999999999895 0.6922000000000057 -0.25908333333333367 0.01426854178255065 -26.471499999999999 -55.931999999999981 0.089800000000007194 -0.01179999999999822 0.0070502264282768425 0.28620000000000279 0.087569951792432002 0.02577650342509585
decision_type=2 2 2 2 2 2 2 2 2 2 2 2 2 2 2 2 2 2 2 2 2 2 2 2 2 2 2 2 2 2
left_child=20 2 4 13 6 11 12 -8 23 17 -7 -6 -2 21 16 -16 -15 -10 -11 26 -1 22 -3 -5 25 -22 -4 -28 -23 -25
right_child=1 3 19 8 5 10 7 -9 9 18 -12 -13 -14 14 15 -17 -18 -19 -20 -21 24 28 -24 29 -26 -27 27 -29 -30 -31
leaf_value=-0.00040096282007201842 -0.00012235277320588389 -0.00085247086023482665 0.00013094494751069772 -0.00010273513246536791 0.00019062651630587951 -0.00032263747015841634 -1.3461276646510771e-06 0.00012894621017520423 -0.00030036791914961005 0.00023336728126396874 0.00030940206408405579 0.00063851266274580923 5.2601801373243772e-05 7.4297094126931588e-05 0.00074598496344242923 -0.00014184471742110738 -0.00020860038805381188 -0.00098679194640488165 -9.8440306005476559e-05 0.00075043828606867913 9.7904889797989159e-05 2.2702637344789798e-06 -0.00019813946575044557 0.00034674082012118207 -0.00015182403147515788 -7.5283476693009587e-05 0.00010785207238796007 0.00041803852138901846 -0.00071447829268724906 0.001299836046251958
leaf_weight=867 19065 319 4297 118 9507 1922 66682 16520 2696 1088 617 868 6352 17262 756 341 1935 330 26167 323 3245 1721 660 115 7514 7109 1462 2596 126 156
leaf_count=867 19065 319 4297 118 9507 1922 66682 16520 2696 1088 617 868 6352 17262 756 341 1935 330 26167 323 3245 1721 660 115 7514 7109 1462 2596 126 156
internal_value=5.16026e-14 9.27131e-06 3.09281e-05 -4.31539e-05 1.62853e-05 0.000150016 3.85751e-07 2.45238e-05 -0.000105213 -0.000114178 -0.000169046 0.000228098 -7.86296e-05 3.91714e-05 6.87134e-05 0.000470005 4.57819e-05 -0.000375226 -8.51948e-05 0.000235996 -9.10557e-05 -0.000172975 -0.000411349 0.000592614 -7.60183e-05 -2.10053e-05 0.000216108 0.000306286 -4.66254e-05 0.000895386
internal_weight=202736 184001 130211 53790 121533 12914 108619 83202 30670 30281 2539 10375 25417 23120 20294 1097 19197 3026 27255 8678 18735 2826 979 389 17868 10354 8355 4058 1847 271
internal_count=202736 184001 130211 53790 121533 12914 108619 83202 30670 30281 2539 10375 25417 23120 20294 1097 19197 3026 27255 8678 18735 2826 979 389 17868 10354 8355 4058 1847 271
is_linear=0
shrinkage=0.02


Tree=256
num_leaves=31
num_cat=0
split_feature=34 41 5 17 20 0 35 34 6 17 5 15 41 41 15 43 34 9 41 34 42 5 5 10 29 6 39 10 6 25
split_gain=0.424689 0.690285 0.68431 0.429097 0.548121 0.401662 0.354669 0.330226 0.329489 0.32809 0.320202 0.315181 0.295008 0.282937 0.282237 0.386664 0.271787 0.242942 0.242265 0.271185 0.231259 0.227481 0.179222 0.199107 0.176498 0.201963 0.171892 0.171738 0.155924 0.15544
threshold=-0.015577675985557123 20.318725098758538 -0.21319999999999981 0.59605311562714625 7.0499999999956353 -0.0069999999999999932 -3.4399999999950519 -0.070498786730593274 -0.34521666666666667 0.014769119336633021 -0.28809999999999825 0.13112875350791561 78.701446615120645 39.344262291914696 7.2229586547185534 19.539999999997963 -0.030947919794820946 -1.0269999999999879 44.162895927042008 0.0024496133648997608 0.49441546295651156 0.081700000000000703 -1.080949999999999 -72.730999999999995 -0.058349777897875869 -0.24493333333333356 -2.4999999999999996 -54.442500000000003 -0.73481666666666701 10.049999999995636
decision_type=2 2 2 2 2 2 2 2 2 2 2 2 2 2 2 2 2 2 2 2 2 2 2 2 2 2 2 2 2 2
left_child=1 14 18 4 5 9 7 -3 -7 -4 28 -5 21 16 15 24 29 -12 27 20 -20 -13 -21 -24 -1 -26 -16 -2 -9 -8
right_child=2 6 3 11 -6 8 13 10 -10 -11 17 12 -14 -15 26 -17 -18 -19 19 22 -22 -23 23 -25 25 -27 -28 -29 -30 -31
leaf_value=4.2472859170874144e-05 -0.00066074056568209214 0.00035710382159820402 0.00046798355288235919 -0.00027584389378950184 0.00017722508817887516 -0.00037262042152506935 0.00025800799820685548 -0.00055315961893592476 -1.7953349172747156e-05 5.4662138814961417e-05 0.00018577671075145391 -7.1624792447623693e-05 -0.00015937481625468981 0.00027449295726157159 -9.0396293627026562e-05 0.0007217506973986299 4.9249589474797719e-05 -5.2392442720927521e-05 -4.5653293692746526e-05 -0.000565898779844015 0.00030461548515972728 3.9142023501767507e-05 0.00030586403323698715 -0.00016550573234340709 -0.00028302652400291449 -6.0727730221973827e-05 -0.0011484608434994396 -0.00021063338514114614 -0.00011619984693371109 -0.00011012617532283956
leaf_weight=5082 359 1039 789 2491 8149 1067 4917 357 58084 29146 3477 14687 7080 5557 104 260 10482 3377 2487 408 1082 14981 387 4858 1977 9444 150 6109 3843 506
leaf_count=5082 359 1039 789 2491 8149 1067 4917 357 58084 29146 3477 14687 7080 5557 104 260 10482 3377 2487 408 1082 14981 387 4858 1977 9444 150 6109 3843 506
internal_value=6.12804e-14 5.02112e-05 -1.66878e-05 -2.30686e-06 2.02215e-05 5.85988e-06 0.000102831 1.62088e-05 -2.4351e-05 6.55561e-05 -1.5833e-05 -5.81327e-05 -4.33749e-05 0.00015164 -5.35479e-05 -4.35217e-05 0.000108716 6.84296e-05 -0.000141775 -7.59586e-05 6.05363e-05 -1.56926e-05 -0.000162134 -0.000130726 -5.55783e-05 -9.92081e-05 -0.000715238 -0.000235616 -0.000153341 0.000223659
internal_weight=202736 50572 152164 136474 97235 89086 33555 12093 59151 29935 11054 39239 36748 21462 17017 16763 15905 6854 15690 9222 3569 29668 5653 5245 16503 11421 254 6468 4200 5423
internal_count=202736 50572 152164 136474 97235 89086 33555 12093 59151 29935 11054 39239 36748 21462 17017 16763 15905 6854 15690 9222 3569 29668 5653 5245 16503 11421 254 6468 4200 5423
is_linear=0
shrinkage=0.02


Tree=257
num_leaves=31
num_cat=0
split_feature=44 14 6 34 13 9 6 9 43 6 9 6 9 44 15 34 9 14 6 13 14 9 43 17 11 11 13 14 42 44
split_gain=0.422112 0.562591 0.654007 0.583785 0.746487 0.617914 0.502349 0.816125 0.484411 0.483471 0.496044 0.461408 0.525616 0.453073 0.416082 0.408535 0.406621 0.731527 0.762007 0.58452 0.424025 0.415526 0.346352 0.305193 0.410423 0.299423 0.29803 0.294507 0.274002 0.255365
threshold=-0.89482373785314351 0.72748333333333404 -0.84406666666666685 0.048816194574023503 3.5299000000000018 10.170500000000009 -0.3111833333333337 -47.567499999999988 28.550000000000001 -0.25213333333333382 -3.229499999999994 -0.013933333333333419 -39.987999999999978 0.69797269886537061 10.108610459382717 -0.053303526733824554 26.659000000000002 1.0885166666666681 -0.19896666666666712 1.0937666666666683 0.55833333333333501 -15.052999999999995 16.400000000004372 0.46814459895897303 0.15250000000000005 0.28950000000000009 0.99226666666666707 1.4308666666666683 0.64540662186338182 -1.2626256126891062
decision_type=2 2 2 2 2 2 2 2 2 2 2 2 2 2 2 2 2 2 2 2 2 2 2 2 2 2 2 2 2 2
left_child=6 9 8 4 5 -4 7 -1 14 15 11 13 -13 -11 -3 -2 17 19 -19 20 -8 -20 -9 24 -12 -25 27 -5 -6 -24
right_child=1 2 3 26 28 -7 16 22 -10 10 23 12 -14 -15 -16 -17 -18 18 21 -21 -22 -23 29 25 -26 -27 -28 -29 -30 -31
leaf_value=0.0011727881838793017 0.0002284635418377638 -0.00027477321187342811 0.00014767359469314515 5.3260090863705349e-05 0.00059838477039201351 -5.5373965111126297e-05 4.469912151970123e-05 -0.00024164924314385876 0.00035719100147849086 4.5349791651315488e-05 -4.9012359508937686e-05 -0.0010054441167766544 0.00017663951485580607 -0.00015351308531430348 -0.0012193328697364502 -0.00026722496965796779 -0.00065431744582243633 -0.00094320486153921356 0.0017996280235204384 -0.00054929980441974474 0.00023856834654163025 0.00060703218182469806 -0.0018143882829636006 -0.00025693510335643183 0.00012553848196890534 -7.9990914939096896e-05 -0.00022261656557532667 0.0011964630379341543 0.0017268487468690558 -0.00045725831599164061
leaf_weight=156 755 2180 21507 914 551 8312 40032 2089 454 16248 46468 153 9077 6383 204 5584 312 115 137 625 5086 795 101 4743 6095 19772 3563 100 102 123
leaf_count=156 755 2180 21507 914 551 8312 40032 2089 454 16248 46468 153 9077 6383 204 5584 312 115 137 625 5086 795 101 4743 6095 19772 3563 100 102 123
internal_value=9.13978e-15 -1.64177e-05 5.04435e-05 7.40888e-05 0.000105723 9.10744e-05 5.07276e-05 -0.000227358 -0.000241573 -3.83922e-05 -2.85121e-05 3.78674e-05 0.000157045 -1.07388e-05 -0.0003556 -0.000208187 6.53043e-05 7.01029e-05 0.000592809 5.81388e-05 6.65533e-05 0.000782339 -0.00032179 -5.59508e-05 -2.87721e-05 -0.000114225 -0.000136521 0.000166002 0.000774653 -0.00106918
internal_weight=202736 153165 37887 35049 30472 29819 49571 2469 2838 115278 108939 31861 9230 22631 2384 6339 47102 46790 1047 45743 45118 932 2313 77078 52563 24515 4577 1014 653 224
internal_count=202736 153165 37887 35049 30472 29819 49571 2469 2838 115278 108939 31861 9230 22631 2384 6339 47102 46790 1047 45743 45118 932 2313 77078 52563 24515 4577 1014 653 224
is_linear=0
shrinkage=0.02


Tree=258
num_leaves=31
num_cat=0
split_feature=24 4 42 23 44 14 34 42 36 15 42 9 5 36 45 13 14 34 12 36 27 9 22 17 44 34 4 45 45 10
split_gain=0.412505 0.479367 0.453589 0.507807 0.373257 0.376192 0.284701 0.299967 0.267966 0.269718 0.261856 0.234191 0.227883 0.221357 0.219843 0.194539 0.176109 0.308892 0.23135 0.173645 0.245212 0.168178 0.16187 0.160575 0.18312 0.160606 0.245207 0.230811 0.227958 0.209628
threshold=0.34999999999854486 -0.19919999999999857 0.88500624469179656 0.84999999999854492 1.5529035827011366 0.48360000000000075 -0.011182320915101998 0.21450478841043932 35.500000000000007 6.0170479446330107 0.31659959221068362 -47.567499999999988 1.6305000000000009 29.500000000000004 0.024518100611174692 0.74440000000000162 1.3876333333333342 0.0030773451218231913 1.4194000000000064 32.500000000000007 0.011419851396388127 -12.404499999999979 0.99999999999463818 5.0812882086773348 -1.6808396684457148 -0.0020599873188439448 0.4151000000000023 0.042161756552644855 0.053946345033183296 -41.707000000000015
decision_type=2 2 2 2 2 2 2 2 2 2 2 2 2 2 2 2 2 2 2 2 2 2 2 2 2 2 2 2 2 2
left_child=1 6 3 4 5 -3 7 8 9 -1 15 -4 -6 -5 21 -8 18 -18 -12 20 -13 -9 -10 24 -2 26 27 -26 -27 -30
right_child=23 2 11 13 12 -7 10 14 22 -11 16 19 -14 -15 -16 -17 17 -19 -20 -21 -22 -23 -24 -25 25 28 -28 -29 29 -31
leaf_value=-6.6135047395788631e-05 -0.0002425220016691846 4.895056574602964e-06 -0.00094494238515388312 0.00027571490789129078 -9.2388190547695295e-05 8.8699416106486912e-05 -0.00020953286645910684 -0.00084903177929688894 0.00043758458549842896 -0.00057077227634807126 -8.4691656001181049e-05 -7.552457934912357e-05 0.0006645366504986522 -6.4606335788304373e-05 0.00022568497197929976 -0.00058408877294826233 0.00073276895037835172 -2.5788175797677404e-05 -0.00040737172234674623 -0.00022456280580253484 0.00011798222561920402 -2.8919453631236892e-05 2.6000193172450561e-06 -3.9898241772182884e-05 5.3363691478956671e-05 0.00017059029523055504 0.00072054863122864271 0.00031700902666307424 -0.00067615509063657768 -2.8572626332510745e-05
leaf_weight=14962 475 79175 122 4339 13473 29375 3532 116 658 436 10985 18593 161 928 2866 658 273 1006 967 2492 3049 726 713 2389 2477 3030 380 2864 237 1279
leaf_count=14962 475 79175 122 4339 13473 29375 3532 116 658 436 10985 18593 161 928 2866 658 273 1006 967 2492 3049 726 713 2389 2477 3030 380 2864 237 1279
internal_value=2.77895e-14 -7.50763e-06 8.38678e-06 2.34736e-05 1.51849e-05 2.75736e-05 -7.11335e-05 -2.05721e-05 -5.65678e-05 -8.0424e-05 -0.000130564 -7.08853e-05 -8.34499e-05 0.000215753 0.000142214 -0.000268353 -8.69294e-05 0.000136124 -0.000110799 -6.64669e-05 -4.82627e-05 -0.000141904 0.000211367 0.000108406 0.000141389 0.000159151 0.000229663 0.000194738 7.04125e-05 -0.000129811
internal_weight=202736 189605 151707 127451 122184 108550 37898 20477 16769 15398 17421 24256 13634 5267 3708 4190 13231 1279 11952 24134 21642 842 1371 13131 10742 10267 5721 5341 4546 1516
internal_count=202736 189605 151707 127451 122184 108550 37898 20477 16769 15398 17421 24256 13634 5267 3708 4190 13231 1279 11952 24134 21642 842 1371 13131 10742 10267 5721 5341 4546 1516
is_linear=0
shrinkage=0.02


Tree=259
num_leaves=31
num_cat=0
split_feature=44 10 44 43 14 14 44 5 14 10 10 34 44 34 5 10 10 44 34 44 1 43 5 31 10 43 14 34 44 15
split_gain=0.405885 0.652479 0.800199 0.666065 0.996545 1.34622 0.621379 0.545339 0.533996 0.555216 0.599659 0.731096 0.498709 0.482983 0.581793 0.458172 0.421656 0.529575 0.356967 0.34835 0.323788 0.305751 0.286056 0.393945 0.285269 0.388967 0.359688 0.299378 0.3293 0.281256
threshold=-0.89482373785314351 -80.640000000000001 -1.9792255045004414 19.539999999997963 1.008283333333335 1.5409333333333344 -1.3501576184048092 -0.82029999999999836 0.79136666666666755 -76.424999999999997 -58.759000000000007 0.017057584541012822 0.93614489741998563 0.025253321006513965 -0.010699999999998601 61.751999999999988 43.516499999999986 2.3422459782686049 0.023776076773581099 -0.56732098641892237 182.44999361350031 8.3199999999997107 -2.7461999999999964 -117.74999999999999 -37.220500000000008 14.760000000002039 0.53146666666666698 -0.05842326121061308 -1.173550579414735 1.0909235078017845
decision_type=2 2 2 2 2 2 2 2 2 2 2 2 2 2 2 2 2 2 2 2 2 2 2 2 2 2 2 2 2 2
left_child=1 2 -1 4 6 -6 -4 -3 9 18 11 20 15 14 22 -12 17 -16 -2 -15 -11 -13 23 -10 25 26 -9 28 -26 -29
right_child=8 7 3 -5 5 -7 -8 24 13 10 12 21 -14 19 16 -17 -18 -19 -20 -21 -22 -23 -24 -25 27 -27 -28 29 -30 -31
leaf_value=-0.00065256798443527771 -0.0006131940682524193 -0.00051438119440437211 0.0014396896822386827 -0.00036551059747580439 0.0038431938161265179 0.00079573637232442705 -0.00022812552059037319 0.00011705887474849616 0.00036760240460127883 0.00075016194276771703 -1.9925155213464775e-05 -0.00072004053943473887 -0.00011211062266180506 -0.00055481215147863846 0.00035518040860543277 0.00035024515432747442 -9.7299144759831297e-05 -6.9068877886993457e-05 0.00032957227037566184 -3.8950159210389316e-05 9.2717676382865963e-05 0.00042109135640420217 4.2997462474867466e-05 -0.00065903738421219289 0.0010711956796736948 -0.00072115783562917203 0.0005516610851881372 4.646885076439493e-05 -0.00026098312224315999 -0.00012192655630807842
leaf_weight=171 1011 700 159 142 106 128 204 2197 210 978 88485 314 27175 559 6607 1358 1393 1432 191 8271 432 134 14096 519 224 167 1166 39688 111 4408
leaf_count=171 1011 700 159 142 106 128 204 2197 210 978 88485 314 27175 559 6607 1358 1393 1432 191 8271 432 134 14096 519 224 167 1166 39688 111 4408
internal_value=3.59047e-14 4.9743e-05 0.000580345 0.000865634 0.00115847 0.00217621 0.000502405 3.98203e-05 -1.60991e-05 -3.57018e-05 -3.13773e-05 0.000325105 -3.70375e-05 5.50423e-05 0.000101145 -1.43299e-05 0.000223943 0.000279608 -0.000463387 -7.16078e-05 0.000548732 -0.00037872 2.30184e-05 -0.000363298 4.7909e-05 0.000220958 0.000267742 3.41604e-05 0.000629787 2.96354e-05
internal_weight=202736 49571 910 739 597 234 363 48661 153165 120078 118876 1858 117018 33087 24257 89843 9432 8039 1202 8830 1410 448 14825 729 47961 3530 3363 44431 335 44096
internal_count=202736 49571 910 739 597 234 363 48661 153165 120078 118876 1858 117018 33087 24257 89843 9432 8039 1202 8830 1410 448 14825 729 47961 3530 3363 44431 335 44096
is_linear=0
shrinkage=0.02


Tree=260
num_leaves=31
num_cat=0
split_feature=43 34 29 45 45 9 44 6 9 6 10 6 9 10 43 13 10 9 10 10 4 6 45 9 34 12 7 10 7 34
split_gain=0.404074 0.479978 0.935894 0.651865 0.609299 0.779854 0.504129 0.56545 0.461743 0.55022 0.457456 0.42738 0.345511 0.880598 0.730732 0.328723 0.295918 0.270532 0.254344 0.220015 0.211849 0.203786 0.202583 0.216644 0.188184 0.174898 0.239072 0.216072 0.174508 0.187939
threshold=1.0400000000008733 0.012962607989667283 0.017485251023863228 0.038479473917352368 0.07176771542558559 -3.3190000000000004 2.1422487497984015 0.08196666666666573 -28.497999999999994 -0.067866666666666853 -58.759000000000007 -0.087000000000000008 -11.218499999999988 -116.33499999999999 11.399999999998547 1.3439000000000021 -116.33499999999999 -6.8249999999999895 3.7834999999999837 -8.2870000000000061 0.6922000000000057 -0.25908333333333367 0.01426854178255065 -26.471499999999999 0.027967676773960847 0.089800000000007194 0.078744840954368553 7.8739999999999908 1.3657808022892122 -0.00062480896580758552
decision_type=2 2 2 2 2 2 2 2 2 2 2 2 2 2 2 2 2 2 2 2 2 2 2 2 2 2 2 2 2 2
left_child=21 2 4 12 6 11 7 -2 16 15 -7 -6 22 14 -14 -10 -5 -11 -15 -8 28 -1 23 -3 -18 -23 27 -27 29 -4
right_child=1 3 20 8 5 10 19 -9 9 17 -12 -13 13 18 -16 -17 24 -19 -20 -21 -22 25 -24 -25 -26 26 -28 -29 -30 -31
leaf_value=-0.00038793327984631726 -1.0668964116324763e-05 -0.00082878012635922472 0.00047712546736782858 -0.00018672204647648898 0.0001812010922280766 -0.0012033505509685685 -0.0002895418975780595 0.00011191660805639032 -0.00029342284636388788 0.0002269279801568355 -1.8756797493719847e-05 0.00051473098243412388 0.0025631900545264974 0.00011438547366794918 0.00034738322959988022 -0.00096217101389739783 0.00042216400922276084 -9.4935075259083035e-05 -2.9739685547823941e-05 -5.7373702246504844e-05 0.00075028321524332102 -2.0652120817197421e-05 -4.4963078098230441e-05 -0.00019399336255821365 0.001504956984027751 -0.00048907999142875486 -8.8730476686038392e-05 6.8601915947470217e-05 -0.00012536388973325869 0.00019835253794997574
leaf_weight=867 84127 319 1144 132 5876 134 3168 18331 2696 1088 4851 2081 101 11537 145 330 125 26167 8511 3369 308 10354 1847 660 132 1242 5914 358 558 6264
leaf_count=867 84127 319 1144 132 5876 134 3168 18331 2696 1088 4851 2081 101 11537 145 330 125 26167 8511 3369 308 10354 1847 660 132 1242 5914 358 558 6264
internal_value=-3.82209e-14 9.00973e-06 2.97712e-05 -4.12481e-05 1.5804e-05 0.000145546 3.98501e-07 1.12631e-05 -0.000101698 -0.000110493 -5.05994e-05 0.000268429 3.89421e-05 6.77936e-05 0.00125713 -0.000366353 0.000582976 -8.20865e-05 5.31999e-05 -0.000169888 0.000235611 -8.84868e-05 -0.000168246 -0.000400834 0.000978307 -7.39569e-05 -0.000147409 -0.000364299 0.000215712 0.000241403
internal_weight=202736 184001 130211 53790 121937 12942 108995 102458 30670 30281 4985 7957 23120 20294 246 3026 389 27255 20048 6537 8274 18735 2826 979 257 17868 7514 1600 7966 7408
internal_count=202736 184001 130211 53790 121937 12942 108995 102458 30670 30281 4985 7957 23120 20294 246 3026 389 27255 20048 6537 8274 18735 2826 979 257 17868 7514 1600 7966 7408
is_linear=0
shrinkage=0.02


Tree=261
num_leaves=31
num_cat=0
split_feature=34 4 41 34 41 6 10 42 7 43 6 17 20 11 5 44 9 44 44 10 4 13 14 5 9 44 29 41 34 12
split_gain=0.397557 0.618865 0.444699 0.905585 0.442842 0.414742 0.506131 0.397996 0.393744 0.378259 0.347704 0.321759 0.348623 0.339466 0.259744 0.255865 0.255133 0.23205 0.221204 0.212696 0.207378 0.318961 0.205595 0.249326 0.187039 0.170412 0.167006 0.163617 0.134403 0.137878
threshold=-0.0330218690192755 -0.43719999999999876 33.466733666661362 -0.0024842186560654722 20.318725098758538 0.088199999999999598 9.9334999999999898 0.56991959446337781 6.8358087532284095 20.519999999999715 -0.19896666666666712 0.5399677216767812 7.0499999999956353 0.22650000000000006 0.90409999999999979 2.8757842291610967 -7.7274999999999894 -1.1318178086432973 3.6600125406477528 27.254499999999982 0.15380000000000427 1.0108333333333337 1.5994166666666678 -0.75934999999999853 2.672000000000017 -0.36958600044781859 -0.11002916202964007 0.48602744902072464 -0.024279693373350762 2.3680000000000043
decision_type=2 2 2 2 2 2 2 2 2 2 2 2 2 2 2 2 2 2 2 2 2 2 2 2 2 2 2 2 2 2
left_child=4 22 10 5 8 7 -7 -4 9 15 19 12 -5 -13 18 27 17 -12 20 -3 24 -22 23 -2 -6 -18 -10 -1 -25 -30
right_child=1 2 3 11 14 6 -8 -9 26 -11 16 13 -14 -15 -16 -17 25 -19 -20 -21 21 -23 -24 28 -26 -27 -28 -29 29 -31
leaf_value=-0.00027622635983917649 -0.00042377527915039625 -0.00030900372092190623 5.1672010349548064e-05 -3.8948261529900904e-06 0.00017861806437079246 0.00042917331917535068 3.4253611841913985e-05 0.00030728878385989286 -0.0003096062336699106 0.00079948546638303078 -0.00033412806520645975 -0.00033989741493807465 0.00015458765917658314 -5.0886413215488533e-05 0.0011191510271890896 -0.00058953301296340395 -1.7265156182506206e-05 0.00022028313685805255 -0.00032350996841352573 0.0003662405310060604 6.5687549290033295e-05 0.00065176557134848806 8.0624736765626541e-05 2.7250123043043983e-05 -5.1629023561700019e-05 -0.00012539136407964716 -0.0013785638501193668 2.7883196215332469e-05 -0.00015482535122656442 -0.0007265763288786159
leaf_weight=779 1344 2993 28187 63828 7904 3116 2225 2667 120 231 350 1715 6081 31203 113 305 12840 2201 373 199 671 832 1509 1719 1718 10680 114 7728 8819 172
leaf_count=779 1344 2993 28187 63828 7904 3116 2225 2667 120 231 350 1715 6081 31203 113 305 12840 2201 373 199 671 832 1509 1719 1718 10680 114 7728 8819 172
internal_value=7.0991e-14 -9.49202e-06 9.82381e-07 1.58986e-05 8.26362e-05 0.000101935 0.000264654 7.37674e-05 -2.03875e-05 5.72219e-07 -6.98812e-05 -1.43861e-05 9.89069e-06 -6.59436e-05 0.00016495 -2.03707e-05 -4.57584e-05 0.000144217 0.000155573 -0.000266907 0.000171635 0.000390117 -0.000139455 -0.000167006 0.000137508 -6.63633e-05 -0.00083038 3.53833e-08 -0.000134784 -0.000165763
internal_weight=202736 181848 168285 139022 20888 36195 5341 30854 9277 9043 29263 102827 69909 32918 11611 8812 26071 2551 11498 3192 11125 1503 13563 12054 9622 23520 234 8507 10710 8991
internal_count=202736 181848 168285 139022 20888 36195 5341 30854 9277 9043 29263 102827 69909 32918 11611 8812 26071 2551 11498 3192 11125 1503 13563 12054 9622 23520 234 8507 10710 8991
is_linear=0
shrinkage=0.02


Tree=262
num_leaves=31
num_cat=0
split_feature=44 6 14 14 6 10 44 44 10 14 6 12 10 10 14 10 10 14 14 44 10 10 6 44 10 45 34 14 34 10
split_gain=0.391812 0.604584 0.616876 0.601937 0.667273 0.628405 0.643056 0.804581 0.544016 0.540958 0.484632 0.478099 0.467194 0.46677 0.449453 0.681107 0.432474 1.10559 0.428354 0.554652 0.398546 0.40276 0.386058 0.372267 0.707509 0.346755 0.329749 0.324675 0.350372 0.318136
threshold=-0.53818578318979238 -0.3111833333333337 0.56763333333333454 0.80238333333333423 -0.84406666666666685 -11.033000000000014 -0.051588538742967073 2.055857435645712 12.402999999999986 3.7055333333333342 -0.16560000000000011 1.8092000000000039 -35.575499999999998 37.781999999999982 1.4308666666666683 -116.33499999999999 15.847499999999982 1.1100500000000013 0.28980000000000117 -0.078266664381402576 -64.497 -54.442500000000003 -0.84406666666666685 -1.5212737569210788 -76.424999999999997 0.035964912280539052 -0.047791705981634895 0.80238333333333423 -0.039098643162973637 -64.497
decision_type=2 2 2 2 2 2 2 2 2 2 2 2 2 2 2 2 2 2 2 2 2 2 2 2 2 2 2 2 2 2
left_child=1 16 20 8 9 6 12 -8 10 -5 26 14 -6 -10 15 -4 22 -18 -12 -20 23 25 29 24 -3 -22 -2 28 -24 -1
right_child=3 2 11 4 5 -7 7 -9 13 -11 18 -13 -14 -15 -16 -17 17 -19 19 -21 21 -23 27 -25 -26 -27 -28 -29 -30 -31
leaf_value=0.00067899296957019779 0.000132626476203086 0.0015159620841811623 0.0011002555025617069 -0.00043308573868801689 -0.00033164090624478789 7.4270665371257756e-06 0.00039440536029581593 -3.8929292598461207e-05 -0.00018446799668826321 0.00019363067787856621 -6.3818230104643338e-05 -0.00020710656892567537 0.00031486655341870064 3.3545521334202613e-05 -0.00033707494496631405 0.00022032104148382925 -0.00026619527645481314 0.0016831165701009785 0.00016826811630455435 -3.5256266557433853e-06 -0.00012787404146051196 2.5008725139053108e-05 0.00049518998056790849 -0.00054989125652082503 -0.00070025851495933433 0.0010203958645889847 -0.00018057146889584902 -0.00059715187732829755 -0.00032050666475568645 -0.00028223275436684291
leaf_weight=272 1552 110 365 1853 1348 16080 6428 2337 16887 784 23954 1151 669 5119 546 9777 395 165 10440 26853 162 61047 259 854 121 300 10064 1437 1128 279
leaf_count=272 1552 110 365 1853 1348 16080 6428 2337 16887 784 23954 1151 669 5119 546 9777 395 165 10440 26853 162 61047 259 854 121 300 10064 1437 1128 279
internal_value=-4.09914e-14 3.50258e-05 4.77984e-05 -2.20708e-05 5.68351e-05 8.66384e-05 0.000204772 0.000278866 -4.66062e-05 -0.000246758 -2.02859e-05 0.000180188 -0.000117207 -0.000133754 0.000221896 0.000251989 -0.000206575 0.000308156 2.17714e-06 4.45672e-05 2.27582e-05 2.94609e-05 -0.000291983 -0.000357219 0.000355085 0.000617756 -0.000138725 -0.000386468 -0.000168188 0.000192274
internal_weight=202736 78368 74433 124368 29499 26862 10782 8765 94869 2637 72863 11839 2017 22006 10688 10142 3935 560 61247 37293 62594 61509 3375 1085 231 462 11616 2824 1387 551
internal_count=202736 78368 74433 124368 29499 26862 10782 8765 94869 2637 72863 11839 2017 22006 10688 10142 3935 560 61247 37293 62594 61509 3375 1085 231 462 11616 2824 1387 551
is_linear=0
shrinkage=0.02


Tree=263
num_leaves=31
num_cat=0
split_feature=34 45 41 5 17 20 45 14 34 9 44 9 0 10 34 5 10 9 41 27 14 12 14 9 44 10 13 5 14 14
split_gain=0.393263 0.827955 0.686735 0.657313 0.346365 0.396103 0.34436 0.339117 0.47527 0.34964 0.332722 0.446919 0.279707 0.273847 0.263342 0.371442 0.271368 0.256774 0.244304 0.242065 0.232337 0.331485 0.230749 0.214792 0.211411 0.205669 0.194371 0.198001 0.256287 0.191814
threshold=-0.011182320915101998 0.077047779913319805 30.973033500128853 -0.11700000000000012 0.59605311562714625 7.0499999999956353 0.042161756552644855 0.6446666666666665 0.048816194574023503 7.370000000000017 0.22035322461881265 3.9049999999999994 -0.0059999999999999967 -58.759000000000007 -0.077864218579604044 -1.4863999999999982 0.21099999999998872 -20.918999999999986 10.14492753588622 0.00011404465647402164 1.3876333333333342 1.3788000000000011 0.32091666666666713 0.78399999999999892 -0.65430216475782277 1.7389999999999826 1.4718666666666682 -0.38389999999999935 0.32091666666666713 1.0458833333333348
decision_type=2 2 2 2 2 2 2 2 2 2 2 2 2 2 2 2 2 2 2 2 2 2 2 2 2 2 2 2 2 2
left_child=1 2 14 20 5 12 17 -6 9 -9 22 -12 13 -5 -1 25 -17 -4 -3 -14 21 24 -8 -10 29 -16 27 -20 -29 -2
right_child=3 18 6 4 7 -7 10 8 23 -11 11 -13 19 -15 15 16 -18 -19 26 -21 -22 -23 -24 -25 -26 -27 -28 28 -30 -31
leaf_value=0.0001844598930825598 -4.1885666286550573e-05 -1.6207141810116783e-05 -0.00037758466482094811 0.00044984090814418823 -9.7425164882058822e-05 0.00016749188369006399 7.6216474643697545e-05 0.00024009634902524807 -0.00046429911502815702 -3.2665931128994688e-05 0.00014224832389431462 -0.00033437475411842918 -5.8105213031488317e-05 5.1411230511567936e-05 -0.0006780669192711328 9.5420415790926294e-06 -0.00011085725350502029 4.7438338445321982e-05 -1.6689089492603045e-05 3.0925419978923396e-05 9.0485986519694519e-05 -0.00043357489746805874 0.00033729891124338656 -7.6449196989099565e-05 -0.00016048959951829583 0.00025830755634691807 0.00080620167268358612 0.00015424538734524088 0.00055597868011803941 0.00060573833092967882
leaf_weight=2006 6789 769 597 709 22668 6939 1845 4418 736 3272 4516 953 27432 25782 553 17573 13048 11941 557 22022 2016 1383 5089 2550 13233 113 377 1047 1615 188
leaf_count=2006 6789 769 597 709 22668 6939 1845 4418 736 3272 4516 953 27432 25782 553 17573 13048 11941 557 22022 2016 1383 5089 2550 13233 113 377 1047 1615 188
internal_value=-3.59686e-14 4.16772e-05 2.17634e-05 -1.86172e-05 8.79657e-07 2.28481e-05 0.000101115 -5.3241e-05 3.80096e-05 0.000124039 0.000175834 5.91944e-05 9.63222e-06 6.20747e-05 -3.76818e-05 -5.19246e-05 -4.17616e-05 2.72008e-05 0.000307349 -1.84596e-05 -0.000114848 -0.000134019 0.00026783 -0.00016332 -0.00011352 -0.000519193 0.000376541 0.000326221 0.000397972 -2.4435e-05
internal_weight=202736 62599 58234 140137 116528 82884 24941 33644 10976 7690 12403 5469 75945 26491 33293 31287 30621 12538 4365 49454 23609 21593 6934 3286 20210 666 3596 3219 2662 6977
internal_count=202736 62599 58234 140137 116528 82884 24941 33644 10976 7690 12403 5469 75945 26491 33293 31287 30621 12538 4365 49454 23609 21593 6934 3286 20210 666 3596 3219 2662 6977
is_linear=0
shrinkage=0.02


Tree=264
num_leaves=31
num_cat=0
split_feature=42 5 34 29 45 9 10 34 45 7 41 45 10 45 9 34 42 14 45 34 17 7 6 20 10 34 41 36 20 25
split_gain=0.381797 0.510602 0.42274 0.53338 0.489074 0.449763 0.724517 0.420473 0.59255 0.550568 0.527835 0.369781 0.356128 0.348419 0.342955 0.422877 0.334232 0.287682 0.271227 0.26797 0.236335 0.246574 0.211033 0.208617 0.206629 0.182231 0.137569 0.117844 0.189615 0.180332
threshold=0.98293449917024056 0.084200000000000469 0.0057326888546153695 0.010978315913046101 0.036614491121884689 -20.918999999999986 -89.687499999999986 -0.011182320915101998 0.078478056453778297 0.33029471687952389 30.973033500128853 0.067217266334067591 -0.64800000000002178 0.029706390328093409 -3.7709999999999826 0.050771600401086171 0.31659959221068362 1.3876333333333342 0.051973598821360691 -0.047791705981634895 0.59605311562714625 0.10349420272617045 -0.10676666666666659 4.7999999999956353 -5.4410000000000132 -0.0020599873188439448 10.14492753588622 37.500000000000007 15.200000000004367 31.849999999998548
decision_type=2 2 2 2 2 2 2 2 2 2 2 2 2 2 2 2 2 2 2 2 2 2 2 2 2 2 2 2 2 2
left_child=1 7 3 11 5 13 -7 8 10 20 19 12 -3 -4 15 -6 22 -18 -12 -1 23 -22 -11 -9 -16 -13 -10 28 -2 -29
right_child=27 2 4 -5 14 6 -8 9 26 16 18 25 -14 -15 24 -17 17 -19 -20 -21 21 -23 -24 -25 -26 -27 -28 29 -30 -31
leaf_value=6.8577683244804583e-05 -0.00010585062467118442 0.00014865581284378694 -0.00067570719975616658 0.00038962898438441029 0.00025355572877967743 0.0012846975882927869 0.00011608950011276554 2.6869563036321554e-06 2.5452625425683407e-05 -0.00044682365480875323 3.706607653088089e-05 0.00040662179289444159 -3.9651237633296514e-05 0.00045311936297827779 -0.0001877811383544838 -0.00072695016123461721 -9.4439896336399168e-05 0.000141871516660401 0.00018880023161011979 -7.0259217066372993e-05 -0.00034761472169946689 -4.6572914102669881e-05 -0.00017272289971119234 0.00014442271339909596 -3.5575030775015576e-05 3.64479420269713e-05 0.00035807705970361433 -0.00036008347590463897 0.00019023416759332256 7.0859816821558885e-05
leaf_weight=7196 9794 7949 476 2718 2232 216 12102 35460 617 1467 13108 1968 8122 142 4912 191 24725 2248 7357 24471 1384 5094 4799 4705 13036 729 2565 1477 949 527
leaf_count=7196 9794 7949 476 2718 2232 216 12102 35460 617 1467 13108 1968 8122 142 4912 191 24725 2248 7357 24471 1384 5094 4799 4705 13036 729 2565 1477 949 527
internal_value=-6.19669e-14 7.1092e-06 5.86115e-05 0.000127778 1.39931e-05 0.000110167 0.000136581 -1.37639e-05 2.86222e-05 -4.31141e-05 1.24499e-05 8.98561e-05 5.34888e-05 -0.000416333 -4.70791e-05 0.000176265 -0.000105313 -7.47451e-05 9.16133e-05 -3.871e-05 1.2102e-06 -0.000110889 -0.000236896 1.92901e-05 -7.72307e-05 0.000306564 0.00029358 -0.00010596 -7.96955e-05 -0.000246757
internal_weight=202736 189989 54793 21486 33307 12936 12318 135196 55314 79882 52132 18768 16071 618 20371 2423 33239 26973 20465 31667 46643 6478 6266 40165 17948 2697 3182 12747 10743 2004
internal_count=202736 189989 54793 21486 33307 12936 12318 135196 55314 79882 52132 18768 16071 618 20371 2423 33239 26973 20465 31667 46643 6478 6266 40165 17948 2697 3182 12747 10743 2004
is_linear=0
shrinkage=0.02


Tree=265
num_leaves=31
num_cat=0
split_feature=23 6 14 44 14 9 6 14 41 14 7 17 44 44 44 35 44 9 5 34 14 44 14 42 37 34 15 44 44 40
split_gain=0.381973 0.449964 0.498886 0.456907 0.599305 0.501705 0.496364 0.547948 0.473671 0.434934 0.419032 0.359792 0.347602 0.642002 0.636054 0.303486 0.292858 0.189838 0.217923 0.353285 0.193443 0.242022 0.182397 0.180135 0.164901 0.162919 0.154173 0.131503 0.107652 0.102116
threshold=0.84999999999854492 -1.2029666666666667 3.1651000000000011 -0.09187511517335252 0.80238333333333423 2.2770000000000015 -0.3111833333333337 0.52300000000000157 73.704137802052244 2.5471500000000016 0.66157161365324157 3.3020022810612999 0.1227902617693799 2.1422487497984015 1.1609765836092667 -7.4800000000032005 -1.6808396684457148 0.97600000000001308 0.10199999999999954 0.076886613045419216 1.8278500000000011 1.5862500858195583 0.8462000000000014 0.33688822456096473 0.061999999999345572 -0.00022586565233413797 10.108610459382717 3.3560177182225739 -1.2804076022086535 90.998783452192626
decision_type=2 2 2 2 2 2 2 2 2 2 2 2 2 2 2 2 2 2 2 2 2 2 2 2 2 2 2 2 2 2
left_child=1 9 3 6 10 -6 8 -8 -3 23 -5 16 -4 14 -14 -13 22 18 25 -20 28 -22 -2 -1 -17 -18 27 -11 -19 -26
right_child=11 2 12 4 5 -7 7 -9 -10 26 -12 15 13 -15 -16 24 17 20 19 -21 21 -23 -24 -25 29 -27 -28 -29 -30 -31
leaf_value=-0.00053885567827654884 -3.6531230954332623e-05 -0.00013014974194334902 -0.0004520804416008132 -3.9482682143459095e-05 0.00014986618503911548 -5.5267069650280834e-05 7.5340704393926273e-06 0.00012550063232596732 -0.0010629888255202227 0.00021964326237909379 -0.00015352337381347757 0.00048200439583866704 0.00031691434313567391 5.2242418984780775e-05 0.0018872700484011179 -0.00041982362389364773 0.00030273671494707275 0.00062283426445396291 0.00061131384529213343 -0.00062839706636732444 -0.00071877055143963861 0.00018904121657864641 -0.00091793740899043371 -0.0013254196302221652 1.3727020064948595e-05 2.1188654483607746e-05 -0.00078254632161518279 -0.00049521173486475657 0.00011871331723695399 -0.00028747641565625621
leaf_weight=287 270 4835 147 46870 10461 8765 79668 19631 228 444 17776 367 192 421 223 614 2355 180 1142 100 247 224 144 196 1977 1263 104 134 2888 583
leaf_count=287 270 4835 147 46870 10461 8765 79668 19631 228 444 17776 367 192 421 223 614 2355 180 1142 100 247 224 144 196 1977 1263 104 134 2888 583
internal_value=1.77575e-14 -6.99314e-06 -4.58052e-06 -6.92733e-06 -4.16856e-05 5.63474e-05 2.10066e-05 3.08556e-05 -0.000172158 -0.000398846 -7.0841e-05 0.000107768 0.000444809 0.000602515 0.00116074 -6.25068e-05 0.000176183 0.00020178 0.000282919 0.000511498 9.03541e-05 -0.00028703 -0.000343107 -0.000858041 -0.000125467 0.000204452 -7.36387e-05 5.39156e-05 0.00014829 -5.48674e-05
internal_weight=202736 190382 189217 188234 83872 19226 104362 99299 5063 1165 64646 12354 983 836 415 3541 8813 8399 4860 1242 3539 471 414 483 3174 3618 682 578 3068 2560
internal_count=202736 190382 189217 188234 83872 19226 104362 99299 5063 1165 64646 12354 983 836 415 3541 8813 8399 4860 1242 3539 471 414 483 3174 3618 682 578 3068 2560
is_linear=0
shrinkage=0.02


Tree=266
num_leaves=31
num_cat=0
split_feature=43 15 43 44 44 10 6 10 10 6 34 34 10 10 13 10 6 10 10 13 44 44 6 10 10 37 22 17 2 43
split_gain=0.37466 0.446415 0.52372 0.716115 0.566314 0.86044 0.525877 0.518336 1.04251 0.433344 0.421128 0.386352 0.37991 0.349315 0.340771 0.234037 0.382468 0.450998 0.239197 0.211352 0.204232 0.25086 0.160698 0.167598 0.205289 0.142598 0.141489 0.126337 0.121532 0.119164
threshold=0.96000000000203733 1.1966433678754129 10.760000000002039 -1.6223574671384393 -0.89482373785314351 -80.640000000000001 -0.52054999999999974 -138.12749999999997 -101.7825 -1.6954000000000005 0.006838291719908041 -0.077864218579604044 82.286500000000004 -166.39949999999996 0.6336666666666686 -166.39949999999996 -0.73481666666666701 -9.6180000000000199 -30.059000000000015 1.3439000000000021 3.6600125406477528 1.1609765836092667 -0.25213333333333382 -17.860000000000024 -68.760000000000005 0.10488975694407116 0.99999999925000005 0.01012870773778164 -0.99999997750000047 13.209999999999129
decision_type=2 2 2 2 2 2 2 2 2 2 2 2 2 2 2 2 2 2 2 2 2 2 2 2 2 2 2 2 2 2
left_child=22 2 4 14 5 10 -7 13 -9 -6 -2 19 -11 -5 -4 26 17 -17 -18 -3 21 -21 -1 24 -24 -22 -13 -26 -25 -16
right_child=1 11 3 7 9 6 -8 8 -10 12 -12 15 -14 -15 29 16 18 -19 -20 20 25 -23 23 28 27 -27 -28 -29 -30 -31
leaf_value=-0.00036507393674361534 0.00062323490030189788 -0.00021642338195201424 0.00021100004585016343 -1.1314578413776193e-06 -0.0010578533712055384 -0.00074476712988578314 7.7288314693132836e-05 0.0013373273546546252 0.00018382613654910056 -1.3306197284532065e-05 0.0021339911232615694 0.00044735403188438723 0.00038010827246223429 -0.00093536702964265139 -0.00066887408380650662 -0.0005635173251756268 5.8165018807605724e-05 0.0004760858339327686 -9.6791105403880504e-05 0.00015211554722376533 0.00025769725339647479 0.00079194582432223857 -0.00067420924387373766 -7.8341722792518689e-06 -0.00017107997524901962 -0.0007341279600514099 -0.0003051814538318262 0.00017672340183203311 -0.00014255130354119479 -0.001561724735843373
leaf_weight=809 267 312 105 433 158 314 35845 324 9584 106206 102 515 991 254 110 1159 4838 195 22593 459 138 526 142 3700 523 100 124 2076 9703 131
leaf_count=809 267 312 105 433 158 314 35845 324 9584 106206 102 515 991 254 110 1159 4838 195 22593 459 138 526 142 3700 523 100 124 2076 9703 131
internal_value=1.8236e-13 8.21303e-06 2.20765e-05 0.000155471 1.1933e-05 7.99555e-05 7.01497e-05 0.000184711 0.000221547 -1.12119e-05 0.00104084 -6.11171e-05 -9.66921e-06 -0.00034654 -0.000739905 -7.72544e-05 -8.56585e-05 -0.000413796 -6.94615e-05 0.000248215 0.000366749 0.000493791 -9.00042e-05 -7.62201e-05 6.6277e-05 -0.000159036 0.000301322 0.000106734 -0.000105362 -0.0011542
internal_weight=202736 185783 154824 10941 143883 36528 36159 10595 9908 107355 369 30959 107197 687 346 29424 28785 1354 27431 1535 1223 985 16953 16144 2741 238 639 2599 13403 241
internal_count=202736 185783 154824 10941 143883 36528 36159 10595 9908 107355 369 30959 107197 687 346 29424 28785 1354 27431 1535 1223 985 16953 16144 2741 238 639 2599 13403 241
is_linear=0
shrinkage=0.02


Tree=267
num_leaves=31
num_cat=0
split_feature=34 6 31 43 7 9 34 14 13 44 23 30 44 34 43 36 12 14 5 14 33 34 9 28 13 32 33 13 43 9
split_gain=0.364633 0.513177 0.486853 0.471278 0.416132 0.407986 0.683759 0.488939 0.405842 0.388629 0.421058 0.375517 0.365834 0.324171 0.305194 0.296783 0.27108 0.250755 0.225389 0.215328 0.205988 0.413524 0.195446 0.191804 0.186077 0.185092 0.208448 0.183944 0.177523 0.221306
threshold=-0.0061959958212388219 -0.067866666666666853 7.3499999999985457 11.56000000000204 2.324843435587558 -2.0849999999999844 0.061204343749087918 1.7400000000000009 1.4247000000000007 3.6600125406477528 0.9000000000014553 -12.299999999995633 -0.98203474161211024 -0.030947919794820946 6.540000000000874 37.500000000000007 1.178700000000005 1.3876333333333342 0.081700000000000703 1.3451000000000015 0.0053523782841435703 0.0075411048825975826 -35.039999999999999 0.015997186322347371 1.2030666666666683 -0.0038133104197844731 0.0050264985665233906 0.54553333333333487 33.810000000000592 -39.987999999999978
decision_type=2 2 2 2 2 2 2 2 2 2 2 2 2 2 2 2 2 2 2 2 2 2 2 2 2 2 2 2 2 2
left_child=2 3 9 4 20 6 7 8 -3 10 11 15 14 -13 -7 -1 -5 -16 -9 24 27 -22 -12 -6 -18 -14 -27 -2 29 -11
right_child=1 5 -4 16 23 12 -8 18 -10 28 22 13 25 -15 17 -17 19 -19 -20 -21 21 -23 -24 -25 -26 26 -28 -29 -30 -31
leaf_value=-5.7447698996332387e-05 -0.00013526979225082881 9.7540186973517308e-05 0.00035919901529234388 0.00035129246735705042 -0.00047572951723332641 2.3483506262854157e-05 -0.00063240041142723666 0.00034348479172963971 -0.00066012224406494769 -0.0012951771225131522 0.00059201386819560347 0.00017815208079134719 3.3792081377004728e-05 3.1430290339734584e-05 0.00030458165915841302 0.00018383332122047378 -0.00011888253965861946 -0.00065969255340771866 0.001561205301996927 0.00010381625541120844 0.00011153861047928109 -0.0001493428794755524 0.00017316130872419155 -0.0013969370571104375 -0.0010288281485946941 -0.00011818654596725331 -3.2346514845934967e-05 -0.00033321571067407437 0.00020842474763325993 -0.00037228293199475539
leaf_weight=25688 7619 19281 1796 1309 583 16718 527 115 287 131 504 7210 9756 36601 2377 2215 248 113 129 1027 3737 6951 3847 107 141 17091 33486 2492 147 503
leaf_count=25688 7619 19281 1796 1309 583 16718 527 115 287 131 504 7210 9756 36601 2377 2215 248 113 129 1027 3737 6951 3847 107 141 17091 33486 2492 147 503
internal_value=4.48566e-16 -2.13523e-05 3.36931e-05 -0.000103955 -0.000135375 -1.32684e-06 7.86095e-05 9.75224e-05 8.64277e-05 2.60855e-05 3.0643e-05 1.90525e-05 -2.17669e-05 5.55764e-05 5.42504e-05 -3.82943e-05 0.000143821 0.000260821 0.00098728 -4.7972e-05 -0.000119345 -5.81271e-05 0.000221679 -0.000618583 -0.000448709 -4.59683e-05 -6.13536e-05 -0.000184056 -0.000417782 -0.000562976
internal_weight=202736 124094 78642 24214 21489 99880 20339 19812 19568 76846 76065 71714 79541 43811 19208 27903 2725 2490 244 1416 20799 10688 4351 690 389 60333 50577 10111 781 634
internal_count=202736 124094 78642 24214 21489 99880 20339 19812 19568 76846 76065 71714 79541 43811 19208 27903 2725 2490 244 1416 20799 10688 4351 690 389 60333 50577 10111 781 634
is_linear=0
shrinkage=0.02


Tree=268
num_leaves=31
num_cat=0
split_feature=24 4 42 43 44 14 6 5 38 0 44 15 14 41 29 6 15 5 29 41 42 44 43 38 15 6 32 4 38 29
split_gain=0.362573 0.430905 0.404436 0.533023 0.424157 0.450526 0.312744 0.253194 0.229563 0.212827 0.212584 0.191221 0.334372 0.167475 0.235807 0.233262 0.149937 0.143163 0.202812 0.141788 0.133189 0.132645 0.242122 0.124082 0.108702 0.105854 0.146289 0.112273 0.228671 0.102273
threshold=0.34999999999854486 -0.19919999999999857 0.88500624469179656 1.9400000000008732 1.6212821392225631 0.28360000000000113 -0.23196666666666635 2.3172500000000009 85.500000000000014 -0.0059999999999999967 -0.12973570003388124 6.0170479446330107 3.1651000000000011 74.496644293258726 0.028545638347943218 -0.37253333333333366 0.25708656129224822 -0.63174999999999948 -0.020639394996546653 17.7596635133572 -0.27528670326989207 -1.7457642262390676 12.740000000000874 39.500000000000007 1.1520928563777597 0.33078333333333337 -0.0010329410517572991 0.30940000000000262 14.500000000000002 0.051285185203275858
decision_type=2 2 2 2 2 2 2 2 2 2 2 2 2 2 2 2 2 2 2 2 2 2 2 2 2 2 2 2 2 2
left_child=1 8 3 6 5 -5 -3 -6 10 -8 17 12 -12 14 24 29 -16 -1 -19 -13 -2 22 -22 -17 -4 27 -27 -23 -29 -15
right_child=20 2 13 4 7 -7 9 -9 -10 -11 11 19 -14 15 16 23 -18 18 -20 -21 21 25 -24 -25 -26 26 -28 28 -30 -31
leaf_value=-0.00018620769638205725 -0.0004386604406366435 -0.00028172294685270582 -4.2803249463886821e-05 -5.6050761653193947e-06 -7.7377965812900888e-05 9.635454401730174e-05 3.9810101640203076e-05 0.00091887979876578935 0.00053427067608734235 -6.4778929122223192e-05 -0.00011922339215058205 -0.0011262447877366723 0.00049961804959936125 -0.0011721275922784631 0.00039563982464076137 -8.3934994329582565e-05 6.2403044089626839e-05 8.8697236153015215e-05 -5.7028645371194579e-05 -0.00032190958692808637 4.6503683541562746e-05 0.00011496135920443936 -0.0010157516077642554 -0.00030317759039604451 -0.00026387999886720321 0.00020561397459617018 -0.00019899345134508255 0.00056326876232689629 9.7741561088280003e-05 -0.00033539563606008275
leaf_weight=1919 180 2063 5951 25361 10947 54776 11976 103 252 22225 18407 113 356 113 657 12205 3035 6027 10433 391 330 9275 116 1128 1046 596 893 719 1022 121
leaf_count=1919 180 2063 5951 25361 10947 54776 11976 103 252 22225 18407 113 356 113 657 12205 3035 6027 10433 391 330 9275 116 1128 1046 596 893 719 1022 121
internal_value=6.62085e-14 -7.0386e-06 8.03099e-06 2.22769e-05 4.80699e-05 6.40873e-05 -4.25805e-05 -6.80916e-05 -6.73627e-05 -2.81555e-05 -7.139e-05 -0.000117808 -0.000107482 -6.68229e-05 -7.61643e-06 -0.00011347 0.000121703 -2.27289e-05 -3.6696e-06 -0.000502247 0.000101634 0.000109143 -0.000229778 -0.000102483 -7.58526e-05 0.000121231 -3.70418e-05 0.000142624 0.000289995 -0.000739459
internal_weight=202736 189605 151707 127451 91187 80137 36264 11050 37898 34201 37646 19267 18763 24256 10689 13567 3692 18379 16460 504 13131 12951 446 13333 6997 12505 1489 11016 1741 234
internal_count=202736 189605 151707 127451 91187 80137 36264 11050 37898 34201 37646 19267 18763 24256 10689 13567 3692 18379 16460 504 13131 12951 446 13333 6997 12505 1489 11016 1741 234
is_linear=0
shrinkage=0.02


Tree=269
num_leaves=31
num_cat=0
split_feature=42 5 34 31 45 9 10 34 45 7 43 41 9 45 10 45 9 34 42 14 45 43 34 12 10 6 41 12 14 45
split_gain=0.352604 0.481897 0.396354 0.508021 0.466153 0.434117 0.686985 0.388382 0.569349 0.524679 0.571105 0.4996 0.381176 0.352841 0.33806 0.334083 0.326427 0.40354 0.319153 0.273809 0.261228 0.2544 0.249636 0.248103 0.202559 0.198777 0.13051 0.129311 0.153064 0.129441
threshold=0.98293449917024056 0.084200000000000469 0.0057326888546153695 9.5499999999956362 0.036614491121884689 -20.918999999999986 -89.687499999999986 -0.011182320915101998 0.078478056453778297 0.33029471687952389 2.8000000000014555 30.973033500128853 -9.0249999999999932 0.067217266334067591 -0.64800000000002178 0.029706390328093409 -3.7709999999999826 0.050771600401086171 0.31659959221068362 1.3876333333333342 0.043079800850365148 6.3800000000002912 -0.047791705981634895 0.13840000000000166 -101.7825 -0.10676666666666659 10.14492753588622 0.63380000000000336 0.54916666666666825 0.067217266334067591
decision_type=2 2 2 2 2 2 2 2 2 2 2 2 2 2 2 2 2 2 2 2 2 2 2 2 2 2 2 2 2 2
left_child=1 7 3 13 5 15 -7 8 11 10 23 22 -12 14 -3 -4 17 -6 25 -20 -13 -15 -1 -9 -18 -11 -10 28 -2 -30
right_child=27 2 4 -5 16 6 -8 9 26 18 12 20 -14 21 -16 -17 24 -19 19 -21 -22 -23 -24 -25 -26 -27 -28 -29 29 -31
leaf_value=6.5217851343991014e-05 -8.4998434157559786e-05 0.00014377331689011878 -0.00066368790858987959 0.00037710100918911374 0.00024743703578286125 0.0012514895919593983 0.00011355215584122419 -2.1184022882651139e-05 2.5851672074564685e-05 -0.00043469392865098775 0.00033892591410259409 1.8660019845637646e-05 5.4945416235553169e-05 0.00017863239568813823 -3.9889240431824193e-05 0.00044167210834517316 -0.00079061178094559138 -0.00071038766383773688 -9.171638161892632e-05 0.00013882660680709935 0.00016161000972062016 0.00061423725532893368 -6.8785574290350422e-05 -0.0001588771073165559 -6.9066123212372223e-05 -0.00016867150842593694 0.00034983028737495129 -0.00017971551451082855 0.00026574064817232304 -0.00039469236501213844
leaf_weight=7196 6612 7932 476 2761 2232 216 12102 21085 617 1467 2136 10473 16459 1948 8105 142 157 191 24725 2248 9992 740 24471 6963 17791 4799 2565 5109 889 137
leaf_count=7196 6612 7932 476 2761 2232 216 12102 21085 617 1467 2136 10473 16459 1948 8105 142 157 191 24725 2248 9992 740 24471 6963 17791 4799 2565 5109 889 137
internal_value=-2.68265e-14 6.832e-06 5.68657e-05 0.000123839 1.36622e-05 0.000107555 0.000133506 -1.34459e-05 2.72906e-05 -4.16538e-05 1.6158e-06 1.14381e-05 8.75661e-05 8.6495e-05 5.09514e-05 -0.000409706 -4.59617e-05 0.000171934 -0.000102372 -7.25023e-05 8.84551e-05 0.000298553 -3.83347e-05 -5.53667e-05 -7.53778e-05 -0.000230953 0.00028701 -0.000101828 -4.97302e-05 0.000177554
internal_weight=202736 189989 54793 21486 33307 12936 12318 135196 55314 79882 46643 52132 18595 18725 16037 618 20371 2423 33239 26973 20465 2688 31667 28048 17948 6266 3182 12747 7638 1026
internal_count=202736 189989 54793 21486 33307 12936 12318 135196 55314 79882 46643 52132 18595 18725 16037 618 20371 2423 33239 26973 20465 2688 31667 28048 17948 6266 3182 12747 7638 1026
is_linear=0
shrinkage=0.02


Tree=270
num_leaves=31
num_cat=0
split_feature=5 34 45 14 45 34 41 29 34 6 10 43 40 9 6 10 14 6 14 9 14 35 34 45 9 9 41 6 9 5
split_gain=0.352533 0.487269 0.760315 0.564592 0.513367 0.459241 0.428211 0.382388 0.489605 0.373347 0.368055 0.379489 0.340903 0.315691 0.387277 0.30545 0.505324 0.288334 0.270709 0.257071 0.365226 0.23886 0.267978 0.267061 0.269715 0.23564 0.22271 0.221586 0.218258 0.213058
threshold=-0.25999999999999962 -0.004181939784246763 0.069757284438060743 0.36090000000000089 0.073196763553786959 -0.05842326121061308 39.09774435920658 0.0079563766538948161 0.0066123740097610252 -0.067866666666666853 -101.7825 14.420000000002622 83.597883595680983 -10.682499999999983 -0.24493333333333356 -21.42100000000001 0.74421666666666753 -0.44421666666666676 0.71128333333333471 -19.967499999999987 0.49476666666666763 -6.7999999999956335 -0.025757862091946946 0.025181807519144048 -4.7679999999999945 21.07200000000001 26.484854541887675 -0.73481666666666701 -16.565999999999985 0.074500000000001593
decision_type=2 2 2 2 2 2 2 2 2 2 2 2 2 2 2 2 2 2 2 2 2 2 2 2 2 2 2 2 2 2
left_child=5 2 6 28 7 -1 10 9 29 -3 11 -2 -10 14 -6 16 -15 -5 -19 -8 -21 27 23 24 -23 -12 -25 -7 -4 -9
right_child=1 4 3 17 13 21 19 8 12 -11 25 -13 -14 15 -16 -17 -18 18 -20 20 -22 22 -24 26 -26 -27 -28 -29 -30 -31
leaf_value=0.00013600451336734886 0.00018976259418763221 -0.00019034245212922141 0.00087499206010816682 -6.4541945266050524e-05 -0.00062505081615010978 -0.00094422491813891908 -0.00021810647662752185 8.7163558799858225e-05 5.2242015429875814e-05 -2.1932709444496181e-05 -3.1123285751083182e-05 0.0015994233710014008 -4.9231713465277082e-05 -0.00028685330500918355 0.00078760569394919382 -0.00012648171638057599 -0.0014019977646865375 0.0003476543643570907 0.00072670719147470181 5.0665944035657105e-05 0.00023452496293614318 -0.00053322403897803705 -0.00012210332971002101 -1.8639653081663943e-05 -5.9679530524902455e-06 0.00029942589071097717 0.00022066254471573801 -0.00023185761021092159 4.9833357250976572e-05 0.00028542974870939577
leaf_weight=4041 250 6392 132 489 106 192 955 5448 29713 29877 32739 110 23891 1030 290 9235 193 2751 1038 11738 6840 633 16242 3939 1003 886 2571 1934 4477 3601
leaf_count=4041 250 6392 132 489 106 192 955 5448 29713 29877 32739 110 23891 1030 290 9235 193 2751 1038 11738 6840 633 16242 3939 1003 886 2571 1934 4477 3601
internal_value=-1.4848e-13 1.111e-05 5.57337e-05 0.000227046 -1.42575e-05 -6.2606e-05 2.72861e-05 6.89353e-08 2.99869e-05 -5.1613e-05 -1.56033e-05 0.000620492 7.01575e-06 -0.000144827 0.00040947 -0.000165816 -0.000462833 0.00039251 0.000451496 0.000101908 0.000118359 -9.28763e-05 -7.51524e-05 1.84612e-05 -0.000209974 -2.24135e-05 7.58682e-05 -0.000296192 7.34656e-05 0.000166063
internal_weight=202736 172181 62405 8887 109776 30555 53518 98922 62653 36269 33985 360 53604 10854 396 10458 1223 4278 3789 19533 18578 26514 24388 8146 1636 33625 6510 2126 4609 9049
internal_count=202736 172181 62405 8887 109776 30555 53518 98922 62653 36269 33985 360 53604 10854 396 10458 1223 4278 3789 19533 18578 26514 24388 8146 1636 33625 6510 2126 4609 9049
is_linear=0
shrinkage=0.02


Tree=271
num_leaves=31
num_cat=0
split_feature=44 10 6 44 13 43 29 14 6 10 34 13 9 44 43 34 14 6 10 14 10 10 14 10 10 9 9 14 45 13
split_gain=0.358351 0.574516 0.639387 0.620169 0.722298 0.82134 0.484301 0.44343 0.589178 0.574634 0.478759 0.675956 0.545711 0.439401 0.474663 0.437183 0.404285 0.400849 0.380537 0.778495 0.356064 0.550321 0.334442 0.319722 0.318007 0.838897 0.682587 0.541793 0.524356 0.467383
threshold=-0.89482373785314351 -76.424999999999997 -0.3111833333333337 -1.9792255045004414 0.25120000000000159 19.539999999997963 -0.045590536008549558 0.72748333333333404 -0.84406666666666685 -80.640000000000001 0.048816194574023503 3.5299000000000018 10.170500000000009 0.93614489741998563 7.9999999999985461 -0.10835613094779681 0.49093333333333428 -0.25213333333333382 17.378499999999985 0.71858333333333435 -138.12749999999997 -89.687499999999986 0.29623333333333396 39.952999999999982 -3.0935000000000161 -10.682499999999983 4.7780000000000138 1.0652500000000014 0.014968971576260487 1.050466666666666
decision_type=2 2 2 2 2 2 2 2 2 2 2 2 2 2 2 2 2 2 2 2 2 2 2 2 2 2 2 2 2 2
left_child=1 3 18 -1 -5 6 -6 9 15 16 11 12 -10 14 17 -9 -2 -11 -3 -20 -17 -22 -16 -13 26 28 -4 -28 -26 -27
right_child=7 2 24 4 5 -7 -8 8 10 13 -12 23 -14 -15 22 20 -18 -19 19 -21 21 -23 -24 -25 25 29 27 -29 -30 -31
leaf_value=-0.0005409708639180803 -0.0010480028372071683 -0.00040074869599020598 6.4622103547108529e-05 -0.00059046253872414433 0.00029240658379050578 -0.00038835590033462121 0.0016111019075159794 0.00038897867920548802 0.00013457328875935386 -0.00023314521166616358 -0.00012405091561191111 0.0010216882599607372 -5.6242934471607206e-05 -0.00010366100400358869 -0.000152916978139137 0.00020813521489792611 -0.00014299408303966246 -1.7495943451330105e-05 -0.00045562088263528653 0.0017682255719289935 -0.0012070285717907356 -0.00029916302092471229 0.00015511227652228573 5.6111152031119172e-05 -0.00071622455118922513 -2.2775999037385704e-07 0.00034438241695726923 0.001821880728295706 0.00083105975394156975 -0.00049742357253097227
leaf_weight=188 375 1882 18022 141 147 144 460 390 21507 3617 4577 457 8312 25748 1648 407 417 73713 162 103 316 1725 9760 196 100 23886 2745 103 707 781
leaf_count=188 375 1882 18022 141 147 144 460 390 21507 3617 4577 457 8312 25748 1648 407 417 73713 162 103 316 1725 9760 196 100 23886 2745 103 707 781
internal_value=-1.27858e-13 4.67396e-05 3.65783e-05 0.000502972 0.000722996 0.000969597 0.00129175 -1.5127e-05 4.42326e-05 -3.4636e-05 6.66754e-05 9.53231e-05 8.13836e-05 -3.0922e-05 -9.81627e-06 -0.000232933 -0.000571502 -2.75826e-05 -0.000300835 0.000408742 -0.000332012 -0.000439724 0.000110614 0.000731867 5.22098e-05 4.78954e-06 0.000110091 0.000397817 0.000639327 -1.59698e-05
internal_weight=202736 49571 48491 1080 892 751 607 153165 37887 115278 35049 30472 29819 114486 88738 2838 792 77330 2147 265 2448 2041 11408 653 46344 25474 20870 2848 807 24667
internal_count=202736 49571 48491 1080 892 751 607 153165 37887 115278 35049 30472 29819 114486 88738 2838 792 77330 2147 265 2448 2041 11408 653 46344 25474 20870 2848 807 24667
is_linear=0
shrinkage=0.02


Tree=272
num_leaves=31
num_cat=0
split_feature=44 34 5 10 9 44 14 44 43 33 10 44 9 14 10 44 41 9 16 30 42 44 9 43 10 32 10 15 9 10
split_gain=0.351 0.436096 0.525772 0.402402 0.797651 0.690012 0.601777 0.527003 0.30853 0.335496 0.289777 0.287881 0.266397 0.251922 0.220341 0.206282 0.240284 0.224262 0.18386 0.172089 0.171533 0.150458 0.139099 0.136761 0.296683 0.133005 0.132386 0.0854791 0.0729729 0.100687
threshold=3.6600125406477528 -0.041230039570675385 -0.51939999999999942 9.3559999999999928 -15.052999999999995 -0.81930252960381511 0.27550000000000135 1.6542134638417785 23.319999999999713 -0.030577157121175171 55.133999999999993 1.1609765836092667 18.799500000000009 1.5994166666666678 -209.34899999999996 -1.3319930107824234 15.999999999530234 -6.0260000000000007 0.43546488806331984 -21.150000000001452 0.094080333748114503 1.8230106865950335 26.659000000000002 28.550000000000001 -49.330000000000005 -0.012336188947806319 -9.6180000000000199 7.2229586547185534 3.2670000000000123 -19.777000000000012
decision_type=2 2 2 2 2 2 2 2 2 2 2 2 2 2 2 2 2 2 2 2 2 2 2 2 2 2 2 2 2 2
left_child=1 8 14 6 5 -5 12 -8 9 18 -6 13 -4 -10 -3 17 -17 -11 20 27 -1 -13 -21 24 -2 -25 -20 -16 29 -26
right_child=23 2 3 4 10 -7 7 -9 11 15 -12 21 -14 -15 19 16 -18 -19 26 22 -22 -23 -24 25 28 -27 -28 -29 -30 -31
leaf_value=-0.00026144711895708999 -0.0013239713243920568 0.00076176992887262219 -4.1163589202611077e-05 0.0012621468155160195 -7.0600758694180148e-05 0.0001792926699996712 7.3023810717578555e-05 -7.9271068446177037e-05 0.00089081982251265754 0.001076850716043774 7.8703206594926478e-05 0.0013863041944782975 0.00099230417124927047 -0.00029017136976303734 -0.00040985934155986177 -5.710847819250218e-05 0.0002607394408684707 0.00010547652375299507 0.00019017877245211542 -0.00014478315098403848 5.6308428412612653e-05 0.00058878503067708477 0.00051898249930588437 0.00053990788933267625 -0.0001725798158681726 -0.00026977398171595436 -3.1182589993250612e-05 0.00013749735946241287 -0.00010615169303643603 -0.00067178763978130137
leaf_weight=1606 123 101 43195 319 48510 898 70952 10424 103 219 5824 136 100 242 1433 1301 3540 168 2199 6003 1178 311 129 138 314 197 2125 124 491 333
leaf_count=1606 123 101 43195 319 48510 898 70952 10424 103 219 5824 136 100 242 1433 1301 3540 168 2199 6003 1178 311 129 138 314 197 2125 124 491 333
internal_value=7.80625e-14 2.34415e-06 -5.43762e-06 1.51584e-06 -4.32548e-05 0.00046313 2.14648e-05 5.35153e-05 0.00011379 8.92232e-05 -5.4597e-05 0.000496443 -3.87766e-05 6.24144e-05 -0.000166306 0.00021084 0.000175319 0.000655169 -2.26875e-07 -0.000178497 -0.000126995 0.000831431 -0.000130819 -0.000295428 -0.000390852 6.37666e-05 8.13923e-05 -0.000366268 -0.000289996 -0.000429514
internal_weight=202736 201140 188012 180222 55551 1217 124671 81376 13128 12336 54334 792 43295 345 7790 5228 4841 387 7108 7689 2784 447 6132 1596 1261 335 4324 1557 1138 647
internal_count=202736 201140 188012 180222 55551 1217 124671 81376 13128 12336 54334 792 43295 345 7790 5228 4841 387 7108 7689 2784 447 6132 1596 1261 335 4324 1557 1138 647
is_linear=0
shrinkage=0.02


Tree=273
num_leaves=31
num_cat=0
split_feature=44 10 6 44 44 14 33 14 6 10 10 34 34 14 10 34 10 10 5 10 14 4 10 10 6 44 10 14 10 14
split_gain=0.342767 0.54834 0.621207 0.596523 0.576592 0.495833 0.995522 0.423759 0.56653 0.555257 0.567484 0.731996 0.458113 0.601293 0.87232 0.414089 0.393171 0.634507 0.390112 0.360482 0.745298 0.351666 0.33998 0.528145 0.308069 0.304352 0.300953 0.469018 0.766928 0.266373
threshold=-0.89482373785314351 -76.424999999999997 -0.3111833333333337 -1.9792255045004414 -1.2626256126891062 1.0652500000000014 -0.022425603303468641 0.72748333333333404 -0.84406666666666685 -76.424999999999997 -58.759000000000007 0.017057584541012822 0.048816194574023503 3.1651000000000011 33.544999999999987 -0.10835613094779681 55.133999999999993 13.775499999999987 0.002900000000001306 17.378499999999985 0.71858333333333435 -0.22239999999999657 -138.12749999999997 -89.687499999999986 0.12640000000000018 -0.43286940254092526 -3.0935000000000161 1.1814666666666676 -19.777000000000012 0.49093333333333428
decision_type=2 2 2 2 2 2 2 2 2 2 2 2 2 2 2 2 2 2 2 2 2 2 2 2 2 2 2 2 2 2
left_child=1 3 19 -1 21 -6 -7 9 15 29 11 24 13 18 -15 -9 17 -12 -10 -3 -21 -5 -17 -24 -11 -18 27 -4 -29 -2
right_child=7 2 26 4 5 6 -8 8 12 10 16 -13 -14 14 -16 22 25 -19 -20 20 -22 -23 23 -25 -26 -27 -28 28 -30 -31
leaf_value=-0.0005324175077150861 -0.00085365996716554155 -0.00039404222005160903 9.559432933990678e-05 0.00038999586983399858 -0.00036511474515184923 -0.00054561971032218834 0.0020482956215134586 0.00037670994754462764 1.3098704927723942e-05 0.00066180875824837712 -1.6048346948402472e-05 -0.00040337817452851428 -0.00012132778053174521 0.0010947282765100112 -0.00027478011127548169 0.00020282733777431537 0.00057658549770853271 -0.00013437390179127349 0.00015899677397552989 -0.00045190360354342972 0.0017240101274202389 0.0016736583893160154 -0.0011819158097518361 -0.00029253061566498903 -0.00041830672736476365 7.4509692341754227e-05 5.0612336807221694e-06 5.5704374147656684e-05 0.0020360554284486695 -0.0002082067303025623
leaf_weight=188 460 1882 20546 124 254 106 134 390 16370 1181 87331 411 4577 543 283 407 684 22876 13276 162 103 274 316 1725 116 1643 25474 192 132 576
leaf_count=188 460 1882 20546 124 254 106 134 390 16370 1181 87331 411 4577 543 283 407 684 22876 13276 162 103 274 316 1725 116 1643 25474 192 132 576
internal_value=5.44161e-15 4.57119e-05 3.57848e-05 0.00049143 0.000707218 0.000250803 0.00090265 -1.47944e-05 4.32336e-05 -3.38658e-05 -2.96858e-05 0.000332134 6.52408e-05 9.3264e-05 0.000625514 -0.000228553 -3.51774e-05 -4.06095e-05 7.84344e-05 -0.000296797 0.000393829 0.00127372 -0.00032498 -0.000430231 0.000565206 0.00022209 5.11925e-05 0.000107501 0.000862514 -0.000494798
internal_weight=202736 49571 48491 1080 892 494 240 153165 37887 115278 114242 1708 35049 30472 826 2838 112534 110207 29646 2147 265 398 2448 2041 1297 2327 46344 20870 324 1036
internal_count=202736 49571 48491 1080 892 494 240 153165 37887 115278 114242 1708 35049 30472 826 2838 112534 110207 29646 2147 265 398 2448 2041 1297 2327 46344 20870 324 1036
is_linear=0
shrinkage=0.02


Tree=274
num_leaves=31
num_cat=0
split_feature=43 15 43 44 6 44 10 10 10 10 10 43 44 10 9 7 6 10 6 4 44 13 44 45 12 7 10 44 1 0
split_gain=0.338143 0.42205 0.464012 0.831369 0.486735 0.452189 0.928722 0.406132 0.91278 0.395495 0.357589 0.29885 0.259405 0.260173 0.526394 0.243888 0.244077 0.368335 0.230313 0.201175 0.169405 0.311846 0.298217 0.156599 0.155521 0.172286 0.204821 0.145206 0.134358 0.130857
threshold=0.96000000000203733 1.1966433678754129 12.9699999999968 -1.7124149432366236 -1.2029666666666667 -0.89482373785314351 -116.33499999999999 -138.12749999999997 -101.7825 -166.39949999999996 91.561999999999998 18.040000000000877 1.5206863208153572 2.4019999999999833 -26.471499999999999 1.717163139896863 0.029166666666666941 -25.524500000000025 0.12093333333333292 -2.4085999999999967 1.2411641850924389 1.5215666666666674 1.3883616916767094 0.047035546123975112 0.089800000000007194 0.078744840954368553 7.8739999999999908 -0.72925195671543275 0.99999999911892579 -0.0049999999999999958
decision_type=2 2 2 2 2 2 2 2 2 2 2 2 2 2 2 2 2 2 2 2 2 2 2 2 2 2 2 2 2 2
left_child=24 2 4 -4 -2 6 -6 9 -9 -5 -7 12 13 18 -15 16 27 -18 -3 -14 21 -17 -22 -21 29 26 -26 -13 -28 -1
right_child=1 11 3 7 5 10 -8 8 -10 -11 -12 15 19 14 -16 20 17 -19 -20 23 22 -23 -24 -25 25 -27 28 -29 -30 -31
leaf_value=6.4977201647187553e-05 -0.00065755939007828797 -3.5402671006886804e-05 -0.001328664126406823 0.00010007627589034878 0.0017906784484974139 -6.7744725098244716e-06 7.070576368114627e-05 0.001543930681444477 0.00023066103610802584 -0.0010155788262303151 0.00044994603750334738 -0.00060518867020494102 -0.00081387108549727449 0.0010591968680510285 -0.0001513724852585099 0.00057046492186977346 -0.0013965832767677858 -9.3954917822168136e-05 0.00018221009509967993 -0.00029394269215570141 0.0012778926406724332 -0.00013091897090817682 0.00023505324808956049 -7.9005703024681147e-05 -0.00046752387241854823 -0.0001053067044221191 -0.00033338282407315164 0.00023287173616593317 0.00047275914881042395 -8.7452809021983834e-05
leaf_weight=3444 430 9372 140 376 126 110401 37218 221 5030 192 690 102 209 146 9036 321 141 226 2455 2593 117 1207 1755 2842 1196 5468 156 437 176 6513
leaf_count=3444 430 9372 140 376 126 110401 37218 221 5030 192 690 102 209 146 9036 321 141 226 2455 2593 117 1207 1755 2842 1196 5468 156 437 176 6513
internal_value=-2.68781e-14 7.80252e-06 2.12823e-05 0.000194338 1.4355e-05 1.63015e-05 7.6509e-05 0.00023098 0.000285933 -0.000277047 -3.93772e-06 -5.96091e-05 -8.45854e-05 -5.22456e-05 -0.000132124 9.49874e-05 -0.000196596 -0.00059442 9.76849e-06 -0.000204966 0.000172686 1.64267e-05 0.000300231 -0.000181551 -8.55056e-05 -0.000157773 -0.000345524 7.42777e-05 9.39695e-05 -3.47292e-05
internal_weight=202736 185783 154824 5959 148865 148435 37344 5819 5251 568 111091 30959 26653 21009 9182 4306 906 367 11827 5644 3400 1528 1872 5435 16953 6996 1528 539 332 9957
internal_count=202736 185783 154824 5959 148865 148435 37344 5819 5251 568 111091 30959 26653 21009 9182 4306 906 367 11827 5644 3400 1528 1872 5435 16953 6996 1528 539 332 9957
is_linear=0
shrinkage=0.02


Tree=275
num_leaves=31
num_cat=0
split_feature=44 14 10 10 15 43 10 14 0 44 14 44 10 13 44 44 44 10 10 31 10 44 43 10 32 10 10 14 10 14
split_gain=0.335997 0.401692 0.499735 0.640525 0.396222 0.599876 0.601223 0.558032 0.388303 0.365317 0.306263 0.277587 0.271669 0.307463 0.236316 0.208644 0.281175 0.251861 0.207346 0.206513 0.167242 0.158805 0.128261 0.196135 0.124877 0.066386 0.114623 0.0797677 0.0542491 0.0497342
threshold=3.6600125406477528 3.1651000000000011 57.764499999999991 21.659499999999976 1.1966433678754129 5.5600000000020389 104.706 0.29813333333333447 -0.0069999999999999932 0.22035322461881265 1.0885166666666681 1.1609765836092667 42.282999999999987 1.8468333333333347 -0.75985967929795561 1.1609765836092667 1.3883616916767094 -36.341500000000011 9.3559999999999928 40.150000000001462 -15.830500000000018 1.721909917657346 33.810000000000592 -49.330000000000005 -0.0015958783443992487 -2.8685000000000165 -19.777000000000012 2.0424500000000019 7.3329999999999957 0.82336666666666825
decision_type=2 2 2 2 2 2 2 2 2 2 2 2 2 2 2 2 2 2 2 2 2 2 2 2 2 2 2 2 2 2
left_child=1 4 3 15 5 6 8 14 -1 -9 11 18 13 -12 -7 17 -17 -3 -6 -14 -13 -4 23 -2 -24 26 27 -25 -27 -28
right_child=22 2 21 -5 10 7 -8 9 -10 -11 12 20 19 -15 -16 16 -18 -19 -20 -21 -22 -23 24 25 -26 28 29 -29 -30 -31
leaf_value=3.0537277420606441e-05 -0.0010644047383086307 -0.00017202028967548845 -0.00090836473466815351 0.0015910916711684823 -2.1560322868240143e-05 7.2979407127020363e-05 0.0010936595936577853 0.00015181853229011001 -4.3295676513612042e-05 3.0829879497508586e-05 0.00021930566807078694 -0.00045885055118563702 -0.00038255651519269503 -5.3937608855935005e-05 -0.00014588163701976454 0.0014508703131556372 0.00036159989278943791 0.00085611589045988189 -0.0001727454140144229 0.00011564987540623406 -0.00017769297768384978 -5.8468753222257173e-05 0.00061728612957889903 -0.00040001603374063659 -0.00030336317961241621 0.00022563941958984664 -0.00041244455895589501 0.00025241919917013355 -0.00023304083119788611 -0.00098577987951602771
leaf_weight=46263 143 514 142 170 10748 2942 196 23597 74176 17302 3471 1157 965 3135 5994 108 775 117 5478 508 3151 231 114 240 122 131 101 109 485 151
leaf_count=46263 143 514 142 170 10748 2942 196 23597 74176 17302 3471 1157 965 3135 5994 108 775 117 5478 508 3151 231 114 240 122 131 101 109 485 151
internal_value=8.85108e-14 2.2935e-06 0.000280346 0.000427059 -5.79442e-07 1.09801e-05 -1.31338e-05 6.93523e-05 -1.4935e-05 0.000100635 -6.94486e-05 -0.000110491 3.4868e-05 8.9633e-05 -7.3826e-05 0.000296355 0.000494829 1.86167e-05 -7.26014e-05 -0.000210738 -0.000253203 -0.000382022 -0.000289045 -0.000363732 0.000141357 -0.000281402 -0.000430948 -0.000196247 -0.000135497 -0.000755991
internal_weight=202736 201140 2057 1684 199083 170470 120635 49835 120439 40899 28613 20534 8079 6606 8936 1514 883 631 16226 1473 4308 373 1596 1360 236 1217 601 349 616 252
internal_count=202736 201140 2057 1684 199083 170470 120635 49835 120439 40899 28613 20534 8079 6606 8936 1514 883 631 16226 1473 4308 373 1596 1360 236 1217 601 349 616 252
is_linear=0
shrinkage=0.02


Tree=276
num_leaves=31
num_cat=0
split_feature=5 34 45 14 45 41 34 29 42 6 10 43 34 6 10 44 44 10 10 43 44 35 34 45 44 42 34 14 6 34
split_gain=0.331881 0.456164 0.775446 0.542041 0.531629 0.474163 0.419448 0.361869 0.48539 0.354453 0.342323 0.334559 0.312076 0.300971 0.368902 0.273521 0.266744 0.241183 0.236051 0.230444 0.258446 0.22737 0.255681 0.256274 0.34426 0.245695 0.314466 0.219935 0.207617 0.195891
threshold=-0.25999999999999962 -0.0035232389179990563 0.07176771542558559 0.36573333333333413 0.072460296408940902 39.09774435920658 -0.05842326121061308 0.0079563766538948161 0.98293449917024056 -0.067866666666666853 -101.7825 14.420000000002622 0.0066123740097610252 0.088199999999999598 9.3559999999999928 -0.90529379495593132 3.6600125406477528 -80.640000000000001 -64.497 23.319999999999713 1.186082127774355 -6.7999999999956335 -0.025757862091946946 0.025181807519144048 -0.078266664381402576 0.21082063427949807 -0.007610372737590171 0.42195000000000077 -0.73481666666666701 -0.0330218690192755
decision_type=2 2 2 2 2 2 2 2 2 2 2 2 2 2 2 2 2 2 2 2 2 2 2 2 2 2 2 2 2 2
left_child=6 2 5 -4 7 10 16 9 12 -3 11 -2 -9 -7 -15 -5 19 -6 -17 -1 -21 28 23 -23 -25 27 -27 -24 -8 -12
right_child=1 4 3 15 17 13 21 8 -10 -11 29 -13 -14 14 -16 18 -18 -19 -20 20 -22 22 25 24 -26 26 -28 -29 -30 -31
leaf_value=0.00010997634448097595 0.00019160741730660829 -0.00019186979378389327 8.5385128867505083e-05 0.00078948066511854331 -0.00094516534389726611 6.9385995390562266e-05 -0.00091531325297523837 0.00016586643295173295 -8.9802401322967973e-05 -2.1790184608221955e-05 6.604959672593874e-05 0.001500632988297314 3.3646552374366634e-05 0.00045308040753992869 2.9493653861678665e-05 -0.00030649544220553553 -0.00042409490902924106 -0.00013254433446009849 0.00039000751875896536 2.4732766382699825e-05 0.00089569423646687282 -0.00020471433459490367 -8.4177458897131656e-05 0.00023058446618920509 -6.091962400198032e-05 9.2710546752425817e-05 -0.00013683744196193244 -0.00034993769852141956 -0.00022576557887905467 -4.8505988286705182e-05
leaf_weight=3152 258 5926 4084 664 148 18010 192 8597 11129 28346 7623 112 42146 1958 1418 210 321 11341 2660 227 341 1636 2212 3042 3468 3455 7724 2851 1934 27551
leaf_count=3152 258 5926 4084 664 148 18010 192 8597 11129 28346 7623 112 42146 1958 1418 210 321 11341 2660 227 341 1636 2212 3042 3468 3455 7724 2851 1934 27551
internal_value=-5.81739e-14 1.07796e-05 5.28164e-05 0.000242319 -1.443e-05 2.74584e-05 -6.07445e-05 9.3532e-07 2.98133e-05 -5.11988e-05 -1.73134e-05 0.000587853 5.60476e-05 0.00010187 0.000275164 0.000423676 0.000129066 -0.000143012 0.000339044 0.000176799 0.000547616 -8.96736e-05 -7.23813e-05 1.90592e-05 7.52947e-05 -0.000118242 -6.5893e-05 -0.000233828 -0.000288039 -2.36792e-05
internal_weight=202736 172181 64548 7618 107633 56930 30555 96144 61872 34272 35544 370 50743 21386 3376 3534 4041 11489 2870 3720 568 26514 24388 8146 6510 16242 11179 5063 2126 35174
internal_count=202736 172181 64548 7618 107633 56930 30555 96144 61872 34272 35544 370 50743 21386 3376 3534 4041 11489 2870 3720 568 26514 24388 8146 6510 16242 11179 5063 2126 35174
is_linear=0
shrinkage=0.02


Tree=277
num_leaves=31
num_cat=0
split_feature=23 44 42 43 14 10 17 44 35 14 10 9 41 44 10 43 41 43 10 9 10 10 12 7 0 9 45 45 10 5
split_gain=0.324328 0.373893 0.355345 0.417621 0.367405 0.580652 0.327169 0.27381 0.260879 0.232498 0.288178 0.783606 0.633043 0.277761 0.262734 0.280442 0.253916 0.22837 0.227985 0.215735 0.205835 0.189977 0.1812 0.239763 0.194315 0.168915 0.315791 0.243814 0.239639 0.228348
threshold=0.84999999999854492 1.5529035827011366 0.030622980807080466 1.8400000000008732 0.27940000000000126 5.9104999999999821 3.3020022810612999 -1.6808396684457148 -7.4800000000032005 3.7055333333333342 -52.575499999999998 2.8450000000000069 76.94915253964696 2.2369082558236983 -46.304500000000012 8.0800000000002932 30.973033500128853 12.51999999999971 -5.4410000000000132 -35.039999999999999 24.69499999999999 -8.0615000000000112 0.11180000000000556 0.085149574162046729 -0.0059999999999999967 0.97600000000001308 0.012813236296500453 0.027453382211206429 -41.707000000000015 0.10199999999999954
decision_type=2 2 2 2 2 2 2 2 2 2 2 2 2 2 2 2 2 2 2 2 2 2 2 2 2 2 2 2 2 2
left_child=1 2 18 22 20 -6 7 17 -8 10 11 12 -3 -11 15 -12 -15 -2 -1 -18 -5 -16 24 -24 -4 26 -9 -27 -29 -28
right_child=6 9 3 4 5 -7 8 25 -10 13 14 -13 -14 16 21 -17 19 -19 -20 -21 -22 -23 23 -25 -26 27 29 28 -30 -31
leaf_value=-8.3171755650131501e-06 -7.074296359250251e-05 -0.00037338094252670846 7.8230984875781042e-05 -4.2721044608736057e-05 9.1848518409943952e-05 -1.5407622516227562e-05 0.00044177524920642421 -0.00013016286326384283 -0.0001214417777755363 0.0010132388309185155 -9.1318870153354138e-05 0.0013172283714249877 -0.0019631157939068297 -0.00083779060065119278 -0.00016295243478586436 0.0011505006461326654 0.00069849253960207786 -0.0011644905183169215 -0.00018191101919195831 -0.00025985519428925219 0.00012903279730592244 -3.811878505314876e-05 -0.00031512920296134346 -7.0716413306369549e-05 -5.3532341753943987e-05 0.0003481508180665227 0.00024574874259018916 -0.00055199054141067923 5.0867399922134938e-05 0.00058706338984474587
leaf_weight=5727 313 1124 6829 29844 54158 32190 367 691 3174 161 147 101 110 101 7504 144 220 101 6417 164 3079 13926 1820 13618 12998 1003 3122 299 2237 1047
leaf_count=5727 313 1124 6829 29844 54158 32190 367 691 3174 161 147 101 110 101 7504 144 220 101 6417 164 3079 13926 1820 13618 12998 1003 3122 299 2237 1047
internal_value=8.67378e-15 -6.44389e-06 4.1253e-06 1.23114e-05 3.01891e-05 5.18641e-05 9.93039e-05 0.000164544 -6.30683e-05 -8.07698e-05 -9.12549e-05 -0.000376467 -0.000515092 0.000293447 -7.37254e-05 0.00052319 5.45057e-05 -0.000337575 -0.000100046 0.000289198 -2.66584e-05 -8.1831e-05 -4.81533e-05 -9.95305e-05 -8.14919e-06 0.000189294 0.000265831 8.41878e-05 -2.02109e-05 0.000331466
internal_weight=202736 190382 166680 154536 119271 86348 12354 8813 3541 23702 23056 1335 1234 646 21721 291 485 414 12144 384 32923 21430 35265 15438 19827 8399 4860 3539 2536 4169
internal_count=202736 190382 166680 154536 119271 86348 12354 8813 3541 23702 23056 1335 1234 646 21721 291 485 414 12144 384 32923 21430 35265 15438 19827 8399 4860 3539 2536 4169
is_linear=0
shrinkage=0.02


Tree=278
num_leaves=31
num_cat=0
split_feature=34 29 34 5 6 10 41 45 34 13 29 45 5 10 6 10 33 10 7 41 7 43 45 6 10 10 4 6 15 10
split_gain=0.328453 0.548867 0.579358 0.59087 0.413635 0.502552 0.384586 0.350812 0.609864 0.317625 0.287846 0.280238 0.246132 0.239128 0.421115 0.29783 0.367395 0.347506 0.291719 0.285533 0.258511 0.38105 0.253104 0.211508 0.209375 0.209848 0.198505 0.177395 0.197671 0.172319
threshold=0.041686708810711452 0.034746606057534109 0.016723589840592742 0.10740000000000063 -0.16183333333333383 -0.879000000000007 73.704137802052244 0.077047779913319805 0.00020210538072420653 0.92840000000000167 0.017917638122721961 0.043383337887632004 -0.0014999999999976545 -1.5490000000000184 0.36131666666666629 -64.497 0.036404016044250878 -80.640000000000001 3.1996162339075922 67.774086376633491 0.52016944344964322 10.760000000002039 0.030029728765684466 0.10346666666666622 -76.424999999999997 -138.12749999999997 0.085000000000000478 -0.062666666666666773 0.64377476651110033 -47.616000000000007
decision_type=2 2 2 2 2 2 2 2 2 2 2 2 2 2 2 2 2 2 2 2 2 2 2 2 2 2 2 2 2 2
left_child=1 2 3 7 9 -6 12 10 -9 -5 -1 -4 -3 14 15 16 19 -18 29 -2 21 -15 -17 -23 25 -14 -8 28 -13 -16
right_child=13 6 11 4 5 -7 26 8 -10 -11 -12 27 24 20 18 22 17 -19 -20 -21 -22 23 -24 -25 -26 -27 -28 -29 -30 -31
leaf_value=-2.4753992172137802e-05 -0.001056214548473254 5.6561748291105616e-05 -2.5773564924293985e-05 -0.00028987244183163524 0.00021424346715172949 3.5889835678242488e-05 0.00013803783311497523 0.0002283400769385209 -0.00018701964935118111 0.00012164477481709097 0.00010990534316796397 -0.00018467565490324928 0.00026862007581853663 5.3190885306098813e-05 -0.0011797709553842235 2.7407283743869052e-05 0.00027399095903900972 0.0015410502797928067 0.00018296776928535501 0.00027592177476940888 -0.00010583354734929093 0.00018398847563990523 -0.00031791488615112501 0.0012846972595951273 0.0002946147111262311 0.0014305268009818756 -5.0876988655659386e-05 -0.00014511575775473024 -0.00072858429672932633 -0.00053943733280798162
leaf_weight=111239 123 1915 10066 1872 11825 13573 4232 5623 1889 1252 6734 636 116 2059 257 1327 360 114 159 135 5013 119 2357 169 3959 134 4691 9841 461 486
leaf_count=111239 123 1915 10066 1872 11825 13573 4232 5623 1889 1252 6734 636 116 2059 257 1327 360 114 159 135 5013 119 2357 169 3959 134 4691 9841 461 486
internal_value=2.71503e-14 6.57481e-06 -3.391e-06 1.00475e-05 9.22172e-05 0.000118929 0.000122487 -8.62916e-06 0.000123892 -0.000124949 -1.70675e-05 -0.000101926 0.000244537 -9.85641e-05 -0.000200748 -0.000120313 0.000248158 0.000578727 -0.000594541 -0.000359166 -2.47303e-05 0.0001485 -0.000193528 0.000829891 0.000330062 0.000891402 3.87215e-05 -0.000172007 -0.000413246 -0.000760926
internal_weight=202736 190058 175011 154007 28522 25398 15047 125485 7512 3124 117973 21004 6124 12678 5318 4416 732 474 902 258 7360 2347 3684 288 4209 250 8923 10938 1097 743
internal_count=202736 190058 175011 154007 28522 25398 15047 125485 7512 3124 117973 21004 6124 12678 5318 4416 732 474 902 258 7360 2347 3684 288 4209 250 8923 10938 1097 743
is_linear=0
shrinkage=0.02


Tree=279
num_leaves=31
num_cat=0
split_feature=4 43 34 14 9 6 0 34 44 1 11 15 45 14 6 44 10 6 5 10 5 14 10 34 27 10 34 7 14 6
split_gain=0.323939 0.412424 0.588132 0.463143 0.501165 1.21576 0.355931 0.355114 0.342212 0.321194 0.736472 0.300896 0.369371 0.558276 0.287961 0.229848 0.208896 0.287812 0.284963 0.456509 0.341709 0.304222 0.327786 0.223407 0.195173 0.3582 0.367361 0.19237 0.221301 0.184996
threshold=-0.21059999999999554 4.0199999999997091 0.017750228623991508 0.3003666666666675 2.672000000000017 0.14166666666666652 -0.0059999999999999967 -0.065533267403222698 -0.52885174516941158 0.99999999911892579 0.10450000000000002 1.0909235078017845 0.051973598821360691 1.3451000000000015 -0.33353333333333307 -0.75985967929795561 -209.34899999999996 -0.52054999999999974 -1.4863999999999982 1.7389999999999826 -1.8697499999999989 3.1651000000000011 30.877499999999984 -0.021534874597406269 -0.00011185056764118072 -61.318499999999993 0.0016229459403164462 1.5391684280781208 2.8280666666666687 0.040733333333332601
decision_type=2 2 2 2 2 2 2 2 2 2 2 2 2 2 2 2 2 2 2 2 2 2 2 2 2 2 2 2 2 2
left_child=7 6 3 15 5 -5 24 -1 -6 10 -8 12 13 -4 -11 -3 17 -9 19 -18 -21 23 -23 -20 -2 26 -26 -13 -29 -14
right_child=1 2 11 4 8 -7 9 16 -10 14 -12 27 29 -15 -16 -17 18 -19 21 20 -22 22 -24 -25 25 -27 -28 28 -30 -31
leaf_value=0.00016536921221559019 -4.9717735444980657e-07 9.4299967614736613e-05 4.6743263695856481e-05 0.0001407453429139647 0.00017576854466064642 0.00073592415876408445 -6.5932979840512321e-05 0.0013079470695395554 -4.9192309472109031e-05 -0.00031944865037932273 -0.00049065321987625161 -0.00025932123689046256 -0.00027368147584058879 0.00059361887449049387 -1.5331209539541344e-05 -9.0541416415283751e-05 -0.0006231452044282614 -8.819102863048169e-05 -5.3503489105251943e-07 0.0012408830594302764 -0.00038039063365711347 0.00094635188388440252 -0.00012844258489037332 -0.00010314458125475705 0.00014680864905022969 8.7704846038174386e-05 0.0017900329718993295 -9.8526551863263663e-05 0.00034890207412154565 -3.8739114805162233e-05
leaf_weight=2859 20241 4282 11202 22744 3934 1461 8544 105 8657 1283 2019 2923 1813 800 42502 7242 788 135 13157 104 104 247 210 23915 118 10904 101 4709 488 5145
leaf_count=2859 20241 4282 11202 22744 3934 1461 8544 105 8657 1283 2019 2923 1813 800 42502 7242 788 135 13157 104 104 247 210 23915 118 10904 101 4709 488 5145
internal_value=3.99328e-15 1.285e-05 4.69672e-05 8.87832e-05 0.000123435 0.00017667 -1.71625e-05 -4.9738e-05 2.10957e-05 -4.81236e-05 -0.000147114 -2.76469e-05 1.59819e-05 8.31956e-05 -2.42425e-05 -2.18595e-05 -6.56026e-05 0.000522619 -6.92671e-05 -0.00040316 0.000430246 -6.04057e-05 0.000452464 -6.6728e-05 3.64873e-05 0.000103789 0.000904643 -0.000129519 -5.65129e-05 -9.99565e-05
internal_weight=202736 161112 75400 48320 36796 24205 85712 41624 12591 54348 10563 27080 18960 12002 43785 11524 38765 240 38525 996 208 37529 457 37072 31364 11123 219 8120 5197 6958
internal_count=202736 161112 75400 48320 36796 24205 85712 41624 12591 54348 10563 27080 18960 12002 43785 11524 38765 240 38525 996 208 37529 457 37072 31364 11123 219 8120 5197 6958
is_linear=0
shrinkage=0.02


Tree=280
num_leaves=31
num_cat=0
split_feature=34 45 9 6 45 10 6 31 10 14 10 9 6 10 43 10 6 14 10 6 13 10 36 9 45 45 10 9 10 10
split_gain=0.31652 0.889014 0.770931 1.13818 0.666811 0.548121 0.555387 0.525085 0.483231 0.718903 0.419296 0.417856 0.630925 0.85292 0.411457 0.348224 0.331695 0.305344 0.450734 0.405228 0.528689 0.730557 0.354563 0.338737 0.46705 0.354826 0.323985 0.301224 0.58258 0.382933
threshold=0.0018236664560350496 0.051360135937023245 5.58450000000001 0.10586666666666576 0.068453763641211987 -56.553500000000007 0.28451666666666625 7.3499999999985457 -9.1730000000000036 0.78118333333333456 -2.0025000000000195 19.860500000000002 0.43916666666666654 28.566499999999987 3.0400000000008736 82.286500000000004 -0.25908333333333367 1.3876333333333342 57.764499999999991 -0.067866666666666853 1.2680333333333345 -64.497 31.500000000000004 -18.455999999999985 0.024182539842362939 0.045816101284753642 14.444999999999981 -20.918999999999986 11.433999999999978 -0.41650000000001414
decision_type=2 2 2 2 2 2 2 2 2 2 2 2 2 2 2 2 2 2 2 2 2 2 2 2 2 2 2 2 2 2
left_child=1 7 3 15 17 -4 -7 11 9 -6 -8 27 13 -13 -5 16 -3 19 23 20 21 -2 26 25 -25 -19 -21 28 -1 -29
right_child=4 2 5 14 8 6 10 -9 -10 -11 -12 12 -14 -15 -16 -17 -18 18 -20 22 -22 -23 -24 24 -26 -27 -28 29 -30 -31
leaf_value=-0.00038786307767219182 0.00076192317123059184 -9.8924255120647935e-06 -0.0015749317157804689 0.00017322497721771894 -0.00023612707646233314 -0.00022839982765793972 0.0014606287403100887 0.00019500412608944848 -8.2437347875054389e-05 -0.0010476332833027244 0.00016524045491027122 0.0011888056489724496 -0.00023428288732446606 0.000127894661661348 0.00083109454913937958 0.0008686103776015708 0.00012996960070495089 -0.00019790424118389634 -0.0002939046220325406 4.5088704581889014e-05 -0.00074194239623034171 -0.00012077814532206948 -0.00021892625857295868 0.00076358750870344095 0.00019181633808282785 0.00056057679635904893 -6.2112036099690597e-05 1.0331669241410773e-05 0.00071416969966370735 -9.2106039493497288e-05
leaf_weight=1935 388 9081 107 558 3355 3419 122 4179 11286 502 553 469 714 857 1194 234 26799 1066 773 43593 522 11235 2655 812 1929 321 15212 31298 213 27355
leaf_count=1935 388 9081 107 558 3355 3419 122 4179 11286 502 553 469 714 857 1194 234 26799 1066 773 43593 522 11235 2655 812 1929 321 15212 31298 213 27355
internal_value=1.63462e-14 2.31542e-05 9.522e-05 0.000123738 -2.69712e-05 -0.000161829 -0.000124896 -2.20799e-05 -0.000148485 -0.000341747 0.00039937 -3.65163e-05 0.000245038 0.000503134 0.000621568 9.95868e-05 9.45714e-05 -3.53244e-06 0.000149324 -1.37104e-05 -0.000119276 -9.13117e-05 7.15025e-06 0.000232322 0.000361199 -2.23654e-05 1.73574e-05 -4.5963e-05 -0.000278583 -3.7444e-05
internal_weight=202736 109087 42067 37866 93649 4201 4094 67020 15143 3857 675 62841 2040 1326 1752 36114 35880 78506 4901 73605 12145 11623 61460 4128 2741 1387 58805 60801 2148 58653
internal_count=202736 109087 42067 37866 93649 4201 4094 67020 15143 3857 675 62841 2040 1326 1752 36114 35880 78506 4901 73605 12145 11623 61460 4128 2741 1387 58805 60801 2148 58653
is_linear=0
shrinkage=0.02


Tree=281
num_leaves=31
num_cat=0
split_feature=5 43 10 9 10 15 43 6 10 34 34 14 9 10 33 14 10 10 30 34 45 9 6 9 10 4 5 13 15 43
split_gain=0.3144 0.421604 0.567379 0.560476 0.466256 0.437479 0.435414 0.409381 0.499198 0.390646 0.373031 0.371993 0.335953 0.483033 0.294547 0.266158 0.255622 0.433961 0.208965 0.235633 0.246324 0.265115 0.201098 0.185983 0.429614 0.182801 0.168755 0.159649 0.154965 0.245925
threshold=-0.25999999999999962 7.8599999999962167 -138.12749999999997 -47.567499999999988 104.706 1.0909235078017845 14.420000000002622 0.59236666666666704 -0.41650000000001414 -0.05842326121061308 0.0063941002099360553 2.8280666666666687 1.6690000000000011 -138.12749999999997 -0.0043949087023359484 3.1651000000000011 55.133999999999993 13.426999999999987 -33.950000000004358 -0.025757862091946946 0.025181807519144048 -4.7679999999999945 -0.73481666666666701 26.659000000000002 35.61249999999999 0.20120000000000249 -0.56974999999999998 0.58386666666666798 6.0170479446330107 23.319999999999713
decision_type=2 2 2 2 2 2 2 2 2 2 2 2 2 2 2 2 2 2 2 2 2 2 2 2 2 2 2 2 2 2
left_child=9 2 10 25 11 6 12 8 -8 28 -2 -5 13 -3 -14 -7 17 -17 22 20 21 -20 -11 26 -25 -4 -21 -6 29 -1
right_child=1 5 3 4 27 15 7 -9 -10 18 -12 -13 14 -15 -16 16 -18 -19 19 23 -22 -23 -24 24 -26 -27 -28 -29 -30 -31
leaf_value=0.00010609554577498417 0.00024406559523436932 -0.00069957599483953554 -0.00046625469054583984 -6.5445176828479809e-06 0.001219539993182457 -5.0684089587623362e-05 0.00023377497540278652 -0.00060334646363927795 0.00081706436908578499 -0.00089435050685854854 0.0017212327631811301 0.00097064273102893288 -0.00017276161025589341 0.00019447630362463733 8.7883934467542109e-05 0.00029530960925080996 -0.00027788811518781448 0.0017397894112393261 -0.00052334485872637226 -0.00023224086616002994 7.2508234841120079e-05 -9.6006029310328883e-08 -0.00021581045004316919 0.0014418659898530839 -0.00010732713324126431 -0.0013769071354706329 -8.5054691165648304e-05 0.00025000277115629077 -0.00020935538391896277 0.00060313234981495883
leaf_weight=3094 154 248 318 139657 162 10380 1839 166 862 192 123 156 2708 9544 4823 495 207 100 631 4255 6507 1003 1940 101 246 122 11639 117 490 457
leaf_count=3094 154 248 318 139657 162 10380 1839 166 862 192 123 156 2708 9544 4823 495 207 100 631 4255 6507 1003 1940 101 246 122 11639 117 490 457
internal_value=-1.84255e-14 1.04919e-05 -4.28031e-06 -6.0627e-06 -3.82428e-06 7.6795e-05 0.000132376 0.000360679 0.000419927 -5.91231e-05 0.000899992 -5.4542e-06 9.45917e-05 0.000171833 -5.8391e-06 -2.35617e-05 0.000327474 0.000538079 -8.70413e-05 -7.04383e-05 1.73792e-05 -0.000202158 -0.000276917 -0.000114458 0.000343591 -0.000718754 -0.000124458 0.00081296 0.000124055 0.000170062
internal_weight=202736 172181 140809 140532 140092 31372 20190 2867 2701 30555 277 139813 17323 9792 7531 11182 802 595 26514 24382 8141 1634 2132 16241 347 440 15894 279 4041 3551
internal_count=202736 172181 140809 140532 140092 31372 20190 2867 2701 30555 277 139813 17323 9792 7531 11182 802 595 26514 24382 8141 1634 2132 16241 347 440 15894 279 4041 3551
is_linear=0
shrinkage=0.02


Tree=282
num_leaves=31
num_cat=0
split_feature=44 6 14 9 10 44 10 14 6 10 44 44 9 10 14 10 6 9 45 45 10 14 9 10 10 10 10 9 9 45
split_gain=0.315858 0.537039 0.506754 1.05421 0.700695 0.59986 0.790359 0.474309 0.580056 0.520535 0.621811 0.738182 0.466352 0.467768 0.841157 0.463766 0.459606 0.687118 0.71421 0.614954 0.454108 0.443114 0.426825 2.73826 0.420397 0.402486 0.375376 0.370748 0.334881 0.33277
threshold=-0.53818578318979238 -0.3111833333333337 0.56763333333333454 14.490500000000006 -64.497 -2.1237283932877324 -89.687499999999986 0.80238333333333423 -0.84406666666666685 -11.033000000000014 -0.051588538742967073 2.055857435645712 -35.039999999999999 16.989999999999984 1.1559000000000015 12.402999999999986 -0.16560000000000011 -4.5679999999999827 0.05051159177682308 0.015311504213781755 -35.575499999999998 3.7055333333333342 55.303000000000004 43.516499999999986 37.781999999999982 -64.497 -54.442500000000003 0.33099999999998986 -18.455999999999985 0.035964912280539052
decision_type=2 2 2 2 2 2 2 2 2 2 2 2 2 2 2 2 2 2 2 2 2 2 2 2 2 2 2 2 2 2
left_child=1 12 25 5 -5 -4 -7 15 21 10 20 -12 -1 -14 -15 16 -2 18 -18 -19 -10 -9 -11 -24 -17 -3 29 -28 -26 -27
right_child=7 2 3 4 -6 6 -8 8 9 22 11 -13 13 14 -16 24 17 19 -20 -21 -22 -23 23 -25 28 26 27 -29 -30 -31
leaf_value=0.00042455144470118382 -0.00013263522190507231 -0.00036105986601494151 -0.00048750681414668352 -0.0018838671933121556 -0.00020146217548206049 0.00099816633200388314 0.00022629469776953932 -0.00040146853996936337 -0.00034249393504949115 -1.4135848071393106e-05 0.00036906027980758671 -4.6008833424764e-05 -0.00036545945949837121 -0.00017801018373415589 0.0017402458713546426 -0.00017018850499139472 4.8462398215463089e-06 0.00012049128891448576 0.00028950359413916851 -6.6966392635809345e-05 0.00029489506782236669 0.00016574552177894939 0.0035497754496173002 -8.3697892508414052e-05 0.0011600266608785695 -0.00013496930193569926 7.1073263944925759e-05 -2.7545398389227242e-05 1.3416812850124897e-05 0.00098990662501504019
leaf_weight=431 11616 1085 436 106 1504 563 9230 1853 1348 15493 6428 2337 3017 365 122 16887 8343 8569 6106 38229 669 784 100 487 104 162 31430 29617 5015 300
leaf_count=431 11616 1085 436 106 1504 563 9230 1853 1348 15493 6428 2337 3017 365 122 16887 8343 8569 6106 38229 669 784 100 487 104 162 31430 29617 5015 300
internal_value=-7.05801e-14 3.14482e-05 4.34861e-05 0.000163479 -0.000312229 0.000238353 0.00027067 -1.98164e-05 5.02266e-05 7.80139e-05 0.000185531 0.000258391 -0.000196257 -0.000272618 0.000302539 -4.15959e-05 -1.72943e-05 4.581e-06 0.00012514 -3.26417e-05 -0.000131084 -0.000232832 5.92102e-06 0.000535292 -0.00012206 2.07908e-05 2.75265e-05 2.32283e-05 3.67119e-05 0.00059547
internal_weight=202736 78368 74433 11839 1610 10229 9793 124368 29499 26862 10782 8765 3935 3504 487 94869 72863 61247 14449 46798 2017 2637 16080 587 22006 62594 61509 61047 5119 462
internal_count=202736 78368 74433 11839 1610 10229 9793 124368 29499 26862 10782 8765 3935 3504 487 94869 72863 61247 14449 46798 2017 2637 16080 587 22006 62594 61509 61047 5119 462
is_linear=0
shrinkage=0.02


Tree=283
num_leaves=31
num_cat=0
split_feature=34 29 34 33 10 9 5 41 45 45 13 9 10 7 43 5 10 9 45 9 9 10 41 9 4 9 10 5 10 10
split_gain=0.311794 0.531235 0.54481 0.617647 0.398287 0.582709 0.448961 0.36156 0.340504 0.26459 0.246043 0.243149 0.235858 0.244431 0.359489 0.234336 0.224427 0.265204 0.223962 0.534696 0.383796 0.40084 0.362252 0.206943 0.18977 0.181326 0.19744 0.274661 0.18601 0.237885
threshold=0.041686708810711452 0.034746606057534109 0.014734690150940173 0.010036573515523608 -2.8685000000000165 -26.471499999999999 0.41445000000000143 73.704137802052244 0.043383337887632004 0.028425304673578653 0.37559999999999849 -3.5829999999999829 -1.5490000000000184 0.52016944344964322 10.760000000002039 -0.0014999999999976545 2.4019999999999833 -11.218499999999988 0.032215568862177621 -28.497999999999994 6.6065000000000031 -36.341500000000011 64.353126737701416 -0.95699999999998886 0.085000000000000478 0.84300000000001318 -58.759000000000007 0.41445000000000143 -5.8690000000000158 -46.304500000000012
decision_type=2 2 2 2 2 2 2 2 2 2 2 2 2 2 2 2 2 2 2 2 2 2 2 2 2 2 2 2 2 2
left_child=1 2 3 4 6 -6 -1 15 16 11 -11 -5 18 14 -14 -3 17 -4 25 -20 22 -22 -21 -17 -9 28 -27 -28 29 -2
right_child=12 7 8 9 5 -7 -8 24 -10 10 -12 -13 13 -15 -16 23 -18 -19 19 20 21 -23 -24 -25 -26 26 27 -29 -30 -31
leaf_value=2.5538252666006002e-05 -0.00039598781889476796 5.5365480887562263e-05 -0.00024969173626313132 -0.00023758944839572457 0.00077421549766647549 -3.9343707290090509e-05 0.0003840687053754822 0.00013632824646394952 -0.00016019169059247032 9.3737412814391056e-05 0.00032396090758528555 0.00011563826015150209 5.3168471525165474e-05 -0.00010156841412690576 0.00080757395348781649 0.00051436074154453243 -0.00011451924568976316 0.00010672976245642347 0.00082311886623039011 -0.0014962871717449663 0.0005314295556637156 -0.00029814771319137181 -0.00045621961197278029 0.00021986962744444921 -4.838294758555375e-05 0.001031346904506924 0.0004887010771500946 -0.00048675214621114873 -0.00081514744518484039 0.00014918404515347863
leaf_weight=68848 546 1915 965 1072 354 67565 1426 4232 13068 3339 4183 2857 2059 5013 288 1463 5133 6201 161 145 317 879 1758 2746 4691 109 281 196 152 774
leaf_count=68848 546 1915 965 1072 354 67565 1426 4232 13068 3339 4183 2857 2059 5013 288 1463 5133 6201 161 145 317 879 1758 2746 4691 109 281 196 152 774
internal_value=-4.69456e-14 6.40591e-06 -3.39852e-06 1.11301e-05 -5.66206e-07 -3.51034e-05 3.28136e-05 0.000120441 -8.91053e-05 0.000152284 0.000221765 1.92626e-05 -9.60321e-05 -2.27048e-05 0.000145741 0.000238781 -1.35742e-05 5.87327e-05 -0.000197515 -0.000300639 -0.00035902 -7.82681e-05 -0.000535468 0.000322231 3.92219e-05 -3.41618e-05 0.000263376 8.78859e-05 -0.000152611 -7.63189e-05
internal_weight=202736 190058 175011 149644 138193 67919 70274 15047 25367 11451 7522 3929 12678 7360 2347 6124 12299 7166 5318 3260 3099 1196 1903 4209 8923 2058 586 477 1472 1320
internal_count=202736 190058 175011 149644 138193 67919 70274 15047 25367 11451 7522 3929 12678 7360 2347 6124 12299 7166 5318 3260 3099 1196 1903 4209 8923 2058 586 477 1472 1320
is_linear=0
shrinkage=0.02


Tree=284
num_leaves=31
num_cat=0
split_feature=44 34 6 9 45 14 45 44 14 45 14 44 6 10 10 9 45 41 10 15 14 33 44 34 10 6 43 10 10 14
split_gain=0.313611 0.380273 0.49049 0.968794 1.55203 1.05107 0.617787 0.481172 0.683304 0.57103 0.441531 0.548173 0.59906 0.493056 0.458089 0.30502 0.27596 0.220577 0.199007 0.24346 0.17488 0.153085 0.189233 0.168316 0.151942 0.132578 0.174372 0.167681 0.150069 0.105545
threshold=3.6600125406477528 -0.041230039570675385 -0.16560000000000011 -6.8249999999999895 0.051973598821360691 1.5994166666666678 0.014968971576260487 -0.53818578318979238 1.5994166666666678 0.015311504213781755 1.1324000000000012 -1.6808396684457148 -0.73481666666666701 53.005499999999991 -116.33499999999999 -6.1529999999999907 0.075816990014063723 20.318725098758538 -101.7825 7.2229586547185534 1.7400000000000009 -0.03262113150890926 -0.68182510097023619 -0.05842326121061308 -43.957000000000008 0.0038999999999992803 28.550000000000001 -49.330000000000005 -22.78250000000001 0.34163333333333462
decision_type=2 2 2 2 2 2 2 2 2 2 2 2 2 2 2 2 2 2 2 2 2 2 2 2 2 2 2 2 2 2
left_child=1 16 10 4 6 -6 -4 8 -5 -9 13 -12 -13 14 -3 -15 17 18 -1 -20 24 23 -23 -19 -18 26 27 -2 -29 -26
right_child=25 2 3 7 5 -7 -8 9 -10 -11 11 12 -14 15 -16 -17 20 21 19 -21 -22 22 -24 -25 29 -27 -28 28 -30 -31
leaf_value=0.00063514838282711027 -0.0012818818879409665 -0.0014601628309492732 -0.0002612828555008583 3.8885750085690579e-05 0.0003474925592197299 0.0021107181883248355 8.8736782151285591e-05 7.439908307602607e-05 -0.00081520358448003882 -6.4579512541780481e-05 -0.0011083162347665179 -0.0001925247286814659 0.00024232656155228534 0.00088458775789769897 -0.00013578408118876436 4.3116569259631432e-07 -0.00042637868177811572 0.00019200770095966133 -1.6313413084182458e-05 -0.00097107763530327644 0.00093739682342561649 0.00054232150567627615 0.00017317083539843182 -0.00011136559354021465 -6.5252251696721128e-05 -6.9304175672173571e-05 3.3041247416438903e-05 -8.969781260159481e-05 -0.0007499786362871407 0.00047417932320258164
leaf_weight=183 119 105 2760 61049 6739 138 7493 14322 377 67844 154 1879 3892 302 20635 323 107 1611 5367 109 197 708 2578 1340 180 686 234 249 308 748
leaf_count=183 119 105 2760 61049 6739 138 7493 14322 377 67844 154 1879 3892 302 20635 323 107 1611 5367 109 197 708 2578 1340 180 686 234 249 308 748
internal_value=-3.38676e-14 2.21579e-06 -5.05088e-06 8.26029e-06 0.000150426 0.000382875 -5.48483e-06 -8.69954e-06 3.36438e-05 -4.03548e-05 -8.34458e-05 6.93165e-05 0.000100742 -0.00012581 -0.000142489 0.000427656 0.000106285 7.67757e-05 -1.36366e-05 -3.5318e-05 0.000391222 0.000158809 0.000252708 5.42509e-05 0.000287264 -0.00027925 -0.000437517 -0.000600403 -0.000454808 0.000369548
internal_weight=202736 201140 188012 160722 17130 6877 10253 143592 61426 82166 27290 5925 5771 21365 20740 625 13128 11896 5659 5476 1232 6237 3286 2951 1035 1596 910 676 557 928
internal_count=202736 201140 188012 160722 17130 6877 10253 143592 61426 82166 27290 5925 5771 21365 20740 625 13128 11896 5659 5476 1232 6237 3286 2951 1035 1596 910 676 557 928
is_linear=0
shrinkage=0.02


Tree=285
num_leaves=31
num_cat=0
split_feature=43 4 42 34 44 14 44 17 45 43 44 14 6 4 34 45 42 36 20 20 36 14 6 44 34 45 29 13 44 7
split_gain=0.305926 0.379145 0.434366 0.319752 0.291984 0.426994 0.40535 0.23821 0.238156 0.248208 0.185174 0.315755 0.357695 0.244724 0.215413 0.334385 0.187361 0.144996 0.190984 0.182274 0.184865 0.140631 0.138846 0.136374 0.134067 0.17769 0.150348 0.122242 0.126985 0.129856
threshold=0.96000000000203733 -0.21059999999999554 0.88500624469179656 -0.065533267403222698 1.6212821392225631 0.48360000000000075 -1.7124149432366236 0.49024633156922909 0.052270522435041746 16.880000000000297 -0.12973570003388124 3.1651000000000011 -0.98366666666666713 -2.4085999999999967 -0.025757862091946946 0.028741683132016877 0.22560352309209683 40.500000000000007 32.950000000004373 14.549999999995636 21.500000000000004 4.8582500000000008 -0.25213333333333382 0.61603363337115291 -0.0022639564567248651 0.055125819554200255 -0.0011217163162657859 0.39346666666666713 3.6600125406477528 6.8358087532284095
decision_type=2 2 2 2 2 2 2 2 2 2 2 2 2 2 2 2 2 2 2 2 2 2 2 2 2 2 2 2 2 2
left_child=22 3 4 27 5 7 -7 -3 21 -10 14 12 -12 -13 15 -5 -16 19 -19 20 -4 -6 -1 -20 25 -24 -27 -2 -29 -30
right_child=1 2 17 10 8 6 -8 -9 9 -11 11 13 -14 -15 16 -17 -18 18 23 -21 -22 -23 24 -25 -26 26 -28 28 29 -31
leaf_value=-0.00033701511243299442 -0.00048109148726191209 4.2166827866430454e-05 -3.8366306636401226e-05 -0.00017765016960926552 -0.00012275622374782427 -0.00025061670174473443 0.00012003351997106945 -4.4003739914989649e-05 1.1435103789842016e-05 0.00046383958102976262 -0.00084211260746804419 -0.00049680075838868685 -0.00010762998164870759 0.00056089836476992411 -0.00015515771719062701 0.00018679805050762538 1.4661539886839282e-07 -0.0003369501644890144 0.00043425040380748751 0.0001540398564566503 -0.00027010701046276299 0.00056394755684920734 -8.078505340028843e-05 -0.00014873907859826998 -0.00011460086950092206 7.8240959066954458e-05 0.00055504709369825231 0.00022604006164237583 0.00014590639488966161 -0.00080648619504645471
leaf_weight=809 115 53786 19771 1359 8437 1223 33738 16853 4850 539 269 108 18884 461 5026 3888 8139 1482 254 1820 1480 121 3862 436 9848 2132 302 2510 134 100
leaf_count=809 115 53786 19771 1359 8437 1223 33738 16853 4850 539 269 108 18884 461 5026 3888 8139 1482 254 1820 1480 121 3862 436 9848 2132 302 2510 134 100
internal_value=-1.41414e-13 7.42152e-06 2.2624e-05 -4.62747e-05 3.85421e-05 4.99013e-05 0.000107067 2.16083e-05 -4.74645e-05 5.66839e-05 -6.15692e-05 -0.000104152 -0.000117946 0.00036014 -1.59562e-05 9.24041e-05 -5.91439e-05 -5.27614e-05 -0.000208983 -3.80541e-05 -5.45056e-05 -0.000113047 -8.13303e-05 6.58686e-05 -6.85175e-05 3.5645e-06 0.000137401 0.000157726 0.000184498 -0.000261099
internal_weight=202736 185783 144790 40993 119547 105600 34961 70639 13947 5389 38134 19722 19153 569 18412 5247 13165 25243 2172 23071 21251 8558 16953 690 16144 6296 2434 2859 2744 234
internal_count=202736 185783 144790 40993 119547 105600 34961 70639 13947 5389 38134 19722 19153 569 18412 5247 13165 25243 2172 23071 21251 8558 16953 690 16144 6296 2434 2859 2744 234
is_linear=0
shrinkage=0.02


Tree=286
num_leaves=31
num_cat=0
split_feature=37 34 29 10 6 9 9 44 45 13 9 6 33 13 6 10 44 44 9 10 9 36 34 45 9 10 45 44 6 33
split_gain=0.302486 0.363593 0.648511 0.488868 0.632445 0.717884 0.536225 0.525974 0.422279 0.398969 0.362616 0.393745 0.339202 0.337968 0.332122 0.267896 0.247996 0.241852 0.235942 0.528604 0.778213 0.198023 0.169221 0.16507 0.234116 0.127249 0.122915 0.193493 0.105994 0.118041
threshold=0.0059999999995500016 0.017057584541012822 0.02249075968768777 -5.4410000000000132 0.20233333333333306 12.560500000000006 -26.471499999999999 2.2369082558236983 0.039094882885591549 1.938466666666667 -23.175499999999992 -0.071466666666666498 0.010917768212221178 1.2030666666666683 -0.22603333333333353 -116.33499999999999 -0.9702441397778182 0.77960840754359018 -11.218499999999988 -116.33499999999999 -3.0629999999999957 47.500000000000007 0.0084970800884962786 0.054809255940333854 6.330500000000006 32.655499999999996 0.01245134749968064 -0.60514513468770759 -0.12661666666666707 0.0050264985665233906
decision_type=2 2 2 2 2 2 2 2 2 2 2 2 2 2 2 2 2 2 2 2 2 2 2 2 2 2 2 2 2 2
left_child=14 2 3 4 7 -6 9 -2 18 -5 15 13 -8 -12 -1 -10 -13 -17 26 20 -20 -21 23 25 -25 -4 27 -3 -24 -30
right_child=1 8 22 6 5 -7 12 -9 10 -11 11 16 -14 -15 -16 17 -18 -19 19 21 -22 -23 28 24 -26 -27 -28 -29 29 -31
leaf_value=-0.00025675136587051818 6.27916647719009e-05 0.00032941470395833736 0.00031869505326646418 0.00028592171137221159 0.00060401307982126552 -0.00023614393354089242 -3.7015836510793885e-05 -0.00019151878224764026 -0.00033017017536557619 0.0016928405907032462 -0.00026643344343646469 6.7536064144136073e-05 0.00014911401668994668 -0.00099011500677720961 -3.4865191010327095e-05 2.0391553093213588e-05 -0.00011493715013879483 0.001234436478241498 -0.00024969940908290078 6.5529766573744805e-05 0.0021419621991995976 -0.00028293692742399601 -5.4759739290501689e-05 0.00083824414647643084 -0.00018992269037872416 -0.00020958364715978266 -6.0045923019892938e-05 -0.00054590508930487639 1.0597769393057517e-05 0.00026365220009955814
leaf_weight=2948 50727 124 1591 250 1631 542 60388 3476 113 119 1568 3611 4188 309 31863 100 17029 191 101 13668 118 685 864 473 109 206 1574 545 1030 2595
leaf_count=2948 50727 124 1591 250 1631 542 60388 3476 113 119 1568 3611 4188 309 31863 100 17029 191 101 13668 118 685 864 473 109 206 1574 545 1030 2595
internal_value=8.92181e-14 1.11229e-05 2.75079e-05 1.68048e-05 5.98955e-05 0.000394457 -2.06004e-05 4.64829e-05 -4.17355e-05 0.000739644 -9.75785e-05 -0.000108234 -2.49446e-05 -0.000385569 -5.36558e-05 0.000496305 -8.30132e-05 0.000817239 3.43858e-05 6.37785e-05 0.00103896 4.88991e-05 0.000216575 0.000352946 0.000645684 0.000258136 -0.000156568 -0.000383663 0.000144304 0.00019175
internal_weight=202736 167925 128189 121321 56376 2173 64945 54203 39736 369 22921 22517 64576 1877 34811 404 20640 291 16815 14572 219 14353 6868 2379 582 1797 2243 669 4489 3625
internal_count=202736 167925 128189 121321 56376 2173 64945 54203 39736 369 22921 22517 64576 1877 34811 404 20640 291 16815 14572 219 14353 6868 2379 582 1797 2243 669 4489 3625
is_linear=0
shrinkage=0.02


Tree=287
num_leaves=31
num_cat=0
split_feature=5 43 10 9 10 7 44 43 13 14 9 9 44 14 10 10 43 12 10 12 45 9 10 6 6 13 10 9 13 32
split_gain=0.297665 0.391395 0.531547 0.53684 0.443548 0.379765 0.3685 0.387367 0.402684 0.353599 0.324575 0.312461 0.299921 0.253568 0.245056 0.408512 0.244579 0.28108 0.260262 0.215411 0.203763 0.594612 0.237634 0.201147 0.19563 0.153333 0.143529 0.163121 0.151653 0.125293
threshold=-0.25999999999999962 7.8599999999962167 -138.12749999999997 -47.567499999999988 104.706 1.0085157410481429 -2.0460982385445017 14.420000000002622 1.2030666666666683 2.8280666666666687 1.5260000000000027 -4.2610000000000019 2.7704034032640541 3.1651000000000011 55.133999999999993 13.426999999999987 28.550000000000001 7.2576000000000045 -209.34899999999996 0.60100000000000253 0.015311504213781755 -6.6859999999999964 -27.02150000000001 -0.52054999999999974 -0.84406666666666685 0.58386666666666798 -5.2390000000000212 -24.681499999999996 5.4989333333333343 -0.006808781001779945
decision_type=2 2 2 2 2 2 2 2 2 2 2 2 2 2 2 2 2 2 2 2 2 2 2 2 2 2 2 2 2 2
left_child=16 2 11 12 9 6 19 10 -9 -5 -8 -2 -4 24 15 -15 17 18 23 -3 21 -20 -22 -1 -7 -6 27 28 -18 -30
right_child=1 5 3 4 25 13 7 8 -10 -11 -12 -13 -14 14 -16 -17 26 -19 20 -21 22 -23 -24 -25 -26 -27 -28 -29 29 -31
leaf_value=0.0010344011188877344 7.9871683686586289e-05 -0.00013118692653671163 -0.00040908868885201731 -6.2115272696650643e-06 0.0011915440014692853 -0.00088949456631432281 0.00018173359403770195 0.00054283695557248376 2.7231050624109997e-05 0.00094650872564064532 2.3089677983383203e-06 0.0014413982350379229 -0.0016301388588277096 0.00029376581701634648 -0.00026837283031516532 0.0016709764655276488 0.00073828669184909136 -0.00080783357918881831 -0.00052211540212742074 -0.0013174027796803956 5.2108708195522296e-05 -2.0751224468705079e-05 -8.4024325915216209e-05 -6.7214587276491025e-05 -3.0231815810187646e-05 0.00024137781817591886 0.00099485252555903234 -0.00042408665659648362 0.0005172028538017046 -0.00042166937750035655
leaf_weight=153 116 145 334 139657 162 107 9168 1735 931 156 7200 161 106 502 206 104 227 203 1457 106 7162 2699 18070 117 11168 117 105 133 105 124
leaf_count=153 116 145 334 139657 162 107 9168 1735 931 156 7200 161 106 502 206 104 227 203 1457 106 7162 2699 18070 117 11168 117 105 133 105 124
internal_value=-1.26732e-13 1.02089e-05 -4.02429e-06 -5.74949e-06 -3.55878e-06 7.40924e-05 0.000129182 0.000139221 0.000362781 -5.1485e-06 0.000102808 0.000871228 -0.000703251 -1.38031e-05 0.000327546 0.000530119 -5.75281e-05 -6.61544e-05 -6.10779e-05 -0.000632139 -6.67567e-05 -0.000196518 -4.53835e-05 0.000557034 -3.83862e-05 0.000793087 0.00031364 0.000192202 0.000371953 8.81789e-06
internal_weight=202736 172181 140809 140532 140092 31372 19285 19034 2666 139813 16368 277 440 12087 812 606 30555 29861 29658 251 29388 4156 25232 270 11275 279 694 589 456 229
internal_count=202736 172181 140809 140532 140092 31372 19285 19034 2666 139813 16368 277 440 12087 812 606 30555 29861 29658 251 29388 4156 25232 270 11275 279 694 589 456 229
is_linear=0
shrinkage=0.02


Tree=288
num_leaves=31
num_cat=0
split_feature=44 10 6 44 13 33 9 10 42 44 6 13 10 9 45 45 10 9 9 6 29 10 10 6 10 31 10 9 9 45
split_gain=0.293925 0.48977 0.567928 0.556294 0.657172 0.713186 0.537284 0.32387 0.538762 0.321743 0.302952 0.410393 0.359397 0.349468 1.43342 0.913201 1.25701 0.812319 0.688447 0.675877 0.328273 0.320727 0.510161 0.352465 0.283853 0.286737 0.271437 0.518776 0.386384 0.269819
threshold=-0.89482373785314351 -76.424999999999997 -0.3111833333333337 -1.9792255045004414 0.25120000000000159 -0.023485209199744738 -19.967499999999987 17.378499999999985 0.27373762237794691 -1.2166341907899294 -0.84406666666666685 3.5299000000000018 41.135499999999986 -2.975499999999986 0.021502557962983615 0.019484403948367948 -30.059000000000015 5.2260000000000186 -28.497999999999994 -0.013933333333333419 -0.134413507314568 -138.12749999999997 -89.687499999999986 -1.6954000000000005 -209.34899999999996 90.299999999995649 -37.220500000000008 4.3740000000000121 -23.175499999999992 0.032215568862177621
decision_type=2 2 2 2 2 2 2 2 2 2 2 2 2 2 2 2 2 2 2 2 2 2 2 2 2 2 2 2 2 2
left_child=1 3 7 -1 -5 9 -7 -3 -9 -6 20 13 24 14 18 17 -17 -15 -12 -16 -2 -22 -23 -24 -13 -26 27 29 -28 -4
right_child=10 2 26 4 5 6 -8 8 -10 -11 11 12 -14 15 19 16 -18 -19 -20 -21 21 22 23 -25 25 -27 28 -29 -30 -31
leaf_value=-0.00052514969077124753 0.00037764639921946704 -0.00037722640453458035 -0.00013269349811081101 -0.0005808892563408148 0.00078337862436632507 0.00020986674314967002 0.001680022886530839 -0.00033247938374530127 0.0015279347463743763 -0.00073750921191208924 -0.00086446482737077661 -0.00027187481911419636 -1.9342009044636654e-05 8.431253796110596e-07 4.0098444757129327e-05 -0.00033575902161734949 -4.3986617829036028e-05 0.00027122000594798654 -0.00013610417522803847 0.00023561491776925942 0.00020331693355927019 -0.0011197804367208543 -0.0009376701698045356 -0.0001435498033537757 0.0010761547858806762 -4.7536940546706321e-05 0.0011032995475451807 0.00081033099499852254 3.1657776875825977e-05 0.00029088933372786073
leaf_weight=188 327 1882 1042 141 103 133 394 165 100 121 545 108 561 15700 33597 6480 66701 6200 10916 8958 427 330 263 1491 447 114 135 514 43230 1423
leaf_count=188 327 1882 1042 141 103 133 394 165 100 121 545 108 561 15700 33597 6480 66701 6200 10916 8958 427 330 263 1491 447 114 135 514 43230 1423
internal_value=-1.44334e-14 4.233e-05 3.29481e-05 0.000463571 0.000671957 0.000907178 0.001309 -0.000285052 0.000369564 -3.81724e-05 -1.36999e-05 -9.8351e-06 0.000353991 -1.28365e-05 2.77877e-05 -3.59154e-05 -6.98224e-05 7.73882e-05 -0.00017074 8.12555e-05 -0.000218415 -0.000296038 -0.000398353 -0.000262623 0.000667055 0.000847811 4.76802e-05 0.000232353 3.49939e-05 0.000111833
internal_weight=202736 49571 48491 1080 892 751 527 2147 265 224 153165 150327 1230 149097 54016 95081 73181 21900 11461 42555 2838 2511 2084 1754 669 561 46344 2979 43365 2465
internal_count=202736 49571 48491 1080 892 751 527 2147 265 224 153165 150327 1230 149097 54016 95081 73181 21900 11461 42555 2838 2511 2084 1754 669 561 46344 2979 43365 2465
is_linear=0
shrinkage=0.02


Tree=289
num_leaves=31
num_cat=0
split_feature=44 14 10 9 44 44 15 43 10 14 9 0 14 44 10 13 9 6 44 14 44 10 10 44 6 43 9 44 10 15
split_gain=0.293063 0.317298 0.428534 0.637482 0.483429 1.00519 0.346357 0.503611 0.531987 0.507817 0.391136 0.350401 0.280876 0.251073 0.250705 0.293756 0.268753 0.236819 0.214533 0.207148 0.22292 0.183805 0.162359 0.151757 0.124477 0.165774 0.167902 0.122863 0.115788 0.247188
threshold=3.6600125406477528 3.1651000000000011 57.764499999999991 -47.567499999999988 0.40228200762313032 2.1876406604074967 1.1966433678754129 5.5600000000020389 104.706 0.29813333333333447 2.2770000000000015 -0.0069999999999999932 1.0885166666666681 1.1609765836092667 42.282999999999987 1.8468333333333347 -7.110499999999992 0.019599999999999607 -0.75985967929795561 3.7055333333333342 1.454386659822011 9.3559999999999928 -15.830500000000018 1.721909917657346 0.0038999999999992803 19.539999999997963 -39.987999999999978 1.0363801510215607 -19.384500000000013 7.2229586547185534
decision_type=2 2 2 2 2 2 2 2 2 2 2 2 2 2 2 2 2 2 2 2 2 2 2 2 2 2 2 2 2 2
left_child=1 6 3 19 17 -6 7 8 11 18 -11 -1 13 21 15 -14 -16 -5 -9 27 -21 -8 -15 -4 25 26 -2 -3 29 -27
right_child=24 2 23 4 5 -7 12 9 -10 10 -12 -13 14 22 16 -17 -18 -19 -20 20 -22 -23 -24 -25 -26 28 -28 -29 -30 -31
leaf_value=2.9803508295359452e-05 -0.0013431460827668742 -6.8548131003626629e-05 -0.00087863562195758581 0.00067997309534733252 0.0016581199176682276 -4.2725113956170253e-05 -2.0014958410029282e-05 6.7171628213376214e-05 0.0010294182026789676 0.00014228014176679337 1.4942315944008521e-05 -4.0333539670083044e-05 0.00021445728133023839 -0.00044245432867120289 -0.00098020383483977827 -5.262612055530104e-05 -0.00010719898317805748 -0.00062395955562048278 -0.00014135875544304106 -0.00032099840028507984 0.00045163456328138098 -0.00016235893790643083 -0.00016543170050131948 -4.7812190978259685e-05 -6.6516091357364217e-05 0.00066155961373154436 -0.00046852729908728396 -0.0010599623953457921 -0.00068769225709838788 -0.00053182593675760127
leaf_weight=46263 111 100 142 104 400 213 10748 2942 196 25303 15596 74176 3471 1157 158 3135 1315 120 5994 234 413 5478 3151 231 686 149 420 100 100 130
leaf_count=46263 111 100 142 104 400 213 10748 2942 196 25303 15596 74176 3471 1157 158 3135 1315 120 5994 234 413 5478 3151 231 686 149 420 100 100 130
internal_value=7.83671e-14 2.14197e-06 0.000249265 0.000385125 0.000776571 0.00106712 -4.11407e-07 1.03963e-05 -1.16982e-05 6.38802e-05 9.37225e-05 -1.33925e-05 -6.48013e-05 -0.000104106 3.50983e-05 8.77079e-05 -0.000200841 -1.85623e-05 -7.27043e-05 -1.69965e-06 0.000172197 -6.80712e-05 -0.000239832 -0.000364104 -0.000269947 -0.000423302 -0.000651357 -0.000564255 -0.000103784 0.000105502
internal_weight=202736 201140 2057 1684 837 613 199083 170470 120635 49835 40899 120439 28613 20534 8079 6606 1473 224 8936 847 647 16226 4308 373 1596 910 531 200 379 279
internal_count=202736 201140 2057 1684 837 613 199083 170470 120635 49835 40899 120439 28613 20534 8079 6606 1473 224 8936 847 647 16226 4308 373 1596 910 531 200 379 279
is_linear=0
shrinkage=0.02


Tree=290
num_leaves=31
num_cat=0
split_feature=34 45 41 41 15 45 34 14 13 12 13 35 38 6 13 20 17 34 4 14 7 14 5 6 15 6 13 6 32 6
split_gain=0.292709 0.543053 0.549309 0.491345 0.486669 0.350784 0.312025 0.307852 0.3994 0.344843 0.379337 0.29975 0.275966 0.397572 0.270925 0.256149 0.301806 0.235786 0.232662 0.232541 0.232223 0.223598 0.204573 0.159831 0.154073 0.142218 0.141104 0.152583 0.130476 0.130147
threshold=-0.015577675985557123 0.036283128646484607 40.375586851821545 36.100334046305768 0.45903458472793363 0.078478056453778297 -0.0083412514778857753 0.6446666666666665 0.73540000000000028 1.4642000000000037 0.58386666666666798 -6.0400000000008722 37.500000000000007 -1.6954000000000005 0.31073333333333597 4.9000000000014561 0.59605311562714625 0.029760035341525631 0.47580000000000128 0.4985666666666681 1.6208414170543979 0.3003666666666675 -0.26669999999999866 -0.3111833333333337 0.49736219195530545 -0.52054999999999974 1.3439000000000021 -0.42363333333333325 0.006940220473497489 0.011599999999999758
decision_type=2 2 2 2 2 2 2 2 2 2 2 2 2 2 2 2 2 2 2 2 2 2 2 2 2 2 2 2 2 2
left_child=1 22 5 14 6 12 19 8 17 10 -9 -4 13 -3 -2 16 -8 -6 -10 -5 -11 -17 24 -21 -1 -16 27 -7 -14 -13
right_child=3 2 11 4 7 26 15 9 18 20 -12 29 28 -15 25 21 -18 -19 -20 23 -22 -23 -24 -25 -26 -27 -28 -29 -30 -31
leaf_value=-0.00030811674917422492 -4.9058263943578443e-05 -0.00092009300758945757 -0.00014937470649523688 9.3807896751026522e-05 -3.7449469354646301e-05 -0.00040079650925016491 1.8226015885630123e-05 -0.00013312523395868678 -0.00044816878124713619 -0.0003174805557734504 0.00011986990803628382 0.00031155137291952005 0.00030772341052051275 2.3642516227685163e-05 -0.00080631108019068578 -1.0495285976702194e-05 -0.00012041480633306068 -0.00018594532085610443 -8.1589857190726651e-05 4.7272175084188423e-06 -4.1570656392110008e-05 0.00015127853056618831 2.0700931459396597e-06 0.00046981732668774281 -7.8206666524423995e-05 -0.00019201241705344701 0.00072944546175435958 0.00027350917167050535 -0.00037328257967146784 0.00063081401459628376
leaf_weight=1581 11460 180 521 4875 25827 143 48454 2968 1794 1524 11778 3249 1809 22261 154 5310 7216 5126 1128 381 6121 9589 13219 1318 4441 7141 253 2189 120 606
leaf_count=1581 11460 180 521 4875 25827 143 48454 2968 1794 1524 11778 3249 1809 22261 154 5310 7216 5126 1128 381 6121 9589 13219 1318 4441 7141 253 2189 120 606
internal_value=7.88683e-14 4.16853e-05 9.3045e-05 -1.38542e-05 -3.79058e-07 5.93031e-05 3.22443e-05 -4.51071e-05 -8.31413e-05 1.24344e-05 6.89483e-05 0.000300887 3.5805e-05 1.60728e-05 -0.000109706 1.99675e-05 2.55257e-07 -6.20413e-05 -0.000306656 0.00016403 -9.65722e-05 9.36224e-05 -4.1946e-05 0.000365521 -0.000138567 -0.00020498 0.000280831 0.00023216 0.000265359 0.000361739
internal_weight=202736 50572 31331 152164 133409 26955 77143 56266 33875 22391 14746 4376 24370 22441 18755 70569 55670 30953 2922 6574 7645 14899 19241 1699 6022 7295 2585 2332 1929 3855
internal_count=202736 50572 31331 152164 133409 26955 77143 56266 33875 22391 14746 4376 24370 22441 18755 70569 55670 30953 2922 6574 7645 14899 19241 1699 6022 7295 2585 2332 1929 3855
is_linear=0
shrinkage=0.02


Tree=291
num_leaves=31
num_cat=0
split_feature=42 34 45 41 6 9 45 14 45 9 10 44 9 14 13 9 45 10 14 34 6 10 9 6 36 6 10 44 45 9
split_gain=0.290436 0.561523 0.487088 0.466499 0.423338 0.478411 0.911431 0.635921 0.598774 0.757253 0.593858 0.54292 0.422773 0.399357 0.691618 0.523225 0.608974 0.410229 0.37712 0.355819 0.352397 0.330205 0.32686 0.416016 0.298106 0.280931 0.216195 0.214775 0.184812 0.17728
threshold=0.030622980807080466 -0.013109834616530315 0.033189892578358263 24.955907740178521 -0.067866666666666853 -3.3190000000000004 0.051659502975275114 0.43381666666666746 0.02777777777774321 4.2769999999999904 -68.760000000000005 -0.53818578318979238 21.07200000000001 1.3451000000000015 1.2327000000000006 -17.12949999999999 0.052563635344036706 53.005499999999991 1.2694166666666675 0.027967676773960847 -0.46740000000000015 28.566499999999987 7.1985000000000046 0.048099999999999234 30.500000000000004 -0.3891500000000005 -5.4410000000000132 -0.45259561359034239 0.056871819700567962 -7.110499999999992
decision_type=2 2 2 2 2 2 2 2 2 2 2 2 2 2 2 2 2 2 2 2 2 2 2 2 2 2 2 2 2 2
left_child=24 2 12 -4 13 6 10 -8 9 -7 -6 -10 29 14 17 20 -17 -3 21 -16 -15 -14 23 -5 25 -1 -27 -24 -26 -2
right_child=1 4 3 22 5 8 7 -9 11 -11 -12 -13 18 15 19 16 -18 -19 -20 -21 -22 -23 27 -25 28 26 -28 -29 -30 -31
leaf_value=-0.00048423771686919703 -0.00019724936717131596 -9.2745715238378053e-05 2.0402993977225474e-05 0.00017616009914385008 -0.00051766206266611492 -6.2364266015729352e-06 0.00014738990716288254 0.00058877712353849472 2.1474355162629881e-05 0.00021299159874247454 4.1549792900831409e-05 -9.5462352235858226e-05 0.0018100136774592101 -0.00023988777723793768 -0.00044423859216768843 0.00080408111961508585 -0.00022354300754428617 0.00037420323070296095 -3.7314254577133871e-05 -0.0014703312592324505 0.00036560968531402295 0.0004708995871549966 0.00034239560272053717 0.00053136595119859732 -6.3603612642119905e-06 -3.0305840553950101e-06 -0.00018185844750829734 -0.00023656618685770299 0.00034895526865531395 -1.3307072419577523e-05
leaf_weight=832 2554 27183 12054 14486 814 19875 3479 2090 27579 9229 11368 37444 118 1294 936 761 331 774 278 158 547 196 332 1451 1960 4835 6136 1124 835 11683
leaf_count=832 2554 27183 12054 14486 814 19875 3479 2090 27579 9229 11368 37444 118 1294 936 761 331 774 278 158 547 196 332 1451 1960 4835 6136 1124 835 11683
internal_value=1.17583e-13 6.66804e-06 6.89503e-05 0.000116025 -1.25004e-05 5.84364e-06 0.00010108 0.000313039 -1.21166e-05 6.32817e-05 4.18331e-06 -4.58646e-05 -2.45288e-05 -7.66667e-05 -9.9122e-05 0.000145751 0.000492594 -7.98181e-05 0.000499163 -0.000592431 -5.99817e-05 0.000974134 0.000182294 0.0002085 -8.59372e-05 -0.000129918 -0.000103048 -0.00010455 9.97894e-05 -4.63048e-05
internal_weight=202736 188138 44276 29447 143862 111878 17751 5569 94127 29104 12182 65023 14829 31984 29051 2933 1092 27957 592 1094 1841 314 17393 15937 14598 11803 10971 1456 2795 14237
internal_count=202736 188138 44276 29447 143862 111878 17751 5569 94127 29104 12182 65023 14829 31984 29051 2933 1092 27957 592 1094 1841 314 17393 15937 14598 11803 10971 1456 2795 14237
is_linear=0
shrinkage=0.02


Tree=292
num_leaves=31
num_cat=0
split_feature=43 4 42 41 34 45 34 44 45 10 6 5 10 14 34 41 10 10 10 45 36 6 10 10 14 44 13 44 7 43
split_gain=0.287646 0.351562 0.40062 0.324761 0.442626 0.428308 0.295936 0.287942 0.259381 0.187553 0.267896 0.238857 0.421383 0.270846 0.146856 0.133675 0.165649 0.34186 0.160676 0.392605 0.156697 0.129343 0.14555 0.182127 0.138533 0.1411 0.116509 0.11612 0.120714 0.110486
threshold=0.96000000000203733 -0.21059999999999554 0.88500624469179656 26.855995260359688 -0.023774771044866732 0.030957533153107088 -0.065533267403222698 1.6212821392225631 0.078478056453778297 -209.34899999999996 -0.52054999999999974 -1.4863999999999982 1.7389999999999826 3.1651000000000011 -0.039098643162973637 83.280909469160562 -72.730999999999995 -58.759000000000007 -89.687499999999986 0.020157626970778383 32.500000000000007 -0.25213333333333382 -17.860000000000024 -68.760000000000005 0.082966666666668035 -2.0460982385445017 0.39346666666666713 3.6600125406477528 6.8358087532284095 23.319999999999713
decision_type=2 2 2 2 2 2 2 2 2 2 2 2 2 2 2 2 2 2 2 2 2 2 2 2 2 2 2 2 2 2
left_child=21 6 3 8 5 -5 26 -6 14 10 -8 12 -11 -13 -3 18 -17 -18 19 -4 -20 -1 23 -23 -25 -26 -2 29 -29 -28
right_child=1 2 15 4 7 -7 9 -9 -10 11 -12 13 -14 -15 -16 16 17 -19 20 -21 -22 22 -24 24 25 -27 27 28 -30 -31
leaf_value=-0.00032564283440500262 -0.00047191134820003872 4.4228984742242648e-05 0.0014412587955232384 -2.8344520765026671e-05 5.1305688693249568e-05 0.00029560697006486612 0.0012557794776947135 -6.0126041002120976e-05 0.00023868349318420753 -0.00058293596577035109 -9.1188625596394683e-05 -6.0604528778906909e-05 0.00043020031868833868 0.00042933050927485591 -9.599558434081695e-05 -0.00080035197345672976 0.0010008187280010051 -0.00012208099854374392 -7.1161328382405652e-06 1.1969944445898275e-06 -0.00020097080608478006 -0.00063116678067902767 -9.3653658759380561e-05 0.00072822140548170727 0.00076704843480009913 3.7353664522546696e-05 0.00015035456996265092 0.00014419261198456108 -0.00077406507757259537 0.00047941335184988889
leaf_weight=809 115 3917 103 2350 83685 5347 105 10432 1227 780 135 36449 208 457 12589 140 110 7693 15035 286 1876 142 13403 135 111 2353 1997 134 100 513
leaf_count=809 115 3917 103 2350 83685 5347 105 10432 1227 780 135 36449 208 457 12589 140 110 7693 15035 286 1876 142 13403 135 111 2353 1997 134 100 513
internal_value=-7.40672e-14 7.19638e-06 2.18355e-05 3.71227e-05 5.08799e-05 0.0001967 -4.45098e-05 3.89545e-05 -4.18643e-05 -5.92236e-05 0.00049811 -6.27534e-05 -0.000369644 -5.45378e-05 -6.27192e-05 -5.05625e-05 -0.000118485 -0.000106251 -1.93769e-05 0.000382499 -2.86212e-05 -7.8863e-05 -6.64965e-05 6.62969e-05 0.000104404 7.02255e-05 0.000151746 0.000177884 -0.000248225 0.000217608
internal_weight=202736 185783 144790 119547 101814 7697 40993 94117 17733 38134 240 37894 988 36906 16506 25243 7943 7803 17300 389 16911 16953 16144 2741 2599 2464 2859 2744 234 2510
internal_count=202736 185783 144790 119547 101814 7697 40993 94117 17733 38134 240 37894 988 36906 16506 25243 7943 7803 17300 389 16911 16953 16144 2741 2599 2464 2859 2744 234 2510
is_linear=0
shrinkage=0.02


Tree=293
num_leaves=31
num_cat=0
split_feature=23 6 9 10 10 10 44 9 44 9 9 44 10 9 10 36 9 10 10 9 14 29 10 14 10 14 10 10 0 42
split_gain=0.284666 0.362029 0.549263 0.617833 0.595389 0.480633 0.477857 0.609605 0.897022 0.446223 0.41013 0.39274 0.352786 0.620162 0.337997 0.295112 0.287134 0.286206 0.296653 0.713261 0.486408 0.283017 0.248922 0.183325 0.18102 0.385574 0.223015 0.115554 0.120877 0.11024
threshold=0.84999999999854492 -0.27451666666666646 -8.4569999999999919 25.899999999999991 -27.620500000000018 -72.730999999999995 0.33298461535451623 55.303000000000004 2.1422487497984015 -17.737499999999979 26.659000000000002 -0.39055914974463007 -3.9395000000000207 12.978000000000005 -101.7825 37.500000000000007 -9.9359999999999893 82.286500000000004 -31.238000000000017 -9.2284999999999879 2.5471500000000016 0.033386947888058856 57.764499999999991 0.33450000000000019 -138.12749999999997 1.7400000000000009 -116.33499999999999 49.269499999999994 -0.73549999999999982 0.1887129578786205
decision_type=2 2 2 2 2 2 2 2 2 2 2 2 2 2 2 2 2 2 2 2 2 2 2 2 2 2 2 2 2 2
left_child=1 10 3 4 5 -3 12 14 -9 22 17 -11 13 -4 -8 24 29 18 19 -1 -20 -14 -5 -6 25 -2 -26 28 -28 -17
right_child=15 2 6 9 23 -7 7 8 -10 11 -12 -13 21 -15 -16 16 -18 -19 20 -21 -22 -23 -24 -25 26 -27 27 -29 -30 -31
leaf_value=-7.2168548549606066e-05 -0.00099060172841174869 -0.00012476458957964899 6.6566359211448848e-05 0.0015774730014637476 -0.00014707261327665314 0.00031815941570689207 0.00093017282740954588 0.0021795577418935652 4.0576498719177757e-05 0.00063336932945845135 0.00087622733526281755 -9.7545467753491595e-05 -3.3414463489271406e-05 -0.00040896855418240353 -7.2024779222276683e-05 0.00045658019304761158 -0.00022146539248778647 0.00071416771298219621 -0.00019505311095518348 0.00063788698273140401 0.00066147644609426443 9.902731231838952e-05 0.00036839539860831756 3.5968449597546101e-05 0.0009423127536536737 0.00018420128045486123 -2.7166769814214169e-05 -7.6939177330122987e-05 0.00020615701997559268 1.1539979330770578e-05
leaf_weight=5639 172 1228 45639 205 3191 4852 135 119 230 689 173 513 54381 1124 46190 402 1954 170 10610 629 272 7323 102 6968 146 319 1016 788 7058 499
leaf_count=5639 172 1228 45639 205 3191 4852 135 119 230 689 173 513 54381 1124 46190 402 1954 170 10610 629 272 7323 102 6968 146 319 1016 788 7058 499
internal_value=-1.29489e-14 -6.03703e-06 2.73576e-06 0.000108132 7.21607e-05 0.0002287 -9.32149e-06 -6.28305e-05 0.000769914 0.000495235 -9.27413e-05 0.000321423 1.37038e-05 5.51364e-05 -6.91042e-05 9.3034e-05 -8.52678e-05 -0.00010242 -0.000110514 -9.13774e-07 -0.000173644 -1.76963e-05 0.00117576 -2.15258e-05 0.000146624 -0.000227339 0.000167008 0.000154235 0.000176796 0.000210104
internal_weight=202736 190382 172889 17748 16239 6080 155141 46674 349 1509 17493 1202 108467 46763 46325 12354 2855 17320 17150 6268 10882 61704 307 10159 9499 491 9008 8862 8074 901
internal_count=202736 190382 172889 17748 16239 6080 155141 46674 349 1509 17493 1202 108467 46763 46325 12354 2855 17320 17150 6268 10882 61704 307 10159 9499 491 9008 8862 8074 901
is_linear=0
shrinkage=0.02


Tree=294
num_leaves=31
num_cat=0
split_feature=42 5 9 10 13 10 10 13 9 45 45 44 9 45 10 5 9 10 43 7 9 13 10 12 14 45 12 39 44 5
split_gain=0.277641 0.399346 0.317811 0.470442 0.513115 0.604241 0.529863 0.376367 0.319902 0.411287 0.407321 0.284947 0.469863 0.520755 0.440256 0.412229 0.384039 0.401384 0.272859 0.258692 0.242896 0.193343 0.188506 0.106362 0.138627 0.116299 0.136478 0.147521 0.121414 0.0986435
threshold=0.98293449917024056 0.084200000000000469 -47.567499999999988 -89.687499999999986 2.3460000000000027 -166.39949999999996 -138.12749999999997 1.1463000000000012 2.3539999999999979 0.0095915211452475332 0.019150545480394212 -0.09187511517335252 -12.101999999999991 0.0095915211452475332 104.706 -2.7461999999999964 55.303000000000004 91.561999999999998 1.8400000000008732 0.91127932048902516 -28.497999999999994 0.55066666666666697 -116.33499999999999 0.63380000000000336 0.54916666666666825 0.067217266334067591 0.27000000000000551 3.5000000000000004 -0.70926493266420487 0.16609999999999989
decision_type=2 2 2 2 2 2 2 2 2 2 2 2 2 2 2 2 2 2 2 2 2 2 2 2 2 2 2 2 2 2
left_child=1 11 7 4 6 -6 -4 -3 10 -10 -5 14 13 20 18 -15 22 -18 21 -20 -13 -1 -14 24 -2 26 27 -26 -28 -25
right_child=23 2 3 8 5 -7 -8 -9 9 -11 -12 12 16 15 -16 -17 17 -19 19 -21 -22 -23 -24 29 25 -27 28 -29 -30 -31
leaf_value=-3.8021929322758031e-05 -7.6672448699883334e-05 -0.0010909949075430631 6.9586753834027787e-05 -4.6639881042107141e-05 0.00061589193056329149 -0.0015164822895152898 0.0010917626463279651 -2.613910585486466e-05 0.0002558101829852676 -2.1574804367719327e-05 0.00014394296918260034 -0.0010680015875808144 0.00051670234221159962 -0.00041494934720110816 0.00083333131948876702 0.0001399650224431395 0.0015713646430632598 -0.0001229474237576748 5.335286875242357e-05 -5.8277510954812333e-05 -0.00022504445936279618 -0.00030616509486278967 -7.820347498061648e-05 -0.00035799100028142212 0.00028700316619506338 -0.00036922658907494302 0.00081711255967313655 -0.00073536738995370443 0.00022516503209425582 -0.00012179173670937066
leaf_weight=18502 6612 210 333 5836 111 102 519 361 2333 25601 19387 192 214 567 261 9634 116 108 45673 10149 475 1142 48163 848 128 137 198 101 462 4261
leaf_count=18502 6612 210 333 5836 111 102 519 361 2333 25601 19387 192 214 567 261 9634 116 108 45673 10149 475 1142 48163 848 128 137 198 101 462 4261
internal_value=1.80278e-14 6.06243e-06 5.16094e-05 5.65523e-05 0.000472751 -0.000405245 0.00069225 -0.000417767 4.82138e-05 1.59192e-06 9.98466e-05 -1.23971e-05 -4.51621e-05 7.37205e-05 1.33335e-05 0.000109121 -7.17463e-05 0.000754464 1.04975e-05 3.30573e-05 -0.000467695 -5.36104e-05 -7.55719e-05 -9.03581e-05 -4.31086e-05 0.000173192 0.000256782 -0.000163911 0.000402749 -0.000160996
internal_weight=202736 189989 54793 54222 1065 213 852 571 53157 27934 25223 135196 59469 10868 75727 10201 48601 224 75466 55822 667 19644 48377 12747 7638 1026 889 229 660 5109
internal_count=202736 189989 54793 54222 1065 213 852 571 53157 27934 25223 135196 59469 10868 75727 10201 48601 224 75466 55822 667 19644 48377 12747 7638 1026 889 229 660 5109
is_linear=0
shrinkage=0.02


Tree=295
num_leaves=31
num_cat=0
split_feature=34 45 9 6 45 10 6 31 41 9 10 9 6 10 43 10 14 31 42 6 10 43 42 44 10 9 34 45 44 44
split_gain=0.279969 0.758951 0.69103 1.06027 0.608328 0.525266 0.519402 0.48313 0.45872 0.435527 0.39127 0.382546 0.596588 0.808954 0.376932 0.371326 0.560612 0.329937 0.340642 0.309478 0.329568 0.591289 0.308004 0.27531 0.340175 0.298454 0.251002 0.320768 0.235551 0.179336
threshold=0.0018236664560350496 0.051360135937023245 5.58450000000001 0.10586666666666576 0.072818779544731357 -56.553500000000007 0.28451666666666625 7.3499999999985457 24.955907740178521 -0.27099999999998697 -2.0025000000000195 19.860500000000002 0.43916666666666654 28.566499999999987 3.0400000000008736 -8.0615000000000112 0.74421666666666753 9.5499999999956362 0.98293449917024056 -0.067866666666666853 -61.318499999999993 9.2199999999967996 0.27373762237794691 0.52416611102019528 -46.304500000000012 4.3740000000000121 0.0092113578576959523 0.036614491121884689 0.40228200762313032 2.1876406604074967
decision_type=2 2 2 2 2 2 2 2 2 2 2 2 2 2 2 2 2 2 2 2 2 2 2 2 2 2 2 2 2 2
left_child=1 7 3 8 17 -4 28 11 -3 -10 -8 23 13 -13 -5 16 -6 19 26 20 21 -2 -16 25 -25 -1 -19 -28 -7 -9
right_child=4 2 5 14 15 6 10 29 9 -11 -12 12 -14 -15 22 -17 -18 18 -20 -21 -22 -23 -24 24 -26 -27 27 -29 -30 -31
leaf_value=-4.0560136258673945e-05 0.0013728672514659759 -8.998374971489303e-06 -0.0015383300707875708 0.00016673205280384404 -0.00025204349099444126 -7.2956705800561588e-05 0.0014133271184601044 0.00022651240193650169 0.00018299771459310971 -3.5314673582446047e-05 0.00016198073097576358 0.0011542700783017952 -0.00023056580091691128 0.00012106414394555863 0.00046755109218150497 -9.7748346257855518e-05 -0.0010651687645657497 0.00015186251813501423 -8.0098647423342521e-05 -3.3858927490448572e-05 -0.0002597559204711319 -0.00030289800981889761 0.0011101727045526083 0.0002063876235674632 -0.00013876479457506944 9.7218311928661886e-05 8.5389327743465009e-05 -3.0407577746031746e-05 -0.00040771406304999583 -0.00025997538894654101
leaf_weight=36780 142 11999 107 558 2363 1928 122 3850 19623 4492 553 469 714 857 583 7575 396 7248 10993 21906 4366 207 611 1235 15200 7586 17919 20534 1491 329
leaf_count=36780 142 11999 107 558 2363 1928 122 3850 19623 4492 553 469 714 857 583 7575 396 7248 10993 21906 4366 207 611 1235 15200 7586 17919 20534 1491 329
internal_value=-2.21292e-15 2.17763e-05 8.83622e-05 0.000115362 -2.53661e-05 -0.000155002 -0.000118847 -2.00182e-05 9.20518e-05 0.000142332 0.00038815 -3.38658e-05 0.00023553 0.000486504 0.000595853 -0.000170102 -0.000368752 -7.41383e-06 1.98588e-05 -6.54957e-05 -0.000212481 0.000378932 0.000796397 -4.29046e-05 -0.000112828 -1.70018e-05 4.39028e-05 2.35535e-05 -0.000218942 0.000188213
internal_weight=202736 109087 42067 37866 93649 4201 4094 67020 36114 24115 675 62841 2040 1326 1752 10334 2759 83315 56694 26621 4715 349 1194 60801 16435 44366 45701 38453 3419 4179
internal_count=202736 109087 42067 37866 93649 4201 4094 67020 36114 24115 675 62841 2040 1326 1752 10334 2759 83315 56694 26621 4715 349 1194 60801 16435 44366 45701 38453 3419 4179
is_linear=0
shrinkage=0.02


Tree=296
num_leaves=31
num_cat=0
split_feature=37 17 17 34 1 42 17 10 6 7 37 17 44 16 34 33 45 41 10 33 17 17 37 18 17 0 43 5 6 30
split_gain=0.277526 0.472047 0.352227 0.618348 0.348763 0.400726 0.323781 0.296401 0.294807 0.27754 0.249352 0.262176 0.209082 0.204578 0.203104 0.398922 0.213407 0.182441 0.195219 0.167254 0.161397 0.19185 0.157412 0.147047 0.182326 0.15356 0.144688 0.133926 0.125111 0.11659
threshold=0.0059999999995500016 0.0040941809488453879 0.5399677216767812 -0.0330218690192755 377.03124568001311 0.11237309420794891 0.014769119336633021 -54.442500000000003 -0.29176666666666695 0.10600353757919777 0.0019999999998500007 0.0081920178644109016 3.1601215743280169 0.43546488806331984 0.021537784322291639 0.014519810209818041 0.030029728765684466 17.7596635133572 -101.7825 -0.03262113150890926 0.0056099051201039694 0.0050085336359833362 0.11299999999529169 99.999999958071115 0.22565687437293572 0.096499999999999961 33.810000000000592 -1.8697499999999989 -0.55223333333333302 -32.549999999995627
decision_type=2 2 2 2 2 2 2 2 2 2 2 2 2 2 2 2 2 2 2 2 2 2 2 2 2 2 2 2 2 2
left_child=1 -1 4 12 5 13 -7 -8 -3 22 20 -12 17 29 15 -11 -16 18 -4 -19 21 -10 -5 24 25 -6 27 -14 -26 -2
right_child=2 8 3 9 23 6 7 -9 10 14 11 -13 26 -15 16 -17 -18 19 -20 -21 -22 -23 -24 -25 28 -27 -28 -29 -30 -31
leaf_value=0.00011709927125707183 -0.00030660388691520807 -0.00035000643992928211 0.00076571512591585319 -0.00030494653928452156 -1.8398435056409883e-05 0.00046042121014773702 0.00026341904821398975 6.5060820402932184e-05 -0.00022903181518039263 -3.6668130691720096e-05 0.00010782849201579414 -6.9305210569181234e-05 -0.00093275217481277647 7.0849461890353424e-05 1.4921592837148138e-05 0.00018216309737460832 -0.00015118612744736328 9.1167682380332229e-05 -1.1375812299552577e-05 0.00029921849000396548 -0.00031733006000371386 1.7839076112998015e-05 0.00014425095674500108 0.00014573446936249184 -0.00079566798085030518 0.00013140664667251917 0.00030154470246805643 -0.00019480393687091932 -0.00010354802778701499 -8.4331524472217476e-05
leaf_weight=5584 1168 1572 135 2386 23551 895 3204 50620 2585 36201 4204 16307 128 3185 4363 3670 10635 2778 3069 3484 2104 2455 359 2137 106 3097 170 425 7238 4921
leaf_count=5584 1168 1572 135 2386 23551 895 3204 50620 2585 36201 4204 16307 128 3185 4363 3670 10635 2778 3069 3484 2104 2455 359 2137 106 3097 170 425 7238 4921
internal_value=-1.71111e-13 -5.13944e-05 1.06541e-05 -2.45444e-05 3.44907e-05 6.2538e-05 8.31421e-05 7.68686e-05 -8.35862e-05 -4.99438e-05 -6.8442e-05 -3.29993e-05 0.000119077 -5.9031e-05 -4.01255e-05 -1.65254e-05 -0.000102864 0.000144116 2.13668e-05 0.000206921 -0.000170201 -0.00010878 -0.000246199 -1.51879e-05 -2.53047e-05 -9.8826e-07 -0.000208743 -0.000365613 -0.000113538 -0.000126968
internal_weight=202736 34811 167925 67803 100122 63993 54719 53824 29227 57614 27655 20511 10189 9274 54869 39871 14998 9466 3204 6262 7144 5040 2745 36129 33992 26648 723 553 7344 6089
internal_count=202736 34811 167925 67803 100122 63993 54719 53824 29227 57614 27655 20511 10189 9274 54869 39871 14998 9466 3204 6262 7144 5040 2745 36129 33992 26648 723 553 7344 6089
is_linear=0
shrinkage=0.02


Tree=297
num_leaves=31
num_cat=0
split_feature=23 6 9 45 14 10 6 10 14 45 9 45 34 10 9 10 10 9 36 34 6 14 10 5 10 14 10 10 43 7
split_gain=0.271409 0.354637 0.530829 1.29849 0.683535 0.495992 0.485142 0.459667 0.399791 0.435641 0.391188 0.422272 0.344365 0.415921 0.312455 0.310208 0.303438 0.288192 0.278616 0.282994 0.223168 0.220562 0.310546 0.197442 0.177996 0.369385 0.211275 0.154576 0.152331 0.138107
threshold=0.84999999999854492 -0.266633333333334 -8.4569999999999919 0.022175141242939515 0.42790000000000089 57.764499999999991 -0.1383999999999998 9.9334999999999898 0.23190000000000055 0.069119083368890277 26.659000000000002 0.011384814444905264 -0.05842326121061308 82.286500000000004 4.2769999999999904 22.170499999999986 -3.3145000000000162 -23.175499999999992 37.500000000000007 -0.070498786730593274 -0.019266666666667352 0.23603333333333468 55.133999999999993 -2.7461999999999964 -138.12749999999997 1.7400000000000009 -116.33499999999999 17.378499999999985 8.4999999999956355 0.3518716385215897
decision_type=2 2 2 2 2 2 2 2 2 2 2 2 2 2 2 2 2 2 2 2 2 2 2 2 2 2 2 2 2 2
left_child=1 10 3 15 5 -5 -6 8 14 -10 11 17 23 -14 -4 16 -3 -1 24 -20 -17 29 -23 -13 25 -2 -26 -19 -21 -9
right_child=18 2 7 4 6 -7 -8 21 9 -11 -12 12 13 -15 -16 20 -18 27 19 28 -22 22 -24 -25 26 -27 -28 -29 -30 -31
leaf_value=-0.0010220559019242124 -0.00097498081610971233 -0.00019652336041466959 -6.9337340181199742e-05 1.0406568283287302e-05 0.00015306857378316182 0.0012989186767305508 0.00047113945060106143 6.783642979671511e-05 5.8700791092155823e-05 -8.609141732581247e-05 0.00084327618010718839 -0.00039164821651835248 -0.0001165295998797789 0.0010422407264402136 0.00012779481070481635 -1.5371629942238298e-06 -0.00070425525568767089 -0.00039451645864881178 0.0004336287249853076 -0.00043024087771215597 0.0011128632248154557 -0.00010062804967007129 6.850100151144467e-05 0.00021876121090112796 0.0009177469545560697 0.00017489396440935231 0.00015069290738133867 0.00018444596701491328 -6.8759177404021415e-05 -0.00010557379288620575
leaf_weight=261 172 2800 26946 5825 3606 122 4098 7529 64703 9537 178 236 14099 125 3652 219 566 1045 370 622 107 35036 4957 2081 146 319 8862 224 1863 2430
leaf_count=261 172 2800 26946 5825 3606 122 4098 7529 64703 9537 178 236 14099 125 3652 219 566 1045 370 622 107 35036 4957 2081 146 319 8862 224 1863 2430
internal_value=-7.35461e-14 -5.89478e-06 2.99306e-06 0.000107919 0.000197918 3.68398e-05 0.00032226 -8.76312e-06 1.50271e-05 4.01005e-05 -8.9729e-05 -9.89192e-05 -6.95156e-05 -0.000106346 -4.58088e-05 -0.000224847 -0.0002819 -0.000416804 9.08419e-05 -8.24047e-05 0.000364232 -5.86933e-05 -7.96651e-05 0.000156587 0.000142913 -0.000227913 0.000163125 -0.00029232 -0.000159239 2.55243e-05
internal_weight=202736 190382 172133 17343 13651 5947 7704 154790 104838 74240 18249 18071 16541 14224 30598 3692 3366 1530 12354 2855 326 49952 39993 2317 9499 491 9008 1269 2485 9959
internal_count=202736 190382 172133 17343 13651 5947 7704 154790 104838 74240 18249 18071 16541 14224 30598 3692 3366 1530 12354 2855 326 49952 39993 2317 9499 491 9008 1269 2485 9959
is_linear=0
shrinkage=0.02


Tree=298
num_leaves=31
num_cat=0
split_feature=5 34 41 33 34 6 40 34 34 41 10 14 6 42 44 6 10 44 10 7 43 44 29 6 42 41 35 34 41 42
split_gain=0.272131 0.366514 0.469988 0.328358 0.593081 0.397576 0.3961 0.320388 0.282284 0.286396 0.271221 0.253006 0.383782 0.302653 0.250018 0.248731 0.238204 0.23006 0.228868 0.228226 0.206793 0.263897 0.195399 0.184714 0.181396 0.202268 0.176025 0.197921 0.222054 0.191495
threshold=-0.25999999999999962 -0.004181939784246763 39.09774435920658 0.0061801159941639681 0.006838291719908041 -0.067866666666666853 78.320131194555429 -0.049350787179811471 -0.0330218690192755 15.999999999530234 -166.39949999999996 0.50240000000000118 -0.35843333333333355 0.19224846187522002 -0.58631613174443209 -0.19428333333333342 -54.442500000000003 3.6600125406477528 27.254499999999982 0.59482938730020118 23.319999999999713 1.186082127774355 0.017917638122721961 -0.14499999999999977 0.76818493761425255 39.865243182180031 -6.279999999991559 -0.011975645137521354 38.308457709456455 0.34517119269007307
decision_type=2 2 2 2 2 2 2 2 2 2 2 2 2 2 2 2 2 2 2 2 2 2 2 2 2 2 2 2 2 2
left_child=7 2 8 5 22 -3 19 17 9 -2 -8 -4 14 -14 -13 18 -17 20 -10 -6 -1 -22 23 -5 25 -7 -9 28 -28 -29
right_child=1 3 11 4 6 24 10 26 15 -11 -12 12 13 -15 -16 16 -18 -19 -20 -21 21 -23 -24 -25 -26 -27 27 29 -30 -31
leaf_value=6.7873908443139106e-05 -5.8661754293735416e-05 -0.00018581519837419246 6.8161317312414788e-05 -9.9631818413566337e-05 0.00011600628117002386 -0.00012426880988919189 0.00078280757366416928 -0.00026122897306082876 -0.00024478424874777374 0.00018250418750817159 -5.3138583695575291e-05 -0.00057004558697534185 -3.8656407800806738e-05 0.00032902733241491181 5.347145796519981e-05 0.00034863874412503586 -1.1933433934334595e-05 -0.00039950164767280051 0.00039286197589862411 -1.6120326846118775e-05 -4.3201809821184722e-05 0.00080026627747080458 0.00040937001926135959 0.00018763107490834749 -0.00019116010661783219 3.5345626840208084e-06 -5.7104719925125801e-05 -0.00026743322121464781 0.00015949833134407682 -7.8378181565764309e-05
leaf_weight=4802 2887 7435 13447 1081 12677 5846 156 2106 2780 6199 32225 314 1056 5891 1423 753 27410 376 245 8901 250 365 1280 5214 2520 32441 10193 3077 2325 7061
leaf_count=4802 2887 7435 13447 1081 12677 5846 156 2106 2780 6199 32225 314 1056 5891 1423 753 27410 376 245 8901 250 365 1280 5214 2520 32441 10193 3077 2325 7061
internal_value=-1.18327e-14 9.76117e-06 4.84626e-05 -1.22396e-05 1.83874e-05 -5.13053e-05 -4.87682e-06 -5.50054e-05 7.77592e-06 0.000105876 -4.91113e-05 0.000122504 0.000206653 0.000273136 -5.92426e-05 -2.08035e-05 -2.29274e-06 7.88908e-05 -0.00019314 6.15036e-05 0.000112097 0.000457393 0.000184106 0.000138301 -2.67977e-05 -1.59796e-05 -8.633e-05 -7.00722e-05 -1.68745e-05 -0.000135759
internal_weight=202736 172181 62405 109776 61534 48242 53959 30555 40274 9086 32381 22131 8684 6947 1737 31188 28163 5793 3025 21578 5417 615 7575 6295 40807 38287 24762 22656 12518 10138
internal_count=202736 172181 62405 109776 61534 48242 53959 30555 40274 9086 32381 22131 8684 6947 1737 31188 28163 5793 3025 21578 5417 615 7575 6295 40807 38287 24762 22656 12518 10138
is_linear=0
shrinkage=0.02


Tree=299
num_leaves=31
num_cat=0
split_feature=42 34 45 5 9 9 44 13 9 36 43 7 6 7 9 6 13 6 5 5 6 44 45 45 9 9 13 34 6 13
split_gain=0.270235 0.509049 0.444323 0.440832 0.385895 0.330809 0.292906 0.352661 0.331916 0.277098 0.266074 0.313792 0.253002 0.233847 0.292588 0.278248 0.229804 0.281013 0.220036 0.205162 0.195113 0.232486 0.185251 0.169917 0.168088 0.142267 0.180805 0.145523 0.141915 0.193305
threshold=0.030622980807080466 -0.013109834616530315 0.033189892578358263 -0.11700000000000012 21.07200000000001 -47.567499999999988 3.3560177182225739 0.35873333333333385 8.4470000000000081 35.500000000000007 0.96000000000203733 0.49746708431034248 -0.3891500000000005 0.24570225883764385 16.382000000000001 -0.16560000000000011 1.0937666666666683 -0.3891500000000005 -0.82029999999999836 -0.27360000000000068 0.43916666666666654 0.3499525441542814 0.079542358585530493 0.070745199532802783 -24.681499999999996 -0.53800000000000747 0.31073333333333597 -0.065533267403222698 -0.35843333333333355 5.4989333333333343
decision_type=2 2 2 2 2 2 2 2 2 2 2 2 2 2 2 2 2 2 2 2 2 2 2 2 2 2 2 2 2 2
left_child=9 2 4 13 19 16 7 22 -9 12 -7 -12 -1 -3 18 -16 17 -5 -15 -2 21 -6 -4 -11 -21 -14 -27 -28 29 -8
right_child=1 3 6 5 20 10 28 8 -10 23 11 -13 25 14 15 -17 -18 -19 -20 24 -22 -23 -24 -25 -26 26 27 -29 -30 -31
leaf_value=-0.00044223101206231487 -0.00017816674942577418 1.8375126780318604e-05 -1.4550628464843844e-06 -0.0016446410830529337 0.001391981498741392 -7.9324696613147972e-05 -0.00069316469256009057 0.0001963266310371101 -0.00012715779690868152 7.205908698796663e-05 4.4362564796635093e-05 -2.6465893308344927e-05 -3.4192644420826787e-05 -0.0004087678218584515 0.0011927261831399794 9.3430470498828312e-05 -5.0667335209362331e-05 -0.00041375801412615621 -0.00012452155160651461 -0.00060561259796853228 -0.00010977724675840142 0.00038684754219564662 0.00028906223416433742 0.00073688200293796097 9.0533556060805568e-06 -5.2594242868665823e-05 0.00037945689304086215 -0.00033179528658033744 0.00020454983797665556 0.00018999662287637537
leaf_weight=904 3467 6137 9253 108 134 12848 381 17170 1370 2088 64923 40708 6592 1167 102 949 313 237 16370 181 164 294 970 166 10589 2381 121 2346 169 134
leaf_count=904 3467 6137 9253 108 134 12848 381 17170 1370 2088 64923 40708 6592 1167 102 949 313 237 16370 181 164 294 970 166 10589 2381 121 2346 169 134
internal_value=1.93967e-14 6.43197e-06 6.57327e-05 -1.18189e-05 -2.35484e-05 4.13031e-06 0.000110693 0.00012042 0.000172423 -8.28947e-05 6.61394e-06 1.70667e-05 -0.00012013 -8.86697e-05 -0.000124012 0.000200118 -0.000443071 -0.000799078 -0.000143437 -4.4353e-05 0.000476782 0.000701539 2.61104e-05 0.000121021 -1.27669e-06 -9.46768e-05 -0.000176919 -0.00029691 -0.000298344 -0.000463371
internal_weight=202736 188138 44276 143862 14829 119137 29447 28763 18540 14598 118479 105631 12344 24725 18588 1051 658 345 17537 14237 592 428 10223 2254 10770 11440 4848 2467 684 515
internal_count=202736 188138 44276 143862 14829 119137 29447 28763 18540 14598 118479 105631 12344 24725 18588 1051 658 345 17537 14237 592 428 10223 2254 10770 11440 4848 2467 684 515
is_linear=0
shrinkage=0.02


end of trees

feature_importances:
cvd_300=1453
volume_ma30=1122
dist_from_ma30=967
volatility_regime=837
cvd_60=796
trend_strength=752
atr_5=607
net_flow_ma30=547
net_flow_ma10=287
rsi_14=286
volume_ma15=210
bb_position=146
volume_ma5=117
net_flow_std5=112
volume_std5=98
net_flow_ma5=97
price_change_pct_15=81
momentum_15=64
relative_volume=54
dist_from_ma15=50
trade_count=39
hl_range=30
buy_sell_ratio=25
total_volume=25
upper_wick=20
ma5_slope=19
rsi_5=18
net_flow=16
sell_volume_pct=16
lower_wick=16
momentum_5=14
dist_from_ma5=14
order_flow_imbalance=12
avg_trade_size=12
trade_frequency=10
volume_surge=6
price_change_pct_1=5
price_change_pct_5=5
body_to_range_ratio=4
tick_momentum=4
price_velocity=3
aggressive_buy_ratio=1
buy_volume_pct=1
oc_diff=1
price_acceleration=1

parameters:
[boosting: gbdt]
[objective: regression]
[metric: l2]
[tree_learner: serial]
[device_type: cpu]
[data_sample_strategy: bagging]
[data: ]
[valid: ]
[num_iterations: 300]
[learning_rate: 0.02]
[num_leaves: 31]
[num_threads: 8]
[seed: 42]
[deterministic: 0]
[force_col_wise: 0]
[force_row_wise: 0]
[histogram_pool_size: -1]
[max_depth: 6]
[min_data_in_leaf: 100]
[min_sum_hessian_in_leaf: 0.001]
[bagging_fraction: 0.8]
[pos_bagging_fraction: 1]
[neg_bagging_fraction: 1]
[bagging_freq: 0]
[bagging_seed: 400]
[bagging_by_query: 0]
[feature_fraction: 0.8]
[feature_fraction_bynode: 1]
[feature_fraction_seed: 30056]
[extra_trees: 0]
[extra_seed: 12879]
[early_stopping_round: 0]
[early_stopping_min_delta: 0]
[first_metric_only: 0]
[max_delta_step: 0]
[lambda_l1: 0]
[lambda_l2: 0]
[linear_lambda: 0]
[min_gain_to_split: 0]
[drop_rate: 0.1]
[max_drop: 50]
[skip_drop: 0.5]
[xgboost_dart_mode: 0]
[uniform_drop: 0]
[drop_seed: 17869]
[top_rate: 0.2]
[other_rate: 0.1]
[min_data_per_group: 100]
[max_cat_threshold: 32]
[cat_l2: 10]
[cat_smooth: 10]
[max_cat_to_onehot: 4]
[top_k: 20]
[monotone_constraints: ]
[monotone_constraints_method: basic]
[monotone_penalty: 0]
[feature_contri: ]
[forcedsplits_filename: ]
[refit_decay_rate: 0.9]
[cegb_tradeoff: 1]
[cegb_penalty_split: 0]
[cegb_penalty_feature_lazy: ]
[cegb_penalty_feature_coupled: ]
[path_smooth: 0]
[interaction_constraints: ]
[verbosity: -1]
[saved_feature_importance_type: 0]
[use_quantized_grad: 0]
[num_grad_quant_bins: 4]
[quant_train_renew_leaf: 0]
[stochastic_rounding: 1]
[linear_tree: 0]
[max_bin: 255]
[max_bin_by_feature: ]
[min_data_in_bin: 3]
[bin_construct_sample_cnt: 200000]
[data_random_seed: 175]
[is_enable_sparse: 1]
[enable_bundle: 1]
[use_missing: 1]
[zero_as_missing: 0]
[feature_pre_filter: 1]
[pre_partition: 0]
[two_round: 0]
[header: 0]
[label_column: ]
[weight_column: ]
[group_column: ]
[ignore_column: ]
[categorical_feature: ]
[forcedbins_filename: ]
[precise_float_parser: 0]
[parser_config_file: ]
[objective_seed: 16083]
[num_class: 1]
[is_unbalance: 0]
[scale_pos_weight: 1]
[sigmoid: 1]
[boost_from_average: 1]
[reg_sqrt: 0]
[alpha: 0.9]
[fair_c: 1]
[poisson_max_delta_step: 0.7]
[tweedie_variance_power: 1.5]
[lambdarank_truncation_level: 30]
[lambdarank_norm: 1]
[label_gain: ]
[lambdarank_position_bias_regularization: 0]
[eval_at: ]
[multi_error_top_k: 1]
[auc_mu_weights: ]
[num_machines: 1]
[local_listen_port: 12400]
[time_out: 120]
[machine_list_filename: ]
[machines: ]
[gpu_platform_id: -1]
[gpu_device_id: -1]
[gpu_use_dp: 0]
[num_gpu: 1]

end of parameters

pandas_categorical:[]
