tree
version=v4
num_class=1
num_tree_per_iteration=1
label_index=0
max_feature_idx=13
objective=binary sigmoid:1
feature_names=total_volume net_flow trade_count net_flow_ma5 net_flow_ma15 net_flow_ma30 volume_ma5 volume_ma15 net_flow_diff net_flow_diff5 price_change price_change_ma5 net_flow_ratio cumulative_net_flow_30
feature_infos=[5.0000000000000002e-05:212.25111000000001] [-190.20580999999999:59.727289999999996] [1:3433] [-61.664174000000003:16.684419999999999] [-21.914954666666667:6.4044773333333334] [-11.925162333333331:3.5513513333333342] [9.9999999912951584e-06:66.379897999999997] [0.00019333333333285962:24.085280000000001] [-122.45104999999998:176.29413999999997] [-189.2029:188.00695999999999] [-0.3000116290151178:0.12300182560605055] [-0.074585310894008661:0.05816202982919183] [-0.99999999999708034:0.99999999999618916] [-357.75486999999993:106.54054000000002]
tree_sizes=1778 1801 1803 1798 1805 1800 1804 1784 1781 1798 1796 1795 1797 1797 1800 1797 1808 1794 1794 1788 1801 1798 1786 1799 1795 1797 1799 1793 1816 1795 1815 1801 1802 1804 1802 1815 1805 1808 1811 1799 1808 1811 1804 1809 1811 1811 1808 1807 1816 1816 1817 1815 1800 1821 1821 1822 1818 1824 1815 1821 1820 1809 1816 1828 1813 1826 1823 1834 1831 1816 1819 1827 1817 1838 1806 1818 1785 1831 1825 1811 1812 1782 1812 1799 1807 1821 1829 1816 1821 1790 1827 1822 1801 1821 1816 1797 1820 1814 1810 1790 1686 1786 1809 1820 1800 1822 1814 1800 1682 1806 1809 1810 1820 1683 1681 1826 1827 1774 1785 1820 1698 1803 1815 1681 1787 1800 1818 1587 1800 1799 1579 1820 1794 1777 1788 1813 1799 1815 1812 1594 1795 1772 1792 1824 1798 1803 1671 1818 1694 1834

Tree=0
num_leaves=15
num_cat=0
split_feature=12 11 11 11 10 7 10 11 10 10 2 4 10 11
split_gain=7425.76 3988.41 4348.31 3426.18 2387.46 526.952 496.689 423.713 348.808 293.056 245.8 148.824 115.431 62.6454
threshold=0.99999816667005559 2.208955233173882e-06 3.8899287235771856e-07 2.1989397291921624e-06 1.0000000180025095e-35 0.036732666666663825 2.1049412290974349e-05 2.104786813728055e-06 2.1049412290974349e-05 1.0000000180025095e-35 8.5000000000000018 0.0031860000000005339 0.0070560009254871945 0.0015652301761603928
decision_type=2 2 2 2 2 2 2 2 2 2 2 2 2 2
left_child=1 2 4 5 -1 11 9 -4 13 -3 -7 -2 -8 -5
right_child=3 6 7 8 -6 10 12 -9 -10 -11 -12 -13 -14 -15
leaf_value=-0.61251568043779803 -0.70268133947453193 -0.5899524704178406 -0.7106411721171968 -0.60908491255579622 -0.6597920746568875 -0.67106003060923425 -0.56009834453097462 -0.66840764722894241 -0.57486375954690172 -0.62006792009830269 -0.59774870362311272 -0.68030254931393974 -0.5791781706137793 -0.63380382093519183
leaf_weight=24199.071386665106 2586.8787935078144 4692.2467682957649 772.3978613615036 504.75194847583771 3001.7179791629314 3024.7498629689217 1455.729819715023 2569.5154184103012 652.01818445324898 975.8117316365242 118.82660031318665 1042.2284893095493 1740.4706460535526 520.74946415424347
leaf_count=78805 10679 14257 3248 1627 11147 11562 4003 9756 1886 3249 370 4077 5107 1803
internal_value=-0.624897 -0.615776 -0.624346 -0.667429 -0.617733 -0.683274 -0.586249 -0.678169 -0.603457 -0.595137 -0.668289 -0.696254 -0.570488 -0.621637
internal_weight=47857.2 39407 30542.7 8450.2 27200.8 6772.68 8864.26 3341.91 1677.52 5668.06 3143.58 3629.11 3196.2 1025.5
internal_count=161576 129572 102956 32004 89952 26688 26616 13004 5316 17506 11932 14756 9110 3430
is_linear=0
shrinkage=1


Tree=1
num_leaves=15
num_cat=0
split_feature=12 11 11 11 11 7 10 11 10 10 2 4 10 11
split_gain=6550.14 3430.78 3849.88 3065.93 2119.82 486.396 418.25 392.509 297.742 250.488 218.718 138.877 96.1012 54.4934
threshold=0.99999816667005559 2.208955233173882e-06 3.8899287235771856e-07 2.1989397291921624e-06 -4.3017790496424615e-06 0.036732666666663825 2.1049412290974349e-05 2.104786813728055e-06 2.1049412290974349e-05 1.0000000180025095e-35 8.5000000000000018 0.0031860000000005339 0.0070560009254871945 0.0015652301761603928
decision_type=2 2 2 2 2 2 2 2 2 2 2 2 2 2
left_child=1 2 4 5 -1 11 9 -4 13 -3 -7 -2 -8 -5
right_child=3 6 7 8 -6 10 12 -9 -10 -11 -12 -13 -14 -15
leaf_value=0.019348373526939914 -0.040774730284080796 0.065445776363741701 -0.048579439880836323 0.047937102223895314 0.049288412688824133 -0.010193610809029655 0.092396039781501405 -0.0076582165434943665 0.079121297646860489 0.037797458452469304 0.058334416339164599 -0.01906375458108453 0.075222556650440475 0.025021365083961439
leaf_weight=8588.1989831924438 2551.2079643309116 4793.3521526157856 759.69247907400131 512.76432466506958 18972.301219776273 3014.3831511437893 1499.5726772844791 2562.9029738903046 668.9201495051384 988.06285178661346 121.11427992582321 1035.5359873920679 1783.4264233857393 525.09313115477562
leaf_count=29771 10679 14257 3248 1627 60181 11562 4003 9756 1886 3249 370 4077 5107 1803
internal_value=0.0333163 0.0417675 0.0338292 -0.00673667 0.0399587 -0.0219314 0.0688141 -0.0170146 0.0531087 0.0607206 -0.00754659 -0.0345065 0.0830669 0.0363431
internal_weight=48376.5 39947.5 30883.1 8429.02 27560.5 6722.24 9064.41 3322.6 1706.78 5781.42 3135.5 3586.74 3283 1037.86
internal_count=161576 129572 102956 32004 89952 26688 26616 13004 5316 17506 11932 14756 9110 3430
is_linear=0
shrinkage=0.05


Tree=2
num_leaves=15
num_cat=0
split_feature=12 11 11 11 10 7 11 10 2 10 0 4 10 11
split_gain=5794.39 2979.25 3416.23 2749.07 2048.05 449.064 363.881 358.603 261.572 216.457 208.075 129.718 81.9712 50.9069
threshold=0.99999816667005559 2.208955233173882e-06 3.8899287235771856e-07 2.1989397291921624e-06 1.0000000180025095e-35 0.036732666666663825 2.104786813728055e-06 2.1049412290974349e-05 5.5000000000000009 1.0000000180025095e-35 0.035505000000000009 0.0031860000000005339 0.0070560009254871945 0.0015652301761603928
decision_type=2 2 2 2 2 2 2 2 2 2 2 2 2 2
left_child=1 2 4 5 -1 11 -4 9 13 -3 -7 -2 -9 -5
right_child=3 7 6 8 -6 10 -8 12 -10 -11 -12 -13 -14 -15
leaf_value=0.042248995812337292 -0.039301661298059148 0.061048837775286885 -0.04696665125240828 0.044211460624715065 -0.0012549001069006001 -0.013190379925346246 -0.0072938610006844581 0.085706494970442609 0.072103238470286088 0.035503224455078218 0.020527396829864687 -0.018228524985744555 0.070016863120626202 0.02151403690298757
leaf_weight=24844.769810214639 2515.4111483097076 4879.3161365687847 746.82097053527832 493.32810471951962 3035.9424619227648 2570.8572696447372 2556.5514820218086 1534.8128509819508 743.61249251663685 999.02227556705475 556.6188657283783 1029.0053941905499 1819.2414971143007 494.82656569778919
leaf_count=78805 10679 14257 3248 1546 11147 9974 9756 4003 2075 3249 1958 4077 5107 1695
internal_value=0.0313471 0.0392018 0.0318154 -0.00642915 0.0375118 -0.0209988 -0.016263 0.0641509 0.0497026 0.0567074 -0.00718939 -0.0331838 0.0771964 0.0328455
internal_weight=48820.1 40416.5 31184.1 8403.66 27880.7 6671.89 3303.37 9232.39 1731.77 5878.34 3127.48 3544.42 3354.05 988.155
internal_count=161576 129572 102956 32004 89952 26688 13004 26616 5316 17506 11932 14756 9110 3241
is_linear=0
shrinkage=0.05


Tree=3
num_leaves=15
num_cat=0
split_feature=12 11 11 11 10 7 11 10 2 2 10 4 10 11
split_gain=5139.21 2607.63 3037.68 2468.98 1903.01 414.929 337.54 312.114 228.304 192.318 188.793 110.321 71.3278 43.3335
threshold=0.99999816667005559 2.208955233173882e-06 3.8899287235771856e-07 2.1989397291921624e-06 -2.1536260169652263e-05 0.035454666666664379 2.104786813728055e-06 2.1049412290974349e-05 4.5000000000000009 5.5000000000000009 1.0000000180025095e-35 0.0031860000000005339 0.0070560009254871945 0.0010178605160826584
decision_type=2 2 2 2 2 2 2 2 2 2 2 2 2 2
left_child=1 2 4 5 -1 11 -4 10 13 -7 -3 -2 -9 -5
right_child=3 7 6 8 -6 9 -8 12 -10 -11 -12 -13 -14 -15
leaf_value=0.00013889056900400208 -0.037849010180312309 0.057122836109377621 -0.045426410421431362 0.045109196950000298 0.040076811692807066 -0.010530524630561105 -0.0069461650889003973 0.079934717257323873 0.066303743760844774 0.036854015412077029 0.03339168148068096 -0.018091601131590949 0.065423714063052099 0.022511368984689556
leaf_weight=3390.9940191507339 2446.4588049054146 4951.9587659835815 733.86854410171509 318.99003121256828 24772.188026115298 2951.4032268077135 2550.4545602202415 1562.5873492658138 800.7314023822546 230.88556496798992 1008.8234824240208 993.45420601963997 1848.8074374496937 633.35722823441029
leaf_count=12030 10535 14257 3248 977 77922 11431 9756 4003 2212 755 3249 3967 5107 2127
internal_value=0.0295401 0.0368603 0.0299613 -0.00613727 0.0352681 -0.0201051 -0.0155444 0.0600092 0.0466258 -0.00709262 0.0531065 -0.032143 0.0720705 0.0300805
internal_weight=49195 40819.7 31447.5 8375.28 28163.2 6622.2 3284.32 9372.18 1753.08 3182.29 5960.78 3439.91 3411.39 952.347
internal_count=161576 129572 102956 32004 89952 26688 13004 26616 5316 12186 17506 14502 9110 3104
is_linear=0
shrinkage=0.05


Tree=4
num_leaves=15
num_cat=0
split_feature=12 11 10 11 10 10 7 10 10 0 10 4 10 10
split_gain=4567.54 2298.43 2762.26 2220.48 1818.8 1703.34 383.45 275.079 204.541 182.086 166.352 113.763 63.0972 52.0104
threshold=0.99999816667005559 2.208955233173882e-06 1.0000000180025095e-35 2.1989397291921624e-06 -2.1536260169652263e-05 1.0994656929330661e-05 0.036732666666663825 2.1049412290974349e-05 2.1049412290974349e-05 0.035505000000000009 -1.0000000180025095e-35 0.0031860000000005339 0.0070560009254871945 0.0048495147131677472
decision_type=2 2 2 2 2 2 2 2 2 2 2 2 2 2
left_child=1 2 4 6 -1 -4 11 10 -5 -8 -3 -2 -9 -10
right_child=3 7 5 8 -6 -7 9 12 13 -11 -12 -13 -14 -15
leaf_value=0.00010854286564663013 -0.036545994700349929 0.060559892835262745 -0.021101091332664745 0.030047739640086946 0.039241433430448211 0.06063559462987661 -0.012180129627932579 0.074889138511465475 0.079194714440598751 0.019300190635627826 0.043411702258398299 -0.016641633433853685 0.061331252060686139 0.051944295110682819
leaf_weight=3394.9053225964308 2444.5635861307383 2264.9273916780949 3843.2098766416311 1068.4051439166069 23679.575861111283 764.12406255304813 2551.9447446614504 1583.883152037859 330.98922097682953 560.17299345135689 3765.5431024134159 1016.3154979050159 1872.9060512781143 371.77409121394157
leaf_count=12046 10679 6289 14962 3430 73620 2328 9974 4003 843 1958 11217 4077 5107 1043
internal_value=0.0278723 0.0347091 0.0282442 -0.00585995 0.0343345 -0.0075451 -0.019249 0.0562982 0.0438283 -0.00651375 0.0498522 -0.0307009 0.0675434 0.0647788
internal_weight=49513.2 41169.1 31681.8 8344.17 27074.5 4607.33 6573 9487.26 1771.17 3112.12 6030.47 3460.88 3456.79 702.763
internal_count=161576 129572 102956 32004 85666 17290 26688 26616 5316 11932 17506 14756 9110 1886
is_linear=0
shrinkage=0.05


Tree=5
num_leaves=15
num_cat=0
split_feature=12 11 11 11 10 7 7 10 2 10 4 10 10 11
split_gain=4066.49 2037.85 2587.21 1999.29 1639.05 362.676 322.309 245.15 182.232 159.14 158.171 123.804 56.5809 40.7531
threshold=0.99999816667005559 2.208955233173882e-06 3.8899287235771856e-07 2.1989397291921624e-06 1.0000000180025095e-35 0.081128333333330249 0.061240666666664396 2.1049412290974349e-05 5.5000000000000009 1.0000000180025095e-35 0.0059786666666679011 1.099975508456197e-05 0.0070560009254871945 0.0015652301761603928
decision_type=2 2 2 2 2 2 2 2 2 2 2 2 2 2
left_child=1 2 4 5 -1 10 -4 9 13 -3 -2 -7 -9 -5
right_child=3 7 6 8 -6 11 -8 12 -10 -11 -12 -13 -14 -15
leaf_value=0.035616341714349513 -0.031201903938144128 0.050530771691013922 -0.027721677198440865 0.037323415112730872 -0.0030606463248347461 -0.0019739161632596194 0.004557632960614991 0.070428173442856665 0.059541842936438064 0.028955038064121027 -0.010364465794302493 0.067686623894660319 0.057653734217190701 0.017263925398412951
leaf_weight=25544.098078116775 3476.6636154949665 5061.2736048698425 2029.4305878281593 507.37831743061543 3068.2412896156311 1747.7955365478992 1249.4313014894724 1599.5613193511963 773.6485086530447 1028.2875467538834 1233.9298184961081 66.198307037353516 1892.2251163721085 505.41969034075737
leaf_count=78805 14984 14257 8340 1546 11147 6651 4664 4003 2075 3249 4864 189 5107 1695
internal_value=0.0263258 0.0327229 0.0266478 -0.00559614 0.0314688 -0.0184283 -0.0154214 0.0529437 0.0412702 0.0468875 -0.0257436 0.000568215 0.0635056 0.0273131
internal_weight=49783.6 41472.5 31891.2 8311.03 28612.3 6524.59 3278.86 9581.35 1786.45 6089.56 4710.59 1813.99 3491.79 1012.8
internal_count=161576 129572 102956 32004 89952 26688 13004 26616 5316 17506 19848 6840 9110 3241
is_linear=0
shrinkage=0.05


Tree=6
num_leaves=15
num_cat=0
split_feature=12 11 11 11 11 7 11 10 10 1 10 4 10 10
split_gain=3627.47 1815.31 2312.07 1801.91 1556.18 334.775 305.974 220.274 163.969 161.459 141.471 93.6284 51.3105 45.7183
threshold=0.99999816667005559 2.208955233173882e-06 3.8899287235771856e-07 2.1989397291921624e-06 -4.3017790496424615e-06 0.035454666666664379 2.104786813728055e-06 2.1049412290974349e-05 2.1049412290974349e-05 0.066875000000000004 1.0000000180025095e-35 0.0017613333333343993 0.0070560009254871945 0.0048495147131677472
decision_type=2 2 2 2 2 2 2 2 2 2 2 2 2 2
left_child=1 2 4 5 -1 11 -4 10 -5 -7 -3 -2 -9 -10
right_child=3 7 6 8 -6 9 -8 12 13 -11 -12 -13 -14 -15
leaf_value=0.012289887207963856 -0.035067862563860595 0.047598728223644506 -0.043576760327713022 0.026656069947021355 0.037448549603649593 -0.010286414898846817 -0.0066019212939706614 0.066444922420763636 0.070869902707951224 0.02370153759001957 0.027324826529306751 -0.017622480242658025 0.054324318300768198 0.045554122128497569
leaf_weight=8889.4453417807817 2112.7730779200792 5103.2510508596897 717.29312962293625 1083.389372035861 19919.246601819992 2755.4384208768606 2543.6674120873213 1610.3759053945541 337.61251239478588 400.17126460373402 1034.9750930964947 1209.338539198041 1907.3705737143755 378.02774393558502
leaf_count=29771 9506 14257 3248 3430 60181 10820 9756 4003 843 1366 3249 4996 5107 1043
internal_value=0.0248932 0.0308912 0.0251686 -0.00534445 0.0296854 -0.0176391 -0.014735 0.0498973 0.0389244 -0.00597631 0.0441803 -0.0287173 0.059873 0.0574972
internal_weight=50002.4 41725.6 32069.7 8276.75 28808.7 6477.72 3260.96 9655.97 1799.03 3155.61 6138.23 3322.11 3517.75 715.64
internal_count=161576 129572 102956 32004 89952 26688 13004 26616 5316 12186 17506 14502 9110 1886
is_linear=0
shrinkage=0.05


Tree=7
num_leaves=15
num_cat=0
split_feature=12 11 11 10 10 10 7 10 10 2 3 2 6 11
split_gain=3240.44 1625.37 1623.98 2096.57 1535.98 1513.12 315.221 201.167 172.967 150.821 146.835 110.176 48.7935 33.872
threshold=0.99999816667005559 2.1989397291921624e-06 2.208955233173882e-06 1.0000000180025095e-35 -2.1536260169652263e-05 1.099975508456197e-05 0.081128333333330249 1.099136930360345e-05 1.0479505496707732e-05 3.5000000000000004 0.0057109999999995749 3.5000000000000004 0.47654399999999092 0.0019863210334525321
decision_type=2 2 2 2 2 2 2 2 2 2 2 2 2 2
left_child=2 6 3 4 -1 -5 10 8 -4 13 -2 -8 -9 -3
right_child=1 9 7 5 -6 -7 11 12 -10 -11 -12 -13 -14 -15
leaf_value=-0.0022846381198855749 -0.028821025512717958 0.030075952916268953 0.044892807018219259 -0.019677637985291027 0.033435309770628079 0.059948002854413276 -0.0056854344031916759 0.059490935075100428 0.02052587899712377 0.051010422987317963 -0.0079539776792606123 0.024254207143878125 0.046128703829165812 0.010194936814943663
leaf_weight=3437.1714724898338 3511.745280623436 536.560162961483 5147.829091489315 3892.9606249183416 24191.23163819313 704.62602710723877 1417.949781820178 2815.883075773716 848.29566910862923 916.29513145983219 1109.3549299687147 392.29144155979156 902.0514160990715 356.64533691108227
leaf_count=12046 15381 1645 14289 15213 73620 2077 5493 7203 2691 2471 4467 1347 2433 1200
internal_value=0.0235588 -0.0051049 0.0291909 0.023789 0.0289915 -0.00747421 -0.0168834 0.0471114 0.0414455 0.0367583 -0.0238116 0.000802687 0.056249 0.0221377
internal_weight=50180.9 8240.84 41940 32226 27628.4 4597.59 6431.34 9714.06 5996.12 1809.5 4621.1 1810.24 3717.93 893.205
internal_count=161576 32004 129572 102956 85666 17290 26688 26616 16980 5316 19848 6840 9636 2845
is_linear=0
shrinkage=0.05


Tree=8
num_leaves=15
num_cat=0
split_feature=12 11 11 11 11 1 7 7 10 10 10 2 6 10
split_gain=2898.18 1467.01 1458.08 1983.02 1304.3 298.572 290.626 190.458 182.409 154.773 135.654 105.969 43.7517 40.9548
threshold=0.99999816667005559 2.1989397291921624e-06 2.208955233173882e-06 3.8899287235771856e-07 -4.3017790496424615e-06 0.03648500000000001 0.071093666666663127 0.032424333333330453 1.099136930360345e-05 1.0479505496707732e-05 2.1049412290974349e-05 5.5000000000000009 0.47654399999999092 0.0048495147131677472
decision_type=2 2 2 2 2 2 2 2 2 2 2 2 2 2
left_child=2 5 3 4 -1 7 -5 -2 9 -4 -3 -7 -10 -12
right_child=1 10 8 6 -6 11 -8 -9 12 -11 13 -13 -14 -15
leaf_value=0.010744360649938438 -0.029113585723216692 0.023658317623554914 0.042418864852241028 -0.025297785402184404 0.033683085776258476 0.0026923102529602242 0.0062217546104345565 -0.01064315502514231 0.056298534439600735 0.019417988031350811 0.064160784932280113 0.046446157449069797 0.043667704811980172 0.040315921231811602
leaf_weight=8945.9151727706194 2903.3556338250637 1095.4999815672636 5174.918221950531 2141.35406075418 20166.75250813365 617.47066706418991 1110.6505951434374 2687.6739399731159 2826.4778425842524 851.76801860332489 340.9542411416769 178.3558439463377 905.15810789167881 381.63850474357605
leaf_count=29771 13060 3430 14289 8882 60181 2347 4122 10729 7203 2691 843 552 2433 1043
internal_value=0.0223104 -0.00487588 0.0276059 0.0224978 0.0266343 -0.016156 -0.014533 -0.0202346 0.0445473 0.0391681 0.0347505 0.0124982 0.0532348 0.0515671
internal_weight=50327.9 8204.95 42123 32364.7 29112.7 6386.86 3252 5591.03 9758.32 6026.69 1818.09 795.827 3731.64 722.593
internal_count=161576 32004 129572 102956 89952 26688 13004 23789 26616 16980 5316 2899 9636 1886
is_linear=0
shrinkage=0.05


Tree=9
num_leaves=15
num_cat=0
split_feature=12 11 11 10 10 10 1 7 10 10 10 2 10 10
split_gain=2595.19 1325.32 1312.86 1796 1356.62 1301.58 270.682 171.291 167.438 132.515 125.504 94.6573 47.4532 37.2255
threshold=0.99999816667005559 2.1813284889482536e-06 2.208955233173882e-06 1.0000000180025095e-35 1.0994656929330661e-05 -2.1536260169652263e-05 0.03648500000000001 0.036101999999998038 2.1049412290974349e-05 2.1049412290974349e-05 -1.0000000180025095e-35 5.5000000000000009 0.0070560009254871945 0.0048495147131677472
decision_type=2 2 2 2 2 2 2 2 2 2 2 2 2 2
left_child=2 6 3 5 -5 -1 7 -2 10 -3 -4 -8 -10 -11
right_child=1 9 8 4 -6 -7 11 -9 12 13 -12 -13 -14 -15
leaf_value=-0.0027114095946226525 -0.027703353141072414 0.021649701987576316 0.046382006513676639 -0.020064918484437217 0.051886148503581614 0.030118879426465173 0.002311890105404852 -0.0099758780514804489 0.05715412787194793 0.060895347586429699 0.031738221646292253 0.043655145227081131 0.045552985683651327 0.038197957164067473
leaf_weight=3444.404978454113 2988.3509564846754 1157.2266847342253 2344.6097590625286 3803.6201384365559 791.43655441701412 24443.348520800471 613.71144668757915 2504.7736038267612 1620.0653758049011 342.20735265314579 3891.8859636038542 178.77787721157074 1933.413716211915 382.63176128268242
leaf_count=12046 13590 3653 6289 14962 2328 73620 2332 9995 4003 844 11217 547 5107 1043
internal_value=0.0211438 -0.00465775 0.0261291 0.0212916 -0.00767232 0.026064 -0.0156789 -0.0196199 0.0421794 0.0321499 0.0372436 0.0116385 0.0508421 0.0489137
internal_weight=50440.5 8167.68 42272.8 32482.8 4595.06 27887.8 6285.61 5493.12 9789.97 1882.07 6236.5 792.489 3553.48 724.839
internal_count=161576 32004 129572 102956 17290 85666 26464 23585 26616 5540 17506 2879 9110 1887
is_linear=0
shrinkage=0.05


Tree=10
num_leaves=15
num_cat=0
split_feature=12 11 3 10 10 12 10 10 2 7 4 2 10 11
split_gain=2326.12 1198.82 1192.48 1001.19 989.398 653.796 549.351 397.94 327.507 259.913 133.761 116.175 89.7385 30.0947
threshold=0.99999816667005559 2.1989397291921624e-06 -0.0008120000000010661 -1.0000000180025095e-35 1.103868813023823e-05 -0.99999816667005537 1.099975508456197e-05 -2.1536260169652263e-05 5.5000000000000009 0.081128333333330249 0.0031860000000005339 3.5000000000000004 1.099975508456197e-05 0.0019863210334525321
decision_type=2 2 2 2 2 2 2 2 2 2 2 2 2 2
left_child=2 9 5 7 -5 8 -7 -4 -1 10 -2 13 -11 -3
right_child=1 11 3 4 -6 6 -8 -9 -10 12 -12 -13 -14 -15
leaf_value=0.035533065040471969 -0.027298083413164392 0.025870519570467588 0.015654615150957001 0.018119504107561083 0.049179234344171187 0.0090831897111694256 0.048816816551795955 0.053569669549085611 -0.00064453350209516024 -0.00096928173912692861 -0.0089807146465211464 0.043638578025507843 0.057453044593497572 0.0072523517568403558
leaf_weight=5033.9459485858679 3006.7664301842451 543.88675066828728 782.98716722428799 10521.923519358039 3390.0846364349127 15070.831155061722 923.19647736847401 5958.2828395813704 714.3499556183815 1734.1415771842003 1490.8083474338055 924.85218992829323 68.31917142868042 361.1864468306303
leaf_count=14545 13749 1645 2449 33253 8731 49699 2538 15943 2414 6651 6099 2471 189 1200
internal_value=0.0200495 -0.00444945 0.0247475 0.0333513 0.0256882 0.0165746 0.0113767 0.0491659 0.0310372 -0.0147973 -0.0212264 0.0311758 0.00124512 0.0184406
internal_weight=50525.6 8129.96 42395.6 20653.3 13912 21742.3 15994 6741.27 5748.3 6300.04 4497.57 1829.93 1802.46 905.073
internal_count=161576 32004 129572 60376 41984 69196 52237 18392 16959 26688 19848 5316 6840 2845
is_linear=0
shrinkage=0.05


Tree=11
num_leaves=15
num_cat=0
split_feature=12 11 11 10 11 11 3 7 1 10 10 10 2 8
split_gain=2085.33 1116.36 1665.05 1157.3 1084.91 274.543 245.351 154.045 144.66 111.055 66.6087 58.044 52.3395 35.6287
threshold=0.99999816667005559 2.208955233173882e-06 3.8899287235771856e-07 1.0000000180025095e-35 2.1813284889482536e-06 2.104786813728055e-06 0.022287999999998625 0.017441999999998035 -0.012094999999999996 2.1049412290974349e-05 -1.0000000180025095e-35 -2.1536260169652263e-05 7.5000000000000009 -0.022424999999999997
decision_type=2 2 2 2 2 2 2 2 2 2 2 2 2 2
left_child=1 2 3 -1 6 -4 7 -2 11 13 -10 -3 -8 -6
right_child=4 8 5 -5 9 -7 12 -9 10 -11 -12 -13 -14 -15
leaf_value=0.026164217929378477 -0.029052024569141133 0.011133687758121118 -0.042510193630985987 -0.006072274402021181 0.033423562442057263 -0.0072816122822061255 0.007159410700796412 -0.011623806532829312 0.051249345151993059 0.044254902339495902 0.039206191046187271 0.031063783680676128 0.050251902821037524 0.013914185110400086
leaf_weight=26326.130272999406 2038.77896232903 470.46955999732018 706.09222956001759 3113.4020333439112 324.17025978863239 2551.4804723858833 731.22023810446262 3353.1882275938988 1403.5099088549614 725.67808575928211 6309.8138932287693 1634.6386657357216 77.978166207671165 841.50761735439301
leaf_count=78805 9580 1403 3248 11147 965 9756 2777 13880 3612 1887 17021 4580 227 2688
internal_value=0.0190135 0.0234416 0.0190017 0.022755 -0.00425024 -0.0149176 -0.0143608 -0.0182137 0.038227 0.0288992 0.0413976 0.0266096 0.011312 0.0193397
internal_weight=50608.1 42515.5 32697.1 29439.5 8092.52 3257.57 6201.17 5391.97 9818.43 1891.36 7713.32 2105.11 809.198 1165.68
internal_count=161576 129572 102956 89952 32004 13004 26464 23460 26616 5540 20633 5983 3004 3653
is_linear=0
shrinkage=0.05


Tree=12
num_leaves=15
num_cat=0
split_feature=12 3 11 10 10 10 10 7 10 0 4 2 2 10
split_gain=1872.29 1035.6 981.081 862.164 854.666 621.201 1207.83 412.451 346.471 232.247 136.412 101.542 90.6443 33.1895
threshold=0.99999816667005559 -0.0008120000000010661 2.1813284889482536e-06 -1.0000000180025095e-35 1.103868813023823e-05 -2.1536260169652263e-05 -1.0475949074884026e-05 0.17088166666666491 -2.1536260169652263e-05 0.014005000000000002 0.012410333333334663 7.5000000000000009 5.5000000000000009 0.0048495147131677472
decision_type=2 2 2 2 2 2 2 2 2 2 2 2 2 2
left_child=1 5 9 8 -5 7 -7 -1 -3 10 -2 -4 -11 -13
right_child=2 3 11 4 -6 6 -8 -9 -10 12 -12 13 -14 -15
leaf_value=-0.023928572341125481 -0.022957741436508042 0.013650447598391749 0.018194219809093717 0.016112125436809493 0.044983906585363144 0.037188003690225443 0.0096249487524786709 0.011683798478262711 0.048926769763139324 -0.00057162294927644026 -0.0030316098581118734 0.05306319990867589 0.034753538376343117 0.031787953795073695
leaf_weight=1572.6238091439009 3853.286262974143 787.31692133843899 1159.8241316527128 10567.133558139205 3384.1137213110924 5756.6545129865408 12839.228877618909 1683.2849573493004 6004.5506320297718 979.83045716583729 1105.2754773944616 350.9704205095768 222.91234835982323 383.74062475562096
leaf_count=5750 17453 2449 3619 33253 8731 16330 41580 5536 15943 3891 4415 878 705 1043
internal_value=0.0180453 0.0222259 -0.00405949 0.0302279 0.0231155 0.01463 0.0181575 -0.00551719 0.0448375 -0.0137352 -0.0185162 0.0274073 0.00597542 0.0419511
internal_weight=50650.7 42594.9 8055.84 20743.1 13951.2 21851.8 18595.9 3255.91 6791.87 6161.3 4958.56 1894.54 1202.74 734.711
internal_count=161576 129572 32004 60376 41984 69196 57910 11286 18392 26464 21868 5540 4596 1921
is_linear=0
shrinkage=0.05


Tree=13
num_leaves=15
num_cat=0
split_feature=12 11 11 10 11 11 7 4 1 2 2 10 10 11
split_gain=1681.24 960.057 1537.55 1009.84 888.188 228.638 225.504 141.2 122.747 90.4699 74.795 74.3741 30.6971 27.7266
threshold=0.99999816667005559 2.1989397291921624e-06 3.8899287235771856e-07 1.0000000180025095e-35 2.1989397291921624e-06 2.104786813728055e-06 0.11455866666666566 0.0031860000000005339 -0.059514999999999992 3.5000000000000004 3.5000000000000004 2.1049412290974349e-05 -1.1000991800846903e-05 0.00096825886327978072
decision_type=2 2 2 2 2 2 2 2 2 2 2 2 2 2
left_child=1 2 3 -1 6 -4 7 -2 12 13 -8 -10 -3 -6
right_child=4 8 5 -5 9 -7 10 -9 11 -11 -12 -13 -14 -15
leaf_value=0.023643561829146304 -0.024156274769044916 0.0083808349849590208 -0.041572141346860658 -0.0064365508623507282 0.028156865279584387 -0.009112518047916544 -0.0012713001547929234 -0.0062549107068053285 0.033070177705325159 0.037651203301734729 0.026699055118176659 0.042531780032624006 0.025401973306715109 0.0094873595725809209
leaf_weight=26477.632624208927 3170.043070524931 408.43877483904362 697.31684522330761 3118.8472201228142 292.61743062734604 2443.5383970141411 1009.3510666042566 1688.155399531126 5395.2993638664484 925.267926633358 313.16697335243225 3376.9891507923603 753.66496047377586 620.74964837729931
leaf_count=78805 14784 1223 3248 11147 854 9383 3944 6916 14950 2471 1044 8684 2132 1991
internal_value=0.0171277 0.0210752 0.0169438 0.0204737 -0.00387708 -0.016319 -0.0129528 -0.0179358 0.0346896 0.0266317 0.00535197 0.0367125 0.0194196 0.0154686
internal_weight=50691.1 42671.7 32737.3 29596.5 8019.35 3140.86 6180.72 4858.2 9934.39 1838.64 1322.52 8772.29 1162.1 913.367
internal_count=161576 129572 102583 89952 32004 12631 26688 21700 26989 5316 4988 23634 3355 2845
is_linear=0
shrinkage=0.05


Tree=14
num_leaves=15
num_cat=0
split_feature=12 10 10 10 11 7 7 3 1 7 10 10 10 10
split_gain=1511.59 933.813 1984.65 1472.46 804.376 490.402 211.129 168.976 140.584 94.6381 87.265 74.8403 42.9676 32.8248
threshold=0.99999816667005559 -2.1536260169652263e-05 -1.0000000180025095e-35 1.099975508456197e-05 2.1813284889482536e-06 0.185262666666663 0.017441999999998035 -0.004924000000000755 0.03648500000000001 0.48430666666666372 2.1049412290974349e-05 -0.0093220624723444594 1.0750828161043559e-05 0.0048495147131677472
decision_type=2 2 2 2 2 2 2 2 2 2 2 2 2 2
left_child=1 5 7 -4 6 11 12 -3 -8 -7 -6 -1 -2 -12
right_child=4 2 3 -5 10 9 8 -9 -10 -11 13 -13 -14 -15
leaf_value=-0.0058496043204277941 -0.028599774666143409 0.031752898016056401 0.0096306584591724313 0.04131719059352934 0.016315025969562632 0.0029579921934883629 -0.010195297852859178 0.044017381506770113 0.014630798477958196 0.023558487761566244 0.049729214041645847 -0.028366036260598644 -0.0067721533287612287 0.028369416394202804
leaf_weight=513.40608663856983 1757.1143914908171 4527.9756771177053 22345.522357061505 4385.9734094887972 1175.4311166554689 1154.9348453879356 3383.6015686988831 7395.4432125091553 685.82280321419239 1077.7613465487957 339.08831928670406 1312.4390482604504 258.6470545977354 383.0507544875145
leaf_count=1781 8548 12877 71708 11550 3653 3811 14278 19702 2433 3312 844 4831 1205 1043
internal_value=0.0162682 0.0200007 0.0223962 0.0148296 -0.00370306 -0.0028151 -0.0125662 0.0393599 -0.00601134 0.0129022 0.0247194 -0.0220347 -0.025799 0.0383991
internal_weight=50696.2 42713.5 38654.9 26731.5 7982.76 4058.54 6085.19 11923.4 4069.42 2232.7 1897.57 1825.85 2015.76 722.139
internal_count=161576 129572 115837 83258 32004 13735 26464 32579 16711 7123 5540 6612 9753 1887
is_linear=0
shrinkage=0.05


Tree=15
num_leaves=15
num_cat=0
split_feature=11 10 10 12 11 7 3 10 4 12 10 10 2 0
split_gain=1379.55 1867.42 1792.85 1504.43 1240.23 392.376 149.559 148.6 133.503 111.217 80.8282 72.552 36.7217 21.6094
threshold=2.1989397291921624e-06 -1.0000000180025095e-35 -2.1536260169652263e-05 -0.99999816667005537 -1.0000000180025095e-35 0.22137999999999705 -0.0044380000000010531 2.1049412290974349e-05 -0.0029426666666666356 -0.99999816667005537 -1.0000000180025095e-35 0.0048495147131677472 8.5000000000000018 2.0802000000000005
decision_type=2 2 2 2 2 2 2 2 2 2 2 2 2 2
left_child=1 2 5 8 -5 -1 -4 9 -3 12 -11 -9 -2 -13
right_child=7 3 6 4 -6 -7 -8 11 -10 10 -12 13 -14 -15
leaf_value=-0.020399149098814965 0.043309115102248261 0.022006917962820831 0.029552939139971826 0.015174916043611287 -0.010857336741774644 0.013262035225903232 0.041779822520445917 0.047058031540169812 0.039889508999524592 0.03284006563339064 0.020326490357510392 0.034865564072159412 6.6029049989035996e-05 0.021254747571407259
leaf_weight=1903.73172929883 1014.0283680856228 2283.3364100903273 4442.1170766949654 6711.8520942777395 14372.788183048368 1587.7893177568913 5723.6103690266609 1444.2213678658009 1922.3971075117588 1782.4463273882866 4675.1189612150192 2455.2097844779491 51.591956451535225 330.92314910888672
leaf_count=6944 2637 6705 12643 21565 55628 5148 15336 3614 5302 4803 13708 6468 158 917
internal_value=0.0154523 0.0109215 0.0258201 0.00287597 -0.00257052 -0.00509153 0.036437 0.0304659 0.0301809 0.0262501 0.0237805 0.0379633 0.0412155 0.0332489
internal_weight=50701.2 38947.6 13657.2 25290.4 21084.6 3491.52 10165.7 11753.5 4205.73 7523.19 6457.57 4230.35 1065.62 2786.13
internal_count=161576 129271 40071 89200 77193 12092 27979 32305 12007 21306 18511 10999 2795 7385
is_linear=0
shrinkage=0.05


Tree=16
num_leaves=15
num_cat=0
split_feature=12 11 10 11 7 11 10 7 10 0 10 4 2 8
split_gain=1258.45 807.262 1360.24 949.34 684.69 674.815 307.334 205.201 179.29 138.528 137.045 98.2914 73.2591 51.4138
threshold=0.99999816667005559 -4.3017790496424615e-06 -1.0475949074884026e-05 2.1989397291921624e-06 0.12457599999999776 2.1599801147687008e-06 1.103868813023823e-05 0.098462333333331278 -2.1536260169652263e-05 0.0092350000000000019 -1.1043614372985287e-05 0.0026919999999999414 3.5000000000000004 -0.0036399999999999944
decision_type=2 2 2 2 2 2 2 2 2 2 2 2 2 2
left_child=1 4 8 -4 10 7 -6 11 -3 13 -1 -2 -9 -7
right_child=5 2 3 -5 6 9 -8 12 -10 -11 -12 -13 -14 -15
leaf_value=-0.02483952389102291 -0.023763622008896968 0.010000450108960432 0.007677975059611198 0.029305874009838351 0.012324362117518788 0.021990229862009734 0.053271704994222804 -0.002419559475493183 0.038003398891651566 0.032542541542861451 -0.0046443715217643119 -0.0080364132439260851 0.024512171169783603 -0.00038894264589906842
leaf_weight=1303.7450675368309 2757.1660330891609 606.03117188811302 15399.640409842134 7566.9076475650072 4949.2011607885361 396.81994393467903 505.00405569374561 1075.077997982502 10059.048375934362 1089.0100187212229 2361.9957379549742 1553.0655692219734 330.01928070187569 726.52835790812969
leaf_count=4850 13264 1797 50230 20749 15775 1232 1379 4241 27025 3051 7767 6548 1097 2571
internal_value=0.0146854 0.0180783 0.0216561 0.0148038 0.00488422 -0.00361143 0.0161157 -0.0126875 0.0364122 0.0198353 -0.0118269 -0.0180968 0.00390597 0.00751644
internal_weight=50679.3 42751.6 33631.6 22966.5 9119.95 7927.69 5454.21 5715.33 10665.1 2212.36 3665.74 4310.23 1405.1 1123.35
internal_count=161576 129572 99801 70979 29771 32004 17154 25150 28822 6854 12617 19812 5338 3803
is_linear=0
shrinkage=0.05


Tree=17
num_leaves=15
num_cat=0
split_feature=11 10 11 10 11 10 11 10 12 10 10 2 10 8
split_gain=1136.07 1573.45 1125.42 1106.53 1092.5 515.074 194.877 138.73 98.2794 72.3473 68.3887 31.9264 29.566 21.391
threshold=2.1989397291921624e-06 1.0000000180025095e-35 3.8899287235771856e-07 1.099975508456197e-05 -4.3017790496424615e-06 1.0521441029531788e-05 2.106731329387657e-06 2.1049412290974349e-05 -0.99999816667005537 -1.0000000180025095e-35 0.0070560009254871945 3.5000000000000004 1.103868813023823e-05 -0.2850899999999999
decision_type=2 2 2 2 2 2 2 2 2 2 2 2 2 2
left_child=1 2 4 5 -1 -3 -4 8 11 -10 13 -2 -5 -9
right_child=7 3 6 12 -6 -7 -8 10 9 -11 -12 -13 -14 -15
leaf_value=0.0022937589430749674 0.041176967497998651 -0.043434673537695243 -0.036233746274958609 0.022237102941179671 0.023845306975541148 -0.010124660389340352 -0.0070955134081448993 0.027639267951276737 0.02981808513956747 0.017969255896058921 0.028771065585811068 0.016420546524500864 0.049134839983727217 0.043465442464302728
leaf_weight=8244.4353524148464 910.4849898815155 1512.7094422131777 787.05824667215347 120.75854101777077 20507.227697581053 4984.9787438064814 2117.9370736330748 242.88236020505428 1776.6890581101179 4686.4428905397654 2185.8923319429159 151.96776975691319 663.51717545092106 1765.5781352669001
leaf_count=27278 2361 7099 3688 369 60753 19939 8334 653 4803 13708 5868 434 1811 4478
internal_value=0.0139562 0.00984826 0.0146688 -0.011108 0.0176655 -0.0178795 -0.01499 0.0276043 0.0235431 0.0212265 0.034891 0.0376359 0.0449933 0.0415516
internal_weight=50658.6 38938.6 31656.7 7281.96 28751.7 6497.69 2905 11719.9 7525.58 6463.13 4194.35 1062.45 784.276 2008.46
internal_count=161576 129271 100053 29218 88031 27038 12022 32305 21306 18511 10999 2795 2180 5131
is_linear=0
shrinkage=0.05


Tree=18
num_leaves=15
num_cat=0
split_feature=12 2 3 11 10 7 10 0 4 1 2 4 8 11
split_gain=1058.26 707.059 853.446 565.404 554.135 182.429 159.722 118.269 89.1671 80.214 62.7684 61.211 45.0077 37.3312
threshold=0.99999816667005559 1.5000000000000002 0.0082959999999998365 2.1599801147687008e-06 1.0000000180025095e-35 0.098462333333331278 2.1049412290974349e-05 0.0092350000000000019 0.0017613333333343993 4.0000000000000051e-05 3.5000000000000004 -0.011852666666665302 -0.0036399999999999944 0.0014512212378803293
decision_type=2 2 2 2 2 2 2 2 2 2 2 2 2 2
left_child=1 9 4 5 -3 8 -4 12 -2 11 -7 -1 -5 -9
right_child=3 2 6 7 -6 10 -8 13 -10 -11 -12 -13 -14 -15
leaf_value=0.025826463441647653 -0.022943696957940525 0.012110040715014965 0.021433594035716076 0.020020974524400888 -0.0074412955259164333 -0.0021995150125900258 0.034502802427646188 0.03916997226594171 -0.0081479717450773752 -0.025893217183824414 0.022671346357486973 0.037868862164217365 -0.00088956349826887289 0.020616840448230488
leaf_weight=1488.6861578375101 2575.9044811725616 20798.169747009873 9255.1824920028448 398.43386687338352 4388.8895949721336 1073.190088763833 3127.8646869808435 528.45059868693352 1684.0001627206802 55.835636720061302 332.22008910775185 3624.0407454818487 726.64874021708965 556.81054602563381
leaf_count=4221 12581 63971 27167 1232 16022 4241 8241 1478 7231 211 1097 9739 2571 1573
internal_value=0.0132689 0.0163725 0.0139872 -0.00357315 0.00870319 -0.0119412 0.0247348 0.0178749 -0.0170947 0.0337115 0.00367962 0.0343624 0.00651564 0.029651
internal_weight=50614.3 42738.7 37570.1 7875.66 25187.1 5665.31 12383 2210.34 4259.9 5168.56 1405.41 5112.73 1125.08 1085.26
internal_count=161576 129572 115401 32004 79993 25150 35408 6854 19812 14171 5338 13960 3803 3051
is_linear=0
shrinkage=0.05


Tree=19
num_leaves=15
num_cat=0
split_feature=10 10 11 10 10 7 3 4 11 2 4 8 1 12
split_gain=977.519 1827.03 758.227 1253.58 597.729 389.672 248.703 84.3974 80.3521 22.9029 20.6411 18.7648 17.3917 15.8334
threshold=1.101103487277655e-05 1.0000000180025095e-35 -4.3017790496424615e-06 -1.0000000180025095e-35 1.0521441029531788e-05 0.12226066666666525 0.013620999999999378 -0.00029166666666607602 0.0014038866432208865 2.5000000000000004 0.17240233333333463 0.15175500000000006 3.2453450000000004 -0.42268036398474435
decision_type=2 2 2 2 2 2 2 2 2 2 2 2 2 2
left_child=1 2 5 -4 7 -1 -6 -3 9 -2 13 -12 -11 -10
right_child=8 4 3 -5 6 -7 -8 -9 10 12 11 -13 -14 -15
leaf_value=-0.011158015840800313 -0.0098645223394985444 -0.049576009551884369 0.032150412432131924 0.010755953947182019 -0.010864944078414164 0.01082582478172543 0.010908247872141827 -0.026577401158677568 0.011327137092993302 0.042716851535171969 0.030524528071214037 0.014246287876696193 0.0082602201044380177 0.031694119566565947
leaf_weight=3489.8095386177301 21.476324066519737 846.40342806279659 10880.123355552554 18470.005437135696 4532.8352900743484 4772.1367472112179 1845.4965733885765 754.48149615526199 99.730627879500389 1904.2091582119465 307.23192808032036 417.77995231747627 37.33954630792141 2210.0792088657618
leaf_count=12133 70 4158 29451 59784 18137 15145 6105 3331 286 5005 819 1178 110 5864
internal_value=0.0126114 0.0103102 0.0149204 0.0186869 -0.0114211 0.00153995 -0.00456512 -0.038737 0.0336034 0.0414862 0.0285045 0.0211444 0.0420542 0.0308147
internal_weight=50589.1 45591.3 37612.1 29350.1 7979.22 8261.95 6378.33 1600.88 4997.85 1963.03 3034.82 725.012 1941.55 2309.81
internal_count=161576 148244 116513 89235 31731 27278 24242 7489 13332 5185 8147 1997 5115 6150
is_linear=0
shrinkage=0.05


Tree=20
num_leaves=15
num_cat=0
split_feature=12 10 10 10 3 2 4 11 3 11 10 0 10 10
split_gain=918.446 1254.29 1359.19 1179.35 669.85 290.51 127.753 59.1173 46.8369 40.7091 37.2686 35.2512 36.2127 20.5469
threshold=-0.99999816667005537 1.0994656929330661e-05 -1.0000000180025095e-35 -2.1536260169652263e-05 0.021195999999998816 4.5000000000000009 -0.0018913333333327484 0.0015107581674167483 1.0000000180025095e-35 -2.1986590714728744e-06 1.103868813023823e-05 0.019395000000000006 -0.010374983353977905 -2.1536260169652263e-05
decision_type=2 2 2 2 2 2 2 2 2 2 2 2 2 2
left_child=5 2 3 -2 -4 6 8 10 -1 -8 -3 13 -13 -7
right_child=1 7 4 -5 -6 11 9 -9 -10 -11 -12 12 -14 -15
leaf_value=0.020175823233392912 -0.0035762411695946274 0.020325633735047439 -0.0057505372414909427 0.031513476361910674 0.013748009127093062 -0.01371396484108787 0.0098704982297952021 0.027024487200477034 0.033474351564280962 0.035542050558455759 0.040219829539143853 0.021394401967709992 -0.009151042745904895 0.024467630149316022
leaf_weight=3635.7916251718998 3559.3405004888773 267.81925654411316 18854.441990911961 7317.1702031493187 5747.3283032476902 43.234345361590385 160.25250512361526 2979.0176319181919 809.51313401758671 4249.2868486642838 1945.5633816868067 113.47226080298424 669.65211044251919 190.44289457798004
leaf_count=10444 11997 827 69870 19918 18001 156 485 8045 2186 11381 5126 361 2241 538
internal_value=0.0119916 0.00867091 0.00531174 0.0200304 -0.0011954 0.0256725 0.0285791 0.0316232 0.0225976 0.0346091 0.0378126 0.000360373 -0.0047251 0.0174034
internal_weight=50542.3 40670.7 35478.3 10876.5 24601.8 9871.65 8854.84 5192.4 4445.3 4409.54 2213.38 1016.8 783.124 233.677
internal_count=161576 133784 119786 31915 87871 27792 24496 13998 12630 11866 5953 3296 2602 694
is_linear=0
shrinkage=0.05


Tree=21
num_leaves=15
num_cat=0
split_feature=11 11 10 11 10 11 1 1 12 4 11 11 2 2
split_gain=843.998 1222.45 854.813 829.229 816.379 377.235 136.487 98.4074 89.1194 58.7889 50.1531 48.816 32.821 27.7808
threshold=2.1989397291921624e-06 3.8899287235771856e-07 1.0000000180025095e-35 -4.3017790496424615e-06 1.099975508456197e-05 2.104786813728055e-06 0.026675000000000001 0.0048450000000000012 -0.99999816667005537 0.0093783333333338822 0.00085091966917527639 0.0011730119483532866 5.5000000000000009 8.5000000000000018
decision_type=2 2 2 2 2 2 2 2 2 2 2 2 2 2
left_child=1 2 3 -1 -4 9 -7 8 13 -3 -10 -9 -13 -2
right_child=7 5 4 -5 -6 6 -8 11 10 -11 -12 12 -14 -15
leaf_value=0.0012663473858846247 0.033798946811206106 -0.041954256065875516 -0.017393947759554551 0.02002307072428329 0.03843261205422123 -0.010354452916947516 0.016234602905734502 0.035969294014358326 0.025003433374505675 -0.015429195253922823 0.013222444137681699 0.013718447580351021 0.026995592331649443 -0.0038110110226947619
leaf_weight=8262.144045561552 1010.8393753916025 1115.8871620297432 3982.912802323699 20545.298776179552 783.71976295113564 3373.3707210868597 563.22377870976925 1438.792769163847 1185.048555329442 257.00270606577396 3800.8685275763273 534.94976867735386 3583.267166852951 51.606336146593094
leaf_count=27278 2668 5727 16352 60753 2152 13850 2035 3824 3336 1124 11034 1576 9709 158
internal_value=0.0114044 0.00787267 0.0113982 0.0146435 -0.00821506 -0.0144208 -0.00655025 0.0232374 0.0188242 -0.0369888 0.0160225 0.0280409 0.0252709 0.0319721
internal_weight=50488.9 38883.6 33574.1 28807.4 4766.63 5309.48 3936.59 11605.4 6048.36 1372.89 4985.92 5557.01 4118.22 1062.45
internal_count=161576 129271 106535 88031 18504 22736 15885 32305 17196 6851 14370 15109 11285 2826
is_linear=0
shrinkage=0.05


Tree=22
num_leaves=15
num_cat=0
split_feature=12 4 2 11 10 10 10 2 7 4 0 1 0 8
split_gain=792.278 571.937 486.705 432.601 426.48 186.76 335.049 233.028 186.267 112.149 90.8576 58.2277 52.5792 40.0978
threshold=0.99999816667005559 0.0026919999999999414 1.5000000000000002 2.1504579750253332e-06 1.103868813023823e-05 -1.0000000180025095e-35 -2.1536260169652263e-05 10.500000000000002 0.20858033333333084 0.0099096666666672589 0.0092350000000000019 4.0000000000000051e-05 0.06783500000000002 -0.0041249999999999976
decision_type=2 2 2 2 2 2 2 2 2 2 2 2 2 2
left_child=1 2 11 8 -4 6 -3 -7 9 -2 13 -1 -10 -5
right_child=3 5 4 10 -6 7 -8 -9 12 -11 -12 -13 -14 -15
leaf_value=0.026916938933823686 -0.020616266714644702 0.0035647859119716362 0.0041005957329577 0.016370149275797132 0.033456910945348466 0.011754801327560495 0.033591127193811847 0.026633902705266211 0.0057238253757772809 -0.0023365450647392047 0.022551970529813808 -0.03971045088084784 0.041547418456668685 -0.0012672434130197646
leaf_weight=3359.1400416493416 3331.1767395883799 1156.2195108532906 20261.291876912117 465.02989967167377 1317.6457645148039 7788.5470762997866 4728.8404059112072 3974.1560047268867 499.2220550775528 1121.5766905248165 1203.5246748328209 33.114961296319962 128.86757206916809 1049.5510684847832
leaf_count=9296 16096 3711 65080 1508 3530 24116 12595 11110 1915 4516 3572 134 379 4018
internal_value=0.0108489 0.0135301 0.0086608 -0.00380321 0.00589314 0.0204201 0.0276919 0.0167819 -0.0124163 -0.0160119 0.012297 0.0262665 0.0130739 0.00414806
internal_weight=50417.9 42619 24971.2 7798.95 21578.9 17647.8 5885.06 11762.7 5080.84 4452.75 2718.11 3392.26 628.09 1514.58
internal_count=161576 129572 78040 32004 68610 51532 16306 35226 22906 20612 9098 9430 2294 5526
is_linear=0
shrinkage=0.05


Tree=23
num_leaves=15
num_cat=0
split_feature=12 10 10 10 7 2 3 4 1 10 10 10 10 8
split_gain=739.725 974.473 1140.52 989.26 585.963 241.864 98.1616 49.2428 48.5695 47.7217 40.4426 31.5753 23.4218 19.1784
threshold=-0.99999816667005537 1.099136930360345e-05 -1.0000000180025095e-35 -2.1536260169652263e-05 0.098462333333331278 3.5000000000000004 -0.0001980000000014217 -0.011852666666665302 -0.052994999999999994 0.0081468759464242719 2.1049412290974349e-05 -0.0093220624723444594 -2.1536260169652263e-05 0.18365000000000004
decision_type=2 2 2 2 2 2 2 2 2 2 2 2 2 2
left_child=5 2 3 -2 -4 6 7 -1 11 10 -3 -7 -10 -8
right_child=1 9 4 -5 -6 8 13 -9 12 -11 -12 -13 -14 -15
leaf_value=0.015660426067087441 -0.0037776946386159482 0.019580143118788848 -0.0073879984579717246 0.028374355584845301 0.0087980440595446293 0.016221867459970597 0.032883051134931944 0.025587349410551814 -0.0079073565194446426 0.021782784267960546 0.034253124296628239 -0.010800955755313139 0.016695865855113508 -0.025468046414343682
leaf_weight=2107.1229158490896 3559.9128232449293 578.86293607950211 15767.722897052765 7294.7221086025238 8663.8613084107637 133.08878101408482 3239.2838540971279 3068.498133212328 115.29465444386005 2160.702069401741 2488.3335042595863 575.73719352483749 600.86447687447071 14.143184706568716
leaf_count=6106 11997 1757 59419 19918 28099 427 8659 8500 407 5961 6633 1919 1728 46
internal_value=0.0103167 0.00732834 0.00434356 0.0178297 -0.00164815 0.0226031 0.0258239 0.0215459 0.00355141 0.0274744 0.0314839 -0.00572717 0.012735 0.0326294
internal_weight=50368.2 40514.1 35286.2 10854.6 24431.6 9854.03 8429.05 5175.62 1424.99 5227.9 3067.2 708.826 716.159 3253.43
internal_count=161576 133784 119433 31915 87518 27792 23311 14606 4481 14351 8390 2346 2135 8705
is_linear=0
shrinkage=0.05


Tree=24
num_leaves=15
num_cat=0
split_feature=3 12 10 10 10 2 10 2 12 10 4 6 10 3
split_gain=691.01 871.233 719.299 761.74 598.257 192.004 102.942 240.125 123.743 117.512 88.684 40.629 33.7751 23.5578
threshold=0.012239999999998802 -0.99999816667005537 -1.0000000180025095e-35 -2.1536260169652263e-05 1.0988301579750727e-05 4.5000000000000009 -1.0000000180025095e-35 9.5000000000000018 -0.99952816771599273 -1.1043614372985287e-05 -0.0029426666666666356 0.74437799999999454 -0.014138359281035127 -0.01868000000000019
decision_type=2 2 2 2 2 2 2 2 2 2 2 2 2 2
left_child=1 5 3 -3 -4 10 9 8 -8 12 -1 -9 -2 -7
right_child=6 2 4 -5 -6 13 7 11 -10 -11 -12 -13 -14 -15
leaf_value=0.01766887288575272 0.028188924849241889 -0.0066075711070624063 -0.006274117017466419 0.025326335464299184 0.02655784766965302 -0.0065563889780440414 0.030781390423742502 0.026679725064065046 0.0078927372457026392 0.031196192213484571 0.028612005537528504 0.012988189049225038 0.0031854928946260979 0.011464893463600832
leaf_weight=3939.1549822539091 175.72074791789055 2883.4785690456629 17449.902509868145 5299.5819670408964 1507.3575547039509 655.21388272941113 657.62834458053112 4255.079347461462 5784.7449309974909 2741.8253635317087 3493.230311781168 620.90669566392899 583.74026915431023 250.74220253527164
leaf_count=11255 504 9938 65313 14637 4297 2206 1772 11804 18688 7309 9502 1778 1811 762
internal_value=0.00981504 0.00602738 0.00168442 0.0140737 -0.00366353 0.0201632 0.0188828 0.016565 0.0102292 0.0263753 0.0228122 0.0249362 0.00897068 -0.00156862
internal_weight=50298.3 35478.7 27140.3 8183.06 18957.3 8338.34 14819.6 11318.4 6442.37 3501.29 7432.39 4875.99 759.461 905.956
internal_count=161576 117910 94185 24575 69610 23725 43666 34042 20460 9624 20757 13582 2315 2968
is_linear=0
shrinkage=0.05


Tree=25
num_leaves=15
num_cat=0
split_feature=11 11 10 11 10 11 4 1 12 4 11 8 4 6
split_gain=634.039 1029.93 693.542 651.667 628.706 306.378 117.004 80.3468 70.4407 52.7947 48.2893 35.9875 28.94 28.524
threshold=2.1969097918628226e-06 3.8899287235771856e-07 1.0000000180025095e-35 -4.3017790496424615e-06 1.099975508456197e-05 2.104786813728055e-06 0.0019870000000009095 0.0024649999999999997 -0.99999816667005537 0.0093783333333338822 0.001124645027623661 -0.0036399999999999944 0.17240233333333463 0.49747599999999376
decision_type=2 2 2 2 2 2 2 2 2 2 2 2 2 2
left_child=1 2 3 -1 -4 9 -7 8 -2 -3 13 -10 -12 -9
right_child=7 5 4 -5 -6 6 -8 10 11 -11 12 -13 -14 -15
leaf_value=0.00048000723655909931 0.027063662195777778 -0.04018517953602721 -0.016461155757303478 0.017111019586621895 0.032494822948068686 -0.015223987041256931 0.0027046894067455393 0.033205052143043187 0.015984458120080553 -0.014915426636903643 0.023164970965399812 0.006861323490165102 0.013563409358364715 0.0093268922908552356
leaf_weight=8264.5754085928202 1045.1883183121681 1080.803441375494 3945.3533079922199 20501.925142854452 786.54950784146786 2091.5708729028702 1610.8578802347183 1436.6292186826468 3013.7650540471077 255.56976798176765 3343.2593150287867 1685.4748336821795 1025.5225856751204 136.9951363503933
leaf_count=27278 2826 5727 16352 60753 2152 8904 6186 3932 8655 1124 9273 5087 2928 399
internal_value=0.0093386 0.00624488 0.00941506 0.012333 -0.00832356 -0.0148308 -0.00742355 0.0195401 0.0153235 -0.0353526 0.0236162 0.0127123 0.0209111 0.0311263
internal_weight=50224 38537.2 33498.4 28766.5 4731.9 5038.8 3702.43 11686.8 5744.43 1336.37 5942.41 4699.24 4368.78 1573.62
internal_count=161576 128476 106535 88031 18504 21941 15090 33100 16568 6851 16532 13742 12201 4331
is_linear=0
shrinkage=0.05


Tree=26
num_leaves=15
num_cat=0
split_feature=3 12 10 10 11 2 10 2 10 12 4 6 7 10
split_gain=586.977 752.528 633.438 671.911 562.916 169.648 85.1507 201.14 99.4921 93.5419 83.0917 36.7862 31.5851 29.6978
threshold=0.013620999999999378 -0.99999816667005537 -1.0000000180025095e-35 -2.1536260169652263e-05 -1.0000000180025095e-35 5.5000000000000009 -1.0000000180025095e-35 9.5000000000000018 -1.1043614372985287e-05 -0.99952816771599273 -0.0029426666666666356 0.74437799999999454 0.56619166666666476 -0.010374983353977905
decision_type=2 2 2 2 2 2 2 2 2 2 2 2 2 2
left_child=1 5 3 -3 -4 10 8 9 12 -8 -1 -9 -2 -7
right_child=6 2 4 -5 -6 13 7 11 -10 -11 -12 -13 -14 -15
leaf_value=0.015903978763768565 7.1630894425377233e-06 -0.006410565599251618 0.0093638569788286902 0.023529629147987306 -0.0092359658135262035 0.020651772102189579 0.027616278858162466 0.024681128883281795 0.028975037941156259 0.0072884213031099449 0.026359499496928625 0.011608195236818665 0.02089418679984547 -0.0080303755072909776
leaf_weight=4058.8152127116919 452.31470027565956 2884.1664965003729 5862.6444386392832 5349.5738580226898 13287.599534854293 104.79688872396946 629.8469899892807 4167.4368872642517 2620.7773050367832 5576.8066798001528 3573.0273019522429 617.90739461779594 301.73763865232468 650.09419141709805
leaf_count=11621 1424 9954 19046 14803 51479 332 1709 11649 7039 17929 9753 1778 872 2188
internal_value=0.00888657 0.00545798 0.00144455 0.013042 -0.00354183 0.0185624 0.0174231 0.0152902 0.0243701 0.00935128 0.020799 0.0229931 0.00836521 -0.00404861
internal_weight=50137.5 35770.7 27384 8233.74 19150.2 8386.73 14366.8 10992 3374.83 6206.65 7631.84 4785.34 754.052 754.891
internal_count=161576 119176 95282 24757 70525 23894 42400 33065 9335 19638 21374 13427 2296 2520
is_linear=0
shrinkage=0.05


Tree=27
num_leaves=15
num_cat=0
split_feature=4 12 7 10 2 12 1 10 1 2 3 5 9 12
split_gain=555.474 527.015 631.23 519.995 161.542 141.974 129.475 169.281 110.924 90.9626 43.0781 42.591 37.798 24.0209
threshold=0.0059786666666679011 -0.99999816667005537 0.17418766666666544 -1.0000000180025095e-35 2.5000000000000004 0.99999816667005559 -0.024864999999999995 -1.0000000180025095e-35 0.0034650000000000002 4.5000000000000009 -0.020123999999999712 -0.014958333333332919 0.0069649999999999998 -0.77318157205673688
decision_type=2 2 2 2 2 2 2 2 2 2 2 2 2 2
left_child=1 4 3 -3 12 6 13 -8 -4 11 -6 -7 -1 -2
right_child=5 2 8 -5 10 9 7 -9 -10 -11 -12 -13 -14 -15
leaf_value=0.022646302605836513 0.0044731541266353116 0.010034725187418547 0.010006193976575768 -0.0090848004923095877 -0.0046002547588008804 0.018200576186261572 0.027932610226350959 0.015483884385736897 0.024533599225579371 0.020081798814639951 0.011109099696046154 -0.0015128808277057215 0.011449805947107131 0.016570232233243654
leaf_weight=4346.5240954905748 2092.1877420693636 4882.1239034384489 3718.4798984825611 13093.955754473805 884.4097914993763 313.16924649477005 3819.8954816013575 9578.6938255280256 2032.0431221872568 826.80448940396309 861.4718167334795 2189.9533099383116 911.92841275036335 510.49109275639057
leaf_count=12053 6464 14717 11759 50183 2884 1127 10378 28628 5948 2452 2523 8304 2640 1516
internal_value=0.00845539 0.00427816 0.00072054 -0.00389213 0.0163293 0.015096 0.0170507 0.019033 0.0151397 0.00570296 0.00315123 0.000953498 0.0207046 0.00684588
internal_weight=50062.1 30730.9 23726.6 17976.1 7004.33 19331.2 16001.3 13398.6 5750.52 3329.93 1745.88 2503.12 5258.45 2602.68
internal_count=161576 102707 82607 64900 20100 58869 46986 39006 17707 11883 5407 9431 14693 7980
is_linear=0
shrinkage=0.05


Tree=28
num_leaves=15
num_cat=0
split_feature=11 11 10 11 10 11 1 11 10 10 4 10 10 10
split_gain=529.012 837.307 570.953 563.843 540.458 281.517 97.512 83.3544 53.3735 69.6087 47.2958 29.9846 29.1974 23.206
threshold=2.1969097918628226e-06 3.8899287235771856e-07 1.0000000180025095e-35 -4.3017790496424615e-06 1.0988301579750727e-05 2.104786813728055e-06 0.021195000000000002 0.001124645027623661 1.099136930360345e-05 1.0484414003641975e-05 0.0093783333333338822 -2.1536260169652263e-05 -1.0473569783675528e-05 0.0093297890608523577
decision_type=2 2 2 2 2 2 2 2 2 2 2 2 2 2
left_child=1 2 3 -1 -4 10 -7 11 9 -9 -3 -2 -13 -10
right_child=7 5 4 -5 -6 6 -8 8 13 -11 -12 12 -14 -15
leaf_value=-0.00030352353543669562 0.00031335246737021244 -0.038560310827910081 -0.01658327492939185 0.015165028499814437 0.02573306829656305 -0.010405778734388258 0.011690426661859129 0.014243738125781774 0.023904907711864813 -0.0010653809550313358 -0.014533579684897921 0.036282872316740759 0.022999341412888705 0.015423790036395619
leaf_weight=8274.2414330989122 127.68773199617863 1049.003802895546 3757.5378994941711 20454.186049357057 944.13622209429741 3085.368049621582 595.70316216349602 4128.328853264451 1637.6449598222971 905.34526462852955 254.51528158783913 487.91447304189205 2718.6408036798239 1589.3039954006672
leaf_count=27278 382 5727 15804 60753 2700 12922 2168 11782 4552 2809 1124 1279 7805 4491
internal_value=0.00804123 0.00521596 0.00806639 0.0107098 -0.00808579 -0.013901 -0.00682998 0.0174016 0.0147082 0.0114903 -0.033869 0.0240744 0.0250206 0.0197279
internal_weight=50009.6 38414.7 33430.1 28728.4 4701.67 4984.59 3681.07 11594.9 8260.62 5033.67 1303.52 3334.24 3206.56 3226.95
internal_count=161576 128476 106535 88031 18504 21941 15090 33100 23634 14591 6851 9466 9084 9043
is_linear=0
shrinkage=0.05


Tree=29
num_leaves=15
num_cat=0
split_feature=4 12 7 10 2 10 2 10 12 1 6 1 3 4
split_gain=480.504 450.378 560.417 448.952 143.319 123.785 212.194 186.241 173.407 96.1543 56.5641 47.4751 37.7425 35.8446
threshold=0.0059786666666679011 -0.99999816667005537 0.17418766666666544 -1.0000000180025095e-35 2.5000000000000004 -1.0000000180025095e-35 10.500000000000002 -2.1536260169652263e-05 -0.99952816771599273 0.0027550000000000001 0.09887399999999251 -0.0027199999999999985 -0.045693000000000365 0.17240233333333463
decision_type=2 2 2 2 2 2 2 2 2 2 2 2 2 2
left_child=1 4 3 -3 -1 7 8 10 -7 -4 -2 -9 -6 -8
right_child=5 2 9 -5 12 6 13 11 -10 -11 -12 -13 -14 -15
leaf_value=0.01904428556267862 -0.021569140635467533 0.0090500399158125449 0.0091671388153142224 -0.0087340052404522254 -0.0076629969937916792 0.024408820369097476 0.023537059079881871 0.018446028579796128 0.0047101469600283399 0.022614382239858274 0.0076240887782689538 0.029528592458953663 0.0078223563999288322 0.01341908273178489
leaf_weight=5244.1755876094103 202.34295912086964 4876.740832850337 3657.2833041399717 13032.389712691307 599.58994303643703 1287.225687906146 3070.0080951601267 1554.2835609912872 8458.4373821914196 2088.4860647767782 921.95344249904156 2554.5451573133469 1144.7049275636673 1224.4665398150682
leaf_count=14693 727 14717 11562 50183 1994 3535 8708 4341 28282 6145 2880 6854 3413 3542
internal_value=0.00765306 0.00376256 0.000467826 -0.00389133 0.0149147 0.0138387 0.0113924 0.0204022 0.00731199 0.014055 0.0023701 0.0253363 0.00249937 0.0206522
internal_weight=49916.6 30643.4 23654.9 17909.1 6988.47 19273.3 14040.1 5233.13 9745.66 5745.77 1124.3 4108.83 1744.29 4294.47
internal_count=161576 102707 82607 64900 20100 58869 44067 14802 31817 17707 3607 11195 5407 12250
is_linear=0
shrinkage=0.05


Tree=30
num_leaves=15
num_cat=0
split_feature=11 11 10 11 10 11 4 11 1 4 12 1 10 4
split_gain=456.693 724.09 494.884 502.701 481.311 260.008 88.8105 78.7525 48.0271 43.2878 37.1476 30.5733 26.4344 25.7145
threshold=2.1969097918628226e-06 3.8899287235771856e-07 1.0000000180025095e-35 -4.3017790496424615e-06 1.0966153785041401e-05 2.104786813728055e-06 0.0019870000000009095 0.0012214569245394549 0.0024649999999999997 0.0093783333333338822 -0.9999990454554587 0.0043250000000000016 -1.1000991800846903e-05 0.17240233333333463
decision_type=2 2 2 2 2 2 2 2 2 2 2 2 2 2
left_child=1 2 3 -1 -4 9 -7 11 10 -3 -9 12 -2 -10
right_child=7 5 4 -5 -6 6 -8 8 13 -11 -12 -13 -14 -15
leaf_value=-0.00063635682983004271 -0.0022972510158671814 -0.03722404991284007 -0.017610843624305907 0.01396997113450036 0.018413723905965521 -0.013332227755051593 0.0023440915033964638 0.019979069604818794 0.019133223653363798 -0.014143884632622698 0.0068726323943911795 0.027481108044545944 0.019730227061654167 0.0099150258179640256
leaf_weight=8278.2061359584332 146.66116255521774 1022.8823541402817 3399.7042624950409 20425.025556519628 1274.8838569968939 2054.5026458948851 1612.6381665021181 653.8492978066206 3166.0011630952358 253.50377877056599 3122.2100392132998 1537.0184429883957 1909.6133510917425 994.06739461421967
leaf_count=27278 442 5727 14599 60753 3905 8904 6186 1820 8950 1124 9193 4295 5517 2883
internal_value=0.00728039 0.00465538 0.00730044 0.00975741 -0.00778599 -0.0132036 -0.00643851 0.0160053 0.0132247 -0.0326401 0.0091421 0.0221466 0.0181591 0.0169305
internal_weight=49850.8 38321.3 33377.8 28703.2 4674.59 4943.53 3667.14 11529.4 7936.13 1276.39 3776.06 3593.29 2056.27 4160.07
internal_count=161576 128476 106535 88031 18504 21941 15090 33100 22846 6851 11013 10254 5959 11833
is_linear=0
shrinkage=0.05


Tree=31
num_leaves=15
num_cat=0
split_feature=3 12 10 10 11 2 10 2 12 10 4 1 10 10
split_gain=418.726 501.776 441.709 538.777 476.44 121.869 69.5329 153.308 83.7608 79.7929 65.1402 34.5678 31.5726 24.1515
threshold=0.012239999999998802 -0.99999816667005537 -1.0473569783675528e-05 -2.1536260169652263e-05 -1.0000000180025095e-35 4.5000000000000009 -1.0000000180025095e-35 8.5000000000000018 -0.99952816771599273 -1.1043614372985287e-05 -0.0029426666666666356 0.0078850000000000031 -0.0093220624723444594 -0.010374983353977905
decision_type=2 2 2 2 2 2 2 2 2 2 2 2 2 2
left_child=1 5 3 -3 -4 10 9 8 -8 12 -1 -9 -2 -7
right_child=6 2 4 -5 -6 13 7 11 -10 -11 -12 -13 -14 -15
leaf_value=0.012458733482810068 0.017788084673174952 -0.0069222171791880564 0.0082869446124449256 0.020000454051312302 -0.0089085959773466741 0.019961021261707082 0.023847183513706044 0.010643992263578343 0.0048151769546109007 0.024343718644948054 0.021881905603893054 0.020744512445092705 -0.002831169832650947 -0.0055425688077316163
leaf_weight=3918.197182059288 323.89593113958836 2885.7004146724939 5851.4186646044254 5219.3676012307405 12928.560399398208 105.02712766826153 646.23658521473408 1076.8979569524527 5483.9662471860647 2668.5217259377241 3447.7705866396427 3969.3235345482826 434.98165889084339 799.227359816432
leaf_count=11255 951 9938 19020 14543 50684 332 1770 3179 17801 7309 9502 11292 1364 2636
internal_value=0.00692876 0.00397254 0.00065945 0.010415 -0.00355085 0.0147428 0.0140452 0.0121346 0.0068215 0.0202754 0.0168694 0.018589 0.00596932 -0.00258038
internal_weight=49759.1 35155.3 26885 8105.07 18780 8270.22 14603.8 11176.4 6130.2 3427.4 7365.97 5046.22 758.878 904.254
internal_count=161576 117910 94185 24481 69704 23725 43666 34042 19571 9624 20757 14471 2315 2968
is_linear=0
shrinkage=0.05


Tree=32
num_leaves=15
num_cat=0
split_feature=11 11 10 7 11 11 1 11 5 10 10 6 1 10
split_gain=396.714 614.387 425.098 444.73 439.288 241.374 82.131 76.2786 41.6194 41.4295 57.8994 26.8462 26.2707 23.6731
threshold=2.1969097918628226e-06 3.8899287235771856e-07 1.0000000180025095e-35 0.098462333333331278 -4.3017790496424615e-06 2.104786813728055e-06 0.021195000000000002 0.001124645027623661 0.0087586666666671 1.099136930360345e-05 1.0484414003641975e-05 1.1625939999999917 0.0034650000000000002 0.0070560009254871945
decision_type=2 2 2 2 2 2 2 2 2 2 2 2 2 2
left_child=1 2 4 -4 -1 8 -7 11 -3 10 -9 12 -2 -11
right_child=7 5 3 -5 -6 6 -8 9 -10 13 -12 -13 -14 -15
leaf_value=-0.0008621395006449214 0.017780888615657471 -0.036582793977510297 -0.020909799781173358 0.010318507283349982 0.012796270264218007 -0.0092142642891103309 0.011061341144054075 0.011856103255188249 -0.015396010849432613 0.022233418488554153 -0.0021138315455936289 -0.011398965540224038 0.02685144779417192 0.013295747944234645
leaf_weight=8277.1532985568047 1804.3522246629 941.09572111070156 2644.7292940318584 2003.9601995795965 20385.964579492807 3051.6956218928099 597.2000454813242 4095.9301274120808 307.54532451927662 1182.9658247232437 905.70066480338573 62.085462585091591 1431.612093091011 1982.4870895892382
leaf_count=27278 5245 5360 11714 6790 60753 12922 2168 11782 1491 3358 2809 193 4028 5685
internal_value=0.00659398 0.00414635 0.00657741 -0.00744788 0.00885208 -0.0123891 -0.00589584 0.0147511 -0.0313644 0.0121595 0.00932641 0.0211689 0.0217938 0.0166359
internal_weight=49674.5 38209.3 33311.8 4648.69 28663.1 4897.54 3648.9 11465.1 1248.64 8167.08 5001.63 3298.05 3235.96 3165.45
internal_count=161576 128476 106535 18504 88031 21941 15090 33100 6851 23634 14591 9466 9273 9043
is_linear=0
shrinkage=0.05


Tree=33
num_leaves=15
num_cat=0
split_feature=4 12 7 10 10 2 11 10 2 12 1 10 12 9
split_gain=378.264 324.623 492.51 308.07 123.484 171.455 163.138 150.009 115.71 76.1856 47.7005 45.7169 38.4937 31.0242
threshold=0.003797333333333808 -0.99999816667005537 0.17418766666666544 -1.0000000180025095e-35 -1.0000000180025095e-35 9.5000000000000018 -1.0000000180025095e-35 -1.1015707129802264e-05 2.5000000000000004 -0.96552349606827526 -0.00047999999999999974 -0.015163772056836498 -0.97158983835226165 0.0069649999999999998
decision_type=2 2 2 2 2 2 2 2 2 2 2 2 2 2
left_child=1 8 3 -3 7 6 -6 11 13 -4 -9 -2 -7 -1
right_child=4 2 9 -5 5 12 -8 10 -10 -11 -12 -13 -14 -15
leaf_value=0.017954676832794437 0.02256105065608114 0.0064213862578859325 -0.00041981514689869588 -0.0086747946469713528 0.019081909576810191 -0.017866524839737101 0.0025438686381228149 0.017571186507288266 0.001030596591681403 0.01508069197881255 0.028202432744435863 -0.0019472988778925717 0.01772158348034511 0.0076670916983049946
leaf_weight=4119.7745393961668 234.34670853614807 4668.5901269465685 951.69171704351902 12239.532592922449 1816.6279353350401 77.275678902864456 8323.3011291772127 2330.4126117229462 1700.5665862560272 4745.7330970019102 1928.0201393812895 1011.855192810297 4544.3130505681038 891.41658708453178
leaf_count=11536 698 14202 3085 47674 5376 251 28139 6535 5289 14526 5208 3276 13184 2597
internal_value=0.00627546 0.00264449 -0.000222388 -0.00450651 0.0115281 0.00914472 0.00550676 0.0179194 0.0123003 0.0124915 0.0223845 0.00266147 0.0171265 0.0161247
internal_weight=49583.5 29317.3 22605.5 16908.1 20266.2 14761.5 10139.9 5504.63 6711.76 5697.42 4258.43 1246.2 4621.59 5011.19
internal_count=161576 98909 79487 61876 62667 46950 33515 15717 19422 17611 11743 3974 13435 14133
is_linear=0
shrinkage=0.05


Tree=34
num_leaves=15
num_cat=0
split_feature=10 10 10 12 11 1 3 4 10 10 11 7 9 12
split_gain=347.753 723.748 394.454 336.814 379.673 177.932 112.226 70.3599 51.2218 21.8143 23.5227 20.1048 16.6227 12.3551
threshold=1.0994656929330661e-05 1.0000000180025095e-35 1.0518119963887075e-05 0.99936850006550604 -4.3017790496424615e-06 0.0026100000000000012 0.021195999999998816 -0.00029166666666607602 0.0081468759464242719 2.1049412290974349e-05 0.0011730119483532866 0.058375999999999796 3.2726800000000003 0.54028101868411449
decision_type=2 2 2 2 2 2 2 2 2 2 2 2 2 2
left_child=1 3 7 4 -1 -4 -5 -3 9 11 -11 -2 13 -10
right_child=8 2 5 6 -6 -7 -8 -9 12 10 -12 -13 -14 -15
leaf_value=-0.00058628701261333399 -0.01382985981597919 -0.045024628087522944 -0.010857375569052636 -0.011257646804650506 0.012052553634003371 0.0067714302868557806 0.0075845391084896022 -0.022318338028021873 0.0042171987070591553 0.030038521430248422 0.020043408156320879 0.017123804538315242 -0.0029386498887078879 0.015588207945854974
leaf_weight=7758.9100292176008 60.028552129864693 698.11644902825356 3785.5742237120867 2952.0612312555313 25375.350916698575 2301.6187075376511 1079.1417663693428 667.26692178845406 279.865383669734 1157.5785346180201 1197.6744513362646 415.97987303137779 158.26403802633286 1631.4106156677008
leaf_count=25134 199 3893 15354 13255 74531 8614 3593 3168 826 3221 3448 1205 477 4658
internal_value=0.00596976 0.0045811 -0.00963974 0.00743272 0.00909297 -0.00419178 -0.00621365 -0.033928 0.0186125 0.0229828 0.0249559 0.0132203 0.0126337 0.0139232
internal_weight=49518.8 44618 7452.58 37165.5 33134.3 6087.19 4031.2 1365.38 4900.8 2831.26 2355.25 476.008 2069.54 1911.28
internal_count=161576 147542 31029 116513 99665 23968 16848 7061 14034 8073 6669 1404 5961 5484
is_linear=0
shrinkage=0.05


Tree=35
num_leaves=15
num_cat=0
split_feature=4 7 12 10 11 11 11 10 10 6 11 12 6 12
split_gain=331.029 277.791 420.842 224.789 138.987 219.956 148.692 211.918 93.6689 92.0123 66.3674 59.8324 39.4518 35.0054
threshold=0.0026919999999999414 0.22610499999999703 -0.99999816667005537 -1.0000000180025095e-35 -1.0000000180025095e-35 -4.3017790496424615e-06 2.1969097918628226e-06 -1.0000000180025095e-35 -1.1043614372985287e-05 0.092369999999991223 0.0010667420310761513 -0.95854304058961659 0.015561999999991609 -0.37921296125086196
decision_type=2 2 2 2 2 2 2 2 2 2 2 2 2 2
left_child=1 2 8 -4 5 9 7 -6 -1 -2 -8 -3 -13 -7
right_child=4 11 3 -5 6 13 10 -9 -10 -11 -12 12 -14 -15
leaf_value=-0.014319777240033929 -0.0094603473900415451 0.0034705639131482795 0.0049980900148357248 -0.0076397342400370662 0.02072658850617147 0.022457590818103328 0.020310402011430639 -0.0011142101525425435 0.012727803835459789 0.012419884921819524 0.010067703961771203 -0.0054243263659466689 0.017207856873377388 0.033807353995738608
leaf_weight=339.02925361692905 679.20281495153904 1279.169483423233 4900.8393499702215 12475.574643224478 1362.7567893415689 1844.0451495796442 2122.797194570303 6003.0495082736015 5731.428932055831 1642.2923627197742 6201.9806315898895 203.54795525968075 3565.3144660890102 1075.6378714442253
leaf_count=1232 2312 4008 14997 48337 3764 5079 6083 21875 16367 5090 18136 713 10723 2860
internal_value=0.00568166 0.00217461 -0.000116073 -0.00407537 0.0104559 0.0175054 0.00810111 0.00292658 0.0112172 0.00601836 0.0126796 0.0128143 0.0159855 0.0266389
internal_weight=49426.7 28494.9 23446.9 17376.4 20931.8 5241.18 15690.6 7365.81 6070.46 2321.5 8324.78 5048.03 3768.86 2919.68
internal_count=161576 96377 80933 63334 65199 15341 49858 25639 17599 7402 24219 15444 11436 7939
is_linear=0
shrinkage=0.05


Tree=36
num_leaves=15
num_cat=0
split_feature=1 10 10 12 10 10 10 2 7 10 10 6 12 2
split_gain=314.221 485.025 416.802 326.356 344.944 139.82 117.05 116.821 71.5522 46.4273 40.7183 20.0352 18.1178 18.0171
threshold=0.016635000000000004 1.0000000180025095e-35 1.075542098716298e-05 0.98751909859389742 -2.1536260169652263e-05 1.0988301579750727e-05 1.0515252102383245e-05 5.5000000000000009 0.010279333333332859 -1.0506169384472129e-05 0.0099817492607456888 0.034098999999991698 0.89403969809438399 8.5000000000000018
decision_type=2 2 2 2 2 2 2 2 2 2 2 2 2 2
left_child=1 3 6 4 -1 -4 -3 9 -5 12 13 -11 -2 -9
right_child=7 2 5 8 -6 -7 -8 10 -10 11 -12 -13 -14 -15
leaf_value=-0.0063595446265577379 0.0045887632759006453 -0.035535090141578178 -0.0040042477143579737 -0.024068675757935937 0.0097352088671515073 0.016099963842412603 -0.014888408914255106 0.013721506581376851 -0.0053327326982349496 -0.0035351860472706068 0.01078655726265091 0.0061775457226589435 0.029049439829498265 0.021595883319539932
leaf_weight=3810.5734511017799 108.30697005987167 1125.7030592262745 3078.7203984856606 633.21274589002132 26344.465022325516 1202.6868643164635 1759.2262081503868 902.59917986392975 2609.9115360677242 880.39781013131142 1591.440993219614 1337.6535257548094 251.46772317588329 3721.806546241045
leaf_count=12967 318 6053 12117 3377 78085 3564 7619 2777 10696 3413 4626 4480 680 10804
internal_value=0.00540535 0.00354788 -0.00825509 0.00608048 0.00770138 0.00164321 -0.0229448 0.0139737 -0.00899088 0.00502479 0.0176849 0.00232233 0.0216858 0.0200589
internal_weight=49358.2 40564.5 7166.34 33398.2 30155 4281.41 2884.93 8793.67 3243.12 2577.83 6215.85 2218.05 359.775 4624.41
internal_count=161576 134478 29353 105125 91052 15681 13672 27098 14073 8891 18207 7893 998 13581
is_linear=0
shrinkage=0.05


Tree=37
num_leaves=15
num_cat=0
split_feature=4 7 12 10 11 11 11 12 2 6 10 12 0 12
split_gain=291.487 247.415 364.373 195.681 123.229 195.598 131.152 91.9184 83.8634 82.3236 77.4969 51.7358 36.7747 31.5138
threshold=0.0026919999999999414 0.22610499999999703 -0.99999816667005537 -1.0000000180025095e-35 -1.0000000180025095e-35 -4.3017790496424615e-06 2.2315482794965649e-13 -0.99896297593839301 2.5000000000000004 0.092369999999991223 -1.0000000180025095e-35 -0.95854304058961659 0.0025750000000000005 -0.37921296125086196
decision_type=2 2 2 2 2 2 2 2 2 2 2 2 2 2
left_child=1 2 8 -4 5 9 7 -6 -1 -2 -8 -3 -13 -7
right_child=4 11 3 -5 6 13 10 -9 -10 -11 -12 12 -14 -15
leaf_value=0.013577515733889371 -0.0091996882905086338 0.0032045308097701196 0.0044599800816072215 -0.0073438593966259477 0.017073804591603625 0.020953246320840981 0.016444267184251373 -0.013019539086697056 -0.00013903128871303866 0.011507751363808459 0.0070878238183022376 0.0017307209465029262 0.01670914615457338 0.031752289732009394
leaf_weight=4581.7785687744617 677.974559918046 1278.3722573965788 4894.0382397174835 12425.31913164258 322.67003692686558 1835.4162704646587 2748.0761520415545 1187.9518463611603 1472.4811909049749 1643.4045263677835 11368.510235160589 467.97367399930954 3295.6695492714643 1069.0667657852173
leaf_count=13005 2312 4008 14997 48337 903 5079 7791 4315 4594 5090 36849 1593 9843 2860
internal_value=0.00514414 0.00184956 -0.000317368 -0.00400838 0.00963353 0.0162802 0.00741084 -0.00659158 0.0102415 0.00546 0.00890924 0.0118949 0.0148467 0.0249281
internal_weight=49268.7 28415.6 23373.6 17319.4 20853.1 5225.86 15627.2 1510.62 6054.26 2321.38 14116.6 5042.02 3763.64 2904.48
internal_count=161576 96377 80933 63334 65199 15341 49858 5218 17599 7402 44640 15444 11436 7939
is_linear=0
shrinkage=0.05


Tree=38
num_leaves=15
num_cat=0
split_feature=1 10 10 12 10 10 10 2 7 10 10 11 4 12
split_gain=280.784 420.82 375.581 279.552 312.738 123.908 108.852 103.564 64.5352 39.4842 37.9525 18.7859 16.6443 16.4003
threshold=0.016635000000000004 1.0000000180025095e-35 1.075542098716298e-05 0.98751909859389742 -2.1536260169652263e-05 1.0988301579750727e-05 1.0515252102383245e-05 5.5000000000000009 0.010279333333332859 -1.0506169384472129e-05 0.014222100261851446 -2.0950030465982645e-06 0.59219666666666793 0.89403969809438399
decision_type=2 2 2 2 2 2 2 2 2 2 2 2 2 2
left_child=1 3 6 4 -1 -4 -3 9 -5 13 12 -11 -9 -2
right_child=7 2 5 8 -6 -7 -8 10 -10 11 -12 -13 -14 -15
leaf_value=-0.0063974262229155934 0.0037302395747951279 -0.034251403608492874 -0.0038362963732310428 -0.022951647455325748 0.0089315483089685687 0.015115016913232492 -0.01419032218762596 0.018583606490682379 -0.005036291358325156 0.011049362691620376 0.0070716762488683251 -0.00026781053829897343 0.0003852921610958493 0.027064933491260115
leaf_weight=3809.3865412473679 107.91010761260986 1102.9170353710651 3073.4046047627926 623.00841981172562 26293.244277313352 1198.9720889180899 1747.6714754402637 5149.5103262364864 2602.4864038079977 463.5885938256979 907.75624813139439 1754.2626668214798 128.78658063709736 249.1592110991478
leaf_count=12967 318 6053 12117 3377 78085 3564 7619 15138 10696 1527 2676 6366 393 680
internal_value=0.00489276 0.00313511 -0.00789622 0.00549275 0.00699172 0.00148208 -0.0219521 0.0130081 -0.00849667 0.00458211 0.0165155 0.00209777 0.0181396 0.0200129
internal_weight=49212.1 40451.1 7122.97 33328.1 30102.6 4272.38 2850.59 8760.97 3225.49 2574.92 6186.05 2217.85 5278.3 357.069
internal_count=161576 134478 29353 105125 91052 15681 13672 27098 14073 8891 18207 7893 15531 998
is_linear=0
shrinkage=0.05


Tree=39
num_leaves=15
num_cat=0
split_feature=11 11 11 10 7 12 12 11 1 4 1 10 6 9
split_gain=266.579 434.074 772.214 584.424 473.734 272.855 87.1259 70.5722 37.8767 30.6182 30.7203 23.7967 23.7089 20.8648
threshold=2.1969097918628226e-06 -1.0000000180025095e-35 -4.3017790496424615e-06 -1.0506169384472129e-05 0.12670233333333086 -0.99952816771599273 -0.99999995604374547 0.0012214569245394549 -0.0020849999999999992 0.18123999999999993 0.0020000000000000013 -1.1000991800846903e-05 1.7063089999999923 -0.081749999999999975
decision_type=2 2 2 2 2 2 2 2 2 2 2 2 2 2
left_child=1 2 4 8 -1 -5 -4 11 -3 10 -9 13 -13 -2
right_child=7 3 6 5 -6 -7 -8 9 -10 -11 -12 12 -14 -15
leaf_value=-0.014054881447822506 -0.017150709195516766 0.010820795940344026 0.009067142300974362 0.0093139163635548184 0.0079572289951586623 -0.0091764776179689856 0.021974272746120165 0.0066930771374302438 0.021469068105361946 0.002672239929808474 0.013783313109238207 0.018584489081695011 -0.030239210566725228 0.018208806306881879
leaf_weight=4167.3251966685057 91.650223821401596 1581.0685316622257 1625.7167603075504 2332.5437818318605 5911.6912427544594 13794.27547930181 6678.7054241597652 2944.4273636639118 1770.1181791871786 1636.4340123534203 3175.1469994187355 3314.5156060010195 25.053082123398781 76.579279854893684
leaf_count=14990 289 4522 4679 6714 18671 55484 18539 8683 4877 4896 9267 9667 83 215
internal_value=0.00465608 0.0026471 0.00815787 -0.00255398 -0.00114402 -0.00650207 0.0194475 0.0114089 0.0164453 0.00874732 0.0103719 0.0172939 0.0182182 -0.0010548
internal_weight=49125.3 37861.4 18383.4 19478 10079 16126.8 8304.42 11263.8 3351.19 7756.01 6119.57 3507.8 3339.57 168.23
internal_count=161576 128476 56879 71597 33661 62198 23218 33100 9399 22846 17950 10254 9750 504
is_linear=0
shrinkage=0.05


Tree=40
num_leaves=15
num_cat=0
split_feature=3 12 7 10 11 11 10 10 1 11 11 2 3 7
split_gain=251.868 257.515 262.33 268.461 99.337 119.291 121.593 88.4052 83.4113 65.2055 53.2907 37.2723 36.9886 36.4623
threshold=0.0057109999999995749 -0.99999816667005537 0.10523499999999736 1.0000000180025095e-35 -2.0950030465982645e-06 2.1599801147687008e-06 -1.0503601477473977e-05 1.099136930360345e-05 -0.0058899999999999951 0.0012214569245394549 -2.1930646942891481e-06 1.5000000000000002 -0.00013300000000053154 0.2509569999999966
decision_type=2 2 2 2 2 2 2 2 2 2 2 2 2 2
left_child=1 8 3 -3 10 6 -6 -4 11 -7 13 -1 -10 -2
right_child=4 2 7 -5 5 9 -8 -9 12 -11 -12 -13 -14 -15
leaf_value=0.012078714075093958 0.0030188300844128674 -0.00087514286540368966 0.0044526865313177467 -0.01621061843258877 0.019350165869117721 0.017279858987005899 -0.0027892933744440226 0.020584591157637978 0.011335208129366708 0.0081984071992216318 0.025103646924721803 0.00011689186992907001 0.021381602634505108 0.019279111799025986
leaf_weight=915.47550800442696 687.80404950678349 11818.675343260169 7984.5903958827257 3762.2824329584837 745.254035577178 2787.5509415864944 3695.1660603731871 950.3542153686285 3300.9244093596935 6794.075498983264 1365.6395875811577 2256.1277538239956 1268.1902139335871 691.27920481562614
leaf_count=2610 2168 40499 26067 17901 2078 8352 13459 2683 9448 20078 3737 6973 3500 2023
internal_value=0.00443272 0.00184885 -0.000661465 -0.00457815 0.00940367 0.00770094 0.000926463 0.00616854 0.00979936 0.0108404 0.0181024 0.00356964 0.0141237 0.0111695
internal_weight=49023.4 32256.6 24515.9 15581 16766.8 14022 4440.42 8934.94 7740.72 9581.63 2744.72 3171.6 4569.11 1379.08
internal_count=161576 109681 87150 58400 51895 43967 15537 28750 22531 28430 7928 9583 12948 4191
is_linear=0
shrinkage=0.05


Tree=41
num_leaves=15
num_cat=0
split_feature=1 10 10 12 10 10 2 7 4 10 10 4 0 6
split_gain=240.387 332.995 334.931 227.385 264.444 152.196 83.2054 57.2014 43.7385 36.5236 29.8624 18.2681 15.7413 15.5378
threshold=0.016635000000000004 1.0000000180025095e-35 1.0521441029531788e-05 0.98751909859389742 -2.1536260169652263e-05 1.0988301579750727e-05 5.5000000000000009 0.010279333333332859 -0.00029166666666607602 0.0093297890608523577 -1.0506169384472129e-05 0.59219666666666793 2.0802000000000005 0.034098999999991698
decision_type=2 2 2 2 2 2 2 2 2 2 2 2 2 2
left_child=1 3 8 4 -1 -4 10 -5 -3 11 -2 -8 -11 -12
right_child=6 2 5 7 -6 -7 9 -9 -10 12 13 -13 -14 -15
leaf_value=-0.0062837351209423841 0.017701535786796476 -0.040065927175449295 -0.0064155604428166356 -0.021732597249451202 0.0078226235258326664 0.013613863997596384 0.017778751497379851 -0.0047344770982688097 -0.020988780764763085 0.010787428577423059 -0.0031396464628597812 -0.0034470722275987084 -0.0022379607562137997 0.0054293595006171744
leaf_weight=3804.7064786851406 352.83292216062546 649.6462979465723 4642.9362577348948 611.81518483161926 26204.932808622718 1191.9048328995705 4352.1599641293287 2590.6494578123093 558.96917876601219 1399.4404539465904 875.46875101327896 103.78628526628017 278.03587581217289 1336.795410990715
leaf_count=12967 998 3923 19025 3377 78085 3564 12940 10696 2841 4103 3413 322 842 4480
internal_value=0.00421717 0.00258847 -0.00728639 0.00468269 0.00603418 -0.00232407 0.0117546 -0.00798188 -0.031243 0.014917 0.00419281 0.0172844 0.00862852 0.00203831
internal_weight=48954.1 40255.6 7043.46 33212.1 30009.6 5834.84 8698.52 3202.46 1208.62 6133.42 2565.1 4455.95 1677.48 2212.26
internal_count=161576 134478 29353 105125 91052 22589 27098 14073 6764 18207 8891 13262 4945 7893
is_linear=0
shrinkage=0.05


Tree=42
num_leaves=15
num_cat=0
split_feature=4 7 12 10 11 11 11 12 6 2 10 12 6 12
split_gain=228.857 197.104 257.961 176.876 91.9925 152.983 102.246 71.0143 69.5486 64.1263 58.1695 42.2487 31.1676 27.536
threshold=0.0026919999999999414 0.22610499999999703 -0.99999816667005537 -2.1536260169652263e-05 -1.0000000180025095e-35 -4.3017790496424615e-06 2.2315482794965649e-13 -0.99896297593839301 0.15053899999999162 2.5000000000000004 -1.0000000180025095e-35 -0.95854304058961659 0.015561999999991609 -0.37921296125086196
decision_type=2 2 2 2 2 2 2 2 2 2 2 2 2 2
left_child=1 2 9 -4 5 8 7 -6 -2 -1 -8 -3 -13 -7
right_child=4 11 3 -5 6 13 10 -9 -10 -11 -12 12 -14 -15
leaf_value=0.010986748178012044 -0.0054348552923342251 0.0022080850123059109 -0.0214127332296783 -0.0025055923076550872 0.014550333212312021 0.017760935425513373 0.013986337220084839 -0.012017584430786267 0.011983059754909849 -0.0010357501513259743 0.0058273221350457483 -0.0063438266065426506 0.013830660161170225 0.027923881643245219
leaf_weight=4543.7294786721468 1033.2095659226179 1276.5732681453228 1341.8483192622662 15825.845299899578 319.86510235071182 1813.6868589669466 2709.4700779020786 1177.1258127689362 1286.9739865064621 1467.3174477666616 11275.663214296103 202.3762286901474 3543.4388608634472 1053.7322705984116
leaf_count=13005 3467 4008 4950 58384 903 5079 7791 4315 3935 4594 36849 713 10723 2860
internal_value=0.00401287 0.00108359 -0.0008622 -0.0039834 0.00800949 0.013772 0.00607865 -0.00634076 0.00422662 0.00805201 0.00740804 0.0100635 0.0127407 0.0214957
internal_weight=48870.9 28201.1 23178.7 17167.7 20669.7 5187.6 15482.1 1496.99 2320.18 6011.05 13985.1 5022.39 3745.82 2867.42
internal_count=161576 96377 80933 63334 65199 15341 49858 5218 7402 17599 44640 15444 11436 7939
is_linear=0
shrinkage=0.05


Tree=43
num_leaves=15
num_cat=0
split_feature=10 10 2 12 7 11 10 12 1 4 10 6 10 4
split_gain=218.547 432.837 358.122 286.756 248.195 180.012 86.6896 80.165 66.9577 62.3096 62.0369 40.0546 36.3979 28.3803
threshold=-1.047854410463067e-05 -2.1536260169652263e-05 10.500000000000002 -0.99952816771599273 0.17418766666666544 2.1976472774909443e-06 -0.010374983353977905 -0.99018842104513582 -0.0022199999999999985 -0.0018913333333327484 -0.0093220624723444594 0.020929999999993076 -1.0509487879950539e-05 0.59219666666666793
decision_type=2 2 2 2 2 2 2 2 2 2 2 2 2 2
left_child=1 4 3 9 10 -5 -6 -4 13 -2 -1 -9 -10 -3
right_child=2 8 7 5 6 -7 -8 11 12 -11 -12 -13 -14 -15
leaf_value=-0.0043113223395193096 0.0046680649480330596 0.009881693069878272 -0.023317235694427074 -0.0056785311085376785 0.015766925153614286 0.0060021919771444353 -0.0035455088209683304 -0.002175011113689652 0.018908812634776544 0.01607170605010632 -0.0254911127727202 0.013413430728879528 0.0075566558214841418 -0.038700727806655386
leaf_weight=479.40116800367832 2577.3396472483873 4900.1399278640747 160.61712665855885 17782.590986847878 1087.2203943431377 4049.5060464292765 1248.1775591224432 440.24634602665901 5332.8108809888363 2238.0268170237541 1240.0339852422476 6442.2068558037281 813.84500452876091 30.246224477887154
leaf_count=1690 7564 14141 547 69050 3335 12045 4061 1473 14974 6289 4699 19241 2365 102
internal_value=0.00381617 0.00880778 0.00157422 -0.00107601 -0.00516914 -0.00351194 0.0054452 0.0116014 0.0139241 0.00996811 -0.0195859 0.0124163 0.0174057 0.00958366
internal_weight=48822.4 15131.9 33690.5 26647.5 4054.83 21832.1 2335.4 7043.07 11077 4815.37 1719.44 6882.45 6146.66 4930.39
internal_count=161576 45367 116209 94948 13785 81095 7396 21261 31582 13853 6389 20714 17339 14243
is_linear=0
shrinkage=0.05


Tree=44
num_leaves=15
num_cat=0
split_feature=1 10 10 12 10 11 2 4 1 10 10 4 12 9
split_gain=204.445 292.297 382.441 241.377 216.718 191.442 66.6247 59.1388 57.1607 35.4013 22.3196 17.8859 14.9949 14.2608
threshold=0.016635000000000004 -1.0475949074884026e-05 -2.1536260169652263e-05 -0.99952816771599273 -0.0093220624723444594 2.1969097918628226e-06 5.5000000000000009 -0.0018913333333327484 -0.0022199999999999985 0.0070560009254871945 -1.0506169384472129e-05 0.59219666666666793 0.88500952267324207 0.072395000000000015
decision_type=2 2 2 2 2 2 2 2 2 2 2 2 2 2
left_child=1 2 4 7 -1 -5 10 -3 -4 11 12 -8 -2 -12
right_child=6 3 8 5 -6 -7 9 -9 -10 -11 13 -13 -14 -15
leaf_value=0.0082560739434475085 -0.00078070078011752966 0.0039646549652290258 0.0090158977557076598 -0.0058018582614807312 -0.015915720966636137 0.0058346556463025195 0.016725521104350299 0.01508781697679258 0.016450245449292144 0.0081734482965617593 -0.00125776904908496 -0.0053137404814987497 0.022157182751769547 0.0069630006601645996
leaf_weight=1609.7991585731506 99.822990953922272 2597.7015168219805 4971.2798420637846 16630.754726700485 2187.1605434119701 4488.4578121453524 3905.4369933158159 2212.9404631108046 5387.6268223822117 2087.5975223630667 1339.3591844439507 94.27926541864872 248.90382558107376 870.35551235079765
leaf_count=5179 300 7646 14390 64508 7832 13434 11712 6241 15248 6200 4922 295 698 2971
internal_value=0.00363237 0.00212833 0.00790688 -0.00102636 -0.00566759 -0.00332875 0.0106058 0.00908141 0.0128825 0.0134513 0.00383544 0.016206 0.0155912 0.0019802
internal_weight=48731.5 40085.7 14155.9 25929.9 3796.96 21119.2 8645.76 4810.64 10358.9 6087.31 2558.44 3999.72 348.727 2209.71
internal_count=161576 134478 42649 91829 13011 77942 27098 13887 29638 18207 8891 12007 998 7893
is_linear=0
shrinkage=0.05


Tree=45
num_leaves=15
num_cat=0
split_feature=4 7 10 11 10 11 11 11 6 1 12 7 7 2
split_gain=187.829 173.999 257.588 253.684 208.205 81.8266 128.628 85.6618 60.7132 57.5129 55.8896 53.3604 50.8774 28.1457
threshold=0.0026919999999999414 0.11249966666666536 1.0000000180025095e-35 -2.1986590714728744e-06 1.075542098716298e-05 -1.0000000180025095e-35 -4.3017790496424615e-06 2.2315482794965649e-13 0.092369999999991223 0.0026100000000000012 -0.99896297593839301 0.01466566666666564 0.56619166666666476 8.5000000000000018
decision_type=2 2 2 2 2 2 2 2 2 2 2 2 2 2
left_child=1 2 3 -1 -4 6 8 10 -2 12 -7 -9 -3 -11
right_child=5 9 4 -5 -6 7 -8 11 -10 13 -12 -13 -14 -15
leaf_value=-0.01232182779557593 -0.0088470428906016387 0.0017208796608292954 -0.027237316039256262 0.0038360988646264139 -0.0023925661802571318 0.012479228299241004 0.019668269680077528 -0.0055740737339848509 0.0089775247781499166 0.0067831290907612004 -0.011174760201952696 0.0072783651850026436 0.013256807384968284 0.017170705277509524
leaf_weight=2990.3013647943735 673.62853540480137 4922.2416111826897 1631.7699295803905 12945.913707524538 1745.0665089637041 317.35081112384796 2841.5090219676495 860.85587076842785 1642.7853024154902 1133.5078410357237 1171.8952488601208 13050.393289491534 1186.0965226739645 1535.4948818087578
leaf_count=10514 2312 15882 9072 41924 7181 903 7939 3374 5090 3706 4315 41266 3602 4496
internal_value=0.00345686 0.000799003 -0.0018539 0.000804195 -0.0143982 0.00708847 0.0125392 0.00526293 0.00379402 0.00663626 -0.00613421 0.00648303 0.00396089 0.0127592
internal_weight=48648.8 28090.4 19313.1 15936.2 3376.84 20558.4 5157.92 15400.5 2316.41 8777.34 1489.25 13911.2 6108.34 2669
internal_count=161576 96377 68691 52438 16253 65199 15341 49858 7402 27686 5218 44640 19484 8202
is_linear=0
shrinkage=0.05


Tree=46
num_leaves=15
num_cat=0
split_feature=1 10 10 12 11 10 2 11 10 4 10 7 6 11
split_gain=178.444 304.349 242.003 185.226 188.112 117.1 82.0312 54.2082 43.8819 31.4245 28.999 30.4506 24.3394 15.4536
threshold=0.005944999999999998 1.0000000180025095e-35 1.0521441029531788e-05 0.95016476113522808 -4.3017790496424615e-06 1.0988301579750727e-05 5.5000000000000009 2.106731329387657e-06 -1.0506169384472129e-05 -0.00029166666666607602 0.014222100261851446 0.013997999999997854 0.034098999999991698 0.0014038866432208865
decision_type=2 2 2 2 2 2 2 2 2 2 2 2 2 2
left_child=1 3 9 4 -1 -4 8 -5 13 -3 11 -8 -10 -2
right_child=6 2 5 7 -6 -7 10 -9 12 -11 -12 -13 -14 -15
leaf_value=-0.0024874330125346567 0.018849481947699663 -0.038320171734077479 -0.0077658241898184537 -0.013905268894353279 0.007083432910862217 0.01187013186319249 -0.00650559808123145 0.00071104939620107764 -0.0030736979962235887 -0.020991855212212238 0.0035058329843474312 0.013750771601887625 0.0050687910885581925 -0.0094406597474299709
leaf_weight=6739.3178645372391 511.92591014504433 574.9610218629241 4031.2982275485992 1792.9031013399363 21552.723074927926 935.45001263916492 191.27810557186604 981.67947299778461 1740.8397624418139 480.10696026682854 889.92770905792713 6173.1557269096375 1941.1472933739424 53.298318699002266
leaf_count=22096 1447 3633 16753 8456 64245 2813 678 3865 7069 2496 2682 18608 6566 169
internal_value=0.00328779 0.00160043 -0.00868731 0.00359456 0.0048036 -0.00406754 0.0087289 -0.00873385 0.0032103 -0.0304349 0.0119599 0.013142 0.00121903 0.0161818
internal_weight=48590 37088.4 6021.82 31066.6 28292 4966.75 11501.6 2774.58 4247.21 1055.07 7254.36 6364.43 3681.99 565.224
internal_count=161576 124357 25695 98662 86341 19566 37219 12321 15251 6129 21968 19286 13635 1616
is_linear=0
shrinkage=0.05


Tree=47
num_leaves=15
num_cat=0
split_feature=10 10 2 12 7 11 10 12 1 4 11 6 10 4
split_gain=170.679 337.921 270.627 218.89 208.17 183.768 100.612 70.4982 53.744 44.8475 43.8462 33 30.7986 25.9222
threshold=-1.0481457918265489e-05 -2.1536260169652263e-05 10.500000000000002 -0.99952816771599273 0.4538706666666647 -1.0000000180025095e-35 -0.0093220624723444594 -0.99018842104513582 -0.0022199999999999985 -0.0088149999999993459 -0.0049192204784798124 0.020929999999993076 -1.0509487879950539e-05 0.59219666666666793
decision_type=2 2 2 2 2 2 2 2 2 2 2 2 2 2
left_child=1 4 3 9 6 -5 -1 -4 13 -2 -6 -9 -10 -3
right_child=2 8 7 5 10 -7 -8 11 12 -11 -12 -13 -14 -15
leaf_value=0.00059159450644216487 0.0022795665249874439 0.0085464003503753754 -0.02264220861728778 0.0048940637298877957 0.024762593567805465 -0.0058666266643076451 -0.018954323604679659 -0.0025628926465183178 0.016671970123879765 0.012190644763676258 0.0050210904426847428 0.011603597077815976 0.0057920508527489365 -0.037816491823889603
leaf_weight=1021.9901249408722 1832.8894261866808 4822.7058054953814 162.40226677060127 5219.0411949902773 474.2342312335968 16546.848433881998 1850.5148604512215 439.39674463868141 5271.8620269447565 3025.413379997015 691.21132566034794 6379.6490810662508 742.00936229526997 30.338520377874374
leaf_count=3424 5431 13998 554 17269 1420 63951 6813 1474 14974 8621 2128 19242 2175 102
internal_value=0.00312828 0.00758161 0.00115313 -0.00114452 -0.00476894 -0.00328642 -0.0120002 0.00991536 0.0121708 0.0084515 0.0130542 0.0106908 0.0153296 0.00825657
internal_weight=48510.5 14904.9 33605.6 26624.2 4037.95 21765.9 2872.5 6981.45 10866.9 4858.3 1165.45 6819.05 6013.87 4853.04
internal_count=161576 45034 116542 95272 13785 81220 10237 21270 31249 14052 3548 20716 17149 14100
is_linear=0
shrinkage=0.05


Tree=48
num_leaves=15
num_cat=0
split_feature=4 7 11 11 11 11 11 11 6 1 12 1 7 12
split_gain=161.977 152.037 212.933 508.375 110.343 68.0755 108.763 72.8708 53.2978 45.9593 45.5898 45.4412 42.4003 26.2662
threshold=0.0026919999999999414 0.11249966666666536 -2.1986590714728744e-06 -2.0961529456631207e-06 -0.0013859288799322742 -1.0000000180025095e-35 -4.3017790496424615e-06 2.2315482794965649e-13 0.14660899999999241 0.0015200000000000007 -0.99896297593839301 0.0026100000000000012 0.56619166666666476 -0.37921296125086196
decision_type=2 2 2 2 2 2 2 2 2 2 2 2 2 2
left_child=1 2 4 -4 -1 6 8 10 -2 -9 -7 12 -3 -8
right_child=5 11 3 -5 -6 7 13 9 -10 -11 -12 -13 -14 -15
leaf_value=-0.0048476675837093646 -0.0053159703811517462 0.0015392596295009881 0.015215830016348748 -0.0049915394429319694 -0.022778460505545727 0.011010907513717583 0.014264745406230128 0.003010965497680651 0.0099851438290593439 0.0087739667632855869 -0.010417193084499237 0.011422018236301989 0.01207243344035302 0.024281819725037845
leaf_weight=1832.2363687157631 1009.5112873464823 4913.6526709645987 4266.9353592693806 11503.723764777184 1613.6151710450649 315.39812353253365 1784.1758563965559 7106.8530230522156 1304.5933466553688 6740.8963025212288 1165.4314009696245 2656.8931686729193 1186.0231115072966 1033.4955823272467
leaf_count=6583 3407 15882 12121 43947 6040 903 5079 22978 3995 21662 4315 8202 3602 2860
internal_value=0.00297678 0.000503862 -0.00198444 0.0004758 -0.0132443 0.00635772 0.0113423 0.00468897 0.00331014 0.00581632 -0.00585328 0.00596451 0.00358733 0.0179389
internal_weight=48433.4 27973.1 19216.5 15770.7 3445.85 20460.4 5131.78 15328.6 2314.1 13847.7 1480.83 8756.57 6099.68 2817.67
internal_count=161576 96377 68691 56068 12623 65199 15341 49858 7402 44640 5218 27686 19484 7939
is_linear=0
shrinkage=0.05


Tree=49
num_leaves=15
num_cat=0
split_feature=10 10 2 12 7 11 10 12 10 1 4 6 10 5
split_gain=151.77 297.767 234.508 194.146 181.621 159.589 64.0449 62.9363 48.2033 47.4239 39.5651 29.1464 27.928 23.638
threshold=-1.0481457918265489e-05 -2.1536260169652263e-05 10.500000000000002 -0.99952816771599273 0.17418766666666544 -1.0000000180025095e-35 -0.010374983353977905 -0.99018842104513582 -0.0027413120817942889 -0.0022199999999999985 -0.0018913333333327484 0.020929999999993076 -1.0509487879950539e-05 0.35349450000000077
decision_type=2 2 2 2 2 2 2 2 2 2 2 2 2 2
left_child=1 4 3 10 8 -5 -6 -4 -1 13 -2 -9 -11 -3
right_child=2 9 7 5 6 -7 -8 11 -10 12 -12 -13 -14 -15
leaf_value=-0.011582404664157508 0.003679559335130696 0.0080408964904142219 -0.021638139885429945 0.0044349362736841374 0.013306435703218196 -0.0055965278792514117 -0.0032827867940526073 -0.0025807436651333914 -0.030088609861938322 0.01562097400400176 0.012738506355586985 0.010740021030416765 0.0052431284527766171 -0.026152232094281819
leaf_weight=1192.1085457056761 2600.9077550172806 4789.3096498847008 162.18376466631889 5216.9167092293501 1091.7765443772078 16518.107607722282 1245.5292774289846 439.03232385218143 499.22303348779678 5240.7223305255175 2246.2599203586578 6350.8975283205509 739.79889364540577 51.083601921796799
leaf_count=4410 7654 13934 554 17269 3335 63951 4061 1474 1979 14974 6398 19242 2175 166
internal_value=0.00283095 0.00703919 0.000967464 -0.00117083 -0.00456471 -0.00318874 0.00446619 0.00914346 -0.0170448 0.0113593 0.00787763 0.00987871 0.0143372 0.00768004
internal_weight=48383.9 14849.6 33534.3 26582.2 4028.64 21735 2337.31 6952.11 1691.33 10820.9 4847.17 6789.93 5980.52 4840.39
internal_count=161576 45034 116542 95272 13785 81220 7396 21270 6389 31249 14052 20716 17149 14100
is_linear=0
shrinkage=0.05


Tree=50
num_leaves=15
num_cat=0
split_feature=4 7 10 10 10 11 11 11 6 5 10 1 7 12
split_gain=144.181 133.29 193.119 188.268 179.197 56.4111 95.7735 64.1987 48.2376 44.7167 42.3431 39.7743 37.102 24.1103
threshold=0.0026919999999999414 0.11249966666666536 1.0000000180025095e-35 -1.1015707129802264e-05 1.0752138435154991e-05 -1.0000000180025095e-35 -4.3017790496424615e-06 2.2315482794965649e-13 0.092369999999991223 -0.060481666666665899 -1.0000000180025095e-35 0.0026100000000000012 0.56619166666666476 -0.37921296125086196
decision_type=2 2 2 2 2 2 2 2 2 2 2 2 2 2
left_child=1 2 3 -1 -4 6 8 10 -2 -9 -7 12 -3 -8
right_child=5 11 4 -5 -6 7 13 9 -10 -11 -12 -13 -14 -15
leaf_value=-0.019674233275863203 -0.0083901500532943818 0.0013324523976605532 -0.025761487553762105 0.0018030953309071632 -0.0023892983832366948 0.016725938849648399 0.013129660478463402 0.015870442590039217 0.0075222561641416861 0.0046523037163650142 -0.0087662924676421474 0.010585933294687802 0.011186057471041779 0.022762176877488601
leaf_weight=1096.178215816617 670.85369971394539 4910.6483355164528 1497.2937901839614 14753.414148017764 1813.3013671040535 186.45624168217182 1774.0393561273813 954.23683780431747 1642.0157536566257 12859.029128730297 1289.0881451368332 2650.5341335833073 1186.0500668436289 1024.9423766285181
leaf_count=4246 2312 15882 8677 48192 7576 527 5079 2912 5090 41728 4691 8202 3602 2860
internal_value=0.00269377 0.000358296 -0.00197648 0.000317696 -0.0129599 0.00588863 0.0104357 0.00436832 0.00290682 0.00542727 -0.00554498 0.00547245 0.00324937 0.0166569
internal_weight=48308.1 27907.4 19160.2 15849.6 3310.6 20400.7 5111.85 15288.8 2312.87 13813.3 1475.54 8747.23 6096.7 2798.98
internal_count=161576 96377 68691 52438 16253 65199 15341 49858 7402 44640 5218 27686 19484 7939
is_linear=0
shrinkage=0.05


Tree=51
num_leaves=15
num_cat=0
split_feature=1 10 10 12 11 10 2 4 10 4 10 7 3 12
split_gain=136.898 231.602 207.765 142.054 137.514 93.9254 59.4102 50.0002 37.2946 29.0055 24.1935 26.0733 22.4403 12.5561
threshold=0.005944999999999998 1.0000000180025095e-35 1.0521441029531788e-05 0.91842194842919034 -4.3017790496424615e-06 1.0988301579750727e-05 3.5000000000000004 0.0031860000000005339 -1.0506169384472129e-05 -0.00029166666666607602 0.014222100261851446 0.014348999999998042 0.026346999999999472 0.31818176394629138
decision_type=2 2 2 2 2 2 2 2 2 2 2 2 2 2
left_child=1 3 9 4 -1 -4 8 -5 -2 -3 11 -8 -10 -12
right_child=6 2 5 7 -6 -7 10 -9 12 -11 13 -13 -14 -15
leaf_value=-0.0023375250528191957 0.017659633050782615 -0.036303897694912067 -0.0070312452468507501 -0.013439594861693705 0.0058792775581097108 0.0106053304418787 -0.0024816823647479851 -0.00023674658452494074 -0.0046339410387913702 -0.019383617210927073 -0.028202093051086247 0.01082714503256087 0.0061539499191710636 0.0026370001827345935
leaf_weight=6692.449191108346 288.05683708190918 549.27152937650681 4002.5407119840384 1644.455205515027 21291.042160004377 930.3866685628891 386.87310969829559 1271.5975429564714 1619.1302804127336 470.02160827815533 34.350125715136528 7546.5193295478821 686.41662184894085 843.47593565285206
leaf_count=22022 827 3633 16753 7990 63799 2813 1430 4851 6711 2496 114 23320 2249 2568
internal_value=0.0025616 0.00108009 -0.00795118 0.00281979 0.00391417 -0.00370486 0.00734872 -0.00768225 0.000697176 -0.0285015 0.00930662 0.0101781 -0.00142213 0.00143024
internal_weight=48256.6 36851.8 5952.22 30899.5 27983.5 4932.93 11404.8 2916.05 2593.6 1019.29 8811.22 7933.39 2305.55 877.826
internal_count=161576 124357 25695 98662 85821 19566 37219 12841 9787 6129 27432 24750 8960 2682
is_linear=0
shrinkage=0.05


Tree=52
num_leaves=15
num_cat=0
split_feature=10 10 2 12 7 11 10 12 1 11 4 11 10 8
split_gain=132.053 249.072 191.415 164.229 157.248 137.32 81.376 55.653 41.6602 38.2209 34.8525 26.4593 22.8725 20.3306
threshold=-1.0481457918265489e-05 -2.1536260169652263e-05 10.500000000000002 -0.99952816771599273 0.4538706666666647 -1.0000000180025095e-35 -0.0093220624723444594 -0.99018842104513582 -0.012789999999999999 -0.0049192204784798124 -0.0088149999999993459 0.0013719009129642414 -1.0509487879950539e-05 -0.015075
decision_type=2 2 2 2 2 2 2 2 2 2 2 2 2 2
left_child=1 4 3 10 6 -5 -1 -4 13 -6 -2 -9 -10 -3
right_child=2 8 7 5 9 -7 -8 11 12 -11 -12 -13 -14 -15
leaf_value=0.00071631246287200395 0.0016581887572370006 0.0069622199955640205 -0.020868666010826844 0.0039767050326343142 0.022071210620467338 -0.0053363374797233756 -0.016918104125375595 0.011675871367751275 0.013144571248457871 0.0036725722641629769 0.010412524291867594 0.0053925564936232731 0.0050595592679861462 -0.0044623923763272419
leaf_weight=1019.537955224514 1829.6796682775021 2237.950495660305 161.84525296837091 5211.9941322356462 477.19083453714848 16452.964031219482 1825.7005967348814 3661.6080825477839 7053.7401246279478 691.0519120246172 3002.739992082119 3088.9119711369276 998.60842804610729 471.44378468394279
leaf_count=3424 5431 6532 554 17269 1420 63951 6813 11264 20347 2128 8621 9452 2940 1430
internal_value=0.00243689 0.00637292 0.000696209 -0.0012368 -0.00425739 -0.00309588 -0.0105991 0.00810607 0.0103374 0.0111878 0.00709791 0.00880074 0.0121419 0.0049743
internal_weight=48185 14775.2 33409.7 26497.4 4013.48 21665 2845.24 6912.37 10761.7 1168.24 4832.42 6750.52 8052.35 2709.39
internal_count=161576 45034 116542 95272 13785 81220 10237 21270 31249 3548 14052 20716 23287 7962
is_linear=0
shrinkage=0.05


Tree=53
num_leaves=15
num_cat=0
split_feature=4 7 11 11 11 11 7 10 11 7 11 10 7 12
split_gain=127.003 155.838 127.495 139.611 126.824 240.737 118.807 133.942 101.596 54.0697 43.9666 32.8535 38.6069 31.8668
threshold=-0.0018913333333327484 0.11249966666666536 -2.0950030465982645e-06 -4.3017790496424615e-06 -2.1986590714728744e-06 -2.0961529456631207e-06 0.01244466666666667 -1.0473569783675528e-05 -0.0016285318382980305 0.10012599999999743 2.2315482794965649e-13 1.101103487277655e-05 0.4538706666666647 -0.78521558968955885
decision_type=2 2 2 2 2 2 2 2 2 2 2 2 2 2
left_child=1 4 3 9 8 -6 7 -4 -1 -2 -8 12 -3 -5
right_child=2 11 6 13 5 -7 10 -9 -10 -11 -12 -13 -14 -15
leaf_value=-0.0027709742574403432 -0.014945910307267602 0.0017484651375040635 0.01413039644458023 0.012683128464702929 0.011072453474963127 -0.0053560965082881792 -0.0040793482068037807 -0.011477694961350267 -0.020328050204475062 0.0048511016279496628 0.0053457585202599965 0.01314421014058248 0.0099726559433174419 0.02170787588692898
leaf_weight=1553.7083674073219 415.10092960298061 5629.3018719702959 643.19970069825649 2210.7668872624636 3044.7990792989731 8331.7902268767357 1358.1535904332995 2477.3293058201671 1754.332681491971 2039.4553907811642 13910.135644614697 1083.5247276574373 1911.5446626245975 1754.3907295465469
leaf_count=5585 1504 18293 1833 6346 8771 31512 4686 11136 6631 6418 44889 3222 5837 4913
internal_value=0.0023184 -0.000331719 0.00480833 0.0108748 -0.00346484 -0.000959205 0.00269047 -0.00619939 -0.0120819 0.00150314 0.00450737 0.00500302 0.00383323 0.0166761
internal_weight=48117.5 23309 24808.5 6419.71 14684.6 11376.6 18388.8 3120.53 3308.04 2454.56 15268.3 8624.37 7540.85 3965.16
internal_count=161576 79851 81725 19181 52499 40283 62544 12969 12216 7922 49575 27352 24130 11259
is_linear=0
shrinkage=0.05


Tree=54
num_leaves=15
num_cat=0
split_feature=1 10 10 12 11 7 2 10 3 7 11 4 10 8
split_gain=121.045 211.608 180.879 112.14 115.702 71.7775 55.8814 46.1478 41.8663 28.1357 44.9627 27.5583 25.8154 23.5646
threshold=0.0032550000000000009 1.0000000180025095e-35 1.0521441029531788e-05 0.91842194842919034 -4.3017790496424615e-06 0.061240666666664396 3.5000000000000004 -1.0506169384472129e-05 0.0082959999999998365 0.014348999999998042 -1.0000000180025095e-35 -0.00029166666666607602 0.014222100261851446 -0.0073599999999999959
decision_type=2 2 2 2 2 2 2 2 2 2 2 2 2 2
left_child=1 3 11 4 -1 -4 7 -2 -5 10 -8 -3 -11 -9
right_child=6 2 5 8 -6 -7 9 13 -10 12 -12 -13 -14 -15
leaf_value=-0.0025545507221358247 0.017444147079702096 -0.036731332984502221 -0.01177705376500445 -0.012268645248684582 0.0050755481019616145 0.0010980020171364065 0.026936257837780031 0.010179180366976529 0.0023814334500904394 0.0097115174890141393 -0.010142613889702428 -0.019282657279093604 0.0006773808865784581 -0.0029221754062687035
leaf_weight=6548.5401614159346 370.96680016815662 495.63841477036476 1868.6993778198957 1702.3841298371553 20591.216161161661 2572.9984750598669 101.19255143404007 394.07041143625975 683.4503775537014 8357.5027456656098 425.74841267615557 416.40758239477873 873.40134517848492 2659.5626801475883
leaf_count=21634 1070 3369 8565 8283 61891 9165 280 1341 2508 26037 1697 2249 2682 10805
internal_value=0.0022051 0.000662491 -0.00848332 0.00232086 0.00323448 -0.00431876 0.0062867 0.000791568 -0.00807196 0.00821526 -0.00302207 -0.0287649 0.00885673 -0.00123145
internal_weight=48061.8 34879.3 5353.74 29525.6 27139.8 4441.7 13182.4 3424.6 2385.83 9757.85 526.941 912.046 9230.9 3053.63
internal_count=161576 117664 23348 94316 83525 17730 43912 13216 10791 30696 1977 5618 28719 12146
is_linear=0
shrinkage=0.05


Tree=55
num_leaves=15
num_cat=0
split_feature=4 7 11 11 11 11 7 10 11 7 11 12 2 12
split_gain=111.212 138.74 113.673 122.754 110.884 211.027 101.804 107.615 92.7169 48.4263 43.9774 29.9922 40.1794 28.5103
threshold=-0.0018913333333327484 0.11249966666666536 -2.0950030465982645e-06 -4.3017790496424615e-06 -2.1986590714728744e-06 -2.0961529456631207e-06 0.0083519999999984596 -1.0473569783675528e-05 -0.0013859288799322742 0.10012599999999743 2.2315482794965649e-13 -0.96552349606827526 5.5000000000000009 -0.78521558968955885
decision_type=2 2 2 2 2 2 2 2 2 2 2 2 2 2
left_child=1 4 3 9 8 -6 7 -4 -1 -2 -8 -3 -13 -5
right_child=2 11 6 13 5 -7 10 -9 -10 -11 -12 12 -14 -15
leaf_value=-0.0036776018743631283 -0.014209429526327463 -0.00024008969986667801 0.013626461621722942 0.011848695474351939 0.010276923023884704 -0.0051240274721008399 -0.0039595607072449102 -0.01339449190678025 -0.020501383869099013 0.0045516277671523546 0.004682806348708774 0.0011171117159929341 0.0094236626386089983 0.020408258337261054
leaf_weight=1779.811985462904 413.73767746984959 2298.6869759112597 467.87035119533539 2201.1589144766331 3037.2657750993967 8309.3593713119626 1638.2977755367756 1734.5729542598128 1516.9107810556889 2039.4406868368387 14500.20660803467 2276.0724187791348 4039.5344926416874 1743.3180916458368
leaf_count=6446 1504 7291 1336 6346 8771 31512 5724 8116 5770 6418 47368 7726 12335 4913
internal_value=0.00209744 -0.000384816 0.0044311 0.0101698 -0.00334677 -0.0010015 0.00242934 -0.00765437 -0.0114187 0.00138751 0.00380548 0.00465017 0.00643008 0.0156317
internal_weight=47996.2 23257.6 24738.6 6397.66 14643.3 11346.6 18340.9 2202.44 3296.72 2453.18 16138.5 8614.29 6315.61 3944.48
internal_count=161576 79851 81725 19181 52499 40283 62544 9452 12216 7922 53092 27352 20061 11259
is_linear=0
shrinkage=0.05


Tree=56
num_leaves=15
num_cat=0
split_feature=1 10 10 12 1 7 2 8 10 10 7 4 11 8
split_gain=106.346 187.719 164.572 97.6205 100.482 62.5146 49.2795 39.2419 35.704 26.6633 28.5951 26.2052 19.8754 15.0611
threshold=0.0032550000000000009 1.0000000180025095e-35 1.0521441029531788e-05 0.91842194842919034 -0.012789999999999999 0.061240666666664396 5.5000000000000009 -0.011954999999999997 -1.0506169384472129e-05 0.0093297890608523577 0.014348999999998042 -0.00029166666666607602 2.1599801147687008e-06 0.052885000000000008
decision_type=2 2 2 2 2 2 2 2 2 2 2 2 2 2
left_child=1 3 11 4 -1 -4 8 -5 13 10 -8 -3 -10 -2
right_child=6 2 5 7 -6 -7 9 -9 12 -11 -12 -13 -14 -15
leaf_value=-0.00093691698762291508 0.017101936443574134 -0.035571267084087255 -0.011136399363803767 0.0064218865593480461 0.0053386189131805067 0.00090100686086527098 -0.0065965861428223293 -0.010562140664077653 -0.0010988923463168309 0.0027155530014118089 0.01063187713667987 -0.018395438586192404 0.0066795020533951437 0.0003146187558235123
leaf_weight=10273.292785406113 516.0766673386097 482.35044061392546 1856.9765663295984 411.45046070218086 16825.464197695255 2573.1537388712168 251.22896395623684 1961.2838810384274 3690.4404432699084 1628.4074923098087 5827.151146389544 411.54311803728342 1056.317549675703 180.28166472911835
leaf_count=32718 1488 3369 8565 1583 50807 9165 909 9208 14686 4996 17942 2249 3336 555
internal_value=0.00199472 0.000547097 -0.00809349 0.00210802 0.00295953 -0.00414471 0.00582523 -0.00761698 0.00218311 0.00839758 0.0099198 -0.0276636 0.000632069 0.0127558
internal_weight=47945.4 34795.5 5324.02 29471.5 27098.8 4430.13 13149.9 2372.73 5443.12 7706.79 6078.38 893.894 4746.76 696.358
internal_count=161576 117664 23348 94316 83525 17730 43912 10791 20065 23847 18851 5618 18022 2043
is_linear=0
shrinkage=0.05


Tree=57
num_leaves=15
num_cat=0
split_feature=10 10 11 11 11 10 4 11 7 6 7 1 4 8
split_gain=102.306 206.985 144.234 254.746 299.31 133.687 96.7157 63.5463 57.6788 39.762 38.096 36.0474 24.554 21.1222
threshold=-1.0506169384472129e-05 -2.1536260169652263e-05 2.1969097918628226e-06 -2.0950030465982645e-06 -4.3017790496424615e-06 -0.0093220624723444594 0.0064206666666678514 0.0015107581674167483 0.12457599999999776 0.98579399999999173 0.4220109999999973 -0.0020849999999999992 0.18123999999999993 -0.0024099999999999976
decision_type=2 2 2 2 2 2 2 2 2 2 2 2 2 2
left_child=1 5 3 4 -2 10 -5 9 -7 -4 -1 13 -9 -3
right_child=2 11 7 6 -6 8 -8 12 -10 -11 -12 -13 -14 -15
leaf_value=0.00014912370791490213 -0.0032805865566295622 0.0076216446698665966 0.01204701655211496 -0.0080406701964602836 0.014783992482733793 -0.021489515076112083 0.00029040357551210521 0.0042779836776604442 -0.0053704793995234031 -0.0228010173161073 0.015301705119086096 0.012216045335381551 -0.0039195622363236314 -0.0017249103929326496
leaf_weight=981.33818523585796 4942.9505164027214 3846.5615246444941 3368.9729946255684 10766.276235371828 4277.1678824871778 936.75310596823692 5150.0651518106461 4278.1850120574236 1361.7525772899389 83.894596770405769 718.52477626502514 5296.2809643298388 1161.4637604355812 717.17127387225628
leaf_count=3309 16966 11247 10174 44238 12171 3796 18503 13022 4544 276 2136 15433 3599 2162
internal_value=0.00189706 0.00551847 0.000422232 -0.00151392 0.00509948 -0.00407732 -0.00534498 0.00589516 -0.0119398 0.0112003 0.00655405 0.00940969 0.00252766 0.00615287
internal_weight=47887.4 13858.4 34029 25136.5 9220.12 3998.37 15916.3 8892.52 2298.51 3452.87 1699.86 9860.01 5439.65 4563.73
internal_count=161576 42627 118949 91878 29137 13785 62741 27071 8340 10450 5445 28842 16621 13409
is_linear=0
shrinkage=0.05


Tree=58
num_leaves=15
num_cat=0
split_feature=1 10 10 12 2 10 7 11 4 2 10 5 10 11
split_gain=96.0601 162.413 150.774 83.5662 88.8838 58.8615 43.5237 51.2433 35.292 31.2307 27.8363 25.1498 22.3402 18.3541
threshold=0.0032550000000000009 1.0000000180025095e-35 1.0521441029531788e-05 0.91842194842919034 1.5000000000000002 1.0988301579750727e-05 0.013997999999997854 -1.0000000180025095e-35 0.0011586666666672438 5.5000000000000009 0.0093297890608523577 0.00019433333333404121 -1.0510701325960879e-05 -0.00010339974263140482
decision_type=2 2 2 2 2 2 2 2 2 2 2 2 2 2
left_child=1 3 11 4 -1 -4 7 13 -5 12 -11 -3 -8 -2
right_child=6 2 5 8 -6 -7 9 -9 -10 10 -12 -13 -14 -15
leaf_value=0.0088489577645787573 -0.05378948411506445 -0.034107462274969941 -0.0066678571104028111 -0.013106365378754202 0.0013370221549382387 0.0080654447409836058 0.012290548514090551 -0.00877105970708544 -0.00087231579919074681 0.0099394287640405029 0.0025270938611471668 -0.017045886194722637 0.0017466623576471432 0.023783705781428556
leaf_weight=4783.8791590034962 7.9780136942863455 489.78795815259218 3578.8988528698683 1209.9605178534985 22266.463611423969 836.32442702353001 574.64322306215763 927.79920426756144 1149.5401387661695 5816.2422748431563 1619.2216525524855 386.38208221644163 3994.4268246814609 172.42095236480236
leaf_count=13947 37 3428 15178 6126 69578 2552 1698 4254 4665 17975 4976 2190 14490 482
internal_value=0.00180507 0.000427427 -0.00763691 0.00187836 0.00266552 -0.0038771 0.00545085 -0.00403006 -0.00714598 0.00632608 0.00832524 -0.0265835 0.00307275 0.0203531
internal_weight=47814 34701.2 5291.39 29409.8 27050.3 4415.22 13112.7 1108.2 2359.5 12004.5 7435.46 876.17 4569.07 180.399
internal_count=161576 117664 23348 94316 83525 17730 43912 4773 10791 39139 22951 5618 16188 519
is_linear=0
shrinkage=0.05


Tree=59
num_leaves=15
num_cat=0
split_feature=4 7 10 10 11 11 11 7 10 1 11 5 6 12
split_gain=89.8685 122.851 107.634 93.9887 90.5028 101.086 89.3766 77.9371 87.6186 46.3425 42.086 40.6127 39.8316 28.4786
threshold=-0.0018913333333327484 0.070036333333330106 1.0000000180025095e-35 1.0752138435154991e-05 -2.0950030465982645e-06 -2.1955647711013877e-06 3.8899287235771856e-07 0.0083519999999984596 -1.0473569783675528e-05 0.022745000000000005 -0.0056466587568737561 -0.060481666666665899 0.25272099999999326 -0.78521558968955885
decision_type=2 2 2 2 2 2 2 2 2 2 2 2 2 2
left_child=1 2 6 -4 5 12 -1 8 -6 10 -3 -9 -2 -7
right_child=4 9 3 -5 7 13 -8 11 -10 -11 -12 -13 -14 -15
leaf_value=-0.00039494008180888403 -0.0027063342667993772 0.011977322258136558 -0.027401793925237367 -0.004952524179946606 0.012403609063967874 0.010641648628076022 -0.01608868719847174 0.012570718098994954 -0.012083081485123656 0.010208280700169865 0.00064859545077801514 0.0025562404137867071 0.010069940900703409 0.019599211689885494
leaf_weight=8654.3679265528917 1788.0115619525313 904.30090656876564 851.49665008485317 1030.496052801609 464.55378444492817 2115.2854212075472 1013.4532580077648 1085.7275223955512 1710.2586662620306 1921.2813203781843 8774.7551365792751 14986.596899107099 925.96808068454266 1528.4806514233351
leaf_count=27704 5904 2822 5301 4591 1336 6145 4545 3401 8116 5918 28970 49691 2796 4336
internal_value=0.00171675 -0.000519385 -0.00416969 -0.0151096 0.00382068 0.00895799 -0.00204008 0.00203071 -0.00685257 0.00311503 0.00170702 0.00323274 0.00165273 0.0143992
internal_weight=47755 23150.2 11549.8 1881.99 24604.9 6357.75 9667.82 18247.1 2174.81 11600.3 9679.06 16072.3 2713.98 3643.77
internal_count=161576 79851 42141 9892 81725 19181 32249 62544 9452 37710 31792 53092 8700 10481
is_linear=0
shrinkage=0.05


Tree=60
num_leaves=15
num_cat=0
split_feature=11 11 11 12 10 10 11 11 6 11 5 5 2 1
split_gain=84.0394 162.693 142.215 94.6646 86.5802 156.288 117.687 70.683 31.6056 33.5968 30.2645 27.6175 23.6646 22.0953
threshold=2.1969097918628226e-06 3.8899287235771856e-07 2.104786813728055e-06 0.96470586107266498 1.0000000180025095e-35 1.0803589922669944e-05 -4.3017790496424615e-06 0.001124645027623661 0.1866939999999917 2.208955233173882e-06 -0.00039633333333317342 0.0087586666666671 63.500000000000007 -0.059514999999999992
decision_type=2 2 2 2 2 2 2 2 2 2 2 2 2 2
left_child=1 4 11 -4 6 -6 -1 8 9 -2 -9 -3 -10 -12
right_child=7 2 3 -5 5 -7 -8 10 12 -11 13 -13 -14 -15
leaf_value=-0.0022643903948393104 -0.00029383446084889841 -0.029001201563661618 -0.010894694549518422 0.0055519172392358169 -0.013468687866695689 0.0055209654152724484 0.0048693485663058892 0.0073471739433937887 0.0050043811437945913 0.016989382529075215 -0.0096441369812546533 -0.010890688722349846 -0.033229433593737027 0.0017539995490957702
leaf_weight=8184.1331394612789 325.53384409844875 791.63658960908651 1930.1354356557131 1600.393174380064 2372.6487931385636 1994.1781833469868 19692.406776621938 2587.4499482065439 688.56177623569965 2063.8562410920858 467.68080019950867 286.75711248070002 42.998333439230919 4678.5135121196508
leaf_count=27278 1103 5360 7813 7277 11527 6977 60753 7792 2110 6106 1449 1491 147 14393
internal_value=0.00163241 0.000493485 -0.00829356 -0.00343942 0.00174952 -0.00479677 0.00277499 0.00549916 0.0118506 0.0146347 0.00293603 -0.0241854 0.00275714 0.000718149
internal_weight=47706.9 36852.3 4608.92 3530.53 32243.4 4366.83 27876.5 10854.6 3120.95 2389.39 7733.64 1078.39 731.56 5146.19
internal_count=161576 128476 21941 15090 106535 18504 88031 33100 9466 7209 23634 6851 2257 15842
is_linear=0
shrinkage=0.05


Tree=61
num_leaves=15
num_cat=0
split_feature=1 10 10 12 1 7 2 8 10 5 8 1 7 0
split_gain=82.3285 129.804 129.62 72.5018 80.5052 54.2908 36.3467 33.5121 31.7604 24.3742 19.605 19.2279 19.6597 10.5087
threshold=0.0032550000000000009 1.0000000180025095e-35 1.0515252102383245e-05 0.91842194842919034 -0.012789999999999999 0.061240666666664396 3.5000000000000004 -0.011954999999999997 -1.0521909871163969e-05 0.00038833333333393672 -0.0073599999999999959 3.2453450000000004 0.014348999999998042 0.38267000000000007
decision_type=2 2 2 2 2 2 2 2 2 2 2 2 2 2
left_child=1 3 9 4 -1 -4 8 -5 13 -3 -10 12 -8 -2
right_child=6 2 5 7 -6 -7 11 -9 10 -11 -12 -13 -14 -15
leaf_value=-0.0011875457839099111 0.017052845119633561 -0.034303907417161793 -0.010168641853511148 0.0061126426043242657 0.0044384327406918767 0.00095981302871168169 -0.0026501956238807914 -0.0096075729590017565 0.0093028938995922093 -0.016177240885145987 -0.0025932895940270206 -0.0096907756482328342 0.0073538343685806392 -0.042141996891166385
leaf_weight=10250.754593461752 307.32989604771137 415.33097271621227 1902.8075053021312 410.91936533153057 16747.289319634438 2584.6548111066222 519.55961560457945 1937.5668003410101 397.6147535815835 335.06819315999746 2685.147875636816 179.99074079096317 8964.1910292506218 7.6850297302007666
leaf_count=32718 900 3092 9050 1583 50807 9266 1977 9208 1352 1940 10937 570 28149 27
internal_value=0.00155252 0.000275235 -0.00697539 0.00156935 0.00230233 -0.00375896 0.00493454 -0.00685698 0.000486373 -0.02621 -0.00105892 0.00649852 0.00680577 0.0156087
internal_weight=47645.9 34584.4 5237.86 29346.5 26998 4487.46 13061.5 2348.49 3397.78 750.399 3082.76 9663.74 9483.75 315.015
internal_count=161576 117664 23348 94316 83525 18316 43912 10791 13216 5032 12289 30696 30126 927
is_linear=0
shrinkage=0.05


Tree=62
num_leaves=15
num_cat=0
split_feature=10 10 10 10 11 11 6 7 10 7 10 1 8 4
split_gain=80.1108 170.648 120.114 111.491 99.9728 318.415 147.154 51.2861 44.4467 33.3499 29.417 28.7591 23.323 17.6195
threshold=-1.0506169384472129e-05 -2.1536260169652263e-05 -0.0093220624723444594 1.0988301579750727e-05 -2.0950030465982645e-06 -4.3017790496424615e-06 0.021373999999993617 0.12457599999999776 0.004323693815833086 0.4220109999999973 2.1049412290974349e-05 -0.012789999999999999 -0.00028999999999999919 0.59219666666666793
decision_type=2 2 2 2 2 2 2 2 2 2 2 2 2 2
left_child=1 2 9 4 5 -2 -6 -4 10 -1 -5 13 -13 -3
right_child=3 11 7 8 6 -7 -8 -9 -10 -11 -12 12 -14 -15
leaf_value=4.7785888420244053e-05 -0.0062189744663297868 0.0040422115234852998 -0.020554316564019827 0.004828149945940571 -0.0072723631229760222 0.013235555981873162 0.0011737791105874006 -0.0053166928776065374 0.0032783274660073644 0.014222188991924871 0.017749285315020878 0.012173343145300441 0.0063757843747335374 -0.045117175666335489
leaf_weight=981.39055064320564 4165.7907980382442 2544.0518372505903 929.38542532920837 684.19511246681213 9875.3272522315383 4248.0220764428377 10793.34319948405 1360.6892495304346 2810.1574701815844 719.00770238041878 1236.6685996800661 4337.7792149782181 2890.8251755535603 18.358756318688393
leaf_count=3309 14756 7519 3796 2112 40879 12151 36421 4544 8769 2136 3861 12671 8589 63
internal_value=0.00147628 0.00468943 -0.00402571 0.00016668 -0.000991318 0.00360336 -0.00286172 -0.0115006 0.00728511 0.00604138 0.0131469 0.00824142 0.00985481 0.00369
internal_weight=47595 13781.5 3990.47 33813.5 29082.5 8413.81 20668.7 2290.07 4731.02 1700.4 1920.86 9791.01 7228.6 2562.41
internal_count=161576 42627 13785 118949 104207 26907 77300 8340 14742 5445 5973 28842 21260 7582
is_linear=0
shrinkage=0.05


Tree=63
num_leaves=15
num_cat=0
split_feature=4 7 10 10 11 11 11 10 7 3 11 6 6 7
split_gain=75.2965 108.182 82.0259 80.724 73.3296 73.323 78.9567 61.8915 98.0964 39.8071 59.2264 40.2649 35.3736 31.2236
threshold=-0.0018913333333327484 0.070036333333330106 1.0000000180025095e-35 1.0752138435154991e-05 3.8899287235771856e-07 -2.0950030465982645e-06 -2.1955647711013877e-06 -1.0473569783675528e-05 0.011473999999999733 -0.076390000000000582 -0.0056466587568737561 0.014903999999991325 0.15053899999999162 0.12457599999999776
decision_type=2 2 2 2 2 2 2 2 2 2 2 2 2 2
left_child=1 2 4 -4 -1 6 12 13 -9 10 -3 -11 -2 -7
right_child=5 9 3 -5 -6 7 -8 8 -10 11 -12 -13 -14 -15
leaf_value=-0.00075143908692135088 -0.0041364662723529511 0.010386248938366593 -0.025423975926922263 -0.004369446102196718 -0.015044728070328032 0.011338563307755289 0.012814308773288067 -0.009304327086470136 0.002047490552609122 -0.0029727006943679516 -0.0032188411514527792 0.007219400856436276 0.0072924290658080279 0.0012921489945011333
leaf_weight=8634.5755874067545 1367.7019276544452 994.99632388353348 821.07658790051937 1021.789791315794 1001.405314207077 2201.7898114770651 3611.4433619529009 2244.3218395486474 12517.387785971165 1185.4371498301625 4080.3177165016532 5308.3127933368087 1340.7043662071228 1192.1415048241615
leaf_count=27704 4588 3087 5301 4591 4545 6496 10481 10481 41924 4121 13602 16900 4112 3643
internal_value=0.0014047 -0.000646247 -0.00408525 -0.0137501 -0.00223685 0.00333601 0.00797451 0.00172139 0.000321597 0.00276593 -0.000551614 0.00535883 0.00152102 0.00780969
internal_weight=47523.4 23047.9 11478.8 1842.87 9635.98 24475.5 6319.85 18155.6 14761.7 11569.1 5075.31 6493.75 2708.41 3393.93
internal_count=161576 79851 42141 9892 32249 81725 19181 62544 52405 37710 16689 21021 8700 10139
is_linear=0
shrinkage=0.05


Tree=64
num_leaves=15
num_cat=0
split_feature=1 10 10 12 10 12 3 7 11 2 0 7 11 8
split_gain=72.8205 109.691 111.884 63.394 65.7033 49.051 44.2082 30.9183 39.843 22.189 26.1943 22.0001 16.4615 15.4665
threshold=0.0030949999999999984 1.0000000180025095e-35 1.0521441029531788e-05 -0.99999816667005537 -1.0473569783675528e-05 0.92532812021580557 -0.0001980000000014217 0.013997999999997854 -1.0000000180025095e-35 5.5000000000000009 1.0000350000000002 0.34657299999999841 -0.00010339974263140482 0.055265000000000009
decision_type=2 2 2 2 2 2 2 2 2 2 2 2 2 2
left_child=1 3 11 6 -5 -4 -1 8 12 13 -11 -3 -2 -9
right_child=7 2 5 4 -6 -7 -8 9 -10 10 -12 -13 -14 -15
leaf_value=0.0022157651554966773 -0.051875268452604387 -0.025388339584049527 -0.0067562287260843389 0.003063877764746713 -0.002750125945075288 0.0050447688600520598 0.0094765442700047928 0.0044255556899039736 -0.0076042064079919871 0.0080786447048341106 -0.00077283070137752036 0.013790547318767299 0.02114973190628559 -0.0018603993414905923
leaf_weight=6064.5635395646095 8.0743097215890867 778.78946262598038 3101.8947801291943 8446.1719142049551 11442.593982771039 1229.5900606736541 3203.965071991086 3230.7918250113726 938.41946622729301 6452.8217930272222 960.19860838353634 37.559118881821632 174.55643086135387 1403.7330439537764
leaf_count=18304 39 5392 11742 26470 39693 5829 9451 11565 4394 20081 3003 169 494 4950
internal_value=0.00133575 0.000122469 -0.00660634 0.00131047 -0.00028109 -0.00340625 0.00472569 0.00449642 -0.00344585 0.00523547 0.00693212 -0.0235858 0.0179212 0.00252163
internal_weight=47473.7 34305.1 5147.83 29157.3 19888.8 4331.48 9268.53 13168.6 1121.05 12047.5 7413.02 816.349 182.631 4634.52
internal_count=161576 117050 23132 93918 66163 17571 27755 44526 4927 39599 23084 5561 533 16515
is_linear=0
shrinkage=0.05


Tree=65
num_leaves=15
num_cat=0
split_feature=4 7 11 11 11 11 11 7 12 3 7 6 4 5
split_gain=67.1971 95.9778 83.2163 150.783 64.0636 70.762 57.5892 53.1683 63.1456 35.7577 55.7956 36.3811 35.5672 34.1306
threshold=-0.0018913333333327484 0.070036333333330106 -2.1986590714728744e-06 -2.1018492046831479e-06 -2.0950030465982645e-06 -2.1955647711013877e-06 -0.0014512645029185476 0.0083519999999984596 -0.99501362894917234 -0.076390000000000582 0.46854833333333129 0.067213999999991628 0.18123999999999993 -0.024097166666665896
decision_type=2 2 2 2 2 2 2 2 2 2 2 2 2 2
left_child=1 2 6 -4 5 13 -1 8 -6 10 -3 -11 -9 -2
right_child=4 9 3 -5 7 -7 -8 12 -10 11 -12 -13 -14 -15
leaf_value=-0.0037975886764637558 0.014613444991915575 -0.0038296207689335372 0.0093442851035752134 -0.0054839195601390292 0.0086923272135341588 0.012038082049871597 -0.020889407190359713 0.0036383597437340876 -0.010911834035992704 0.0017941410283655601 0.0079099674444107985 0.0093714893332396687 -0.0026653506787406422 -0.0010380536282064473
leaf_weight=895.59892830997705 410.56804178655148 3678.2939004302025 2249.3235843330622 7209.0765518024564 554.83556081354618 3594.1083853244781 1095.8985654190183 13289.611220210791 1581.8159742504358 3739.8059392794967 1396.3464819788933 2748.1506652235985 2690.7321419119835 2297.1960675641894
leaf_count=3314 1262 12431 6519 28026 1614 10481 4282 44512 7838 12513 4258 8508 8580 7438
internal_value=0.00126999 -0.000668631 -0.00391353 -0.00195759 0.00309696 0.00743928 -0.013203 0.00158652 -0.00582112 0.00254463 -0.000599336 0.00500373 0.00257696 0.00133512
internal_weight=47431.4 23012.5 11449.9 9458.4 24418.9 6301.87 1991.5 18117 2136.65 11562.6 5074.64 6487.96 15980.3 2707.76
internal_count=161576 79851 42141 34545 81725 19181 7596 62544 9452 37710 16689 21021 53092 8700
is_linear=0
shrinkage=0.05


Tree=66
num_leaves=15
num_cat=0
split_feature=1 10 10 12 10 12 1 7 11 5 2 10 11 11
split_gain=64.6726 96.8551 102.038 55.3919 58.3003 46.951 38.2972 26.4477 34.1855 23.9931 19.7208 25.0985 14.7469 14.6477
threshold=0.0030949999999999984 1.0000000180025095e-35 1.0515252102383245e-05 -0.99999816667005537 -1.0473569783675528e-05 0.92532812021580557 -0.0058899999999999951 0.013997999999997854 -1.0000000180025095e-35 0.00038833333333393672 5.5000000000000009 0.0093297890608523577 2.1504579750253332e-06 -0.00010339974263140482
decision_type=2 2 2 2 2 2 2 2 2 2 2 2 2 2
left_child=1 3 9 6 -5 -4 -1 8 13 -3 -9 -12 -10 -2
right_child=7 2 5 4 -6 -7 -8 10 12 -11 11 -13 -14 -15
leaf_value=0.0003889973159373179 -0.049950916494356262 -0.032220966292311116 -0.006719585240219747 0.0028440828878021547 -0.0026352824813124587 0.004665634786922156 0.0069727974607899177 0.0023143048119222947 -0.01004041342328107 -0.013760495508055574 0.0080051815467892962 0.00093225116603979242 0.0060827125739267279 0.019729617376237081
leaf_weight=3647.4473370015621 7.8850748240947715 388.66850498318672 3148.0211397632957 8437.4415484070778 11432.202114522457 1271.1849823445082 5599.9668156355619 4634.1497170701623 759.89898254722357 321.69133495539427 5794.8017402738333 1600.7355267107487 174.36374056339264 173.33835218846798
leaf_count=11243 39 3064 12050 26470 39693 6103 16512 16515 3693 1915 18107 4977 701 494
internal_value=0.00120751 6.3176e-05 -0.00627196 0.00117924 -0.000308526 -0.00344463 0.00437596 0.0041888 -0.00317625 -0.023861 0.00487174 0.00647427 -0.00703131 0.0166978
internal_weight=47391.8 34246.6 5129.57 29117.1 19869.6 4419.21 9247.41 13145.2 1115.49 710.36 12029.7 7395.54 934.263 181.223
internal_count=161576 117050 23132 93918 66163 18153 27755 44526 4927 4979 39599 23084 4394 533
is_linear=0
shrinkage=0.05


Tree=67
num_leaves=15
num_cat=0
split_feature=4 7 11 11 11 11 11 10 7 3 11 6 5 5
split_gain=60.0914 85.5969 75.8159 133.708 55.7578 63.6836 52.4179 49.6996 76.1982 32.2666 51.117 34.4419 29.5493 29.0242
threshold=-0.0018913333333327484 0.070036333333330106 -2.1986590714728744e-06 -2.1018492046831479e-06 -2.0950030465982645e-06 -2.1930646942891481e-06 -0.0014512645029185476 -1.0473569783675528e-05 0.0086253333333309954 -0.076390000000000582 -0.0056466587568737561 0.014903999999991325 -0.024097166666665896 0.10925033333333371
decision_type=2 2 2 2 2 2 2 2 2 2 2 2 2 2
left_child=1 2 6 -4 5 12 -1 13 -9 10 -3 -11 -2 -6
right_child=4 9 3 -5 7 -7 -8 8 -10 11 -12 -13 -14 -15
leaf_value=-0.0036680367759968414 0.013441921625050611 0.0095175539192462136 0.0087685408542127405 -0.0052106523352439321 0.0091600201774375001 0.011471584274380392 -0.019997159000020581 -0.0096864965201388497 0.001520609418760937 -0.0030248944775243254 -0.0031195074142463513 0.0064084700261617337 -0.0008173254240890764 -0.0027542366509729949
leaf_weight=894.74923024326563 428.48665127158165 995.67967827618122 2243.9831740111113 7195.5159407779574 2745.3080195784569 3467.3294134140015 1090.4011588022113 1717.0418036058545 12998.513451054692 1183.8106730878353 4076.544994533062 5297.7644528076053 2389.0833410546184 628.12742482125759
leaf_count=3314 1315 3087 6519 28026 8196 10153 4282 8344 44061 4121 13602 16900 7713 1943
internal_value=0.00114797 -0.000686491 -0.00375537 -0.00188748 0.0028774 0.00693452 -0.0126373 0.00146778 0.000212941 0.00234808 -0.000638847 0.00468554 0.00135117 0.00694161
internal_weight=47352.3 22978.4 11424.6 9439.5 24373.9 6284.9 1985.15 18089 14715.6 11553.8 5072.22 6481.58 2817.57 3373.44
internal_count=161576 79851 42141 34545 81725 19181 7596 62544 52405 37710 16689 21021 9028 10139
is_linear=0
shrinkage=0.05


Tree=68
num_leaves=15
num_cat=0
split_feature=1 10 10 10 10 10 10 7 11 5 9 5 10 11
split_gain=57.9596 84.7684 93.4207 53.8402 113.683 98.1281 44.8258 22.7464 29.3193 20.9804 18.6968 22.411 14.0336 13.0404
threshold=0.0030949999999999984 1.0000000180025095e-35 1.0521441029531788e-05 -1.1043614372985287e-05 -1.0509487879950539e-05 -0.0093220624723444594 1.0988301579750727e-05 0.013997999999997854 -1.0000000180025095e-35 0.00019433333333404121 2.4688700000000003 -0.094511499999999429 1.0750828161043559e-05 -0.00010339974263140482
decision_type=2 2 2 2 2 2 2 2 2 2 2 2 2 2
left_child=1 3 9 5 -5 -1 -4 8 13 -3 11 -9 -10 -2
right_child=7 2 6 4 -6 -7 -8 10 12 -11 -12 -13 -14 -15
leaf_value=0.0048635169761577293 -0.048124374400280161 -0.029215280022345975 -0.0055210577863176137 0.0068568949940811114 -0.00037593257034493555 -0.01142872734864938 0.0074161992777448324 0.010431039632299577 -0.0092307005234898709 -0.012849703607798663 -0.006161026501898044 0.0040384145457309601 0.0073577854997351269 0.018393915294422979
leaf_weight=1606.0205464363098 7.6974827796220771 429.18402076512575 3494.1785183697939 7900.5731002241373 17392.645795717835 2177.0094940364361 828.26201252639294 1588.0613204389811 777.06569299846888 360.18959185481071 394.14291833341122 10031.456082910299 152.51997987926006 172.13140791654587
leaf_count=5161 39 3400 15034 23412 57357 7988 2537 4977 3742 2161 1250 33372 652 494
internal_value=0.00109155 7.29296e-06 -0.00593059 0.00105122 0.00188331 -0.00451213 -0.00304203 0.00391624 -0.00293391 -0.0217477 0.00454882 0.00491211 -0.00650898 0.0155466
internal_weight=47311.1 34188.1 5111.81 29076.2 25293.2 3783.03 4322.44 13123.1 1109.41 789.374 12013.7 11619.5 929.586 179.829
internal_count=161576 117050 23132 93918 80769 13149 17571 44526 4927 5561 39599 38349 4394 533
is_linear=0
shrinkage=0.05


Tree=69
num_leaves=15
num_cat=0
split_feature=11 11 11 12 11 5 10 6 6 8 5 5 11 12
split_gain=55.5918 105.228 112.072 83.2063 67.3083 56.4539 69.8372 33.2292 29.6178 28.1163 25.4484 24.0776 21.8644 17.4009
threshold=2.1969097918628226e-06 3.8899287235771856e-07 2.104786813728055e-06 0.96470586107266498 0.001124645027623661 0.0016103333333340887 1.0000000180025095e-35 0.74437799999999454 0.1866939999999917 -0.013264999999999996 -0.00039633333333317342 0.00019433333333404121 2.1989397291921624e-06 0.99999930952428695
decision_type=2 2 2 2 2 2 2 2 2 2 2 2 2 2
left_child=1 5 11 -4 8 6 -1 -7 9 -2 -6 -3 -10 -12
right_child=4 2 3 -5 10 7 -8 -9 12 -11 13 -13 -14 -15
leaf_value=0.00061786376741373788 0.021058576379275471 -0.028792852814733618 -0.0098157570364721253 0.0056592032506586629 0.0057589683725261971 0.0033891710444926442 -0.0082431607753648255 0.019793280396818186 0.057557852452193817 0.0093835586824751859 0.00082556019942481925 -0.013428160678606017 0.00025091792052977282 -0.0075938889581902745
leaf_weight=17403.789364919066 761.64443676173687 543.18824966996908 1909.0345194190741 1593.8605271726847 2558.2132916748524 11722.160466730595 2549.328911319375 317.06333781778812 17.045001044869423 1596.8590956330299 4391.1479036360979 480.55966188013554 707.91620814800262 713.38200172781944
leaf_count=55627 2223 4021 7813 7277 7792 38558 11428 922 46 4986 13561 2830 2211 2281
internal_value=0.00103784 0.000107647 -0.00702764 -0.00277446 0.00419893 0.00111723 -0.000514273 0.00382119 0.010437 0.0131538 0.00168875 -0.0215805 0.0015983 -0.000351097
internal_weight=47265.2 36519 4526.64 3502.9 10746.2 31992.3 19953.1 12039.2 3083.46 2358.5 7662.74 1023.75 724.961 5104.53
internal_count=161576 128476 21941 15090 33100 106535 67055 39480 9466 7209 23634 6851 2257 15842
is_linear=0
shrinkage=0.05


Tree=70
num_leaves=15
num_cat=0
split_feature=1 12 10 10 11 3 2 10 4 8 2 7 11 0
split_gain=51.9377 77.5375 75.6532 111.156 79.5007 34.0323 21.5871 22.4551 17.0705 16.8178 20.543 19.5783 15.4691 14.1567
threshold=0.0030949999999999984 -0.99999816667005537 -1.0473569783675528e-05 -2.1536260169652263e-05 -1.0000000180025095e-35 -0.0001980000000014217 3.5000000000000004 -1.0521909871163969e-05 0.1148106666666676 0.52766500000000016 9.5000000000000018 0.054679333333331213 2.1504579750253332e-06 0.012405000000000003
decision_type=2 2 2 2 2 2 2 2 2 2 2 2 2 2
left_child=1 5 3 -3 -4 8 7 -2 -1 11 -11 -8 -9 -7
right_child=6 2 4 -5 -6 13 9 12 -10 10 -12 -13 -14 -15
leaf_value=0.0021933717578748292 0.013045847600271998 -0.004966361625964099 0.0023583507693220162 0.006870760434809566 -0.0055327350700269283 0.0094621459281638998 0.002054411034180202 -0.0031830953781843835 -0.011846465722730517 -0.013576349644692943 0.0025262881132673155 0.0074215017956793909 0.0046310876543291099 0.00012824144769798889
leaf_weight=5820.7725669890642 312.92969493567944 3201.6766792833805 4328.2268487066031 5211.5506289154291 12156.573500059545 2703.6690819859505 2433.5078168213367 2265.5362280681729 224.8658581674099 232.12096482515335 1350.0447041988373 5630.8193395733833 879.10098347067833 478.06276878714561
leaf_count=17603 939 11079 14382 15391 48406 8020 8430 9580 710 766 4207 17552 3052 1459
internal_value=0.000986505 -4.09642e-05 -0.00149188 0.00236611 -0.00346086 0.00387403 0.00366223 0.000272506 0.00167116 0.00487719 0.000163855 0.00580192 -0.000998597 0.0080597
internal_weight=47229.5 34125.4 24898 8413.23 16484.8 9227.37 13104.1 3457.57 6045.64 9646.49 1582.17 8064.33 3144.64 3181.73
internal_count=161576 117050 89258 26470 62788 27792 44526 13571 18313 30955 4973 25982 12632 9479
is_linear=0
shrinkage=0.05


Tree=71
num_leaves=15
num_cat=0
split_feature=4 7 11 11 11 11 11 11 12 4 12 5 12 11
split_gain=51.0532 75.7856 79.5532 100.676 72.9717 45.2866 55.9092 40.0452 47.384 37.2135 35.4394 25.9554 22.0202 24.3796
threshold=-0.0018913333333327484 0.11249966666666536 -2.1986590714728744e-06 -2.1018492046831479e-06 -0.0016285318382980305 -2.0950030465982645e-06 -2.1796661830997262e-06 2.2315482794965649e-13 -0.99896297593839301 0.59219666666666793 -0.89615361993585896 -0.024097166666665896 -0.96552349606827526 -0.0056466587568737561
decision_type=2 2 2 2 2 2 2 2 2 2 2 2 2 2
left_child=1 2 4 -4 -1 6 11 8 -7 -9 -8 -2 -3 -14
right_child=5 12 3 -5 -6 7 10 9 -10 -11 -12 -13 13 -15
leaf_value=-0.0019556560085624941 0.012330219900526417 -0.001221281032799019 0.0076193758996629364 -0.0035990820018672954 -0.016968692964616047 0.0061736348051996976 0.0063915607210463139 0.0026322922489951154 -0.0087168756082622364 -0.012944219781806482 0.01715087779573039 -0.00046116384502901297 0.013160114950009278 0.0033846361626544796
leaf_weight=1537.6910586729646 466.39886859059334 2287.4465126469731 2614.4783034920692 8507.2364562228322 1708.8937974348664 748.36134639382362 1824.3106165677309 15009.953257232904 1867.4342320859432 393.49410857260227 1318.4788457453251 2649.285135447979 720.98481845855713 5528.5560706406832
leaf_count=5585 1429 7291 7632 32651 6631 2191 5445 51668 7410 1275 3806 8501 2171 17890
internal_value=0.00093817 -0.000755095 -0.00297199 -0.000961861 -0.00985802 0.00253571 0.00619996 0.00126304 -0.0044568 0.00223438 0.0109054 0.00145363 0.00297608 0.00451239
internal_weight=47183 22905.3 14368.3 11121.7 3246.58 24277.7 6258.47 18019.2 2615.8 15403.4 3142.79 3115.68 8536.99 6249.54
internal_count=161576 79851 52499 40283 12216 81725 19181 62544 9601 52943 9251 9930 27352 20061
is_linear=0
shrinkage=0.05


Tree=72
num_leaves=15
num_cat=0
split_feature=11 11 11 12 11 5 10 6 5 6 11 6 5 4
split_gain=48.0167 90.0997 103.516 82.8931 61.8039 49.8139 61.2827 30.2022 24.0002 22.7578 24.025 22.3647 21.5197 19.5282
threshold=2.1969097918628226e-06 3.8899287235771856e-07 2.1030605923400007e-06 0.96470586107266498 0.0012214569245394549 0.0016103333333340887 1.0000000180025095e-35 0.74437799999999454 0.00038833333333393672 0.1866939999999917 2.208955233173882e-06 0.79573299999999525 -0.00039633333333317342 -0.035326666666665299
decision_type=2 2 2 2 2 2 2 2 2 2 2 2 2 2
left_child=1 5 8 -4 9 6 -1 -7 -3 10 -2 12 -6 -11
right_child=4 2 3 -5 11 7 -8 -9 -10 13 -12 -13 -14 -15
leaf_value=0.00048598357922068416 -0.00086922675448161549 -0.029732805886859889 -0.009811145874554594 0.0053757494890059355 0.0063746812945304505 0.0030902769309470485 -0.0078328534602882024 0.018740269306868292 -0.013232425797641272 0.015808867402494257 0.0136887875218678 -0.0057625921401276521 0.00027042969516188702 -0.0023353128830643963
leaf_weight=17377.910297192633 325.23086117208004 466.14539690315723 1959.5642688795924 1659.3587035909295 2194.9439349770546 11699.123437985778 2537.0875985473394 316.62737835943699 417.98680964112282 196.77272705733776 2203.3957554399967 976.6416684538126 4219.0961346328259 601.93550486862659
leaf_count=55627 1103 3575 8185 7696 6690 38558 11428 922 2485 585 6666 3047 13109 1900
internal_value=0.000891866 2.6456e-05 -0.00659465 -0.00284761 0.00383366 0.000960202 -0.000573802 0.00350267 -0.021932 0.00949233 0.0118163 0.00128609 0.00235936 0.00213475
internal_weight=47151.8 36433.8 4503.06 3618.92 10718 31930.7 19915 12015.8 884.132 3327.33 2528.63 7390.68 6414.04 798.708
internal_count=161576 128476 21941 15881 33100 106535 67055 39480 6060 10254 7769 22846 19799 2485
is_linear=0
shrinkage=0.05


Tree=73
num_leaves=15
num_cat=0
split_feature=1 12 10 10 11 1 8 10 10 8 5 9 11 11
split_gain=46.6467 74.06 61.0793 89.288 74.1911 30.6064 25.6193 26.508 27.8376 22.4667 21.9554 18.205 12.8978 26.5906
threshold=0.0015200000000000007 -0.99999816667005537 -1.0473569783675528e-05 -2.1536260169652263e-05 -1.0000000180025095e-35 -0.0058899999999999951 -0.00055999999999999952 1.0805677819192285e-05 0.0070560009254871945 0.00015000000000000018 0.0024873333333340127 0.00014999999999999966 -2.0977836734381579e-06 2.2093438190040618e-13
decision_type=2 2 2 2 2 2 2 2 2 2 2 2 2 2
left_child=1 5 3 -3 -4 11 12 10 -9 -7 -8 -1 -2 -14
right_child=6 2 4 -5 -6 9 7 8 -10 -11 -12 -13 13 -15
leaf_value=0.0014783006500316553 0.014120318497623879 -0.004776019861308458 0.002166452897371488 0.0059895003744097897 -0.0058477260617548488 0.0080189547303890791 -0.0019562643494826716 0.0092582524897249548 0.00063942814846808184 0.0011667423627715922 0.0032019577941622239 -0.0083698527682760215 -0.014236445820642839 0.0070000332067100589
leaf_weight=3085.9226389080286 551.76981692016125 3187.3344498276711 3952.1890994235873 4867.1063099056482 10723.290014348924 3827.1740272641182 4332.1656795889139 2169.6785010099411 1648.82111980021 1740.1473087221384 3938.2550750598311 553.42494897544384 157.12306647747755 2382.5177773162723
leaf_count=9510 1686 11039 13055 14429 42539 11333 16516 7305 5162 5202 13644 1747 595 7814
internal_value=0.000847746 -0.0002369 -0.00176929 0.00172933 -0.00368946 0.00354635 0.00312964 0.00209092 0.00553666 0.0058772 0.000500007 -1.92793e-05 0.00719154 0.00568617
internal_weight=47116.9 31936.6 22729.9 8054.44 14675.5 9206.67 15180.3 12088.9 3818.5 5567.32 8270.42 3639.35 3091.41 2539.64
internal_count=161576 108854 81062 25468 55594 27792 52722 42627 12467 16535 30160 11257 10095 8409
is_linear=0
shrinkage=0.05


Tree=74
num_leaves=15
num_cat=0
split_feature=5 5 3 10 4 11 12 1 9 6 3 9 11 8
split_gain=44.1621 73.4582 93.8552 59.4697 37.4719 31.9205 29.6762 26.1286 16.7181 16.5072 15.8805 20.2307 12.9686 7.58428
threshold=-0.12236333333333266 0.0016103333333340887 0.036710999999996989 -1.0509487879950539e-05 0.1561336666666677 -0.0074589702989524822 -0.93237268073822921 -0.028394999999999993 3.2726800000000003 0.57166299999999404 -0.026050000000001582 0.76774000000000009 0.0072990440764153517 0.055265000000000009
decision_type=2 2 2 2 2 2 2 2 2 2 2 2 2 2
left_child=6 2 3 -2 7 -6 10 -3 12 -4 11 -1 -8 -12
right_child=1 4 9 -5 5 -7 8 -9 -10 -11 13 -13 -14 -15
leaf_value=-0.0065433004156994143 0.0014513118485201804 -0.0015766636912352844 0.0098111395166845129 -0.0045866830868653355 0.03259990143649294 -0.0026015640548816537 0.0095090883291089178 0.0041905564762238666 -0.0085592035850388347 -0.0085220175233682409 0.0082691125754418386 0.020647425417312241 -0.0078243751361208851 -0.031108623940823157
leaf_weight=858.89049801230431 5794.0508244857192 2264.9966167211533 1858.2508758604527 13769.196870408952 65.500851631164551 3832.8225992619991 2957.8638622909784 14774.270389124751 143.92421884834766 131.46963222324848 427.62969699501991 74.328603811562061 111.99614764750004 12.587866485118864
leaf_count=2811 18383 7393 5768 52495 182 12232 9463 50054 467 418 1286 221 361 42
internal_value=0.000806073 0.000302902 -0.00174615 -0.00279841 0.00241218 -0.0020101 0.00546685 0.00342393 0.00809588 0.00859979 -0.000684966 -0.00437763 0.00887672 0.00714312
internal_weight=47077.8 42490.6 21553 19563.2 20937.6 3898.32 4587.22 17039.3 3213.78 1989.72 1373.44 933.219 3069.86 440.218
internal_count=161576 146925 77064 70878 69861 12414 14651 57447 10291 6186 4360 3032 9824 1328
is_linear=0
shrinkage=0.05


Tree=75
num_leaves=15
num_cat=0
split_feature=10 10 12 10 11 11 11 11 10 10 2 12 6 1
split_gain=42.1927 61.0587 101.391 74.8485 59.1334 50.8145 139.051 110.702 38.7256 23.3962 18.8206 13.814 11.0933 10.6271
threshold=1.0986023035730598e-05 1.0000000180025095e-35 0.89403969809438399 1.0515252102383245e-05 2.1028021013336233e-06 -4.3017790496424615e-06 -2.0961529456631207e-06 -0.0016285318382980305 0.004323693815833086 2.1049412290974349e-05 3.5000000000000004 0.99999999744865431 0.91664799999999236 -0.018934999999999997
decision_type=2 2 2 2 2 2 2 2 2 2 2 2 2 2
left_child=1 5 4 -4 -3 7 -7 -1 9 13 -11 12 -10 -2
right_child=8 2 3 -5 -6 6 -8 -9 11 10 -12 -13 -14 -15
leaf_value=0.0021493291428088686 0.017054382277449164 -0.01669186913897976 -0.014562204738681984 0.0053482413859624756 -0.00306006104855142 0.0079356088127582741 -5.61781505316479e-05 -0.0098688852229579429 0.004370465097585317 -0.021260576033135491 0.016043591198883236 -0.0079302848050232279 -0.0043233721455187436 0.0012676096560503859
leaf_weight=5069.6777122169733 127.36375576257706 1756.3000636845827 569.5419238358736 2756.6956226825714 1454.2941661626101 7453.7279601544142 20175.14735814184 3080.2760612592101 1969.4107467979193 34.822212800383568 1164.2987073212862 345.99260954558849 450.94340839982033 653.96199581027031
leaf_count=16489 383 8222 4061 11946 5741 21954 67281 10789 6244 117 3744 1123 1402 2080
internal_value=0.000766038 0.000264619 -0.00417886 0.00193903 -0.0105171 0.00107645 0.00209985 -0.00239296 0.00523598 0.0105735 0.0149603 0.0014148 0.00275069 0.00384101
internal_weight=47062.5 42315.7 6536.83 3326.24 3210.59 35778.8 27628.9 8149.95 4746.79 1980.45 1199.12 2766.35 2420.35 781.326
internal_count=161576 146483 29970 16007 13963 116513 89235 27278 15093 6324 3861 8769 7646 2463
is_linear=0
shrinkage=0.05


Tree=76
num_leaves=15
num_cat=0
split_feature=5 5 3 12 4 12 11 7 3 9 6 9 2 12
split_gain=40.4238 70.0843 79.1389 55.6901 33.6887 32.8946 28.6295 24.1913 14.9719 20.0211 14.8915 14.6409 12.1722 8.64618
threshold=-0.10517283333333287 0.0016103333333340887 0.036710999999996989 -0.99999816667005537 0.1561336666666677 -0.94636995416112957 -0.0074589702989524822 2.3098203333333323 -0.026050000000001582 0.76774000000000009 0.85392899999999261 2.4688700000000003 10.500000000000002 -0.95071886823943841
decision_type=2 2 2 2 2 2 2 2 2 2 2 2 2 2
left_child=5 2 3 -2 7 8 -6 -3 9 -1 -4 12 -7 -10
right_child=1 4 10 -5 6 11 -8 -9 13 -11 -12 -13 -14 -15
leaf_value=-0.0068575781107994204 0.0017487031699520456 0.0031579572338666546 0.0087208528108047405 -0.00443676616086315 0.030837894262382495 0.0054975590778706543 -0.0025085342608538942 0.078163258115788614 0.0064192908174126031 0.019845656051026464 -0.01906667315336899 -0.0056990310536292861 0.011351119230325606 -0.04522038170050488
leaf_weight=944.29266648739576 4920.9266641288996 17009.343621589243 1811.5378473326564 13967.839826516807 65.465626746416092 2046.0261026397347 3831.4774593263865 10.7569622695446 505.82734376192093 75.830878160893917 49.532841503620148 204.94737562537193 1569.2985006719828 8.237838998436926
leaf_count=3101 14903 57422 5644 53807 182 6873 12232 25 1529 225 162 665 4776 30
internal_value=0.000728335 0.000202797 -0.00185607 -0.00282532 0.0022452 0.00481791 -0.00194834 0.00320536 -0.00136627 -0.00487259 0.00798128 0.00730143 0.00803841 0.00559177
internal_weight=47021.3 41666.9 20749.8 18888.8 20917 5354.46 3896.94 17020.1 1534.19 1020.12 1861.07 3820.27 3615.32 514.065
internal_count=161576 144377 74516 68710 69861 17199 12414 57447 4885 3326 5806 12314 11649 1559
is_linear=0
shrinkage=0.05


Tree=77
num_leaves=15
num_cat=0
split_feature=1 12 10 10 11 1 8 2 10 10 8 9 3 0
split_gain=38.2019 61.8952 51.7038 77.9556 66.3203 26.5282 22.2018 21.5967 23.8435 20.054 19.7073 16.3261 12.144 11.9991
threshold=0.0015200000000000007 -0.99999816667005537 -1.0473569783675528e-05 -2.1536260169652263e-05 -1.0000000180025095e-35 -0.0058899999999999951 -0.00055999999999999952 9.5000000000000018 2.1049412290974349e-05 0.012358028223713459 0.00015000000000000018 0.00014999999999999966 -0.017972000000000866 0.0016450000000000004
decision_type=2 2 2 2 2 2 2 2 2 2 2 2 2 2
left_child=1 5 3 -3 -4 11 12 8 -8 -9 -7 -1 -2 -14
right_child=6 2 4 -5 -6 10 7 9 -10 -11 -12 -13 13 -15
leaf_value=0.0012726665206866696 0.015388256658277564 -0.0045514664961738473 0.0020777196755304601 0.005517911968605761 -0.0055058693351129947 0.0073599723800445594 -0.00014258196733451083 0.0062068831369483162 0.02627173560309605 -0.0021217700828502109 0.00093477400925094743 -0.0080538940496612515 0.0456036822794188 0.0051603531866884428
leaf_weight=3081.8754744678736 344.97790182381868 3182.6763909459114 3946.8940640315413 4853.0525122880936 10694.789140723646 3810.7615654915571 7472.8040175065398 3597.7577794715762 86.422237306833267 904.4537828117609 1737.583031848073 553.49587681889534 18.464357316493988 2717.6012867093086
leaf_count=9510 1084 11039 13055 14429 42539 11333 28131 11395 260 2841 5202 1747 68 8943
internal_value=0.000692208 -0.000290478 -0.0016929 0.00152978 -0.00346159 0.00317254 0.00275987 0.00179222 0.000159405 0.00453373 0.00534778 -0.000147329 0.00654792 0.00543329
internal_weight=47003.6 31861.1 22677.4 8035.73 14641.7 9183.72 15142.5 12061.4 7559.23 4502.21 5548.34 3635.37 3081.04 2736.07
internal_count=161576 108854 81062 25468 55594 27792 52722 42627 28391 14236 16535 11257 10095 9011
is_linear=0
shrinkage=0.05


Tree=78
num_leaves=15
num_cat=0
split_feature=4 7 11 11 5 11 11 11 10 3 7 6 3 12
split_gain=37.4676 63.5562 58.845 80.3584 40.7274 37.4084 33.0398 51.3223 35.1783 30.0638 47.4634 30.2126 17.6252 21.0517
threshold=-0.0018913333333327484 0.061240666666664396 -2.1986590714728744e-06 -2.0961529456631207e-06 -0.056838333333332929 -0.0014512645029185476 -1.0000000180025095e-35 -2.1617576229093767e-06 -1.0000000180025095e-35 -0.076390000000000582 0.46854833333333129 0.067213999999991628 0.1957900000000006 0.99999994459791597
decision_type=2 2 2 2 2 2 2 2 2 2 2 2 2 2
left_child=1 2 5 -4 12 -1 7 -6 -8 10 -3 -11 13 -2
right_child=4 9 3 -5 6 -7 8 -9 -10 11 -12 -13 -14 -15
leaf_value=-0.0035939824432029222 0.0098560279663000416 -0.0040677573199599379 0.0056515391341022602 -0.0050103780644302695 7.5300538988017914e-05 -0.018765948942278649 0.0051184528906099364 0.009385071815703536 -0.00076139588445883028 0.0010628967055295862 0.006694237320894073 0.0077123920452728759 -0.0030523222234836358 0.030566214368973561
leaf_weight=708.27780132740736 1221.7780499309301 3882.014849871397 2451.4153261780739 6332.3329880610108 2984.2374715283513 952.84902559965849 3133.451168820262 2937.5757931023836 13517.924435093999 4214.5571835711598 1391.816918797791 2872.5495345965028 229.24925307929516 136.40327976644039
leaf_count=2649 3873 13242 7207 25367 9545 3805 9543 8724 48845 14302 4258 9021 723 472
internal_value=0.000658164 -0.000795404 -0.00366685 -0.00203479 0.00203022 -0.0122969 0.00148583 0.00469351 0.000345072 0.00163094 -0.00122756 0.00375807 0.00977143 0.011936
internal_weight=46966.4 22805.8 10444.9 8783.75 24160.6 1661.13 22573.2 5921.81 16651.4 12360.9 5273.83 7087.11 1587.43 1358.18
internal_count=161576 79851 39028 32574 81725 6454 76657 18269 58388 40823 17500 23323 5068 4345
is_linear=0
shrinkage=0.05


Tree=79
num_leaves=15
num_cat=0
split_feature=11 11 11 12 11 11 7 11 7 2 5 5 12 9
split_gain=35.252 69.7999 91.8112 63.0753 56.3251 40.6553 134.367 114.829 27.5884 26.1723 18.9066 18.2397 15.8172 15.476
threshold=2.1969097918628226e-06 3.8899287235771856e-07 2.106731329387657e-06 0.96470586107266498 0.001124645027623661 -4.3017790496424615e-06 0.12670233333333086 -2.0961529456631207e-06 0.33823033333333091 63.500000000000007 0.28762266666666747 -0.00039633333333317342 0.99999930952428695 2.4688700000000003
decision_type=2 2 2 2 2 2 2 2 2 2 2 2 2 2
left_child=1 5 8 -4 9 6 -1 -7 -3 10 -2 13 -13 -6
right_child=4 2 3 -5 11 7 -8 -9 -10 -11 -12 12 -14 -15
leaf_value=-0.0090400511257223634 0.010227359547135252 -0.020361919759155689 -0.0082171399778413253 0.0054564738649876933 0.0050670598257960345 0.0069526260699887352 0.0028489121653120725 -0.00068722733140391841 0.021113367055106205 -0.02827942802357751 -0.011521972087703471 0.00025243980259638483 -0.0077858256854268504 -0.016189078802774315
leaf_weight=3991.3832208067179 2896.3290513455868 1027.9873752519488 1839.3143541514874 1557.636307477951 2442.082232862711 7441.6176507771015 5874.050346404314 14505.326857447624 41.722140423953533 46.611815690994263 103.49240431189537 4366.8515385240316 711.73535427451134 88.742651045322418
leaf_count=14990 8969 7059 7616 7077 7502 22050 18671 50824 189 159 338 13561 2281 290
internal_value=0.000625691 -0.000116953 -0.00596992 -0.00194725 0.0031541 0.000704841 -0.00196116 0.00190324 -0.0187442 0.00889933 0.00947702 0.000854 -0.000874078 0.00432172
internal_weight=46934.9 36279 4466.66 3396.95 10655.8 31812.4 9865.43 21946.9 1069.71 3046.43 2999.82 7609.41 5078.59 2530.82
internal_count=161576 128476 21941 14693 33100 106535 33661 72874 7248 9466 9307 23634 15842 7792
is_linear=0
shrinkage=0.05


Tree=80
num_leaves=15
num_cat=0
split_feature=1 12 12 10 3 7 11 5 11 8 2 10 10 8
split_gain=34.4119 53.4316 46.3224 65.1401 23.0036 18.7685 34.4481 18.0952 16.6027 15.74 18.1858 15.5988 14.4483 12.9814
threshold=0.0013400000000000009 -0.99999816667005537 -0.98866939751339034 -1.0473569783675528e-05 -0.0001980000000014217 0.013997999999997854 -1.0000000180025095e-35 -0.039631999999999466 -0.0023000845604637106 0.52766500000000016 9.5000000000000018 -1.0506169384472129e-05 -0.015163772056836498 0.07659500000000001
decision_type=2 2 2 2 2 2 2 2 2 2 2 2 2 2
left_child=1 4 12 -4 8 6 -2 -8 -1 11 -11 -7 -3 -6
right_child=5 2 3 -5 13 9 7 -9 -10 10 -12 -13 -14 -15
leaf_value=0.010598515971149922 0.013859670031707433 0.002865802754947403 0.0031593723719059844 -0.0029077642632734067 0.006673693951805594 0.0082730929408999006 0.018982573474797766 -0.0073426518084140696 0.00032745763307066817 -0.010811374976459818 0.0014245207549030425 0.0030417003168997721 -0.010095463887300718 -0.023563062633436993
leaf_weight=423.21760709583759 263.27013017982244 242.21408039331436 6564.5950082838535 13567.700757913291 3106.3373408615589 1649.1797282099724 68.896803312003613 1242.3267504125834 5593.5683033764362 391.999770604074 1347.6362576633692 10479.6105408445 1914.4359420537949 35.907182976603508
leaf_count=1312 790 787 20538 51755 9361 5022 306 6156 17001 1338 4230 36185 6677 118
internal_value=0.000594853 -0.000354327 -0.00167548 -0.000929436 0.00286076 0.00252776 -0.00264548 -0.00595942 0.00104992 0.00311509 -0.00133265 0.00375302 -0.00863978 0.00632817
internal_weight=46890.9 31448 22288.9 20132.3 9159.03 15442.9 1574.49 1311.22 6016.79 13868.4 1739.64 12128.8 2156.65 3142.24
internal_count=161576 107549 79757 72293 27792 54027 7252 6462 18313 46775 5568 41207 7464 9479
is_linear=0
shrinkage=0.05


Tree=81
num_leaves=15
num_cat=0
split_feature=5 5 3 10 4 12 11 7 0 4 3 9 4 12
split_gain=32.828 59.7195 64.6651 48.9167 30.8964 28.0164 25.7679 22.201 13.6912 13.2831 12.4866 17.9699 12.4047 11.8767
threshold=-0.10517283333333287 0.0016103333333340887 0.036710999999996989 -1.0509487879950539e-05 0.1561336666666677 -0.94636995416112957 -0.0074589702989524822 2.3098203333333323 2.0802000000000005 0.35552466666666782 -0.026050000000001582 0.76774000000000009 0.060770000000000539 0.9762270255021791
decision_type=2 2 2 2 2 2 2 2 2 2 2 2 2 2
left_child=5 2 3 -2 7 10 -6 -3 -4 12 11 -1 -7 -11
right_child=1 4 8 -5 6 9 -8 -9 -10 13 -12 -13 -14 -15
leaf_value=-0.0065424507614999438 0.0012510141304665659 0.0028550742578908172 0.0075751246268422811 -0.0043397979540475999 0.029083757721467398 0.0059776794593249969 -0.0025716419158052367 0.075523219693681531 -0.032060675435664453 -0.044313744510157092 0.0049124437727919952 0.018758097572041544 0.016601148015254041 0.027390127547049239
leaf_weight=942.96334818005562 5548.6086618155241 16954.111262395978 1829.0312901511788 13267.945749171078 65.385696694254875 3481.466616332531 3825.9896692633629 10.517061293125151 22.050035536289215 22.91295184195042 511.92059431225061 75.825677193701267 298.33198168873787 7.7210012078285208
leaf_count=3101 17684 57422 5730 51026 182 11302 12232 25 76 81 1559 225 909 22
internal_value=0.00056544 9.08278e-05 -0.00181398 -0.00269118 0.00197843 0.00425521 -0.00203975 0.00290012 0.00710298 0.0065504 -0.00145825 -0.0046594 0.00681617 -0.0262415
internal_weight=46864.8 41523.6 20667.6 18816.6 20856 5341.14 3891.38 16964.6 1851.08 3810.43 1530.71 1018.79 3779.8 30.634
internal_count=161576 144377 74516 68710 69861 17199 12414 57447 5806 12314 4885 3326 12211 103
is_linear=0
shrinkage=0.05


Tree=82
num_leaves=15
num_cat=0
split_feature=10 10 10 7 2 11 12 1 9 4 8 11 7 6
split_gain=33.0687 96.9991 76.8555 53.1273 48.1367 48.3381 31.9301 25.3475 21.511 17.4289 15.7371 15.4001 14.6415 17.4132
threshold=-2.1536260169652263e-05 -0.0027413120817942889 -1.0509487879950539e-05 0.48430666666666372 10.500000000000002 -4.3017790496424615e-06 -0.99018842104513582 -0.0020849999999999992 -0.022415000000000001 0.59219666666666793 -0.0019150000000000003 -0.0049192204784798124 0.29961899999999791 0.0047099999999943168
decision_type=2 2 2 2 2 2 2 2 2 2 2 2 2 2
left_child=1 3 7 8 5 -4 -6 9 -1 -2 -9 -5 13 -3
right_child=2 12 4 11 6 -7 -8 10 -10 -11 -12 -13 -14 -15
leaf_value=-0.0064076779862234246 0.0024626727034450856 0.064504040028959916 -0.0064553511687905039 0.017236470845277654 -0.017750762522292615 -0.00027054723430553401 0.0041830930640721639 0.011412910218455107 0.0066424383182543921 -0.036089675956103844 0.0054211998709436642 0.0044337885873234782 -0.0087113354627845301 -0.023908171615875742
leaf_weight=1774.4169576615095 4296.2860028594732 5.6221401542425147 3654.2868660539389 420.8959039747715 170.24873812496662 23318.62778750807 6532.7168441191316 1658.7350881546736 384.13037340342999 29.517647489905357 3229.5369653850794 531.50527854263783 252.37460692226887 591.51039978861809
leaf_count=6368 12898 19 13225 1235 584 85467 20750 4999 1304 99 9769 1620 828 2411
internal_value=0.000537363 -0.0038341 0.000941023 0.00025491 -0.0001661 -0.00110846 0.00362599 0.00498737 -0.00408531 0.00219961 0.00745436 0.0100917 -0.0188083 -0.0230758
internal_weight=46850.4 3960.46 42890 3110.95 33675.9 26972.9 6702.97 9214.08 2158.55 4325.8 4888.27 952.401 849.507 597.133
internal_count=161576 13785 147791 10527 120026 98692 21334 27765 7672 12997 14768 2855 3258 2430
is_linear=0
shrinkage=0.05


Tree=83
num_leaves=15
num_cat=0
split_feature=11 10 10 10 11 7 1 7 6 4 4 6 5 3
split_gain=29.9531 55.677 70.7376 66.4676 42.0084 28.962 25.3948 23.6268 33.9021 22.7291 20.1841 11.2967 10.9602 10.0244
threshold=-0.0061146399097100615 -2.1536260169652263e-05 -0.0035753945064720401 -1.0509487879950539e-05 2.1969097918628226e-06 0.17418766666666544 -0.0020849999999999992 0.46854833333333129 4.1164529999999937 -0.24400999999999887 0.0055713333333333396 0.0048779999999917474 -0.19689833333333315 0.44910399999999667
decision_type=2 2 2 2 2 2 2 2 2 2 2 2 2 2
left_child=7 2 5 6 -5 -2 -3 9 13 12 -11 -4 -1 -9
right_child=1 3 11 4 -6 -7 -8 8 -10 10 -12 -13 -14 -15
leaf_value=0.0050726720402854593 -0.0076899518523924244 0.0017669356727517023 0.049989868709039008 -0.0013031174111675493 0.0027385464215884474 0.0036805116333808968 0.0070596115551071498 0.01775384131016948 -0.015361751790061169 0.010176250017341088 -0.015947911731594457 -0.017732540932025333 -0.035841555924442312 0.054206723786241709
leaf_weight=22.985064283013344 979.95116764307022 4268.3354974687099 6.1973871886730185 24558.367992587388 8709.1623825132847 1306.9252062290907 4832.1517415344715 554.58463498950005 82.075213611125946 362.97981557995081 92.851093173027039 964.67078143358231 56.862595215439796 19.52360038459301
leaf_count=73 3749 12848 21 91667 27137 4108 14642 1613 263 1162 310 3730 204 49
internal_value=0.000510837 0.00030643 -0.00599245 0.000790761 -0.000245043 -0.00119185 0.00457723 0.00833573 0.0146963 0.000544252 0.00485485 -0.0173002 -0.0240639 0.0189935
internal_weight=46817.6 45625.8 3257.74 42368 33267.5 2286.88 9100.49 1191.86 656.183 535.679 455.831 970.868 79.8477 574.108
internal_count=161576 157902 11608 146294 118804 7857 27490 3674 1925 1749 1472 3751 277 1662
is_linear=0
shrinkage=0.05


Tree=84
num_leaves=15
num_cat=0
split_feature=5 5 3 10 4 11 12 11 6 9 5 7 11 9
split_gain=28.9148 48.2637 59.6893 40.2625 29.8266 20.2621 20.0719 15.8821 13.6388 13.496 12.262 17.8792 12.2111 9.03651
threshold=-0.12236333333333266 0.0016103333333340887 0.03872199999999907 1.0000000180025095e-35 0.075782000000000918 0.0014038866432208865 -0.93237268073822921 -0.0074589702989524822 0.57166299999999404 3.2726800000000003 -0.19689833333333315 0.86262699999999748 0.0072990440764153517 -0.047394999999999986
decision_type=2 2 2 2 2 2 2 2 2 2 2 2 2 2
left_child=6 2 3 -2 5 -3 10 -6 -4 12 13 -12 -8 -1
right_child=1 4 8 -5 7 -7 9 -9 -10 -11 11 -13 -14 -15
leaf_value=-0.0017279506790229653 -0.0013805048417128991 0.0038566470989717903 0.0079991724597391969 -0.0073996249373725551 0.019710188338747173 -0.0016764709676103569 0.0077530771530904645 -0.001221809055195539 -0.008705052039518088 -0.0085313315242454609 -0.0080229343937655538 0.055461562747174224 -0.0091499563291525098 0.0087587826014323845
leaf_weight=454.86087486147881 16133.288868501782 12145.52107911557 1776.4280812218785 3356.2416989430785 91.868255734443665 1915.5124030858278 2942.5777762904763 6673.3088712990284 131.22489954531193 143.86868999898434 526.40109841525555 11.329220920801161 110.87323608994484 374.61568655073643
leaf_count=1462 54289 42158 5573 16784 264 6022 9463 21417 418 467 1734 29 361 1135
internal_value=0.000485594 7.69133e-05 -0.00159083 -0.00241704 0.00179038 0.00310288 0.00426603 -0.000937561 0.00685011 0.00643419 -0.000804373 -0.00668541 0.00713931 0.00300816
internal_weight=46787.9 42223.4 21397.2 19489.5 20826.2 14061 4564.53 6765.18 1907.65 3197.32 1367.21 537.73 3053.45 829.477
internal_count=161576 146925 77064 71073 69861 48180 14651 21681 5991 10291 4360 1763 9824 2597
is_linear=0
shrinkage=0.05


Tree=85
num_leaves=15
num_cat=0
split_feature=10 10 12 10 11 11 11 11 10 10 6 2 12 12
split_gain=27.8174 46.1395 98.6574 66.447 55.5928 33.0469 97.4841 86.4594 30.3692 24.7439 20.3809 16.7549 12.4534 9.95449
threshold=1.0975278619262953e-05 1.0000000180025095e-35 0.63636358596293929 1.0515252102383245e-05 2.1028021013336233e-06 -4.3017790496424615e-06 -2.0961529456631207e-06 -0.0016285318382980305 0.004323693815833086 2.1049412290974349e-05 0.022645999999995208 3.5000000000000004 0.99999999744865431 -0.74888445535803749
decision_type=2 2 2 2 2 2 2 2 2 2 2 2 2 2
left_child=1 5 4 -4 -3 7 -7 -1 9 10 -2 -11 13 -10
right_child=8 2 3 -5 -6 6 -8 -9 12 11 -12 -13 -14 -15
leaf_value=0.0019322692319804901 -0.010244802328612149 -0.018946547830234681 -0.013833041569714556 0.0040430810859139682 -0.0034791575045569042 0.0064631074829787308 -0.00025439737984908449 -0.0087188598216916928 -0.031324683786420449 -0.020907571155335199 0.006262160336876427 0.014287820698179585 -0.0085198834258875655 0.0019648222537366903
leaf_weight=5056.9694294333458 233.2368623316288 1296.7232496961951 624.01549845933914 3113.8090881556273 1052.4089572653174 7385.5755528658628 20096.946551837027 3057.0986698269844 22.671019420027733 34.847483456134796 943.1694296002388 1141.3285304456949 344.24766059219837 2374.6091906130314
leaf_count=16489 880 6398 4467 13389 4290 21954 67281 10789 76 117 3009 3744 1123 7570
internal_value=0.000461406 3.516e-05 -0.00398764 0.00105873 -0.0120172 0.000723052 0.00155085 -0.00208071 0.00394925 0.00811675 0.00298945 0.0132451 0.000372994 0.00165
internal_weight=46777.7 41683.5 6086.96 3737.82 2349.13 35596.6 27482.5 8114.07 5094.11 2352.58 1176.41 1176.18 2741.53 2397.28
internal_count=161576 145057 28544 17856 10688 116513 89235 27278 16519 7750 3889 3861 8769 7646
is_linear=0
shrinkage=0.05


Tree=86
num_leaves=15
num_cat=0
split_feature=4 7 10 10 11 5 3 11 6 11 11 12 3 12
split_gain=26.5902 50.6604 43.9225 57.0083 40.6458 33.0299 24.5704 35.806 27.2714 23.9058 39.5555 28.8122 16.693 18.8589
threshold=-0.0018913333333327484 0.061240666666664396 1.0000000180025095e-35 1.0752138435154991e-05 3.8899287235771856e-07 -0.056838333333332929 -0.076390000000000582 -0.0056466587568737561 0.014903999999991325 -1.0000000180025095e-35 -2.1617576229093767e-06 -0.99999816667005537 0.1957900000000006 0.89403969809438399
decision_type=2 2 2 2 2 2 2 2 2 2 2 2 2 2
left_child=1 2 4 -4 -1 12 7 -3 -8 10 -7 -11 13 -2
right_child=5 6 3 -5 -6 9 8 -9 -10 11 -12 -13 -14 -15
leaf_value=-0.00084578970157059979 0.0068617094598581721 0.0073083060116432745 -0.021703924757773128 -0.0025883358260283939 -0.01213621365562749 -0.00021053978642425437 -0.0031296780026255308 -0.0032069200754403292 0.0048094215836318888 0.0054441886143801257 0.0079912488328755631 -0.00068324004902484906 -0.0039252620016269873 0.019793410270713657
leaf_weight=7916.3746333941817 949.73698472231627 999.69888241589069 698.67053984105587 882.93410785496235 886.39639791101217 2972.9447850286961 1333.8631239682436 4256.9581816196442 5721.715861491859 2214.068611189723 2907.9466493427753 14370.796189047396 228.02635020017624 400.95756740123034
leaf_count=25638 2964 3109 5022 4150 4218 9545 4717 14391 18606 6659 8724 51729 723 1381
internal_value=0.000438608 -0.000788855 -0.00336104 -0.0110326 -0.00198268 0.00159726 0.00138057 -0.00120716 0.00330853 0.00110601 0.00384503 0.000134768 0.00858801 0.0107005
internal_weight=46741.1 22696.6 10384.4 1581.6 8802.77 24044.5 12312.2 5256.66 7055.58 22465.8 5880.89 16584.9 1578.72 1350.69
internal_count=161576 79851 39028 9172 29856 81725 40823 17500 23323 76657 18269 58388 5068 4345
is_linear=0
shrinkage=0.05


Tree=87
num_leaves=15
num_cat=0
split_feature=1 12 12 0 2 8 10 4 10 1 3 5 10 3
split_gain=26.6759 42.9677 38.0527 49.5941 19.9145 15.5282 16.6621 19.8055 19.2291 15.1433 13.1993 12.9157 11.8306 11.4978
threshold=0.0013400000000000009 -0.99999816667005537 -0.98866939751339034 0.89521500000000009 1.5000000000000002 -0.00055999999999999952 1.0752138435154991e-05 0.015316000000000564 0.0099817492607456888 -0.0044449999999999984 -0.017972000000000866 0.16665166666666728 1.0000000180025095e-35 -0.0035480000000000446
decision_type=2 2 2 2 2 2 2 2 2 2 2 2 2 2
left_child=1 4 12 -4 11 10 7 -7 -8 -6 -2 -1 -3 -12
right_child=5 2 3 -5 9 6 8 -9 -10 -11 13 -13 -14 -15
leaf_value=0.0052081911102456763 0.014294975965352417 -0.0068752729595360704 -0.0013450841395170852 0.013952679900561999 -0.0021999077022196215 -0.0019345543670218311 0.0056968412229207177 0.0034269472226522903 -0.001613148013901887 0.0037804985106629934 -0.011787626033442515 -0.010828586550541756 -0.020963484039060332 0.0047374003827907202
leaf_weight=4515.7778609991074 357.37472374737263 1987.0167002230883 19516.294947244227 544.58642055094242 2764.6198638677597 5056.1019040420651 3312.924840182066 2612.4754046648741 1234.9989951103926 1715.2698098868132 109.53904797136784 129.14253364503384 161.098791629076 2695.4694507345557
leaf_count=13510 1131 6719 70657 1636 8729 19476 11714 8473 3897 5143 418 410 745 8918
internal_value=0.000416838 -0.000420243 -0.00160706 -0.000929801 0.00246835 0.00212236 0.001314 -0.000108037 0.0037118 8.98831e-05 0.00524509 0.00476232 -0.00793182 0.00409208
internal_weight=46712.7 31333.8 22209 20060.9 9124.81 15378.9 12216.5 7668.58 4547.92 4479.89 3162.38 4644.92 2148.12 2805.01
internal_count=161576 107549 79757 72293 27792 54027 43560 27949 15611 13872 10467 13920 7464 9336
is_linear=0
shrinkage=0.05


Tree=88
num_leaves=15
num_cat=0
split_feature=10 10 10 7 4 10 11 4 12 1 9 6 7 11
split_gain=25.609 78.9491 59.311 41.2966 34.8311 49.1281 41.2852 25.5643 20.324 15.7607 14.1817 12.9432 14.3576 11.5355
threshold=-2.1536260169652263e-05 -0.0027413120817942889 -1.0740030537137455e-05 0.48430666666666372 -0.0018913333333327484 1.101103487277655e-05 -2.0950030465982645e-06 0.11995733333333429 -0.99999999097879833 -0.00084999999999999952 -0.65930999999999984 0.0047099999999943168 0.29961899999999791 4.6296300126869038e-13
decision_type=2 2 2 2 2 2 2 2 2 2 2 2 2 2
left_child=1 3 7 8 5 -4 -6 9 -1 -2 -5 -3 -13 -9
right_child=2 11 4 10 6 -7 -8 13 -10 -11 -12 12 -14 -15
leaf_value=0.0087327825763081363 0.0037720931236422252 0.057194487517254047 -0.0025898366163347158 0.01537686599192708 0.0059550515210519267 0.0076079803344564923 0.00020259519037084213 -0.010923450299480789 -0.0055296292146013283 0.0088121789090962344 0.0031525900803047457 -0.021896859122479559 -0.0076058373285811248 0.002125183009811914
leaf_weight=288.45692476630211 3587.9564103037119 5.8275565207004538 14945.546640358865 446.87916402518749 3896.7175155505538 1282.3468725532293 15629.918409153819 332.02414512634277 1863.0872772634029 2732.2838143706322 505.79558172821999 581.95943503081799 251.79033087193966 345.74735498428345
leaf_count=1045 10750 19 55070 1315 11894 4018 55673 1059 6627 8235 1540 2411 828 1092
internal_value=0.000396151 -0.00345906 0.000751783 0.000220029 -7.21238e-05 -0.00178399 0.00135055 0.00496132 -0.00361747 0.00595096 0.00888673 -0.017062 -0.017581 -0.00426703
internal_weight=46696.3 3943.8 42752.5 3104.22 35754.5 16227.9 19526.6 6998.01 2151.54 6320.24 952.675 839.577 833.75 677.772
internal_count=161576 13785 147791 10527 126655 59088 67567 21136 7672 18985 2855 3258 3239 2151
is_linear=0
shrinkage=0.05


Tree=89
num_leaves=15
num_cat=0
split_feature=5 5 3 12 4 12 2 8 11 10 4 3 6 1
split_gain=24.952 45.2042 43.7727 35.2027 27.0747 20.5087 20.6508 19.3691 18.5222 16.6013 15.8784 15.832 14.2749 13.6197
threshold=-0.091713999999999615 0.0016103333333340887 0.03872199999999907 -0.99999816667005537 0.075782000000000918 -0.98866939751339034 3.5000000000000004 -0.00055999999999999952 0.0014038866432208865 -0.010374983353977905 0.35552466666666782 1.604339 0.74437799999999454 -0.86050999999999989
decision_type=2 2 2 2 2 2 2 2 2 2 2 2 2 2
left_child=5 2 3 -2 8 6 7 -1 -3 -8 13 -6 -4 -7
right_child=1 4 12 -5 11 10 9 -9 -10 -11 -12 -13 -14 -15
leaf_value=0.010772264287706057 0.0011785529968736611 0.0035319194162356238 0.0068023053204871939 -0.0038180177635256068 -0.00064413452825060578 0.016052488648431347 0.0037451716532166273 -0.0076943930229572246 -0.0017618901563057066 -0.013671481123718852 -0.029657264061670709 -0.015741157623724921 -0.018911752796500078 0.0044452803142681768
leaf_weight=402.05575872957706 4792.8850317597389 12114.788291499019 1621.5156978741288 13326.800397612154 6578.8235256373882 267.73136323690414 194.9483050853014 219.52596265077591 1913.272063061595 458.86898718774319 33.094720378518105 178.36579187214375 55.830585166811943 4509.5518065989017
leaf_count=1189 14597 42158 5116 52072 21109 792 626 678 6022 1575 112 572 183 14775
internal_value=0.000376578 -7.11382e-05 -0.00178103 -0.00249636 0.00155746 0.00336212 -0.00227487 0.00425034 0.0028099 -0.00847837 0.00485668 -0.00104264 0.00594641 0.00509578
internal_weight=46668.1 40582.3 19797 18119.7 20785.2 6085.78 1275.4 621.582 14028.1 653.817 4810.38 6757.19 1677.35 4777.28
internal_count=161576 141829 71968 66669 69861 19747 4068 1867 48180 2201 15679 21681 5299 15567
is_linear=0
shrinkage=0.05


Tree=90
num_leaves=15
num_cat=0
split_feature=7 11 11 10 12 11 5 5 6 1 10 8 11 11
split_gain=23.8336 76.2116 100.517 85.8568 59.9777 36.074 31.0395 23.6367 21.0896 28.1815 35.4723 31.5273 19.3932 18.4715
threshold=0.061240666666664396 -2.1986590714728744e-06 -2.0961529456631207e-06 -1.0506169384472129e-05 -0.99999971008411759 -0.0014512645029185476 0.0021723333333339679 0.13941916666666745 0.014903999999991325 -0.072414999999999993 -0.015163772056836498 -0.0017649999999999994 -4.3017790496424615e-06 -2.0977836734381579e-06
decision_type=2 2 2 2 2 2 2 2 2 2 2 2 2 2
left_child=1 5 4 -4 -3 6 -1 -7 12 10 -10 -11 -2 -14
right_child=8 2 3 -5 -6 7 -8 -9 9 11 -12 -13 13 -15
leaf_value=-0.007796471568899831 -0.023587125779133189 -0.0013762420559958258 0.0066088543025481315 -0.0036713046402790349 0.010222616837279513 -0.017418150058266912 0.015938480216463814 0.034859488602539894 0.0083843243095452526 0.0054796338113320955 -0.0036589633207865287 0.001149598601924536 0.0052339941377571595 -0.0042644921282155492
leaf_weight=585.21567024290562 106.63722731918097 1698.7597068697214 2426.2005790919065 12469.512296468019 3240.872020483017 1071.3323726207018 180.14809083938599 22.067325167357922 733.65917144715786 6834.3822329416871 3669.5993650555611 10921.761491283774 686.56504666805267 2011.2094005122781
leaf_count=2251 402 5183 7244 50914 9548 4323 631 74 2281 21445 12159 35718 2057 7346
internal_value=0.000357836 -0.000854397 5.28005e-05 -0.00199688 0.00623372 -0.0105353 -0.00220984 -0.0163631 0.00141129 0.00192829 -0.00165234 0.00281624 -0.00267385 -0.00184719
internal_weight=46657.9 21694.1 19835.3 14895.7 4939.63 1858.76 765.364 1093.4 24963.8 22159.4 4403.26 17756.1 2804.41 2697.77
internal_count=161576 80168 72889 58158 14731 7279 2882 4397 81408 71603 14440 57163 9805 9403
is_linear=0
shrinkage=0.05


Tree=91
num_leaves=15
num_cat=0
split_feature=1 10 10 11 12 0 6 10 9 7 11 11 6 5
split_gain=23.3069 36.8588 64.364 38.2668 34.3364 41.9753 20.7943 20.5427 13.1105 14.4824 26.269 13.8487 6.70186 11.0929
threshold=0.0013400000000000009 1.0000000180025095e-35 1.075542098716298e-05 4.4630965589931298e-13 0.24774398378375975 0.0057850000000000011 0.021808999999991745 -1.0496578434215918e-05 2.4688700000000003 0.013997999999997854 -1.0000000180025095e-35 0.0017998968523980088 0.26979599999999565 -0.28967616666666596
decision_type=2 2 2 2 2 2 2 2 2 2 2 2 2 2
left_child=1 4 3 -3 5 -1 -4 -6 9 10 -2 -11 13 -10
right_child=8 2 6 -5 7 -7 -8 -9 12 11 -12 -13 -14 -15
leaf_value=0.0033597882908410533 0.012123947605251014 -0.021632578173321704 -0.0070057037862378381 -0.0059540599876722966 0.0055200631961718864 -0.00088656673835350083 0.0027489865766168655 -0.0064296648191061109 -0.072605656235280119 0.0035710617093943869 -0.0052858170753920441 -0.00028422024536389875 -0.0047265920246949873 -0.011992200840901959
leaf_weight=9933.0260483771563 260.00575406104326 686.99269274622202 764.77031545341015 897.76771306991577 417.19677374511957 14053.655482590199 1912.7492007017136 2607.423198916018 9.710190683603285 10386.41883264482 1299.9712260663509 3002.8031231313944 357.65837550163269 33.90305931866169
leaf_count=30436 790 4132 3587 5221 1273 44960 6815 11125 39 35923 6462 9570 1127 116
internal_value=0.000340187 -0.000443024 -0.00476422 -0.0127507 0.000238843 0.000871874 -3.72107e-05 -0.0047814 0.00193583 0.00217523 -0.00238408 0.00270644 -0.00698303 -0.0254874
internal_weight=46624.1 31273.6 4262.28 1584.76 27011.3 23986.7 2677.52 3024.62 15350.5 14949.2 1559.98 13389.2 401.272 43.6133
internal_count=161576 107549 19755 9353 87794 75396 10402 12398 54027 52745 7252 45493 1282 155
is_linear=0
shrinkage=0.05


Tree=92
num_leaves=15
num_cat=0
split_feature=9 11 11 7 10 10 11 10 11 4 6 6 0 2
split_gain=22.5483 37.3951 87.6865 63.6278 62.2803 57.2301 45.5964 29.0407 16.3992 21.857 16.8411 17.2154 16.7184 10.6713
threshold=0.0683 -4.3017790496424615e-06 -2.0961529456631207e-06 0.10350099999999778 -1.0489259993917697e-05 -1.0481457918265489e-05 -0.0014512645029185476 -0.012392228107727108 -0.0023000845604637106 0.59219666666666793 4.1164529999999937 2.1067599999999991 9.5000000000000019e-05 225.50000000000003
decision_type=2 2 2 2 2 2 2 2 2 2 2 2 2 2
left_child=1 3 5 6 -4 -3 -1 -5 10 12 11 -2 -10 -11
right_child=8 2 4 7 -6 -7 -8 -9 9 13 -12 -13 -14 -15
leaf_value=-0.0030439825919884003 0.0077333764227749627 0.0010354508058998322 0.0042482269706656554 0.0091554690425639657 -0.002103568344498949 0.010167450408325979 -0.015730674145909031 -0.001510091988101448 -0.029892653967152235 -0.012197659788642614 -0.022795080706433161 0.033768354817933936 0.0024085356103466745 -0.055880605068524575
leaf_weight=1445.3683918640018 1088.858292132616 3455.8162286579609 4821.8791614174843 764.92862257361412 19330.026782363653 3407.1974293887615 1388.6827139034867 3853.3901999145746 40.298620343208313 146.64688405394554 42.503360435366631 67.427203446626663 6729.342453405261 15.454160585999487
leaf_count=5373 3405 10655 14619 2385 73623 9873 5606 12712 167 473 138 183 22309 55
internal_value=0.000323243 -0.000182416 0.00058176 -0.00336273 -0.000835445 0.0055691 -0.00926045 0.000256437 0.00271563 0.00178179 0.00811535 0.00925157 0.00221625 -0.0163622
internal_weight=46597.8 38467.3 31014.9 7452.37 24151.9 6863.01 2834.05 4618.32 8130.53 6931.74 1198.79 1156.29 6769.64 162.101
internal_count=161576 134846 108770 26076 88242 20528 10979 15097 26730 23004 3726 3588 22476 528
is_linear=0
shrinkage=0.05


Tree=93
num_leaves=15
num_cat=0
split_feature=10 10 10 7 11 11 11 4 12 5 3 6 11 10
split_gain=22.0269 67.8829 46.9312 34.2042 31.0158 52.7803 49.1056 20.5282 18.4318 14.0474 12.3711 12.0341 12.7039 11.2877
threshold=-2.1536260169652263e-05 -0.0027413120817942889 -1.0746954148821429e-05 0.46854833333333129 2.1969097918628226e-06 -2.0950030465982645e-06 0.0017370892566281884 0.11995733333333429 -0.99999999097879833 0.17466600000000052 0.0041039999999980467 0.0047099999999943168 -0.0023000845604637106 -0.018000474143053943
decision_type=2 2 2 2 2 2 2 2 2 2 2 2 2 2
left_child=1 3 7 8 5 -4 -6 9 -1 -2 -9 -3 -13 -5
right_child=2 11 4 13 6 -7 -8 10 -10 -11 -12 12 -14 -15
leaf_value=0.0083169352386554748 0.0059122722239731843 0.055343344712095933 0.0018610477402479784 0.015521052864530906 0.0066923015923200171 -0.0026492689409131727 -0.00076990045576108242 -0.0133499971464181 -0.0053103466924313315 -0.010933846154548916 0.0011966517331595905 -0.0058701476976708057 -0.020093544387073937 0.004103549455112856
leaf_weight=287.16261802613735 5612.0124996006489 5.8761877566575995 10610.07614415139 320.91641227900982 3918.8045449107885 16688.700866907835 5040.0725761950016 224.4418091326952 1825.8324702829123 126.53725449740887 419.03740076720715 210.7798818051815 615.17530530691147 665.1417645663023
leaf_count=1042 16898 19 34034 928 12251 66374 15790 713 6525 403 1328 764 2475 2032
internal_value=0.000307267 -0.00327413 0.00063743 0.000130011 -5.85126e-05 -0.000896267 0.00249423 0.00459123 -0.00345836 0.00554081 -0.00387713 -0.0159565 -0.0164638 0.00781942
internal_weight=46570.6 3930.88 42639.7 3099.05 36257.7 27298.8 8958.88 6382.03 2113 5738.55 643.479 831.831 825.955 986.058
internal_count=161576 13785 147791 10527 128449 100408 28041 19342 7567 17301 2041 3258 3239 2960
is_linear=0
shrinkage=0.05


Tree=94
num_leaves=15
num_cat=0
split_feature=1 10 10 11 12 0 11 10 8 2 7 7 11 2
split_gain=21.184 33.4701 55.6852 36.3057 30.2961 36.9127 17.7241 17.4024 13.1688 17.0505 19.0081 15.1884 29.2714 11.7795
threshold=0.0011950000000000005 1.0000000180025095e-35 1.075542098716298e-05 4.407585407761872e-13 0.24774398378375975 0.0059450000000000015 -0.0045899194212906105 1.0988301579750727e-05 0.52766500000000016 9.5000000000000018 0.15102433333333232 0.013997999999997854 -1.0000000180025095e-35 1.5000000000000002
decision_type=2 2 2 2 2 2 2 2 2 2 2 2 2 2
left_child=1 4 3 -3 5 -1 -6 -4 11 10 -10 12 -2 -13
right_child=8 2 7 -5 6 -7 -8 -9 9 -11 -12 13 -14 -15
leaf_value=0.0030782002782703093 0.012692815571996745 -0.021550857546955876 -0.0027755417166730623 -0.0058796385646281632 0.029430982350800577 -0.00090421244890540324 -0.0051831895581716785 0.0062608889076488719 -0.027115305462272789 0.00037878280472656173 -0.0037768882130734386 -0.0029541634350110889 -0.0052639443624080207 0.0033123523647163571
leaf_weight=9993.4383063465357 272.8324189260602 619.49442412704229 1878.013408228755 916.12947951257229 37.48126620054245 13928.514674752951 2779.500891469419 743.80587230622768 129.86563915759325 1337.2890144437551 265.82991303503513 802.29107946902514 1349.4732315689325 11488.046473421156
leaf_count=30676 828 3742 7902 5399 124 44622 11526 2293 491 4230 867 3452 6772 38652
internal_value=0.000292083 -0.000467008 -0.00464054 -0.0122017 0.000181903 0.000759448 -0.00472263 -0.000211921 0.00179111 -0.00231901 -0.0114365 0.00230307 -0.00224405 0.00290329
internal_weight=46542 30896.4 4157.44 1535.62 26738.9 23922 2816.98 2621.82 15645.6 1732.98 395.696 13912.6 1622.31 12290.3
internal_count=161576 106284 19336 9141 86948 75298 11650 10195 55292 5588 1358 49704 7600 42104
is_linear=0
shrinkage=0.05


Tree=95
num_leaves=15
num_cat=0
split_feature=5 5 3 10 4 12 11 11 11 3 9 7 5 4
split_gain=20.9707 35.8727 39.4816 30.1327 25.6618 19.8711 17.2022 14.0184 17.9348 13.4522 11.9716 11.094 10.521 15.4167
threshold=-0.10517283333333287 0.0016103333333340887 0.036710999999996989 -1.0509487879950539e-05 0.075782000000000918 -0.88888886467009331 0.0014038866432208865 0.0031061071224569585 2.1018982421239234e-06 1.604339 1.9681250000000003 0.26216566666666469 -0.19689833333333315 -0.31085099999999882
decision_type=2 2 2 2 2 2 2 2 2 2 2 2 2 2
left_child=5 2 3 -2 6 12 -3 8 -7 -6 -4 -9 -1 -14
right_child=1 4 10 -5 9 7 -8 11 -10 -11 -12 -13 13 -15
leaf_value=0.0026440973668204189 0.00083484326924718037 0.0032826205265366181 0.0060250599484788676 -0.0035746674766038802 -0.000801257776952842 0.0042791876167163788 -0.0018231307532505306 0.011693395716640555 0.012872100299403203 -0.014689032884223846 -0.021558125812984646 -0.0076887073352144425 -0.021835969101404305 -0.0023604848748146868
leaf_weight=935.13746193051338 5491.9890919551253 12070.640600159764 1790.4242124184966 13153.469516947865 6566.6076000928879 2263.3247436359525 1910.8519566506147 96.066615387797356 829.88487005233765 179.12549164891243 40.220950394868851 318.93434217572212 117.57175422459841 748.66306386888027
leaf_count=2933 17684 42158 5672 51026 21109 7339 6022 295 2754 572 134 1039 401 2438
internal_value=0.00027755 -0.000103563 -0.0015879 -0.00227585 0.00136279 0.00323506 0.00258482 0.0054269 0.0065846 -0.00117003 0.00541903 -0.00320204 -0.0010336 -0.00500384
internal_weight=46512.9 41203.3 20476.1 18645.5 20727.2 5309.58 13981.5 3508.21 3093.21 6745.73 1830.65 415.001 1801.37 866.235
internal_count=161576 144377 74516 68710 69861 17199 48180 11427 10093 21681 5806 1334 5772 2839
is_linear=0
shrinkage=0.05


Tree=96
num_leaves=15
num_cat=0
split_feature=10 10 10 7 4 10 11 9 4 12 9 4 7 11
split_gain=19.7546 61.7335 40.2601 30.9142 27.7819 37.3878 26.2458 18.5254 18.0568 12.9574 11.8571 11.7401 11.1306 12.8705
threshold=-2.1536260169652263e-05 -0.0027413120817942889 -1.0746954148821429e-05 0.48430666666666372 -0.0018913333333327484 1.101103487277655e-05 -2.0950030465982645e-06 -0.022415000000000001 0.11995733333333429 -0.99999999097879833 -0.65930999999999984 0.13095933333333412 0.29961899999999791 0.0042257077183827105
decision_type=2 2 2 2 2 2 2 2 2 2 2 2 2 2
left_child=1 3 8 7 5 -4 -6 -1 9 -2 -5 -10 13 -3
right_child=2 12 4 10 6 -7 -8 -9 11 -11 -12 -13 -14 -15
leaf_value=-0.0053826345242765057 -0.0017998677310271938 -0.019891288291076961 -0.0022719877301937705 0.013541969130656077 0.0048195830860673873 0.0066505596032360136 0.00027949086445005106 0.0067494157653775356 -0.026609854877360641 0.00595181187321154 0.0023626589093247853 -0.0017060677005161489 -0.0064694449813474282 0.049621409243978447
leaf_weight=1762.0643272548914 602.51584470272064 570.33174952864647 15210.624743059278 446.91331864893436 3990.3325707316399 1272.2689609825611 15738.489109411836 383.06338718533516 51.431521147489548 5121.7015521079302 505.420819029212 592.54303187131882 251.1482846736908 6.7376540899276725
leaf_count=6368 1833 2413 56019 1315 12255 4018 56157 1304 176 15468 1540 1865 828 17
internal_value=0.00026373 -0.00313015 0.000576631 0.000112069 -6.81147e-05 -0.00158328 0.00119777 -0.00321617 0.00424288 0.00513589 0.00760891 -0.00369503 -0.0152558 -0.0190797
internal_weight=46505.6 3925.68 42579.9 3097.46 36211.7 16482.9 19728.8 2145.13 6368.19 5724.22 952.334 643.975 828.218 577.069
internal_count=161576 13785 147791 10527 128449 60037 68412 7672 19342 17301 2855 2041 3258 2430
is_linear=0
shrinkage=0.05


Tree=97
num_leaves=15
num_cat=0
split_feature=7 11 11 10 12 11 5 5 6 6 3 7 11 11
split_gain=19.0804 61.2501 71.7747 63.6119 53.2727 30.4821 27.2331 21.2886 18.238 24.997 48.5906 32.7129 17.0509 15.6693
threshold=0.061240666666664396 -2.1986590714728744e-06 -2.0961529456631207e-06 -1.0506169384472129e-05 -0.99999985814891335 -0.0014512645029185476 0.0021723333333339679 0.13941916666666745 0.014608999999995024 0.21392399999999281 -0.076390000000000582 0.17088166666666491 0.0017998968523980088 -4.3017790496424615e-06
decision_type=2 2 2 2 2 2 2 2 2 2 2 2 2 2
left_child=1 5 4 -4 -3 6 -1 -7 12 10 -10 -11 13 -2
right_child=8 2 3 -5 -6 7 -8 -9 9 11 -12 -13 -14 -15
leaf_value=-0.0071602582582269069 -0.021817410858671071 -0.0028759921643826077 0.0056733243441018663 -0.0032017425502924171 0.0085673545177326216 -0.015968675778049012 0.01506824717436623 0.033550376860528905 -0.0037994586165134058 -0.0063127286850343054 0.0044461804314768413 0.0011622892521299271 -0.076531666758289832 -0.0016987675556447057
leaf_weight=582.17085368186235 100.45892108976841 1438.3008157759905 2411.0561887770891 12416.19026067853 3472.480629041791 1058.7665561959147 180.51393629610538 22.158384278416634 2139.9601819217205 1827.0928591415286 10822.134987816215 7357.8328791409731 7.786165550351142 2644.0491583049297
leaf_count=2251 381 4406 7244 50914 10325 4323 631 74 7443 6189 35051 23063 30 9251
internal_value=0.000250678 -0.000837446 -2.33716e-05 -0.00175857 0.00521575 -0.00955308 -0.00189917 -0.0149536 0.00119382 0.00167086 0.00308488 -0.000324664 -0.0026448 -0.00243518
internal_weight=46481 21581.6 19738 14827.2 4910.78 1843.61 762.685 1080.92 24899.3 22147 12962.1 9184.93 2752.29 2744.51
internal_count=161576 80168 72889 58158 14731 7279 2882 4397 81408 71746 42494 29252 9662 9632
is_linear=0
shrinkage=0.05


Tree=98
num_leaves=15
num_cat=0
split_feature=11 11 7 11 10 6 11 10 6 7 4 0 12 7
split_gain=18.7294 32.7194 62.2137 54.6629 60.7592 51.4912 39.9684 23.9445 19.5873 27.2284 20.8012 9.6302 6.91366 8.01751
threshold=-0.0061146399097100615 -4.3017790496424615e-06 0.12226066666666525 -2.0961529456631207e-06 -1.0481457918265489e-05 0.021373999999993617 -0.0016285318382980305 1.101103487277655e-05 4.1164529999999937 0.46854833333333129 -0.24400999999999887 0.021215000000000008 0.85483934511913129 3.3535156666666652
decision_type=2 2 2 2 2 2 2 2 2 2 2 2 2 2
left_child=8 2 6 4 -3 -5 -2 -4 9 10 -1 -11 13 -10
right_child=1 3 7 5 -6 -7 -8 -9 12 11 -12 -13 -14 -15
leaf_value=-0.023518862211143091 -0.0020873175964816145 6.4583389488616152e-05 -5.5539893364146553e-05 -0.0027608751242624505 0.0091686920639286722 0.0015004347483696557 -0.012429770952821037 0.012306424832788293 0.0099050496833562787 0.033004270209810456 0.0041915395818966769 0.013321608426540642 -0.068957358290372681 -0.024545427335756938
leaf_weight=79.556636571884155 1772.1614346057177 3688.4478138387203 4408.5133009850979 11977.470840230584 3642.4009776264429 17369.298880599439 1975.3993097916245 429.91580724716187 25.316341862082481 70.942966639995575 455.34422837197781 501.12318451702595 5.9695942699909201 50.730526804924011
leaf_count=277 6496 11452 14374 48113 10598 57752 7874 1243 75 198 1472 1464 22 166
internal_value=0.000238289 7.55688e-05 -0.00270289 0.000725987 0.00458805 -0.000238759 -0.00753899 0.00104288 0.0064329 0.00817974 7.01285e-05 0.0157625 -0.017144 -0.0130767
internal_weight=46452.6 45263.6 8585.99 36677.6 7330.85 29346.8 3747.56 4838.43 1188.98 1106.97 534.901 572.066 82.0165 76.0469
internal_count=161576 157902 29987 127915 22050 105865 14370 15617 3674 3411 1749 1662 263 241
is_linear=0
shrinkage=0.05


Tree=99
num_leaves=15
num_cat=0
split_feature=5 5 3 4 4 7 6 12 4 4 4 11 10 6
split_gain=17.8158 30.6962 29.6069 26.0721 24.731 19.723 18.72 18.0486 17.2971 15.0872 17.8691 13.5927 13.1144 12.7473
threshold=-0.091713999999999615 0.0013423333333339811 0.03872199999999907 0.031738333333334416 0.1561336666666677 2.3098203333333323 0.015901999999995194 0.91063694632645331 -0.28565466666666545 0.39274500000000062 0.041407333333333796 0.002873100229361381 1.0510186521095479e-05 0.74437799999999454
decision_type=2 2 2 2 2 2 2 2 2 2 2 2 2 2
left_child=7 2 3 -2 5 -3 -6 9 12 10 -1 -10 -9 -4
right_child=1 4 13 -5 6 -7 -8 8 11 -11 -12 -13 -14 -15
leaf_value=0.00069237119976560391 -0.0025266144793353838 0.0019604058196990458 0.0056323488298483321 0.0081661955638688919 -0.012640625402076716 0.071742985728642489 -0.0012420837582276288 -0.011192432172498837 0.014277961307221905 -0.039957994498823021 0.012733888308445041 -0.0032116529572906987 0.0074924581201844462 -0.018661199678021531
leaf_weight=4425.681044742465 17252.025032497942 16979.968439549208 1601.387627363205 589.55762015283108 401.84750233590603 10.131588742136953 3475.6935761719942 171.29879868030548 775.37114557623863 22.013759687542915 331.14477552473545 129.67185972630978 207.86240950226784 55.882350653409958
leaf_count=14135 64172 58056 5089 1888 1433 25 10983 604 2807 76 1001 425 699 183
internal_value=0.000226483 -0.000153103 -0.00157948 -0.00217328 0.00117971 0.00200202 -0.00242337 0.00275369 0.00801618 0.00133952 0.00153064 0.0117721 -0.000949068 0.00481318
internal_weight=46429.5 40366.5 19498.9 17841.6 20867.6 16990.1 3877.54 6063.04 1284.2 4778.84 4756.83 905.043 379.161 1657.27
internal_count=161576 141829 71332 66060 70497 58081 12416 19747 4535 15212 15136 3232 1303 5272
is_linear=0
shrinkage=0.05


Tree=100
num_leaves=14
num_cat=0
split_feature=10 10 10 10 2 11 4 6 5 7 6 3 12
split_gain=17.7603 43.6571 35.238 33.6186 23.9259 23.8503 16.1848 14.551 12.4006 12.3553 11.3392 8.05336 2.93991
threshold=-0.015163772056836498 -2.1536260169652263e-05 -1.0746954148821429e-05 -0.0027413120817942889 21.500000000000004 2.1504579750253332e-06 0.11995733333333429 0.062193999999992172 -1.7349239999999992 0.79930733333333148 0.0047099999999943168 -2.4101730000000017 -0.98341107543959694
decision_type=2 2 2 2 2 2 2 2 2 2 2 2 2
left_child=7 3 6 4 -2 -4 -3 12 11 -10 -5 -9 -1
right_child=1 2 5 10 -6 -7 -8 8 9 -11 -12 -13 -14
leaf_value=-0.026342372715886183 0.0099995160193982052 0.0047841766249566865 -0.00096088070753391557 0.054815254473174528 -0.0046189126178397362 0.0018175945173009658 -0.0035747849387039871 -0.041510605264639872 0.0056209879575058672 0.019577634255346088 -0.014820641754919421 0.0030619931387271663 -0.079763317788616256
leaf_weight=5.4871696978807449 326.88484999537468 5708.0623075962067 24976.401117451489 5.8881724774837485 1947.4752202928066 11181.272591009736 644.46482479572296 19.774064764380455 542.4991711974144 224.06997160613537 815.1520422026515 20.787298813462257 4.8534318357706052
leaf_count=21 1115 17301 90899 19 6871 37550 2041 68 1734 635 3239 62 21
internal_value=0.000215209 8.42745e-05 0.00050172 -0.00564865 -0.00251786 -0.000101675 0.00393616 0.00751988 0.00827494 0.00970055 -0.0143212 -0.0186676 -0.0514159
internal_weight=46423.1 45605.6 42510.2 3095.4 2274.36 36157.7 6352.53 817.471 807.131 766.569 821.04 40.5614 10.3406
internal_count=161576 159035 147791 11244 7986 128449 19342 2541 2499 2369 3258 130 42
is_linear=0
shrinkage=0.05


Tree=101
num_leaves=15
num_cat=0
split_feature=11 10 10 10 4 5 6 7 4 2 4 3 12 7
split_gain=16.7494 28.0047 44.4281 29.3825 25.9325 22.0635 17.01 24.1368 18.8825 16.38 15.4584 9.30468 6.21487 6.82258
threshold=-0.0061146399097100615 -2.1536260169652263e-05 -0.010374983353977905 -1.0740030537137455e-05 -0.0018913333333327484 -0.99257216666666637 4.1164529999999937 0.46854833333333129 -0.24400999999999887 235.50000000000003 0.11995733333333429 0.44910399999999667 0.85483934511913129 3.3535156666666652
decision_type=2 2 2 2 2 2 2 2 2 2 2 2 2 2
left_child=6 2 9 10 -5 -4 7 8 -1 -2 -3 -9 13 -8
right_child=1 3 5 4 -6 -7 12 11 -10 -11 -12 -13 -14 -15
leaf_value=-0.022451342525419461 0.0034603999302816463 0.0041770477533980511 0.027414067053685872 -0.0016908151251782079 0.0010387501535696478 -0.0091381685104458491 0.0092009140333668259 0.013647326312216063 0.0039811946078003478 0.057588607851439648 -0.0037959746386330099 0.048984150473135667 -0.064634550660089676 -0.02257962745615625
leaf_weight=79.335672602057457 998.27407242357731 6171.0804122388363 42.089828550815582 15813.873077087104 19347.481084674597 2157.5485389232635 25.304247736930847 552.10234470665455 455.40222949534655 14.175189331173895 674.36997306346893 19.279394194483757 6.0568039119243613 50.771013051271439
leaf_count=277 3244 18763 121 58089 67305 8207 75 1613 1472 36 2137 49 22 166
internal_value=0.000204502 5.05195e-05 -0.00444927 0.0003946 -0.000188876 -0.00843875 0.0060643 0.00769443 5.95666e-05 0.00421824 0.0033916 0.0148397 -0.0158896 -0.0120087
internal_weight=46407.1 45218.9 3212.09 42006.8 35161.4 2199.64 1188.25 1106.12 534.738 1012.45 6845.45 571.382 82.1321 76.0753
internal_count=161576 157902 11608 146294 125394 8328 3674 3411 1749 3280 20900 1662 263 241
is_linear=0
shrinkage=0.05


Tree=102
num_leaves=15
num_cat=0
split_feature=9 3 11 10 10 11 7 11 0 4 11 11 6 11
split_gain=16.6353 26.7987 49.6355 53.7839 38.1226 26.8488 25.9236 16.4862 14.5585 14.1568 17.3777 10.7799 5.91571 7.52705
threshold=0.0683 -0.024133000000001372 -1.0000000180025095e-35 -1.0000000180025095e-35 -1.0000000180025095e-35 -0.0045899194212906105 0.40949399999999764 -2.1986590714728744e-06 8.500000000000002e-05 0.59219666666666793 -0.0074589702989524822 -0.0021304901661456373 0.028185999999996093 2.146566598915101e-06
decision_type=2 2 2 2 2 2 2 2 2 2 2 2 2 2
left_child=1 5 4 -4 -3 6 -1 -7 12 11 -11 -10 -2 -14
right_child=8 2 3 -5 -6 7 -8 -9 9 10 -12 -13 13 -15
leaf_value=-0.0022309298685535021 -0.049534838680301257 0.00052047861283074915 0.0041355091720848714 -0.0020670709767707227 0.0075415047465265854 -0.0055905371454194903 0.011921694476605162 -0.0011698484672397929 0.0070051816321770868 0.051163832677438674 -0.014610779920219131 0.0019304884560500208 -0.028405036769479686 0.035114226900443211
leaf_weight=715.0139562562108 17.446406923234463 3955.8533579036593 4446.7586690932512 16329.283381991088 3781.6703990548849 4520.4329869523644 591.01911219954491 3953.5878250524402 1242.9175224751234 10.62793432176113 182.10378889739513 6621.8892298042774 17.137681178748611 6.4078081995248786
leaf_count=2427 79 12564 13564 63194 11566 16279 1756 13496 3885 27 589 22058 70 22
internal_value=0.000194338 -0.000241077 0.000533579 -0.000739514 0.00395196 -0.00249957 0.00417356 -0.00352805 0.00225318 0.00240439 -0.0109837 0.00273247 -0.0274688 -0.0111185
internal_weight=46392.2 38293.6 28513.6 20776 7737.52 9780.05 1306.03 8474.02 8098.53 8057.54 192.732 7864.81 40.9919 23.5455
internal_count=161576 134846 100888 76758 24130 33958 4183 29775 26730 26559 616 25943 171 92
is_linear=0
shrinkage=0.05


Tree=103
num_leaves=15
num_cat=0
split_feature=1 12 12 0 11 11 10 8 2 7 7 11 11 9
split_gain=16.1949 28.9118 28.6645 34.2586 15.7733 22.9156 17.7331 13.2818 14.6138 16.9277 11.771 22.8822 11.3865 10.351
threshold=0.0011950000000000005 -0.99999816667005537 -0.98866939751339034 0.89521500000000009 2.1871393585115586e-13 -0.0011609336751539077 -1.0000000180025095e-35 0.52766500000000016 9.5000000000000018 0.15102433333333232 0.013997999999997854 -1.0000000180025095e-35 0.0017998968523980088 0.10708500000000003
decision_type=2 2 2 2 2 2 2 2 2 2 2 2 2 2
left_child=1 4 13 -4 5 -1 -6 10 9 -9 11 -2 -12 -3
right_child=7 2 3 -5 6 -7 -8 8 -10 -11 12 -13 -14 -15
leaf_value=0.0076518118050126595 0.011265946444834725 -0.0078258260915878928 -0.0012243951178518525 0.011515815417483938 0.0011755770365009664 -0.0013199671736698314 0.0080339944476323262 -0.025937586264546786 -0.00013332580330386676 -0.0038684147436371928 0.0033199975232079005 -0.0046791167877693225 -0.00044211964187518569 0.0074125516769549572
leaf_weight=848.16531452536583 270.35360208898783 2010.3682234734297 19046.800165206194 542.6977352052927 2035.0482920706272 4424.5283018946648 1755.5288273692131 129.11808384209871 1332.1409195363522 265.67141595482826 9715.355616107583 1341.2768375128508 2536.2972622662783 117.98161341995001
leaf_count=2698 828 7080 69392 1636 6266 13712 5116 491 4230 867 33998 6772 8106 384
internal_value=0.000184719 -0.000480275 -0.00147019 -0.000871447 0.00189182 0.000123233 0.00435191 0.00149767 -0.00263725 -0.0110863 0.00201276 -0.00200431 0.00254118 -0.00698111
internal_weight=46371.3 30781.1 21717.8 19589.5 9063.27 5272.69 3790.58 15590.2 1726.93 394.789 13863.3 1611.63 12251.7 2128.35
internal_count=161576 106284 78492 71028 27792 16410 11382 55292 5588 1358 49704 7600 42104 7464
is_linear=0
shrinkage=0.05


Tree=104
num_leaves=15
num_cat=0
split_feature=5 5 7 11 4 4 11 12 4 4 4 8 7 11
split_gain=15.6185 26.0287 27.3233 54.6912 50.8766 22.573 16.5936 16.4084 15.6549 13.7442 15.9564 12.4144 12.3877 12.3575
threshold=-0.091713999999999615 0.0016103333333340887 0.11249966666666536 -2.1986590714728744e-06 -0.12266266666666537 0.075782000000000918 0.0014038866432208865 0.91063694632645331 -0.28565466666666545 0.39274500000000062 0.039830000000000677 -0.020004999999999992 0.33823033333333091 0.002873100229361381
decision_type=2 2 2 2 2 2 2 2 2 2 2 2 2 2
left_child=7 2 3 -2 -4 6 -3 9 12 10 -1 -11 -9 -10
right_child=1 5 4 -5 -6 -7 -8 8 13 11 -12 -13 -14 -15
leaf_value=0.00057462137926399021 -0.0091829646856410631 0.0028930638930247518 -0.0065225135697892372 -0.001129399672593844 0.0059655465743612933 -0.0013183570271807145 -0.0021281164163757297 -0.039904706423468023 0.01352071645680032 -0.013154309080926442 0.011848786263246753 -0.094245760984009483 0.0011238181253753578 -0.0031531543028618181
leaf_weight=4412.1123698428273 2508.1121130660176 12032.738438025117 1159.962404333055 13216.085306242108 2747.1040114760399 6737.6565024107695 1906.0235768556595 19.391137331724167 775.51056910306215 15.350014448165895 337.87131197750568 6.8152166903018943 359.05096083879471 129.70739848911762
leaf_count=14110 9841 42158 3929 49367 8831 21681 6022 79 2807 49 1026 27 1224 425
internal_value=0.000175508 -0.0001802 -0.00148417 -0.002414 0.00225799 0.00105785 0.00220645 0.00254311 0.00756133 0.00119326 0.00137656 -0.0380878 -0.000978458 0.0111315
internal_weight=46363.5 40307.7 19631.3 15724.2 3907.07 20676.4 13938.8 6055.81 1283.66 4772.15 4749.98 22.1652 378.442 905.218
internal_count=161576 141829 71968 59208 12760 69861 48180 19747 4535 15212 15136 76 1303 3232
is_linear=0
shrinkage=0.05


Tree=105
num_leaves=15
num_cat=0
split_feature=10 10 10 10 12 11 10 12 11 9 8 1 10 8
split_gain=15.0155 38.9413 57.7573 38.6079 57.2049 54.5291 36.9255 27.8808 23.9339 20.7152 18.0826 17.8562 22.8727 22.2693
threshold=1.0803589922669944e-05 1.091680651432725e-05 1.096347932438846e-05 1.0000000180025095e-35 0.89403969809438399 2.1028021013336233e-06 1.0515252102383245e-05 0.99999866071608756 0.0017370892566281884 0.064705000000000026 0.0033100000000000022 -0.052994999999999994 -0.010374983353977905 -0.078034999999999979
decision_type=2 2 2 2 2 2 2 2 2 2 2 2 2 2
left_child=3 9 7 11 5 -5 -6 -3 -4 10 -2 12 -1 -13
right_child=1 2 8 4 6 -7 -8 -9 -10 -11 -12 13 -14 -15
leaf_value=0.0035879829938505804 0.017610883076396616 -0.018175844130981913 0.0056423477127300519 -0.018672062882783589 -0.011366533635975121 -0.0013062208715147149 0.0033868878340109414 0.025260714786778705 -0.0010751214453637219 0.028893247709299286 0.00078906480848415302 0.0056827903962380806 -0.0038529094521217821 0.00045923432171139015
leaf_weight=1335.7216519713402 301.9719270169735 485.21115124225616 2843.9940252006054 1066.1100648492575 538.49429155886173 784.80288562178612 1996.6604745239019 39.987820163369179 2484.2787645310163 158.59849394857883 339.21365641802549 2205.709755949676 4553.7269765138626 27224.086245492101
leaf_count=4293 1227 1969 9526 5739 4061 3303 9062 160 8051 545 1420 6824 15175 90221
internal_value=0.000166729 0.002365 0.000951043 -0.000201627 -0.004626 -0.0113088 0.000253102 -0.0148687 0.00251036 0.0127135 0.00871145 0.000347807 -0.00216532 0.00085073
internal_weight=46358.6 6653.26 5853.47 39705.3 4386.07 1850.91 2535.15 525.199 5328.27 799.784 641.186 35319.2 5889.45 29429.8
internal_count=161576 22898 19706 138678 22165 9042 13123 2129 17577 3192 2647 116513 19468 97045
is_linear=0
shrinkage=0.05


Tree=106
num_leaves=15
num_cat=0
split_feature=7 11 11 10 12 11 5 5 4 6 6 8 11 12
split_gain=14.2621 43.3062 55.8201 51.5071 47.6703 26.2947 22.6769 18.8345 16.8943 17.677 23.6155 15.3504 11.6612 11.7449
threshold=0.061240666666664396 -2.1986590714728744e-06 -2.0961529456631207e-06 -1.0489259993917697e-05 -0.99999971008411759 -0.0014512645029185476 0.0021723333333339679 0.13941916666666745 0.49304200000000081 0.014903999999991325 0.21392399999999281 -0.056144999999999994 -0.0074589702989524822 0.89403969809438399
decision_type=2 2 2 2 2 2 2 2 2 2 2 2 2 2
left_child=1 5 4 -4 -3 6 -1 -7 9 11 -11 -2 -10 -14
right_child=8 2 3 -5 -6 7 -8 -9 12 10 -12 -13 13 -15
leaf_value=-0.0058708401472729321 -0.052625211039873533 -0.0022687598817952544 0.0046785077082865433 -0.0030130250193630241 0.0081122709392440519 -0.014179349435325376 0.014423565044764783 0.032329458027809614 0.022863579985122815 0.0030677869639399048 -0.00032516187122502932 -0.0022856637494184308 -0.011888425818448865 0.0012773232563621714
leaf_weight=577.24346838891506 15.228496842086313 1688.9592764228582 2652.5091377794743 12131.881890006363 3203.289450570941 1044.8875488787889 180.74971398711205 22.231407761573792 33.05899366736412 12700.945793494582 8601.5633559525013 2730.3918115273118 504.92257286608219 254.91351537406445
leaf_count=2251 58 5183 8001 50157 9548 4323 631 74 93 41727 27498 9595 1624 813
internal_value=0.000158271 -0.000784527 -0.000101123 -0.00163307 0.00452841 -0.00815235 -0.00103147 -0.0132104 0.000974334 0.0012111 0.00169778 -0.00256487 -0.00620672 -0.00747152
internal_weight=46342.8 21501.8 19676.6 14784.4 4892.25 1825.11 757.993 1067.12 24841 24048.1 21302.5 2745.62 792.895 759.836
internal_count=161576 80168 72889 58158 14731 7279 2882 4397 81408 78878 69225 9653 2530 2437
is_linear=0
shrinkage=0.05


Tree=107
num_leaves=15
num_cat=0
split_feature=5 3 11 6 10 6 11 2 4 5 3 7 12 4
split_gain=13.7406 19.9638 33.6921 46.0548 37.0278 23.6333 18.8262 15.345 12.9847 32.2049 27.0444 16.0303 12.4328 12.9057
threshold=-0.12236333333333266 -0.021582000000001295 -1.0000000180025095e-35 0.021373999999993617 -1.0000000180025095e-35 2.1067599999999991 -0.0024077457325655245 80.500000000000014 -0.31085099999999882 -0.17488616666666643 -1.4181460000000012 0.33823033333333091 0.91063694632645331 0.39274500000000062
decision_type=2 2 2 2 2 2 2 2 2 2 2 2 2 2
left_child=8 5 4 -4 -3 6 -2 -7 9 11 -11 -1 13 -10
right_child=1 2 3 -5 -6 7 -8 -9 12 10 -12 -13 -14 -15
leaf_value=-0.066695974857144527 0.0013590287888310211 -0.00014855148052202342 -0.0028064100152894369 0.0016095515720926973 0.0065752301413167158 0.00028372708647456075 -0.0035509632103305957 0.076017816002096367 0.0035287467994137567 0.046111778607630612 -0.028369288855178667 0.0019054987503315916 0.011225217848512041 -0.036586647567670737
leaf_weight=8.5582738816738111 2677.2719589173794 4062.2280144020915 11205.324181206524 12480.290900036693 4128.6201038733125 11.526977702975275 7209.3350624293089 15.933949634432791 2018.7730131596327 13.314092621207235 144.07423251867294 1707.4242366477847 618.13860166817904 20.250416323542595
leaf_count=36 9060 12933 45599 40953 12710 35 25598 37 6443 35 507 5391 2170 69
internal_value=0.000150428 -0.000133115 0.000476343 -0.000479576 0.00324059 -0.00209269 -0.00222135 0.0442277 0.00276588 -0.000422049 -0.0220686 0.00156336 0.00501346 0.00313034
internal_weight=46321.1 41790.5 31876.5 23685.6 8190.85 9914.07 9886.61 27.4609 4530.53 1873.37 157.388 1715.98 2657.16 2039.02
internal_count=161576 146925 112195 86552 25643 34730 34658 72 14651 5969 542 5427 8682 6512
is_linear=0
shrinkage=0.05


Tree=108
num_leaves=14
num_cat=0
split_feature=10 10 10 10 2 11 5 6 5 6 7 3 1
split_gain=13.2478 32.3585 28.6396 27.2919 22.4087 20.1191 15.8674 13.0041 11.2523 10.3729 9.8791 7.0108 2.91033
threshold=-0.015163772056836498 -2.1536260169652263e-05 -0.0027413120817942889 -1.0746954148821429e-05 21.500000000000004 2.1504579750253332e-06 -0.028723333333332855 0.062193999999992172 -1.7349239999999992 0.0047099999999943168 0.79930733333333148 -2.4101730000000017 -0.14680499999999996
decision_type=2 2 2 2 2 2 2 2 2 2 2 2 2
left_child=7 2 4 6 -2 -5 -3 12 11 -4 -10 -9 -1
right_child=1 3 9 5 -6 -7 -8 8 10 -11 -12 -13 -14
leaf_value=-0.024605981270623925 0.010094241470874848 0.0071457174194257261 0.052869600319879063 -0.00093246705402129598 -0.0040720615018458636 0.0016217250730447875 0.0017361682942950872 -0.039824488618217607 0.0048783019190911121 -0.013460893171663872 0.017370150885594592 0.001795005410461928 -0.07814038605193388
leaf_weight=5.4251310378313065 326.10102795064449 1966.9264109283686 5.9374510347843161 24921.885397195816 1939.0478392839432 11163.157080844045 4361.3294094502926 19.770009845495224 542.84950034320354 806.31012499332428 223.40841880440712 20.726365253329277 4.7716471254825574
leaf_count=21 1115 5862 19 90899 6871 37550 13480 68 1734 3239 635 62 21
internal_value=0.000142963 2.96305e-05 -0.00492102 0.000388836 -0.00203262 -0.00014231 0.00341755 0.00645369 0.00716289 -0.012976 0.0085204 -0.0185233 -0.0496577
internal_weight=46307.6 45490.7 3077.4 42413.3 2265.15 36085 6328.26 816.951 806.754 812.248 766.258 40.4964 10.1968
internal_count=161576 159035 11244 147791 7986 128449 19342 2541 2499 3258 2369 130 42
is_linear=0
shrinkage=0.05


Tree=109
num_leaves=15
num_cat=0
split_feature=12 12 7 11 8 8 11 11 0 5 7 10 5 7
split_gain=12.7362 34.9205 26.6008 47.612 19.7241 14.057 17.9307 25.4714 16.5482 10.8969 10.4777 10.1787 17.3288 9.8439
threshold=-0.99999816667005537 -0.98866939751339034 0.061240666666664396 -4.3017790496424615e-06 -0.013264999999999996 0.027805000000000007 -0.0012326995861211552 2.1871393585115586e-13 0.47512000000000004 0.15164433333333369 0.20858033333333084 1.0000000180025095e-35 0.037115833333333799 0.0065620000000000235
decision_type=2 2 2 2 2 2 2 2 2 2 2 2 2 2
left_child=5 11 3 -3 -4 6 9 -8 10 -1 -7 13 -13 -2
right_child=1 2 4 -5 -6 8 7 -9 -10 -11 -12 12 -14 -15
leaf_value=0.012145242974461004 0.030297577477160262 -0.011341448110491195 0.0035428537530242535 -0.00068542924599911169 0.00020321698225650648 -0.0010076446865142006 -0.00089993238406957691 0.0049131788535408775 -0.080876956671207395 -0.020093661055610567 -0.015308881123975049 -0.028229588973417499 0.010380072650490658 -0.0058716792948706499
leaf_weight=583.58914165198803 18.995241761207581 1134.124798797071 6554.5525789782405 13844.620475828648 13583.611158147454 700.50244736671448 4067.0343768298626 3511.3578138649464 6.9882368147373191 27.443451687693596 156.72722910344601 118.42092916369438 38.512760140001774 1946.958633929491
leaf_count=1840 55 4797 20876 55139 45508 2169 12618 10544 28 92 501 608 137 6664
internal_value=0.000135838 -0.000273081 0.000103372 -0.00149226 0.0012902 0.00181782 0.00245784 0.0017935 -0.00424703 0.0106973 -0.00362234 -0.0065004 -0.0187545 -0.00552221
internal_weight=46293.4 37239.8 35116.9 14978.7 20138.2 9053.64 8189.42 7578.39 864.218 611.033 857.23 2122.89 156.934 1965.95
internal_count=161576 133784 126320 59936 66384 27792 25094 23162 2698 1932 2670 7464 745 6719
is_linear=0
shrinkage=0.05


Tree=110
num_leaves=15
num_cat=0
split_feature=1 10 10 12 0 12 4 11 8 2 7 1 12 9
split_gain=12.5725 24.565 45.0083 24.7039 27.3247 22.6365 19.0698 15.4336 12.5099 13.0583 15.2562 10.8564 23.5418 10.247
threshold=0.0011950000000000005 1.0000000180025095e-35 1.0515252102383245e-05 0.24774398378375975 0.0057850000000000011 0.99999894444556192 -0.00029166666666607602 -0.0045899194212906105 0.52766500000000016 9.5000000000000018 0.15102433333333232 0.26469000000000004 0.45288289586871228 3.2726800000000003
decision_type=2 2 2 2 2 2 2 2 2 2 2 2 2 2
left_child=1 3 6 4 -1 -4 -3 -5 11 10 -10 13 -13 -2
right_child=8 2 5 7 -6 -7 -8 -9 9 -11 -12 12 -14 -15
leaf_value=0.0026349387878250139 0.0014758220895031394 -0.027619452758655766 -0.0041671990877837194 0.027468134052110005 -0.00080368072362386729 0.0054774391952872844 -0.0082000512315297727 -0.0047778229671230918 -0.024860753668686394 -0.0003601206035068309 -0.003878314011512399 -0.035085485107787633 0.0081811501649382695 -0.023310924812678706
leaf_weight=9863.2306669950485 12786.394730359316 255.81087939441204 2831.7677906602621 37.612417712807655 13946.260805040598 774.85593628883362 249.93550459295511 2761.8871258944273 128.56756426393986 1329.5811228305101 265.59090019762516 32.487139999866486 974.81409801542759 41.832787871360779
leaf_count=30416 46344 2504 11351 124 44882 3859 1622 11526 491 4230 867 113 3104 143
internal_value=0.000129045 -0.000457439 -0.0040539 9.83879e-05 0.000620789 -0.00209512 -0.0180226 -0.00434459 0.00128704 -0.00272961 -0.0107224 0.00178747 0.00678573 0.00139499
internal_weight=46280.6 30721.4 4112.37 26609 23809.5 3606.62 505.746 2799.5 15559.3 1723.74 394.158 13835.5 1007.3 12828.2
internal_count=161576 106284 19336 86948 75298 15210 4126 11650 55292 5588 1358 49704 3217 46487
is_linear=0
shrinkage=0.05


Tree=111
num_leaves=15
num_cat=0
split_feature=5 5 7 4 11 4 11 12 2 8 4 11 9 4
split_gain=12.4573 20.6626 22.4467 45.8439 43.2289 22.0158 17.127 13.7051 14.8867 16.9515 14.3025 12.2377 12.1906 9.1998
threshold=-0.091713999999999615 0.0013423333333339811 0.11249966666666536 -0.12266266666666537 -2.1986590714728744e-06 0.072781666666666869 0.0014038866432208865 -0.98866939751339034 3.5000000000000004 -0.00055999999999999952 0.10502533333333466 -0.0074589702989524822 2.4688700000000003 0.35552466666666782
decision_type=2 2 2 2 2 2 2 2 2 2 2 2 2 2
left_child=7 2 4 -4 -2 6 -3 8 9 -1 -10 -7 13 -9
right_child=1 5 3 -5 -6 11 -8 12 10 -11 -12 -13 -14 -15
leaf_value=0.0093201445465004498 -0.0082634620198212636 0.0027315989017608249 -0.0063152367312160149 0.0055576834670804012 -0.0010680063339047142 0.016550224475810449 -0.0024266563263112412 0.0042177888364256432 -0.0087422759101877853 -0.008007052190533161 0.043737080556633751 -0.0016599813347008892 -0.0077297771070558982 -0.023357067790618583
leaf_weight=398.06595706939697 2485.3719946593046 12060.669927030802 1157.1562901511788 2733.8925289809704 13034.561204433441 93.529416844248772 1856.9940061867237 4518.4537181779742 636.05959015339613 218.70564559102058 13.253529116511343 6795.1425204724073 231.46587191522121 30.451512694358826
leaf_count=1189 9818 42418 3926 8802 48786 270 5877 14819 2166 678 35 21932 759 101
internal_value=0.000122552 -0.000195578 -0.00136894 0.0020268 -0.00222029 0.000899089 0.00204335 0.00223856 -0.00238696 0.00317596 -0.00767109 -0.00141274 0.00346363 0.0040332
internal_weight=46263.8 40217.3 19411 3891.05 15519.9 20806.3 13917.7 6046.46 1266.08 616.772 649.313 6888.67 4780.37 4548.91
internal_count=161576 141829 71332 12728 58604 70497 48295 19747 4068 1867 2201 22202 15679 14920
is_linear=0
shrinkage=0.05


Tree=112
num_leaves=15
num_cat=0
split_feature=10 10 10 10 12 11 12 10 10 9 8 1 10 8
split_gain=12.2145 35.9904 50.4807 30.993 49.2522 62.47 25.0058 23.7203 23.6011 18.1336 16.2721 14.0237 19.8867 18.6189
threshold=1.0803589922669944e-05 1.091680651432725e-05 1.096347932438846e-05 1.0000000180025095e-35 0.98751909859389742 4.4630965589931298e-13 0.99999866071608756 0.004323693815833086 1.0515252102383245e-05 0.064705000000000026 0.0033100000000000022 -0.055789999999999985 -0.010374983353977905 -0.014345000000000007
decision_type=2 2 2 2 2 2 2 2 2 2 2 2 2 2
left_child=3 9 6 11 5 -5 -3 -4 -6 10 -2 12 -1 -13
right_child=1 2 7 4 8 -7 -8 -9 -10 -11 -12 13 -14 -15
leaf_value=0.0033621995692591231 0.016698287445962034 -0.017264681483917434 0.0055977908956505191 -0.019614913578018572 -0.0088718231321391616 -0.0023319801492123079 0.023729291900747268 -0.0010838659024116405 0.0037314524373405836 0.02711780372501665 0.00075785298229355817 0.0030430593157576144 -0.0036202579640221355 3.75460958095751e-05
leaf_weight=1329.4353750944138 303.35529097914696 481.76915833353996 2607.4172229468822 901.35689902305603 472.25595028698444 1245.0858983099461 40.312472313642502 2707.6226424276829 1740.260069295764 159.58401311933994 339.00993690639734 6648.7724899053574 4377.3276876956224 22904.502850331366
leaf_count=4274 1227 1969 8808 4443 3735 5888 160 8769 8099 545 1420 21075 14634 76530
internal_value=0.000116429 0.00210121 0.000736677 -0.000216166 -0.00419358 -0.00958961 -0.0140993 0.00219398 0.00104132 0.0120332 0.00828568 0.000275534 -0.00199364 0.000713714
internal_weight=46258.1 6639.07 5837.12 39619 4358.96 2146.44 522.082 5315.04 2212.52 801.949 642.365 35260 5706.76 29553.3
internal_count=161576 22898 19706 138678 22165 10331 2129 17577 11834 3192 2647 116513 18908 97605
is_linear=0
shrinkage=0.05


Tree=113
num_leaves=14
num_cat=0
split_feature=4 7 3 10 11 6 6 4 10 12 12 8 12
split_gain=11.9419 17.0688 35.2276 27.4493 24.3654 30.3399 20.9601 18.0252 10.7129 11.0968 10.4135 9.23258 6.28009
threshold=0.49304200000000081 0.4538706666666647 -0.53850700000000395 -1.1043614372985287e-05 0.0025615609494367146 0.19735199999999081 1.0650119999999952 -0.33865499999999876 -0.021966933572553634 0.82061724498379895 0.7832272618117998 -0.00048999999999999955 -0.78521558968955885
decision_type=2 2 2 2 2 2 2 2 2 2 2 2 2
left_child=1 2 6 -4 7 -6 -1 -3 12 10 -10 -11 -2
right_child=8 4 3 -5 5 -7 -8 -9 9 11 -12 -13 -14
leaf_value=-0.01091374383699526 0.0065535128628377128 0.0015274303904171862 -0.0048304279738064122 0.0004177177272390446 -0.032787553206504297 -0.00087729109430073181 -0.051529430089634724 0.0094795794321647572 -0.010372917372734276 0.015410244632205528 -0.055429177335274298 -0.0046207083437007105 0.062904867130456857
leaf_weight=411.58281945437193 11.992130398750307 1366.9540360346437 2663.1586110442877 38652.433875542134 82.671250686049461 752.64787724614143 34.421301826834679 1488.669278010726 465.32163186371326 78.490976497530937 13.187485411763189 215.36374194920063 8.4126428216695768
leaf_count=1399 35 4294 10003 136052 288 2358 130 4522 1492 238 48 697 20
internal_value=0.000110487 0.0002166 -7.14534e-05 7.94279e-05 0.00347581 -0.00403544 -0.0140483 0.00567298 -0.00597336 -0.00691809 -0.0116146 0.000729722 0.0297865
internal_weight=46245.3 45452.5 41761.6 41315.6 3690.94 835.319 446.004 2855.62 792.769 772.364 478.509 293.855 20.4048
internal_count=161576 159046 147584 146055 11462 2646 1529 8816 2530 2475 1540 935 55
is_linear=0
shrinkage=0.05


Tree=114
num_leaves=14
num_cat=0
split_feature=10 10 10 10 2 4 5 6 5 6 7 6 7
split_gain=11.5807 24.9078 25.5181 23.8127 20.1789 16.8695 14.413 11.7234 10.3854 9.42187 8.25787 6.47819 2.78158
threshold=-0.015163772056836498 -2.1536260169652263e-05 -0.0027413120817942889 -1.0746954148821429e-05 21.500000000000004 -0.0063906666666654951 -0.028723333333332855 0.062193999999992172 -1.7349239999999992 0.0047099999999943168 0.79930733333333148 1.7063089999999923 0.10350099999999778
decision_type=2 2 2 2 2 2 2 2 2 2 2 2 2
left_child=7 2 4 6 -2 -5 -3 12 11 -4 -10 -9 -1
right_child=1 3 9 5 -6 -7 -8 8 10 -11 -12 -13 -14
leaf_value=-0.073219368254033856 0.0098791623622998259 0.006704801761281143 0.050430330326449294 -0.0015508885265547961 -0.0035691427153566966 0.00067260942443307138 0.0015428592810673662 0.023708591753702699 0.0046542807739505991 -0.012459213711309066 0.016086594867252117 -0.027610937204614661 -0.020506005807769082
leaf_weight=5.1770004928112012 325.97764414548874 1961.3902163058519 6.0001878142356864 13859.737261932343 1932.8206665962934 22184.522914111614 4354.5123610645533 7.5637229681015006 542.68959848582745 800.07592121511698 222.80902069807053 32.884980171918869 4.8444143831729889
leaf_count=24 1115 5862 19 49996 6871 78453 13480 21 1734 3239 635 109 18
internal_value=0.000104991 -1.05907e-06 -0.0043538 0.000313874 -0.00162836 -0.00018237 0.00314589 0.00600882 0.00667712 -0.0119911 0.00798181 -0.0180144 -0.0477374
internal_weight=46241 45425 3064.87 42360.2 2258.8 36044.3 6315.9 815.969 805.947 806.076 765.499 40.4487 10.0214
internal_count=161576 159035 11244 147791 7986 128449 19342 2541 2499 3258 2369 130 42
is_linear=0
shrinkage=0.05


Tree=115
num_leaves=15
num_cat=0
split_feature=5 12 1 4 11 12 11 11 4 11 11 5 5 8
split_gain=11.6102 17.8135 25.8578 21.8961 21.5073 13.3716 13.0581 19.8752 12.7533 11.6635 14.5679 10.1979 7.83458 13.0823
threshold=-0.10517283333333287 -0.99999816667005537 0.0011950000000000005 -0.12266266666666537 -1.0000000180025095e-35 -0.88888886467009331 -0.0011609336751539077 2.1871393585115586e-13 0.047919666666667804 0.0031061071224569585 2.1018982421239234e-06 -0.28967616666666596 -0.19689833333333315 -0.0019150000000000003
decision_type=2 2 2 2 2 2 2 2 2 2 2 2 2 2
left_child=5 6 4 -4 -3 12 8 -8 -2 10 -7 -11 -1 -14
right_child=1 2 3 -5 -6 9 7 -9 -10 11 -12 -13 13 -15
leaf_value=0.001972487001626784 0.010837219258993764 0.00023450550163386423 -0.0089545517809335885 0.0013304847902757071 -0.0032515574185245423 0.0030877530239914143 -0.0010794398766647787 0.0040187063504234797 -0.010105754172751946 -0.011723545029046191 0.010858603261990063 0.0039929226711039488 -0.00073377763087224249 -0.014364869457636882
leaf_weight=930.77989982068539 621.45555879175663 7149.1004302352667 538.50781866163015 13254.241969026625 11608.806023593992 2254.7042420655489 4144.6537101715803 3548.460320442915 82.320953905582428 204.28966680169106 823.35611730068922 208.61302155256271 613.15148505568504 246.89949584752321
leaf_count=2933 1985 24137 1836 47705 44901 7339 12863 10686 264 672 2754 662 2017 822
internal_value=9.97489e-05 -0.000184833 -0.000714509 0.000928928 -0.00192293 0.002306 0.00186846 0.00127209 0.00838751 0.00410788 0.00516639 -0.00378303 -0.0012065 -0.00464693
internal_weight=46229.3 40947.5 32550.7 13792.7 18757.9 5281.79 8396.89 7693.11 703.777 3490.96 3078.06 412.903 1790.83 860.051
internal_count=161576 144377 118579 49541 69038 17199 25798 23549 2249 11427 10093 1334 5772 2839
is_linear=0
shrinkage=0.05


Tree=116
num_leaves=15
num_cat=0
split_feature=11 11 11 10 7 11 12 10 6 7 4 0 10 10
split_gain=11.2396 18.0701 41.2928 58.4632 40.8498 36.9763 35.7407 17.9101 14.9843 17.5381 16.023 8.96437 5.98132 9.12415
threshold=-0.0061146399097100615 -4.3017790496424615e-06 -2.0950030465982645e-06 -1.0000000180025095e-35 0.12226066666666525 2.2315482794965649e-13 -0.99952816771599273 1.101103487277655e-05 4.1164529999999937 0.46854833333333129 -0.24400999999999887 0.021215000000000008 -1.0000000180025095e-35 -0.0058060594733844164
decision_type=2 2 2 2 2 2 2 2 2 2 2 2 2 2
left_child=8 4 3 -3 6 -4 -2 -6 9 10 -1 -11 13 -10
right_child=1 2 5 -5 7 -7 -8 -9 12 11 -12 -13 -14 -15
leaf_value=-0.020884956576538733 0.0030787473961568627 -0.00063577062391987781 -0.004416395867284202 0.0081972376280850748 -2.0276207998376491e-05 0.00039127172169759969 -0.0086995195187787207 0.010721441389579098 -0.016399349816549245 0.029223767534840919 0.0035334884083247984 0.010183835821880842 -0.035912327710439958 0.034719180083857604
leaf_weight=78.819534838199615 830.44776920974255 3763.2610862255096 4789.9230951145291 3730.0574647113681 4395.4026288539171 24232.937239430845 2870.0092778801918 425.62911882996559 45.959321051836014 70.580809310078621 454.97892140597105 498.04991255700588 25.328728348016739 10.775944128632544
leaf_count=277 2860 11738 17407 10900 14374 87870 11510 1243 148 198 1472 1464 85 30
internal_value=9.47893e-05 -3.16549e-05 0.000452157 0.00376116 -0.00210488 -0.000402184 -0.00605627 0.000928066 0.00490255 0.00643689 -7.20868e-05 0.0125472 -0.0157095 -0.00669021
internal_weight=46222.2 45037.7 36516.2 7493.32 8521.49 29022.9 3700.46 4821.03 1184.49 1102.43 533.798 568.631 82.064 56.7353
internal_count=161576 157902 127915 22638 29987 105277 14370 15617 3674 3411 1749 1662 263 178
is_linear=0
shrinkage=0.05


Tree=117
num_leaves=15
num_cat=0
split_feature=4 7 3 11 11 5 5 5 11 12 8 5 10 7
split_gain=11.0928 14.3317 23.1518 19.8411 18.4225 15.2524 26.0925 22.4635 9.58093 9.02024 10.2933 8.20099 6.59317 3.90536
threshold=0.49304200000000081 0.79930733333333148 -0.84677500000000083 -0.0074589702989524822 -0.0039549831744511979 0.0027720000000004091 -0.058730499999999422 0.18523583333333374 -0.0085552857076687232 0.89403969809438399 -0.00048999999999999955 0.31748483333333399 0.026407204514056207 2.3098203333333323
decision_type=2 2 2 2 2 2 2 2 2 2 2 2 2 2
left_child=1 2 4 -4 -1 6 -3 -7 11 12 -11 -2 -10 -13
right_child=8 5 3 -5 -6 7 -8 -9 9 10 -12 13 -14 -15
leaf_value=-0.0019447574004652505 -0.020562059549638103 0.0038637016819017531 0.011234618350732674 2.9380502744988642e-05 -0.024946560410637333 0.0299780717752854 -0.038497933699114681 0.0020425793167742983 -0.0096721342589422624 0.017556658204198588 -0.0051211548323179812 0.069341396672570638 -0.047374376881275611 0.020799684087128588
leaf_weight=184.59691980481148 6.7774621397256878 1159.0678935870528 398.70878425240517 43180.834703408182 164.7305076867342 137.3589273840189 37.527350097894669 151.14951711893082 502.61605136096478 68.365464806556702 186.64215801656246 8.1693612933158892 11.869613334536551 8.4082331359386426
leaf_count=592 22 3574 1227 152098 576 385 130 464 1609 207 608 19 41 24
internal_value=9.00816e-05 0.000192443 2.9128e-05 0.000131897 -0.0127916 0.00502326 0.00253517 0.0153427 -0.00577315 -0.00673071 0.000958582 0.0257762 -0.010542 0.0447208
internal_weight=46206.8 45414 43928.9 43579.5 349.327 1485.1 1196.6 288.508 792.848 769.493 255.008 23.3551 514.486 16.5776
internal_count=161576 159046 154493 153325 1168 4553 3704 849 2530 2465 815 65 1650 43
is_linear=0
shrinkage=0.05


Tree=118
num_leaves=15
num_cat=0
split_feature=9 8 11 12 3 7 11 8 0 11 9 11 6 4
split_gain=10.6225 23.1335 17.6611 37.8278 33.1606 15.4277 22.6164 16.4864 13.1802 12.0559 19.1976 16.841 5.3429 6.86474
threshold=0.0683 0.10127500000000002 -1.0000000180025095e-35 -0.99999816667005537 -0.0042039999999997756 0.39733499999999794 -2.1894360269225639e-06 0.11161499999999994 8.500000000000002e-05 -0.00093549205875120822 0.072395000000000015 -0.0003910206339707844 0.028185999999996093 -0.054073333333332661
decision_type=2 2 2 2 2 2 2 2 2 2 2 2 2 2
left_child=1 2 4 -4 -1 6 -3 -7 12 10 -10 -11 -2 -14
right_child=8 5 3 -5 -6 7 -8 -9 9 11 -12 -13 13 -15
leaf_value=-0.0004301279382709209 -0.047687604828384869 -0.011247060912892449 0.0036283054272150668 -0.0017121826074527027 0.0048184976290337241 -0.042956334934448032 -0.001327482660216909 0.0034307565882244007 -0.038078018137011331 -0.011732353509265154 0.0060233636728378283 0.00136179010964327 -0.036467917438348825 0.017794386596682529
leaf_weight=7844.0700781792402 17.323082227259874 1188.0888158529997 4045.8184590786695 18376.642956994474 4882.4879891127348 19.721922904253006 1112.8305653482676 665.76129378378391 25.015682756900787 256.16653595864773 1819.5025361701846 5929.1882380396128 12.44730466604233 10.96156685054302
leaf_count=26452 79 4326 12167 70831 15051 71 3882 2066 93 899 5776 19791 53 39
internal_value=8.56078e-05 -0.000263149 9.58092e-05 -0.000748566 0.00158348 -0.00448797 -0.0064495 0.00209616 0.00173356 0.00187747 0.00542525 0.000819496 -0.0266368 -0.0110588
internal_weight=46206 38135.4 35149 22422.5 12726.6 2986.4 2300.92 685.483 8070.6 8029.87 1844.52 6185.35 40.732 23.4089
internal_count=161576 134846 124501 82998 41503 10345 8208 2137 26730 26559 5869 20690 171 92
is_linear=0
shrinkage=0.05


Tree=119
num_leaves=15
num_cat=0
split_feature=10 10 10 10 10 1 10 4 12 9 3 8 7 11
split_gain=10.4408 37.8132 44.7335 25.6342 44.8063 38.5317 24.6576 24.4065 22.9956 19.8084 14.4203 12.425 26.5127 16.2815
threshold=1.0805677819192285e-05 1.091680651432725e-05 1.0966153785041401e-05 1.0000000180025095e-35 1.0515252102383245e-05 0.00011999999999999992 0.004323693815833086 -0.00029166666666607602 0.99999866071608756 0.064705000000000026 0.084379999999999747 0.17164500000000002 0.5409416666666641 -2.0950030465982645e-06
decision_type=2 2 2 2 2 2 2 2 2 2 2 2 2 2
left_child=3 9 8 11 7 -6 -4 -5 -3 10 -2 13 -13 -1
right_child=1 2 6 4 5 -7 -8 -9 -10 -11 -12 12 -14 -15
leaf_value=0.0017923044366619926 0.011449315930020977 -0.014842557745957906 0.0056726691779939884 -0.023233827017023163 -0.0092890261209497768 0.0021176509005468975 -0.0012103142158235341 -0.0065530102645292012 0.022816271299402779 0.029203354890014573 -0.013254227265524405 -0.0056756295784089542 0.007368384866537874 -0.00046643473757545118
leaf_weight=13804.064007923007 505.77778303623199 570.48878978192806 2507.3161758780479 388.77170199155807 1054.9744223728776 2482.5300499945879 2704.8831935375929 503.00536953657866 43.637691289186478 145.8603889644146 66.886056140065193 2024.4751469790936 482.3778265863657 18903.701009660959
leaf_count=44355 2130 2307 8456 3675 4909 10908 8769 3027 174 489 219 6678 1436 64044
internal_value=8.1361e-05 0.00193151 0.000596869 -0.000224082 -0.00380906 -0.00128411 0.00210073 -0.013825 -0.0121667 0.0127538 0.00856399 0.000226835 -0.00316565 0.000486849
internal_weight=46188.7 6544.85 5826.33 39643.9 4429.28 3537.5 5212.2 891.777 614.126 718.524 572.664 35214.6 2506.85 32707.8
internal_count=161576 22544 19706 139032 22519 15817 17225 6702 2481 2838 2349 116513 8114 108399
is_linear=0
shrinkage=0.05


Tree=120
num_leaves=14
num_cat=0
split_feature=4 11 11 11 11 9 11 12 10 12 12 9 12
split_gain=10.2306 12.7045 87.8588 29.4034 26.6049 32.0249 18.9485 16.5707 9.05323 9.02938 9.21304 8.03783 5.70888
threshold=0.49304200000000081 2.1504579750253332e-06 3.8899287235771856e-07 2.1030605923400007e-06 0.0015107581674167483 1.9681250000000003 4.5852210917018975e-13 0.99999930952428695 -0.021966933572553634 0.82061724498379895 0.7832272618117998 0.097025000000000014 -0.78521558968955885
decision_type=2 2 2 2 2 2 2 2 2 2 2 2 2
left_child=1 2 6 -4 5 -3 -1 -6 12 10 -10 -11 -2
right_child=8 4 3 -5 7 -7 -8 -9 9 11 -12 -13 -14
leaf_value=1.0460602936074279e-05 0.0053887566885058398 0.0042969476042669487 -0.017745310173233733 -0.0055708664316304508 0.00024788346600323861 -0.026849757823413145 0.0050274054543882254 -0.0073452499877161639 -0.0094731562124978075 0.0094936458328693449 -0.051641060374248128 -0.0071141449362436722 0.059427366873576505
leaf_weight=28990.694413550198 11.960658282041551 6064.9547692239285 803.98556424677372 1294.4598727151752 5301.1147893071175 83.666849136352539 2012.7401767522097 831.17810727655888 466.09644171595573 134.38917022943497 13.32352429628372 159.11031794548035 8.2646021246910077
leaf_count=98554 35 21544 6025 6316 16633 306 6995 2673 1492 431 48 504 20
internal_value=7.71647e-05 0.000175553 -0.000334003 -0.0102353 0.00154901 0.00387312 0.00033616 -0.000781299 -0.0055525 -0.00641663 -0.010645 0.000490322 0.0274704
internal_weight=46175.9 45382.8 33101.9 2098.45 12280.9 6148.62 31003.4 6132.29 793.145 772.919 479.42 293.499 20.2253
internal_count=161576 159046 117890 12341 41156 21850 105549 19306 2530 2475 1540 935 55
is_linear=0
shrinkage=0.05


Tree=121
num_leaves=15
num_cat=0
split_feature=1 8 12 4 4 10 9 10 6 12 3 6 6 9
split_gain=9.79215 32.7087 28.1519 17.8211 18.7531 16.1129 21.0406 14.9214 17.3695 13.0561 11.7181 15.1149 12.565 11.6309
threshold=-0.012789999999999999 -0.012584999999999997 -0.73493970000484443 -0.099592999999998835 -0.023868333333332215 -1.0509487879950539e-05 0.0683 0.0034377209203073637 0.014903999999991325 -0.96552349606827526 0.047001999999996373 0.029339999999991841 0.10564299999999541 0.45882000000000006
decision_type=2 2 2 2 2 2 2 2 2 2 2 2 2 2
left_child=2 7 3 9 -5 13 -7 8 -2 -1 11 -4 -12 -3
right_child=1 5 10 4 -6 6 -8 -9 -10 -11 12 -13 -14 -15
leaf_value=-0.0011101052612017346 -0.0024424829588919538 0.0027069203795944633 -0.0048509917769263286 -0.0072164660516287702 -0.0017484619605253376 -0.0015276138948945759 0.0020742989855344965 -0.0041458304159258377 0.0060918124844273882 0.0071563801094829006 -0.047020286576591214 0.0095104047084334509 -0.0014004696304835505 -0.0078984040164312274
leaf_weight=1330.9364261627197 693.95118618756533 5474.5570602416992 221.28321498632431 2233.9858899340034 5260.0573521479964 18632.48322583735 5182.0757858343422 503.64265671372414 4232.4342594817281 745.03437339514494 15.887443274259565 1064.8512028604746 302.12280565500259 271.3410786241293
leaf_count=4390 2486 17024 778 8046 17265 71296 17503 1686 13525 2329 56 3404 934 854
internal_value=7.32494e-05 0.000484765 -0.00121536 -0.00224286 -0.00337848 -0.000170432 -0.000743833 0.00405158 0.00488964 0.00185661 0.0049145 0.00703948 -0.00367959 0.0022061
internal_weight=46164.6 34990.5 11174.2 9570.01 7494.04 29560.5 23814.6 5430.03 4926.39 2075.97 1604.14 1286.13 318.01 5745.9
internal_count=161576 124374 37202 32030 25311 106677 88799 17697 16011 6719 5172 4182 990 17878
is_linear=0
shrinkage=0.05


Tree=122
num_leaves=15
num_cat=0
split_feature=8 2 11 11 11 10 10 10 6 10 7 12 7 3
split_gain=9.84732 16.8132 19.6708 34.9571 15.4897 18.7909 25.5275 17.9005 17.4751 16.3286 15.5751 13.5677 20.6975 11.9531
threshold=0.17164500000000002 8.5000000000000018 -2.1796661830997262e-06 -0.0021963093778609717 -0.0031017139941824641 -2.1536260169652263e-05 -0.0019661070310872382 -1.0509487879950539e-05 4.1164529999999937 -1.0968949271106252e-05 0.79930733333333148 -0.85676391152579723 0.62591666666666501 -1.0174110000000003
decision_type=2 2 2 2 2 2 2 2 2 2 2 2 2 2
left_child=4 2 3 -2 8 6 -6 -7 10 -10 -1 12 -3 -4
right_child=1 11 13 -5 5 7 -8 -9 9 -11 -12 -13 -14 -15
leaf_value=0.0032108976584162307 -0.0015683169762574709 -0.01638171530761115 -0.071487943811280208 -0.021651146337671134 -0.0016925506590194598 0.0023963260631581825 -0.015356919328042612 -0.00025052130809791314 -0.0079174954678037437 -0.06957150949431927 0.014746855657649376 0.0013160412992782964 0.011565885164448571 -0.00051335730393712133
leaf_weight=2001.0690419003367 447.28389940410852 256.7270991653204 5.9687047451734534 420.29028686136007 1626.2655652165413 8239.8527445346117 432.74977480620146 28418.269526518881 45.004925534129143 14.104748442769049 342.70250369608402 2843.7505465969443 89.287583582103252 969.19225147366524
leaf_count=6637 1527 950 23 1566 5879 25372 1840 103917 142 52 997 9120 267 3287
internal_value=6.96218e-05 -0.00201807 -0.00582041 -0.0112973 0.000325125 8.33675e-05 -0.00456443 0.000344425 0.00422052 -0.0226294 0.00489767 0.000178556 -0.00916996 -0.000947774
internal_weight=46152.5 5032.5 1842.74 867.574 41120 38717.1 2059.02 36658.1 2402.88 59.1097 2343.77 3189.77 346.015 975.161
internal_count=161576 16740 6403 3093 144836 137008 7719 129289 7828 194 7634 10337 1217 3310
is_linear=0
shrinkage=0.05


Tree=123
num_leaves=14
num_cat=0
split_feature=4 7 4 11 10 6 6 11 10 12 1 2 12
split_gain=9.49749 11.629 31.1172 30.116 21.6866 15.3133 23.0558 17.8547 8.1149 8.15732 12.131 10.52 5.2416
threshold=0.49304200000000081 0.061240666666664396 -0.02095733333333321 -2.1986590714728744e-06 1.101103487277655e-05 0.013737999999990895 0.21392399999999281 0.0017998968523980088 -0.021966933572553634 0.54028101868411449 0.26469000000000004 244.50000000000003 -0.78521558968955885
decision_type=2 2 2 2 2 2 2 2 2 2 2 2 2
left_child=1 2 4 -4 -1 7 -7 -3 12 10 -10 -11 -2
right_child=8 5 3 -5 -6 6 -8 -9 9 11 -12 -13 -14
leaf_value=-0.0055869912450490448 0.00492602129340413 -0.0025396347377502379 -0.0089898125068240114 0.00057486119860256861 0.038165760401232304 0.0026966532600157826 -0.00065261155301116983 -0.092898421448290205 -0.0095618143548668287 0.0010987444477554662 -0.062698973633703636 -0.041214487443465536 0.056936284182610153
leaf_weight=3210.4312260448933 11.949461758136751 2560.5813735201955 864.15646447986364 17278.2810664922 28.573889628052711 12827.08592171222 8572.2144575789571 5.4787410199642173 400.52007822692394 346.46724739670753 11.036893516778944 15.339691951870916 8.1469773799180967
leaf_count=12305 35 9048 3496 64288 79 42310 27498 22 1284 1099 40 52 20
internal_value=6.61321e-05 0.000161023 -0.000686675 0.000119279 -0.00520101 0.000917323 0.00135499 -0.00273256 -0.00535694 -0.00617205 -0.0109868 -0.000695229 0.0260107
internal_weight=46140.3 45346.8 21381.4 18142.4 3239.01 23965.4 21399.3 2566.06 793.46 773.364 411.557 361.807 20.0964
internal_count=161576 159046 80168 67784 12384 78878 69808 9070 2530 2475 1324 1151 55
is_linear=0
shrinkage=0.05


Tree=124
num_leaves=15
num_cat=0
split_feature=5 5 4 7 4 10 11 12 4 10 11 4 4 3
split_gain=9.02093 15.839 20.369 19.7203 33.659 19.0255 15.3997 12.2204 13.2613 10.8851 10.6608 9.69032 14.4846 9.53843
threshold=-0.091713999999999615 0.0016103333333340887 0.075782000000000918 0.22137999999999705 -0.12266266666666537 1.0745477152518392e-05 0.0014038866432208865 0.91063694632645331 -0.28565466666666545 1.0510186521095479e-05 0.002873100229361381 0.35552466666666782 0.1422226666666678 1.604339
decision_type=2 2 2 2 2 2 2 2 2 2 2 2 2 2
left_child=7 3 6 4 -2 -5 -3 11 9 -9 -10 12 -1 -4
right_child=1 2 13 5 -6 -7 -8 8 10 -11 -12 -13 -14 -15
leaf_value=0.00044919174834303607 -0.0127218504298075 0.0025168077579797131 -0.001188067749145435 0.0085448797940656396 -0.0012337833088524154 -0.0050555796795101167 -0.00232695847581172 -0.011033674730353599 0.011703468142007949 0.0060392771826211526 -0.0038183775630367895 -0.029396377671925281 0.019228353161843362 -0.012848429336197687
leaf_weight=4618.850643016398 661.61473808437586 11974.327645674348 6539.2225539088249 925.45840087532997 17565.400795903057 356.07539135217667 1901.4928073883057 170.36540952324867 774.60673193633556 206.54325684905052 129.05216063559055 26.600586742162704 105.016955986619 180.21863876283169
leaf_count=14815 2353 42158 21109 2834 65577 1204 6022 604 2807 699 425 89 308 572
internal_value=6.28428e-05 -0.000208291 0.000758807 -0.00122926 -0.00165078 0.00476598 0.00185304 0.00186577 0.00620071 -0.00167782 0.00948678 0.000697214 0.000866674 -0.0015008
internal_weight=46134.8 40103.8 20595.3 19508.5 18227 1281.53 13875.8 6031.04 1280.57 376.909 903.659 4750.47 4723.87 6719.44
internal_count=161576 141829 69861 71968 67930 4038 48180 19747 4535 1303 3232 15212 15123 21681
is_linear=0
shrinkage=0.05


Tree=125
num_leaves=15
num_cat=0
split_feature=8 2 11 11 11 10 10 10 6 2 7 12 7 3
split_gain=8.85963 15.3967 17.6474 31.6233 13.8001 16.583 23.1466 16.3354 15.6532 15.2388 14.268 12.2739 18.8324 10.6837
threshold=0.17164500000000002 8.5000000000000018 -2.1796661830997262e-06 -0.0021963093778609717 -0.0031017139941824641 -2.1536260169652263e-05 -0.0019661070310872382 -1.0509487879950539e-05 4.1164529999999937 228.50000000000003 0.79930733333333148 -0.85676391152579723 0.62591666666666501 -1.0174110000000003
decision_type=2 2 2 2 2 2 2 2 2 2 2 2 2 2
left_child=4 2 3 -2 8 6 -6 -7 10 -10 -1 12 -3 -4
right_child=1 11 13 -5 5 7 -8 -9 9 -11 -12 -13 -14 -15
leaf_value=0.0030066923212212927 -0.0015081063766585257 -0.015623399022124802 -0.067425647956028165 -0.020626365816256126 -0.0015669143392562667 0.0022800806309761202 -0.014611409006538826 -0.00024932899237446472 -0.048710782133485023 0.002158086239489715 0.014053036493026208 0.0012623362166929732 0.011046512573756169 -0.00053625236584851346
leaf_weight=2001.7146392762661 447.17943432182074 255.82456897944212 6.0066402554512015 418.9302696287632 1624.99672716856 8232.335529923439 430.07860097289085 28415.809495735914 27.433746948838234 31.775233387947083 342.316052287817 2842.7365711852908 89.29555469751358 969.15264169126749
leaf_count=6637 1527 950 23 1566 5879 25372 1840 103917 97 97 997 9120 267 3287
internal_value=5.97049e-05 -0.00192122 -0.00556144 -0.0107555 0.000302059 7.37721e-05 -0.00429682 0.000318857 0.00397854 -0.0214114 0.00461987 0.000181327 -0.00872289 -0.000948268
internal_weight=46135.6 5029.13 1841.27 866.11 41106.5 38703.2 2055.08 36648.1 2403.24 59.209 2344.03 3187.86 345.12 975.159
internal_count=161576 16740 6403 3093 144836 137008 7719 129289 7828 194 7634 10337 1217 3310
is_linear=0
shrinkage=0.05


Tree=126
num_leaves=15
num_cat=0
split_feature=10 10 12 11 3 10 10 10 11 12 7 1 1 0
split_gain=8.80055 40.0053 33.5358 39.9599 20.2267 17.4753 18.9518 30.3147 19.7538 17.2793 29.5673 13.8938 10.6168 15.7266
threshold=1.075542098716298e-05 1.0000000180025095e-35 0.98751909859389742 4.4630965589931298e-13 -0.020123999999999712 1.07844989716277e-05 1.0803589922669944e-05 1.091680651432725e-05 0.0072990440764153517 0.8656437624631822 0.02710799999999795 0.015475000000000003 -0.055789999999999985 0.89521500000000009
decision_type=2 2 2 2 2 2 2 2 2 2 2 2 2 2
left_child=1 12 3 -3 -4 9 8 -8 -7 11 -11 -2 13 -1
right_child=5 2 4 -5 -6 6 7 -9 -10 10 -12 -13 -14 -15
leaf_value=-0.0029855599097511312 0.0029232161420702459 -0.021048175998315065 -0.014857834716626725 -0.0040160484199900605 0.0020117290254102064 -0.0071985363752971408 0.010812137206721757 0.00047034208472868208 0.057251531972590509 0.039960086461908295 0.0082587696569940919 -0.038914838763112754 0.00057504329227763907 0.0039651972338442983
leaf_weight=4706.9366220980883 275.81416746973991 614.0524512603879 209.17879004776478 784.11925921589136 1180.2697996124625 822.23317429423332 806.84673897922039 5819.3164186552167 12.063386678695677 96.409246772527695 310.24386313557625 21.381808862090111 29480.874967820942 983.89399473369122
leaf_count=15762 1114 3285 1252 4149 7042 3561 3192 19706 30 466 1186 80 97605 3146
internal_value=5.67062e-05 -0.000263599 -0.00602927 -0.0114963 -0.000527951 0.00154594 0.000835415 0.00172963 -0.00626663 0.00907716 0.0157745 -8.6829e-05 0.000193373 -0.00178384
internal_weight=46123.6 37959.3 2787.62 1398.17 1389.45 8164.31 7460.46 6626.16 834.297 703.849 406.653 297.196 35171.7 5690.83
internal_count=161576 132241 15728 7434 8294 29335 26489 22898 3591 2846 1652 1194 116513 18908
is_linear=0
shrinkage=0.05


Tree=127
num_leaves=13
num_cat=0
split_feature=8 1 12 12 3 11 2 0 10 11 3 7
split_gain=8.8857 23.9448 19.8346 14.8197 14.3953 17.5571 13.2744 12.9953 12.0016 13.8521 8.43949 5.03437
threshold=-0.014345000000000007 -0.012094999999999996 -0.73493970000484443 -0.9999999998022131 -0.0054119999999999108 2.1599801147687008e-06 1.5000000000000002 0.44034500000000004 -0.021966933572553634 -4.3017790496424615e-06 0.0082959999999998365 0.56619166666666476
decision_type=2 2 2 2 2 2 2 2 2 2 2 2
left_child=1 2 6 -2 7 -6 -1 -3 11 -10 -4 -5
right_child=3 4 10 8 5 -7 -8 -9 9 -11 -12 -13
leaf_value=0.006071568579098666 -0.074912796805131784 0.011510900006366544 0.008795095003813912 0.0030201319589565111 -0.00080590644265266561 0.0055697675048065375 -0.0019759797295869192 -0.036272035519310464 -0.0026079946666355499 6.7177718430852729e-05 -0.00052861369720240729 0.034085349415728987
leaf_weight=552.68313533067703 6.6714471727609626 682.83157338947058 748.66838052868843 20.581259042024612 1918.9665054008365 2469.2129103392363 7033.9199925735593 14.532062307000158 5927.7110181599855 26345.734200950712 359.12803976237774 35.601388856768608
leaf_count=1638 27 2170 2425 65 6597 7761 23664 50 20686 95277 1121 95
internal_value=5.37153e-05 0.0011169 -0.000477142 -0.000399357 0.00384213 0.00278166 -0.00138972 0.0105152 -0.000383981 -0.000424175 0.00577251 0.0227053
internal_weight=46116.2 13779.9 8694.4 32336.3 5085.54 4388.18 7586.6 697.364 32329.6 32273.4 1107.8 56.1826
internal_count=161576 45426 28848 116150 16578 14358 25302 2220 116123 115963 3546 160
is_linear=0
shrinkage=0.05


Tree=128
num_leaves=15
num_cat=0
split_feature=5 4 5 7 7 10 4 6 7 0 11 5 7 12
split_gain=8.81776 20.5901 16.7492 32.309 29.7817 22.7378 18.6445 16.5258 23.5237 16.2911 14.95 12.5339 21.1949 10.9126
threshold=-0.062173499999999611 -0.040432666666665319 0.0013423333333339811 0.23039966666666475 0.62591666666666501 1.103868813023823e-05 0.072781666666666869 0.36620299999999156 0.042104999999998095 0.009505000000000003 0.0014038866432208865 -0.10517283333333287 0.04726399999999794 -0.99153086093837051
decision_type=2 2 2 2 2 2 2 2 2 2 2 2 2 2
left_child=1 11 3 5 -5 -2 10 8 -3 -9 -4 13 -13 -1
right_child=2 7 6 4 -6 -7 -8 9 -10 -11 -12 12 -14 -15
leaf_value=-0.0037315972157069585 -0.0022595898380027837 0.00056271447135169234 0.0023830483001334758 0.011556803761756601 -0.018988010612452661 0.0083053288369792349 -0.0014456914769162259 0.027339933494199289 0.01103539134329564 -0.01107189917131194 -0.0024396069664943095 0.068834731687346565 -0.0038878973160614548 0.0028318890565892964
leaf_weight=794.73490204662085 15761.328125055879 907.94053412973881 12020.491670764983 733.68013232946396 89.541599899530411 526.28516936302185 6876.1058069467545 31.331352576613426 1309.6391832157969 231.98110607266426 1854.9575224220753 10.073936447501181 1843.7323320060968 3117.3960279747844
leaf_count=2574 59418 3321 42418 2268 295 1707 22202 90 4183 748 5877 34 6358 10083
internal_value=5.10534e-05 0.0015326 -0.000271643 -0.00142976 0.00823445 -0.00191822 0.000683289 0.00534139 0.00674758 -0.0065013 0.00173833 -0.000106195 -0.00349271 0.00149854
internal_weight=46109.2 8246.83 37862.4 17110.8 823.222 16287.6 20751.6 2480.89 2217.58 263.312 13875.4 5765.94 1853.81 3912.13
internal_count=161576 27391 134185 63688 2563 61125 70497 8342 7504 838 48295 19049 6392 12657
is_linear=0
shrinkage=0.05


Tree=129
num_leaves=15
num_cat=0
split_feature=12 7 5 2 1 11 5 10 0 9 8 5 5 11
split_gain=8.969 18.7696 27.1594 15.3376 14.6679 13.2307 13.2179 11.8797 17.8168 13.0952 11.1252 9.38709 10.7817 9.85844
threshold=-0.99999955533616602 0.0026593333333331209 0.075563333333333801 1.5000000000000002 0.0011950000000000005 2.0992413174436568e-06 -0.08578366666666612 -0.0058060594733844164 0.20674000000000001 -0.047394999999999986 0.52766500000000016 0.17466600000000052 0.82041100000000056 -0.0025057597519906323
decision_type=2 2 2 2 2 2 2 2 2 2 2 2 2 2
left_child=3 2 5 11 6 -2 -3 9 -9 -5 -6 13 -13 -1
right_child=1 4 -4 7 10 -7 -8 8 -10 -11 -12 12 -14 -15
leaf_value=0.021086969768134088 -0.0081403809602630765 0.0018451927083556721 0.071484601729580322 0.0054974201101901914 0.0015291746446479211 -0.03125787287358775 -0.0014741243950786107 -0.0001587126072395221 -0.014517753308197498 0.038001040305828473 -0.0027388439655368136 -0.017254163533439938 0.047819199664370343 0.0041445057577121445
leaf_weight=88.273852601647377 414.26112880557775 3562.3401934728026 10.040166184306143 191.04499934613705 13679.304063737392 72.764497332274914 18972.115122448653 3902.8810782581568 228.69155426323414 36.987015917897224 1718.6812985464931 79.793241292238235 6.9171506911516181 3141.0329994857311
leaf_count=246 1869 11784 43 664 49045 561 69032 12063 798 119 5588 258 18 9488
internal_value=4.85313e-05 -0.000263136 -0.00991617 0.00160896 -0.000136643 -0.0115943 -0.000949393 -0.000340335 -0.000953517 0.0107695 0.00105279 0.00417171 -0.0120631 0.00460763
internal_weight=46105.1 38429.5 497.066 7675.62 37932.4 487.026 22534.5 4359.6 4131.57 228.032 15398 3316.02 86.7104 3229.31
internal_count=161576 137922 2473 23654 135449 2430 80816 13644 12861 783 54633 10010 276 9734
is_linear=0
shrinkage=0.05


Tree=130
num_leaves=13
num_cat=0
split_feature=8 1 12 12 10 11 2 10 11 4 2 7
split_gain=8.21547 20.8965 17.6874 13.4455 13.4 15.9053 11.3208 10.8095 12.8039 8.73308 7.95714 4.59872
threshold=-0.014345000000000007 -0.012094999999999996 -0.73493970000484443 -0.9999999998022131 0.0034377209203073637 2.1494760682472251e-06 1.5000000000000002 -0.021966933572553634 -4.3017790496424615e-06 0.092083333333334336 295.50000000000006 0.56619166666666476
decision_type=2 2 2 2 2 2 2 2 2 2 2 2
left_child=1 2 6 -2 5 -3 -1 11 -9 -6 -4 -5
right_child=3 4 10 7 9 -7 -8 8 -10 -11 -12 -13
leaf_value=0.0056167604801709301 -0.071822253460467819 0.0015466064279660715 0.0050248593407133287 0.0027684600540264642 -0.0098327336445503503 0.0074388528511750698 -0.0018230920784442141 -0.002513188975944811 5.9281688988963156e-05 0.0035620957306540576 0.044804041549172405 0.03248056775779861
leaf_weight=551.40121152997017 6.5861785709857932 2313.6479701176286 1095.006371229887 20.584431678056717 287.73562724888325 2268.003933802247 7033.0448074564338 5925.1740589588881 26339.497591879219 210.8547829836607 12.717451542615889 35.452152073383331
leaf_count=1638 27 7779 3513 65 991 7129 23664 20686 95277 679 33 95
internal_value=4.60866e-05 0.00106871 -0.000420235 -0.000389583 0.00361627 0.00446338 -0.0012822 -0.000375027 -0.000413134 -0.00416804 0.00548155 0.0215661
internal_weight=46099.7 13772.4 8692.17 32327.3 5080.24 4581.65 7584.45 32320.7 32264.7 498.59 1107.72 56.0366
internal_count=161576 45426 28848 116150 16578 14908 25302 116123 115963 1670 3546 160
is_linear=0
shrinkage=0.05


Tree=131
num_leaves=15
num_cat=0
split_feature=7 4 11 11 11 10 10 4 5 5 11 3 7 6
split_gain=8.18311 25.9504 25.2913 34.5861 27.7335 19.3224 24.5603 13.1139 20.8383 22.1976 13.0318 26.0488 11.7196 11.0427
threshold=0.061240666666664396 -0.02095733333333321 -2.1986590714728744e-06 -2.0961529456631207e-06 -0.00062414846013880687 1.101103487277655e-05 1.0474093059542612e-05 0.18123999999999993 0.078243000000000465 0.17466600000000052 0.0019218771244489121 0.019033999999998719 3.3535156666666652 0.20290399999999481
decision_type=2 2 2 2 2 2 2 2 2 2 2 2 2 2
left_child=1 5 4 -4 -3 6 -1 8 13 -10 11 -9 -12 -2
right_child=7 2 3 -5 -6 -7 -8 10 9 -11 12 -13 -14 -15
leaf_value=-0.0034016233781020873 0.0013982178546766005 -0.0015882888958668269 0.004412886694381858 -0.00079355018282599573 -0.020308375825507093 0.036396447742075809 -0.016042067846065482 -0.0051009970513167229 0.0081760625105296841 -0.0014030494023182867 -0.0066255034251558615 0.0057852615597163391 0.028484019327069812 -0.0011927327531112038
leaf_weight=2757.3740121275187 12166.914325527847 551.31448193639517 4222.2777325510979 13044.164815042168 308.58829718083143 28.213994711637497 446.50857262313366 1121.8667300492525 1916.2675823941827 883.66218649595976 1332.9886709153652 1077.0573256164789 24.200104609131813 6212.1101120710373
leaf_count=9630 40875 2213 12793 51495 1283 79 2675 3763 6078 2874 4201 3361 67 20189
internal_value=4.38111e-05 -0.000673126 6.2818e-05 0.000479614 -0.00830626 -0.00480047 -0.00516326 0.000662878 0.00113463 0.00515288 -0.00214672 0.000231213 -0.00599946 0.000522477
internal_weight=46093.5 21358.4 18126.3 17266.4 859.903 3232.1 3203.88 24735.1 21179 2799.93 3556.11 2198.92 1357.19 18379
internal_count=161576 80168 67784 64288 3496 12384 12305 81408 70016 8952 11392 7124 4268 61064
is_linear=0
shrinkage=0.05


Tree=132
num_leaves=15
num_cat=0
split_feature=9 8 11 12 3 12 4 0 7 11 9 12 6 11
split_gain=8.08677 15.8558 15.0706 33.2476 26.1413 14.8742 11.8989 11.8063 11.2466 11.191 17.3899 14.2818 4.81623 6.38014
threshold=0.0683 0.10127500000000002 -1.0000000180025095e-35 -0.99999816667005537 -0.0059380000000023086 0.99936850006550604 -0.067764999999999673 8.500000000000002e-05 0.39733499999999794 -0.00093549205875120822 0.072395000000000015 -0.99999999285458996 0.028185999999996093 2.146566598915101e-06
decision_type=2 2 2 2 2 2 2 2 2 2 2 2 2 2
left_child=1 2 4 -4 -1 8 -7 12 -3 10 -9 -11 -2 -14
right_child=7 5 3 -5 -6 6 -8 9 -10 11 -12 -13 13 -15
leaf_value=-0.00049969614295791753 -0.045494728387433819 -0.0043072017045400384 0.0033613731039092419 -0.0016514050857444442 0.0041072549430148427 -0.027702376756855485 -0.0075773220660388446 -0.036458670737118393 0.0033485900096360578 -0.016930255697400639 0.0056052868070472417 0.00092607595927995847 -0.026685350500451906 0.032063858471548905
leaf_weight=7425.358358822763 17.224165048450232 1978.5570009052753 4036.3062372654676 18327.828755564988 5260.8156985938549 102.34390274435282 260.12021210044622 24.907446905970573 633.24389592558146 114.08817429840565 1817.413962751627 6058.4434022307396 16.890167988836769 6.3620385378599158
leaf_count=25212 79 6770 12167 70831 16291 448 1175 93 1952 372 5776 20318 70 22
internal_value=4.16218e-05 -0.000263246 3.4178e-05 -0.000746693 0.00141076 -0.00376824 -0.0132598 0.00148073 -0.00245102 0.00161676 0.0050366 0.000596034 -0.0254553 -0.010611
internal_weight=46079.9 38024.6 35050.3 22364.1 12686.2 2974.27 362.464 8055.33 2611.8 8014.85 1842.32 6172.53 40.4764 23.2522
internal_count=161576 134846 124501 82998 41503 10345 1623 26730 8722 26559 5869 20690 171 92
is_linear=0
shrinkage=0.05


Tree=133
num_leaves=15
num_cat=0
split_feature=10 10 4 10 7 8 2 6 12 3 5 4 8 5
split_gain=7.97529 17.0801 22.0081 19.6665 15.302 13.4656 11.9329 13.1191 11.7551 10.8902 10.1586 9.54643 5.69132 1.62182
threshold=-0.015163772056836498 -1.1015707129802264e-05 -1.0588019999999991 -1.098407177990701e-05 0.10705666666666445 -0.09254999999999998 37.500000000000007 0.062193999999992172 -0.99018842104513582 -0.0012539999999997772 -1.7349239999999992 0.072781666666666869 -0.16434499999999996 -0.013888333333333044
decision_type=2 2 2 2 2 2 2 2 2 2 2 2 2 2
left_child=6 2 8 9 -4 -5 11 13 -2 -3 -9 12 -1 -8
right_child=1 3 4 5 -6 -7 7 10 -10 -11 -12 -13 -14 -15
leaf_value=0.022140283640140826 -0.018799921052239488 0.013432664499095234 -0.0093608577688576462 0.0025483774436684974 -0.0018948590309578227 -0.00025156218981191774 -0.034524133461319849 -0.020140390447672431 0.027390473521389753 0.00099045443953386394 0.005772339090897834 -0.0042372647730156317 0.074867851634661239 -0.076078738511211885
leaf_weight=8.4565623849630391 16.532811865210533 431.88396064937115 1001.8937924802303 4868.8414775170386 2178.7330497056246 36373.151874363422 4.7629280835390091 39.879230991005898 82.545224159955978 296.67107664048672 733.25499266386032 10.453250601887701 12.962121173739433 4.6310777813196164
leaf_count=24 57 1244 4362 15484 7318 129400 20 129 231 939 2284 32 31 21
internal_value=3.95514e-05 -4.87094e-05 -0.00352374 0.00022284 -0.00424664 7.89859e-05 0.00494356 0.0037221 0.0196828 0.00836614 0.00443573 0.034933 0.0540499 -0.0550098
internal_weight=46064.7 45250.3 3279.7 41970.5 3180.63 41242 814.4 782.528 99.078 728.555 773.134 31.8719 21.4187 9.39401
internal_count=161576 159035 11968 147067 11680 144884 2541 2454 288 2183 2413 87 55 41
is_linear=0
shrinkage=0.05


Tree=134
num_leaves=15
num_cat=0
split_feature=7 5 12 10 9 11 6 4 7 3 11 11 5 12
split_gain=7.71301 20.8202 22.2184 19.8765 23.6047 19.5408 11.1323 7.89959 9.46284 29.9395 18.457 7.67746 7.37824 6.75766
threshold=0.0028926666666657121 0.0027720000000004091 0.99999957427554376 1.0484414003641975e-05 0.0026349999999999989 2.1002218542065525e-06 0.0042619999999913881 0.49304200000000081 0.4538706666666647 -0.53850700000000395 0.0025615609494367146 -0.0085552857076687232 0.31748483333333399 0.89403969809438399
decision_type=2 2 2 2 2 2 2 2 2 2 2 2 2 2
left_child=1 2 5 6 -5 -1 -3 8 9 -2 -10 12 -9 -13
right_child=7 3 -4 4 -6 -7 -8 11 10 -11 -12 13 -14 -15
leaf_value=-0.0031014904608986297 -0.012917594611197411 0.0070446020009713745 -0.032203323187203876 0.018201733323264063 0.12297076994035459 -0.042543029791139268 -0.03715605751155019 -0.02042288291484174 0.0045633508341351011 0.00013934756960588417 -0.0038896721232880571 -0.008958627767629285 0.041723818506643202 0.00099080202883342398
leaf_weight=546.58944728597999 443.87843231856823 173.96499072015285 88.962410151958466 17.287788614630703 7.8026105985045424 33.317394629120827 15.515659555792807 6.7446486800909069 2844.7652746066451 40255.832944385707 835.40721167623997 515.79112522304058 16.361697837710381 255.05489048361778
leaf_count=1916 1529 653 770 124 45 248 66 22 8816 142233 2646 1650 43 815
internal_value=3.75704e-05 -0.0045893 -0.0089368 0.00896288 0.0507828 -0.00536753 0.00342522 0.000128056 0.000216493 -3.05381e-06 0.0026445 -0.00481533 0.0235834 -0.00566659
internal_weight=46057.3 883.44 668.869 214.571 25.0904 579.907 189.481 45173.8 44379.9 40699.7 3680.17 793.952 23.1063 770.846
internal_count=161576 3822 2934 888 169 2164 719 157754 155224 143762 11462 2530 65 2465
is_linear=0
shrinkage=0.05


Tree=135
num_leaves=15
num_cat=0
split_feature=10 10 12 11 3 10 10 10 11 12 7 8 11 11
split_gain=7.63687 34.0823 30.53 36.5299 17.8026 16.1371 16.3781 28.3435 17.7901 15.3075 25.9046 13.3052 9.86602 93.0649
threshold=1.075542098716298e-05 1.0000000180025095e-35 0.98751909859389742 4.4630965589931298e-13 -0.020123999999999712 1.07844989716277e-05 1.0803589922669944e-05 1.091680651432725e-05 0.0072990440764153517 0.8656437624631822 0.02710799999999795 0.013625000000000003 3.8899287235771856e-07 2.106731329387657e-06
decision_type=2 2 2 2 2 2 2 2 2 2 2 2 2 2
left_child=1 12 3 -3 -4 9 8 -8 -7 11 -11 -2 -1 -14
right_child=5 2 4 -5 -6 6 7 -9 -10 10 -12 -13 13 -15
leaf_value=0.00061344715352799071 0.0067961102835678152 -0.020059450023479794 -0.013896365493464831 -0.0036988498060985492 0.0020219395839973496 -0.006764796921992164 0.010342704487315264 0.0003494120245074976 0.054479747829957903 0.037305650874180814 0.0078470228097469626 -0.016496267832763162 -0.020272814050300188 0.00015430795301143345
leaf_weight=27119.701842553914 210.43020099401474 605.75025574862957 206.39721277356148 781.17820638418198 1178.7581499069929 818.84101019799709 808.2197709530592 5811.3086692914367 12.03145684301853 98.230093464255333 310.56534032523632 86.518108353018761 602.9963299408555 7403.98845744133
leaf_count=88031 836 3285 1252 4149 7042 3561 3192 19706 30 466 1186 358 3688 24794
internal_value=3.56015e-05 -0.000263088 -0.00560058 -0.0108445 -0.000349992 0.00142351 0.000739007 0.00156956 -0.00587794 0.00864964 0.0149257 9.70191e-06 0.00015813 -0.00138403
internal_weight=46054.9 37898.8 2772.08 1386.93 1385.16 8156.14 7450.4 6619.53 830.872 705.744 408.795 296.948 35126.7 8006.98
internal_count=161576 132241 15728 7434 8294 29335 26489 22898 3591 2846 1652 1194 116513 28482
is_linear=0
shrinkage=0.05


Tree=136
num_leaves=15
num_cat=0
split_feature=5 4 0 7 5 7 7 10 4 3 5 7 3 7
split_gain=7.30969 18.7499 15.0214 26.4365 13.4952 28.7645 27.8641 19.8672 16.9205 14.5006 12.0016 11.6934 12.4163 12.0982
threshold=-0.062173499999999611 -0.040432666666665319 0.095725000000000018 0.042104999999998095 0.0013423333333339811 0.23039966666666475 0.79930733333333148 1.103868813023823e-05 0.072781666666666869 0.009847999999999137 -0.10131583333333254 0.048803666666665454 -0.027054000000000019 0.29961899999999791
decision_type=2 2 2 2 2 2 2 2 2 2 2 2 2 2
left_child=1 11 3 -3 5 7 -7 -2 9 -6 -4 12 -1 -13
right_child=4 2 10 -5 8 6 -8 -9 -10 -11 -12 13 -14 -15
leaf_value=-0.0026228666151888367 -0.0020821620921868864 0.00065303681858736593 -0.0073089344942794711 0.012587220264878525 0.0028091001014806743 0.0099756350609261375 -0.031523782540591412 0.0078153155586344614 -0.0014315551227638593 -0.00056571651640926915 0.0072940440784470739 -0.0026730030977961789 0.06607321185553891 0.0019212292753958129
leaf_weight=12.666357018053533 15727.137177810073 842.53709230944514 376.7636875808239 1032.9740419089794 8904.6898006275296 779.58069104701281 42.661813527345657 523.91311296820641 6872.8289189487696 4953.5151134803891 224.56382759660482 2814.261114358902 13.68342614918947 2919.5092485025525
leaf_count=50 59418 3096 1254 3263 31845 2418 145 1707 22202 16450 729 9689 43 9267
internal_value=3.36049e-05 0.00138329 0.00502121 0.00722602 -0.00026047 -0.00130145 0.00782245 -0.00176308 0.000596837 0.0016028 -0.0018555 -0.000181003 0.033051 -0.000333721
internal_weight=46041.3 8236.96 2476.84 1875.51 37804.3 17073.3 822.243 16251.1 20731 13858.2 601.328 5760.12 26.3498 5733.77
internal_count=161576 27391 8342 6359 134185 63688 2563 61125 70497 48295 1983 19049 93 18956
is_linear=0
shrinkage=0.05


Tree=137
num_leaves=15
num_cat=0
split_feature=8 2 11 11 11 6 10 8 10 10 10 12 7 9
split_gain=7.14851 12.3905 14.7759 28.6143 12.0154 15.1253 13.6989 13.6614 11.9849 20.3334 13.1314 10.3918 16.6978 10.1257
threshold=0.17164500000000002 8.5000000000000018 -2.1796661830997262e-06 -0.0021963093778609717 -0.0031017139941824641 4.1164529999999937 -1.0968949271106252e-05 0.16123500000000002 -2.1536260169652263e-05 -0.0027413120817942889 -1.0509487879950539e-05 -0.85676391152579723 0.28612966666666578 3.2726800000000003
decision_type=2 2 2 2 2 2 2 2 2 2 2 2 2 2
left_child=4 2 3 -2 5 7 -7 -1 9 -6 -10 12 -3 -13
right_child=1 11 -4 -5 8 6 -8 -9 10 -11 -12 13 -14 -15
leaf_value=0.0046492153535691617 -0.00098618464319462037 -0.020083098796892813 -0.00080153884197252379 -0.019220440160887503 -0.00067806322802885753 -0.0077378062322401783 -0.064001070866230678 -0.03918369932935694 0.0020054471408474505 -0.01194520944830103 -0.00026499039914463487 0.0019807038976772736 0.0020525346067094834 -0.0093613271060832524
leaf_weight=2323.0032665506005 445.60215538740158 157.11295281350613 973.99473517015576 416.02352171391249 1498.7914443612099 44.967897430062294 14.2462320625782 17.913071841001511 8212.4770145714283 546.40899383276701 28361.451110821217 2626.5038003027439 186.1190313398838 212.71868258714676
leaf_count=7568 1527 624 3310 1566 5379 142 52 66 25372 2340 103917 8448 593 672
internal_value=3.1949e-05 -0.0017494 -0.00502081 -0.00979033 0.000249869 0.00368251 -0.0212741 0.0043138 3.65345e-05 -0.00368827 0.000244824 0.000137535 -0.00807996 0.00113094
internal_weight=46037.3 5018.07 1835.62 861.626 41019.3 2400.13 59.2141 2340.92 38619.1 2045.2 36573.9 3182.45 343.232 2839.22
internal_count=161576 16740 6403 3093 144836 7828 194 7634 137008 7719 129289 10337 1217 9120
is_linear=0
shrinkage=0.05


Tree=138
num_leaves=15
num_cat=0
split_feature=1 10 10 12 12 0 4 11 6 7 0 9 7 11
split_gain=7.05893 15.0067 29.8489 18.7304 18.357 18.1098 16.1923 13.1453 9.72337 14.7271 21.2012 11.7239 10.4791 9.2218
threshold=0.0011950000000000005 1.0000000180025095e-35 1.0515252102383245e-05 0.24774398378375975 0.9999997700846196 0.0057850000000000011 -0.00029166666666607602 -0.0045899194212906105 0.47654399999999092 0.24049733333333043 0.016785000000000005 3.2726800000000003 0.16464899999999841 -0.0020407612704886886
decision_type=2 2 2 2 2 2 2 2 2 2 2 2 2 2
left_child=1 3 6 5 -4 -1 -3 -5 11 10 -10 12 -2 -13
right_child=8 2 4 7 -6 -7 -8 -9 9 -11 -12 13 -14 -15
leaf_value=0.0021230742318063406 0.00064174550882790374 -0.024305414054983529 -0.002853931478874412 0.025469890145856239 0.0091917088750072592 -0.00068316212128661364 -0.0059019134852405951 -0.0042615432813294767 -0.045839841669796572 -0.0010539159290180022 -0.0059579780116598259 0.018932416129892281 0.0038446598094959428 -0.038662438332425296
leaf_weight=9812.7850948423147 10118.752359606326 235.74075929448009 3231.0478853657842 37.688275918364525 350.60797575116158 13883.144283205271 242.4411024749279 2743.254395827651 45.069169983267784 1742.8687079846859 127.86387491226196 8.9673547595739347 3415.7818064019084 30.894657209515572
leaf_count=30416 38059 2504 13486 124 1724 44882 1622 11526 171 5475 418 27 11030 112
internal_value=3.03298e-05 -0.000410683 -0.0032413 2.33506e-05 -0.00167478 0.000478936 -0.0149747 -0.00385861 0.000899723 -0.00243481 -0.0163518 0.00137034 0.00145008 -0.0257059
internal_weight=46026.9 30536.7 4059.84 26476.9 3581.66 23695.9 478.182 2780.94 15490.2 1915.8 172.933 13574.4 13534.5 39.862
internal_count=161576 106284 19336 86948 15210 75298 4126 11650 55292 6064 589 49228 49089 139
is_linear=0
shrinkage=0.05


Tree=139
num_leaves=13
num_cat=0
split_feature=8 1 12 3 11 12 6 2 4 5 7 10
split_gain=7.02949 17.5292 15.8313 13.1487 15.5206 12.22 11.5612 9.75133 9.53042 13.937 12.2258 7.59359
threshold=-0.014345000000000007 -0.012094999999999996 -0.73493970000484443 -0.0054119999999999108 2.1599801147687008e-06 -0.9999999998022131 0.045445999999991299 1.5000000000000002 0.18123999999999993 0.00062000000000044333 0.22137999999999705 1.0729083610439007e-05
decision_type=2 2 2 2 2 2 2 2 2 2 2 2
left_child=1 2 7 6 -5 -2 -3 -1 9 -7 -10 -4
right_child=5 3 11 4 -6 8 -8 -9 10 -11 -12 -13
leaf_value=0.0052057436283950301 -0.069005406933380711 0.022164724247180911 0.0028648057949013576 -0.0010801959766967336 0.0049233025142017064 -0.0010527537977284842 0.0063646672283253648 -0.0017074495144408079 -0.018967069623121179 0.0011248827240867216 -0.0026492518290631012 0.012552650619492109
leaf_weight=550.03987860679626 6.4846507608890525 146.67125957459211 840.03207813203335 1914.7532819397748 2459.2926023304462 17349.257109217346 549.67652678489685 7022.9338755309582 121.62776149809361 12745.114585496485 2040.8189967572689 266.42224399745464
leaf_count=1638 27 475 2687 6597 7761 64169 1745 23664 428 44922 6604 859
internal_value=2.87545e-05 0.000975421 -0.000389093 0.00331118 0.00229525 -0.000374691 0.00969262 -0.00120533 -0.000360894 -0.000130514 -0.00356705 0.00519753
internal_weight=46013.1 13749.8 8679.43 5070.39 4374.05 32263.3 696.348 7572.97 32256.8 30094.4 2162.45 1106.45
internal_count=161576 45426 28848 16578 14358 116150 2220 25302 116123 109091 7032 3546
is_linear=0
shrinkage=0.05


Tree=140
num_leaves=15
num_cat=0
split_feature=5 4 12 5 12 7 4 4 1 4 4 9 5 6
split_gain=6.98228 24.6096 28.0298 25.2682 28.6462 18.6134 13.559 12.8232 19.1281 22.5553 18.2598 20.7686 14.266 12.1731
threshold=-0.05368433333333282 -0.083083666666666056 0.99513892473980203 -0.10517283333333287 0.99759085027662342 0.31467833333333345 -0.31085099999999882 -0.10349633333333243 -0.25098999999999994 -0.022393 -0.14118066666666632 -0.036724999999999987 0.0016103333333340887 0.00057999999999154008
decision_type=2 2 2 2 2 2 2 2 2 2 2 2 2 2
left_child=1 3 5 6 -5 -3 -1 10 9 -9 11 -2 -10 -4
right_child=7 2 13 4 -6 -7 -8 8 12 -11 -12 -13 -14 -15
leaf_value=-0.0013923034609212945 0.013421999487345508 0.0038424583176148021 0.081191208998059039 -0.0034161000222304818 -0.022844735955184898 -0.0084252803695070346 0.0047761763032932118 -0.015176590849983461 -0.001366431312354986 -0.00081648451151965305 0.012713272978518535 -0.0083479136623700531 0.00067310863854762879 0.013585726606308569
leaf_weight=1886.5743603110313 163.41714462637901 2828.0833228863776 6.7351945489644995 1577.4120793193579 215.66311717033386 347.15218728780746 1687.9313752278686 471.93980336561799 15301.460960958153 650.15116155892611 453.10649171471596 332.39281043410301 19500.708944149315 584.84555784985423
leaf_count=6048 504 9317 38 5253 941 1115 5463 1805 57612 2105 1457 1113 66404 2401
internal_value=2.73352e-05 0.0012649 0.00436292 -0.000909197 -0.00575289 0.00250121 0.00152054 -0.000279241 -0.000430783 -0.0068562 0.00545787 -0.00117263 -0.000223615 0.0143554
internal_weight=46007.6 9134.4 3766.82 5367.58 1793.08 3175.24 3574.51 36873.2 35924.3 1122.09 948.916 495.81 34802.2 591.581
internal_count=161576 30576 12871 17705 6194 10432 11511 131000 127926 3910 3074 1617 124016 2439
is_linear=0
shrinkage=0.05


Tree=141
num_leaves=15
num_cat=0
split_feature=10 10 4 10 7 1 2 6 12 3 5 4 8 5
split_gain=7.04014 13.925 19.3318 17.0964 12.847 12.4295 10.7896 12.082 10.5901 9.90448 9.11218 8.57036 5.14722 1.555
threshold=-0.015163772056836498 -1.1015707129802264e-05 -1.0588019999999991 -1.098407177990701e-05 0.10705666666666445 -3.7460799999999996 37.500000000000007 0.062193999999992172 -0.99153086093837051 -0.0012539999999997772 -1.7349239999999992 0.072781666666666869 -0.16434499999999996 -0.013888333333333044
decision_type=2 2 2 2 2 2 2 2 2 2 2 2 2 2
left_child=6 2 8 9 -4 -5 11 13 -2 -3 -9 12 -1 -8
right_child=1 3 4 5 -6 -7 7 10 -10 -11 -12 -13 -14 -15
leaf_value=0.021035209629054225 -0.01933517886166505 0.01263632299569134 -0.0085868686393236401 -0.03731504033452164 -0.00172750389865563 7.4145301394491628e-05 -0.033290174478058335 -0.019111379261437786 0.025623626437937409 0.00075415809385508484 0.005419617568567286 -0.0038568705561198846 0.071283105221319296 -0.074349711572986282
leaf_weight=8.4359367042779958 15.538131996989248 430.21974630653858 994.51967665553093 22.240135088562965 2176.5185230374336 41172.047244925052 4.7079849392175674 39.916774585843086 83.411739304661751 296.07643415033817 733.17152880132198 10.466562569141386 12.874894171953201 4.5195215046405774
leaf_count=24 54 1244 4362 78 7318 144806 20 129 234 939 2284 32 31 21
internal_value=2.59184e-05 -5.70997e-05 -0.00319967 0.000188034 -0.00387878 5.39595e-05 0.00463428 0.00347416 0.0185637 0.00779253 0.00415301 0.0331949 0.0513924 -0.0534006
internal_weight=46004.7 45190.6 3269.99 41920.6 3171.04 41194.3 814.093 782.316 98.9499 726.296 773.088 31.7774 21.3108 9.22751
internal_count=161576 159035 11968 147067 11680 144884 2541 2454 288 2183 2413 87 55 41
is_linear=0
shrinkage=0.05


Tree=142
num_leaves=15
num_cat=0
split_feature=12 7 5 11 11 7 3 11 11 6 7 9 0 5
split_gain=6.871 15.5485 23.8054 13.7011 20.8773 24.024 13.6214 12.4348 70.5069 47.1955 11.5707 12.6606 11.4553 7.82701
threshold=-0.99999955533616602 0.0026593333333331209 0.064438333333333736 -0.0011609336751539077 2.1871393585115586e-13 0.029096333333332159 0.0011439999999995158 -4.3017790496424615e-06 -1.0000000180025095e-35 0.026643999999995071 0.31467833333333345 0.50446500000000005 9.5000000000000019e-05 0.033686333333333811
decision_type=2 2 2 2 2 2 2 2 2 2 2 2 2 2
left_child=3 2 12 10 -5 -6 -4 9 -9 -3 11 -1 -2 -12
right_child=1 7 6 4 5 -7 -8 8 -10 -11 13 -13 -14 -15
leaf_value=0.0090955490974151156 0.014991731895621667 -0.016171392653304358 0.018321935227271626 -0.0018700449452749767 0.0085249281599508696 -0.00021603884679637179 0.11413805688588681 0.005867347317438259 -0.00073463462212576016 -0.000851073418874017 0.00200824285231079 0.045510439289184496 -0.013477204137366031 -0.024829013170358558
leaf_weight=612.22093993425369 38.450885988771915 536.94119916111231 11.601846419274809 3699.3260354548693 1409.9320098608732 1776.5745405703783 5.4524498805403701 4839.9777622744441 24593.763780511916 7881.7547876685858 94.238576978445053 24.8375613540411 436.02867588028312 38.173083603382111
leaf_count=1990 169 2264 51 11557 4149 5469 23 14578 91296 27311 293 67 2230 129
internal_value=2.46182e-05 -0.000248429 -0.00908402 0.00139226 0.000685154 0.00365157 0.0489554 -0.000133694 0.000350971 -0.0018282 0.00772 0.0105153 -0.0111701 -0.0057287
internal_weight=45999.3 38344 491.534 7655.3 6885.83 3186.51 17.0543 37852.4 29433.7 8418.7 769.47 637.059 474.48 132.412
internal_count=161576 137922 2473 23654 21175 9618 74 135449 105874 29575 2479 2057 2399 422
is_linear=0
shrinkage=0.05


Tree=143
num_leaves=15
num_cat=0
split_feature=7 4 11 11 11 11 10 5 6 6 3 7 11 0
split_gain=6.87173 21.555 20.0795 26.6577 25.3889 18.1519 17.9744 12.8927 11.839 20.104 26.7354 22.5001 13.6287 12.4954
threshold=0.061240666666664396 -0.02095733333333321 -2.1986590714728744e-06 -2.0961529456631207e-06 -0.00062414846013880687 4.8362344783337015e-05 1.0474093059542612e-05 -0.0044944999999993939 0.014608999999995024 0.21392399999999281 -0.076390000000000582 0.17088166666666491 0.0017998968523980088 0.0039450000000000015
decision_type=2 2 2 2 2 2 2 2 2 2 2 2 2 2
left_child=1 5 4 -4 -3 6 -1 -7 12 10 -10 -11 13 -2
right_child=8 2 3 -5 -6 7 -8 -9 9 11 -12 -13 -14 -15
leaf_value=-0.0034094460870278081 0.00078626357527379447 -0.0010148897213906039 0.0038674764569161129 -0.00071111456200591153 -0.01900730171168527 0.039156571368970799 -0.01430612204841987 -0.0093229044785048502 -0.0028830782900855605 -0.005812889204025738 0.0032653189324442799 0.00041671660799276429 -0.067815172560793863 -0.0060109759176030864
leaf_weight=2717.4989837631583 1478.5724705681205 548.24010411649942 4206.8672984987497 13012.157542582601 305.22531535476446 40.180993109941483 439.68023505806923 20.820249199867249 2117.069733761251 1807.7756293639541 10725.929034978151 7312.4981536045671 7.9665402621030799 1245.8051814958453
leaf_count=9536 5325 2213 12793 51495 1283 112 2669 67 7443 6189 35051 23063 30 4307
internal_value=2.33853e-05 -0.000634885 3.64594e-05 0.000407504 -0.00744953 -0.00440499 -0.00492696 0.0226101 0.000590896 0.000977028 0.0022518 -0.000818085 -0.00251294 -0.00232198
internal_weight=45986.3 21290.7 18072.5 17219 853.465 3218.18 3157.18 61.0012 24695.6 21963.3 12843 9120.27 2732.34 2724.38
internal_count=161576 80168 67784 64288 3496 12384 12205 179 81408 71746 42494 29252 9662 9632
is_linear=0
shrinkage=0.05


Tree=144
num_leaves=15
num_cat=0
split_feature=9 8 12 11 11 3 0 4 7 10 10 12 4 3
split_gain=6.59096 12.8719 13.3683 12.4522 31.4982 20.673 10.539 10.4617 9.99188 9.92341 23.493 15.4025 4.45086 13.9523
threshold=0.0683 0.10127500000000002 0.99936850006550604 -1.0000000180025095e-35 2.2093438190040618e-13 -0.0042039999999997756 8.500000000000002e-05 -0.067764999999999673 0.015360333333331323 0.0087530568062765841 1.0805677819192285e-05 0.45288289586871228 -0.055914333333332088 -0.017972000000000866
decision_type=2 2 2 2 2 2 2 2 2 2 2 2 2 2
left_child=1 3 8 5 -5 -1 12 -4 -3 10 -8 -11 -2 -14
right_child=6 2 7 4 -6 -7 9 -9 -10 11 -12 -13 13 -15
leaf_value=-0.00032466472719292974 -0.04389355509196511 -0.041549624995284445 -0.026116701561506778 -0.0052708364392674159 7.5649887910973323e-05 0.0038337689750681881 0.00052981912130741025 -0.0071306486635569523 -0.0019256319298521518 -0.022862127104042056 0.0073990962266569571 -0.0010291434331650233 0.056833389284745919 -0.032362332058704361
leaf_weight=7802.3706067241728 16.756383888423443 16.008379422128201 100.81548252701759 3219.1389710530639 19097.884154461324 4844.3428650200367 4934.9718440957367 258.83944742381573 2589.4192707836628 86.061952978372574 1664.4874571859837 1316.3130017071962 5.838249176740649 17.604598134756088
leaf_count=26452 75 64 448 11865 71133 15051 16455 1175 8658 288 5622 4194 22 74
internal_value=2.22045e-05 -0.000253473 -0.00341646 1.4762e-05 -0.000695559 0.00126823 0.00132239 -0.0124527 -0.00216909 0.00145068 0.00226236 -0.00236901 -0.0242148 -0.0101489
internal_weight=45970.9 37928.8 2965.08 34963.7 22317 12646.7 8042.03 359.655 2605.43 8001.83 6599.46 1402.37 40.1992 23.4428
internal_count=161576 134846 10345 124501 82998 41503 26730 1623 8722 26559 22077 4482 171 96
is_linear=0
shrinkage=0.05


Tree=145
num_leaves=15
num_cat=0
split_feature=11 11 10 10 11 10 6 6 6 5 4 4 2 4
split_gain=6.71021 22.1974 36.6643 33.8967 22.1416 55.6396 18.786 17.1292 12.8375 15.0194 27.4059 13.1646 12.1986 10.8861
threshold=-0.0023000845604637106 -4.3017790496424615e-06 1.101103487277655e-05 -0.012392228107727108 -2.1018492046831479e-06 -1.0519365251093758e-05 0.021373999999993617 0.49747599999999376 4.1164529999999937 -0.46820883333333296 -0.077086666666665485 -0.28565466666666545 24.500000000000004 -0.79829466666666626
decision_type=2 2 2 2 2 2 2 2 2 2 2 2 2 2
left_child=8 2 3 -2 5 -3 -6 -4 9 10 -1 -11 -10 -14
right_child=1 4 7 -5 6 -7 -8 -9 12 11 -12 -13 13 -15
leaf_value=0.017762919465397844 0.029137258962971209 -0.0022615495017569535 0.023251478298925588 -0.0048669692511545569 -0.0017788804306861511 0.0072351073702278685 0.00075170729032797998 -0.0033167682664750594 -0.057857248748813407 -0.0055257472247270288 -0.03405202096565059 0.0025831165063648354 -0.0042128148681894037 -0.07320634715294963
leaf_weight=275.97192031145096 74.45935246348381 2804.1399972736835 183.61277742683887 4658.1910474076867 12656.908219549805 3427.6308935433626 17438.054321084172 90.602391555905342 14.421470224857329 580.55833984911442 28.11991360783577 3630.8666023910046 90.658800676465034 6.1021834313869467
leaf_count=802 214 8864 518 17346 50558 10111 58382 277 53 1875 98 12174 281 23
internal_value=2.11099e-05 -0.00018102 -0.00330206 -0.00433198 0.000249149 0.00296185 -0.000312571 0.0144732 0.00182688 0.00224016 0.0129715 0.00146528 -0.0149577 -0.00856386
internal_weight=45960.3 41333.6 5006.87 4732.65 36326.7 6231.77 30095 274.215 4626.7 4515.52 304.092 4211.42 111.182 96.761
internal_count=161576 146270 18355 17560 127915 18975 108940 795 15306 14949 900 14049 357 304
is_linear=0
shrinkage=0.05


Tree=146
num_leaves=14
num_cat=0
split_feature=4 7 3 4 11 4 3 10 3 11 7 3 6
split_gain=6.54701 9.02626 20.335 16.3657 15.8749 14.7696 17.9476 11.4969 7.48132 13.5093 9.1917 6.17764 2.36864
threshold=0.49304200000000081 0.79930733333333148 -0.84677500000000083 -0.64766899999999927 -0.0074589702989524822 -0.79829466666666626 -0.027054000000000019 1.0948657369613814e-05 -0.53850700000000395 -0.0085552857076687232 2.3098203333333323 -0.29154200000000047 0.57166299999999404
decision_type=2 2 2 2 2 2 2 2 2 2 2 2 2
left_child=1 2 3 -1 -4 6 -3 -7 10 12 -2 -11 -10
right_child=8 5 4 -5 -6 7 -8 -9 9 11 -12 -13 -14
leaf_value=-0.05223237682719209 0.0037792450106399426 0.0029622576315984604 0.010004978302911784 -0.0091433718315039741 -2.6384017572184837e-05 0.012151588740900748 -0.016787829315948338 -6.0466134014232505e-05 0.017606989496071992 0.021722835196191424 -0.07594077509305143 -0.005583132416730776 0.054799086549568936
leaf_weight=23.643751487135887 6.592869117856023 454.41983933001757 398.05137948691845 324.16613586246967 42929.24108652398 583.15015697479248 154.01635014265776 287.86514745652676 7.2977036237716701 21.309443861246109 8.0072356462478638 740.28897252678871 10.355699375271795
leaf_count=88 21 1397 1227 1080 152098 1719 520 917 21 62 31 2369 26
internal_value=2.00833e-05 9.92195e-05 -3.08893e-05 -0.0120725 6.57749e-05 0.00394018 -0.00203718 0.00811558 -0.00448121 -0.00381681 -0.0399422 -0.00481911 0.0394243
internal_weight=45948.4 45154.6 43675.1 347.81 43327.3 1479.45 608.436 871.015 793.852 779.252 14.6001 761.598 17.6534
internal_count=161576 159046 154493 1168 153325 4553 1917 2636 2530 2478 52 2431 47
is_linear=0
shrinkage=0.05


Tree=147
num_leaves=15
num_cat=0
split_feature=8 11 11 10 11 9 8 2 11 11 7 3 12 0
split_gain=6.39814 11.1627 17.4077 28.8564 18.9266 13.409 11.892 10.3172 12.5553 25.2192 9.77409 9.57095 9.25623 10.6432
threshold=0.17164500000000002 -0.0017972950606059965 -4.3017790496424615e-06 -0.012392228107727108 -2.0950030465982645e-06 0.07635500000000002 -0.37157499999999993 8.5000000000000018 -2.1796661830997262e-06 -0.0021963093778609717 0.021214999999997545 -1.0174110000000003 0.96037107129588584 3.1300300000000005
decision_type=2 2 2 2 2 2 2 2 2 2 2 2 2 2
left_child=1 5 3 -3 -4 10 -7 8 9 -2 -1 -10 -9 -14
right_child=7 2 4 -5 -6 6 -8 12 11 -11 -12 -13 13 -15
leaf_value=-0.023292596055556541 -0.00080160078028851292 0.035696162369799271 0.0025587042006869508 -0.0040339325572513558 -0.00033515497179307027 -0.0082467061755422937 0.010575498883785157 -0.0023555795550686933 -0.063624785380794871 -0.017955130428435471 0.0015684924664304816 -0.00037736866968577406 0.0044845985734503413 -0.010332636140050132
leaf_weight=40.002530381083488 444.78076116740704 46.342216715216637 7208.6241321191192 3312.8309335336089 26134.041626241058 94.90159498155117 725.08334451913834 1766.89521060884 6.0187215507030478 413.44784177839756 3378.8359601795673 966.93336066603661 1275.7274371534586 133.91446933150291
leaf_count=173 1527 129 21944 12460 96113 299 2293 5781 23 1566 11425 3287 4132 424
internal_value=1.90908e-05 0.000225441 -5.51393e-05 -0.00348583 0.000290492 0.00265484 0.0083971 -0.00166793 -0.00465704 -0.00906524 0.0012776 -0.00076862 5.52091e-05 0.00307698
internal_weight=45948.4 40940.7 36701.8 3359.17 33342.7 4238.82 819.985 5007.72 1831.18 858.229 3418.84 972.952 3176.54 1409.64
internal_count=161576 144836 130646 12589 118057 14190 2592 16740 6403 3093 11598 3310 10337 4556
is_linear=0
shrinkage=0.05


Tree=148
num_leaves=14
num_cat=0
split_feature=11 11 11 11 6 2 4 11 12 11 5 4 7
split_gain=6.29419 32.6625 24.981 55.4079 22.9792 22.4783 17.0855 15.1247 14.9841 16.0648 14.8449 9.19384 2.55742
threshold=0.0017998968523980088 2.208955233173882e-06 3.8899287235771856e-07 2.1030605923400007e-06 0.011859999999998492 17.500000000000004 -0.79829466666666626 4.67403893367191e-13 0.99999981980522723 0.0087316780856250293 0.40036766666666707 -1.9550186666666665 0.048803666666665454
decision_type=2 2 2 2 2 2 2 2 2 2 2 2 2
left_child=1 2 7 -4 12 6 -3 -1 10 -10 -6 -7 -2
right_child=4 5 3 -5 8 11 -8 -9 9 -11 -12 -13 -14
leaf_value=6.2872138914375016e-05 -0.052039814138604791 -0.050032388695377329 -0.015754043875022269 -0.0012104248427887744 0.00014204960165393094 0.046934415974569293 0.0067267119338959933 0.0063091558080105112 -0.0099431567307445689 0.033221311488630161 -0.012070681911364824 -0.002390878167756654 -0.10011245793489659
leaf_weight=30147.249294243753 6.3955438435077649 13.314279854297636 786.90571764856577 3903.5023819506168 4933.9497287720442 9.5335317552089673 3169.1321749985218 1001.321961812675 636.09191432595253 22.311840131878853 262.03801852464676 1041.7486708015203 4.8757611364126205
leaf_count=103208 23 48 6060 17070 15513 25 9743 3327 2058 63 831 3587 20
internal_value=1.81315e-05 0.000242048 -0.000248582 -0.0036504 -0.00151161 0.00439529 0.00648925 0.000263669 -0.00137429 -0.00848041 -0.000473849 -0.00194357 -0.0728352
internal_weight=45938.4 40072.7 35839 4690.41 5865.66 4233.73 3182.45 31148.6 5854.39 658.404 5195.99 1051.28 11.2713
internal_count=161576 143068 129665 23130 18508 13403 9791 106535 18465 2121 16344 3612 43
is_linear=0
shrinkage=0.05


Tree=149
num_leaves=15
num_cat=0
split_feature=1 10 11 7 12 0 11 11 11 11 10 10 4 7
split_gain=6.27244 12.504 26.4498 25.6209 15.8699 15.9039 13.6168 12.889 9.25992 17.0073 11.4975 17.605 14.3282 9.52126
threshold=0.0011950000000000005 1.0000000180025095e-35 4.5852210917018975e-13 0.098462333333331278 0.14893616176248733 0.0059450000000000015 0.00096825886327978072 -0.0045899194212906105 0.0017998968523980088 0.0020582318531925385 1.0518119963887075e-05 1.0714074882844928e-05 0.0051716666666672519 0.025677333333330967
decision_type=2 2 2 2 2 2 2 2 2 2 2 2 2 2
left_child=1 4 3 -3 5 -1 -4 -6 10 -10 12 -12 -2 -11
right_child=8 2 6 -5 7 -7 -8 -9 9 13 11 -13 -14 -15
leaf_value=0.0020072674334091849 -0.0014486202304725456 -0.013638802930581399 0.0027046504976277375 -0.00056293535811026429 0.024346799901069888 -0.0006460389682840476 -0.005205270391376908 -0.0037541117438266141 -0.013119980747255351 0.019720329727353228 0.020277358941288588 0.0029853515611692281 0.0027812574094352137 -0.00080931128192512035
leaf_weight=9574.5783455818892 4625.673577811569 892.39726470038295 1705.2288230471313 645.67090480029583 41.360865354537964 13770.124212652445 799.04235649108887 3037.9815267175436 288.93859377503395 57.606658697128296 152.92788973450661 3924.3747563958168 3529.8002031221986 2879.9986473172903
leaf_count=29705 17795 5441 8866 2496 134 44598 2533 12511 957 171 669 14695 11778 9227
internal_value=1.7208e-05 -0.000399033 -0.00298883 -0.00814964 -2.84646e-06 0.000442186 0.000180818 -0.00337667 0.000837513 -0.0015452 0.00146598 0.00363392 0.000382128 -0.000406723
internal_weight=45925.7 30466.4 4042.34 1538.07 26424 23344.7 2504.27 3079.34 15459.3 3226.54 12232.8 4077.3 8155.47 2937.61
internal_count=161576 106284 19336 7937 86948 74303 11399 12645 55292 10355 44937 15364 29573 9398
is_linear=0
shrinkage=0.05


end of trees

feature_importances:
price_change=462
price_change_ma5=422
net_flow_ratio=205
volume_ma15=187
net_flow_ma15=172
net_flow_ma30=104
trade_count=102
volume_ma5=101
net_flow=95
net_flow_ma5=85
net_flow_diff=65
net_flow_diff5=46
total_volume=40

parameters:
[boosting: gbdt]
[objective: binary]
[metric: binary_logloss]
[tree_learner: serial]
[device_type: cpu]
[data_sample_strategy: bagging]
[data: ]
[valid: ]
[num_iterations: 150]
[learning_rate: 0.05]
[num_leaves: 15]
[num_threads: 8]
[seed: 42]
[deterministic: 0]
[force_col_wise: 0]
[force_row_wise: 0]
[histogram_pool_size: -1]
[max_depth: 4]
[min_data_in_leaf: 20]
[min_sum_hessian_in_leaf: 0.001]
[bagging_fraction: 1]
[pos_bagging_fraction: 1]
[neg_bagging_fraction: 1]
[bagging_freq: 0]
[bagging_seed: 400]
[bagging_by_query: 0]
[feature_fraction: 1]
[feature_fraction_bynode: 1]
[feature_fraction_seed: 30056]
[extra_trees: 0]
[extra_seed: 12879]
[early_stopping_round: 0]
[early_stopping_min_delta: 0]
[first_metric_only: 0]
[max_delta_step: 0]
[lambda_l1: 0]
[lambda_l2: 0]
[linear_lambda: 0]
[min_gain_to_split: 0]
[drop_rate: 0.1]
[max_drop: 50]
[skip_drop: 0.5]
[xgboost_dart_mode: 0]
[uniform_drop: 0]
[drop_seed: 17869]
[top_rate: 0.2]
[other_rate: 0.1]
[min_data_per_group: 100]
[max_cat_threshold: 32]
[cat_l2: 10]
[cat_smooth: 10]
[max_cat_to_onehot: 4]
[top_k: 20]
[monotone_constraints: ]
[monotone_constraints_method: basic]
[monotone_penalty: 0]
[feature_contri: ]
[forcedsplits_filename: ]
[refit_decay_rate: 0.9]
[cegb_tradeoff: 1]
[cegb_penalty_split: 0]
[cegb_penalty_feature_lazy: ]
[cegb_penalty_feature_coupled: ]
[path_smooth: 0]
[interaction_constraints: ]
[verbosity: -1]
[saved_feature_importance_type: 0]
[use_quantized_grad: 0]
[num_grad_quant_bins: 4]
[quant_train_renew_leaf: 0]
[stochastic_rounding: 1]
[linear_tree: 0]
[max_bin: 255]
[max_bin_by_feature: ]
[min_data_in_bin: 3]
[bin_construct_sample_cnt: 200000]
[data_random_seed: 175]
[is_enable_sparse: 1]
[enable_bundle: 1]
[use_missing: 1]
[zero_as_missing: 0]
[feature_pre_filter: 1]
[pre_partition: 0]
[two_round: 0]
[header: 0]
[label_column: ]
[weight_column: ]
[group_column: ]
[ignore_column: ]
[categorical_feature: ]
[forcedbins_filename: ]
[precise_float_parser: 0]
[parser_config_file: ]
[objective_seed: 16083]
[num_class: 1]
[is_unbalance: 0]
[scale_pos_weight: 1.9355]
[sigmoid: 1]
[boost_from_average: 1]
[reg_sqrt: 0]
[alpha: 0.9]
[fair_c: 1]
[poisson_max_delta_step: 0.7]
[tweedie_variance_power: 1.5]
[lambdarank_truncation_level: 30]
[lambdarank_norm: 1]
[label_gain: ]
[lambdarank_position_bias_regularization: 0]
[eval_at: ]
[multi_error_top_k: 1]
[auc_mu_weights: ]
[num_machines: 1]
[local_listen_port: 12400]
[time_out: 120]
[machine_list_filename: ]
[machines: ]
[gpu_platform_id: -1]
[gpu_device_id: -1]
[gpu_use_dp: 0]
[num_gpu: 1]

end of parameters

pandas_categorical:[]
