tree
version=v4
num_class=1
num_tree_per_iteration=1
label_index=0
max_feature_idx=21
objective=binary sigmoid:1
feature_names=btc_price_change btc_price_ma5 btc_price_ma15 btc_volume_ma5 btc_volume_ma15 btc_momentum btc_volatility xau_price_change xau_price_ma5 xau_price_ma15 xau_volume_ma5 xau_volume_ma15 xau_momentum xau_volatility price_ratio price_ratio_change price_ratio_ma5 total_volume btc_volume_ratio xau_volume_ratio momentum_diff volatility_ratio
feature_infos=[-0.097831377267976194:0.070305380526636263] [89413.437999999995:93406.936000000002] [89411.265333333329:93404.751333333334] [1.3999999996536103e-05:66.379897999999997] [0.00038266666666570705:23.874099333333337] [-172.61000000000058:116.80999999999767] [0:0.044190070889094157] [-0.059453922141039506:0.059489290857706045] [4660.4499999999998:4765.7620000000006] [4660.4793333333337:4765.5786666666672] [0.00019999999999920065:22.194600000000001] [6.6666666667584447e-05:8.4810000000000016] [-4.0599999999994907:5.3000000000001819] [0:0.028929869823374466] [18.800701828115148:20.008880602612319] [-0.098044181836309807:0.081091083950624032] [18.801350703929398:20.008879745411292] [0.0012600000000000001:195.05126000000001] [5.941735343165502e-06:0.9998960891544626] [0.00010391084034201261:0.99999405825475396] [-172.5600000000004:117.68999999999778] [0:265337085.86270621]
tree_sizes=2291 2317 2332 2314 2311 2316 2313 2314 2324 2322 2320 2316 2306 2316 2312 2315 2317 2322 2313 2319 2310 2322 2323 2319 2312 2335 2322 2309 2321 2317 2329 2344 2329 2343 2350 2320 2342 2319 2332 2323 2326 2340 2296 2345 2341 2336 2325 2330 2287 2345 2290 2328 2314 2299 2328 2327 2338 2288 2301 2344 2330 2294 2320 2320 2288 2334 2309 2298 2330 2320 2329 2328 2298 2292 2311 2292 2300 2320 2297 2302 2327 2305 2323 2284 2308 2329 2310 2314 2304 2308 2298 2308 2322 2303 2309 2283 2276 2260 2266 2313 2299 2302 2284 2290 2306 2297 2320 2272 2290 2280 2336 2276 2285 2298 2300 2324 2279 2254 2268 2254 2315 2298 2311 2301 2304 2283 2308 2287 2297 2290 2322 2291 2331 2299 2291 2321 2280 2323 2301 2285 2281 2296 2325 2253 2275 2263 2268 2311 2309 2307 2267 2301 2286 2334 2267 2327 2315 2296 2282 2266 2314 2303 2334 2296 2269 2260 2285 2294 2286 2272 2325 2330 2293 2278 2287 2285 2289 2303 2307 2082 2255 2296 2279 2298 2281 2320 2306 2253 2251 2282 2287 2058 2323 2296 2326 2288 2309 2289 2286 2299

Tree=0
num_leaves=20
num_cat=0
split_feature=5 5 0 0 5 0 0 16 2 0 1 3 0 0 0 2 4 0 1
split_gain=2072.43 1159.7 714.194 817.168 624.402 633.138 373.088 279.125 196.509 143.776 100.568 96.8207 94.7696 90.3563 68.338 50.7656 40.499 40.382 34.0444
threshold=0.014999999999417925 1.0000000180025095e-35 1.0000000180025095e-35 1.0994433297106811e-05 -0.019999999996798575 -1.0724268861839191e-05 1.1173121938767851e-05 19.535937206484707 91027.663000000015 1.0000000180025095e-35 92309.533000000025 0.038180999999993782 -3.2295566632090093e-05 1.1173121938767851e-05 -1.0000000180025095e-35 92547.445000000007 0.012691666666667477 0.0079746526895241327 91213.715000000011
decision_type=2 2 2 2 2 2 2 2 2 2 2 2 2 2 2 2 2 2 2
left_child=1 2 4 10 7 -6 9 -1 -3 12 -4 16 -2 -5 -14 -13 -10 -8 -11
right_child=6 8 3 13 5 -7 17 -9 11 18 -12 15 14 -15 -16 -17 -18 -19 -20
leaf_value=-0.53573033162902661 -0.53575916581999783 -0.5403795646155074 -0.5664233482319796 -0.53292153630942807 -0.49827823746223299 -0.53289049613692685 -0.47516913712080966 -0.56579756776921997 -0.61190942847840424 -0.522751064321477 -0.59562309987624595 -0.54763513138075115 -0.48994002249593477 -0.49280632346888348 -0.50959969979960207 -0.58051283112899632 -0.58858365294785442 -0.49103019253296654 -0.54601368798192895
leaf_weight=2242.8025026321411 250.02317804098129 287.45436277985573 455.5475986301899 283.76040935516357 2222.853253364563 3257.3431139886379 855.37193277478218 1176.9405516386032 241.61134293675423 332.72720301151276 836.06772908568382 200.13554915785789 659.99306976795197 277.79089915752411 1338.449689000845 284.04905930161476 809.7140097618103 755.94429847598076 298.26712870597839
leaf_count=7705 859 999 1685 968 6922 11111 2494 4347 988 1106 3302 708 2008 852 4298 1085 3149 2307 1051
internal_value=-0.531033 -0.541445 -0.535193 -0.563432 -0.529313 -0.518851 -0.501876 -0.546078 -0.578321 -0.512657 -0.585324 -0.585424 -0.506738 -0.513077 -0.503107 -0.566923 -0.593944 -0.48261 -0.533747
internal_weight=17066.8 12576.1 10753.1 1853.17 8899.94 5480.2 4490.78 3419.74 1822.96 2879.46 1291.62 1535.51 2248.47 561.551 1998.44 484.185 1051.33 1611.32 630.994
internal_count=57944 43821 36892 6807 30085 18033 14123 12052 6929 9322 4987 5930 7165 1820 6306 1793 4137 4801 2157
is_linear=0
shrinkage=1


Tree=1
num_leaves=20
num_cat=0
split_feature=5 5 0 0 5 0 0 16 2 0 1 3 0 0 0 2 4 0 6
split_gain=1817.56 1039.19 635.387 733.617 550.345 551.766 320.972 249.556 178.512 125.394 92.5127 89.0258 82.4959 78.526 58.8689 45.9931 37.7985 34.3559 32.2012
threshold=0.014999999999417925 1.0000000180025095e-35 1.0000000180025095e-35 1.0994433297106811e-05 -0.019999999996798575 -1.0724268861839191e-05 1.1173121938767851e-05 19.535937206484707 91027.663000000015 1.0000000180025095e-35 92309.533000000025 0.038180999999993782 -3.2295566632090093e-05 1.1173121938767851e-05 -1.0000000180025095e-35 92547.445000000007 0.012691666666667477 0.0079746526895241327 0.010299381559195476
decision_type=2 2 2 2 2 2 2 2 2 2 2 2 2 2 2 2 2 2 2
left_child=1 2 4 10 7 -6 9 -1 -3 12 -4 16 18 -5 -14 -13 -10 -8 -2
right_child=6 8 3 13 5 -7 17 -9 11 -11 -12 15 14 -15 -16 -17 -18 -19 -20
leaf_value=0.023420025740168438 0.0060092078305691299 0.019057130458361469 -0.0055874516765532815 0.026050647802381172 0.058189027511212334 0.026079697751092271 0.079331434230672154 -0.0049910951436232826 -0.049528058561605581 0.025277596436656932 -0.033656871197917118 0.01222671971914005 0.065843591942245719 0.063215668606099965 0.04774696529604263 -0.019071421912946713 -0.026845555127062205 0.064844496493593556 0.041792606108515443
leaf_weight=2257.7382883727551 129.41554197669029 289.01541164517403 454.8138962239027 285.85954999923706 2258.9499671459198 3281.4661925286055 874.06978231668472 1175.2477184534073 238.10081616044044 635.50841945409775 827.86147078871727 200.83516645431519 672.06621307134628 282.67726910114288 1356.3899198174477 282.47847244143486 803.39181014895439 769.57095488905907 122.27074182033539
leaf_count=7705 461 999 1685 968 6922 11111 2494 4347 988 2157 3302 708 2008 852 4298 1085 3149 2307 398
internal_value=0.0278161 0.0180532 0.0239222 -0.00274848 0.0294243 0.0391714 0.0548792 0.0136938 -0.0169719 0.0449185 -0.023704 -0.023801 0.0503927 0.0445291 0.0537427 -0.00606586 -0.0320311 0.0725485 0.023393
internal_weight=17197.7 12638.4 10824.6 1851.21 8973.4 5540.42 4559.29 3432.99 1813.82 2915.65 1282.68 1524.81 2280.14 568.537 2028.46 483.314 1041.49 1643.64 251.686
internal_count=57944 43821 36892 6807 30085 18033 14123 12052 6929 9322 4987 5930 7165 1820 6306 1793 4137 4801 859
is_linear=0
shrinkage=0.05


Tree=2
num_leaves=20
num_cat=0
split_feature=5 5 0 0 0 0 0 6 2 0 4 3 0 0 0 2 6 14 0
split_gain=1601.83 932.248 566.114 659.506 512.627 618.677 279.356 210.304 162.194 110.066 90.9302 81.8763 72.2961 68.7685 51.2831 41.6699 35.4738 30.8925 29.7495
threshold=0.014999999999417925 1.0000000180025095e-35 1.0000000180025095e-35 1.0994433297106811e-05 -1.1171496788753286e-05 -1.0000000180025095e-35 1.1173121938767851e-05 0.0055047965346950731 91027.663000000015 1.0000000180025095e-35 0.10276533333333408 0.038180999999993782 -3.2295566632090093e-05 1.1173121938767851e-05 -1.0000000180025095e-35 92547.445000000007 9.5970350521024438e-06 19.895819853713093 0.0079746526895241327
decision_type=2 2 2 2 2 2 2 2 2 2 2 2 2 2 2 2 2 2 2
left_child=1 2 4 10 7 -6 9 -1 -3 12 -4 16 -2 -5 -14 -13 -10 -11 -8
right_child=6 8 3 13 5 -7 18 -9 11 17 -12 15 14 -15 -16 -17 -18 -19 -20
leaf_value=-0.017346290112639724 0.022086478283449108 0.018012650012557918 -0.032858202701498224 0.024580412159612409 0.050821096441420736 0.021516032583962133 0.074059826758101494 0.020264276534195196 -0.036886571114352028 0.028740078621987658 -0.0051437225274289719 0.01157691283934861 0.061608535723950843 0.059177920250829456 0.044832991858593491 -0.018219807917174802 -0.016767274301142329 -0.00086430673235094856 0.060684651923793867
leaf_weight=765.1617434322834 253.18275775015354 290.44745376706123 806.05808313190937 287.75915122032166 2967.1481062471867 4582.6043047457933 889.06000235676765 722.76497784256935 715.90358303487301 534.08057340979576 467.67950822412968 201.48529854416847 682.07865059375763 286.75528413057327 1371.9038095027208 280.93787543475628 315.70669560134411 105.53396686911583 780.89894337952137
leaf_count=2880 859 999 3232 968 9148 15585 2494 2472 2913 1777 1755 708 2008 852 4298 1085 1224 380 2307
internal_value=0.0262478 0.017073 0.0225905 -0.00262324 0.0277468 0.0330333 0.0514673 0.000923158 -0.0162125 0.0422083 -0.0226822 -0.0227781 0.0472963 0.0418489 0.0504038 -0.00577513 -0.0307294 0.0238555 0.0678054
internal_weight=17307.2 12690.4 10885.9 1848.25 9037.68 7549.75 4616.74 1487.93 1804.48 2946.78 1273.74 1514.03 2307.17 574.514 2053.98 482.423 1031.61 639.615 1669.96
internal_count=57944 43821 36892 6807 30085 24733 14123 5352 6929 9322 4987 5930 7165 1820 6306 1793 4137 2157 4801
is_linear=0
shrinkage=0.05


Tree=3
num_leaves=20
num_cat=0
split_feature=5 5 0 0 0 0 0 6 2 0 1 3 0 0 0 2 4 1 0
split_gain=1417.84 837.019 504.973 593.537 456.834 536.813 245.525 187.778 147.382 97.1372 84.032 75.3005 63.9446 60.6179 50.5075 37.7529 34.9768 28.1805 26.1432
threshold=0.014999999999417925 1.0000000180025095e-35 1.0000000180025095e-35 1.0994433297106811e-05 -3.2295566632090093e-05 -1.0000000180025095e-35 1.1173121938767851e-05 0.0055047965346950731 91027.663000000015 1.0000000180025095e-35 92309.533000000025 0.038180999999993782 -1.1146631095915181e-05 1.1173121938767851e-05 -1.0000000180025095e-35 92547.445000000007 0.012691666666667477 91213.715000000011 0.0079746526895241327
decision_type=2 2 2 2 2 2 2 2 2 2 2 2 2 2 2 2 2 2 2
left_child=1 2 4 10 7 -6 9 -1 -3 12 -4 16 -2 -5 -14 -13 -10 -11 -8
right_child=6 8 3 13 5 -7 18 -9 11 17 -12 15 14 -15 -16 -17 -18 -19 -20
leaf_value=-0.01717567980795735 0.022405907268475064 0.017032885871428094 -0.0044102595658750713 0.023209013098551681 0.047422309696114495 0.020329148166575058 0.069413152025127309 0.018733186681405854 -0.046560631270868853 0.032396997639674754 -0.031306204054180178 0.010964298720852658 0.059000632389712419 0.05554867308371763 0.042169448233442264 -0.017404641276936667 -0.024470892237163887 0.011431073352956815 0.056952691218149512
leaf_weight=738.53697058558464 287.66565077006817 291.7619986385107 451.70295910537243 289.4785840511322 3031.2225998491049 4606.9954279512167 900.82329978048801 718.01949779689312 231.77403846383095 340.50774574279785 813.29541859030724 202.08984662592411 657.17909088730812 290.12408322095871 1385.2687364220619 279.4305008649826 790.0154477506876 302.79519912600517 790.2120089828968
leaf_count=2798 962 999 1685 968 9256 15585 2494 2446 988 1106 3302 708 1905 852 4298 1085 3149 1051 2307
internal_value=0.0247953 0.0161569 0.0213496 -0.00250396 0.0261875 0.0310811 0.0483791 0.000525842 -0.015488 0.0397281 -0.0217023 -0.0217996 0.0444766 0.0393969 0.0475851 -0.00549845 -0.0294815 0.0225286 0.0635904
internal_weight=17398.9 12734.4 10939.4 1844.6 9094.77 7638.22 4664.45 1456.56 1795.07 2973.42 1265 1503.31 2330.11 579.603 2042.45 481.52 1021.79 643.303 1691.04
internal_count=57944 43821 36892 6807 30085 24841 14123 5244 6929 9322 4987 5930 7165 1820 6203 1793 4137 2157 4801
is_linear=0
shrinkage=0.05


Tree=4
num_leaves=20
num_cat=0
split_feature=5 5 0 0 5 5 1 0 2 0 4 4 0 0 0 2 6 4 14
split_gain=1259.5 752.175 450.957 534.704 420.195 428.862 224.94 217.583 133.94 86.1168 82.605 70.1214 56.9003 53.7327 40.166 31.0967 28.886 28.4128 26.0293
threshold=0.014999999999417925 1.0000000180025095e-35 1.0000000180025095e-35 1.0994433297106811e-05 -0.014999999999417922 -1.0000000180025095e-35 90960.706000000006 1.1173121938767851e-05 91027.663000000015 1.0000000180025095e-35 0.10276533333333408 0.064700000000001007 -3.2295566632090093e-05 1.1173121938767851e-05 -1.0000000180025095e-35 92123.154666666684 0.0083523727727924952 0.012691666666667477 19.895819853713093
decision_type=2 2 2 2 2 2 2 2 2 2 2 2 2 2 2 2 2 2 2
left_child=1 2 4 10 6 -6 -1 9 -3 12 -4 17 16 -5 -14 -13 -2 -10 -11
right_child=7 8 3 13 5 -7 -8 -9 11 18 -12 15 14 -15 -16 -17 -18 -19 -20
leaf_value=0.027995667217973925 -0.0024267715023029157 0.016112783397923519 -0.030584631931739398 0.021927503433630001 0.050086994902500327 0.02196667592560627 0.0015326920194026626 0.059811062776072114 -0.044968380968030297 0.025726726288352902 -0.0040235247340333243 0.007373230473756761 0.054420123579614454 0.052262911377264569 0.039723425397923832 -0.01627841175932716 0.032427773910747297 -0.024518553497917053 -0.0013896441752052466
leaf_weight=1255.7618028074503 93.897457227110863 292.9694489389658 791.85517251491547 291.03532791137695 2250.435570821166 3410.9028214514256 2227.3600897192955 1707.5409051179886 228.07674987614155 540.79384922981262 464.38991501927376 219.07962803542614 696.84217414259911 292.87112015485764 1396.7312029153109 380.07209099829197 162.00566075742245 665.36799409985542 105.815544500947
leaf_count=4136 335 999 3232 968 6790 11216 7943 4801 988 1777 1755 787 2008 852 4298 1490 524 2665 380
internal_value=0.0234476 0.0153007 0.0201932 -0.00239062 0.0247378 0.0331448 0.0110733 0.0455662 -0.0147971 0.0374477 -0.0207659 -0.0208641 0.0418948 0.0371429 0.0446152 -0.0076302 0.0196387 -0.0297389 0.0212892
internal_weight=17473.8 12770.2 10984.6 1840.15 9144.46 5661.34 3483.12 4703.63 1785.57 2996.09 1256.25 1492.6 2349.48 583.906 2093.57 599.152 255.903 893.445 646.609
internal_count=57944 43821 36892 6807 30085 18006 12079 14123 6929 9322 4987 5930 7165 1820 6306 2277 859 3653 2157
is_linear=0
shrinkage=0.05


Tree=5
num_leaves=20
num_cat=0
split_feature=5 5 0 0 0 0 0 6 2 1 0 3 0 0 14 2 6 1 1
split_gain=1122.51 676.303 403.016 482.097 384.923 472.274 194.082 167.377 121.717 87.0257 76.6612 66.1825 51.0344 40.2488 39.2813 32.0263 31.2231 24.3525 23.6791
threshold=0.014999999999417925 1.0000000180025095e-35 1.0000000180025095e-35 1.1001564248491748e-05 -1.1171496788753286e-05 -1.0000000180025095e-35 1.1173121938767851e-05 0.0055047965346950731 91027.663000000015 92309.533000000025 1.0000000180025095e-35 0.038180999999993782 -1.1146631095915181e-05 -1.0000000180025095e-35 19.164001176462843 92547.445000000007 9.5970350521024438e-06 90999.85500000001 91213.715000000011
decision_type=2 2 2 2 2 2 2 2 2 2 2 2 2 2 2 2 2 2 2
left_child=1 2 4 9 7 -6 10 -1 -3 -4 12 16 17 -14 -5 -13 -10 -2 -12
right_child=6 8 3 14 5 -7 -8 -9 11 -11 18 15 13 -15 -16 -17 -18 -19 -20
leaf_value=-0.016289446916164078 0.029428709143909406 0.015247854196011212 -0.0023786534274507199 0.02799100068934628 0.043208715426035313 0.01787530317287768 0.056390257278069345 0.017201118446634151 -0.033162112838152367 -0.029136327960483956 0.029103774425171439 0.010425805149682721 0.052368874852499761 0.037467838940377189 0.056848604586535345 -0.01574649054649073 -0.014070193157281164 -0.0020844847005581329 0.0099749072279249965
leaf_weight=760.24141196906567 202.60796396434307 294.07924094796181 490.40827870368958 373.65197739005089 3042.0275737196207 4654.6384572535753 1720.2201180160046 732.55549274384975 693.42606326937675 798.88694414496422 344.81663292646408 202.60610961914062 668.58193519711494 1406.5107453018427 172.304293140769 276.27095161378384 309.83505265414715 87.903397127985954 304.77412851154804
leaf_count=2880 652 999 1827 1187 9148 15585 4801 2472 2913 3302 1106 708 1905 4298 491 1085 1224 310 1051
internal_value=0.0221902 0.0144962 0.0191092 -0.00228252 0.0233813 0.0278881 0.0429889 0.000145272 -0.0141361 -0.0189585 0.0353432 -0.0199663 0.039521 0.0422689 0.0370985 -0.00467336 -0.027266 0.0198934 0.0201289
internal_weight=17536.3 12800.9 11024.7 1835.25 9189.46 7696.67 4735.41 1492.8 1776.22 1289.3 3015.19 1482.14 2365.6 2075.09 545.956 478.877 1003.26 290.511 649.591
internal_count=57944 43821 36892 6807 30085 24733 14123 5352 6929 5129 9322 5930 7165 6203 1678 1793 4137 962 2157
is_linear=0
shrinkage=0.05


Tree=6
num_leaves=20
num_cat=0
split_feature=5 5 0 0 5 5 16 0 2 4 0 4 6 0 0 14 4 2 0
split_gain=1002.97 608.555 360.621 435.819 349.26 368.22 200.971 174.135 110.619 74.9601 68.5906 61.284 45.9525 45.021 33.3618 27.7399 26.1834 26.0928 23.6848
threshold=0.014999999999417925 1.0000000180025095e-35 1.0000000180025095e-35 1.0994433297106811e-05 -0.019999999996798575 -1.0000000180025095e-35 19.535937206484707 1.1173121938767851e-05 91027.663000000015 0.10276533333333408 1.072806438129348e-05 0.064700000000001007 0.0022911889023334371 1.1173121938767851e-05 -3.2295566632090093e-05 19.90203062669821 0.012691666666667477 92123.154666666684 0.0079746526895241327
decision_type=2 2 2 2 2 2 2 2 2 2 2 2 2 2 2 2 2 2 2
left_child=1 2 4 9 6 -6 -1 10 -3 -4 12 16 -2 -5 -14 -12 -10 -13 -9
right_child=7 8 3 13 5 -7 -8 18 11 -11 15 17 14 -15 -16 -17 -18 -19 -20
leaf_value=0.018260223363957103 0.050820465806414618 0.014434034277782788 -0.02849378967717564 0.019303850210241127 0.045247129332524588 0.019375719055578378 -0.0070561156871034748 0.05876464507330479 -0.042370844467188758 -0.0030575135374687431 0.022780177368380256 0.0069733820791527366 0.01682748628829275 0.046913683340947268 0.036339790255181588 -0.0087620716262415774 -0.022488399004607293 -0.014725587487511162 0.047038089715636056
leaf_weight=2307.2054733932018 496.79919326305389 295.09993305802345 777.94376906752586 294.04194459319115 2290.5065618008375 3442.1878610998392 1187.3443161100149 920.07201735675335 221.63112914562225 461.44911615550518 560.61300522089005 219.42496527731419 252.8052434027195 296.56081491708755 1641.3837364912033 79.601598978042603 654.82561683654785 375.84733334183693 809.38902881741524
leaf_count=7705 1432 999 3232 968 6817 11216 4347 2494 988 1755 1827 787 843 852 4930 290 2665 1490 2307
internal_value=0.0210181 0.0137426 0.0180965 -0.00217954 0.0221177 0.0297127 0.00965848 0.0406167 -0.0135053 -0.0190234 0.0333935 -0.0191075 0.0372855 0.0331676 0.0337356 0.0188583 -0.0275161 -0.00672707 0.0532766
internal_weight=17584.7 12824.1 11057.2 1830 9227.24 5732.69 3494.55 4760.66 1766.83 1239.39 3031.2 1471.73 2390.99 590.603 1894.19 640.215 876.457 595.272 1729.46
internal_count=57944 43821 36892 6807 30085 18033 12052 14123 6929 4987 9322 5930 7205 1820 5773 2117 3653 2277 4801
is_linear=0
shrinkage=0.05


Tree=7
num_leaves=20
num_cat=0
split_feature=5 5 0 0 0 0 0 6 2 4 0 0 3 0 4 0 1 21 1
split_gain=898.279 547.832 322.851 393.825 325.371 403.713 157.158 149.849 101.072 66.0648 61.4495 47.2219 41.7258 41.0461 38.0044 36.309 27.1714 22.9893 21.4679
threshold=0.014999999999417925 1.0000000180025095e-35 1.0000000180025095e-35 1.0990117860210093e-05 -3.2295566632090093e-05 -1.0000000180025095e-35 1.1173121938767851e-05 0.0074229843342159593 91278.465333333341 0.10276533333333408 1.0000000180025095e-35 1.1173121938767851e-05 0.021258999999996041 -1.1146631095915181e-05 0.012691666666667477 -1.0000000180025095e-35 90931.231000000014 61270.069772829149 90999.85500000001
decision_type=2 2 2 2 2 2 2 2 2 2 2 2 2 2 2 2 2 2 2
left_child=1 2 4 9 7 -6 10 -1 12 -4 13 -5 16 18 -10 -15 -3 -16 -2
right_child=6 8 3 11 5 -7 -8 -9 14 -11 -12 -13 -14 15 17 -17 -18 -19 -20
leaf_value=-0.012344653253467895 0.026648250281252901 0.011429976944807371 -0.027916683639393914 0.016938762306451877 0.038978927431023075 0.015737989238107916 0.050429925198887386 0.021278573833456955 -0.040788425154766689 -0.0035247772070165929 0.018005834486554045 0.044357751291975563 0.01556676191287306 0.047294552524683418 -0.014047564813924216 0.033211937563389783 -0.026121333978382164 -0.0362358409679625 -0.0028618077650234492
leaf_weight=956.76948808133602 204.54852890968323 74.843328088521957 755.45102873444557 332.03471392393112 3104.7858530730009 4692.8533529043198 1735.5617258250713 506.94999472796917 202.31336402893066 438.8665517270565 654.71055272221565 297.92889311909676 342.47360755503178 674.83661329746246 867.92516407370567 1422.5482472032309 135.18329678475857 134.88221123814583 88.205563962459564
leaf_count=3572 652 254 3176 1104 9256 15585 4801 1672 917 1675 2157 852 1176 1905 3472 4298 543 567 310
internal_value=0.0199194 0.0130325 0.0171444 -0.0020813 0.0209314 0.0249918 0.038422 -0.000699461 -0.0129017 -0.0189536 0.0315775 0.029906 0.00480632 0.0352951 -0.0210202 0.037743 -0.0127399 -0.017032 0.017757
internal_weight=17623.7 12843.3 11085.6 1824.28 9261.36 7797.64 4780.41 1463.72 1757.62 1194.32 3044.85 629.964 552.5 2390.14 1205.12 2097.38 210.027 1002.81 292.754
internal_count=57944 43821 36892 6807 30085 24841 14123 5244 6929 4851 9322 1956 1973 7165 4956 6203 797 4039 962
is_linear=0
shrinkage=0.05


Tree=8
num_leaves=20
num_cat=0
split_feature=5 5 0 0 0 0 1 0 6 0 0 3 6 1 4 3 0 0 14
split_gain=806.097 493.471 289.312 358.18 292.184 368.313 150.562 142.32 94.8686 67.8983 55.2429 45.1148 40.0989 39.2535 35.6516 31.0359 27.2155 26.4836 24.7929
threshold=0.014999999999417925 1.0000000180025095e-35 1.0000000180025095e-35 1.0975799624723949e-05 -1.1171496788753286e-05 -1.0000000180025095e-35 90947.532000000021 1.1173121938767851e-05 9.6177820773563922e-06 1.1173121938767851e-05 1.072806438129348e-05 0.028112999999998896 0.0022911889023334371 90977.991000000009 0.10850433333333324 0.066158999999998983 1.0988235177311624e-05 -3.2295566632090093e-05 19.90203062669821
decision_type=2 2 2 2 2 2 2 2 2 2 2 2 2 2 2 2 2 2 2
left_child=1 2 4 14 6 -6 -1 10 11 -5 12 -3 -2 -10 -4 -15 -13 -14 -12
right_child=7 8 3 9 5 -7 -8 -9 13 -11 18 16 17 15 -16 -17 -18 -19 -20
leaf_value=0.018447697462483603 0.045944721269408295 -0.029686072051244017 -0.028037330738128682 0.011838181926129636 0.037126535887786478 0.014903516242463145 -0.013764404935513048 0.047804234568388587 0.023406934127285034 0.041995151785396867 0.020571944169029441 -0.011083001149829264 0.015042803587246752 -0.011498988827935831 -0.0080942295391586132 0.016704780252350889 0.05428789652913836 0.032368282157029742 -0.0092040415524895485
leaf_weight=619.16407066583633 501.61269453167915 664.14123778045177 690.69275522232056 496.92189028859138 3087.1705749332905 4707.4454540908337 875.98763720691204 1739.237945869565 164.46381385624409 298.92788821458817 564.99588583409786 376.86753676831722 254.48702721297741 397.36155194044113 331.72313956916332 129.27521449327469 16.623915553092957 1654.9752188920975 79.780964404344559
leaf_count=2063 1432 2853 2949 1717 9148 15585 3289 4801 539 852 1827 1465 843 1568 1289 454 50 4930 290
internal_value=0.0188903 0.012365 0.0162517 -0.00198764 0.0198216 0.0237053 -0.000424905 0.0363862 -0.0123233 0.0231654 0.0298876 -0.0217373 0.0333641 0.00208342 -0.0215668 -0.00457572 -0.00832126 0.0300592 0.0168876
internal_weight=17651.9 12856.8 11108 1818.27 9289.77 7794.62 1495.15 4795.09 1748.73 795.85 3055.85 1057.63 2411.07 691.101 1022.42 526.637 393.491 1909.46 644.777
internal_count=57944 43821 36892 6807 30085 24733 5352 14123 6929 2569 9322 4368 7205 2561 4238 2022 1515 5773 2117
is_linear=0
shrinkage=0.05


Tree=9
num_leaves=20
num_cat=0
split_feature=5 5 0 0 5 5 2 0 6 2 0 3 1 6 14 3 0 0 0
split_gain=724.535 444.697 259.447 325.421 273.522 315.441 177.765 129.378 86.6446 71.6517 49.789 41.6914 35.2728 35.2028 29.9938 28.0155 24.3935 24.1179 22.0094
threshold=0.014999999999417925 1.0000000180025095e-35 1.0000000180025095e-35 1.1001564248491748e-05 -0.014999999999417922 -1.0000000180025095e-35 90994.606666666674 1.1173121938767851e-05 9.6177820773563922e-06 92517.167000000016 1.0000000180025095e-35 0.028112999999998896 90977.991000000009 0.0022911889023334371 19.164001176462843 0.066158999999998983 1.0988235177311624e-05 -3.2295566632090093e-05 0.0079746526895241327
decision_type=2 2 2 2 2 2 2 2 2 2 2 2 2 2 2 2 2 2 2
left_child=1 2 4 9 6 -6 -1 10 11 -4 13 -3 -10 -2 -5 -14 -13 -15 -9
right_child=7 8 3 14 5 -7 -8 18 12 -11 -12 16 15 17 -16 -17 -18 -19 -20
leaf_value=0.021780793533288094 0.043491062444244687 -0.028529474827450038 -0.0020784238026379095 0.022111350326696887 0.039787277781199858 0.015952787739639453 -0.0012146615796990929 0.050659196491453062 0.022127019772715469 -0.026221531818271877 0.016129135418384236 -0.01056649251791234 -0.010966671879069198 0.014248546900668919 0.047127121440978963 0.015797113183930574 0.0510121532862855 0.03076245356563119 0.039392993500335871
leaf_weight=1382.4864305108786 497.22356571257114 656.70526154339314 534.25545546412468 379.23768135905266 2310.5095859318972 3477.5036155134439 2143.4731508344412 924.24293996393681 165.25705526769161 723.4569346010685 658.96602122485638 375.55921171605587 395.85618937015533 255.21978659927845 175.17093807458878 129.85259810090065 16.802012801170349 1653.5795769691467 816.44605614244938
leaf_count=4481 1413 2853 2029 1187 6790 11216 7598 2494 539 3100 2157 1465 1568 843 491 454 50 4909 2307
internal_value=0.0179232 0.0117357 0.0154118 -0.00189822 0.0187796 0.0254672 0.00780158 0.0344887 -0.0117699 -0.0159659 0.0283061 -0.0208249 0.00197798 0.0316412 0.0300153 -0.00435589 -0.00792952 0.0285544 0.0453749
internal_weight=17671.8 12866.1 11126.1 1812.12 9313.97 5788.01 3525.96 4805.68 1740.03 1257.71 3064.99 1049.07 690.966 2406.02 554.409 525.709 392.361 1908.8 1740.69
internal_count=57944 43821 36892 6807 30085 18006 12079 14123 6929 5129 9322 4368 2561 7165 1678 2022 1515 5752 4801
is_linear=0
shrinkage=0.05


Tree=10
num_leaves=20
num_cat=0
split_feature=5 5 0 0 0 0 6 0 2 3 0 0 4 6 4 16 12 16 0
split_gain=652.341 400.829 232.741 295.907 248.742 323.497 130.063 118.032 81.7181 57.7557 56.3679 44.9182 32.6796 32.1465 26.0877 25.5049 26.2518 24.607 21.474
threshold=0.014999999999417925 1.0000000180025095e-35 1.0000000180025095e-35 1.0975799624723949e-05 -1.1171496788753286e-05 -1.0000000180025095e-35 0.0055047965346950731 1.1173121938767851e-05 92556.776000000013 0.013217999999999425 1.1173121938767851e-05 1.0730378219303562e-05 0.10850433333333324 0.0022911889023334371 0.1148559999999995 19.833416252078575 0.25499999999965445 19.918277778128413 -3.2295566632090093e-05
decision_type=2 2 2 2 2 2 2 2 2 2 2 2 2 2 2 2 2 2 2
left_child=1 2 4 12 6 -6 -1 11 9 -3 -5 13 -4 -2 -11 -10 -17 -13 -15
right_child=7 8 3 10 5 -7 -8 -9 15 14 -12 17 -14 18 -16 16 -18 -19 -20
leaf_value=-0.015476668696394977 0.041145786865097206 -0.02067408123758939 -0.026120818581789079 0.010611272870261262 0.033909279736391289 0.013140042112812512 0.013999452611914346 0.043122370168137275 -0.047961034532348207 -0.00067225862259102465 0.038036242515218845 0.01758567506530382 -0.0069139582509895881 0.013499723227250524 0.021234802783636559 -0.0217073197017945 0.0043667836080161868 -0.02314080510525247 0.029056875017483049
leaf_weight=755.67515999078751 506.40791803598404 219.68274472653866 677.80244213342667 499.21168655157089 3103.6697079390287 4735.4516543895006 741.43236866593361 1740.0494828373194 79.895251601934433 287.23622818291187 299.92822799086571 604.79188264906406 328.9422971457243 255.89008074998856 257.92448170483112 776.4371572881937 110.24027240276337 39.512051403522491 1665.7842721492052
leaf_count=2880 1438 894 2949 1717 9148 15585 2472 4801 361 1061 852 1955 1289 843 867 3304 442 148 4938
internal_value=0.0170115 0.0111403 0.0146182 -0.00181276 0.0177964 0.021363 -0.000878819 0.0327173 -0.0112409 0.000970316 0.0209042 0.0268244 -0.0198452 0.0299386 0.00969233 -0.0209036 -0.0184655 0.0150881 0.0269853
internal_weight=17686 12873.5 11142.1 1805.88 9336.23 7839.12 1497.11 4812.44 1731.42 764.843 799.14 3072.39 1006.74 2428.08 545.161 966.573 886.677 644.304 1921.67
internal_count=57944 43821 36892 6807 30085 24733 5352 14123 6929 2822 2569 9322 4238 7219 1928 4107 3746 2103 5781
is_linear=0
shrinkage=0.05


Tree=11
num_leaves=20
num_cat=0
split_feature=5 5 0 0 5 5 16 0 6 21 0 4 2 1 21 4 3 0 2
split_gain=587.969 361.478 208.958 268.939 230.256 277.275 160.992 107.878 76.1236 57.5645 40.6593 38.0077 32.8407 30.3286 29.2649 27.201 23.8439 20.4414 19.2026
threshold=0.014999999999417925 1.0000000180025095e-35 1.0000000180025095e-35 1.0965325880629708e-05 -0.014999999999417922 -1.0000000180025095e-35 19.535937206484707 1.1173121938767851e-05 9.6177820773563922e-06 0.33661255390458317 1.0000000180025095e-35 0.012691666666667477 93036.675666666677 90977.991000000009 0.77779303098475594 0.20509433333333391 0.066158999999998983 0.0079746526895241327 91084.233666666682
decision_type=2 2 2 2 2 2 2 2 2 2 2 2 2 2 2 2 2 2 2
left_child=1 2 4 15 6 -6 -1 10 11 -5 14 -3 -13 -10 -2 -4 -15 -9 -12
right_child=7 8 3 9 5 -7 -8 17 13 -11 18 12 -14 16 -16 -17 -18 -19 -20
leaf_value=0.014433435265844681 0.039028043002858614 -0.038754448833630523 -0.023718960128170055 -0.010441179320594353 0.03637928836360687 0.014090240916207251 -0.0081215568646596549 0.046121995504320057 0.020757386996680328 0.024570485626612768 0.024026795452470523 -0.0097780521470798784 -0.035111322255641897 -0.0099211088289430337 0.02558253227769915 -0.00091325035910031795 0.014756546041982269 0.035257100559805195 0.0068856838897535938
leaf_weight=2341.5964794009924 514.12186643481255 202.20328567922115 795.44871830940247 140.78722202777863 2322.9095863848925 3494.0944042354822 1194.852229654789 921.31407344341278 166.05406261980534 706.73818996548653 292.79362055659294 674.09948804974556 157.89421714842319 392.6666659116745 1901.4696786850691 156.46747960150242 130.38597801327705 816.64197720587254 369.68481846153736
leaf_count=7721 1464 963 3451 527 6790 11216 4358 2494 539 2221 915 2714 691 1568 5701 608 454 2307 1242
internal_value=0.0161537 0.0105792 0.0138723 -0.0017312 0.0168742 0.0229909 0.00681283 0.0310578 -0.0107331 0.0187545 0.0254348 -0.0193111 -0.0145858 0.00214075 0.0284442 -0.0199704 -0.00376949 0.0410167 0.0144615
internal_weight=17692.2 12876.2 11152.9 1799.44 9353.45 5817 3536.45 4816.03 1723.3 847.525 3078.07 1034.2 831.994 689.107 2415.59 951.916 523.053 1737.96 662.478
internal_count=57944 43821 36892 6807 30085 18006 12079 14123 6929 2748 9322 4368 3405 2561 7165 4059 2022 4801 2157
is_linear=0
shrinkage=0.05


Tree=12
num_leaves=20
num_cat=0
split_feature=5 5 0 0 0 0 6 0 2 1 3 0 6 9 9 4 12 16 3
split_gain=530.577 326.023 187.702 247.02 211.997 280.176 116.118 98.9045 69.9979 57.915 50.8496 36.7468 27.8181 26.7518 24.7422 22.3873 22.1057 21.6669 20.059
threshold=0.014999999999417925 1.0000000180025095e-35 1.0000000180025095e-35 1.1001564248491748e-05 -3.2295566632090093e-05 -1.0724268861839191e-05 0.0074229843342159593 1.1173121938767851e-05 92556.776000000013 92550.587000000014 0.013217999999999425 1.0730378219303562e-05 0.0022911889023334371 4757.1496666666671 4674.8330000000014 0.1148559999999995 0.25499999999965445 19.918277778128413 0.73850099999999419
decision_type=2 2 2 2 2 2 2 2 2 2 2 2 2 2 2 2 2 2 2
left_child=1 2 4 9 6 -6 -1 11 10 -4 -3 12 -2 -5 16 -12 -10 -13 -14
right_child=7 8 3 13 5 -7 -8 -9 14 -11 15 17 18 -15 -16 -17 -18 -19 -20
leaf_value=-0.011796243608659591 0.037355394275443189 -0.019429631253105043 -0.0019642583127780005 0.031298453535832674 0.030919971448511427 0.011652871596250646 0.017707167567932308 0.039050736449455142 -0.019277742596620958 -0.023752033189216013 -0.0004576055471026989 0.0158631264396203 0.026036574296707488 0.003392814179495491 -0.039255877035257153 0.019816541857359121 0.0048118230529850519 -0.022417605057942352 0.010053939428297076
leaf_weight=952.30534072220325 507.42449931800365 217.23617726564407 547.11180733144283 451.15271686017513 3112.7347252964973 4791.06556224823 513.23737427592278 1734.2768701761961 708.32892781496048 689.24189923703671 286.70047341287136 607.86932146549225 1706.3156315237284 106.07668669521809 133.47047908604145 259.32162548601627 110.02515801787376 39.357001930475235 221.83683021366596
leaf_count=3572 1438 894 2093 1331 9154 15687 1672 4801 3052 3036 1061 1955 5082 347 611 867 444 148 699
internal_value=0.0153423 0.0100471 0.0131654 -0.00165327 0.0160022 0.0192408 -0.00146406 0.0294986 -0.0102492 -0.0141105 0.0010309 0.0241249 0.026939 0.0259862 -0.0192946 0.00917117 -0.016039 0.0135353 0.0241977
internal_weight=17695.1 12878 11162.9 1793.58 9369.34 7903.8 1465.54 4817.08 1715.08 1236.35 763.258 3082.8 2435.58 557.229 951.825 546.022 818.354 647.226 1928.15
internal_count=57944 43821 36892 6807 30085 24841 5244 14123 6929 5129 2822 9322 7219 1678 4107 1928 3496 2103 5781
is_linear=0
shrinkage=0.05


Tree=13
num_leaves=20
num_cat=0
split_feature=5 5 0 0 5 5 1 0 6 2 3 21 0 1 14 8 16 0 0
split_gain=479.136 294.166 168.688 223.294 194.46 244.846 148.588 90.7574 66.7753 53.273 34.9908 34.8785 30.9527 26.1203 24.7834 22.6057 20.7533 20.4014 19.0984
threshold=0.014999999999417925 1.0000000180025095e-35 1.0000000180025095e-35 1.1001564248491748e-05 -0.014999999999417922 -1.0000000180025095e-35 90960.706000000006 1.1173121938767851e-05 9.6177820773563922e-06 92517.167000000016 0.028112999999998896 0.79305988403150485 1.0730378219303562e-05 90977.991000000009 19.164001176462843 4724.7170000000015 19.896533412025125 1.0988235177311624e-05 0.0079746526895241327
decision_type=2 2 2 2 2 2 2 2 2 2 2 2 2 2 2 2 2 2 2
left_child=1 2 4 9 6 -6 -1 11 10 -4 -3 -2 -13 -10 -5 -15 -14 -12 -9
right_child=7 8 3 14 5 -7 -8 18 13 -11 17 12 16 15 -16 -17 -18 -19 -20
leaf_value=0.019461655745600524 0.03276468732376657 -0.025135654646328571 -0.0015658864905279631 0.017512697071275646 0.03335479571537741 0.012444193007593387 -0.0018092618090069516 0.042156947521097693 0.019484360909934634 -0.022574856976903493 -0.0085076138027161286 0.022905781428908201 0.012939052131586835 0.0014191188604132298 0.040203656025799749 -0.026481788922752176 -0.016841250927665159 0.047560823915596011 0.031631012589124839
leaf_weight=1291.9087312072515 693.67633752524853 633.47407567501068 531.84362544119358 382.33406457304955 2330.020971506834 3506.9014844596386 2252.4720040857792 915.18025350570679 166.73764483630657 697.43478368222713 369.54620273411274 1905.5610291063786 418.914735481143 433.34011867642403 175.6061893850565 87.207410544157028 67.99757482111454 16.969150811433792 814.44353672862053
leaf_count=4136 2022 2853 2029 1187 6790 11216 7943 2494 539 3100 1465 5703 1347 1676 491 346 250 50 2307
internal_value=0.0145772 0.00954491 0.0124997 -0.00157876 0.0151818 0.0207914 0.00594388 0.0280317 -0.0097848 -0.0134854 -0.0179018 0.0228931 0.020031 0.00226155 0.0246545 -0.00325512 0.00878022 -0.00604605 0.0372005
internal_weight=17691.6 12875.8 11168.5 1787.22 9381.3 5836.92 3544.38 4815.77 1707.27 1229.28 1019.99 3086.15 2392.47 687.285 557.94 520.548 486.912 386.515 1729.62
internal_count=57944 43821 36892 6807 30085 18006 12079 14123 6929 5129 4368 9322 7300 2561 1678 2022 1597 1515 4801
is_linear=0
shrinkage=0.05


Tree=14
num_leaves=20
num_cat=0
split_feature=5 0 0 2 5 5 4 0 3 4 14 9 16 21 5 0 14 5 0
split_gain=433.065 276.985 371.428 322.37 201.28 294.769 110.969 83.4697 80.1634 71.3971 57.1278 46.7562 34.8922 31.4311 29.8732 27.9442 25.1844 24.9564 17.6293
threshold=0.014999999999417925 -1.0000000180025095e-35 -1.1171496788753286e-05 91261.875333333344 -1.0000000180025095e-35 -0.014999999999417922 0.18356866666666863 1.1173121938767851e-05 0.028112999999998896 0.10695799999999937 19.222528401275145 4741.6920000000018 19.8882143639097 0.79305988403150485 -0.019999999996798575 1.0000000180025095e-35 18.812165302212637 -0.93000000000029093 0.0079746526895241327
decision_type=2 2 2 2 2 2 2 2 2 2 2 2 2 2 2 2 2 2 2
left_child=1 2 6 9 5 -5 12 13 -6 11 -8 -3 -1 -2 17 -15 -11 -4 -9
right_child=7 3 14 4 8 -7 10 18 -10 16 -12 -13 -14 15 -16 -17 -18 -19 -20
leaf_value=-0.010854337729353018 0.03109622187500426 0.0012705643049947687 0.022225969887234014 -0.0087698989339014596 -0.016152826741015956 0.033144923080168753 0.024799104491278257 0.04023996382180537 -0.00044464886620712135 0.070202803970138811 -0.0017656490315595425 0.021672213726574324 -0.039550984328701785 0.021789963866470294 0.031337052056601693 0.0085043737434150318 0.022620497225404296 -0.01483687183130325 0.030110617006063219
leaf_weight=562.28508496284485 694.33183921873569 876.19929507374763 665.97356308996677 921.11062580347061 2309.890461102128 770.18469081819057 389.33097887039185 910.94680051505566 1252.6645662337542 28.279274225234985 421.47987388074398 413.30177153646946 130.51409433782101 1894.0357178747654 2411.5711855590343 500.35228627920151 1671.2724103182554 48.744189754128456 812.82994356751442
leaf_count=2078 2022 3073 2054 3420 9164 2288 1232 2494 4640 76 1517 1319 542 5661 6952 1639 5300 166 2307
internal_value=0.0138526 0.00906858 0.0188548 0.00357182 -0.00388641 0.0103173 -0.00156578 0.0266491 -0.0106295 0.0166811 0.0109901 0.00780956 -0.0162604 0.0217298 0.0286762 0.0190137 0.0234122 0.0196983 0.0354636
internal_weight=17685.3 12872.8 4629.9 8242.9 5253.85 1691.3 1503.61 4812.5 3562.56 2989.05 810.811 1289.5 692.799 3088.72 3126.29 2394.39 1699.55 714.718 1723.78
internal_count=57944 43821 14541 29280 19512 5708 5369 14123 13804 9768 2749 4392 2620 9322 9172 7300 5376 2220 4801
is_linear=0
shrinkage=0.05


Tree=15
num_leaves=20
num_cat=0
split_feature=5 0 0 2 5 5 4 0 4 4 14 16 2 4 0 5 0 0 5
split_gain=391.689 249.955 334.787 290.271 182.038 265.191 100.413 76.858 73.5252 64.4962 51.2711 32.24 30.539 28.7363 28.5471 27.193 26.3878 34.1978 22.4604
threshold=0.014999999999417925 -1.0000000180025095e-35 -1.1171496788753286e-05 91261.875333333344 -1.0000000180025095e-35 -0.014999999999417922 0.18356866666666863 1.1173121938767851e-05 0.011617000000001019 0.055904333333333334 19.222528401275145 19.8882143639097 90609.622666666677 0.40375200000000155 1.0000000180025095e-35 -0.019999999996798575 -1.1146631095915181e-05 -1.0000000180025095e-35 -0.93000000000029093
decision_type=2 2 2 2 2 2 2 2 2 2 2 2 2 2 2 2 2 2 2
left_child=1 2 6 9 5 -5 11 14 -6 12 -8 -1 -3 -11 16 18 -2 -18 -4
right_child=7 3 15 4 8 -7 10 -9 -10 13 -12 -13 -14 -15 -16 -17 17 -19 -20
leaf_value=-0.010340733972703818 0.0092687702973164188 0.022551023830177815 0.021066085080131802 -0.0083501324303779448 -0.026289799421695948 0.031394953097753218 0.02346537350525878 0.033824820746379235 -0.0069277874700489524 0.017051486406423795 -0.0016781117033548188 -0.038078572147460327 -0.0034567554930612547 0.031215220523537052 0.011477629222105443 0.029771154245834649 0.034387682733410245 0.020771912934943682 -0.014119122841207142
leaf_weight=560.74240586161613 299.82396291196346 143.74825459718704 667.46939268708229 919.09741561114788 587.50218859314919 772.39919275045395 390.84637145698071 1717.1053057014942 2963.993025302887 1884.7509391158819 421.29746347665787 128.82627829909325 525.49894362688065 442.11206044256687 667.74099978804588 2411.4908593893051 677.15762294828892 1445.7748237103224 48.663112327456474
leaf_count=2078 962 452 2054 3420 2453 2288 1232 4801 11351 6093 1517 542 1883 1340 2157 6952 1905 4298 166
internal_value=0.0131663 0.00861692 0.0179134 0.00339348 -0.00370101 0.00979893 -0.00149139 0.0253435 -0.0101307 0.0158084 0.0104223 -0.0155228 0.00212948 0.0197426 0.0206311 0.0272305 0.023154 0.025115 0.0186752
internal_weight=17676 12868.4 4629.34 8239.1 5242.99 1691.5 1501.71 4807.6 3551.5 2996.11 812.144 689.569 669.247 2326.86 3090.5 3127.62 2422.76 2122.93 716.133
internal_count=57944 43821 14541 29280 19512 5708 5369 14123 13804 9768 2749 2620 2335 7433 9322 9172 7165 6203 2220
is_linear=0
shrinkage=0.05


Tree=16
num_leaves=20
num_cat=0
split_feature=5 5 0 0 0 0 6 0 6 4 4 2 21 14 13 0 16 11 16
split_gain=354.546 234.18 136.447 178.434 152.556 194.979 92.7293 70.7082 55.3691 46.941 31.273 28.4457 28.207 24.848 24.7541 23.2136 19.1781 18.7198 18.5693
threshold=0.014999999999417925 1.0000000180025095e-35 1.0000000180025095e-35 1.1001564248491748e-05 -1.1171496788753286e-05 -1.0724268861839191e-05 0.0055047965346950731 1.1173121938767851e-05 9.6177820773563922e-06 0.10850433333333324 0.012691666666667477 93036.675666666677 0.77779303098475594 19.164001176462843 6.7073789749546006e-05 1.0730378219303562e-05 19.896533412025125 0.55183333333333573 19.793637534903642
decision_type=2 2 2 2 2 2 2 2 2 2 2 2 2 2 2 2 2 2 2
left_child=1 2 4 9 6 -6 -1 12 10 -4 -3 -12 17 -5 18 -14 -17 -2 -10
right_child=7 8 3 13 5 -7 -8 -9 14 -11 11 -13 15 -15 -16 16 -18 -19 -20
leaf_value=-0.013892367427504063 0.032329950593369079 -0.034831896367062042 -0.020302684719527096 0.014368458637051679 0.025802060475907093 0.009700293944728074 0.011015628291144724 0.032270640524982068 0.010925062650414572 -7.0496700573918428e-05 -0.0078696200176376144 -0.031838881002401433 0.019550270685688074 0.037087636863446537 0.0049911699415465197 0.011341225970595612 -0.017212197532879139 0.0099967978105447008 -0.044214594696124321
leaf_weight=746.7228279709816 564.50379624962807 190.89118632674217 755.72138865292072 383.85565319657326 3085.8556291610003 4811.6831232756376 747.92865443229675 1709.9946179687977 22.547983467578888 461.91650457680225 662.50089919567108 152.21943978965282 1921.5971793979406 175.31673304736614 617.27043254673481 423.70158356428146 68.284666925668716 112.53508278727531 47.297522366046906
leaf_count=2880 1625 963 3359 1187 9046 15687 2472 4801 78 1770 2714 691 5744 491 2271 1356 251 346 212
internal_value=0.0125173 0.0081894 0.0108159 -0.00189004 0.0132196 0.0159918 -0.00142832 0.0241127 -0.009141 -0.0126275 -0.016616 -0.012348 0.019599 0.0214916 0.00179882 0.0170691 0.00737819 0.0286178 -0.026414
internal_weight=17662.3 12861.7 11169 1776.81 9392.19 7897.54 1494.65 4800.62 1692.73 1217.64 1005.61 814.72 3090.62 559.172 687.116 2413.58 491.986 677.039 69.8455
internal_count=57944 43821 36892 6807 30085 24733 5352 14123 6929 5129 4368 3405 9322 1678 2561 7351 1607 1971 290
is_linear=0
shrinkage=0.05


Tree=17
num_leaves=20
num_cat=0
split_feature=5 5 0 0 5 5 1 0 4 4 2 3 14 21 9 0 16 11 0
split_gain=320.935 211.495 122.809 161.442 142.532 171.905 114.812 65.1366 51.4186 43.7723 42.8065 28.1374 25.7804 25.5113 23.4222 20.9774 17.3187 16.9161 16.8449
threshold=0.014999999999417925 1.0000000180025095e-35 1.0000000180025095e-35 1.1001564248491748e-05 -0.014999999999417922 -1.0000000180025095e-35 90910.936000000031 1.1173121938767851e-05 0.012691666666667477 0.061122666666667484 92556.776000000013 0.008640999999997805 19.807979333480024 0.77779303098475594 4757.1496666666671 1.0730378219303562e-05 19.896533412025125 0.55183333333333573 0.0075158450429602128
decision_type=2 2 2 2 2 2 2 2 2 2 2 2 2 2 2 2 2 2 2
left_child=1 2 4 9 6 -6 -1 13 -3 -4 11 -10 -12 17 -5 -15 -17 -2 -9
right_child=7 8 3 14 5 -7 -8 18 10 -11 12 -13 -14 15 -16 16 -18 -19 -20
leaf_value=0.017404179854365775 0.030728179701178568 -0.032232541535428726 -0.022647046226238983 0.025394539874400181 0.027871516089867078 0.010364141255753658 -0.0016898771491898738 0.035734979129448223 -0.020168627406830668 -0.0035265512391278427 -0.070009729089355308 0.0076117028428920458 -0.01213950076158775 0.018572554758680724 -0.0006319243758603195 0.01075916652421759 -0.016419276713064809 0.0094971618466754386 0.025787301610829705
leaf_weight=1178.5813719928265 564.23898307979107 204.40109515190125 540.72199021279812 452.23710398375988 2333.2461020648479 3513.4832978099585 2371.2972412407398 857.5462729036808 107.44600364565849 670.47194343805313 19.749776914715767 600.91693165898323 753.02940897643566 1921.6159124970436 106.87335824966431 424.27691681683064 68.010310262441635 112.53269827365875 844.80146916210651
leaf_count=3735 1625 1035 2464 1331 6790 11216 8344 2383 440 2665 97 2127 3230 5744 347 1356 251 346 2418
internal_value=0.0119025 0.00778462 0.0102765 -0.00180387 0.0125524 0.0173508 0.00464947 0.0229446 -0.00872448 -0.0120627 -0.00548031 0.00339792 -0.0136185 0.0186187 0.0204196 0.0162134 0.00700442 0.0271979 0.0307984
internal_weight=17645.5 12852.5 11166.9 1770.3 9396.61 5846.73 3549.88 4793.02 1685.54 1211.19 1481.14 708.363 772.779 3090.67 559.11 2413.9 492.287 676.772 1702.35
internal_count=57944 43821 36892 6807 30085 18006 12079 14123 6929 5129 5894 2567 3327 9322 1678 7351 1607 1971 4801
is_linear=0
shrinkage=0.05


Tree=18
num_leaves=20
num_cat=0
split_feature=0 0 2 0 0 2 6 4 6 5 18 5 9 6 13 21 0 9 8
split_gain=294.085 253.964 131.859 129.047 273.997 191.838 107.344 51.2134 39.3622 30.788 30.7195 28.4738 26.4844 25.6142 25.3999 19.8519 18.0924 13.9476 13.1559
threshold=1.1173121938767851e-05 1.0000000180025095e-35 92556.776000000013 -3.2295566632090093e-05 -1.0000000180025095e-35 91254.774000000019 0.0074229843342159593 0.04866300000000081 0.00089837919188160483 -0.014999999999417922 0.30801548118086791 0.014999999999417925 4674.8330000000014 0.011676126079509207 0.0093734277770954246 31433153.828769777 0.0071326114085445988 4668.6703333333344 4755.523000000001
decision_type=2 2 2 2 2 2 2 2 2 2 2 2 2 2 2 2 2 2 2
left_child=1 3 7 6 9 -6 8 -3 -1 -5 -9 12 -4 16 -8 -13 18 -18 -2
right_child=13 2 11 4 5 -7 14 10 -10 -11 -12 15 -14 -15 -16 -17 17 -19 -20
leaf_value=-0.048134747392179447 0.038721154764837333 -0.012755911484341338 -0.016291408750601682 0.015653254061276982 0.018928076886102554 0.001923494106587594 0.010777753200639726 0.0023268287223442499 -0.0083589183061819252 0.026963093196759588 0.017665484120255603 0.0063270548848520809 -0.038904261390612413 0.016447910174619343 0.039301794782287569 -0.045932789629505512 0.0047992690918397269 0.028341480793843188 0.018950153364153233
leaf_weight=66.506267160177231 807.11983139812946 320.19631110131741 940.45148181915283 745.56469650566578 2638.5545968711376 4465.8721686601639 617.52982650697231 693.09699295461178 960.31017193198204 3119.3411934375763 617.00982470810413 180.80578444898129 150.15923842787743 322.33424645662308 89.336751967668533 20.202567264437675 69.029220417141914 710.11018401384354 93.932424291968346
leaf_count=282 2228 1285 4242 2310 8213 15280 1999 2399 3576 8978 2028 605 725 950 263 77 210 2018 276
internal_value=0.0113188 0.00900674 -0.00428451 0.012064 0.0140674 0.00823893 -0.000612418 0.00516965 -0.0109352 0.0247814 0.00955074 -0.0162177 -0.0194048 0.0293585 0.0143827 0.00107462 0.0318354 0.0262557 0.0366601
internal_weight=17627.5 15624.9 2921.92 12703 10969.3 7104.43 1733.68 1630.3 1026.82 3864.91 1310.11 1291.62 1090.61 2002.53 706.867 201.008 1680.19 779.139 901.052
internal_count=57944 52262 11361 40901 34781 23493 6120 5712 3858 11288 4427 5649 4967 5682 2262 682 4732 2228 2504
is_linear=0
shrinkage=0.05


Tree=19
num_leaves=20
num_cat=0
split_feature=5 5 0 0 5 5 16 0 6 0 17 4 2 6 2 3 10 13 16
split_gain=270.802 180.425 100.717 135.548 120.103 151.785 102.984 53.1139 46.7453 33.5135 28.1793 26.558 25.0807 24.0594 27.6883 28.5081 23.073 21.9264 16.2544
threshold=0.014999999999417925 1.0000000180025095e-35 1.0000000180025095e-35 1.0975799624723949e-05 -0.014999999999417922 -1.0000000180025095e-35 19.535937206484707 1.1173121938767851e-05 9.6177820773563922e-06 1.1173121938767851e-05 0.025075000000000004 0.012691666666667477 93036.675666666677 0.0021825344686424281 91027.663000000015 2.0662379999999931 3.0350000000000015 6.7073789749546006e-05 19.793637534903642
decision_type=2 2 2 2 2 2 2 2 2 2 2 2 2 2 2 2 2 2 2
left_child=1 2 4 10 6 -6 -1 13 11 -5 -4 -3 -13 -2 16 -16 -15 18 -10
right_child=7 8 3 9 5 -7 -8 -9 17 -11 -12 12 -14 14 15 -17 -18 -19 -20
leaf_value=0.010117663328032128 0.026003123926650325 -0.032410520496468642 -0.024071799672762097 0.0055941938534925838 0.025638081849089618 0.0091844987226837819 -0.007927249252285485 0.028070924949847621 0.0096134505009684013 0.026736374380664042 -0.0067762337742348485 -0.0071592663645414587 -0.029892769687530397 0.02153224326612074 0.01100353198500454 -0.050741102389465775 -0.048895093117071582 0.0047051574780611997 -0.042115285755097043
leaf_weight=2364.3667845278978 602.11404344439507 183.82925622165203 423.19634449481964 506.27598445117474 2329.8359187841415 3518.4365686774254 1187.9517193585634 1685.2911316454411 22.651349827647209 297.63102540373802 531.00608083605766 657.9199037104845 148.75540322065353 1089.6267845183611 1366.0657273828983 18.95367605984211 11.75499753654003 617.13207015395164 46.078499302268028
leaf_count=7721 1758 963 1954 1717 6790 11216 4358 4801 78 852 2284 2714 691 3244 4209 69 42 2271 212
internal_value=0.0107641 0.00698264 0.00928036 -0.00170384 0.0113346 0.0157393 0.00408316 0.0209312 -0.00831208 0.0134217 -0.014447 -0.0152598 -0.0113515 0.0170354 0.0148637 0.0101586 0.0207806 0.00172171 -0.025067
internal_weight=17608.9 12835.1 11158.7 1758.11 9400.59 5848.27 3552.32 4773.81 1676.37 803.907 954.202 990.505 806.675 3088.52 2486.4 1385.02 1101.38 685.862 68.7298
internal_count=57944 43821 36892 6807 30085 18006 12079 14123 6929 2569 4238 4368 3405 9322 7564 4278 3286 2561 290
is_linear=0
shrinkage=0.05


Tree=20
num_leaves=20
num_cat=0
split_feature=5 0 0 2 5 5 4 3 4 0 2 9 16 9 21 0 5 5 19
split_gain=245.275 165.954 228.497 208.542 132.779 199.378 80.4116 67.7324 52.0006 49.0326 43.2003 37.0082 27.3479 24.1461 22.22 17.6616 16.7859 20.1208 15.8253
threshold=0.014999999999417925 -1.0000000180025095e-35 -1.1171496788753286e-05 91261.875333333344 -1.0000000180025095e-35 -0.014999999999417922 0.18356866666666863 0.024005999999999382 0.10695799999999937 1.1173121938767851e-05 89557.376333333334 4741.6920000000018 19.8882143639097 4706.4636666666684 0.79305988403150485 1.0730378219303562e-05 -0.019999999996798575 -0.93000000000029093 0.0040769381081869173
decision_type=2 2 2 2 2 2 2 2 2 2 2 2 2 2 2 2 2 2 2
left_child=1 2 6 8 5 -5 12 -6 11 14 -8 -3 -1 -10 -2 -16 17 -4 -18
right_child=9 3 16 4 7 -7 10 -9 13 -11 -12 -13 -14 -15 15 -17 18 -19 -20
leaf_value=-0.0097265159829927963 0.024078701050629443 -0.00053845221567179978 0.017490313274653078 -0.0080139988337505543 -0.014928989599580706 0.02645261530190561 0.064503079890215656 -0.0007547776646995661 0.059478943488797488 0.026808145072184476 0.006404187018009007 0.017549002536497039 -0.035546378506248165 0.017697714301166755 0.016085699295081995 0.005446719188884782 -0.049135727963440574 -0.015759055343395782 0.024167641712232953
leaf_weight=557.74445164203644 692.05628748238087 878.36592176556587 670.72753521800041 913.15872007608414 2099.65254971385 776.26953023672104 33.361773371696472 1408.0286722779274 35.306968688964844 1676.6650788486004 781.34673295915127 417.09033347666264 125.66035008430481 1679.2710728943348 1905.2970180660486 490.52672596275806 7.3855418413877478 48.81208898127079 2391.4647734463215
leaf_count=2078 2022 3073 2054 3420 8510 2288 91 5294 100 4801 2658 1319 542 5276 5703 1597 26 166 6926
internal_value=0.0102378 0.00663875 0.0142227 0.00237278 -0.00369285 0.00782295 -0.0018262 -0.00923928 0.0128456 0.0199246 0.0087833 0.00528506 -0.0144741 0.0185581 0.016187 0.0139074 0.0219328 0.0152347 0.023942
internal_weight=17588.2 12823.6 4616.5 8207.14 5197.11 1689.43 1498.11 3507.68 3010.03 4764.55 814.709 1295.46 683.405 1714.58 3087.88 2395.82 3118.39 719.54 2398.85
internal_count=57944 43821 14541 29280 19512 5708 5369 13804 9768 14123 2749 4392 2620 5376 9322 7300 9172 2220 6952
is_linear=0
shrinkage=0.05


Tree=21
num_leaves=20
num_cat=0
split_feature=0 0 4 0 0 2 6 2 6 8 4 11 12 6 5 1 18 0 1
split_gain=225.539 199.517 105.709 104.062 218.891 153.9 90.1709 48.1424 31.7634 31.3691 30.5404 24.1512 25.2857 23.4269 23.3456 21.288 19.783 17.3174 12.8942
threshold=1.1173121938767851e-05 1.0000000180025095e-35 0.061122666666667484 -3.2295566632090093e-05 -1.0000000180025095e-35 91254.774000000019 0.0061178773106944353 92547.445000000007 0.00089837919188160483 4724.7170000000015 0.42699700000000002 0.23243333333333574 0.080000000000382002 0.011676126079509207 -0.014999999999417922 92683.099000000031 0.60135800994329813 0.0071326114085445988 91090.576000000015
decision_type=2 2 2 2 2 2 2 2 2 2 2 2 2 2 2 2 2 2 2
left_child=1 3 11 6 14 -6 8 9 -1 -4 -8 12 -3 17 -5 -9 -13 -2 -19
right_child=13 2 7 4 5 -7 10 15 -10 -11 -12 16 -14 -15 -16 -17 -18 18 -20
leaf_value=-0.046124860259959932 0.032818874063358712 -0.024561086035209428 0.017354533150969183 0.013892206174052022 0.016579107889437807 0.0013574753674090324 0.0016368403976849855 -0.027276422202854134 -0.0097895741976854952 0.0013556686847858721 0.020315537795752795 -0.0070017910364623239 -0.0053038004267433993 0.013257545026628773 0.023738134479292766 -0.0036801875682172681 0.037987391255236098 0.02871227306662116 0.015752804031747735
leaf_weight=65.132352814078331 885.55884291231632 681.16399274766445 579.40699037909508 746.93341003358364 2645.7309783250093 4459.5915726274252 474.41816236078739 120.06678660213947 785.69142034649849 650.19936154782772 406.21499082446098 146.35138347744942 227.35670129954815 319.23757457733154 3103.8013682663441 468.78190392255783 29.332697004079819 404.67472957074642 365.10776461660862
leaf_count=282 2504 3119 1945 2310 8213 15280 1579 520 2988 2171 1271 612 968 950 8978 1916 110 1150 1078
internal_value=0.00973893 0.00772256 -0.00410308 0.010428 0.0122282 0.00702539 -0.000962647 0.00326464 -0.0125711 0.00889455 0.0102529 -0.0164604 -0.019742 0.0256591 0.0218283 -0.00849148 0.000509727 0.0280508 0.0225656
internal_weight=17564.8 15590.2 2902.66 12687.5 10956.1 7105.32 1731.46 1818.46 850.824 1229.61 880.633 1084.2 908.521 1974.58 3850.73 588.849 175.684 1655.34 769.782
internal_count=57944 52262 11361 40901 34781 23493 6120 6552 3270 4116 2850 4809 4087 5682 11288 2436 722 4732 2228
is_linear=0
shrinkage=0.05


Tree=22
num_leaves=20
num_cat=0
split_feature=5 5 1 0 0 5 4 0 0 3 2 9 5 16 0 11 0 16 21
split_gain=208.308 145.17 79.729 122.587 174.167 78.7158 40.7154 39.8802 38.2757 43.0227 30.0063 27.1181 23.3757 25.6779 23.3057 22.6418 19.7508 19.0377 18.5407
threshold=0.014999999999417925 1.0000000180025095e-35 91255.827000000034 -1.0000000180025095e-35 -1.0958519802706233e-05 -1.0000000180025095e-35 0.012691666666667477 1.1138849320690982e-05 -3.2295566632090093e-05 0.3196239999999963 91027.663000000015 4706.4636666666684 6.2849999999962174 19.831055927694383 -1.0000000180025095e-35 0.13280000000000247 -1.0000000180025095e-35 19.072928126569746 2.456077816886074
decision_type=2 2 2 2 2 2 2 2 2 2 2 2 2 2 2 2 2 2 2
left_child=1 2 8 4 -4 -5 -3 12 9 -1 -8 -10 17 15 -15 -14 -12 -2 -19
right_child=7 6 3 5 -6 -7 10 -9 11 -11 16 -13 13 14 -16 -17 -18 18 -20
leaf_value=-0.0043899170955308481 0.0050215222307823416 -0.029280718009265072 -0.012031239088798286 0.0073864435488488218 0.01956039917445522 -0.0067149705425695308 0.0094509680877710393 0.024346234024619384 0.055158249275905152 0.017961689452339984 0.065985321318285078 0.015109208175499914 0.021076052525794971 0.018343588960727724 -0.0042094231274261264 0.0083835964303528281 -0.0090772019210421905 0.027988213659135987 0.012168825985573499
leaf_weight=566.29690250754356 164.0863975584507 195.20525620877743 551.37826552987099 1691.7805944383144 2089.9115296751261 2384.491131991148 289.41935586929321 1700.9784306585789 42.790729507803917 347.33282345533371 8.8296009898185712 3462.2013887315989 748.44795505702496 162.07113617658615 390.66476878523827 662.28015348315239 1170.7726522833109 655.55787254869938 258.15838703513145
leaf_count=1997 507 1035 2175 5721 6165 8843 952 4930 118 1106 26 10767 2218 477 1267 2036 4916 1898 790
internal_value=0.0092637 0.00594739 0.00800582 0.00457461 0.0129655 -0.000862441 -0.00782656 0.0182152 0.0132222 0.00410745 -0.00497571 0.0155981 0.0147861 0.0115383 0.00240349 0.0151175 -0.00851534 0.0207026 0.0235187
internal_weight=17542.7 12800.4 11136.2 6717.56 2641.29 4076.27 1664.23 4742.25 4418.62 913.63 1469.02 3504.99 3041.27 1963.46 552.736 1410.73 1179.6 1077.8 913.716
internal_count=57944 43821 36892 22904 8340 14564 6929 14123 13988 3103 5894 10885 9193 5998 1744 4254 4942 3195 2688
is_linear=0
shrinkage=0.05


Tree=23
num_leaves=20
num_cat=0
split_feature=0 0 4 0 0 2 6 2 0 8 13 17 6 5 1 0 12 9 8
split_gain=189.58 173.996 90.996 87.4055 180.899 124.914 78.2038 39.9489 33.4165 28.6237 22.6995 22.3688 21.3525 21.3147 19.5131 16.3016 15.158 12.5649 12.4148
threshold=1.1173121938767851e-05 1.0000000180025095e-35 0.061122666666667484 -3.2295566632090093e-05 -1.0000000180025095e-35 91254.774000000019 0.007539077474601889 92547.445000000007 -0.0090635708120678764 4724.7170000000015 0.0093734277770954246 0.010985000000000002 0.011676126079509207 -0.014999999999417922 92683.099000000031 0.0071326114085445988 0.080000000000382002 4668.6703333333344 4755.523000000001
decision_type=2 2 2 2 2 2 2 2 2 2 2 2 2 2 2 2 2 2 2
left_child=1 3 11 6 13 -6 8 9 -1 -4 -8 -3 15 -5 -9 18 -13 -17 -2
right_child=12 2 7 4 5 -7 10 14 -10 -11 -12 16 -14 -15 -16 17 -18 -19 -20
leaf_value=0.0037443933210813997 0.032488325868245072 -0.026955278318603882 0.015883230109737644 0.012316348358171213 0.015016090776581156 0.0013068918954027009 0.0085626351970136457 -0.026131464728424366 -0.015678074656291827 0.00062424205704975056 0.035550219765160922 -0.015660090064699522 0.011616752541379186 0.021721983505688082 -0.0034314737543144434 -7.3595535389828218e-05 -0.00030508973463350619 0.022453240672049384 0.01305190036974199
leaf_weight=320.96116805076599 782.58877399563789 310.32876658439636 582.04876148700714 748.12518627941608 2649.6428675353527 4455.961780205369 602.98063686490059 118.69677203893661 714.34657928347588 651.17145381867886 89.478676602244377 533.68678344786167 317.36987176537514 3091.039875805378 467.70358350872993 67.949813097715378 229.98696814477444 695.40650728344917 91.794261902570724
leaf_count=1162 2228 1490 1945 2310 8213 15280 1941 520 2756 2171 261 2366 950 8978 1916 210 953 2018 276
internal_value=0.00881133 0.00696811 -0.00409455 0.00949413 0.011144 0.00641898 -0.000957122 0.00271742 -0.00965681 0.0078261 0.0120499 -0.0156357 0.0234867 0.0198891 -0.00802631 0.0257869 -0.0110358 0.020448 0.0304479
internal_weight=17521.3 15566.2 2893.62 12672.5 10944.8 7105.6 1727.77 1819.62 1035.31 1233.22 692.459 1074 1955.11 3839.17 586.4 1637.74 763.674 763.356 874.383
internal_count=57944 52262 11361 40901 34781 23493 6120 6552 3918 4116 2202 4809 5682 11288 2436 4732 3319 2228 2504
is_linear=0
shrinkage=0.05


Tree=24
num_leaves=20
num_cat=0
split_feature=5 5 2 5 5 6 4 0 14 5 2 6 9 2 3 10 11 4 6
split_gain=177.286 124.326 71.7735 96.9924 182.148 95.8037 36.7357 32.2918 28.4201 29.3976 25.6469 21.8302 19.6098 18.0856 24.5615 19.2401 14.4326 14.1992 13.9563
threshold=0.014999999999417925 1.0000000180025095e-35 91003.476666666669 -0.014999999999417922 -1.0000000180025095e-35 0.0055583572405022022 0.012691666666667477 1.1138849320690982e-05 18.812165302212637 -0.019999999996798575 91027.663000000015 0.0025133518934857923 4729.6036666666678 91027.663000000015 2.0662379999999931 3.0350000000000015 0.51316666666666932 0.044753333333334276 7.3223128466752856e-06
decision_type=2 2 2 2 2 2 2 2 2 2 2 2 2 2 2 2 2 2 2
left_child=1 2 8 5 -5 -4 -3 11 -1 -10 18 16 -12 15 -15 -13 -2 -18 -8
right_child=7 6 3 4 -6 -7 10 -9 9 -11 12 13 -14 14 -16 -17 17 -19 -20
leaf_value=0.050355078297946165 0.023142235035352 -0.028054223209716539 -0.0098214737422367762 0.020556640007857313 0.0021023230312075237 0.011009229000624871 -0.03024733972205549 0.022220381327802054 0.010117552339121906 0.021625422708430764 -0.0058874621499733588 0.016886188172067076 -0.027321264486770219 0.0080772005624580347 -0.049680352487092967 -0.048167775691848942 -0.064009763257335234 0.007159607578980081 0.011646204286392792
leaf_weight=53.782849192619324 676.04750476777554 191.46598926186562 1734.4224339872599 2043.9523029476404 3866.5150834769011 809.62725672125816 21.468472987413406 1682.7357334345579 1814.7500141561031 799.43123880028725 1055.5516511201859 1010.1413306593895 118.71422924101353 1262.2931417375803 18.679152965545654 11.495145052671431 8.1690948456525785 49.325683280825615 268.67688520252705
leaf_count=149 1983 1035 6464 6012 13405 2707 80 4930 5755 2400 4448 3019 494 3901 68 41 30 151 872
internal_value=0.00838245 0.00532398 0.00722693 0.00497063 0.00848418 -0.00319224 -0.00745808 0.0166645 0.0143769 0.0136367 -0.00476522 0.0135853 -0.00805435 0.0111923 0.00723498 0.0161542 0.0210969 -0.00295243 0.00854641
internal_weight=17497.2 12778.4 11122.5 8454.52 5910.47 2544.05 1655.88 4718.89 2667.96 2614.18 1464.41 3036.15 1174.27 2302.61 1280.97 1021.64 733.542 57.4948 290.145
internal_count=57944 43821 36892 28588 19417 9171 6929 14123 8304 8155 5894 9193 4942 7029 3969 3060 2164 181 952
is_linear=0
shrinkage=0.05


Tree=25
num_leaves=20
num_cat=0
split_feature=5 5 0 0 5 5 4 6 17 0 3 21 5 16 11 16 18 13 0
split_gain=160.721 112.327 69.9744 92.6934 80.2206 97.9963 79.2168 34.9933 30.7734 29.7793 25.5431 24.537 20.2784 21.0058 20.443 19.5558 19.3347 19.6386 19.1652
threshold=0.014999999999417925 1.0000000180025095e-35 1.0000000180025095e-35 1.1001564248491748e-05 -0.014999999999417922 -1.0000000180025095e-35 0.12096399999999986 7.1683609192927177e-06 0.025075000000000004 1.1138849320690982e-05 0.066158999999998983 79830.247440912717 6.2849999999962174 19.831055927694383 0.13280000000000247 19.215246318927459 0.77288121603331061 0.0016127101656679148 -1.0724268861839191e-05
decision_type=2 2 2 2 2 2 2 2 2 2 2 2 2 2 2 2 2 2 2
left_child=1 2 4 8 6 -6 -1 16 -4 12 11 -9 -2 14 -14 -5 -3 -18 -15
right_child=9 7 3 15 5 -7 -8 10 -10 -11 -12 -13 13 18 -16 -17 17 -19 -20
leaf_value=-0.0071406636370322588 0.018437349615582136 -0.0291183510336776 -0.020420350214363288 0.0088257828311292322 0.020184192385793203 0.0069298174427253334 0.0083465752411124149 -0.0052299207382021139 -0.0038615275480748459 0.021222796066881509 0.0090829031943442506 -0.034778325896309581 0.018797579605276751 0.016360132786643469 0.0067269713157971731 0.029993493764130637 0.026173494098735678 -0.028484217744640862 -0.0042727034643850938
leaf_weight=1305.7214453369379 1074.0542004406452 237.2769829928875 456.61888839304447 406.44242656230927 2310.9837871640921 3516.5978834480047 2245.826073884964 965.85713343322277 727.78156478703022 1673.9695342928171 304.52246111631393 75.769077077507973 746.95502915978432 157.53145879507065 661.33907011151314 149.15049806237221 36.285827085375786 30.039141252636909 394.13581843674183
leaf_count=4662 3195 1134 2123 1255 6790 11216 7417 4068 3006 4930 1083 359 2218 466 2036 423 151 134 1278
internal_value=0.00797274 0.00506125 0.00686763 -0.00234136 0.00857606 0.012186 0.00265271 -0.00711354 -0.0102454 0.0158692 -0.00365526 -0.00737931 0.0129155 0.00988946 0.0131292 0.0145083 -0.0224473 0.00141855 0.00161911
internal_weight=17476.9 12768.9 11119.1 1739.99 9379.13 5827.58 3551.55 1649.75 1184.4 4707.99 1346.15 1041.63 3034.02 1959.96 1408.29 555.593 303.602 66.325 551.667
internal_count=57944 43821 36892 6807 30085 18006 12079 6929 5129 14123 5510 4427 9193 5998 4254 1678 1419 285 1744
is_linear=0
shrinkage=0.05


Tree=26
num_leaves=20
num_cat=0
split_feature=0 0 4 0 0 2 1 0 16 4 11 12 6 11 5 1 0 1 6
split_gain=146.56 140.144 76.0501 75.3842 157.157 104.023 74.516 47.6648 32.9841 29.925 21.1831 21.5861 19.4614 19.1669 17.3099 15.6879 15.6238 11.7653 12.656
threshold=1.1173121938767851e-05 1.0000000180025095e-35 0.061122666666667484 -1.1171496788753286e-05 -1.0724268861839191e-05 91254.774000000019 90960.706000000006 -0.0038037909808996679 19.918277778128413 0.42699700000000002 0.23243333333333574 0.080000000000382002 0.011676126079509207 0.28393333333333548 -1.0000000180025095e-35 90977.991000000009 0.0071326114085445988 91090.576000000015 0.0085183054203423775
decision_type=2 2 2 2 2 2 2 2 2 2 2 2 2 2 2 2 2 2 2
left_child=1 3 10 6 14 -6 9 -8 15 -1 11 -3 16 -12 -5 -4 -2 -18 -19
right_child=12 2 8 4 5 -7 7 -9 -10 -11 13 -13 -14 -15 -16 -17 17 18 -20
leaf_value=0.0028806357201785933 0.027425801628442145 -0.022300138243358192 0.011300305733063768 0.014800572472759968 0.013302410393283629 0.00081128439233446494 -0.0033439763319656982 -0.027573470330304103 -0.019015294184940537 0.023052554830914052 0.033022306312231485 -0.0043634506562397991 0.0092129471058496597 -0.0073630079337359284 0.021609347570049665 0.0009372391129387884 0.02350365384098925 0.0070740352777375884 0.033553551027763688
leaf_weight=549.04010094702244 858.29997691512108 662.06914393603802 545.14831630885601 1925.8009100556374 2650.0871340632439 4491.7656225115061 647.92787159979343 295.57336927950382 166.12270207703114 276.42154385149479 37.432257801294327 224.65480943024158 314.32366386055946 136.56830507516861 1811.540524110198 1106.3530706763268 395.4618169516325 304.99545642733574 52.960613444447517
leaf_count=1830 2504 3119 1704 5765 8213 15401 2397 1196 719 833 145 968 950 577 5266 4129 1150 929 149
internal_value=0.00758469 0.00597091 -0.00398686 0.00823701 0.00979354 0.0054463 -0.00133572 -0.0109344 0.00222179 0.00963559 -0.0146258 -0.0177558 0.0205939 0.00132497 0.0181009 0.00435801 0.0228135 0.0175591 0.0109918
internal_weight=17452.5 15526.5 2878.35 12648.2 10879.2 7141.85 1768.96 943.501 1817.62 825.462 1060.72 886.724 1926.04 174.001 3737.34 1651.5 1611.72 753.418 357.956
internal_count=57944 52262 11361 40901 34645 23614 6256 3593 6552 2663 4809 4087 5682 722 11031 5833 4732 2228 1078
is_linear=0
shrinkage=0.05


Tree=27
num_leaves=20
num_cat=0
split_feature=5 5 2 5 5 6 4 21 14 5 6 2 0 11 21 4 0 4 17
split_gain=136.543 96.0774 59.2884 77.4135 146.81 82.183 32.4801 29.0523 25.4172 24.7839 22.1691 20.7677 19.3874 16.44 16.6513 15.4496 14.153 14.0605 13.7514
threshold=0.014999999999417925 1.0000000180025095e-35 91003.476666666669 -0.014999999999417922 -1.0000000180025095e-35 0.0055583572405022022 0.012691666666667477 0.77779303098475594 18.812165302212637 -0.019999999996798575 7.1669063645151974e-06 91027.663000000015 1.1138849320690982e-05 0.55183333333333573 0.185415969184172 0.057683333333334162 1.0730378219303562e-05 0.22678766666666866 0.83773500000000012
decision_type=2 2 2 2 2 2 2 2 2 2 2 2 2 2 2 2 2 2 2
left_child=1 2 8 5 -5 -4 -3 13 -1 -10 -8 -12 16 -2 -15 -16 -9 -18 -14
right_child=7 6 3 4 -6 -7 10 12 9 -11 11 -13 18 14 15 -17 17 -19 -20
leaf_value=0.04671799204450601 0.025146830529476902 -0.026401825459927353 -0.0093208863861019651 0.018160491131698823 0.0015624496919188872 0.0099793484955296718 -0.018453232610707759 0.011678167205194679 0.0087704595322745504 0.019339139785366478 0.010705982825974507 -0.0050150248286728316 0.020767769459811167 -0.032427640029783759 0.053342509907372063 0.0069370341233815913 -0.0051827971182165575 0.012703684893227252 0.0099813003076465023
leaf_weight=53.79631370306015 806.02464754879475 186.46776704490185 1726.6556307822466 2034.1896400749683 3860.6797119230032 810.45891225337982 230.78952410817146 1907.0805044770241 1816.406512349844 798.59588442742825 269.24558265507221 955.85063467919827 915.46635736525059 22.357603549957275 21.210168614983559 116.17936633527279 277.40691375732422 181.93092083930969 436.3013284355402
leaf_count=149 2349 1035 6464 6012 13405 2707 1033 5744 5755 2400 872 3989 2716 76 57 357 927 571 1326
internal_value=0.00721612 0.00453288 0.00620281 0.00414705 0.00729007 -0.0031556 -0.00675432 0.0145161 0.0126979 0.011998 -0.00423789 -0.00155994 0.0125092 0.0222426 0.00758912 0.0141011 0.00978046 0.00190154 0.0172863
internal_weight=17427.1 12743.1 11100.8 8431.98 5894.87 2537.11 1642.35 4683.96 2668.8 2615 1455.89 1225.1 3718.19 965.772 159.747 137.39 2366.42 459.338 1351.77
internal_count=57944 43821 36892 28588 19417 9171 6929 14123 8304 8155 5894 4861 11284 2839 490 414 7242 1498 4042
is_linear=0
shrinkage=0.05


Tree=28
num_leaves=20
num_cat=0
split_feature=0 0 4 0 0 2 1 0 16 4 11 6 5 17 0 4 8 11 9
split_gain=124.511 121.34 66.8422 66.7216 139.018 83.5807 63.8417 43.8199 29.1744 28.7246 19.7497 17.4464 16.3038 14.9271 14.3475 13.6049 11.6362 11.4453 11.2442
threshold=1.1173121938767851e-05 1.0000000180025095e-35 0.061122666666667484 -1.1171496788753286e-05 -1.0738693800860231e-05 91254.774000000019 90960.706000000006 -0.0090635708120678764 19.918277778128413 0.081217666666666577 0.012800000000001633 0.011676126079509207 -1.0000000180025095e-35 0.035015000000000011 0.0071326114085445988 0.0066570000000006424 4755.523000000001 0.24693333333333542 4668.6703333333344
decision_type=2 2 2 2 2 2 2 2 2 2 2 2 2 2 2 2 2 2 2
left_child=1 3 10 6 12 -6 9 -8 13 -1 -3 14 -5 -4 16 -12 -2 -10 -16
right_child=11 2 8 4 5 -7 7 -9 17 -11 15 -13 -14 -15 18 -17 -18 -19 -20
leaf_value=-0.01976265132669482 0.02750807807830153 -0.026115290520142373 -0.0025535155384402517 0.01384302797564547 0.012142174969274375 0.001036816891156976 0.002992498216666964 -0.019119820801032642 -0.014118968985436652 0.011671270417038932 -0.03615327191353182 0.0081225115940248959 0.020657919956257036 0.0074030457789558014 -0.0035537801082953444 -0.0084475213662845838 0.0084620589949820513 -0.061152232528247613 0.017912026085456875
leaf_weight=80.517873525619507 757.45256775617599 252.67571596801281 580.16226904094219 1817.6060634702444 2650.2769705206156 4696.8601483255625 368.83233603835106 570.7593130171299 150.57903653383255 746.30579121410847 47.081916376948357 312.83708122372627 1697.0467053800821 1072.0345733463764 67.014195218682289 752.43241533637047 89.69035267829895 14.15027032792568 680.46138641238213
leaf_count=296 2228 1259 2153 5455 8213 16032 1317 2276 653 2367 254 950 4945 3680 210 3296 276 66 2018
internal_value=0.00686429 0.00538061 -0.00390139 0.00748947 0.00895511 0.00504277 -0.00152286 -0.0104397 0.00190626 0.00861017 -0.01393 0.0189186 0.0171336 0.00390684 0.0210366 -0.0100791 0.0254916 -0.0181591 0.0159875
internal_weight=17404.8 15497.3 2869.12 12628.2 10861.8 7347.14 1766.42 939.592 1816.93 826.824 1052.19 1907.46 3514.65 1652.2 1594.62 799.514 847.143 164.729 747.476
internal_count=57944 52262 11361 40901 34645 24245 6256 3593 6552 2663 4809 5682 10400 5833 4732 3550 2504 719 2228
is_linear=0
shrinkage=0.05


Tree=29
num_leaves=20
num_cat=0
split_feature=5 0 0 5 3 5 6 4 6 2 2 21 1 3 11 11 2 1 3
split_gain=115.914 84.7774 114.04 101.148 128.646 106.781 72.4361 51.1123 48.8704 43.4816 27.9007 26.1533 25.3235 17.7436 16.2448 28.9304 21.7067 22.8523 19.2612
threshold=0.014999999999417925 -1.0000000180025095e-35 -1.1171496788753286e-05 -1.0000000180025095e-35 0.024005999999999382 -0.019999999996798575 0.0079318127333034665 0.26496766666666849 9.5970350521024438e-06 91198.95566666669 89557.376333333334 0.77779303098475594 90960.706000000006 0.0040039999999961799 0.13453333333333567 0.45123333333333498 91027.663000000015 90900.010000000024 2.0662379999999931
decision_type=2 2 2 2 2 2 2 2 2 2 2 2 2 2 2 2 2 2 2
left_child=1 2 7 5 8 6 -3 12 -5 -6 -9 -2 -1 -7 16 -16 17 -13 -18
right_child=11 3 -4 4 9 13 -8 10 -10 -11 -12 14 -14 -15 15 -17 18 -19 -20
leaf_value=0.0011892664182929045 0.020635934567725819 -0.003700557932637274 0.015007059414522354 -0.015858231194969676 0.015383730547450451 0.038405287652310965 0.017472611991317454 0.056233888020341252 -0.0015289366417608127 0.00043821806074806227 0.0066861856665550792 0.014334823317867978 -0.016448615208513161 0.018274024566030483 0.001872100635927946 0.018439512083865271 0.01076569771092707 0.031233534610598884 -0.038826682878800811
leaf_weight=328.54496699571609 958.91312302649021 1667.9295609742403 3078.0922811925411 1753.4101677983999 724.11440645158291 123.38675171136856 533.03953316807747 29.843712359666824 900.67405022680759 1484.0432972162962 592.41389834880829 609.05555599927902 534.69708421826363 969.45147781074047 890.71720635890961 374.20518040657043 1509.2359202504158 297.92144495248795 19.836481258273125
leaf_count=1121 2839 5866 9172 7273 2317 345 1646 80 3352 5598 1984 1832 2184 2883 2784 1117 4628 853 70
internal_value=0.00653068 0.00405913 0.0095162 0.00100572 -0.00357719 0.00777089 0.00142725 -0.00186138 -0.0109955 0.00533925 0.00906251 0.013277 -0.00973574 0.0205469 0.0113703 0.00677328 0.0137574 0.0198857 0.0101223
internal_weight=17379.5 12719.6 4563.59 8156.05 4862.24 3293.81 2200.97 1485.5 2654.08 2208.16 622.258 4659.88 863.242 1092.84 3700.97 1264.92 2436.05 906.977 1529.07
internal_count=57944 43821 14541 29280 18540 10740 7512 5369 10625 7915 2064 14123 3305 3228 11284 3901 7383 2685 4698
is_linear=0
shrinkage=0.05


Tree=30
num_leaves=20
num_cat=0
split_feature=0 0 2 0 0 2 1 0 8 1 13 9 6 12 18 6 19 15 12
split_gain=108.118 104.836 57.1759 55.9417 115.617 77.0807 53.574 40.6227 39.4185 62.1066 26.8883 21.4773 22.9837 20.5054 18.3078 16.1908 15.4654 13.3709 10.1083
threshold=1.1173121938767851e-05 1.0000000180025095e-35 92556.776000000013 -1.1171496788753286e-05 -1.0000000180025095e-35 91254.774000000019 90960.706000000006 -0.0038037909808996679 4724.7170000000015 91007.175000000003 0.0093734277770954246 4674.4913333333343 0.0061178773106944353 0.049999999999727159 0.78390707784994273 0.011676126079509207 0.0063167204591082294 0.0036421401731545626 0.275000000000091
decision_type=2 2 2 2 2 2 2 2 2 2 2 2 2 2 2 2 2 2 2
left_child=1 3 8 6 16 -6 10 -8 14 -10 -1 13 -13 -4 -3 17 -5 -2 -19
right_child=15 2 11 4 5 -7 7 -9 9 -11 -12 12 -14 -15 -16 -17 -18 18 -20
leaf_value=0.0046294315638713236 0.025999272248380834 0.0067693355088996546 -0.013481936834753983 -0.023717197896293576 0.011132813609894607 0.00035787386231481263 -0.0026836623843244532 -0.025224218658925941 0.0053782877308736557 -0.021733516687499926 0.033463669488502622 -0.032511693049364708 0.045640434669282026 0.0022611290903011443 0.025869833000901888 0.0070797449452162349 0.01550321901217166 0.018164749672954689 0.0035232161853411305
leaf_weight=736.64648109674454 533.04329559206963 561.31867390871048 769.17037232220173 25.305651634931564 2649.5706367492676 4443.2107062190771 644.21288865804672 289.80472420156002 573.34300711750984 334.45261849462986 90.818919062614441 166.52556212246418 9.9708915799856168 282.91681525111198 161.56475777924061 311.43184667825699 3724.0145508795977 911.04212617874146 135.40053269267082
leaf_count=2398 1581 2016 3540 84 8213 15280 2397 1196 1831 1346 265 844 35 1230 519 950 11068 2729 422
internal_value=0.00621342 0.00483331 -0.00381041 0.00679424 0.00813692 0.00438295 -0.0014701 -0.00967749 0.00232675 -0.00461032 0.00779415 -0.0119562 -0.0280966 -0.00924847 0.0110383 0.0174992 0.0152385 0.0195536 0.0162703
internal_weight=17353.8 15462.8 2859.26 12603.6 10842.1 7092.78 1761.48 934.018 1630.68 907.796 827.465 1228.58 176.496 1052.09 722.883 1890.92 3749.32 1579.49 1046.44
internal_count=57944 52262 11361 40901 34645 23493 6256 3593 5712 3177 2663 5649 879 4770 2535 5682 11152 4732 3151
is_linear=0
shrinkage=0.05


Tree=31
num_leaves=20
num_cat=0
split_feature=4 0 0 5 5 3 0 17 13 0 0 2 0 14 10 6 0 3 3
split_gain=102.069 88.1651 57.5437 52.8282 132.502 79.2105 52.7064 42.4874 38.965 37.3419 59.4666 45.3491 34.5414 34.2251 22.3016 20.6539 18.3023 16.3132 16.0474
threshold=0.0602699999999994 -1.0724268861839191e-05 -1.1171496788753286e-05 -1.0000000180025095e-35 -0.014999999999417922 0.024005999999999382 -3.2295566632090093e-05 0.015854999999999952 0.0093734277770954246 1.1173121938767851e-05 -1.0000000180025095e-35 91261.875333333344 -0.0082028648561383016 19.158093375387452 0.013600000000000802 0.020703829241486015 -0.0018117437151243807 0.0021089999999967719 0.46498099999999448
decision_type=2 2 2 2 2 2 2 2 2 2 2 2 2 2 2 2 2 2 2
left_child=1 2 16 4 13 7 8 -5 12 10 -8 -12 18 -3 -7 -14 -1 -6 -2
right_child=6 3 -4 5 17 14 9 -9 -10 -11 11 -13 15 -15 -16 -17 -18 -19 -20
leaf_value=-0.0078116980499638999 -0.00024920016095841244 0.013229399569941873 0.013140614007826091 -0.021555697089104986 0.048648161384590882 -0.0054434488415922118 0.015626765091113319 -0.0065606916719051587 0.027914631840118803 0.016796637896602039 0.010295599353065867 0.0016291499563726129 -0.010946038386245699 -0.027823500583223089 0.0083776380285426506 0.049033634786838705 -0.045223168849672105 0.018151009411222576 0.015332071557098382
leaf_weight=134.05737227201462 426.31946486234665 63.776651531457901 1544.920984312892 808.01524977385998 47.503315627574921 460.64460869133472 2210.0644479393959 1137.3172177672386 116.20470820367336 1675.4227474927902 3074.9245438575745 2964.9770697504282 720.33380225300789 248.91640616953373 796.62217429280281 14.64449682831764 43.235075712203979 570.00079996883869 269.84626369178295
leaf_count=543 1492 197 4614 3455 128 1705 6579 4509 349 5051 9608 10512 2670 1002 2745 41 191 1691 862
internal_value=0.00591165 0.000539914 0.0100445 -0.00342082 0.00706844 -0.00646744 0.00865307 -0.012789 6.98915e-05 0.00999117 0.00860909 0.00604125 -0.00219102 -0.0194504 0.00331379 -0.00975094 -0.016935 0.0204971 0.00579038
internal_weight=17327.7 5855.01 1722.21 4132.8 930.197 3202.6 11472.7 1945.33 1547.35 9925.39 8249.97 6039.9 1431.14 312.693 1257.27 734.978 177.292 617.504 696.166
internal_count=57944 20780 5348 15432 3018 12414 37164 7964 5414 31750 26699 20120 5065 1199 4450 2711 734 1819 2354
is_linear=0
shrinkage=0.05


Tree=32
num_leaves=20
num_cat=0
split_feature=5 5 0 6 5 5 4 6 21 11 21 18 13 4 11 11 11 11 12
split_gain=92.9483 69.4507 44.4056 58.2875 51.2298 61.8912 58.5146 27.6172 24.0123 21.9496 18.9717 17.4591 18.4666 17.1823 15.4961 15.4172 15.374 26.0294 18.6058
threshold=0.014999999999417925 1.0000000180025095e-35 1.0000000180025095e-35 0.0055047965346950731 -0.014999999999417922 -1.0000000180025095e-35 0.10695799999999937 7.1683609192927177e-06 0.77779303098475594 0.0069333333333354659 71993.253405246054 0.77288121603331061 0.0016127101656679148 0.008112666666666218 0.11320000000000043 0.55183333333333573 0.13453333333333567 0.45123333333333498 -1.7050000000003818
decision_type=2 2 2 2 2 2 2 2 2 2 2 2 2 2 2 2 2 2 2
left_child=1 2 4 9 6 -6 -1 11 15 -4 13 -3 -13 -9 -12 -2 -10 -18 -19
right_child=8 7 3 -5 5 -7 -8 10 16 -11 14 12 -14 -15 -16 -17 17 18 -20
leaf_value=-0.0078398632476962393 0.0216168396038658 -0.026599202493573029 -0.027552450276445359 0.011455983377089043 0.015490773870160724 0.004914314470063099 0.0058969161574227713 -0.030523992579331222 0.012188608974044437 -0.0062054911399584333 -0.026721787077037474 0.026646010817865141 -0.026752302016585489 -2.283080208203196e-05 0.03809626632290166 0.0045071419348097878 0.00071884884727300589 -0.062277133960246582 0.018074273007440647
leaf_weight=1146.1429930627346 792.36935730278492 229.07153192162514 135.83359745144844 517.41993950307369 2283.9525780081749 3507.3112975507975 2395.5662971436977 48.091673478484154 2420.1484960615635 1061.1406254917383 116.5088527649641 36.078543990850449 29.372177958488464 1157.3865713179111 10.013339623808859 157.89942389726639 886.55982391536236 7.3498640954494467 364.16029354929924
leaf_count=4139 2349 1134 687 1673 6790 11216 7940 282 7383 4447 565 151 134 4624 39 490 2784 27 1090
internal_value=0.00562428 0.00340964 0.00482985 -0.00256644 0.0061885 0.00908545 0.00145152 -0.00623648 0.0116885 -0.00862796 -0.00317284 -0.020092 0.00268257 -0.00123965 -0.0215919 0.0187738 0.00985797 0.00537451 0.0164846
internal_weight=17302.4 12673.9 11047.4 1714.39 9332.97 5791.26 3541.71 1626.52 4628.49 1196.97 1332 294.522 65.4507 1205.48 126.522 950.269 3678.22 1258.07 371.51
internal_count=57944 43821 36892 6807 30085 18006 12079 6929 14123 5134 5510 1419 285 4906 604 2839 11284 3901 1117
is_linear=0
shrinkage=0.05


Tree=33
num_leaves=20
num_cat=0
split_feature=4 0 0 0 5 5 3 17 1 0 0 1 14 13 0 13 3 0 6
split_gain=89.1782 76.8967 49.4056 46.6953 45.3959 112.948 69.4249 38.2607 36.8449 32.5327 52.0672 41.4207 31.1171 24.7744 23.3099 21.3634 21.0229 17.1134 15.4865
threshold=0.0602699999999994 -1.0724268861839191e-05 -1.1171496788753286e-05 -3.2295566632090093e-05 -1.0000000180025095e-35 -0.014999999999417922 0.024005999999999382 0.015854999999999952 90960.706000000006 1.1173121938767851e-05 -1.0000000180025095e-35 91003.373999999996 19.158093375387452 0.0093734277770954246 -0.0038037909808996679 0.0085981822717177345 0.42618199999999334 -0.0018117437151243807 0.011676126079509207
decision_type=2 2 2 2 2 2 2 2 2 2 2 2 2 2 2 2 2 2 2
left_child=1 2 17 8 5 12 7 -6 13 10 -5 -12 -3 16 -10 -8 -2 -1 -11
right_child=3 4 -4 9 6 -7 15 -9 14 18 11 -13 -14 -15 -16 -17 -18 -19 -20
leaf_value=-0.0070969440733639824 -0.0021208760548502592 0.012863768557698194 0.012081610673742972 0.01446932080037823 -0.020535757187441078 0.01873237387513586 0.0019125343228416768 -0.0062556191403868207 -0.0024395828161804679 0.017861978709281578 0.011741421967402417 0.0027455768022183582 -0.026315980896322103 0.03259772472230104 -0.021691050864033428 0.044542892634977932 0.016429895360062053 -0.043550290759067418 0.005457645592505311
leaf_weight=133.32545411586761 432.61193014681339 63.799540609121323 1538.8027146458626 2202.0464186817408 800.14538684487343 616.56059682369232 1225.4426748603582 1133.5916870385408 573.20733436942101 1353.2802700847387 1840.6876052320004 4197.8018665015697 246.3976939022541 88.366048708558083 216.67119182646275 30.110206678509712 236.06032267212868 42.446085602045059 309.09020781517029
leaf_count=543 1449 197 4614 6579 3455 1819 4359 4509 2104 4101 5635 14485 1002 255 887 91 719 191 950
internal_value=0.00534979 0.000316366 0.00921306 0.00791298 -0.00338963 0.00635133 -0.0062202 -0.0121645 -0.000165976 0.00917498 0.00788781 0.00548774 -0.0182577 0.0077162 -0.00772044 0.00293488 0.00442807 -0.0158999 0.0155556
internal_weight=17280.4 5830.62 1714.57 11449.8 4116.05 926.758 3189.29 1933.74 1546.92 9902.91 8240.54 6038.49 310.197 757.038 789.879 1255.55 668.672 175.772 1662.37
internal_count=57944 20780 5348 37164 15432 3018 12414 7964 5414 31750 26699 20120 1199 2423 2991 4450 2168 734 5051
is_linear=0
shrinkage=0.05


Tree=34
num_leaves=20
num_cat=0
split_feature=4 0 0 0 17 5 5 6 1 0 0 2 0 6 0 13 0 3 0
split_gain=80.5212 69.5747 44.735 42.193 41.1989 50.8277 46.6928 36.6716 33.2977 29.7939 47.2526 37.6262 24.8656 22.8069 22.7506 22.3641 22.0227 18.9607 15.8446
threshold=0.0602699999999994 -1.0724268861839191e-05 -1.1171496788753286e-05 -3.2295566632090093e-05 0.010985000000000002 -1.0000000180025095e-35 -0.014999999999417922 0.00023478628687866507 90960.706000000006 1.1173121938767851e-05 -1.0000000180025095e-35 91261.875333333344 1.1088234852518754e-05 0.018761827151544563 -0.0082028648561383016 0.0093734277770954246 1.072806438129348e-05 0.42618199999999334 -0.0018117437151243807
decision_type=2 2 2 2 2 2 2 2 2 2 2 2 2 2 2 2 2 2 2
left_child=1 2 18 8 5 6 -3 -7 15 10 -5 -12 16 14 -10 17 -6 -2 -1
right_child=3 4 -4 9 12 7 -8 -9 13 -11 11 -13 -14 -15 -16 -17 -18 -19 -20
leaf_value=-0.0067596890606100961 -0.0020153845672266179 -0.024597848401552973 0.01150086280261663 0.013774335054246203 0.00097368586814540979 -0.022940833380054971 0.023791110875473025 0.0016316186548418717 0.00019221169941296428 0.014848623852039999 0.0090877840909139741 0.0011937678327976783 0.015529956019800215 0.034212598119339958 -0.017192168663922588 0.030972569902115932 -0.0094197970929307956 0.015599884084455576 -0.042061499400671609
leaf_weight=132.98735754191875 432.49629339575768 71.768094211816788 1535.7602141052485 2197.6088223308325 2116.1856925785542 655.10640506446362 163.26739543676376 197.64334079623222 352.32612362504005 1654.6662037223577 3074.5270950496197 2965.4634943157434 231.32957307994366 31.675275951623917 403.9959414601326 88.352696493268013 671.36270953714848 236.18574725091457 41.768514513969421
leaf_count=543 1449 295 4614 6579 7279 2904 473 710 1268 5051 9608 10512 714 95 1628 255 3057 719 191
internal_value=0.00508995 0.00030057 0.00877324 0.0075259 -0.00322848 -0.0115714 0.00901554 -0.0172456 -0.000158455 0.00872609 0.00749628 0.00521205 -0.000222289 -0.00735301 -0.0090938 0.00733036 -0.00152952 0.00420652 -0.0151972
internal_weight=17254.5 5817.18 1710.52 11437.3 4106.66 1087.79 235.035 852.75 1545.03 9892.27 8237.6 6039.99 3018.88 787.997 756.322 757.035 2787.55 668.682 174.756
internal_count=57944 20780 5348 37164 15432 4382 768 3614 5414 31750 26699 20120 11050 2991 2896 2423 10336 2168 734
is_linear=0
shrinkage=0.05


Tree=35
num_leaves=20
num_cat=0
split_feature=5 5 0 4 5 4 5 17 6 6 16 2 9 8 11 3 13 1 8
split_gain=73.2415 56.2326 37.4981 47.2609 42.7442 48.1399 47.6937 27.0988 24.2121 23.4093 25.9247 22.9208 31.703 26.7791 23.1241 22.1575 19.5053 18.5247 17.6241
threshold=0.014999999999417925 1.0000000180025095e-35 1.0000000180025095e-35 0.25670566666666711 -0.014999999999417922 0.12096399999999986 -1.0000000180025095e-35 0.11957500000000001 7.1669063645151974e-06 0.0021825344686424281 19.090617471938078 91023.241666666683 4729.3330000000005 4738.6940000000004 1.4632666666666692 0.18277099999999563 0.0077149889081668957 89898.323000000019 4669.7930000000006
decision_type=2 2 2 2 2 2 2 2 2 2 2 2 2 2 2 2 2 2 2
left_child=1 2 4 7 5 -1 -6 -4 -3 10 17 13 16 14 -11 -15 -13 -2 -5
right_child=9 8 3 18 6 -7 -8 -9 -10 11 -12 12 -14 15 -16 -17 -18 -19 -20
leaf_value=-0.006628499265106268 0.0075024475433465333 -0.019232540010688338 -0.013421307226832241 -0.021209041706735883 0.013697151744147845 0.0054930350162448217 0.0043938903798992892 0.0019059746240083946 -0.0030382702628755868 0.022194108887878622 0.020475235066934418 0.0058029219617529333 -0.016283453675446907 0.015920135966652413 -0.031308883993568147 0.001479761059363284 0.033547174157315209 -0.047239199644602853 0.013859994269243801
leaf_weight=1289.2422056496143 43.796811684966087 278.93352171778679 781.97138717770576 39.110628083348274 2271.0716410428286 2246.0685155838728 3501.8117487430573 456.85792095959187 1337.7194670438766 655.69760638475418 762.82812134921551 1786.9575099050999 161.93470378220081 475.56383131444454 20.836989432573318 601.81479519605637 65.678456857800484 23.881629407405853 426.59296871721745
leaf_count=4662 135 1363 3506 167 6790 7417 11216 1770 5566 1938 2289 5570 533 1431 71 1883 188 85 1364
internal_value=0.00484277 0.00287548 0.00415379 -0.00266421 0.00540231 0.00107261 0.00805382 -0.00776888 -0.00583239 0.0102452 0.017844 0.00857052 0.00493209 0.0127497 0.0205462 0.00785386 0.00678649 -0.0118142 0.0109148
internal_weight=17228.4 12629.4 11012.7 1704.53 9308.19 3535.31 5772.88 1238.83 1616.65 4598.99 830.507 3768.48 2014.57 1753.91 676.535 1077.38 1852.64 67.6784 465.704
internal_count=57944 43821 36892 6807 30085 12079 18006 5276 6929 14123 2509 11614 6291 5323 2009 3314 5758 220 1531
is_linear=0
shrinkage=0.05


Tree=36
num_leaves=20
num_cat=0
split_feature=4 0 0 17 5 5 0 4 6 0 0 1 0 0 17 9 20 19 6
split_gain=70.6341 60.7912 39.882 38.8049 51.7242 44.8582 37.249 31.7685 30.009 25.7258 41.2643 34.0473 20.486 19.4349 16.7447 16.5179 15.5627 15.2314 14.1698
threshold=0.0602699999999994 -1.0735740718637031e-05 -1.1171496788753286e-05 0.015854999999999952 -1.0000000180025095e-35 -0.014999999999417922 -3.2295566632090093e-05 0.01218133333333324 0.007539077474601889 1.1173121938767851e-05 -1.0000000180025095e-35 91003.373999999996 1.1088234852518754e-05 1.072806438129348e-05 0.62016000000000004 4669.2670000000007 -7.4499999999939055 0.012096794728844574 0.011676126079509207
decision_type=2 2 2 2 2 2 2 2 2 2 2 2 2 2 2 2 2 2 2
left_child=1 2 16 4 5 -3 8 -6 14 10 17 -12 13 -5 -2 -16 -1 -8 -11
right_child=6 3 -4 12 7 -7 9 -9 -10 18 11 -13 -14 -15 15 -17 -18 -19 -20
leaf_value=0.0027900207149434233 -0.01204504936493663 -0.020319310390737009 0.011104016363254969 0.0015125844256341954 -0.028070231192610498 0.020099021938634828 -0.015315858408064882 -0.0094353438434874454 0.0073696730071697971 0.015958929525531334 0.010418053883708089 0.0022601304001422227 0.014833925903657431 -0.0087972505505491232 -0.028361834189658847 0.0067375050702267406 -0.027429223468091613 0.013377427975197191 0.0040453746482788724
leaf_weight=75.402433827519417 533.21106207370758 98.853074058890343 1436.0144124925137 1949.4891020208597 326.54157355427742 224.66237418353558 47.271349802613258 763.37284342944622 694.87766639888287 1335.3571933656931 1839.3746683001518 4197.9839205741882 225.02463223040104 597.11715483665466 38.132309556007385 277.08627323806286 97.949222907423973 2142.4227951914072 306.95918156206608
leaf_count=301 2054 401 4324 6664 1515 657 154 3066 2202 4101 5635 14485 699 2720 161 997 433 6425 950
internal_value=0.00460649 0.000110639 0.00836928 -0.00306522 -0.00980729 0.00774883 0.00688912 -0.0150184 -0.000334453 0.00801869 0.00687814 0.00474557 0.000372985 -0.000904821 -0.00664426 0.0024915 -0.0142848 0.012758 0.0137322
internal_weight=17207.1 5794.43 1609.37 4185.06 1413.43 323.515 11412.7 1089.91 1543.31 9869.37 8227.05 6037.36 2771.63 2546.61 848.43 315.219 173.352 2189.69 1642.32
internal_count=57944 20780 5058 15722 5639 1058 37164 4581 5414 31750 26699 20120 10083 9384 3212 1158 734 6579 5051
is_linear=0
shrinkage=0.05


Tree=37
num_leaves=20
num_cat=0
split_feature=1 0 0 17 8 2 4 5 0 6 8 1 20 11 5 8 14 8 14
split_gain=65.3376 45.4264 105.546 68.2742 45.7635 41.3335 31.7268 37.4701 27.3679 29.7803 24.2547 24.2001 24.1994 24.7361 24.0725 21.7717 21.2054 23.0559 19.6277
threshold=91003.373999999996 -1.0000000180025095e-35 -1.0988217069574089e-05 0.025604999999999954 4724.7170000000015 91584.012666666662 0.011617000000001019 -1.0000000180025095e-35 -0.0090635708120678764 0.017483621963909048 4709.4650000000011 91324.26400000001 -19.110000000000124 0.42253333333333576 -1.5350000000034922 4761.2040000000006 19.320171111558086 4740.0389999999998 19.309007636996846
decision_type=2 2 2 2 2 2 2 2 2 2 2 2 2 2 2 2 2 2 2
left_child=10 2 8 6 5 -5 7 -3 -2 -10 18 -6 13 15 -8 -12 17 -14 -1
right_child=1 3 -4 4 11 -7 14 -9 9 -11 12 -13 16 -15 -16 -17 -18 -19 -20
leaf_value=0.092232868712155802 0.0026963188797369786 0.01544731975429298 0.011475903588018227 0.014844126509747922 -0.0033063925842992878 0.0033806716709604678 -0.015452005463014768 -0.024803559112511055 -0.017324032610161615 0.068035483289527243 -0.003701555975423427 -0.029417350927993958 0.015249451786245509 0.019899900122906405 -0.0015820757664006459 -0.054115092666973556 -0.055067803674289185 0.0074485406921912288 0.025119308068168686
leaf_weight=12.259716331958769 335.33471424877644 69.148776233196259 2972.9161359071732 1011.6659021824598 904.07649551331997 3530.5170760154724 361.76358181238174 352.90339167416096 510.64217908680439 10.426630705595015 420.25966456532478 98.396200969815254 1520.2776505500078 113.41774193942547 2312.9123174548149 22.56586991250515 12.41101226210594 2512.6060138642788 97.797910049557686
leaf_count=29 1206 208 8962 3168 3108 12547 1416 1653 2120 28 1355 379 4665 339 8514 83 46 7827 291
internal_value=0.00438251 0.00248734 0.00702059 0.000478483 0.00379988 0.00593389 -0.00546844 -0.0182089 -0.00844559 -0.015616 0.00939868 -0.00586927 0.00884388 -0.000934424 -0.00345805 -0.00627057 0.0101884 0.0103893 0.0325953
internal_weight=17182.3 12470.7 3829.32 8641.38 5544.66 4542.18 3096.73 422.052 856.404 521.069 4711.6 1002.47 4601.54 556.243 2674.68 442.826 4045.29 4032.88 110.058
internal_count=57944 43309 12316 30993 19202 15715 11791 1861 3354 2148 14635 3487 14315 1777 9930 1438 12538 12492 320
is_linear=0
shrinkage=0.05


Tree=38
num_leaves=20
num_cat=0
split_feature=3 0 5 5 6 5 6 17 2 9 3 2 1 20 2 21 9 6 5
split_gain=61.1685 64.1681 93.4439 56.0662 55.825 53.4097 42.2414 40.0771 36.4848 32.5429 28.5925 27.9301 33.546 27.4467 26.2556 34.4412 26.0173 25.1456 20.5527
threshold=0.024005999999999382 -1.0000000180025095e-35 -1.0000000180025095e-35 -0.019999999996798575 0.0060575163171981599 -0.014999999999417922 1.0130082899677218e-05 0.015854999999999952 89557.376333333334 4757.1496666666671 0.73850099999999419 91027.663000000015 90826.125000000015 1.0199999999945251 90994.606666666674 1.4181059188013851 4729.3330000000005 0.0020977489660545345 -0.014999999999417922
decision_type=2 2 2 2 2 2 2 2 2 2 2 2 2 2 2 2 2 2 2
left_child=1 18 5 4 14 -3 7 -4 -6 -10 11 12 -5 -12 15 -2 -13 -15 -1
right_child=3 2 6 10 8 -7 -8 -9 9 -11 13 16 -14 17 -16 -17 -18 -19 -20
leaf_value=-0.014495546657950362 0.012409896906704083 -0.016813858209721633 -0.021998321651823846 0.0087996439295484463 0.051539297640282103 0.018088802753028169 -0.0004307238693983453 -0.0066335654489753084 0.0091611838166310803 -0.016551503458928179 -0.03818032297792455 0.0084429497884136555 0.021135326660642516 0.055382285676465096 -0.006989058940209578 -0.0097027843112646103 -0.0036755113531770191 -0.0014079524447771182 0.0098374310127709603
leaf_weight=92.614794537425041 476.34439934790134 133.99987640976906 730.34344726800919 1318.2670938521624 47.45548802614212 602.15436331927776 1064.8169979602098 1013.1723326593637 1513.9765412062407 133.94229292869568 49.313191264867783 4731.7002405673265 947.07639728486538 20.342559292912483 1677.3329517841339 279.36204108595848 488.63931189477444 466.12140372395515 1377.3798728883266
leaf_count=346 1508 504 3291 4056 127 1773 3860 4110 4825 445 177 15516 2833 55 6323 940 1616 1478 4161
internal_value=0.00416766 -0.000478483 -0.00412097 0.00608522 0.00135076 0.0117356 -0.00827748 -0.0130697 0.00831598 0.00707127 0.0085219 0.00932053 0.0139568 -0.00263627 -0.00350269 0.0042355 0.00730863 0.000966856 0.00830437
internal_weight=17164.4 5014.48 3544.49 12149.9 4128.41 736.154 2808.33 1743.52 1695.37 1647.92 8021.46 7485.68 2265.34 535.777 2433.04 755.706 5220.34 486.464 1469.99
internal_count=57944 18045 13538 39899 14168 2277 11261 7401 5397 5270 25731 24021 6889 1710 8771 2448 17132 1533 4507
is_linear=0
shrinkage=0.05


Tree=39
num_leaves=20
num_cat=0
split_feature=0 0 2 8 1 0 0 4 1 6 9 16 6 4 13 21 17 13 21
split_gain=58.485 64.2441 32.2944 35.3713 43.5999 29.8844 57.8151 42.8044 31.8991 29.6916 18.7399 19.8234 18.787 18.6856 17.163 14.6509 14.2979 12.4301 13.0975
threshold=1.1173121938767851e-05 1.0000000180025095e-35 92556.776000000013 4724.7170000000015 91007.175000000003 -1.1171496788753286e-05 -1.0748908141344769e-05 0.069142333333332917 90960.706000000006 0.00089837919188160483 4674.8330000000014 19.918277778128413 0.0061178773106944353 0.081217666666666577 0.0002462033585648619 0.76004919716028774 0.83773500000000012 0.00091947702405667314 2.4051290927199802
decision_type=2 2 2 2 2 2 2 2 2 2 2 2 2 2 2 2 2 2 2
left_child=1 5 3 14 -5 8 -7 -8 13 -10 11 -4 -12 -1 -3 -2 17 18 -17
right_child=15 2 10 4 -6 6 7 -9 9 -11 12 -13 -14 -15 -16 16 -18 -19 -20
leaf_value=-0.017490835442208724 0.022484820903585133 0.027724228605052845 -0.0028897388052684936 0.0024575625393827094 -0.020361236163077241 0.011243521015236601 -0.00092130381652880176 0.0065861811271018152 -0.043034428406419079 -0.0056803537149398061 -0.03086354102811625 -0.017518082888161455 0.046457887832633417 0.0080026892899593624 0.0058104164842927002 -0.043263434823318202 0.0036223965394958156 0.01035808310724238 0.024312514059861536
leaf_weight=79.524078831076622 301.72321613132954 104.43126985430717 702.16453316807747 574.14435143768787 329.45371805131435 3097.605912566185 3503.9696405827999 4144.1155059784651 56.697616681456566 861.93509674072266 142.08310444653034 345.57482397556305 8.31569756567478 747.42112146317959 618.73737183213234 7.3566319942474356 512.6745745241642 722.93513865768909 283.26375584304333
leaf_count=296 930 359 3198 1831 1346 9346 12056 13243 278 3315 758 1665 28 2367 2176 27 1613 2256 856
internal_value=0.00396391 0.00295502 -0.00385444 0.000733546 -0.00586222 0.00449498 0.00548068 0.00314663 -0.00157289 -0.00798583 -0.0100838 -0.00771459 -0.0265884 0.00555108 0.00897494 0.0124172 0.0104269 0.0138688 0.0226019
internal_weight=17144.1 15316.2 2824.9 1626.77 903.598 12491.3 10745.7 7648.09 1745.58 918.633 1198.14 1047.74 150.399 826.945 723.169 1827.95 1526.23 1013.56 290.62
internal_count=57944 52262 11361 5712 3177 40901 34645 25299 6256 3593 5649 4863 786 2663 2535 5682 4752 3139 883
is_linear=0
shrinkage=0.05


Tree=40
num_leaves=20
num_cat=0
split_feature=0 0 2 8 1 11 0 0 4 2 1 3 8 9 0 13 21 17 13
split_gain=53.1527 58.0542 29.3327 31.9137 39.644 28.1245 27.3823 39.8753 27.558 18.4168 26.1547 21.9643 17.6163 19.6645 19.4517 15.349 13.4575 13.03 11.4088
threshold=1.1173121938767851e-05 1.0000000180025095e-35 92556.776000000013 4724.7170000000015 91007.175000000003 0.0066666666666674989 -1.1146631095915181e-05 -1.0748390544268458e-05 0.42699700000000002 92661.749666666685 92950.007000000027 0.59976999999999647 4674.1190000000015 4670.4803333333339 -1.0731981220368779e-05 0.0002462033585648619 0.76004919716028774 0.83773500000000012 0.00091947702405667314
decision_type=2 2 2 2 2 2 2 2 2 2 2 2 2 2 2 2 2 2 2
left_child=1 5 3 15 -5 12 8 -8 -7 11 -11 -4 13 -1 -14 -3 -2 18 -18
right_child=16 2 9 4 -6 6 7 -9 -10 10 -12 -13 14 -15 -16 -17 17 -19 -20
leaf_value=-0.0046117610383155554 0.021539464379933287 0.026186099121096641 -0.025157235615744039 0.002334440004933588 -0.019467328510028054 -0.0046350002656953392 0.011208874024221811 0.0040583615934336311 0.0093691485786467771 0.0040389400210859442 -0.012943224733224441 0.083375986486926665 0.0020780022264554584 0.010855096483002371 -0.020818216144345005 0.005514094927493423 0.02164136170610724 0.0034450671615845921 0.009873741179751986
leaf_weight=554.57375107705593 299.28095009922981 105.02136826515198 212.84301109611988 574.20289240777493 327.40595865249634 1249.4904563874006 2744.5644273161888 6732.1627893298864 488.69465702772141 358.78972156345844 615.97591023892164 4.7659461796283713 154.36958786845207 326.48569013178349 232.43275488913059 619.37152320146561 288.41487802565098 512.12499286234379 720.54045625030994
leaf_count=1909 930 359 1061 1831 1346 4579 8286 22118 1558 1596 2978 14 501 1088 862 2176 883 1613 2256
internal_value=0.00377063 0.00280973 -0.00367185 0.000696245 -0.00558255 0.00427315 0.00507113 0.00612923 -0.000697702 -0.00962848 -0.00669246 -0.0227802 -0.00278546 0.00111964 -0.0116805 0.00851109 0.0118475 0.00994058 0.0132376
internal_weight=17121.5 15301.2 2818.38 1626 901.609 12482.8 11214.9 9476.73 1738.19 1192.37 974.766 217.609 1267.86 881.059 386.802 724.393 1820.36 1521.08 1008.96
internal_count=57944 52262 11361 5712 3177 40901 36541 30404 6137 5649 4574 1075 4360 2997 1363 2535 5682 4752 3139
is_linear=0
shrinkage=0.05


Tree=41
num_leaves=20
num_cat=0
split_feature=3 5 0 5 5 4 6 17 11 3 20 2 14 16 8 13 6 4 6
split_gain=51.1372 51.7721 80.9161 53.388 47.5148 48.3571 36.8817 35.6373 32.1552 26.3631 24.6561 24.5142 24.0274 44.6157 26.2446 23.5969 22.9596 22.5145 20.8405
threshold=0.024005999999999382 -1.0000000180025095e-35 -1.0000000180025095e-35 -0.014999999999417922 -0.019999999996798575 0.26105633333333439 9.5970350521024438e-06 0.015854999999999952 0.10086666666666756 0.73850099999999419 1.0199999999945251 89557.376333333334 19.90203062669821 19.890411103368407 4669.2010000000009 0.0093734277770954246 0.0020977489660545345 0.13381100000000004 0.0029022683514878067
decision_type=2 2 2 2 2 2 2 2 2 2 2 2 2 2 2 2 2 2 2
left_child=1 3 -3 -1 5 8 7 -4 18 12 -11 -7 13 -6 -14 -13 -12 -10 -2
right_child=4 2 6 -5 9 11 -8 -9 17 10 16 15 14 -15 -16 -17 -18 -19 -20
leaf_value=-0.015332964613264975 -0.017033387613225391 0.011251789614872611 -0.020893102704304178 0.01105547101856456 0.0087659915495637633 0.041876925245330904 -0.00065730143673313197 -0.0062311087548453312 -0.0033085542471944689 -0.036835194340697118 0.052789326134226371 0.0048662928559280259 -0.0078017069310684284 0.028912068134477515 0.0070138183754933818 0.02783766989158867 -0.0019696737650773083 0.010854513009527656 -0.0040674238500414432
leaf_weight=225.56363195180893 466.95484863221645 695.03730535507202 717.62468195706606 1275.6134040206671 5762.2848306596279 51.091897442936897 1094.9348484575748 980.94277602434158 639.56944845616817 49.281545579433441 19.96420419216156 1420.7610757350922 431.12291096150875 288.58259844779968 974.73579934239388 121.34261748194695 464.96504528820515 499.94131401181221 921.50112688541412
leaf_count=850 1836 2081 3271 3853 18328 141 3986 4004 2267 177 55 4657 1519 905 3269 355 1478 1621 3291
internal_value=0.00358619 -0.000673607 -0.00401459 0.0070904 0.00534106 0.000980286 -0.00781294 -0.0124256 -0.00331942 0.00759004 -0.00313964 0.00780275 0.00835873 0.00972681 0.00247047 0.00667383 0.000284717 0.00290525 -0.00842804
internal_weight=17101.8 4989.72 3488.54 1501.18 12112.1 4121.16 2793.5 1698.57 2527.97 7990.94 534.211 1593.2 7456.73 6050.87 1405.86 1542.1 484.929 1139.51 1388.46
internal_count=57944 18045 13342 4703 39899 14168 11261 7275 9015 25731 1710 5153 24021 19233 4788 5012 1533 3888 5127
is_linear=0
shrinkage=0.05


Tree=42
num_leaves=20
num_cat=0
split_feature=1 9 1 8 9 9 6 0 8 20 11 14 20 14 21 11 16 16 3
split_gain=47.9374 32.4316 46.5363 52.0355 41.2501 43.1554 39.9912 37.8744 21.3239 21.5996 21.4182 21.2096 20.3492 19.3464 20.6881 18.9659 18.6118 31.6556 20.3532
threshold=91003.373999999996 4724.0510000000004 91601.872000000018 4710.9410000000016 4706.4636666666684 4715.0180000000009 0.0090045188121997289 -1.0000000180025095e-35 4709.4650000000011 -19.110000000000124 0.42253333333333576 19.185600030363865 -0.2350000000001273 19.320171111558086 3.8407345732735583 0.030266666666668083 19.317546034223792 19.323027635944445 0.38354399999999439
decision_type=2 2 2 2 2 2 2 2 2 2 2 2 2 2 2 2 2 2 2
left_child=8 2 4 7 6 -6 -2 -4 16 10 -10 12 -3 14 -11 -13 -1 -18 -19
right_child=1 11 3 -5 5 -7 -8 -9 9 13 -12 15 -14 -15 -16 -17 17 18 -20
leaf_value=0.053326056792632706 0.039532523998073235 -0.022281415020449405 0.0067050238691687622 -0.041288036421665064 -0.0016532932827409454 0.015412425274221646 -0.0049198222260397927 -0.00045814560394378292 -0.0070125986141029569 0.0068048281940128229 0.017369623253267821 0.0073031311234838378 0.041437593696884233 -0.05385381313597648 0.015594862969501489 -0.0074570199080903473 -0.042550789901309123 0.054640350514193282 -0.025148300730520812
leaf_weight=46.947866454720497 200.78468579053879 17.211298853158951 2649.4467333555222 70.914838865399361 728.11641575396061 754.12847146391869 67.640722185373306 6080.1542269289494 442.240428596735 3162.6477084159851 113.10504949092865 253.85761471092701 46.067499622702599 12.412420421838759 849.10672195255756 1525.2957811504602 18.808355405926704 32.705378443002701 10.577664777636526
leaf_count=128 592 61 8585 270 2403 2359 221 22537 1438 9911 339 861 133 46 2581 5287 67 89 36
internal_value=0.00341071 0.00178158 0.00285039 0.00136936 0.0102954 0.00702931 0.0283309 0.00171589 0.00771712 0.00719681 -0.00204677 -0.00433925 0.0241066 0.00847244 0.00866528 -0.00535098 0.0295697 0.0116073 0.0351413
internal_weight=17082.2 12393.6 10551.2 8800.52 1750.67 1482.24 268.425 8729.6 4688.55 4579.51 555.345 1842.43 63.2788 4024.17 4011.75 1779.15 109.039 62.0914 43.283
internal_count=57944 43309 36967 31392 5575 4762 813 31122 14635 14315 1777 6342 194 12538 12492 6148 320 192 125
is_linear=0
shrinkage=0.05


Tree=43
num_leaves=20
num_cat=0
split_feature=4 0 5 5 17 5 0 6 3 1 14 0 0 2 0 19 6 8 4
split_gain=45.2718 35.3472 28.4633 73.6497 40.5495 26.2457 26.2259 25.2896 24.7604 24.5407 24.4026 20.4894 26.9945 21.5476 19.0862 16.1162 14.1611 14.1263 17.3165
threshold=0.0602699999999994 -1.0735740718637031e-05 -1.0000000180025095e-35 -0.014999999999417922 0.010985000000000002 -0.014999999999417922 -1.1092785834332373e-05 0.00023478628687866507 0.024005999999999382 90960.706000000006 19.099762272360383 -1.0000000180025095e-35 1.1173121938767851e-05 91261.875333333344 -0.0038037909808996679 0.0063167204591082294 0.0010890816085318037 4745.7320000000009 0.42699700000000002
decision_type=2 2 2 2 2 2 2 2 2 2 2 2 2 2 2 2 2 2 2
left_child=1 5 3 10 7 16 9 -4 -6 17 -3 15 13 -13 -11 -8 -1 -2 -19
right_child=6 2 4 -5 8 -7 11 -9 -10 14 -12 12 -14 -15 -16 -17 -18 18 -20
leaf_value=-0.030830048505873588 0.01186359949854301 0.017004631063480904 -0.019277039551926434 0.014285977731661098 -0.0063197932210023499 0.00892824578680965 -0.031457177289578489 0.0011078757251440237 0.0040298441426049637 -0.0022172627065319569 -0.02133156786924803 0.0063414704165064787 0.010697847466942172 0.00036272919398218579 -0.019493943316801703 0.011187511905521787 -0.0024125773810124811 -0.005661945144742401 0.014134982369181023
leaf_weight=54.508940532803535 409.26236991584301 49.312147676944733 645.89173077046871 651.48605941236019 1293.1602718234062 1309.6055731028318 22.414160504937172 199.03093962371349 1044.7971416115761 570.39235873520374 262.3796439319849 3068.0236816555262 1606.8804518729448 2961.9371048361063 222.10806146264076 1916.6753264665604 223.97454236447811 411.39630274474621 151.00412939488888
leaf_count=238 1276 150 2950 1938 5233 3982 76 718 3660 2104 1073 9608 5051 10512 928 5802 838 1352 455
internal_value=0.00324183 -0.000378822 -0.00280841 0.00472258 -0.00508738 0.00596416 0.00507263 -0.0144751 -0.0016947 -0.000529435 -0.0152665 0.00610469 0.00493926 0.00340469 -0.00705927 0.0106946 -0.00797487 0.00479638 -0.000346484
internal_weight=17074.2 5734.15 4146.06 963.178 3182.88 1588.09 11340.1 844.923 2337.96 1764.16 311.692 9575.93 7636.84 6029.96 792.5 1939.09 278.483 971.663 562.4
internal_count=57944 20780 15722 3161 12561 5058 37164 3668 8893 6115 1223 31049 25171 20120 3032 5878 1076 3083 1807
is_linear=0
shrinkage=0.05


Tree=44
num_leaves=20
num_cat=0
split_feature=0 0 11 0 0 6 0 4 8 9 13 0 19 21 17 13 11 11 21
split_gain=41.5564 48.4382 23.6952 23.5031 29.1959 24.2917 23.3912 20.0485 16.0577 17.6444 15.8851 15.8583 14.4827 12.7283 11.9869 11.3448 10.4882 10.4624 10.2767
threshold=1.1173121938767851e-05 1.0000000180025095e-35 0.0066666666666674989 -1.1146631095915181e-05 -1.0748390544268458e-05 0.0013052916492500566 1.0744601408596567e-05 0.011617000000001019 4674.1190000000015 4670.4803333333339 0.0011033185887984384 -1.0731981220368779e-05 0.84264867142620725 0.84156405374641707 0.83773500000000012 0.00091947702405667314 0.25173333333333531 0.066800000000002621 2.4051290927199802
decision_type=2 2 2 2 2 2 2 2 2 2 2 2 2 2 2 2 2 2 2
left_child=1 2 8 5 -5 -4 10 16 9 -1 -3 -10 -9 -2 15 18 -8 -12 -15
right_child=13 6 3 4 -6 -7 7 12 11 -11 17 -13 -14 14 -16 -17 -18 -19 -20
leaf_value=-0.0046278745533270176 0.019031394322127703 -0.033984734524420128 -0.024162745989936125 0.0096543847755797482 0.0035195895429497221 0.00047255955407566014 -0.026004122135630598 0.0020598025270573491 0.0010115244017832126 0.010046337207464805 0.0021287999650076469 -0.019722667455068649 -0.005808090170807456 -0.039228290993188336 0.001933060825102851 0.0080027699243585028 0.014290699323839426 -0.024371333502109911 0.021431257192961774
leaf_weight=552.57042047381401 336.95748409628868 97.701722495257854 106.6151085793972 2725.9614716470242 6721.0134092271328 1628.7731094658375 121.46294537186623 1415.937366515398 153.55075827240944 325.53480833768845 94.831272438168526 230.88339979946613 996.52516852319241 7.1631110012531272 495.96403680741787 682.62181307375431 18.625113368034363 61.335823692381382 276.50380060076714
leaf_count=1909 1063 508 469 8286 22118 5668 732 5369 501 1088 442 862 3906 26 1575 2162 97 307 856
internal_value=0.00308397 0.00223614 0.00357425 0.00430734 0.00528981 -0.00104093 -0.00369761 -0.00225803 -0.00291881 0.00081221 -0.0181721 -0.011441 -0.00119022 0.0102707 0.00825194 0.0114952 -0.0206468 -0.00827933 0.0198995
internal_weight=17050.5 15251.3 12444.9 11182.4 9446.97 1735.39 2806.42 2552.55 1262.54 878.105 253.869 384.434 2412.46 1799.21 1462.25 966.289 140.088 156.167 283.667
internal_count=57944 52262 40901 36541 30404 6137 11361 10104 4360 2997 1257 1363 9275 5682 4619 3044 829 749 882
is_linear=0
shrinkage=0.05


Tree=45
num_leaves=20
num_cat=0
split_feature=3 5 0 5 5 6 9 6 17 2 3 12 20 6 21 16 2 1 9
split_gain=40.1078 40.4125 63.169 45.0408 39.1464 41.9094 30.585 30.2487 30.5085 28.9041 24.3611 22.233 22.1331 26.3135 21.5838 19.9299 19.8982 30.1777 21.8511
threshold=0.024005999999999382 -1.0000000180025095e-35 -1.0000000180025095e-35 -0.014999999999417922 -0.019999999996798575 0.0060575163171981599 4762.2693333333345 9.5970350521024438e-06 0.015854999999999952 89557.376333333334 0.73850099999999419 -1.0250000000000907 1.9299999999984723 0.0020977489660545345 0.25424299989245774 18.830369909155987 91027.663000000015 90826.125000000015 4729.3330000000005
decision_type=2 2 2 2 2 2 2 2 2 2 2 2 2 2 2 2 2 2 2
left_child=1 3 -3 -1 5 11 9 8 -4 -7 16 -2 -12 -14 -13 -8 17 -6 -18
right_child=4 2 7 -5 10 6 15 -9 -10 -11 12 14 13 -15 -16 -17 18 -19 -20
leaf_value=-0.014628710466346957 0.026493792138171268 0.0097136230634948303 -0.019298750586693919 0.0096788420907937406 0.0062981822710675905 0.046255367214717819 0.027858810104058808 -0.00070529395516900103 -0.0056593635616856049 0.0063567150539772556 -0.032896201694085213 -0.022476222226573583 0.060467609188269357 -0.0025138550268899032 -0.0031837124143969612 -0.065887283067278757 0.0066175630326138855 0.018066803242139506 -0.0045220527679182198
leaf_weight=224.27310065925121 59.507223829627037 691.04750224947929 706.75566482543945 1268.3069309145212 1304.1105340570211 46.705400586128235 7.5086950659751919 1093.4184647351503 976.38950774073601 1614.7186643630266 58.211739063262939 155.16557863354683 17.209209844470024 456.58131079375744 2207.1989497989416 23.145165994763374 4702.0646985918283 935.45846739411354 485.6967455893755
leaf_count=850 189 2081 3271 3853 4056 127 22 3986 4004 5160 207 602 47 1456 7980 88 15516 2833 1616
internal_value=0.00293269 -0.000852575 -0.00381353 0.00602642 0.00448783 0.000527678 0.00656524 -0.00718025 -0.0113866 0.00747833 0.00653472 -0.00369055 -0.00380097 -0.000226217 -0.00445089 -0.0429241 0.00727504 0.0112139 0.00557463
internal_weight=17033.5 4960.19 3467.61 1492.58 12073.3 4113.95 1692.08 2776.56 1683.15 1661.42 7959.33 2421.87 532.002 473.791 2362.36 30.6539 7427.33 2239.57 5187.76
internal_count=57944 18045 13342 4703 39899 14168 5397 11261 7275 5287 25731 8771 1710 1503 8582 110 24021 6889 17132
is_linear=0
shrinkage=0.05


Tree=46
num_leaves=20
num_cat=0
split_feature=4 5 5 0 17 14 0 2 0 1 9 3 14 17 6 8 0 12 11
split_gain=37.4619 28.9315 39.9563 61.4115 34.6617 28.5535 21.9263 21.7854 19.176 22.0664 26.7511 21.8189 19.1468 18.222 15.3105 19.5907 15.1028 14.5784 14.2959
threshold=0.0602699999999994 -0.014999999999417922 -1.0000000180025095e-35 -1.0729916521956538e-05 0.010985000000000002 19.099762272360383 -1.102784111250976e-05 92883.963666666692 -1.0000000180025095e-35 90994.123000000007 4725.0183333333343 2.0662379999999931 18.842418145414026 1.0715250000000001 0.0010890816085318037 4741.9330000000018 -1.0000000180025095e-35 -0.49500000000034555 0.36863333333333476
decision_type=2 2 2 2 2 2 2 2 2 2 2 2 2 2 2 2 2 2 2
left_child=1 5 16 -4 -5 12 7 13 -8 10 -10 -11 -1 -2 -7 -16 -3 -9 -14
right_child=6 2 3 4 -6 14 8 17 9 11 -12 -13 18 -15 15 -17 -18 -19 -20
leaf_value=-0.032913494250231892 -0.0018823123874974366 0.0031480546089295257 0.011305853692666016 -0.013625013171975842 -0.0017050157211792813 -0.03223014164997897 0.010089214317680428 0.043409031614527846 0.018813052458795075 0.0027751719645808691 0.0056841098688136891 -0.029189428315397919 0.016492446310184455 0.0098006247931982891 -0.0090554585505220504 -0.073183050874242414 0.014148442669362308 -0.022285778988882499 0.082226930027438264
leaf_weight=17.953319102525711 1288.8790940791368 645.53743903338909 724.40321269631386 827.69706293195486 2317.3922801166773 111.51765070855618 1796.8304885476828 8.9660761058330518 476.94593623280525 5007.6102428436279 2080.2864176779985 53.96203587949276 69.913205206394196 450.38828352093697 365.41773794591427 12.310904979705809 603.92499867081642 145.23548348248005 9.3809173703193647
leaf_count=66 4391 2015 2177 3645 8850 486 5468 33 1438 17062 6481 190 222 1469 1450 51 1794 632 24
internal_value=0.00278914 -0.000513982 0.000691197 -0.00181899 -0.00484202 -0.0110329 0.00445556 -0.00045391 0.00544285 0.00434704 0.00813277 0.00243439 0.0137124 0.00114302 -0.0159515 -0.0111455 0.00846507 -0.0184659 0.0242692
internal_weight=17014.6 5705.45 5118.95 3869.49 3145.09 586.494 11309.1 1893.47 9415.64 7618.8 2557.23 5061.57 97.2474 1739.27 489.246 377.729 1249.46 154.202 79.2941
internal_count=57944 20780 18481 14672 12495 2299 37164 6525 30639 25171 7919 17252 312 5860 1987 1501 3809 665 246
is_linear=0
shrinkage=0.05


Tree=47
num_leaves=20
num_cat=0
split_feature=0 0 6 0 0 0 0 4 13 11 19 21 0 5 6 16 21 18 3
split_gain=35.466 41.4388 21.6177 20.868 27.8942 24.3143 20.6018 16.5926 14.7445 13.1891 12.6448 11.8345 11.0731 10.6736 10.655 10.9826 10.4988 9.71909 9.00324
threshold=1.1173121938767851e-05 1.0000000180025095e-35 3.4120895346675965e-06 -1.1171496788753286e-05 -1.0748908141344769e-05 -0.0090635708120678764 1.0744601408596567e-05 0.011617000000001019 0.0011033185887984384 0.004800000000000579 0.84264867142620725 0.76004919716028774 0.0089459087025844947 -1.0000000180025095e-35 0.020703829241486015 19.178104958977197 0.041279443450547411 0.97640359162533752 0.02224799999999787
decision_type=2 2 2 2 2 2 2 2 2 2 2 2 2 2 2 2 2 2 2
left_child=1 2 9 5 -5 -4 8 16 -3 -1 -9 18 14 -11 -13 -16 -8 -10 -2
right_child=11 6 3 4 -6 -7 7 10 17 13 -12 12 -14 -15 15 -17 -18 -19 -20
leaf_value=-0.066748082734108427 -0.016029270845863756 -0.032723219253061424 0.0051780494503923611 0.0081632852231314709 0.0024961526066887272 -0.0068116058006511306 -0.02953902274890028 0.0017161972217179123 -0.0099424072523270051 0.027785131979069212 -0.0056413397297000213 0.012338500724215834 0.0029487862839422427 -0.020410466004015405 -0.077434109471272827 0.012364437072455737 -0.00064418549761868153 0.064467738620473003 0.020774221787529093
leaf_weight=13.09368112683296 17.692055374383926 95.773159645497799 728.34834770858288 3051.9201342016459 7525.4427637606859 1008.1453114300966 87.976975299417973 1415.6489385589957 150.6691552773118 13.589209675788878 994.00020948052406 778.91032910346985 702.11411619186401 74.285871297121048 6.7699520885944349 6.8502324968576431 48.916112795472145 4.5199968218803397 273.54797260463238
leaf_count=54 61 508 2448 9333 24946 3808 534 5369 732 39 3906 2482 2223 273 26 21 295 17 869
internal_value=0.00265215 0.00186962 0.00310839 0.00329732 0.00413131 -0.00178271 -0.00362782 -0.00228083 -0.0172959 -0.019933 -0.00131885 0.00931785 0.00752115 -0.0129574 0.0115719 -0.0322702 -0.019214 -0.00777516 0.0185385
internal_weight=16998.2 15212.3 12414.8 12313.9 10577.4 1736.49 2797.5 2546.54 250.962 100.969 2409.65 1785.88 1494.64 87.8751 792.531 13.6202 136.893 155.189 291.24
internal_count=57944 52262 40901 40535 34279 6256 11361 10104 1257 366 9275 5682 4752 312 2529 47 829 749 930
is_linear=0
shrinkage=0.05


Tree=48
num_leaves=20
num_cat=0
split_feature=1 9 8 14 4 8 2 16 3 14 21 21 4 13 20 4 2 21 11
split_gain=34.5662 30.2643 37.1228 28.4759 32.9294 28.1099 42.6569 28.1309 24.1477 18.9714 18.5706 31.7192 27.0361 25.5489 23.4791 21.7362 20.672 18.7109 19.9339
threshold=91003.373999999996 4724.0510000000004 4715.9190000000008 19.32537092462416 0.52375733333333352 4711.7080000000014 91724.635333333354 19.314758867340952 0.031787999999995299 19.185600030363865 1.3927061700631873 3.8407345732735583 0.41544766666666738 0.0040309707326233067 -32.84000000000605 0.78180966666666751 89557.376333333334 0.37393873643854836 0.040733333333334218
decision_type=2 2 2 2 2 2 2 2 2 2 2 2 2 2 2 2 2 2 2
left_child=10 2 5 4 -4 6 -2 -7 -5 -3 12 13 17 -12 -13 -16 -15 -1 -19
right_child=1 9 3 8 -6 7 -8 -9 -10 -11 11 14 -14 16 15 -17 -18 18 -20
leaf_value=0.00027401062085305559 0.011667412636641764 0.022224287902936977 0.023472544000839569 0.052018166994160613 -0.02514667084668076 0.0068811676094800243 0.0008008967309410599 -0.019665546432284131 -0.0093481137136213598 -0.005749780805325698 -0.0072475598441582509 -0.019566290971998919 0.024432026267430934 0.043871515737273256 0.0088369924784569825 0.030062287901260809 0.0038742670916317467 0.029859130851735711 0.0088679614910654875
leaf_weight=606.4667557477951 1012.6726704537868 62.755896538496017 455.29465277493 17.760578915476799 37.710885584354401 149.60803334414959 8348.6845901831985 299.708959877491 164.60277609527111 1770.7140586599708 827.09918376803398 63.13002698123455 269.41406585276127 34.055898949503899 837.28345094621181 140.92039810121059 628.11294530332088 125.6805013269186 1129.7649137079716
leaf_count=1961 3234 194 1390 51 129 485 30071 1054 553 6148 2696 210 796 94 2606 408 1957 373 3534
internal_value=0.00252203 0.00113434 0.0021706 0.0135093 0.0197536 0.00139004 0.00197639 -0.0108263 -0.00337158 -0.00479229 0.00618913 0.00329303 0.00962778 -0.00138786 0.00998742 0.0118947 0.00593136 0.00748564 0.0109694
internal_weight=16981.4 12319.5 10486 675.369 493.006 9810.67 9361.36 449.317 182.363 1833.47 4661.93 2530.6 2131.33 1489.27 1041.33 978.204 662.169 1861.91 1255.45
internal_count=57944 43309 36967 2123 1519 34844 33305 1539 604 6342 14635 7971 6664 4747 3224 3014 2051 5868 3907
is_linear=0
shrinkage=0.05


Tree=49
num_leaves=20
num_cat=0
split_feature=3 5 4 5 0 5 11 6 17 3 13 20 2 11 3 0 4 14 16
split_gain=32.5543 33.1368 36.2624 32.8913 50.3448 38.4358 27.7023 25.5825 27.1162 22.8766 22.2744 23.4623 19.4758 20.1963 18.7647 17.9778 17.8311 17.7027 42.9244
threshold=0.024005999999999382 -0.019999999996798575 0.26105633333333439 -1.0000000180025095e-35 -1.0000000180025095e-35 -0.014999999999417922 0.10086666666666756 1.0130082899677218e-05 0.015854999999999952 0.73850099999999419 0.0093734277770954246 1.9299999999984723 89557.376333333334 0.39043333333333469 0.1791939999999963 -1.0729916521956538e-05 0.13381100000000004 19.90203062669821 19.890411103368407
decision_type=2 2 2 2 2 2 2 2 2 2 2 2 2 2 2 2 2 2 2
left_child=3 2 6 5 -5 -1 14 8 -6 17 11 -11 -4 -14 -2 -7 -8 18 -3
right_child=1 9 12 4 7 15 16 -9 -10 10 -12 -13 13 -15 -16 -17 -18 -19 -20
leaf_value=-0.013936160883263146 -0.0043596946029342788 0.0066381218417218973 0.036737975817211381 0.0084085307363031998 -0.018036922681775848 0.0026765212684223185 -0.0033448726817234087 -0.00061564769696794558 -0.0052215216556242595 -0.032032124901591505 -0.038474322219343382 0.0026526600032699913 0.0023141912714725139 0.016980087119537406 -0.016876319524478305 0.014609541255196741 0.0092743272871980038 0.0013396200896916002 0.02645793535947575
leaf_weight=223.05883274972439 942.37893807888031 5716.4866190701723 50.123558387160301 687.43743765354156 702.57972755283117 638.22827047109604 636.73544618487358 1060.5298646241426 1000.6456085443497 54.973080486059189 43.859794035553932 431.14973266422749 1250.405379280448 288.99866396188736 438.89461375772953 624.43575450778008 499.55867873132229 1398.9355687648058 286.88696065545082
leaf_count=850 3496 18328 141 2081 3291 2001 2267 3860 4110 196 153 1361 4126 886 1631 1852 1621 4788 905
internal_value=0.00239683 0.00379892 0.000153442 -0.00102239 -0.00370012 0.00519772 -0.0035797 -0.00671195 -0.0105079 0.00568644 -0.00434861 -0.00126966 0.00606617 0.00506748 -0.00833681 0.00857786 0.00220301 0.00640492 0.00758526
internal_weight=16976.3 12039.4 4107.1 4936.92 3451.19 1485.72 2517.57 2763.76 1703.23 7932.29 529.983 486.123 1589.53 1539.4 1381.27 1262.66 1136.29 7402.31 6003.37
internal_count=57944 39899 14168 18045 13342 4703 9015 11261 7401 25731 1710 1557 5153 5012 5127 3853 3888 24021 19233
is_linear=0
shrinkage=0.05


Tree=50
num_leaves=20
num_cat=0
split_feature=1 9 8 14 4 8 2 16 3 8 21 21 2 4 20 14 13 13 14
split_gain=30.3316 27.695 32.7404 25.7853 29.7634 25.7801 37.5214 25.4925 21.8479 18.0569 18.9955 32.4817 26.9412 24.1167 22.8118 17.5647 19.0605 17.1166 17.0206
threshold=91003.373999999996 4724.0510000000004 4715.9190000000008 19.32537092462416 0.52375733333333352 4711.7080000000014 91724.635333333354 19.314758867340952 0.031787999999995299 4709.4650000000011 1.3927061700631873 3.7212831553954069 89557.376333333334 0.41544766666666738 -32.84000000000605 19.309007636996846 0.0032210503558451737 0.00075389730129080828 19.185600030363865
decision_type=2 2 2 2 2 2 2 2 2 2 2 2 2 2 2 2 2 2 2
left_child=9 2 5 4 -4 6 -2 -7 -5 15 13 12 -12 -11 -13 -1 17 -17 -3
right_child=1 18 3 8 -6 7 -8 -9 -10 10 11 14 -14 -15 -16 16 -18 -19 -20
leaf_value=0.083190123964463375 0.010892193533071842 0.02092694324541066 0.022127912787054976 0.0492973935781345 -0.024070818909943725 0.0064004337923792886 0.00069608504454162553 -0.018882637016708594 -0.0091145643879839283 0.0067037291933685992 0.024529462398399756 -0.020716665987711554 -0.0044113856244617352 0.022921297096084509 0.010883188124919986 0.050245363583011751 0.042902489091503369 -0.017963152888304912 -0.0056001647546596867
leaf_weight=11.93034093081951 1011.7813236862421 62.609373793005943 454.13665398955345 17.733196392655373 37.761709332466125 149.44733968377113 8338.5327310860157 299.50542755424976 164.58141738176346 1841.1945388168097 85.581520587205887 60.701555550098419 1331.9004013389349 261.83805051445961 965.84704859554768 12.023010596632956 44.160865321755409 39.140833079814911 1769.0712837949395
leaf_count=29 3234 194 1390 51 129 485 30071 1054 553 5815 253 203 4282 777 2985 34 126 131 6148
internal_value=0.00227918 0.00097872 0.00197071 0.0126284 0.0185814 0.00123743 0.00179939 -0.0104664 -0.00343301 0.00571735 0.00523904 0.00224126 -0.00266406 0.0087229 0.00901464 0.0259951 0.0188369 -0.00193481 -0.00469343
internal_weight=16959.5 12305.2 10473.5 674.213 491.898 9799.27 9350.31 448.953 182.315 4654.32 4547.06 2444.03 1417.48 2103.03 1026.55 107.255 95.3247 51.1638 1831.68
internal_count=57944 43309 36967 2123 1519 34844 33305 1539 604 14635 14315 7723 4535 6592 3188 320 291 165 6342
is_linear=0
shrinkage=0.05


Tree=51
num_leaves=20
num_cat=0
split_feature=0 0 13 0 0 0 16 1 14 12 6 0 20 1 6 15 12 13 3
split_gain=28.676 36.7987 19.1377 22.7179 28.7003 23.3783 18.0922 16.7038 16.2282 14.3598 21.5349 13.8171 11.542 12.4829 11.5319 11.9395 10.3367 16.5699 12.5065
threshold=1.1173121938767851e-05 1.0000000180025095e-35 0.011107844842847837 -3.2295566632090093e-05 -1.0748908141344769e-05 -0.0082028648561383016 19.918277778128413 93070.416000000012 19.892788508624331 0.080000000000382002 0.0018181929948893132 1.0749497436624013e-05 -25.959999999996395 91079.122000000018 0.011676126079509207 0.0036421401731545626 0.275000000000091 0.0067221306218162398 0.020811999999999328
decision_type=2 2 2 2 2 2 2 2 2 2 2 2 2 2 2 2 2 2 2
left_child=1 2 3 5 -5 -1 7 8 -3 11 -11 -8 -4 -14 15 -2 18 -18 -17
right_child=14 6 12 4 -6 -7 9 -9 -10 10 -12 -13 13 -15 -16 16 17 -19 -20
leaf_value=0.0032386099740610175 0.01636586533475828 -0.0032532874545214844 0.054020071198386421 0.0073405653178955617 0.0015936308355353772 -0.0087510548701739983 -0.01548698042669797 -0.045312334349611794 0.0096833635310656415 0.017980869571707542 -0.034644719260606048 -0.047823261341528533 0.0035726012781914888 0.034172127649974099 -0.00076797093616229285 -0.040481283444576049 -0.017083844015621626 0.024285670680754975 0.0095437948838011065
leaf_weight=770.27490708231926 491.62831881642342 2140.3454220741987 21.105068236589432 3051.0354500859976 7544.4037239700556 861.0704612582922 222.6512294486165 22.247256711125374 273.38353088498116 66.197672761976719 27.52168408036232 38.790647365152836 93.737463995814323 51.718449935317039 298.68792574107647 12.682694107294081 94.506204083561897 32.538149997591972 839.77166159451008
leaf_count=2619 1581 8237 56 9375 25091 3312 1120 132 1219 313 125 215 293 155 950 46 322 100 2683
internal_value=0.00216606 0.00146403 0.00263214 0.00240281 0.0032485 -0.00308988 -0.00372265 -0.00218556 -0.00178806 -0.0142653 0.00252681 -0.0202848 0.0194662 0.0144526 0.00818923 0.0100078 0.00681663 -0.00648843 0.00879953
internal_weight=16954.3 15184.5 12393.3 12226.8 10595.4 1631.35 2791.14 2435.98 2413.73 355.161 93.7194 261.442 166.561 145.456 1769.81 1471.13 979.499 127.044 852.454
internal_count=57944 52262 40901 40397 34466 5931 11361 9588 9456 1773 438 1335 504 448 5682 4732 3151 422 2729
is_linear=0
shrinkage=0.05


Tree=52
num_leaves=20
num_cat=0
split_feature=3 5 0 5 5 6 9 4 2 4 3 13 20 12 5 4 0 12 14
split_gain=27.9698 28.9616 43.7014 34.3625 28.8973 32.5594 26.9562 25.2478 23.102 22.4278 21.0304 20.3473 21.3125 19.1394 19.6137 18.9096 16.928 15.6311 15.604
threshold=0.024005999999999382 -1.0000000180025095e-35 -1.0000000180025095e-35 -0.014999999999417922 -0.019999999996798575 0.0060575163171981599 4762.2693333333345 0.83278833333333446 89557.376333333334 0.008112666666666218 0.73850099999999419 0.0093734277770954246 1.9299999999984723 -1.0250000000000907 -0.80500000000029093 0.38449200000000111 -1.0729916521956538e-05 -1.2450000000003454 19.235232231664927
decision_type=2 2 2 2 2 2 2 2 2 2 2 2 2 2 2 2 2 2 2
left_child=1 3 -3 -1 5 13 8 9 -7 -4 -6 12 -12 17 -15 -8 -5 -2 -13
right_child=4 2 7 16 10 6 15 -9 -10 -11 11 18 -14 14 -16 -17 -18 -19 -20
leaf_value=-0.013394868113640849 0.001008034862766984 0.0076686306487347908 -0.0192346364946346 0.0021922947433266234 0.0058151532928423406 0.041211918069620684 -0.059557243487021398 0.06091895631826634 0.0051445342398395433 -0.005138749602180654 -0.030874272593527888 -0.022785735049214089 0.0021974039741961566 -0.0034253179128477928 -0.024231914681821787 0.043518470398332065 0.013785864867580537 0.052470768639814272 -0.099162785352916727
leaf_weight=222.28440375626087 32.724757000803947 685.29013442993164 319.38765425980091 636.39617337286472 7385.1772524043918 45.655191779136658 25.104697152972225 13.841436743736265 1612.0134098976851 2422.9408594667912 54.938245221972466 35.844211012125015 430.04310087859631 2234.711857765913 119.31271655857563 5.4079637378454199 623.1680663228035 26.8707634806633 8.2210859507322294
leaf_count=850 112 2081 1532 2001 24021 127 95 43 5160 9686 196 120 1361 8121 461 15 1852 77 33
internal_value=0.00205956 -0.00111452 -0.00363094 0.00472964 0.00336007 -4.58532e-05 0.0052807 -0.00644045 0.0061379 -0.00678044 0.0051253 -0.00450464 -0.00154893 -0.00377145 -0.00447989 -0.0412884 0.0079282 0.0242118 -0.0370351
internal_weight=16939.3 4923.31 3441.46 1481.85 12016 4101.8 1688.18 2756.17 1657.67 2742.33 7914.22 529.047 484.981 2413.62 2354.02 30.5127 1259.56 59.5955 44.0653
internal_count=57944 18045 13342 4703 39899 14168 5397 11261 5287 11218 25731 1710 1557 8771 8582 110 3853 189 153
is_linear=0
shrinkage=0.05


Tree=53
num_leaves=20
num_cat=0
split_feature=1 9 8 17 0 14 4 11 1 11 8 20 14 11 16 16 3 6 8
split_gain=27.0097 25.2296 28.972 23.553 33.1974 23.3298 26.8423 20.1327 16.6018 21.5131 16.4236 18.137 18.1089 16.7756 16.4507 27.6426 17.9828 16.8141 16.4164
threshold=91003.373999999996 4724.0510000000004 4715.9190000000008 0.035015000000000011 -1.0000000180025095e-35 19.32537092462416 0.52375733333333352 0.023466666666668964 91324.26400000001 0.030266666666668083 4709.4650000000011 -19.110000000000124 19.320171111558086 0.42253333333333576 19.317546034223792 19.323027635944445 0.38354399999999439 0.013246352526793731 4740.0389999999998
decision_type=2 2 2 2 2 2 2 2 2 2 2 2 2 2 2 2 2 2 2
left_child=10 2 3 4 -2 6 -4 -7 9 -3 14 13 18 -12 -1 17 -17 -16 -13
right_child=1 8 5 -5 -6 7 -8 -9 -10 -11 11 12 -14 -15 15 16 -18 -19 -20
leaf_value=0.047397290359680266 0.0052415804016749971 0.012101600643382936 0.020776734561744895 0.0031745586976488537 -0.0045007083838411767 -0.068092534260808163 -0.023092939224741038 0.00071903372630002012 -0.019351114562659116 -0.0052742054815209799 -0.0081251251869685678 0.010259266979568669 -0.054606264092687679 0.013526837902732831 -0.079521219081517852 0.048744299136528696 -0.026716862263783669 0.018549255936812128 0.0036220229497972651
leaf_weight=45.436038538813591 1215.8139534443617 203.07499209791422 452.38768577575684 5451.1010735556483 3114.1389075741172 11.335472390055655 37.780315682291985 170.71707773208618 174.61702813953161 1450.5890866219997 440.94188722968102 1492.8693065494299 12.315796390175818 112.22746732831001 11.728764325380327 31.825853154063225 10.49955280125141 6.9665754288434973 2478.0869803279638
leaf_count=128 3803 679 1390 18962 12079 44 129 560 653 5010 1438 4665 46 339 46 89 36 21 7827
internal_value=0.00195825 0.000730132 0.00167788 0.000987807 -0.00176516 0.0117187 0.0173954 -0.00356551 -0.00468867 -0.0031404 0.00520692 0.00475136 0.00592953 -0.00373236 0.0246194 0.00765892 0.0300248 -0.0429765 0.00611728
internal_weight=16924.5 12281.6 10453.3 9781.05 4329.95 672.221 490.168 182.053 1828.28 1653.66 4642.9 4536.44 3983.27 553.169 106.457 61.0207 42.3254 18.6953 3970.96
internal_count=57944 43309 36967 34844 15882 2123 1519 604 6342 5689 14635 14315 12538 1777 320 192 125 67 12492
is_linear=0
shrinkage=0.05


Tree=54
num_leaves=20
num_cat=0
split_feature=11 4 8 10 17 13 5 5 12 10 8 5 21 4 1 6 0 20 4
split_gain=25.3959 20.4607 18.4033 27.8983 30.6864 17.7201 21.1857 38.9767 22.3935 20.315 17.2138 16.2038 16.3329 25.4056 18.4918 14.1423 15.9748 22.4904 14.6031
threshold=0.0066666666666674989 0.0060799999999997948 4674.1190000000015 0.0034000000000003589 0.016264999999999953 0.0077149889081668957 -0.13500000000203724 -0.80500000000029093 -0.014999999999872669 0.049400000000000083 4661.7410000000009 -1.0000000180025095e-35 50852.142393408125 0.0024390000000000301 92798.124000000011 0.0052110330559456399 -1.0731981220368779e-05 -0.0099999999997635296 0.64629866666666658
decision_type=2 2 2 2 2 2 2 2 2 2 2 2 2 2 2 2 2 2 2
left_child=2 11 3 -1 10 6 7 -3 -8 -7 -5 -2 14 -14 -13 16 17 -4 -17
right_child=1 5 15 4 -6 9 8 -9 -10 -11 -12 12 13 -15 -16 18 -18 -19 -20
leaf_value=0.0078955244334908865 0.0077896147408447365 -0.00014564299799882215 -0.026629194361442426 0.034496010188011732 0.0012418501858078531 0.028068761293634361 3.5238696876822767e-06 -0.031692050440056969 0.0049921939220024794 0.0064787316425188911 -0.024858628394139465 -0.036731144441237394 0.10902510633712624 -0.01055173598182556 -0.0019787585240456798 0.036266261242895712 -0.021468760776189005 0.014965178997190741 -0.021717828906335952
leaf_weight=520.41926701366901 79.792275190353394 3504.4529748260975 52.559108674526215 12.903536573052405 367.12602937221527 124.36064171791077 3285.0407049059868 100.72849097847939 7136.4626021832228 879.59184512495995 229.05834280699492 108.60027958452702 5.9837279543280628 17.239637300372124 59.113752402365208 28.434276714920998 301.09115192294121 85.148684203624725 17.566779613494873
leaf_count=1852 246 12108 198 45 1312 385 11123 389 24036 2814 902 504 20 76 259 85 1272 256 62
internal_value=0.00186141 0.00249068 -0.00410316 -0.000605624 -0.00786921 0.00273606 0.00227677 -0.00102705 0.00341968 0.00915311 -0.0216933 -0.0111327 -0.0190404 0.0202584 -0.0244821 -0.0122519 -0.0150169 -0.000910198 0.0141234
internal_weight=16915.7 15301.4 1614.31 1129.51 609.088 15030.6 14026.7 3605.18 10421.5 1003.95 241.962 270.73 190.937 23.2234 167.714 484.8 438.799 137.708 46.0011
internal_count=57944 51960 5984 4111 2259 50855 47656 12497 35159 3199 947 1105 859 96 763 1873 1726 454 147
is_linear=0
shrinkage=0.05


Tree=55
num_leaves=20
num_cat=0
split_feature=4 12 20 16 0 5 5 4 0 1 6 9 0 0 1 9 3 8 6
split_gain=24.5324 23.9273 22.5092 23.8751 20.5952 17.4705 42.1309 21.0941 17.2629 18.0943 16.8598 16.8243 16.4895 15.4285 17.7096 20.9165 19.4305 14.8207 14.6436
threshold=0.055904333333333334 0.1050000000000182 -0.37999999999419737 19.952594994663102 -1.0724268861839191e-05 -1.0000000180025095e-35 -0.014999999999417922 0.011145666666667501 -1.102784111250976e-05 90960.706000000006 0.018761827151544563 4737.1636666666673 -0.0099950246796154368 -1.0747286216528094e-05 90994.123000000007 4725.0183333333343 2.0662379999999931 4665.8810000000003 0.0052110330559456399
decision_type=2 2 2 2 2 2 2 2 2 2 2 2 2 2 2 2 2 2 2
left_child=1 4 3 11 -1 6 -6 -7 9 -2 12 -3 -11 17 15 -15 -16 18 -10
right_child=8 2 -4 -5 5 7 -8 -9 13 10 -12 -13 -14 14 16 -17 -18 -19 -20
leaf_value=0.0025427557185309815 0.002837127687927354 -0.005026090990917902 0.0099260938071323475 -0.055581771509181803 -0.017114729974494942 -0.017496313836414968 0.010670179055859322 -0.0050265720418463736 0.031540524113154937 0.0010524896956856436 0.028555689194747887 0.02070597468218955 -0.014155112457145276 0.015887853829443192 0.001707769645603794 0.0042920384311187967 -0.02821695396380049 0.0070591418754139589 -0.030962660088839536
leaf_weight=1189.384274661541 1111.6607096344233 424.87453374266624 817.62569396197796 21.015380173921585 198.43482755124569 420.43664994090796 436.66001488268375 1754.0585570111871 102.64994156360626 283.0669113099575 31.937436670064926 74.689468502998352 481.36920665204525 476.89044681191444 5401.0311375260353 2107.4393202364445 54.795728847384453 1511.37380027771 10.312375932931898
leaf_count=3847 3535 1581 2854 90 807 2042 1309 6873 296 1003 95 237 1975 1457 18447 6610 193 4658 35
internal_value=0.00176881 -0.00103552 0.00475175 -0.00337511 -0.00297216 -0.00530679 0.00198881 -0.00743759 0.00306215 -0.00128404 -0.00703679 -0.00117891 -0.00852381 0.00392021 0.00302227 0.00643183 0.00140722 0.00836486 0.0258346
internal_weight=16909.7 5337.18 1338.21 520.579 3998.97 2809.59 635.095 2174.5 11572.5 1908.03 796.374 499.564 764.436 9664.49 8040.16 2584.33 5455.83 1624.34 112.962
internal_count=57944 19640 4762 1908 14878 11031 2116 8915 38304 6608 3073 1818 2978 31696 26707 8067 18640 4989 331
is_linear=0
shrinkage=0.05


Tree=56
num_leaves=20
num_cat=0
split_feature=0 0 6 0 2 3 4 11 10 9 5 11 10 6 0 8 6 21 17
split_gain=23.0054 31.4863 17.6691 16.3898 19.8618 19.299 16.1414 19.0464 18.0593 15.454 13.1314 11.8867 11.6763 10.5405 11.4995 11.9212 11.7319 14.7296 10.9158
threshold=1.1173121938767851e-05 1.0000000180025095e-35 3.4120895346675965e-06 -1.1146631095915181e-05 92883.963666666692 0.026965999999998939 0.22678766666666866 0.0069333333333354659 0.0029999999999999996 4666.2523333333347 -1.0000000180025095e-35 0.004800000000000579 0.0026000000000005225 0.011676126079509207 0.0071326114085445988 4755.523000000001 0.0034585921572437136 0.85734294193928462 0.21712500000000004
decision_type=2 2 2 2 2 2 2 2 2 2 2 2 2 2 2 2 2 2 2
left_child=1 2 11 4 -4 -5 7 12 -8 -10 -9 -1 -3 14 15 -2 18 -18 -16
right_child=13 6 3 5 -6 -7 8 10 9 -11 -12 -13 -14 -15 16 -17 17 -19 -20
leaf_value=-0.063653996249380992 0.015255289738622717 0.0074929433900407854 -0.00029689846528052079 0.00041089595911882027 -0.017439639671371049 0.0048079775425542556 0.050447639142047467 -0.013560908586397791 -0.034418965858029192 0.0033273660583819907 -0.0023616250260701547 -0.012170931424979648 -0.024115384328849417 -0.0014773116891721131 -0.041491250073235009 -0.0049026187585474628 0.029686782950055259 0.0040827484536428531 -0.0022991655300695795
leaf_weight=12.866924151778219 681.46235747635365 34.313657209277153 1629.9919206500053 4126.8668018728495 188.50621828436852 6312.4465365558863 19.539048582315445 313.65153008699417 28.379516199231148 609.23877063393593 1581.4740943014622 87.158764481544495 196.72856847196817 297.29380924999714 23.820542559027672 82.190973117947578 62.7385523468256 536.62074862420559 69.902687445282936
leaf_count=54 2228 161 5681 13976 849 20029 64 1267 120 2055 6643 312 1051 950 86 276 191 1721 230
internal_value=0.00168174 0.00105377 0.00213586 0.00230664 -0.00207392 0.00306972 -0.00375064 -0.00586752 0.00309829 0.00164733 -0.00421516 -0.0187935 -0.019421 0.00710255 0.00885355 0.0130857 0.00419046 0.00676288 -0.0122602
internal_weight=16895.2 15141.2 12357.8 12257.8 1818.5 10439.3 2783.33 2126.17 657.157 637.618 1895.13 100.026 231.042 1754.03 1456.74 763.653 693.083 599.359 93.7232
internal_count=57944 52262 40901 40535 6530 34005 11361 9122 2239 2175 7910 366 1212 5682 4732 2504 2228 1912 316
is_linear=0
shrinkage=0.05


Tree=57
num_leaves=20
num_cat=0
split_feature=1 9 9 3 9 2 16 2 21 21 2 8 4 4 4 2 11 3 14
split_gain=21.3693 23.5237 25.2419 22.1619 21.4402 38.7929 26.0947 19.6175 15.0605 26.0013 23.8989 39.9937 21.6081 19.169 31.2892 21.6886 17.1492 23.1984 14.9366
threshold=91003.373999999996 4724.0510000000004 4716.652000000001 0.91790399999999372 4710.5043333333351 91724.635333333354 19.314758867340952 91003.476666666669 1.3927061700631873 3.5857227987937841 89557.376333333334 4745.7320000000009 0.41544766666666738 0.78180966666666751 0.32834866666666768 90850.003000000012 0.041466666666667575 0.0083719999999995031 19.185600030363865
decision_type=2 2 2 2 2 2 2 2 2 2 2 2 2 2 2 2 2 2 2
left_child=8 2 4 7 5 -2 -6 -4 12 10 -10 -12 16 14 -11 -15 -1 -18 -3
right_child=1 18 3 -5 6 -7 -8 -9 9 13 11 -13 -14 15 -16 -17 17 -19 -20
leaf_value=0.018572452702920572 0.011198122604018295 0.019341064305124056 -0.064469710935305166 -0.043457002771668474 0.00784345133124318 0.00031369651273848343 -0.015305901528824099 0.013753065094717016 0.023428712689889903 0.010822035988576742 0.0029158909066279298 -0.014681564048507012 0.020937865530764769 0.01030976838837272 -0.00937112205450512 0.048453689683303172 -0.017069673589867176 0.0055928389234278977 -0.0055809894989946804
leaf_weight=226.58754709362984 908.17845442891121 62.243158042430878 8.1227830201387388 18.075017914175987 172.63679459691048 8301.1359343528748 412.87108093500137 605.42296925187111 83.231073886156082 652.30046246945858 800.41703280806541 541.17037469148636 265.58683015406132 108.95289845764637 271.75426062941551 56.64013460278511 122.10573826730251 1501.5756019800901 1763.0028142258525
leaf_count=695 2904 194 31 65 559 30071 1436 1901 248 2032 2525 1793 796 333 882 158 416 4757 6148
internal_value=0.00159888 0.000505273 0.00142195 0.0111099 0.000797221 0.00138707 -0.00848032 0.0127175 0.00449253 0.00187673 -0.00256966 -0.00418258 0.00760112 0.00769082 0.00488345 0.0233567 0.00568677 0.00388855 -0.00473112
internal_weight=16882 12251.7 10426.4 631.621 9794.82 9209.31 585.508 613.546 4630.32 2514.47 1424.82 1341.59 2115.86 1089.65 924.055 165.593 1850.27 1623.68 1825.25
internal_count=57944 43309 36967 1997 34970 32975 1995 1932 14635 7971 4566 4318 6664 3405 2914 491 5868 5173 6342
is_linear=0
shrinkage=0.05


Tree=58
num_leaves=20
num_cat=0
split_feature=11 2 4 1 18 13 10 5 21 12 10 5 21 4 1 3 4 8 2
split_gain=20.5916 17.1194 16.9654 16.0698 17.4685 14.9955 18.5585 18.2854 35.8804 19.8096 14.2467 13.9333 14.9577 22.353 16.9991 12.9493 12.8435 28.9759 16.7574
threshold=0.0066666666666674989 93004.716333333345 0.0060799999999997948 92972.11500000002 0.97800774577971838 0.0077149889081668957 0.049400000000000083 -0.13500000000203724 0.41138409102112367 -0.014999999999872669 0.0062000000000000119 -1.0000000180025095e-35 50852.142393408125 0.0024390000000000301 92798.124000000011 2.0662379999999931 0.076959000000000902 4670.3850000000011 92981.349000000031
decision_type=2 2 2 2 2 2 2 2 2 2 2 2 2 2 2 2 2 2 2
left_child=1 3 11 4 -1 7 -7 8 -4 -9 -6 -2 14 -14 -13 -8 17 -5 -18
right_child=2 -3 5 16 10 6 15 9 -10 -11 -12 12 13 -15 -16 -17 18 -19 -20
leaf_value=-0.00481112086758749 0.0071839729094943117 -0.0098166663095889985 -0.019269590042745921 -0.044333423846853938 0.024110025020113404 0.026344271944038985 0.0066329502209153349 -0.00026643911046138672 0.00019307268019610766 0.0044302537424835533 -0.033291942854045541 -0.034894683675547378 0.10171517341154759 -0.0095430594698932281 -0.0014368515827105418 -0.032439857943432425 0.077917955336396658 0.026123168226352512 0.01745112889685476
leaf_weight=694.47074133902788 79.57809491455555 689.54834935069084 254.84819947183132 21.832400426268578 90.626891225576401 123.80295792222023 854.94959419965744 3278.5809483751655 3344.9591681212187 7122.041549988091 12.273238837718962 106.97322851419449 6.1321348696947124 17.113768927752972 58.84894272685051 21.744191542267799 16.354202345013618 44.005664378404617 38.272904276847839
leaf_count=2573 246 2648 999 92 297 385 2740 11123 11498 24036 47 504 20 76 259 74 45 155 127
internal_value=0.00151957 -0.00386341 0.00208622 0.000609137 -0.00196241 0.00230925 0.00822287 0.00188665 -0.00118479 0.00294972 0.0172635 -0.0103677 -0.0177552 0.0198062 -0.0230208 0.00566385 0.0176304 0.00275923 0.0355536
internal_weight=16877 1607.38 15269.6 917.836 797.371 15000.9 1000.5 14000.4 3599.81 10400.6 102.9 268.646 189.068 23.2459 165.822 876.694 120.465 65.8381 54.6271
internal_count=57944 5984 51960 3336 2917 50855 3199 47656 12497 35159 344 1105 859 96 763 2814 419 247 172
is_linear=0
shrinkage=0.05


Tree=59
num_leaves=20
num_cat=0
split_feature=6 5 6 11 13 5 4 7 12 12 16 0 11 17 4 0 3 13 8
split_gain=19.9679 24.139 32.1312 26.8612 36.8609 23.2129 21.0949 18.3644 17.3441 16.9548 16.3657 16.3643 22.0698 19.7042 15.5166 25.9289 15.4005 19.5359 15.2137
threshold=7.9313397564774661e-06 -0.019999999996798575 0.00060658318646472707 0.10086666666666756 0.00091947702405667314 -1.0000000180025095e-35 0.25670566666666711 0.00042858903133158327 0.36500000000023652 -1.0000000180025095e-35 19.904483086449893 -1.0729916521956538e-05 0.25646666666666834 0.0062450000000000014 0.0060799999999997948 -1.0807944067492413e-05 0.73850099999999419 0.0093734277770954246 4738.1080000000011
decision_type=2 2 2 2 2 2 2 2 2 2 2 2 2 2 2 2 2 2 2
left_child=5 2 -2 6 -5 7 -4 8 10 18 -1 12 -11 -13 15 -3 -16 -18 -7
right_child=1 14 3 4 -6 9 -8 -9 -10 11 -12 13 -14 -15 16 -17 17 -19 -20
leaf_value=0.0095385493331810525 -0.024160970980872817 0.046663711165625073 -0.0076627930195541528 0.023308036770112769 0.0016352435075933269 -0.013938068437354907 0.0029693706901476103 0.021900010197007644 -0.038423036887561456 0.016622355698397515 -0.0078439330246516375 -0.017524233005102623 -0.039792959081248733 -0.0011992187009327671 0.0042779242466190245 -0.023896554590296958 -0.0016334865844936212 -0.036541764822695749 0.01704254844885458
leaf_weight=373.69205562770367 143.61115273833275 14.973220631480215 1391.8713794052601 219.46345394849777 1850.0123652815819 600.397559851408 701.7285860478878 133.99636670947075 26.09214973449707 179.96742269396782 212.36002810299397 227.87492652237415 19.183743491768837 978.70366438478231 9137.0405876114964 99.797765903174877 474.55893982946873 43.776145726442337 42.427736058831215
leaf_count=1139 594 41 5187 717 6154 2390 2344 393 90 532 676 1043 66 3831 30480 455 1526 152 134
internal_value=0.00144396 0.0022104 -0.000908177 -0.000106039 0.0039336 -0.00241654 -0.00409913 0.00513405 0.00146404 -0.00516667 0.00323989 -0.00209066 0.011188 -0.00428237 0.00358506 -0.0146911 0.00380231 -0.00458168 -0.0118933
internal_weight=16871.5 14076.8 4306.69 4163.08 2069.48 2794.7 2093.6 746.141 612.144 2048.56 586.052 1405.73 199.151 1206.58 9770.15 114.771 9655.38 518.335 642.825
internal_count=57944 47650 14996 14402 6871 10294 7531 2298 1905 7996 1815 5472 598 4874 32654 496 32158 1678 2524
is_linear=0
shrinkage=0.05


Tree=60
num_leaves=20
num_cat=0
split_feature=0 0 13 0 0 0 0 12 6 19 13 19 5 1 10 3 17 15 17
split_gain=19.0492 28.7059 15.4317 16.7189 22.2117 16.6034 15.1489 13.1043 16.1204 11.0436 22.826 17.4017 10.3927 11.3899 10.2101 9.669 14.1475 14.316 9.42285
threshold=1.1173121938767851e-05 1.0000000180025095e-35 0.011107844842847837 -1.1146631095915181e-05 -1.0748908141344769e-05 -0.0082028648561383016 1.0744601408596567e-05 0.31500000000005463 0.0018181929948893132 0.84264867142620725 0.0051709101100793171 0.97087375891538719 -28.764999999992138 91079.122000000018 0.0020000000000007551 0.11383699999999532 0.31590500000000005 0.0022274310912728805 0.22174500000000005
decision_type=2 2 2 2 2 2 2 2 2 2 2 2 2 2 2 2 2 2 2
left_child=1 2 3 5 -5 -1 7 14 -9 10 -8 -11 -4 -14 -3 16 17 -2 -19
right_child=15 6 12 4 -6 -7 9 8 -10 11 -12 -13 13 -15 -16 -17 -18 18 -20
leaf_value=0.0026096870946113095 0.021349719147947057 0.022041538680862619 0.051641022272924747 0.006108039105501774 0.00095665999852174045 -0.0071961090952048518 -0.0023299749196082921 0.037861146803668262 -0.048651826255957036 -0.012867652606994771 0.015716724479655102 -5.7618271965329092e-05 0.0022109245279042541 0.031420046098329969 -0.022665946390001659 0.0039592466854272519 0.024804876592954141 0.004836396851116513 -0.019513769875952665
leaf_weight=769.8697404563427 111.39833284914494 13.627607084810732 19.143411785364151 2898.7878042757511 7523.647464774549 982.74640934169292 1269.3632186949253 21.443035006523136 7.1901354342699042 535.92002353817225 203.27473640441895 524.65002866089344 95.049877941608429 51.43633396923542 203.05358363687992 1241.8842896074057 153.92721424996853 184.29720684885979 50.648598492145538
leaf_count=2619 361 65 51 8968 25091 3719 5076 97 34 2248 686 2094 298 155 1061 4050 484 610 177
internal_value=0.00137254 0.000802059 0.00183584 0.00162962 0.00238941 -0.00288873 -0.00378943 -0.0156533 0.0161367 -0.00264054 0.000161091 -0.0065307 0.0169949 0.0124672 -0.0198542 0.00632342 0.0121923 0.00658684 -0.000412907
internal_weight=16861.4 15119.2 12340.7 12175.1 10422.4 1752.62 2778.52 245.314 28.6332 2533.21 1472.64 1060.57 165.63 146.486 216.681 1742.16 500.271 346.344 234.946
internal_count=57944 52262 40901 40397 34059 6338 11361 1257 131 10104 5762 4342 504 453 1126 5682 1632 1148 787
is_linear=0
shrinkage=0.05


Tree=61
num_leaves=20
num_cat=0
split_feature=1 9 1 8 9 6 9 9 11 14 20 12 11 8 14 4 6 5 12
split_gain=18.3966 22.1901 22.1857 43.8276 35.9682 36.2667 29.5708 22.9668 15.186 15.3355 18.5279 15.496 14.4661 14.4225 23.8248 14.2698 24.179 21.3407 11.0491
threshold=91003.373999999996 4724.0510000000004 91601.872000000018 4710.9410000000016 4706.4636666666684 0.0090045188121997289 4715.0180000000009 4674.8330000000014 0.026000000000000651 19.185600030363865 -0.2350000000001273 -1.3099999999999452 1.1208000000000025 4708.0090000000009 19.320171111558086 0.42699700000000002 0.0036834854954193833 -16.655000000006108 0.035000000000309235
decision_type=2 2 2 2 2 2 2 2 2 2 2 2 2 2 2 2 2 2 2
left_child=13 2 4 7 5 -2 -6 -4 18 10 -10 -11 -5 -1 15 17 -17 -15 -3
right_child=1 8 3 12 6 -7 -8 -9 9 11 -12 -13 -14 14 -16 16 -18 -19 -20
leaf_value=0.033886940182242517 0.034102726615344185 0.0007361837478200335 0.0018175729841296521 -0.048975883461421794 -0.0039248968598564098 -0.0084490745110371961 0.010292144051299362 -0.0044808983513270392 -0.02636851811595475 0.025545203757056552 0.034796783399543396 -0.0082009060995126472 0.014390738769415948 -0.0080890775087667215 -0.043756009316989697 0.032899152365494781 0.0067083672058251918 0.0039235880294254807 0.026221944169673401
leaf_weight=39.998316749930382 197.56424297392368 155.18903402984142 6766.9793066382408 59.127571538090706 721.0329245775938 67.07446214556694 742.27625718712807 1841.1244806498289 17.097667634487152 34.801449477672577 44.880419582128525 1511.7714558541775 10.625375211238859 419.71269915997982 26.260516405105591 97.318394631147385 932.47282072901726 3103.7393317520618 58.581090614199638
leaf_count=118 592 543 24409 233 2403 221 2359 6713 61 109 133 5308 37 1379 95 283 2894 9866 188
internal_value=0.00130496 0.000289447 0.00118079 0.000150575 0.00635459 0.0233177 0.00328682 0.000470439 -0.00480029 -0.00646422 0.0179233 -0.00744154 -0.0393233 0.0039931 0.003732 0.00400588 0.00918348 0.00249264 0.00772024
internal_weight=16847.6 12228.1 10405.8 8677.86 1727.95 264.639 1463.31 8608.1 1822.32 1608.55 61.9781 1546.57 69.7529 4619.5 4579.5 4553.24 1029.79 3523.45 213.77
internal_count=57944 43309 36967 31392 5575 813 4762 31122 6342 5611 194 5417 270 14635 14517 14422 3177 11245 731
is_linear=0
shrinkage=0.05


Tree=62
num_leaves=20
num_cat=0
split_feature=3 5 0 5 14 2 1 16 21 11 21 6 9 8 6 0 18 17 11
split_gain=17.7419 21.855 32.9262 26.9737 22.5282 43.9561 29.3589 18.6063 21.7667 22.64 33.3893 21.308 20.2208 18.1015 17.8441 16.3104 15.9209 14.6633 16.1146
threshold=0.024005999999999382 -1.0000000180025095e-35 -1.0000000180025095e-35 -0.014999999999417922 19.892788508624331 92945.306333333356 92921.833000000028 19.92044834809851 0.8253197782154339 0.43600000000000255 19.021748246280332 6.1191081256766592e-06 4665.8316666666669 4670.9930000000013 0.0033422500828544899 -1.0729916521956538e-05 0.0050394092319358394 1.0922050000000003 0.15453333333333449
decision_type=2 2 2 2 2 2 2 2 2 2 2 2 2 2 2 2 2 2 2
left_child=1 3 -3 17 6 -6 -4 8 12 11 -11 -10 16 -9 -14 -5 -2 18 -1
right_child=7 2 4 15 5 -7 -8 13 9 10 -12 -13 14 -15 -16 -17 -18 -19 -20
leaf_value=-0.007276401995115131 -0.054431504568611337 0.0063482544259662321 -0.0077847490590843386 0.0009781745155823013 0.036946735987598893 -0.0028305568604156377 -0.038524070285849227 -0.0081088665442693632 0.036023034275818044 0.0065807860705415144 0.047053729628100373 0.00014525240114064271 0.0036302397759007 0.0054672835641020791 0.013331548863141815 0.012391020513214128 0.025498151512659752 0.036509868538093349 -0.038844212405624662
leaf_weight=150.80893550813198 6.4664098173379889 681.1336404979229 1738.5636763647199 631.59845644235611 75.690102502703667 842.77819211035967 81.309454225003719 775.73074099421501 41.65234436839819 699.80672605335712 54.960810542106628 6420.28664342314 2853.347561955452 359.22929602861404 568.42028005421162 620.70848010480404 170.45736810564995 14.364516720175741 55.232945159077644
leaf_count=584 26 2081 6941 2001 282 3634 404 2844 131 2211 157 21271 9640 1260 1798 1852 561 49 217
internal_value=0.00124018 -0.00129615 -0.00348933 0.00379615 -0.00593632 0.000447452 -0.00915814 0.00227849 0.0029176 0.00133363 0.00952795 0.000376513 0.00609406 -0.00381184 0.00524181 0.00663497 0.0225768 -0.0123335 -0.0157387
internal_weight=16842.5 4892.19 3419.48 1472.71 2738.34 918.468 1819.87 11950.4 10815.4 7216.71 754.768 6461.94 3598.69 1134.96 3421.77 1252.31 176.924 220.406 206.042
internal_count=57944 18045 13342 4703 11261 3916 7345 39899 35795 23770 2368 21402 12025 4104 11438 3853 587 850 801
is_linear=0
shrinkage=0.05


Tree=63
num_leaves=20
num_cat=0
split_feature=12 21 11 1 13 4 17 20 2 10 4 5 13 11 21 11 5 10 3
split_gain=17.5521 25.3102 18.3432 17.5735 18.0903 17.2531 20.4731 16.8523 21.4137 20.1635 21.3127 16.0902 14.7891 21.8674 16.2055 13.9153 13.4129 13.3341 14.4053
threshold=0.019999999999981814 0.0036484310233705791 0.15253333333333577 89502.085000000021 0.007432152350435625 0.78180966666666751 2.0192050000000008 -0.55000000000063654 92954.886333333343 0.27240000000000136 0.0094213333333330266 -0.069999999999708948 0.0060937837355580227 0.092733333333334209 0.0014263321607884737 0.70946666666666836 29.404999999998839 0.016000000000000802 0.019469999999996612
decision_type=2 2 2 2 2 2 2 2 2 2 2 2 2 2 2 2 2 2 2
left_child=1 2 12 -3 11 7 16 8 -2 -9 -11 -5 14 -14 -1 -10 -7 -4 -19
right_child=5 3 17 4 -6 6 -8 9 15 10 -12 -13 13 -15 -16 -17 -18 18 -20
leaf_value=-0.029805694526188864 0.00091368575594286431 0.031124854100770524 0.022636803687958895 -0.0030386891644950433 0.010180767977050776 0.0270255993640738 -0.0097897977525144772 0.0065661672282309362 -0.018714726586845216 0.046619560549295877 -0.004334443924289103 0.0015928591410757011 0.041653305591046394 -0.027219805834207352 -0.0093952603242101196 0.031078437253645258 -0.0070676029926303313 -0.011491147785222488 0.0068773683645330834
leaf_weight=112.07947033643723 1500.0556881651282 47.939211383461952 64.596368096768856 2614.4280266836286 485.94070434570312 198.901512414217 64.322004944086075 2924.6392417773604 215.11138668656349 21.150975078344345 690.27402366697788 6632.1277419030666 31.014978244900703 18.339898124337196 735.09949997067451 15.010166198015211 33.742758423089981 200.89351054280996 227.73601453006268
leaf_count=441 5085 140 224 9282 1527 592 210 9845 853 74 2305 22736 97 71 2778 50 110 764 760
internal_value=0.00117866 2.90554e-05 -0.00628483 0.000926233 0.000777484 0.00344616 0.0151777 0.00279695 -0.001265 0.00472977 -0.00281956 0.000283307 -0.0105455 0.0160606 -0.0120955 -0.0154669 0.0220807 0.00145974 -0.00173173
internal_weight=16833.4 11170.2 1389.76 9780.44 9732.5 5663.21 296.966 5366.24 1730.18 3636.06 711.425 9246.56 896.534 49.3549 847.179 230.122 232.644 493.226 428.63
internal_count=57944 38820 5135 33685 33545 19124 912 18212 5988 12224 2379 32018 3387 168 3219 903 702 1748 1524
is_linear=0
shrinkage=0.05


Tree=64
num_leaves=20
num_cat=0
split_feature=11 8 10 17 8 12 4 9 9 2 14 11 16 8 10 6 6 4 0
split_gain=16.9936 15.2367 24.5291 27.3753 15.8623 13.8764 13.8269 13.5013 20.3342 14.9009 13.191 13.2206 26.0778 13.1114 12.7475 12.8514 11.9376 13.3205 13.1163
threshold=0.0066666666666674989 4674.1190000000015 0.0034000000000003589 0.016264999999999953 4661.7410000000009 -0.37999999999965434 0.0060799999999997948 4670.4803333333339 4670.0990000000011 92749.304666666678 18.812165302212637 0.0088666666666683564 19.861637797122761 4661.7410000000009 0.79730000000000167 0.0083523727727924952 0.0052110330559456399 0.64629866666666658 -1.0731981220368779e-05
decision_type=2 2 2 2 2 2 2 2 2 2 2 2 2 2 2 2 2 2 2
left_child=1 2 7 4 -4 -5 13 8 -1 -9 14 12 -12 -2 15 -8 18 -18 -3
right_child=6 16 3 5 -6 -7 10 9 -10 -11 11 -13 -14 -15 -16 -17 17 -19 -20
leaf_value=0.0049975978751226179 -0.065752069615141573 -0.0010119563695153142 0.033470882004200418 -0.04233322408599826 -0.023621566891442076 0.0033731495881360175 0.018338314940272753 0.049171995698615238 -0.037612144764773606 0.011602176874106612 0.025216995495333707 0.0014548232986518795 0.0011783886282413167 -0.0074701000615548857 -0.027624471730975639 0.069997954601296861 0.034241079977119941 -0.021263300860452059 -0.019731277538004861
leaf_weight=272.81353130191565 10.028206154704092 136.80974128842354 12.855364829301832 17.439353227615356 226.87585707753897 347.49051371216774 49.470633625984192 30.844404347240925 31.201662942767143 182.84221960604191 175.94895792752504 14394.549056135118 314.45807579904795 255.74728906899691 10.84391365945339 15.910973742604254 28.288220852613449 17.494570821523666 296.13178661465645
leaf_count=979 49 454 45 69 902 1243 149 103 124 646 575 48903 1149 1056 37 42 85 62 1272
internal_value=0.00112007 -0.00377992 -0.00059438 -0.00743393 -0.02056 0.00118892 0.00163529 0.00739402 0.000624478 0.0170252 0.00183611 0.00172987 0.009803 -0.00966919 0.0225828 0.03091 -0.0112484 0.0130317 -0.013816
internal_weight=16828 1601.09 1122.36 604.661 239.731 364.93 15227 517.702 304.015 213.687 14961.2 14885 490.407 265.775 76.2255 65.3816 478.724 45.7828 432.942
internal_count=57944 5984 4111 2259 947 1312 51960 1852 1103 749 50855 50627 1724 1105 228 191 1873 147 1726
is_linear=0
shrinkage=0.05


Tree=65
num_leaves=20
num_cat=0
split_feature=6 5 5 6 4 8 3 21 7 12 3 3 13 6 3 21 4 14 20
split_gain=16.0536 20.2299 19.2477 28.6302 22.5684 19.8356 15.5434 18.8155 14.8222 18.0668 13.975 13.7886 16.492 19.012 14.5217 24.7605 14.6441 14.1712 13.0256
threshold=7.9293644699941461e-06 -1.0000000180025095e-35 -0.019999999996798575 0.00060658318646472707 0.26105633333333439 4764.0230000000001 0.0033629999999987372 0.0015882785697613462 0.0025419043540142465 0.36500000000023652 0.085924999999993437 0.7749269999999967 0.0093734277770954246 0.0077889261709648437 0.028112999999998896 0.99510001534835146 0.83278833333333446 19.235232231664927 0.009999999997035049
decision_type=2 2 2 2 2 2 2 2 2 2 2 2 2 2 2 2 2 2 2
left_child=1 8 3 -2 5 -5 7 -3 9 -1 -6 14 13 -13 16 -16 -4 -14 -9
right_child=2 6 11 4 10 -7 -8 18 -10 -11 -12 12 17 -15 15 -17 -18 -19 -20
leaf_value=0.0038657678185769016 -0.023088099868319414 -0.043410585256555008 0.0004849224789794358 -0.002606337346157275 -0.0097182638409946398 -0.035837353411432384 -0.003272487748475183 -0.0021384049245523388 0.023119982333612194 -0.035109817268175796 0.0059288046485249674 -0.014636476616952082 -0.021073723497816738 0.0064993734500155848 0.0087318885773794968 0.002191760376426597 0.04265902018954848 -0.094720686545924207 -0.028449917367204314
leaf_weight=598.21359433233738 142.44539568573236 51.137120202183723 3314.7466709464788 2515.2363241761923 158.42750078439713 45.721557974815369 1719.3500953763723 160.67457499355078 94.96256186068058 31.287950113415718 1437.5420432984829 183.97025413811207 34.444951087236404 252.32546775043011 2446.602861687541 3542.8106367588043 20.711789354681969 8.0603391230106336 66.507670752704144
leaf_count=1851 594 227 11900 9046 542 164 6616 674 278 107 4650 620 115 787 7952 11419 62 32 308
internal_value=0.00106418 -0.00245124 0.00174272 -0.00104658 -0.00029128 -0.00319962 -0.00504697 -0.016009 0.00470634 0.00192857 0.00437556 0.00296596 -0.00530927 -0.00241286 0.00339087 0.00486332 0.000746806 -0.0350395 -0.00984111
internal_weight=16825.2 2722.13 14103 4299.37 4156.93 2560.96 1997.67 278.319 724.464 629.502 1595.97 9803.67 478.801 436.296 9324.87 5989.41 3335.46 42.5053 227.182
internal_count=57944 10061 47883 14996 14402 9210 7825 1209 2236 1958 5192 32887 1554 1407 31333 19371 11962 147 982
is_linear=0
shrinkage=0.05


Tree=66
num_leaves=20
num_cat=0
split_feature=12 21 11 13 1 5 9 0 10 3 11 11 4 3 10 2 14 14 9
split_gain=15.3731 21.1324 17.1944 15.3775 15.9794 14.5453 14.3315 14.0999 13.2023 13.6878 13.1175 13.8987 13.7037 20.5665 12.9654 12.8087 19.6025 20.2114 12.685
threshold=0.030000000000200092 0.0036484310233705791 0.15253333333333577 0.007432152350435625 89502.085000000021 -0.069999999999708948 4762.2693333333345 -1.0752788753842777e-05 0.016000000000000802 0.019469999999996612 0.0032000000000009629 0.0066666666666674989 0.78180966666666751 0.57334099999999633 0.0072000000000007553 92598.388000000021 19.789646282421618 19.292589529916491 4669.8996666666671
decision_type=2 2 2 2 2 2 2 2 2 2 2 2 2 2 2 2 2 2 2
left_child=1 2 6 4 -3 -6 7 -1 -4 -10 15 14 -13 -14 -12 16 17 -2 -16
right_child=10 3 8 -5 5 -7 -8 -9 9 -11 11 12 13 -15 18 -17 -18 -19 -20
leaf_value=0.0034065361607160736 0.070405106717917734 0.030233959459299145 0.022082527613960977 0.0093893299853855718 -0.0029441881221006702 0.0014228021033986056 0.059436494486543381 -0.013166147485180097 -0.010975317335782796 0.0068054868869201748 -0.023048796200948008 0.0026689380387653261 0.03207565944332879 0.0038000853219151299 0.039411271189409139 0.0098286656594362889 0.096880669896524926 -0.036941743498517803 -0.011302682616382044
leaf_weight=154.50193753838539 8.4158365428447777 44.469703853130341 68.600058443844318 493.08584746718407 2655.8211362287402 6760.5639731809497 7.4144353419542304 758.02371149510145 203.53063272684813 231.17060181498528 96.765892326831818 4903.9563907459378 101.05830234289169 176.85314802825451 19.788355052471161 78.550106108188629 12.246425479650496 9.154755085706709 32.716082274913788
leaf_count=481 24 131 237 1553 9438 23193 20 2979 776 770 369 16583 298 556 62 282 34 35 123
internal_value=0.00101146 -3.38415e-05 -0.00573267 0.000780992 0.000332338 0.000191125 -0.00979765 -0.0103602 0.00169735 -0.00151963 0.00319781 0.00284774 0.00328104 0.0140821 -0.0121942 0.0204196 0.0483203 0.0144745 0.00781086
internal_weight=16816.7 11377.2 1423.24 9953.94 9460.85 9416.39 919.94 912.526 503.301 434.701 5439.51 5331.14 5181.87 277.911 149.27 108.367 29.817 17.5706 52.5044
internal_count=57944 39578 5263 34315 32762 32631 3480 3460 1783 1546 18366 17991 17437 854 554 375 93 59 185
is_linear=0
shrinkage=0.05


Tree=67
num_leaves=20
num_cat=0
split_feature=11 2 1 11 18 11 8 1 6 4 0 1 14 10 15 4 8 2 13
split_gain=14.8315 13.8217 14.8928 15.123 16.6245 12.4929 20.0719 26.5059 22.3501 14.3716 16.9991 14.9725 13.6225 12.6099 11.5492 11.2687 25.8873 15.0821 10.6593
threshold=0.0066666666666674989 93004.716333333345 92972.11500000002 0.0063333333333342743 0.97800774577971838 0.0088666666666683564 4752.3960000000006 92644.297000000006 0.010043206589911516 0.0060799999999997948 -1.0807944067492413e-05 92798.124000000011 18.812165302212637 0.79730000000000167 0.0043196469485362607 0.076959000000000902 4670.3850000000011 92981.349000000031 0.0077149889081668957
decision_type=2 2 2 2 2 2 2 2 2 2 2 2 2 2 2 2 2 2 2
left_child=1 2 3 4 -1 6 7 14 -9 10 -7 -12 13 -11 -2 16 -4 -17 -14
right_child=5 -3 15 -5 -6 9 -8 8 -10 12 11 -13 18 -15 -16 17 -18 -19 -20
leaf_value=-0.0034271551535461778 0.031178491778522884 -0.0089903886147726843 -0.041958871483455729 -0.033952689750175256 0.01867760858033372 0.029785598778498786 -0.084338280383425571 0.00029320123476486113 0.082231635349063803 0.031186455881314114 -0.025920099386974871 0.0011172767096178683 0.00089453319637174469 -0.027127735801083769 -0.012504036266944669 0.074093338453509336 0.024952069651372786 0.016513845404280369 0.0062799461301288459
leaf_weight=660.35172774642706 147.13634923100471 684.88611605018377 21.586868062615395 35.537845849990845 97.63446132838726 23.069058179855347 5.6870683282613745 339.31684622913599 8.5315733104944211 63.674149304628372 131.30880715698004 83.934988364577293 13396.371217288077 10.850250244140623 16.865791648626328 16.19277586042881 43.756807111203671 38.206322148442268 986.48012033104897
leaf_count=2452 477 2648 92 139 326 68 22 1255 22 187 590 341 45730 37 58 45 155 127 3173
internal_value=0.000961169 -0.00362091 0.000405815 -0.00207449 -0.000579891 0.00144252 0.00907763 0.0101156 0.00230288 0.00117363 -0.011005 -0.0153768 0.00137438 0.0226963 0.0266862 0.0168425 0.00284744 0.0336533 0.0012639
internal_weight=16811.4 1598.15 913.267 793.524 757.986 15213.2 517.538 511.851 347.848 14695.7 238.313 215.244 14457.4 74.5244 164.002 119.743 65.3437 54.3991 14382.9
internal_count=57944 5984 3336 2917 2778 51960 1834 1812 1277 50126 999 931 49127 224 535 419 247 172 48903
is_linear=0
shrinkage=0.05


Tree=68
num_leaves=20
num_cat=0
split_feature=0 0 6 4 0 6 0 0 13 3 11 6 4 0 19 13 19 9 6
split_gain=14.1453 25.7448 13.5031 19.5727 16.2848 20.348 17.1291 12.8605 12.7162 10.6418 10.0781 9.60255 11.3462 11.7934 9.48798 19.2039 15.8289 9.3797 9.1596
threshold=1.1173121938767851e-05 1.0000000180025095e-35 0.020703829241486015 0.55768366666666769 -1.1146631095915181e-05 0.016576691680213848 -0.0082028648561383016 1.0744601408596567e-05 0.0011033185887984384 0.5141029999999942 0.066800000000002621 0.011676126079509207 1.230724000000001 0.0071326114085445988 0.84264867142620725 0.0051709101100793171 0.97087375891538719 4750.6260000000011 0.0034585921572437136
decision_type=2 2 2 2 2 2 2 2 2 2 2 2 2 2 2 2 2 2 2
left_child=1 2 4 -4 6 -6 -1 8 -3 -5 -10 12 13 17 15 -9 -16 -2 -15
right_child=11 7 3 9 5 -7 -8 14 10 -11 -12 -13 -14 18 16 -17 -18 -19 -20
leaf_value=0.0024257281766249389 0.012878905708819138 -0.029713601274909487 -0.03031020754940765 0.067633525363392663 0.0021541363816734924 -0.031250009303202271 -0.0075543503646987604 -0.0025674765405494767 0.0042367346608062411 0.021556025914201821 -0.022152278313938782 -0.0030247772908723125 0.033954593137887873 -0.013227476935230853 -0.012550992406329842 0.013977046649056666 -0.00031654708156681654 -0.0030427996301454424 0.0036973520851964672
leaf_weight=762.11242651939392 625.10139828920364 90.900105252861977 15.385711461305617 16.100201904773712 10428.053589835763 45.789281278848648 986.41627199947834 1268.0786223188043 92.610978171229362 56.520079389214516 59.377212770283222 294.27022525668144 37.711019739508629 93.059571385383606 533.45395566523075 203.55139213055372 524.13534694164991 108.5673501342535 567.06557980179787
leaf_count=2593 2093 508 52 41 34146 156 3746 5076 442 167 307 950 113 316 2248 686 2094 368 1842
internal_value=0.000913288 0.000422639 0.00140291 0.0209181 0.0012624 0.0020081 -0.00320444 -0.00393056 -0.0149202 0.0317716 -0.00607266 0.00520133 0.00689235 0.00616014 -0.0028752 -0.000279088 -0.00648767 0.0105228 0.00131141
internal_weight=16808.3 15082.5 12310.4 88.006 12222.4 10473.8 1748.53 2772.11 242.888 72.6203 151.988 1725.78 1431.5 1393.79 2529.22 1471.63 1057.59 733.669 660.125
internal_count=57944 52262 40901 260 40641 34302 6339 11361 1257 208 749 5682 4732 4619 10104 5762 4342 2461 2158
is_linear=0
shrinkage=0.05


Tree=69
num_leaves=20
num_cat=0
split_feature=1 8 10 2 13 10 17 15 0 12 5 8 14 13 14 20 12 21 13
split_gain=14.0193 21.6098 20.0408 19.4753 20.1599 17.9518 16.6097 24.347 21.2568 20.9958 15.427 13.9635 15.5977 16.6161 14.5869 15.0548 15.5021 14.5897 14.0813
threshold=91003.373999999996 4730.5990000000011 5.0634000000000023 91270.028666666665 0.0062512788699147998 1.6826000000000019 0.035015000000000011 -1.0000000180025095e-35 -1.0986596954420945e-05 0.075000000000272862 -2.3799999999973802 4709.4650000000011 19.309007636996846 0.0032210503558451737 19.320171111558086 -19.110000000000124 0.20999999999958166 3.8407345732735583 0.00075389730129080828
decision_type=2 2 2 2 2 2 2 2 2 2 2 2 2 2 2 2 2 2 2
left_child=11 6 3 5 -5 -3 7 -2 -8 -10 -9 12 -1 18 15 16 -13 -17 -14
right_child=1 2 -4 4 -6 -7 8 10 9 -11 -12 14 13 -15 -16 17 -18 -19 -20
leaf_value=0.076493253588222926 0.0030489650038228958 -0.0028648066255008266 0.06073817311941411 -0.017486872445198611 -0.08450566840117163 -0.046775756711467262 -0.005763858111448748 -0.01472552582488823 0.0012953400518495087 0.0078689626415308338 -0.0031661529228580727 -0.0097260651515701582 0.044156314935970858 0.037417285053506749 -0.051505831298912091 0.0024606058210462581 0.0094612311856603765 0.0099263017491643679 -0.019362120292797203
leaf_weight=11.406905785202978 1718.5246215611696 784.39187975227833 10.817290127277372 196.20051861554384 11.901808455586432 23.987450256943703 735.69137677550316 324.8514092862606 4068.0944968685508 1731.7723561897874 2589.217006675899 409.27215264737606 11.264639586210249 42.751067742705345 12.331374391913412 3105.7905217856169 141.72196583449841 829.09544758498669 38.707286044955254
leaf_count=29 5753 2696 31 733 50 89 2931 1284 13977 5800 9965 1340 34 126 46 9911 437 2581 131
internal_value=0.000868152 -1.92031e-05 -0.00695887 -0.0076793 -0.0213198 -0.0041678 0.00061914 -0.00167115 0.00224256 0.00325815 -0.00445476 0.0032195 0.0213208 0.0145334 0.00280047 0.00294975 -0.00479087 0.00403366 -0.00504384
internal_weight=16797.8 12195.5 1027.3 1016.48 208.102 808.379 11168.2 4632.59 6535.56 5799.87 2914.07 4602.34 104.13 92.723 4498.21 4485.88 550.994 3934.89 49.9719
internal_count=57944 43309 3599 3568 783 2785 39710 17002 22708 19777 11249 14635 320 291 14315 14269 1777 12492 165
is_linear=0
shrinkage=0.05


Tree=70
num_leaves=20
num_cat=0
split_feature=6 5 5 6 11 13 2 3 0 21 17 7 3 9 14 2 4 3 12
split_gain=13.2455 17.908 15.0429 25.857 20.9589 34.0621 18.7002 14.6303 13.756 25.5249 15.6172 13.2766 12.9892 18.5771 17.3761 15.687 12.2958 15.5371 11.7141
threshold=7.9293644699941461e-06 -1.0000000180025095e-35 -0.019999999996798575 0.00060658318646472707 0.10086666666666756 0.00091947702405667314 89557.376333333334 0.00051999999999937394 -1.0747286216528094e-05 0.0054185659849163726 0.0064149999999999511 0.0042268731918482247 0.73850099999999419 4671.1406666666671 19.867152658226068 91035.252333333352 0.78180966666666751 0.0099509999999965199 0.36500000000023652
decision_type=2 2 2 2 2 2 2 2 2 2 2 2 2 2 2 2 2 2 2
left_child=1 11 3 -2 6 -6 -5 -3 9 -9 -10 18 16 14 -14 -15 -4 -18 -1
right_child=2 7 12 4 5 -7 -8 8 10 -11 -12 -13 13 15 -16 -17 17 -19 -20
leaf_value=0.0038323130274524313 -0.022059051584044056 -0.042535769034135584 0.0026850199136660017 0.031444745246372446 0.021891742267147039 0.001047218045373304 -0.0044816998190134235 -0.0068355842843099424 -0.016226172772015632 0.028502451784479813 -0.0036517268745892002 0.02547348749027541 0.044816726777310932 -0.0015289306276506198 -0.0020530610847475654 -0.020922813556086356 0.079322726823914516 0.012202261006125766 -0.025061085137869372
leaf_weight=618.46924252808094 141.30971860140562 25.381384968757629 9066.9917757660151 36.872888490557671 219.27117788791656 1845.6584743261337 2047.8785543814301 123.9252711981535 297.2092015221715 86.955161944031715 1459.4704560786486 67.553641274571419 32.767341926693916 259.0202566832304 49.870824232697487 174.52146627008915 9.0316555798053724 190.01344729959965 37.188772231340408
leaf_count=1915 594 121 30587 108 717 6154 7423 392 1355 249 5708 197 93 829 163 593 25 597 124
internal_value=0.000825202 -0.00237153 0.00144218 -0.00102602 -0.000309779 0.00326066 -0.00384627 -0.00481722 -0.00433065 0.00773582 -0.00577917 0.00436802 0.00252486 -0.00519464 0.0165316 -0.0093359 0.00295488 0.0152478 0.00219349
internal_weight=16789.4 2716.15 14073.2 4290.99 4149.68 2064.93 2084.75 1992.94 1967.56 210.88 1756.68 723.212 9782.22 516.18 82.6382 433.542 9266.04 199.045 655.658
internal_count=57944 10061 47883 14996 14402 6871 7531 7825 7704 641 7063 2236 32887 1678 256 1422 31209 622 2039
is_linear=0
shrinkage=0.05


Tree=71
num_leaves=20
num_cat=0
split_feature=4 16 2 5 0 12 10 17 13 0 17 0 9 1 0 17 11 18 5
split_gain=12.7842 16.7326 22.5473 27.7021 20.0025 19.2972 19.9757 16.6255 15.7722 10.9371 13.7514 14.37 14.1237 13.4138 12.705 13.3587 12.1578 12.0605 11.9442
threshold=0.055904333333333334 18.842623585798425 90609.622666666677 -0.014999999999417922 -1.0748908141344769e-05 -0.63999999999987256 0.52470000000000094 0.023935000000000005 0.0041931239043225188 -1.102784111250976e-05 0.93126000000000009 -1.1040503417047985e-05 4669.640666666668 90960.706000000006 -1.0000000180025095e-35 1.0715250000000001 0.033600000000000942 0.71575750521241388 -13.995000000002618
decision_type=2 2 2 2 2 2 2 2 2 2 2 2 2 2 2 2 2 2 2
left_child=1 8 5 7 -5 -3 -7 -4 -1 10 11 13 18 -2 15 17 -17 -11 -12
right_child=9 2 3 4 -6 6 -8 -9 -10 14 12 -13 -14 -15 -16 16 -18 -19 -20
leaf_value=-0.044417270646554263 0.00031310476791670513 -0.04642721518874824 -0.028896405858665299 0.0057886880894150727 -0.0022749470136159597 0.012696093479106269 0.064285076923969869 -0.0073511306583184059 0.019668887601611632 0.010103412447399356 -0.053917737741590956 -0.042395074498829344 0.0071732903541882791 -0.010001687185036865 0.0015238856830241639 -0.064380925435634603 -0.0048721823046651846 0.00084523249387940353 -0.00030345327744436238
leaf_weight=40.426270082592964 794.04624959826469 12.488973706960676 129.05832339078188 977.89924497902393 3601.2304820343852 204.79716803133488 20.656737953424454 292.4020676612854 12.590910717844961 1192.3532292544842 17.878703817725182 24.543288201093674 512.23117737472057 522.65023446083069 7765.2059827297926 9.2024833112955076 127.47274765372276 498.97324791550636 24.794591680169106
leaf_count=148 2558 46 562 3034 13909 643 55 1204 39 3664 75 86 1691 2096 26017 34 408 1573 102
internal_value=0.000784315 -0.00124924 -0.000966386 -0.00168193 -0.000552912 0.0140715 0.0174228 -0.0139487 -0.0291976 0.00172089 -0.00174902 -0.00448785 0.00487089 -0.00378125 0.00240674 0.00615702 -0.00887897 0.00737207 -0.0227661
internal_weight=16780.9 5291.55 5238.53 5000.59 4579.13 237.943 225.454 421.46 53.0172 11489.4 1896.14 1341.24 554.904 1316.7 9593.21 1828 136.675 1691.33 42.6733
internal_count=57944 19640 19453 18709 16943 744 698 1766 187 38304 6608 4740 1868 4654 31696 5679 442 5237 177
is_linear=0
shrinkage=0.05


Tree=72
num_leaves=20
num_cat=0
split_feature=11 10 17 9 11 8 8 11 8 1 6 4 0 1 14 5 1 14 16
split_gain=12.3276 13.8897 30.4475 18.8852 17.575 15.811 12.0971 11.7321 17.9872 23.7615 19.9362 12.5066 15.0658 13.5284 12.1609 12.3679 11.5776 11.486 11.408
threshold=0.0066666666666674989 0.0035999999999998221 0.016264999999999953 4674.1303333333344 0.0058666666666675827 4661.7410000000009 4672.0510000000013 0.0088666666666683564 4752.3960000000006 92644.297000000006 0.010043206589911516 0.0060799999999997948 -1.0807944067492413e-05 92798.124000000011 18.812165302212637 4.8649999999979636 92753.435000000012 19.789646282421618 19.878757477022422
decision_type=2 2 2 2 2 2 2 2 2 2 2 2 2 2 2 2 2 2 2
left_child=1 3 5 6 16 -3 17 8 9 -2 -11 12 -9 -14 15 -13 -5 -1 -16
right_child=7 2 -4 4 -6 -7 -8 11 -10 10 -12 14 13 -15 18 -17 -18 -19 -20
leaf_value=0.055635179367364646 0.025284194613916379 0.032380777682752285 -0.00064754971318861578 0.010020652191647489 0.058957553792295725 -0.024485813277555266 0.023208438706606924 0.028139553594306116 -0.079496921758495639 0.00027592670444257617 0.07799424635040067 0.03067382986674351 -0.024688572248758756 0.0010792874394035903 0.00025111284677434314 -0.023395439176635204 -0.015060094223823779 0.0019906147418534913 0.0036371455284204424
leaf_weight=10.211837835609911 163.67730643600225 12.830029129981993 456.70882799476385 55.862150564789772 9.3387601524591428 258.44139957427979 91.111175328493118 22.820086896419525 5.7306444346904746 338.36584606766701 8.4577915817499143 61.199898242950439 130.09742184728384 83.711573161184788 11150.920061439276 12.785952836275099 260.96305298060179 436.39903295040131 3201.7630875632167
leaf_count=34 535 45 1661 190 30 1054 312 68 22 1255 22 180 590 341 37416 44 1071 1587 11487
internal_value=0.000745506 -0.0034405 -0.00852831 0.0008469 -0.00864523 -0.0217963 0.0066045 0.00118449 0.00859286 0.00958171 0.0021712 0.000923673 -0.0104781 -0.0145998 0.00111069 0.0213298 -0.0106379 0.00321721 0.00100646
internal_weight=16771.4 1591.87 727.98 863.886 326.164 271.271 537.722 15179.5 516.232 510.501 346.824 14663.3 236.629 213.809 14426.7 73.9859 316.825 446.611 14352.7
internal_count=57944 5984 2760 3224 1291 1099 1933 51960 1834 1812 1277 50126 999 931 49127 224 1261 1621 48903
is_linear=0
shrinkage=0.05


Tree=73
num_leaves=20
num_cat=0
split_feature=6 14 3 11 10 12 11 21 13 6 1 4 11 8 16 1 11 8 11
split_gain=12.1506 11.4274 13.2672 12.409 20.0361 10.707 14.1587 14.2952 13.3013 15.2988 13.553 11.0696 10.6583 9.7105 9.41629 9.36373 11.6082 11.3997 7.60805
threshold=3.4120895346675965e-06 19.973032524794473 0.0040039999999961799 0.074866666666667928 0.016000000000000802 0.030000000000200092 0.0032000000000009629 0.003016824494383777 0.0078588040783400918 7.1969028086278561e-06 89502.085000000021 0.64629866666666658 0.004800000000000579 4666.6410000000005 19.983232513278598 93226.43700000002 0.044800000000001013 4668.5210000000015 0.14840000000000056
decision_type=2 2 2 2 2 2 2 2 2 2 2 2 2 2 2 2 2 2 2
left_child=12 5 13 4 -4 8 7 -7 10 -10 -2 -8 -1 -3 -5 16 17 -14 -18
right_child=1 2 3 14 -6 6 11 -9 9 -11 -12 -13 15 -15 -16 -17 18 -19 -20
leaf_value=-0.059513424947166355 0.026300142203645634 -0.069322124809260949 -0.015240478288251307 -0.034042110342770812 0.024608303747590311 0.071917936809514693 0.0018074533585306267 0.014286280739120992 -0.035196450067788161 0.010038737085106404 -0.00040421408119644216 0.010784969652200306 0.032604400591149413 -0.0011173363955906894 0.0021432224165455322 0.046947719396962184 -0.057098451495680463 -0.017666449890349274 -0.0092415384245458001
leaf_weight=12.616714656352995 47.727310970425606 15.316695451736452 67.058194123208523 52.550389483571053 59.563144639134407 12.145268529653547 4855.4252432510257 94.33073727786541 19.479054018855095 462.31113204360008 10577.042317688465 369.4980600476265 17.780633196234703 7.9154622405767432 27.328009247779846 6.5883652567863455 20.062591768801212 30.832023903727531 14.170376032590864
leaf_count=55 143 70 260 210 202 38 16500 329 75 1467 36988 1151 59 29 97 21 83 117 50
internal_value=0.000708245 0.000813557 -0.0102608 -0.00623055 0.00350454 0.000968329 0.00281016 0.0208601 8.4209e-05 0.00820985 -0.000284256 0.00244233 -0.016492 -0.046084 -0.0216624 -0.0104228 -0.0149853 0.000720686 -0.0372886
internal_weight=16769.7 16667.7 229.732 206.5 126.621 16438 5331.4 106.476 11106.6 481.79 10624.8 5224.92 102.051 23.2322 79.8784 89.434 82.8456 48.6127 34.233
internal_count=57944 57559 868 769 462 56691 18018 367 38673 1542 37131 17651 385 99 307 330 309 176 133
is_linear=0
shrinkage=0.05


Tree=74
num_leaves=20
num_cat=0
split_feature=3 14 14 9 5 11 0 21 9 5 9 20 16 21 6 3 11 14 16
split_gain=11.4346 18.5099 38.4444 31.4281 25.7961 25.0423 22.7359 22.7124 18.7533 18.0421 18.1373 16.2196 14.3534 18.543 19.0189 25.179 19.9659 18.6238 29.6926
threshold=0.024005999999999382 19.892788508624331 19.903887580299791 4673.0010000000011 -1.0000000180025095e-35 0.21566666666666903 -1.0798487704022362e-05 0.33661255390458317 4667.7176666666683 -0.014999999999417922 4668.8916666666682 -0.55000000000063654 19.92044834809851 0.8253197782154339 6.1191081256766592e-06 0.047976999999996099 0.43600000000000255 19.87944336636081 19.899879808207327
decision_type=2 2 2 2 2 2 2 2 2 2 2 2 2 2 2 2 2 2 2
left_child=1 4 3 5 9 -3 -6 -8 -4 10 -1 -10 13 17 15 -15 -16 -2 -19
right_child=12 2 8 -5 6 -7 7 -9 11 -11 -12 -13 -14 14 16 -17 -18 18 -20
leaf_value=0.035410752500634191 0.0034192477600915698 0.028795828896501032 -0.011016099331383753 -0.002258150947672012 0.0068383781052279548 0.099779100857409472 -0.013090914379918868 -0.0021868649049102038 -0.022556367034211447 0.0063485592030758896 -0.016484806164203673 0.0043284525273246778 -0.0038540485611299503 -0.024338879977293275 -0.00049698430251183764 0.060045315707501837 0.0081231597019139345 0.027148030551029986 0.0040670421160591708
leaf_weight=18.782908350229263 3001.3374845534563 138.89615379273891 312.87260919809341 88.882513612508774 277.55243122577667 13.645884081721304 1123.1857233792543 830.80123116075993 59.322482153773308 807.57247833907604 162.47446992248297 1032.8664279058576 1129.6328992694616 12.725155256688593 6394.16002599895 28.954824060201645 750.5905613899231 230.32900521159172 352.73143374919891
leaf_count=73 10029 474 1216 354 850 39 4701 3101 244 2496 614 3883 4104 47 21271 84 2368 755 1241
internal_value=0.000672871 -0.0013689 0.00294352 0.0213752 -0.00357372 0.0351457 -0.00655259 -0.0084547 -0.000223494 0.00314885 -0.0111071 0.0028682 0.00150788 0.00207023 0.000605065 0.0342823 0.000408603 0.00500778 0.0131848
internal_weight=16767.3 4866.86 1646.49 241.425 3220.37 152.542 2231.54 1953.99 1405.06 988.83 181.257 1092.19 11900.5 10770.8 7186.43 41.68 7144.75 3584.4 583.06
internal_count=57944 18045 6210 867 11835 513 8652 7802 5343 3183 687 4127 39899 35795 23770 131 23639 12025 1996
is_linear=0
shrinkage=0.05


Tree=75
num_leaves=20
num_cat=0
split_feature=1 9 9 4 16 13 4 16 1 11 12 8 14 13 21 21 2 5 4
split_gain=11.275 20.2913 18.6062 21.1952 38.6979 13.875 21.3012 18.4336 13.7435 19.2304 12.9184 12.8805 14.5248 15.1029 13.9468 25.4475 20.5443 17.0993 15.7387
threshold=91003.373999999996 4724.0510000000004 4720.5860000000002 0.55768366666666769 19.28150136494892 0.0082009861742736341 0.10695799999999937 19.292488053461145 91324.26400000001 0.030266666666668083 -1.3099999999999452 4709.4650000000011 19.309007636996846 0.0032210503558451737 1.3927061700631873 3.5857227987937841 89502.803000000014 -31.434999999997668 0.41544766666666738
decision_type=2 2 2 2 2 2 2 2 2 2 2 2 2 2 2 2 2 2 2
left_child=11 2 5 -4 -5 7 -7 -2 9 -3 -11 12 -1 -14 18 16 -16 -17 -13
right_child=1 8 3 4 -6 6 -8 -9 -10 10 -12 14 13 -15 15 17 -18 -19 -20
leaf_value=0.07409188118687994 -0.073080675784953752 0.010846523262228444 0.021555838051532626 0.058147362939191052 -0.081653692729861935 -0.0031230096500455651 0.032782251850301661 0.00022646310968272191 -0.018451558809384216 0.024310885668467546 -0.0063960901052043245 0.0037277350812497272 -0.0049784105216298868 0.035653434740679217 0.042177648886544239 -0.018204424082510898 -0.0054902523032850457 0.007391484472099189 0.017003758363553497
leaf_weight=11.156282290816305 8.5828312933444959 201.43387389183044 176.87943701446056 7.7552432417869595 13.684657648205755 82.881265453994274 82.349832892417908 9981.544872328639 172.70898707956076 35.106919750571251 1404.9743848368526 1818.4779688417912 49.793909415602684 42.296749442815781 22.987685412168503 69.954819038510323 1353.0351416915655 970.03673233091831 254.48105248808861
leaf_count=29 34 679 545 21 54 295 253 35765 653 109 4901 5815 165 126 67 233 4379 3044 777
internal_value=0.000639363 -0.000157335 0.000697367 0.015865 -0.0310848 0.000401166 0.0147719 0.000163483 -0.00503508 -0.00362348 -0.0056475 0.00275036 0.020211 0.0136836 0.00234876 -0.000232786 -0.00469392 0.00566978 0.00535753
internal_weight=16760.1 12167.9 10353.7 198.319 21.4399 10155.4 165.231 9990.13 1814.22 1641.52 1440.08 4592.22 103.247 92.0907 4488.97 2416.01 1376.02 1039.99 2072.96
internal_count=57944 43309 36967 620 75 36347 548 35799 6342 5689 5010 14635 320 291 14315 7723 4446 3277 6592
is_linear=0
shrinkage=0.05


Tree=76
num_leaves=20
num_cat=0
split_feature=11 12 9 10 17 9 11 8 1 6 21 4 0 1 14 10 16 6 4
split_gain=11.096 13.2017 13.9596 19.5868 22.346 11.9488 10.7952 16.2464 21.4331 18.1799 10.9331 10.7382 13.3944 12.1306 10.0958 11.8602 10.3447 9.78378 13.625
threshold=0.0066666666666674989 -0.55499999999983618 4674.1303333333344 0.0034000000000003589 0.016264999999999953 4670.4803333333339 0.0088666666666683564 4752.3960000000006 92644.297000000006 0.010043206589911516 0.003203666346484483 0.0060799999999997948 -1.0807944067492413e-05 92798.124000000011 18.812165302212637 0.79730000000000167 19.878757477022422 0.0051644421341031999 0.64629866666666658
decision_type=2 2 2 2 2 2 2 2 2 2 2 2 2 2 2 2 2 2 2
left_child=1 -1 3 5 -5 -3 7 8 10 -10 -2 12 -8 -14 15 -13 -16 -4 -19
right_child=6 2 17 4 -6 -7 11 -9 9 -11 -12 14 13 -15 16 -17 -18 18 -20
leaf_value=-0.048361815823417705 -0.027518184004524 0.00093158620353346101 -0.012492019890774838 -0.018006885861212674 0.0018397776618386463 0.016453347763851309 0.026764049095688643 -0.07542369940935674 0.00023324157838718339 0.074781976077678836 0.027237882961366346 0.027805980929726568 -0.023340571086239992 0.0011056693653483699 0.00013237910920285852 -0.029016564460074147 0.0033571629914587267 0.03302214056683371 -0.023543138006886118
leaf_weight=16.135863974690437 9.6904038563370687 300.66143754869699 423.95744183659554 234.81980818510056 358.14590626955032 211.00247894227505 22.609730869531631 5.7526959031820288 338.28721635788679 8.3806588351726514 153.86966942250729 62.51264888048172 128.88021545112133 83.702647887170315 11139.699217021465 10.764422565698622 3201.6241897344589 28.516326770186424 16.987689450383186
leaf_count=65 40 1095 1710 938 1291 738 68 22 1255 22 495 187 590 341 37416 37 11487 86 61
internal_value=0.000607676 -0.0033658 -0.00290455 0.000165055 -0.00601968 0.00733253 0.00102432 0.00813239 0.00907447 0.00203545 0.0239938 0.000773967 -0.0098237 -0.0137151 0.000946881 0.0194587 0.000852295 -0.0101273 0.011905
internal_weight=16756 1590.23 1574.09 1104.63 592.966 511.664 15165.8 515.981 510.228 346.668 163.56 14649.8 235.193 212.583 14414.6 73.2771 14341.3 469.461 45.504
internal_count=57944 5984 5919 4062 2229 1833 51960 1834 1812 1277 535 50126 999 931 49127 224 48903 1857 147
is_linear=0
shrinkage=0.05


Tree=77
num_leaves=20
num_cat=0
split_feature=12 21 10 12 7 1 14 5 6 9 9 3 14 3 4 14 11 6 13
split_gain=10.8609 18.2221 15.3332 15.2889 14.3742 13.4237 22.1451 12.5878 42.2095 31.1397 19.1957 14.2258 18.2909 12.1881 28.2556 12.4748 11.2506 11.1443 10.843
threshold=0.019999999999981814 0.0036484310233705791 0.28580000000000144 -1.0250000000000907 -0.00021252833268814439 93226.43700000002 19.920802797777885 -0.014999999999417922 0.0055047965346950731 4761.8030000000008 4762.2693333333345 0.02224799999999787 19.099762272360383 0.57334099999999633 0.42699700000000002 19.15494316282668 0.37793333333333418 7.3095701088769271e-06 0.007432152350435625
decision_type=2 2 2 2 2 2 2 2 2 2 2 2 2 2 2 2 2 2 2
left_child=1 3 7 17 -4 6 -5 8 9 -2 -10 16 -13 15 -15 -6 -9 -1 -3
right_child=2 18 4 5 13 -7 -8 11 10 -11 -12 12 -14 14 -16 -17 -18 -19 -20
leaf_value=-0.016227572846372468 -0.012488145604823416 5.0581861476926913e-05 0.0081042285584556964 -0.0046914758586975962 0.0067048230984269102 0.025022110183287719 -0.021935676633315415 -0.00053006262294364186 0.011452810103225467 0.061178441078458039 -0.054745631900324179 -0.0037992225801176237 0.0094667355487363901 -0.061480142353049383 -0.0057255164479087829 -0.0064905937924689787 0.021099834411718463 0.028199874800713665 0.0077156973362505436
leaf_weight=19.125530891120434 532.82440854609013 9249.7300684824586 262.09676747024059 1048.8266474083066 242.06621830165386 32.026481479406357 226.3610272705555 1052.4688546434045 462.02624759078026 14.742358610033987 11.2167432308197 301.29725058376789 1888.2019967138767 30.581711396574974 88.438845008611679 688.71463631093502 63.76056082546711 53.883013136684895 485.59230904281139
leaf_count=74 2012 32146 848 3862 760 115 911 3845 1465 40 42 972 6130 115 287 2390 218 173 1539
internal_value=0.000577342 -0.000329347 0.00236478 -0.00570591 -0.0023703 -0.00694956 -0.00775253 0.00380055 -0.00105274 -0.0105048 0.00988378 0.00529925 0.00764121 -0.0049854 -0.0200514 -0.00305889 0.000705467 0.0165615 0.000432913
internal_weight=16754 11115.5 5638.44 1380.22 1311.9 1307.21 1275.19 4326.54 1020.81 547.567 473.243 3305.73 2189.5 1049.8 119.021 930.781 1116.23 73.0085 9735.32
internal_count=57944 38820 19124 5135 4400 4888 4773 14724 3559 2052 1507 11165 7102 3552 402 3150 4063 247 33685
is_linear=0
shrinkage=0.05


Tree=78
num_leaves=20
num_cat=0
split_feature=6 14 13 10 18 11 11 16 16 11 0 8 20 16 8 1 13 5 11
split_gain=10.6213 9.91821 11.9765 13.79 9.89954 9.71827 9.46348 13.9614 41.058 21.3777 11.4365 14.6293 8.90332 13.1927 9.25939 9.12306 8.89168 9.22466 8.28285
threshold=3.4120895346675965e-06 19.973032524794473 0.0019536102703964311 0.016000000000000802 0.10804043022965103 0.0034000000000008307 0.0066666666666674989 19.878757477022422 19.901086877467993 0.00826666666666734 1.0979624032181336e-05 4661.7410000000009 0.0099999999929423228 19.84585258068967 4675.527000000001 93060.450000000026 0.0022875042424482391 1.2699999999967988 0.081933333333335759
decision_type=2 2 2 2 2 2 2 2 2 2 2 2 2 2 2 2 2 2 2
left_child=5 6 3 4 -3 -1 10 9 -9 -8 11 -2 13 -7 15 -14 -4 -18 -5
right_child=1 2 16 18 -6 12 7 8 -10 -11 -12 -13 14 -15 -16 -17 17 -19 -20
leaf_value=-0.060679376257842324 0.033542264257084023 -0.056172731650619229 -0.061410743072165722 0.032175396379798819 -0.0043361913158567527 -0.067612257824861785 0.016481724891172896 0.013770572557774509 0.00083553414015808856 7.8279489041736374e-05 0.013078633146773586 -0.0047326392762228392 -0.063839345630797059 0.0095934578754416494 0.020181254210343367 0.0025879282908474986 -0.021749342951070956 0.022467808569487685 -0.015286989930753121
leaf_weight=10.686248578131197 25.409347534179688 11.391850352287291 12.071124337613581 39.391132280230522 48.100671552121639 6.1897322386503211 202.15174639970064 817.26064489781857 2460.3947519436479 11381.061013773084 104.2756149917841 1428.2755359485745 18.359130121767524 52.165547661483288 6.8880618661642066 7.1942176967859259 92.747530952095985 13.513955280184744 11.990231931209562
leaf_count=47 89 49 53 132 182 26 687 2826 8954 38362 339 5434 81 180 22 29 367 41 44
internal_value=0.000548615 0.00064692 -0.00968219 0.00212535 -0.014262 -0.0155779 0.000791114 0.00117978 0.0040608 0.000364555 -0.00291628 -0.00406362 -0.0102698 0.00140426 -0.0312689 -0.0451376 -0.0207455 -0.016126 0.0210997
internal_weight=16749.5 16648 229.206 110.874 59.4925 101.483 16418.8 14860.9 3277.66 11583.2 1557.96 1453.68 90.7967 58.3553 32.4414 25.5533 118.333 106.261 51.3814
internal_count=57944 57559 868 407 231 385 56691 50829 11780 39049 5862 5523 338 206 132 110 461 408 176
is_linear=0
shrinkage=0.05


Tree=79
num_leaves=20
num_cat=0
split_feature=1 8 10 2 13 10 9 17 15 0 17 8 14 8 2 3 11 10 19
split_gain=10.1127 18.2546 18.3968 16.7505 18.7337 16.1928 14.8391 12.8853 19.7642 17.5293 11.9136 11.7677 20.2679 11.6318 31.0141 19.4588 7.37728 10.3998 6.60047
threshold=91003.373999999996 4730.5990000000011 5.0634000000000023 91270.028666666665 0.0062512788699147998 1.6826000000000019 4730.563000000001 0.035015000000000011 -1.0000000180025095e-35 -1.0986596954420945e-05 0.80935000000000012 4708.0090000000009 19.320171111558086 4740.0389999999998 90397.463333333348 0.0587159999999948 0.13453333333333567 0.048400000000000963 0.58203453271881223
decision_type=2 2 2 2 2 2 2 2 2 2 2 2 2 2 2 2 2 2 2
left_child=11 6 3 5 -5 -3 7 8 -2 -9 18 -1 13 14 -13 -15 17 -14 -8
right_child=1 2 -4 4 -6 -7 10 9 -10 -11 -12 12 16 15 -16 -17 -18 -19 -20
leaf_value=0.029881204307864079 0.0024929730978926409 -0.00281351741106104 0.05856026623077773 -0.016302883001445164 -0.081218192306078782 -0.044497955538667172 -0.015958829198994131 -0.0056103131378947603 -0.0042879625204177351 0.0026097680725503183 0.089871560818668206 0.062740149571285278 -0.027744367794356337 0.0068765129375062926 0.0049963848295231685 -0.0021777498795181919 -0.0082592487056293278 -0.10899016386402607 0.034972124398787482
leaf_weight=38.967743843793869 1708.2120646685362 782.78233202546835 10.712161228060721 195.15988157689571 11.785088822245596 24.012449130415916 9.541558116674425 730.78894947469234 2896.9994213357568 5764.062545388937 7.2193500101566306 23.578461557626724 9.1837315857410484 851.05059990286827 1687.380537584424 1960.1009990423918 10.218466237187384 6.8967683464288703 19.086185023188591
leaf_count=118 5737 2696 31 733 50 89 35 2926 11230 19703 18 62 32 2677 5377 6306 34 29 61
internal_value=0.000521153 -0.000233477 -0.00662052 -0.00730928 -0.0199997 -0.00405416 0.000354101 0.000250378 -0.00177271 0.00168486 0.032472 0.00252155 0.00228715 0.00254168 0.00579214 0.000563346 -0.0414797 -0.0625899 0.017997
internal_weight=16747.7 12160.4 1024.45 1013.74 206.945 806.795 11135.9 11100.1 4605.21 6494.85 35.8471 4587.38 4548.41 4522.11 1710.96 2811.15 26.299 16.0805 28.6277
internal_count=57944 43309 3599 3568 783 2785 39710 39596 16967 22629 114 14635 14517 14422 5439 8983 95 61 96
is_linear=0
shrinkage=0.05


Tree=80
num_leaves=20
num_cat=0
split_feature=12 21 20 10 7 5 1 4 3 5 6 9 3 4 4 9 1 13 7
split_gain=9.60398 16.0926 13.9234 13.739 12.9838 12.8961 12.3062 11.374 17.1756 15.2103 26.7034 13.7198 12.8279 11.2465 15.6007 10.954 10.4521 10.2141 11.2831
threshold=0.019999999999981814 0.0036484310233705791 1.2900000000067851 0.28580000000000144 -0.00021252833268814439 -0.010000000002037266 93226.43700000002 0.78180966666666751 2.0662379999999931 -0.014999999999417922 0.0055047965346950731 4670.4206666666678 0.0031479999999942522 0.061894666666666674 0.036716999999999389 4761.8030000000008 89502.085000000021 0.007432152350435625 -0.0095007964847293441
decision_type=2 2 2 2 2 2 2 2 2 2 2 2 2 2 2 2 2 2 2
left_child=1 2 5 7 -5 -1 -7 9 11 10 -2 -9 -11 14 -6 -15 -3 -18 -19
right_child=3 16 -4 4 13 6 -8 8 -10 12 -12 -13 -14 15 -16 -17 17 18 -20
leaf_value=0.0081492097303716877 -0.0099082434104124355 0.024174383299535022 0.025692594541774652 0.0076552018407612197 -0.0056276561716571364 -0.0086849118369142966 0.024433063670198957 -0.026442275782518877 -0.012285641619276366 -0.0082486266997459905 0.0071787172884287629 0.027429324558992486 0.0053997359950630364 -0.0070371252339892706 0.019046886605772851 -0.052121094289266562 -0.00012521903945577725 -0.0057228753754093144 0.011832294600289318
leaf_weight=139.80327691137791 537.14357775449753 45.853447392582893 35.0601572021842 261.82099671661854 163.72798919677734 1175.0289801433682 28.736258238554001 12.882748514413832 44.344354808330536 182.62883733958006 398.13051378726959 143.08009018003941 3003.5408713147044 766.80280828475952 105.2333656847477 13.714134916663168 9202.5186720564961 122.93581652641296 358.269815325737
leaf_count=431 2020 140 112 848 597 4486 106 46 147 709 1282 428 10092 2558 347 50 32018 403 1124
internal_value=0.000495318 -0.000357491 -0.00541323 0.00217703 -0.00230583 -0.00622493 -0.00789432 0.00353721 0.0151724 0.00297173 -0.00263461 0.0229795 0.00461742 -0.00479088 0.00402646 -0.00782928 0.000358881 0.000246112 0.00734739
internal_weight=16741.3 11108.2 1378.63 5633.05 1311.3 1343.57 1203.77 4321.75 200.307 4121.44 935.274 155.963 3186.17 1049.48 268.961 780.517 9729.58 9683.72 481.206
internal_count=57944 38820 5135 19124 4400 5023 4592 14724 621 14103 3302 474 10801 3552 944 2608 33685 33545 1527
is_linear=0
shrinkage=0.05


Tree=81
num_leaves=20
num_cat=0
split_feature=6 16 16 16 10 5 1 0 9 21 3 8 16 13 6 11 20 16 11
split_gain=9.38666 9.32633 22.6348 47.0453 28.7751 27.9208 24.0341 18.9225 17.7352 19.1896 16.5965 11.5102 10.8114 12.0576 10.6016 9.02487 8.107 11.792 8.6074
threshold=3.4120895346675965e-06 19.922776000307387 19.890411103368407 19.901086877467993 0.079600000000000823 -5.9150000000008722 92921.833000000028 -1.0000000180025095e-35 4672.3380000000006 27357214.353976998 0.020811999999999328 4677.523000000001 19.924575619470399 0.0036915586731044044 0.0061706194498846326 0.004800000000000579 0.0099999999929423228 19.84585258068967 0.044800000000001013
decision_type=2 2 2 2 2 2 2 2 2 2 2 2 2 2 2 2 2 2 2
left_child=15 2 6 5 -5 -4 10 -8 12 11 -2 -10 14 -14 -3 -1 17 -17 -19
right_child=1 8 3 4 -6 -7 7 -9 9 -11 -12 -13 13 -15 -16 16 -18 18 -20
leaf_value=-0.055000197635075701 -0.0029721700867684341 -0.026080395368891438 -0.016543319419544393 -0.0020204089131812832 0.015107988435849234 0.022413936719723967 0.0048786073944268012 -0.029334979007247842 0.011497580824617271 -0.043534136477680223 0.0014230767890680705 -0.019565948644360599 -0.0016199628653812644 -0.012827907780260474 0.034944434498884298 -0.0650366383880321 -0.029434963082838345 0.026022481828879625 -0.016176435887302342
leaf_weight=12.22869637608528 2753.0805936306715 90.976824797689915 50.872876197099686 1227.3667280375957 306.41668535768986 479.48043768107891 60.770394429564476 120.64043173193932 353.40864535421133 18.292717427015305 9768.7594955265522 32.569029003381729 1054.57759770751 310.65336024016142 7.7210153788328162 5.8660347014665595 31.72687204182148 31.461447775363922 19.619608394801617
leaf_count=55 10121 364 200 4539 1056 1617 197 545 1254 75 32346 129 3915 1176 25 25 129 103 73
internal_value=0.000470729 0.000562949 0.00098403 0.00584021 0.00140147 0.0186771 0.000194955 -0.0178738 -0.00276554 0.00650491 0.000456728 0.00887642 -0.00532561 -0.00417029 -0.0213065 -0.0147334 -0.00918034 0.0021041 0.00981439
internal_weight=16736.5 16635.6 14767.4 2064.14 1533.78 530.353 12703.3 181.411 1868.2 404.27 12521.8 385.978 1463.93 1365.23 98.6978 100.903 88.674 56.9471 51.0811
internal_count=57944 57559 50621 7412 5595 1817 43209 742 6938 1458 42467 1383 5480 5091 389 385 330 201 176
is_linear=0
shrinkage=0.05


Tree=82
num_leaves=20
num_cat=0
split_feature=13 5 2 10 14 12 1 0 0 0 0 6 0 13 6 15 0 15 12
split_gain=8.86837 11.009 11.6344 16.8291 16.1461 13.4673 13.3884 9.5078 22.3692 12.2524 15.1301 11.6555 10.7215 11.6963 9.30871 15.0669 13.6628 10.7716 13.8237
threshold=0.011107844842847837 -28.764999999992138 91072.351666666684 3.0350000000000015 19.158093375387452 2.1849999999999459 91113.877000000022 1.1173121938767851e-05 1.0000000180025095e-35 -1.1066679017623924e-05 -1.0748908141344769e-05 0.00076746976772931307 1.0744601408596567e-05 0.0011033185887984384 0.011676126079509207 0.0035898075038565129 0.0017753475714199498 0.0036421401731545626 0.275000000000091
decision_type=2 2 2 2 2 2 2 2 2 2 2 2 2 2 2 2 2 2 2
left_child=7 -2 3 5 -5 -3 -4 8 9 11 -11 -1 13 -10 17 16 -16 -9 -19
right_child=1 2 6 4 -6 -7 -8 14 12 10 -12 -13 -14 -15 15 -17 -18 18 -20
leaf_value=-0.021190292093463105 0.042866780708652838 -0.0012011915601713957 0.060794643282943532 -0.00087319567368777213 -0.1082524707697621 0.048641258649418144 0.010703909858923782 0.01180833951937261 -0.028630700309858877 0.0047277830243270362 0.00036022064320391717 -0.0020141672388899463 -0.0032095305859816698 -0.0057976140093999352 0.0097145533013730644 0.00091632961402232042 -0.048321015936202215 0.0047458588237126714 -0.013647309110319507
leaf_weight=82.826049372553825 22.820601120591164 129.8096195012331 17.824960008263588 7.1586253196001035 6.8513100445270538 15.132503256201742 53.016689479351044 457.65607334673405 89.159259043633938 2696.833576336503 7490.3927730843425 1830.5642535090446 2491.1479998901486 151.20188953727484 14.709330022335051 210.37450607120991 32.655002579092979 815.70813734829426 116.77768696844578
leaf_count=368 63 420 49 23 28 42 177 1546 508 8426 25091 6512 9997 749 47 674 119 2701 404
internal_value=0.000447174 0.00974454 0.0064552 -0.00105557 -0.0533851 0.00400255 0.0233076 0.000304659 -9.56471e-05 0.000826906 0.00151643 -0.00284426 -0.00418257 -0.0142673 0.00390771 -0.00481982 -0.0302977 0.00552583 0.00244243
internal_weight=16732.6 252.614 229.794 158.952 14.0099 144.942 70.8416 16480 14832.1 12100.6 10187.2 1913.39 2731.51 240.361 1647.88 257.739 47.3643 1390.14 932.486
internal_count=57944 802 739 513 51 462 226 57142 51651 40397 33517 6880 11254 1257 5491 840 166 4651 3105
is_linear=0
shrinkage=0.05


Tree=83
num_leaves=20
num_cat=0
split_feature=1 9 9 4 16 10 1 6 21 16 9 11 9 8 16 16 3 6 20
split_gain=8.77821 17.2993 16.4948 19.2505 35.0356 12.7899 12.6703 12.6118 22.0156 23.9299 15.7502 13.0594 12.8023 11.1739 14.0695 21.3598 19.367 14.1999 12.8003
threshold=91003.373999999996 4724.0510000000004 4720.5860000000002 0.55768366666666769 19.28150136494892 5.0634000000000023 91046.20600000002 1.0184307916968466e-05 1.884170987886866 19.317546034223792 4741.2216666666673 0.017333333333333877 4746.7826666666679 4709.4650000000011 19.317546034223792 19.323027635944445 0.47957899999999859 0.013246352526793731 -19.110000000000124
decision_type=2 2 2 2 2 2 2 2 2 2 2 2 2 2 2 2 2 2 2
left_child=13 2 5 6 -5 -2 -4 11 10 -10 -9 -3 -13 14 -1 17 -17 -16 -15
right_child=1 7 3 4 -6 -7 -8 8 9 -11 -12 12 -14 18 15 16 -18 -19 -20
leaf_value=0.040422959627616536 0.00015368014357289717 0.022271599538033676 -0.0011813584654075152 0.055385447590860074 -0.078164921886641384 0.040087508597054185 0.028658328389227678 -0.01612911607261144 0.0039622741383322129 -0.064499797784940513 0.0034333968359735352 -0.0028320871218839071 0.041043760425786814 -0.0052292461410067721 -0.075131522090375463 0.038211747588778627 -0.056095055082510149 0.015468647054732877 0.0029169429787796984
leaf_weight=42.960232809185982 10112.19637952745 63.462898172438145 49.496020197868347 7.6761904805898693 13.632081016898153 20.090268194675446 126.48014557361603 632.63772067427635 378.81286865472794 13.208910360932348 122.87525574862957 582.55741396546364 17.114067733287811 549.6810262799263 11.690348446369173 34.085926339030266 6.4787123203277579 6.8641946017742148 3929.6742550730705
leaf_count=128 36286 220 163 21 54 61 382 2261 1263 54 408 2084 52 1777 46 101 24 21 12538
internal_value=0.000425193 -0.000278559 0.000511662 0.0148305 -0.0300541 0.000232861 0.0202655 -0.00478664 -0.00795882 0.00165549 -0.0129475 0.000702712 -0.00157991 0.00229005 0.0186473 0.00282354 0.0231497 -0.0416143 0.00191729
internal_weight=16721.7 12140.2 10329.6 197.284 21.3083 10132.3 175.976 1810.67 1147.53 392.022 755.513 663.134 599.671 4581.43 102.079 59.1192 40.5646 18.5545 4479.36
internal_count=57944 43309 36967 620 75 36347 545 6342 3986 1317 2669 2356 2136 14635 320 192 125 67 14315
is_linear=0
shrinkage=0.05


Tree=84
num_leaves=20
num_cat=0
split_feature=12 21 5 11 12 11 9 9 13 11 11 10 10 13 10 2 1 14 1
split_gain=8.73074 13.2134 14.0055 13.6752 12.3041 11.4134 11.4127 18.631 11.9501 11.0677 10.5724 11.7111 12.4357 10.8256 10.2381 9.62042 8.78891 10.804 29.1726
threshold=0.030000000000200092 0.0036484310233705791 -0.010000000002037266 0.0072000000000008229 -0.99000000000023636 0.0032000000000009629 4668.4903333333341 4669.8430000000017 0.0013982566162873444 0.0026666666666671818 0.0066666666666674989 0.0072000000000007553 0.01100000000000073 0.00027074584789533085 0.28580000000000144 92688.789000000004 89502.085000000021 18.838845596216547 89750.06700000001
decision_type=2 2 2 2 2 2 2 2 2 2 2 2 2 2 2 2 2 2 2
left_child=1 2 -1 9 -5 6 15 -8 -9 -4 11 -7 -13 -12 -15 -2 -3 18 -18
right_child=5 16 3 4 -6 10 7 8 -10 -11 13 12 -14 14 -16 -17 17 -19 -20
leaf_value=0.0096331568458648438 0.031980079949722719 0.02198811882070786 0.015351755904270695 0.014717496966662004 -0.0065920124297861584 -0.021822499580472856 0.080001172267208598 0.036690020314940848 -0.0037360954284155813 -0.035664682114794205 0.034724753280606251 0.032935356015374624 -0.015920974445125653 0.0032381011322903048 -0.0019181872746805327 -0.039096718020975488 -0.0068544046982388284 0.00043669506571585687 -0.10515017774617233
leaf_weight=148.15007919073105 7.2375684827566173 46.320129349827766 12.766396231949328 72.120209522545338 1115.2061117291451 95.84529547393322 13.568914502859114 36.081379950046539 37.053391978144646 63.558813095092773 25.313637778162956 25.133612275123596 27.034412287175655 3842.4668846949935 1284.5023813322186 13.911757156252859 265.09036374092102 9579.0791257917881 7.769477665424346
leaf_count=455 23 143 47 248 4237 369 39 118 137 276 77 85 100 13051 4309 58 866 33274 32
internal_value=0.000404086 -0.000386033 -0.00491123 -0.00661641 -0.00529764 0.00205646 0.0181587 0.0261917 0.0162083 -0.0271315 0.0017288 -0.0114464 0.00761712 0.0021073 0.00194625 -0.0147733 0.000259402 0.000157242 -0.0096533
internal_weight=16718.2 11310.1 1411.8 1263.65 1187.33 5408.15 107.853 86.7037 73.1348 76.3252 5300.3 148.013 52.168 5152.28 5126.97 21.1493 9898.26 9851.94 272.86
internal_count=57944 39578 5263 4808 4485 18366 375 294 255 323 17991 554 185 17437 17360 81 34315 34172 898
is_linear=0
shrinkage=0.05


Tree=85
num_leaves=20
num_cat=0
split_feature=15 13 12 17 5 0 17 14 14 1 18 9 6 13 4 13 2 21 12
split_gain=8.31036 17.4121 18.7049 14.8642 23.4354 12.512 13.0716 12.4729 38.0394 29.837 12.3707 9.76027 17.2531 13.1012 13.0854 10.2561 10.2266 9.68236 13.3623
threshold=-1.0748713447084056e-05 0.015502467310695624 -1.7050000000003818 0.021004999999999954 -17.299999999995631 -1.102784111250976e-05 2.3721150000000004 19.891220790782441 19.900352798772968 92921.833000000028 0.043556276849606133 4664.570333333334 0.0029839874040336225 0.00033492324515353738 0.12096399999999986 0.00028742102977643435 90609.622666666677 2.8893314680932787 0.23500000000012736
decision_type=2 2 2 2 2 2 2 2 2 2 2 2 2 2 2 2 2 2 2
left_child=1 2 -1 4 17 6 -4 9 -9 -6 -7 12 14 15 -5 -13 -15 18 -2
right_child=3 -3 5 11 7 10 -8 8 -10 -11 -12 13 -14 16 -16 -17 -18 -19 -20
leaf_value=-0.060651304610619731 -0.072766534655215626 0.038389523074840254 -0.0033634054958519978 -0.009997127721850704 -0.0043743441874785601 -0.0011273047801663872 0.010575940444919852 0.027158158407276048 -0.0020474348305596214 -0.040297277095031642 0.0045432232258874805 0.0047863785086696723 -0.035707809662221666 0.0042328778950240032 0.02858823270176028 0.034528609084343895 -0.0011175951041368839 -0.016775725926061646 0.014880324650699078
leaf_weight=12.056071475148199 22.201041296124462 32.268423840403557 1596.7919483780861 93.249953649938107 1575.3587974086404 1321.300007507205 187.98321065306664 124.81740716099739 1044.2840441390872 60.0048853084445 3535.0307309702039 1299.2615789622068 50.291376292705536 1111.3146253526211 28.745971336960793 29.646560326218605 4547.5340010821819 38.392288655042648 5.4078637063503256
leaf_count=45 90 94 5769 355 5905 4507 614 435 4037 305 11617 4480 187 3524 94 92 15636 141 17
internal_value=0.000383902 0.00174946 0.00157176 -0.000526257 -0.00356617 0.00168471 -0.00189523 -0.00287309 0.00107066 -0.00569243 0.0030004 0.000692445 -0.0110643 0.000982314 -0.000905237 0.0054499 -6.68409e-05 -0.0330158 -0.0555988
internal_weight=16715.9 6685.43 6653.16 10030.5 2870.47 6641.11 1784.78 2804.47 1169.1 1635.36 4856.33 7160.04 172.287 6987.76 121.996 1328.91 5658.85 66.0012 27.6089
internal_count=57944 22646 22552 35298 10930 22507 6383 10682 4472 6210 16124 24368 636 23732 449 4572 19160 248 107
is_linear=0
shrinkage=0.05


Tree=86
num_leaves=20
num_cat=0
split_feature=6 14 3 11 10 8 16 11 5 20 13 9 14 5 6 3 5 5 5
split_gain=8.20214 8.35061 11.5198 10.8727 16.3989 8.40106 8.29394 8.25896 8.40036 9.20068 11.2398 9.73028 7.56235 10.7425 17.5179 8.24673 7.77439 22.2788 18.4783
threshold=3.4120895346675965e-06 19.973032524794473 0.0040039999999961799 0.074866666666667928 0.016000000000000802 4666.6410000000005 19.983232513278598 0.0034000000000008307 -1.0000000180025095e-35 0.0099999999929423228 0.0019536102703964311 4673.7203333333337 18.812165302212637 4.8649999999979636 0.0069959237345522283 0.64491799999999644 -0.014999999999417922 -0.80500000000029093 -1.0000000180025095e-35
decision_type=2 2 2 2 2 2 2 2 2 2 2 2 2 2 2 2 2 2 2
left_child=7 12 5 4 -4 -3 -5 -1 -9 11 -11 -10 13 15 -15 -2 17 -14 -18
right_child=1 2 3 6 -6 -7 -8 8 9 10 -12 -13 16 14 -16 -17 18 -19 -20
leaf_value=-0.056272926373930346 0.034822760133885543 -0.064573459323713084 -0.013225271025968223 -0.031497675267519294 0.022911049308717138 -0.00087421083537660203 0.0025613572354944111 0.026871023509190801 0.010938353981028676 0.0019296310234632357 -0.065309782350888329 -0.038047864811016102 -0.00052920623431947133 -0.083720349058349075 0.034192225708160981 -0.0098155970529807627 0.0053744107622621592 -0.017672658709869775 0.00024998591093225344
leaf_weight=10.312271289527414 48.024764969944954 15.04368554800749 66.496503539383411 52.044967547059059 59.476744532585144 7.8913288339972487 27.224846079945564 13.794416964054106 35.802868977189064 10.090982735157015 16.181375622749329 14.141075685620306 4017.2666430547833 6.3782752901315671 6.2233745455741882 13.188116088509558 2136.7600754648447 198.89406018704176 9955.5700647681952
leaf_count=47 141 70 260 210 202 29 97 40 126 41 75 56 14018 25 19 44 6634 762 35048
internal_value=0.000364753 0.000450841 -0.00904839 -0.00529286 0.00383606 -0.0426562 -0.0198003 -0.0138889 -0.00903307 -0.0155314 -0.0394837 -0.00293155 0.00058315 0.016551 -0.0254888 0.0252056 0.000510877 -0.00133794 0.00115549
internal_weight=16710.8 16610.5 228.178 205.243 125.973 22.935 79.2698 100.323 90.0107 76.2163 26.2724 49.9439 16382.3 73.8145 12.6016 61.2129 16308.5 4216.16 12092.3
internal_count=57944 57559 868 769 462 99 307 385 338 298 116 182 56691 229 44 185 56462 14780 41682
is_linear=0
shrinkage=0.05


Tree=87
num_leaves=20
num_cat=0
split_feature=6 5 3 9 14 7 12 3 9 5 21 6 2 16 9 8 11 21 10
split_gain=7.93167 13.0463 12.3889 11.8686 23.0538 11.555 10.897 10.2982 9.81949 9.49515 22.0255 19.7812 31.7707 19.0225 35.0372 14.4171 13.4101 18.2596 23.9773
threshold=7.9293644699941461e-06 -1.0000000180025095e-35 0.00051999999999937394 4663.903666666668 19.871709362368119 0.0042268731918482247 0.36500000000023652 0.0033629999999987372 4716.652000000001 -0.019999999996798575 0.41138409102112367 0.0022537259914614462 91042.243000000017 19.535937206484707 4700.8886666666667 4678.6290000000017 0.13863333333333458 38.094025221528987 0.0068000000000028463
decision_type=2 2 2 2 2 2 2 2 2 2 2 2 2 2 2 2 2 2 2
left_child=1 5 -3 4 -4 6 8 -5 -1 10 11 -2 -13 14 -12 -15 -11 -18 -19
right_child=9 2 3 7 -6 -7 -8 -9 -10 16 13 12 -14 15 -16 -17 17 18 -20
leaf_value=0.005717407727308112 -0.018490143438159516 -0.03951897530226911 0.075601406039622024 -0.014681783537441843 0.0032431270006702366 0.023431399634063751 -0.02468246663470457 -0.0032380482264225741 -0.012579942934405756 0.0029979000211558761 0.025084702690522698 -0.017066690265939401 0.055234871119364287 -0.0036969468383446363 0.00085896338869569989 -0.024338173981174549 -0.0016793883927965613 -0.045298079844572348 0.025981520124828458
leaf_weight=530.68200273811817 293.59844988584518 24.56590311974287 13.118674091994761 223.19616507738829 68.417078770697117 66.825099840760231 37.186463072896004 1649.3261099159718 85.080804035067558 6494.9228624925017 158.55622728168964 37.278381913900375 25.647371053695679 1124.8067583888769 2542.933186635375 91.475009351968765 3117.7325020134449 13.254695773124693 107.35481858253479
leaf_count=1640 1181 121 41 990 282 197 124 6391 275 22092 505 128 80 4415 8331 356 10415 50 330
internal_value=0.000346574 -0.00213567 -0.00423257 -0.00378896 0.0148852 0.00362859 0.0016019 -0.00460209 0.00318924 0.000824751 -0.00113968 -0.0130377 0.0124021 -5.69362e-05 0.00228082 -0.00524935 0.00168742 -0.00094093 0.0181481
internal_weight=16706 2698.4 1978.62 1954.06 81.5358 719.774 652.949 1872.52 615.763 14007.6 4274.3 356.524 62.9258 3917.77 2701.49 1216.28 9733.26 3238.34 120.61
internal_count=57944 10061 7825 7704 323 2236 2039 7381 1915 47883 14996 1389 208 13607 8836 4771 32887 10795 380
is_linear=0
shrinkage=0.05


Tree=88
num_leaves=20
num_cat=0
split_feature=12 21 11 9 10 5 8 11 2 14 14 9 9 11 10 11 13 4 13
split_gain=7.78743 11.4397 13.6107 12.6302 12.591 12.5691 12.2301 10.2473 10.692 16.3975 18.1404 10.2606 11.1849 9.61213 10.5445 11.3211 9.68449 9.26712 8.63258
threshold=0.030000000000200092 0.0036484310233705791 0.15253333333333577 4762.2693333333345 0.016000000000000802 1.0000000180025095e-35 4751.8470000000007 0.0032000000000009629 92598.388000000021 19.789646282421618 19.292589529916491 4668.4903333333341 4669.8430000000017 0.0066666666666674989 0.0072000000000007553 0.0061333333333334272 0.00027074584789533085 0.64629866666666658 0.007432152350435625
decision_type=2 2 2 2 2 2 2 2 2 2 2 2 2 2 2 2 2 2 2
left_child=1 2 3 5 -4 -1 -6 8 9 10 -2 -10 -13 14 -9 -16 -15 -18 -3
right_child=7 18 4 -5 6 -7 -8 13 11 -11 -12 12 -14 16 15 -17 17 -19 -20
leaf_value=-0.0060985853449788893 0.064623653539093551 -0.00015362807039303746 0.021958560190286511 0.056801649886788756 0.00057750035194038352 -0.021656444119570302 -0.041900851657083335 -0.020867114842110776 -0.02607641217067791 0.086764581737440255 -0.037552762658988166 0.065774313431715289 0.0076874991560240136 0.032836702186111955 0.018157627870283712 -0.041918544371803985 0.0012038645758623346 0.0095231959195538531 0.0066677804013408129
leaf_weight=743.59146045893431 8.3410066813230568 9400.4805879965425 68.191895514726639 7.3939469307661048 413.87782984226942 157.2799859046936 17.668032065033913 95.541683405637741 17.670279011130333 12.336298942565916 9.0648951679468137 9.9211814254522306 50.32374781370163 25.239521205425262 42.546447701752186 9.6139479726552945 4762.5859687998891 360.04633608460426 487.87226951122284
leaf_count=2646 24 32762 237 20 1482 814 64 369 71 34 35 30 181 77 148 37 16233 1127 1553
internal_value=0.000329261 -0.000417483 -0.00463414 -0.00828061 0.00199326 -0.00881478 -0.00116162 0.00189045 0.017162 0.0426656 0.0114108 0.0074266 0.0172533 0.00157999 -0.010996 0.00708468 0.00194082 0.00178859 0.000182927
internal_weight=16699.6 11296.4 1408 908.265 499.738 900.871 431.546 5403.23 107.657 29.7422 17.4059 77.9152 60.2449 5295.57 147.702 52.1604 5147.87 5122.63 9888.35
internal_count=57944 39578 5263 3480 1783 3460 1546 18366 375 93 59 282 211 17991 554 185 17437 17360 34315
is_linear=0
shrinkage=0.05


Tree=89
num_leaves=20
num_cat=0
split_feature=11 10 17 9 11 8 0 0 11 5 4 6 16 11 8 1 6 9 16
split_gain=7.55107 11.6568 23.8776 14.2941 15.9054 13.3229 10.9787 15.8357 10.7464 11.2366 11.0285 10.6274 10.4879 9.52094 14.9394 18.1455 16.3817 10.9137 9.0114
threshold=0.0066666666666674989 0.0035999999999998221 0.016264999999999953 4674.1303333333344 0.0058666666666675827 4661.7410000000009 -0.0095618494274696247 -1.0807944067492413e-05 0.0063333333333342743 17.864999999997966 0.10137133333333334 0.002425714104838769 19.907246950320225 0.0088666666666683564 4752.3960000000006 92644.297000000006 0.010043206589911516 4669.200333333335 19.878757477022422
decision_type=2 2 2 2 2 2 2 2 2 2 2 2 2 2 2 2 2 2 2
left_child=1 3 5 6 12 11 -1 -8 9 -4 -10 -3 -5 14 15 17 -17 -2 -15
right_child=13 2 8 4 -6 -7 7 -9 10 -11 -12 -13 -14 18 -16 16 -18 -19 -20
leaf_value=0.059004131656804321 0.042434472860375771 0.077860418718363397 -0.0005170669592226045 -0.0033619505730100342 0.056790472523710361 -0.021993794899533913 -0.035118288135693454 0.006882792370476204 -0.0072382782852176576 0.038241666648184777 -0.073691642320089679 -0.013238793147594958 -0.023437904088683584 -0.00024648443221464336 -0.072732435052662914 6.0750521187569359e-05 0.071402673270487424 0.013807350105655342 0.0027317546392196762
leaf_weight=9.5848428755998594 46.675088688731194 6.1215064972639066 407.69065339118242 220.92983136326075 9.383839547634123 255.13357987254858 23.491145119071007 502.3775839433074 17.294736206531528 19.598772421479225 9.7705788612365705 6.7111767530441284 92.204064331948757 11328.537141636014 5.7588982582092276 336.9251986593008 8.2434269785881025 116.12551821023226 3273.8920219317079
leaf_count=32 147 21 1501 865 30 1054 107 1794 63 57 40 24 396 38290 22 1255 22 388 11836
internal_value=0.000312805 -0.00297582 -0.007656 0.000964397 -0.00735126 -0.0194934 0.00597314 0.00500656 -0.0006746 0.00126071 -0.0312279 0.0302178 -0.00927343 0.000656608 0.00734675 0.00825461 0.00176456 0.0220148 0.000421242
internal_weight=16696.4 1580.29 722.321 857.971 322.518 267.966 535.454 525.869 454.355 427.289 27.0653 12.8327 313.134 15116.2 513.728 507.969 345.169 162.801 14602.4
internal_count=57944 5984 2760 3224 1291 1099 1933 1901 1661 1558 103 45 1261 51960 1834 1812 1277 535 50126
is_linear=0
shrinkage=0.05


Tree=90
num_leaves=20
num_cat=0
split_feature=1 10 1 8 6 21 4 9 9 10 13 21 3 6 4 11 17 2 13
split_gain=7.70545 14.8055 26.075 16.6654 16.039 19.5603 15.4488 13.0648 12.7186 20.574 22.7863 16.4354 21.9178 24.3976 16.4803 16.4211 14.383 14.3159 12.0441
threshold=90994.123000000007 5.0634000000000023 91067.938000000009 4730.5990000000011 0.016576691680213848 0.081020845769829181 0.53945066666666774 4730.563000000001 4724.4660000000013 0.34460000000000024 0.0044401119849500894 1.554626567519507 0.053987999999996004 0.0082081976152685535 0.41544766666666738 0.050200000000002451 8.0191750000000024 89671.937666666679 0.00060962949875470321
decision_type=2 2 2 2 2 2 2 2 2 2 2 2 2 2 2 2 2 2 2
left_child=8 3 -3 7 5 -5 -6 -2 9 18 -11 14 17 -14 15 -10 -16 -13 -1
right_child=1 2 -4 4 6 -7 -8 -9 11 10 -12 12 13 -15 16 -17 -18 -19 -20
leaf_value=0.024089512675618076 2.4291661469107802e-05 -0.054190199158727352 0.050940281552965705 0.001273339887901889 -0.013210847579285348 -0.012907198010809404 0.063217716782409658 0.030177461405622996 0.014086299807744094 -0.048007835693968853 0.0059015611536500827 0.032813317534990602 -0.012710257420740717 0.00045160257536667298 0.017839442826935704 0.00023957423316493885 -0.045647282899541425 0.0044915198632006752 0.0075628699959031116
leaf_weight=144.519745439291 11132.309970259666 7.296864539384841 30.766471534967422 395.02158595621586 11.319661051034929 632.65004613995552 15.897733345627783 36.039664596319199 250.64381149411201 32.151807859539986 50.214275941252708 53.509055495262146 620.05734705924988 814.70857813954353 256.67191018164158 1469.1617221385241 9.2424550503492338 268.54834327101707 464.79335162043571
leaf_count=441 39822 28 90 1390 38 2240 42 115 780 117 161 155 2071 2577 781 4742 33 847 1474
internal_value=0.00029711 -0.000348856 0.0307864 -0.000445811 -0.00645306 -0.00745641 0.0314312 0.000121594 0.0020833 0.00831221 -0.0151421 0.000932105 -0.00259056 -0.00523651 0.00404871 0.00225759 0.0156328 0.00919712 0.0114827
internal_weight=16695.5 12261.3 38.0633 12223.2 1054.89 1027.67 27.2174 11168.3 4434.22 691.679 82.3661 3742.54 1756.82 1434.77 1985.72 1719.81 265.914 322.057 609.313
internal_count=57944 43765 118 43647 3710 3630 80 39937 14179 2193 278 11986 5650 4648 6336 5522 814 1002 1915
is_linear=0
shrinkage=0.05


Tree=91
num_leaves=20
num_cat=0
split_feature=16 16 16 10 5 2 13 1 6 5 6 5 8 3 21 9 18 0 14
split_gain=7.49504 18.3478 39.0202 25.3036 23.6069 24.1496 22.2291 19.6681 17.7648 17.722 18.5624 17.3311 16.4168 15.3772 17.2052 14.3543 14.6198 14.311 11.2146
threshold=19.922776000307387 19.890411103368407 19.901086877467993 0.079600000000000823 -5.9150000000008722 93004.716333333345 0.0075690727614287035 92921.833000000028 0.0058346414199484404 -1.0000000180025095e-35 9.4107777043118904e-06 7.5049999999973815 4670.9930000000013 0.023135999999997586 3.7212831553954069 4670.3583333333345 0.00044921463208742409 -1.0000000180025095e-35 19.92598522092355
decision_type=2 2 2 2 2 2 2 2 2 2 2 2 2 2 2 2 2 2 2
left_child=1 7 4 6 8 -6 -4 13 -3 10 -9 -5 15 14 -1 16 -2 -11 -14
right_child=12 2 3 11 5 -7 -8 9 -10 17 -12 -13 18 -15 -16 -17 -18 -19 -20
leaf_value=-0.0047481466141567003 -0.0569761275129054 -0.03885700499073938 -0.0026752623040068525 0.018326406897629342 0.026549760110691753 0.00076704398878557178 0.088038628014659101 0.028326734715089036 0.022271255044867599 0.0063069278653157066 -0.02461872210480015 -0.017198621128746223 -0.017137335588260246 0.0011612517044348749 0.0051080227615772486 -0.024668211893292099 -0.0038742076675997231 -0.037237972644397259 0.0059347450616142198
leaf_weight=2433.6513323709369 13.110655114054678 31.534668311476707 1237.8464365303516 269.71268043667078 361.69393338263035 121.27487495541573 6.7903101444244376 36.227430582046509 19.074780717492104 23.775232195854187 30.485109478235245 39.339427471160889 57.927310153841972 9561.738042101264 541.25086471438408 95.297809198498726 1140.8199290260673 91.424886144697666 580.1241538003087
leaf_count=8967 54 136 4604 934 1170 465 18 106 64 73 123 133 224 31699 1969 378 4277 451 2099
internal_value=0.00028243 0.00066069 0.00500555 0.000999252 0.0166712 0.0200756 -0.00218036 -5.23531e-05 -0.0158177 -0.016375 0.00413266 0.0138044 -0.00268504 0.000184497 -0.00295492 -0.00601779 -0.00447754 -0.0282511 0.00384008
internal_weight=16693.1 14805.8 2087.27 1553.69 533.578 482.969 1244.64 12718.6 50.6094 181.913 66.7125 309.052 1887.28 12536.6 2974.9 1249.23 1153.93 115.2 638.051
internal_count=57944 50912 7524 5689 1835 1635 4622 43388 200 753 229 1067 7032 42635 10936 4709 4331 524 2323
is_linear=0
shrinkage=0.05


Tree=92
num_leaves=20
num_cat=0
split_feature=15 13 12 17 5 21 12 12 12 3 9 11 0 9 6 18 13 13 6
split_gain=7.18663 15.4668 17.0219 12.4825 16.1813 16.0078 12.6048 12.1453 13.5039 11.6471 11.4602 18.7294 10.5249 8.68238 14.2949 9.18648 8.8388 11.2948 10.4475
threshold=-1.0748713447084056e-05 0.015502467310695624 -1.7050000000003818 0.023375000000000003 -17.299999999995631 2.8893314680932787 0.22499999999990908 1.1849999999999457 0.76499999999987278 0.17561099999999921 4662.6000000000013 0.16356666666666883 -1.102784111250976e-05 4664.570333333334 0.0029839874040336225 0.00212294104823599 0.00033492324515353738 0.00028742102977643435 7.3095701088769271e-06
decision_type=2 2 2 2 2 2 2 2 2 2 2 2 2 2 2 2 2 2 2
left_child=1 2 -1 4 5 6 -2 8 -6 -7 11 -4 -12 14 15 -5 17 -15 -18
right_child=3 -3 10 13 7 9 -8 -9 -10 -11 12 -13 -14 16 -16 -17 18 -19 -20
leaf_value=-0.057934853814589238 -0.071887477479937192 0.036235973259264663 0.033715412148445222 -0.043943657716990256 -0.0025253592478762361 0.03349526551298828 0.0058060778669545444 0.057866958776437341 -0.04119803489070039 -0.023010961200609435 -0.0020131465912888104 -0.042597016209189445 0.0024934122841673112 0.0039068922972284132 -0.033266269117044382 0.0035206722602036003 -0.0064586876615661442 0.035589116579405437 0.00073901496627627381
leaf_weight=12.076598063111303 23.256432831287388 31.965198963880539 54.745986118912697 11.298680089414118 2974.6397590711713 12.592780992388724 6.7314559072256079 8.2674311548471433 22.745653882622719 33.062590539455414 1775.8209617584944 9.4244776219129545 4790.9299931377172 1248.3904373422265 49.342917323112488 104.28797025233507 561.59668290615082 28.779759705066681 4928.9480156898499
leaf_count=45 95 94 171 47 11297 42 22 26 87 122 6358 37 15941 4310 182 377 2086 89 16516
internal_value=0.000268288 0.00153915 0.00137219 -0.000578823 -0.00322672 -0.0260666 -0.0544474 -0.0026519 -0.00281883 -0.00742527 0.0014802 0.0225077 0.00127472 0.000598064 -0.0107367 -0.001119 0.000874292 0.00462082 2.80278e-06
internal_weight=16688.9 6674.96 6643 10013.9 3081.3 75.6433 29.9879 3005.65 2997.39 45.6554 6630.92 64.1705 6566.75 6932.64 164.93 115.587 6767.71 1277.17 5490.54
internal_count=57944 22646 22552 35298 11691 281 117 11410 11384 164 22507 208 22299 23607 606 424 23001 4399 18602
is_linear=0
shrinkage=0.05


Tree=93
num_leaves=20
num_cat=0
split_feature=6 11 1 17 4 14 13 11 11 3 20 10 14 10 6 10 10 11 8
split_gain=7.12197 7.48142 7.57169 10.1617 7.86022 7.28864 10.8127 9.21664 9.02413 8.72444 10.9258 7.23527 6.8776 10.3807 12.3832 6.74584 14.2245 8.96514 2.82013
threshold=3.4120895346675965e-06 0.004800000000000579 93226.43700000002 0.22174500000000005 0.013237666666666481 19.973032524794473 0.0043281796757776219 0.019266666666669128 0.067866666666669295 0.0035939999999968471 -1.0000000180025095e-35 0.0064000000000007228 18.812165302212637 0.79730000000000167 0.0083523727727924952 0.0029999999999999996 0.0012000000000009327 0.0066666666666674989 4671.7810000000018
decision_type=2 2 2 2 2 2 2 2 2 2 2 2 2 2 2 2 2 2 2
left_child=1 -1 3 4 -3 12 9 -8 -9 10 -7 -11 13 14 -2 16 -14 -17 -5
right_child=5 2 -4 18 -6 6 7 8 -10 11 -12 -13 15 -15 -16 17 -18 -19 -20
leaf_value=-0.050626593404959765 0.011196295418929067 -0.033537019010775763 0.043531497586446984 -0.083552612587720676 0.0044505401383423699 0.00051094853297166886 -0.083193339563347624 0.028101962893032156 -0.032554490085847675 -0.020553591548719066 -0.086654855083741961 0.0053991624821930016 -0.0020745598735591084 -0.029770993949907006 0.063625161158078702 -0.0037884643534617001 0.013433333302719667 0.00055083321043111137 -0.031567289308809462
leaf_weight=11.710544176399706 48.034825161099434 18.420609325170517 6.5742127150297156 5.3695804774761182 52.222547180950642 7.6693678200244904 6.9607955962419501 7.6135357916355124 31.508032515645027 33.635085597634315 6.7671326845884305 133.22800649702549 297.57577854394913 10.710501864552496 14.711859017610548 1297.5987023413181 293.91505874693394 14395.418697945774 5.07415372133255
leaf_count=55 149 76 21 24 189 28 31 27 128 136 35 483 1073 37 43 4957 1023 49409 20
internal_value=0.00025492 -0.0130908 -0.00807642 -0.0122606 -0.00545493 0.000334882 -0.00855544 -0.0301821 -0.02075 -0.00305841 -0.0403482 0.000167789 0.000458461 0.0157234 0.023489 0.000389603 0.0056314 0.000192032 -0.0582952
internal_weight=16684.7 99.3716 87.6611 81.0869 70.6432 16585.3 227.382 46.0824 39.1216 181.3 14.4365 166.863 16358 73.4572 62.7467 16284.5 591.491 15693 10.4437
internal_count=57944 385 330 309 265 57559 868 186 155 682 63 619 56691 229 192 56462 2096 54366 44
is_linear=0
shrinkage=0.05


Tree=94
num_leaves=20
num_cat=0
split_feature=1 9 9 9 2 16 4 1 14 1 11 0 7 21 21 13 10 4 4
split_gain=6.69617 14.9105 15.003 22.2647 26.8341 23.3922 18.8152 32.4057 17.4614 11.9809 15.9512 12.2381 11.26 10.9488 19.1131 19.2466 19.0652 14.0494 29.7886
threshold=91003.373999999996 4724.0510000000004 4716.652000000001 4710.5043333333351 91724.635333333354 19.314758867340952 0.52375733333333352 91085.141000000018 19.32537092462416 91324.26400000001 0.030266666666668083 1.0929104488077714e-05 0.0050670058781010505 1.3927061700631873 3.5857227987937841 0.0040309707326233067 0.39800000000000063 0.78180966666666751 0.32834866666666768
decision_type=2 2 2 2 2 2 2 2 2 2 2 2 2 2 2 2 2 2 2
left_child=13 2 3 4 -2 -5 8 -8 -4 10 12 -11 -3 -1 15 -15 -17 18 -16
right_child=1 9 6 5 -6 -7 7 -9 -10 11 -12 -13 -14 14 17 16 -18 -19 -20
leaf_value=0.0045440692550707375 0.0086783886625907622 0.0064483573643865063 0.015771711285182829 0.0059279692225674713 -0.00041604316524989434 -0.016094508411220978 0.043241075382541183 -0.045016858165736563 -0.0040314007718337923 -0.010431453098068148 -0.0050897428111476772 -0.043744744737465438 0.049943291316897315 -0.0095228509953887569 0.0080922428739083237 0.0072015285437561265 -0.012666435683831896 0.018284108045466773 -0.011737556865129893
leaf_weight=2085.6358884423971 900.12583500146866 184.76169274747372 419.14840853214264 170.85001282393932 8201.2729572877288 409.81733001768589 14.327126815915106 37.948326975107193 151.56676687300205 137.14650219678879 1435.5426449030638 34.504902943968773 16.183205023407936 769.90070410072803 643.66266961395741 480.03520391881466 161.32563722133636 160.86841437220573 268.34537547826767
leaf_count=6664 2904 631 1313 559 30071 1436 41 139 504 482 5010 171 48 2546 2032 1494 526 491 882
internal_value=0.00024216 -0.000373108 0.000361707 -0.000122232 0.000483394 -0.00961482 0.00788273 -0.020828 0.0105125 -0.00456101 -0.00324285 -0.017128 0.00995125 0.00187306 -0.000369461 -0.00419347 0.00220401 0.00466064 0.00225761
internal_weight=16683 12113.2 10305.1 9682.07 9101.4 580.667 622.991 52.2755 570.715 1808.14 1636.49 171.651 200.945 4569.77 2484.14 1411.26 641.361 1072.88 912.008
internal_count=57944 43309 36967 34970 32975 1995 1997 180 1817 6342 5689 653 679 14635 7971 4566 2020 3405 2914
is_linear=0
shrinkage=0.05


Tree=95
num_leaves=20
num_cat=0
split_feature=12 21 11 13 8 8 8 12 1 1 14 1 9 11 12 21 5 16 4
split_gain=6.64992 9.78076 14.5924 15.1762 17.0959 16.0563 14.9382 12.1086 10.3604 9.95275 10.7091 26.0591 11.2172 9.3486 9.65341 16.1481 12.7795 10.5231 10.7743
threshold=0.030000000000200092 0.0027061530406596078 0.17606666666666909 0.005896357331594459 4665.693000000002 4760.7990000000018 4751.8470000000007 -0.19000000000005454 92808.905000000013 89502.085000000021 18.838845596216547 89750.06700000001 4761.1043333333346 0.0032000000000009629 0.17499999999972718 0.0036484310233705791 9.3199999999997107 19.835718158596556 0.019477000000000005
decision_type=2 2 2 2 2 2 2 2 2 2 2 2 2 2 2 2 2 2 2
left_child=1 2 3 5 -5 -1 8 -8 -4 -3 11 -11 -12 14 17 -16 -17 -2 -19
right_child=13 9 6 4 -6 -7 7 -9 -10 10 12 -13 -14 -15 15 16 -18 18 -20
leaf_value=-0.012788784611658763 0.066728259657377983 0.022799553839461334 0.00018122813668111672 0.089426776483731818 0.0048188664810023957 0.06821835518865664 -0.087709317062261871 0.0016203053821549143 0.020238823338232501 -0.0071847378475535534 -7.3540559452938285e-05 -0.10011962057788722 0.011662999721511759 0.0013770305896982958 0.049090071079026638 -0.026262497122077229 0.056616689829596306 -0.04297754400002312 0.028697162042187242
leaf_weight=597.39375645667315 14.949634015560148 47.676497578620911 268.08856648206711 6.6551306992769232 58.036464303731918 6.1802859157323828 8.0452814847230893 7.17816337943077 84.728185288608074 270.09078928828239 9712.1029866039753 7.7596655935049048 207.94380956888199 5289.4114258736372 13.096719354391096 34.140263378620148 5.3847760856151572 6.2093343138694754 33.698820129036903
leaf_count=2323 43 148 946 19 207 16 33 23 304 884 33996 32 647 17991 43 134 15 27 113
internal_value=0.000230177 -0.000460345 -0.00508937 -0.0094925 0.0135229 -0.0119593 0.00290558 -0.0455886 0.00499802 7.866e-06 -9.86881e-05 -0.00978018 0.000172481 0.00167367 0.0162723 0.000972573 -0.0149713 0.0309484 0.0175453
internal_weight=16678.8 11281.9 1036.31 668.266 64.6916 603.574 368.04 15.2234 352.817 10245.6 10197.9 277.85 9920.05 5396.89 107.48 52.6218 39.525 54.8578 39.9082
internal_count=57944 39578 3871 2565 226 2339 1306 56 1250 35707 35559 916 34643 18366 375 192 149 183 140
is_linear=0
shrinkage=0.05


Tree=96
num_leaves=20
num_cat=0
split_feature=3 21 21 1 6 5 12 13 4 5 21 13 13 9 18 2 2 5 4
split_gain=6.53689 14.2525 12.8223 13.793 13.7737 14.4969 13.5924 12.27 11.3172 23.3431 18.5544 17.7262 17.1324 13.8448 13.9655 11.9006 10.6467 10.5214 26.3819
threshold=2.0662379999999931 23206145.955612201 3.9796474565605791 91095.395000000004 0.0083523727727924952 -10.965000000003782 -0.29000000000041831 0.0033846364618262252 0.83278833333333446 30.620000000002623 99385297.772507414 0.0053188415055225599 0.0035995456432084817 4749.2460000000019 0.93873549909935938 90983.304666666678 90794.760333333354 -16.655000000006108 0.42699700000000002
decision_type=2 2 2 2 2 2 2 2 2 2 2 2 2 2 2 2 2 2 2
left_child=8 2 4 16 5 -2 -6 -5 10 11 17 12 -10 14 -11 -13 -4 18 -1
right_child=1 -3 3 7 6 -7 -8 -9 9 13 -12 15 -14 -15 -16 -17 -18 -19 -20
leaf_value=-0.0092141664720439744 0.044497036857226072 -0.061378832505848108 0.008699551783890801 -0.023803401113199778 -0.0044932395066566832 -0.01717878515517185 -0.048223641674973658 0.052889902074293393 0.01098970041184285 -0.030681395200876545 0.029706735161481142 0.019079151894771884 -0.018046701073194806 -0.096580074206098876 0.020077629636625481 0.055300034074432305 0.059544164549620672 0.00033606621060370531 0.0096689364073177277
leaf_weight=802.17867007851601 15.794525116682051 12.056307971477507 25.340388938784599 33.064109116792679 31.297258943319321 24.012734055519104 41.109239220619202 6.1918462067842475 247.30785837769508 39.650107935070992 52.720624417066574 111.2947062253952 63.93417601287365 5.4461034983396521 20.586848109960556 28.480430886149406 17.341972798109055 14858.887145400047 240.40183241665363
leaf_count=2791 47 48 78 116 100 82 147 17 787 138 159 336 218 22 63 79 48 51908 760
internal_value=0.000218668 -0.00862843 -0.00535277 0.00968425 -0.0163328 0.00729264 -0.0293214 -0.0117066 0.000329429 0.00761224 9.35648e-05 0.0116679 0.00502515 -0.0202361 -0.0133338 0.0264595 0.0293579 -4.61642e-06 -0.00486004
internal_weight=16677.1 206.208 194.152 81.9383 112.214 39.8073 72.4065 39.256 16470.9 516.7 15954.2 451.017 311.242 65.6831 60.237 139.775 42.6824 15901.5 1042.58
internal_count=57944 683 635 259 376 129 247 133 57261 1643 55618 1420 1005 223 201 415 126 55459 3551
is_linear=0
shrinkage=0.05


Tree=97
num_leaves=20
num_cat=0
split_feature=13 5 2 10 12 14 1 5 12 3 20 17 10 10 1 3 12 8 9
split_gain=6.40853 10.1971 10.2958 15.2373 15.8935 13.9508 12.4976 9.04787 7.71829 10.8732 10.3342 11.2927 8.50988 13.3034 12.8524 11.2253 8.5714 7.45172 4.77147
threshold=0.011107844842847837 -28.764999999992138 91072.351666666684 1.4957000000000014 2.1849999999999459 19.242252841280198 91113.877000000022 1.0000000180025095e-35 1.8049999999998365 0.43913599999999536 6.1499999999955444 0.35994500000000001 5.0634000000000023 3.0350000000000015 91067.938000000009 0.10801599999999432 -1.7050000000003818 4737.7970000000014 4743.3003333333345
decision_type=2 2 2 2 2 2 2 2 2 2 2 2 2 2 2 2 2 2 2
left_child=8 -2 3 4 -3 -5 18 -8 12 10 11 -10 13 16 15 -14 -1 -15 -4
right_child=1 2 6 5 -6 -7 7 -9 9 -11 -12 -13 14 17 -16 -17 -18 -19 -20
leaf_value=-0.02404076759628581 0.040261650135854726 0.00029400993706601552 0.078768003430324265 -0.017922254172006963 0.062052247214641476 -0.10586214555774279 0.022944473784102817 -0.021397860787048969 0.013331750769679823 -0.080562985573392726 0.028856157374232045 -0.071166338494420264 -0.049132281295591329 -0.014994630152314748 0.051407808231377285 0.028257029264527913 0.00020837644830240304 -0.061599235428802336 0.025538876460562077
leaf_weight=36.523503251373768 22.49321511387825 112.33431385457516 10.514585912227632 28.618926152586937 11.482533752918242 5.3535309433937064 35.916132986545563 16.92517027258873 6.9482912719249788 6.7574665099382392 10.571581378579138 9.1756067126989347 8.408670052886011 32.186755150556564 20.023508802056313 10.583154633641241 16271.946995541453 11.692991495132445 7.0216072201728812
leaf_count=126 63 363 27 97 31 22 115 62 22 26 32 36 31 115 59 32 56619 44 22
internal_value=0.000207865 0.00814233 0.00497594 -0.00211743 0.00602135 -0.0317802 0.0208796 0.00874154 8.67771e-05 -0.0239055 -0.00956365 -0.0347535 0.000135743 8.00943e-05 0.0234594 -0.00600725 0.000154069 -0.0274137 0.0574547
internal_weight=16675.5 250.66 228.167 157.789 123.817 33.9725 70.3775 52.8413 16424.8 33.4529 26.6955 16.1239 16391.4 16352.4 39.0153 18.9918 16308.5 43.8797 17.5362
internal_count=57944 802 739 513 394 119 226 177 57142 116 90 58 57026 56904 122 63 56745 159 49
is_linear=0
shrinkage=0.05


Tree=98
num_leaves=20
num_cat=0
split_feature=21 18 12 14 13 8 14 8 10 4 10 8 2 17 13 13 12 1 4
split_gain=6.41277 19.1371 19.8882 21.2808 13.2858 15.1404 32.6671 15.6914 12.332 16.4506 10.3852 9.85889 9.95057 8.7508 7.75098 7.30996 10.393 15.418 11.0553
threshold=0.0014263321607884737 0.087804086569388276 -0.99000000000023636 19.219023772807372 0.0065578811637019294 4664.3010000000013 19.871709362368119 4731.0930000000017 0.024200000000001436 0.029296999999999931 0.2591000000000015 4727.2790000000014 92371.429666666678 0.62016000000000004 0.0082009861742736341 0.010618494528639361 -1.7050000000003818 90684.941000000021 0.36304400000000098
decision_type=2 2 2 2 2 2 2 2 2 2 2 2 2 2 2 2 2 2 2
left_child=1 2 11 13 5 6 -3 -7 -6 -10 -5 12 -1 -4 -13 16 17 -2 -19
right_child=15 4 3 10 8 7 -8 -9 9 -11 -12 14 -14 -15 -16 -17 -18 18 -20
leaf_value=-0.059305115066002459 -0.085074730804015855 0.12476171186547191 -0.089754477657928627 -0.027121586722426316 0.044813420367723796 -0.014111150670514187 -0.016330225824972924 0.02437458226118374 -0.026753979833835147 0.019341151368815576 -0.0035016280893758901 0.069940753392062682 0.017932155257882339 -0.031812734811105296 0.0037277684645296034 0.0085404156105705741 0.00030327472878079366 0.025724527899848637 -0.048938903317991479
leaf_weight=6.1851058304309872 8.757485508918764 6.8807271122932461 14.37296509742737 94.030102096498013 27.996719494462013 177.71388640999794 10.160397157073019 31.123526901006699 26.217252679169178 73.957184582948685 92.136590085923672 11.290213748812677 12.799093842506407 11.921075120568274 7.2633158415555945 270.32167620956898 15771.48829100281 11.771122112870218 8.5656540691852552
leaf_count=24 34 18 59 377 91 678 42 99 107 235 334 31 47 43 24 855 54779 36 31
internal_value=0.00019758 -0.00486003 -0.015451 -0.0213788 0.00261838 -0.00467771 0.0406387 -0.00837553 0.0154764 0.00727732 -0.0154317 0.0180999 -0.00723197 -0.0634851 0.0440198 0.000387677 0.000248198 -0.0296082 -0.00572299
internal_weight=16675 604.048 249.998 212.461 354.05 225.879 17.0411 208.837 128.171 100.174 186.167 37.5377 18.9842 26.294 18.5535 16070.9 15800.6 29.0943 20.3368
internal_count=57944 2209 939 813 1270 837 60 777 433 342 711 126 71 102 55 55735 54880 101 67
is_linear=0
shrinkage=0.05


Tree=99
num_leaves=20
num_cat=0
split_feature=15 13 12 17 5 15 18 1 14 9 11 0 4 17 1 3 3 20 13
split_gain=6.26745 13.0255 14.3214 12.3846 19.1968 15.8299 11.4568 14.8107 11.6309 10.5866 16.9983 9.43864 9.4041 9.66901 8.58104 8.49402 8.17747 7.81387 7.73919
threshold=-1.0739479755494939e-05 0.015502467310695624 -1.7050000000003818 0.021004999999999954 -17.299999999995631 -1.073028091935768e-05 0.0073276603854482477 92309.533000000025 19.891220790782441 4662.6000000000013 0.16356666666666883 -1.102784111250976e-05 0.30601633333333439 0.010985000000000002 93170.177000000011 0.1161499999999958 0.73850099999999419 -1.0000000180025095e-35 0.00033492324515353738
decision_type=2 2 2 2 2 2 2 2 2 2 2 2 2 2 2 2 2 2 2
left_child=1 2 -1 4 12 14 7 -6 -8 10 -4 -11 15 -14 17 -2 -3 -5 -7
right_child=3 16 9 5 6 18 8 -9 -10 11 -12 -13 13 -15 -16 -17 -18 -19 -20
leaf_value=-0.053225103787572184 -0.0062639035129640839 0.046424291584713465 0.032264127839250645 -0.1125512577053224 0.10239465383957128 0.0040195230053644759 -0.0057418206419972521 0.0039697668543011017 0.00099431263085305731 -0.0020242196224513217 -0.04041377122053591 0.0022247451839682479 0.028358587169581357 -0.037810076091062829 -0.012160443136765313 -0.057491723170368651 -0.016603864128607999 -0.027643346029513197 -0.00018490450011924219
leaf_weight=12.065327048301695 10.906655684113501 24.987836211919788 54.533842846751213 5.8265574425458908 5.8706940263509777 1355.1420097202063 1618.8130927458405 10.953348055481909 1060.7000810280442 1774.4284295141697 9.4375862479209882 4961.9009021744132 11.28420475125313 10.809945255517958 12.330872520804403 31.352039471268654 6.4809957593679419 5.0651767402887362 5691.0004436448216
leaf_count=45 40 72 171 24 16 4704 6176 41 4140 6358 37 16488 37 40 40 128 22 17 19348
internal_value=0.000187675 0.00134946 0.0012012 -0.000621177 -0.00346116 0.000487877 -0.00281703 0.0383148 -0.00307529 0.00129777 0.0215421 0.00110552 -0.0304497 -0.00401558 -0.0407256 -0.0442702 0.0334437 -0.073065 0.000623708
internal_weight=16673.9 6843.83 6812.37 9830.06 2760.69 7069.37 2696.34 16.824 2679.51 6800.3 63.9714 6736.33 64.3528 22.0942 23.2226 42.2587 31.4688 10.8917 7046.14
internal_count=57944 23193 23099 34751 10618 24133 10373 57 10316 23054 208 22846 245 77 81 168 94 41 24052
is_linear=0
shrinkage=0.05


Tree=100
num_leaves=20
num_cat=0
split_feature=16 16 9 10 4 8 2 8 1 16 10 3 9 16 9 21 9 4 11
split_gain=6.35136 17.2185 26.85 29.1625 32.4861 22.617 18.8546 33.5773 19.286 19.1641 16.8569 16.5215 16.3565 15.2494 14.7822 16.6769 14.7112 12.5924 10.3696
threshold=19.922776000307387 19.878757477022422 4674.4913333333343 0.12160000000000055 1.024546000000002 4675.0210000000015 92624.268333333341 4667.2610000000013 92658.474000000002 19.847375401757024 0.64710000000000145 0.020811999999999328 4668.9823333333343 19.893689837337771 4672.3380000000006 27357214.353976998 4671.4180000000006 0.40375200000000155 0.0080000000000001164
decision_type=2 2 2 2 2 2 2 2 2 2 2 2 2 2 2 2 2 2 2
left_child=1 6 3 4 -3 17 7 10 12 -10 -1 -9 -8 -7 18 -16 -5 -4 -2
right_child=14 2 5 16 -6 13 8 11 9 -11 -12 -13 -14 -15 15 -17 -18 -19 -20
leaf_value=0.019776374422224591 -0.014323531402090174 0.0047937819166369673 -0.027680563399190589 0.012889397205966375 -0.054769850128533595 -0.011436706201268704 -0.0097095988215028864 -0.0041673155370610185 0.015545878691047833 -0.0044512904497847391 -0.033492053871414261 0.00097685685988817814 -0.034796312736129376 0.0098646746135199938 0.0080044383492664985 -0.041147583095537732 0.035137147437099357 0.028364579653911749 -0.0030263990119127216
leaf_weight=284.05007343739271 243.2143007516861 1796.0947433039546 129.89419801533222 235.54126288741827 23.187050774693489 150.32961615920067 309.27444493770599 1920.7368547618389 135.02633326500654 1063.1088239178061 15.671150043606756 8330.0005303323269 82.254914276301861 190.47380361706018 392.16507728397846 18.051626324653625 108.54783786833286 10.860346153378485 1232.347814232111
leaf_count=987 950 6414 539 817 92 617 1161 6964 476 3947 61 27390 340 723 1408 75 347 37 4599
internal_value=0.000178318 0.000526863 0.00418248 0.00655929 0.00403463 -0.00649519 -0.000269575 0.000495289 -0.00534591 -0.00219767 0.0169912 1.29651e-05 -0.01498 0.000468559 -0.00255437 0.0058415 0.0199078 -0.0233562 -0.00488849
internal_weight=16670.8 14785.1 2644.93 2163.37 1819.28 481.558 12140.1 10550.5 1589.66 1198.14 299.721 10250.7 391.529 340.803 1885.78 410.217 344.089 140.755 1475.56
internal_count=57944 50912 9586 7670 6506 1916 41326 35402 5924 4423 1048 34354 1501 1340 7032 1483 1164 576 5549
is_linear=0
shrinkage=0.05


Tree=101
num_leaves=20
num_cat=0
split_feature=0 0 9 2 2 20 1 8 9 1 3 17 3 6 4 0 6 1 1
split_gain=6.41846 21.4084 16.535 20.1039 17.648 16.9768 13.7656 12.922 12.015 13.1026 12.5646 17.3271 10.7405 9.86595 16.6291 11.1323 17.5736 12.3458 14.7477
threshold=1.0000000180025095e-35 1.0990117860210093e-05 4726.4740000000011 92556.776000000013 92661.749666666685 8.000000000003185 91324.26400000001 4708.0090000000009 4739.1663333333345 90453.392000000022 0.19492199999999635 1.6136100000000002 2.6213379999999944 0.020703829241486015 0.55768366666666769 -1.1010532946498229e-05 0.016576691680213848 92864.353000000017 92824.241000000024
decision_type=2 2 2 2 2 2 2 2 2 2 2 2 2 2 2 2 2 2 2
left_child=13 2 3 7 -5 6 -4 -2 9 -3 11 -10 -11 15 -15 17 -17 18 -1
right_child=1 8 5 4 -6 -7 -8 -9 10 12 -12 -13 -14 14 -16 16 -18 -19 -20
leaf_value=-0.0018064448033438896 0.011578677572201533 0.045818700955381021 -0.0087202499616495996 -0.02039767657690501 -0.0042916164896509438 -0.053586049424507225 -0.047128363975460233 -0.0028535423732677203 0.00093048559949918488 0.0047628120996430611 -0.0084621776346326654 0.045445924207578314 -0.031411613464310505 -0.029826940306655364 0.027650028255451653 0.001459734192605266 -0.031992763324951858 -0.014989217534429651 0.058907606211073382
leaf_weight=1880.933135047555 293.43822733312845 19.187435433268547 259.84798659384251 207.77078083902597 937.60114004462957 27.089237093925476 25.629687272012234 328.98009698092937 492.66883671283722 1347.6729632616043 459.91865867376328 22.874735087156296 20.836510866880417 15.26680915057659 71.613635554909706 10021.396999932826 39.413897722959518 185.84105576574802 10.055458277463911
leaf_count=6516 1110 55 1086 1075 4574 101 140 1130 1608 4497 1529 66 72 52 208 33082 135 870 38
internal_value=0.000169324 -0.00145808 -0.00515701 -0.00328263 -0.00721326 -0.015758 -0.0121685 0.00395051 0.00179819 0.00478732 -0.00245415 0.00290564 0.00421203 0.000760873 0.0175501 0.000640697 0.00132868 -0.00269212 -0.00148359
internal_weight=16668 4443.52 2080.36 1767.79 1145.37 312.567 285.478 622.418 2363.16 1387.7 975.462 515.544 1368.51 12224.5 86.8804 12137.6 10060.8 2076.83 1890.99
internal_count=57944 17043 9216 7889 5649 1327 1226 2240 7827 4624 3203 1674 4569 40901 260 40641 33217 7424 6554
is_linear=0
shrinkage=0.05


Tree=102
num_leaves=20
num_cat=0
split_feature=14 5 6 3 4 11 1 11 21 4 3 13 17 11 9 13 3 6 4
split_gain=6.28115 10.0971 14.994 7.76516 12.9501 11.3346 11.3131 6.30431 35.1577 15.1038 22.8223 15.6113 15.0447 12.1602 18.0008 17.0973 20.8028 19.4318 15.4019
threshold=18.812165302212637 4.8649999999979636 0.0069959237345522283 0.64491799999999644 0.25235466666666673 0.086466666666669467 89502.085000000021 0.36863333333333476 19.021748246280332 0.22330399999999967 0.12992899999999422 0.0035214961235717529 3.0225750000000002 0.21200000000000049 4665.390666666668 0.0065578811637019294 2.0662379999999931 0.020703829241486015 0.028144000000000752
decision_type=2 2 2 2 2 2 2 2 2 2 2 2 2 2 2 2 2 2 2
left_child=1 3 -3 4 6 -5 -1 13 9 10 -9 -11 -10 15 -15 17 -17 -2 -16
right_child=7 2 -4 5 -6 -7 -8 8 12 11 -12 -13 -14 14 18 16 -18 -19 -20
leaf_value=0.05720830592918702 -0.00025685963711160372 -0.078890029089291394 0.03084782666376459 0.038030481852901546 0.059731558442997795 -0.055210882106493789 -0.015886364520176447 0.0016928417672402057 0.043680086862393171 0.021304550382597025 -0.014200578912150064 0.0033830266020918424 -0.026036586475614777 -0.035569967504154615 0.0099012238917041574 0.011078772391735577 -0.053826512555314412 0.027772918191591257 -0.0051682822192297877
leaf_weight=7.7635855227708843 12221.02453558147 6.4762772023677808 5.9934483766555786 6.2187643349170667 22.878072381019592 6.8489908576011658 16.638607114553452 1019.9690251350403 68.363642126321793 153.61381122469902 290.12140867114067 581.52737222611904 8.7261460125446302 44.696327283978462 191.93410912901163 478.03382140398026 12.672577843070028 62.146574586629868 1454.3426316976547
leaf_count=21 43087 25 19 18 64 26 56 3507 210 473 993 1859 31 180 695 1547 46 185 4902
internal_value=0.00016082 0.0148136 -0.0261456 0.023277 0.0327062 -0.0108386 0.00736879 9.64947e-05 0.0026413 0.0013919 -0.00182678 0.00712788 0.0357885 -0.000276885 -0.0042614 0.000250575 0.00940258 -0.000115043 -0.00341138
internal_weight=16660 72.8177 12.4697 60.348 47.2803 13.0678 24.4022 16587.2 2122.32 2045.23 1310.09 735.141 77.0898 14464.9 1690.97 12773.9 490.706 12283.2 1646.28
internal_count=57944 229 44 185 141 44 77 57715 7073 6832 4500 2332 241 50642 5777 44865 1593 43272 5597
is_linear=0
shrinkage=0.05


Tree=103
num_leaves=20
num_cat=0
split_feature=2 1 3 2 9 9 9 16 4 9 6 9 1 3 1 11 7 4 13
split_gain=5.99195 27.1224 16.7073 16.6612 18.1536 26.8177 12.5085 15.6706 17.1514 20.5165 13.3453 27.7067 11.8897 11.4614 11.1383 13.273 12.5079 12.2287 10.8626
threshold=90948.149666666679 90938.480000000025 0.030554999999993417 90938.870999999999 4709.9763333333349 4710.5043333333351 4724.0510000000004 19.306962566353501 0.83278833333333446 4712.5536666666676 0.011676126079509207 4670.5503333333345 91601.872000000018 0.57334099999999633 91324.26400000001 0.030266666666668083 0.0050670058781010505 0.67510833333333309 0.002506501988683726
decision_type=2 2 2 2 2 2 2 2 2 2 2 2 2 2 2 2 2 2 2
left_child=1 3 -3 4 -1 -6 7 8 9 -2 12 -12 -9 -4 15 16 -8 -17 -5
right_child=6 2 13 18 5 -7 14 10 -10 -11 11 -13 -14 -15 -16 17 -18 -19 -20
leaf_value=0.037507568764541761 -0.072914552820435852 -0.033082536365635913 0.044231971604971457 -0.093853469159540015 -0.03980816918519927 0.0016064150134195571 0.0050081254968392325 0.0042912031474087453 0.044724990888776045 0.0084768838122335124 0.020428950528241278 -0.020280848303575905 -0.00049502024315537841 -0.010345570060791174 -0.016063819472776558 -0.0049661909757159617 0.04654346784053396 0.017265404423508258 -0.018126362698482234
leaf_weight=34.674012616276741 7.8998993933200827 9.6420699805021268 68.721464529633522 6.9689633250236538 39.517413347959518 3605.9527241587639 207.04271557927132 1533.1603282392025 32.337554335594177 388.78767384588718 53.263103529810905 194.1190021187067 8443.6713117957115 11.185129061341284 170.37952902168036 1752.5968018695712 19.864455953240395 64.118528947234154 14.776518344879149
leaf_count=105 30 34 200 28 139 11524 707 5002 93 1248 166 663 30939 37 653 6071 59 197 49
internal_value=0.000152922 0.00189985 0.0290902 0.00124212 0.00149996 0.00115748 -0.000361824 0.000348862 0.00971036 0.006856 -4.39618e-05 -0.0115157 0.000240489 0.0365923 -0.00378147 -0.00275748 0.00864431 -0.00418156 -0.0423953
internal_weight=16658.7 3791.44 89.5487 3701.89 3680.14 3645.47 12867.2 10653.2 429.025 396.688 10224.2 247.382 9976.83 79.9066 2214 2043.62 226.907 1816.72 21.7455
internal_count=57944 12116 271 11845 11768 11663 45828 38141 1371 1278 36770 829 35941 237 7687 7034 766 6268 77
is_linear=0
shrinkage=0.05


Tree=104
num_leaves=20
num_cat=0
split_feature=0 0 9 2 16 20 1 8 9 1 3 17 3 2 6 4 0 6 0
split_gain=6.0415 18.7359 14.5252 17.7378 16.6081 15.4217 12.5821 11.9917 10.9593 11.9188 11.3157 15.9046 9.6634 9.35698 8.23544 14.8248 10.315 15.8515 12.0447
threshold=1.0000000180025095e-35 1.0990117860210093e-05 4726.4740000000011 92556.776000000013 19.837711542109218 8.000000000003185 91324.26400000001 4708.0090000000009 4739.1663333333345 90453.392000000022 0.19492199999999635 1.6136100000000002 2.6213379999999944 90397.463333333348 0.020703829241486015 0.55768366666666769 -1.1010532946498229e-05 0.016576691680213848 -0.0090635708120678764
decision_type=2 2 2 2 2 2 2 2 2 2 2 2 2 2 2 2 2 2 2
left_child=14 2 3 7 -5 6 -4 -2 9 -3 11 -10 -11 -12 16 -16 18 -18 -1
right_child=1 8 5 4 -6 -7 -8 -9 10 12 13 -13 -14 -15 15 -17 17 -19 -20
leaf_value=0.0028274964110011828 0.010971656259189912 0.043873232485425732 -0.0081784059145969101 -0.026350395492504581 -0.0049847480047480221 -0.051036809658457638 -0.045443202628833515 -0.0029218195959124032 0.00076005538763017008 0.0044518988533241875 -0.003241318020653364 0.043586447261728258 -0.029741434000128516 -0.018506942827145892 -0.028586322610223171 0.025690215991158883 0.001396316986716108 -0.030337256346417485 -0.0052740385065741151
leaf_weight=684.77160829305649 294.24696823954582 18.93159531056881 258.84231550991535 99.6581100076437 1041.5820807740092 26.922782927751541 24.823820918798447 328.92243246734142 492.29840652644634 1344.3241192251444 312.76490986347198 22.67763876914978 20.985243782401085 147.82248564064503 15.281990140676497 71.173704788088799 10019.264072857797 39.507673069834709 1390.1074812933803
leaf_count=2327 1110 55 1086 540 5109 101 140 1130 1608 4497 1026 66 72 503 52 208 33082 135 5097
internal_value=0.000145447 -0.00143533 -0.0049011 -0.00314594 -0.00685049 -0.0148719 -0.0114395 0.00363838 0.00161215 0.00447267 -0.00244669 0.00264597 0.00392634 -0.00814072 0.000719129 0.0160962 0.000609563 0.00127168 -0.00260029
internal_weight=16654.9 4434.8 2075 1764.41 1141.24 310.589 283.666 623.169 2359.8 1384.24 975.563 514.976 1365.31 460.587 12220.1 86.4557 12133.7 10058.8 2074.88
internal_count=57944 17043 9216 7889 5649 1327 1226 2240 7827 4624 3203 1674 4569 1529 40901 260 40641 33217 7424
is_linear=0
shrinkage=0.05


Tree=105
num_leaves=20
num_cat=0
split_feature=14 13 10 7 18 8 1 20 3 10 21 11 6 17 11 16 1 21 13
split_gain=5.91363 10.1484 12.0413 9.54397 9.67292 8.33668 8.21572 10.2648 8.71335 7.64118 7.57447 6.77005 6.47444 6.99341 7.97818 6.17238 31.2114 40.6102 16.8937
threshold=19.973032524794473 0.0019536102703964311 0.016000000000000802 -1.0000000180025095e-35 0.12739559604495751 4667.1810000000014 93247.453000000023 0.22999999999092327 0.011431999999999337 0.17120000000000107 0.0045326098798503757 0.081933333333335759 3.4120895346675965e-06 0.44816499999999998 0.004800000000000579 19.878757477022422 92938.799000000014 31433153.828769777 0.00692131157284706
decision_type=2 2 2 2 2 2 2 2 2 2 2 2 2 2 2 2 2 2 2
left_child=12 2 3 -2 -5 6 8 -8 -3 -7 -4 -12 13 14 -1 -14 17 -17 -18
right_child=1 5 10 4 -6 9 7 -9 -10 -11 11 -13 15 -15 -16 16 18 -19 -20
leaf_value=-0.048065163558173994 0.038813195020345706 -0.0018521452421218516 0.075330286347016398 -0.06405472171736408 -0.0095717572349975945 -0.096237197804790856 -0.020989266528660372 0.038321598125234925 -0.036062159832134608 -0.017512697676842444 0.024643183873637987 -0.019475804427349169 -0.00025051024484597575 -0.058987265785975775 -0.002862620276148419 0.013567366056694594 -0.00065131617222470768 -0.030300053432466507 0.02535944416174667
leaf_weight=11.246353328227995 7.9695368483662596 31.498177006840706 5.6077783107757559 10.042995013296602 43.143034584820271 6.1750691980123502 14.386602476239206 14.798886865377424 45.500566393136978 6.1543285697698593 35.564301833510399 11.509115368127821 12086.218633174896 7.5671655237674704 73.935820519924164 781.8515253290534 3334.4623288661242 56.575923189520836 63.615949675440788
leaf_count=54 27 125 16 46 167 29 57 46 186 25 121 43 41178 33 278 2711 12380 213 209
internal_value=0.000138173 -0.0077827 0.00287931 -0.0122137 -0.0198596 -0.018024 -0.0135052 0.00908509 -0.0220677 -0.0569412 0.0204001 0.0138564 0.000250288 -0.0129227 -0.00883058 0.00032514 0.0019674 0.0106073 -0.000164365
internal_weight=16647.8 232.35 113.837 61.1556 53.186 118.514 106.184 29.1855 76.9987 12.3294 52.6812 47.0734 16415.5 92.7493 85.1822 16322.7 4236.51 838.427 3398.08
internal_count=57944 888 420 240 213 468 414 103 311 54 180 164 57056 365 332 56691 15513 2924 12589
is_linear=0
shrinkage=0.05


Tree=106
num_leaves=20
num_cat=0
split_feature=12 10 7 3 4 14 17 0 4 17 8 3 21 11 1 10 13 19 11
split_gain=5.84481 10.9613 12.0473 10.9524 24.2133 10.8484 9.15786 16.1391 16.068 18.7532 12.9494 11.0506 8.8605 10.5372 12.9967 13.5305 11.498 12.3636 11.0903
threshold=0.019999999999981814 0.28580000000000144 -0.00021252833268814439 0.57334099999999633 0.42699700000000002 19.15494316282668 0.035015000000000011 1.091616179671462e-05 0.020046333333333402 0.69976500000000008 4663.6720000000014 0.025412999999995054 0.0036484310233705791 0.17606666666666909 90973.433000000005 0.19239999999999963 0.0061748039341851723 0.081535191133202775 0.17900000000000096
decision_type=2 2 2 2 2 2 2 2 2 2 2 2 2 2 2 2 2 2 2
left_child=12 6 -3 5 -5 -4 7 11 9 -8 -10 -2 13 16 15 -15 -1 -18 -16
right_child=1 2 3 4 -6 -7 8 -9 10 -11 -12 -13 -14 14 18 -17 17 -19 -20
leaf_value=-0.0086266206038256351 -0.0036408574093919907 0.00705295893114323 0.0059902326190557735 -0.057533612711575116 -0.0059430302436151517 -0.0063416138585738052 0.021454211303879134 -0.018382350443801859 0.041554057866453581 -0.030445808337353698 0.0028877696368036837 0.0054566228029289962 -4.0699653787026405e-06 0.0086856241092081107 0.056500310787039744 -0.047739645785106005 0.090048510870536003 0.0075485525083580562 0.0037189529312296105
leaf_weight=884.85917768627405 655.12992625683546 260.55556313693523 241.10987205803394 30.655611857771873 88.11680506169796 685.03328210115433 207.3138824030757 116.86455847322941 21.835365116596222 19.000508710741997 2596.4010689258575 680.54723004996777 9678.5501821041107 18.497031405568123 10.224046871066092 24.96259643137455 5.0176233351230612 47.835808612406254 374.43430522829294
leaf_count=3430 2456 848 760 115 287 2390 727 427 68 72 8707 2267 33685 59 30 93 13 167 1343
internal_value=0.000131202 0.00144662 -0.00256584 -0.00496434 -0.0192588 -0.00313117 0.00266562 -0.000564521 0.00431507 0.0170969 0.00321024 0.000994443 -0.000536082 -0.00430603 0.0021936 -0.0237243 -0.00727347 0.0153807 0.00512186
internal_weight=16646.9 5602.56 1305.47 1044.92 118.772 926.143 4297.09 1452.54 2844.55 226.314 2618.24 1335.68 11044.4 1365.83 428.118 43.4596 937.713 52.8534 384.658
internal_count=57944 19124 4400 3552 402 3150 14724 5150 9574 799 8775 4723 38820 5135 1525 152 3610 180 1373
is_linear=0
shrinkage=0.05


Tree=107
num_leaves=20
num_cat=0
split_feature=21 18 12 14 13 8 14 8 10 4 5 8 2 18 13 15 8 1 4
split_gain=5.74043 17.2278 17.8986 19.029 11.2563 13.6835 28.8489 14.2915 10.7196 14.7014 9.94987 9.11315 9.04176 8.21065 7.03673 6.71537 12.6433 12.163 13.0233
threshold=0.0014263321607884737 0.087804086569388276 -0.99000000000023636 19.219023772807372 0.0065578811637019294 4664.3010000000013 19.871709362368119 4731.0930000000017 0.024200000000001436 0.029296999999999931 0.01000000000203727 4727.2790000000014 92371.429666666678 0.008643852803883351 0.0082009861742736341 -1.0739479755494939e-05 4664.572000000001 92600.227000000014 0.10850433333333324
decision_type=2 2 2 2 2 2 2 2 2 2 2 2 2 2 2 2 2 2 2
left_child=1 2 11 13 5 6 -3 -7 -6 -10 -5 12 -1 -4 -13 -2 17 -17 -19
right_child=15 4 3 10 8 7 -8 -9 9 -11 -12 14 -14 -15 -16 16 -18 18 -20
leaf_value=-0.057039142099995083 0.0015293804547080448 0.11695204542736815 -0.025213570668022135 -0.011790970117510596 0.041626172060330674 -0.013313356436874389 -0.015351963381340088 0.02342944072180167 -0.025645151991093774 0.018016786350102516 -0.060344973613086605 0.066866377720015704 0.016732956453570706 -0.082568786016411044 0.0036538204159290754 0.020947403177223812 -0.00019880040827210149 -0.020121489408165407 0.0018919903840458421
leaf_weight=6.1517106592655209 6592.3771068453789 6.9733208417892483 10.222874879837038 174.31131351739168 27.993957422673702 177.01343017071486 10.070486992597578 31.11743038892746 26.089403562247753 73.859558135271072 11.231169454753397 11.247224628925325 12.786491721868513 16.015048742294312 7.2342971563339225 28.873627468943596 9114.784024938941 207.58408357203007 99.33857499063015
leaf_count=24 22341 18 36 648 91 678 42 99 107 235 63 31 47 66 24 93 32083 867 351
internal_value=0.000124649 -0.00466746 -0.0147335 -0.0203661 0.00243627 -0.00429283 0.038779 -0.00781998 0.0142792 0.00661983 -0.01473 0.017145 -0.00723049 -0.0602219 0.0421228 0.000304564 -0.000549823 -0.0100779 -0.0129966
internal_weight=16645.3 602.318 249.2 211.78 353.118 225.175 17.0438 208.131 127.943 99.949 185.542 37.4197 18.9382 26.2379 18.4815 16043 9450.58 335.796 306.923
internal_count=57944 2209 939 813 1270 837 60 777 433 342 711 126 71 102 55 55735 33394 1311 1218
is_linear=0
shrinkage=0.05


Tree=108
num_leaves=20
num_cat=0
split_feature=14 10 6 5 3 11 21 17 4 3 13 11 9 13 1 4 6 6 2
split_gain=5.71533 9.23439 11.5263 13.9377 6.97256 5.85134 31.8727 13.6648 13.5971 20.6848 14.2041 10.8326 16.3061 15.3391 23.8047 14.155 13.5753 11.566 9.34657
threshold=18.812165302212637 0.79730000000000167 0.0083523727727924952 1.8199999999997092 0.42618199999999334 0.36863333333333476 19.021748246280332 2.3721150000000004 0.22330399999999967 0.12992899999999422 0.0033037233006423315 0.21200000000000049 4665.390666666668 0.0047709909068069109 89793.802000000011 0.028144000000000752 0.020703829241486015 0.0017773347991240356 93058.145000000019
decision_type=2 2 2 2 2 2 2 2 2 2 2 2 2 2 2 2 2 2 2
left_child=1 2 3 4 -1 11 8 18 9 -7 -10 13 17 16 -15 -14 -2 -13 -8
right_child=5 -3 -4 -5 -6 6 7 -9 10 -11 -12 12 15 14 -16 -17 -18 -19 -20
leaf_value=0.033804137841886774 -0.00055853011018872285 -0.028717239283603327 0.061379008625236667 -0.052403861456560785 -0.014098303375971439 0.0016212074176347167 0.049141827432673153 -0.016933393899284548 0.02131269509602296 -0.013508296105634549 0.0034418018551855296 -0.017522835116045101 0.0095064401594067809 0.030033254558203583 0.0033604637248741305 -0.0049423684852222087 0.024687586387528694 -0.073560070052512166 -0.013363246501944521
leaf_weight=29.82533697783947 11202.02477145195 10.707661360502241 14.050422966480253 7.5644246637821189 10.192646011710165 1018.7731064110994 59.051234051585197 11.202557966113089 136.61415413022041 290.28345042467117 597.44082903862 31.405080080032349 191.88105720281601 88.900316819548607 1416.3635409325361 1453.6044460833073 53.502018257975578 13.027950927615164 6.6548497378826132
leaf_count=87 39657 37 43 28 34 3507 175 39 421 993 1911 124 695 262 4784 4902 162 56 27
internal_value=0.000118341 0.0141418 0.0215878 0.009838 0.0216033 5.71212e-05 0.00251014 0.0341088 0.00132068 -0.00173376 0.00676773 -0.000302754 -0.00406457 0.000195425 0.00493575 -0.00325748 -0.000438525 -0.0339532 0.0428112
internal_weight=16643.1 72.3405 61.6328 47.5824 40.018 16570.7 2120.02 76.9086 2043.11 1309.06 734.055 14450.7 1689.92 12760.8 1505.26 1645.49 11255.5 44.433 65.7061
internal_count=57944 229 192 149 121 57715 7073 241 6832 4500 2332 50642 5777 44865 5046 5597 39819 180 202
is_linear=0
shrinkage=0.05


Tree=109
num_leaves=20
num_cat=0
split_feature=3 21 21 6 5 12 1 13 2 21 4 5 13 9 4 5 4 3 11
split_gain=5.78237 12.5466 10.3719 12.2163 13.0617 13.0375 12.1073 10.9069 9.63344 9.40727 10.5092 19.2387 14.8512 12.3977 10.0884 9.17068 23.0351 11.1681 7.86604
threshold=2.0662379999999931 23206145.955612201 3.9796474565605791 0.0085183054203423775 -10.965000000003782 -0.29000000000041831 91095.395000000004 0.0033846364618262252 90794.760333333354 99385297.772507414 0.83278833333333446 30.620000000002623 0.005437810988624849 4749.2460000000019 0.94905133333333336 -16.655000000006108 0.42699700000000002 0.81371999999999567 0.0031333333333341405
decision_type=2 2 2 2 2 2 2 2 2 2 2 2 2 2 2 2 2 2 2
left_child=9 2 3 4 -2 -5 8 -8 -4 10 15 12 -12 -13 18 16 -1 -17 -11
right_child=1 -3 6 5 -6 -7 7 -9 -10 14 11 13 -14 -15 -16 17 -18 -19 -20
leaf_value=-0.0086952509013922836 0.042319886740209763 -0.057894043065272086 0.0075211092080090611 -0.003421722678123388 -0.015454859467975835 -0.046504784404553551 -0.022953467011050402 0.049332162285210771 0.056345167865187201 0.086803307457209128 0.0049619028681264065 -0.011518469941579179 0.025023443992713553 -0.089461254573740573 -0.03023272139554832 0.00044833243702922733 0.008968330389868771 -0.0085844974632733884 0.021263879600088326
leaf_weight=800.34413979947567 15.832140758633612 11.970094114542006 25.194548815488815 31.390246629714966 25.603405371308327 39.854784578084946 33.00238125026226 6.1985095590353003 16.866634085774422 5.0351681858301154 306.21164998412132 58.593692734837532 132.0270210057497 5.5884804725646964 8.8640574067831022 14477.902556777 239.90021829307079 350.47668060660362 50.440598338842392
leaf_count=2791 47 48 78 100 87 142 116 17 48 13 990 195 395 22 32 50732 760 1176 155
internal_value=0.000112557 -0.00821423 -0.00514801 -0.0149673 0.00662034 -0.0275226 0.0084678 -0.0115235 0.0270997 0.00021688 0.000141888 0.00726144 0.0110058 -0.0183051 0.0192983 -8.35259e-05 -0.00462169 0.000234837 0.0272125
internal_weight=16641.3 205.913 193.943 112.681 41.4355 71.245 81.2621 39.2009 42.0612 16435.4 16371 502.421 438.239 64.1822 64.3398 15868.6 1040.24 14828.4 55.4758
internal_count=57944 683 635 376 134 242 259 133 126 57261 57061 1602 1385 217 200 55459 3551 51908 168
is_linear=0
shrinkage=0.05


Tree=110
num_leaves=20
num_cat=0
split_feature=0 17 13 10 20 4 17 3 18 0 9 7 18 6 19 0 0 18 11
split_gain=5.40494 17.1501 11.9334 14.7217 10.9091 12.105 10.6219 9.13207 8.70068 10.9525 10.8048 13.9217 10.6249 10.0494 8.4483 7.6934 11.4462 11.1404 17.4166
threshold=1.0000000180025095e-35 0.035015000000000011 0.0077149889081668957 0.049400000000000083 -0.32000000000016365 0.2948513333333333 0.033449999999999959 0.060833999999996342 0.15572685138224204 0.0014021461047675212 4668.4176666666672 0.00021423529247277531 0.02912621295598079 0.011676126079509207 0.85470084339528818 -1.1010532946498229e-05 -1.0748908141344769e-05 0.021739130287098306 0.39043333333333469
decision_type=2 2 2 2 2 2 2 2 2 2 2 2 2 2 2 2 2 2 2
left_child=15 2 4 -4 5 -2 -6 -5 9 12 11 -10 -3 -12 -11 -1 -17 -18 -19
right_child=1 8 3 7 6 -7 -8 -9 10 14 13 -13 -14 -15 -16 16 17 18 -20
leaf_value=-0.0020737254803795146 -0.022426516021320009 -0.0010114737281064405 0.064665281018573273 -0.04487830823533312 -0.0040489883395840552 0.0053268815628288472 -0.041452516236741364 0.027940778808863122 -0.01444518026692595 -0.045175980659691473 0.0046814801356842087 0.01719420517075761 -0.012534258621115305 -0.0052902135972534899 0.013947986854812451 0.0041310845993963365 -0.0038612826176377783 0.00033102171605040205 0.0097626658948118811
leaf_weight=2139.1868177950382 193.75140543282032 509.63770368695259 12.974500611424448 8.0180364400148409 878.35907240957022 49.282587498426437 19.400121331214905 9.2984445393085462 179.61906341463327 6.3882955610752097 1781.5720504820347 43.112678408622742 329.33145890384912 294.41955356299877 111.466422945261 2539.2175944447517 1352.3655592948198 5646.4178269281983 535.93228150159121
leaf_count=7623 894 2046 41 35 4036 178 86 28 715 24 6164 157 1305 966 368 7979 4575 19028 1696
internal_value=0.000107026 -0.00138979 -0.0065788 0.0243957 -0.00740125 -0.0167987 -0.00485726 -0.00577659 0.000476797 -0.00352967 0.00214446 -0.00832096 -0.00553466 0.00326728 0.0107432 0.000649546 0.00122783 0.000249425 0.00114863
internal_weight=16639.8 4426.63 1171.08 30.291 1140.79 243.034 897.759 17.3165 3255.55 956.824 2298.72 222.732 838.969 2075.99 117.855 12213.1 10073.9 7534.72 6182.35
internal_count=57944 17043 5298 104 5194 1072 4122 63 11745 3743 8002 872 3351 7130 392 40901 33278 25299 20724
is_linear=0
shrinkage=0.05


Tree=111
num_leaves=20
num_cat=0
split_feature=21 18 10 1 12 13 13 8 14 14 3 4 10 12 13 3 10 21 21
split_gain=5.49662 15.3878 16.5929 18.7856 12.234 13.0107 9.96225 12.4268 25.7779 13.0966 9.95746 9.35384 10.4654 9.28701 8.19441 6.968 6.5259 19.4307 21.2616
threshold=0.0014263321607884737 0.087804086569388276 0.33410000000000178 92871.239000000016 -0.80999999999994532 0.0065578811637019294 0.0065578811637019294 4664.3010000000013 19.871709362368119 19.454343917596294 0.14603199999999381 0.015938333333334272 0.021800000000000014 0.12000000000034562 0.0035725314813577079 0.017758999999999383 2.2118000000000015 0.25424299989245774 0.42884018623285164
decision_type=2 2 2 2 2 2 2 2 2 2 2 2 2 2 2 2 2 2 2
left_child=1 2 3 14 5 -4 7 8 -3 -9 -6 15 -13 -5 -1 -8 -2 -18 -19
right_child=16 6 4 13 10 -7 11 9 -10 -11 -12 12 -14 -15 -16 -17 17 18 -20
leaf_value=0.0095740866939462987 0.00039277534785929952 0.11021412567053446 0.067539342321937645 -0.021131262688104818 -0.0071427812457804316 0.0032136704887186377 -0.029386581632663417 0.011997416480322293 -0.014641326929853961 -0.015632133520594491 -0.079017044523555929 0.054714401881366351 0.012544301468839912 0.02914387225855989 -0.044185968629736005 0.035871409810407269 -0.035023552383961702 0.039532403187052395 -0.0084609897081320863
leaf_weight=7.7720877528190604 15823.911554656923 7.0307470262050655 11.34772354364395 19.085334271192551 81.204359315335751 25.583196640014648 18.565833732485775 60.512788444757462 10.033865593373774 147.26794178783894 5.1228319555521002 17.733925104141235 86.352897822856903 17.70874860137701 80.559375740587711 5.2464731484651557 51.90346285700798 28.267994686961174 125.65840677917004
leaf_count=29 55033 18 34 76 295 89 80 199 42 578 21 54 281 61 334 18 197 86 419
internal_value=0.000101688 -0.00459228 -0.0141256 -0.026952 -0.00110485 0.0229789 0.00212055 -0.00421684 0.0368 -0.00758547 -0.0114079 0.0132616 0.0197291 0.00306583 -0.0394557 -0.0150085 0.000277715 -0.00856793 0.000352813
internal_weight=16630.9 601.128 248.384 125.126 123.258 36.9309 352.744 224.845 17.0646 207.781 86.3272 127.899 104.087 36.7941 88.3315 23.8123 16029.7 205.83 153.926
internal_count=57944 2209 939 500 439 123 1270 837 60 777 316 433 335 137 363 98 55735 702 505
is_linear=0
shrinkage=0.05


Tree=112
num_leaves=20
num_cat=0
split_feature=2 1 3 2 9 9 8 4 6 21 1 9 6 9 20 17 21 5 3
split_gain=5.26529 24.4928 15.1197 14.9917 16.2021 23.9882 11.1878 23.2755 18.8898 18.1901 16.8899 12.7021 12.7853 23.8374 12.1958 11.1273 10.6109 10.6097 10.4625
threshold=90948.149666666679 90938.480000000025 0.030554999999993417 90938.870999999999 4709.9763333333349 4710.5043333333351 4730.5990000000011 0.67510833333333309 0.0088575939894877873 0.0092736781672323586 90960.706000000006 4730.563000000001 0.011676126079509207 4668.6703333333344 0.14499999999998184 0.80935000000000012 99385297.772507414 1.0000000180025095e-35 0.57334099999999633
decision_type=2 2 2 2 2 2 2 2 2 2 2 2 2 2 2 2 2 2 2
left_child=1 3 -3 4 -1 -6 11 9 14 17 -11 12 16 -14 -9 -13 -2 -8 -4
right_child=6 2 18 -5 5 -7 7 8 -10 10 -12 15 13 -15 -16 -17 -18 -19 -20
leaf_value=0.035680112139100849 0.00022779653377047695 -0.031328871968550519 0.042364554067491476 -0.040253511352155324 -0.037628553855683644 0.0014628071263862185 0.0069252732749823451 0.021236310814943114 0.050996378776598454 0.015126912582874338 -0.011944910281717248 0.015891904395124026 0.038666588477130809 -0.01471675525220395 -0.068235279736389404 0.085498488680150045 0.041928912467328931 -0.014370244617084854 -0.0097613845459099229
leaf_weight=34.065789312124252 11194.467519894242 9.6579708009958249 67.674971804022789 21.773525729775429 39.67660741508007 3601.6323887854815 315.22635197639465 9.2142104953527433 32.612876698374748 61.987011283636093 816.79310822486877 28.708741426467896 22.728010803461075 261.66451649367809 6.4924031794071189 7.1768366098403922 15.275218963623045 71.812622644007206 11.222953855991362
leaf_count=105 40136 34 200 77 139 11524 1039 29 90 192 2888 97 67 883 25 18 47 317 37
internal_value=9.65604e-05 0.00173532 0.0277214 0.00111289 0.00135795 0.00103686 -0.000386451 -0.00475747 0.0293009 -0.00605757 -0.0100353 0.000111738 1.90094e-05 -0.0104505 -0.0157472 0.0298127 0.000284622 0.00297403 0.0349498
internal_weight=16629.9 3785.7 88.5559 3697.15 3675.37 3641.31 12844.2 1314.14 48.3195 1265.82 878.78 11530 11494.1 284.393 15.7066 35.8856 11209.7 387.039 78.8979
internal_count=57944 12116 271 11845 11768 11663 45828 4580 144 4436 3080 41248 41133 950 54 115 40183 1356 237
is_linear=0
shrinkage=0.05


Tree=113
num_leaves=20
num_cat=0
split_feature=11 12 9 8 4 11 11 8 1 6 15 3 9 0 16 14 8 4 2
split_gain=5.2877 11.1337 10.9979 15.5369 16.1904 11.7835 9.21843 13.435 16.1631 13.7718 10.5141 8.34575 10.2322 7.69972 7.42869 39.122 27.6379 25.8715 19.7791
threshold=0.0066666666666674989 -0.55499999999983618 4674.1303333333344 4671.3210000000008 0.018386333333333289 0.0034000000000008307 0.0088666666666683564 4752.3960000000006 92644.297000000006 0.010043206589911516 0.0043196469485362607 0.0014689999999978917 4675.030333333335 -1.0731981220368779e-05 19.878757477022422 19.903887580299791 4671.7810000000018 1.024546000000002 92529.167000000001
decision_type=2 2 2 2 2 2 2 2 2 2 2 2 2 2 2 2 2 2 2
left_child=1 -1 3 5 -5 -3 7 8 10 -10 -2 12 -4 -13 18 17 -17 -16 -8
right_child=6 2 11 4 -6 -7 14 -9 9 -11 -12 13 -14 -15 15 16 -18 -19 -20
leaf_value=-0.044433416897507794 0.025125943068784962 0.0048329502079441471 -0.0876004799160294 0.03852413741417024 0.0054698908092574551 -0.0075344580682535633 0.0005317612731975907 -0.069046408559717623 0.00015803175953441861 0.066617500944618505 -0.017189346769992012 0.0023707330833911541 -0.01376937266836095 -0.01179660503507743 0.011865912857059168 -0.004495091503729922 0.0075441969340050725 -0.086868736208827069 -0.0048800269673858754
leaf_weight=15.796792663633822 145.68038608878851 307.08037736266851 7.2603894248604801 44.329301662743092 225.48211723566055 516.62509372830391 9214.9037683233619 5.7457430660724631 335.43668152391911 7.9804676771163932 16.3247090280056 140.98387102782726 13.269570633769034 299.93604600429535 891.70921156555414 1703.0480656474829 661.99653310328722 6.684463530778884 2067.0871753022075
leaf_count=65 477 1118 41 158 807 1979 30590 22 1255 22 58 470 58 1288 3106 6339 2363 28 7700
internal_value=9.18731e-05 -0.0026687 -0.00224442 0.000487166 0.0109006 -0.00292384 0.000379867 0.00697945 0.00784373 0.00170244 0.020862 -0.00871756 -0.0398796 -0.00726661 0.000147939 0.0022489 -0.00112519 0.0111313 -0.000459787
internal_weight=16627.4 1570.76 1554.97 1093.52 269.811 823.705 15056.6 511.168 505.422 343.417 162.005 461.45 20.53 440.92 14545.4 3263.44 2365.04 898.394 11282
internal_count=57944 5984 5919 4062 965 3097 51960 1834 1812 1277 535 1857 99 1758 50126 11836 8702 3134 38290
is_linear=0
shrinkage=0.05


Tree=114
num_leaves=20
num_cat=0
split_feature=14 20 6 3 11 4 18 10 10 0 6 15 4 4 15 11 9 12 11
split_gain=5.19721 8.74432 17.5505 9.22218 12.6088 6.13927 6.78197 5.47546 11.8354 11.8883 9.65245 8.7267 8.06725 14.1758 8.26242 6.60909 10.7441 15.1722 9.24389
threshold=18.812165302212637 0.46000000000958613 0.0068295169291840247 0.55238099999999835 0.086466666666669467 0.25235466666666673 0.39436640819290097 0.0029999999999999996 0.0012000000000009327 -0.0077538966109569332 6.2208238072864736e-06 -0.012695788852873367 0.47298066666666855 0.83278833333333446 -0.0043127986664337472 0.0066666666666674989 4675.8560000000016 -0.349999999999909 0.0088666666666683564
decision_type=2 2 2 2 2 2 2 2 2 2 2 2 2 2 2 2 2 2 2
left_child=1 3 -3 5 -5 6 -1 8 12 11 -11 -10 14 -14 -2 16 17 -9 -17
right_child=7 2 -4 4 -6 -7 -8 15 9 10 -12 -13 13 -15 -16 18 -18 -19 -20
leaf_value=-0.014336832117892051 -0.022291147386191822 -0.056795644188974218 0.037677051845922266 0.039772225671814689 -0.053940996673180246 0.057377329005848333 0.046007372987627818 -0.033255104086350365 0.014161125266513417 0.042095263296125306 0.0068700532057269052 0.090483362309871807 -0.081280369941011038 0.0083652781524128014 0.003062127764661924 0.0069624153172289016 -0.014847706731447481 -0.00067794501300621774 -7.4251304831269958e-05
leaf_weight=8.9768478423357028 36.903399087488651 11.029029011726381 8.8695680797100049 6.7950843125581724 7.6080528944730759 18.938631728291512 9.6737013310193998 36.941195465624332 6.9864686876535407 21.00719453394413 261.98814941942692 8.0731979012489301 8.5492941141128558 9.1080102771520597 248.7020912244916 482.64324091374874 181.1601475700736 1099.7169138789177 14151.044752508402
leaf_count=30 142 41 28 20 29 54 27 152 24 71 924 24 34 29 892 1733 736 4178 48776
internal_value=8.72367e-05 0.0135018 -0.0146855 0.0242897 -0.00972915 0.0373248 0.0169626 2.89756e-05 0.00471272 0.0117884 0.00948488 0.055076 -0.00224149 -0.0350393 -0.000213797 -0.000147586 -0.00353906 -0.0017367 0.00015783
internal_weight=16624.7 71.8909 19.8986 51.9923 14.4031 37.5892 18.6505 16552.8 601.318 298.055 282.995 15.0597 303.263 17.6573 285.605 15951.5 1317.82 1136.66 14633.7
internal_count=57944 229 69 160 49 111 57 57715 2140 1043 995 48 1097 63 1034 55575 5066 4330 50509
is_linear=0
shrinkage=0.05


Tree=115
num_leaves=20
num_cat=0
split_feature=12 12 13 6 10 3 9 0 20 9 6 14 6 17 5 0 18 9 4
split_gain=5.12667 9.0094 14.0609 21.0123 13.0319 15.2915 13.9802 11.1969 14.0802 12.9771 12.1633 16.1567 15.2323 10.9684 9.4167 7.87869 14.5086 14.8487 14.0941
threshold=0.030000000000200092 0.43499999999994549 0.0030565532493972728 0.0090045188121997289 0.28580000000000144 0.57334099999999633 4664.570333333334 -1.1171496788753286e-05 7.4449999999983456 4669.640666666668 0.0055047965346950731 19.277033858222733 0.0025133518934857923 1.0023050000000002 -10.965000000003782 -1.0000000180025095e-35 0.45945945387143911 4668.6703333333344 0.036716999999999389
decision_type=2 2 2 2 2 2 2 2 2 2 2 2 2 2 2 2 2 2 2
left_child=15 7 3 14 6 -6 -4 8 9 -2 12 -12 -9 -10 -3 16 17 18 -1
right_child=1 2 4 -5 5 -7 -8 10 13 -11 11 -13 -14 -15 -16 -17 -18 -19 -20
leaf_value=0.0022676977003367456 -0.036083935664974087 -0.055298860916141196 0.043906756108894107 -0.071653411579930534 -0.0023720893328329513 -0.024538386209520185 0.0029372689010843081 0.0046993414124156876 -0.055121268052906097 0.00088290800114942654 0.0017479664847951466 0.017150001350802004 -0.0035001063897828547 0.0021643046887878984 -0.0065270735493922379 -0.0014291494457938439 -0.0015301068149879535 0.0026235639829932816 0.024241190360940461
leaf_weight=126.55427823960781 26.008330583572388 10.593239217996596 21.339749597012997 14.973622292280195 597.65477333217859 89.449308216571808 859.08707277476788 1790.526668831706 23.942794144153595 272.29498244822025 333.78571698069572 347.57226887345314 828.5087044686079 12.835439175367354 150.57063710689545 7663.5362870171666 1931.2958815917373 1351.3018619120121 172.3707761913538
leaf_count=402 128 44 70 58 2015 306 2876 6278 87 985 1065 1092 2782 40 540 27683 6631 4338 524
internal_value=8.29005e-05 0.00135243 -0.00160225 -0.0149968 -9.71612e-05 -0.00525777 0.00393029 0.00276957 -0.005939 -0.00234014 0.00365373 0.00960481 0.00210552 -0.0351289 -0.00973282 -0.000524385 0.00141158 0.00485429 0.0149384
internal_weight=16624.2 5379.14 1743.67 176.137 1567.53 687.104 880.427 3635.47 335.082 298.303 3300.39 681.358 2619.04 36.7782 161.164 11245.1 3581.52 1650.23 298.925
internal_count=57944 18366 5909 642 5267 2321 2946 12457 1240 1113 11217 2157 9060 127 584 39578 11895 5264 926
is_linear=0
shrinkage=0.05


Tree=116
num_leaves=20
num_cat=0
split_feature=14 13 11 11 3 20 10 11 1 14 11 21 11 2 17 14 12 16 4
split_gain=5.07046 9.69943 8.0537 8.169 6.17511 9.45262 6.67232 7.81133 5.71784 12.9925 9.95903 9.52695 8.54726 7.73007 10.5427 8.07978 14.6476 10.1437 6.82388
threshold=19.973032524794473 0.0043281796757776219 0.019266666666669128 0.067866666666669295 0.0035939999999968471 -1.0000000180025095e-35 0.0064000000000007228 0.074866666666667928 93270.007000000027 19.963723483323502 0.040033333333334586 0.065779624291627661 0.1024000000000006 93247.371000000014 0.050024999999999958 19.963723483323502 0.36500000000023652 19.955970275175684 0.10137133333333334
decision_type=2 2 2 2 2 2 2 2 2 2 2 2 2 2 2 2 2 2 2
left_child=8 4 -3 -4 5 -2 -6 -8 13 11 -11 -10 -12 15 -15 17 -17 -1 -13
right_child=1 2 3 -5 6 -7 7 -9 9 10 12 18 -14 14 -16 16 -18 -19 -20
leaf_value=0.0001912366689368881 0.0045032179606381414 -0.077925577721072503 0.02779143176319946 -0.030053212021421701 -0.019378894567138358 -0.074354145123499776 0.014264963131886863 -0.010881322000732324 0.090132485307763799 0.030236770675197255 -0.069274297633630064 0.044925831240938845 0.0040915885829393862 0.013695422317506709 -0.044935303444582665 0.040344850189799622 -0.047919585099081036 -0.024914556090749586 -0.017977568876743021
leaf_weight=16231.302597619593 8.0741283372044546 6.8093398213386527 7.5346703529357901 32.134455151855946 33.531248241662979 7.1792152598500243 88.809578128159046 47.347623094916344 7.2861318290233639 10.210262015461923 8.0419189780950529 12.283805072307588 7.8402119725942603 11.950699508190153 21.391540423035622 27.034693688154221 5.6896292865276328 40.333399549126625 6.6430713534355155
leaf_count=56479 29 31 27 132 137 37 314 181 21 34 35 37 30 42 87 88 24 156 23
internal_value=7.88103e-05 -0.00727053 -0.0276895 -0.0190663 -0.00213896 -0.0326122 0.000600289 0.00552054 0.00018258 0.0166877 -0.00828954 0.04155 -0.0330572 0.000129739 -0.0239206 0.000178921 0.0249987 0.000129006 0.0228476
internal_weight=16621.4 231.42 46.4785 39.6691 184.942 15.2533 169.688 136.157 16390 52.3054 26.0924 26.213 15.8821 16337.7 33.3422 16304.4 32.7243 16271.6 18.9269
internal_count=57944 888 190 159 698 66 632 495 57056 180 99 81 65 56876 129 56747 112 56635 60
is_linear=0
shrinkage=0.05


Tree=117
num_leaves=20
num_cat=0
split_feature=13 5 2 10 12 14 1 5 12 8 10 10 1 3 5 12 17 8 5
split_gain=4.99196 9.33587 9.33503 13.1253 14.2997 12.6991 11.7551 8.15856 6.66423 9.16804 7.91716 11.4138 11.3412 9.9283 7.79894 6.96744 6.89485 6.64416 4.90256
threshold=0.011107844842847837 -28.764999999992138 91072.351666666684 1.4957000000000014 2.1849999999999459 19.242252841280198 91113.877000000022 1.0000000180025095e-35 1.8049999999998365 4739.6020000000017 5.0634000000000023 3.0350000000000015 91067.938000000009 0.10801599999999432 10.73500000000786 -1.7050000000003818 0.35994500000000001 4737.7970000000014 0.01000000000203727
decision_type=2 2 2 2 2 2 2 2 2 2 2 2 2 2 2 2 2 2 2
left_child=8 -2 3 4 -3 -5 -4 -8 10 16 11 15 13 -12 -11 -1 -10 -13 -18
right_child=1 2 6 5 -6 -7 7 -9 9 14 12 17 -14 -15 -16 -17 18 -19 -20
leaf_value=-0.021780693704451164 0.038105567364231957 -0.00047807206439262222 0.055127979295293797 -0.016924231836448141 0.058878027540957105 -0.10059001837121551 0.021069777484502589 -0.02110866471477732 0.028152244765966117 -0.097364617470485942 -0.045681188428505902 -0.013723325994216613 0.048953908025372223 0.027273865381427915 -0.017791440295892944 7.7696454476475438e-05 -0.064125058562194817 -0.057648576408626452 0.0022815370834879372
leaf_weight=36.538764789700508 22.12503319978714 111.63749527931213 17.22870147228241 28.610201954841614 11.161470279097555 5.3898322135210028 35.755379408597946 16.8763537555933 9.8687831610441226 6.0110282748937589 8.3957698643207568 32.036465913057327 19.87082739174366 10.490163028240202 6.3133117258548737 16219.508258767426 5.2896694391965848 11.772548153996466 5.8564889580011368
leaf_count=126 63 363 49 97 31 22 115 62 30 24 31 115 59 32 21 56619 21 44 20
internal_value=7.47979e-05 0.00710421 0.00407806 -0.00269501 0.00491694 -0.0301873 0.0192799 0.00754527 -3.20194e-05 -0.0223638 1.35492e-05 -4.01205e-05 0.0225853 -0.00515841 -0.0566022 2.85653e-05 -0.00228457 -0.0255271 -0.0292333
internal_weight=16620.7 248.784 226.659 156.799 122.799 34 69.8604 52.6317 16372 33.3393 16338.6 16299.9 38.7568 18.8859 12.3243 16256 21.0149 43.809 11.1462
internal_count=57944 802 739 513 394 119 226 177 57142 116 57026 56904 122 63 45 56745 71 159 41
is_linear=0
shrinkage=0.05


Tree=118
num_leaves=20
num_cat=0
split_feature=21 18 12 8 5 13 4 8 10 4 10 8 2 12 10 13 3 4 3
split_gain=5.03279 13.899 15.3499 17.1893 9.7791 8.97462 12.3537 11.0224 8.74202 12.8734 8.49914 8.07675 8.19783 6.57153 6.41642 5.91223 9.6965 11.9878 15.1381
threshold=0.0014263321607884737 0.087804086569388276 -0.99000000000023636 4741.5650000000014 0.01000000000203727 0.0065578811637019294 0.2818966666666663 4664.3010000000013 0.024200000000001436 0.029296999999999931 0.7578000000000007 4727.2790000000014 92371.429666666678 -1.5149999999998724 0.0082000000000003407 0.010618494528639361 0.91790399999999372 0.22678766666666866 0.16169999999999357
decision_type=2 2 2 2 2 2 2 2 2 2 2 2 2 2 2 2 2 2 2
left_child=1 2 11 4 -4 6 7 -3 14 -10 -5 12 -1 -13 -7 -2 17 18 -17
right_child=15 5 3 10 -6 8 -8 -9 9 -11 -12 13 -14 -15 -16 16 -18 -19 -20
leaf_value=-0.054530160020793521 0.00011412367193984046 0.036554058926421357 -0.011721607638621463 -0.08938094262362356 -0.059468858742176091 0.011351622067575746 -0.083844960549144781 -0.0055672089347143933 -0.0247018247147608 0.016247436627019392 -0.0099525539411924012 -0.00083315140392956294 0.015915865718118396 0.061742606714972947 0.059235276534094009 0.010221350596524695 -0.013543676258163037 0.021747873171762938 -0.035442804210257778
leaf_weight=6.1075889766216305 15751.839908368886 16.819823741912842 182.30474077165127 12.109489858150484 11.393857911229132 12.991777047514917 4.7497696429491034 202.7720211148262 25.951364375650883 73.698300585150719 4.6655218452215186 6.4807663708925274 12.752914190292357 11.898811325430868 15.159712746739386 69.413543745875359 45.117902025580406 129.29278402030468 24.574737653136253
leaf_count=24 54880 59 680 51 66 47 20 758 107 235 16 21 47 34 44 223 149 394 89
internal_value=7.11428e-05 -0.00442529 -0.0134998 -0.0187353 -0.0145302 0.00195814 -0.0040665 -0.00234089 0.0125338 0.00558318 -0.0672901 0.0160899 -0.00689664 0.039678 0.0371372 0.000239506 0.00759796 0.01187 -0.00171827
internal_weight=16620.1 599.856 247.714 210.474 193.699 352.143 224.342 219.592 127.801 99.6497 16.775 37.2401 18.8605 18.3796 28.1515 16020.2 268.399 223.281 93.9883
internal_count=57944 2209 939 813 746 1270 837 817 433 342 67 126 71 55 91 55735 855 706 312
is_linear=0
shrinkage=0.05


Tree=119
num_leaves=20
num_cat=0
split_feature=16 4 9 2 20 11 8 4 3 10 4 4 11 6 11 1 1 5 3
split_gain=4.99673 19.027 13.6307 19.9747 11.3626 11.5563 11.2741 14.6265 17.8533 12.318 10.3779 9.88021 8.75116 8.64114 7.96512 7.26752 13.993 27.8121 7.91617
threshold=18.822415266616872 0.097409333333333362 4760.4666666666681 89557.376333333334 0.1900000000000546 0.28393333333333548 4764.5710000000008 0.22993800000000189 0.14880699999999578 0.16080000000000058 0.08551033333333341 0.13212966666666767 0.037000000000000928 0.0032369459577663994 0.058800000000002385 89525.388000000021 89553.077000000005 12.874999999992726 2.6213379999999944
decision_type=2 2 2 2 2 2 2 2 2 2 2 2 2 2 2 2 2 2 2
left_child=1 10 3 11 -4 -6 15 9 -9 -8 13 -3 -5 14 -1 -2 17 -17 -18
right_child=6 2 4 12 5 -7 7 8 -10 -11 -12 -13 -14 -15 -16 16 18 -19 -20
leaf_value=0.01183170539627708 0.026296742822278792 0.05815301317209124 0.060871349154169301 -0.0034007161083934195 0.041158740378652248 -0.033007842869450958 -0.072463770278752435 0.074785179322530287 -0.03903544620385465 0.0074028814583299504 -0.072261265251664555 0.0084639035050854787 -0.083361518613710744 0.023982062479650519 -0.052803311425036005 -0.013697150945054424 0.00015874277882302643 -0.14035380999365821 -0.012217512166351037
leaf_weight=7.4316175431013134 26.29430079460144 11.083288595080374 25.034779891371727 5.8876313567161551 13.160015478730203 8.7406027466058713 17.623707681894306 6.4307113736867887 7.4209659695625305 6.6492616385221472 8.4878143817186338 102.75656399130821 8.1700392216443998 11.797708824276922 13.291036903858183 33.102016597986221 16170.007198445499 4.9873047322034827 130.24482268095016
leaf_count=23 79 30 67 19 38 31 70 16 26 21 33 329 32 36 49 111 56475 22 437
internal_value=6.75728e-05 0.00762557 0.0148153 0.0063579 0.0378614 0.0115586 -3.18817e-05 -0.0271902 0.0138064 -0.0505853 -0.0230268 0.0133016 -0.0498723 -0.0101767 -0.0296237 3.13889e-05 -1.08815e-05 -0.0302812 5.98521e-05
internal_weight=16618.6 215.841 174.833 127.898 46.9354 21.9006 16402.8 38.1246 13.8517 24.273 41.0082 113.84 14.0577 32.5204 20.7227 16364.6 16338.3 38.0893 16300.3
internal_count=57944 687 546 410 136 69 57257 133 42 91 141 359 51 108 72 57124 57045 133 56912
is_linear=0
shrinkage=0.05


Tree=120
num_leaves=20
num_cat=0
split_feature=0 17 13 13 20 4 13 10 18 17 14 15 8 10 9 6 4 3 0
split_gain=4.94619 15.36 10.3333 13.9177 9.99189 10.9571 10.2437 9.07646 7.56835 10.2401 10.8979 10.2297 12.5634 9.13662 7.90791 6.84106 13.2754 8.63861 8.42736
threshold=1.0000000180025095e-35 0.035015000000000011 0.0077149889081668957 0.0097635943904551686 -0.32000000000016365 0.2948513333333333 0.0036254379974191881 0.049400000000000083 0.15572685138224204 0.60066500000000012 18.826874921178362 -0.0021198049292847627 4668.4670000000015 0.071000000000002242 4674.4913333333343 0.020703829241486015 0.55768366666666769 0.5141029999999942 -1.1010532946498229e-05
decision_type=2 2 2 2 2 2 2 2 2 2 2 2 2 2 2 2 2 2 2
left_child=15 2 4 7 5 -2 -6 -4 9 10 -3 13 -13 -10 -11 18 -17 -18 -1
right_child=1 8 3 -5 6 -7 -8 -9 11 14 -12 12 -14 -15 -16 16 17 -19 -20
leaf_value=-0.0024198929300461953 -0.021477959188044266 -0.058888778833893513 0.080572537109303191 -0.023354686642983506 -0.0021221764553212654 0.0049461728794697284 -0.016053932215479867 0.012578671062612033 0.024563692249141796 0.016528636246623873 -0.0066254654991788793 -0.010804002740296213 0.0021966110667668757 0.0031724004889055672 -0.00082900353049366509 -0.027672869075289069 0.057030994028202879 0.014583713276963889 0.0010826712918333859
leaf_weight=2071.5951967090368 192.17294795066118 10.153602123260496 10.089835554361349 10.709052607417105 734.93519340455532 49.294907167553902 160.81379758566618 9.557159520685671 89.977441132068634 84.418309144675732 565.22572331875563 206.1259166225791 1887.445406742394 112.11738884449005 294.63346932083368 15.234806478023527 15.308209449052809 55.235295534133911 10042.964346520603
leaf_count=7424 894 38 30 41 3427 178 695 33 310 356 2284 813 6497 382 1065 52 41 167 33217
internal_value=6.42882e-05 -0.00136924 -0.00628821 0.0225021 -0.00705672 -0.0160836 -0.00462334 0.0474973 0.000397868 -0.00334414 -0.00754775 0.00195362 0.000916615 0.0126963 0.0030367 0.000583359 0.0146539 0.0237949 0.000483731
internal_weight=16618 4417.67 1167.57 30.356 1137.22 241.468 895.749 19.647 3250.1 954.431 575.379 2295.67 2093.57 202.095 379.052 12200.3 85.7783 70.5435 12114.6
internal_count=57944 17043 5298 104 5194 1072 4122 63 11745 3743 2322 8002 7310 692 1421 40901 260 208 40641
is_linear=0
shrinkage=0.05


Tree=121
num_leaves=20
num_cat=0
split_feature=2 1 9 2 13 3 3 10 9 16 12 4 6 9 4 21 5 21 11
split_gain=5.09689 22.0226 13.9452 16.9594 15.0574 14.2535 13.7211 12.4877 10.2145 13.7243 16.3431 14.371 11.656 23.1073 11.5798 10.815 22.8311 16.0115 13.8297
threshold=90948.149666666679 90938.480000000025 4709.5210000000015 90938.870999999999 0.0031055294987339835 0.057711999999996703 0.030554999999993417 0.03000000000000036 4724.0510000000004 19.306962566353501 -0.62999999999965428 0.83278833333333446 0.011676126079509207 4670.5503333333345 2.0365696666666673 6.2102245251605543 -20.299999999995631 0.041279443450547411 0.017333333333333877
decision_type=2 2 2 2 2 2 2 2 2 2 2 2 2 2 2 2 2 2 2
left_child=1 2 7 5 -5 -4 -3 -1 9 10 -2 -12 14 -14 -11 17 -17 18 -10
right_child=8 6 3 4 -6 -7 -8 -9 15 12 11 -13 13 -15 -16 16 -18 -19 -20
leaf_value=-0.008805569149188279 -0.026200673302296709 -0.029710554490150323 0.006150406601196836 -0.093885863555066076 -0.0055321769841301001 -0.00082870585008173276 0.033427919259099291 0.071661583569408036 0.027336509322673053 5.1444468545782377e-05 0.0089580919208969972 0.044461429685390227 0.018433616885817732 -0.018849751253381942 0.038575035278636344 0.066407971551300723 0.00267086746766141 -0.0081164991744860377 -0.00062593746096663999
leaf_weight=7.6371336579322842 30.596416935324669 9.6731349825859052 1011.7469172477722 8.8440741598606127 10.603678852319716 2641.8665326833725 77.910020843148232 13.078096047043799 47.210892222821712 9930.870669580996 365.63026335835457 30.91273757815361 52.878358036279678 194.13045360147953 19.54527772963047 15.120455935597418 198.49759478867054 1248.5603511556983 697.60405302792788
leaf_count=29 109 34 3199 36 34 8511 237 36 156 35881 1172 90 166 663 60 41 677 4343 2470
internal_value=6.10322e-05 0.00167433 0.00108677 0.000856052 -0.045712 0.00110393 0.0264546 0.0419956 -0.000414395 0.000228565 0.00900907 0.0117258 -0.000139224 -0.0108683 0.000127115 -0.00350963 0.00718235 -0.00465543 0.00114649
internal_weight=16612.9 3781.36 3693.78 3673.06 19.4478 3653.61 87.5832 20.7152 12831.6 10624.6 427.139 396.543 10197.4 247.009 9950.42 2206.99 213.618 1993.38 744.815
internal_count=57944 12116 11845 11780 70 11710 271 65 45828 38141 1371 1262 36770 829 35941 7687 718 6969 2626
is_linear=0
shrinkage=0.05


Tree=122
num_leaves=20
num_cat=0
split_feature=11 21 4 3 1 21 17 13 6 6 14 9 6 5 3 17 14 13 13
split_gain=5.04944 23.0803 13.0793 21.4738 28.2748 13.3727 12.1589 10.6003 10.3019 9.71755 22.4685 17.4407 15.9269 15.9485 19.5407 16.9988 11.9848 11.9456 13.4943
threshold=0.36863333333333476 19.021748246280332 0.41544766666666738 0.59976999999999647 91280.234000000011 8.826516835173809 3.0225750000000002 0.015502467310695624 0.00083212542412926347 0.011676126079509207 18.834392596287348 4668.6703333333344 0.0080560190813328079 -19.984999999993303 0.81371999999999567 0.42541000000000007 18.859907992297753 0.0018138094776354683 0.0019536102703964311
decision_type=2 2 2 2 2 2 2 2 2 2 2 2 2 2 2 2 2 2 2
left_child=9 2 3 7 -5 8 -3 -2 -4 12 -11 -12 13 15 -15 -1 -13 -14 -19
right_child=1 6 5 4 -6 -7 -8 -9 -10 10 11 16 17 14 -16 -17 -18 18 -20
leaf_value=-0.020086598832735291 -0.00019842012280671308 0.035618280640565957 -0.037949884574580983 -0.057724265384857081 0.031161139193211514 0.080833555604695115 -0.026126386992966533 0.032906180647008364 0.009675389349865865 0.039898077761219453 0.035665912729263338 -0.037852476608950997 0.013799889174976297 0.00011983892350927545 -0.013844409890484747 0.0051266069276078808 -0.007481319546943227 -0.039894581193811042 0.0034074933227833957
leaf_weight=202.95994603633881 1582.8784278333187 70.985161855816841 11.703827187418936 33.954317554831505 12.148048371076582 6.4509625732898703 8.9821837693452817 24.556641176342964 380.78827266395092 25.8399348706007 22.574840873479843 34.195803105831146 339.03216883540154 12242.68349506706 255.75486378371716 99.682990595698357 648.24803777039051 18.558725818991661 588.88891333341599
leaf_count=744 5378 222 44 127 37 16 32 76 1200 74 67 119 1073 43421 889 344 2123 68 1890
internal_value=5.81108e-05 0.00232963 0.00130287 -0.000657651 -0.0343028 0.00942884 0.0286829 0.000307316 0.00825524 -0.000276449 -0.00589448 -0.00757284 2.2221e-05 -0.000440538 -0.000165911 -0.011782 -0.00900315 0.00628101 0.00208453
internal_weight=16610.9 2132.45 2052.48 1653.54 46.1024 398.943 79.9673 1607.44 392.492 14478.4 730.859 705.019 13747.6 12801.1 12498.4 302.643 682.444 946.48 607.448
internal_count=57944 7132 6878 5618 164 1260 254 5454 1244 50812 2383 2309 48429 45398 44310 1088 2242 3031 1958
is_linear=0
shrinkage=0.05


Tree=123
num_leaves=20
num_cat=0
split_feature=15 13 12 9 11 12 17 17 14 14 1 4 1 4 5 10 10 21 3
split_gain=5.01848 10.5651 12.564 8.74735 14.753 8.3546 7.88821 10.6482 10.1996 30.6509 21.0475 20.965 20.4893 11.3233 10.0374 8.7354 12.3467 10.9424 6.74978
threshold=-1.0748713447084056e-05 0.015502467310695624 -1.7050000000003818 4662.6000000000013 0.16356666666666883 1.8049999999998365 0.035015000000000011 0.03586000000000001 19.891220790782441 19.900352798772968 92984.983000000022 0.31722166666666674 92921.833000000028 0.34192933333333525 -1.0000000180025095e-35 0.061800000000000237 0.22120000000000153 0.9397148899672102 0.73850099999999419
decision_type=2 2 2 2 2 2 2 2 2 2 2 2 2 2 2 2 2 2 2
left_child=1 2 -1 4 -4 -5 8 15 12 10 -10 -11 13 -2 -14 17 -17 -8 -3
right_child=6 18 3 5 -6 -7 7 -9 9 11 -12 -13 14 -15 -16 16 -18 -19 -20
leaf_value=-0.050165681591171664 -0.0048297301324974271 0.042451486647761001 0.029605584841842558 0.0010333386986440183 -0.038358538419700772 -0.022623895048297569 0.00075167971614020475 0.00028010096280348931 0.032507904156797267 -8.7504269053381917e-05 -0.01240453488357663 -0.029384500442378697 0.0043182159833604654 0.0063429555895730674 -0.042073126275204598 -0.055312427415906452 0.040501915859186652 0.063382598927852418 -0.015173387639268572
leaf_weight=11.983843401074408 2102.5576321333647 24.268887177109722 54.023976072669029 6500.3275853395462 9.3695486634969694 37.535148963332176 11.073562413454058 6098.0679452121258 115.60801412165165 1186.4390748739243 33.687163211405277 64.378002405166626 15.0323249399662 254.19288697838783 51.968726061284542 6.8548045158386213 6.5990356951951981 18.83703938126564 6.4275906831026068
leaf_count=45 7816 72 171 22168 37 131 41 20817 378 4588 143 248 55 820 292 26 20 54 22
internal_value=5.53066e-05 0.00111973 0.000983887 0.00107674 0.0195605 0.000897518 -0.000654351 0.000455668 -0.00243713 0.000960471 0.0223738 -0.00159538 -0.0043998 -0.00362467 -0.0316648 0.0251446 -0.00831601 0.0401953 0.0303853
internal_weight=16609.2 6643.94 6613.24 6601.26 63.3935 6537.86 9965.3 6141.43 3823.86 1400.11 149.295 1250.82 2423.75 2356.75 67.0011 43.3644 13.4538 29.9106 30.6965
internal_count=57944 22646 22552 22507 208 22299 35298 20958 14340 5357 521 4836 8983 8636 347 141 46 95 94
is_linear=0
shrinkage=0.05


Tree=124
num_leaves=20
num_cat=0
split_feature=16 16 16 5 10 9 10 6 5 1 5 21 14 15 8 18 20 6 3
split_gain=4.71351 13.7638 31.1955 20.4143 19.9753 18.9679 18.9388 16.3368 15.8446 14.6828 15.4246 16.8396 13.0194 12.5915 12.2729 12.0469 13.4112 11.163 10.5272
threshold=19.922776000307387 19.890411103368407 19.901086877467993 -5.9150000000008722 0.079600000000000823 4671.5856666666677 0.02000000000000076 0.0058346414199484404 7.5049999999973815 92921.833000000028 -1.0000000180025095e-35 0.090109392355400011 19.924952977128751 0.007812220842684515 4670.9930000000013 0.92971169919313479 26.409999999999403 0.0053305549441145204 0.023135999999997586
decision_type=2 2 2 2 2 2 2 2 2 2 2 2 2 2 2 2 2 2 2
left_child=1 9 3 7 6 -5 -4 -3 -6 18 11 -11 -2 -12 15 16 -14 -17 -1
right_child=12 2 4 5 8 -7 -8 -9 -10 10 13 -13 14 -15 -16 17 -18 -19 -20
leaf_value=-0.0026675729982402769 -0.017226652611151361 -0.038017057772579826 0.0005682992959094266 0.026851812663600722 0.016237919367130822 0.0068940008696583331 -0.015636043251204039 0.020739008756914267 -0.017818755260680479 0.040879537364246904 -0.030360864534210819 -0.01293695304846533 -0.0026117227448726921 0.036607356320570952 0.0046523555602139815 -0.021965446378191988 0.065688798188582226 0.017341589070577302 0.00074733452608508055
leaf_weight=2958.6894464492798 135.65101379901171 31.190242663025856 1020.347152158618 261.46675258874893 269.47543163597584 218.57169850170612 219.01858712732792 19.059831887483597 39.108470290899277 21.56755068898201 104.2594303637743 44.584491617977619 975.66998939216137 7.5257149785757056 599.05927460640669 139.7281368970871 7.2405342608690253 20.744140267372131 9513.2512448877096
leaf_count=10936 539 136 3799 844 934 791 823 64 133 61 499 168 3675 25 2176 552 19 71 31699
internal_value=5.24859e-05 0.000353296 0.00412433 0.0145906 0.000538864 0.0177646 -0.0022953 -0.0157309 0.0119217 -0.000266245 -0.0145277 0.00460884 -0.00230648 -0.0258524 -0.00114493 -0.00418234 -0.00210859 -0.0168843 -6.2776e-05
internal_weight=16606.2 14728.1 2078.24 530.289 1547.95 480.038 1239.37 50.2501 308.584 12649.9 177.937 66.152 1878.09 111.785 1742.44 1143.38 982.911 160.472 12471.9
internal_count=57944 50912 7524 1835 5689 1635 4622 200 1067 43388 753 229 7032 524 6493 4317 3694 623 42635
is_linear=0
shrinkage=0.05


Tree=125
num_leaves=20
num_cat=0
split_feature=3 21 11 0 13 4 21 4 4 5 13 9 4 16 5 4 3 4 18
split_gain=4.66577 11.0278 9.33751 12.0591 12.8814 11.9992 8.16066 8.70144 8.57744 16.8342 13.1175 10.5974 7.53372 11.0738 7.35709 18.9208 8.74084 6.05536 3.20021
threshold=2.0662379999999931 23206145.955612201 0.55183333333333573 -0.02280413695588401 0.0085981822717177345 1.5986200000000002 99385297.772507414 0.94905133333333336 0.83278833333333446 30.620000000002623 0.0053188415055225599 4749.2460000000019 0.19648666666666761 19.833416252078575 -17.299999999995631 0.42699700000000002 0.81371999999999567 1.5986200000000002 0.92326349247874373
decision_type=2 2 2 2 2 2 2 2 2 2 2 2 2 2 2 2 2 2 2
left_child=6 2 3 17 -5 -4 8 12 14 10 -10 -11 -8 -14 15 -1 -16 -2 -3
right_child=1 18 5 4 -6 -7 7 -9 9 11 -12 -13 13 -15 16 -17 -18 -19 -20
leaf_value=-0.0082237073466322943 -0.084600631276914737 -0.083234158480983714 -0.082480689362732118 0.0064316115902711413 -0.05646344643343866 -0.0031203827540633084 -0.014118324404993179 -0.027979612157649155 0.0041696475194275976 -0.011016316560826678 0.022853888768102976 -0.08230935984200527 0.047955601369550377 -0.0099525168080395066 0.00033511298321158424 0.0082138461014216371 -0.0076169186192875243 -0.01835774180941795 -0.030918389177264222
leaf_weight=742.10571800172329 5.7330189347267142 5.2883937954902631 8.3995231837034243 151.07010067999363 8.6045320332050306 11.001637682318686 9.9075789600610715 8.8749116808176023 298.69495375454426 58.58344592154026 137.03491200506687 5.7215500921010962 34.318622097373009 10.870962426066397 14508.261364728212 229.11824841797352 354.00249925255775 8.6625951677560789 6.5358686149120331
leaf_count=2592 23 24 33 484 31 35 34 32 970 195 415 22 96 38 50951 728 1188 29 24
internal_value=4.98255e-05 -0.00744118 -0.00457632 -0.000909173 0.00304233 -0.0374786 0.000143612 0.0179669 7.38054e-05 0.00652139 0.0100458 -0.0173596 0.0253679 0.034025 -0.000129815 -0.00434598 0.000145704 -0.0447388 -0.0543166
internal_weight=16602.8 205.296 193.471 174.07 159.675 19.4012 16397.5 63.9721 16333.5 500.035 435.73 64.305 55.0972 45.1896 15833.5 971.224 14862.3 14.3956 11.8243
internal_count=57944 683 635 567 515 68 57261 200 57061 1602 1385 217 168 134 55459 3320 52139 52 48
is_linear=0
shrinkage=0.05


Tree=126
num_leaves=20
num_cat=0
split_feature=0 0 9 2 16 20 1 8 9 0 12 3 6 1 5 5 5 6 11
split_gain=4.68026 13.9205 12.0424 15.3079 15.2016 13.7046 11.9981 10.9999 10.1287 12.2691 14.8164 12.2242 14.4607 11.9626 10.0489 6.33195 21.4928 16.3858 18.1971
threshold=1.0000000180025095e-35 1.0990117860210093e-05 4726.4740000000011 92556.776000000013 19.837711542109218 8.000000000003185 91324.26400000001 4708.0090000000009 4748.1090000000013 1.1088234852518754e-05 0.35500000000001825 2.6213379999999944 0.012016880999408055 90099.441000000006 -11.425000000002909 1.0000000180025095e-35 0.014999999999417925 0.0022911889023334371 0.55183333333333573
decision_type=2 2 2 2 2 2 2 2 2 2 2 2 2 2 2 2 2 2 2
left_child=15 2 3 7 -5 6 -4 -2 11 10 -10 13 -13 -3 -11 -1 -17 18 -18
right_child=1 8 5 4 -6 -7 -8 -9 9 14 -12 12 -14 -15 -16 16 17 -19 -20
leaf_value=0.001221284019831346 0.010567426069935028 0.040125770107706023 -0.0070590277414434924 -0.025065860610954966 -0.0044318579993546624 -0.047766737352184875 -0.043979251807689995 -0.002745431506976541 -0.013519423042926151 -0.023246910361806414 -0.077610253063808865 0.0106913696728149 -0.058993565317526808 0.0032513087357377243 0.00012102723493623767 -0.0081841046777048482 0.012375374529488174 -0.00097805127480921311 -0.02677216121040777
leaf_weight=9066.4954188987613 294.30242640525103 22.280926495790482 256.3989182561636 97.7011923417449 1033.2970722168684 26.620802566409111 24.070995472371578 328.19073367118835 42.369146019220352 50.864606246352196 11.455737963318823 13.287473261356356 16.930796086788177 1710.5609545260668 481.67206719517708 847.86557627469301 423.12021507322788 1821.8582011759281 31.924409165978432
leaf_count=30085 1110 65 1086 540 5109 101 140 1130 142 173 44 41 62 5718 1582 3651 1304 5752 109
internal_value=4.73903e-05 -0.00134846 -0.00434806 -0.00274846 -0.00621432 -0.0134818 -0.0102277 0.00354862 0.00128236 -0.00441031 -0.0271601 0.00317565 -0.0283519 0.00372544 -0.00211093 0.000552318 -0.00138868 0.00114178 0.00962891
internal_weight=16601.3 4410 2060.58 1753.49 1131 307.091 280.47 622.493 2349.42 586.362 53.8249 1763.06 30.2183 1732.84 532.537 12191.3 3124.77 2276.9 455.045
internal_count=57944 17043 9216 7889 5649 1327 1226 2240 7827 1941 186 5886 103 5783 1755 40901 10816 7165 1413
is_linear=0
shrinkage=0.05


Tree=127
num_leaves=20
num_cat=0
split_feature=11 21 4 3 8 4 21 17 11 9 4 4 3 13 9 4 14 6 16
split_gain=4.57753 20.8058 11.5021 20.3236 25.6254 16.8877 12.298 10.8748 9.57368 14.7087 12.9358 27.33 16.8347 12.9251 17.1406 13.4656 13.4365 12.0026 11.5513
threshold=0.36863333333333476 19.021748246280332 0.41544766666666738 0.21310299999999555 4674.4810000000016 0.21711833333333486 8.826516835173809 3.0225750000000002 0.21200000000000049 4665.390666666668 0.028144000000000752 0.023583999999999394 0.012637999999996275 0.0047709909068069109 4760.6966666666676 0.12721900000000005 18.812165302212637 0.020703829241486015 18.817807609083982
decision_type=2 2 2 2 2 2 2 2 2 2 2 2 2 2 2 2 2 2 2
left_child=8 2 3 5 -5 -2 -4 -3 13 -10 11 -11 -12 16 18 -16 -1 -18 -15
right_child=1 7 6 4 -6 -7 -8 -9 9 10 12 -13 -14 14 15 -17 17 -19 -20
leaf_value=0.029756121890490646 5.6226362747569089e-06 0.033858901714944233 0.0077505237091457626 0.035226095952592899 -0.015714011045148069 0.016856879395508433 0.077938782875519891 -0.024502470946184282 -0.032317770145598876 -0.0010453130780087342 -0.023453082328677696 0.044093906826372535 -0.0031121707005213502 -0.052322083465781204 -0.0063889870601681557 0.055055402662214453 -0.00059822622320607004 0.023277781395165911 0.0039959784990992002
leaf_weight=36.849637717008591 1147.8922409638762 70.713754698634148 391.23511946201324 26.84614796936512 307.15047033131123 170.7999312877655 6.342048078775405 8.997626841068266 44.049329854547977 148.01221162825823 110.00218410789967 43.355208829045296 1350.994949221611 9.1622429043054563 12.891259953379629 28.920416563749313 11169.477023646235 52.886283323168755 1455.426686771214
leaf_count=112 3960 222 1244 85 1042 531 16 32 180 559 412 136 4525 34 42 79 39657 162 4914
internal_value=4.497e-05 0.002209 0.00123462 -0.000602214 -0.0116195 0.00218823 0.00887015 0.0272712 -0.00027375 -0.00380273 -0.00304257 0.00918119 -0.00464369 0.000195214 0.00454483 0.036111 -0.000386732 -0.000485709 0.00364366
internal_weight=16592 2129.98 2050.27 1652.69 333.997 1318.69 397.577 79.7114 14462 1696.41 1652.36 191.367 1461 12765.6 1506.4 41.8117 11259.2 11222.4 1464.59
internal_count=57944 7132 6878 5618 1127 4491 1260 254 50812 5812 5632 695 4937 45000 5069 121 39931 39819 4948
is_linear=0
shrinkage=0.05


Tree=128
num_leaves=20
num_cat=0
split_feature=12 4 17 6 14 5 3 14 15 11 10 4 20 21 20 5 1 4 15
split_gain=4.5834 10.2419 14.1531 10.9813 12.8927 15.8949 9.96111 13.3247 10.6658 8.14085 8.06079 11.5108 8.03365 7.34993 9.33246 8.99166 11.0886 8.44455 10.7143
threshold=0.019999999999981814 1.230724000000001 2.0192050000000008 0.020703829241486015 19.238370518198966 34.525000000001462 2.0662379999999931 19.142239827970805 -0.0079399966154358719 0.085233333333334646 0.28580000000000144 0.050452333333333085 -0.55000000000063654 0.0036484310233705791 1.2900000000067851 -0.010000000002037266 93226.43700000002 0.0024390000000000301 -1.073028091935768e-05
decision_type=2 2 2 2 2 2 2 2 2 2 2 2 2 2 2 2 2 2 2
left_child=13 3 6 10 5 -5 8 -8 -3 -4 12 -12 -2 14 15 -1 -17 18 -15
right_child=1 2 9 4 -6 -7 7 -9 -10 -11 11 -13 -14 17 -16 16 -18 -19 -20
leaf_value=0.0073786538568077617 -0.0013285699426752529 0.00060064407312004616 0.029857165630938088 -0.020724159216206853 0.0349451103686787 -0.10886429783200929 0.031496333337389076 -0.041122710328543748 0.044964249323566463 -0.027075533001099501 0.0067632695653534998 -0.0049780387082643263 0.0035088736750976662 -0.026324746994748058 0.021688942525774971 -0.0068290605438564925 0.024725649186102802 -0.00013745960160070153 0.049982105936734939
leaf_weight=138.84242051839828 1208.0130399465561 18.002219244837761 8.3457460254430753 20.665991693735126 6.6728534847497931 6.7974989414215079 13.536532565951349 11.843638166785238 54.758286669850349 25.354244813323021 265.26617143303156 979.62869484722614 2964.4045975655317 6.2560652345418957 34.479873552918434 1157.1707710623741 28.52746269851923 9624.0632624253631 17.380289390683174
leaf_count=431 4250 57 25 69 22 28 39 43 159 87 938 3284 10123 22 112 4486 106 33591 72
internal_value=4.28256e-05 0.0012097 0.0149801 0.00087667 -0.0273933 -0.0425398 0.0245799 -0.00239129 0.0339879 -0.0129762 0.00105481 -0.00247616 0.00210832 -0.000549086 -0.00399164 -0.00466015 -0.00606987 -6.41506e-05 0.0297852
internal_weight=16590 5583.29 131.841 5451.45 34.1363 27.4635 98.1407 25.3802 72.7605 33.7 5417.31 1244.89 4172.42 11006.7 1359.02 1324.54 1185.7 9647.7 23.6364
internal_count=57944 19124 410 18714 119 97 298 82 216 112 18595 4222 14373 38820 5135 5023 4592 33685 94
is_linear=0
shrinkage=0.05


Tree=129
num_leaves=20
num_cat=0
split_feature=14 13 3 20 6 8 6 1 2 4 4 12 16 10 11 16 8 14 4
split_gain=4.53501 8.76223 5.63307 8.77922 5.98363 13.9823 8.12101 5.18095 17.0422 13.0072 12.6118 15.5718 12.2201 15.029 11.2739 10.7763 26.4699 15.7886 9.26801
threshold=19.973032524794473 0.0043281796757776219 0.0035939999999968471 -1.0000000180025095e-35 0.0022168241740294623 4668.1820000000007 7.9111238482066325e-06 93103.83100000002 93110.695666666681 0.1148559999999995 0.016905 0.57000000000016382 19.922776000307387 1.1469000000000011 0.16096666666666751 19.878757477022422 4674.2590000000009 19.875674093578667 0.52375733333333352
decision_type=2 2 2 2 2 2 2 2 2 2 2 2 2 2 2 2 2 2 2
left_child=7 2 3 -2 6 -6 -4 12 9 -9 11 -10 15 14 -14 17 -17 -1 -12
right_child=1 -3 4 -5 5 -7 -8 8 10 -11 18 -13 13 -15 -16 16 -18 -19 -20
leaf_value=-0.00014882678468461583 0.004266830663317644 -0.026409951698973935 -0.0090416687507531134 -0.072182484116188425 0.00036129582182460932 -0.059681359368982195 0.018391375775442694 0.055162351573378059 0.021509551823936403 -0.008216843055652014 -0.0011850252825737905 -0.061938897680653686 -0.0073036225424885351 -0.066582781427038398 0.01077103760182406 0.0055822116712805434 -0.0074917463369808439 -0.01588947890156554 0.035398615480080352
leaf_weight=11920.722832143307 8.0681016743183118 46.139532215893269 45.318612352013588 7.0252880305051795 45.031398892402649 12.356774672865866 66.658152408897877 27.258173927664757 113.39250931888819 11.515064775943754 663.10886734724045 5.880285680294036 736.04405512660742 10.087605223059652 97.72768584638834 2118.9001099094748 473.69897558540106 161.46593580394983 17.776314005255699
leaf_count=40707 29 190 177 37 163 51 241 86 434 39 2422 26 2820 42 350 7539 1917 619 55
internal_value=4.07393e-05 -0.00692218 -0.0020476 -0.0313169 0.0005608 -0.012567 0.00728883 0.000138898 0.00396608 0.0363397 0.00239735 0.0173954 -6.7998e-05 -0.00591902 -0.00518506 0.000268459 0.00319344 -0.000359184 -0.000229912
internal_weight=16588.2 230.598 184.458 15.0934 169.365 57.3882 111.977 16357.6 838.931 38.7732 800.158 119.273 15518.6 843.859 833.772 14674.8 2592.6 12082.2 680.885
internal_count=57944 888 698 66 632 214 418 57056 3062 125 2937 460 53994 3212 3170 50782 9456 41326 2477
is_linear=0
shrinkage=0.05


Tree=130
num_leaves=20
num_cat=0
split_feature=15 13 12 21 10 9 17 15 5 21 3 12 12 12 4 2 9 6 13
split_gain=4.48853 9.69262 11.3236 8.82924 15.1704 10.4046 8.14922 16.0683 13.3743 13.7701 12.5339 10.7174 10.9587 9.52352 9.31135 12.2241 6.96707 12.971 7.66373
threshold=-1.0739479755494939e-05 0.015502467310695624 -1.7050000000003818 0.00099432987561109639 0.040800000000000031 4662.6000000000013 0.022915000000000005 -1.073028091935768e-05 -17.299999999995631 2.8893314680932787 0.17561099999999921 1.144999999999982 0.88499999999976364 0.23500000000012736 0.10137133333333334 93165.117000000013 4664.570333333334 0.0029839874040336225 0.00033492324515353738
decision_type=2 2 2 2 2 2 2 2 2 2 2 2 2 2 2 2 2 2 2
left_child=1 2 -1 4 -4 -5 8 14 9 13 -11 12 -10 -2 15 -8 17 -9 -18
right_child=6 -3 3 5 -6 -7 7 16 11 10 -12 -13 -14 -15 -16 -17 18 -19 -20
leaf_value=-0.047740556028396365 -0.066273199275538347 0.029205673877629131 0.020138423524494471 0.021718757867987881 -0.028558426559211356 0.00099302039852245468 -0.07003599383523694 -0.00055668193399984335 -0.0022967498447357885 0.036196356467673239 -0.023320323500045773 0.052269400517449952 -0.050499316042524112 0.0052114163608360433 -0.086548595474709111 0.022168718475823402 0.0042369625271424082 -0.031256680617468696 -0.00012654493383413263
leaf_weight=11.945514157414435 22.348642520606521 30.374126315116882 21.908379293978214 61.112663544714451 59.235342748463154 6627.5706996768713 6.4430698603391674 114.87322752922773 2816.9512335211039 12.306907683610914 31.456876546144485 8.9608643278479558 11.84082520753145 5.8863965421915045 7.706958755850791 8.1307544559240323 1234.3807674720883 49.117581024765968 5444.8533959537745
leaf_count=45 94 94 73 200 220 22561 24 425 10863 41 119 28 47 19 30 24 4294 182 18561
internal_value=3.86295e-05 0.0010239 0.000897678 0.000983502 -0.0154105 0.00118239 -0.000647981 0.000291862 -0.00286552 -0.024147 -0.00658351 -0.00232557 -0.00249852 -0.0513702 -0.0421002 -0.0185949 0.000429886 -0.00975177 0.000679869
internal_weight=16587.4 6812.15 6781.77 6769.83 81.1437 6688.68 9775.26 6865.51 2909.75 71.9988 43.7638 2837.75 2828.79 28.235 22.2808 14.5738 6843.22 163.991 6679.23
internal_count=57944 23193 23099 23054 293 22761 34751 23540 11211 273 160 10938 10910 113 78 48 23462 607 22855
is_linear=0
shrinkage=0.05


Tree=131
num_leaves=20
num_cat=0
split_feature=11 21 14 2 16 6 20 17 8 6 14 9 6 13 12 5 6 13 13
split_gain=4.40821 18.6256 10.917 10.7067 16.7835 16.1589 13.1058 10.0958 9.60009 9.44597 20.0192 15.8433 13.8432 15.4111 18.968 16.769 11.3727 11.2478 10.8337
threshold=0.36863333333333476 19.021748246280332 19.919831128756297 89502.803000000014 18.842623585798425 0.0092127186805529004 -39.175000000001994 2.3721150000000004 4756.4340000000002 0.011676126079509207 18.834392596287348 4668.6703333333344 0.0080560190813328079 0.0075690727614287035 1.3499999999999093 -19.984999999993303 0.020703829241486015 0.0017253926196564267 0.0018138094776354683
decision_type=2 2 2 2 2 2 2 2 2 2 2 2 2 2 2 2 2 2 2
left_child=9 3 7 8 5 -5 -6 -3 -2 12 -11 17 13 15 -15 -1 -13 -12 -14
right_child=1 2 -4 4 6 -7 -8 -9 -10 10 11 16 18 14 -16 -17 -18 -19 -20
leaf_value=-0.012727568107061002 0.058622871193364359 0.03905808964383882 -0.035262906427040233 -0.014516093599175862 0.026347255206241676 -0.089518771029441085 0.0010243931728485664 -0.014520945292869245 -0.0064437687615738135 0.037749688567564589 -0.011567488765022957 -0.01145029919982299 0.013032221093268829 0.014850056463898351 -0.030370043123726077 -0.00040020648263107785 0.006697193743343325 0.061403222483919155 0.0018618456573622263
leaf_weight=282.24975380301476 15.159213840961458 62.55008003115654 6.6796716004610053 61.595414862036705 52.504606246948242 8.1289394199848157 1902.9978742301464 10.229986473917959 9.0551212131977064 25.447924941778183 8.4749483019113558 580.7522310167551 338.05310980975628 267.32997588813305 25.392584472894669 12206.878590174019 101.40634432435036 14.012285873293875 606.46396684646606
leaf_count=1026 43 190 29 208 156 32 6408 35 31 74 29 1921 1073 862 93 43417 321 38 1958
internal_value=3.66849e-05 0.00216087 0.0259124 0.00123999 0.00084482 -0.0232604 0.0017043 0.031527 0.0342907 -0.000276128 -0.00581793 -0.00739135 1.86351e-05 -0.000413002 0.0109274 -0.0006788 -0.00875258 0.0339022 0.00585985
internal_weight=16585.4 2128.9 79.4597 2049.44 2025.23 69.7244 1955.5 72.7801 24.2143 14456.5 730.094 704.646 13726.4 12781.9 292.723 12489.1 682.159 22.4872 944.517
internal_count=57944 7132 254 6878 6804 240 6564 225 74 50812 2383 2309 48429 45398 955 44443 2242 67 3031
is_linear=0
shrinkage=0.05


Tree=132
num_leaves=20
num_cat=0
split_feature=0 0 13 11 13 21 17 0 17 18 8 16 13 4 4 0 17 20 2
split_gain=4.45114 12.7356 11.2964 9.74486 9.03272 8.97545 8.36875 12.0674 25.2331 12.2217 6.40135 13.2369 11.758 6.32306 10.1976 6.13368 11.1521 12.3806 15.0272
threshold=1.0000000180025095e-35 1.0744601408596567e-05 0.0013347795307268426 0.066800000000002621 0.0046128575080936398 0.003016824494383777 0.035015000000000011 1.0746003697992281e-05 0.0061150000000000015 0.85709047302607699 4726.1070000000009 19.28150136494892 0.0041256002914303166 0.26105633333333439 0.071048666666667468 -1.1010532946498229e-05 0.80935000000000012 0.46000000000958613 90589.324333333352
decision_type=2 2 2 2 2 2 2 2 2 2 2 2 2 2 2 2 2 2 2
left_child=15 2 13 4 -4 -5 7 8 -3 -9 12 -12 -8 14 -2 16 17 18 -1
right_child=1 6 3 5 -6 -7 10 9 -10 -11 11 -13 -14 -15 -16 -17 -18 -19 -20
leaf_value=0.0046938208951001741 -0.018057091825729028 -0.048520231339285361 0.012280845015675368 0.0035509915822183255 -0.043711231091038451 -0.037110516205369405 0.00033190927245489943 -0.0041157382905178458 0.092455603542773115 -0.033366461439649657 -0.0006635078768113422 -0.020621278882987863 0.009951593048932228 0.013345202375197526 -0.05473657002635042 0.0010442874695504542 0.0036552767910183258 -0.013418958141561136 -0.0066623513924204229
leaf_weight=493.86746217310429 56.957091718912125 4.9484259262680999 76.735183648765087 23.516303561627865 7.9490102231502524 32.09253216534853 1350.2310185879469 1002.78465308249 8.8522570282220823 37.029526866972446 1257.7668054625392 88.956804573535919 415.36970635503531 9.2107365280389768 28.39652344584465 10048.756723068655 633.46296606957912 295.95420403778553 710.25878275930882
leaf_count=1597 353 29 365 134 46 164 4989 4437 40 167 4263 397 1464 39 156 33278 2172 980 2874
internal_value=3.49735e-05 -0.00132795 -0.0126564 -0.00365344 0.00702506 -0.0199153 -0.000689304 -0.00454094 0.0419068 -0.00515741 0.00061459 -0.0019818 0.00259501 -0.0260129 -0.0302601 0.000527323 -0.00190752 -0.00425662 -0.00200466
internal_weight=16583.1 4400.8 234.857 140.293 84.6842 55.6088 4165.94 1053.61 13.8007 1039.81 3112.32 1346.72 1765.6 94.5644 85.3536 12182.3 2133.54 1500.08 1204.13
internal_count=57944 17043 1257 709 411 298 15786 4673 69 4604 11113 4660 6453 548 509 40901 7623 5451 4471
is_linear=0
shrinkage=0.05


Tree=133
num_leaves=20
num_cat=0
split_feature=10 10 0 5 4 4 7 4 20 15 6 0 11 2 1 18 11 9 0
split_gain=4.41704 11.2249 10.7516 9.60821 8.83573 11.9871 8.76669 8.30677 11.2458 7.67264 7.54343 5.59147 5.55767 10.8675 19.2772 14.8471 12.9861 18.8824 12.5793
threshold=0.0029999999999999996 0.0012000000000009327 -0.0077538966109569332 -15.625000000007274 0.47298066666666855 0.83278833333333446 0.00021299367941596262 0.30601633333333439 -19.110000000000124 -0.012695788852873367 6.1032130846341252e-06 1.0739713329765978e-05 0.0069333333333354659 93004.716333333345 92972.11500000002 0.98809216562196422 0.0031333333333341405 4676.4533333333338 1.0730378219303562e-05
decision_type=2 2 2 2 2 2 2 2 2 2 2 2 2 2 2 2 2 2 2
left_child=1 4 9 6 7 -6 -4 8 -1 -3 -5 -9 13 14 -2 -16 17 -15 -18
right_child=12 2 3 10 5 -7 -8 11 -10 -11 -12 -13 -14 16 15 -17 18 -19 -20
leaf_value=-0.06147368380185058 -0.0024924132633530878 0.013597543758488007 -0.065583852324389499 0.04679193723499496 -0.078216917857268711 0.0031588371193024705 0.018286793308389098 0.0082808868717133537 -0.0010787809065823033 0.084881946814426443 0.0090074886269726588 0.058590066162797452 0.00016020993912613341 0.0065441210171947768 0.025175876960238826 -0.045812250181775586 -0.010147965115927582 -0.037303789102760089 -0.035681272169203172
leaf_weight=7.9487300515174857 674.16779312491417 6.9891610592603675 7.9932349771261197 13.928103446960447 8.8050876408815402 9.3109689950942975 5.1059700101613998 13.792246341705324 254.29330852627754 8.207839220762251 255.98448769748211 9.2116588056087476 14607.075702264905 197.30286360532045 102.27391193062067 7.9372867941856375 302.68358937650919 28.042410761117935 57.382001459598541
leaf_count=34 2555 24 33 48 35 30 17 45 930 24 899 27 50516 758 360 31 1125 125 328
internal_value=3.30035e-05 0.00423897 0.0111277 0.0089277 -0.00253274 -0.0363929 -0.0328917 -0.000382269 -0.00290939 0.052098 0.0109573 0.0284266 -0.000125362 -0.00317063 0.000676848 0.0200634 -0.00832578 0.0010876 -0.0142171
internal_weight=16578.4 601.571 298.209 283.012 303.362 18.1161 13.0992 285.246 262.242 15.197 269.913 23.0039 15976.9 1369.79 784.379 110.211 585.411 225.345 360.066
internal_count=57944 2146 1045 997 1101 65 50 1036 964 48 947 72 55798 5282 2946 391 2336 883 1453
is_linear=0
shrinkage=0.05


Tree=134
num_leaves=20
num_cat=0
split_feature=21 18 10 1 1 12 15 12 12 4 8 16 5 8 10 21 21 21 21
split_gain=4.39925 12.5461 14.9141 16.8529 10.2859 9.49672 8.60437 8.37593 19.2782 11.6281 9.22789 8.0281 7.74033 7.50037 5.67163 16.8749 19.3499 15.8731 14.524
threshold=0.0014263321607884737 0.087804086569388276 0.33410000000000178 92871.239000000016 90973.433000000005 -0.80999999999994532 0.00021380335863963043 0.35500000000001825 -0.030000000000200085 0.15821333333333426 4665.2110000000011 19.930194681796813 -1.0000000180025095e-35 4728.6280000000015 2.2118000000000015 0.25424299989245774 0.42884018623285164 2.7653895002896998 0.004727008785669653
decision_type=2 2 2 2 2 2 2 2 2 2 2 2 2 2 2 2 2 2 2
left_child=1 2 3 12 -4 -6 -5 8 10 13 -3 -10 -1 -9 -2 18 -17 -18 -16
right_child=14 7 4 6 5 -7 -8 9 11 -11 -12 -13 -14 -15 15 16 17 -19 -20
leaf_value=-0.013867151228692974 0.00029610843901349277 0.048957243104781653 -0.052941326312980777 0.017248949496110371 0.025392593875635767 -0.0060017604174564566 -0.039016533600124102 7.8634990050545838e-05 -0.014532733176054269 0.067317668143998657 0.0051726559794378372 -0.064431558675183534 -0.046577741552524858 0.035445486480665096 -0.0003164107340467098 0.037871729019017253 -0.014856562460779774 0.039066581410112877 -0.054381472087062011
leaf_weight=25.576586931943893 15774.88202368468 13.189069889485834 8.6739930510520917 27.622503288090229 34.610858976840973 79.233946606516838 9.0114856362342817 60.318907596170902 101.93814158439636 9.5182229131460172 137.37203626334667 8.7528087422251684 61.745099522173405 19.948840707540512 20.702045127749443 27.960585713386536 109.51347462832928 15.59030446410179 31.058126643300056
leaf_count=84 55033 45 33 98 115 291 39 212 390 26 494 40 279 63 75 86 373 46 122
internal_value=3.12677e-05 -0.00418098 -0.0128275 -0.0250554 -0.000456227 0.00354269 0.00340837 0.00189001 -0.00263775 0.0150645 0.00900816 -0.0184784 -0.0369968 0.00886831 0.000188772 -0.00807791 0.000267743 -0.00813672 -0.0327576
internal_weight=16577.2 597.513 246.474 123.956 122.519 113.845 36.634 351.038 261.252 89.786 150.561 110.691 87.3217 80.2677 15979.7 204.825 153.064 125.104 51.7602
internal_count=57944 2209 939 500 439 406 137 1270 969 301 539 430 363 275 55735 702 505 419 197
is_linear=0
shrinkage=0.05


Tree=135
num_leaves=20
num_cat=0
split_feature=2 8 8 10 11 16 21 16 11 6 13 21 9 10 5 5 0 15 20
split_gain=4.29957 15.9436 14.6525 20.2187 12.7724 19.5576 15.9077 14.3902 13.8013 12.4379 11.2364 11.9599 10.4306 10.6796 7.71563 18.9784 18.8978 7.11127 5.41297
threshold=91027.663000000015 4705.2280000000001 4730.5990000000011 5.0634000000000023 0.022866666666668964 19.321261362540245 1.5819057091286177 18.869578272137101 0.039266666666669177 0.0065583585097731397 0.013068096989269655 0.0092736781672323586 4730.563000000001 0.23760000000000134 -1.0000000180025095e-35 -0.069999999999708948 -1.0724268861839191e-05 0.00022210114510867743 -0.029999999999290591
decision_type=2 2 2 2 2 2 2 2 2 2 2 2 2 2 2 2 2 2 2
left_child=1 -1 12 10 5 7 8 -3 -6 -8 11 -4 14 18 15 -2 -16 -12 -14
right_child=2 4 3 -5 6 -7 9 -9 -10 -11 17 -13 13 -15 16 -17 -18 -19 -20
leaf_value=0.061154772302399213 -0.0015109793531860709 -0.0032806345903856242 0.00011449867899927303 0.06750399136916721 0.017005350711376942 -0.060601207124196789 -0.0077009676918987288 0.018663128895478644 0.0021328266399638714 0.00021126238115936095 0.067269357296053975 -0.01232626725672631 0.049846755684132327 0.082431690858116816 0.0043247254191238491 0.0055457354523397564 -0.0023520976036187215 -0.0021231543628009758 -0.0004452838290307196
leaf_weight=11.087133735418318 2079.1045280918479 107.0046853274107 290.44973780214787 9.096959635615347 167.35796444118023 9.5144482105970365 796.63861635327339 247.55655394494534 2295.9644203782082 1319.202480494976 8.103208661079405 576.87797041982412 7.3671739846467998 7.0559924244880667 1309.9712805002928 1758.7708216607571 5548.5719678774476 6.7820655405521384 19.543216191232204
leaf_count=32 7855 348 1046 27 520 36 2646 772 7429 4218 22 2081 23 18 4102 5496 21181 23 69
internal_value=2.96447e-05 0.00126299 -0.00049613 -0.00665618 0.00112866 0.0101423 0.000412015 0.0120406 0.00314326 -0.00276778 -0.00742088 -0.00816012 1.55485e-05 0.0276793 -7.22974e-05 0.00172288 -0.00107683 0.0356526 0.013323
internal_weight=16576 4954.33 11621.7 891.31 4943.24 364.076 4579.16 354.561 2463.32 2115.84 882.213 867.328 10730.4 33.9664 10696.4 3837.88 6858.54 14.8853 26.9104
internal_count=57944 16001 41943 3199 15969 1156 14813 1120 7949 6864 3172 3127 38744 110 38634 13351 25283 45 92
is_linear=0
shrinkage=0.05


Tree=136
num_leaves=20
num_cat=0
split_feature=3 2 4 10 21 11 21 4 11 17 4 21 13 11 14 0 20 0 19
split_gain=4.17576 10.1311 9.14056 15.235 10.6025 9.61262 7.29821 7.83233 7.25253 10.4047 6.86797 18.2446 8.96786 6.45402 5.79229 5.64571 10.0139 9.09792 2.97115
threshold=2.0662379999999931 89584.554666666678 3.2561670000000005 0.59440000000000082 23206145.955612201 0.55183333333333573 99385297.772507414 0.94905133333333336 0.0031333333333341405 0.07610500000000002 2.0365696666666673 2.1476776704982883 0.0042955519593377888 0.14480000000000234 19.337771951498542 -0.014216556996771155 -10.689999999991867 -1.1171496788753286e-05 0.074846297835194545
decision_type=2 2 2 2 2 2 2 2 2 2 2 2 2 2 2 2 2 2 2
left_child=6 -2 4 13 5 -3 10 8 -8 -10 15 14 -13 -4 -12 16 -1 -17 -6
right_child=1 2 3 -5 18 -7 7 -9 9 -11 11 12 -14 -15 -16 17 -18 -19 -20
leaf_value=0.0023103568261859417 0.050247502538678594 0.0033807552239192035 -0.012353257035039292 0.02323847226347589 -0.028765615910479658 -0.037380287263067115 0.081866258688396851 -0.026562453311035857 -0.012734030609912423 0.035173631456850811 0.033432738522915756 0.0080881600864555359 -0.046193360397952382 -0.069688381753433754 0.084945055981682782 -0.0042179817528131451 0.024835225541982101 0.00020191716449860042 -0.080337638896038219
leaf_weight=265.52420192956924 7.4310094416141501 136.79489529132843 6.8240524381399181 8.7839301973581296 6.5016457289457303 16.174298584461212 4.9416732937097541 8.8676083981990796 17.463919773697853 32.285590946674347 18.731265798211101 33.345439657568932 9.8585209101438505 17.483415335416794 7.7007048577070227 1264.8778512403369 60.604071989655495 14639.185048267245 4.8957235813140869
leaf_count=891 21 443 23 26 24 57 13 32 60 95 56 104 35 66 21 4831 179 50944 23
internal_value=2.82774e-05 -0.00706549 -0.00922237 -0.0331979 -0.00439545 -0.00092914 0.0001171 0.0170272 0.0240948 0.0183563 5.11614e-05 0.01572 -0.0042981 -0.0535922 0.0484404 -1.60662e-05 0.00649613 -0.000149605 -0.0509183
internal_weight=16568.3 204.889 197.458 33.0914 164.367 152.969 16363.4 63.5588 54.6912 49.7495 16299.8 69.6359 43.204 24.3075 26.432 16230.2 326.128 15904.1 11.3974
internal_count=57944 683 662 115 547 500 57261 200 168 155 57061 216 139 89 77 56845 1070 55775 47
is_linear=0
shrinkage=0.05


Tree=137
num_leaves=20
num_cat=0
split_feature=4 18 16 9 13 2 13 3 4 21 7 12 10 6 3 17 18 20 18
split_gain=4.14022 13.2564 13.0336 25.0168 14.8391 14.2493 11.9099 7.97143 17.1693 23.5722 18.1891 14.1766 12.7877 14.7623 13.5794 17.0936 13.1211 12.3392 11.2945
threshold=0.0602699999999994 0.99376584492631537 18.842623585798425 4762.9646666666677 0.0041931239043225188 90609.622666666677 0.0013033663912327962 0.1791939999999963 0.16228633333333428 1.0488394404712256 -0.0040677124262367128 -1.7050000000003818 0.03560000000000129 0.0072118301403396477 0.16841999999999316 0.048725000000000011 0.95667244138874719 -19.110000000000124 0.0050394092319358394
decision_type=2 2 2 2 2 2 2 2 2 2 2 2 2 2 2 2 2 2 2
left_child=1 2 4 5 6 -4 -1 12 9 10 -9 -10 14 -14 17 -16 -15 -2 -13
right_child=7 -3 3 -5 -6 -7 -8 8 11 -11 -12 18 13 16 15 -17 -18 -19 -20
leaf_value=-0.0018182353260042744 -0.020267981274815175 0.068075807036645744 0.010513328129853918 0.056222803751846143 0.020987437576267025 -0.0016895124156651139 -0.057531648707126251 -0.023582461992137135 -0.032507615361353902 -0.013428445541074391 0.0068355658544385911 -0.015028978269574493 -0.0015774988626460066 0.0092367543425023162 0.046535263039666673 0.0032084745569068568 -0.026640623962678429 0.0040674187856551526 0.0013731589772473579
leaf_weight=14.300998091697691 53.115910604596138 6.9190995544195166 250.7617474347353 19.081226885318756 13.407318890094755 5200.759901098907 29.13404780626297 57.461772218346596 32.08852419257164 571.09261229634285 339.60420612990856 108.2408726811409 3091.1602251082659 506.36117832362652 42.201840341091156 49.426403224468231 26.834559604525566 2695.741904899478 3458.5568379312754
leaf_count=47 199 22 794 53 42 19711 111 208 114 2057 1146 367 10466 1598 123 169 94 9240 11383
internal_value=2.69171e-05 -0.00108907 -0.00117565 -0.000928162 -0.0249945 -0.0011282 -0.039188 0.000586776 -0.00101232 -0.00692303 0.00243359 0.000577756 0.00171645 -0.000252199 0.00422837 0.0231638 0.00743113 0.00359719 0.000875407
internal_weight=16566.3 5534.36 5527.45 5470.6 56.8424 5451.52 43.435 11031.9 4567.04 968.159 397.066 3598.89 6464.84 3624.36 2840.49 91.6282 533.196 2748.86 3566.8
internal_count=57944 20780 20758 20558 200 20505 158 37164 15275 3411 1354 11864 21889 12158 9731 292 1692 9439 11750
is_linear=0
shrinkage=0.05


Tree=138
num_leaves=20
num_cat=0
split_feature=11 21 12 14 21 17 6 11 5 5 11 0 6 14 9 13 6 5 7
split_gain=4.10931 17.8729 19.3024 15.1591 21.8772 12.428 10.0185 16.3591 16.0428 25.2063 11.3131 11.1524 8.80066 17.8014 14.3605 12.3567 12.5078 14.4262 13.7171
threshold=0.36863333333333476 1.7465998459776084 1.1100000000001276 18.838845596216547 2.6298855866678061 0.022915000000000005 0.012016880999408055 1.787300000000003 -14.90500000000611 -27.069999999999705 0.39976666666666866 0.0024146933650714968 0.011676126079509207 18.834392596287348 4668.6703333333344 0.0075690727614287035 0.0080560190813328079 -19.984999999993303 -0.015823769768619208
decision_type=2 2 2 2 2 2 2 2 2 2 2 2 2 2 2 2 2 2 2
left_child=12 6 3 4 -3 -5 8 11 9 -2 -10 -8 15 -14 -15 16 17 -1 -18
right_child=1 2 -4 5 -6 -7 7 -9 10 -11 -12 -13 13 14 -16 -17 18 -19 -20
leaf_value=-0.011840766234554233 0.01267291890434614 0.025870024762468021 -0.076532877787479039 0.039569037799480955 -0.055297925756519373 0.011359454493442375 0.041728642871949079 -0.042132974544370615 0.013298646076312282 -0.039746985334601914 -0.0014104269279840845 -0.0018000914207823441 0.035791326683269294 0.0323437287545194 -0.0083933191804534801 0.009262126932319743 -0.063150841957959988 -0.00038429249822847318 0.0060799727281976848
leaf_weight=281.11888831853867 35.987885236740112 14.506549641489981 6.2877813577651969 43.240370959043503 19.40834267437458 402.25543901324272 42.371245950460434 9.9852369427680951 145.07945121079683 63.216601058840752 1321.0117848739028 22.544113203883171 25.050080671906471 22.342359319329262 682.03173767030239 351.48404388874769 7.2138017117977133 12192.803848266602 876.04950703680515
leaf_count=1026 113 44 24 131 73 1273 120 36 479 234 4530 75 74 67 2242 1147 27 43417 2812
internal_value=2.56161e-05 0.00207799 0.0105028 0.0116443 -0.0205796 0.0140975 -0.000416793 0.0174472 -0.0012716 -0.0207309 4.51334e-05 0.0266118 -0.000276579 -0.00562814 -0.00710116 8.1717e-06 -0.000235339 -0.000642482 0.00551455
internal_weight=16564 2125.89 485.698 479.411 33.9149 445.496 1640.2 74.9006 1565.3 99.2045 1466.09 64.9154 14438.1 729.424 704.374 13708.7 13357.2 12473.9 883.263
internal_count=57944 7132 1545 1521 117 1404 5587 231 5356 347 5009 195 50812 2383 2309 48429 47282 44443 2839
is_linear=0
shrinkage=0.05


Tree=139
num_leaves=20
num_cat=0
split_feature=14 5 6 1 8 3 10 10 0 5 9 4 6 15 7 12 3 2 9
split_gain=4.12079 8.37647 10.3191 6.75766 16.81 5.93543 4.35989 9.5443 9.53029 8.54507 6.97959 8.13462 6.96747 6.86395 5.45782 9.58709 12.8808 8.70852 5.58186
threshold=18.812165302212637 4.8649999999979636 0.0069959237345522283 89502.085000000021 4760.1630000000014 0.53246399999999594 0.0029999999999999996 0.0012000000000009327 -0.0077538966109569332 -15.625000000007274 4667.1146666666673 0.072060666666667481 0.0015804226527447228 -0.012695788852873367 0.0037951424320614717 0.39499999999998187 0.59976999999999647 90132.123666666681 4757.1496666666671
decision_type=2 2 2 2 2 2 2 2 2 2 2 2 2 2 2 2 2 2 2
left_child=1 3 -3 5 -5 -1 7 10 13 -10 11 -2 -12 -9 18 17 -17 -16 -8
right_child=6 2 -4 4 -6 -7 14 8 9 -11 12 -13 -14 -15 15 16 -18 -19 -20
leaf_value=0.053722936023655549 -0.06241278632535803 -0.067373407512375125 0.024893797574432521 -0.038247657359833841 0.038628174903439692 0.0075980366111856532 -0.00027534533590105895 0.01243937416911905 -0.031158349808947002 0.01034260150348619 0.0085263173696193371 -0.0012230124126366825 -0.0072920998904474265 0.079635742534326814 0.021816580178104259 0.00055330083935954449 -0.019072723188290893 0.0042523053588585571 -0.0044996347093290978
leaf_weight=18.765117406845096 10.038649156689646 6.6862602978944761 5.5420530438423157 13.396301284432411 15.155911028385162 11.10046750307083 13162.266479723155 6.9983619451522818 13.002538770437239 269.16310622543097 129.46386782079935 11.834831088781355 150.57925238460302 8.3164394497871381 76.085484176874161 754.12913271039724 94.025554627180099 973.61546207219362 831.40423180162907
leaf_count=55 44 25 19 48 45 37 46428 24 50 945 478 43 532 24 231 2556 321 3329 2710
internal_value=2.4433e-05 0.0120745 -0.0255565 0.0199516 0.0025591 0.0365792 -2.71886e-05 0.00415892 0.0105151 0.00843019 -0.0021039 -0.0293055 2.07506e-05 0.0489292 -0.000185081 0.00233104 -0.00162242 0.00552542 -0.000526323
internal_weight=16561.6 70.6461 12.2283 58.4178 28.5522 29.8656 16490.9 599.397 297.48 282.166 301.917 21.8735 280.043 15.3148 15891.5 1897.86 848.155 1049.7 13993.7
internal_count=57944 229 44 185 93 92 57715 2140 1043 995 1097 87 1010 48 55575 6437 2877 3560 49138
is_linear=0
shrinkage=0.05


Tree=140
num_leaves=20
num_cat=0
split_feature=21 18 10 1 1 4 16 13 12 12 4 8 16 18 10 21 21 21 21
split_gain=4.08988 11.3424 13.5506 15.4331 9.33572 9.10971 7.85585 7.64235 7.5218 17.3983 10.4971 8.32527 7.41232 7.10885 5.1359 15.1435 17.3854 14.1481 13.1509
threshold=0.0014263321607884737 0.087804086569388276 0.33410000000000178 92871.239000000016 90973.433000000005 0.045454666666666609 19.927531209225236 0.0035725314813577079 0.35500000000001825 -0.030000000000200085 0.15821333333333426 4665.2110000000011 19.930194681796813 0.11151115153602989 2.2118000000000015 0.25424299989245774 0.42884018623285164 2.7653895002896998 0.004727008785669653
decision_type=2 2 2 2 2 2 2 2 2 2 2 2 2 2 2 2 2 2 2
left_child=1 2 3 7 -4 -6 -5 -1 9 11 13 -3 -11 -10 -2 18 -17 -18 -16
right_child=14 8 4 6 5 -7 -8 -9 10 12 -12 -13 -14 -15 15 16 17 -19 -20
leaf_value=0.012229702588273177 0.00027720307560775347 0.046337869873945968 -0.050542087018048659 0.023865686748413033 0.015927560730104866 -0.012570806909047928 -0.022783503559245067 -0.040124053589141485 0.053337443812597876 -0.013883313249058058 0.063948341542145362 0.0048338630530887876 -0.062223956869666447 0.0034128105203421657 -0.00021820600121181546 0.036110306986152259 -0.014026213346635766 0.037063133086974918 -0.051701208696703777
leaf_weight=7.6459169760346404 15760.943441815674 13.248389996588228 8.659721300005911 20.404545284807682 63.356378719210625 50.308322086930275 16.182467877864838 78.92342971265316 7.9102164655923835 101.70692044496536 9.4884092807769758 137.30204212665558 8.6004953905940038 72.321751445531845 20.681215152144432 27.631943434476852 109.63934779167175 15.46233820915222 30.993445739150047
leaf_count=29 55033 45 33 73 223 183 64 334 25 390 26 494 40 250 75 86 373 46 122
internal_value=2.32536e-05 -0.00404325 -0.0122858 -0.0239934 -0.000498543 0.0033141 0.00323271 -0.0355001 0.00172833 -0.00256686 0.0142164 0.0084862 -0.0176524 0.00833497 0.000175075 -0.00769957 0.000216428 -0.00771166 -0.0310967
internal_weight=16561.4 596.059 245.481 123.156 122.324 113.665 36.587 86.5693 350.578 260.858 89.7204 150.55 110.307 80.232 15965.4 204.408 152.734 125.102 51.6747
internal_count=57944 2209 939 500 439 406 137 363 1270 969 301 539 430 275 55735 702 505 419 197
is_linear=0
shrinkage=0.05


Tree=141
num_leaves=20
num_cat=0
split_feature=12 11 9 9 13 14 6 14 0 11 11 10 2 21 5 3 8 11 13
split_gain=3.94878 8.08642 8.98158 15.4466 12.2659 7.82583 18.4368 17.4319 18.8256 17.1693 9.7466 8.84678 7.35014 6.33912 11.2766 10.5782 14.585 10.3007 16.7547
threshold=0.030000000000200092 0.0032000000000009629 4668.4903333333341 4669.5730000000012 0.0013982566162873444 19.904723951353287 0.0022537259914614462 19.88675638867505 -0.0018117437151243807 0.70946666666666836 1.4632666666666692 0.0058000000000016441 92688.789000000004 0.0027061530406596078 -0.010000000002037266 0.030554999999993417 4671.2610000000013 0.17606666666666909 0.0061748039341851723
decision_type=2 2 2 2 2 2 2 2 2 2 2 2 2 2 2 2 2 2 2
left_child=13 2 12 -4 -5 7 11 10 -9 -8 -3 -7 -2 14 15 -1 -17 18 -16
right_child=1 5 3 4 -6 6 9 8 -10 -11 -12 -13 -14 -15 17 16 -18 -19 -20
leaf_value=0.022522531569856681 0.026435052777958542 0.0013082977430531131 0.0788796863858202 0.034153428165408187 -0.0061715942406956386 -0.011120369290973072 -0.016964349677732811 -0.059844277955185723 0.016893296351048723 0.04197401264171207 -0.014315285390931347 0.004724501084734151 -0.036512370357574306 -0.00013455638356837214 -0.012443707852630359 -0.05318776999063124 0.012625320183836691 0.0010938208693993888 0.018707661225218136
leaf_weight=70.025156602263451 7.0628786981105831 4060.7589888870716 10.443903699517248 37.731568083167076 37.699722982943058 109.49955788254738 261.89279758930206 8.2603902369737607 246.28093387186527 12.968398064374922 102.33901154994965 450.65023141354322 13.504358559846876 10176.75243294239 545.3505374789238 12.997119605541227 23.895307764410973 325.54262577742338 46.873970344662666
leaf_count=207 23 13695 30 123 141 411 966 42 840 39 355 1643 58 35707 2194 48 74 1186 162
internal_value=2.20515e-05 0.00113829 0.0147821 0.02189 0.0139994 0.000861802 -0.0035773 0.00170087 0.014403 -0.0141835 0.000924232 0.0016271 -0.014896 -0.000511988 -0.00426048 0.0111071 -0.0105605 -0.00605077 -0.00997811
internal_weight=16560.5 5359.09 106.442 85.8752 75.4313 5252.65 835.011 4417.64 254.541 274.861 4163.1 560.15 20.5672 11201.4 1024.68 106.918 36.8924 917.767 592.225
internal_count=57944 18366 375 294 264 17991 3059 14932 882 1005 14050 2054 81 39578 3871 329 122 3542 2356
is_linear=0
shrinkage=0.05


Tree=142
num_leaves=20
num_cat=0
split_feature=0 0 12 6 12 10 17 14 17 0 17 18 5 5 6 17 4 14 11
split_gain=3.96179 11.2018 10.5526 14.0844 15.1816 9.18793 12.9714 10.779 7.55137 10.729 21.4451 11.264 6.01268 18.6784 14.9534 14.8489 12.4079 11.8477 9.67291
threshold=1.0000000180025095e-35 1.0744601408596567e-05 0.31500000000005463 0.0018181929948893132 0.400000000000091 0.0020000000000007551 0.010634999999999952 19.928508617368667 0.035015000000000011 1.0746003697992281e-05 0.0061150000000000015 0.85709047302607699 1.0000000180025095e-35 0.014999999999417925 0.004239448048350667 0.0057049999999999506 0.0076696666666661159 19.838982360875075 0.36863333333333476
decision_type=2 2 2 2 2 2 2 2 2 2 2 2 2 2 2 2 2 2 2
left_child=12 2 5 4 -4 6 -2 -7 9 10 -3 -11 18 16 15 -15 -14 -16 -1
right_child=1 8 3 -5 -6 7 -8 -9 -10 11 -12 -13 13 14 17 -17 -18 -19 -20
leaf_value=0.00053852800695081463 -0.034976192008628885 -0.047012464484838708 0.099199452332586785 -0.045757970271784666 0.0083489688426232507 -0.042906624482896456 0.065220162594192985 -0.012878677964623792 0.00056986703441401975 -0.0039231139157052067 0.083331052721054302 -0.032131489404232549 -0.03630783205193161 0.025316784831607472 -0.00051921734360147788 0.0035437200513713553 -0.0064716114099621011 -0.013367482411050048 0.0055959902741430506
leaf_weight=7976.9539453461766 5.4705770164728147 4.779806859791278 6.6716334819793763 6.850796326994895 14.797180376946924 37.084886439144611 7.887195035815239 153.95872050523758 3108.2375852316618 1000.270555332303 9.2869313359260541 36.68758674710989 36.416354775428772 85.160423740744591 995.41498669981956 972.92103210091591 807.91350447386503 218.87916153669357 1072.5555420815945
leaf_count=26630 31 29 25 34 72 236 34 825 11113 4437 40 167 263 250 3146 3055 3388 714 3455
internal_value=2.09326e-05 -0.0012663 -0.0119414 0.0166628 0.0365816 -0.0159045 0.0241855 -0.0187076 -0.000668999 -0.00433275 0.039041 -0.00492113 0.000485621 -0.00140843 0.000951008 0.00529614 -0.00775846 -0.00283515 0.00113794
internal_weight=16558.2 4391.98 232.721 28.3196 21.4688 204.401 13.3578 191.044 4159.26 1051.02 14.0667 1036.96 12166.2 3116.71 2272.38 1058.08 844.33 1214.29 9049.51
internal_count=57944 17043 1257 131 97 1126 65 1061 15786 4673 69 4604 40901 10816 7165 3305 3651 3860 30085
is_linear=0
shrinkage=0.05


Tree=143
num_leaves=20
num_cat=0
split_feature=16 4 9 2 20 8 4 3 10 11 4 4 20 12 11 10 1 1 5
split_gain=3.89018 15.7394 12.5778 16.8466 10.2272 10.1359 12.2214 12.4276 11.2723 9.80675 9.59725 9.54029 7.69748 14.029 7.63432 6.57564 5.94998 11.993 23.4734
threshold=18.822415266616872 0.097409333333333362 4760.4666666666681 89557.376333333334 0.1900000000000546 4764.5710000000008 0.22993800000000189 0.19492199999999635 0.16080000000000058 0.28393333333333548 0.13212966666666767 0.08551033333333341 0.39000000000260121 0.075000000000272862 0.037000000000000928 0.24860000000000035 89525.388000000021 89553.077000000005 12.874999999992726
decision_type=2 2 2 2 2 2 2 2 2 2 2 2 2 2 2 2 2 2 2
left_child=1 11 3 10 15 16 8 -8 -7 -6 -3 12 13 -1 -5 -4 -2 18 -18
right_child=5 2 4 14 9 6 7 -9 -10 -11 -12 -13 -14 -15 -16 -17 17 -19 -20
leaf_value=0.02598540044103087 0.023989155046207661 0.056059997645320353 0.034633630298365282 -0.0029386934132578637 0.03841743303317114 -0.068474965943347801 0.062108592080665818 -0.033264353725945293 0.0081645696239007279 -0.030077266359714413 0.0068108251030719923 -0.068533108033197135 -0.056462828799532072 -0.057394922764645397 -0.077626932744794333 0.086602992891399777 -0.012510277272686063 1.9821976497382543e-05 -0.12698827617989097
leaf_weight=18.802232623100284 25.789739862084389 10.963810607790945 13.758913815021517 5.8764521777629843 12.838807165622713 17.449078306555752 6.4686972349882108 7.2370341569185257 6.6174124628305426 8.8128948062658292 101.19948926568031 8.438703924417494 6.7277331650257102 6.8945929557085028 8.1896181404590589 10.915610656142233 33.074005588889122 16236.509794212878 5.1790731102228156
leaf_count=57 79 30 41 19 38 70 17 25 21 31 329 33 25 26 32 26 111 56912 22
internal_value=1.96269e-05 0.0067265 0.0133342 0.00515632 0.0356172 -6.79815e-05 -0.0259389 0.0117488 -0.0474019 0.010538 0.0116249 -0.0211762 -0.00885125 0.00361402 -0.0464241 0.057624 -8.03241e-06 -4.60595e-05 -0.0280094
internal_weight=16551.7 213.419 172.556 126.229 46.3262 16338.3 37.7722 13.7057 24.0665 21.6517 112.163 40.8633 32.4246 25.6968 14.0661 24.6745 16300.6 16274.8 38.2531
internal_count=57944 687 546 410 136 57257 133 42 91 69 359 141 108 83 51 67 57124 57045 133
is_linear=0
shrinkage=0.05


Tree=144
num_leaves=20
num_cat=0
split_feature=3 2 4 10 13 21 21 4 2 16 4 21 5 6 14 0 20 0 18
split_gain=3.86146 8.91638 8.17382 13.4769 9.6146 9.21172 6.39758 6.91237 6.79266 9.12283 6.18715 16.538 7.95336 6.07702 5.41065 5.15767 8.96873 8.26152 5.01735
threshold=2.0662379999999931 89584.554666666678 3.2561670000000005 0.59440000000000082 6.7692764769817571e-05 5.3070590210695894 99385297.772507414 0.94905133333333336 89671.937666666679 19.833416252078575 2.0365696666666673 2.1476776704982883 27.714999999996511 0.020703829241486015 19.337771951498542 -0.014216556996771155 -10.689999999991867 -1.1171496788753286e-05 0.92326349247874373
decision_type=2 2 2 2 2 2 2 2 2 2 2 2 2 2 2 2 2 2 2
left_child=6 -2 4 13 18 -6 10 8 -8 -10 15 14 -13 -4 -12 16 -1 -17 -3
right_child=1 2 3 -5 5 -7 7 -9 9 -11 11 12 -14 -15 -16 17 -18 -19 -20
leaf_value=0.0022444526262189106 0.047671934409357582 -0.080405893053337896 -0.065977041294361355 0.021785637469289403 -0.0091053544178658057 0.017416321088448521 -0.019787696667607636 -0.0249276467247409 0.046133286131344736 -0.00054796821440955491 0.031868695263601123 0.0045983589914536842 -0.057430469069356588 -0.010059962088557072 0.082100153103080831 -0.0040293731045322545 0.023579186523039909 0.00018610839671362456 -0.017700797470332871
leaf_weight=265.20588931441307 7.2440898269414893 5.7561322003602964 17.65487472712994 8.7405056059360486 103.366803124547 47.917098060250282 8.0311772823333722 8.8768542259931547 30.327804893255234 15.981170147657393 18.506491541862491 37.239353388547897 6.000469207763671 6.7040016949176779 7.5471354126930228 1262.6030954942107 60.497182011604309 14625.555597029626 7.1562223583459854
leaf_count=891 21 27 67 26 342 152 27 32 86 55 56 117 22 22 21 4831 179 50944 26
internal_value=1.8712e-05 -0.00680871 -0.00880907 -0.0314761 -0.00423974 -0.000704978 0.000104142 0.0159793 0.0226618 0.0300236 4.25093e-05 0.0149513 -0.00400949 -0.0505877 0.0464196 -2.12068e-05 0.00620724 -0.000148888 -0.0456538
internal_weight=16550.9 204.54 197.296 33.0994 164.196 151.284 16346.4 63.217 54.3402 46.309 16283.2 69.2934 43.2398 24.3589 26.0536 16213.9 325.703 15888.2 12.9124
internal_count=57944 683 662 115 547 494 57261 200 168 141 57061 216 139 89 77 56845 1070 55775 53
is_linear=0
shrinkage=0.05


Tree=145
num_leaves=20
num_cat=0
split_feature=21 18 12 8 5 10 8 2 13 4 9 19 18 4 13 10 21 21 21
split_gain=3.86194 10.3853 12.2343 14.8254 9.03237 7.6556 7.11124 7.33922 6.91126 11.2947 9.65028 8.40762 17.6104 11.9963 6.60719 4.70198 13.7778 15.8943 12.8296
threshold=0.0014263321607884737 0.087804086569388276 -0.99000000000023636 4741.5650000000014 0.01000000000203727 0.7578000000000007 4727.2790000000014 92371.429666666678 0.0065578811637019294 0.2818966666666663 4732.0870000000014 0.32080677153967024 0.5415443424078149 0.12411033333333384 0.0082009861742736341 2.2118000000000015 0.25424299989245774 0.42884018623285164 2.7653895002896998
decision_type=2 2 2 2 2 2 2 2 2 2 2 2 2 2 2 2 2 2 2
left_child=1 2 6 4 -4 -5 7 -1 9 10 -3 13 -13 -10 -8 -2 -17 -18 -19
right_child=15 8 3 5 -6 -7 14 -9 11 -11 -12 12 -14 -15 -16 16 17 18 -20
leaf_value=-0.052344956860153204 0.00026303311764833544 -0.0059734805669553557 -0.0099744119307677778 -0.083258649239977514 -0.05726211620039813 -0.007634885186803865 0.061095926836447073 0.014684100814075871 0.0099142778967842328 -0.080357911612107258 0.026247081931300223 0.010516560443009332 -0.058105252340124314 0.066771299923803484 -0.0008503249419741293 -0.029711500612701891 0.034641711909362431 -0.013367123404102975 0.035426291362893825
leaf_weight=6.0232665985822704 15749.899953216314 191.61410342156887 180.83073314279318 11.880075111985208 10.69550711661577 4.6590296477079383 11.08808282017708 12.68268810212612 26.933048963546753 4.7060020714998236 26.446155369281769 75.393274560570717 10.672932550311087 14.151997700333593 7.0360095947980872 51.588320091366768 27.439549908041954 109.76538370549679 15.356727972626684
leaf_count=24 55033 734 680 51 66 16 31 47 93 20 83 258 44 38 24 197 86 373 46
internal_value=1.78235e-05 -0.00393797 -0.0118353 -0.0165372 -0.0126151 -0.0619556 0.0147271 -0.00689907 0.00158912 -0.00371974 -0.0020658 0.0108901 0.00200688 0.029499 0.0370476 0.000165307 -0.00737413 0.00017919 -0.00737852
internal_weight=16548.9 594.813 244.895 208.065 191.526 16.5391 36.83 18.706 349.918 222.766 218.06 127.151 86.0662 41.085 18.1241 15954 204.15 152.562 125.122
internal_count=57944 2209 939 813 746 67 126 71 1270 837 817 433 302 131 55 55735 702 505 419
is_linear=0
shrinkage=0.05


Tree=146
num_leaves=20
num_cat=0
split_feature=14 13 10 7 18 8 17 0 10 21 11 6 1 2 4 4 12 16 10
split_gain=3.74821 8.42408 10.2031 8.76053 8.86687 7.53778 7.14093 8.95566 6.98494 6.5199 5.86985 5.85051 5.42709 15.3059 11.6383 11.3483 14.1241 10.337 13.4933
threshold=19.973032524794473 0.0019536102703964311 0.016000000000000802 -1.0000000180025095e-35 0.12739559604495751 4667.1810000000014 0.38971500000000009 -1.0000000180025095e-35 0.17120000000000107 0.0045326098798503757 0.081933333333335759 0.00089837919188160483 93103.83100000002 93110.695666666681 0.1148559999999995 0.016905 0.57000000000016382 19.922776000307387 1.1469000000000011
decision_type=2 2 2 2 2 2 2 2 2 2 2 2 2 2 2 2 2 2 2
left_child=12 2 3 -2 -5 6 7 -3 -7 -4 -11 -8 17 14 -14 16 -15 -1 -19
right_child=1 5 9 4 -6 8 11 -9 -10 10 -12 -13 13 15 -16 -17 -18 18 -20
leaf_value=0.00020378684086884872 0.038324275744428177 0.017981441595435629 0.070264637354002471 -0.061034743236226985 -0.0081886702401131588 -0.0911946764125416 -0.061025756899945931 -0.016571617542412858 -0.015237054067930335 0.023501144030008664 -0.017703486469901254 -0.0059598467194183213 0.052549126717852571 0.020678657981014162 -0.0074205999374942575 4.2023813417003134e-05 -0.059374440179319622 -0.0048018148589066521 -0.063220322202752408
leaf_weight=14640.556746557355 7.9460152238607398 28.096121922135353 5.6536648571491233 9.7500182837247831 42.698507659137249 6.0360884591937047 11.719794631004335 56.390573903918266 6.070550948381424 35.318199187517166 11.443776443600653 8.1974079757928831 27.21910397708416 113.19595054537058 11.512080073356627 678.84643211960793 5.791853815317153 830.91812228411436 10.003567233681677
leaf_count=50782 27 87 16 46 167 29 53 244 25 121 43 30 86 434 39 2477 26 3170 42
internal_value=1.69015e-05 -0.00633099 0.00340809 -0.0106004 -0.0180126 -0.0157608 -0.01143 -0.00508097 -0.0531078 0.0195491 0.0134174 -0.038362 0.00010611 0.00402873 0.0347243 0.0025386 0.016782 -0.000105855 -0.00549676
internal_weight=16547.4 229.321 112.81 60.3945 52.4485 116.511 104.404 84.4867 12.1066 52.4156 46.762 19.9172 16318 836.565 38.7312 797.834 118.988 15481.5 840.922
internal_count=57944 888 420 240 213 468 414 331 54 180 164 83 57056 3062 125 2937 460 53994 3212
is_linear=0
shrinkage=0.05


Tree=147
num_leaves=20
num_cat=0
split_feature=11 5 10 17 11 1 1 8 11 11 17 9 14 15 20 4 8 0 15
split_gain=3.72067 9.62611 9.5983 21.3882 12.4872 15.6285 13.6486 11.3259 9.44328 7.72939 12.3515 12.1444 14.3359 8.13958 7.25604 6.65293 11.8078 8.114 6.49492
threshold=0.0066666666666674989 -36.01000000000203 0.0035999999999998221 0.016264999999999953 0.0063333333333342743 93009.70600000002 93065.669000000009 4661.7410000000009 0.0063333333333342743 0.0088666666666683564 0.0040050000000000007 4752.153666666668 19.860285713172019 1.078659811470928e-05 0.080000000007203212 0.0060799999999997948 4666.7490000000007 -1.0807944067492413e-05 1.0796479510410963e-05
decision_type=2 2 2 2 2 2 2 2 2 2 2 2 2 2 2 2 2 2 2
left_child=1 -1 4 7 6 -6 -3 -4 -5 10 13 12 -12 14 -2 16 18 -18 -11
right_child=9 2 3 8 5 -7 -8 -9 -10 15 11 -13 -14 -15 -16 -17 17 -19 -20
leaf_value=-0.050534764373123847 -0.026506329343364596 0.0043003128799389955 0.028552481144206956 0.0022138885217481519 -0.012011928026753514 0.093711262475594137 -0.011052701574195065 -0.019947222899016626 -0.028650240868162521 -0.041316666522635714 0.020712987357343102 -0.065902263550804391 0.0025866485414836687 -0.086578423428084417 0.038600450149075496 0.00018109693795259943 0.025514687899281033 -0.0066489769263031826 0.0038113247875856586
leaf_weight=10.279192581772802 21.723079927265651 639.19712141156197 12.647382810711859 419.20976481586695 6.1543081849813452 8.0913542807102186 187.13778978586197 249.59529095888138 26.340244367718697 35.389547884464264 171.43890250474215 5.4479331672191611 299.88496920466423 4.4606001004576674 5.3293202966451636 14249.77659907937 22.314900606870651 161.67473384737968 10.291630603373049
leaf_count=42 94 2394 45 1545 22 23 761 1051 101 172 570 21 1111 22 16 49127 68 716 43
internal_value=1.59838e-05 -0.00230901 -0.00198886 -0.00627894 0.00162352 0.0480375 0.000823358 -0.0176082 0.000389248 0.000257772 0.00631811 0.00832196 0.00917991 -0.0239989 -0.0136803 4.5031e-05 -0.00839709 -0.00274806 -0.0311497
internal_weight=16546.4 1558.65 1548.37 707.793 840.581 14.2457 826.335 262.243 445.55 14987.7 508.285 476.772 471.324 31.513 27.0524 14479.4 229.671 183.99 45.6812
internal_count=57944 5984 5942 2742 3200 45 3155 1096 1646 51960 1834 1702 1681 132 110 50126 999 784 215
is_linear=0
shrinkage=0.05


Tree=148
num_leaves=20
num_cat=0
split_feature=0 0 3 17 20 4 15 2 13 8 2 11 2 6 4 3 6 6 5
split_gain=3.74067 10.34 8.02009 13.5661 12.9704 8.92076 7.33163 7.27681 10.1098 6.81045 9.53667 8.54166 6.79654 5.80651 11.1753 7.69618 6.83313 12.7195 22.6335
threshold=1.0000000180025095e-35 1.1173121938767851e-05 0.11383699999999532 0.31590500000000005 0.9299999999998364 0.036716999999999389 0.023912838969031295 93069.951000000015 0.0013347795307268426 4738.6940000000004 90525.342333333349 1.0408666666666686 93028.108333333352 0.020703829241486015 0.55768366666666769 0.5141029999999942 0.004318377138036838 0.0058346414199484404 15.345000000001166
decision_type=2 2 2 2 2 2 2 2 2 2 2 2 2 2 2 2 2 2 2
left_child=13 6 3 4 -3 -5 7 12 -9 10 -4 -11 -2 16 -15 -16 -1 18 -18
right_child=1 2 9 5 -6 -7 -8 8 -10 11 -12 -13 -14 14 15 -17 17 -19 -20
leaf_value=0.0011555667350661447 -0.0031027073821805889 0.024125082315465209 0.041779117676324022 -0.014604973559644971 -0.0026400309812033458 0.024462156506498901 0.055991075571363264 -0.024545082960383539 -0.0031166979475484137 -0.0072309945979654794 0.0016618736591762153 0.02356777539443751 0.008319395592069196 -0.025392255891380958 0.05379214495248439 0.013290759516811489 -0.0077226231283518175 0.00068407123265527012 0.015669315326943316
leaf_weight=8439.7454068213701 2345.039931692183 54.123389855027199 15.108326599001883 16.47344645857811 276.53764846920967 129.33767750859261 5.2320600152015677 92.500297464430332 135.92833526432514 394.32420276105404 760.63054306805134 23.875105917453766 137.89572951197624 15.167453333735464 14.927280247211455 54.751046985387802 1120.0661079585552 2398.6776680499315 113.92735405266285
leaf_count=28747 9416 171 46 59 977 425 16 551 698 1335 2592 77 680 52 41 167 3834 7717 343
internal_value=1.51144e-05 -0.00123645 0.00185916 0.00734345 0.00174095 0.0200484 -0.00313992 -0.00325402 -0.0117939 -0.000329488 0.0024432 -0.00547268 -0.00246835 0.000466749 0.0135012 0.0219674 0.000375142 -0.00143801 -0.00556298
internal_weight=16544.3 4387.01 1670.41 476.472 330.661 145.811 2716.6 2711.36 228.429 1193.94 775.739 418.199 2482.94 12157.3 84.8458 69.6783 12072.4 3632.67 1233.99
internal_count=57944 17043 5682 1632 1148 484 11361 11345 1249 4050 2638 1412 10096 40901 260 208 40641 11894 4177
is_linear=0
shrinkage=0.05


Tree=149
num_leaves=20
num_cat=0
split_feature=6 11 1 11 8 8 10 10 8 14 15 9 8 15 6 8 21 11 16
split_gain=3.62585 6.66084 6.33439 8.77629 11.9009 7.74696 3.96576 11.3962 17.442 20.0713 14.1888 11.05 15.1034 15.2299 15.0903 17.2448 14.8139 13.3856 5.35874
threshold=3.4120895346675965e-06 0.0034000000000008307 93226.43700000002 0.044800000000001013 4668.5210000000015 4671.7810000000018 0.0034000000000003589 0.0048000000000003569 4751.1530000000012 19.905368675793806 -0.00022249428355269882 4674.8330000000014 4675.0210000000015 -1.0000000180025095e-35 0.0040226820600519778 4674.6430000000009 4.2713022975678809 0.00826666666666734 18.812425872185734
decision_type=2 2 2 2 2 2 2 2 2 2 2 2 2 2 2 2 2 2 2
left_child=1 -1 3 4 -3 -5 11 8 9 -8 -10 14 16 -14 15 -2 -13 -16 -9
right_child=6 2 -4 5 -6 -7 7 18 10 -11 -12 12 13 -15 17 -17 -18 -19 -20
leaf_value=-0.049556082865565745 0.0072447358179948962 0.036971158359848114 0.042219536735998202 -0.052872886403579546 -0.014517103997461703 -0.0037085778703736952 0.0012573792113332771 0.014240093862702126 -0.0030786267320456425 -0.01565218518715214 -0.09383112604454491 -0.078675026140847773 0.010720906246169691 -0.0079717558653119129 0.0055557201757339613 0.062344540844001851 -0.015341888182348383 -0.018250053319629346 6.976132602424269e-05
leaf_weight=9.4347110390663129 881.000707693398 17.683026969432831 6.4834856763482085 16.795199066400528 30.719907939434052 15.322580888867376 477.92412116378546 67.038575232028961 7.4893492907285717 277.31826824694872 10.135808095335959 10.942044071853159 185.22461548447609 264.67475363612175 120.89742977917194 14.432995051145552 59.118803083896637 115.4263232499361 13951.221034318209
leaf_count=47 3248 60 21 75 124 58 1787 219 25 1075 41 50 616 1069 420 51 243 429 48286
internal_value=1.44374e-05 -0.00965228 -0.00532512 -0.00915339 0.00429308 -0.0294178 7.11337e-05 -0.000188351 -0.00609913 -0.00495166 -0.0552682 0.00239482 -0.00363875 -0.000275943 0.00516681 0.00813286 -0.0252332 -0.0060716 0.000137527
internal_weight=16539.3 96.4389 87.0042 80.5207 48.4029 32.1178 16442.8 14791.1 772.868 755.242 17.6252 1651.72 519.96 449.899 1131.76 895.434 70.0608 236.324 14018.3
internal_count=57944 385 338 317 184 133 57559 51433 2928 2862 66 6126 1978 1685 4148 3299 293 849 48505
is_linear=0
shrinkage=0.05


Tree=150
num_leaves=20
num_cat=0
split_feature=10 1 12 4 10 20 13 13 13 12 10 12 13 8 11 12 19 17 20
split_gain=3.56448 23.5194 17.6036 14.4682 11.1006 8.1194 9.11034 12.2697 7.92561 11.5315 9.46401 7.28977 14.9705 6.0824 5.48207 5.03612 3.30161 3.24279 3.04391
threshold=5.0634000000000023 91067.938000000009 0.0099999999997635331 0.16642833333333448 3.0350000000000015 3.4899999999952347 0.0042621109016946022 0.0053766099109762372 0.015502467310695624 1.5049999999996546 1.6826000000000019 1.8049999999998365 0.013068096989269655 4756.4340000000002 2.2645333333333357 -1.7050000000003818 0.9463722173571244 6.1733800000000008 -0.029999999999290591
decision_type=2 2 2 2 2 2 2 2 2 2 2 2 2 2 2 2 2 2 2
left_child=4 2 3 -2 8 6 18 -8 11 10 -10 15 -13 -4 -3 -1 -16 -18 -6
right_child=1 14 13 -5 5 -7 7 -9 9 -11 -12 12 -14 -15 16 -17 17 -19 -20
leaf_value=-0.01632153817868125 -0.029996812763649291 0.010253112670813302 -0.083292817308280004 0.060789588730960145 -0.080855971190291684 -0.061192103365056982 0.053462701135989776 -0.017083993952571926 0.015754309549834356 0.054806009946515702 -0.050525480415133377 -0.008920223505734428 -0.097272288778982821 -0.014112854570847176 0.085708436515743669 8.0557822907616948e-05 0.018677346345431722 0.066613166992160355 -0.026170604140368443
leaf_weight=46.933985985815525 8.7640101462602669 8.5736995190382022 9.2620427906513196 8.7898509055376035 5.2757079005241394 10.828157901763914 8.0306267589330655 26.507897898554802 30.339439436793327 16.007874295115471 6.5482778996229163 33.337745264172554 5.5998395681381217 4.8363449722528449 7.0097460746765163 16282.465061768889 6.74735479056835 7.3945907205343246 4.9156600534915906
leaf_count=162 32 28 38 24 22 41 24 96 99 46 24 113 23 16 19 57076 22 21 18
internal_value=1.36467e-05 0.0120406 -0.0179538 0.0154632 -3.11549e-05 -0.0223431 -0.0129386 -0.00068103 4.43332e-05 0.0193674 0.00398837 -1.81108e-05 -0.0216266 -0.0595612 0.0439793 3.34149e-05 0.05765 0.0437422 -0.0544793
internal_weight=16538.2 61.3776 31.6522 17.5539 16476.8 55.5581 44.7299 34.5385 16421.2 52.8956 36.8877 16368.3 38.9376 14.0984 29.7254 16329.4 21.1517 14.1419 10.1914
internal_count=57944 200 110 56 57744 201 160 120 57543 169 123 57374 136 54 90 57238 62 43 40
is_linear=0
shrinkage=0.05


Tree=151
num_leaves=20
num_cat=0
split_feature=1 9 1 8 8 11 6 16 16 4 9 5 2 21 21 8 2 3 3
split_gain=3.59822 9.84564 26.0174 23.6847 21.3151 21.8167 16.6628 13.5474 24.5106 12.5567 12.0306 11.9482 11.2299 9.34664 14.2206 16.9746 24.6975 16.1411 13.7865
threshold=91003.373999999996 4674.8330000000014 92399.575000000012 4675.0210000000015 4671.693000000002 0.97283333333333577 0.0035830784696679694 19.893689837337771 19.535937206484707 0.21711833333333486 4674.9903333333341 -2.3799999999973802 93069.951000000015 1.3927061700631873 3.5857227987937841 4745.7320000000009 89557.376333333334 2.6213379999999944 0.053987999999996004
decision_type=2 2 2 2 2 2 2 2 2 2 2 2 2 2 2 2 2 2 2
left_child=13 2 6 9 11 -6 -2 8 -5 -3 -11 -4 -9 -1 15 17 -17 -15 -16
right_child=1 3 4 7 5 -7 -8 12 -10 10 -12 -13 -14 14 18 16 -18 -19 -20
leaf_value=0.0036914188400708082 -0.0044200524316580685 -0.028695677955867693 -0.0066908583503942718 -0.00043791115471223302 0.0057496853231588027 0.062430862003392706 0.052847085130821106 0.02650126211209318 -0.0094687752753934186 -0.018044373502461113 0.070349201611413226 0.0001473250620236502 0.0035010547906958612 0.0019560929695239793 0.015247181863829527 0.015841029917542999 -0.014218671833320852 -0.039761739496294704 0.00073578804678641515
leaf_weight=2068.5925159156322 18.824343174695969 115.77101304382086 740.82160780578852 4008.2229276821017 1189.4142574742436 17.222428798675537 39.056143537163734 69.256048657000065 924.66557644307613 9.2422985136508924 6.5968676656484595 4638.4151535928249 227.08458170294762 763.90620160102844 202.18565545976162 78.295323088765144 536.96497555077076 23.911974027752876 859.24395185709
leaf_count=6664 68 485 2969 13672 4278 50 113 247 3566 36 19 16931 875 2441 620 248 1793 84 2785
internal_value=1.30702e-05 -0.000440141 0.000846117 -0.00203422 0.000552788 0.0065587 0.0342222 -0.00150697 -0.00213074 -0.0229831 0.0187707 -0.000794421 0.0088763 0.00121327 -0.000866776 -0.00417023 -0.0103934 0.000689867 0.00349998
internal_weight=16537.7 12004.6 6643.75 5360.84 6585.87 1206.64 57.8805 5229.23 4932.89 131.61 15.8392 5379.24 296.341 4533.1 2464.51 1403.08 615.26 787.818 1061.43
internal_count=57944 43309 24409 18900 24228 4328 181 18360 17238 540 55 19900 1122 14635 7971 4566 2041 2525 3405
is_linear=0
shrinkage=0.05


Tree=152
num_leaves=20
num_cat=0
split_feature=11 11 16 4 14 16 20 12 5 2 14 17 16 14 2 4 2 1 8
split_gain=3.4784 10.9201 13.5459 12.8335 23.4286 11.7407 9.98757 9.7893 9.19274 9.33784 8.65445 12.1667 7.00533 27.0922 23.9895 23.0863 15.9099 23.0836 19.1865
threshold=0.0072000000000008229 0.00826666666666734 19.932756832194638 0.03054733333333429 19.909224604325306 19.84585258068967 26.409999999999403 -0.55499999999983618 -36.01000000000203 93004.716333333345 19.944693440502625 0.086394999999999958 19.878757477022422 19.903887580299791 93011.457000000024 1.024546000000002 92529.167000000001 92533.431000000026 4676.6920000000018
decision_type=2 2 2 2 2 2 2 2 2 2 2 2 2 2 2 2 2 2 2
left_child=6 2 3 4 -2 -5 7 -1 -9 -10 -4 -12 16 15 -15 -14 18 -18 -3
right_child=1 12 10 5 -6 -7 -8 8 9 -11 11 -13 13 14 -16 -17 17 -19 -20
leaf_value=-0.039959666069909951 0.01570920211394343 0.0118542522182285 -0.05816766611484412 0.021437762999310956 0.08052888448552914 -0.0061262020530034973 0.030614853742631044 -0.049109424080061026 0.0013463292536838251 -0.0063172952755403107 -0.036391850951414409 0.058523914928328924 0.010133667385661673 -0.0099913439660015684 0.0019959461703214906 -0.083706838396010216 -0.059405497476398811 -0.0039582740429182596 -7.9167076393273092e-05
leaf_weight=17.35005010664463 61.03483422845602 350.15981497615576 10.867304205894472 68.203324645757675 18.066769354045391 89.102468065917492 22.946923434734344 10.379461437463759 936.98909971863031 690.32862370833755 8.5263167992234212 5.5896413922309867 901.94899952411652 537.46975020319223 1867.774522267282 6.6020850837230673 18.94289442896843 2066.4710507541895 8845.0491322949529
leaf_count=74 227 1207 46 217 59 323 70 43 3500 2751 38 18 3163 2005 6895 28 79 7742 29459
internal_value=1.24397e-05 0.000256176 0.0103856 0.0140857 0.030514 0.00582475 -0.00214544 -0.00259965 -0.00220385 -0.00190468 -0.0246279 0.00119292 7.47559e-05 0.00209589 -0.000682703 0.00945177 -0.000518972 -0.00446193 0.000375266
internal_weight=16533.8 14855.8 261.391 236.407 79.1016 157.306 1677.99 1655.05 1637.7 1627.32 24.9833 14.116 14594.4 3313.8 2405.24 908.551 11280.6 2085.41 9195.21
internal_count=57944 51506 928 826 286 540 6438 6368 6294 6251 102 56 50578 12091 8900 3191 38487 7821 30666
is_linear=0
shrinkage=0.05


Tree=153
num_leaves=20
num_cat=0
split_feature=0 17 13 13 20 18 17 10 5 5 6 4 6 11 11 21 0 16 10
split_gain=3.54366 9.47457 8.78295 11.954 9.12813 10.4385 9.82848 7.85802 5.95844 16.6143 14.6676 11.5254 11.0164 9.287 8.78423 17.4637 15.9358 11.505 16.8494
threshold=1.0000000180025095e-35 0.035015000000000011 0.0077149889081668957 0.0097635943904551686 -0.32000000000016365 0.48792931538793044 0.033449999999999959 0.049400000000000083 1.0000000180025095e-35 0.014999999999417925 6.5833746619311059e-05 0.0076696666666661159 0.004239448048350667 0.083200000000002466 0.36863333333333476 1.4181059188013851 -1.0782457038338576e-05 18.830369909155987 0.11940000000000055
decision_type=2 2 2 2 2 2 2 2 2 2 2 2 2 2 2 2 2 2 2
left_child=8 2 4 7 5 -2 -6 -4 14 11 -11 -10 -12 -13 17 16 -16 18 -1
right_child=1 -3 3 -5 6 -7 -8 -9 9 10 12 13 -14 -15 15 -17 -18 -19 -20
leaf_value=0.0041875151439353031 -0.006973695399518285 0.00018158617173186426 0.075212747263846955 -0.021260250970950183 -0.0027006553237846776 -0.029087753482464902 -0.039089250711302946 0.011920010622576671 -0.035335326381971503 0.048988063253360206 0.004230066670285952 -0.0016416109925207615 -0.0027824214409478808 -0.012515920972704882 -0.0067172157424127167 0.016217716946027937 0.0076172003088637672 0.00027587599597675205 0.043320279839926971
leaf_weight=101.77909745275974 156.29868992418051 3229.0070011168718 10.137327298522001 10.616478741168974 865.68344739452004 81.027691178023815 18.962966345250607 9.4991919919848424 35.460478879511356 15.675067260861395 1039.962987780571 467.38760998100042 1213.6600250303745 338.56800046563148 334.14304573833942 274.8946889936924 461.9235326051712 7829.9220869466662 37.694384217262268
leaf_count=327 692 11745 30 41 4036 380 86 33 263 43 3262 2023 3860 1365 1139 852 1464 26196 107
internal_value=1.17363e-05 -0.00120736 -0.00509976 0.0214847 -0.00581659 -0.0145239 -0.00348067 0.0445948 0.000451299 -0.00143622 0.00078883 -0.00743718 0.00045358 -0.00620972 0.00110078 0.0053524 0.00160044 0.000529428 0.0147636
internal_weight=16532.3 4381.23 1152.23 30.253 1121.97 237.326 884.646 19.6365 12151.1 3110.71 2269.3 841.416 2253.62 805.956 9040.36 1070.96 796.067 7969.4 139.473
internal_count=57944 17043 5298 104 5194 1072 4122 63 40901 10816 7165 3651 7122 3388 30085 3455 2603 26630 434
is_linear=0
shrinkage=0.05


Tree=154
num_leaves=20
num_cat=0
split_feature=14 8 3 3 13 11 1 2 4 4 12 2 20 14 16 4 4 13 17
split_gain=3.46802 7.88162 8.51938 7.82426 11.3582 6.20113 4.90515 13.7346 10.5103 10.2069 12.9289 9.25695 19.7973 11.8856 11.493 8.55115 6.76039 6.28785 6.03615
threshold=19.973032524794473 4663.9220000000005 0.0018939999999992919 0.0081299999999995317 0.0017521045655238124 0.013666666666667585 93103.83100000002 93110.695666666681 0.1148559999999995 0.016905 0.47499999999990911 93081.155666666687 0.20000000000254661 19.942629906377839 19.910787398374854 0.52375733333333352 0.072060666666667481 0.0031055294987339835 0.11710000000000002
decision_type=2 2 2 2 2 2 2 2 2 2 2 2 2 2 2 2 2 2 2
left_child=6 -2 -3 5 -5 -4 11 8 16 10 -9 13 14 -1 -13 -11 -8 -15 -14
right_child=1 2 3 4 -6 -7 7 9 -10 15 -12 12 18 17 -16 -17 -18 -19 -20
leaf_value=9.7256573894661548e-05 -0.045762481968541831 -0.054498804063530859 -0.022549555025599993 0.0061897134370496303 -0.019713928920226401 0.027911684217179447 0.033814386300536257 0.020365005891539417 -0.0071337620287563828 -0.00087755835581430431 -0.045197061185398402 0.025123745037806663 0.0031422814558012082 -0.021190903154424415 -0.022893272817687042 0.034280352095375381 0.088586002234561811 -0.082891776093796235 0.042072554271112839
leaf_weight=15234.061285115778 11.879089221358297 8.0208203345537168 7.5439626723527899 85.428995966911316 83.858277469873428 31.552271366119385 19.204059571027759 110.93968652188778 11.504317477345465 659.78154953569174 8.0663679689168912 13.633181042969225 22.370725631713867 25.520422324538234 145.05278322100639 17.760470658540726 7.9727042764425269 4.9261796772480002 17.943217322230339
leaf_count=53078 54 38 33 313 337 113 65 424 39 2422 36 49 81 100 605 55 21 25 56
internal_value=1.10739e-05 -0.00610895 -0.00393225 -0.00198591 -0.00664194 0.0181747 9.67923e-05 0.00382904 0.032925 0.00241611 0.0159211 -0.000104797 -0.0108191 3.4883e-05 -0.018768 4.40392e-05 0.0498824 -0.0311739 0.0204696
internal_weight=16527 228.283 216.404 208.384 169.287 39.0962 16298.7 835.229 38.6811 796.548 119.006 15463.5 199 15264.5 158.686 677.542 27.1768 30.4466 40.3139
internal_count=57944 888 834 796 650 146 57056 3062 125 2937 460 53994 791 53203 654 2477 86 125 137
is_linear=0
shrinkage=0.05


Tree=155
num_leaves=20
num_cat=0
split_feature=15 13 12 8 10 17 5 15 18 1 14 6 12 1 20 13 4 13 12
split_gain=3.40833 8.02465 9.66715 8.06391 21.9082 6.0693 14.5707 12.5933 10.3892 12.815 9.19284 8.73765 10.3615 6.92247 6.58769 6.56627 14.0814 7.56347 5.87284
threshold=-1.0739479755494939e-05 0.015502467310695624 -1.7050000000003818 4666.0090000000009 0.4618000000000011 0.021004999999999954 -17.299999999995631 -1.073028091935768e-05 0.0073276603854482477 92309.533000000025 19.891220790782441 0.013737605970603136 -0.30499999999983624 93170.177000000011 -1.0000000180025095e-35 0.00033492324515353738 0.52375733333333352 0.00074369229616002782 2.6149999999997822
decision_type=2 2 2 2 2 2 2 2 2 2 2 2 2 2 2 2 2 2 2
left_child=1 2 -1 4 -4 6 11 13 9 -8 -10 12 -2 14 -7 16 -9 -17 -5
right_child=5 -3 3 18 -6 7 8 15 10 -11 -12 -13 -14 -15 -16 17 -18 -19 -20
leaf_value=-0.04441094969373139 -0.082850430382796436 0.026813506453715937 0.011213462434616309 0.00046917928474279137 -0.038077056754017895 -0.10065608110537727 0.096295034224093176 0.0049996861624729792 -0.0046650550510684823 0.0048155452875222769 0.001359778055916013 0.031131908587142681 -0.023419665114113739 -0.010561063352742248 -0.023509778725797899 -0.0083872321327220483 -0.013532616947970267 -1.4055514854644354e-05 -0.045472370876414273
leaf_weight=11.825672373175619 8.6602058410644513 29.677104949951172 346.45096944272518 6369.2166539356112 24.112402454018593 5.9822810292243958 5.931043520569804 1230.2741143777966 1598.8138774633408 10.798598453402517 1048.2548979148269 5.9595335423946372 47.890321806073189 12.311768248677252 5.1489648967981356 283.98415344208479 111.81681531667709 5361.891050092876 6.9638813734054557
leaf_count=45 38 94 1191 21743 94 24 16 4316 6176 41 4140 18 189 40 17 1017 388 18331 26
internal_value=1.04553e-05 0.000870473 0.000756556 0.000835726 0.00800615 -0.00058907 -0.00259089 0.000189317 -0.00203095 0.0372471 -0.00227919 -0.0264525 -0.032521 -0.0363959 -0.0649706 0.000312051 0.00345566 -0.000435221 0.000419003
internal_weight=16526 6788.25 6758.57 6746.74 370.563 9737.72 2726.31 7011.41 2663.8 16.7296 2647.07 62.5101 56.5505 23.443 11.1312 6987.97 1342.09 5645.88 6376.18
internal_count=57944 23193 23099 23054 1285 34751 10618 24133 10373 57 10316 245 227 81 41 24052 4704 19348 21769
is_linear=0
shrinkage=0.05


Tree=156
num_leaves=20
num_cat=0
split_feature=4 19 16 9 13 2 5 17 21 15 4 15 13 6 13 11 9 5 2
split_gain=3.46827 12.3058 11.777 22.6887 13.2274 12.5302 11.1642 6.97885 11.7552 11.7457 9.24481 11.1677 9.11786 7.52859 7.05238 13.753 8.10062 6.50627 6.06503
threshold=0.0602699999999994 0.0052129296756650368 18.842623585798425 4762.9646666666677 0.0041931239043225188 90609.622666666677 1.0000000180025095e-35 0.084209999999999965 0.00087586914868542675 1.0844246300933948e-05 0.061894666666666674 -0.0010456085923871148 0.0077149889081668957 3.4120895346675965e-06 0.0030565532493972728 0.41040000000000171 4710.7746666666681 4.7300000000032023 92823.715333333341
decision_type=2 2 2 2 2 2 2 2 2 2 2 2 2 2 2 2 2 2 2
left_child=1 -1 4 5 6 -4 -3 8 9 18 11 -10 -12 -9 15 -15 -16 -5 -2
right_child=7 2 3 17 -6 -7 -8 13 10 -11 12 -13 -14 14 16 -17 -18 -19 -20
leaf_value=0.087254205207597524 -0.099111086664845097 -0.023300322478279574 0.0098979271400012683 0.079050027851668064 0.019834208501833917 -0.0015578840337683599 -0.083658532167929178 -0.049156770553703412 0.069114982424113125 0.023599620933866534 0.0014642185249942334 0.012051827569356086 0.014371328436999876 -0.0030215758547658851 0.0051833547008245532 0.01066076188538825 -0.00039954798444487755 0.019553265722601694 -0.023997440797201317
leaf_weight=3.9458222687244406 6.6970310509204882 33.347015589475632 250.20867465436459 10.88661250472069 13.305522873997687 5187.8324722088873 9.946179658174513 7.9553614854812613 9.8938293755054456 4.9403158128261557 4381.8755592107773 64.284874394536018 141.23833328485489 2953.2583481669426 899.9997400790453 195.83998656272888 2336.6055014133453 7.9508996903896323 4.4886380136013031
leaf_count=11 29 117 794 28 42 19722 41 36 29 16 14837 218 441 10175 3065 636 7665 25 17
internal_value=9.9154e-06 -0.00101321 -0.00107638 -0.000841038 -0.0237669 -0.00103079 -0.037167 0.00052277 0.00200491 -0.04061 0.00215439 0.0196628 0.00186725 -0.000546685 -0.000486126 -0.00217068 0.00115288 0.0539378 -0.0689691
internal_weight=16524.5 5517.42 5513.48 5456.88 56.5987 5438.04 43.2932 11007.1 4613.42 16.126 4597.29 74.1787 4523.11 6393.66 6385.7 3149.1 3236.61 18.8375 11.1857
internal_count=57944 20780 20769 20569 200 20516 158 37164 15587 62 15525 247 15278 21577 21541 10811 10730 53 46
is_linear=0
shrinkage=0.05


Tree=157
num_leaves=20
num_cat=0
split_feature=12 4 17 6 14 5 13 2 11 6 17 6 11 19 7 9 10 21 10
split_gain=3.25161 9.01872 12.4651 10.3417 11.5567 13.6577 9.42027 14.6154 7.96309 7.41607 14.248 11.0449 7.25656 6.68937 10.4365 7.98923 7.80402 17.473 11.6675
threshold=0.019999999999981814 1.230724000000001 2.0192050000000008 0.020703829241486015 19.238370518198966 38.905000000006119 0.0057541255065506622 89793.63866666668 0.46510000000000079 0.001919872747381758 0.026105000000000007 0.0057631297758427543 0.33160000000000256 0.99900385084297783 0.0010549524750658181 4664.570333333334 1.0625000000000018 3.3800534457407934 0.94210000000000094
decision_type=2 2 2 2 2 2 2 2 2 2 2 2 2 2 2 2 2 2 2
left_child=13 3 6 9 5 -5 7 -3 -4 10 -2 -11 -8 16 15 -15 18 -18 -1
right_child=1 2 8 4 -6 -7 12 -9 -10 11 -12 -13 -14 14 -16 -17 17 -19 -20
leaf_value=-0.00042213127146037156 -0.0025146862002206638 0.064885695212945946 0.00086989482383305079 -0.023394203476373859 0.032844133683794428 -0.11150815513283484 0.065276813868378913 0.0031236808083606026 -0.057369010508073262 -0.003283397377665977 0.0057956427163291463 0.002779263226867318 0.0096954501253044278 -0.05093753715888482 -0.051763289948286634 -0.0041451271263090554 0.0032302639855935501 0.040855389110806495 -0.024019730675768527
leaf_weight=10401.006796080619 777.52807796746492 11.469762116670607 26.072551921010017 21.910686597228054 6.5502316653728476 5.5020467489957801 18.824124738574032 58.098673552274704 7.5746010839939109 1796.351443246007 1532.0744286328554 1291.2292290627956 8.5349003374576551 9.5776719450950605 13.51256290078163 191.77159939706326 257.55476906895638 35.057011470198631 52.646987080574036
leaf_count=36869 2924 30 84 74 22 23 51 190 28 6170 5319 4182 27 40 56 694 865 105 191
internal_value=9.43483e-06 0.000994125 0.0139795 0.000681933 -0.0268224 -0.0410797 0.0230815 0.0133064 -0.0122408 0.00085501 0.00299797 -0.000747987 0.0479377 -0.000490201 -0.00922563 -0.00637092 -0.000315544 0.00773803 -0.000540974
internal_weight=16522.8 5561.72 130.575 5431.15 33.963 27.4127 96.9275 69.5684 33.6472 5397.18 2309.6 3087.58 27.359 10961.1 214.862 201.349 10746.3 292.612 10453.7
internal_count=57944 19124 410 18714 119 97 298 220 112 18595 8243 10352 78 38820 790 734 38030 970 37060
is_linear=0
shrinkage=0.05


Tree=158
num_leaves=20
num_cat=0
split_feature=21 18 10 9 9 21 1 4 16 17 4 11 4 9 10 7 21 13 3
split_gain=3.26134 9.41716 12.0281 14.5885 8.99126 8.95377 8.3395 8.12366 6.63884 8.22084 6.87645 13.1084 12.6224 6.48085 4.6049 12.2556 11.7001 10.4728 10.9332
threshold=0.0014263321607884737 0.087804086569388276 0.33410000000000178 4671.0443333333342 4668.3026666666674 0.0013617296415319067 90973.433000000005 0.045454666666666609 19.930194681796813 0.041525000000000006 0.0089739999999999022 0.062566666666668283 0.0098373333333343568 4666.7930000000006 2.2118000000000015 -0.017094179527860073 2.7653895002896998 0.015502467310695624 0.70304999999999362
decision_type=2 2 2 2 2 2 2 2 2 2 2 2 2 2 2 2 2 2 2
left_child=1 2 3 4 -1 -5 -4 -8 10 13 11 -3 -12 -10 17 -16 -17 -2 -19
right_child=14 8 6 5 -6 -7 7 -9 9 -11 12 -13 -14 -15 15 16 -18 18 -20
leaf_value=-0.027499924181330838 0.0001746061993723782 0.017609086320755304 -0.047505918495610838 -0.031213593082435289 0.014534458577161187 -0.089813186292276637 0.015484130506760641 -0.011505919345322916 0.033516581717120873 -0.053970044787845742 0.077274085068669715 -0.042743108284612114 0.0048863969473034192 -0.024309453246775761 0.053407428610561004 -0.013371825440366893 0.032417546731253903 0.03980125269268104 -0.019931689809449472
leaf_weight=21.377802774310112 15684.833892572671 15.891760937869547 8.6042404919862729 61.844594240188599 31.41957937926054 7.2866735607385626 63.093138232827187 49.952301539480686 8.1285771951079422 11.484294086694716 6.157355234026908 20.738042131066322 274.24257620424032 11.996080800890921 7.9771824628114691 179.93394902348518 15.123450100421904 31.518962815403938 10.120231404900549
leaf_count=89 54902 67 33 257 118 36 223 183 29 49 21 98 954 52 22 634 46 96 35
internal_value=9.04325e-06 -0.00363431 -0.0111776 -0.0222758 -0.00248538 -0.0373902 -5.39016e-05 0.00355782 0.00163582 -0.0202153 0.00381445 -0.0165594 0.00647597 -0.000952863 0.000144494 -0.00733737 -0.00982162 0.000241087 0.0252834
internal_weight=16521.7 592.217 243.578 121.929 52.7974 69.1313 121.65 113.045 348.639 31.609 317.03 36.6298 280.4 20.1247 15929.5 203.035 195.057 15726.5 41.6392
internal_count=57944 2209 939 500 207 293 439 406 1270 130 1140 165 975 81 55735 702 680 55033 131
is_linear=0
shrinkage=0.05


Tree=159
num_leaves=20
num_cat=0
split_feature=10 1 12 21 10 5 7 17 12 8 17 13 12 10 12 13 11 12 6
split_gain=3.27201 21.245 15.6155 14.5934 9.83389 7.50292 11.8076 8.18814 6.76787 6.27573 6.25272 6.08909 10.7398 8.09055 6.46591 12.926 5.2107 4.29594 3.1562
threshold=5.0634000000000023 91067.938000000009 0.014999999999872672 0.25424299989245774 3.0350000000000015 -0.014999999999417922 -0.0055124746647039471 0.49140999999999996 0.86500000000023658 4756.4340000000002 1.6136100000000002 0.015502467310695624 1.5049999999996546 1.6826000000000019 1.8049999999998365 0.013068096989269655 2.2645333333333357 -1.7050000000003818 0.0031650809132174594
decision_type=2 2 2 2 2 2 2 2 2 2 2 2 2 2 2 2 2 2 2
left_child=4 2 3 -2 11 6 -6 -8 10 -4 -7 14 13 -13 17 -16 -3 -1 -18
right_child=1 16 9 -5 5 8 7 -9 -10 -11 -12 12 -14 -15 15 -17 18 -19 -20
leaf_value=-0.015077606529523252 -0.056266503963391779 0.0092102992898172829 -0.083538920444743592 0.042582520992160949 0.063996605768531972 -0.073385345005990352 0.017591001903034247 -0.059926661500108259 -0.0044401282063616177 -0.012401043865213103 -0.02198490957012272 0.013414246212699366 0.052066191035467738 -0.047715909821244608 -0.0083925439641399507 -0.089587097050502884 0.036179188472994929 7.4916183332971267e-05 0.075047997045659315
leaf_weight=46.911520056426525 5.2933989316225114 8.5475829243659991 8.5733569115400297 12.672766521573065 5.7739510685205486 13.013082727789881 6.7868125885725004 6.8398724496364594 12.36779175698757 4.8564929515123358 10.849626317620276 29.843068078160286 15.453391194343565 6.611787036061286 33.347292944788933 5.7464248538017264 10.478660523891451 16266.310133174062 10.412703096866606
leaf_count=162 22 28 35 37 16 55 22 26 42 16 40 99 46 24 113 23 33 57076 29
internal_value=8.55315e-06 0.011583 -0.0170288 0.0134585 -3.42255e-05 -0.0210207 0.00407252 -0.0213187 -0.0344575 -0.0578141 -0.0500152 3.69451e-05 0.0171347 0.00232712 -1.73295e-05 -0.0203274 0.0420969 3.13425e-05 0.0555522
internal_weight=16520.7 60.835 31.396 17.9662 16459.9 55.6311 19.4006 13.6267 36.2305 13.4298 23.8627 16404.2 51.9082 36.4549 16352.3 39.0937 29.4389 16313.2 20.8914
internal_count=57944 200 110 59 57744 201 64 48 137 51 95 57543 169 123 57374 136 90 57238 62
is_linear=0
shrinkage=0.05


Tree=160
num_leaves=20
num_cat=0
split_feature=0 0 14 16 12 10 11 0 6 8 15 0 3 16 6 4 3 0 6
split_gain=3.26777 9.09088 9.68849 11.3565 9.89223 9.46283 7.11827 6.04885 7.61593 16.618 10.2524 6.94582 16.8852 6.85766 5.54635 9.78367 6.87488 6.41575 14.26
threshold=1.0000000180025095e-35 1.0744601408596567e-05 19.928508617368667 19.929161869352409 0.31500000000005463 0.0010000000000000031 0.044800000000001013 1.1173121938767851e-05 0.008700421409180965 4674.6430000000009 0.0031887374447703292 1.0746003697992281e-05 0.025919999999993573 19.918277778128413 0.020703829241486015 0.55768366666666769 0.5141029999999942 -1.1010532946498229e-05 0.016576691680213848
decision_type=2 2 2 2 2 2 2 2 2 2 2 2 2 2 2 2 2 2 2
left_child=14 2 5 -4 -5 -2 -7 11 10 -10 -9 12 -3 -13 17 -16 -17 -1 -19
right_child=1 7 3 4 -6 6 -8 8 9 -11 -12 13 -14 -15 15 16 -18 18 -20
leaf_value=-0.0021994899648133865 0.055155218613216095 0.066799051040246443 0.074016594661160048 -0.012405781068956566 0.021729642058784818 -0.021916011795281947 -0.064883133952789565 0.010783213194811275 0.02490934922215177 -0.0064983604168469197 0.00072537971442038576 -0.0019273808787882405 -0.0098605569624486446 -0.015059590244143559 -0.023309597846245797 0.051585120411847089 0.012997819081516411 0.00098342349196713823 -0.029139674732065593
leaf_weight=2060.4594276174903 2.9096053987741461 12.258814901113512 4.3462380096316329 156.33562814444304 24.557731330394745 25.496621537953615 15.498609051108359 369.51838503777981 46.519374042749405 444.91839574277401 806.09615288674831 2347.2916203141212 17.348768129944801 103.80879421532154 15.063773930072783 14.635971114039419 54.620263054966927 9958.8812382817268 39.44357331097126
leaf_count=7424 14 56 19 848 111 170 95 1285 147 1505 2745 9407 83 558 52 41 167 33082 135
internal_value=8.19901e-06 -0.00116311 -0.010858 -0.00585264 -0.00777162 -0.031976 -0.0381601 -0.000627516 0.00170172 -0.00352531 0.00388675 -0.00219277 0.0218798 -0.00248356 0.000430391 0.0132093 0.0211525 0.000341035 0.000864587
internal_weight=16520 4376.9 229.144 185.24 180.893 43.9048 40.9952 4147.76 1667.05 491.438 1175.61 2480.71 29.6076 2451.1 12143.1 84.32 69.2562 12058.8 9998.32
internal_count=57944 17043 1257 978 959 279 265 15786 5682 1652 4030 10104 139 9965 40901 260 208 40641 33217
is_linear=0
shrinkage=0.05


Tree=161
num_leaves=20
num_cat=0
split_feature=2 8 10 21 21 9 1 9 14 21 5 3 21 6 8 6 6 17 7
split_gain=3.18608 13.1805 15.8496 15.7959 15.2076 10.5092 10.4738 9.22258 15.7001 8.80263 17.2128 15.9887 17.4628 16.9844 14.6615 21.194 13.7358 12.8779 12.7865
threshold=91003.476666666669 4730.8410000000013 5.0634000000000023 0.0092736781672323586 5.3070590210695894 4746.7826666666679 90988.003000000012 4730.563000000001 19.292589529916491 1.5061134190324623 -47.944999999999702 0.053987999999996004 2.1476776704982883 0.0069959237345522283 4755.523000000001 0.0082081976152685535 0.0031650809132174594 0.086394999999999958 -0.0095007964847293441
decision_type=2 2 2 2 2 2 2 2 2 2 2 2 2 2 2 2 2 2 2
left_child=9 6 3 5 -5 -3 -2 -8 -9 10 -1 12 13 -11 16 -16 -13 -14 -12
right_child=1 2 -4 4 -6 -7 7 8 -10 11 18 14 17 -15 15 -17 -18 -19 -20
leaf_value=0.057161314490769735 0.0553052763965751 0.00035289438847079218 0.061725890115903709 -0.014544287053085192 0.0061700477492309912 0.039204494901510852 -9.5255630636650087e-05 0.042370118247075601 -0.0032353781951113265 -0.024431575243724364 -0.01001790664445109 0.021541006269605038 0.022345742434748347 0.022086287039041252 -0.018892560800787349 0.0025627041168881613 -0.001456063400480617 0.0010006491814212011 0.0041456552349400065
leaf_weight=14.785051599144934 8.575289458036421 285.12001731991768 8.5466714650392515 535.50464723259211 106.17245219647884 18.53740693628788 10947.566742002964 34.411814630031586 41.788490206003189 66.047736093401909 172.95894953608513 68.153518065810204 183.0887518376112 27.915939524769783 292.21033670008183 189.90847438573837 1373.0840204060078 115.07512341439724 2024.9284580945969
leaf_count=40 24 1024 27 1940 360 57 39621 107 151 228 576 214 547 83 1002 610 4440 372 6521
internal_value=7.69248e-06 -0.000419169 -0.00605791 -0.00667074 -0.0111169 0.00272467 6.83692e-05 2.54009e-05 0.0173599 0.00113761 0.00339278 -0.00101742 0.00818436 -0.0106114 -0.00289344 -0.0104412 -0.000368574 0.0141077 0.00303108
internal_weight=16514.4 11986.2 953.881 945.335 641.677 303.657 11032.3 11023.8 76.2003 4528.16 2212.67 2315.48 392.128 93.9637 1923.36 482.119 1441.24 298.164 2197.89
internal_count=57944 43311 3408 3381 2300 1081 39903 39879 258 14633 7137 7496 1230 311 6266 1612 4654 919 7097
is_linear=0
shrinkage=0.05


Tree=162
num_leaves=20
num_cat=0
split_feature=4 18 5 16 8 17 5 0 0 3 4 21 7 10 17 12 8 3 3
split_gain=3.21834 11.3671 11.9542 17.4025 18.8438 15.2438 9.24551 19.9508 15.9145 6.45648 15.0519 20.2274 16.2465 12.0628 15.1605 12.6973 11.3844 11.3731 11.0053
threshold=0.0602699999999994 0.99376584492631537 -0.014999999999417922 19.072928126569746 4749.5480000000007 0.80935000000000012 -1.0000000180025095e-35 -1.0729916521956538e-05 -1.0000000180025095e-35 0.1791939999999963 0.16228633333333428 1.0488394404712256 -0.0040677124262367128 0.082800000000002275 1.0023050000000002 -1.0250000000000907 4661.7410000000009 0.19104899999999655 0.16841999999999316
decision_type=2 2 2 2 2 2 2 2 2 2 2 2 2 2 2 2 2 2 2
left_child=1 2 3 4 -1 -5 8 -8 -4 13 11 12 -11 18 15 -15 -12 -18 -2
right_child=9 -3 6 5 -6 -7 7 -9 -10 10 16 -13 -14 14 -16 -17 17 -19 -20
leaf_value=0.049646675884923268 0.0028250847380524146 0.063670248441032556 -0.0020724574251178721 -0.01459823383345539 -0.0020695819360817 0.016248202892572155 0.0060747642542653812 -0.0032717744068681376 0.0093729445546319803 -0.022389321442279498 0.064134787109732569 -0.01251911669571926 0.0063733491300697557 0.015891094585187181 0.0065370178739109445 -0.0038117935204802287 -0.017592816848662662 0.00086662714940089402 0.018316047442118934
leaf_weight=24.625609114766121 3720.0240784734488 6.7909684628248206 622.31105427443981 430.71374142169952 61.860427141189575 44.158033490180969 703.77508643269539 3025.2149840183556 593.25979785621166 57.430426776409149 7.025970220565795 569.236911021173 338.28861063718796 85.251228600740433 519.66386723518372 2002.2036820352077 85.4813392162323 3496.8638211861253 118.29940465092659
leaf_count=70 12724 22 2012 1844 209 170 2177 12483 1793 208 20 2057 1146 271 1713 6800 294 11550 381
internal_value=7.39684e-06 -0.000978631 -0.00105837 -0.00797284 0.0126559 -0.0117298 -0.000273366 -0.0015078 0.00351348 0.00050156 -0.000939527 -0.00648334 0.00219904 0.00151983 -0.00110474 -0.00300713 0.000550857 0.000426151 0.00330253
internal_weight=16512.5 5512.71 5505.92 561.358 86.486 474.872 4944.56 3728.99 1215.57 10999.8 4554.33 964.956 395.719 6445.44 2607.12 2087.45 3589.37 3582.35 3838.32
internal_count=57944 20780 20758 2293 279 2014 18465 14660 3805 37164 15275 3411 1354 21889 8784 7071 11864 11844 13105
is_linear=0
shrinkage=0.05


Tree=163
num_leaves=20
num_cat=0
split_feature=3 21 11 11 11 8 1 10 21 4 11 17 4 5 6 18 6 6 12
split_gain=3.18151 7.94842 7.4175 12.9579 16.9012 10.9542 8.93826 8.51026 5.93653 6.12127 6.70262 9.6488 5.43244 14.3633 12.839 11.8803 4.71682 14.437 11.7579
threshold=2.0662379999999931 23206145.955612201 0.53156666666666919 0.29500000000000209 0.12066666666666923 4735.7200000000012 90560.820000000022 0.30080000000000101 99385297.772507414 0.94905133333333336 0.0031333333333341405 0.11957500000000001 0.83278833333333446 26.705000000009026 0.0044066309806538939 0.17810701190820374 0.0043615702761107657 0.0055047965346950731 -1.0250000000000907
decision_type=2 2 2 2 2 2 2 2 2 2 2 2 2 2 2 2 2 2 2
left_child=8 2 3 4 -2 -4 -7 -5 12 10 -10 -12 16 14 -14 -15 18 -18 -1
right_child=1 -3 5 7 -6 6 -8 -9 9 -11 11 -13 13 15 -16 -17 17 -19 -20
leaf_value=0.013676795899469822 0.0075249402866655636 -0.047077574038718498 -0.080106459515374526 0.0031415142720697641 -0.027974009219036856 -0.041724977231012178 0.042286776269269653 0.052861429425110164 0.077924557845130124 -0.023095770117677921 -0.0095067937918745585 0.035264337539477497 -0.010428696926985857 -0.063275606014145017 0.012754240998724204 -0.0067753762967882828 -0.0058468565377609799 0.00025425949638773762 0.00023608434625264666
leaf_weight=165.21816713362932 80.282884612679482 11.236303985118864 7.5542596578598049 17.959372296929359 57.575425684452057 7.0865141153335554 5.7227438688278198 16.525860965251923 4.8317203372716895 8.8658436238765699 20.948872461915016 28.279506161808968 72.08365386724472 10.880796462297438 348.25862412154675 64.201264441013336 1341.0609452053905 3500.6710503697395 10737.252662047744
leaf_count=553 262 48 30 57 200 25 16 45 13 32 71 84 253 41 1094 214 4639 11495 38772
internal_value=7.01206e-06 -0.00619928 -0.00381576 -0.00044383 -0.00730091 -0.0323536 -0.00419136 0.0269681 8.46522e-05 0.0154125 0.0217279 0.0162122 2.52592e-05 0.00518053 0.00877865 -0.0149633 -0.000136962 -0.00143563 0.000439768
internal_weight=16506.5 203.943 192.707 172.344 137.858 20.3635 12.8093 34.4852 16302.6 62.9259 54.0601 49.2284 16239.6 495.424 420.342 75.0821 15744.2 4841.73 10902.5
internal_count=57944 683 635 564 462 71 41 102 57261 200 168 155 57061 1602 1347 255 55459 16134 39325
is_linear=0
shrinkage=0.05


Tree=164
num_leaves=20
num_cat=0
split_feature=21 8 14 8 11 10 20 18 13 7 13 9 13 3 4 5 11 11 14
split_gain=3.19009 8.7877 22.1261 13.2069 12.2764 11.1374 9.02908 9.71042 7.22261 6.40406 5.54421 4.67004 4.23922 8.0613 10.9854 12.4981 12.1434 9.3647 12.0443
threshold=0.0014263321607884737 4665.2110000000011 19.871709362368119 4666.8610000000017 0.27130000000000248 0.0049999999999999793 1.2900000000067851 0.087804086569388276 0.0036915586731044044 -0.0031627487348528933 0.0068306313302535495 4665.6170000000011 0.010618494528639361 0.91790399999999372 0.22678766666666866 -12.299999999995633 2.2645333333333357 0.57546666666666868 19.178330631308182
decision_type=2 2 2 2 2 2 2 2 2 2 2 2 2 2 2 2 2 2 2
left_child=1 2 4 10 -1 -4 7 -5 -7 -8 11 -3 -2 14 15 -14 -16 -15 -19
right_child=12 3 5 6 -6 8 9 -9 -10 -11 -12 -13 13 17 16 -17 -18 18 -20
leaf_value=0.10642786893591848 3.4646569445690553e-05 -0.090899696148451725 -0.062063557128021356 -0.013323906430151362 0.018452549300952241 0.055968726175889896 0.0058010094443834634 0.0012083111189292518 -0.0085294992974365904 0.056129585103576365 0.0026650311953535298 -0.034431823346722137 0.038454637172973753 -0.0346579274113267 0.025713375035791592 -0.01087412909543046 -0.021574119692117606 0.040028487242462468 -0.037997826698468365
leaf_weight=8.4246304184198362 15650.32369107008 4.1848608031868926 7.2488867491483715 192.98068951070309 7.4917658343911162 6.0397889763116863 16.375852443277839 284.2957950681448 15.427349291741846 10.293955981731413 9.0250048935413343 29.277005195617676 15.391237914562224 23.513398766517639 111.19784006476402 77.48273578286171 15.464667648077009 13.366761893033983 7.8506499528884879
leaf_count=22 54880 20 36 750 28 19 56 1024 63 31 34 126 45 82 340 267 54 39 28
internal_value=6.72798e-06 -0.00360018 0.0177319 -0.00534257 0.0650183 -0.0084775 -0.00308554 -0.00466761 0.00961711 0.0252267 -0.0321137 -0.0414939 0.000140688 0.00642062 0.0103625 -0.00269928 0.0199399 -0.0129258 0.011158
internal_weight=16505.7 591.066 44.6324 546.433 15.9164 28.716 503.946 477.276 21.4671 26.6698 42.4869 33.4619 15914.6 264.267 219.536 92.874 126.663 44.7308 21.2174
internal_count=57944 2209 168 2041 50 118 1861 1774 82 87 180 146 55735 855 706 312 394 149 67
is_linear=0
shrinkage=0.05


Tree=165
num_leaves=20
num_cat=0
split_feature=16 4 9 2 20 8 4 3 10 4 11 4 6 21 11 10 5 1 1
split_gain=3.17659 13.8873 11.7209 14.4686 9.28192 9.08257 11.0535 10.8547 9.92167 8.92466 8.84716 8.68888 7.38317 7.42768 7.08043 5.9206 5.30195 5.06557 10.8825
threshold=18.822415266616872 0.097409333333333362 4760.4666666666681 89557.376333333334 0.1900000000000546 4764.5710000000008 0.22993800000000189 0.19492199999999635 0.16080000000000058 0.39359300000000075 0.28393333333333548 0.08551033333333341 0.0032369459577663994 0.69583076151286638 0.037000000000000928 0.24860000000000035 -0.010000000002037266 89525.388000000021 89553.077000000005
decision_type=2 2 2 2 2 2 2 2 2 2 2 2 2 2 2 2 2 2 2
left_child=1 11 3 9 15 17 8 -8 16 -3 -6 12 13 -1 -5 -4 -7 -2 -19
right_child=5 2 4 14 10 6 7 -9 -10 -11 -12 -13 -14 -15 -16 -17 -18 18 -20
leaf_value=-0.0078721922062816429 0.022279641560566735 -0.0023638238646683397 0.033161738534580674 -0.0014835458028418635 0.036879902133744681 -0.044025957039787525 0.05908267929786655 -0.030377110197601444 0.0069412901379362173 0.026092606037930999 -0.028242147859431244 -0.065553782948080355 0.023226181498216408 -0.074976146334005497 -0.073434139987669331 0.082791372076795364 -0.10154816286973273 -0.026668318841483712 1.1988647268938115e-05
leaf_weight=14.899803414940836 25.435858428478241 61.185528934001923 13.606651708483698 5.8717551231384268 12.644731909036638 10.901504501700403 6.341860279440878 7.2869070172309875 6.5970440804958335 50.125835761427879 8.8766143471002561 8.3730901926755887 11.747448742389677 5.7018947899341574 8.1863231062889081 10.762473627924917 6.3331665694713619 38.310120716691017 16191.130744572729
leaf_count=50 79 201 41 19 38 44 17 25 21 158 31 33 36 22 32 26 26 133 56912
internal_value=6.40336e-06 0.00608767 0.0123281 0.00441428 0.0339483 -7.2721e-05 -0.0246644 0.0112511 -0.0452036 0.0104507 0.0100199 -0.020157 -0.00840677 -0.0264444 -0.0433819 0.0550804 -0.0651634 -1.60478e-05 -5.09911e-05
internal_weight=16504.3 211.982 171.26 125.369 45.8905 16292.3 37.4605 13.6288 23.8317 111.311 21.5213 40.7222 32.3491 20.6017 14.0581 24.3691 17.2347 16254.9 16229.4
internal_count=57944 687 546 410 136 57257 133 42 91 359 69 141 108 72 51 67 70 57124 57045
is_linear=0
shrinkage=0.05


Tree=166
num_leaves=20
num_cat=0
split_feature=16 1 21 14 21 16 16 20 9 14 5 8 1 14 8 14 20 16 12
split_gain=3.17109 21.955 34.9634 33.6921 22.5143 19.7668 18.8344 15.4187 15.8596 17.5617 16.6532 13.7732 13.7135 22.0825 21.4743 17.69 14.1032 12.2302 12.1574
threshold=19.878757477022422 92938.799000000014 31433153.828769777 19.906023103193551 1.6095345529538678 19.893689837337771 19.890411103368407 8.5999999999976371 4671.1406666666671 19.892788508624331 3.4650000000037839 4668.9590000000017 92824.241000000024 19.875674093578667 4661.2590000000009 19.874601463642914 -0.069999999997889958 19.877575787187954 0.35500000000001825
decision_type=2 2 2 2 2 2 2 2 2 2 2 2 2 2 2 2 2 2 2
left_child=12 2 3 6 -5 11 -2 8 10 -10 -3 -4 13 14 -1 -14 -15 -17 -9
right_child=1 7 5 4 -6 -7 -8 18 9 -11 -12 -13 15 16 -16 17 -18 -19 -20
leaf_value=0.065660339648357588 0.0063412352841216019 -0.0040488053389163871 -0.03231938369524269 0.0012822883107531037 -0.07302615855399941 -0.068662449987979032 0.022361643079259464 -0.0083179290772793981 -0.012732625965607078 0.0056824744334072952 0.017501005135095286 0.031522375211707941 -0.027845765240112837 -0.054662015689975613 -8.403393493803949e-05 0.041071297741298099 -0.012740894881085414 -0.0241171565869822 -0.045516867207154962
leaf_weight=12.433732047677038 403.51575750112534 1630.152058430016 21.336447030305862 22.145363926887512 18.88723024725914 20.606190472841263 336.41374273598194 289.65478087961674 142.08262317627668 1458.0985726416111 94.867055490612984 13.986030966043471 92.877616591751575 24.538806945085526 11757.435876362026 18.766058452427387 109.99170842021704 11.669010899960996 23.766675025224686
leaf_count=35 1453 6302 84 84 78 84 1122 972 616 5393 298 45 392 107 40262 62 421 47 87
internal_value=6.14059e-06 0.00114235 0.00844448 0.0111794 -0.0329218 -0.0297447 0.013625 -0.000537151 0.000462115 0.00404737 -0.00286368 -0.00704107 -0.000416644 -0.000244813 -1.45813e-05 -0.0170049 -0.0203874 0.0160776 -0.0111387
internal_weight=16503.2 4475.51 836.891 780.962 41.0326 55.9287 739.93 3638.62 3325.2 1600.18 1725.02 35.3225 12027.7 11904.4 11769.9 123.313 134.531 30.4351 313.421
internal_count=57944 16618 2950 2737 162 213 2575 13668 12609 6009 6600 129 41326 40825 40297 501 528 109 1059
is_linear=0
shrinkage=0.05


Tree=167
num_leaves=20
num_cat=0
split_feature=10 10 0 4 5 6 4 20 1 18 18 0 3 1 1 8 14 16 6
split_gain=3.05685 9.39348 8.76257 7.91259 10.9263 7.79091 7.64834 10.0171 7.32864 7.24109 5.99946 5.02797 4.4187 13.4142 25.1011 19.6762 13.4296 22.6064 16.115
threshold=0.0029999999999999996 0.0012000000000009327 -0.0077538966109569332 0.47298066666666855 -1.0650000000023281 6.2208238072864736e-06 0.30601633333333439 -19.110000000000124 90947.532000000021 0.1689750657415153 0.9916691734445412 1.0739713329765978e-05 0.024005999999999382 92649.997000000018 92622.955000000016 4667.2610000000013 19.847817187343107 19.842445449832702 1.0130082899677218e-05
decision_type=2 2 2 2 2 2 2 2 2 2 2 2 2 2 2 2 2 2 2
left_child=1 3 10 6 -5 9 7 -1 -7 -4 -3 -8 13 14 15 -2 17 -15 -18
right_child=12 2 5 4 -6 8 11 -9 -10 -11 -12 -13 -14 16 -16 -17 18 -19 -20
leaf_value=-0.059242489836682746 0.01570054393935694 0.017407150413837821 0.083390664247216958 4.6656339454207014e-05 -0.078198477181585901 0.030647327529496171 0.008035200650682835 -0.0013725951796060613 0.0026706468906508856 0.018486677292867206 0.080087012117194267 0.055996526834404453 0.00040289338772174933 -0.022346308490721889 -0.023971610125187188 -0.0039859691366388719 -0.0023710958399573942 0.045747233431327791 0.0066784168722155944
leaf_weight=7.7051832079887381 135.41977567970753 8.1892508864402753 6.0285581499338177 10.023334190249445 8.0409854203462583 26.002968281507492 13.740629971027376 253.47824613749981 234.59547547996044 14.964638054370878 7.1515339165925971 9.0725510865449888 11334.386199004948 17.489527851343155 148.96936985850334 2023.1624889858067 1461.7720371708274 40.215824250131845 741.49475035071373
leaf_count=34 510 29 19 33 32 77 45 930 849 52 19 27 38547 70 611 7371 5894 139 2656
internal_value=5.82899e-06 0.00351227 0.00982753 -0.00269576 -0.0347827 0.00782273 -0.000654787 -0.00307982 0.00546221 0.037125 0.0466271 0.0271089 -0.000126244 -0.00143902 -0.00412088 -0.00275093 0.00129809 0.0251092 0.000674457
internal_weight=16501.9 598.993 296.932 302.061 18.0643 281.592 283.997 261.183 260.598 20.9932 15.3408 22.8132 15902.9 4568.52 2307.55 2158.58 2260.97 57.7054 2203.27
internal_count=57944 2146 1045 1101 65 997 1036 964 926 71 48 72 55798 17251 8492 7881 8759 209 8550
is_linear=0
shrinkage=0.05


Tree=168
num_leaves=20
num_cat=0
split_feature=11 11 16 4 14 16 20 12 14 3 19 14 17 18 21 16 14 2 4
split_gain=3.14845 9.96363 12.0118 11.7641 20.636 10.7079 9.06139 8.78767 8.52282 11.5643 9.55488 7.82549 10.9862 6.87606 6.36133 5.9285 21.9147 21.5105 20.8327
threshold=0.0072000000000008229 0.00826666666666734 19.932756832194638 0.03054733333333429 19.909224604325306 19.84585258068967 26.409999999999403 -0.55499999999983618 19.927780852413871 2.0662379999999931 0.065591668541486597 19.944693440502625 0.086394999999999958 0.77288121603331061 8.826516835173809 19.878757477022422 19.903887580299791 93011.457000000024 1.024546000000002
decision_type=2 2 2 2 2 2 2 2 2 2 2 2 2 2 2 2 2 2 2
left_child=6 2 3 4 -2 -5 7 13 9 -9 -10 -4 -13 -1 -8 -3 18 -18 -17
right_child=1 15 11 5 -6 -7 14 8 10 -11 -12 12 -14 -15 -16 16 17 -19 -20
leaf_value=-0.016587774339866326 0.015143276333846677 -0.00048245131684248894 -0.05526740677557665 0.020404938369028021 0.075756045269284977 -0.005955292974846798 0.069248743945826016 -0.00036358675837094389 -0.03234428825983398 -0.071214703502621435 -0.0061478504120291129 -0.034691029804992862 0.055570233970873018 -0.084712648726186224 0.011782871644356221 0.0091943722896129284 -0.0094012627326664489 0.0019633179699421271 -0.080492249175463298
leaf_weight=11.735780589282514 60.925832413136959 11260.954886477441 10.757512912154199 68.004075899720192 18.248069182038307 88.873430125415325 6.9298592358827618 1400.0532964356244 42.890237227082253 5.78301928192377 184.72056054323912 8.4311565160751325 5.6172907352447501 5.4121179431676856 15.786046952009199 899.92593334615231 536.20496133714914 1863.1393727436662 6.5217780023813239
leaf_count=50 227 38487 46 217 59 323 19 5372 177 27 718 38 18 24 51 3163 2005 6895 28
internal_value=5.50559e-06 0.000237521 0.00992304 0.0134012 0.0291134 0.00547148 -0.00205044 -0.00248208 -0.00210828 -0.000655038 -0.0110842 -0.0231747 0.00140006 -0.0380889 0.0293138 6.40754e-05 0.00192578 -0.000576436 0.00854909
internal_weight=16500.9 14827.6 260.857 236.051 79.1739 156.878 1673.31 1650.6 1633.45 1405.84 227.611 24.806 14.0484 17.1479 22.7159 14566.7 3305.79 2399.34 906.448
internal_count=57944 51506 928 826 286 540 6438 6368 6294 5399 895 102 56 74 70 50578 12091 8900 3191
is_linear=0
shrinkage=0.05


Tree=169
num_leaves=20
num_cat=0
split_feature=14 8 3 11 10 16 1 14 11 21 11 2 12 10 14 8 16 4 3
split_gain=3.05368 7.2073 7.68982 7.47496 11.4494 7.42947 4.63209 11.5362 9.04503 8.39467 7.5959 7.36715 12.6214 10.5782 7.74319 13.9103 8.64549 6.29877 4.54905
threshold=19.973032524794473 4663.9220000000005 0.0018939999999992919 0.074866666666667928 0.088400000000002504 19.983232513278598 93270.007000000027 19.963723483323502 0.040033333333334586 0.065779624291627661 0.1024000000000006 93247.371000000014 -0.23000000000001816 0.029200000000003262 19.963723483323502 4665.0750000000016 19.955970275175684 0.10137133333333334 0.010847999999999285
decision_type=2 2 2 2 2 2 2 2 2 2 2 2 2 2 2 2 2 2 2
left_child=6 18 -3 4 -4 -5 11 9 -9 -8 -10 14 -13 -14 16 -16 -1 -11 -2
right_child=1 2 3 5 -6 -7 7 8 10 17 -12 12 13 -15 15 -17 -18 -19 -20
leaf_value=9.4417494269799203e-05 -0.07339264663113497 -0.052097122926947126 -0.00046961126044769443 -0.024847996918644845 0.042533490685150617 0.0087904836542802792 0.083636088618054244 0.02814085752112206 -0.066931951032635981 0.04205594681408209 0.0024713291356442571 0.038081717379411802 -0.0028773171267985429 -0.066705484589765704 -0.036114909159723173 0.042186714644909307 -0.02324394338787816 -0.018501994584242992 -0.011068108059786847
leaf_weight=16115.532668355852 6.1855335831642133 7.8977536261081687 113.61436900496483 52.296205900609493 17.919622346758842 23.923302181065083 7.3667913973331478 10.153425812721254 7.9155845344066602 12.155735284090044 7.8541941195726395 6.6413822621107093 11.463118314743044 14.966244429349898 7.3277926445007315 25.101580694317818 39.779532298445702 6.639133855700492 5.5591190233826637
leaf_count=56479 31 38 437 216 57 86 21 34 35 37 30 23 41 65 30 82 156 23 23
internal_value=5.17752e-06 -0.00574892 -0.00367157 -0.00183067 0.00538895 -0.0142898 8.55847e-05 0.0149726 -0.00866672 0.0383964 -0.0323654 3.77828e-05 -0.0235374 -0.0390215 8.59456e-05 0.0244936 3.6951e-05 0.0206643 -0.0438925
internal_weight=16500.3 227.396 215.651 207.753 131.534 76.2195 16272.9 52.0849 25.9232 26.1617 15.7698 16220.8 33.0707 26.4294 16187.7 32.4294 16155.3 18.7949 11.7447
internal_count=57944 888 834 796 494 302 57056 180 99 81 65 56876 129 106 56747 112 56635 60 54
is_linear=0
shrinkage=0.05


Tree=170
num_leaves=20
num_cat=0
split_feature=0 19 11 18 12 12 10 1 2 7 11 18 12 12 17 19 1 14 8
split_gain=3.06539 16.1628 12.4193 8.15095 14.4321 12.99 19.1646 11.6998 25.1125 12.7451 10.6182 7.77006 9.59402 9.27813 7.75995 7.38172 13.2251 9.36003 16.0508
threshold=-1.0000000180025095e-35 0.53067675177599327 0.0018666666666674995 0.078632594971563038 0.24500000000034564 0.36500000000023652 0.005000000000000007 92725.823000000019 91724.635333333354 0.0038587566455694504 0.85600000000000243 0.49698188926483117 0.30999999999994549 -1.7050000000003818 0.0062450000000000014 0.9009008772285807 93114.899000000019 19.941087602796664 4672.3350000000019
decision_type=2 2 2 2 2 2 2 2 2 2 2 2 2 2 2 2 2 2 2
left_child=1 11 -3 4 7 6 -6 8 -2 -9 -7 12 -1 -13 -15 17 -17 -5 -19
right_child=3 2 -4 15 5 10 -8 9 -10 -11 -12 13 -14 14 -16 16 -18 18 -20
leaf_value=-0.011237372316136919 -0.0024156824378474134 0.042221142207316188 0.0035579713937261195 0.00045114481155826515 -0.068792901006579046 0.0021462264057942578 0.017618073602392224 0.0023112083258494775 -0.01531725689562574 -0.025395792802988777 -0.020335690993370917 -0.053754974034099602 -0.067785993204648412 0.027360651345387479 -0.001364107466527559 0.0051848576023444956 0.046504252519121443 -0.013291383671400502 0.013949098750534622
leaf_weight=55.221769422292709 1127.0618805140257 20.943936869502068 2505.8490750938654 7475.4628338143229 6.6425588503479949 442.75694521516562 188.58183604478836 721.06227656453848 566.88933238387108 44.040505990386009 59.58839850127697 8.3940498083829862 8.6795222461223585 23.727057188749313 2591.9475279897451 287.51020660623908 20.764235869050026 277.27813654392958 67.177898265421391
leaf_count=188 3845 60 8066 26486 30 1529 633 2815 2312 178 217 33 34 70 8957 1044 72 1132 243
internal_value=4.85668e-06 0.00100741 0.00387844 -0.000458426 -0.00261474 0.00373292 0.0146779 -0.00441541 -0.00673326 0.00071635 -0.000520587 -0.00169147 -0.0189182 -0.00127197 -0.00110354 0.00037899 0.00796798 7.98189e-05 -0.00797878
internal_weight=16499.6 5214.76 2526.79 11284.8 3156.62 697.57 195.224 2459.05 1693.95 765.103 502.345 2687.97 63.9013 2624.07 2615.67 8128.19 308.274 7819.92 344.456
internal_count=57944 17408 8126 40536 11559 2409 663 9150 6157 2993 1746 9282 222 9060 9027 28977 1116 27861 1375
is_linear=0
shrinkage=0.05


Tree=171
num_leaves=20
num_cat=0
split_feature=5 6 11 13 21 3 0 21 12 14 8 5 21 3 10 9 3 11 13
split_gain=3.00212 13.8937 10.1509 13.057 15.4055 14.0746 12.9533 13.1528 8.14322 9.23484 10.8869 7.07255 21.1205 17.853 17.5901 17.4136 13.8491 13.1287 23.582
threshold=1.0000000180025095e-35 7.1669063645151974e-06 0.13453333333333567 0.000142935144696482 1.0133210815047502 0.53246399999999594 -0.016204196020119795 3.3800534457407934 -1.0000000180025095e-35 19.263527426552429 4684.1850000000004 -0.014999999999417922 0.41138409102112367 0.7749269999999967 0.42880000000000013 4671.0443333333342 0.047058999999999067 0.10086666666666756 0.00091947702405667314
decision_type=2 2 2 2 2 2 2 2 2 2 2 2 2 2 2 2 2 2 2
left_child=11 8 6 5 -5 -4 -3 -8 -2 -10 -11 12 14 16 15 -1 -13 -14 -19
right_child=1 2 3 4 -6 -7 7 -9 9 10 -12 13 17 -15 -16 -17 -18 18 -20
leaf_value=0.0044175134398509687 -0.025526027872452728 0.048080952133835717 0.022286454433103932 0.00044032183073323939 -0.0084890342468045936 -0.02365275105828768 0.0033513705121919848 -0.0029578468077403057 -0.047385549952467243 -0.0076961768940879407 0.033064718639724343 0.0003227632051922408 -0.0028191746836891711 -0.043867548812368533 0.0064263809273059445 -0.025939794293863113 0.0056291549176857216 0.018227707152779448 0.00093846128871862477
leaf_weight=61.074815988540649 79.851879790425301 14.690254330635069 88.549140766263008 941.08121012896299 992.40928167104721 20.540376752614975 2247.9254185035825 1305.9623976349831 12.69552008807659 146.15069895982742 18.449672125279903 4703.7536753937602 2001.5541143417358 21.558533772826195 90.375334940850735 208.52705550193787 1664.7899205684662 223.97097761929035 1651.751374438405
leaf_count=261 445 40 293 3335 3305 70 8042 4595 55 799 73 16351 7354 79 326 829 5420 747 5525
internal_value=4.54547e-06 -0.000903182 -0.000382362 -0.00319332 -0.00414288 0.0136366 0.00122657 0.0010329 -0.0122679 -0.00629655 -0.00312738 0.000505782 -0.00107822 0.00155613 -0.0126635 -0.0190627 0.0017099 -2.61745e-06 0.00300289
internal_weight=16495.7 5868.31 5611.16 2042.58 1933.49 109.09 3568.58 3553.89 257.148 177.296 164.6 10627.4 4237.25 6390.1 359.977 269.602 6368.54 3877.28 1875.72
internal_count=57944 21052 19680 7003 6640 363 12677 12637 1372 927 872 36892 15042 21850 1416 1090 21771 13626 6272
is_linear=0
shrinkage=0.05


Tree=172
num_leaves=20
num_cat=0
split_feature=2 1 9 2 13 3 10 3 3 9 16 9 8 4 8 5 1 11 8
split_gain=2.99709 19.3009 12.3884 14.9837 13.6921 12.0258 11.9988 11.1385 9.78025 7.45674 10.9013 14.1516 22.6789 11.236 21.004 11.9951 9.40248 10.7468 13.6191
threshold=90948.149666666679 90938.480000000025 4709.5210000000015 90938.870999999999 0.0031055294987339835 0.030554999999993417 0.03000000000000036 0.057711999999996703 0.57334099999999633 4724.0510000000004 19.306962566353501 4712.5536666666676 4713.5530000000008 0.40375200000000155 4708.0090000000009 7.0250000000014561 91324.26400000001 0.047533333333333636 4726.1070000000009
decision_type=2 2 2 2 2 2 2 2 2 2 2 2 2 2 2 2 2 2 2
left_child=1 2 6 7 -5 -3 -1 -4 -7 10 11 -2 -13 15 -15 -12 17 18 -11
right_child=9 5 3 4 -6 8 -8 -9 -10 16 13 12 -14 14 -16 -17 -18 -19 -20
leaf_value=-0.010170276971068197 -0.051135658781205379 -0.027936925818782779 0.0051915007926957683 -0.089482067975675178 -0.0050342572206467182 0.038678699138272751 0.069623421375969607 -0.00099716739448142016 -0.01214619495715441 -0.039661654208568591 0.0010556361783418161 0.063329359485327252 0.0069131019234228725 -0.0012399481120854228 -0.01915124994455044 -0.0044781445508086624 -0.014403049946227708 -0.003750873255280496 0.0079444846747785576
leaf_weight=7.5213715136051205 9.8666246235370618 9.6479399949312192 1005.1085483878851 8.7935553491115588 10.56887313723564 65.270024821162224 12.610237821936606 2628.2639371603727 11.070827960968016 15.720264390110968 8089.602018892765 18.65392504632473 395.47594468295574 700.07017473131418 213.6220618635416 1114.1370705962181 167.40467849373817 1671.1056584566832 338.80346471071243
leaf_count=29 36 34 3199 36 34 200 36 8511 37 59 29973 51 1284 2392 736 3669 653 5814 1161
internal_value=4.24689e-06 0.00124484 0.000696623 0.000481045 -0.0433867 0.0246609 0.0398117 0.000714819 0.0313082 -0.00036194 0.000189917 0.00804434 0.0094543 -0.000139242 -0.00542763 0.000385757 -0.0030146 -0.00207342 0.00583354
internal_weight=16493.3 3758.86 3672.87 3652.73 19.3624 85.9888 20.1316 3633.37 76.3409 12734.5 10541.4 423.996 414.13 10117.4 913.692 9203.74 2193.03 2025.63 354.524
internal_count=57944 12116 11845 11780 70 271 65 11710 237 45828 38141 1371 1335 36770 3128 33642 7687 7034 1220
is_linear=0
shrinkage=0.05


Tree=173
num_leaves=20
num_cat=0
split_feature=11 13 4 12 13 13 1 4 14 9 20 17 18 13 6 14 4 9 15
split_gain=3.01617 14.8957 19.0356 21.2431 14.7432 9.92384 12.0305 11.8001 10.2582 15.4867 14.7602 8.53559 13.8977 9.3554 8.20276 14.6942 12.0748 13.6427 11.3774
threshold=0.36863333333333476 0.0025558125700477293 0.095048333333334872 0.26499999999987273 0.0024377450598191941 0.0030098538623210525 89846.216 0.22678766666666866 18.822511980936287 4753.1856666666672 -24.63499999999885 0.86645000000000005 0.072512647147202666 0.0023748041083769059 0.011676126079509207 18.834392596287348 0.16006633333333434 4668.568000000002 1.1053181991904639e-05
decision_type=2 2 2 2 2 2 2 2 2 2 2 2 2 2 2 2 2 2 2
left_child=14 2 11 4 -4 6 -3 -8 10 -10 -7 12 -2 -13 -1 -16 18 -18 -17
right_child=1 5 3 -5 -6 8 7 -9 9 -11 -12 13 -14 -15 15 16 17 -19 -20
leaf_value=2.0570028256874438e-05 0.025590881757254692 -0.064180020993176823 0.020471542101723861 -0.044523792328929848 0.077752273747618089 -0.036100522404879203 -0.020989083890721058 0.024632687580484591 0.0012466228841978993 -0.020321626916750567 0.049868795835597259 -0.030730964783080024 -0.0069754798900472292 0.0368020404712164 0.032773526560547515 -0.083866331313760978 0.034796094079982645 -0.0069880260816548787 0.004142183894602719
leaf_weight=13651.730412051082 50.00116353482008 11.598177433013914 202.79010106623173 12.071182563900946 11.892266303300856 6.4600579887628582 56.107545271515846 18.964386701583862 1496.4570908248425 88.129184603691101 21.982654854655266 36.483058705925941 95.008520856499672 5.9670217633247367 24.329325929284096 9.6283728629350644 20.124293699860573 667.34114666283131 5.9364432394504538
leaf_count=48429 170 44 638 45 31 24 205 59 5047 300 65 140 345 19 74 39 60 2191 19
internal_value=4.16995e-06 0.00176765 0.0102698 0.0200157 0.0236446 -0.000304317 -0.0167863 -0.00946429 0.000581283 4.70717e-05 0.030343 -0.00151882 0.00425381 -0.0212381 -0.000255084 -0.00542881 -0.00675086 -0.00576487 -0.0502998
internal_weight=16493 2113.91 414.213 226.754 214.682 1699.7 86.6701 75.0719 1613.03 1584.59 28.4427 187.46 145.01 42.4501 14379.1 727.36 703.03 687.465 15.5648
internal_count=57944 7132 1388 714 669 5744 308 264 5436 5347 89 674 515 159 50812 2383 2309 2251 58
is_linear=0
shrinkage=0.05


Tree=174
num_leaves=20
num_cat=0
split_feature=12 4 17 6 14 5 3 14 15 18 15 10 4 9 2 16 9 6 1
split_gain=3.00657 8.29972 11.237 9.2385 10.5106 11.6539 8.84709 10.128 9.77172 7.37549 7.81716 6.84337 10.2408 8.21488 6.16405 30.8127 24.7408 27.7871 16.7866
threshold=0.019999999999981814 1.230724000000001 2.0192050000000008 0.020703829241486015 19.238370518198966 38.905000000006119 2.0662379999999931 19.142239827970805 -0.0079399966154358719 0.99774923320592135 0.0067236190883446243 0.28580000000000144 0.050452333333333085 4666.9403333333339 90609.622666666677 19.123040920073482 4742.9813333333341 0.0033422500828544899 90453.392000000022
decision_type=2 2 2 2 2 2 2 2 2 2 2 2 2 2 2 2 2 2 2
left_child=14 3 6 11 5 -5 8 -8 -3 10 -4 13 -13 -2 16 -16 17 -1 -19
right_child=1 2 9 4 -6 -7 7 -9 -10 -11 -12 12 -14 -15 15 -17 -18 18 -20
leaf_value=0.045241981779982093 0.0087777693505930038 -0.00094475528050136511 -0.0088727076240067062 -0.022578069825279073 0.031879696491855833 -0.10398945078451294 0.026822163475849828 -0.037007103407141972 0.041826683966358587 0.036740967443033505 -0.074363775131980003 0.0062999049339970293 -0.004808987307415716 0.0010815163193762189 -0.045538653368232353 -0.00078989447735405111 -0.00058873000504284839 0.025334624525311513 -0.002062405670444965
leaf_weight=61.405536130070686 381.86789713799953 17.807541236281395 21.461827084422115 21.866843059659008 6.4786035865545264 5.5018443912267676 13.088928550481798 11.833283528685568 53.392150163650513 6.4344787895679465 5.7845079600810996 263.53266090899706 975.028116568923 3767.3111994415522 38.629259556531906 9258.632900249213 1337.4327365309 86.481266602873802 158.16660830378532
leaf_count=174 1372 57 71 74 22 23 39 43 159 19 22 938 3284 13001 140 33402 4332 260 512
internal_value=4.04912e-06 0.00095179 0.0134464 0.000652647 -0.0253878 -0.038944 0.0221547 -0.00348453 0.0311292 -0.0114063 -0.0227767 0.00081624 -0.00244531 0.00178984 -0.000476839 -0.000975821 0.00234592 0.0151701 0.00762225
internal_weight=16492.1 5551.39 129.803 5421.59 33.8473 27.3687 96.1219 24.9222 71.1997 33.6808 27.2463 5387.74 1238.56 4149.18 10940.7 9297.26 1643.49 306.053 244.648
internal_count=57944 19124 410 18714 119 97 298 82 216 112 93 18595 4222 14373 38820 33542 5278 946 772
is_linear=0
shrinkage=0.05


Tree=175
num_leaves=20
num_cat=0
split_feature=13 10 10 10 8 21 9 10 4 7 15 10 1 3 12 10 8 18 7
split_gain=3.04583 13.4392 10.4175 9.88564 9.39451 14.1192 9.73769 8.68856 9.7556 7.71877 7.15801 6.79131 7.88709 9.49841 6.73427 6.69524 4.91212 4.44673 4.5186
threshold=0.0080170951448915485 0.0088000000000003596 0.83820000000000161 0.0035999999999998221 4743.5750000000007 0.48435644776492098 4731.4253333333354 1.0625000000000018 0.15232233333333436 0.019407482150868297 0.0075121621447959983 5.0634000000000023 91067.938000000009 0.10801599999999432 1.4450000000001639 2.2118000000000015 4737.7970000000014 0.15222368360330388 0.021516286614764461
decision_type=2 2 2 2 2 2 2 2 2 2 2 2 2 2 2 2 2 2 2
left_child=9 3 4 -2 6 -6 -3 8 -4 11 -9 14 13 -13 15 -1 -16 18 -11
right_child=1 2 7 -5 5 -7 -8 10 -10 17 -12 12 -14 -15 16 -17 -18 -19 -20
leaf_value=-0.00010937112616190393 0.0020784481150336997 -0.0001464881325487435 -0.055241022405350816 0.062883213352251832 -0.036364226548983122 0.0030683791073071376 0.014237490970182804 -0.0084396573374280384 -0.0089199109300050587 -0.032254040484702547 0.01418339796897539 -0.047687477822327753 0.054224473479098589 0.03379522273485782 0.0061964300895124558 -0.012428793638323186 0.043177019008858154 -0.055207398291127585 0.010400037153055708
leaf_weight=15431.015632323921 11.526538446545603 201.37101199477911 18.069762989878654 15.912615090608595 31.18494625389576 83.43859700858593 283.05136866867542 127.54675778001547 30.642082437872887 14.100076630711555 48.169483721256256 6.0914805382490185 12.422812938690184 8.6626469194889051 22.346650511026382 111.08126499503851 15.012091636657713 8.546964079141615 11.094536185264587
leaf_count=54403 39 686 72 47 113 268 891 441 103 53 153 24 37 27 76 398 44 33 36
internal_value=3.95642e-06 0.0029172 0.00177017 0.0373406 0.00521237 -0.00765982 0.00825817 -0.00741779 -0.0261028 -0.000154538 -0.00223795 -0.000102891 0.02487 0.00015377 -0.000146454 -0.00019742 0.0210566 -0.0240432 -0.0134712
internal_weight=16491.3 850.913 823.474 27.4392 599.046 114.624 484.422 224.428 48.7118 15640.4 175.716 15606.6 27.1769 14.7541 15579.5 15542.1 37.3587 33.7416 25.1946
internal_count=57944 2813 2727 86 1958 381 1577 769 175 55131 594 55009 88 51 54921 54801 120 122 89
is_linear=0
shrinkage=0.05


Tree=176
num_leaves=20
num_cat=0
split_feature=11 21 12 14 21 17 6 8 16 13 20 10 11 9 4 4 3 6 16
split_gain=2.95032 13.8014 16.0187 13.2105 18.9622 11.138 9.2763 12.7168 20.6749 9.39323 13.2626 8.23642 8.03725 12.9433 11.7019 23.9886 15.6567 10.9947 14.9188
threshold=0.36863333333333476 1.7465998459776084 1.1100000000001276 18.838845596216547 2.6298855866678061 0.039594999999999957 6.1191081256766592e-06 4722.3530000000019 19.511433146294575 0.011107844842847837 -13.275000000002818 0.42880000000000013 0.21200000000000049 4665.390666666668 0.028144000000000752 0.023583999999999394 0.012637999999996275 0.0017773347991240356 19.859433016260827
decision_type=2 2 2 2 2 2 2 2 2 2 2 2 2 2 2 2 2 2 2
left_child=12 6 3 4 -3 -5 7 8 -2 10 -8 -9 -1 17 15 -15 -16 18 -14
right_child=1 2 -4 5 -6 -7 9 11 -10 -11 -12 -13 13 14 16 -17 -18 -19 -20
leaf_value=0.00017875021937872708 0.12680107808381841 0.023765715418830942 -0.069867706516709177 0.030682876417607943 -0.05224425953040325 0.0090547174642692328 -0.018965261792648277 0.018760178149593236 0.019862425482043762 0.0099158856183644006 -0.0010727970762252476 -0.061438217370651964 0.040557860876759361 -0.00072341784550875228 -0.022524889078314986 0.041747953636607722 -0.0028290056364307726 -0.069500007533821781 -0.036452240125371002
leaf_weight=12688.913938511163 5.1335402131080619 14.248108938336371 6.3261608928441992 70.861760601401329 19.346343249082565 372.10658502578735 112.60524748265743 6.0008848756551725 37.801391668617725 170.61998930573463 1290.5803925246 6.8626546710729599 8.8411471992731112 146.79756740480661 109.07218807190657 42.981478646397591 1346.6432483941317 12.735711008310316 21.785844780504704
leaf_count=45000 13 44 24 217 73 1187 396 21 139 557 4433 28 29 559 412 136 4525 56 95
internal_value=3.82255e-06 0.00174859 0.00917281 0.010222 -0.0200068 0.0125146 -0.000451371 0.0195832 0.0326486 -0.00116169 -0.00250866 -0.0240254 -0.000252533 -0.0034929 -0.00278233 0.00889557 -0.00430476 -0.030457 -0.0142216
internal_weight=16490.3 2112.49 482.889 476.563 33.5945 442.968 1629.6 55.7985 42.9349 1573.81 1403.19 12.8635 14377.8 1688.86 1645.49 189.779 1455.72 43.3627 30.627
internal_count=57944 7132 1545 1521 117 1404 5587 201 152 5386 4829 49 50812 5812 5632 695 4937 180 124
is_linear=0
shrinkage=0.05


Tree=177
num_leaves=20
num_cat=0
split_feature=15 8 10 3 21 13 12 2 10 11 21 8 6 2 11 11 17 13 9
split_gain=2.97196 6.8128 18.8171 13.2906 15.2531 7.36433 11.8135 8.10991 10.5814 6.0671 5.86068 5.71073 13.7392 16.6326 15.5506 13.0642 7.92489 7.69196 6.21264
threshold=-1.0739479755494939e-05 4666.0090000000009 0.4618000000000011 0.014093999999996243 2.1838639897130885 0.013068096989269655 -1.7050000000003818 91027.663000000015 0.20620000000000074 0.13103333333333508 0.00099432987561109639 4664.572000000001 0.0029839874040336225 92603.88966666667 0.12680000000000238 0.0042666666666675707 0.010354999999999953 0.0034351954716425699 4665.0990000000011
decision_type=2 2 2 2 2 2 2 2 2 2 2 2 2 2 2 2 2 2 2
left_child=1 2 3 9 -5 6 -3 8 -7 -1 -8 12 13 17 -15 -14 -17 -2 -13
right_child=11 5 -4 4 -6 7 10 -9 -10 -11 -12 18 15 14 -16 16 -18 -19 -20
leaf_value=0.0019273761497406155 0.020257976398795181 -0.057144967581333028 -0.035406705004355429 0.027327789636328204 0.0016540314646852844 0.056581219950214735 -0.014159614003311408 0.042154680382104313 -0.0097217815804970589 -0.027115778491544847 0.00050388739137857772 0.013723328834180979 -0.084116360568456117 0.0020161301427320225 -0.028488617960162672 0.0050241719163143196 -0.028342998528755131 0.085080823929561109 -0.00043906717228362125
leaf_weight=82.433771021664143 13.417920514941217 8.9486232548952085 23.991250857710838 142.33088105171919 97.470434010028839 7.5557237267494193 68.890754625201225 21.881062865257263 29.5576151907444 22.99867756664753 6266.3990208059549 78.08729549497366 8.1313303112983686 190.64891125261784 53.502976626157761 26.172027289867401 55.594848781824112 6.9450867325067511 9284.2749420963228
leaf_count=286 44 36 94 469 344 22 252 67 101 92 21430 285 36 758 240 94 209 21 33064
internal_value=3.62244e-06 0.000807666 0.00741177 0.0103873 0.0168923 0.000426858 0.000263345 0.018011 0.00377652 -0.004408 0.000344435 -0.000556785 -0.00678685 -0.00104773 -0.00466862 -0.0236736 -0.0176628 0.0423667 -0.000320945
internal_weight=16489.2 6772.46 369.225 345.234 239.801 6403.23 6344.24 58.9944 37.1133 105.432 6335.29 9716.78 354.413 264.515 244.152 89.8982 81.7669 20.363 9362.36
internal_count=57944 23193 1285 1191 813 21908 21718 190 123 378 21682 34751 1402 1063 998 339 303 65 33349
is_linear=0
shrinkage=0.05


Tree=178
num_leaves=20
num_cat=0
split_feature=4 16 9 13 13 18 5 11 5 11 8 4 3 8 17 21 6 15 2
split_gain=2.93922 10.3495 20.704 11.7393 10.5888 10.2728 10.4015 6.37506 21.9655 10.8191 23.7997 20.9972 9.80663 9.73235 9.59168 10.8451 9.1777 7.2187 6.31837
threshold=0.0602699999999994 18.842623585798425 4762.9646666666677 0.0041931239043225188 0.0013033663912327962 0.99376584492631537 -0.014999999999417922 0.0034000000000008307 -0.014999999999417922 0.0058666666666675827 4666.0090000000009 0.068293666666666766 0.0057289999999977003 4666.5110000000013 1.6136100000000002 34395241.278557472 0.0012417647694884543 0.00020138130748525998 93030.891000000018
decision_type=2 2 2 2 2 2 2 2 2 2 2 2 2 2 2 2 2 2 2
left_child=1 3 5 4 -1 6 -3 8 14 10 11 -9 16 -12 15 -2 -10 -14 -11
right_child=7 2 -4 -5 -6 -7 -8 9 12 18 13 -13 17 -15 -16 -17 -18 -19 -20
leaf_value=0.00050254116281386592 -0.0068676946186836049 -0.0075753214727076789 0.05186450871769345 0.018944495992576322 -0.052253704809457985 0.060761480963385656 -0.00024977749698547541 -0.073132996432059019 -0.048121024998481247 0.00017969962024893784 -0.070797208267574935 0.039575272727902733 0.022936281030845444 -0.012390454827188152 0.053478712420035983 -0.046758671078942882 0.018813106925764614 0.0024409992353198792 0.0047569382806698602
leaf_weight=14.170424729585646 61.871532700955868 537.97619542479515 18.655068084597588 13.22506310045719 28.928162783384323 6.7461886852979651 4881.0759489387274 4.6603526026010504 11.421704061329367 9503.8770611956716 7.3218183144927016 36.467943228781223 172.12061535567045 275.59754896908998 4.9880202859640113 23.513271808624268 9.2841047048568708 57.25359308719635 818.90534314513206
leaf_count=47 256 2220 53 42 111 22 18285 20 52 31797 35 118 563 1036 16 103 34 197 2937
internal_value=3.43e-06 -0.000940053 -0.000719463 -0.0222631 -0.0349079 -0.000900258 -0.000977021 0.000475784 0.00721096 0.000260414 -0.00873557 0.026804 0.0148457 -0.013902 -0.0139158 -0.0178529 -0.018109 0.0178205 0.000542812
internal_weight=16488.1 5500.78 5444.45 56.3237 43.0986 5425.8 5419.05 10987.3 340.453 10646.8 324.048 41.1283 250.08 282.919 90.3728 85.3848 20.7058 229.374 10322.8
internal_count=57944 20780 20580 200 158 20527 20505 37164 1221 35943 1209 138 846 1071 375 359 86 760 34734
is_linear=0
shrinkage=0.05


Tree=179
num_leaves=18
num_cat=0
split_feature=5 7 13 11 5 10 18 8 10 0 10 21 8 0 11 0 18
split_gain=2.90764 12.9121 9.20935 11.2495 4.82139 12.5081 8.52476 8.06129 3.85021 3.64488 11.7934 11.8665 11.3446 11.0366 14.4867 7.39959 2.2297
threshold=-68.730000000003187 -0.001903036090028509 0.0035458168388753492 0.052133333333335703 -58.995000000002612 0.050400000000000632 0.96325656496702561 4738.1080000000011 0.22500000000000031 -0.0090635708120678764 0.21800000000000119 0.63004343484449754 4729.1390000000019 -1.1171496788753286e-05 0.00406666666666763 -1.0724268861839191e-05 0.9520124715829037
decision_type=2 2 2 2 2 2 2 2 2 2 2 2 2 2 2 2 2
left_child=1 -1 3 -3 5 16 7 -7 -4 10 11 -6 -12 14 -11 -15 -2
right_child=4 2 8 -5 9 6 -8 -9 -10 13 12 -13 -14 15 -16 -17 -18
leaf_value=-0.042442731281439848 -0.085635392373153263 0.043181073348652427 0.025347266854235363 -0.04530787768657904 -0.050778462831965555 0.051909298390114648 -0.05284146640757547 -0.014111294671473122 0.074657540773211906 -0.041005494598704853 -0.02249491042049595 0.0088722979769294188 0.0024396416938841179 0.002209232050869773 -0.0042829036568355168 -0.00042788981537463991 -0.039127295651025164
leaf_weight=8.1071826070547086 5.6811917126178724 7.2458689659833926 6.7613885849714306 7.1218930929899216 8.4872596412897092 8.8498728871345573 5.6288617998361579 9.6821367591619474 9.5500522404909116 27.653297573328018 72.136376768350601 472.22677576541901 124.0849225372076 3479.3005115389824 931.53633271157742 11296.797500487417 4.7166285663843155
leaf_count=29 23 21 20 26 35 25 21 32 24 146 264 1619 400 11024 3624 40593 18
internal_value=3.19769e-06 0.013677 0.028507 -0.000681628 -2.90492e-05 -0.0186851 0.00104822 0.0174165 0.0542175 1.02343e-05 0.00360269 0.00781913 -0.00672699 -0.000144314 -0.00534161 0.000193068 -0.0645385
internal_weight=16485.6 38.7864 30.6792 14.3678 16446.8 34.5587 24.1609 18.532 16.3114 16412.2 676.935 480.714 196.221 15735.3 959.19 14776.1 10.3978
internal_count=57944 120 91 47 57824 119 78 57 44 57705 2318 1654 664 55387 3770 51617 41
is_linear=0
shrinkage=0.05


Tree=180
num_leaves=20
num_cat=0
split_feature=16 4 9 2 4 10 3 20 11 8 4 17 10 8 10 13 10 5 1
split_gain=2.90585 12.3129 10.655 12.8861 8.98614 8.52202 8.49352 8.37549 8.0955 7.98231 9.6774 9.58353 9.19114 7.95524 6.32127 6.23779 5.39752 4.66368 4.51726
threshold=18.822415266616872 0.097409333333333362 4760.4666666666681 89557.376333333334 0.13212966666666767 0.013600000000000802 0.046134999999998379 0.1900000000000546 0.28393333333333548 4764.5710000000008 0.22993800000000189 0.041525000000000006 0.16080000000000058 4758.3800000000001 0.057800000000002856 0.0024850802374484495 0.24860000000000035 -0.010000000002037266 89525.388000000021
decision_type=2 2 2 2 2 2 2 2 2 2 2 2 2 2 2 2 2 2 2
left_child=1 5 3 4 -3 -1 15 16 -9 18 12 -12 17 -8 -5 -7 -4 -11 -2
right_child=9 2 7 14 -6 6 13 8 -10 10 11 -13 -14 -15 -16 -17 -18 -19 -20
leaf_value=0.026037457885826232 0.021139459782547637 0.053257327324643403 0.031726365218561432 -0.0094696673777375073 0.0052263858604363429 -0.023199322633161507 0.039630722088536026 0.035607871523511969 -0.026866414120092247 -0.041846145068466942 0.051355058352206641 -0.032852921964094617 0.0076906329203973297 -0.034375651075763 -0.076737196969355048 -0.083202477899051247 0.079428766422788982 -0.095980381817569585 -5.2428194381455532e-05
leaf_weight=8.368188723921774 25.185475990176201 10.789718255400656 13.492443904280664 7.4600438922643644 99.906159147620201 8.3419965803623217 6.3275850117206565 12.493391543626787 8.8646639883518201 10.772824048995973 6.9684170931577665 6.5590625554323196 6.5856018662452689 8.5215397179126722 6.5667527765035629 9.0090053230524045 10.579898014664648 6.3082899749279049 16208.912652947009
leaf_count=25 79 30 41 25 329 29 19 38 31 44 19 23 21 31 26 37 26 26 57045
internal_value=2.99194e-06 0.00583689 0.0117385 0.00418706 0.00990804 -0.0189158 -0.0305982 0.0324698 0.00967791 -7.25599e-05 -0.0232092 0.0105252 -0.0424911 -0.00283968 -0.0409615 -0.0543542 0.0526918 -0.0618387 -1.95512e-05
internal_weight=16482 210.721 170.153 124.723 110.696 40.5683 32.2001 45.4304 21.3581 16271.3 37.1942 13.5275 23.6667 14.8491 14.0268 17.351 24.0723 17.0811 16234.1
internal_count=57944 687 546 410 359 141 116 136 69 57257 133 42 91 50 51 66 67 70 57124
is_linear=0
shrinkage=0.05


Tree=181
num_leaves=20
num_cat=0
split_feature=6 11 17 4 8 1 6 5 9 19 3 3 18 10 10 8 9 6 6
split_gain=2.88669 6.15172 5.89771 6.55306 5.27769 5.47961 3.91228 11.9494 11.5505 6.29268 4.33502 6.0098 3.71133 3.46921 11.8072 15.4661 9.49705 13.5126 12.7207
threshold=3.4120895346675965e-06 0.0034000000000008307 0.22174500000000005 0.033855333333334049 4664.1080000000011 93215.549000000014 4.540672681925153e-06 -1.0000000180025095e-35 4730.563000000001 0.64102562390423035 0.0027289999999965267 0.017758999999999383 0.57901066078137264 0.0034000000000003589 0.0048000000000003569 4751.1530000000012 4674.8330000000014 0.0051120368120802506 0.0040226820600519778
decision_type=2 2 2 2 2 2 2 2 2 2 2 2 2 2 2 2 2 2 2
left_child=1 12 4 -4 -3 -6 7 10 9 -9 -2 -12 -1 16 15 -15 18 -18 -8
right_child=6 2 3 -5 5 -7 13 8 -10 -11 11 -13 -14 14 -16 -17 17 -19 -20
leaf_value=-0.074695025044659677 0.06919273947469097 0.036601914872083162 0.0050058825902831033 -0.067770691616846929 -0.0085881554584275131 0.043699267136428521 0.0075061671194219561 0.0089228835417221233 0.061813038572038737 -0.036471212124541623 0.0042214637576138648 0.059303765534689912 -0.010418982962658163 -0.005194735412978168 9.3257841379519623e-05 -0.052525973648062302 -0.0070886867105242586 0.014544393796660286 -0.005572336665852615
leaf_weight=5.3141144104301912 7.4880872368812588 9.0735753178596479 5.4710296690464002 7.1167352050542831 58.81256690621376 5.4773151203989974 887.34391240030527 12.878104113042356 5.2933582961559287 18.749636188149452 13.181785196065904 7.9315639436244956 3.8895842134952545 746.96103009581566 13918.490788135678 17.66757707297802 427.68724712729454 86.840859428048134 235.20566514134407
leaf_count=30 19 30 21 33 236 18 3284 47 17 83 41 21 17 2847 48314 66 1693 278 849
internal_value=2.87406e-06 -0.00868067 -0.00452053 -0.0361398 0.00090472 -0.00413342 5.3301e-05 0.0122466 -0.00654676 -0.0179878 0.0365065 0.024914 -0.0475313 4.34738e-06 -0.000239068 -0.00628838 0.00218756 -0.00343751 0.00476585
internal_weight=16480.9 95.1549 85.9512 12.5878 73.3635 64.2899 16385.7 65.5225 36.9211 31.6277 28.6014 21.1133 9.2037 16320.2 14683.1 764.629 1637.08 514.528 1122.55
internal_count=57944 385 338 54 284 254 57559 228 147 130 81 62 47 57331 51227 2913 6104 1971 4133
is_linear=0
shrinkage=0.05


Tree=182
num_leaves=20
num_cat=0
split_feature=14 13 13 20 2 20 9 9 16 1 2 4 4 12 2 20 19 14 13
split_gain=2.89438 6.80511 5.37477 4.88593 10.5938 6.82545 4.4841 12.9286 4.55707 4.01185 12.1535 9.63707 9.47243 12.0056 8.36579 18.0095 10.5183 10.0604 7.75844
threshold=19.973032524794473 0.0043281796757776219 0.0040890280576418659 -0.0099999999970350455 93205.429333333348 -0.32000000000016365 4665.8316666666669 4665.2163333333347 19.977203802306679 93103.83100000002 93110.695666666681 0.1148559999999995 0.016905 0.57000000000016382 93081.155666666687 0.20000000000254661 0.039674529670950295 19.942629906377839 0.0022610878721860241
decision_type=2 2 2 2 2 2 2 2 2 2 2 2 2 2 2 2 2 2 2
left_child=9 2 3 5 -5 -2 7 -3 -8 14 11 -11 13 -12 17 16 -16 -1 -14
right_child=1 6 -4 4 -6 -7 8 -9 -10 10 12 -13 18 -15 15 -17 -18 -19 -20
leaf_value=8.8164039781461929e-05 -0.0081257745482254447 -0.041709189814415709 0.042707224138084421 -0.036969188540508478 -0.00051522036915523637 0.022985748870527997 -0.072478803141315939 0.035494714042416289 -0.023877853654837296 0.047195504377211789 0.018697576743229801 -0.0074369774972383347 -0.0045153109570910772 -0.055818321349184769 0.02191789880227616 0.019577184942773503 -0.022123048022757798 -0.028925046358874346 0.0064330745480807253
leaf_weight=15192.440349463373 35.822153501212597 12.02259684354067 6.6808113232254973 26.779949530959129 77.913441404700279 34.711533941328526 6.9051941856741932 9.8780085593461973 15.996909096837042 27.031480237841606 113.26838974654675 11.508724465966223 406.80814113467932 5.6762702614068976 14.981573343276976 40.144372522830963 142.60584178194404 29.937669202685356 268.68741577863693
leaf_count=53078 149 58 23 124 283 119 33 34 65 86 434 39 1518 26 59 137 595 125 959
internal_value=2.6896e-06 -0.00560784 -0.00130873 -0.00298691 -0.00983993 0.00718505 -0.0230631 -0.00688728 -0.0385315 8.09496e-05 0.00346083 0.0308814 0.00213059 0.0151415 -0.000101628 -0.01032 -0.0179361 3.11041e-05 -0.000160444
internal_weight=16479.8 226.711 181.908 175.227 104.693 70.5337 44.8027 21.9006 22.9021 16253.1 832.98 38.5402 794.44 118.945 15420.1 197.732 157.587 15222.4 675.496
internal_count=57944 888 698 675 407 268 190 92 98 57056 3062 125 2937 460 53994 791 654 53203 2477
is_linear=0
shrinkage=0.05


Tree=183
num_leaves=20
num_cat=0
split_feature=6 8 11 4 13 19 19 3 3 9 2 14 11 10 8 0 10 1 15
split_gain=2.87958 9.30494 18.4558 10.5832 9.92956 8.61325 10.1369 7.91362 12.8226 12.7297 8.80106 8.77507 11.8715 7.86364 7.18158 20.1977 21.1399 18.7158 17.3888
threshold=7.9293644699941461e-06 4662.5440000000008 0.014466666666667084 0.0066570000000006424 0.0023979597123430642 0.91743116460456564 0.6818308316039583 0.0033629999999987372 0.0069039999999987419 4674.1303333333344 93054.466333333345 19.843590716943226 0.11320000000000043 0.005000000000000007 4664.572000000001 -1.0788915150161669e-05 0.33410000000000178 92602.002000000022 1.0802485905792027e-05
decision_type=2 2 2 2 2 2 2 2 2 2 2 2 2 2 2 2 2 2 2
left_child=1 2 5 -4 -5 6 -1 11 9 -9 -10 13 -13 -3 15 16 -2 18 -17
right_child=14 7 3 4 -6 -7 -8 8 10 -11 -12 12 -14 -15 -16 17 -18 -19 -20
leaf_value=0.034717663381840846 0.024806493529873991 0.0018098454516056095 -0.055937186491654578 0.036526408901127523 -0.019723378812526095 0.0028074808376500381 0.10691213579493937 0.015865693333035225 -0.00061947845609224223 -0.0051469372009107983 -0.0087105414556500546 -0.0088065264503328963 0.02076111130015881 -0.027060746664320168 0.00048272206115593409 0.060529632294161022 -0.064453862232985715 -0.016584271601716789 -0.01522537887056687
leaf_weight=11.311855852603918 69.725919663906097 31.669585153460503 8.0908017382025701 15.5779305100441 15.806278280913828 7.4862775802612296 8.5278340578079206 203.92799092084169 1498.2538481168449 111.47784076631069 433.29580571874976 172.58550796285272 42.260539367794991 92.402773924171925 13449.315575189888 16.062446981668476 7.330631583929061 269.30983908474445 14.335854694247244
leaf_count=39 229 132 44 53 65 28 27 783 5458 444 1691 739 156 402 46469 47 33 1053 52
internal_value=2.48254e-06 -0.00150649 0.0169181 -0.00494804 0.00819688 0.0485058 0.0657495 -0.00198245 -0.000908201 0.00843894 -0.00243451 -0.00910447 -0.00299053 -0.0196915 0.000291994 -0.00651641 0.0163149 -0.0123865 0.0248035
internal_weight=16478.8 2652.67 66.801 39.475 31.3842 27.326 19.8397 2585.87 2246.96 315.406 1931.55 338.918 214.846 124.072 13826.1 376.765 77.0566 299.708 30.3983
internal_count=57944 10061 256 162 118 94 66 9805 8376 1227 7149 1429 895 534 47883 1414 262 1152 99
is_linear=0
shrinkage=0.05


Tree=184
num_leaves=20
num_cat=0
split_feature=21 6 6 6 3 8 8 2 16 6 6 10 10 3 4 9 14 11 16
split_gain=2.86338 20.3873 19.1644 28.7212 19.1978 17.8528 14.0806 13.3163 17.2754 11.8825 16.3011 10.8215 9.14061 8.24708 8.11676 5.84631 19.0714 15.4688 18.7448
threshold=3238952.6682299762 0.002339650723027584 0.0020031516439161924 0.0016293617600128638 0.079044999999993731 4668.1820000000007 4669.1110000000008 93076.707666666669 19.886357514276714 0.0072118301403396477 0.0066494418118639752 0.010200000000001435 0.0030000000000000031 0.048771999999995756 0.24104366666666824 4662.6000000000013 19.888842761547391 0.16356666666666883 19.871484270743938
decision_type=2 2 2 2 2 2 2 2 2 2 2 2 2 2 2 2 2 2 2
left_child=15 2 3 12 -5 7 -4 8 -3 10 -7 -9 -2 -8 -11 16 17 18 -1
right_child=1 5 6 4 -6 9 13 11 -10 14 -12 -13 -14 -15 -16 -17 -18 -19 -20
leaf_value=0.053605505842283512 -0.0022333267097019451 -0.012119648614958262 0.082428825537768743 0.0019877658516948347 -0.056771122077319693 0.00074403152667212456 0.0012505186413925297 -0.025949030904581911 -0.054382730681019842 -0.0038424151054039131 -0.040669198844635046 0.060834779847000878 0.026698539395194017 0.049008490270867261 0.02346264650540756 -0.00025679235679980757 -0.055639619471200719 -0.024478038673256097 0.0092178168573651721
leaf_weight=33.029084637761116 36.207479901611805 99.490322217345238 15.193896956741808 33.909271344542503 23.558678179979324 393.11284166574478 18.126443639397621 5.8708953708410254 31.942448943853378 38.475818514823914 25.290444299578667 9.2544453442096692 110.96999730169773 18.032159693539143 93.008498758077621 15374.746262952685 10.403750792145727 21.492812402546406 84.978623420000076
leaf_count=99 140 367 46 126 97 1397 68 26 129 132 95 29 379 56 293 54007 48 89 321
internal_value=2.27522e-06 0.00266337 0.0147292 0.00787618 -0.0221001 -0.00177175 0.0420391 -0.0172782 -0.022391 0.00236109 -0.0017592 0.0271497 0.0195809 0.0250672 0.0154725 -0.000160984 0.00966547 0.0145358 0.0216415
internal_weight=16477.1 952.444 255.998 204.645 57.4679 696.446 51.3525 146.558 131.433 549.888 418.403 15.1253 147.177 36.1586 131.484 15524.7 149.904 139.501 118.008
internal_count=57944 3380 912 742 223 2468 170 551 496 1917 1492 55 519 124 425 54564 557 509 420
is_linear=0
shrinkage=0.05


Tree=185
num_leaves=20
num_cat=0
split_feature=5 6 11 8 8 11 8 12 12 12 3 4 1 2 3 0 15 12 18
split_gain=2.82645 12.3645 9.03003 12.4766 17.3324 15.5279 12.1615 20.7877 11.6201 7.38721 9.17655 16.4642 14.3333 6.84782 10.9416 6.23 8.2585 10.762 10.9827
threshold=1.0000000180025095e-35 7.1669063645151974e-06 0.13453333333333567 4757.2310000000007 4756.206000000001 0.22826666666666937 4668.4670000000015 0.25999999999976359 -0.55499999999983618 -1.0000000180025095e-35 0.037442999999999123 0.03054733333333429 93235.74000000002 93024.746333333344 0.024469999999992668 1.0000000180025095e-35 0.00022293499865044811 -0.41999999999961796 0.91665178207895093
decision_type=2 2 2 2 2 2 2 2 2 2 2 2 2 2 2 2 2 2 2
left_child=15 9 6 4 -4 -5 7 -3 -8 13 12 -12 -11 14 -2 -1 17 18 -17
right_child=1 2 3 5 -6 -7 8 -9 -10 10 11 -13 -14 -15 -16 16 -18 -19 -20
leaf_value=0.00099958461895603419 0.0058785791823862052 -0.0092581605623340939 -0.0025040904657939326 -9.7582848093695046e-05 0.039166142031743234 -0.032501401532341823 0.017091062344417728 0.021351034279459613 0.0017164203982239813 -0.017384371890400457 0.074831861770548055 -0.00064048042981088872 0.08568710991094379 -0.045598493776270149 -0.039950857226302344 -0.035718376843535793 0.0027100916276724374 -0.0037426888931310245 0.026528524652029175
leaf_weight=9011.7310067340732 29.841483727097511 482.85429911315441 1868.2591034993529 70.821221858263016 25.292180508375168 77.350126832723618 128.34978129714727 62.666793890297413 2892.5207012593746 111.81566020846367 8.3700448572635633 52.872470892965794 3.4778544530272475 25.65029963850975 23.108931988477707 47.132584773004055 531.43331664800644 1014.5275542214513 8.3400836735963804
leaf_count=30085 176 1888 6429 228 74 272 422 218 10149 666 30 215 16 166 103 205 2031 4543 28
internal_value=2.16227e-06 -0.000878912 -0.000389171 -0.00304086 -0.0019475 -0.0170134 0.00112889 -0.00574193 0.00236965 -0.0116438 -0.0059668 0.00967436 -0.0142752 -0.0243943 -0.0141226 0.000488913 -0.00238479 -0.00491524 -0.0263598
internal_weight=16476.4 5863.25 5608.11 2041.72 1893.55 148.171 3566.39 545.521 3020.87 255.137 176.536 61.2425 115.294 78.6007 52.9504 10613.2 1601.43 1070 55.4727
internal_count=57944 21052 19680 7003 6503 500 12677 2106 10571 1372 927 245 682 445 279 36892 6807 4776 233
is_linear=0
shrinkage=0.05


Tree=186
num_leaves=20
num_cat=0
split_feature=11 13 4 12 13 4 3 1 13 13 3 3 6 18 11 6 14 9 13
split_gain=2.93089 12.9029 16.8968 18.6972 13.4499 9.32931 19.4422 20.6977 11.1196 10.5546 10.5394 9.43767 7.97018 10.7306 10.68 7.96695 12.8972 10.8813 9.96025
threshold=0.36863333333333476 0.0025558125700477293 0.095048333333334872 0.26499999999987273 0.0024377450598191941 0.41544766666666738 0.59976999999999647 91280.234000000011 0.0044783240634268529 0.0030098538623210525 0.0587159999999948 0.12270399999999677 7.1933163613156966e-06 0.70268714243938513 1.0408666666666686 0.011676126079509207 18.834392596287348 4668.6703333333344 0.0075690727614287035
decision_type=2 2 2 2 2 2 2 2 2 2 2 2 2 2 2 2 2 2 2
left_child=15 2 12 4 -4 6 10 -8 9 -7 -3 -10 13 -2 -14 18 -17 -18 -1
right_child=1 5 3 -5 -6 8 7 -9 11 -11 -12 -13 14 -15 -16 16 17 -19 -20
leaf_value=-0.00020085683008589725 0.029114528942109481 0.0037341633955112977 0.019272222529164339 -0.041640952731147512 0.074273755674729922 -0.021631100377244961 -0.054538214020817814 0.028968025577122032 -0.023740792902671996 0.035521967035257396 -0.0052831465097646193 0.0059957828516969394 -0.0017386467214801278 -0.049212043014841625 -0.042983206941240547 0.030775103100266848 0.028075539094499675 -0.0077013025901143967 0.0083580290497190027
leaf_weight=13287.46044908464 33.397468030452728 615.90327122062445 201.89864601194859 12.079263076186178 11.762522265315054 9.5929407328367216 32.558904439210892 9.6106548905372602 29.670423895120621 51.14958330988884 683.81661274284124 264.93912376463413 130.89763838797808 5.0314389914274207 17.833976164460182 23.886911481618881 21.93787793815136 680.62712986767292 348.84339421242476
leaf_count=47282 116 2145 638 45 31 33 123 30 104 152 2306 851 467 20 71 74 67 2242 1147
internal_value=1.93057e-06 0.00174193 0.00966888 0.0188787 0.0223002 -0.000186524 -0.00209415 -0.0355067 0.00701711 0.0264959 -0.00101008 0.00300098 -0.00143942 0.0188593 -0.00668416 -0.000253705 -0.00535572 -0.00658416 1.80963e-05
internal_weight=16472.9 2110.14 412.901 225.74 213.661 1697.24 1341.89 42.1696 355.352 60.7425 1299.72 294.61 187.161 38.4289 148.732 14362.8 726.452 702.565 13636.3
internal_count=57944 7132 1388 714 669 5744 4604 153 1140 185 4451 955 674 136 538 50812 2383 2309 48429
is_linear=0
shrinkage=0.05


Tree=187
num_leaves=20
num_cat=0
split_feature=3 8 16 12 11 10 5 12 19 12 4 21 20 0 14 13 21 4 8
split_gain=2.87298 11.821 12.5969 12.9561 10.897 10.8497 15.7475 12.3953 9.35073 7.51356 5.08113 16.8027 10.008 9.04434 5.10312 8.60363 3.27411 7.20864 5.83698
threshold=2.6213379999999944 4743.9030000000012 19.26182029246511 -0.12000000000034559 0.12680000000000238 0.44960000000000094 -29.995000000002616 -0.080000000000381974 0.5084745705257111 0.22499999999990908 2.0365696666666673 2.1476776704982883 28.070000000001532 -0.014216556996771155 19.337771951498542 0.0078588040783400918 99385297.772507414 0.94905133333333336 4675.0030000000015
decision_type=2 2 2 2 2 2 2 2 2 2 2 2 2 2 2 2 2 2 2
left_child=10 2 8 4 -4 6 -3 -8 -2 -5 16 14 13 -13 15 -12 -1 18 -18
right_child=1 5 3 9 -6 -7 7 -9 -10 -11 11 12 -14 -15 -16 -17 17 -19 -20
leaf_value=-4.2850453230712283e-05 -0.06747614691823535 -0.062062002318330478 0.073169099302658316 -0.028664338025431599 -0.002678696756255948 0.052847318038805324 -0.040456413618502836 0.043457903634494387 0.0020117882666486086 0.025400845141902585 -0.0030644753904971889 -0.050774842861953329 -0.063866793947896905 0.013846812388722507 0.07865845822581069 0.06342129934879169 -0.0065107247976919054 -0.029962729842850616 0.028801261951471004
leaf_weight=16196.689383417368 17.530342683196071 8.0017983615398425 7.9367886930704143 40.944983787834644 11.740182802081106 12.881649076938627 6.1142876893281963 15.702854827046393 6.6885183155536643 7.6224573254585257 9.5731138139963203 6.382402002811431 6.2272546440362921 35.704881146550179 7.7701678723096839 9.8958830237388593 16.826006278395653 9.106386259198187 38.433391004800797
leaf_count=57041 66 30 22 152 39 35 22 45 21 23 32 23 23 110 22 28 60 34 116
internal_value=1.91779e-06 -0.00725774 -0.0173062 -0.00631209 0.0279148 0.0145011 -0.00206435 0.0199408 -0.0482857 -0.020179 6.19819e-05 0.0129985 -0.00470627 0.00404714 0.0444016 0.0307295 1.87522e-06 0.0112564 0.0180491
internal_weight=16471.8 135.164 92.4633 68.2444 19.677 42.7006 29.8189 21.8171 24.2189 48.5674 16336.6 75.5537 48.3145 42.0873 27.2392 19.469 16261.1 64.3658 55.2594
internal_count=57944 455 323 236 61 132 97 67 87 175 57489 238 156 133 82 60 57251 210 176
is_linear=0
shrinkage=0.05


Tree=188
num_leaves=20
num_cat=0
split_feature=14 5 6 1 8 9 17 11 9 2 9 21 3 9 14 16 20 8 20
split_gain=2.78517 7.78696 8.54095 5.75192 14.1913 5.5868 4.13041 4.01302 3.14918 3.14257 21.312 20.726 20.6014 14.4604 13.2458 12.9003 9.86442 6.33875 28.2022
threshold=18.812165302212637 4.8649999999979636 0.0069959237345522283 89502.085000000021 4760.1630000000014 4758.2613333333347 0.035015000000000011 0.087733333333333455 4760.6966666666676 89639.689666666687 4757.1496666666671 0.018719255199244351 0.17561099999999921 4757.5770000000002 18.817294052853896 18.830369909155987 2.68000000000302 4764.0230000000001 -4.3149999999982347
decision_type=2 2 2 2 2 2 2 2 2 2 2 2 2 2 2 2 2 2 2
left_child=1 3 -3 5 7 6 -1 -5 -6 10 11 -2 -13 16 -11 -15 -12 -16 -19
right_child=9 2 -4 4 8 -7 -8 -9 -10 14 13 12 -14 15 17 -17 -18 18 -20
leaf_value=0.056795485063118926 -0.070524849827418454 -0.064013634239541636 0.021071964322827864 -0.011783209750371764 0.060923008454562833 0.07125461218496397 0.0073540766041829174 -0.06731672076752214 0.014187489445193359 0.059629312850953534 -0.059056845392050167 0.02618342130207147 -0.0060694838675146405 -0.0050496888403171796 0.00011346792755976866 -0.079649606260707551 -0.00012471801873691153 -0.048027782359009563 0.0045823447186445175
leaf_weight=5.7756850123405519 8.6208289563655836 6.7032145112752897 5.2667684406042099 7.5100932866334915 6.689571425318718 7.301776945590972 15.726363658905028 5.7391286641359329 7.8158410489559174 9.3270586133003217 30.553156405687332 91.12313586473465 108.41921812295914 93.128430277109146 15925.31942646578 6.1796900033950797 9.250754848122595 36.588922470808029 83.849326103925705
leaf_count=17 34 25 19 26 19 22 53 22 26 25 118 276 358 305 56136 24 30 141 268
internal_value=1.90988e-06 0.0100609 -0.0265761 0.0178147 0.00157104 0.0334668 0.0206346 -0.0358385 0.0357409 -4.01163e-05 -0.00474587 0.00537984 0.00865915 -0.0198977 6.16702e-05 -0.00969185 -0.0453605 2.70448e-05 -0.0114005
internal_weight=16470.9 68.5284 11.97 56.5585 27.7546 28.8038 21.502 13.2492 14.5054 16402.4 347.275 208.163 199.542 139.112 16055.1 99.3081 39.8039 16045.8 120.438
internal_count=57944 229 44 185 93 92 70 48 45 57715 1145 668 634 477 56570 329 148 56545 409
is_linear=0
shrinkage=0.05


Tree=189
num_leaves=20
num_cat=0
split_feature=2 8 2 9 21 4 11 16 2 21 11 12 10 8 8 12 8 17 12
split_gain=2.81733 14.2506 12.9626 17.4469 14.2955 11.7384 10.715 17.5842 13.6448 13.2234 12.6597 11.1489 10.5499 9.97547 9.96764 8.39889 8.021 5.57236 1.61027
threshold=91027.663000000015 4705.2280000000001 91039.755000000005 4706.4636666666684 0.0015362133157592473 0.18356866666666863 0.022866666666668964 19.321261362540245 90998.953333333353 1.5819057091286177 0.039266666666669177 -0.32000000000016365 5.0634000000000023 4726.1070000000009 4751.1530000000012 0.71999999999980002 4730.5990000000011 1.1667800000000004 1.2750000000000912
decision_type=2 2 2 2 2 2 2 2 2 2 2 2 2 2 2 2 2 2 2
left_child=1 -1 3 -2 13 -6 7 8 -3 10 -8 -11 14 -5 16 17 -4 -14 -17
right_child=2 6 12 4 5 -7 9 -9 -10 11 -12 -13 15 -15 -16 18 -18 -19 -20
leaf_value=0.0587284214397851 0.078791242928344024 0.0073323709942640092 0.00011653999501560607 0.082278799070331518 -0.029510981219813878 -0.0028175758904173311 0.016043920604808293 -0.057927725409704173 0.037562722701778246 0.006173034241359357 0.0017492877752572783 -0.00417810849940851 -0.038054906294180763 -0.0032536251546594467 -0.06316950105853894 0.031734981237871773 -0.0050713864993269693 0.026210688239714328 0.063108307879171183
leaf_weight=10.668347254395483 5.0198516249656668 309.16907034814358 10509.570699378848 5.9247498810291281 109.97154903411865 65.844328507781029 166.16979674994946 9.5079579800367338 42.451991155743599 304.01323626935482 2281.2907050698996 1802.3075699359179 5.751710474491122 8.0277510955929738 6.2982646226882926 6.4558390974998501 801.88907576352358 8.1561692506074888 11.160222873091696
leaf_count=32 13 993 38237 16 405 220 520 36 127 958 7429 5906 22 30 25 20 2895 28 32
internal_value=1.86519e-06 0.00100301 -0.0004253 -0.0132144 -0.0156482 -0.0195141 0.000877712 0.00916786 0.0109821 0.000220278 0.00271982 -0.00268409 -0.0002058 0.0330666 -0.000286255 0.0286791 -0.000251241 -0.000366842 0.0516108
internal_weight=16469.6 4925.58 11544.1 194.788 189.768 175.816 4914.91 361.129 351.621 4553.78 2447.46 2106.32 11349.3 13.9525 11317.8 31.5239 11311.5 13.9079 17.6161
internal_count=57944 16001 41943 684 671 625 15969 1156 1120 14813 7949 6864 41259 46 41157 102 41132 50 52
is_linear=0
shrinkage=0.05


Tree=190
num_leaves=20
num_cat=0
split_feature=11 11 9 9 11 5 6 12 2 1 14 13 11 4 16 8 14 3 21
split_gain=2.76051 8.98071 11.455 23.169 15.1344 12.4258 8.59889 8.47685 9.27254 11.8349 11.2017 9.24126 9.10766 12.7528 11.2123 8.50208 9.33467 8.91379 5.62416
threshold=0.0072000000000008229 0.00826666666666734 4665.6170000000011 4666.2523333333347 0.0080000000000001164 1.0000000180025095e-35 0.00044386319574032799 -0.349999999999909 93004.716333333345 92972.11500000002 19.907355674722947 0.0048996552277987661 0.0034000000000008307 0.008537999999999461 19.890411103368407 4670.8610000000008 19.907355674722947 0.035922999999993273 1.4374599671643382
decision_type=2 2 2 2 2 2 2 2 2 2 2 2 2 2 2 2 2 2 2
left_child=7 2 4 -4 6 -5 -2 15 9 11 -11 -9 14 -14 -10 18 17 -17 -1
right_child=1 -3 3 5 -6 -7 -8 8 12 10 -12 -13 13 -15 -16 16 -18 -19 -20
leaf_value=-0.030518759232827444 -0.011739307882073766 5.4313283228187492e-05 0.082182773248321753 0.00081889782059347172 0.038318050354512384 0.025567341811340891 -0.097524794008460244 -0.00078815611572590502 -0.030668277783600231 0.036975495118860328 0.0050999231140243994 0.046168855247855162 0.028749721454463684 -0.014045210479296123 0.0026148974692362529 0.0056631433589049915 0.037759425678212361 -0.066190333238919041 -0.092438237060473424
leaf_weight=25.190895482897762 5.0570742338895815 14539.574390828609 11.290021508932112 156.6596340611577 5.5952346920967093 74.999919973313808 6.9162258058786392 805.62569223344326 27.494904614984989 43.321244180202484 75.764916695654392 10.615868166089056 18.438309192657471 311.68450023978949 317.52128240093589 11.020924530923372 9.9715877473354322 7.0949195474386206 4.292116090655326
leaf_count=107 21 50578 33 552 18 274 30 3032 128 154 275 35 75 1258 1246 44 35 29 20
internal_value=1.85455e-06 0.000219181 0.0094205 0.0122399 -0.0295683 0.00883122 -0.0612922 -0.00192643 -0.00125251 0.00197084 0.0166956 -0.000177443 -0.0057181 -0.011655 -3.74932e-05 -0.0207786 -0.00109232 -0.0224777 -0.039533
internal_weight=16468.1 14800.1 260.518 242.95 17.5685 231.66 11.9733 1668.04 1610.47 935.328 119.086 816.242 675.139 330.123 345.016 57.5704 28.0874 18.1158 29.483
internal_count=57944 51506 928 859 69 826 51 6438 6203 3496 429 3067 2707 1333 1374 235 108 73 127
is_linear=0
shrinkage=0.05


Tree=191
num_leaves=18
num_cat=0
split_feature=5 7 13 11 5 10 8 5 20 16 11 20 8 0 10 1 18
split_gain=2.71902 11.595 8.38378 9.86085 4.12614 11.4783 7.7998 3.56893 8.79921 10.433 6.6084 4.37039 9.22906 8.49371 3.44852 2.17971 2.00289
threshold=-68.730000000003187 -0.001903036090028509 0.0035458168388753492 0.052133333333335703 -58.995000000002612 0.050400000000000632 4738.1080000000011 -47.944999999999702 -50.559999999995846 18.981958852275458 0.36863333333333476 -19.110000000000124 4762.9800000000005 -0.014216556996771155 0.22500000000000031 90625.054000000018 0.9520124715829037
decision_type=2 2 2 2 2 2 2 2 2 2 2 2 2 2 2 2 2
left_child=1 -1 3 -3 5 16 -7 8 9 -6 -10 12 -9 -13 -4 -8 -2
right_child=4 2 14 -5 7 6 15 11 10 -11 -12 13 -14 -15 -16 -17 -18
leaf_value=-0.039892927800729748 -0.081365663383108744 0.040537548124663383 0.024721914609031323 -0.042578311265109886 -0.0610882998192573 0.02950568603066539 -0.0078512525958029551 -0.0029430496079315728 0.018462094499635415 0.0070461846164893678 0.073324611656145025 0.012004106387902568 -0.047911837535480645 3.1145124002903114e-05 0.071490543245118998 -0.051014305516364322 -0.037184215794394467
leaf_weight=8.1061208546161634 5.6620493680238706 7.2180994302034396 6.7600812315940884 7.0577274560928345 6.5230314284563056 12.279135286808016 6.4526610076427442 823.88926979154348 20.91614401340485 40.514504611492157 7.441801205277442 149.57186943292618 11.569955974817274 15333.903992459178 9.4533741921186429 5.3500195890665054 4.6899279654026031
leaf_count=29 23 21 20 26 25 37 21 2814 65 130 19 486 47 54119 24 20 18
internal_value=1.70523e-06 0.0132573 0.0273882 -0.000553528 -2.94355e-05 -0.0173194 0.00160766 6.87939e-06 0.0108603 -0.00240251 0.0328593 -4.32646e-05 -0.00356581 0.000146805 0.0519907 -0.0274166 -0.0613494
internal_weight=16467.4 38.5954 30.4893 14.2758 16428.8 34.4338 24.0818 16394.3 75.3955 47.0375 28.3579 16318.9 835.459 15483.5 16.2135 11.8027 10.352
internal_count=57944 120 91 47 57824 119 78 57705 239 155 84 57466 2861 54605 44 41 41
is_linear=0
shrinkage=0.05


Tree=192
num_leaves=20
num_cat=0
split_feature=5 5 6 16 8 20 21 4 4 6 16 11 12 3 3 2 1 21 11
split_gain=2.74113 12.0312 17.8503 24.3614 19.7404 12.7053 12.4494 10.512 18.6312 9.59096 13.323 8.50014 7.19092 6.22387 10.0874 5.83415 42.7026 18.4288 17.2827
threshold=1.0000000180025095e-35 0.014999999999417925 0.0021825344686424281 19.090617471938078 4756.4340000000002 0.020000000005438782 79830.247440912717 0.049632666666666207 0.026282333333334098 7.1669063645151974e-06 19.887602849343093 0.13666666666666935 -1.0000000180025095e-35 0.0587159999999948 0.034422999999995922 90609.622666666677 90647.432000000015 1.3927061700631873 0.019800000000000678
decision_type=2 2 2 2 2 2 2 2 2 2 2 2 2 2 2 2 2 2 2
left_child=15 6 3 4 -3 -5 9 8 -4 12 -11 -9 -2 14 -8 17 -17 -1 -19
right_child=1 2 7 5 -6 -7 13 11 -10 10 -12 -13 -14 -15 -16 16 -18 18 -20
leaf_value=0.0095748922116668609 -0.025252243093376786 -0.05642372781975994 0.011138737877322611 0.046768062955873296 0.00040436316691570953 0.0088622432003574204 -0.020968502534520601 0.001889150157361877 -0.018116242855215358 -0.0048959576651777664 0.0069562323841416383 -0.0033058204868472748 -0.0068504511841598397 0.00027299841101000136 -0.070267154383804389 -0.033337005226663267 0.00036312218134597519 0.024348051581556718 -0.0038098739789165026
leaf_weight=662.77048043906689 76.46127188205719 25.351522788405418 74.16595359146595 22.849200069904327 38.472270339727402 679.85433809459209 51.604703485965729 1947.6604889184237 204.44380575418472 884.62878915667534 323.92994775623083 1321.7833691984415 173.6779362782836 21.323358282446861 12.988072365522383 94.98670519888401 9056.5832762271166 58.861527726054192 734.45461428165436
leaf_count=2074 442 95 234 66 125 2223 285 6333 697 3624 1512 4350 921 83 62 333 31909 179 2397
internal_value=1.62421e-06 -0.000866376 0.000489267 0.00740845 -0.0221684 0.0100948 -0.0046531 -0.00100556 -0.0103286 -0.0035637 -0.00171922 -0.000211093 -0.0124754 -0.0231492 -0.0308813 0.000481069 1.33391e-05 0.00342077 -0.00172065
internal_weight=16466.9 5859.2 4314.58 766.527 63.8238 702.704 1544.61 3548.05 278.61 1458.7 1208.56 3269.44 250.139 85.9161 64.5928 10607.7 9151.57 1456.09 793.316
internal_count=57944 21052 14123 2509 220 2289 6929 11614 931 6499 5136 10683 1363 430 347 36892 32242 4650 2576
is_linear=0
shrinkage=0.05


Tree=193
num_leaves=20
num_cat=0
split_feature=11 21 16 17 4 3 8 20 21 6 6 4 10 8 21 15 6 3 7
split_gain=2.76527 12.3325 12.3632 11.8811 8.37762 16.3558 21.2021 17.8228 13.6212 8.27213 6.92141 12.2236 12.7874 20.3078 14.0661 10.7465 10.09 11.7683 15.7148
threshold=0.36863333333333476 21.459806954819012 19.92044834809851 2.3721150000000004 0.41544766666666738 0.21310299999999555 4674.4810000000016 -39.175000000001994 8.826516835173809 0.00083212542412926347 0.011676126079509207 0.16006633333333434 0.02260000000000106 4669.5750000000007 4.1326758665373431 1.1053181991904639e-05 0.0080560190813328079 0.81371999999999567 0.010753039581246073
decision_type=2 2 2 2 2 2 2 2 2 2 2 2 2 2 2 2 2 2 2
left_child=10 4 3 -3 5 7 -7 -2 9 -6 16 15 14 -14 -13 -12 17 -1 -19
right_child=1 2 -4 -5 8 6 -8 -9 -10 -11 11 12 13 -15 -16 -17 -18 18 -20
leaf_value=-0.00013058639274461824 0.097095936205148031 0.036415291242086749 -0.046597953656835417 -0.025098060104699772 -0.035425688599461408 0.03235345545488004 -0.014226529628121046 0.0015551406423791256 0.07394389130438099 0.0075057139766845707 -0.080688510886416709 0.028435858865641324 0.051233960237641929 -0.010011578333600522 -0.0013120634463461426 0.0045172876245546017 0.0050106273299123198 -0.0084933422061716345 -0.084306173328894257
leaf_weight=12401.301355555654 4.8996692001819602 57.860851645469666 6.0442911833524695 9.0819144994020444 11.567161746323107 26.550332374870777 305.88144952058792 1304.3750801086426 7.5699578970670691 374.25086653232574 9.8152851313352567 53.811078786849976 13.918870866298674 490.5832761079073 151.93954439461231 5.9401664435863486 938.049938544631 282.56911973655224 7.0048222243785849
leaf_count=44387 12 179 27 32 44 85 1042 4491 20 1200 40 161 40 1617 506 19 3031 983 28
internal_value=1.55229e-06 0.00169254 0.0218865 0.02807 0.000968302 -0.000602064 -0.0105063 0.00191268 0.00752183 0.00621859 -0.000246776 -0.00500371 -0.00403741 -0.00832186 0.00646807 -0.048564 6.62352e-06 -0.000363249 -0.0103273
internal_weight=16463 2108.08 72.9871 66.9428 2035.09 1641.71 332.432 1309.27 393.388 385.818 14354.9 726.008 710.253 504.502 205.751 15.7555 13628.9 12690.9 289.574
internal_count=57944 7132 238 211 6894 5630 1127 4503 1264 1244 50812 2383 2324 1657 667 59 48429 45398 1011
is_linear=0
shrinkage=0.05


Tree=194
num_leaves=20
num_cat=0
split_feature=17 19 18 5 4 10 10 17 4 21 2 2 7 17 5 7 4 10 3
split_gain=2.74162 8.55781 11.8656 10.9464 11.6026 11.1354 9.25866 10.9065 10.0264 9.11115 7.10136 10.2748 9.94569 7.022 10.2765 12.7615 13.1141 12.9398 8.28386
threshold=0.026105000000000007 0.92036681619117 0.39436640819290097 -21.254999999997377 0.021820000000000714 0.0029999999999999996 0.0038000000000007112 0.018675000000000004 0.0071583333333330923 0.013075444067171376 92757.797666666695 92696.237666666682 0.00021411006756455467 0.084209999999999965 5.9899999999979636 0.0029982535173167517 0.11635133333333328 0.019600000000001162 0.40502699999999692
decision_type=2 2 2 2 2 2 2 2 2 2 2 2 2 2 2 2 2 2 2
left_child=1 2 6 -3 9 -6 7 -1 -8 -5 11 -4 -12 14 18 17 -17 -16 -2
right_child=13 3 10 4 5 -7 8 -9 -10 -11 12 -13 -14 -15 15 16 -18 -19 -20
leaf_value=0.0078994991288436987 0.0028733374039654771 -0.063940873776529461 -0.0038120701437534864 -0.0063760656133450139 0.025117976794942667 -0.0030335134268877095 -0.015960618854027046 0.048980987382965926 0.002065698113814649 -0.026296237109969946 -0.001539515295039132 -0.020271046424174655 0.013042688002293905 -0.00035817683442528015 0.0026004562669154907 -0.016663440873678999 0.032147384905117558 -0.014059510427711492 0.014029829466025169
leaf_weight=385.67330086231232 2600.5397367328405 7.9206587821245185 963.87020387500525 144.50388865917921 37.285101525485516 606.91131031513214 81.754117380827665 16.862359791994095 1366.4022694453597 95.231084041297436 866.86409240216017 105.16739495098591 135.16265961527824 8331.5543407201767 206.65889260172844 19.977352455258369 44.22227931022644 267.3083803653717 177.75949854403734
leaf_count=1475 9076 34 3412 621 129 2210 385 53 4861 431 3300 413 483 28730 669 67 131 894 570
internal_value=1.56473e-06 -0.00100219 3.16927e-06 -0.00542308 -0.00489872 -0.00140415 0.00291258 0.00962042 0.00104804 -0.0142891 -0.00259666 -0.00543123 0.000427467 0.000416373 0.00236218 -0.00396174 0.0169587 -0.00679544 0.00358715
internal_weight=16461.6 4813.61 3921.76 891.852 883.931 644.196 1850.69 402.536 1448.16 239.735 2071.06 1069.04 1002.03 11648 3316.47 538.167 64.1996 473.967 2778.3
internal_count=57944 17807 14382 3425 3391 2339 6774 1528 5246 1052 7608 3825 3783 40137 11407 1761 198 1563 9646
is_linear=0
shrinkage=0.05


Tree=195
num_leaves=20
num_cat=0
split_feature=10 15 21 9 8 14 10 18 13 17 3 5 13 3 4 3 10 9 13
split_gain=2.71434 9.01536 9.01564 9.57396 25.3242 15.7389 7.86752 12.8685 14.5929 10.8525 9.82169 8.25689 7.41065 8.1649 6.19352 5.15338 5.05451 16.7518 7.9851
threshold=2.2118000000000015 0.019802157989967654 2.7653895002896998 4706.4636666666684 4718.6780000000008 19.523395538156652 1.3524000000000018 0.014446963734263985 0.0031258865202426519 0.80935000000000012 0.068549999999998404 -9.0799999999944685 0.015502467310695624 0.73850099999999419 0.17845666666666768 0.042953999999999042 0.40880000000000133 4664.7863333333344 0.0080170951448915485
decision_type=2 2 2 2 2 2 2 2 2 2 2 2 2 2 2 2 2 2 2
left_child=6 2 3 5 -5 -2 12 9 15 -8 -11 -10 16 14 -14 -9 18 -18 -1
right_child=1 -3 -4 4 -6 -7 7 8 11 10 -12 -13 13 -15 -16 -17 17 -19 -20
leaf_value=-3.0496738539563463e-05 0.056035199589889111 0.031122351053342018 0.032230807284407317 -0.083160639543655213 -0.011017971079133323 -0.0069198432882880204 -0.050067423483673185 0.0067038695894000577 0.033329445553386121 0.018268211239522224 -0.020525361464871848 0.0030434814585793865 0.0070592023874521074 -0.029740757615541315 0.051468450318076779 0.056780325077819993 -0.038283858314458762 -0.0020809834513322596 0.0068487035551901658
leaf_weight=14005.723991841078 12.366043716669081 15.738744497299193 13.019896775484083 13.481892645359038 124.4810112118721 50.350415617227554 12.67704603075981 6.3971427083015433 28.666364341974258 35.544462397694588 30.159796670079231 104.70092526078224 13.865863859653475 6.381549820303916 18.099189296364784 26.094894304871559 32.660241708159447 1476.2732488512993 434.93667983263731
leaf_count=49599 35 49 40 57 436 186 51 23 86 118 103 350 48 23 56 74 139 5050 1421
internal_value=1.4775e-06 -0.00539887 -0.00808862 -0.0107045 -0.0180678 0.00549324 7.78101e-05 0.00898392 0.0168736 -0.0077112 0.000461051 0.00955324 -5.82445e-05 0.0218957 0.0322045 0.0469211 -0.000111027 -0.00286458 0.000176697
internal_weight=16461.6 229.438 213.699 200.679 137.963 62.7165 16232.2 244.241 165.859 78.3813 65.7043 133.367 15987.9 38.3466 31.9651 32.492 15949.6 1508.93 14440.7
internal_count=57944 803 754 714 493 221 57141 805 533 272 221 436 56336 127 104 97 56209 5189 51020
is_linear=0
shrinkage=0.05


Tree=196
num_leaves=20
num_cat=0
split_feature=16 14 19 6 12 20 12 4 2 11 13 12 2 2 4 5 16 6 1
split_gain=2.67058 11.0385 9.62308 13.8241 20.09 11.8846 10.4 9.03032 8.86653 21.4519 20.4923 13.0342 14.7902 10.9819 15.2641 15.8222 13.0094 23.0222 12.3856
threshold=19.922776000307387 19.924952977128751 0.1036269427904105 0.0055047965346950731 -0.030000000000200085 -17.349999999996722 -0.094999999999799897 0.26496766666666849 93028.108333333352 0.016400000000000799 0.0028129781236652771 0.54000000000041848 93047.204000000012 93004.716333333345 0.59458433333333305 -0.010000000002037266 19.878757477022422 0.0022168241740294623 92824.241000000024
decision_type=2 2 2 2 2 2 2 2 2 2 2 2 2 2 2 2 2 2 2
left_child=8 -2 3 4 -3 7 -5 -4 13 10 -10 12 -11 16 15 -15 18 -18 -1
right_child=1 2 5 6 -6 -7 -8 -9 9 11 -12 -13 -14 14 -16 -17 17 -19 -20
leaf_value=-0.00017610197694582078 -0.015635020880628989 -0.039507143022959448 -0.059395199455937492 0.065659843918160959 -0.0055637939276246256 0.0014915988240348 0.0040119408192179689 0.010096064051371598 0.0008572249847099366 0.030763259934335291 -0.044428445010611578 -0.026640852058054349 0.0081122242218936731 0.013017778292142096 -0.052226864826895751 -0.010938565916103959 0.0097227276098919169 -0.0027401114473109651 -0.01614887674162932
leaf_weight=11873.996617820114 133.51745992153883 56.745779536664486 14.083441637456419 9.1907633394002897 188.06413488835096 1420.0684381313622 26.761572882533073 6.9980105459690085 309.7598555162549 126.96312983334064 27.172232940793037 17.393283098936081 166.67823420464993 87.332347020506859 18.568455666303635 326.97168857604265 894.59071676433086 632.58193898200989 122.61906152963638
leaf_count=40825 539 237 64 28 720 5324 95 25 1222 424 113 68 596 317 79 1300 3237 2231 500
internal_value=1.46408e-06 -0.00178535 -0.000711446 -0.00917995 -0.0134317 0.000938373 0.0197715 -0.0363275 0.000228468 0.0059461 -0.00279488 0.0154149 0.017906 -3.69843e-05 -0.00787645 -0.00588874 0.000213943 0.0045604 -0.000339362
internal_weight=16460.1 1855.43 1721.91 280.762 244.81 1441.15 35.9523 21.0815 14604.6 647.967 336.932 311.035 293.641 13956.7 432.872 414.304 13523.8 1527.17 11996.6
internal_count=57944 7032 6493 1080 957 5413 123 89 50912 2423 1335 1088 1020 48489 1696 1617 46793 5468 41325
is_linear=0
shrinkage=0.05


Tree=197
num_leaves=20
num_cat=0
split_feature=21 6 8 4 6 6 6 10 8 5 11 3 9 14 11 1 10 9 13
split_gain=2.71913 18.4758 16.1663 22.763 15.4779 12.6856 13.2295 11.3473 16.7037 13.9575 10.4015 7.37332 5.29131 17.2446 14.2404 20.1225 12.1916 10.0477 19.1428
threshold=3238952.6682299762 0.0029839874040336225 4668.1820000000007 0.046245999999999884 0.0029421997338163622 0.0072118301403396477 0.0066494418118639752 0.0030000000000000031 4663.5190000000011 5.3700000000026202 0.057933333333335724 2.0662379999999931 4662.6000000000013 19.888842761547391 0.030266666666668083 92602.002000000022 0.0070000000000000244 4664.570333333334 0.00098083445006839085
decision_type=2 2 2 2 2 2 2 2 2 2 2 2 2 2 2 2 2 2 2
left_child=12 4 3 -3 7 6 -4 9 -9 -2 -5 -7 13 14 16 -16 -1 18 -14
right_child=1 2 5 10 -6 11 -8 8 -10 -11 -12 -13 17 -15 15 -17 -18 -19 -20
leaf_value=0.047575747135547096 -0.013282771183683657 0.021434082711602895 -0.0010326079856905373 -0.022968357256129942 0.086055006634500969 0.017303899878215696 -0.038592940550087468 -0.036692675985700259 0.018458985841285674 0.042917262081730245 -0.065185896227207676 -0.036006306030543778 -0.021686434633985049 -0.053289814847646381 0.041041369271246755 -0.015363650634280628 -0.0014144598953588767 -5.8747233365409169e-05 0.0023785677415040407
leaf_weight=40.925249569118023 76.932756453752518 26.055752709507942 321.58771985769272 70.431322649121284 6.8408549427986136 123.7850940823555 25.286981150507927 14.538170613348482 246.6295448616147 12.900310963392256 18.401656299829483 6.8447322994470587 154.9513593018055 10.277355559170244 21.743021741509438 57.966241516172886 18.413148999214172 15027.564996339381 177.07003520429134
leaf_count=136 302 90 1144 270 21 397 95 58 862 38 75 28 618 48 67 239 67 52725 664
internal_value=1.3039e-06 0.00259761 -0.0028211 -0.0196602 0.0115681 0.00123044 -0.00377074 0.0101164 0.0153889 -0.00521227 -0.0317137 0.0145106 -0.000157773 0.00920888 0.0138283 2.24604e-05 0.0323737 -0.000248835 -0.00885235
internal_weight=16459.1 950.235 592.393 114.889 357.842 477.505 346.875 351.001 261.168 89.8331 88.833 130.63 15508.9 149.325 139.048 79.7093 59.3384 15359.6 332.021
internal_count=57944 3380 2099 435 1281 1664 1239 1260 920 340 345 425 54564 557 509 306 203 54007 1282
is_linear=0
shrinkage=0.05


Tree=198
num_leaves=20
num_cat=0
split_feature=15 0 20 1 11 6 17 9 3 4 11 8 3 0 17 20 0 8 11
split_gain=2.63573 5.99192 10.0654 10.2177 8.22756 8.16527 5.55852 5.3246 5.31788 12.9102 8.6157 7.42317 12.4632 5.31571 12.1889 15.455 10.6456 16.5958 9.6686
threshold=-0.027593376497386798 -0.014216556996771155 -10.689999999991867 90356.393000000011 0.85600000000000243 0.011329560349985732 0.15575000000000003 4753.1856666666672 0.5141029999999942 0.50972133333333336 0.065866666666667115 4741.9330000000018 0.30307999999999335 -1.1010532946498229e-05 0.80935000000000012 0.46000000000958613 -1.0797620791924699e-05 4668.871000000001 0.031600000000002369
decision_type=2 2 2 2 2 2 2 2 2 2 2 2 2 2 2 2 2 2 2
left_child=8 2 4 7 6 -5 -2 -4 10 -10 -1 12 -12 14 15 -3 17 -15 -16
right_child=1 13 3 5 -6 -7 -8 -9 9 -11 11 -13 -14 16 18 -17 -18 -19 -20
leaf_value=-0.047762088736364262 0.049445410526239179 -0.0022801225231188155 -0.047824008336952495 0.061604276273129949 -0.041052403522692911 0.019307447287775083 0.0030476114765713136 0.017474992858935064 -0.058588239177622195 -0.003982053216895781 0.002453945266286223 -0.020423448648454318 0.067438565289585348 0.023263251780558835 -0.017186145370235804 -0.015682738784058736 -0.00022947545831465013 0.0027639831520092396 0.0076151293491619823
leaf_weight=7.1354149878025046 6.6579791605472556 1055.7165437340736 6.2004626691341382 18.725702315568924 10.402172714471815 29.207307517528534 211.86899387836456 6.2876026630401611 14.813681811094282 40.190100610256195 22.493199110031128 13.26847931742668 10.979694113135336 106.12996557354927 44.111431136727333 270.13185292482376 12807.032705672085 1416.5965728312731 360.02478376030922
leaf_count=28 20 4012 22 50 38 88 719 19 56 131 76 46 29 320 187 906 45467 4486 1244
internal_value=1.21918e-06 5.28562e-05 0.00718407 0.0253363 0.00239317 0.0358313 0.00446124 -0.0149467 -0.00775239 -0.0186887 0.00341263 0.0112248 0.02377 -7.56278e-05 -0.00269369 -0.00501081 0.000240442 0.00419273 0.00490807
internal_weight=16458 16349.1 289.35 60.4211 228.929 47.933 218.527 12.4881 108.881 55.0038 53.8768 46.7414 33.4729 16059.7 1729.98 1325.85 14329.8 1522.73 404.136
internal_count=57944 57578 956 179 777 138 739 41 366 187 179 151 105 56622 6349 4918 50273 4806 1431
is_linear=0
shrinkage=0.05


Tree=199
num_leaves=20
num_cat=0
split_feature=2 1 9 2 13 10 3 3 11 5 1 12 9 1 8 2 9 16 6
split_gain=2.75697 17.1951 11.3422 13.493 12.4906 11.665 10.9721 10.0047 9.64697 9.83074 7.31875 7.13198 5.4558 20.8278 18.4336 14.8861 36.0275 15.8707 14.7869
threshold=90948.149666666679 90938.480000000025 4709.5210000000015 90938.870999999999 0.0031055294987339835 0.032000000000000549 0.030554999999993417 0.057711999999996703 0.056800000000002543 24.364999999997966 90938.480000000025 -0.025000000000090946 4674.4913333333343 92399.575000000012 4671.693000000002 91724.635333333354 4706.4636666666684 19.928193973172615 0.0035830784696679694
decision_type=2 2 2 2 2 2 2 2 2 2 2 2 2 2 2 2 2 2 2
left_child=1 2 5 7 -5 -1 -3 -4 -8 -10 11 -2 13 18 -15 16 -14 -17 -12
right_child=10 6 3 4 -6 -7 8 -9 9 -11 12 -13 15 14 -16 17 -18 -19 -20
leaf_value=-0.0040020572069693668 -0.00049748113183451816 -0.026769020527389727 0.004942275526095604 -0.085481988534817921 -0.0046494139424347264 0.073135690584437238 0.05990746713644677 -0.00093023466711728898 0.028299953769691435 -0.029408750895091929 -0.0059930191835032781 -0.070218715333150758 0.011880177066091279 -0.00076503715709249644 0.0063856890227393139 -0.0070788593783925801 -0.001583634477095175 0.010671370325173679 0.048940479901702159
leaf_weight=8.9125620573759097 7.2764066457748413 9.6481818556785566 1002.5468559265137 8.7307330965995806 10.559189349412916 10.888919591903685 19.72173435986042 2622.2718534916639 46.81737607717514 8.7607331871986371 18.141087740659714 7.3962652385234815 566.35130731761456 5346.0640282742679 1084.0033593140543 1452.8883705697954 4049.709733761847 137.88040704280138 37.724805921316147
leaf_count=34 24 34 3199 36 34 31 59 8511 146 32 66 28 1823 19900 3877 5622 13882 495 111
internal_value=1.19914e-06 0.00119271 0.000677096 0.000472028 -0.0412347 0.0384163 0.0234319 0.000693975 0.0298642 0.0192034 -0.000350313 -0.0356429 -0.000309515 0.000704559 0.000440457 -0.00136919 6.82603e-05 -0.00554035 0.0311022
internal_weight=16456.3 3748.86 3663.91 3644.11 19.2899 19.8015 84.948 3624.82 75.2998 55.5781 12707.4 14.6727 12692.8 6485.93 6430.07 6206.83 4616.06 1590.77 55.8659
internal_count=57944 12116 11845 11780 70 65 271 11710 237 178 45828 52 45776 23954 23777 21822 15705 6117 177
is_linear=0
shrinkage=0.05


end of trees

feature_importances:
btc_price_change=389
btc_volume_ma15=292
btc_momentum=278
btc_volatility=250
xau_volume_ma15=242
btc_volume_ma5=207
btc_price_ma5=198
xau_price_ma15=193
xau_price_ma5=192
xau_volatility=190
btc_price_ma15=183
volatility_ratio=180
xau_volume_ma5=176
price_ratio=160
xau_momentum=147
price_ratio_ma5=143
total_volume=121
momentum_diff=82
btc_volume_ratio=66
price_ratio_change=48
xau_price_change=31
xau_volume_ratio=28

parameters:
[boosting: gbdt]
[objective: binary]
[metric: binary_logloss]
[tree_learner: serial]
[device_type: cpu]
[data_sample_strategy: bagging]
[data: ]
[valid: ]
[num_iterations: 200]
[learning_rate: 0.05]
[num_leaves: 20]
[num_threads: 8]
[seed: 42]
[deterministic: 0]
[force_col_wise: 0]
[force_row_wise: 0]
[histogram_pool_size: -1]
[max_depth: 5]
[min_data_in_leaf: 20]
[min_sum_hessian_in_leaf: 0.001]
[bagging_fraction: 1]
[pos_bagging_fraction: 1]
[neg_bagging_fraction: 1]
[bagging_freq: 0]
[bagging_seed: 400]
[bagging_by_query: 0]
[feature_fraction: 1]
[feature_fraction_bynode: 1]
[feature_fraction_seed: 30056]
[extra_trees: 0]
[extra_seed: 12879]
[early_stopping_round: 0]
[early_stopping_min_delta: 0]
[first_metric_only: 0]
[max_delta_step: 0]
[lambda_l1: 0]
[lambda_l2: 0]
[linear_lambda: 0]
[min_gain_to_split: 0]
[drop_rate: 0.1]
[max_drop: 50]
[skip_drop: 0.5]
[xgboost_dart_mode: 0]
[uniform_drop: 0]
[drop_seed: 17869]
[top_rate: 0.2]
[other_rate: 0.1]
[min_data_per_group: 100]
[max_cat_threshold: 32]
[cat_l2: 10]
[cat_smooth: 10]
[max_cat_to_onehot: 4]
[top_k: 20]
[monotone_constraints: ]
[monotone_constraints_method: basic]
[monotone_penalty: 0]
[feature_contri: ]
[forcedsplits_filename: ]
[refit_decay_rate: 0.9]
[cegb_tradeoff: 1]
[cegb_penalty_split: 0]
[cegb_penalty_feature_lazy: ]
[cegb_penalty_feature_coupled: ]
[path_smooth: 0]
[interaction_constraints: ]
[verbosity: -1]
[saved_feature_importance_type: 0]
[use_quantized_grad: 0]
[num_grad_quant_bins: 4]
[quant_train_renew_leaf: 0]
[stochastic_rounding: 1]
[linear_tree: 0]
[max_bin: 255]
[max_bin_by_feature: ]
[min_data_in_bin: 3]
[bin_construct_sample_cnt: 200000]
[data_random_seed: 175]
[is_enable_sparse: 1]
[enable_bundle: 1]
[use_missing: 1]
[zero_as_missing: 0]
[feature_pre_filter: 1]
[pre_partition: 0]
[two_round: 0]
[header: 0]
[label_column: ]
[weight_column: ]
[group_column: ]
[ignore_column: ]
[categorical_feature: ]
[forcedbins_filename: ]
[precise_float_parser: 0]
[parser_config_file: ]
[objective_seed: 16083]
[num_class: 1]
[is_unbalance: 0]
[scale_pos_weight: 1.75164]
[sigmoid: 1]
[boost_from_average: 1]
[reg_sqrt: 0]
[alpha: 0.9]
[fair_c: 1]
[poisson_max_delta_step: 0.7]
[tweedie_variance_power: 1.5]
[lambdarank_truncation_level: 30]
[lambdarank_norm: 1]
[label_gain: ]
[lambdarank_position_bias_regularization: 0]
[eval_at: ]
[multi_error_top_k: 1]
[auc_mu_weights: ]
[num_machines: 1]
[local_listen_port: 12400]
[time_out: 120]
[machine_list_filename: ]
[machines: ]
[gpu_platform_id: -1]
[gpu_device_id: -1]
[gpu_use_dp: 0]
[num_gpu: 1]

end of parameters

pandas_categorical:[]
