tree
version=v4
num_class=1
num_tree_per_iteration=1
label_index=0
max_feature_idx=10
objective=binary sigmoid:1
feature_names=total_volume net_flow trade_count net_flow_ma5 net_flow_ma15 volume_ma5 net_flow_diff price_change std_5 dist_ma15 rsi
feature_infos=[0.099900000000000003:297.72840000000002] [-19.825900000000001:269.4742] [1:282] [-16.271220000000017:53.809459999999987] [-7.9480933333333308:18.055273333333336] [1.6053399999999773:81.238799999999983] [-269.27080000000001:269.4778] [-0.10169376232908034:0.073209932033924119] [0.063007936216718477:2.1468977618745173] [-4.9686666666666497:2.5120000000006257] [12.269938647674081:95.871559602236957]
tree_sizes=643 669 670 669 668 668 670 670 667 671 567 671 669 669 668 670 670 668 773 671 668 871 666 670 874 773 874 876 672 871 876 874 667 872 665 869 666 869 775 768 876 771 773 774 670 668 871 670 867 776 673 670 777 773 670 670 671 667 770 672 670 773 670 772 878 769 877 675 773 770 770 878 771 777 879 675 768 872 675 770 771 772 875 670 774 777 774 876 569 774 671 871 776 669 668 875 669 674 565 669 668 772 676 776 674 775 672 777 672 779 777 670 768 672 669 774 773 772 567 675 875 675 773 677 877 676 778 673 777 878 677 774 676 777 672 776 773 773 774 772 777 669 674 778 675 673 676 676 770 681 670 674 780 777 676 773 776 675 675 672 675 774 675 771 670 679 680 682 675 774 678 672 674 669 776 677 678 675 677 777 774 681 678 676 677 674 780 676 772 676 678 677 778 773 776 673 677 775 681 676 674 775 677 674 674 668 678 675 677 673 678 779 674 678 778 676 775 779 679 676 779 676 680 675 679 678 678 679 671 682 675 777 777 678 679 675 677 678 774 776 679 680 682 680 778 776 776 678 777 786 677 677 682 777 781 778 681 775 778 780 774 678 676 778 784 676 779 680 785 678 778 677 779 680 779 679 785 780 678 775 679 678 781 777 789 783 679 674 673 778 778 686 677 779 784 680 781 780 676 778

Tree=0
num_leaves=5
num_cat=0
split_feature=4 5 9 2
split_gain=15.8888 7.91884 6.29447 4.8767
threshold=-0.61001666666666299 7.2863199999999697 -0.11799999999993814 40.500000000000007
decision_type=2 2 2 2
left_child=-1 2 -2 -3
right_child=1 3 -4 -5
leaf_value=0.89341849038618371 0.83266848980868036 0.8141793588570243 0.87449980526949178 0.84599283952485327
leaf_weight=2.3703703656792667 2.6337448135018349 5.552811957895754 3.1714677438139907 2.9519889876246452
leaf_count=27 19 33 32 24
internal_value=0.845458 0.837514 0.855522 0.825222
internal_weight=16.6804 14.31 5.80521 8.5048
internal_count=135 108 51 57
is_linear=0
shrinkage=1


Tree=1
num_leaves=5
num_cat=0
split_feature=4 5 9 2
split_gain=15.1482 7.37329 5.96644 4.48201
threshold=-0.61001666666666299 7.2863199999999697 -0.11799999999993814 40.500000000000007
decision_type=2 2 2 2
left_child=-1 2 -2 -3
right_child=1 3 -4 -5
leaf_value=0.028185087704158045 -0.031270481941560561 -0.048797489840218297 0.0093489870459905391 -0.018480800951333018
leaf_weight=2.3426891639828709 2.6680794581770897 5.6659014448523504 3.1591542959213248 2.9747092351317406
leaf_count=27 19 33 32 24
internal_value=-0.0189955 -0.0266352 -0.0092492 -0.0383603
internal_weight=16.8105 14.4678 5.82723 8.64061
internal_count=135 108 51 57
is_linear=0
shrinkage=0.02


Tree=2
num_leaves=5
num_cat=0
split_feature=4 5 9 9
split_gain=14.4561 6.88187 5.66053 4.19138
threshold=-0.61001666666666299 7.2863199999999697 -0.11799999999993814 -0.68933333333347935
decision_type=2 2 2 2
left_child=-1 2 -2 -3
right_child=1 3 -4 -5
leaf_value=0.027957609482230333 -0.030272480816429047 -0.022779276404371728 0.009197838440549581 -0.050449745061831461
leaf_weight=2.3147959336638477 2.700581282377243 4.2475687116384506 3.1469711288809767 4.5196582898497564
leaf_count=27 19 32 32 25
internal_value=-0.0184803 -0.0258355 -0.00903078 -0.0370439
internal_weight=16.9296 14.6148 5.84755 8.76723
internal_count=135 108 51 57
is_linear=0
shrinkage=0.02


Tree=3
num_leaves=5
num_cat=0
split_feature=4 5 9 2
split_gain=13.8074 6.43581 5.37472 3.99899
threshold=-0.61001666666666299 7.2863199999999697 -0.11799999999993814 40.500000000000007
decision_type=2 2 2 2
left_child=-1 2 -2 -3
right_child=1 3 -4 -5
leaf_value=0.027738216690561038 -0.029329573347245553 -0.045466394615780108 0.0090488855666609677 -0.017166915560325895
leaf_weight=2.2867248728871372 2.7313348278403282 5.854491323232649 3.1349198520183554 3.0316363573074341
leaf_count=27 19 33 32 24
internal_value=-0.0179903 -0.0250785 -0.00882017 -0.0358116
internal_weight=17.0391 14.7524 5.86625 8.88613
internal_count=135 108 51 57
is_linear=0
shrinkage=0.02


Tree=4
num_leaves=5
num_cat=0
split_feature=4 5 9 9
split_gain=13.1993 6.03196 5.15065 3.74143
threshold=-0.61001666666666299 7.2863199999999697 -0.32566666666662053 -0.68933333333347935
decision_type=2 2 2 2
left_child=-1 2 -2 -3
right_child=1 3 -4 -5
leaf_value=0.027526518850624709 -0.032261928330554829 -0.021275305359494061 0.006193004423473052 -0.04708893130570041
leaf_weight=2.2585087716579464 2.2658456563949585 4.3311622142791748 3.6175783053040496 4.6650097072124463
leaf_count=27 15 32 36 25
internal_value=-0.017525 -0.0243632 -0.0086169 -0.0346611
internal_weight=17.1381 14.8796 5.88342 8.99617
internal_count=135 108 51 57
is_linear=0
shrinkage=0.02


Tree=5
num_leaves=5
num_cat=0
split_feature=4 10 4 4
split_gain=12.6269 5.77769 4.45445 4.28291
threshold=-0.61001666666666299 49.125531210628942 1.7986300000000031 1.1477466666666698
decision_type=2 2 2 2
left_child=-1 2 3 -2
right_child=1 -3 -4 -5
leaf_value=0.027322167934871491 -0.025065358842577799 -0.0039530234755190729 -0.010679985610344471 -0.054775659171219432
leaf_weight=2.2301778048276928 4.0059526562690717 4.2534930333495131 2.9747530519962311 3.7647971138358116
leaf_count=27 28 38 24 18
internal_value=-0.0170804 -0.0236825 -0.0314923 -0.0394595
internal_weight=17.2292 14.999 10.7455 7.77075
internal_count=135 108 70 46
is_linear=0
shrinkage=0.02


Tree=6
num_leaves=5
num_cat=0
split_feature=4 5 9 9
split_gain=12.0847 5.54244 4.70461 3.45397
threshold=-0.61001666666666299 7.2863199999999697 -0.11799999999993814 -0.68933333333347935
decision_type=2 2 2 2
left_child=-1 2 -2 -3
right_child=1 3 -4 -5
leaf_value=0.027124818010756453 -0.026726308466741941 -0.019993527013355047 0.0089206616316538333 -0.044555742026769776
leaf_weight=2.2017613425850895 2.8154166415333748 4.401825450360775 3.1244375258684149 4.7734051346778852
leaf_count=27 19 32 32 25
internal_value=-0.0166509 -0.0230276 -0.00797556 -0.032772
internal_weight=17.3168 15.1151 5.93985 9.17523
internal_count=135 108 51 57
is_linear=0
shrinkage=0.02


Tree=7
num_leaves=5
num_cat=0
split_feature=4 10 4 4
split_gain=11.5767 5.23382 4.10516 3.88627
threshold=-0.61001666666666299 49.125531210628942 1.7986300000000031 1.1477466666666698
decision_type=2 2 2 2
left_child=-1 2 3 -2
right_child=1 -3 -4 -5
leaf_value=0.026934155489159131 -0.023647271214480129 -0.0036358906166088084 -0.0098495355011489413 -0.051647143648401006
leaf_weight=2.1732867434620884 4.0721753686666471 4.2716691866517058 3.0097484737634659 3.8644961044192314
leaf_count=27 28 38 24 18
internal_value=-0.0162452 -0.0224116 -0.0297385 -0.0372809
internal_weight=17.3914 15.2181 10.9464 7.93667
internal_count=135 108 70 46
is_linear=0
shrinkage=0.02


Tree=8
num_leaves=5
num_cat=0
split_feature=4 5 9 9
split_gain=11.094 5.11878 4.31663 3.21353
threshold=-0.61001666666666299 7.2863199999999697 -0.11799999999993814 -0.68933333333347935
decision_type=2 2 2 2
left_child=-1 2 -2 -3
right_child=1 3 -4 -5
leaf_value=0.026749884353008971 -0.025105717331902155 -0.018825062457183735 0.0088875414415828576 -0.042320894926144249
leaf_weight=2.1447793543338802 2.8662875071167946 4.464898519217968 3.121532902121543 4.8660192713141424
leaf_count=27 19 32 32 25
internal_value=-0.015852 -0.0218167 -0.00738457 -0.031078
internal_weight=17.4635 15.3187 5.98782 9.33092
internal_count=135 108 51 57
is_linear=0
shrinkage=0.02


Tree=9
num_leaves=5
num_cat=0
split_feature=4 5 9 9
split_gain=10.6405 4.83341 4.11659 3.02048
threshold=-0.61001666666666299 7.2863199999999697 -0.11799999999993814 -0.68933333333347935
decision_type=2 2 2 2
left_child=-1 2 -2 -3
right_child=1 3 -4 -5
leaf_value=0.026571719934707205 -0.024418982034101533 -0.018340087743491395 0.0087430810666546104 -0.041026165713226453
leaf_weight=2.1162637174129513 2.8877367004752159 4.4910370483994484 3.1097670495510092 4.9186435565352422
leaf_count=27 19 32 32 25
internal_value=-0.0154794 -0.0212554 -0.00722411 -0.0301986
internal_weight=17.5234 15.4072 5.9975 9.40968
internal_count=135 108 51 57
is_linear=0
shrinkage=0.02


Tree=10
num_leaves=4
num_cat=0
split_feature=4 10 3
split_gain=10.2115 4.59619 3.77223
threshold=-0.61001666666666299 49.125531210628942 0.44331999999998462
decision_type=2 2 2
left_child=-1 2 -2
right_child=1 -3 -4
leaf_value=0.026399396819814326 -0.013302334162300112 -0.0031311845172303353 -0.03698437101906462
leaf_weight=2.0877627655863789 4.4977425634860975 4.2950807437300673 6.6954372152686119
leaf_count=27 33 38 37
internal_value=-0.0151223 -0.0207193 -0.0274682
internal_weight=17.576 15.4883 11.1932
internal_count=135 108 70
is_linear=0
shrinkage=0.02


Tree=11
num_leaves=5
num_cat=0
split_feature=4 5 6 9
split_gain=9.79996 4.42991 3.90582 2.87452
threshold=-0.61001666666666299 7.2863199999999697 0.37440000000000012 -0.68933333333347935
decision_type=2 2 2 2
left_child=-1 2 -2 -3
right_child=1 3 -4 -5
leaf_value=0.026232664913193253 -0.019935201367153505 -0.017178288497489286 0.012909935984948653 -0.039155088242801332
leaf_weight=2.0592978224158314 3.6141689345240584 4.5520348697900772 2.4165013208985329 4.9907447770237905
leaf_count=27 27 32 24 25
internal_value=-0.0147703 -0.0201922 -0.00677409 -0.0286719
internal_weight=17.6327 15.5734 6.03067 9.54278
internal_count=135 108 51 57
is_linear=0
shrinkage=0.02


Tree=12
num_leaves=5
num_cat=0
split_feature=4 10 4 4
split_gain=9.41144 4.30402 3.66449 3.48559
threshold=-0.61001666666666299 49.125531210628942 1.7986300000000031 1.1477466666666698
decision_type=2 2 2 2
left_child=-1 2 3 -2
right_child=1 -3 -4 -5
leaf_value=0.026071292019774105 -0.020438669035761702 -0.0027067681659762523 -0.0076259998526941788 -0.046475946831583424
leaf_weight=2.0308890044689205 4.21368310600519 4.3202865943312636 3.0974577367305747 4.0173230394721031
leaf_count=27 28 38 24 18
internal_value=-0.0144346 -0.0196914 -0.0261688 -0.0331467
internal_weight=17.6796 15.6488 11.3285 8.23101
internal_count=135 108 70 46
is_linear=0
shrinkage=0.02


Tree=13
num_leaves=5
num_cat=0
split_feature=4 5 6 9
split_gain=9.04252 4.14014 3.71409 2.71532
threshold=-0.61001666666666299 7.2863199999999697 0.37440000000000012 -0.68933333333347935
decision_type=2 2 2 2
left_child=-1 2 -2 -3
right_child=1 3 -4 -5
leaf_value=0.025915051467353702 -0.018990095843155887 -0.016235032867198854 0.012970271420674225 -0.037478102421418684
leaf_weight=2.0025554224848774 3.6543202623724929 4.5991489067673683 2.4159761071205139 5.0491703450679761
leaf_count=27 27 32 24 25
internal_value=-0.0141111 -0.0192104 -0.00626988 -0.027352
internal_weight=17.7212 15.7186 6.0703 9.64832
internal_count=135 108 51 57
is_linear=0
shrinkage=0.02


Tree=14
num_leaves=5
num_cat=0
split_feature=4 10 4 4
split_gain=8.69209 4.04605 3.44504 3.2805
threshold=-0.61001666666666299 49.125531210628942 1.7986300000000031 1.1477466666666698
decision_type=2 2 2 2
left_child=-1 2 3 -2
right_child=1 -3 -4 -5
leaf_value=0.025763730985538306 -0.019428755991628372 -0.0023117737419815548 -0.0070574187112942078 -0.044548953232009858
leaf_weight=1.9743147790432001 4.2550511881709081 4.342345990240573 3.1181932389736167 4.0670894086360931
leaf_count=27 28 38 24 18
internal_value=-0.0137993 -0.0187484 -0.0249871 -0.0317052
internal_weight=17.757 15.7827 11.4403 8.32214
internal_count=135 108 70 46
is_linear=0
shrinkage=0.02


Tree=15
num_leaves=5
num_cat=0
split_feature=4 5 3 10
split_gain=8.35885 3.92412 5.69343 2.13404
threshold=-0.61001666666666299 8.6429599999999738 0.13512999999998684 53.987329032991191
decision_type=2 2 2 2
left_child=-1 2 -2 -4
right_child=1 -3 3 -5
leaf_value=0.025617131660735582 0.012002144048102702 -0.030056976528165774 -0.033020407067507043 -0.0093329171542593584
leaf_weight=1.9461837708950067 3.1393901631236059 6.6169031709432593 3.038116343319416 3.0472175031900406
leaf_count=27 29 37 17 25
internal_value=-0.0134985 -0.0183039 -0.00987345 -0.0211589
internal_weight=17.7878 15.8416 9.22472 6.08533
internal_count=135 108 71 42
is_linear=0
shrinkage=0.02


Tree=16
num_leaves=5
num_cat=0
split_feature=4 5 9 9
split_gain=8.03974 3.73841 3.52252 2.60062
threshold=-0.61001666666666299 7.2863199999999697 -0.11799999999993814 -0.68933333333347935
decision_type=2 2 2 2
left_child=-1 2 -2 -3
right_child=1 3 -4 -5
leaf_value=0.025475064586231722 -0.021194163688244054 -0.014749817296524682 0.0091656847859050393 -0.035395950802746941
leaf_weight=1.9181778877973581 2.9778185859322548 4.6694718301296234 3.1412399336695662 5.1121317967772466
leaf_count=27 19 32 32 25
internal_value=-0.0132039 -0.0178699 -0.00560883 -0.02554
internal_weight=17.8188 15.9007 6.11906 9.7816
internal_count=135 108 51 57
is_linear=0
shrinkage=0.02


Tree=17
num_leaves=5
num_cat=0
split_feature=4 5 3 8
split_gain=7.73985 3.63333 5.43389 2.03435
threshold=-0.61001666666666299 8.6429599999999738 0.13512999999998684 0.47559919545133289
decision_type=2 2 2 2
left_child=-1 2 -2 -4
right_child=1 -3 3 -5
leaf_value=0.025337349739927129 0.012051934400117708 -0.02870740289074453 -0.010073188564584739 -0.03328200478391645
leaf_weight=1.8903118148446107 3.1366137415170652 6.6800391525030127 3.4229355230927467 2.7041905969381332
leaf_count=27 29 37 27 15
internal_value=-0.0129275 -0.0174642 -0.00935675 -0.0203163
internal_weight=17.8341 15.9438 9.26374 6.12713
internal_count=135 108 71 42
is_linear=0
shrinkage=0.02


Tree=18
num_leaves=6
num_cat=0
split_feature=4 10 5 7 10
split_gain=7.52502 4.76125 6.06566 4.15576 3.71491
threshold=0.8938566666666703 32.376070860043733 8.6429599999999738 -0.0030471366415318886 55.830206366045921
decision_type=2 2 2 2 2
left_child=3 -2 4 -1 -3
right_child=1 2 -4 -5 -6
leaf_value=0.028742663143346631 -0.041154354774220074 0.016576277681359067 -0.032786089171173434 -0.007201043190008736 -0.017103255636872001
leaf_weight=2.1434661224484444 3.4481865987181655 2.7270433977246267 3.7979787737131119 3.2188473418355015 2.5210924372076988
leaf_count=26 16 26 19 29 19
internal_value=-0.0126515 -0.0211571 -0.0135346 0.00716666 0.000397349
internal_weight=17.8566 12.4943 9.04611 5.36231 5.24814
internal_count=135 80 64 55 45
is_linear=0
shrinkage=0.02


Tree=19
num_leaves=5
num_cat=0
split_feature=4 10 4 4
split_gain=7.27533 3.44585 3.05654 2.90044
threshold=-0.61001666666666299 49.125531210628942 1.7986300000000031 1.1477466666666698
decision_type=2 2 2 2
left_child=-1 2 3 -2
right_child=1 -3 -4 -5
leaf_value=0.025153303697950179 -0.017217763165118711 -0.0015888258202855141 -0.0056223765601112006 -0.040607726624002367
leaf_weight=1.8515582680702234 4.3358125537633914 4.3765710815787306 3.1628063023090354 4.1507382839918137
leaf_count=27 28 38 24 18
internal_value=-0.0123825 -0.0167192 -0.0224036 -0.0286577
internal_weight=17.8775 16.0259 11.6494 8.48655
internal_count=135 108 70 46
is_linear=0
shrinkage=0.02


Tree=20
num_leaves=5
num_cat=0
split_feature=4 5 6 9
split_gain=7.00965 3.30551 3.4651 2.48041
threshold=-0.61001666666666299 7.2863199999999697 0.37440000000000012 -0.68933333333347935
decision_type=2 2 2 2
left_child=-1 2 -2 -3
right_child=1 3 -4 -5
leaf_value=0.025025311981396049 -0.016968014707925205 -0.013055071775017335 0.013717962812451254 -0.033091642318645274
leaf_weight=1.824083730578425 3.7248877733945873 4.7398957759141958 2.4336670786142349 5.1636744812130875
leaf_count=27 27 32 24 25
internal_value=-0.0121281 -0.0163473 -0.00484188 -0.023502
internal_weight=17.8862 16.0621 6.15855 9.90357
internal_count=135 108 51 57
is_linear=0
shrinkage=0.02


Tree=21
num_leaves=7
num_cat=0
split_feature=4 10 5 10 7 7
split_gain=6.79375 4.40004 5.57478 3.5787 2.77034 1.23064
threshold=0.8938566666666703 32.376070860043733 8.6429599999999738 55.830206366045921 0.0067901438579598414 -0.0050794466326886658
decision_type=2 2 2 2 2 2
left_child=4 -2 3 -3 5 -1
right_child=1 2 -4 -5 -6 -7
leaf_value=0.028328208924836878 -0.038976793480386254 0.016703386835375481 -0.030938427888585824 -0.016280048799677725 -0.013031133969926244 0.0045304600409346472
leaf_weight=1.9042101949453354 3.4895174801349631 2.7258414998650533 3.8249032497406006 2.543693870306015 1.8055690899491308 1.5991607755422619
leaf_count=24 16 26 19 19 15 16
internal_value=-0.01188 -0.0198846 -0.012559 0.000781724 0.00709354 0.0174654
internal_weight=17.8929 12.584 9.09444 5.26954 5.30894 3.50337
internal_count=135 80 64 45 55 40
is_linear=0
shrinkage=0.02


Tree=22
num_leaves=5
num_cat=0
split_feature=4 10 4 4
split_gain=6.59666 3.19729 2.87855 2.6412
threshold=-0.61001666666666299 49.125531210628942 1.7986300000000031 1.1477466666666698
decision_type=2 2 2 2
left_child=-1 2 3 -2
right_child=1 -3 -4 -5
leaf_value=0.024850189615264279 -0.01630016176798809 -0.0011346871410836097 -0.0048945295578435091 -0.03855436343446636
leaf_weight=1.7843843549489999 4.3612391799688357 4.397041715681552 3.1806237697601309 4.1757095754146576
leaf_count=27 28 38 24 18
internal_value=-0.0116373 -0.0156775 -0.0211348 -0.0271854
internal_weight=17.899 16.1146 11.7176 8.53695
internal_count=135 108 70 46
is_linear=0
shrinkage=0.02


Tree=23
num_leaves=5
num_cat=0
split_feature=4 10 4 4
split_gain=6.36188 3.06032 2.7542 2.53746
threshold=-0.61001666666666299 49.125531210628942 1.7986300000000031 1.1477466666666698
decision_type=2 2 2 2
left_child=-1 2 3 -2
right_child=1 -3 -4 -5
leaf_value=0.024731192172943079 -0.015928556214292792 -0.0011115909607374277 -0.0047913069094608855 -0.037716474842958182
leaf_weight=1.7573822438716913 4.3735977858304995 4.3986175283789626 3.1841274574398986 4.1830253750085831
leaf_count=27 28 38 24 18
internal_value=-0.0114053 -0.0153401 -0.0206708 -0.0265799
internal_weight=17.8968 16.1394 11.7408 8.55662
internal_count=135 108 70 46
is_linear=0
shrinkage=0.02


Tree=24
num_leaves=7
num_cat=0
split_feature=4 10 5 10 7 7
split_gain=6.17974 3.93515 5.13197 4.47285 2.66268 1.20138
threshold=0.8938566666666703 32.376070860043733 8.6429599999999738 57.31654279282813 0.0067901438579598414 -0.0050794466326886658
decision_type=2 2 2 2 2 2
left_child=4 -2 3 -3 5 -1
right_child=1 2 -4 -5 -6 -7
leaf_value=0.028242802627224048 -0.036721972151334673 0.017594882512714207 -0.029432677669156665 -0.019411786360710538 -0.012646800985571898 0.0045708436887482839
leaf_weight=1.8614120483398438 3.5200717672705641 2.9072346910834295 3.8353264927864075 2.3726037815213203 1.8038387969136236 1.5901909321546581
leaf_count=24 16 28 19 17 15 16
internal_value=-0.0111804 -0.0187612 -0.0118251 0.000965176 0.0070455 0.0173369
internal_weight=17.8907 12.6352 9.11516 5.27984 5.25544 3.4516
internal_count=135 80 64 45 55 40
is_linear=0
shrinkage=0.02


Tree=25
num_leaves=6
num_cat=0
split_feature=4 10 5 10 7
split_gain=5.93741 3.61317 4.80282 4.09851 2.45174
threshold=0.96053000000000333 32.376070860043733 8.6429599999999738 57.31654279282813 -0.0030471366415318886
decision_type=2 2 2 2 2
left_child=4 -2 3 -3 -1
right_child=1 2 -4 -5 -6
leaf_value=0.021365538710543499 -0.035889751054240422 0.016780603501499524 -0.030035429981050781 -0.018915241404107747 -0.0052394802285834719
leaf_weight=2.3845610246062279 3.5295613110065451 2.7923035100102407 3.4850819110870361 2.3860510438680649 3.3069175034761455
leaf_count=28 16 27 17 17 30
internal_value=-0.0109596 -0.0188327 -0.0118835 0.000332887 0.00590724
internal_weight=17.8845 12.193 8.66344 5.17835 5.69148
internal_count=135 77 61 44 58
is_linear=0
shrinkage=0.02


Tree=26
num_leaves=7
num_cat=0
split_feature=4 10 5 10 7 7
split_gain=5.70725 3.58788 4.73865 4.12604 3.28495 1.31142
threshold=0.8938566666666703 32.376070860043733 8.6429599999999738 57.31654279282813 0.0072977557533104873 -0.0030471366415318886
decision_type=2 2 2 2 2 2
left_child=4 -2 3 -3 5 -1
right_child=1 2 -4 -5 -6 -7
leaf_value=0.028237916154257209 -0.035101146803428997 0.017080563888339843 -0.028261543376800171 -0.01843703342020615 -0.016633512341750135 0.0038616918636563686
leaf_weight=2.0156836956739426 3.5366055294871321 2.8778074830770475 3.8435929492115974 2.3988483250141144 1.6364479362964628 1.5707655921578436
leaf_count=26 16 28 19 17 13 16
internal_value=-0.0107425 -0.0180011 -0.0113702 0.000933722 0.00684766 0.0175618
internal_weight=17.8798 12.6569 9.12025 5.27666 5.2229 3.58645
internal_count=135 80 64 45 55 42
is_linear=0
shrinkage=0.02


Tree=27
num_leaves=7
num_cat=0
split_feature=4 10 5 10 7 7
split_gain=5.47652 3.43507 4.54732 4.92731 3.16841 1.28816
threshold=0.8938566666666703 32.376070860043733 8.6429599999999738 59.137663938209016 0.0072977557533104873 -0.0030471366415318886
decision_type=2 2 2 2 2 2
left_child=4 -2 3 -3 5 -1
right_child=1 2 -4 -5 -6 -7
leaf_value=0.028025962592077715 -0.034352579356898012 0.017498263270218872 -0.027682510108250728 -0.021621393933128005 -0.016226282857682878 0.0037901551990820715
leaf_weight=1.9905619397759438 3.541345350444316 3.0383857861161214 3.8454873636364937 2.2354374825954437 1.6438909098505972 1.5684285014867809
leaf_count=26 16 30 19 15 13 16
internal_value=-0.0105363 -0.0176353 -0.0111433 0.000916451 0.00673814 0.0173454
internal_weight=17.8635 12.6607 9.11931 5.27382 5.20288 3.55899
internal_count=135 80 64 45 55 42
is_linear=0
shrinkage=0.02


Tree=28
num_leaves=5
num_cat=0
split_feature=4 5 7 7
split_gain=5.26922 3.17429 2.44611 2.22138
threshold=0.96053000000000333 8.6429599999999738 0.0042477915832339628 -0.0030471366415318886
decision_type=2 2 2 2
left_child=3 2 -2 -1
right_child=1 -3 -4 -5
leaf_value=0.02070036547260699 -0.01849184018213651 -0.030312224832025537 0.0052426140179822455 -0.0048223726353684966
leaf_weight=2.3141484633088112 4.5641919597983343 4.8369426727294922 2.803959347307682 3.3223669081926372
leaf_count=28 30 23 24 30
internal_value=-0.0103374 -0.0177236 -0.00945966 0.00565634
internal_weight=17.8416 12.2051 7.36815 5.63652
internal_count=135 77 54 58
is_linear=0
shrinkage=0.02


Tree=29
num_leaves=7
num_cat=0
split_feature=4 10 5 10 7 7
split_gain=5.06339 3.2737 4.25622 4.69264 3.01285 1.23682
threshold=0.8938566666666703 32.376070860043733 8.6429599999999738 59.137663938209016 0.0072977557533104873 -0.0030471366415318886
decision_type=2 2 2 2 2 2
left_child=4 -2 3 -3 5 -1
right_child=1 2 -4 -5 -6 -7
leaf_value=0.027672348055580113 -0.033244763576212241 0.017323066385709927 -0.026607028025334382 -0.020792801148009816 -0.015716043949526099 0.0038092843562581814
leaf_weight=1.9466687329113483 3.5456532910466185 3.0270774140954 3.8448820039629936 2.2540954649448395 1.6531041637063024 1.569053731858733
leaf_count=26 16 30 19 15 13 16
internal_value=-0.0101309 -0.0169358 -0.0105995 0.00105456 0.00655189 0.0170224
internal_weight=17.8405 12.6717 9.12605 5.28117 5.16883 3.51572
internal_count=135 80 64 45 55 42
is_linear=0
shrinkage=0.02


Tree=30
num_leaves=7
num_cat=0
split_feature=4 10 5 10 7 7
split_gain=4.86416 3.14203 4.08975 4.50738 2.90696 1.21594
threshold=0.8938566666666703 32.376070860043733 8.6429599999999738 59.137663938209016 0.0072977557533104873 -0.0030471366415318886
decision_type=2 2 2 2 2 2
left_child=4 -2 3 -3 5 -1
right_child=1 2 -4 -5 -6 -7
leaf_value=0.027478165173198399 -0.032585159102866149 0.017073195042749449 -0.026090365527502588 -0.020274211254853104 -0.015338666209507497 0.0037386581719302189
leaf_weight=1.9214704148471355 3.5450801998376837 3.0101234987378103 3.8426218703389168 2.2654008716344833 1.6598308160901067 1.5667444765567806
leaf_count=26 16 30 19 15 13 16
internal_value=-0.00994386 -0.0166079 -0.010396 0.00103558 0.00644835 0.0168155
internal_weight=17.8113 12.6632 9.11815 5.27552 5.14805 3.48821
internal_count=135 80 64 45 55 42
is_linear=0
shrinkage=0.02


Tree=31
num_leaves=7
num_cat=0
split_feature=4 10 5 10 7 6
split_gain=4.68471 2.9026 3.82328 4.15495 1.87776 2.19501
threshold=0.96053000000000333 32.376070860043733 8.6429599999999738 59.137663938209016 0.0072977557533104873 -2.2452499999999991
decision_type=2 2 2 2 2 2
left_child=4 -2 3 -3 5 -1
right_child=1 2 -4 -5 -6 -7
leaf_value=-0.0025824805767824034 -0.031955553378043025 0.01633801340776635 -0.026658703332400748 -0.019774783246856237 -0.011594016207996176 0.027819993239371118
leaf_weight=1.8146964460611343 3.5426503717899314 2.8957812935113889 3.4842266514897346 2.2760531902313232 1.7712876945734022 1.9932857528328922
leaf_count=18 16 29 17 15 14 26
internal_value=-0.00976258 -0.0167058 -0.0104646 0.000445269 0.00541835 0.0133317
internal_weight=17.778 12.1987 8.65606 5.17183 5.57927 3.80798
internal_count=135 77 61 44 58 44
is_linear=0
shrinkage=0.02


Tree=32
num_leaves=5
num_cat=0
split_feature=8 5 3 3
split_gain=4.60075 3.36568 2.24125 1.39885
threshold=0.73000719191690711 5.86905999999997 0.28517999999998894 1.5431799999999902
decision_type=2 2 2 2
left_child=1 -1 -3 -4
right_child=-2 2 3 -5
leaf_value=0.0076346040696341246 0.015538126891857561 -0.0056543667859285385 -0.033068815761836991 -0.016788135341577418
leaf_weight=2.4744559079408672 2.5041959583759299 4.0937359631061545 3.6331513077020627 5.038586713373661
leaf_count=23 27 35 18 32
internal_value=-0.00958503 -0.0137132 -0.0178513 -0.0236092
internal_weight=17.7441 15.2399 12.7655 8.67174
internal_count=135 108 85 50
is_linear=0
shrinkage=0.02


Tree=33
num_leaves=7
num_cat=0
split_feature=4 10 5 10 7 6
split_gain=4.45987 2.7835 3.63592 3.91011 1.78854 2.13174
threshold=0.96053000000000333 32.376070860043733 8.6429599999999738 59.137663938209016 0.0072977557533104873 -2.2452499999999991
decision_type=2 2 2 2 2 2
left_child=4 -2 3 -3 5 -1
right_child=1 2 -4 -5 -6 -7
leaf_value=-0.002411577807530616 -0.031116339412996279 0.016105395184844714 -0.025870785875645858 -0.018908161025336975 -0.011120079931229005 0.027625527596134937
leaf_weight=1.8170168995857239 3.5364115238189688 2.8775052502751333 3.4760878831148148 2.291953980922699 1.7747489213943479 1.9695242531597641
leaf_count=18 16 29 17 15 14 26
internal_value=-0.00939347 -0.0161684 -0.010054 0.000581632 0.00544692 0.0132119
internal_weight=17.7432 12.182 8.64555 5.16946 5.56129 3.78654
internal_count=135 77 61 44 58 44
is_linear=0
shrinkage=0.02


Tree=34
num_leaves=5
num_cat=0
split_feature=8 5 3 3
split_gain=4.38343 3.15942 2.06902 1.32415
threshold=0.73000719191690711 5.86905999999997 0.28517999999998894 1.5431799999999902
decision_type=2 2 2 2
left_child=1 -1 -3 -4
right_child=-2 2 3 -5
leaf_value=0.007512156647868631 0.015396437374981784 -0.0055156450754496834 -0.031972068605496749 -0.016135055421905398
leaf_weight=2.4585483074188259 2.486041732132434 4.0865907706320277 3.6370963528752309 5.0355206355452538
leaf_count=23 27 35 18 32
internal_value=-0.00922564 -0.013248 -0.0172483 -0.0227767
internal_weight=17.7038 15.2178 12.7592 8.67262
internal_count=135 108 85 50
is_linear=0
shrinkage=0.02


Tree=35
num_leaves=7
num_cat=0
split_feature=4 10 5 10 3 2
split_gain=4.25005 2.67407 3.4617 3.68266 1.73919 1.44565
threshold=0.96053000000000333 32.376070860043733 8.6429599999999738 59.137663938209016 1.3173399999999957 37.500000000000007
decision_type=2 2 2 2 2 2
left_child=4 -2 3 -3 5 -1
right_child=1 2 -4 -5 -6 -7
leaf_value=0.0017299897361498105 -0.030334830876153494 0.01587665790170124 -0.025129123971822966 -0.018095622190088829 -0.010377367143999941 0.026810553300684051
leaf_weight=1.9769697152078181 3.5265355035662642 2.8590961396694166 3.4651834294199944 2.3056364953517914 1.846594877541065 1.7182634845376012
leaf_count=19 16 29 17 15 15 24
internal_value=-0.0090437 -0.0156611 -0.00966476 0.000710775 0.00547201 0.0133923
internal_weight=17.6983 12.1565 8.62992 5.16473 5.54183 3.69523
internal_count=135 77 61 44 58 43
is_linear=0
shrinkage=0.02


Tree=36
num_leaves=5
num_cat=0
split_feature=8 5 3 3
split_gain=4.13678 2.98823 1.89369 1.27689
threshold=0.73000719191690711 5.86905999999997 0.28517999999998894 1.5431799999999902
decision_type=2 2 2 2
left_child=1 -1 -3 -4
right_child=-2 2 3 -5
leaf_value=0.007464187916611951 0.015186439636757934 -0.0054207406629109981 -0.030979893723569091 -0.015427646040065406
leaf_weight=2.4472245872020748 2.4581672847270957 4.0760792717337599 3.6364555135369283 5.0361135341227055
leaf_count=23 27 35 18 32
internal_value=-0.00888467 -0.0127785 -0.0166643 -0.0219488
internal_weight=17.654 15.1959 12.7486 8.67257
internal_count=135 108 85 50
is_linear=0
shrinkage=0.02


Tree=37
num_leaves=7
num_cat=0
split_feature=4 10 5 10 7 6
split_gain=4.05426 2.573 3.29937 3.4711 1.69353 2.07778
threshold=0.96053000000000333 32.376070860043733 8.6429599999999738 59.137663938209016 0.0072977557533104873 -2.2452499999999991
decision_type=2 2 2 2 2 2
left_child=4 -2 3 -3 5 -1
right_child=1 2 -4 -5 -6 -7
leaf_value=-0.0023119736084274466 -0.0296050240787585 0.015651706215162046 -0.024429797876754315 -0.017332540167462013 -0.010653453787109664 0.0274618459292186
leaf_weight=1.8121250532567501 3.5133990794420233 2.8405852466821653 3.4518374130129814 2.3172565698623657 1.7666940763592718 1.9425728656351593
leaf_count=18 16 29 17 15 14 26
internal_value=-0.00871152 -0.0151814 -0.00929554 0.000832919 0.0054942 0.0130921
internal_weight=17.6445 12.1231 8.60968 5.15784 5.52139 3.7547
internal_count=135 77 61 44 58 44
is_linear=0
shrinkage=0.02


Tree=38
num_leaves=6
num_cat=0
split_feature=8 4 7 8 5
split_gain=3.94716 2.22203 2.29579 1.7497 0.559167
threshold=0.73000719191690711 0.96053000000000333 0.0042477915832339628 0.54763126209071478 7.7166499999999738
decision_type=2 2 2 2 2
left_child=1 3 4 -1 -3
right_child=-2 2 -4 -5 -6
leaf_value=0.011970110213297054 0.015048437439498548 -0.017398324131295124 -0.0035298308111716315 -0.013418483578534547 -0.028416182862512147
leaf_weight=2.2488415651023415 2.4398526549339286 3.3679582774639112 3.3717904463410378 2.0994570255279541 4.0679184198379517
leaf_count=27 27 22 25 15 19
internal_value=-0.00856056 -0.0123612 -0.0172186 -0.000288078 -0.0234258
internal_weight=17.5958 15.156 10.8077 4.3483 7.43588
internal_count=135 108 66 42 41
is_linear=0
shrinkage=0.02


Tree=39
num_leaves=6
num_cat=0
split_feature=4 10 5 3 2
split_gain=3.77648 2.48796 3.13324 1.65531 1.40672
threshold=0.96053000000000333 32.376070860043733 7.2863199999999697 1.3173399999999957 37.500000000000007
decision_type=2 2 2 2 2
left_child=3 -2 -3 4 -1
right_child=1 2 -4 -5 -6
leaf_value=0.0016933119645511996 -0.028865015876382984 0.0061290145697078611 -0.018592070631608039 -0.010070904393903348 0.026631245455152049
leaf_weight=1.9641784206032782 3.4976947754621497 3.3832982480525953 5.2069864273071289 1.8452389314770696 1.6775432825088499
leaf_count=19 16 32 29 15 24
internal_value=-0.00839921 -0.0146454 -0.00885563 0.0053614 0.0131809
internal_weight=17.5749 12.088 8.59028 5.48696 3.64172
internal_count=135 77 61 58 43
is_linear=0
shrinkage=0.02


Tree=40
num_leaves=7
num_cat=0
split_feature=4 10 5 10 7 6
split_gain=3.63376 2.40401 3.05802 3.30052 1.63056 2.04873
threshold=0.96053000000000333 32.376070860043733 8.6429599999999738 59.137663938209016 0.0072977557533104873 -2.2452499999999991
decision_type=2 2 2 2 2 2
left_child=4 -2 3 -3 5 -1
right_child=1 2 -4 -5 -6 -7
leaf_value=-0.0024856905671927182 -0.028387567834466419 0.015556981129796968 -0.023339868518517881 -0.016605232069667686 -0.010592530236715492 0.027252934387749783
leaf_weight=1.8035486899316311 3.4855133071541777 2.8281870633363706 3.4244755879044533 2.3259243741631508 1.7577013224363325 1.905766129493716
leaf_count=18 16 29 17 15 14 26
internal_value=-0.00825163 -0.0143812 -0.00869039 0.00104296 0.00527457 0.0127934
internal_weight=17.5311 12.0641 8.57859 5.15411 5.46702 3.70931
internal_count=135 77 61 44 58 44
is_linear=0
shrinkage=0.02


Tree=41
num_leaves=6
num_cat=0
split_feature=4 10 5 10 7
split_gain=3.49987 2.32173 2.95598 3.89616 1.84377
threshold=0.96053000000000333 32.376070860043733 8.372769999999969 59.137663938209016 -0.0030471366415318886
decision_type=2 2 2 2 2
left_child=4 -2 3 -3 -1
right_child=1 2 -4 -5 -6
leaf_value=0.019522880332903451 -0.027927464306969862 0.020196393487050726 -0.021506370951027708 -0.016229931249724716 -0.0042570141547436016
leaf_weight=2.1637639850378036 3.4722112268209449 2.3663434162735921 3.8594076111912727 2.3320516496896744 3.2830868810415295
leaf_count=28 16 26 20 15 30
internal_value=-0.00811144 -0.0141338 -0.00853715 0.00211616 0.00518956
internal_weight=17.4769 12.03 8.5578 4.6984 5.44685
internal_count=135 77 61 41 58
is_linear=0
shrinkage=0.02


Tree=42
num_leaves=6
num_cat=0
split_feature=4 10 5 10 7
split_gain=3.37225 2.24318 2.85305 3.06305 1.78699
threshold=0.96053000000000333 32.376070860043733 8.6429599999999738 59.137663938209016 -0.0030471366415318886
decision_type=2 2 2 2 2
left_child=4 -2 3 -3 -1
right_child=1 2 -4 -5 -6
leaf_value=0.019299367506413121 -0.027483605498265295 0.015158863071560036 -0.022590228266588293 -0.015866013360187441 -0.0041667082351911425
leaf_weight=2.1452341452240944 3.4578652381896964 2.7944565638899785 3.4025730714201927 2.337772011756897 3.2871155627071884
leaf_count=28 16 29 17 15 30
internal_value=-0.00797271 -0.0138943 -0.00838862 0.00102678 0.00510004
internal_weight=17.425 11.9927 8.5348 5.13223 5.43235
internal_count=135 77 61 44 58
is_linear=0
shrinkage=0.02


Tree=43
num_leaves=6
num_cat=0
split_feature=4 7 7 8 5
split_gain=3.25832 2.37336 2.33179 1.16244 0.893656
threshold=0.8938566666666703 0.0072977557533104873 0.0042477915832339628 0.60596880369497919 7.7166499999999738
decision_type=2 2 2 2 2
left_child=1 3 4 -1 -2
right_child=2 -3 -4 -5 -6
leaf_value=0.02643586366396216 -0.012535339163253672 -0.013665136795025313 -0.00079020288008114852 0.0026269427688408054 -0.025603206581234762
leaf_weight=1.8082389496266871 4.0306002199649793 1.6606188863515852 4.0169035643339148 1.5012649670243261 4.3549416586756706
leaf_count=26 28 13 31 16 21
internal_value=-0.00783684 0.00584563 -0.0133199 0.0156356 -0.019322
internal_weight=17.3726 4.97012 12.4024 3.3095 8.38554
internal_count=135 55 80 42 49
is_linear=0
shrinkage=0.02


Tree=44
num_leaves=5
num_cat=0
split_feature=8 6 5 1
split_gain=3.14545 2.43009 3.01597 1.4064
threshold=0.68854602331711745 -1.2223499999999998 7.2863199999999697 -0.41260000000000008
decision_type=2 2 2 2
left_child=1 3 -3 -1
right_child=-2 2 -4 -5
leaf_value=-0.012456484411609023 0.011596741419984848 0.012708121487889466 -0.013417947438212369 -0.030697069031905364
leaf_weight=4.1152765713632107 2.8292638696730128 2.8366126865148553 4.6890108436346054 2.8699398525059232
leaf_count=29 30 28 32 16
internal_value=-0.00769426 -0.0114555 -0.00357032 -0.0199508
internal_weight=17.3401 14.5108 7.52562 6.98522
internal_count=135 105 60 45
is_linear=0
shrinkage=0.02


Tree=45
num_leaves=5
num_cat=0
split_feature=4 10 5 2
split_gain=3.10694 2.20193 2.71098 1.57182
threshold=0.96053000000000333 32.376070860043733 7.2863199999999697 46.500000000000007
decision_type=2 2 2 2
left_child=3 -2 -3 -1
right_child=1 2 -4 -5
leaf_value=-0.0034603675930107679 -0.026765066265069973 0.0061787011742546983 -0.016919740763991331 0.01873634464075213
leaf_weight=3.3306789807975319 3.430778205394744 3.3626554906368238 5.1379033774137497 2.0686841234564781
leaf_count=31 16 32 29 27
internal_value=-0.00754418 -0.0132408 -0.00778245 0.00504397
internal_weight=17.3307 11.9313 8.50056 5.39936
internal_count=135 77 61 58
is_linear=0
shrinkage=0.02


Tree=46
num_leaves=7
num_cat=0
split_feature=4 10 5 10 3 2
split_gain=2.99224 2.13281 2.62633 3.55922 1.56346 1.38448
threshold=0.96053000000000333 32.376070860043733 8.372769999999969 59.137663938209016 1.3173399999999957 37.500000000000007
decision_type=2 2 2 2 2 2
left_child=4 -2 3 -3 5 -1
right_child=1 2 -4 -5 -6 -7
leaf_value=0.0012677716769354814 -0.026360161085834256 0.019879076434246169 -0.019976086380269563 -0.015008206556154008 -0.010066176128205319 0.026326994906510515
leaf_weight=1.9352131262421637 3.4139758571982375 2.3341182172298414 3.8066610470414162 2.3447719588875771 1.8295206576585767 1.6202307268977163
leaf_count=19 16 26 20 15 15 24
internal_value=-0.00741317 -0.0130111 -0.00764039 0.00239572 0.00495694 0.0126874
internal_weight=17.2845 11.8995 8.48555 4.67889 5.38496 3.55544
internal_count=135 77 61 41 58 43
is_linear=0
shrinkage=0.02


Tree=47
num_leaves=5
num_cat=0
split_feature=8 6 5 1
split_gain=2.91829 2.32923 2.83801 0.947383
threshold=0.68854602331711745 -1.2223499999999998 7.2863199999999697 -0.56209999999999993
decision_type=2 2 2 2
left_child=1 3 -3 -1
right_child=-2 2 -4 -5
leaf_value=-0.012880965344690997 0.011431103736716417 0.01271817598303473 -0.012725562506597198 -0.027806701124252899
leaf_weight=3.9917913526296616 2.790462762117385 2.8098317496478566 4.6644834317266941 2.9641722589731225
leaf_count=28 30 28 32 17
internal_value=-0.00729156 -0.0109121 -0.00316046 -0.0192413
internal_weight=17.2207 14.4303 7.47432 6.95596
internal_count=135 105 60 45
is_linear=0
shrinkage=0.02


Tree=48
num_leaves=7
num_cat=0
split_feature=4 10 5 10 3 2
split_gain=2.86127 2.0889 2.50549 2.75243 1.48837 1.35037
threshold=0.96053000000000333 32.376070860043733 8.6429599999999738 59.137663938209016 1.3173399999999957 37.500000000000007
decision_type=2 2 2 2 2 2
left_child=4 -2 3 -3 5 -1
right_child=1 2 -4 -5 -6 -7
leaf_value=0.0013281864709673017 -0.025898255856683216 0.015007508834512935 -0.02080956514370056 -0.014434267715153659 -0.0096439931032789566 0.02617751418426633
leaf_weight=1.9362714700400858 3.3925195261836043 2.7634533643722516 3.333423025906086 2.3504285514354706 1.8363458588719366 1.5955959968268869
leaf_count=19 16 29 17 15 15 24
internal_value=-0.00715078 -0.0126422 -0.00731846 0.00147556 0.00496082 0.0125544
internal_weight=17.208 11.8398 8.4473 5.11388 5.36821 3.53187
internal_count=135 77 61 44 58 43
is_linear=0
shrinkage=0.02


Tree=49
num_leaves=6
num_cat=0
split_feature=10 3 3 0 10
split_gain=2.82024 4.11902 2.75024 2.34689 0.570791
threshold=20.328895993970288 0.28517999999998894 -0.99418000000000972 8.5698500000000006 43.171177645947218
decision_type=2 2 2 2 2
left_child=-1 2 -2 4 -3
right_child=1 3 -4 -5 -6
leaf_value=-0.024896250082662292 -0.00054229202972653557 -0.023643836261464112 0.03035233123279835 0.0038840352769959246 -0.011780149989564136
leaf_weight=2.9311725907027748 2.9137295484542847 3.2657193280756456 1.9068421609699715 2.9027952812612057 3.2232609763741493
leaf_count=18 30 17 23 24 23
internal_value=-0.00703404 -0.00335012 0.0116785 -0.0110639 -0.0177508
internal_weight=17.1435 14.2123 4.82057 9.39178 6.48898
internal_count=135 117 53 64 40
is_linear=0
shrinkage=0.02


Tree=50
num_leaves=5
num_cat=0
split_feature=4 10 4 4
split_gain=3.01334 2.07361 2.56807 0.855584
threshold=-0.39103333333333007 49.125531210628942 1.7986300000000031 1.1735300000000037
decision_type=2 2 2 2
left_child=-1 2 3 -2
right_child=1 -3 -4 -5
leaf_value=0.016349050837777216 -0.014877358717102575 0.0017126184724399693 0.00073389666616801728 -0.028308553917898487
leaf_weight=1.9719678089022661 4.2771331593394262 4.3551184348762026 3.0981260910630226 3.4093013405799866
leaf_count=30 27 38 24 16
internal_value=-0.00690598 -0.00993498 -0.0146386 -0.0208347
internal_weight=17.1116 15.1397 10.7846 7.68643
internal_count=135 105 67 43
is_linear=0
shrinkage=0.02


Tree=51
num_leaves=5
num_cat=0
split_feature=8 6 5 9
split_gain=2.74576 2.1816 2.69709 0.916385
threshold=0.68854602331711745 -1.2223499999999998 7.2863199999999697 -0.63700000000017087
decision_type=2 2 2 2
left_child=1 3 -3 -1
right_child=-2 2 -4 -5
leaf_value=-0.011376645703483609 0.011507823049450335 0.01284415356187002 -0.012098197223534186 -0.025949416479223268
leaf_weight=3.5918251946568489 2.7530016526579848 2.7725361995399007 4.6300807185471058 3.3228463754057893
leaf_count=25 30 28 32 20
internal_value=-0.00678445 -0.0103018 -0.00275642 -0.0183796
internal_weight=17.0703 14.3173 7.40262 6.91467
internal_count=135 105 60 45
is_linear=0
shrinkage=0.02


Tree=52
num_leaves=6
num_cat=0
split_feature=10 3 3 0 10
split_gain=2.71693 3.88998 2.66225 2.22289 0.718991
threshold=20.328895993970288 0.28517999999998894 -0.99418000000000972 8.5698500000000006 44.706520540939444
decision_type=2 2 2 2 2
left_child=-1 2 -2 4 -3
right_child=1 3 -4 -5 -6
leaf_value=-0.024214362308121001 -0.00036715833591933057 -0.023288265410795976 0.030180712481916762 0.0040392227456026979 -0.0099109196125318072
leaf_weight=2.9208605773746994 2.9018207043409348 3.4492873847484571 1.8807953372597683 2.8933502957224846 3.0091248601675034
leaf_count=18 30 18 23 24 22
internal_value=-0.00665442 -0.00302567 0.011646 -0.0105289 -0.0170554
internal_weight=17.0552 14.1344 4.78262 9.35176 6.45841
internal_count=135 117 53 64 40
is_linear=0
shrinkage=0.02


Tree=53
num_leaves=6
num_cat=0
split_feature=4 10 5 7 6
split_gain=2.69101 1.92099 2.30693 1.43522 1.91474
threshold=0.96053000000000333 32.376070860043733 7.2863199999999697 0.0072977557533104873 -2.2452499999999991
decision_type=2 2 2 2 2
left_child=3 -2 -3 4 -1
right_child=1 2 -4 -5 -6
leaf_value=-0.0023413551293684273 -0.024769157879995302 0.0061346718687218162 -0.015336217734579022 -0.0097156078623110761 0.026820679992313971
leaf_weight=1.7785250619053841 3.3248791694641104 3.3239320144057256 5.0319122150540352 1.7349295392632482 1.8244773820042637
leaf_count=18 16 32 29 14 26
internal_value=-0.00653518 -0.0119114 -0.00679516 0.0052293 0.0124256
internal_weight=17.0187 11.6807 8.35584 5.33793 3.603
internal_count=135 77 61 58 44
is_linear=0
shrinkage=0.02


Tree=54
num_leaves=5
num_cat=0
split_feature=4 10 4 4
split_gain=2.85642 1.91226 2.44159 0.829961
threshold=-0.39103333333333007 49.125531210628942 1.7986300000000031 1.1735300000000037
decision_type=2 2 2 2
left_child=-1 2 3 -2
right_child=1 -3 -4 -5
leaf_value=0.016307344394711879 -0.014160428948305315 0.0018212189503089735 0.0010829803658286953 -0.027477759118896446
leaf_weight=1.9557954519987131 4.248372405767439 4.3296411558985701 3.0799852386116982 3.3463648781180382
leaf_count=30 27 38 24 16
internal_value=-0.00642652 -0.00938984 -0.013937 -0.0200283
internal_weight=16.9602 15.0044 10.6747 7.59474
internal_count=135 105 67 43
is_linear=0
shrinkage=0.02


Tree=55
num_leaves=5
num_cat=0
split_feature=4 10 4 4
split_gain=2.75632 1.84258 2.35711 1.16046
threshold=-0.39103333333333007 49.125531210628942 1.7986300000000031 1.1477466666666698
decision_type=2 2 2 2
left_child=-1 2 3 -2
right_child=1 -3 -4 -5
leaf_value=0.016128414909974034 -0.011888871623083727 0.0017855405930769196 0.0010613990896227387 -0.027549773053441702
leaf_weight=1.9381220526993299 3.7986431866884214 4.327850028872489 3.0797609910368919 3.7718024179339409
leaf_count=30 25 38 24 18
internal_value=-0.00631458 -0.00921865 -0.0136903 -0.0196916
internal_weight=16.9162 14.9781 10.6502 7.57045
internal_count=135 105 67 43
is_linear=0
shrinkage=0.02


Tree=56
num_leaves=5
num_cat=0
split_feature=8 6 5 9
split_gain=2.63618 2.04634 2.55405 0.933447
threshold=0.68854602331711745 -1.2223499999999998 7.2863199999999697 -0.63700000000017087
decision_type=2 2 2 2
left_child=1 3 -3 -1
right_child=-2 2 -4 -5
leaf_value=-0.010399408293833129 0.011825535139037646 0.013034079146826541 -0.011427580654242327 -0.025177479285230987
leaf_weight=3.5448478125035763 2.7202146314084521 2.7223920300602922 4.5790631100535393 3.3024446330964574
leaf_count=25 30 28 32 20
internal_value=-0.00620591 -0.00967261 -0.0023069 -0.0175269
internal_weight=16.869 14.1487 7.30146 6.84729
internal_count=135 105 60 45
is_linear=0
shrinkage=0.02


Tree=57
num_leaves=5
num_cat=0
split_feature=4 10 4 4
split_gain=2.65305 1.79357 2.28115 1.15103
threshold=-0.39103333333333007 49.125531210628942 1.7986300000000031 1.1477466666666698
decision_type=2 2 2 2
left_child=-1 2 3 -2
right_child=1 -3 -4 -5
leaf_value=0.016012995248943961 -0.011533902368611291 0.0019201062497305121 0.0011514989075908 -0.027174645529947097
leaf_weight=1.9244524016976381 3.7939687967300397 4.3229829818010321 3.0746651664376259 3.7346794232726097
leaf_count=30 25 38 24 18
internal_value=-0.00608819 -0.0089377 -0.0133644 -0.0192927
internal_weight=16.8507 14.9263 10.6033 7.52865
internal_count=135 105 67 43
is_linear=0
shrinkage=0.02


Tree=58
num_leaves=6
num_cat=0
split_feature=10 3 3 0 1
split_gain=2.55832 3.59649 2.567 2.08427 0.21172
threshold=20.328895993970288 0.28517999999998894 -0.99418000000000972 8.5698500000000006 1.1797000000000002
decision_type=2 2 2 2 2
left_child=-1 2 -2 4 -3
right_child=1 3 -4 -5 -6
leaf_value=-0.02318153327268159 -8.3690276029281755e-05 -0.012516894813983553 0.030184373374358572 0.0044650739657609894 -0.01981430370904479
leaf_weight=2.8691684417426613 2.8546775579452515 3.2663835063576681 1.8452174626290787 2.8678149580955505 3.0992795526981354
leaf_count=18 30 21 23 24 19
internal_value=-0.00598385 -0.0024425 0.0117998 -0.00969191 -0.0160698
internal_weight=16.8025 13.9334 4.6999 9.23348 6.36566
internal_count=135 117 53 64 40
is_linear=0
shrinkage=0.02


Tree=59
num_leaves=5
num_cat=0
split_feature=8 6 5 1
split_gain=2.52229 1.93997 2.44117 0.908159
threshold=0.68854602331711745 -1.2223499999999998 7.2863199999999697 -0.56209999999999993
decision_type=2 2 2 2
left_child=1 3 -3 -1
right_child=-2 2 -4 -5
leaf_value=-0.010581336892374173 0.011842111359028398 0.013021970419992866 -0.010991836073660064 -0.025319583346418914
leaf_weight=3.8836639001965523 2.6971167810261241 2.6944489292800435 4.5573442503809929 2.9371329285204419
leaf_count=28 30 28 32 17
internal_value=-0.00587538 -0.00927106 -0.00206936 -0.0169278
internal_weight=16.7697 14.0726 7.25179 6.8208
internal_count=135 105 60 45
is_linear=0
shrinkage=0.02


Tree=60
num_leaves=5
num_cat=0
split_feature=4 10 4 4
split_gain=2.56705 1.72624 2.18311 1.13436
threshold=-0.39103333333333007 49.125531210628942 1.7986300000000031 1.1477466666666698
decision_type=2 2 2 2
left_child=-1 2 3 -2
right_child=1 -3 -4 -5
leaf_value=0.016016227727154792 -0.011082775984854409 0.0020863291368607311 0.0012753893589654741 -0.026679131504873912
leaf_weight=1.9166725054383302 3.7800141796469671 4.306991893798112 3.0621291175484657 3.6827126890420914
leaf_count=30 25 38 24 18
internal_value=-0.00576502 -0.00857974 -0.0129445 -0.0187793
internal_weight=16.7485 14.8318 10.5249 7.46273
internal_count=135 105 67 43
is_linear=0
shrinkage=0.02


Tree=61
num_leaves=6
num_cat=0
split_feature=10 3 3 0 1
split_gain=2.46467 3.40382 2.48989 1.97485 0.206227
threshold=20.328895993970288 0.28517999999998894 -0.99418000000000972 8.5698500000000006 1.1797000000000002
decision_type=2 2 2 2 2
left_child=-1 2 -2 4 -3
right_child=1 3 -4 -5 -6
leaf_value=-0.022590291916221462 4.9304788471447964e-05 -0.011944928295297157 0.030025857393542191 0.0045677615267427684 -0.019166051753894527
leaf_weight=2.8539238758385208 2.8396119736135006 3.2440547347068769 1.8179116919636715 2.8558564223349094 3.0876485966145992
leaf_count=18 30 21 23 24 19
internal_value=-0.00566679 -0.0021783 0.0117497 -0.00923892 -0.0154663
internal_weight=16.699 13.8451 4.65752 9.18756 6.3317
internal_count=135 117 53 64 40
is_linear=0
shrinkage=0.02


Tree=62
num_leaves=5
num_cat=0
split_feature=8 6 5 9
split_gain=2.41533 1.84169 2.33475 0.88797
threshold=0.68854602331711745 -1.2223499999999998 7.2863199999999697 -0.63700000000017087
decision_type=2 2 2 2
left_child=1 3 -3 -1
right_child=-2 2 -4 -5
leaf_value=-0.0093498818542275108 0.011853454844432039 0.01300547322969316 -0.010579150995619581 -0.023821706844522162
leaf_weight=3.4982610456645489 2.67352121323347 2.6660973653197297 4.5346356704831123 3.2917937077581891
leaf_count=25 30 28 32 20
internal_value=-0.00556475 -0.00889322 -0.00184686 -0.0163658
internal_weight=16.6643 13.9908 7.20073 6.79005
internal_count=135 105 60 45
is_linear=0
shrinkage=0.02


Tree=63
num_leaves=6
num_cat=0
split_feature=10 2 5 9 9
split_gain=2.38894 3.30376 2.57723 4.21733 1.67298
threshold=20.328895993970288 8.5000000000000018 7.2863199999999697 -0.20100000000024917 -1.155666666666775
decision_type=2 2 2 2 2
left_child=-1 -2 -3 4 -4
right_child=1 2 3 -5 -6
leaf_value=-0.022125556340943656 -0.021931815191051689 0.017894519501611784 0.019250383999059279 -0.024800977734285454 -0.0032101037856775982
leaf_weight=2.85122933238745 2.683271098881959 3.2137960046529752 2.3572899252176285 2.5035938173532486 3.0336360782384872
leaf_count=18 16 36 27 14 24
internal_value=-0.00546036 -0.00201505 0.00279594 -0.00335057 0.00661119
internal_weight=16.6428 13.7916 11.1083 7.89452 5.39093
internal_count=135 117 101 65 51
is_linear=0
shrinkage=0.02


Tree=64
num_leaves=7
num_cat=0
split_feature=4 10 5 10 7 6
split_gain=2.33275 1.72693 1.93905 2.36578 1.36557 2.03675
threshold=0.96053000000000333 32.376070860043733 8.6429599999999738 59.137663938209016 0.0072977557533104873 -2.7594999999999996
decision_type=2 2 2 2 2 2
left_child=4 -2 3 -3 5 -1
right_child=1 2 -4 -5 -6 -7
leaf_value=-0.0037421115630819463 -0.022959139582726103 0.014920377976255684 -0.017942843210355677 -0.012576105295568601 -0.0090659527235272229 0.026672161003183165
leaf_weight=1.6267390437424183 3.1839477568864814 2.6846214979886991 3.1334032118320465 2.3448989912867546 1.7025271616876123 1.9205066114664104
leaf_count=16 16 29 17 15 14 28
internal_value=-0.00536587 -0.0104661 -0.00559313 0.00210077 0.00565769 0.0127244
internal_weight=16.5966 11.3469 8.16292 5.02952 5.24977 3.54725
internal_count=135 77 61 44 58 44
is_linear=0
shrinkage=0.02


Tree=65
num_leaves=6
num_cat=0
split_feature=10 2 5 10 3
split_gain=2.26132 3.16831 2.4374 4.0856 2.29983
threshold=20.328895993970288 8.5000000000000018 7.2863199999999697 40.007286691720338 1.3173399999999957
decision_type=2 2 2 2 2
left_child=-1 -2 -3 4 -4
right_child=1 2 3 -5 -6
leaf_value=-0.02155279936219797 -0.021451419080774862 0.017606973504705987 0.025306621789339109 -0.018863436845565126 -0.0041338829622869231
leaf_weight=2.8312818147242096 2.6728549525141707 3.1747150905430299 2.0560377649962902 3.5928312055766582 2.193901464343071
leaf_count=18 16 36 27 22 16
internal_value=-0.00528232 -0.00191745 0.00282152 -0.00316356 0.0101089
internal_weight=16.5216 13.6903 11.0175 7.84277 4.24994
internal_count=135 117 101 65 43
is_linear=0
shrinkage=0.02


Tree=66
num_leaves=7
num_cat=0
split_feature=4 10 5 10 7 6
split_gain=2.22548 1.67648 1.82761 2.23583 1.33183 1.97771
threshold=0.96053000000000333 32.376070860043733 8.6429599999999738 59.137663938209016 0.0072977557533104873 -2.7594999999999996
decision_type=2 2 2 2 2 2
left_child=4 -2 3 -3 5 -1
right_child=1 2 -4 -5 -6 -7
leaf_value=-0.0035395190914729092 -0.022572483333376074 0.014649774052626048 -0.017446993875541626 -0.012148723755860673 -0.0089383626412323901 0.026542489285177186
leaf_weight=1.6262548938393593 3.1524027511477462 2.6585362181067449 3.1004552841186523 2.3426644876599312 1.6979338824748991 1.8903735950589207
leaf_count=16 16 29 17 15 14 28
internal_value=-0.00519305 -0.0101976 -0.00538249 0.00209681 0.00560782 0.0126311
internal_weight=16.4686 11.2541 8.10166 5.0012 5.21456 3.51663
internal_count=135 77 61 44 58 44
is_linear=0
shrinkage=0.02


Tree=67
num_leaves=5
num_cat=0
split_feature=8 6 5 9
split_gain=2.20389 1.70956 2.05969 0.855804
threshold=0.68854602331711745 -1.2223499999999998 7.2863199999999697 -0.63700000000017087
decision_type=2 2 2 2
left_child=1 3 -3 -1
right_child=-2 2 -4 -5
leaf_value=-0.0086025569234399642 0.011708237139889298 0.012724639279222558 -0.0096733152900624463 -0.022895188196458513
leaf_weight=3.4520817697048187 2.6180887445807448 2.5960661508142957 4.4699949473142624 3.2566268257796773
leaf_count=25 30 28 32 20
internal_value=-0.00511261 -0.00830965 -0.00144432 -0.0155407
internal_weight=16.3929 13.7748 7.06606 6.70871
internal_count=135 105 60 45
is_linear=0
shrinkage=0.02


Tree=68
num_leaves=6
num_cat=0
split_feature=10 2 5 9 9
split_gain=2.15816 2.99532 2.26041 3.94753 1.5487
threshold=20.328895993970288 8.5000000000000018 7.2863199999999697 -0.20100000000024917 -1.155666666666775
decision_type=2 2 2 2 2
left_child=-1 -2 -3 4 -4
right_child=1 2 3 -5 -6
leaf_value=-0.020961255096698515 -0.020747163368631614 0.017282766519434251 0.019147671281042417 -0.023745086985255189 -0.0026458703394894325
leaf_weight=2.812494661659005 2.6577730365097514 3.1298257745802385 2.3166725002229214 2.4675310924649239 2.9846209026873112
leaf_count=18 16 36 27 14 24
internal_value=-0.00501758 -0.00170982 0.00293268 -0.00284854 0.00687794
internal_weight=16.3689 13.5564 10.8987 7.76882 5.30129
internal_count=135 117 101 65 51
is_linear=0
shrinkage=0.02


Tree=69
num_leaves=6
num_cat=0
split_feature=4 10 8 5 2
split_gain=2.12367 1.64382 2.06417 3.28711 1.31859
threshold=0.96053000000000333 32.376070860043733 0.34104455086050484 8.6429599999999738 46.500000000000007
decision_type=2 2 2 2 2
left_child=4 -2 -3 -4 -1
right_child=1 2 3 -5 -6
leaf_value=-0.0021760922563746885 -0.022172230479281387 -0.018467293940650793 0.018039583435132345 -0.014097380350985735 0.018663515128061282
leaf_weight=3.2340970560908344 3.1187684535980216 2.921045668423174 2.652800664305687 2.4478550255298615 1.9447932429611681
leaf_count=31 16 19 28 14 27
internal_value=-0.00493204 -0.00985118 -0.00506086 0.00261674 0.00564966
internal_weight=16.3194 11.1405 8.0217 5.10066 5.17889
internal_count=135 77 61 42 58
is_linear=0
shrinkage=0.02


Tree=70
num_leaves=6
num_cat=0
split_feature=10 2 5 9 9
split_gain=2.05182 2.85581 2.18445 3.8296 1.48262
threshold=20.328895993970288 8.5000000000000018 7.2863199999999697 -0.20100000000024917 -1.155666666666775
decision_type=2 2 2 2 2
left_child=-1 -2 -3 4 -4
right_child=1 2 3 -5 -6
leaf_value=-0.020464646614236064 -0.020237640356569799 0.017105578991759678 0.018940805084066818 -0.023384589843161826 -0.0024673416649430855
leaf_weight=2.7891808077693012 2.6474330537021151 3.1039691455662233 2.293360561132431 2.4558006674051285 2.9694660976529121
leaf_count=18 16 36 27 14 24
internal_value=-0.00485132 -0.00161834 0.00293633 -0.00276169 0.0068616
internal_weight=16.2592 13.47 10.8226 7.71863 5.26283
internal_count=135 117 101 65 51
is_linear=0
shrinkage=0.02


Tree=71
num_leaves=7
num_cat=0
split_feature=4 10 8 5 7 6
split_gain=2.04151 1.59125 1.97726 3.16108 1.29394 1.88725
threshold=0.96053000000000333 32.376070860043733 0.34104455086050484 8.6429599999999738 0.0072977557533104873 -2.7594999999999996
decision_type=2 2 2 2 2 2
left_child=4 -2 -3 -4 5 -1
right_child=1 2 3 -5 -6 -7
leaf_value=-0.0031883238732901393 -0.021809202877126191 -0.018031417366977075 0.017854990564171221 -0.013786406276027674 -0.0087787983242964638 0.026367393934891483
leaf_weight=1.6179289817810056 3.0858335047960264 2.9093616530299187 2.6300173997879028 2.4296877235174179 1.680734861642122 1.8549822866916685
leaf_count=16 16 19 28 14 14 28
internal_value=-0.00476906 -0.00961539 -0.00489363 0.00266068 0.00562664 0.0125982
internal_weight=16.2085 11.0549 7.96907 5.05971 5.15365 3.47291
internal_count=135 77 61 42 58 44
is_linear=0
shrinkage=0.02


Tree=72
num_leaves=6
num_cat=0
split_feature=4 10 8 5 2
split_gain=1.96932 1.54654 1.89712 3.05083 1.27806
threshold=0.96053000000000333 32.376070860043733 0.34104455086050484 8.6429599999999738 46.500000000000007
decision_type=2 2 2 2 2
left_child=4 -2 -3 -4 -1
right_child=1 2 3 -5 -6
leaf_value=-0.0021704261245211612 -0.021537722913005739 -0.017663102844670559 0.017588619357424659 -0.01356868886294052 0.018463135932184543
leaf_weight=3.2131569534540203 3.0624712109565717 2.910614475607872 2.6165867708623409 2.4194042086601257 1.9172713309526441
leaf_count=31 16 19 28 14 27
internal_value=-0.00469347 -0.00946266 -0.00480916 0.00261994 0.00554046
internal_weight=16.1395 11.0091 7.94661 5.03599 5.13043
internal_count=135 77 61 42 58
is_linear=0
shrinkage=0.02


Tree=73
num_leaves=6
num_cat=0
split_feature=10 3 3 0 1
split_gain=1.92243 2.74424 2.37705 1.64146 0.153323
threshold=20.328895993970288 0.28517999999998894 -0.99418000000000972 8.5698500000000006 1.1797000000000002
decision_type=2 2 2 2 2
left_child=-1 2 -2 4 -3
right_child=1 3 -4 -5 -6
leaf_value=-0.019843910864245726 -0.00028432277745999563 -0.010588091744851485 0.029761077689447565 0.0048909186326864685 -0.016920053901161677
leaf_weight=2.7494632340967682 2.7145408466458321 3.1490225270390493 1.7210751138627518 2.7697169110178947 2.9745477102696896
leaf_count=18 30 21 23 24 19
internal_value=-0.00461714 -0.00147619 0.0113737 -0.00788518 -0.0136639
internal_weight=16.0784 13.3289 4.43562 8.89329 6.12357
internal_count=135 117 53 64 40
is_linear=0
shrinkage=0.02


Tree=74
num_leaves=7
num_cat=0
split_feature=4 10 8 5 7 6
split_gain=1.89971 1.48605 2.25778 3.10277 1.24901 1.83092
threshold=0.96053000000000333 32.376070860043733 0.32832285560629665 8.6429599999999738 0.0072977557533104873 -2.7594999999999996
decision_type=2 2 2 2 2 2
left_child=4 -2 -3 -4 5 -1
right_child=1 2 3 -5 -6 -7
leaf_value=-0.0030634016160541624 -0.021168156617156399 -0.019108286381195504 0.017967218765016276 -0.013279362428920489 -0.0086199126112529358 0.026192330230151981
leaf_weight=1.6151907034218309 3.0236985906958562 2.8011492565274239 2.6970001570880413 2.4044628366827965 1.6772529855370519 1.8196697831153898
leaf_count=16 16 18 29 14 14 28
internal_value=-0.00453584 -0.00924406 -0.00468165 0.00323983 0.00552719 0.0124353
internal_weight=16.0384 10.9263 7.90261 5.10146 5.11211 3.43486
internal_count=135 77 61 43 58 44
is_linear=0
shrinkage=0.02


Tree=75
num_leaves=5
num_cat=0
split_feature=8 6 5 9
split_gain=1.88036 1.54373 1.80595 0.815971
threshold=0.68854602331711745 -1.2223499999999998 7.2863199999999697 -0.63700000000017087
decision_type=2 2 2 2
left_child=1 3 -3 -1
right_child=-2 2 -4 -5
leaf_value=-0.0074780288171571174 0.011419977719215229 0.012745020522245588 -0.0085612274574217908 -0.021563286469031846
leaf_weight=3.3718547597527504 2.5119342952966699 2.5033653043210498 4.3676460348069668 3.2125899083912364
leaf_count=25 30 28 32 20
internal_value=-0.0044647 -0.00743013 -0.000798568 -0.0143503
internal_weight=15.9674 13.4555 6.87101 6.58444
internal_count=135 105 60 45
is_linear=0
shrinkage=0.02


Tree=76
num_leaves=6
num_cat=0
split_feature=10 2 5 10 3
split_gain=1.83974 2.6413 2.01356 3.71953 2.1126
threshold=20.328895993970288 8.5000000000000018 7.2863199999999697 40.007286691720338 1.3173399999999957
decision_type=2 2 2 2 2
left_child=-1 -2 -3 4 -4
right_child=1 2 3 -5 -6
leaf_value=-0.019335309432108361 -0.019361530136300594 0.016885133909839829 0.025437747702489428 -0.017562599501015647 -0.0033345095415502186
leaf_weight=2.7280807346105584 2.6000182777643195 3.0384715273976308 1.9736132472753523 3.4865600094199181 2.1143297664821148
leaf_count=18 16 36 27 22 16
internal_value=-0.00438256 -0.00129527 0.00313069 -0.00238683 0.0105564
internal_weight=15.9411 13.213 10.613 7.5745 4.08794
internal_count=135 117 101 65 43
is_linear=0
shrinkage=0.02


Tree=77
num_leaves=7
num_cat=0
split_feature=4 10 8 5 7 6
split_gain=1.7991 1.46915 2.1592 2.92407 1.22122 1.76607
threshold=0.96053000000000333 32.376070860043733 0.32832285560629665 8.6429599999999738 0.0072977557533104873 -2.7594999999999996
decision_type=2 2 2 2 2 2
left_child=4 -2 -3 -4 5 -1
right_child=1 2 3 -5 -6 -7
leaf_value=-0.002782952963123554 -0.020843289676858775 -0.01850164031532554 0.017814638999542772 -0.012705698987346286 -0.0084952902952221531 0.026077295202426926
leaf_weight=1.6128061711788175 2.9902798160910589 2.7829654812812805 2.667199682444334 2.3726250752806664 1.6685581021010873 1.7888661734759819
leaf_count=16 16 18 29 14 14 28
internal_value=-0.0043103 -0.00891952 -0.00436163 0.00344642 0.00551958 0.012394
internal_weight=15.8833 10.8131 7.82279 5.03982 5.07023 3.40167
internal_count=135 77 61 43 58 44
is_linear=0
shrinkage=0.02


Tree=78
num_leaves=5
num_cat=0
split_feature=8 6 5 9
split_gain=1.76284 1.45908 1.67192 0.808435
threshold=0.68854602331711745 -1.2223499999999998 7.2863199999999697 -0.65933333333305189
decision_type=2 2 2 2
left_child=1 3 -3 -1
right_child=-2 2 -4 -5
leaf_value=-0.0065192256771451716 0.011247572529205708 0.012511954187463422 -0.0081191562020434434 -0.020598879419234824
leaf_weight=3.1255676560103893 2.4780374821275482 2.4660098589956752 4.330070186406374 3.4119896516203871
leaf_count=23 30 28 32 22
internal_value=-0.00424303 -0.00712194 -0.000632999 -0.0138675
internal_weight=15.8117 13.3336 6.79608 6.53756
internal_count=135 105 60 45
is_linear=0
shrinkage=0.02


Tree=79
num_leaves=6
num_cat=0
split_feature=10 2 5 9 9
split_gain=1.76152 2.50047 1.88986 3.60705 1.33484
threshold=20.328895993970288 8.5000000000000018 7.2863199999999697 -0.20100000000024917 -1.155666666666775
decision_type=2 2 2 2 2
left_child=-1 -2 -3 4 -4
right_child=1 2 3 -5 -6
leaf_value=-0.018853088094444578 -0.018775489093134239 0.016626062463957848 0.018974273819723581 -0.022410433829561493 -0.0016476898559122928
leaf_weight=2.7061945423483857 2.5779368840157977 2.9990397505462152 2.2254056539386493 2.3946725726127642 2.8808979727327824
leaf_count=18 16 36 27 14 24
internal_value=-0.00416538 -0.00112608 0.00320716 -0.00215799 0.00733968
internal_weight=15.7841 13.078 10.5 7.50098 5.1063
internal_count=135 117 101 65 51
is_linear=0
shrinkage=0.02


Tree=80
num_leaves=6
num_cat=0
split_feature=4 10 8 5 2
split_gain=1.71915 1.44299 1.62801 2.61619 1.2168
threshold=0.96053000000000333 32.376070860043733 0.34104455086050484 8.6429599999999738 46.500000000000007
decision_type=2 2 2 2 2
left_child=4 -2 -3 -4 -1
right_child=1 2 3 -5 -6
leaf_value=-0.0020357215456823343 -0.020518432037648863 -0.016059392872419344 0.01702043235284428 -0.012290166047303604 0.018306818905125647
leaf_weight=3.1554143037647018 2.9555178582668287 2.8649625703692436 2.5345715843141079 2.3451501652598381 1.8751096595078705
leaf_count=31 16 19 28 14 27
internal_value=-0.00409588 -0.00862927 -0.00409214 0.00293402 0.00554689
internal_weight=15.7307 10.7002 7.74468 4.87972 5.03052
internal_count=135 77 61 42 58
is_linear=0
shrinkage=0.02


Tree=81
num_leaves=6
num_cat=0
split_feature=10 3 3 0 8
split_gain=1.67735 2.41081 2.27781 1.4378 0.177542
threshold=20.328895993970288 0.28517999999998894 -0.99418000000000972 8.5698500000000006 0.5034172759450527
decision_type=2 2 2 2 2
left_child=-1 2 -2 4 -3
right_child=1 3 -4 -5 -6
leaf_value=-0.018434106389064061 -0.00031844595444869043 -0.0089244017378779759 0.029617093616727184 0.0049548112192239124 -0.01583156824112741
leaf_weight=2.680537849664689 2.6418969053775072 2.8007301390171033 1.6527996920049179 2.7153346426784992 3.177144318819046
leaf_count=18 30 20 23 24 20
internal_value=-0.00402998 -0.00105715 0.0112021 -0.0071136 -0.0125954
internal_weight=15.6684 12.9879 4.2947 8.69321 5.97787
internal_count=135 117 53 64 40
is_linear=0
shrinkage=0.02


Tree=82
num_leaves=7
num_cat=0
split_feature=4 10 8 5 7 6
split_gain=1.66036 1.38285 1.55737 2.49812 1.17817 1.68633
threshold=0.96053000000000333 32.376070860043733 0.34104455086050484 8.6429599999999738 0.0072977557533104873 -2.7594999999999996
decision_type=2 2 2 2 2 2
left_child=4 -2 -3 -4 5 -1
right_child=1 2 3 -5 -6 -7
leaf_value=-0.0024616499621977032 -0.020172461763099742 -0.015704867754293084 0.016742838241554255 -0.012009086673128706 -0.0082801506130981244 0.025922521460562759
leaf_weight=1.6053991578519342 2.9146670550107938 2.8582160621881485 2.512885645031929 2.3291187137365341 1.6548803523182867 1.7497664503753196
leaf_count=16 16 19 28 14 14 28
internal_value=-0.0039602 -0.00843925 -0.00399802 0.00291248 0.00552964 0.0123411
internal_weight=15.6249 10.6149 7.70022 4.842 5.01005 3.35517
internal_count=135 77 61 42 58 44
is_linear=0
shrinkage=0.02


Tree=83
num_leaves=5
num_cat=0
split_feature=8 8 2 2
split_gain=1.60355 1.40117 2.60469 0.366526
threshold=0.68854602331711745 0.47559919545133289 10.500000000000002 26.500000000000004
decision_type=2 2 2 2
left_child=1 2 -1 -3
right_child=-2 3 -4 -5
leaf_value=-0.013846225226940559 0.011069089463948009 -0.0080758313177385736 0.010965236244982572 -0.017768168698964096
leaf_weight=3.1156016886234266 2.4180145133286723 2.8188722394406796 3.7050743140280247 3.4964587278664112
leaf_count=22 30 21 38 24
internal_value=-0.00389851 -0.00665367 -0.000368337 -0.013442
internal_weight=15.554 13.136 6.82068 6.31533
internal_count=135 105 60 45
is_linear=0
shrinkage=0.02


Tree=84
num_leaves=6
num_cat=0
split_feature=10 2 5 9 9
split_gain=1.58936 2.32897 1.79698 3.52979 1.24419
threshold=20.328895993970288 8.5000000000000018 7.2863199999999697 -0.20100000000024917 -1.155666666666775
decision_type=2 2 2 2 2
left_child=-1 -2 -3 4 -4
right_child=1 2 3 -5 -6
leaf_value=-0.017929741826233549 -0.018074415234310727 0.016490828833564636 0.018840145382447479 -0.02213567041004421 -0.0012434611228765357
leaf_weight=2.6510858014225969 2.5417429246008387 2.9496805593371374 2.1877417545765621 2.3623820096254367 2.8298623636364937
leaf_count=18 16 36 27 14 24
internal_value=-0.00382835 -0.000923924 0.00329617 -0.00197756 0.00751326
internal_weight=15.5225 12.8714 10.3297 7.37999 5.0176
internal_count=135 117 101 65 51
is_linear=0
shrinkage=0.02


Tree=85
num_leaves=6
num_cat=0
split_feature=4 7 3 1 3
split_gain=1.58204 1.34642 1.15983 0.571894 0.480446
threshold=0.96053000000000333 0.0042477915832339628 1.3173399999999957 0.45500000000000013 -1.8904900000000096
decision_type=2 2 2 2 2
left_child=2 3 4 -2 -1
right_child=1 -3 -4 -5 -6
leaf_value=0.0046628586930774788 -0.0075092863790521347 0.0021324416080379231 -0.007576991991325238 -0.018881408064796129 0.020122414979037769
leaf_weight=1.5556798223406076 3.5681727640330774 3.4228964261710644 1.7493541501462457 3.5077734217047691 1.6643905453383931
leaf_count=22 26 30 15 21 21
internal_value=-0.00376489 -0.00816538 0.00553195 -0.0131468 0.0126536
internal_weight=15.4683 10.4988 4.96942 7.07595 3.22007
internal_count=135 77 58 47 43
is_linear=0
shrinkage=0.02


Tree=86
num_leaves=6
num_cat=0
split_feature=10 2 5 9 9
split_gain=1.54159 2.22134 1.73649 3.40851 1.19772
threshold=20.328895993970288 8.5000000000000018 7.2863199999999697 -0.20100000000024917 -1.155666666666775
decision_type=2 2 2 2 2
left_child=-1 -2 -3 4 -4
right_child=1 2 3 -5 -6
leaf_value=-0.017634299575842859 -0.017623050283144485 0.016330084970750197 0.018603119636363283 -0.021758223189124112 -0.0011442983241696538
leaf_weight=2.6331303901970395 2.5287214629352084 2.9266274571418744 2.1755620874464494 2.3489886373281497 2.822356466203928
leaf_count=18 16 36 27 14 24
internal_value=-0.0036975 -0.000831018 0.00330216 -0.00188749 0.00745163
internal_weight=15.4354 12.8023 10.2735 7.34691 4.99792
internal_count=135 117 101 65 51
is_linear=0
shrinkage=0.02


Tree=87
num_leaves=7
num_cat=0
split_feature=4 10 8 5 7 6
split_gain=1.52046 1.34166 1.49657 2.36503 1.14805 1.62162
threshold=0.96053000000000333 32.376070860043733 0.34104455086050484 8.6429599999999738 0.0072977557533104873 -2.7594999999999996
decision_type=2 2 2 2 2 2
left_child=4 -2 -3 -4 5 -1
right_child=1 2 3 -5 -6 -7
leaf_value=-0.0022254675629992011 -0.019662186532989012 -0.015132367200127866 0.01677013311884391 -0.011414617173659516 -0.0081981169680398723 0.025804136227035569
leaf_weight=1.5951266698539255 2.850544221699236 2.8154581785202026 2.4834178388118744 2.2881082519888878 1.6367971152067182 1.7114032264798891
leaf_count=16 16 19 28 14 14 28
internal_value=-0.00363636 -0.00796387 -0.00356864 0.00325459 0.0055009 0.0122822
internal_weight=15.3809 10.4375 7.58698 4.77153 4.94333 3.30653
internal_count=135 77 61 42 58 44
is_linear=0
shrinkage=0.02


Tree=88
num_leaves=4
num_cat=0
split_feature=2 5 3
split_gain=1.52079 1.35683 1.29129
threshold=46.500000000000007 7.8959599999999748 0.34272999999998482
decision_type=2 2 2
left_child=1 2 -1
right_child=-2 -3 -4
leaf_value=0.011017030016818261 0.0087821473204902321 -0.014210948394544823 -0.0073053856486561897
leaf_weight=2.3912638872861844 3.1591946147382268 5.4449210595339537 4.3147042170166969
leaf_count=28 37 38 32
internal_value=-0.00357992 -0.00679402 -0.000771843
internal_weight=15.3101 12.1509 6.70597
internal_count=135 98 60
is_linear=0
shrinkage=0.02


Tree=89
num_leaves=6
num_cat=0
split_feature=10 2 5 9 9
split_gain=1.4739 2.12774 1.64202 3.30105 1.14164
threshold=20.328895993970288 8.5000000000000018 7.2863199999999697 -0.20100000000024917 -1.155666666666775
decision_type=2 2 2 2 2
left_child=-1 -2 -3 4 -4
right_child=1 2 3 -5 -6
leaf_value=-0.017203689390688615 -0.017213632920197192 0.016126489354751864 0.01848504376414201 -0.021344710354457869 -0.00088786895803767707
leaf_weight=2.6092312522232541 2.5033014155924311 2.8893412947654706 2.1536009199917299 2.3263554833829421 2.7969849891960621
leaf_count=18 16 36 27 14 24
internal_value=-0.00351557 -0.000696575 0.00337051 -0.0016943 0.00753972
internal_weight=15.2788 12.6696 10.1663 7.27694 4.95059
internal_count=135 117 101 65 51
is_linear=0
shrinkage=0.02


Tree=90
num_leaves=5
num_cat=0
split_feature=2 10 4 3
split_gain=1.45874 1.34148 1.26093 0.55456
threshold=46.500000000000007 49.125531210628942 1.6437133333333362 0.68384999999999041
decision_type=2 2 2 2
left_child=1 2 3 -1
right_child=-2 -3 -4 -5
leaf_value=-0.009906115491794704 0.0086806796070171971 0.0031106705857556574 0.00074298528634631769 -0.022342171427679199
leaf_weight=2.7781635317951423 3.1427355855703363 3.8601990267634383 2.4778432324528694 2.9651629962027073
leaf_count=23 37 36 21 18
internal_value=-0.00345762 -0.00661516 -0.0111819 -0.0163266
internal_weight=15.2241 12.0814 8.22117 5.74333
internal_count=135 98 62 41
is_linear=0
shrinkage=0.02


Tree=91
num_leaves=7
num_cat=0
split_feature=4 10 8 5 3 3
split_gain=1.46943 1.31012 1.44729 2.22551 1.10977 0.523736
threshold=0.96053000000000333 32.376070860043733 0.34104455086050484 8.6429599999999738 1.3173399999999957 -2.2128000000000094
decision_type=2 2 2 2 2 2
left_child=4 -2 -3 -4 5 -1
right_child=1 2 3 -5 -6 -7
leaf_value=0.0038623981250884673 -0.019334519936093197 -0.014739541180922702 0.016620387699421736 -0.01091029102605777 -0.0072660650414319477 0.02018025150937099
leaf_weight=1.4589330498129127 2.8076346144080144 2.7865997180342674 2.4545517973601818 2.2521812990307808 1.7275928333401678 1.7076775804162037
leaf_count=20 16 19 28 14 15 23
internal_value=-0.00339518 -0.00768217 -0.00331622 0.0034469 0.00562779 0.0126622
internal_weight=15.1952 10.301 7.49333 4.70673 4.8942 3.16661
internal_count=135 77 61 42 58 43
is_linear=0
shrinkage=0.02


Tree=92
num_leaves=6
num_cat=0
split_feature=4 7 7 6 3
split_gain=1.41751 1.28136 1.10291 1.56917 0.554206
threshold=0.96053000000000333 0.0042477915832339628 0.0072977557533104873 -2.7594999999999996 1.1071899999999852
decision_type=2 2 2 2 2
left_child=2 4 3 -1 -2
right_child=1 -3 -4 -5 -6
leaf_value=-0.0020462178762252962 -0.017262643126504048 0.002576742123565436 -0.0079524028016150286 0.025717610900964284 -0.0057567968679545648
leaf_weight=1.582997106015682 4.0394599810242635 3.3540878891944885 1.6207143776118753 1.6767986696213495 2.8602202236652374
leaf_count=16 27 30 14 28 20
internal_value=-0.00334072 -0.00756355 0.00553129 0.0122352 -0.012493
internal_weight=15.1343 10.2538 4.88051 3.2598 6.89968
internal_count=135 77 58 44 47
is_linear=0
shrinkage=0.02


Tree=93
num_leaves=5
num_cat=0
split_feature=10 9 6 5
split_gain=1.40302 2.04357 2.04086 2.31937
threshold=20.328895993970288 -1.0793333333335793 -1.2223499999999998 8.372769999999969
decision_type=2 2 2 2
left_child=-1 -2 -3 -4
right_child=1 2 3 -5
leaf_value=-0.016741480942462018 0.013822526161097784 -0.015071392176337756 0.014742663900767209 -0.012632665917307837
leaf_weight=2.5703805796802053 3.0167333930730811 4.3918440490961057 3.0181299857795238 2.098900992423296
leaf_count=18 36 30 36 15
internal_value=-0.00328191 -0.000519876 -0.00507007 0.00351387
internal_weight=15.096 12.5256 9.50888 5.11703
internal_count=135 117 81 51
is_linear=0
shrinkage=0.02


Tree=94
num_leaves=5
num_cat=0
split_feature=2 10 4 3
split_gain=1.39588 1.25176 1.24827 0.526946
threshold=46.500000000000007 49.125531210628942 1.6437133333333362 0.68384999999999041
decision_type=2 2 2 2
left_child=1 2 3 -1
right_child=-2 -3 -4 -5
leaf_value=-0.00964756020242972 0.0087199109250153603 0.0030861422750622274 0.0011008768037253497 -0.021870752909255293
leaf_weight=2.7308928258717042 3.1054226029664287 3.8337454050779334 2.462578073143959 2.9184239841997623
leaf_count=23 37 36 21 18
internal_value=-0.00322589 -0.00633136 -0.0107821 -0.015962
internal_weight=15.0511 11.9456 8.11189 5.64932
internal_count=135 98 62 41
is_linear=0
shrinkage=0.02


Tree=95
num_leaves=7
num_cat=0
split_feature=4 10 8 5 3 3
split_gain=1.36777 1.25889 1.37808 2.07486 1.07893 0.508031
threshold=0.96053000000000333 32.376070860043733 0.34104455086050484 8.6429599999999738 1.3173399999999957 -2.2128000000000094
decision_type=2 2 2 2 2 2
left_child=4 -2 -3 -4 5 -1
right_child=1 2 3 -5 -6 -7
leaf_value=0.0038973448955716178 -0.018881609347367798 -0.014210795317741465 0.016342723185971058 -0.010392032990046573 -0.0071601418331230697 0.020066719750399836
leaf_weight=1.4478371106088159 2.7530128061771375 2.7723801359534264 2.4363262504339218 2.2185543775558472 1.7158315069973467 1.6781551968306314
leaf_count=20 16 19 28 14 15 23
internal_value=-0.00316773 -0.00732968 -0.0030478 0.00360072 0.00558306 0.0125777
internal_weight=15.0221 10.1803 7.42726 4.65488 4.84182 3.12599
internal_count=135 77 61 42 58 43
is_linear=0
shrinkage=0.02


Tree=96
num_leaves=5
num_cat=0
split_feature=10 9 6 5
split_gain=1.33874 1.99371 1.96511 2.13513
threshold=20.328895993970288 -1.155666666666775 -1.2223499999999998 8.372769999999969
decision_type=2 2 2 2
left_child=-1 -2 -3 -4
right_child=1 2 3 -5
leaf_value=-0.016341132055460367 0.015340510476584652 -0.013885510677423746 0.014693697510314865 -0.011391463006702945
leaf_weight=2.5418804809451112 2.553557412698864 4.6788221895694715 3.0588106364011765 2.1286158785223961
leaf_count=18 31 33 37 16
internal_value=-0.00311696 -0.000410455 -0.00448708 0.00398988
internal_weight=14.9617 12.4198 9.86625 5.18743
internal_count=135 117 86 53
is_linear=0
shrinkage=0.02


Tree=97
num_leaves=5
num_cat=0
split_feature=4 10 4 4
split_gain=1.34125 1.24471 1.83249 0.746027
threshold=-0.28995666666666375 49.125531210628942 1.7986300000000031 1.1477466666666698
decision_type=2 2 2 2
left_child=-1 2 3 -2
right_child=1 -3 -4 -5
leaf_value=0.011596735272378905 -0.0088009074333513307 0.0038074461813204829 0.0037834059615646652 -0.022840855284193943
leaf_weight=2.1383311748504648 3.0116908550262433 3.9543538913130751 2.7686553336679935 3.0438866391777992
leaf_count=33 22 38 24 18
internal_value=-0.00306377 -0.00551701 -0.00969553 -0.0158582
internal_weight=14.9169 12.7786 8.82423 6.05558
internal_count=135 102 64 40
is_linear=0
shrinkage=0.02


Tree=98
num_leaves=4
num_cat=0
split_feature=2 5 3
split_gain=1.32174 1.16666 1.17273
threshold=46.500000000000007 7.8959599999999748 0.34272999999998482
decision_type=2 2 2
left_child=1 2 -1
right_child=-2 -3 -4
leaf_value=0.01106529609894942 0.0086840763514314818 -0.013036838320807254 -0.006673214208446381
leaf_weight=2.3083608597516996 3.06719595193863 5.2836811747401953 4.2093947120010853
leaf_count=28 37 38 32
internal_value=-0.00301267 -0.00605265 -0.000390855
internal_weight=14.8686 11.8014 6.51776
internal_count=135 98 60
is_linear=0
shrinkage=0.02


Tree=99
num_leaves=5
num_cat=0
split_feature=5 10 3 5
split_gain=1.3194 1.36469 1.91284 1.11953
threshold=17.052369999999978 49.125531210628942 0.44331999999998462 8.372769999999969
decision_type=2 2 2 2
left_child=1 2 3 -1
right_child=-2 -3 -4 -5
leaf_value=0.0097728188307211993 0.010905985770276721 0.0041058986798960407 -0.01981890347972334 -0.010460800833109636
leaf_weight=2.0826958119869214 2.3167957607656726 4.0039636418223372 4.1304397508502007 2.3037418723106384
leaf_count=23 27 39 27 19
internal_value=-0.00295864 -0.00552408 -0.0100513 -0.000853808
internal_weight=14.8376 12.5208 8.51688 4.38644
internal_count=135 108 69 42
is_linear=0
shrinkage=0.02


Tree=100
num_leaves=5
num_cat=0
split_feature=8 8 4 3
split_gain=1.3015 1.37244 1.68002 1.26392
threshold=0.68854602331711745 0.58988921120207338 0.8938566666666703 1.5431799999999902
decision_type=2 2 2 2
left_child=1 2 -1 -4
right_child=-2 -3 3 -5
leaf_value=0.013311877061214099 0.011060324290744359 -0.018449515264250319 -0.01277130234884883 0.003853943815835416
leaf_weight=2.211977653205393 2.2613104656338701 2.5720767453312865 4.8081091344356537 2.9522313997149467
leaf_count=30 30 18 34 23
internal_value=-0.00290599 -0.00542362 -0.00206396 -0.00644663
internal_weight=14.8057 12.5444 9.97232 7.76034
internal_count=135 105 87 57
is_linear=0
shrinkage=0.02


Tree=101
num_leaves=6
num_cat=0
split_feature=2 10 5 9 9
split_gain=1.29451 1.92076 1.46621 3.24328 0.945633
threshold=8.5000000000000018 20.328895993970288 7.2863199999999697 -0.20100000000024917 -1.155666666666775
decision_type=2 2 2 2 2
left_child=-1 -2 -3 4 -4
right_child=1 2 3 -5 -6
leaf_value=-0.01623799633495146 -0.01588072906894613 0.015981651544930489 0.018351870609828777 -0.020780002605454078 0.00040542413721037244
leaf_weight=2.4177332296967515 2.5028004609048358 2.8008388131856901 2.0841868072748166 2.2743616029620188 2.6905118674039841
leaf_count=16 18 36 27 14 24
internal_value=-0.0028547 -0.000235251 0.00374017 -0.0011238 0.00823916
internal_weight=14.7704 12.3527 9.8499 7.04906 4.7747
internal_count=135 119 101 65 51
is_linear=0
shrinkage=0.02


Tree=102
num_leaves=5
num_cat=0
split_feature=4 7 7 3
split_gain=1.25847 1.18777 1.09264 0.534351
threshold=0.96053000000000333 0.0042477915832339628 -0.0030471366415318886 1.1071899999999852
decision_type=2 2 2 2
left_child=2 3 -1 -2
right_child=1 -3 -4 -5
leaf_value=0.018088114229896368 -0.016444475701060394 0.00304712853746298 -0.0017301310260545858 -0.0049813012870793053
leaf_weight=1.772825615480542 3.9084954820573312 3.2599761560559273 2.9887829609215268 2.7860415354371071
leaf_count=28 27 30 30 20
internal_value=-0.00280791 -0.00685294 0.00564853 -0.0116739
internal_weight=14.7161 9.95451 4.76161 6.69454
internal_count=135 77 58 47
is_linear=0
shrinkage=0.02


Tree=103
num_leaves=6
num_cat=0
split_feature=2 10 5 9 9
split_gain=1.2425 1.85205 1.42815 3.12333 0.901827
threshold=8.5000000000000018 20.328895993970288 7.2863199999999697 -0.20100000000024917 -1.155666666666775
decision_type=2 2 2 2 2
left_child=-1 -2 -3 4 -4
right_child=1 2 3 -5 -6
leaf_value=-0.015889741022269796 -0.01560860992786123 0.015853894422546155 0.018059377983579268 -0.020422671374103425 0.00048152078572425615
leaf_weight=2.4090884439647207 2.4828817024826995 2.7825956679880601 2.0670711044222099 2.2620451115071791 2.6826496422290802
leaf_count=16 18 36 27 14 24
internal_value=-0.00275728 -0.000180382 0.00373069 -0.00108036 0.00813138
internal_weight=14.6863 12.2772 9.79436 7.01177 4.74972
internal_count=135 119 101 65 51
is_linear=0
shrinkage=0.02


Tree=104
num_leaves=5
num_cat=0
split_feature=4 10 4 4
split_gain=1.23634 1.19212 1.67511 0.731025
threshold=-0.28995666666666375 49.125531210628942 1.7986300000000031 1.1477466666666698
decision_type=2 2 2 2
left_child=-1 2 3 -2
right_child=1 -3 -4 -5
leaf_value=0.011502946850843744 -0.0082135990316415074 0.0040758042279483413 0.0036880064812451051 -0.022304055947878855
leaf_weight=2.0966867320239553 2.9506363943219167 3.9070784561336032 2.7372174896299839 2.9405604153871536
leaf_count=33 22 38 24 18
internal_value=-0.00271213 -0.00508974 -0.00924004 -0.0152468
internal_weight=14.6322 12.5355 8.62841 5.8912
internal_count=135 102 64 40
is_linear=0
shrinkage=0.02


Tree=105
num_leaves=6
num_cat=0
split_feature=5 6 9 1 6
split_gain=1.22033 1.29865 1.76656 0.92829 0.803398
threshold=17.052369999999978 -1.2223499999999998 -1.1290000000001326 -0.41260000000000008 3.3679500000000004
decision_type=2 2 2 2 2
left_child=1 3 -3 -1 -4
right_child=-2 2 4 -5 -6
leaf_value=-0.0047245072121305668 0.010791774552365872 -0.014291114979271458 0.016675876204347274 -0.020755407429463753 -0.00037484342112026906
leaf_weight=3.1819400116801262 2.274533214047552 2.0598978400230399 2.2062821350991726 2.6466815695166579 2.2151902057230473
leaf_count=27 27 15 29 17 20
internal_value=-0.00266698 -0.00515378 0.00100644 -0.0120039 0.00813334
internal_weight=14.5845 12.31 6.48137 5.82862 4.42147
internal_count=135 108 64 44 49
is_linear=0
shrinkage=0.02


Tree=106
num_leaves=5
num_cat=0
split_feature=2 5 8 7
split_gain=1.20414 1.08891 1.08192 1.40758
threshold=46.500000000000007 7.8959599999999748 0.55557669450935332 0.00067765837186151156
decision_type=2 2 2 2
left_child=1 2 3 -1
right_child=-2 -3 -4 -5
leaf_value=-0.005787827187060216 0.0086801014851536368 -0.012359345136726815 -0.010920638886336218 0.017757968624787512
leaf_weight=1.994258813560007 2.9964554831385621 5.1800065953284502 2.3178467117249966 2.069378275424242
leaf_count=17 37 38 20 23
internal_value=-0.00261842 -0.00554672 -1.67418e-05 0.0062027
internal_weight=14.5579 11.5615 6.38148 4.06364
internal_count=135 98 60 40
is_linear=0
shrinkage=0.02


Tree=107
num_leaves=6
num_cat=0
split_feature=2 10 5 9 9
split_gain=1.18971 1.75938 1.35422 3.04288 0.855524
threshold=8.5000000000000018 20.328895993970288 7.2863199999999697 -0.20100000000024917 -1.155666666666775
decision_type=2 2 2 2 2
left_child=-1 -2 -3 4 -4
right_child=1 2 3 -5 -6
leaf_value=-0.015486693627163728 -0.015177105038543049 0.015676589417092174 0.01794947349044456 -0.020102450284702419 0.00074489972014709781
leaf_weight=2.3846761137247094 2.4500365816056719 2.7480474188923818 2.0449689552187902 2.2389692440629023 2.659897580742836
leaf_count=16 18 36 27 14 24
internal_value=-0.00257159 -3.50642e-05 0.00379273 -0.000910346 0.00822286
internal_weight=14.5266 12.1419 9.69188 6.94384 4.70487
internal_count=135 119 101 65 51
is_linear=0
shrinkage=0.02


Tree=108
num_leaves=5
num_cat=0
split_feature=4 10 4 4
split_gain=1.194 1.14422 1.56346 0.720224
threshold=-0.28995666666666375 49.125531210628942 1.7986300000000031 1.1477466666666698
decision_type=2 2 2 2
left_child=-1 2 3 -2
right_child=1 -3 -4 -5
leaf_value=0.011509016290201282 -0.0078562317985289582 0.0041342577847785075 0.003519239944670593 -0.021953336985344251
leaf_weight=2.0757966637611398 2.9231162145733816 3.8728005550801745 2.7250781171023846 2.8759318292140961
leaf_count=33 22 38 24 18
internal_value=-0.00252953 -0.00488021 -0.00897579 -0.0148474
internal_weight=14.4727 12.3969 8.52413 5.79905
internal_count=135 102 64 40
is_linear=0
shrinkage=0.02


Tree=109
num_leaves=6
num_cat=0
split_feature=5 6 8 7 1
split_gain=1.16036 1.25651 1.71929 1.13721 0.887512
threshold=17.052369999999978 -1.2223499999999998 0.57737027836952548 0.0035526391806817163 -0.41260000000000008
decision_type=2 2 2 2 2
left_child=1 4 3 -3 -1
right_child=-2 2 -4 -5 -6
leaf_value=-0.004538461033060894 0.010706158706635506 -0.0014633483873168268 -0.013216386703004165 0.019327448983969025 -0.020282516491155388
leaf_weight=3.1542058922350407 2.2504236567765483 2.1640840694308272 2.1850153170526028 2.0484680980443954 2.6233400255441657
leaf_count=27 27 23 19 22 17
internal_value=-0.00248746 -0.00492614 0.00117964 0.00864674 -0.0116872
internal_weight=14.4255 12.1751 6.39757 4.21255 5.77755
internal_count=135 108 64 45 44
is_linear=0
shrinkage=0.02


Tree=110
num_leaves=6
num_cat=0
split_feature=4 7 7 6 3
split_gain=1.1636 1.12629 1.07701 1.46586 0.502927
threshold=0.96053000000000333 0.0042477915832339628 0.0072977557533104873 -3.0350499999999996 1.1071899999999852
decision_type=2 2 2 2 2
left_child=2 4 3 -1 -2
right_child=1 -3 -4 -5 -6
leaf_value=-0.0019826393410837207 -0.015801231576228023 0.003385320224799631 -0.0078398277368704281 0.025492880999643475 -0.0045693793232132488
leaf_weight=1.4687955286353824 3.8207213133573514 3.1835706904530525 1.5529693178832529 1.6484042443335067 2.736946202814579
leaf_count=15 27 30 14 29 20
internal_value=-0.00244011 -0.00637505 0.00576756 0.0125467 -0.0111134
internal_weight=14.4114 9.74124 4.67017 3.1172 6.55767
internal_count=135 77 58 44 47
is_linear=0
shrinkage=0.02


Tree=111
num_leaves=5
num_cat=0
split_feature=8 8 4 6
split_gain=1.16142 1.31062 1.49895 1.17184
threshold=0.68854602331711745 0.58988921120207338 0.8938566666666703 -1.2223499999999998
decision_type=2 2 2 2
left_child=1 2 -1 -4
right_child=-2 -3 3 -5
leaf_value=0.013248556465364214 0.011057991338172653 -0.017710827074059923 -0.012993757685584922 0.0028158172789395416
leaf_weight=2.1530287079513055 2.1772962398827085 2.500153385102748 4.0492665618658048 3.4932451136410254
leaf_count=30 30 18 26 31
internal_value=-0.00239738 -0.00479957 -0.00147019 -0.0056717
internal_weight=14.373 12.1957 9.69554 7.54251
internal_count=135 105 87 57
is_linear=0
shrinkage=0.02


Tree=112
num_leaves=6
num_cat=0
split_feature=10 3 3 0 10
split_gain=1.1364 1.73268 2.02065 1.00052 0.505542
threshold=20.328895993970288 0.28517999999998894 -0.99418000000000972 8.5698500000000006 46.293613572671944
decision_type=2 2 2 2 2
left_child=-1 2 -2 4 -3
right_child=1 3 -4 -5 -6
leaf_value=-0.01489115927592039 -0.00031051918132544157 -0.015418028948236006 0.029305389990021295 0.0052340302126910607 -0.0032236474959306404
leaf_weight=2.4070333875715741 2.3834181521087889 3.02095879614353 1.5023827776312817 2.547993179410696 2.4731450304389
leaf_count=18 30 20 23 24 20
internal_value=-0.00235573 0.000173904 0.01114 -0.00512472 -0.00992879
internal_weight=14.3349 11.9279 3.8858 8.0421 5.4941
internal_count=135 117 53 64 40
is_linear=0
shrinkage=0.02


Tree=113
num_leaves=5
num_cat=0
split_feature=5 10 3 5
split_gain=1.13189 1.22345 1.74072 0.995361
threshold=17.052369999999978 49.125531210628942 0.44331999999998462 8.372769999999969
decision_type=2 2 2 2
left_child=1 2 3 -1
right_child=-2 -3 -4 -5
leaf_value=0.0099277427470092112 0.010781046179340597 0.0044933033342771343 -0.01875106909063751 -0.0094541623439653218
leaf_weight=2.0143734179437143 2.2278466057032356 3.8915672972798339 3.917038019746542 2.2366859391331673
leaf_count=23 27 39 27 19
internal_value=-0.00231615 -0.00473566 -0.00913266 -0.000270006
internal_weight=14.2875 12.0597 8.1681 4.25106
internal_count=135 108 69 42
is_linear=0
shrinkage=0.02


Tree=114
num_leaves=5
num_cat=0
split_feature=8 8 4 3
split_gain=1.11906 1.24688 1.45067 1.1537
threshold=0.68854602331711745 0.58988921120207338 0.8938566666666703 1.5431799999999902
decision_type=2 2 2 2
left_child=1 2 -1 -4
right_child=-2 -3 3 -5
leaf_value=0.013157394208992869 0.011006113769261312 -0.017304831688889334 -0.011706925643968949 0.004441256626238746
leaf_weight=2.135219391435383 2.1541731376200923 2.4736286699771872 4.6263514496386051 2.8661129325628281
leaf_count=30 30 18 34 23
internal_value=-0.00227519 -0.00463942 -0.00138531 -0.00552972
internal_weight=14.2555 12.1013 9.62768 7.49246
internal_count=135 105 87 57
is_linear=0
shrinkage=0.02


Tree=115
num_leaves=6
num_cat=0
split_feature=2 10 5 9 9
split_gain=1.11501 1.63048 1.29147 2.93689 0.782716
threshold=8.5000000000000018 20.328895993970288 7.2863199999999697 -0.20100000000024917 -1.155666666666775
decision_type=2 2 2 2 2
left_child=-1 -2 -3 4 -4
right_child=1 2 3 -5 -6
leaf_value=-0.0148707814355548 -0.014549168377670599 0.015668568000823026 0.017763571846130838 -0.019708138780134558 0.0011426378109149794
leaf_weight=2.3348242454230794 2.3820484168827525 2.6968200113624317 2.0088852941989881 2.1980606615543383 2.6002820618450642
leaf_count=16 18 36 27 14 24
internal_value=-0.00223514 0.000246924 0.00395534 -0.000685084 0.0083868
internal_weight=14.2209 11.8861 9.50405 6.80723 4.60917
internal_count=135 119 101 65 51
is_linear=0
shrinkage=0.02


Tree=116
num_leaves=6
num_cat=0
split_feature=4 0 7 3 6
split_gain=1.08042 1.12567 1.07227 0.629108 0.18976
threshold=0.96053000000000333 5.814750000000001 0.0042477915832339628 1.3173399999999957 -2.0359000000000003
decision_type=2 2 2 2 2
left_child=1 -1 3 -2 -3
right_child=2 4 -4 -5 -6
leaf_value=-0.0069749319371227581 -0.01570872004896303 0.0084682085988293902 0.0035761954641108794 -0.0029255016597507805 0.018782975305144386
leaf_weight=1.7222746014595038 3.913108613342045 1.4631540141999722 3.137330736964941 2.5392114371061325 1.3922853451222181
leaf_count=17 28 18 30 19 23
internal_value=-0.00219871 0.00579521 -0.00601468 -0.0106781 0.0134976
internal_weight=14.1674 4.57771 9.58965 6.45232 2.85544
internal_count=135 58 77 47 41
is_linear=0
shrinkage=0.02


Tree=117
num_leaves=6
num_cat=0
split_feature=2 10 5 9 9
split_gain=1.06104 1.56898 1.2673 2.8454 0.752453
threshold=8.5000000000000018 20.328895993970288 7.2863199999999697 -0.20100000000024917 -1.155666666666775
decision_type=2 2 2 2 2
left_child=-1 -2 -3 4 -4
right_child=1 2 3 -5 -6
leaf_value=-0.014510096884548714 -0.014306632621284704 0.01555221320593079 0.017495394843198873 -0.019472191113874052 0.0011521988284066869
leaf_weight=2.324712324887515 2.3626249283552161 2.6813600119203311 1.9936106111854295 2.185675576329233 2.5918260589241982
leaf_count=16 18 36 27 14 24
internal_value=-0.00215891 0.000271287 0.00391501 -0.000693326 0.00825773
internal_weight=14.1398 11.8151 9.45247 6.77111 4.58544
internal_count=135 119 101 65 51
is_linear=0
shrinkage=0.02


Tree=118
num_leaves=4
num_cat=0
split_feature=2 5 3
split_gain=1.05459 1.00442 0.9409
threshold=46.500000000000007 7.8959599999999748 0.34272999999998482
decision_type=2 2 2
left_child=1 2 -1
right_child=-2 -3 -4
leaf_value=0.011020582508178219 0.0086525775962739415 -0.011543575485415377 -0.0052931616376724056
leaf_weight=2.1927750427275878 2.8878087177872667 5.023415444418788 3.9825671650469303
leaf_count=28 37 38 32
internal_value=-0.00212372 -0.00490259 0.000499614
internal_weight=14.0866 11.1988 6.17534
internal_count=135 98 60
is_linear=0
shrinkage=0.02


Tree=119
num_leaves=5
num_cat=0
split_feature=5 10 3 2
split_gain=1.0492 1.20173 1.67686 0.909148
threshold=17.052369999999978 49.125531210628942 0.68384999999999041 29.500000000000004
decision_type=2 2 2 2
left_child=1 2 3 -1
right_child=-2 -3 -4 -5
leaf_value=-0.0095702866883530715 0.010648598091058779 0.0047665518240578688 -0.019373225316600962 0.0082547615836413221
leaf_weight=2.3546664938330633 2.1856176517903814 3.8432153929024926 3.4459874220192432 2.2270705066621304
leaf_count=21 27 39 24 24
internal_value=-0.00208573 -0.00443031 -0.00883324 -0.000905966
internal_weight=14.0566 11.8709 8.02772 4.58174
internal_count=135 108 69 45
is_linear=0
shrinkage=0.02


Tree=120
num_leaves=7
num_cat=0
split_feature=4 10 8 5 0 6
split_gain=1.04867 1.06374 1.30569 1.74686 1.05579 0.193055
threshold=0.96053000000000333 32.376070860043733 0.34104455086050484 8.6429599999999738 5.814750000000001 -2.0359000000000003
decision_type=2 2 2 2 2 2
left_child=4 -2 -3 -4 -1 -6
right_child=1 2 3 -5 5 -7
leaf_value=-0.0065035128867478777 -0.017106903821967518 -0.013015972276186701 0.01663453181499731 -0.0086185986311532806 0.0083021561775435699 0.018777902570491743
leaf_weight=1.7150164842605597 2.4726632535457593 2.6255749799311161 2.3391441665589809 2.0611647814512253 1.4457870572805405 1.370903616771102
leaf_count=17 16 19 28 14 18 23
internal_value=-0.00204812 -0.00582487 -0.00185431 0.00480562 0.00586803 0.0134008
internal_weight=14.0303 9.49855 7.02588 4.40031 4.53171 2.81669
internal_count=135 77 61 42 58 41
is_linear=0
shrinkage=0.02


Tree=121
num_leaves=5
num_cat=0
split_feature=4 10 4 4
split_gain=1.01432 1.02055 1.40097 0.692358
threshold=-0.28995666666666375 49.125531210628942 1.7986300000000031 1.1477466666666698
decision_type=2 2 2 2
left_child=-1 2 3 -2
right_child=1 -3 -4 -5
leaf_value=0.011196192608299422 -0.0070015203584103602 0.0043856070117757944 0.0036748043877176425 -0.021174483248376737
leaf_weight=1.9930066708475358 2.8157217018306238 3.7796350568532935 2.6844596974551678 2.7014437168836594
leaf_count=33 22 38 24 18
internal_value=-0.00201521 -0.00421284 -0.00817535 -0.0139412
internal_weight=13.9743 11.9813 8.20163 5.51717
internal_count=135 102 64 40
is_linear=0
shrinkage=0.02


Tree=122
num_leaves=6
num_cat=0
split_feature=5 6 9 5 1
split_gain=1.00735 1.14498 2.51208 1.74083 0.8383
threshold=17.052369999999978 -1.2223499999999998 -1.3736666666663948 7.2863199999999697 -0.41260000000000008
decision_type=2 2 2 2 2
left_child=1 4 -3 -4 -1
right_child=-2 2 3 -5 -6
leaf_value=-0.0037417177754922692 0.010547273762382457 -0.01883846141846961 0.025267447452201379 -0.00041116636024594508 -0.019272347956282611
leaf_weight=3.0448272526264191 2.1674735844135293 1.7223462015390385 1.7330731283873317 2.7031511776149273 2.5582723543047896
leaf_count=27 27 12 28 24 17
internal_value=-0.0019817 -0.00429057 0.00166151 0.00962054 -0.0108327
internal_weight=13.9291 11.7617 6.15857 4.43622 5.6031
internal_count=135 108 64 52 44
is_linear=0
shrinkage=0.02


Tree=123
num_leaves=5
num_cat=0
split_feature=8 8 6 7
split_gain=0.998645 1.25093 1.37462 1.51176
threshold=0.68854602331711745 0.58988921120207338 -1.2223499999999998 0.0042477915832339628
decision_type=2 2 2 2
left_child=1 2 -1 -4
right_child=-2 -3 3 -5
leaf_value=-0.008455079463816146 0.010863861861654944 -0.017048400015567369 -0.0035795657950920545 0.019330328509358726
leaf_weight=4.7579667419195157 2.0706916339695463 2.4102420359849921 2.5335339158773422 2.1129985116422176
leaf_count=37 30 18 27 23
internal_value=-0.00194794 -0.00419338 -0.000898823 0.00683865
internal_weight=13.8854 11.8147 9.4045 4.64653
internal_count=135 105 87 50
is_linear=0
shrinkage=0.02


Tree=124
num_leaves=7
num_cat=0
split_feature=4 0 10 8 5 6
split_gain=0.987407 1.01263 0.986439 1.6269 1.78257 0.183073
threshold=0.96053000000000333 5.814750000000001 32.376070860043733 0.32832285560629665 8.6429599999999738 -2.0359000000000003
decision_type=2 2 2 2 2 2
left_child=1 -1 -2 -4 -5 -3
right_child=2 5 3 4 -6 -7
leaf_value=-0.0063365768940905334 -0.016634595227788075 0.0082665125957888975 -0.014682330739378692 0.017092775904206065 -0.0083130907985113876 0.018528815784073609
leaf_weight=1.7057585865259177 2.4106669351458532 1.4369555898010731 2.5047400072216988 2.4142244607210159 2.0365670472383499 1.3472710084170103
leaf_count=17 16 18 18 29 14 23
internal_value=-0.00191301 0.00579808 -0.00560956 -0.00178847 0.00546771 0.0132324
internal_weight=13.8562 4.48999 9.3662 6.95553 4.45079 2.78423
internal_count=135 58 77 61 43 41
is_linear=0
shrinkage=0.02


Tree=125
num_leaves=5
num_cat=0
split_feature=5 10 3 3
split_gain=0.976686 1.0768 1.59305 0.882787
threshold=17.052369999999978 49.125531210628942 0.68384999999999041 -0.99418000000000972
decision_type=2 2 2 2
left_child=1 2 3 -1
right_child=-2 -3 -4 -5
leaf_value=-0.0084796222187161086 0.010515155705378502 0.0045845502375432929 -0.018842474381266284 0.0093418538482907456
leaf_weight=2.5252621509134761 2.1464451812207708 3.7938087340444326 3.3479011617600918 1.9863335713744152
leaf_count=24 27 39 24 21
internal_value=-0.00188242 -0.00416595 -0.00838985 -0.000633308
internal_weight=13.7998 11.6533 7.8595 4.5116
internal_count=135 108 69 45
is_linear=0
shrinkage=0.02


Tree=126
num_leaves=6
num_cat=0
split_feature=4 7 0 3 6
split_gain=0.971721 0.977719 0.972839 0.603809 0.18091
threshold=0.96053000000000333 0.0042477915832339628 5.814750000000001 1.3173399999999957 -2.0359000000000003
decision_type=2 2 2 2 2
left_child=2 3 -1 -2 -4
right_child=1 -3 4 -5 -6
leaf_value=-0.0060763877862095314 -0.015062685855603013 0.0037852731055158522 0.0082006197982997971 -0.002374477769292933 0.018435612066518118
leaf_weight=1.7026893980801112 3.7884431295096856 3.0379384569823742 1.4319507032632828 2.4838456958532333 1.3346389308571815
leaf_count=17 28 30 18 19 23
internal_value=-0.00184774 -0.00552753 0.00581784 -0.0100381 0.0131381
internal_weight=13.7795 9.31023 4.46928 6.27229 2.76659
internal_count=135 77 58 47 41
is_linear=0
shrinkage=0.02


Tree=127
num_leaves=5
num_cat=0
split_feature=10 9 6 6
split_gain=0.958965 1.62202 1.43953 1.78169
threshold=20.328895993970288 -1.0793333333335793 -1.2223499999999998 5.0860500000000011
decision_type=2 2 2 2
left_child=-1 -2 -3 -4
right_child=1 2 3 -5
leaf_value=-0.013670509737839436 0.014008388484346622 -0.012316835168719198 0.014980738973108705 -0.0099150576652945761
leaf_weight=2.2769913598895082 2.7262843064963809 4.0904891565442068 2.5933093223720789 2.0657951906323433
leaf_count=18 36 30 35 16
internal_value=-0.00181427 0.000538188 -0.00365899 0.00394222
internal_weight=13.7529 11.4759 8.74959 4.6591
internal_count=135 117 81 51
is_linear=0
shrinkage=0.02


Tree=128
num_leaves=6
num_cat=0
split_feature=2 10 5 9 9
split_gain=0.948504 1.38489 1.20642 2.81063 0.667966
threshold=8.5000000000000018 20.328895993970288 7.2863199999999697 -0.20100000000024917 -1.155666666666775
decision_type=2 2 2 2 2
left_child=-1 -2 -3 4 -4
right_child=1 2 3 -5 -6
leaf_value=-0.013652812226167779 -0.013446280839015633 0.015519380590045968 0.017374174355588877 -0.019364910572173905 0.0017273409300501117
leaf_weight=2.2509005405008802 2.2687467262148848 2.6063020806759578 1.9284333884716014 2.1436103060841578 2.5141656547784805
leaf_count=16 18 36 27 14 24
internal_value=-0.00178325 0.000547839 0.00400164 -0.000556172 0.00851928
internal_weight=13.7122 11.4613 9.19251 6.58621 4.4426
internal_count=135 119 101 65 51
is_linear=0
shrinkage=0.02


Tree=129
num_leaves=7
num_cat=0
split_feature=4 10 8 5 0 6
split_gain=0.931078 0.948749 1.5428 1.6919 0.947427 0.174438
threshold=0.96053000000000333 32.376070860043733 0.32832285560629665 8.6429599999999738 5.814750000000001 -2.0359000000000003
decision_type=2 2 2 2 2 2
left_child=4 -2 -3 -4 -1 -6
right_child=1 2 3 -5 5 -7
leaf_value=-0.0059787744429332301 -0.016315329225116193 -0.014232437741173797 0.016883018320812734 -0.0080199518510664074 0.0082044909947673571 0.018314600902487901
leaf_weight=1.6911601833999164 2.3583347424864751 2.4788470305502415 2.3870080709457397 2.0103334113955498 1.4198529589921236 1.3147297184914351
leaf_count=17 16 18 29 14 18 23
internal_value=-0.00175422 -0.00536897 -0.00161469 0.00549812 0.00578815 0.0130652
internal_weight=13.6603 9.23452 6.87619 4.39734 4.42574 2.73458
internal_count=135 77 61 43 58 41
is_linear=0
shrinkage=0.02


Tree=130
num_leaves=5
num_cat=0
split_feature=5 10 3 3
split_gain=0.923167 1.03265 1.54558 0.873902
threshold=17.052369999999978 49.125531210628942 0.68384999999999041 -0.99418000000000972
decision_type=2 2 2 2
left_child=1 2 3 -1
right_child=-2 -3 -4 -5
leaf_value=-0.0082917143773912072 0.010430315862261084 0.0046525534964173216 -0.018546049413171204 0.0095513271971317936
leaf_weight=2.5027783550322047 2.1110469624400148 3.7518844846636057 3.2831426858901978 1.9560762159526337
leaf_count=24 27 39 24 21
internal_value=-0.00172612 -0.00395886 -0.00813208 -0.000464065
internal_weight=13.6049 11.4939 7.742 4.45885
internal_count=135 108 69 45
is_linear=0
shrinkage=0.02


Tree=131
num_leaves=6
num_cat=0
split_feature=4 0 5 7 3
split_gain=0.916947 1.1443 1.28403 0.924871 0.584272
threshold=0.96053000000000333 5.427150000000001 12.06574999999998 0.0042477915832339628 1.3173399999999957
decision_type=2 2 2 2 2
left_child=1 -1 -3 4 -2
right_child=3 2 -4 -5 -6
leaf_value=-0.0077095394297006783 -0.014706757961732738 0.000629565618014354 0.027712266697780652 0.0038252807086680612 -0.0021440248188197655
leaf_weight=1.5971311368048198 3.7254355885088426 1.4741659220308068 1.3338280618190763 2.9965421967208385 2.4577878415584564
leaf_count=16 28 17 25 30 19
internal_value=-0.00169436 0.0058065 0.0134941 -0.00529382 -0.00971316
internal_weight=13.5849 4.40513 2.80799 9.17977 6.18322
internal_count=135 58 42 77 47
is_linear=0
shrinkage=0.02


Tree=132
num_leaves=5
num_cat=0
split_feature=2 10 4 3
split_gain=0.891105 0.943534 1.09309 0.705433
threshold=49.000000000000007 49.125531210628942 1.7005366666666701 0.44331999999998462
decision_type=2 2 2 2
left_child=1 2 3 -1
right_child=-2 -3 -4 -5
leaf_value=-0.0039240513790056632 0.0099344919587790875 0.0043648447451025444 0.0041230922586525933 -0.018557001915027412
leaf_weight=2.2007367350161058 2.2162900017574438 3.695659339427948 2.1554990634322166 3.2846902459859848
leaf_count=22 32 38 20 23
internal_value=-0.00166413 -0.00393165 -0.00794439 -0.0126863
internal_weight=13.5529 11.3366 7.64093 5.48543
internal_count=135 103 65 45
is_linear=0
shrinkage=0.02


Tree=133
num_leaves=6
num_cat=0
split_feature=4 0 5 7 3
split_gain=0.898505 1.0946 1.25768 0.891768 0.563456
threshold=0.96053000000000333 5.427150000000001 12.06574999999998 0.0042477915832339628 1.3173399999999957
decision_type=2 2 2 2 2
left_child=1 -1 -3 4 -2
right_child=3 2 -4 -5 -6
leaf_value=-0.0073814440070196557 -0.014477979443918248 0.00069455857961987126 0.027647553115286078 0.0037572294690605612 -0.0021168287594363691
leaf_weight=1.5959739908576018 3.7033189013600332 1.4689762666821482 1.3100755456835029 2.9913418143987656 2.4514507129788399
leaf_count=16 28 17 25 30 19
internal_value=-0.00163497 0.00581941 0.0134005 -0.00520076 -0.00955452
internal_weight=13.5211 4.37503 2.77905 9.14611 6.15477
internal_count=135 58 42 77 47
is_linear=0
shrinkage=0.02


Tree=134
num_leaves=5
num_cat=0
split_feature=10 9 10 3
split_gain=0.897153 1.51627 1.54635 0.52192
threshold=20.328895993970288 -0.68933333333347935 49.125531210628942 0.9536799999999902
decision_type=2 2 2 2
left_child=-1 3 -3 -2
right_child=1 2 -4 -5
leaf_value=-0.013261048905858025 0.018369245825419347 -0.013517377174551287 0.0046121811915527857 0.0034485461093668084
leaf_weight=2.2090772800147542 1.9148362874984735 3.7837304733693591 3.744037302210927 1.8377347737550733
leaf_count=18 28 33 39 17
internal_value=-0.00160578 0.000676724 -0.0045004 0.0110622
internal_weight=13.4894 11.2803 7.52777 3.75257
internal_count=135 117 72 45
is_linear=0
shrinkage=0.02


Tree=135
num_leaves=6
num_cat=0
split_feature=2 10 5 9 9
split_gain=0.877058 1.28927 1.19533 2.6998 0.62136
threshold=8.5000000000000018 20.328895993970288 7.2863199999999697 -0.20100000000024917 -1.155666666666775
decision_type=2 2 2 2 2
left_child=-1 -2 -3 4 -4
right_child=1 2 3 -5 -6
leaf_value=-0.013100390663283371 -0.013043534429254249 0.015538396813160729 0.017134627104018099 -0.019072563082053729 0.0018745668097466975
leaf_weight=2.2085180655121812 2.2010789141058913 2.5785747002810222 1.8755849311128239 2.1199508421123046 2.4766761399805546
leaf_count=16 18 36 27 14 24
internal_value=-0.00157708 0.000684714 0.00402331 -0.000564375 0.00845081
internal_weight=13.4604 11.2519 9.05079 6.47221 4.35226
internal_count=135 119 101 65 51
is_linear=0
shrinkage=0.02


Tree=136
num_leaves=6
num_cat=0
split_feature=4 4 8 0 6
split_gain=0.875595 1.09231 1.39538 1.07026 0.154916
threshold=0.96053000000000333 2.5795866666666707 0.47559919545133289 5.427150000000001 -2.2452499999999991
decision_type=2 2 2 2 2
left_child=3 2 -2 -1 -5
right_child=1 -3 -4 4 -6
leaf_value=-0.0072353439988375335 0.00043158678414955711 0.0069759745780233785 -0.017683262169142254 0.0088506239294315787 0.018360541629180046
leaf_weight=1.5855653099715716 3.2417633309960348 2.2578697241842747 3.5785580798983574 1.4315385725349186 1.3141931779682638
leaf_count=16 26 23 28 18 24
internal_value=-0.0015514 -0.00508148 -0.0090731 0.00584749 0.0134024
internal_weight=13.4095 9.07819 6.82032 4.3313 2.74573
internal_count=135 77 54 58 42
is_linear=0
shrinkage=0.02


Tree=137
num_leaves=6
num_cat=0
split_feature=2 10 5 9 9
split_gain=0.848328 1.23846 1.15743 2.5986 0.595103
threshold=8.5000000000000018 20.328895993970288 7.2863199999999697 -0.20100000000024917 -1.155666666666775
decision_type=2 2 2 2 2
left_child=-1 -2 -3 4 -4
right_child=1 2 3 -5 -6
leaf_value=-0.012869463109357573 -0.012816157637401926 0.015362897070516126 0.016873582207146385 -0.018768583825333442 0.0018869436625090061
leaf_weight=2.2023595832288274 2.17867188155651 2.5604122802615148 1.8595606237649898 2.1038912013173121 2.4644488580524921
leaf_count=16 18 36 27 14 24
internal_value=-0.00152508 0.000712262 0.00399141 -0.000538175 0.00833202
internal_weight=13.3693 11.167 8.98831 6.4279 4.32401
internal_count=135 119 101 65 51
is_linear=0
shrinkage=0.02


Tree=138
num_leaves=6
num_cat=0
split_feature=4 0 4 8 6
split_gain=0.847098 1.03986 1.03034 1.35493 0.152173
threshold=0.96053000000000333 5.427150000000001 2.5795866666666707 0.47559919545133289 -2.2452499999999991
decision_type=2 2 2 2 2
left_child=1 -1 3 -2 -3
right_child=2 4 -4 -5 -6
leaf_value=-0.0071029598001555797 0.0004887887456415886 0.0087713501824164715 0.0067479447715076838 -0.017428058134787119 0.018236776419595552
leaf_weight=1.5808318518102176 3.2281661033630353 1.4232223480939863 2.2473609670996666 3.5394346304237843 1.2999041993170979
leaf_count=16 26 18 23 28 24
internal_value=-0.00150023 0.00579956 -0.00498532 -0.00888167 0.0132897
internal_weight=13.3189 4.30396 9.01496 6.7676 2.72313
internal_count=135 58 77 54 42
is_linear=0
shrinkage=0.02


Tree=139
num_leaves=6
num_cat=0
split_feature=2 10 10 5 3
split_gain=0.820495 1.22169 2.07338 2.4701 1.19025
threshold=8.5000000000000018 32.376070860043733 40.82325546339073 7.2863199999999697 0.44331999999998462
decision_type=2 2 2 2 2
left_child=-1 4 -3 -4 -2
right_child=1 2 3 -5 -6
leaf_value=-0.01264265317239364 0.0037760129794350145 0.02387861168401325 0.016602578957854892 -0.012872034412549988 -0.016910904258203793
leaf_weight=2.1962318308651456 2.0719829993322474 1.8936947807669637 1.9155199620872734 2.7994024455547333 2.4025190360844135
leaf_count=16 25 26 28 21 19
internal_value=-0.00147475 0.000738279 0.00620211 -0.000897456 -0.00733153
internal_weight=13.2794 11.0831 6.60862 4.71492 4.4745
internal_count=135 119 75 49 44
is_linear=0
shrinkage=0.02


Tree=140
num_leaves=6
num_cat=0
split_feature=4 7 6 4 8
split_gain=0.818184 1.08767 1.1989 0.96337 1.31178
threshold=0.96053000000000333 0.0072977557533104873 -3.0350499999999996 2.5795866666666707 0.47559919545133289
decision_type=2 2 2 2 2
left_child=1 2 -1 4 -2
right_child=3 -3 -4 -5 -6
leaf_value=-0.0007582848890948595 0.00053868705020143886 -0.0084559118972234067 0.025237698101290451 0.0064792632488484851 -0.017161929258360277
leaf_weight=1.350762255489826 3.2156012803316099 1.4351930059492586 1.4950545895844709 2.2354700230062008 3.4949191510677338
leaf_count=15 26 14 29 23 28
internal_value=-0.00145094 0.00573968 0.0128987 -0.00489193 -0.00868001
internal_weight=13.227 4.28101 2.84582 8.94599 6.71052
internal_count=135 58 44 77 54
is_linear=0
shrinkage=0.02


Tree=141
num_leaves=5
num_cat=0
split_feature=2 5 2 8
split_gain=0.818224 0.8844 0.87716 1.56848
threshold=46.500000000000007 7.8959599999999748 9.5000000000000018 0.55557669450935332
decision_type=2 2 2 2
left_child=1 2 -1 -4
right_child=-2 -3 3 -5
leaf_value=-0.0099517558631575485 0.0085653966137522637 -0.01031624651855704 0.017877488698646863 -0.0075591467678755679
leaf_weight=1.8708859197795371 2.6248760130256423 4.7466074749827385 2.2032301370054488 1.731876917183399
leaf_count=15 37 38 27 18
internal_value=-0.00142713 -0.00391269 0.00132245 0.00668259
internal_weight=13.1775 10.5526 5.80599 3.93511
internal_count=135 98 60 45
is_linear=0
shrinkage=0.02


Tree=142
num_leaves=5
num_cat=0
split_feature=8 8 6 7
split_gain=0.816075 1.21702 1.26059 1.28584
threshold=0.68854602331711745 0.58988921120207338 -1.2223499999999998 0.0042477915832339628
decision_type=2 2 2 2
left_child=1 2 -1 -4
right_child=-2 -3 3 -5
leaf_value=-0.007519732410524233 0.010704933354280547 -0.016519397572389412 -0.0025495913055846426 0.019095504225849252
leaf_weight=4.5557358860969526 1.9046077495440847 2.2743023652583352 2.3700489476323128 2.04511583968997
leaf_count=37 30 18 27 23
internal_value=-0.0014015 -0.00345197 -0.000139122 0.00747647
internal_weight=13.1498 11.2452 8.9709 4.41516
internal_count=135 105 87 50
is_linear=0
shrinkage=0.02


Tree=143
num_leaves=6
num_cat=0
split_feature=5 6 9 1 1
split_gain=0.807039 0.979478 2.16632 0.702647 0.494693
threshold=17.052369999999978 -1.2223499999999998 -1.3736666666663948 -0.41260000000000008 2.4062500000000004
decision_type=2 2 2 2 2
left_child=1 3 -3 -1 -4
right_child=-2 2 4 -5 -6
leaf_value=-0.0029761338999135939 0.010287278989747302 -0.01770707572869655 0.018098155733130124 -0.017555437658807637 0.0041014247770449017
leaf_weight=2.8768816888332367 2.0095088314265022 1.5860066525638092 1.6886071879416702 2.4469558447599402 2.5135326609015465
leaf_count=27 27 12 25 17 27
internal_value=-0.00137643 -0.00348571 0.00220903 -0.00967711 0.00972594
internal_weight=13.1215 11.112 5.78815 5.32384 4.20214
internal_count=135 108 64 44 52
is_linear=0
shrinkage=0.02


Tree=144
num_leaves=5
num_cat=0
split_feature=4 10 4 4
split_gain=0.807211 0.868318 1.13353 0.619925
threshold=-0.28995666666666375 49.125531210628942 1.7986300000000031 1.1477466666666698
decision_type=2 2 2 2
left_child=-1 2 3 -2
right_child=1 -3 -4 -5
leaf_value=0.010924813821560088 -0.0059967852633532612 0.0047185115569200039 0.0035697456308593839 -0.020028984426244359
leaf_weight=1.8410533973947174 2.6354062817990762 3.612610686570406 2.5917627960443497 2.4119023457169533
leaf_count=33 22 38 24 18
internal_value=-0.00135195 -0.00336073 -0.0071815 -0.0127022
internal_weight=13.0927 11.2517 7.63907 5.04731
internal_count=135 102 64 40
is_linear=0
shrinkage=0.02


Tree=145
num_leaves=5
num_cat=0
split_feature=8 8 6 6
split_gain=0.79336 1.16811 1.18397 1.24227
threshold=0.68854602331711745 0.58988921120207338 -1.2223499999999998 6.522050000000001
decision_type=2 2 2 2
left_child=1 2 -1 -4
right_child=-2 -3 3 -5
leaf_value=-0.0072649539799334688 0.010673992403949773 -0.01621603669351232 0.016518990062459181 -0.0050156544418429004
leaf_weight=4.5342476926743966 1.8845074912533171 2.2545321192592374 2.5073670484125614 1.8711642622947691
leaf_count=37 30 18 34 16
internal_value=-0.00132942 -0.00335503 -0.000101769 0.00731617
internal_weight=13.0518 11.1673 8.91278 4.37853
internal_count=135 105 87 50
is_linear=0
shrinkage=0.02


Tree=146
num_leaves=5
num_cat=0
split_feature=5 10 3 3
split_gain=0.776849 0.94083 1.35619 0.907665
threshold=17.052369999999978 49.125531210628942 0.68384999999999041 -0.99418000000000972
decision_type=2 2 2 2
left_child=1 2 3 -1
right_child=-2 -3 -4 -5
leaf_value=-0.0083211730637598406 0.010176193983039676 0.004916889430496783 -0.017654811959080977 0.010200861523022117
leaf_weight=2.4297958351671682 1.9957428993657238 3.6522872783243656 3.0687547456473112 1.8749207183718675
leaf_count=24 27 39 24 21
internal_value=-0.00130586 -0.0033842 -0.00749596 -0.000253895
internal_weight=13.0215 11.0258 7.37347 4.30472
internal_count=135 108 69 45
is_linear=0
shrinkage=0.02


Tree=147
num_leaves=5
num_cat=0
split_feature=4 7 4 8
split_gain=0.789588 1.55907 0.88952 1.22819
threshold=0.96053000000000333 -0.0039062524364474873 2.5795866666666707 0.47559919545133289
decision_type=2 2 2 2
left_child=1 -1 3 -2
right_child=2 -3 -4 -5
leaf_value=0.024241443135464696 0.0005393420342041965 -0.0022179057341584433 0.0062807329487344918 -0.016743273695857364
leaf_weight=1.2814744105562565 3.1888541504740697 2.9216901101171979 2.2133289277553558 3.3967902436852455
leaf_count=26 26 32 23 28
internal_value=-0.0012819 0.00584911 -0.00468829 -0.00837481
internal_weight=13.0021 4.20316 8.79897 6.58564
internal_count=135 58 77 54
is_linear=0
shrinkage=0.02


Tree=148
num_leaves=6
num_cat=0
split_feature=2 10 5 9 9
split_gain=0.774392 1.13892 1.0395 2.435 0.52769
threshold=8.5000000000000018 20.328895993970288 7.2863199999999697 -0.20100000000024917 -1.155666666666775
decision_type=2 2 2 2 2
left_child=-1 -2 -3 4 -4
right_child=1 2 3 -5 -6
leaf_value=-0.012201293471206187 -0.012303509555546623 0.01508892572671392 0.016674206096601682 -0.01813160509261557 0.0023308345347391518
leaf_weight=2.1569873541593561 2.097784921526908 2.4714315403252822 1.7997333155944923 2.0443551652133483 2.3863726928830147
leaf_count=16 18 36 27 14 24
internal_value=-0.00126059 0.00092457 0.00411349 -0.000240123 0.00849748
internal_weight=12.9567 10.7997 8.70189 6.23046 4.18611
internal_count=135 119 101 65 51
is_linear=0
shrinkage=0.02


Tree=149
num_leaves=5
num_cat=0
split_feature=4 7 7 3
split_gain=0.765014 1.50563 0.910316 0.542608
threshold=0.96053000000000333 -0.0039062524364474873 0.0042477915832339628 1.3173399999999957
decision_type=2 2 2 2
left_child=1 -1 3 -2
right_child=2 -3 -4 -5
leaf_value=0.024128706054600105 -0.014065898687047976 -0.0020763539988891255 0.0046811658411150224 -0.001684934799951334
leaf_weight=1.2545296307653186 3.5239316299557668 2.9144478328526029 2.8476923368871212 2.3669579848647118
leaf_count=26 28 32 30 19
internal_value=-0.00124006 0.00580928 -0.00460314 -0.00909123
internal_weight=12.9076 4.16898 8.73858 5.89089
internal_count=135 58 77 47
is_linear=0
shrinkage=0.02


Tree=150
num_leaves=5
num_cat=0
split_feature=2 5 9 8
split_gain=0.74815 1.00827 0.921207 1.17005
threshold=46.500000000000007 5.86905999999997 -0.1713333333336777 0.52067848697569896
decision_type=2 2 2 2
left_child=1 -1 3 -3
right_child=-2 2 -4 -5
leaf_value=0.009691325356782042 0.0084875849953767856 0.010329372410263644 -0.014396481282085205 -0.0093354052175975942
leaf_weight=1.8666711151599873 2.5481201950460681 2.1009791344404203 3.5044369678944349 2.8548381514847279
leaf_count=24 37 23 28 23
internal_value=-0.00121809 -0.00361292 -0.00654837 -0.00099868
internal_weight=12.875 10.3269 8.46025 4.95582
internal_count=135 98 74 46
is_linear=0
shrinkage=0.02


Tree=151
num_leaves=5
num_cat=0
split_feature=10 9 10 3
split_gain=0.748648 1.29959 1.47743 0.628178
threshold=20.328895993970288 -0.68933333333347935 49.125531210628942 0.44331999999998462
decision_type=2 2 2 2
left_child=-1 3 -3 -2
right_child=1 2 -4 -5
leaf_value=-0.012184617736289257 0.020149926128501187 -0.013067512896342955 0.005050705567737861 0.0032783199142541776
leaf_weight=2.0788286812603483 1.5898937275633209 3.585029322654008 3.6161813829094172 1.9846307542175052
leaf_count=18 26 33 39 19
internal_value=-0.00119571 0.000924238 -0.00396921 0.0107826
internal_weight=12.8546 10.7757 7.20121 3.57452
internal_count=135 117 72 45
is_linear=0
shrinkage=0.02


Tree=152
num_leaves=6
num_cat=0
split_feature=5 6 9 1 1
split_gain=0.746427 0.933565 2.04507 0.658166 0.449547
threshold=17.052369999999978 -1.2223499999999998 -1.3736666666663948 -0.41260000000000008 2.4062500000000004
decision_type=2 2 2 2 2
left_child=1 3 -3 -1 -4
right_child=-2 2 4 -5 -6
leaf_value=-0.0027579743565267567 0.010192714980256357 -0.017277285309489448 0.017859121449553209 -0.017006951038514136 0.0043628672069865029
leaf_weight=2.8153798766434193 1.9579007318243391 1.5360535345971573 1.6469730492681263 2.4037491381168357 2.4643656723201275
leaf_count=27 27 12 25 17 27
internal_value=-0.00117452 -0.00322264 0.00241286 -0.00932056 0.00976937
internal_weight=12.8244 10.8665 5.64739 5.21913 4.11134
internal_count=135 108 64 44 52
is_linear=0
shrinkage=0.02


Tree=153
num_leaves=6
num_cat=0
split_feature=4 0 7 3 6
split_gain=0.735562 0.962694 0.870257 0.519908 0.141909
threshold=0.96053000000000333 5.427150000000001 0.0042477915832339628 1.3173399999999957 -2.2452499999999991
decision_type=2 2 2 2 2
left_child=1 -1 3 -2 -3
right_child=2 4 -4 -5 -6
leaf_value=-0.0068530339680251372 -0.013747104017123984 0.0087744767882951408 0.004657415820538015 -0.001594419170302133 0.018136605940444576
leaf_weight=1.51599769294262 3.4977704808115941 1.3692424669861791 2.8273266553878784 2.3570100292563438 1.2288259482011201
leaf_count=16 28 18 30 19 24
internal_value=-0.00115365 0.00581224 -0.00445448 -0.00885469 0.0132025
internal_weight=12.7962 4.11407 8.68211 5.85478 2.59807
internal_count=135 58 77 47 42
is_linear=0
shrinkage=0.02


Tree=154
num_leaves=5
num_cat=0
split_feature=8 8 6 7
split_gain=0.725782 1.13191 1.10435 1.19727
threshold=0.68854602331711745 0.58988921120207338 -1.2223499999999998 0.0042477915832339628
decision_type=2 2 2 2
left_child=1 2 -1 -4
right_child=-2 -3 3 -5
leaf_value=-0.0068214027797415698 0.01054487796273324 -0.015928921941979562 -0.0025032765950464319 0.01867918370955788
leaf_weight=4.4657228291034681 1.8247385900467641 2.1928511038422576 2.2855070270597935 2.0025102347135544
leaf_count=37 30 18 27 23
internal_value=-0.00113274 -0.00307934 0.000139541 0.00738896
internal_weight=12.7713 10.9466 8.75374 4.28802
internal_count=135 105 87 50
is_linear=0
shrinkage=0.02


Tree=155
num_leaves=6
num_cat=0
split_feature=2 10 10 5 3
split_gain=0.716385 1.10366 1.95114 2.25277 1.07783
threshold=8.5000000000000018 32.376070860043733 40.82325546339073 7.2863199999999697 0.44331999999998462
decision_type=2 2 2 2 2
left_child=-1 4 -3 -4 -2
right_child=1 2 3 -5 -6
leaf_value=-0.011716355736022359 0.0038194039158654337 0.023702834495571409 0.016223133185659242 -0.012422917638630133 -0.016382563757124224
leaf_weight=2.1237541288137445 1.9911413853988031 1.8302680142223833 1.8531707152724264 2.6951479278504848 2.2502352595329285
leaf_count=16 25 26 28 21 19
internal_value=-0.00111248 0.00100806 0.00626552 -0.000751347 -0.00689862
internal_weight=12.7437 10.62 6.37859 4.54832 4.24138
internal_count=135 119 75 49 44
is_linear=0
shrinkage=0.02


Tree=156
num_leaves=6
num_cat=0
split_feature=4 0 7 3 6
split_gain=0.707873 0.930982 0.816157 0.503497 0.137891
threshold=0.96053000000000333 5.427150000000001 0.0042477915832339628 1.3173399999999957 -2.2452499999999991
decision_type=2 2 2 2 2
left_child=1 -1 3 -2 -3
right_child=2 4 -4 -5 -6
leaf_value=-0.0067055433442237853 -0.013480670833889864 0.0087070989989998203 0.0045053445707659593 -0.0014701705379986166 0.017977972353135328
leaf_weight=1.5106423236429698 3.4591489136219007 1.363537700846791 2.80627466365695 2.34102663397789 1.2122834036126735
leaf_count=16 28 18 30 19 24
internal_value=-0.00109454 0.00575979 -0.00434908 -0.00863308 0.0130703
internal_weight=12.6929 4.08646 8.60645 5.80018 2.57582
internal_count=135 58 77 47 42
is_linear=0
shrinkage=0.02


Tree=157
num_leaves=5
num_cat=0
split_feature=10 9 10 3
split_gain=0.708829 1.25177 1.45786 0.609253
threshold=20.328895993970288 -0.68933333333347935 49.125531210628942 0.44331999999998462
decision_type=2 2 2 2
left_child=-1 3 -3 -2
right_child=1 2 -4 -5
leaf_value=-0.011879254477281305 0.020061469200044871 -0.012940761641725593 0.0051751344078876608 0.0033194971353324018
leaf_weight=2.038042165338994 1.5624905358999961 3.5350289493799201 3.5726583227515221 1.9602148029953239
leaf_count=18 26 33 39 19
internal_value=-0.00107469 0.000996746 -0.00383486 0.0107454
internal_weight=12.6684 10.6304 7.10769 3.52271
internal_count=135 117 72 45
is_linear=0
shrinkage=0.02


Tree=158
num_leaves=5
num_cat=0
split_feature=2 5 9 8
split_gain=0.6988 0.935458 0.833938 0.802122
threshold=49.000000000000007 5.86905999999997 -0.20100000000024917 0.52067848697569896
decision_type=2 2 2 2
left_child=1 -1 3 -3
right_child=-2 2 -4 -5
leaf_value=0.0099080765755294817 0.0098320279691366304 0.0093295893477075686 -0.012793433158081173 -0.0070209743297119237
leaf_weight=1.8342478703707445 1.9872507899999625 2.019294194877145 3.8396263234317312 2.9585088361054659
leaf_count=24 32 23 31 25
internal_value=-0.00105562 -0.00308689 -0.00579017 -0.000388209
internal_weight=12.6389 10.6517 8.81743 4.9778
internal_count=135 103 79 48
is_linear=0
shrinkage=0.02


Tree=159
num_leaves=5
num_cat=0
split_feature=10 9 6 6
split_gain=0.696069 1.20218 1.1209 1.45478
threshold=20.328895993970288 -1.0793333333335793 -1.2223499999999998 5.0860500000000011
decision_type=2 2 2 2
left_child=-1 -2 -3 -4
right_child=1 2 3 -5
leaf_value=-0.011759317881676321 0.013315072636574112 -0.010541147753631771 0.014632947090940499 -0.0087755124899310567
leaf_weight=2.0315803587436685 2.4465583730489007 3.8328405357897264 2.4118198901414871 1.8974575586616991
leaf_count=18 36 30 35 16
internal_value=-0.00103608 0.00102132 -0.00267273 0.00432575
internal_weight=12.6203 10.5887 8.14212 4.30928
internal_count=135 117 81 51
is_linear=0
shrinkage=0.02


Tree=160
num_leaves=5
num_cat=0
split_feature=5 10 3 3
split_gain=0.694216 0.89539 1.24977 0.893595
threshold=17.052369999999978 49.125531210628942 0.68384999999999041 -0.99418000000000972
decision_type=2 2 2 2
left_child=1 2 3 -1
right_child=-2 -3 -4 -5
leaf_value=-0.0081603801902953108 0.010082371153222768 0.0051897206825090867 -0.017113227897734683 0.010492795396142745
leaf_weight=2.3729587905108915 1.9112218515947468 3.555460762232542 2.9321750625967979 1.8115428201854222
leaf_count=24 27 39 24 21
internal_value=-0.0010183 -0.00300626 -0.00710094 -8.50992e-05
internal_weight=12.5834 10.6721 7.11668 4.1845
internal_count=135 108 69 45
is_linear=0
shrinkage=0.02


Tree=161
num_leaves=6
num_cat=0
split_feature=4 0 4 8 6
split_gain=0.694254 0.906864 0.788811 1.17454 0.133188
threshold=0.96053000000000333 5.427150000000001 2.5795866666666707 0.47559919545133289 -2.2452499999999991
decision_type=2 2 2 2 2
left_child=1 -1 3 -2 -3
right_child=2 4 -4 -5 -6
leaf_value=-0.0065358834465031636 0.0009868965077960098 0.0088164293545723825 0.0061536832105728943 -0.016207144986797858 0.01800279215506766
leaf_weight=1.489625861868263 3.114537011831997 1.3454604689031837 2.1804316304624081 3.2448511570692062 1.189364296384156
leaf_count=16 26 18 23 28 24
internal_value=-0.000999688 0.00584875 -0.00422706 -0.00778629 0.0131268
internal_weight=12.5643 4.02445 8.53982 6.35939 2.53482
internal_count=135 58 77 54 42
is_linear=0
shrinkage=0.02


Tree=162
num_leaves=5
num_cat=0
split_feature=8 8 4 3
split_gain=0.680816 1.08488 1.07226 0.902517
threshold=0.68854602331711745 0.58988921120207338 0.8938566666666703 1.5431799999999902
decision_type=2 2 2 2
left_child=1 2 -1 -4
right_child=-2 -3 3 -5
leaf_value=0.013410609884579379 0.010484586356702361 -0.015635095156768499 -0.0094113045881367985 0.0056426413222784343
leaf_weight=1.9315838217735271 1.7771918727085001 2.1366228461265555 4.0620562434196472 2.6207689978182316
leaf_count=30 30 18 34 23
internal_value=-0.000982633 -0.00287821 0.000285862 -0.00350768
internal_weight=12.5282 10.751 8.61441 6.68283
internal_count=135 105 87 57
is_linear=0
shrinkage=0.02


Tree=163
num_leaves=6
num_cat=0
split_feature=2 10 10 5 3
split_gain=0.679641 1.06293 1.8211 2.1466 1.00618
threshold=8.5000000000000018 32.376070860043733 40.82325546339073 7.2863199999999697 0.44331999999998462
decision_type=2 2 2 2 2
left_child=-1 4 -3 -4 -2
right_child=1 2 3 -5 -6
leaf_value=-0.01137400888635846 0.0036856940886707081 0.023301991751755499 0.016120159732526805 -0.012055359095857778 -0.016077633161611735
leaf_weight=2.0897163562476644 1.9517621165141443 1.7998119853436945 1.8312092758715151 2.6422445960342884 2.1828671023249626
leaf_count=16 25 26 28 21 19
internal_value=-0.000965369 0.0011245 0.00631336 -0.000521705 -0.0067483
internal_weight=12.4976 10.4079 6.27327 4.47345 4.13463
internal_count=135 119 75 49 44
is_linear=0
shrinkage=0.02


Tree=164
num_leaves=5
num_cat=0
split_feature=10 9 6 5
split_gain=0.66165 1.15072 1.0896 1.40276
threshold=20.328895993970288 -1.0793333333335793 -1.2223499999999998 8.372769999999969
decision_type=2 2 2 2
left_child=-1 -2 -3 -4
right_child=1 2 3 -5
leaf_value=-0.01149709886957752 0.013194082645429052 -0.010355977526735883 0.014011819491812211 -0.0093368535148783665
leaf_weight=1.9973239265382297 2.4081862997263661 3.7937437761574966 2.4978650566190481 1.7505760230123995
leaf_count=18 36 30 36 15
internal_value=-0.000949797 0.00106605 -0.00256562 0.00439097
internal_weight=12.4477 10.4504 8.04218 4.24844
internal_count=135 117 81 51
is_linear=0
shrinkage=0.02


Tree=165
num_leaves=5
num_cat=0
split_feature=2 5 9 8
split_gain=0.662264 0.884319 0.804321 0.77656
threshold=49.000000000000007 5.86905999999997 -0.20100000000024917 0.52067848697569896
decision_type=2 2 2 2
left_child=1 -1 3 -3
right_child=-2 2 -4 -5
leaf_value=0.0098273627996090795 0.0098269205956608013 0.0094204169373583845 -0.012493956211551081 -0.0068022949105909815
leaf_weight=1.8029932472854842 1.9316989164799458 1.9876507297158212 3.7815015595406303 2.9057563645765185
leaf_count=24 32 23 31 25
internal_value=-0.000933625 -0.00291743 -0.00556631 -0.000212799
internal_weight=12.4096 10.4779 8.67491 4.89341
internal_count=135 103 79 48
is_linear=0
shrinkage=0.02


Tree=166
num_leaves=5
num_cat=0
split_feature=5 10 3 3
split_gain=0.652055 0.871982 1.17766 0.862078
threshold=17.052369999999978 49.125531210628942 0.68384999999999041 -0.99418000000000972
decision_type=2 2 2 2
left_child=1 2 3 -1
right_child=-2 -3 -4 -5
leaf_value=-0.0080792662706671535 0.0099490336540944101 0.0052675128859789163 -0.016785062600491028 0.010364234079173621
leaf_weight=2.3435102477669703 1.8749909130856401 3.5188898649066687 2.8672397248446941 1.7865075282752507
leaf_count=24 27 39 24 21
internal_value=-0.000916358 -0.00285362 -0.0069377 -0.000101225
internal_weight=12.3911 10.5161 6.99726 4.13002
internal_count=135 108 69 45
is_linear=0
shrinkage=0.02


Tree=167
num_leaves=5
num_cat=0
split_feature=4 7 7 3
split_gain=0.658415 1.35531 0.802063 0.468677
threshold=0.96053000000000333 -0.0039062524364474873 0.0042477915832339628 1.3173399999999957
decision_type=2 2 2 2
left_child=1 -1 3 -2
right_child=2 -3 -4 -5
leaf_value=0.023842530635859064 -0.013106653823177558 -0.0017800094393895429 0.0048159137682562405 -0.0014019082332744238
leaf_weight=1.1747667947784068 3.3705762550234777 2.7795580644160518 2.7438453380018473 2.303607352077961
leaf_count=26 28 32 30 19
internal_value=-0.000899629 0.00583204 -0.00406179 -0.00835476
internal_weight=12.3724 3.95432 8.41803 5.67418
internal_count=135 58 77 47
is_linear=0
shrinkage=0.02


Tree=168
num_leaves=5
num_cat=0
split_feature=10 9 10 3
split_gain=0.646561 1.12397 1.34025 0.561391
threshold=20.328895993970288 -0.68933333333347935 49.125531210628942 0.44331999999998462
decision_type=2 2 2 2
left_child=-1 3 -3 -2
right_child=1 2 -4 -5
leaf_value=-0.011363221601905438 0.019664796510750468 -0.012385269890535089 0.0051869132326392599 0.0033331754372562033
leaf_weight=1.977579407393933 1.5010069711133831 3.4353643469512454 3.5101497322320938 1.9173492491245268
leaf_count=18 26 33 39 19
internal_value=-0.000883599 0.00111607 -0.00350457 0.0105044
internal_weight=12.3414 10.3639 6.94551 3.41836
internal_count=135 117 72 45
is_linear=0
shrinkage=0.02


Tree=169
num_leaves=6
num_cat=0
split_feature=2 10 10 5 3
split_gain=0.643231 1.0282 1.73896 2.05312 0.933121
threshold=8.5000000000000018 32.376070860043733 40.82325546339073 7.2863199999999697 0.44331999999998462
decision_type=2 2 2 2 2
left_child=-1 4 -3 -4 -2
right_child=1 2 3 -5 -6
leaf_value=-0.01107341819325405 0.0034759026001478723 0.022986874996279931 0.015979501257194488 -0.011769006793961246 -0.015725369529586201
leaf_weight=2.0575374960899362 1.9213540898635963 1.7812508121132848 1.8041342590004203 2.6089775823056698 2.1398718282580376
leaf_count=16 25 26 28 21 19
internal_value=-0.000867881 0.00117961 0.00630726 -0.000425076 -0.0066413
internal_weight=12.3131 10.2556 6.19436 4.41311 4.06123
internal_count=135 119 75 49 44
is_linear=0
shrinkage=0.02


Tree=170
num_leaves=5
num_cat=0
split_feature=4 7 7 3
split_gain=0.644113 1.30903 0.778723 0.454696
threshold=0.96053000000000333 -0.0039062524364474873 0.0042477915832339628 1.3173399999999957
decision_type=2 2 2 2
left_child=1 -1 3 -2
right_child=2 -3 -4 -5
leaf_value=0.023763183322261051 -0.012960666746199889 -0.0016232522465543179 0.004773684658403549 -0.0013821907024327918
leaf_weight=1.1508140191435816 3.3329998813569528 2.7634456418454656 2.7289802804589272 2.2880022302269936
leaf_count=26 28 32 30 19
internal_value=-0.000853851 0.0058405 -0.00399199 -0.0082477
internal_weight=12.2642 3.91426 8.34998 5.621
internal_count=135 58 77 47
is_linear=0
shrinkage=0.02


Tree=171
num_leaves=5
num_cat=0
split_feature=2 5 9 8
split_gain=0.623543 0.885374 0.839028 1.04912
threshold=46.500000000000007 5.86905999999997 -0.1713333333336777 0.52067848697569896
decision_type=2 2 2 2
left_child=1 -1 3 -3
right_child=-2 2 -4 -5
leaf_value=0.0097334655053245185 0.0083761104104512606 0.010486387958921544 -0.013506050881966165 -0.0085556630068806035
leaf_weight=1.7765733953565348 2.3686653925105938 2.0182062592357379 3.3571935519576073 2.7131849722936749
leaf_count=24 37 23 28 23
internal_value=-0.00083861 -0.0030511 -0.0058591 -0.00043315
internal_weight=12.2338 9.86516 8.08858 4.73139
internal_count=135 98 74 46
is_linear=0
shrinkage=0.02


Tree=172
num_leaves=5
num_cat=0
split_feature=10 9 10 3
split_gain=0.627704 1.0627 1.30058 0.542653
threshold=20.328895993970288 -0.68933333333347935 49.125531210628942 0.44331999999998462
decision_type=2 2 2 2
left_child=-1 3 -3 -2
right_child=1 2 -4 -5
leaf_value=-0.011206157613145005 0.019445915111420423 -0.012154287735516021 0.0052401690880786904 0.0032860967874438086
leaf_weight=1.9560486227273948 1.4752660831436508 3.3990460429340592 3.4794875532388687 1.9039416965097187
leaf_count=18 26 33 39 19
internal_value=-0.000823269 0.00115664 -0.00335535 0.010341
internal_weight=12.2138 10.2577 6.87853 3.37921
internal_count=135 117 72 45
is_linear=0
shrinkage=0.02


Tree=173
num_leaves=5
num_cat=0
split_feature=5 6 0 8
split_gain=0.620636 0.857615 1.01801 1.05187
threshold=17.052369999999978 -3.6895999999999995 8.5698500000000006 0.5034172759450527
decision_type=2 2 2 2
left_child=1 -1 3 -3
right_child=-2 2 -4 -5
leaf_value=-0.01109661599894789 0.0098899347070558336 0.004534035627397728 0.014205715088746733 -0.013599500839312202
leaf_weight=3.3160666786134234 1.8412248641252524 2.9898118190467349 1.801970907486975 2.2368726879358292
leaf_count=28 27 33 26 21
internal_value=-0.00080861 -0.00271281 0.00124261 -0.0032266
internal_weight=12.1859 10.3447 7.02866 5.22668
internal_count=135 108 80 54
is_linear=0
shrinkage=0.02


Tree=174
num_leaves=6
num_cat=0
split_feature=2 10 10 5 3
split_gain=0.618824 1.00117 1.64377 1.98651 0.891079
threshold=8.5000000000000018 32.376070860043733 40.82325546339073 7.2863199999999697 0.44331999999998462
decision_type=2 2 2 2 2
left_child=-1 4 -3 -4 -2
right_child=1 2 3 -5 -6
leaf_value=-0.010847783507035896 0.0033921744591350811 0.022591536464821826 0.015918482277744523 -0.011517599240768664 -0.015516017809117773
leaf_weight=2.0384889356791982 1.8949287198483928 1.7655468024313448 1.7881045807152984 2.5769073739647865 2.1038076467812061
leaf_count=16 25 26 28 21 19
internal_value=-0.000793681 0.00122968 0.00630783 -0.00027855 -0.00655577
internal_weight=12.1678 10.1293 6.13056 4.36501 3.99874
internal_count=135 119 75 49 44
is_linear=0
shrinkage=0.02


Tree=175
num_leaves=5
num_cat=0
split_feature=8 8 6 7
split_gain=0.625078 1.0286 1.03736 1.04071
threshold=0.68854602331711745 0.58988921120207338 -1.2223499999999998 0.0042477915832339628
decision_type=2 2 2 2
left_child=1 2 -1 -4
right_child=-2 -3 3 -5
leaf_value=-0.0063695702803609035 0.010455879780150071 -0.015342600573079779 -0.0019092007780821829 0.018323084693406304
leaf_weight=4.2975425627082569 1.702121100388468 2.0424827858805648 2.1383210672065616 1.9392151869833467
leaf_count=37 30 18 27 23
internal_value=-0.000780829 -0.00261679 0.000486732 0.00771297
internal_weight=12.1197 10.4176 8.37508 4.07754
internal_count=135 105 87 50
is_linear=0
shrinkage=0.02


Tree=176
num_leaves=5
num_cat=0
split_feature=4 7 7 3
split_gain=0.619854 1.2529 0.73557 0.434531
threshold=0.96053000000000333 -0.0039062524364474873 0.0042477915832339628 1.3173399999999957
decision_type=2 2 2 2
left_child=1 -1 3 -2
right_child=2 -3 -4 -5
leaf_value=0.023667114070926722 -0.012668527153065956 -0.001453252139536532 0.0047137382428787808 -0.0012826452433252632
leaf_weight=1.1204372784122827 3.2855732142925245 2.7275319322943696 2.6944475695490837 2.2650489136576653
leaf_count=26 28 32 30 19
internal_value=-0.000766886 0.0058612 -0.00386021 -0.00802228
internal_weight=12.093 3.84797 8.24507 5.55062
internal_count=135 58 77 47
is_linear=0
shrinkage=0.02


Tree=177
num_leaves=5
num_cat=0
split_feature=10 9 10 3
split_gain=0.597729 1.01768 1.26706 0.532383
threshold=20.328895993970288 -0.68933333333347935 49.125531210628942 0.44331999999998462
decision_type=2 2 2 2
left_child=-1 3 -3 -2
right_child=1 2 -4 -5
leaf_value=-0.010966682436533369 0.019322135631150344 -0.012003278156039639 0.005266568227557695 0.0032146638008475467
leaf_weight=1.9260488450527198 1.4541183141991489 3.3539971746504298 3.4445686545222998 1.8845005780458448
leaf_count=18 26 33 39 19
internal_value=-0.000753162 0.00118739 -0.00325332 0.0102302
internal_weight=12.0632 10.1372 6.79857 3.33862
internal_count=135 117 72 45
is_linear=0
shrinkage=0.02


Tree=178
num_leaves=5
num_cat=0
split_feature=4 5 4 10
split_gain=0.612127 0.763885 0.836735 1.89829
threshold=-0.28995666666666375 8.6429599999999738 2.2865300000000035 49.125531210628942
decision_type=2 2 2 2
left_child=-1 2 3 -2
right_child=1 -3 -4 -5
leaf_value=0.010606879422106426 -0.0053908686858327795 -0.0092556869378553862 -0.0081613314624512587 0.021871867971227504
leaf_weight=1.6423139739781625 2.2201709263026697 4.0960258431732655 2.1850374061614275 1.892375001683831
leaf_count=33 21 33 22 26
internal_value=-0.000739735 -0.00253264 0.00184012 0.00715399
internal_weight=12.0359 10.3936 6.29758 4.11255
internal_count=135 102 69 47
is_linear=0
shrinkage=0.02


Tree=179
num_leaves=6
num_cat=0
split_feature=5 6 9 10 5
split_gain=0.603188 0.808206 0.965345 0.852237 1.09957
threshold=17.052369999999978 -3.6895999999999995 -1.3736666666663948 64.729654393919944 8.1202099999999788
decision_type=2 2 2 2 2
left_child=1 -1 -3 4 -4
right_child=-2 2 3 -5 -6
leaf_value=-0.010831446222677669 0.009899982986022144 -0.011238405589724621 0.021650497552736146 -0.0065903635758836308 -0.0006873910711870288
leaf_weight=3.259498741477727 1.8135360367596156 1.8247256167232979 1.8741502612829211 1.5624346975237129 1.6641202811151741
leaf_count=28 27 17 30 14 19
internal_value=-0.000726988 -0.00261923 0.0012459 0.00571203 0.0111445
internal_weight=11.9985 10.1849 6.92543 5.10071 3.53827
internal_count=135 108 80 63 49
is_linear=0
shrinkage=0.02


Tree=180
num_leaves=6
num_cat=0
split_feature=2 10 10 5 3
split_gain=0.595219 0.94143 1.59861 1.89724 0.849183
threshold=8.5000000000000018 32.376070860043733 40.82325546339073 7.2863199999999697 0.44331999999998462
decision_type=2 2 2 2 2
left_child=-1 4 -3 -4 -2
right_child=1 2 3 -5 -6
leaf_value=-0.010657839545066151 0.0034385552055129789 0.022367844742877833 0.015684607552850321 -0.011369151236824368 -0.015195424786172099
leaf_weight=2.0045513622462758 1.8637692807242259 1.7474516183137891 1.752281069755554 2.5396913141012192 2.0589439421892166
leaf_count=16 25 26 28 21 19
internal_value=-0.000714116 0.00128673 0.00624173 -0.000323929 -0.006342
internal_weight=11.9667 9.96214 6.03942 4.29197 3.92271
internal_count=135 119 75 49 44
is_linear=0
shrinkage=0.02


Tree=181
num_leaves=5
num_cat=0
split_feature=4 7 7 3
split_gain=0.593934 1.21058 0.699554 0.404522
threshold=0.96053000000000333 -0.0039062524364474873 0.0042477915832339628 1.3173399999999957
decision_type=2 2 2 2
left_child=1 -1 3 -2
right_child=2 -3 -4 -5
leaf_value=0.023593627958518871 -0.012369716491504848 -0.0013594185043857216 0.004668558458200335 -0.0013134906751593436
leaf_weight=1.0928470175713303 3.2298645935952646 2.6967138461768636 2.6574309300631285 2.2429055795073509
leaf_count=26 28 32 30 19
internal_value=-0.000702523 0.00583663 -0.00375048 -0.00783854
internal_weight=11.9198 3.78956 8.1302 5.47277
internal_count=135 58 77 47
is_linear=0
shrinkage=0.02


Tree=182
num_leaves=5
num_cat=0
split_feature=2 5 9 8
split_gain=0.579958 0.779885 0.758905 0.705666
threshold=49.000000000000007 5.86905999999997 -0.20100000000024917 0.52067848697569896
decision_type=2 2 2 2
left_child=1 -1 3 -3
right_child=-2 2 -4 -5
leaf_value=0.0097065316968277231 0.0097028981640139775 0.0095676181147793388 -0.011937208691490668 -0.0061979417797934687
leaf_weight=1.7176450742408622 1.8191882576793439 1.9147018641233415 3.6480566840618858 2.791058661416173
leaf_count=24 32 23 31 25
internal_value=-0.000689914 -0.00256715 -0.00509076 0.000216823
internal_weight=11.8907 10.0715 8.35382 4.70576
internal_count=135 103 79 48
is_linear=0
shrinkage=0.02


Tree=183
num_leaves=5
num_cat=0
split_feature=8 8 6 6
split_gain=0.580119 0.99626 0.979425 0.994826
threshold=0.68854602331711745 0.58988921120207338 -1.2223499999999998 6.522050000000001
decision_type=2 2 2 2
left_child=1 2 -1 -4
right_child=-2 -3 3 -5
leaf_value=-0.0060883147129083496 0.010292553396999856 -0.015165018246398527 0.016325149467051211 -0.0038658314105304691
leaf_weight=4.2345415670424673 1.6589103825390346 1.9879219364374865 2.290315345861019 1.7010593451559541
leaf_count=37 30 18 34 16
internal_value=-0.000677176 -0.00245886 0.000611787 0.00772008
internal_weight=11.8727 10.2138 8.22592 3.99137
internal_count=135 105 87 50
is_linear=0
shrinkage=0.02


Tree=184
num_leaves=5
num_cat=0
split_feature=10 9 7 2
split_gain=0.571747 0.996388 0.961182 1.40769
threshold=20.328895993970288 -1.0793333333335793 0.0060903024273417658 9.5000000000000018
decision_type=2 2 2 2
left_child=-1 -2 3 -3
right_child=1 2 -4 -5
leaf_value=-0.01074338305335122 0.012931331651734353 -0.019780193238933354 0.0070006909351187346 0.0019672972678785264
leaf_weight=1.8919770084321506 2.2583142453804603 2.1295287273824206 2.8646937496960163 2.700104733929038
leaf_count=18 36 16 33 32
internal_value=-0.000665194 0.00125065 -0.00217768 -0.00762182
internal_weight=11.8446 9.95264 7.69433 4.82963
internal_count=135 117 81 48
is_linear=0
shrinkage=0.02


Tree=185
num_leaves=5
num_cat=0
split_feature=5 8 2 3
split_gain=0.563346 0.771464 1.04842 0.788553
threshold=17.052369999999978 0.47559919545133289 10.500000000000002 0.44331999999998462
decision_type=2 2 2 2
left_child=1 2 -1 -3
right_child=-2 3 -4 -5
leaf_value=-0.0072117489864190433 0.0096891109716434193 0.001214589854816418 0.010813332499242895 -0.015203267381112114
leaf_weight=2.319945050403474 1.787819886114449 2.0219473969191313 2.9095203727483749 2.7778804581612349
leaf_count=21 27 27 35 25
internal_value=-0.000653619 -0.00249731 0.00281687 -0.00828718
internal_weight=11.8171 10.0293 5.22947 4.79983
internal_count=135 108 56 52
is_linear=0
shrinkage=0.02


Tree=186
num_leaves=6
num_cat=0
split_feature=4 0 5 7 6
split_gain=0.560344 0.823842 1.0122 0.656667 0.404012
threshold=0.96053000000000333 5.427150000000001 12.06574999999998 0.0042477915832339628 -1.6681999999999995
decision_type=2 2 2 2 2
left_child=1 -1 -3 4 -2
right_child=3 2 -4 -5 -6
leaf_value=-0.0064923892032567763 -0.0026303498650686492 0.00091679116971202278 0.027268271447135822 0.0045744029394747627 -0.013597302058059466
leaf_weight=1.3807463906705391 2.9722303710877886 1.2743023708462717 1.0748840081505475 2.6397703383117914 2.4521796815097323
leaf_count=16 25 17 25 30 22
internal_value=-0.000641973 0.00576797 0.0129741 -0.00360677 -0.00758811
internal_weight=11.7941 3.72993 2.34919 8.06418 5.42441
internal_count=135 58 42 77 47
is_linear=0
shrinkage=0.02


Tree=187
num_leaves=5
num_cat=0
split_feature=10 9 10 3
split_gain=0.562392 0.958189 1.21874 0.496361
threshold=20.328895993970288 -0.68933333333347935 49.125531210628942 0.44331999999998462
decision_type=2 2 2 2
left_child=-1 3 -3 -2
right_child=1 2 -4 -5
leaf_value=-0.010696494825984953 0.019090593503504571 -0.01178156591154798 0.0053569718989670981 0.0033329299231885045
leaf_weight=1.8677009753882892 1.4099854533560567 3.2723896969109765 3.3676890106871724 1.8470843508839605
leaf_count=18 26 33 39 19
internal_value=-0.000630476 0.00126909 -0.00308931 0.0101544
internal_weight=11.7648 9.89715 6.64008 3.25707
internal_count=135 117 72 45
is_linear=0
shrinkage=0.02


Tree=188
num_leaves=6
num_cat=0
split_feature=4 0 5 4 8
split_gain=0.546217 0.80277 0.990753 0.638448 1.06281
threshold=0.96053000000000333 5.427150000000001 12.06574999999998 2.5795866666666707 0.47559919545133289
decision_type=2 2 2 2 2
left_child=1 -1 -3 4 -2
right_child=3 2 -4 -5 -6
leaf_value=-0.0063794494503515934 0.0015792898410151798 0.000993503948358392 0.027198500190495127 0.0059098458669115204 -0.015356695028160073
leaf_weight=1.3753055874258291 2.9573643505573255 1.2709521651268008 1.0571208014152942 2.1064519882202148 2.9712855685502291
leaf_count=16 26 17 25 23 28
internal_value=-0.000619218 0.0057356 0.0128925 -0.00354815 -0.00690859
internal_weight=11.7385 3.70338 2.32807 8.0351 5.92865
internal_count=135 58 42 77 54
is_linear=0
shrinkage=0.02


Tree=189
num_leaves=5
num_cat=0
split_feature=10 9 7 5
split_gain=0.547137 0.925329 0.945964 1.65484
threshold=20.328895993970288 -1.0793333333335793 -0.0050794466326886658 7.2863199999999697
decision_type=2 2 2 2
left_child=-1 -2 -3 -4
right_child=1 2 3 -5
leaf_value=-0.01059951686475696 0.012652085132330758 -0.013781753459933717 0.016619160257815561 -0.0059711786580809211
leaf_weight=1.8465543836355216 2.212901620194315 2.0179175818338981 2.0293962303549051 3.5945557691156864
leaf_count=18 36 19 30 32
internal_value=-0.000608656 0.0012634 -0.00203449 0.00218052
internal_weight=11.7013 9.85477 7.64187 5.62395
internal_count=135 117 81 62
is_linear=0
shrinkage=0.02


Tree=190
num_leaves=5
num_cat=0
split_feature=2 5 9 8
split_gain=0.542348 0.75821 0.713663 0.676442
threshold=49.000000000000007 5.86905999999997 -0.20100000000024917 0.52067848697569896
decision_type=2 2 2 2
left_child=1 -1 3 -3
right_child=-2 2 -4 -5
leaf_value=0.0097749177890476772 0.0096642074360264781 0.0095201598046970332 -0.011593816285822064 -0.0060550617211378444
leaf_weight=1.6938860425725568 1.7508419663645334 1.8803742937743635 3.6016629114747056 2.7416162202134728
leaf_count=24 32 23 31 25
internal_value=-0.000598036 -0.00240973 -0.00491949 0.000281439
internal_weight=11.6684 9.91754 8.22365 4.62199
internal_count=135 103 79 48
is_linear=0
shrinkage=0.02


Tree=191
num_leaves=5
num_cat=0
split_feature=10 9 10 3
split_gain=0.537714 0.89028 1.17161 0.473595
threshold=20.328895993970288 -0.68933333333347935 49.125531210628942 0.44331999999998462
decision_type=2 2 2 2
left_child=-1 3 -3 -2
right_child=1 2 -4 -5
leaf_value=-0.010504973673088764 0.018738555211195388 -0.011503454301125975 0.0053606509179717999 0.0032365438542863462
leaf_weight=1.8410555124282844 1.3827213165350252 3.2428316324949256 3.3503240458667278 1.8337121419608591
leaf_count=18 26 33 39 19
internal_value=-0.000587006 0.00127439 -0.00293393 0.00990075
internal_weight=11.6506 9.80959 6.59316 3.21643
internal_count=135 117 72 45
is_linear=0
shrinkage=0.02


Tree=192
num_leaves=6
num_cat=0
split_feature=5 6 9 10 5
split_gain=0.543301 0.778381 0.91568 0.788013 1.0279
threshold=17.052369999999978 -3.6895999999999995 -1.3736666666663948 64.729654393919944 8.1202099999999788
decision_type=2 2 2 2 2
left_child=1 -1 -3 4 -4
right_child=-2 2 3 -5 -6
leaf_value=-0.010555426809201733 0.0097458951594374763 -0.010932169772907854 0.021525879516311942 -0.0061116895244001527 -0.00038118001473264041
leaf_weight=3.1707096844911566 1.7351457383483655 1.7588271237909783 1.812319587916136 1.5231137713417409 1.6248103491961954
leaf_count=28 27 17 30 14 19
internal_value=-0.000576504 -0.00238755 0.00146684 0.00586335 0.0111699
internal_weight=11.6249 9.88978 6.71907 4.96024 3.43713
internal_count=135 108 80 63 49
is_linear=0
shrinkage=0.02


Tree=193
num_leaves=6
num_cat=0
split_feature=2 10 10 5 3
split_gain=0.53064 0.917119 1.46488 1.787 0.783679
threshold=8.5000000000000018 32.376070860043733 40.82325546339073 7.2863199999999697 0.44331999999998462
decision_type=2 2 2 2 2
left_child=-1 4 -3 -4 -2
right_child=1 2 3 -5 -6
leaf_value=-0.010109434238326408 0.0032128904049622225 0.021930029954197683 0.015603458796259797 -0.010939868297531888 -0.015077761863585122
leaf_weight=1.9405433833599097 1.7881935932673498 1.7007403746247289 1.7177364667877553 2.4783227182924747 1.9684607014060018
leaf_count=16 25 26 28 21 19
internal_value=-0.000566251 0.00135213 0.00627245 -7.38536e-05 -0.00637128
internal_weight=11.594 9.65345 5.8968 4.19606 3.75665
internal_count=135 119 75 49 44
is_linear=0
shrinkage=0.02


Tree=194
num_leaves=6
num_cat=0
split_feature=4 0 5 7 3
split_gain=0.529495 0.790575 0.952825 0.64205 0.397619
threshold=0.96053000000000333 5.427150000000001 12.06574999999998 0.0042477915832339628 1.3173399999999957
decision_type=2 2 2 2 2
left_child=1 -1 -3 4 -2
right_child=3 2 -4 -5 -6
leaf_value=-0.0063792490184887522 -0.012013847975180621 0.0012391659069586531 0.027158652160490054 0.0047088360328487525 -0.00090133799170414696
leaf_weight=1.3519716896116736 3.129116028547287 1.2605044934898617 1.0315951257944105 2.5863259173929691 2.1889379099011421
leaf_count=16 28 17 25 30 19
internal_value=-0.000557042 0.0057502 0.0129046 -0.0034648 -0.00743988
internal_weight=11.5485 3.64407 2.2921 7.90438 5.31805
internal_count=135 58 42 77 47
is_linear=0
shrinkage=0.02


Tree=195
num_leaves=5
num_cat=0
split_feature=2 5 9 8
split_gain=0.516532 0.722457 0.685989 0.653939
threshold=49.000000000000007 5.86905999999997 -0.20100000000024917 0.52067848697569896
decision_type=2 2 2 2
left_child=1 -1 3 -3
right_child=-2 2 -4 -5
leaf_value=0.0096744491692364928 0.0095624321955286341 0.009464087570700927 -0.011358958931841049 -0.005925964945728686
leaf_weight=1.66694826632738 1.7199250985868282 1.8642112109810085 3.562066426500679 2.7095246752724051
leaf_count=24 32 23 31 25
internal_value=-0.000546868 -0.00232058 -0.00477824 0.000346874
internal_weight=11.5227 9.80275 8.1358 4.57374
internal_count=135 103 79 48
is_linear=0
shrinkage=0.02


Tree=196
num_leaves=5
num_cat=0
split_feature=10 9 7 5
split_gain=0.516811 0.855885 0.912843 1.56162
threshold=20.328895993970288 -1.0793333333335793 -0.0050794466326886658 7.2863199999999697
decision_type=2 2 2 2
left_child=-1 -2 -3 -4
right_child=1 2 3 -5
leaf_value=-0.010339592492347274 0.012389326179377916 -0.013470943863032268 0.016505103603798053 -0.0056497157161498673
leaf_weight=1.812369883060456 2.1616139472462228 1.9990863744169463 1.984526928514242 3.5475780889391899
leaf_count=18 36 19 30 32
internal_value=-0.000536784 0.00129615 -0.00188782 0.00229786
internal_weight=11.5052 9.69281 7.53119 5.53211
internal_count=135 117 81 62
is_linear=0
shrinkage=0.02


Tree=197
num_leaves=6
num_cat=0
split_feature=2 10 10 5 3
split_gain=0.511132 0.912954 1.382 1.69576 0.754936
threshold=8.5000000000000018 32.376070860043733 40.82325546339073 7.2863199999999697 0.44331999999998462
decision_type=2 2 2 2 2
left_child=-1 4 -3 -4 -2
right_child=1 2 3 -5 -6
leaf_value=-0.0099255244232605722 0.0030698060389326384 0.021579668705852154 0.01546016829086477 -0.010538705362040808 -0.014990119128688599
leaf_weight=1.9261635020375258 1.7682846533134564 1.6845336146652696 1.6986279087141154 2.4521602056920528 1.9433498941361902
leaf_count=16 25 26 28 21 19
internal_value=-0.000527388 0.00136875 0.00630131 0.000100819 -0.00638607
internal_weight=11.4731 9.54696 5.83532 4.15079 3.71163
internal_count=135 119 75 49 44
is_linear=0
shrinkage=0.02


Tree=198
num_leaves=5
num_cat=0
split_feature=4 8 7 3
split_gain=0.507097 0.778747 0.623674 0.385905
threshold=0.96053000000000333 0.57737027836952548 0.0042477915832339628 1.3173399999999957
decision_type=2 2 2 2
left_child=1 -1 3 -2
right_child=2 -3 -4 -5
leaf_value=0.015288202716597562 -0.011857858328663168 -0.0033179272429998885 0.0047123107851038074 -0.00085651923152459401
leaf_weight=1.7442921530455353 3.0906948111951351 1.8585159634239969 2.5633602924644947 2.1715027689933777
leaf_count=30 28 28 30 19
internal_value=-0.000518791 0.00569019 -0.00337734 -0.00731804
internal_weight=11.4284 3.60281 7.82556 5.2622
internal_count=135 58 77 47
is_linear=0
shrinkage=0.02


Tree=199
num_leaves=5
num_cat=0
split_feature=2 10 4 4
split_gain=0.503347 0.695874 0.689055 0.39895
threshold=49.000000000000007 49.125531210628942 1.7005366666666701 0.96053000000000333
decision_type=2 2 2 2
left_child=1 2 3 -1
right_child=-2 -3 -4 -5
leaf_value=-0.0045744438189845053 0.0095264452720574527 0.0052875715616830096 0.0038376169073893302 -0.016485297152927809
leaf_weight=2.311330169439314 1.7010257239453501 3.2458340153098106 1.9593238756060598 2.1912528350949287
leaf_count=25 32 38 20 20
internal_value=-0.000509263 -0.00226776 -0.00606282 -0.010371
internal_weight=11.4088 9.70774 6.46191 4.50258
internal_count=135 103 65 45
is_linear=0
shrinkage=0.02


Tree=200
num_leaves=5
num_cat=0
split_feature=8 8 6 6
split_gain=0.503125 0.944998 0.949889 0.895238
threshold=0.68854602331711745 0.58988921120207338 -1.2223499999999998 6.522050000000001
decision_type=2 2 2 2
left_child=1 2 -1 -4
right_child=-2 -3 3 -5
leaf_value=-0.005824791476520633 0.010035398551547534 -0.01488519236326993 0.016349415962681753 -0.0032391725773826259
leaf_weight=4.1075986362993708 1.5638582464307553 1.8904318939894436 2.1975523252040143 1.6220954544842241
leaf_count=37 30 18 34 16
internal_value=-0.000500544 -0.00217881 0.00085131 0.0080307
internal_weight=11.3815 9.81768 7.92725 3.81965
internal_count=135 105 87 50
is_linear=0
shrinkage=0.02


Tree=201
num_leaves=6
num_cat=0
split_feature=2 10 10 10 3
split_gain=0.495154 0.870604 1.32777 1.0324 0.738757
threshold=8.5000000000000018 32.376070860043733 40.82325546339073 49.125531210628942 0.44331999999998462
decision_type=2 2 2 2 2
left_child=-1 4 -3 -4 -2
right_child=1 2 3 -5 -6
leaf_value=-0.0097796366875804747 0.0031408477103636078 0.021274648317003843 -0.01058225785497236 0.0095235546749256814 -0.014814543749858364
leaf_weight=1.9097685143351562 1.7571901287883505 1.6683489643037317 1.920293007045984 2.1827240278944373 1.9160109199583528
leaf_count=16 25 26 19 30 19
internal_value=-0.00049169 0.00138641 0.00623072 0.000113637 -0.00622502
internal_weight=11.3543 9.44457 5.77137 4.10302 3.6732
internal_count=135 119 75 49 44
is_linear=0
shrinkage=0.02


Tree=202
num_leaves=5
num_cat=0
split_feature=4 7 5 8
split_gain=0.48925 1.10402 0.607873 1.09678
threshold=0.96053000000000333 -0.0039062524364474873 8.6429599999999738 0.32832285560629665
decision_type=2 2 2 2
left_child=1 -1 3 -2
right_child=2 -3 -4 -5
leaf_value=0.023334919046571662 -0.011256586666926275 -0.0013530930150308053 -0.010746814460756059 0.0081845790629738492
leaf_weight=1.0113627268001439 1.8550813794136045 2.5548350606113672 2.8021567910909653 3.1011356096714735
leaf_count=26 15 32 23 39
internal_value=-0.000483154 0.00564835 -0.00330155 0.000907871
internal_weight=11.3246 3.5662 7.75837 4.95622
internal_count=135 58 77 54
is_linear=0
shrinkage=0.02


Tree=203
num_leaves=5
num_cat=0
split_feature=10 9 6 5
split_gain=0.49507 0.831063 0.885653 1.11335
threshold=20.328895993970288 -1.0793333333335793 -1.2223499999999998 8.372769999999969
decision_type=2 2 2 2
left_child=-1 -2 -3 -4
right_child=1 2 3 -5
leaf_value=-0.010144887753250795 0.012389040263768761 -0.009027436062890911 0.013890050430362679 -0.0079659719889526564
leaf_weight=1.7832098826766021 2.1164437234401694 3.5495772752910844 2.2489775167778139 1.5923870168626306
leaf_count=18 36 30 36 15
internal_value=-0.000474717 0.00133902 -0.00182522 0.00482992
internal_weight=11.2906 9.50739 7.39094 3.84136
internal_count=135 117 81 51
is_linear=0
shrinkage=0.02


Tree=204
num_leaves=5
num_cat=0
split_feature=5 8 6 3
split_gain=0.49089 0.731061 0.923375 0.704092
threshold=17.052369999999978 0.47559919545133289 -1.2223499999999998 0.44331999999998462
decision_type=2 2 2 2
left_child=1 2 -1 -3
right_child=-2 3 -4 -5
leaf_value=-0.0057305240751350621 0.0094972628017471299 0.0011581069142570918 0.011394225314857301 -0.014793072360923488
leaf_weight=2.4634933043271294 1.6822855793870992 1.9188275951892135 2.576962759718298 2.6158694010227919
leaf_count=21 27 27 35 25
internal_value=-0.00046654 -0.00221711 0.0030246 -0.00804343
internal_weight=11.2574 9.57515 5.04046 4.5347
internal_count=135 108 56 52
is_linear=0
shrinkage=0.02


Tree=205
num_leaves=5
num_cat=0
split_feature=2 5 4 10
split_gain=0.481327 0.679925 0.69581 1.34336
threshold=46.500000000000007 7.8959599999999748 2.2865300000000035 49.125531210628942
decision_type=2 2 2 2
left_child=1 2 3 -1
right_child=-2 -3 -4 -5
leaf_value=-0.0048359809849263568 0.008135887418925427 -0.0084113358374593578 -0.0074559723835627813 0.021173154106733042
leaf_weight=1.589611947536467 2.115902536548675 4.1628204947337508 1.7808677684515712 1.5877045141533015
leaf_count=18 37 38 19 23
internal_value=-0.00045821 -0.00245188 0.0025516 0.00816078
internal_weight=11.2369 9.121 4.95818 3.17732
internal_count=135 98 60 41
is_linear=0
shrinkage=0.02


Tree=206
num_leaves=5
num_cat=0
split_feature=10 9 10 3
split_gain=0.475487 0.835351 1.07745 0.443212
threshold=20.328895993970288 -0.68933333333347935 49.125531210628942 0.44331999999998462
decision_type=2 2 2 2
left_child=-1 3 -3 -2
right_child=1 2 -4 -5
leaf_value=-0.0099616360720802093 0.018645504852829335 -0.011209354765905391 0.0052713877929776521 0.0033304582367940407
leaf_weight=1.7702634315937764 1.3179142777808004 3.1159835718572131 3.2331122672185302 1.7722953986376522
leaf_count=18 26 33 39 19
internal_value=-0.000449987 0.00133384 -0.00281696 0.00986203
internal_weight=11.2096 9.43931 6.3491 3.09021
internal_count=135 117 72 45
is_linear=0
shrinkage=0.02


Tree=207
num_leaves=5
num_cat=0
split_feature=5 6 0 8
split_gain=0.481929 0.713449 0.861836 0.945206
threshold=17.052369999999978 -3.6895999999999995 8.5698500000000006 0.5034172759450527
decision_type=2 2 2 2
left_child=1 -1 3 -3
right_child=-2 2 -4 -5
leaf_value=-0.010140236560778565 0.0094626131414513315 0.0048734274677320463 0.014119861828066096 -0.013071438561589861
leaf_weight=3.0577376931905738 1.671417458914221 2.7917753532528868 1.6379756517708299 2.0262631103396416
leaf_count=28 27 33 26 21
internal_value=-0.000441913 -0.00218198 0.00158725 -0.00267342
internal_weight=11.1852 9.51375 6.45601 4.81804
internal_count=135 108 80 54
is_linear=0
shrinkage=0.02


Tree=208
num_leaves=5
num_cat=0
split_feature=4 7 5 8
split_gain=0.477424 1.0486 0.577547 1.06715
threshold=0.96053000000000333 -0.0039062524364474873 8.6429599999999738 0.32832285560629665
decision_type=2 2 2 2
left_child=1 -1 3 -2
right_child=2 -3 -4 -5
leaf_value=0.02321994544895787 -0.011131553244252856 -0.0011447125386935819 -0.01055001109560501 0.0081270136452281233
leaf_weight=0.98165345890447531 1.8440850488841531 2.5213254317641258 2.7590154409408569 3.0617403369396925
leaf_count=26 15 32 23 39
internal_value=-0.000433802 0.00568309 -0.00322934 0.000887776
internal_weight=11.1678 3.50298 7.66484 4.90583
internal_count=135 58 77 54
is_linear=0
shrinkage=0.02


Tree=209
num_leaves=5
num_cat=0
split_feature=5 8 2 3
split_gain=0.473421 0.69571 0.885495 0.679605
threshold=17.052369999999978 0.47559919545133289 10.500000000000002 0.44331999999998462
decision_type=2 2 2 2
left_child=1 2 -1 -3
right_child=-2 3 -4 -5
leaf_value=-0.0064583968206175435 0.0094081850035763141 0.0011927441991983407 0.010480222361044806 -0.014589883060584096
leaf_weight=2.2183730490505678 1.6651778086088604 1.896000863984227 2.7834589630365372 2.5714667867869139
leaf_count=21 27 27 35 25
internal_value=-0.0004262 -0.00215558 0.00296774 -0.00789171
internal_weight=11.1345 9.4693 5.00183 4.46747
internal_count=135 108 56 52
is_linear=0
shrinkage=0.02


Tree=210
num_leaves=5
num_cat=0
split_feature=10 9 10 3
split_gain=0.464705 0.817326 1.04897 0.418072
threshold=20.328895993970288 -0.68933333333347935 49.125531210628942 0.44331999999998462
decision_type=2 2 2 2
left_child=-1 3 -3 -2
right_child=1 2 -4 -5
leaf_value=-0.0098841714132626018 0.018429216733766973 -0.011082244230770944 0.0052326693770381773 0.0034702148411363681
leaf_weight=1.7482859492301948 1.3008543462492519 3.0920985452830783 3.2157530225813389 1.756262296810746
leaf_count=18 26 33 39 19
internal_value=-0.000418639 0.00134842 -0.00276487 0.00983552
internal_weight=11.1133 9.36497 6.30785 3.05712
internal_count=135 117 72 45
is_linear=0
shrinkage=0.02


Tree=211
num_leaves=6
num_cat=0
split_feature=4 0 7 6 8
split_gain=0.46543 0.74359 0.576353 0.380049 0.0681067
threshold=0.96053000000000333 5.427150000000001 0.0042477915832339628 -1.6681999999999995 0.57737027836952548
decision_type=2 2 2 2 2
left_child=1 -1 3 -2 -3
right_child=2 4 -4 -5 -6
leaf_value=-0.0063666422561346712 -0.0021563102827922057 0.016329638967981092 0.0047220677576401875 -0.013114774111890029 0.009256750608996769
leaf_weight=1.2908920384943487 2.8601657077670097 1.0879984414204957 2.4888327233493328 2.2710739821195602 1.0902962405234573
leaf_count=16 25 19 30 22 23
internal_value=-0.00041112 0.00566143 -0.00317577 -0.0070065 0.0127895
internal_weight=11.0893 3.46919 7.62007 5.13124 2.17829
internal_count=135 58 77 47 42
is_linear=0
shrinkage=0.02


Tree=212
num_leaves=5
num_cat=0
split_feature=5 9 8 5
split_gain=0.468715 0.841091 0.969949 0.960179
threshold=5.86905999999997 -0.20100000000024917 0.47559919545133289 12.06574999999998
decision_type=2 2 2 2
left_child=-1 2 -2 -4
right_child=1 -3 3 -5
leaf_value=0.0096078439854384544 0.014777528435301741 -0.0097177119324724313 -0.012182917320908523 0.007258805443619668
leaf_weight=1.6000951305031783 1.8032516203820694 3.5932350847870103 2.1150075607001781 1.9556881156750021
leaf_count=24 25 34 22 30
internal_value=-0.000403709 -0.00209581 0.00256669 -0.00284251
internal_weight=11.0673 9.46718 5.87395 4.0707
internal_count=135 111 77 52
is_linear=0
shrinkage=0.02


Tree=213
num_leaves=5
num_cat=0
split_feature=8 8 6 6
split_gain=0.458526 0.901192 0.862054 0.818207
threshold=0.68854602331711745 0.58988921120207338 -1.2223499999999998 6.522050000000001
decision_type=2 2 2 2
left_child=1 2 -1 -4
right_child=-2 -3 3 -5
leaf_value=-0.0054563453997323623 0.0098629269189971155 -0.014670595627544566 0.015984226758497339 -0.0030160909962468358
leaf_weight=4.0120171159505835 1.5051834438927478 1.8210450857877729 2.1354379486292596 1.5753721781074999
leaf_count=37 30 18 34 16
internal_value=-0.000396359 -0.00201437 0.00096997 0.00791791
internal_weight=11.0491 9.54387 7.72283 3.71081
internal_count=135 105 87 50
is_linear=0
shrinkage=0.02


Tree=214
num_leaves=6
num_cat=0
split_feature=5 6 9 10 5
split_gain=0.459433 0.670329 0.822195 0.744988 1.08668
threshold=17.052369999999978 -3.6895999999999995 -1.3736666666663948 64.729654393919944 7.4930499999999736
decision_type=2 2 2 2 2
left_child=1 -1 -3 4 -4
right_child=-2 2 3 -5 -6
leaf_value=-0.0098647967606429587 0.0093668088539444194 -0.01050093678605004 0.025321232478868642 -0.0060545016924794214 0.0017197568690620402
leaf_weight=3.0159128457307807 1.6429693405516452 1.6636524125933636 1.3024335093796255 1.4512762874364851 1.9466753955930469
leaf_count=28 27 17 25 14 24
internal_value=-0.000389336 -0.0020982 0.00158239 0.00585915 0.0111806
internal_weight=11.0229 9.37995 6.36404 4.70039 3.24911
internal_count=135 108 80 63 49
is_linear=0
shrinkage=0.02


Tree=215
num_leaves=5
num_cat=0
split_feature=2 10 4 4
split_gain=0.454011 0.597534 0.63777 0.376631
threshold=49.000000000000007 49.125531210628942 1.7005366666666701 0.96053000000000333
decision_type=2 2 2 2
left_child=1 2 3 -1
right_child=-2 -3 -4 -5
leaf_value=-0.0042051246022594942 0.0094266902606681066 0.0050369516618716274 0.0039440320123246848 -0.01602828587076905
leaf_weight=2.230531139764933 1.6108495411463088 3.1473670545965433 1.9175531342625616 2.0852691531181335
leaf_count=25 32 38 20 20
internal_value=-0.000382288 -0.00206668 -0.00565347 -0.00991773
internal_weight=10.9916 9.38072 6.23335 4.3158
internal_count=135 103 65 45
is_linear=0
shrinkage=0.02


Tree=216
num_leaves=6
num_cat=0
split_feature=2 10 10 5 3
split_gain=0.453144 0.816479 1.25684 1.57945 0.68311
threshold=8.5000000000000018 32.376070860043733 40.82325546339073 7.2863199999999697 0.44331999999998462
decision_type=2 2 2 2 2
left_child=-1 4 -3 -4 -2
right_child=1 2 3 -5 -6
leaf_value=-0.0094335078946611983 0.0030530293275518525 0.021024277296531967 0.015272798247676151 -0.010329109415417211 -0.014587578556447097
leaf_weight=1.8388451598584659 1.6913006692193433 1.6227759867906568 1.6313798632472756 2.3557321578264236 1.8260986972600219
leaf_count=16 25 26 28 21 19
internal_value=-0.000375767 0.00144907 0.00618565 0.000146251 -0.0061053
internal_weight=10.9661 9.12729 5.60989 3.98711 3.5174
internal_count=135 119 75 49 44
is_linear=0
shrinkage=0.02


Tree=217
num_leaves=6
num_cat=0
split_feature=4 0 7 6 8
split_gain=0.448785 0.714833 0.554232 0.371984 0.0640259
threshold=0.96053000000000333 5.427150000000001 0.0042477915832339628 -1.6681999999999995 0.57737027836952548
decision_type=2 2 2 2 2
left_child=1 -1 3 -2 -3
right_child=2 4 -4 -5 -6
leaf_value=-0.006236868111021138 -0.0020816330026115432 0.016152175334751585 0.0046969300077235798 -0.013012003444723107 0.0092399150306105276
leaf_weight=1.2722084205597641 2.831382904201746 1.0692357448861005 2.4527064207941294 2.2234060019254684 1.074830698315054
leaf_count=16 25 19 30 22 23
internal_value=-0.000369602 0.00563984 -0.00310419 -0.00688948 0.012687
internal_weight=10.9238 3.41627 7.5075 5.05479 2.14407
internal_count=135 58 77 47 42
is_linear=0
shrinkage=0.02


Tree=218
num_leaves=5
num_cat=0
split_feature=8 8 6 7
split_gain=0.442259 0.874047 0.837266 0.774027
threshold=0.68854602331711745 0.58988921120207338 -1.2223499999999998 0.0042477915832339628
decision_type=2 2 2 2
left_child=1 2 -1 -4
right_child=-2 -3 3 -5
leaf_value=-0.005356429968671271 0.009796543321699545 -0.014516632460917446 -0.0010916105434572671 0.017329463894069013
leaf_weight=3.9746559448540197 1.4810901843011386 1.7949750144034622 1.8673143209889529 1.7841838849708436
leaf_count=37 30 18 27 23
internal_value=-0.000362938 -0.0019601 0.000995338 0.00790924
internal_weight=10.9022 9.42113 7.62615 3.6515
internal_count=135 105 87 50
is_linear=0
shrinkage=0.02


Tree=219
num_leaves=5
num_cat=0
split_feature=5 9 8 5
split_gain=0.443117 0.825323 0.931746 0.870269
threshold=5.86905999999997 -0.20100000000024917 0.47559919545133289 12.06574999999998
decision_type=2 2 2 2
left_child=-1 2 -2 -4
right_child=1 -3 3 -5
leaf_value=0.0094743065850171858 0.014697668138849188 -0.0096291504955327758 -0.011709788942523804 0.0069589681253795889
leaf_weight=1.5694282315671451 1.7761624250560988 3.5324401501566163 2.0717071406543255 1.9286456378176806
leaf_count=24 25 34 22 30
internal_value=-0.000356448 -0.00201385 0.00264304 -0.00270923
internal_weight=10.8784 9.30896 5.77652 4.00035
internal_count=135 111 77 52
is_linear=0
shrinkage=0.02


Tree=220
num_leaves=6
num_cat=0
split_feature=10 1 5 8 5
split_gain=0.439849 0.785696 0.796807 0.712477 0.624384
threshold=20.328895993970288 -0.41260000000000008 8.6429599999999738 0.27442419762194625 7.2863199999999697
decision_type=2 2 2 2 2
left_child=-1 2 -2 -3 -5
right_child=1 3 -4 4 -6
leaf_value=-0.009702996109503521 0.020370156319390011 -0.014861473588634608 -0.0008431235862526548 0.011118386424076641 -0.0040008812346604122
leaf_weight=1.6969615183770663 1.4670525453984731 1.4474934898316849 1.3693833420984445 1.6515468601137397 3.2281169332563877
leaf_count=18 21 12 24 27 33
internal_value=-0.000349958 0.00138209 0.0101287 -0.002539 0.00111631
internal_weight=10.8606 9.16359 2.83644 6.32716 4.87966
internal_count=135 117 45 72 60
is_linear=0
shrinkage=0.02


Tree=221
num_leaves=5
num_cat=0
split_feature=2 3 3 10
split_gain=0.440241 0.583767 0.737428 1.04494
threshold=49.000000000000007 -0.99418000000000972 0.44331999999998462 46.293613572671944
decision_type=2 2 2 2
left_child=1 -1 -3 -4
right_child=-2 2 3 -5
leaf_value=-0.012167803278679088 0.009408095663936477 0.010921876157804808 -0.010914068669613395 0.0067807460602516368
leaf_weight=1.8184979064390052 1.5813813298009343 1.9818072766065586 3.1123992130160332 2.3374901469796896
leaf_count=20 32 28 28 27
internal_value=-0.000343745 -0.00201089 0.00047446 -0.00332466
internal_weight=10.8316 9.25019 7.4317 5.44989
internal_count=135 103 83 55
is_linear=0
shrinkage=0.02


Tree=222
num_leaves=5
num_cat=0
split_feature=4 8 7 3
split_gain=0.435404 0.688347 0.521829 0.358694
threshold=0.96053000000000333 0.57737027836952548 0.0042477915832339628 1.3173399999999957
decision_type=2 2 2 2
left_child=1 -1 3 -2
right_child=2 -3 -4 -5
leaf_value=0.014931406262656115 -0.011244422880132979 -0.0031378007854543388 0.0045706353171659836 -0.00037659429516646945
leaf_weight=1.6359931547194722 2.9273192286491394 1.7404977539554236 2.424548327922821 2.0764829441905022
leaf_count=30 28 28 30 19
internal_value=-0.000337806 0.00561718 -0.00304459 -0.00673448
internal_weight=10.8048 3.37649 7.42835 5.0038
internal_count=135 58 77 47
is_linear=0
shrinkage=0.02


Tree=223
num_leaves=5
num_cat=0
split_feature=5 6 0 8
split_gain=0.433571 0.634699 0.788033 0.848775
threshold=17.052369999999978 -3.6895999999999995 8.5698500000000006 0.5034172759450527
decision_type=2 2 2 2
left_child=1 -1 3 -3
right_child=-2 2 -4 -5
leaf_value=-0.0096220439177314675 0.0092178412474518828 0.0047430193614952463 0.013874088735372728 -0.012607239422516337
leaf_weight=2.9676353931426993 1.6167604872025556 2.6925879232585421 1.569188706576824 1.9407127462327478
leaf_count=28 27 33 26 21
internal_value=-0.000331574 -0.00201521 0.00162435 -0.00252434
internal_weight=10.7869 9.17012 6.20249 4.6333
internal_count=135 108 80 54
is_linear=0
shrinkage=0.02


Tree=224
num_leaves=5
num_cat=0
split_feature=7 6 8 7
split_gain=0.43844 0.679683 1.06563 1.28883
threshold=-0.022891889696141639 -1.2223499999999998 0.57737027836952548 0.0042477915832339628
decision_type=2 2 2 2
left_child=-1 -2 3 -3
right_child=1 2 -4 -5
leaf_value=0.0092771341628118918 -0.008055890163059588 -0.0022016326603378276 -0.0098632760710514328 0.022769227111780959
leaf_weight=1.6164658088237054 4.1119502373039714 1.7607057318091386 1.7225691662169991 1.558692726306617
leaf_count=24 39 25 25 22
internal_value=-0.000325487 -0.00202119 0.00290038 0.00952395
internal_weight=10.7704 9.15392 5.04197 3.3194
internal_count=135 111 72 47
is_linear=0
shrinkage=0.02


Tree=225
num_leaves=5
num_cat=0
split_feature=8 8 6 6
split_gain=0.439011 0.804804 0.762687 0.741816
threshold=0.68854602331711745 0.58988921120207338 -1.2223499999999998 6.522050000000001
decision_type=2 2 2 2
left_child=1 2 -1 -4
right_child=-2 -3 3 -5
leaf_value=-0.0051539627155125969 0.0098519193042975756 -0.014076667054446712 0.015427029091393764 -0.0029758113863775203
leaf_weight=3.9324755985289799 1.4658853486180312 1.7656331416219471 2.0602265866473317 1.5244989544153211
leaf_count=37 30 18 34 16
internal_value=-0.000319454 -0.00192565 0.000928367 0.00760074
internal_weight=10.7487 9.28283 7.5172 3.58473
internal_count=135 105 87 50
is_linear=0
shrinkage=0.02


Tree=226
num_leaves=5
num_cat=0
split_feature=7 6 0 5
split_gain=0.42607 0.631492 1.01986 0.399658
threshold=-0.022891889696141639 -1.2223499999999998 7.5750500000000009 7.7166499999999738
decision_type=2 2 2 2
left_child=-1 -2 3 -3
right_child=1 2 -4 -5
leaf_value=0.0091683619028191388 -0.0078179730060970159 0.0036558536594920748 0.016080024720244623 -0.0099822773689134652
leaf_weight=1.6107969656586654 4.0948980022221795 1.6755437180399888 1.5777879920788107 1.764707777649164
leaf_count=24 39 26 31 15
internal_value=-0.000313773 -0.00198983 0.00276614 -0.00333995
internal_weight=10.7237 9.11294 5.01804 3.44025
internal_count=135 111 72 41
is_linear=0
shrinkage=0.02


Tree=227
num_leaves=5
num_cat=0
split_feature=5 10 3 3
split_gain=0.422546 0.599136 0.913028 0.741519
threshold=17.052369999999978 49.125531210628942 0.68384999999999041 -0.99418000000000972
decision_type=2 2 2 2
left_child=1 2 3 -1
right_child=-2 -3 -4 -5
leaf_value=-0.0072455196722849367 0.0091600933118109878 0.0051547975634584414 -0.01534544126000861 0.011005363701862921
leaf_weight=2.0641020052134982 1.6029470120556659 3.1045295223593712 2.3631315566599369 1.5660660192370408
leaf_count=24 27 39 24 21
internal_value=-0.000308136 -0.00197634 -0.00567028 0.000627969
internal_weight=10.7008 9.09783 5.9933 3.63017
internal_count=135 108 69 45
is_linear=0
shrinkage=0.02


Tree=228
num_leaves=5
num_cat=0
split_feature=4 8 5 8
split_gain=0.43533 0.636932 0.513036 1.00443
threshold=0.96053000000000333 0.57737027836952548 8.6429599999999738 0.32832285560629665
decision_type=2 2 2 2
left_child=1 -1 3 -2
right_child=2 -3 -4 -5
leaf_value=0.014767034858279864 -0.01086374155268941 -0.0027591472105970702 -0.010095459259286994 0.0081263350217297154
leaf_weight=1.6046456526964905 1.7951219305396078 1.71685295086354 2.6304125338792801 2.9367017894983292
leaf_count=30 15 28 23 39
internal_value=-0.000302659 0.00570791 -0.00301435 0.00092203
internal_weight=10.6837 3.3215 7.36224 4.73182
internal_count=135 58 77 54
is_linear=0
shrinkage=0.02


Tree=229
num_leaves=5
num_cat=0
split_feature=10 9 10 7
split_gain=0.423782 0.808844 0.968594 0.358223
threshold=20.328895993970288 -0.68933333333347935 49.125531210628942 -0.0039062524364474873
decision_type=2 2 2 2
left_child=-1 3 -3 -2
right_child=1 2 -4 -5
leaf_value=-0.0095600271916844656 0.016310992835147826 -0.010964232187256879 0.0050500562470852176 0.0022904022138347836
leaf_weight=1.6667743902653462 1.6226350124925377 2.9515400007367125 3.0947706066071987 1.3234393196180452
leaf_count=18 26 33 39 19
internal_value=-0.000297305 0.00141958 -0.00276741 0.0100126
internal_weight=10.6592 8.99238 6.04631 2.94607
internal_count=135 117 72 45
is_linear=0
shrinkage=0.02


Tree=230
num_leaves=5
num_cat=0
split_feature=4 8 4 5
split_gain=0.427016 0.621116 0.505946 0.918399
threshold=0.96053000000000333 0.57737027836952548 2.5795866666666707 8.372769999999969
decision_type=2 2 2 2
left_child=1 -1 3 -2
right_child=2 -3 -4 -5
leaf_value=0.014646412352829983 0.00067487070091265034 -0.0027035121618599217 0.0057277828419460873 -0.01615869245734616
leaf_weight=1.5964438160881402 3.1976419202983379 1.7087661102414129 1.956333592534065 2.1803793758153915
leaf_count=30 35 28 23 19
internal_value=-0.000291941 0.00567665 -0.00298167 -0.00614986
internal_weight=10.6396 3.30521 7.33435 5.37802
internal_count=135 58 77 54
is_linear=0
shrinkage=0.02


Tree=231
num_leaves=6
num_cat=0
split_feature=5 6 9 10 0
split_gain=0.427288 0.573137 0.726728 0.719779 0.904207
threshold=17.052369999999978 -3.6895999999999995 -1.3736666666663948 64.729654393919944 6.2007000000000003
decision_type=2 2 2 2 2
left_child=1 -1 -3 4 -4
right_child=-2 2 3 -5 -6
leaf_value=-0.0092562117249521212 0.0092810854184405111 -0.010051012116131169 0.02334355691692994 -0.0062540858703471923 0.0015446639182716305
leaf_weight=2.9208672642707816 1.587571763899178 1.6019723247736681 1.346008447930217 1.4021131889894602 1.7516242526471613
leaf_count=28 27 17 24 14 25
internal_value=-0.00028707 -0.00197064 0.00151694 0.00563529 0.0110169
internal_weight=10.6102 9.02259 6.10172 4.49975 3.09763
internal_count=135 108 80 63 49
is_linear=0
shrinkage=0.02


Tree=232
num_leaves=6
num_cat=0
split_feature=2 10 10 5 3
split_gain=0.426986 0.756515 1.18736 1.50095 0.651088
threshold=8.5000000000000018 32.376070860043733 40.82325546339073 7.2863199999999697 0.44331999999998462
decision_type=2 2 2 2 2
left_child=-1 4 -3 -4 -2
right_child=1 2 3 -5 -6
leaf_value=-0.0092514579989490912 0.0031789746573015198 0.020786963738601023 0.015176424591279374 -0.010233727829340426 -0.014343548743623279
leaf_weight=1.7682385481894023 1.6401150035671874 1.5741039114072917 1.5741036301478746 2.2718905750662088 1.7567542195320127
leaf_count=16 25 26 28 21 19
internal_value=-0.000281789 0.00151707 0.00615491 0.000166239 -0.00588312
internal_weight=10.5852 8.81697 5.4201 3.84599 3.39687
internal_count=135 119 75 49 44
is_linear=0
shrinkage=0.02


Tree=233
num_leaves=5
num_cat=0
split_feature=8 8 6 7
split_gain=0.418519 0.766847 0.720719 0.720674
threshold=0.68854602331711745 0.58988921120207338 -1.2223499999999998 0.0042477915832339628
decision_type=2 2 2 2
left_child=1 2 -1 -4
right_child=-2 -3 3 -5
leaf_value=-0.00499768086702962 0.0097577445328171589 -0.013857339026457619 -0.0013643729706916594 0.016772873870164816
leaf_weight=3.874742383137344 1.4360447414219386 1.7268379684537647 1.789608161896467 1.7171160168945787
leaf_count=37 30 18 27 23
internal_value=-0.000277141 -0.00185927 0.000947583 0.00751678
internal_weight=10.5443 9.1083 7.38147 3.50672
internal_count=135 105 87 50
is_linear=0
shrinkage=0.02


Tree=234
num_leaves=5
num_cat=0
split_feature=4 8 5 8
split_gain=0.414819 0.596598 0.479233 0.971385
threshold=0.96053000000000333 0.57737027836952548 8.6429599999999738 0.32832285560629665
decision_type=2 2 2 2
left_child=1 -1 3 -2
right_child=2 -3 -4 -5
leaf_value=0.014491737669068059 -0.010763203660424596 -0.0025878142845039481 -0.0098719937720924984 0.0080231748967186118
leaf_weight=1.5771511653438213 1.7770366109907625 1.6996973664499817 2.5740439519286156 2.8937119860202074
leaf_count=30 15 28 23 39
internal_value=-0.000272166 0.00563259 -0.00294291 0.000875695
internal_weight=10.5216 3.27685 7.24479 4.67075
internal_count=135 58 77 54
is_linear=0
shrinkage=0.02


Tree=235
num_leaves=5
num_cat=0
split_feature=5 10 3 2
split_gain=0.417539 0.562188 0.864913 0.725391
threshold=17.052369999999978 49.125531210628942 0.68384999999999041 22.500000000000004
decision_type=2 2 2 2
left_child=1 2 3 -1
right_child=-2 -3 -4 -5
leaf_value=-0.008720044522168565 0.0092289121029050687 0.005019872633207057 -0.015109002863573624 0.0093310802014943735
leaf_weight=1.7228410877287372 1.574305510614068 3.0521552478894591 2.305394547060132 1.843130951747298
leaf_count=18 27 39 24 27
internal_value=-0.000267341 -0.00194269 -0.00556209 0.000609974
internal_weight=10.4978 8.92352 5.87137 3.56597
internal_count=135 108 69 45
is_linear=0
shrinkage=0.02


Tree=236
num_leaves=5
num_cat=0
split_feature=4 8 7 6
split_gain=0.40791 0.579791 0.4653 0.37136
threshold=0.96053000000000333 0.57737027836952548 0.0042477915832339628 -1.6681999999999995
decision_type=2 2 2 2
left_child=1 -1 3 -2
right_child=2 -3 -4 -5
leaf_value=0.014387748017717403 -0.0015942744641357373 -0.0024960000529796206 0.0044264563450898608 -0.012723006191126637
leaf_weight=1.5648325271904471 2.7618759050965309 1.694604323711246 2.3359426073729992 2.1200878769159317
leaf_count=30 25 28 30 22
internal_value=-0.000262705 0.00560977 -0.00291458 -0.00642714
internal_weight=10.4773 3.25944 7.21791 4.88196
internal_count=135 58 77 47
is_linear=0
shrinkage=0.02


Tree=237
num_leaves=5
num_cat=0
split_feature=2 3 3 10
split_gain=0.411524 0.533548 0.648308 0.925334
threshold=49.000000000000007 -0.99418000000000972 0.44331999999998462 46.293613572671944
decision_type=2 2 2 2
left_child=1 -1 -3 -4
right_child=-2 2 3 -5
leaf_value=-0.011766393374715509 0.0093831140167739396 0.01044366342133061 -0.010429206973488205 0.0065111069382429764
leaf_weight=1.758052797988056 1.5144861373119063 1.9286977946758259 2.9864793866872787 2.2702303398400545
leaf_count=20 32 28 28 27
internal_value=-0.000257945 -0.00189056 0.000525756 -0.00311314
internal_weight=10.4579 8.94346 7.18541 5.25671
internal_count=135 103 83 55
is_linear=0
shrinkage=0.02


Tree=238
num_leaves=6
num_cat=0
split_feature=5 6 9 10 0
split_gain=0.410921 0.536952 0.685905 0.705447 0.87092
threshold=17.052369999999978 -3.6895999999999995 -1.3736666666663948 64.729654393919944 6.2007000000000003
decision_type=2 2 2 2 2
left_child=1 -1 -3 4 -4
right_child=-2 2 3 -5 -6
leaf_value=-0.009019342534497354 0.009185319166851804 -0.0098271917584579292 0.023214685081808264 -0.0062798805768394875 0.0015564643953808605
leaf_weight=2.8794614914804688 1.5677086347714073 1.5772864148020733 1.31212461180985 1.3849577754735944 1.71121384575963
leaf_count=28 27 17 24 14 25
internal_value=-0.000253491 -0.00192267 0.00149131 0.00554106 0.0109561
internal_weight=10.4328 8.86504 5.98558 4.4083 3.02334
internal_count=135 108 80 63 49
is_linear=0
shrinkage=0.02


Tree=239
num_leaves=6
num_cat=0
split_feature=2 10 10 5 3
split_gain=0.414783 0.717388 1.15551 1.45353 0.611797
threshold=8.5000000000000018 32.376070860043733 40.82325546339073 7.2863199999999697 0.44331999999998462
decision_type=2 2 2 2 2
left_child=-1 4 -3 -4 -2
right_child=1 2 3 -5 -6
leaf_value=-0.0091799018162067973 0.0030779297083510042 0.020608164648864443 0.015044873273075798 -0.010188245657751961 -0.014043822588077862
leaf_weight=1.73358971066773 1.6228268519043907 1.5537401773035524 1.5438036257401111 2.2353503126651049 1.7190555874258278
leaf_count=16 25 26 28 21 19
internal_value=-0.000248798 0.00153602 0.00608896 0.000119612 -0.00572945
internal_weight=10.4084 8.67478 5.33289 3.77915 3.34188
internal_count=135 119 75 49 44
is_linear=0
shrinkage=0.02


Tree=240
num_leaves=5
num_cat=0
split_feature=4 8 5 8
split_gain=0.403855 0.553347 0.455324 0.933295
threshold=0.96053000000000333 0.57737027836952548 8.6429599999999738 0.32832285560629665
decision_type=2 2 2 2
left_child=1 -1 3 -2
right_child=2 -3 -4 -5
leaf_value=0.014276336518979454 -0.010599067814713523 -0.0023107069048871019 -0.0097076438880950196 0.0079195968022751136
leaf_weight=1.5436016423627736 1.7613284289836881 1.6801341231912372 2.5334765091538429 2.8500102497637272
leaf_count=30 15 28 23 39
internal_value=-0.000244674 0.00563157 -0.00289603 0.000846282
internal_weight=10.3686 3.22374 7.14482 4.61134
internal_count=135 58 77 54
is_linear=0
shrinkage=0.02


Tree=241
num_leaves=5
num_cat=0
split_feature=2 3 3 10
split_gain=0.399653 0.520497 0.783432 0.634066
threshold=49.000000000000007 -0.99418000000000972 0.34272999999998482 46.293613572671944
decision_type=2 2 2 2
left_child=1 -1 -3 -4
right_child=-2 2 3 -5
leaf_value=-0.011670822002609245 0.0093046372692725376 0.012938409148920306 -0.0091449048233065069 0.0044765363015650478
leaf_weight=1.7378094037994731 1.5002154046669609 1.5841499911621202 3.0381977893412113 2.4849640559405088
leaf_count=20 32 25 29 29
internal_value=-0.000240333 -0.00185925 0.00053978 -0.00301639
internal_weight=10.3453 8.84512 7.10731 5.52316
internal_count=135 103 83 58
is_linear=0
shrinkage=0.02


Tree=242
num_leaves=5
num_cat=0
split_feature=5 6 8 7
split_gain=0.401988 0.518904 0.674085 0.642103
threshold=17.052369999999978 -3.6895999999999995 0.57737027836952548 0.0042477915832339628
decision_type=2 2 2 2
left_child=1 -1 3 -3
right_child=-2 2 -4 -5
leaf_value=-0.0089059633551834931 0.0091295735871142845 -0.0012113950699005991 -0.0098457899836782107 0.014270492753091184
leaf_weight=2.8522259462624779 1.5566812250763185 2.4695797627791753 1.5507097188383339 1.8928949926048515
leaf_count=28 27 35 20 25
internal_value=-0.000236099 -0.00189938 0.00148024 0.00550626
internal_weight=10.3221 8.76541 5.91318 4.36247
internal_count=135 108 80 60
is_linear=0
shrinkage=0.02


Tree=243
num_leaves=5
num_cat=0
split_feature=7 6 0 5
split_gain=0.406077 0.568318 0.967872 0.303184
threshold=-0.022891889696141639 -1.2223499999999998 7.5750500000000009 7.7166499999999738
decision_type=2 2 2 2
left_child=-1 -2 3 -3
right_child=1 2 -4 -5
leaf_value=0.0091793189784984807 -0.0075043749802384757 0.0029334798414835362 0.016050721535789635 -0.0092186659327885938
leaf_weight=1.5570529289543635 3.9662397671490899 1.5909689906984561 1.499215569347143 1.6973631680011747
leaf_count=24 39 26 31 15
internal_value=-0.000231632 -0.00190558 0.00273274 -0.00333918
internal_weight=10.3108 8.75379 4.78755 3.28833
internal_count=135 111 72 41
is_linear=0
shrinkage=0.02


Tree=244
num_leaves=6
num_cat=0
split_feature=4 7 6 4 8
split_gain=0.395022 0.547382 0.598453 0.465162 0.87434
threshold=0.96053000000000333 0.0067901438579598414 -3.0350499999999996 2.5795866666666707 0.47559919545133289
decision_type=2 2 2 2 2
left_child=1 2 -1 4 -2
right_child=3 -3 -4 -5 -6
leaf_value=0.0014024685083473898 0.0019877800640896231 -0.004591398012223297 0.023721141757753719 0.0056238264177939116 -0.014418918842074047
leaf_weight=0.98034685663878918 2.6870934218168259 1.2662293575704096 0.94265813613310478 1.8970836866647003 2.5156184285879135
leaf_count=15 26 16 27 23 28
internal_value=-0.000227447 0.00561955 0.0123431 -0.00285392 -0.0059452
internal_weight=10.289 3.18923 1.923 7.0998 5.20271
internal_count=135 58 42 77 54
is_linear=0
shrinkage=0.02


Tree=245
num_leaves=6
num_cat=0
split_feature=2 10 10 5 3
split_gain=0.399473 0.702504 1.1274 1.40528 0.579697
threshold=8.5000000000000018 32.376070860043733 40.82325546339073 7.2863199999999697 0.44331999999998462
decision_type=2 2 2 2 2
left_child=-1 4 -3 -4 -2
right_child=1 2 3 -5 -6
leaf_value=-0.0090560743618447025 0.0029067345346255832 0.020539546214219828 0.014930068300350843 -0.010062392587732094 -0.013880095721850816
leaf_weight=1.7072211187332875 1.6047158204019054 1.5291911317035554 1.5211280286312105 2.2036279905587435 1.6888579800724981
leaf_count=16 25 26 28 21 19
internal_value=-0.000223514 0.00154064 0.00608032 0.00014411 -0.00570111
internal_weight=10.2547 8.54752 5.25395 3.72476 3.29357
internal_count=135 119 75 49 44
is_linear=0
shrinkage=0.02


Tree=246
num_leaves=6
num_cat=0
split_feature=10 9 4 10 3
split_gain=0.387153 0.802127 0.928628 1.61826 0.296026
threshold=20.328895993970288 -0.68933333333347935 1.8884400000000034 49.125531210628942 0.9536799999999902
decision_type=2 2 2 2 2
left_child=-1 4 3 -3 -2
right_child=1 2 -4 -5 -6
leaf_value=-0.0092529172139088831 0.016819340498175479 -0.0092799432867941359 -0.012829957966933474 0.017817472057430832 0.0038664657905424318
leaf_weight=1.6005261782556779 1.3803052739240222 1.8555166609585279 2.2557107554748654 1.679487496614456 1.4441836532205341
leaf_count=18 28 23 23 26 17
internal_value=-0.000219795 0.00145837 -0.00280372 0.00359409 0.0101964
internal_weight=10.2157 8.6152 5.79071 3.535 2.82449
internal_count=135 117 72 49 45
is_linear=0
shrinkage=0.02


Tree=247
num_leaves=5
num_cat=0
split_feature=5 6 8 4
split_gain=0.389545 0.508703 0.639472 0.690445
threshold=17.052369999999978 -3.6895999999999995 0.57737027836952548 0.96053000000000333
decision_type=2 2 2 2
left_child=1 -1 3 -3
right_child=-2 2 -4 -5
leaf_value=-0.0088483167754096897 0.0090657467338162937 0.017704906304754443 -0.0096136381083893625 0.00021666788215958982
leaf_weight=2.8142366018146268 1.5359540055505938 1.2883159304037679 1.5276434756815431 3.0194284506142139
leaf_count=28 27 25 20 35
internal_value=-0.00021591 -0.0018641 0.00150419 0.00544687
internal_weight=10.1856 8.64962 5.83539 4.30774
internal_count=135 108 80 60
is_linear=0
shrinkage=0.02


Tree=248
num_leaves=6
num_cat=0
split_feature=2 10 10 5 3
split_gain=0.387036 0.674536 1.07291 1.35603 0.558307
threshold=8.5000000000000018 32.376070860043733 40.82325546339073 7.2863199999999697 0.44331999999998462
decision_type=2 2 2 2 2
left_child=-1 4 -3 -4 -2
right_child=1 2 3 -5 -6
leaf_value=-0.0089462200405475995 0.002880353172654527 0.020150141707299035 0.014786019464470239 -0.0098734805148330603 -0.013664986679246385
leaf_weight=1.6917085908353335 1.5922539173625394 1.5182694084942339 1.5058514541015031 2.1881164014339447 1.6729228757321832
leaf_count=16 25 26 28 21 19
internal_value=-0.000211822 0.00153117 0.00599638 0.000179001 -0.0055967
internal_weight=10.1691 8.47741 5.21224 3.69397 3.26518
internal_count=135 119 75 49 44
is_linear=0
shrinkage=0.02


Tree=249
num_leaves=6
num_cat=0
split_feature=4 7 6 7 6
split_gain=0.379796 0.532091 0.578514 0.450458 0.356241
threshold=0.96053000000000333 0.0067901438579598414 -3.0350499999999996 0.0042477915832339628 -1.6681999999999995
decision_type=2 2 2 2 2
left_child=1 2 -1 4 -2
right_child=3 -3 -4 -5 -6
leaf_value=0.0015042963974730556 -0.0015392533364468181 -0.0045431229925661509 0.023681508342039474 0.004536939393241222 -0.012620049033298776
leaf_weight=0.96719561284407973 2.6964360661804676 1.2487907605245707 0.9161884584464135 2.2647611172869802 2.0374675448983908
leaf_count=15 25 16 27 30 22
internal_value=-0.000208284 0.00558023 0.0122926 -0.00279887 -0.00630842
internal_weight=10.1308 3.13217 1.88338 6.99866 4.7339
internal_count=135 58 42 77 47
is_linear=0
shrinkage=0.02


Tree=250
num_leaves=5
num_cat=0
split_feature=1 6 1 6
split_gain=0.375871 0.869002 0.491506 0.362233
threshold=-0.41260000000000008 -8.512699999999997 2.0745500000000003 5.0860500000000011
decision_type=2 2 2 2
left_child=1 -1 -2 -4
right_child=2 -3 3 -5
leaf_value=-0.0065151732595962178 -0.0084098303467052323 0.013948327981552813 0.0089757572527861349 -0.0041079144051142068
leaf_weight=1.4474847428500655 3.3247067919000983 1.9461031556129453 1.6882643126882615 1.6974667496979234
leaf_count=15 35 39 25 21
internal_value=-0.000204428 0.00521992 -0.00294762 0.00241614
internal_weight=10.104 3.39359 6.71044 3.38573
internal_count=135 54 81 46
is_linear=0
shrinkage=0.02


Tree=251
num_leaves=5
num_cat=0
split_feature=10 9 10 3
split_gain=0.374596 0.764354 0.888252 0.290237
threshold=20.328895993970288 -0.68933333333347935 49.125531210628942 0.9536799999999902
decision_type=2 2 2 2
left_child=-1 3 -3 -2
right_child=1 2 -4 -5
leaf_value=-0.0091583578142892513 0.016637788557235578 -0.010873982010611521 0.0049011170530521356 0.0037426955673949937
leaf_weight=1.5756642371416099 1.3625461333431297 2.7664724569767705 2.9504432817921042 1.4318662071600554
leaf_count=18 28 33 39 17
internal_value=-0.000200635 0.00145767 -0.00273261 0.0100303
internal_weight=10.087 8.51133 5.71692 2.79441
internal_count=135 117 72 45
is_linear=0
shrinkage=0.02


Tree=252
num_leaves=5
num_cat=0
split_feature=5 6 8 7
split_gain=0.377321 0.505012 0.621243 0.612668
threshold=17.052369999999978 -3.6895999999999995 0.57737027836952548 0.0042477915832339628
decision_type=2 2 2 2
left_child=1 -1 3 -3
right_child=-2 2 -4 -5
leaf_value=-0.0088111462046218201 0.0089811651249511164 -0.0012300994633066388 -0.0094894872982543045 0.014078537108705212
leaf_weight=2.7913970779627553 1.5209521707147367 2.3907123231329015 1.5043216682970522 1.8587323427200315
leaf_count=28 27 35 20 25
internal_value=-0.000197028 -0.00183065 0.00155588 0.00546599
internal_weight=10.0661 8.54516 5.75377 4.24944
internal_count=135 108 80 60
is_linear=0
shrinkage=0.02


Tree=253
num_leaves=6
num_cat=0
split_feature=4 0 5 8 1
split_gain=0.371022 0.628807 0.444636 0.913091 0.0619456
threshold=0.96053000000000333 5.427150000000001 8.6429599999999738 0.32832285560629665 1.1797000000000002
decision_type=2 2 2 2 2
left_child=1 -1 3 -2 -3
right_child=2 4 -4 -5 -6
leaf_value=-0.0062557564106656685 -0.010448964446378743 0.015809776977773391 -0.0095941191817391202 0.0080768506533910912 0.0086797027603477545
leaf_weight=1.1371863344684245 1.7248846776783464 1.0333122708834706 2.458818256855011 2.7782963318750262 0.92254727659746993
leaf_count=16 15 26 23 39 16
internal_value=-0.000193302 0.00557053 -0.00275403 0.000980779 0.0124466
internal_weight=10.055 3.09305 6.962 4.50318 1.95586
internal_count=135 58 77 54 42
is_linear=0
shrinkage=0.02


Tree=254
num_leaves=6
num_cat=0
split_feature=10 9 4 10 3
split_gain=0.369124 0.746354 0.870805 1.54615 0.280162
threshold=20.328895993970288 -0.68933333333347935 1.8884400000000034 49.125531210628942 0.9536799999999902
decision_type=2 2 2 2 2
left_child=-1 4 3 -3 -2
right_child=1 2 -4 -5 -6
leaf_value=-0.0091150205163322978 0.016492176967255894 -0.0091678623718470641 -0.012447942181983512 0.017580095521515026 0.0037778808931386381
leaf_weight=1.5644554067403085 1.3500586547888809 1.8133307583630078 2.2260418217629194 1.6519086784683166 1.4249310465529559
leaf_count=18 28 23 23 26 17
internal_value=-0.000189888 0.00145936 -0.00268714 0.00358311 0.00996351
internal_weight=10.0307 8.46627 5.69128 3.46524 2.77499
internal_count=135 117 72 49 45
is_linear=0
shrinkage=0.02


Tree=255
num_leaves=6
num_cat=0
split_feature=5 6 9 10 0
split_gain=0.375 0.491073 0.605862 0.679023 0.834073
threshold=17.052369999999978 -3.6895999999999995 -1.3736666666663948 64.729654393919944 6.2007000000000003
decision_type=2 2 2 2 2
left_child=1 -1 -3 4 -4
right_child=-2 2 3 -5 -6
leaf_value=-0.0087351942469780942 0.0090019860179300047 -0.0093574787856627178 0.023132133017412265 -0.0063810330843070773 0.0014338610411954653
leaf_weight=2.7679287176579228 1.5086546228267259 1.5074298810213793 1.2544084256514909 1.3343538693152366 1.6286553693935273
leaf_count=28 27 17 24 14 25
internal_value=-0.000186513 -0.00181876 0.0015253 0.00541513 0.0108747
internal_weight=10.0014 8.49278 5.72485 4.21742 2.88306
internal_count=135 108 80 63 49
is_linear=0
shrinkage=0.02


Tree=256
num_leaves=5
num_cat=0
split_feature=2 3 3 10
split_gain=0.365249 0.499701 0.709927 0.571944
threshold=49.000000000000007 -0.99418000000000972 0.34272999999998482 46.293613572671944
decision_type=2 2 2 2
left_child=1 -1 -3 -4
right_child=-2 2 3 -5
leaf_value=-0.011536917809971837 0.0091811594256347613 0.012643074119442922 -0.0087418770722452483 0.0044082778021795827
leaf_weight=1.6764770844019938 1.4277319309767342 1.5320063903927792 2.9284347631037235 2.4131724666804075
leaf_count=20 32 25 29 29
internal_value=-0.000183001 -0.00174667 0.000641175 -0.00280104
internal_weight=9.97782 8.55009 6.87361 5.34161
internal_count=135 103 83 58
is_linear=0
shrinkage=0.02


Tree=257
num_leaves=6
num_cat=0
split_feature=2 10 10 5 3
split_gain=0.36507 0.643618 1.02898 1.31702 0.52123
threshold=8.5000000000000018 32.376070860043733 40.82325546339073 7.2863199999999697 0.44331999999998462
decision_type=2 2 2 2 2
left_child=-1 4 -3 -4 -2
right_child=1 2 3 -5 -6
leaf_value=-0.0087818775495478677 0.0027542035297377118 0.01985457228258589 0.014721228341005093 -0.0098238817067589444 -0.013430688118401219
leaf_weight=1.6469867434352643 1.5542695047333821 1.4985564444214103 1.473104693926871 2.1515870951116085 1.6312736123800275
leaf_count=16 25 26 28 21 19
internal_value=-0.000179777 0.00152535 0.00591464 0.000151454 -0.00553386
internal_weight=9.95578 8.30879 5.12325 3.62469 3.18554
internal_count=135 119 75 49 44
is_linear=0
shrinkage=0.02


Tree=258
num_leaves=6
num_cat=0
split_feature=4 0 5 8 1
split_gain=0.369447 0.606853 0.425131 0.870562 0.0570364
threshold=0.96053000000000333 5.427150000000001 8.6429599999999738 0.32832285560629665 1.1797000000000002
decision_type=2 2 2 2 2
left_child=1 -1 3 -2 -3
right_child=2 4 -4 -5 -6
leaf_value=-0.0061217381578818307 -0.010289675203871035 0.015664653592607321 -0.0094800481981125086 0.0079128665429891963 0.0087814944762218874
leaf_weight=1.1160523695871236 1.7053043022751806 1.0163037236779926 2.426631648093462 2.7390882149338722 0.915169556159526
leaf_count=16 15 26 23 39 16
internal_value=-0.000176755 0.00561912 -0.00274742 0.000928589 0.0124033
internal_weight=9.91855 3.04753 6.87102 4.44439 1.93147
internal_count=135 58 77 54 42
is_linear=0
shrinkage=0.02


Tree=259
num_leaves=6
num_cat=0
split_feature=5 6 9 1 1
split_gain=0.361579 0.482331 1.18932 0.405821 0.261139
threshold=17.052369999999978 -1.2223499999999998 -1.3736666666663948 -0.41260000000000008 3.5309000000000004
decision_type=2 2 2 2 2
left_child=1 3 -3 -1 -4
right_child=-2 2 4 -5 -6
leaf_value=-0.00066163920357292544 0.0088873699455086462 -0.014413938578743877 0.015225033076227282 -0.013147904429445641 0.0035753359612689982
leaf_weight=2.1860403530299664 1.4953823194373406 1.1462376471608866 1.5529533904045822 1.9881041385233391 1.525947257876396
leaf_count=27 27 12 32 17 20
internal_value=-0.00017363 -0.00178682 0.00297688 -0.00660873 0.00945128
internal_weight=9.89467 8.39928 4.22514 4.17414 3.0789
internal_count=135 108 64 44 52
is_linear=0
shrinkage=0.02


Tree=260
num_leaves=6
num_cat=0
split_feature=4 0 4 8 1
split_gain=0.358965 0.579457 0.419561 0.83295 0.0545255
threshold=0.96053000000000333 5.427150000000001 2.5795866666666707 0.47559919545133289 1.1797000000000002
decision_type=2 2 2 2 2
left_child=1 -1 3 -2 -3
right_child=2 4 -4 -5 -6
leaf_value=-0.0059409713758327813 0.0021338376686982946 0.015425816464033648 0.0054580875163361998 -0.014198167751391924 0.0086745972996349723
leaf_weight=1.1097005456686022 2.600772999227047 1.00643914937973 1.8403269890695808 2.4034371357411146 0.91224310640245665
leaf_count=16 26 26 23 28 16
internal_value=-0.0001706 0.00556263 -0.00270728 -0.00571015 0.0122159
internal_weight=9.87292 3.02838 6.84454 5.00421 1.91868
internal_count=135 58 77 54 42
is_linear=0
shrinkage=0.02


Tree=261
num_leaves=5
num_cat=0
split_feature=5 6 8 4
split_gain=0.346439 0.474741 0.585633 0.629473
threshold=17.052369999999978 -3.6895999999999995 0.57737027836952548 0.96053000000000333
decision_type=2 2 2 2
left_child=1 -1 3 -3
right_child=-2 2 -4 -5
leaf_value=-0.0085963075402581204 0.0087233418167072582 0.01736325725942077 -0.0093089475781489121 0.00034286451176106507
leaf_weight=2.7290916722267857 1.4880696022883064 1.2359002903103817 1.4648309517651794 2.928994694724679
leaf_count=28 27 25 20 35
internal_value=-0.000167739 -0.00175056 0.00156801 0.00539353
internal_weight=9.84689 8.35882 5.62973 4.16489
internal_count=135 108 80 60
is_linear=0
shrinkage=0.02


Tree=262
num_leaves=5
num_cat=0
split_feature=10 9 10 3
split_gain=0.348764 0.738331 0.845735 0.263817
threshold=20.328895993970288 -0.68933333333347935 49.125531210628942 0.9536799999999902
decision_type=2 2 2 2
left_child=-1 3 -3 -2
right_child=1 2 -4 -5
leaf_value=-0.008946163001883908 0.016424371618150118 -0.010752099520070762 0.0048159606063005699 0.0039475982301850751
leaf_weight=1.5278732012957341 1.3187207810115062 2.7000495586544266 2.8896077619865537 1.3949713716283438
leaf_count=18 28 33 39 17
internal_value=-0.000164539 0.00145134 -0.0027041 0.0100107
internal_weight=9.83122 8.30335 5.58966 2.71369
internal_count=135 117 72 45
is_linear=0
shrinkage=0.02


Tree=263
num_leaves=6
num_cat=0
split_feature=2 10 10 5 3
split_gain=0.342867 0.615097 0.983723 1.28861 0.491069
threshold=8.5000000000000018 32.376070860043733 40.82325546339073 7.2863199999999697 0.44331999999998462
decision_type=2 2 2 2 2
left_child=-1 4 -3 -4 -2
right_child=1 2 3 -5 -6
leaf_value=-0.0085585613930040626 0.0026253207514023813 0.019548084424247957 0.014654954272522233 -0.0097559385775542063 -0.013236833272644829
leaf_weight=1.623269563540817 1.5286355577409252 1.4766619680449364 1.4560297392308714 2.1309522353112698 1.5955540854483841
leaf_count=16 25 26 28 21 19
internal_value=-0.000161578 0.00150316 0.00580896 0.000152945 -0.00547564
internal_weight=9.8111 8.18783 5.06364 3.58698 3.12419
internal_count=135 119 75 49 44
is_linear=0
shrinkage=0.02


Tree=264
num_leaves=6
num_cat=0
split_feature=4 0 7 6 6
split_gain=0.346149 0.554861 0.420491 0.334314 0.107371
threshold=0.96053000000000333 5.427150000000001 0.0042477915832339628 -1.6681999999999995 -2.2452499999999991
decision_type=2 2 2 2 2
left_child=1 -1 3 -2 -3
right_child=2 4 -4 -5 -6
leaf_value=-0.0058294756805425457 -0.0014510568803891872 0.0078735250395186342 0.0045394514590737824 -0.012368752898417301 0.017471644513312436
leaf_weight=1.0945065310224893 2.6331421285867691 1.0703561184927819 2.1959140039980412 1.9547527637332676 0.82595012988895167
leaf_count=16 25 18 30 22 24
internal_value=-0.000158846 0.00550947 -0.00265786 -0.00610273 0.0120541
internal_weight=9.77462 2.99081 6.78381 4.58789 1.89631
internal_count=135 58 77 47 42
is_linear=0
shrinkage=0.02


Tree=265
num_leaves=5
num_cat=0
split_feature=2 3 3 10
split_gain=0.338141 0.49963 0.658534 0.54453
threshold=49.000000000000007 -0.99418000000000972 0.34272999999998482 46.293613572671944
decision_type=2 2 2 2
left_child=1 -1 -3 -4
right_child=-2 2 3 -5
leaf_value=-0.011544135764004241 0.009037204868856754 0.012394717019852517 -0.0084963495828635337 0.0044686257518319348
leaf_weight=1.6453920803032804 1.3748424367513514 1.5076274760067452 2.853602446615696 2.3736661113798618
leaf_count=20 32 25 29 29
internal_value=-0.000155965 -0.00166417 0.000749594 -0.00260904
internal_weight=9.75513 8.38029 6.7349 5.22727
internal_count=135 103 83 58
is_linear=0
shrinkage=0.02


Tree=266
num_leaves=6
num_cat=0
split_feature=4 0 5 8 6
split_gain=0.338927 0.533274 0.409513 0.850045 0.105396
threshold=0.96053000000000333 5.427150000000001 8.6429599999999738 0.32832285560629665 -2.2452499999999991
decision_type=2 2 2 2 2
left_child=1 -1 3 -2 -3
right_child=2 4 -4 -5 -6
leaf_value=-0.0056529611958437889 -0.01013141032561374 0.007777048198849508 -0.0093076417899029349 0.0079675265228402736 0.017327366474519632
leaf_weight=1.0901565905660393 1.6879112161695955 1.0636303448118267 2.3790237978100777 2.6958094509318471 0.81745876627974201
leaf_count=16 15 18 23 39 24
internal_value=-0.000153215 0.00547706 -0.00262691 0.000998698 0.0119273
internal_weight=9.73399 2.97125 6.76274 4.38372 1.88109
internal_count=135 58 77 54 42
is_linear=0
shrinkage=0.02


Tree=267
num_leaves=5
num_cat=0
split_feature=10 9 7 5
split_gain=0.341954 0.714357 0.858393 1.16528
threshold=20.328895993970288 -1.0793333333335793 -0.0050794466326886658 7.2863199999999697
decision_type=2 2 2 2
left_child=-1 -2 -3 -4
right_child=1 2 3 -5
leaf_value=-0.0088822050723058078 0.012613991050523483 -0.013585170755494747 0.016553106248554821 -0.0044755135987508124
leaf_weight=1.5142677742987878 1.7947107115760434 1.7539742132648806 1.6158405765891082 3.0318157710134983
leaf_count=18 36 19 30 32
internal_value=-0.000150491 0.00146269 -0.00166361 0.00283546
internal_weight=9.71061 8.19634 6.40163 4.64766
internal_count=135 117 81 62
is_linear=0
shrinkage=0.02


Tree=268
num_leaves=6
num_cat=0
split_feature=5 6 9 1 9
split_gain=0.345141 0.471689 1.11417 0.375844 0.257707
threshold=17.052369999999978 -1.2223499999999998 -1.3736666666663948 -0.41260000000000008 -0.019666666666807938
decision_type=2 2 2 2 2
left_child=1 3 -3 -1 -4
right_child=-2 2 4 -5 -6
leaf_value=-0.00074867456856167296 0.0088168437442912723 -0.014055878009208694 0.015306240561806652 -0.012873895819363846 0.0036031470590001443
leaf_weight=2.1394453905522823 1.459015695378185 1.1136881448328484 1.4805775498971332 1.9587604105472554 1.5308067840524029
leaf_count=27 27 12 26 17 26
internal_value=-0.000147773 -0.00173832 0.00303605 -0.00654399 0.00935709
internal_weight=9.68229 8.22328 4.12507 4.09821 3.01138
internal_count=135 108 64 44 52
is_linear=0
shrinkage=0.02


Tree=269
num_leaves=5
num_cat=0
split_feature=5 8 6 5
split_gain=0.331497 0.461211 0.659352 0.54385
threshold=17.052369999999978 0.47559919545133289 -1.2223499999999998 8.6429599999999738
decision_type=2 2 2 2
left_child=1 2 -1 -3
right_child=-2 3 -4 -5
leaf_value=-0.0049738894376256991 0.0086365052536947935 0.00085643128821612626 0.010478785087039979 -0.014307759681324085
leaf_weight=2.2295535597950211 1.4596848736982799 1.8659514449536803 2.1888622958213082 1.9188734246417878
leaf_count=21 27 32 35 20
internal_value=-0.000145202 -0.00170782 0.00268129 -0.00683168
internal_weight=9.66293 8.20324 4.41842 3.78482
internal_count=135 108 56 52
is_linear=0
shrinkage=0.02


Tree=270
num_leaves=6
num_cat=0
split_feature=4 0 4 8 6
split_gain=0.332797 0.515575 0.398185 0.78637 0.0966456
threshold=0.96053000000000333 5.427150000000001 2.5795866666666707 0.47559919545133289 -2.2452499999999991
decision_type=2 2 2 2 2
left_child=1 -1 3 -2 -3
right_child=2 4 -4 -5 -6
leaf_value=-0.0055409241526264367 0.0020897372929902496 0.007863078300947228 0.005426174277202535 -0.013950044499449674 0.017056687485068337
leaf_weight=1.0786629132926466 2.5632047355175018 1.0595121555961666 1.8054317776113746 2.3376401998102665 0.80478230235166837
leaf_count=16 26 18 23 28 24
internal_value=-0.000142604 0.00546429 -0.00260311 -0.00556103 0.0118318
internal_weight=9.64923 2.94296 6.70628 4.90084 1.86429
internal_count=135 58 77 54 42
is_linear=0
shrinkage=0.02


Tree=271
num_leaves=5
num_cat=0
split_feature=1 6 1 6
split_gain=0.326079 0.812125 0.420999 0.333224
threshold=-0.41260000000000008 -8.512699999999997 2.0745500000000003 5.0860500000000011
decision_type=2 2 2 2
left_child=1 -1 -2 -4
right_child=2 -3 3 -5
leaf_value=-0.0064777816441162041 -0.0079341059581839977 0.013814694622405206 0.0087325306564780911 -0.0040926843186277371
leaf_weight=1.3878740891814234 3.1669871602207422 1.8278613751754162 1.6204559192992749 1.6209043543785808
leaf_count=15 35 39 25 21
internal_value=-0.000140209 0.0050567 -0.00274804 0.00231904
internal_weight=9.62408 3.21574 6.40835 3.24136
internal_count=135 54 81 46
is_linear=0
shrinkage=0.02


Tree=272
num_leaves=6
num_cat=0
split_feature=10 9 4 10 3
split_gain=0.320339 0.710762 0.840745 1.48766 0.246241
threshold=20.328895993970288 -0.68933333333347935 1.8884400000000034 49.125531210628942 0.9536799999999902
decision_type=2 2 2 2 2
left_child=-1 4 3 -3 -2
right_child=1 2 -4 -5 -6
leaf_value=-0.0086663478476866531 0.016238308605582157 -0.0091841500739507954 -0.01242535300263071 0.017601037471314404 0.0040237686783141571
leaf_weight=1.4886291455477483 1.2809995331335806 1.7350698783993714 2.1518140723928809 1.5890308744274078 1.3622402884066103
leaf_count=18 28 23 23 26 17
internal_value=-0.000137594 0.00142613 -0.00268514 0.00362006 0.00994333
internal_weight=9.60778 8.11915 5.47591 3.3241 2.64324
internal_count=135 117 72 49 45
is_linear=0
shrinkage=0.02


Tree=273
num_leaves=5
num_cat=0
split_feature=5 6 8 7
split_gain=0.326484 0.448351 0.554756 0.563298
threshold=17.052369999999978 -3.6895999999999995 0.57737027836952548 0.0042477915832339628
decision_type=2 2 2 2
left_child=1 -1 3 -3
right_child=-2 2 -4 -5
leaf_value=-0.0084290022851672246 0.00862732729046734 -0.0012734693575852511 -0.0091846356624352594 0.013735753189002615
leaf_weight=2.6589812040328971 1.4444072374608374 2.2682015164755276 1.4186397306621072 1.7891234410926697
leaf_count=28 27 35 20 25
internal_value=-0.000135124 -0.00169095 0.00158087 0.00534502
internal_weight=9.57935 8.13495 5.47596 4.05732
internal_count=135 108 80 60
is_linear=0
shrinkage=0.02


Tree=274
num_leaves=6
num_cat=0
split_feature=4 0 5 8 6
split_gain=0.3209 0.493356 0.401157 0.815848 0.0937553
threshold=0.96053000000000333 5.427150000000001 8.6429599999999738 0.32832285560629665 -2.2452499999999991
decision_type=2 2 2 2 2
left_child=1 -1 3 -2 -3
right_child=2 4 -4 -5 -6
leaf_value=-0.0054044044505062909 -0.0099006831813118774 0.0077658300023752125 -0.0092197089145702391 0.0079564227459102549 0.016882736261687469
leaf_weight=1.0682676061987879 1.6671331860125063 1.0507663977332411 2.3413813933730125 2.6504171602427959 0.7907213158905505
leaf_count=16 15 18 23 39 24
internal_value=-0.000132569 0.00540811 -0.00255368 0.00106127 0.0116806
internal_weight=9.56869 2.90976 6.65893 4.31755 1.84149
internal_count=135 58 77 54 42
is_linear=0
shrinkage=0.02


Tree=275
num_leaves=5
num_cat=0
split_feature=5 10 3 2
split_gain=0.320121 0.443171 0.664358 0.543072
threshold=17.052369999999978 49.125531210628942 0.68384999999999041 22.500000000000004
decision_type=2 2 2 2
left_child=1 2 3 -1
right_child=-2 -3 -4 -5
leaf_value=-0.0079039641637249219 0.0085622467516256479 0.0047312212475738979 -0.01406748433103946 0.0084353765716616968
leaf_weight=1.5802993420511469 1.4391835988499231 2.8188827461563051 2.0302239852026105 1.6772656030952928
leaf_count=18 27 39 24 27
internal_value=-0.000130214 -0.00167339 -0.00508765 0.000508889
internal_weight=9.54586 8.10667 5.28779 3.25756
internal_count=135 108 69 45
is_linear=0
shrinkage=0.02


Tree=276
num_leaves=6
num_cat=0
split_feature=4 7 6 5 8
split_gain=0.316482 0.474031 0.506675 0.388697 0.781623
threshold=0.96053000000000333 0.0067901438579598414 -3.0350499999999996 8.6429599999999738 0.32832285560629665
decision_type=2 2 2 2 2
left_child=1 2 -1 4 -2
right_child=3 -3 -4 -5 -6
leaf_value=0.0016772804312252445 -0.0097020483049378246 -0.0044575545136516801 0.023365452991110463 -0.0091197794018136654 0.0077908235622813661
leaf_weight=0.90128933871164918 1.6663778237998483 1.1665383940562604 0.8255043816752734 2.3277885653078556 2.6410952331498265
leaf_count=15 15 16 27 23 39
internal_value=-0.000128015 0.00539174 0.0120454 -0.00253492 0.00102358
internal_weight=9.52859 2.89333 1.72679 6.63526 4.30747
internal_count=135 58 42 77 54
is_linear=0
shrinkage=0.02


Tree=277
num_leaves=6
num_cat=0
split_feature=10 9 4 10 3
split_gain=0.319137 0.701364 0.79674 1.42132 0.227181
threshold=20.328895993970288 -0.68933333333347935 1.8884400000000034 49.125531210628942 0.9536799999999902
decision_type=2 2 2 2 2
left_child=-1 4 3 -3 -2
right_child=1 2 -4 -5 -6
leaf_value=-0.0086823400978784711 0.016058109437790159 -0.0090946019932646536 -0.012151481174990835 0.017269900677940906 0.0042499233626862301
leaf_weight=1.4731319714337594 1.2625062533188605 1.7069026622921222 2.1396595146507025 1.5704747401177881 1.3471505166962741
leaf_count=18 28 23 23 26 17
internal_value=-0.000125599 0.00144481 -0.00265859 0.00353891 0.00996252
internal_weight=9.49983 8.02669 5.41704 3.27738 2.60966
internal_count=135 117 72 49 45
is_linear=0
shrinkage=0.02


Tree=278
num_leaves=5
num_cat=0
split_feature=5 8 6 5
split_gain=0.322234 0.441281 0.619711 0.506465
threshold=17.052369999999978 0.47559919545133289 -1.2223499999999998 8.6429599999999738
decision_type=2 2 2 2
left_child=1 2 -1 -3
right_child=-2 3 -4 -5
leaf_value=-0.0048208343852964757 0.008626975170232155 0.00074890005759266332 0.010292004294259144 -0.014050190816691963
leaf_weight=2.1965050473809233 1.4293574229814119 1.8247701381333175 2.1453705318272105 1.8759183418005703
leaf_count=21 27 32 35 20
internal_value=-0.000123336 -0.00167848 0.00264659 -0.00675292
internal_weight=9.47192 8.04256 4.34188 3.70069
internal_count=135 108 56 52
is_linear=0
shrinkage=0.02


Tree=279
num_leaves=6
num_cat=0
split_feature=4 0 4 5 10
split_gain=0.312824 0.471027 0.398568 0.7511 0.0505103
threshold=0.96053000000000333 5.427150000000001 2.5795866666666707 8.372769999999969 28.250258518031824
decision_type=2 2 2 2 2
left_child=1 -1 3 -2 -3
right_child=2 4 -4 -5 -6
leaf_value=-0.0052568758093983993 0.00087441836189678301 0.014877470235802812 0.005550525098808861 -0.01529225180438947 0.0081994584802277601
leaf_weight=1.0503655662760141 2.9093017149716616 0.91628588782623388 1.786055678501725 1.9004082418978212 0.89613659679889679
leaf_count=16 35 20 23 19 22
internal_value=-0.000121141 0.0053997 -0.00251738 -0.00551334 0.0115756
internal_weight=9.45855 2.86279 6.59577 4.80971 1.81242
internal_count=135 58 77 54 42
is_linear=0
shrinkage=0.02


Tree=280
num_leaves=5
num_cat=0
split_feature=2 3 3 10
split_gain=0.310952 0.468276 0.587698 0.476095
threshold=49.000000000000007 -0.99418000000000972 0.34272999999998482 46.293613572671944
decision_type=2 2 2 2
left_child=1 -1 -3 -4
right_child=-2 2 3 -5
leaf_value=-0.011308493067895435 0.0089611227623049711 0.01191363274805682 -0.0080365479308868778 0.0042710220277197529
leaf_weight=1.5894653168506909 1.3005429699551321 1.4731833543628443 2.7632769159972668 2.3066960200667381
leaf_count=20 32 25 29 29
internal_value=-0.000119199 -0.0015713 0.000794067 -0.00243695
internal_weight=9.43316 8.13262 6.54316 5.06997
internal_count=135 103 83 58
is_linear=0
shrinkage=0.02


Tree=281
num_leaves=5
num_cat=0
split_feature=5 8 6 5
split_gain=0.313098 0.420934 0.607074 0.481317
threshold=17.052369999999978 0.47559919545133289 -1.2223499999999998 8.6429599999999738
decision_type=2 2 2 2
left_child=1 2 -1 -3
right_child=-2 3 -4 -5
leaf_value=-0.004814066010356971 0.0085414040550682753 0.00067212519178054531 0.010175826973844827 -0.013812610510675312
leaf_weight=2.1923912102356553 1.4187536898534743 1.8191739218309524 2.1312673576176167 1.8516564937308428
leaf_count=21 27 32 35 20
internal_value=-0.000117096 -0.00165369 0.00257492 -0.00663433
internal_weight=9.41324 7.99449 4.32366 3.67083
internal_count=135 108 56 52
is_linear=0
shrinkage=0.02


Tree=282
num_leaves=6
num_cat=0
split_feature=4 0 4 8 10
split_gain=0.312897 0.448825 0.390426 0.732705 0.0501955
threshold=0.96053000000000333 5.427150000000001 2.5795866666666707 0.47559919545133289 28.250258518031824
decision_type=2 2 2 2 2
left_child=1 -1 3 -2 -3
right_child=2 4 -4 -5 -6
leaf_value=-0.0050069113521450659 0.0019302214390444043 0.014801069922093625 0.0054872862057627307 -0.013748362786698325 0.0081156642606844496
leaf_weight=1.0427539153024556 2.5191271509975195 0.9064076261129228 1.7776188366115091 2.2636111285537481 0.89065108634531498
leaf_count=16 26 20 23 28 22
internal_value=-0.000115011 0.00543101 -0.00251574 -0.00549026 0.0114877
internal_weight=9.40017 2.83981 6.56036 4.78274 1.79706
internal_count=135 58 77 54 42
is_linear=0
shrinkage=0.02


Tree=283
num_leaves=6
num_cat=0
split_feature=2 10 10 5 3
split_gain=0.310918 0.573698 0.959573 1.23713 0.441084
threshold=8.5000000000000018 32.376070860043733 40.82325546339073 7.2863199999999697 0.44331999999998462
decision_type=2 2 2 2 2
left_child=-1 4 -3 -4 -2
right_child=1 2 3 -5 -6
leaf_value=-0.0082846806865922544 0.002383532491683658 0.019553911202567286 0.014550030908660172 -0.0098564748027549897 -0.013075094164159702
leaf_weight=1.553856501355767 1.4581005198415371 1.4217241015285251 1.3960606260225179 2.0514824278652668 1.4956225529313085
leaf_count=16 25 26 28 21 19
internal_value=-0.000113106 0.00150999 0.0057283 2.67844e-05 -0.00544397
internal_weight=9.37685 7.82299 4.86927 3.44754 2.95372
internal_count=135 119 75 49 44
is_linear=0
shrinkage=0.02


Tree=284
num_leaves=6
num_cat=0
split_feature=4 7 6 7 6
split_gain=0.305601 0.442889 0.486961 0.388961 0.335538
threshold=0.96053000000000333 0.0067901438579598414 -3.0350499999999996 0.0042477915832339628 -1.6681999999999995
decision_type=2 2 2 2 2
left_child=1 2 -1 4 -2
right_child=3 -3 -4 -5 -6
leaf_value=0.0017022034473859686 -0.0011453110637508889 -0.0042121491250784642 0.023261321080105861 0.0045969549142075346 -0.012303666158694293
leaf_weight=0.88454838143661618 2.5506582409143448 1.1448878375813363 0.79637807980179809 2.0982193909585476 1.8669755384325979
leaf_count=15 25 16 27 30 22
internal_value=-0.000111166 0.00538183 0.0119163 -0.00249338 -0.00586104
internal_weight=9.34167 2.82581 1.68093 6.51585 4.41763
internal_count=135 58 42 77 47
is_linear=0
shrinkage=0.02


Tree=285
num_leaves=6
num_cat=0
split_feature=10 9 7 5 3
split_gain=0.305982 0.696707 0.795694 1.1208 0.209305
threshold=20.328895993970288 -0.68933333333347935 -1.0000000180025095e-35 7.2863199999999697 0.9536799999999902
decision_type=2 2 2 2 2
left_child=-1 4 -3 -4 -2
right_child=1 2 3 -5 -6
leaf_value=-0.0085878004433152088 0.015961599101775879 -0.014076832371720745 0.016163432250905257 -0.0064614984905083852 0.0044921686126814129
leaf_weight=1.4394824318587778 1.2330056491773578 1.6771130012348292 1.4570652656257155 2.1954995114356279 1.3154094647616146
leaf_count=18 28 21 27 24 17
internal_value=-0.000109007 0.00144023 -0.00267248 0.00256394 0.0100415
internal_weight=9.31758 7.87809 5.32968 3.65256 2.54842
internal_count=135 117 72 51 45
is_linear=0
shrinkage=0.02


Tree=286
num_leaves=5
num_cat=0
split_feature=2 3 3 10
split_gain=0.303146 0.466634 0.55021 0.453891
threshold=49.000000000000007 -0.99418000000000972 0.34272999999998482 46.293613572671944
decision_type=2 2 2 2
left_child=1 -1 -3 -4
right_child=-2 2 3 -5
leaf_value=-0.011328535310687874 0.008972062959995742 0.011669611311685682 -0.0078320021276075888 0.0042682330258422404
leaf_weight=1.5685534588992585 1.2699518294539309 1.4524811869487155 2.7193331532180309 2.2794122695922852
leaf_count=20 32 25 29 29
internal_value=-0.000107021 -0.00154472 0.000834125 -0.00231433
internal_weight=9.28973 8.01978 6.45123 4.99875
internal_count=135 103 83 58
is_linear=0
shrinkage=0.02


Tree=287
num_leaves=5
num_cat=0
split_feature=5 4 10 3
split_gain=0.304375 0.430294 1.59096 0.604518
threshold=17.052369999999978 2.2865300000000035 49.125531210628942 0.68384999999999041
decision_type=2 2 2 2
left_child=1 2 3 -1
right_child=-2 -3 -4 -5
leaf_value=0.0015167230842327887 0.0084997982842000639 -0.0097499964964487054 0.017672772690105535 -0.013615288881698405
leaf_weight=2.3043491523712873 1.3965651001781223 1.9609721861779688 1.65909141395241 1.9493869598954914
leaf_count=33 27 23 28 24
internal_value=-0.000105132 -0.00163138 0.00106114 -0.00541792
internal_weight=9.27036 7.8738 5.91283 4.25374
internal_count=135 108 85 57
is_linear=0
shrinkage=0.02


Tree=288
num_leaves=5
num_cat=0
split_feature=4 8 4 8
split_gain=0.305103 0.431339 0.377284 0.699741
threshold=0.96053000000000333 0.57737027836952548 2.5795866666666707 0.47559919545133289
decision_type=2 2 2 2
left_child=1 -1 3 -2
right_child=2 -3 -4 -5
leaf_value=0.01368555645180424 0.0018361567810813726 -0.0020664860125273318 0.0054039456370996095 -0.013624346934568682
leaf_weight=1.3262168206274512 2.4852561764419079 1.4617843895684925 1.7617574455216525 2.2142899222671986
leaf_count=30 26 28 23 28
internal_value=-0.000103276 0.00542656 -0.00248936 -0.00544838
internal_weight=9.2493 2.788 6.4613 4.69955
internal_count=135 58 77 54
is_linear=0
shrinkage=0.02


Tree=289
num_leaves=6
num_cat=0
split_feature=2 10 10 4 3
split_gain=0.310797 0.546471 0.926983 0.776177 0.406174
threshold=8.5000000000000018 32.376070860043733 40.82325546339073 1.8884400000000034 0.44331999999998462
decision_type=2 2 2 2 2
left_child=-1 4 -3 -4 -2
right_child=1 2 3 -5 -6
leaf_value=-0.0083280877891200016 0.0022290819570405626 0.019342366381174959 0.0089117251093580908 -0.010274249005239506 -0.012744633629619974
leaf_weight=1.5319883096963165 1.437353518791497 1.4046241003088651 1.8202213221229615 1.5717341015115378 1.4613437596708534
leaf_count=16 25 26 32 17 19
internal_value=-0.000101565 0.00153618 0.0056794 2.14993e-05 -0.00531974
internal_weight=9.22727 7.69528 4.79658 3.39196 2.8987
internal_count=135 119 75 49 44
is_linear=0
shrinkage=0.02


Tree=290
num_leaves=6
num_cat=0
split_feature=2 10 10 4 3
split_gain=0.299274 0.526075 0.895711 0.746193 0.392477
threshold=8.5000000000000018 32.376070860043733 40.82325546339073 1.8884400000000034 0.44331999999998462
decision_type=2 2 2 2 2
left_child=-1 4 -3 -4 -2
right_child=1 2 3 -5 -6
leaf_value=-0.0081831618706778471 0.0021845189724033365 0.019048658038676052 0.008742557971224061 -0.010078480338692353 -0.01255282657676309
leaf_weight=1.5279785152524707 1.4373410637490454 1.3978252438828347 1.8183525847271087 1.5702341757714746 1.4540735073387621
leaf_count=16 25 26 32 17 19
internal_value=-9.97583e-05 0.00150893 0.00557791 2.10939e-05 -0.0052268
internal_weight=9.20581 7.67783 4.78641 3.38859 2.89141
internal_count=135 119 75 49 44
is_linear=0
shrinkage=0.02


Tree=291
num_leaves=5
num_cat=0
split_feature=4 7 7 6
split_gain=0.294782 0.429524 0.369335 0.311927
threshold=0.96053000000000333 -0.0030471366415318886 0.0042477915832339628 -1.6681999999999995
decision_type=2 2 2 2
left_child=1 -1 3 -2
right_child=2 -3 -4 -5
leaf_value=0.016688434532434848 -0.0012006247214106727 -0.00011992814543625823 0.0045016453627989171 -0.012055090874034701
leaf_weight=0.90204151184298131 2.5195480585098267 1.8664038050919769 2.0699429186061025 1.8268517553806303
leaf_count=28 25 30 30 22
internal_value=-9.79794e-05 0.00535673 -0.00245151 -0.00576291
internal_weight=9.18479 2.76845 6.41634 4.3464
internal_count=135 58 77 47
is_linear=0
shrinkage=0.02


Tree=292
num_leaves=5
num_cat=0
split_feature=2 3 3 10
split_gain=0.290854 0.461681 0.53357 0.42791
threshold=49.000000000000007 -0.99418000000000972 0.34272999999998482 46.293613572671944
decision_type=2 2 2 2
left_child=1 -1 -3 -4
right_child=-2 2 3 -5
leaf_value=-0.011275328370643753 0.0089110873154876011 0.011570115831321512 -0.0076638474790211644 0.0041671314138652686
leaf_weight=1.5551048479974268 1.2400194604415444 1.4441340537741778 2.6742430031299591 2.2531195189803839
leaf_count=20 32 25 29 29
internal_value=-9.61688e-05 -0.00150524 0.000879362 -0.00225393
internal_weight=9.16662 7.9266 6.3715 4.92736
internal_count=135 103 83 58
is_linear=0
shrinkage=0.02


Tree=293
num_leaves=6
num_cat=0
split_feature=4 0 4 5 10
split_gain=0.288838 0.425578 0.36998 0.708588 0.0492264
threshold=0.96053000000000333 5.427150000000001 2.5795866666666707 8.372769999999969 28.250258518031824
decision_type=2 2 2 2 2
left_child=1 -1 3 -2 -3
right_child=2 4 -4 -5 -6
leaf_value=-0.0050113409274137625 0.00089289498610821915 0.014622329124277125 0.0054184442164539508 -0.015102185093912058 0.0078964610393699036
leaf_weight=1.0087841758504512 2.8275137171149254 0.88474708585999884 1.7483360413461921 1.8215535432100294 0.85679052351042628
leaf_count=16 35 20 23 19 22
internal_value=-9.44705e-05 0.00532567 -0.00242466 -0.00537415 0.0113134
internal_weight=9.14773 2.75032 6.3974 4.64907 1.74154
internal_count=135 58 77 54 42
is_linear=0
shrinkage=0.02


Tree=294
num_leaves=6
num_cat=0
split_feature=10 9 7 5 3
split_gain=0.289554 0.673193 0.769336 1.05251 0.195377
threshold=20.328895993970288 -0.68933333333347935 -1.0000000180025095e-35 7.2863199999999697 0.9536799999999902
decision_type=2 2 2 2 2
left_child=-1 4 -3 -4 -2
right_child=1 2 3 -5 -6
leaf_value=-0.0084231176663420587 0.015802064411094437 -0.013938951858224356 0.015897586965914791 -0.0062594005831261854 0.0045787898191112673
leaf_weight=1.4109825249761341 1.2006221832707527 1.6502730571664868 1.4254837334156039 2.1524662729352713 1.2838938944041727
leaf_count=18 28 21 27 24 17
internal_value=-9.29836e-05 0.00143095 -0.00264229 0.00256812 0.0100023
internal_weight=9.12372 7.71274 5.22822 3.57795 2.48452
internal_count=135 117 72 51 45
is_linear=0
shrinkage=0.02


Tree=295
num_leaves=5
num_cat=0
split_feature=5 6 8 7
split_gain=0.289563 0.427686 0.49811 0.514695
threshold=17.052369999999978 -3.6895999999999995 0.57737027836952548 0.0042477915832339628
decision_type=2 2 2 2
left_child=1 -1 3 -3
right_child=-2 2 -4 -5
leaf_value=-0.0083446091065794911 0.0083911385972417398 -0.0012074592609085028 -0.0088509269143945621 0.013473115769017918
leaf_weight=2.5259235445410013 1.3677289518527684 2.1483609983697538 1.3343674913048742 1.7201088303700087
leaf_count=28 27 35 20 25
internal_value=-9.1273e-05 -0.00159237 0.00168577 0.00532023
internal_weight=9.09649 7.72876 5.20284 3.86847
internal_count=135 108 80 60
is_linear=0
shrinkage=0.02


Tree=296
num_leaves=6
num_cat=0
split_feature=2 10 10 4 3
split_gain=0.286865 0.513365 0.86178 0.716249 0.370291
threshold=8.5000000000000018 32.376070860043733 40.82325546339073 1.8884400000000034 0.44331999999998462
decision_type=2 2 2 2 2
left_child=-1 4 -3 -4 -2
right_child=1 2 3 -5 -6
leaf_value=-0.0080573224815105246 0.0020258751490172724 0.018825735320309997 0.0086542291794220304 -0.0098714641657777127 -0.012414288230531876
leaf_weight=1.5075542591512201 1.4144626604393127 1.3808938311412928 1.7984589813277128 1.5579239130020139 1.4269012436270712
leaf_count=16 25 26 32 17 19
internal_value=-8.95492e-05 0.00149541 0.00552673 5.52041e-05 -0.00522581
internal_weight=9.08619 7.57864 4.73728 3.35638 2.84136
internal_count=135 119 75 49 44
is_linear=0
shrinkage=0.02


Tree=297
num_leaves=6
num_cat=0
split_feature=4 7 6 4 5
split_gain=0.280089 0.421282 0.474102 0.353252 0.701523
threshold=0.96053000000000333 0.0067901438579598414 -3.0350499999999996 2.5795866666666707 8.372769999999969
decision_type=2 2 2 2 2
left_child=1 2 -1 4 -2
right_child=3 -3 -4 -5 -6
leaf_value=0.0015706223188058433 0.0009679114302309146 -0.0042155970745804093 0.023266556324387348 0.0052978752293723654 -0.015028960171330633
leaf_weight=0.85578072210773826 2.8021155688911676 1.110149896237999 0.76126226433552824 1.7346830619499085 1.8015717603266237
leaf_count=15 35 16 27 23 19
internal_value=-8.79483e-05 0.0052714 0.0117845 -0.0023939 -0.00529218
internal_weight=9.06556 2.72719 1.61704 6.33837 4.60369
internal_count=135 58 42 77 54
is_linear=0
shrinkage=0.02


Tree=298
num_leaves=5
num_cat=0
split_feature=2 3 3 10
split_gain=0.281688 0.45125 0.510826 0.408365
threshold=49.000000000000007 -0.99418000000000972 0.34272999999998482 46.293613572671944
decision_type=2 2 2 2
left_child=1 -1 -3 -4
right_child=-2 2 3 -5
leaf_value=-0.011207591086993761 0.008895325684695931 0.01141029049139273 -0.007532683024349382 0.0040951699980797717
leaf_weight=1.5323627153411505 1.2097161666024474 1.4284977889619765 2.6306724287569523 2.2341238465160131
leaf_count=20 32 25 29 29
internal_value=-8.63944e-05 -0.00147482 0.000895027 -0.00219267
internal_weight=9.03537 7.82566 6.29329 4.8648
internal_count=135 103 83 58
is_linear=0
shrinkage=0.02


Tree=299
num_leaves=6
num_cat=0
split_feature=2 10 10 4 3
split_gain=0.281175 0.500471 0.842084 0.701371 0.353951
threshold=8.5000000000000018 32.376070860043733 40.82325546339073 1.8884400000000034 0.44331999999998462
decision_type=2 2 2 2 2
left_child=-1 4 -3 -4 -2
right_child=1 2 3 -5 -6
leaf_value=-0.0079992994480139624 0.0019173336287324504 0.018693763652352608 0.0086241085227018038 -0.0097665849228014395 -0.012260945226391283
leaf_weight=1.4973758049309251 1.4079554304480555 1.36864518513903 1.7816680013202133 1.552102033048868 1.4092317055910824
leaf_count=16 25 26 32 17 19
internal_value=-8.48686e-05 0.00149113 0.00548478 6.19604e-05 -0.00517502
internal_weight=9.01698 7.5196 4.70242 3.33377 2.81719
internal_count=135 119 75 49 44
is_linear=0
shrinkage=0.02


end of trees

feature_importances:
rsi=230
volume_ma5=197
net_flow_ma15=195
net_flow_ma5=139
std_5=122
net_flow_diff=113
dist_ma15=107
price_change=100
trade_count=86
total_volume=42
net_flow=25

parameters:
[boosting: gbdt]
[objective: binary]
[metric: binary_logloss]
[tree_learner: serial]
[device_type: cpu]
[data_sample_strategy: bagging]
[data: ]
[valid: ]
[num_iterations: 300]
[learning_rate: 0.02]
[num_leaves: 31]
[num_threads: 8]
[seed: 42]
[deterministic: 0]
[force_col_wise: 0]
[force_row_wise: 0]
[histogram_pool_size: -1]
[max_depth: 7]
[min_data_in_leaf: 20]
[min_sum_hessian_in_leaf: 0.001]
[bagging_fraction: 1]
[pos_bagging_fraction: 1]
[neg_bagging_fraction: 1]
[bagging_freq: 0]
[bagging_seed: 400]
[bagging_by_query: 0]
[feature_fraction: 1]
[feature_fraction_bynode: 1]
[feature_fraction_seed: 30056]
[extra_trees: 0]
[extra_seed: 12879]
[early_stopping_round: 0]
[early_stopping_min_delta: 0]
[first_metric_only: 0]
[max_delta_step: 0]
[lambda_l1: 0]
[lambda_l2: 0]
[linear_lambda: 0]
[min_gain_to_split: 0]
[drop_rate: 0.1]
[max_drop: 50]
[skip_drop: 0.5]
[xgboost_dart_mode: 0]
[uniform_drop: 0]
[drop_seed: 17869]
[top_rate: 0.2]
[other_rate: 0.1]
[min_data_per_group: 100]
[max_cat_threshold: 32]
[cat_l2: 10]
[cat_smooth: 10]
[max_cat_to_onehot: 4]
[top_k: 20]
[monotone_constraints: ]
[monotone_constraints_method: basic]
[monotone_penalty: 0]
[feature_contri: ]
[forcedsplits_filename: ]
[refit_decay_rate: 0.9]
[cegb_tradeoff: 1]
[cegb_penalty_split: 0]
[cegb_penalty_feature_lazy: ]
[cegb_penalty_feature_coupled: ]
[path_smooth: 0]
[interaction_constraints: ]
[verbosity: -1]
[saved_feature_importance_type: 0]
[use_quantized_grad: 0]
[num_grad_quant_bins: 4]
[quant_train_renew_leaf: 0]
[stochastic_rounding: 1]
[linear_tree: 0]
[max_bin: 255]
[max_bin_by_feature: ]
[min_data_in_bin: 3]
[bin_construct_sample_cnt: 200000]
[data_random_seed: 175]
[is_enable_sparse: 1]
[enable_bundle: 1]
[use_missing: 1]
[zero_as_missing: 0]
[feature_pre_filter: 1]
[pre_partition: 0]
[two_round: 0]
[header: 0]
[label_column: ]
[weight_column: ]
[group_column: ]
[ignore_column: ]
[categorical_feature: ]
[forcedbins_filename: ]
[precise_float_parser: 0]
[parser_config_file: ]
[objective_seed: 16083]
[num_class: 1]
[is_unbalance: 0]
[scale_pos_weight: 0.421053]
[sigmoid: 1]
[boost_from_average: 1]
[reg_sqrt: 0]
[alpha: 0.9]
[fair_c: 1]
[poisson_max_delta_step: 0.7]
[tweedie_variance_power: 1.5]
[lambdarank_truncation_level: 30]
[lambdarank_norm: 1]
[label_gain: ]
[lambdarank_position_bias_regularization: 0]
[eval_at: ]
[multi_error_top_k: 1]
[auc_mu_weights: ]
[num_machines: 1]
[local_listen_port: 12400]
[time_out: 120]
[machine_list_filename: ]
[machines: ]
[gpu_platform_id: -1]
[gpu_device_id: -1]
[gpu_use_dp: 0]
[num_gpu: 1]

end of parameters

pandas_categorical:[]
