tree
version=v4
num_class=1
num_tree_per_iteration=1
label_index=0
max_feature_idx=13
objective=binary sigmoid:1
feature_names=total_volume net_flow trade_count net_flow_ma5 net_flow_ma15 net_flow_ma30 volume_ma5 volume_ma15 net_flow_diff net_flow_diff5 price_change price_change_ma5 net_flow_ratio cumulative_net_flow_30
feature_infos=[0.0040000000000000001:4221.7939999999999] [-1651.662:2907.0499999999997] [1:24] [-601.78719999999987:581.17560000000003] [-206.29306666666673:203.54186666666664] [-131.79323333333329:114.47330000000001] [0.010199999999818101:883.7879999999999] [0.085999999999997995:307.47666666666669] [-3058.7729999999997:2914.4949999999999] [-2907.3829999999998:2887.0499999999997] [-0.11066398390342513:0.11126846044910987] [-0.040385492058325756:0.042499272581706382] [-0.99999999999992017:0.99999999999989997] [-3953.7969999999987:3434.1990000000001]
tree_sizes=1597 1719 1627 1720 1617 1630 1722 1720 1726 1608 1723 1726 1725 1728 1717 1722 1735 1733 1737 1743 1731 1731 1737 1737 1726 1731 1624 1743 1734 1527 1524 1725 1626 1617 1525 1403 1620 1614 1724 1624 1526 1518 1616 1519 1642 1737 1732 1425 1702 1539 883 1189 1505 993 1403 1738 1734 1102 1190 1743 1307 983 1108 1418 1739 981 1504 986 1424 1423 1426 1703 1197 984 1721 1411 1740 1746 1725 1307 1605 1410 1214 1725 1727 786 1419 1215 1407 1536 987 1409 1206 1738 1420 1736 1408 885 1727 1416 1656 1406 1732 1739 1532 1642 993 1408 1408 1098 1742 1513 1404 1097 1417 1740 1612 1536 1732 1097 1408 1743 1721 1622 1536 1724 1304 1095 1405 1532 1222 1531 1509 1732 1738 1514 1724 1733 1409 1416 1729 1730 999 1519 1407 1522 1507 1210 1421 1625

Tree=0
num_leaves=14
num_cat=0
split_feature=12 0 3 1 10 7 4 0 6 1 6 3 11
split_gain=238.931 69.3577 36.5102 30.7395 24.0787 17.6625 14.7267 12.5446 12.5001 11.5052 10.4614 8.6885 6.89521
threshold=0.99772304582995852 1.6045000000000003 62.569800000000122 -37.819999999999993 -0.010103561531221715 1.6523000000000152 -7.5355666666667309 0.20150000000000004 106.47229999999998 2.0095000000000005 43.005599999999852 1.0210000000000172 0.0080877522343758574
decision_type=2 2 2 2 2 2 2 2 2 2 2 2 2
left_child=2 7 3 6 -5 -3 -1 10 -4 -7 -2 -9 -10
right_child=1 5 8 4 -6 9 -8 11 12 -11 -12 -13 -14
leaf_value=-0.41046853237549286 -0.43056244161905305 -0.4953790739634456 -0.40664764957967137 -0.38852249159946589 -0.40714431811109925 -0.37974736989115609 -0.43736348982023554 -0.46473585723778071 -0.48998758931072045 -0.42739720779253459 -0.4904919548428468 -0.44972779361346793 -0.44047277800785312
leaf_weight=112.24766957759857 68.391943782567978 9.3393453657627088 10.234193861484526 260.68773198127747 519.57799106836319 13.10611519217491 93.126091122627258 252.34766334295273 18.09897401928902 379.05955111980438 8.1497318744659406 156.08228835463524 11.497498601675032
leaf_count=376 239 37 34 832 1728 41 330 944 71 1316 32 567 41
internal_value=-0.423783 -0.442794 -0.407349 -0.405453 -0.400923 -0.427423 -0.422664 -0.455519 -0.454281 -0.425805 -0.436943 -0.459 -0.470752
internal_weight=1911.95 886.477 1025.47 985.639 780.266 401.505 205.374 484.972 39.8307 392.166 76.5417 408.43 29.5965
internal_count=6588 3176 3412 3266 2560 1394 706 1782 146 1357 271 1511 112
is_linear=0
shrinkage=1


Tree=1
num_leaves=15
num_cat=0
split_feature=12 0 3 1 10 7 4 6 0 1 6 5 5 2
split_gain=212.546 62.3902 32.4367 27.0913 21.0885 15.9792 13.0895 11.3614 11.3476 10.1498 9.4836 8.39054 6.61475 3.70765
threshold=0.99772304582995852 1.6045000000000003 62.569800000000122 -37.819999999999993 -0.010103561531221715 1.6523000000000152 -7.5355666666667309 166.51580000000001 0.20150000000000004 2.0095000000000005 43.005599999999852 6.5848166666666819 9.513300000000017 4.5000000000000009
decision_type=2 2 2 2 2 2 2 2 2 2 2 2 2 2
left_child=2 8 3 6 -5 -3 -1 12 10 -7 -2 -10 -4 -9
right_child=1 5 7 4 -6 9 -8 13 11 -11 -12 -13 -14 -15
leaf_value=0.034317438031352475 0.015444182068809126 -0.046608922453348099 0.043100922734805355 0.054758326980842875 0.037424846147754924 0.062884753691862458 0.0090199502475720068 -0.020171062102568898 -0.0077005181854847421 0.018427641762489868 -0.041861717962784074 -0.024931858403954812 -0.010336654982791373 -0.068910328159252507
leaf_weight=113.11377841234207 68.633293375372887 9.2351642251014692 11.228755280375482 263.83817094564438 523.93808329105377 13.286607623100279 93.319037035107613 10.277915194630625 316.36605793237686 380.65168225765228 8.0683413743972761 90.958316594362259 11.958564564585684 6.2898477762937537
leaf_count=376 239 37 37 832 1728 41 330 39 1165 1316 32 346 44 26
internal_value=0.0218288 0.00387499 0.0372341 0.039005 0.0432301 0.018403 0.0228816 -0.00705303 -0.00822624 0.0199271 0.0094161 -0.0115484 0.0155412 -0.0386746
internal_weight=1921.16 887.199 1033.96 994.209 787.776 403.173 206.433 39.7551 484.026 393.938 76.7016 407.324 23.1873 16.5678
internal_count=6588 3176 3412 3266 2560 1394 706 146 1782 1357 271 1511 81 65
is_linear=0
shrinkage=0.05


Tree=2
num_leaves=14
num_cat=0
split_feature=12 0 3 1 10 7 4 7 6 0 5 11 5
split_gain=189.488 56.1465 28.8831 23.9799 18.6037 14.4659 11.6595 10.903 10.7641 10.5287 9.38248 6.57592 4.43499
threshold=0.99772304582995852 1.6045000000000003 62.569800000000122 -37.819999999999993 -0.010103561531221715 1.6523000000000152 -7.5355666666667309 1.1722666666666821 106.47229999999998 0.20150000000000004 45.441900000000025 0.0020136930927661116 1.0000000180025095e-35
decision_type=2 2 2 2 2 2 2 2 2 2 2 2 2
left_child=2 7 3 6 -5 -3 -1 12 -4 -9 -7 -10 -2
right_child=1 5 8 4 -6 10 -8 9 11 -11 -12 -13 -14
leaf_value=0.032379296788372432 -0.021975166162125095 -0.04481879070584012 0.037124555550621177 0.051500444487290686 0.035292514048957745 0.019801556902047573 0.0085520630401228395 0.010978100908950725 -0.067745108417530148 -0.0094828149501512103 -0.043612944142343256 -0.0098859032247756648 -0.065887894342172737
leaf_weight=113.86995568871498 13.173185318708422 9.1266172826290113 10.346724331378935 266.43146282434464 527.71256838738918 389.61003178358078 93.498590886592865 75.162000566720963 6.2374153584241894 384.54913114011288 5.921496093273162 23.089160785079002 10.203297480940817
leaf_count=376 50 37 34 832 1728 1334 330 264 26 1426 23 86 42
internal_value=0.0206487 0.00367713 0.0351192 0.0367766 0.0407302 0.0174162 0.021636 -0.00783135 -0.00672226 -0.00613749 0.0188522 -0.0221919 -0.0411421
internal_weight=1928.93 887.746 1041.19 1001.51 794.144 404.658 207.369 483.088 39.6733 459.711 395.532 29.3266 23.3765
internal_count=6588 3176 3412 3266 2560 1394 706 1782 146 1690 1357 112 92
is_linear=0
shrinkage=0.05


Tree=3
num_leaves=15
num_cat=0
split_feature=12 0 3 1 10 7 4 7 6 0 10 4 5 2
split_gain=169.263 50.5429 25.7645 21.3057 16.5135 13.1031 10.4055 9.98 9.91201 9.51301 9.0423 6.44956 4.13785 3.49652
threshold=0.99772304582995852 1.6045000000000003 62.569800000000122 -37.819999999999993 -0.010103561531221715 1.6523000000000152 -7.5355666666667309 1.1722666666666821 166.51580000000001 0.20150000000000004 0.040308359048257809 44.005399999999959 1.0000000180025095e-35 4.5000000000000009
decision_type=2 2 2 2 2 2 2 2 2 2 2 2 2 2
left_child=2 7 3 6 -5 -3 -1 12 11 -9 -7 -4 -2 -10
right_child=1 5 8 4 -6 10 -8 9 13 -11 -12 -13 -14 -15
leaf_value=0.030578778906439365 -0.020987320071940412 -0.043119483653976901 -0.0035868128437820017 0.048531587377998911 0.033316856794345942 0.016929633954307258 0.0081095746704074115 0.010404793159628986 -0.018275429102120985 -0.0090291375066146786 0.080265032593100583 0.052770425354116073 -0.063646738044037157 -0.066026187117060139
leaf_weight=114.52835550904274 13.105331853032114 9.0148497521877271 15.770413905382158 268.53625869750977 530.96760793030262 391.26954792439938 93.665790393948555 75.333737820386887 10.171233713626863 383.69979211688042 5.7177686244249335 7.4865249246358863 10.038635089993475 6.1527141332626334
leaf_count=376 50 37 57 832 1728 1340 330 264 39 1426 17 24 42 26
internal_value=0.019546 0.00348989 0.0331629 0.0347171 0.0384272 0.0164883 0.02047 -0.00745497 -0.0064077 -0.00583976 0.0178418 0.0145549 -0.0394907 -0.0362733
internal_weight=1935.46 888.18 1047.28 1007.7 799.504 406.002 208.194 482.177 39.5809 459.034 396.987 23.2569 23.144 16.3239
internal_count=6588 3176 3412 3266 2560 1394 706 1782 146 1690 1357 81 92 65
is_linear=0
shrinkage=0.05


Tree=4
num_leaves=14
num_cat=0
split_feature=12 0 3 1 10 7 4 2 10 7 1 3 1
split_gain=151.448 45.5128 23.1746 20.4699 15.9566 11.8747 10.9345 10.3294 9.70265 9.67249 8.96195 7.17271 2.72073
threshold=0.99772304582995852 1.6045000000000003 100.16060000000017 -37.819999999999993 -0.010103561531221715 1.6523000000000152 -7.5355666666667309 4.5000000000000009 -0.010098460010593556 1.1722666666666821 2.0095000000000005 -3.7475999999999003 -3.0534999999999997
decision_type=2 2 2 2 2 2 2 2 2 2 2 2 2
left_child=2 8 3 6 -5 -3 -1 12 11 -10 -7 -2 -4
right_child=1 5 7 4 -6 10 -8 -9 9 -11 -12 -13 -14
leaf_value=0.028901751242540935 -0.026409394420184945 -0.041501810210558446 -0.024781793545376261 0.045753160709325537 0.0309882311687063 0.056926648399862251 0.0060817326143858663 -0.077708493008933899 -0.040715112982623113 -0.0071165465211252112 0.015486769002723897 0.037113060938050224 0.020869840717492445
leaf_weight=115.09984681010246 5.7272172123193767 8.9008565098047239 5.6720237582921991 275.14346987009048 546.31769125163555 13.504722654819487 96.508513033390045 5.9518098235130301 22.535231038928032 433.17616800963879 384.80355007946491 19.833188340067863 7.686705857515336
leaf_count=376 22 37 22 848 1772 41 341 26 91 1602 1316 67 27
internal_value=0.0185136 0.00331275 0.031347 0.0323615 0.0359337 0.0156154 0.0184942 -0.0229227 -0.00709667 -0.00877802 0.0168918 0.0228798 0.00148647
internal_weight=1940.86 888.481 1052.38 1033.07 821.461 407.209 211.608 19.3105 481.272 455.711 398.308 25.5604 13.3587
internal_count=6588 3176 3412 3337 2620 1394 717 75 1782 1693 1357 89 49
is_linear=0
shrinkage=0.05


Tree=5
num_leaves=14
num_cat=0
split_feature=12 0 3 9 11 4 7 8 3 9 6 6 11
split_gain=135.705 40.9969 21.2741 18.3867 18.5284 15.8219 10.7667 9.60341 9.47214 8.92323 8.82067 8.52313 6.30298
threshold=0.99772304582995852 1.6045000000000003 62.569800000000122 -69.952999999999989 -0.0020120724142369535 -7.5355666666667309 1.6523000000000152 4.0245000000000015 1.0210000000000172 -91.687999999999988 8.9986999999999089 106.47229999999998 0.0020136930927661116
decision_type=2 2 2 2 2 2 2 2 2 2 2 2 2
left_child=2 7 3 5 -5 -1 -3 8 -2 -8 -9 -4 -13
right_child=1 6 11 4 -6 -7 9 10 -10 -11 -12 12 -14
leaf_value=0.030685404619897213 -0.016153864811035337 -0.039957913044882935 0.032225383495235946 0.041211958955511198 0.026522566085075534 -0.00093725596465061168 -0.028363208227262005 0.035232364496795114 -0.00073218751716018417 0.017257506801058028 -0.0021753988286127733 -0.065463619641111082 -0.0082934526428059593
leaf_weight=81.835861042141914 238.06252971291542 8.7855020314455015 10.502041459083555 433.67376510798931 425.08978460729122 76.559769541025162 11.022739395499228 23.541512280702591 171.15392296016216 388.45781975984573 47.666301771998405 6.1101088523864773 22.852924481034279
leaf_count=264 902 37 34 1354 1379 269 41 80 625 1316 175 26 86
internal_value=0.0175448 0.00314497 0.0296561 0.0310536 0.0339407 0.0154007 0.0147946 -0.0067549 -0.00970378 0.0159987 0.0101917 -0.00636226 -0.0203542
internal_weight=1945.31 888.69 1056.62 1017.16 858.764 158.396 408.266 480.424 409.216 399.481 71.2078 39.4651 28.963
internal_count=6588 3176 3412 3266 2733 533 1394 1782 1527 1357 255 146 112
is_linear=0
shrinkage=0.05


Tree=6
num_leaves=15
num_cat=0
split_feature=12 0 3 9 11 4 7 10 7 4 6 3 5 2
split_gain=121.733 36.9357 19.0552 16.4457 16.5548 14.1912 9.76542 8.74127 8.67932 8.41724 7.89605 6.35804 5.81591 2.99305
threshold=0.99772304582995852 1.6045000000000003 62.569800000000122 -69.952999999999989 -0.0020120724142369535 -7.5355666666667309 1.6523000000000152 -0.010098460010593556 1.1722666666666821 21.585699999999949 166.51580000000001 -3.7475999999999003 9.513300000000017 4.5000000000000009
decision_type=2 2 2 2 2 2 2 2 2 2 2 2 2 2
left_child=2 7 3 5 -5 -1 -3 11 -9 -8 12 -2 -4 -12
right_child=1 6 10 4 -6 -7 9 8 -10 -11 13 -13 -14 -15
leaf_value=0.029030159848013361 -0.024741629555726629 -0.038481068047856642 0.038001297858380717 0.038968642371466133 0.025110835308956244 -0.0008905385521651134 0.018021918681430573 -0.038535557620553655 -0.0064666851072386344 -0.003175896454965662 -0.016642854160578282 0.035233069985334951 -0.011870128359078158 -0.061536058129662188
leaf_weight=82.167949005961418 5.6741161942482021 8.6695323735475522 11.398749247193338 435.65329451858997 426.50105075538158 76.547664254903793 346.414680570364 22.182778164744377 431.77926823496819 54.150821104645729 10.06915660202503 19.978039920330048 12.000488385558127 5.8812828212976447
leaf_count=264 22 37 37 1354 1379 269 1166 91 1602 191 39 67 44 26
internal_value=0.0166331 0.00298584 0.0280744 0.0293904 0.0321133 0.0145996 0.01402 -0.00642914 -0.00803373 0.0151563 -0.00606792 0.021967 0.0124243 -0.033196
internal_weight=1949.07 888.849 1060.22 1020.87 862.154 158.716 409.235 479.614 453.962 400.566 39.3497 25.6522 23.3992 15.9504
internal_count=6588 3176 3412 3266 2733 533 1394 1782 1693 1357 146 89 81 65
is_linear=0
shrinkage=0.05


Tree=7
num_leaves=15
num_cat=0
split_feature=12 0 3 1 10 9 9 12 8 3 6 6 10 11
split_gain=109.324 33.2844 17.0854 15.4505 12.1868 9.67369 9.27684 11.1069 8.6832 8.37325 7.84592 7.373 6.66588 5.9446
threshold=0.99772304582995852 1.6045000000000003 62.569800000000122 -37.819999999999993 -0.010103561531221715 -23.625499999999999 52.82500000000001 0.9999999999500625 4.0245000000000015 1.0210000000000172 8.9986999999999089 106.47229999999998 0.010147648308633796 0.0080877522343758574
decision_type=2 2 2 2 2 2 2 2 2 2 2 2 2 2
left_child=2 8 3 5 -5 -1 7 -3 9 -2 -10 -4 -8 -13
right_child=1 6 11 4 -6 -7 12 -9 10 -11 -12 13 -14 -15
leaf_value=0.01921748632603798 -0.015027470378992948 0.050597937244457318 0.02992370761544912 0.039576118426306317 0.026612697960948856 -0.017572562535427352 0.035198532205237616 0.0064855437502515283 0.03348285638986357 -0.00050395166036469369 -0.0017292627109781239 -0.03731718648755103 0.0099735780933109166 0.009281529180325267
leaf_weight=191.31791740655899 236.57366836071014 15.024819061160086 10.560018762946127 272.95115727186203 539.90789771080017 19.708449453115463 68.966645389795303 283.88319393992424 23.703706368803978 170.95529495179653 47.563245221972466 17.363740459084514 42.225016117095947 11.296804904937742
leaf_count=636 902 46 34 832 1728 70 223 981 80 625 175 71 144 41
internal_value=0.0157757 0.00283518 0.0265956 0.0278362 0.0309657 0.0157815 0.0132895 0.00870288 -0.00611918 -0.00893496 0.00998245 -0.00579082 0.0256194 -0.0189499
internal_weight=1952 888.896 1063.11 1023.89 812.859 211.026 410.1 298.908 478.796 407.529 71.267 39.2206 111.192 28.6605
internal_count=6588 3176 3412 3266 2560 706 1394 1027 1782 1527 255 146 367 112
is_linear=0
shrinkage=0.05


Tree=8
num_leaves=15
num_cat=0
split_feature=12 0 3 1 5 5 5 10 4 9 2 9 12 1
split_gain=98.2839 30.0147 15.3735 15.0706 12.0796 13.6307 13.2217 12.0214 9.99588 12.9104 9.49407 8.73409 8.69055 2.42007
threshold=0.99772304582995852 1.2245000000000001 100.16060000000017 -37.819999999999993 17.938533333333357 22.879300000000018 7.7304333333333446 -0.010103561531221715 23.418399999999938 -99.68249999999999 4.5000000000000009 -23.625499999999999 0.99999999996611322 -3.0534999999999997
decision_type=2 2 2 2 2 2 2 2 2 2 2 2 2 2
left_child=2 4 3 11 6 -6 -2 -5 9 -3 13 -1 -10 -4
right_child=1 8 10 7 5 -7 -8 -9 12 -11 -12 -13 -14 -15
leaf_value=0.017416290543195014 -0.0054887678318222746 -0.058318987056165443 -0.021469460257011502 0.037533602583243925 0.078296729636148032 0.0022319467836341817 -0.032137546423614487 0.024798577875013682 -0.055382333091052074 0.015244537511301191 -0.073813857773141575 -0.017375861539877187 -7.6094476532169593e-05 0.021919529225178772
leaf_weight=194.24785314500332 346.06653928756714 6.0537351220846167 5.5473391413688669 278.45356000959873 8.3668252080678958 19.893110573291779 53.778090238571167 553.97446139156818 8.5127290040254575 403.37260629236698 5.6467105895280829 19.884839177131653 42.890123531222343 7.6394856870174417
leaf_count=646 1289 24 22 848 26 73 211 1772 34 1369 26 71 150 27
internal_value=0.0149675 0.0026922 0.0252097 0.0260154 -0.0068401 0.0247522 -0.00907296 0.0290585 0.0115476 0.0141568 -0.0195635 0.0141854 -0.00923526 0.00366696
internal_weight=1954.33 888.934 1065.39 1046.56 428.105 28.2599 399.845 832.428 460.829 409.426 18.8335 214.133 51.4029 13.1868
internal_count=6588 3176 3412 3337 1599 99 1500 2620 1577 1393 75 717 184 49
is_linear=0
shrinkage=0.05


Tree=9
num_leaves=14
num_cat=0
split_feature=12 8 3 9 4 3 5 5 5 11 9 12 0
split_gain=88.4412 27.815 14.326 13.6487 14.9779 13.6253 9.58762 11.6847 10.7444 9.10563 10.4166 7.45412 5.78265
threshold=0.99772304582995852 3.2025000000000001 56.141600000000132 -69.952999999999989 -0.40686666666670718 -18.493799999999908 17.938533333333357 8.3795833333333452 45.441900000000025 0.012096063257118763 -91.687999999999988 0.95314640139675999 13.039
decision_type=2 2 2 2 2 2 2 2 2 2 2 2 2
left_child=2 6 3 5 -5 -1 7 -2 -8 10 -3 12 -4
right_child=1 9 11 4 -6 -7 8 -9 -10 -11 -12 -13 -14
leaf_value=0.023162882660751644 -0.0042161090041831356 -0.041125925307373266 0.011914172555259646 0.021357414914249098 0.034545836743040542 -0.0068823259504752115 0.03030280420325095 -0.027629177184139309 -0.042308488584733052 0.057687175291013429 0.012445276769536684 0.044967078686422968 -0.028612290418148379
leaf_weight=98.734189555048943 393.22192469239235 9.2985250651836378 14.399030283093451 455.78375825285912 407.98334130644798 61.076546058058739 31.989007592201233 61.643109455704689 6.0597317218780509 10.807075530290602 375.98226292431355 6.5596757233142844 22.64525094628334
leaf_count=320 1452 36 50 1455 1263 213 109 239 24 33 1283 21 90
internal_value=0.0142041 0.00255589 0.0239075 0.0251032 0.0275867 0.0116802 -0.00537221 -0.00738904 0.0187386 0.012422 0.0111524 -0.00416041 -0.0128597
internal_weight=1956.18 889.002 1067.18 1023.58 863.767 159.811 492.914 454.865 38.0487 396.088 385.281 43.604 37.0443
internal_count=6588 3176 3412 3251 2718 533 1824 1691 133 1352 1319 161 140
is_linear=0
shrinkage=0.05


Tree=10
num_leaves=15
num_cat=0
split_feature=12 0 3 9 11 3 7 0 6 5 4 6 4 2
split_gain=79.6265 25.4928 12.8814 12.1537 14.2911 12.259 8.71008 8.30942 8.54491 7.75528 7.66078 6.06301 5.69991 2.55496
threshold=0.99772304582995852 1.6045000000000003 62.569800000000122 -69.952999999999989 -0.0020059172191222436 -18.493799999999908 1.6523000000000152 0.20150000000000004 43.005599999999852 45.441900000000025 10.265533333333275 166.51580000000001 44.005399999999959 4.5000000000000009
decision_type=2 2 2 2 2 2 2 2 2 2 2 2 2 2
left_child=2 7 3 5 -5 -1 -3 8 -2 -8 -9 12 -4 -13
right_child=1 6 11 4 -6 -7 9 10 -10 -11 -12 13 -14 -15
leaf_value=0.021949323470232981 0.015330568830560529 -0.038135905137003948 -0.0065849469042814955 0.03216961071399127 0.019334489007979669 -0.0065442172055582047 0.013445223875239576 -0.0055984545258334949 -0.03944851432699651 -0.044161370120738258 -0.025845260051614694 -0.014681587012291736 0.046065041002367885 -0.057071513101484131
leaf_weight=98.976936295628548 68.627192661166191 8.6408611387014371 15.872673586010935 456.86651401221752 412.85498782992363 61.021906465291977 397.55784741044044 346.40307165682316 7.942938655614852 5.929561808705329 54.00314661860466 9.9326735585927945 7.6028493344783774 5.5358088463544837
leaf_count=320 239 37 57 1410 1323 213 1334 1300 32 23 211 39 24 26
internal_value=0.0134818 0.00242669 0.0226794 0.0237469 0.0260768 0.0110822 0.0115349 -0.00544323 0.00964811 0.0125987 -0.00832916 -0.00554795 0.0104664 -0.029852
internal_weight=1957.77 889.105 1068.66 1029.72 869.722 159.999 412.128 476.976 76.5701 403.487 400.406 38.944 23.4755 15.4685
internal_count=6588 3176 3412 3266 2733 533 1394 1782 271 1357 1511 146 81 65
is_linear=0
shrinkage=0.05


Tree=11
num_leaves=15
num_cat=0
split_feature=12 8 1 6 10 8 0 4 5 4 11 2 8 4
split_gain=71.7375 23.3313 12.4427 17.4978 12.5749 9.56411 11.2697 8.97425 19.4829 8.70578 9.67153 8.69054 5.54639 2.98917
threshold=0.99772304582995852 3.2025000000000001 -37.819999999999993 328.27360000000016 -0.010103561531221715 2.5840000000000019 1.6045000000000003 -7.5355666666667309 -4.4412833333333186 38.866366666666657 0.012096063257118763 1.5000000000000002 40.188000000000009 -0.12043333333338334
decision_type=2 2 2 2 2 2 2 2 2 2 2 2 2 2
left_child=2 5 7 4 -4 6 -2 8 -1 10 -3 -9 -11 -7
right_child=1 9 3 -5 -6 13 -8 11 -10 12 -12 -13 -14 -15
leaf_value=0.0079910793960766679 -0.0072360159347822847 0.011608736958372175 0.033604557876937155 -0.053795642518294585 0.020628823810180223 -0.018175925356070061 0.013257397163213565 -0.027415124025414489 0.054030511423285688 0.0027643143590944633 0.063615214327804287 0.0078111021240989025 -0.05526327230891364 -0.064579562657362546
leaf_weight=85.88425786793232 396.64999094605446 371.54335434734821 278.90452590584755 7.1199322640895835 564.88382771611214 5.9401812851428994 80.740337178111076 22.497211992740631 31.373473942279816 8.8694735169410723 9.1600461304187757 78.961179614067078 7.6868290603160849 8.3471226394176448
leaf_count=283 1495 1264 848 29 1804 22 273 83 93 31 27 272 30 34
internal_value=0.0128015 0.00230478 0.0215251 0.0242592 0.0249178 -0.00497639 -0.00376999 0.0108883 0.0203094 0.0113165 0.0128601 9.83733e-08 -0.024177 -0.0452865
internal_weight=1958.56 888.937 1069.62 850.908 843.788 491.678 477.39 218.716 117.258 397.26 380.703 101.458 16.5563 14.2873
internal_count=6588 3176 3412 2681 2652 1824 1768 731 376 1352 1291 355 61 56
is_linear=0
shrinkage=0.05


Tree=12
num_leaves=15
num_cat=0
split_feature=12 0 4 3 1 10 3 9 5 2 11 0 5 10
split_gain=64.8183 22.1934 15.3108 13.607 10.9777 10.9375 9.57152 9.24737 9.14993 8.43608 8.42766 7.58881 6.43206 2.05267
threshold=0.99999999928556849 1.2245000000000001 31.116666666666639 100.16060000000017 -37.819999999999993 -0.010102540814782566 28.100500000000142 52.82500000000001 41.403233333333354 4.5000000000000009 0.0061129880941634971 0.25350000000000006 6.2923166666666788 -0.010029587307702757
decision_type=2 2 2 2 2 2 2 2 2 2 2 2 2 2
left_child=3 2 6 4 10 -6 -2 8 -3 13 -1 -4 -9 -5
right_child=1 7 11 9 5 -7 -8 12 -10 -11 -12 -13 -14 -15
leaf_value=0.012706614083368879 -0.0070327218936563733 0.006515470603980892 0.068094540649972307 0.024677531269993322 0.031543478858903087 0.019555981784360327 -0.049987429897031137 0.031484105531091829 -0.0559756430946661 -0.071680402486787309 -0.043388555600982835 -0.0058395332821197026 0.0067786178692629444 -0.015123986770116074
leaf_weight=208.64679139852524 377.2425142377615 341.70815551280975 10.005199417471884 5.2830131649971017 284.51833413541317 574.51753237843513 13.430495053529738 68.619193553924561 5.9597828686237326 5.8052387088537207 6.9176991879940024 5.3142446130514136 42.763839393854141 8.3740710318088531
leaf_count=691 1422 1176 32 19 866 1833 55 219 24 28 26 20 145 32
internal_value=0.0121574 0.00192932 -0.00658665 0.0202444 0.0209948 0.0235263 -0.00850941 0.009461 0.00544424 -0.0211896 0.0109065 0.0424472 0.0219988 0.000272561
internal_weight=1959.11 865.043 405.992 1094.06 1074.6 859.036 390.673 459.051 347.668 19.4623 215.564 15.3194 111.383 13.6571
internal_count=6588 3093 1529 3495 3416 2699 1477 1564 1200 79 717 52 364 51
is_linear=0
shrinkage=0.05


Tree=13
num_leaves=15
num_cat=0
split_feature=12 0 4 3 3 5 4 3 9 5 10 10 0 5
split_gain=58.4598 20.025 13.7233 12.4884 10.5232 16.4857 10.6735 8.80343 8.30987 8.34845 6.91134 7.29894 6.68005 5.76506
threshold=0.99999999928556849 1.2245000000000001 31.116666666666639 56.141600000000132 -0.061599999999988615 -35.395199999999974 54.66346666666665 28.100500000000142 52.82500000000001 41.403233333333354 0.030336738099689956 -0.010087254779272968 0.25350000000000006 6.2923166666666788
decision_type=2 2 2 2 2 2 2 2 2 2 2 2 2 2
left_child=3 2 7 4 6 -6 -1 -2 9 -3 11 -5 -4 -10
right_child=1 8 12 10 5 -7 -8 -9 13 -11 -12 -13 -14 -15
leaf_value=0.015726722734971815 -0.0066936126254730889 0.0061833737377749599 0.063657335380340033 0.015179067426128279 -0.033566335714858404 0.028536347630996918 0.072275147282427996 -0.048165836488423659 0.029800874376688061 -0.053889642314753211 0.042441985322485935 -0.030580264273641484 -0.0055562556616481672 0.006433785715890844
leaf_weight=648.57099942862988 376.55457434058189 342.04869651794434 10.163165315985678 13.386647701263426 10.993896141648291 381.88531525433064 8.4533355236053449 13.246229603886603 68.863636240363121 5.8829173892736426 6.1612097769975653 24.968449205160141 5.3061379194259635 42.802049577236176
leaf_count=2079 1422 1176 32 48 39 1187 24 55 219 24 21 97 20 145
internal_value=0.0115476 0.00183209 -0.00627001 0.0192253 0.0203252 0.0267985 0.0164543 -0.00810292 0.00897647 0.00516764 -0.00671329 -0.0146094 0.0399163 0.0208441
internal_weight=1959.29 864.867 405.27 1094.42 1049.9 392.879 657.024 389.801 459.597 347.932 44.5163 38.3551 15.4693 111.666
internal_count=6588 3093 1529 3495 3329 1226 2103 1477 1564 1200 166 145 52 364
is_linear=0
shrinkage=0.05


Tree=14
num_leaves=15
num_cat=0
split_feature=12 0 3 5 10 5 5 5 9 2 12 4 8 4
split_gain=53.0094 23.2069 11.2421 11.1182 18.7726 16.6639 9.41548 22.9601 12.8447 8.05898 7.49384 8.78227 8.59769 1.96525
threshold=0.99999999950371909 1.2245000000000001 100.16060000000017 -4.3087833333333085 -0.010103561531221715 -5.2828166666666521 17.01410000000002 7.7304333333333446 0.20450000000000004 4.5000000000000009 0.99999999999806255 4.530666666666634 50.706500000000005 50.674066666666612
decision_type=2 2 2 2 2 2 2 2 2 2 2 2 2 2
left_child=2 6 3 5 -5 -1 7 -2 -8 13 11 -3 -12 -4
right_child=1 10 9 4 -6 -7 8 -9 -10 -11 12 -13 -14 -15
leaf_value=0.014884973838161753 -0.0056570106574271887 0.011102386189407275 -0.022108274628508222 0.033153620010328781 0.016285266862362195 -0.022382305174633074 0.054019240790439287 -0.0452931450595499 -0.022319022116331397 -0.07027546546691843 0.067637463011788301 -0.0050595521124262707 0.016127571131635165 0.016544437538430847
leaf_weight=377.10858152806759 283.15093460679054 230.97162725031376 5.5503743886947658 254.72660928964615 467.91814364492893 32.587971240282059 13.350978672504427 41.949882343411446 9.3830005377531034 5.6412498801946631 8.9220685511827451 132.14336159825325 88.032611533999443 8.0696363449096662
leaf_count=1214 1073 785 22 778 1511 114 44 175 36 28 26 464 289 29
internal_value=0.0109683 0.0011498 0.0178564 0.0185007 0.0222312 0.0119207 -0.00859615 -0.0107715 0.0225121 -0.0200217 0.00851821 0.0052208 0.0208677 0.000792833
internal_weight=1959.51 807.904 1151.6 1132.34 722.645 409.697 347.835 325.101 22.734 19.2613 460.07 363.115 96.9547 13.62
internal_count=6588 2892 3696 3617 2289 1328 1328 1248 80 79 1564 1249 315 51
is_linear=0
shrinkage=0.05


Tree=15
num_leaves=15
num_cat=0
split_feature=12 8 1 6 10 8 0 4 5 9 9 5 2 5
split_gain=47.9796 17.1779 10.069 14.843 9.35412 9.00048 8.6058 8.31662 17.0314 7.84293 10.5141 9.91791 7.81076 2.85037
threshold=0.99772304582995852 3.2025000000000001 -37.819999999999993 328.27360000000016 -0.010103561531221715 2.5840000000000019 1.6045000000000003 -7.5355666666667309 -4.4412833333333186 -62.856999999999992 -1.2984999999999998 8.186766666666669 1.5000000000000002 -1.7714833333333224
decision_type=2 2 2 2 2 2 2 2 2 2 2 2 2 2
left_child=2 5 7 4 -4 6 -2 8 -1 11 -11 -3 -9 -7
right_child=1 9 3 -5 -6 13 -8 12 -10 10 -12 -13 -14 -15
leaf_value=0.0055569953518251267 -0.0063261894330277338 -0.065150988012552438 0.028123987986706501 -0.052644501916097292 0.016923364803942281 -0.017263097084497501 0.011559349843087553 -0.028401327918542458 0.048503693156770576 0.039334022908176003 0.0084988406255245355 0.01702398045050546 0.0049294775915251984 -0.062762996880400365
leaf_weight=86.142106309533119 394.35845452547073 7.7606780230998975 277.88298995792866 6.9720206260681143 566.24688272178173 5.9142696410417548 81.083701461553574 22.56181825697422 31.536498844623566 29.98633873462677 354.09050121903419 6.9691247642040253 79.552974611520767 8.2345452159643155
leaf_count=283 1495 31 848 29 1804 22 273 83 93 97 1200 24 272 34
internal_value=0.0104201 0.00182962 0.0175467 0.0200105 0.0206105 -0.00444541 -0.00327592 0.00800614 0.0170662 0.00953311 0.0109063 -0.0262715 -0.00243482 -0.0437438
internal_weight=1959.29 888.398 1070.9 851.102 844.13 489.591 475.442 219.793 117.679 398.807 384.077 14.7298 102.115 14.1488
internal_count=6588 3176 3412 2681 2652 1824 1768 731 376 1352 1297 55 355 56
is_linear=0
shrinkage=0.05


Tree=16
num_leaves=15
num_cat=0
split_feature=12 12 3 5 10 5 7 9 5 11 9 10 10 7
split_gain=43.7715 19.6336 10.3103 10.815 16.9961 15.0855 9.08612 12.4324 8.51843 7.2437 8.3462 6.5745 6.68965 2.19308
threshold=0.99999999950371909 0.99999999991423627 56.141600000000132 -4.3087833333333085 -1.0000000180025095e-35 -5.2828166666666521 47.048933333333316 0.20450000000000004 5.8647666666666742 0.012096063257118763 -99.68249999999999 0.030336738099689956 -0.010087254779272968 61.642833333333314
decision_type=2 2 2 2 2 2 2 2 2 2 2 2 2 2
left_child=2 6 3 5 -5 -1 8 -8 -2 10 -3 12 -4 -11
right_child=1 9 11 4 -6 -7 7 -9 -10 13 -12 -13 -14 -15
leaf_value=0.013459133430202339 -0.006468392776423664 -0.040071347091670262 0.013400755853186723 0.028625960362488219 0.013058665190106815 -0.022035756659606328 0.044013203431265482 -0.019726679776970818 -0.026694657787184148 0.023941739822932795 0.0074982446159822099 0.040558552270717391 -0.030368127041149419 0.064837484609840998
leaf_weight=372.88434427976608 238.61627905070782 9.4145176112651807 13.407767206430433 351.84144964814186 349.49780784547329 32.546958789229393 18.287654325366024 13.152104586362837 66.580737769603729 6.6148902773857099 448.19236850738525 6.1560689806938163 25.022244513034821 6.4990394562482834
leaf_count=1200 909 37 48 1083 1132 114 62 51 269 21 1524 21 98 19
internal_value=0.00990167 0.000975768 0.0161607 0.0171104 0.0208683 0.0106097 -0.00824438 0.0173491 -0.0108809 0.00756958 0.00651958 -0.00741315 -0.0150977 0.044209
internal_weight=1958.71 807.358 1151.36 1106.77 701.339 405.431 336.637 31.4398 305.197 470.721 457.607 44.5861 38.43 13.1139
internal_count=6588 2892 3696 3529 2215 1314 1291 113 1178 1601 1561 167 146 40
is_linear=0
shrinkage=0.05


Tree=17
num_leaves=15
num_cat=0
split_feature=12 12 9 11 4 4 5 7 5 5 7 4 12 4
split_gain=39.5035 17.7351 10.0804 13.3081 17.8082 12.7933 12.5982 10.8298 9.15866 18.6253 11.5776 7.95726 6.74601 8.02777
threshold=0.99999999950371909 0.99999999991423627 -69.952999999999989 -0.0020130839087439951 -0.64776666666670224 -7.5355666666667309 -4.4412833333333186 6.0307666666666746 17.01410000000002 7.7304333333333446 11.57440000000001 -5.0819666666667045 0.99999999999806255 4.530666666666634
decision_type=2 2 2 2 2 2 2 2 2 2 2 2 2 2
left_child=2 8 5 4 -4 6 -1 -5 9 -2 -10 -7 13 -3
right_child=1 12 3 7 -6 11 -8 -9 10 -11 -12 -13 -14 -15
leaf_value=0.0073215700444544639 -0.0053679931657075949 0.0096283124981361295 0.014833163796005206 -0.0061787117086726847 0.034764521577710532 -0.05764618771838418 0.053010185034886519 0.01473758100151382 0.076623474342180753 -0.041867142654593278 -0.0015910335186895834 -0.0045647631056887896 0.018912946380835845 -0.0056358036337919824
leaf_weight=64.075887233018875 274.06054773926735 239.22969338297844 255.8497948795557 71.664512857794762 199.42184314131737 7.7516129910945883 19.735097587108612 453.54368357360363 6.9763281941413906 40.061857208609581 14.702602311968802 79.156908720731735 97.286752074956894 134.60258692502975
leaf_count=209 1044 813 812 241 604 30 57 1468 22 171 54 275 315 473
internal_value=0.00940893 0.000926351 0.0153547 0.017307 0.0235637 0.00414196 0.0180799 0.0118836 -0.00785367 -0.0100229 0.0235786 -0.00929924 0.00718452 0.00413229
internal_weight=1958.12 806.92 1151.2 980.48 455.272 170.72 83.811 525.208 335.801 314.122 21.6789 86.9085 471.119 373.832
internal_count=6588 2892 3696 3125 1416 571 266 1709 1291 1215 76 305 1601 1286
is_linear=0
shrinkage=0.05


Tree=18
num_leaves=15
num_cat=0
split_feature=12 8 1 6 11 11 4 9 8 4 13 4 11 8
split_gain=35.6805 13.6443 8.78523 13.2637 8.43905 13.218 11.5819 8.35873 10.3398 9.22066 7.78421 7.56573 7.68502 5.18749
threshold=0.99772304582995852 3.2025000000000001 -37.819999999999993 328.27360000000016 0.0020264450930673754 0.0020205079980950562 0.62196666666662959 -23.625499999999999 -50.945999999999991 -4.0481666666666962 401.84850000000046 38.866366666666657 0.012096063257118763 40.188000000000009
decision_type=2 2 2 2 2 2 2 2 2 2 2 2 2 2
left_child=2 4 7 10 5 -2 -6 9 -9 -1 -4 12 -3 -13
right_child=1 11 3 -5 6 -7 -8 8 -10 -11 -12 13 -14 -15
leaf_value=0.017762835939472203 -0.0050948483927867804 0.0086955645376569756 0.019883977067609075 -0.051534584867896173 0.02220803932270712 -0.037252238327646174 -0.0057392226010461499 0.0021492050171417771 -0.072297462101502105 -0.004339185180728046 0.0059334647670076452 0.001252497618025014 0.054817886826706033 -0.054910048316911632
leaf_weight=123.22357603907585 298.49166230857372 373.92665749788284 726.68271325528622 6.9215139150619498 62.453873336315155 35.786502733826637 91.216059446334839 13.107719823718073 7.240292325615882 76.474865555763245 115.94899410009384 8.8871158361434954 9.2551008313894254 7.6513471603393546
leaf_count=393 1122 1264 2271 29 219 145 338 44 28 266 381 31 27 30
internal_value=0.00894191 0.00153145 0.0150919 0.0173981 -0.00407918 -0.00853749 0.00561898 0.00618814 -0.0243406 0.00929883 0.0179643 0.00838047 0.00980957 -0.0247305
internal_weight=1957.27 887.668 1069.6 849.553 487.948 334.278 153.67 220.046 20.348 199.698 842.632 399.72 383.182 16.5385
internal_count=6588 3176 3412 2681 1824 1267 557 731 72 659 2652 1352 1291 61
is_linear=0
shrinkage=0.05


Tree=19
num_leaves=15
num_cat=0
split_feature=12 12 5 7 1 9 11 4 3 7 4 11 5 11
split_gain=32.5568 15.4526 11.2367 13.376 12.9156 8.91548 11.969 16.2189 11.5835 9.86287 8.44066 9.30765 7.07557 6.63011
threshold=0.99999999950371909 0.99999999983999355 6.1760333333333417 1.5544666666666933 1.5005000000000004 -69.952999999999989 -0.0020130839087439951 -0.64776666666670224 -18.493799999999908 6.0307666666666746 16.529233333333291 2.0401959455185195e-07 -48.623983333333321 -0.0020228582366710319
decision_type=2 2 2 2 2 2 2 2 2 2 2 2 2 2
left_child=5 10 3 -3 -4 8 7 -7 12 -8 11 -2 -1 -10
right_child=1 2 4 -5 -6 6 9 -9 13 -11 -12 -13 -14 -15
leaf_value=-0.036426990740878393 -0.0013559077960397594 -0.032962470495524025 -0.02821208911259377 0.011336042234890159 0.0022370759251115584 0.013344722712674213 -0.0066470654061132894 0.032387934913221221 -0.034934676294285934 0.013318008526659712 0.023988487222221952 -0.023670312892149343 0.017729352028265265 -0.0018339487894003265
leaf_weight=6.4450996816158286 82.803610593080521 17.805966526269913 46.408579409122467 396.49480597674847 139.54033601284027 255.49541687965393 71.626263633370399 198.81513740122318 22.045147359371185 453.62061612308025 15.886619284749029 107.27220106124878 93.912435069680214 48.214859336614609
leaf_count=23 316 73 189 1352 477 812 241 604 81 1468 57 428 300 167
internal_value=0.00849827 0.000794193 0.00484904 0.00943216 -0.00536234 0.0138984 0.0157356 0.0216784 0.00335058 0.0105954 -0.0110231 -0.0139494 0.0142514 -0.0122198
internal_weight=1956.39 806.212 600.25 414.301 185.949 1150.17 979.557 454.311 170.618 525.247 205.962 190.076 100.358 70.26
internal_count=6588 2892 2091 1425 666 3696 3125 1416 571 1709 801 744 323 248
is_linear=0
shrinkage=0.05


Tree=20
num_leaves=15
num_cat=0
split_feature=12 12 5 0 5 3 5 3 12 7 5 7 10 10
split_gain=29.3994 13.9775 10.1318 12.7411 12.2686 8.8398 9.76328 16.3092 11.3305 8.07796 12.9145 6.55391 5.86594 6.12722
threshold=0.99999999950371909 0.99999999983999355 6.1760333333333417 0.7895000000000002 18.556816666666681 56.141600000000132 0.31983333333334307 -43.70249999999988 -0.99999999989685262 10.204100000000016 16.662833333333349 11.135633333333333 0.030336738099689956 -0.010087254779272968
decision_type=2 2 2 2 2 2 2 2 2 2 2 2 2 2
left_child=5 9 3 -3 -4 6 8 -8 -1 10 -2 -11 13 -7
right_child=1 2 4 -5 -6 12 7 -9 -10 11 -12 -13 -14 -15
leaf_value=0.019706108645820654 -0.025403337144619554 0.057283986917318654 -0.013831521567804456 0.0073607609707086116 0.013834296327900036 0.011319168630889912 0.069512901505861799 0.017859920118856502 0.0055056701999389897 0.049009259817729522 0.055937595597281987 -0.0041761115550612233 0.036495602566715843 -0.030529698730705948
leaf_weight=207.64089614152908 91.224292799830437 13.200461000204085 127.05275823175907 401.56947974860668 58.534621372818947 13.45633454620838 15.822708502411841 447.26881782710552 434.23617605865002 6.1383661329746237 5.155543088912963 102.76368571817875 6.2086329311132422 24.989709481596947
leaf_count=652 369 44 466 1381 200 48 44 1415 1418 21 17 394 21 98
internal_value=0.00807756 0.000753632 0.00460473 0.00894962 -0.00510567 0.0132101 0.0140915 0.0196248 0.0100994 -0.0105091 -0.0210523 -0.00117827 -0.00859991 -0.0158824
internal_weight=1955.26 805.639 600.357 414.77 185.587 1149.62 1104.97 463.092 641.877 205.282 96.3798 108.902 44.6547 38.446
internal_count=6588 2892 2091 1425 666 3696 3529 1459 2070 801 386 415 167 146
is_linear=0
shrinkage=0.05


Tree=21
num_leaves=15
num_cat=0
split_feature=12 0 7 5 1 6 9 8 4 13 5 10 4 3
split_gain=26.5767 11.7274 9.58959 8.15748 7.80994 11.8626 7.5809 9.36192 8.31042 7.2396 6.51922 6.11633 9.69191 7.85213
threshold=0.99772304582995852 18.221500000000002 1.1722666666666821 -31.178266666666662 -37.819999999999993 328.27360000000016 -23.625499999999999 -50.945999999999991 -4.0481666666666962 401.84850000000046 1.0000000180025095e-35 0.010056821064297063 1.8544999999999499 12.724600000000118
decision_type=2 2 2 2 2 2 2 2 2 2 2 2 2 2
left_child=4 2 10 -4 6 9 8 -8 -1 -6 -2 13 -13 -3
right_child=1 11 3 -5 5 -7 7 -9 -10 -11 -12 12 -14 -15
leaf_value=0.015597473978765156 -0.0068298054627342264 0.0090142125670164639 -0.037243388612024267 0.00026635655494143605 0.017559435112539528 -0.050284669347544768 0.0006662497649198995 -0.070233775228180695 -0.0053738958103203066 0.0040916081345162645 -0.055809205709361702 0.024033947938017303 -0.0080400428630996168 0.03861873782336591
leaf_weight=123.27662889659405 13.844755142927172 53.005262136459351 14.824384540319441 651.67620742321014 724.77904941141605 6.8658957481384268 13.129313200712206 7.2144031375646582 76.58917398750782 115.71472609043121 13.339562848210333 37.172139033675194 64.284495279192924 38.788857862353325
leaf_count=393 56 176 57 2368 2271 29 44 28 266 381 60 118 221 120
internal_value=0.00767609 0.00127942 -0.00175521 -0.00056794 0.0129904 0.0151706 0.00460141 -0.0244767 0.00756118 0.0157053 -0.0308644 0.0121724 0.00371137 0.021524
internal_weight=1954.5 886.936 693.685 666.501 1067.57 847.36 220.21 20.3437 199.866 840.494 27.1843 193.251 101.457 91.7941
internal_count=6588 3176 2541 2425 3412 2681 731 72 659 2652 116 635 339 296
is_linear=0
shrinkage=0.05


Tree=22
num_leaves=15
num_cat=0
split_feature=12 0 3 11 8 9 11 4 3 6 3 5 9 4
split_gain=24.2449 12.4643 8.47236 14.059 8.86018 8.09491 10.5739 14.5365 10.0904 9.38419 6.39937 6.3435 6.1826 6.6891
threshold=0.99999999950371909 1.2245000000000001 1.0210000000000172 -0.0020347949733379163 0.20200000000000007 -69.952999999999989 -0.0020130839087439951 -0.64776666666670224 -18.493799999999908 13.031900000000023 -0.47289999999990823 -48.623983333333321 -99.68249999999999 23.418399999999938
decision_type=2 2 2 2 2 2 2 2 2 2 2 2 2 2
left_child=5 2 4 -4 -2 8 7 -7 11 -8 -10 -1 -3 -14
right_child=1 12 3 -5 -6 6 9 -9 10 -11 -12 -13 13 -15
leaf_value=-0.035914516698118459 -0.022197080569388603 -0.03337884022701413 0.071357340853392418 -0.00043577833608214275 -0.0018789399052410232 0.011422473841461162 0.0010903809501737747 0.029488002940889053 -0.028131652086789263 0.014619506920554866 0.002064672981044366 0.015373103056467184 0.0089230762969642764 -0.011009921838559235
leaf_weight=6.4423675537109366 113.91400867700577 9.7548744827508909 7.2282375842332831 120.48326919972897 101.43165120482445 254.86040177941322 222.42917063832283 197.75244577229023 34.166093125939369 302.46838165819645 36.067938417196274 93.958355218172073 405.41148339211941 46.964065447449684
leaf_count=23 461 38 23 457 387 812 733 604 123 976 125 300 1359 167
internal_value=0.0072964 0.000644548 -0.00657575 0.00362758 -0.0126269 0.0119613 0.0137154 0.0193155 0.00191272 0.00888644 -0.0126247 0.0120822 0.00600445 0.0068537
internal_weight=1953.33 805.188 343.057 127.712 215.346 1148.15 977.51 452.613 170.635 524.898 70.234 100.401 462.13 452.376
internal_count=6588 2892 1328 480 848 3696 3125 1416 571 1709 248 323 1564 1526
is_linear=0
shrinkage=0.05


Tree=23
num_leaves=15
num_cat=0
split_feature=10 0 5 5 3 3 12 4 7 11 8 3 3 10
split_gain=22.4818 18.3249 13.514 18.1948 17.8054 12.6929 10.7777 9.24956 14.0942 7.60429 6.07269 10.3139 10.042 3.86249
threshold=-1.0000000180025095e-35 1.6045000000000003 -4.4412833333333186 -5.2828166666666521 -49.466699999999875 -0.54119999999984059 -0.99910440260923983 14.792933333333327 29.249866666666666 0.0040409142027508791 -24.157499999999995 51.650200000000147 2.1875000000001195 -0.010118897066119235
decision_type=2 2 2 2 2 2 2 2 2 2 2 2 2 2
left_child=2 10 3 6 -4 -6 -1 8 -3 -9 12 -12 -2 -5
right_child=1 7 4 13 5 -7 -8 9 -10 -11 11 -13 -14 -15
leaf_value=0.021473855803385476 -0.039811029870391007 0.0054945807112443991 0.079731853809725195 -0.073350359725487577 0.0088153658100097228 0.026697574969883949 -0.0021925290039983328 0.0049114500584725822 0.021202398251962837 -0.018659986998524798 -0.0045134471687430962 -0.066092338466075609 0.026687937475459292 -0.01980212339287607
leaf_weight=86.979454264044762 6.8819456100463858 428.95592202246189 12.139112383127211 8.0498782545328122 187.87896241247654 210.32069166004658 107.63807192444801 103.17895014584064 214.07719165086746 51.191783934831619 489.59052018821239 6.8956280201673499 32.429008647799492 5.7895633578300467
leaf_count=271 27 1414 33 31 608 661 357 345 676 186 1817 30 112 20
internal_value=0.00693609 0.00328038 0.0148124 0.00444541 0.0200789 0.0182604 0.00838457 0.00808549 0.010724 -0.00290521 -0.00387087 -0.00536871 0.0150463 -0.0509491
internal_weight=1952 1333.2 618.796 208.457 410.339 398.2 194.618 797.404 643.033 154.371 535.797 496.486 39.311 13.8394
internal_count=6588 4607 1981 679 1302 1269 628 2621 2090 531 1986 1847 139 51
is_linear=0
shrinkage=0.05


Tree=24
num_leaves=15
num_cat=0
split_feature=12 0 5 4 3 5 3 5 7 6 4 10 4 6
split_gain=20.5509 10.6607 8.58329 7.72023 7.61411 8.41864 13.7571 12.5127 5.46212 12.2928 9.67066 5.40496 5.28626 3.67258
threshold=0.99999999950371909 18.221500000000002 -28.50548333333332 -13.602466666666741 56.141600000000132 -4.3087833333333085 -61.928599999999861 -5.2828166666666521 30.411366666666648 33.025999999999918 33.360899999999965 0.030336738099689956 28.109666666666595 16.444599999999799
decision_type=2 2 2 2 2 2 2 2 2 2 2 2 2 2
left_child=4 2 13 -4 5 7 -7 -1 9 -3 -10 12 -6 -2
right_child=1 8 3 -5 11 6 -8 -9 10 -11 -12 -13 -14 -15
leaf_value=0.0085733660712672532 -0.0099761714979380665 0.01235316460584545 0.016140900003010172 -0.003569746010709219 -0.040254251381459244 0.073593835852135789 0.014198280579553819 -0.023770551292897277 0.029995730262696193 -0.027937620876546006 -0.015822530196854714 0.033869640452175165 -0.0019571864125404958 -0.058958823726463772
leaf_weight=372.04719160497189 6.4498005807399741 90.989605322480202 54.669280454516411 544.18060509860516 14.443178385496138 9.8892389535903913 687.35225713253021 32.515618115663528 60.799082219600677 23.904855132102966 14.207644820213316 6.2231550365686408 23.956362769007683 9.4094081073999387
leaf_count=1200 24 297 191 2016 55 27 2188 114 190 85 51 21 91 38
internal_value=0.00659243 0.000467046 -0.00273184 -0.00177035 0.0108915 0.0117115 0.0150407 0.00597381 0.0108218 0.00397029 0.0213169 -0.00935646 -0.0163618 -0.039038
internal_weight=1951.04 804.61 614.709 598.85 1146.43 1101.8 697.241 404.563 189.901 114.894 75.0067 44.6227 38.3995 15.8592
internal_count=6588 2892 2269 2207 3696 3529 2215 1314 623 382 241 167 146 62
is_linear=0
shrinkage=0.05


Tree=25
num_leaves=15
num_cat=0
split_feature=10 0 5 3 5 3 12 9 4 1 6 5 1 5
split_gain=19.4208 15.6663 11.743 15.5594 15.5548 11.7176 9.71842 9.25556 9.801 5.93836 6.31231 5.38974 3.63829 0.28357
threshold=-1.0000000180025095e-35 1.6045000000000003 -4.4412833333333186 -49.466699999999875 -5.2828166666666521 -0.54119999999984059 -0.99910440260923983 -65.953999999999994 1.439733333333288 1.4165000000000003 0.9280000000001366 24.452383333333344 -5.0519999999999987 3.6153833333333489
decision_type=2 2 2 2 2 2 2 2 2 2 2 2 2 2
left_child=2 9 4 -4 6 -5 -1 11 -9 10 -2 -3 -6 -11
right_child=1 7 3 5 12 -7 -8 8 -10 13 -12 -13 -14 -15
leaf_value=0.020017826520156351 -0.013425940113310626 -0.006624910086822141 0.074559976111677043 0.007737603431759929 -0.072913469982789275 0.024936236589132302 -0.0024682587748524726 0.014630735183627164 0.0030802058717604251 -0.050253900599861678 -0.00013190969023079866 -0.058754098984782337 -0.021623730765405021 -0.033460422195585558
leaf_weight=86.822568878531456 114.08075512945652 57.1570715457201 12.019076198339461 187.60439017415047 6.925312340259552 209.77286893129349 107.60528509318829 369.07122008502483 365.57222157716751 5.0000701844692212 410.94301047921181 5.4294603615999213 6.9051680266857129 5.0551450848579407
leaf_count=271 444 196 33 608 27 661 357 1185 1218 20 1502 22 24 20
internal_value=0.00626613 0.00286862 0.0135947 0.0185119 0.00392847 0.0168166 0.007573 0.00731051 0.00888298 -0.00374948 -0.00302053 -0.0111472 -0.047306 -0.0418112
internal_weight=1949.96 1332.31 617.655 409.396 208.258 397.377 194.428 797.23 734.643 535.079 525.024 62.5865 13.8305 10.0552
internal_count=6588 4607 1981 1302 679 1269 628 2621 2403 1986 1946 218 51 40
is_linear=0
shrinkage=0.05


Tree=26
num_leaves=14
num_cat=0
split_feature=12 0 6 9 5 4 5 5 6 2 5 7 5
split_gain=17.8471 15.64 9.3642 11.3215 7.94546 15.1708 7.64576 10.1959 9.66777 7.26574 7.25808 6.86587 8.11745
threshold=-0.99910440260923983 1.1730000000000003 40.979799999999791 69.466500000000011 -2.9441499999999881 -6.7153000000000747 17.938533333333357 22.879300000000018 38.632200000000061 2.5000000000000004 -3.1246833333333144 95.142633333333322 19.186550000000025
decision_type=2 2 2 2 2 2 2 2 2 2 2 2 2
left_child=2 6 11 9 10 -6 8 -8 -2 -4 -3 12 -1
right_child=1 4 3 -5 5 -7 7 -9 -10 -11 -12 -13 -14
leaf_value=0.01875545589843166 -0.0036385053588535799 0.0017086203488867588 -0.0026314395001650432 -0.070021653879812101 0.03313337441022049 0.0074645621277066093 0.061523129268714255 -0.00031786864322980011 -0.028673714444768239 0.032706046325881005 -0.047651028923489935 0.05786927060809869 -0.012567416726312406
leaf_weight=341.69637463986874 383.47025687992573 347.23555602133274 70.645198091864586 5.3841151893138877 63.613843873143196 605.08926177024841 9.8826746195554751 20.472680568695068 42.873858168721199 18.317917838692665 7.6108662337064734 10.500714421272276 22.016841277480125
leaf_count=1069 1446 1147 236 21 195 2012 30 74 170 56 28 30 74
internal_value=0.00595637 0.00326431 0.014461 0.000383726 0.00669738 0.00990644 -0.00442984 0.0198155 -0.00615609 0.00464471 0.000649938 0.0180101 0.0168594
internal_weight=1948.81 1480.25 468.561 94.3472 1023.55 668.703 456.699 30.3554 426.344 88.9631 354.846 374.214 363.713
internal_count=6588 5102 1486 313 3382 2207 1720 104 1616 292 1175 1173 1143
is_linear=0
shrinkage=0.05


Tree=27
num_leaves=15
num_cat=0
split_feature=10 0 4 10 5 3 5 3 10 8 5 8 0 10
split_gain=16.6471 13.14 10.6989 11.8566 10.4223 14.3171 14.1259 10.8756 9.07893 8.48786 12.9549 9.62527 7.13247 3.44846
threshold=-1.0000000180025095e-35 1.2245000000000001 14.792933333333327 0.030131070231165239 -4.4412833333333186 -49.466699999999875 -5.2828166666666521 -0.54119999999984059 -0.010063905827328854 -0.10550000000000004 -7.2950333333333131 0.20200000000000007 1.8410000000000002 -0.010118897066119235
decision_type=2 2 2 2 2 2 2 2 2 2 2 2 2 2
left_child=4 9 3 -3 6 -6 8 -7 -1 10 -2 -11 -4 -8
right_child=1 2 12 -5 5 7 13 -9 -10 11 -12 -13 -14 -15
leaf_value=0.0027186936168931528 -0.023391102277068112 0.0073755505629621021 -0.054024171634662776 0.036506670486264776 0.071192064572810812 0.0067230952592949884 -0.066762601059973503 0.023309758470881924 0.035338598471737759 -0.016932233202233658 0.013821735787630095 -1.776367976260834e-05 -0.0031368143845198339 -0.016082451825597983
leaf_weight=169.7759118527174 29.49317267537117 656.13435845077038 7.2121341675519934 36.892811149358749 11.874999135732649 187.29695695638657 8.019454360008238 209.22161863744259 24.396054893732071 167.56928509473801 112.97798025608063 168.8669051527977 152.22578239440918 5.7726546823978415
leaf_count=554 111 2154 29 112 33 608 31 661 74 657 397 623 524 20
internal_value=0.00566166 0.0025165 0.00623961 0.00892633 0.0124554 0.0170951 0.0033441 0.015475 0.00681711 -0.00411071 0.00611825 -0.00844238 -0.00543869 -0.0455505
internal_weight=1947.73 1331.37 852.465 693.027 616.358 408.394 207.964 396.519 194.172 478.907 142.471 336.436 159.438 13.7921
internal_count=6588 4607 2819 2266 1981 1302 679 1269 628 1788 508 1280 553 51
is_linear=0
shrinkage=0.05


Tree=28
num_leaves=15
num_cat=0
split_feature=12 0 6 9 5 4 3 9 5 5 6 11 6 11
split_gain=15.5936 12.6709 8.58376 10.1787 7.10127 13.4473 7.16028 6.99415 6.72526 9.05807 8.91205 6.67867 10.4848 9.35758
threshold=-0.99910440260923983 1.1730000000000003 40.979799999999791 69.466500000000011 -2.9441499999999881 -6.7153000000000747 -64.840999999999909 13.0785 17.938533333333357 22.879300000000018 38.632200000000061 -0.002019590023224493 13.542899999999822 -0.0020361409463454101
decision_type=2 2 2 2 2 2 2 2 2 2 2 2 2 2
left_child=2 8 11 7 6 -6 -3 -4 10 -10 -2 13 -13 -1
right_child=1 4 3 -5 5 -7 -8 -9 9 -11 -12 12 -14 -15
leaf_value=0.015276171465477601 -0.0032819738505080911 0.019092696070816772 -0.00034940333345352936 -0.067005362494393303 0.030881144805838492 0.0066912905412436791 -0.0024392853418121196 0.050236151662112018 0.057750342027838755 -0.00038862425109502478 -0.027407369590358849 0.00020860399262383249 0.024787933698298417 0.038561207392354239
leaf_weight=125.77381978929043 382.60389342904091 44.088913157582283 81.402902245521545 5.367666468024253 63.479410171508789 605.10601760447025 310.70780690014362 7.459317982196807 9.9580450057983416 20.473351120948792 42.535413399338722 110.23413756489754 71.54713162779808 65.677761971950531
leaf_count=397 1446 139 270 21 195 2012 1036 22 30 74 170 359 221 196
internal_value=0.00538213 0.00286606 0.0133424 -0.000141966 0.00595391 0.00898802 0.000236392 0.00389688 -0.0040704 0.0186362 -0.00569573 0.0167468 0.00988276 0.0232641
internal_weight=1946.42 1478.95 467.463 94.2299 1023.38 668.585 354.797 88.8622 455.571 30.4314 425.139 373.233 181.781 191.452
internal_count=6588 5102 1486 313 3382 2207 1175 292 1720 104 1616 1173 580 593
is_linear=0
shrinkage=0.05


Tree=29
num_leaves=13
num_cat=0
split_feature=12 5 5 4 5 9 4 5 4 11 4 1
split_gain=14.4604 9.05927 8.79145 16.3371 14.0429 7.42975 9.49401 9.90485 8.52618 8.49144 12.308 9.1617
threshold=0.99999999950371909 51.151350000000008 17.938533333333357 22.639066666666601 6.1760333333333417 -69.952999999999989 -6.9195666666667366 -4.4412833333333186 -5.0819666666667045 -0.0020120724142369535 -0.64776666666670224 -49.976499999999994
decision_type=2 2 2 2 2 2 2 2 2 2 2 2
left_child=5 2 4 -4 -2 6 7 -1 -8 10 -7 -11
right_child=1 -3 3 -5 -6 9 8 -9 -10 11 -12 -13
leaf_value=0.0015847916756938096 0.0023722589814989237 -0.064441868994047871 0.041837889238404584 -0.0070646171301615565 -0.014694261498941201 0.0081945787470767886 -0.0659750251126896 0.042142640933918368 -0.0079340028661129304 -0.023932188167561388 0.024823652640127598 0.0075270201154391389
leaf_weight=64.542271241545677 577.48689383268356 5.4206569194793692 34.411226749420166 33.906939521431923 152.32755324244499 255.8949204236269 6.8761553019285193 19.632506936788559 79.283105477690697 24.28017184138298 196.88771909475327 494.15700577199459
leaf_count=211 2066 23 108 122 573 821 27 58 275 85 610 1609
internal_value=0.00511657 -2.18481e-05 0.000415672 0.0175671 -0.00118988 0.00873357 -0.000898441 0.0110443 -0.0125661 0.0104228 0.0154256 0.00605368
internal_weight=1945.11 803.553 798.133 68.3182 729.814 1141.55 170.334 84.1748 86.1593 971.22 452.783 518.437
internal_count=6588 2892 2869 230 2639 3696 571 269 302 3125 1431 1694
is_linear=0
shrinkage=0.05


Tree=30
num_leaves=13
num_cat=0
split_feature=12 0 6 9 5 3 5 4 6 2 10 11
split_gain=13.3892 11.2639 7.57154 9.2593 6.88138 13.0793 8.15715 6.69276 7.54449 6.67824 6.6235 7.50318
threshold=-0.99910440260923983 1.1730000000000003 40.979799999999791 69.466500000000011 41.403233333333354 -0.35219999999987883 -2.9441499999999881 38.866366666666657 43.005599999999852 2.5000000000000004 -0.030430592967661815 -0.002019590023224493
decision_type=2 2 2 2 2 2 2 2 2 2 2 2
left_child=2 7 10 9 6 -6 -3 8 -2 -4 -1 -12
right_child=1 4 3 -5 5 -7 -8 -9 -10 -11 11 -13
leaf_value=-0.035719539391100778 -0.0029131012357098839 -2.3014217750435525e-05 -0.0035434016874769728 -0.064329604452450923 0.038356482569892013 -0.045266115159044995 0.009417437227837798 0.035903591122128653 -0.025937483184495264 0.030400080579682538 0.023439810220992341 0.0091155275025443568
leaf_weight=6.2161008417606345 405.72718039155006 354.63048964738846 70.510046243667603 5.3449509888887397 6.5243415385484722 16.505692228674889 644.9855147600174 10.265370383858679 38.998896822333336 18.239033982157707 184.1782098710537 181.51967293024063
leaf_count=22 1529 1175 236 21 20 67 2120 34 157 56 571 580
internal_value=0.00486439 0.00253388 0.0122541 -0.000416773 0.00544573 -0.0215761 0.00606828 -0.00401083 -0.00493215 0.0034324 0.0154598 0.0163297
internal_weight=1943.65 1477.64 466.008 94.094 1022.65 23.03 999.616 454.991 444.726 88.7491 371.914 365.698
internal_count=6588 5102 1486 313 3382 87 3295 1720 1686 292 1173 1151
is_linear=0
shrinkage=0.05


Tree=31
num_leaves=15
num_cat=0
split_feature=10 6 5 6 5 3 12 4 7 9 11 3 1 6
split_gain=12.5629 11.6467 10.9017 9.64112 9.35892 8.84939 9.98882 10.6002 9.54614 9.97808 9.43087 7.50295 7.04806 5.73566
threshold=-1.0000000180025095e-35 0.9280000000001366 -13.928016666666649 1.1719999999997841 41.403233333333354 -6.4694999999999299 -0.9999999999975312 -54.735600000000026 39.548366666666659 -229.32249999999996 -0.002019182148821352 1.0210000000000172 2.5095000000000005 55.655199999999816
decision_type=2 2 2 2 2 2 2 2 2 2 2 2 2 2
left_child=5 2 -2 11 -5 8 13 -8 9 -1 -10 -3 -4 -7
right_child=1 3 12 4 -6 6 7 -9 10 -11 -12 -13 -14 -15
leaf_value=-0.063584016969097504 0.047369782396442128 0.0095133186702421775 -0.013218991769796164 0.0032266470410032728 -0.027640313271018582 0.0010553234092978588 -0.052123021487989286 0.017975908811390821 0.0074095625987780763 -0.0021004575612457699 0.045816992763741203 0.051059916743758718 -0.072649788694160805 -0.07144272000697155
leaf_weight=6.9313948154449454 7.2491375207900992 27.287657588720322 119.03675413131714 1127.2286074459553 25.104052618145943 6.0931957662105543 5.4770962297916403 351.30044721066952 80.907900303602219 137.54818473756313 19.917799115180969 18.05808387696743 5.2069022208452216 4.9400093406438828
leaf_count=26 25 98 462 3846 96 20 20 1117 262 457 59 59 21 20
internal_value=0.00462438 0.00189328 -0.0122321 0.0034441 0.0025542 0.0105451 0.0154508 0.0168998 0.0031896 -0.00505013 0.0149968 0.0260585 -0.0157097 -0.031405
internal_weight=1942.29 1329.17 131.493 1197.68 1152.33 613.116 367.811 356.778 245.305 144.48 100.826 45.3457 124.244 11.0332
internal_count=6588 4607 508 4099 3942 1981 1177 1137 804 483 321 157 483 40
is_linear=0
shrinkage=0.05


Tree=32
num_leaves=14
num_cat=0
split_feature=12 12 5 6 8 4 9 4 5 4 11 4 7
split_gain=11.9299 8.69652 8.1147 12.8237 7.47442 8.71284 6.46771 8.76867 8.95481 7.70535 7.05581 10.7355 8.60313
threshold=0.99999999950371909 0.99999999999806255 48.411666666666669 135.26330000000004 50.706500000000005 37.309633333333288 -69.952999999999989 -6.9195666666667366 -4.4412833333333186 -5.0819666666667045 -0.0020120724142369535 -0.64776666666670224 6.0307666666666746
decision_type=2 2 2 2 2 2 2 2 2 2 2 2 2
left_child=6 2 3 -2 -3 -6 7 8 -1 -9 11 -8 -12
right_child=1 4 -4 -5 5 -7 10 9 -10 -11 12 -13 -14
leaf_value=0.0012142485676846229 -0.0026072559085421171 0.057089045461025882 -0.054963550391301554 0.046818632899677075 0.013603062931660132 -0.04784182349903715 0.0070902029059456131 -0.063539651660344768 0.039898028742949967 -0.0081374386175668487 -0.010847707915346221 0.022666057079605201 0.007860584537969775
leaf_weight=64.512086510658264 685.14982059597969 9.0152629464864713 7.2139155864715567 13.379612028598784 82.437623903155327 6.2035213410854331 255.17094011604786 6.8160119354724875 19.476911768317223 79.204871118068695 71.260279223322868 195.29357495903969 446.41103155910969
leaf_count=211 2503 26 31 43 265 24 821 27 58 275 241 610 1453
internal_value=0.00439467 -0.0002703 -0.0022054 -0.00166055 0.0137143 0.00930286 0.00768759 -0.00130691 0.010185 -0.0125273 0.00926708 0.0138429 0.00528529
internal_weight=1941.55 803.4 705.743 698.529 97.6564 88.6411 1138.15 170.01 83.989 86.0209 968.136 450.465 517.671
internal_count=6588 2892 2577 2546 315 289 3696 571 269 302 3125 1431 1694
is_linear=0
shrinkage=0.05


Tree=33
num_leaves=14
num_cat=0
split_feature=12 0 10 10 5 6 9 7 5 12 11 9 4
split_gain=11.2736 9.46791 10.1356 6.61829 6.8373 6.58746 8.43114 6.57785 7.5536 6.51934 6.33837 6.10044 5.77829
threshold=-0.99910440260923983 1.2285000000000001 -0.010172422588750061 0.03030762244435881 12.178566666666686 40.979799999999791 69.466500000000011 95.142633333333322 19.186550000000025 0.36710452050994741 0.0040395879414345534 13.0785 2.8674333333333082
decision_type=2 2 2 2 2 2 2 2 2 2 2 2 2
left_child=5 2 12 10 -5 7 11 8 -1 -4 -3 -7 -2
right_child=1 3 9 4 -6 6 -8 -9 -10 -11 -12 -13 -14
leaf_value=0.014685887007190779 0.059671133661809483 0.0059441446128220632 -0.024717879157970617 0.038799101191014138 -0.016720424967144248 -0.0011487155321554027 -0.062016423060034159 0.053176848543245919 -0.015654767633819452 -0.003212364217300779 -0.0049599070652200823 0.046242579489381819 -0.0017417574979940191
leaf_weight=337.86473228037357 9.7174323946237582 791.35955283045769 38.332211643457413 25.883197486400604 7.0574354082345954 81.131203576922417 5.3154061436653128 10.40111683309078 21.839712634682655 436.94747242331505 160.26282913982868 7.4108119755983344 6.3220775574445716
leaf_count=1069 29 2600 132 78 26 270 21 30 74 1669 546 22 22
internal_value=0.00417864 0.00204151 -0.00362755 0.00487049 0.0269042 0.010977 -0.000853892 0.0139772 0.0128437 -0.00494682 0.00410779 0.00281785 0.0354648
internal_weight=1939.85 1475.88 491.319 984.563 32.9406 463.963 93.8574 370.106 359.704 475.28 951.622 88.542 16.0395
internal_count=6588 5102 1852 3250 104 1486 313 1173 1143 1801 3146 292 51
is_linear=0
shrinkage=0.05


Tree=34
num_leaves=13
num_cat=0
split_feature=12 7 5 5 0 10 5 12 0 8 4 5
split_gain=10.201 9.20295 10.9395 7.05116 6.42798 8.59571 6.7566 6.34421 6.11283 11.377 8.25772 3.61968
threshold=-0.99910440260923983 1.1722666666666821 1.0000000180025095e-35 -0.65726666666665456 1.2285000000000001 -0.010172422588750061 -2.9441499999999881 -0.9999999982894735 23.253500000000006 -0.2075000000000001 -7.6782333333333463 3.7416500000000128
decision_type=2 2 2 2 2 2 2 2 2 2 2 2
left_child=7 2 3 -2 5 -3 -6 8 9 -1 -10 -4
right_child=1 4 11 -5 6 -7 -8 -9 10 -11 -12 -13
leaf_value=0.019350851562304105 -0.018619924593480188 0.033682857935759501 -0.071502742546875719 0.050501646337288611 -0.00083302031091767471 -0.0035589662006045592 0.0078961874464312538 0.052004433054706402 0.014481046804578294 -0.0010951125674656911 -0.01099396443307663 -0.01633259734918319
leaf_weight=228.69474877417088 12.184681236743925 16.043366611003876 10.664672508835791 5.2919737249612835 340.88329002261162 452.35934376716614 633.90153221786022 9.0044390708208066 57.532777577638626 96.851901024580002 71.150526285171509 4.122216969728469
leaf_count=717 49 51 49 19 1127 1703 2086 26 182 317 244 18
internal_value=0.00397225 0.00194001 -0.0244705 0.00231026 0.00253044 -0.00228339 0.00484357 0.0104452 0.0096213 0.0132681 0.000395611 -0.0561227
internal_weight=1938.69 1475.45 32.2635 17.4767 1443.19 468.403 974.785 463.234 454.23 325.547 128.683 14.7869
internal_count=6588 5102 135 68 4967 1754 3213 1486 1460 1034 426 67
is_linear=0
shrinkage=0.05


Tree=35
num_leaves=12
num_cat=0
split_feature=12 10 7 3 5 3 2 4 3 6 4
split_gain=9.51112 7.36797 6.954 8.14761 7.41755 6.20374 7.21325 6.59341 7.60632 6.61427 2.07736
threshold=0.99999999950371909 0.040308359048257809 1.5544666666666933 -135.93229999999986 0.43348333333333416 100.16060000000017 4.5000000000000009 54.66346666666665 -7.2242999999999027 34.792599999999823 50.674066666666612
decision_type=2 2 2 2 2 2 2 2 2 2 2
left_child=5 2 4 -4 -2 7 10 8 -1 -9 -7
right_child=1 -3 3 -5 -6 6 -8 9 -10 -11 -12
leaf_value=0.00117278680231958 -0.0021991815784027178 0.055564778083460914 0.059365345056611285 -0.00019959141600954953 -0.046354317046283643 -0.025438907270003627 -0.069778537007902097 0.0068245393048526398 0.0098393200353084926 0.066553329892470967 0.01419429782213435
leaf_weight=396.43000972270966 21.777359500527382 5.8404152840375891 5.785172462463378 752.1724532097578 16.886380389332771 5.593658626079562 5.5082387924194327 9.2432565987110156 700.62497915327549 9.2970912754535657 8.0850833654403669
leaf_count=1302 89 17 18 2693 75 22 28 30 2259 26 29
internal_value=0.00377636 -0.00038982 -0.000800051 0.000255043 -0.0214839 0.00672247 -0.0214672 0.0072073 0.0067076 0.0367757 -0.00201294
internal_weight=1937.24 802.462 796.621 757.958 38.6637 1134.78 19.187 1115.6 1097.05 18.5403 13.6787
internal_count=6588 2892 2875 2711 164 3696 79 3617 3561 56 51
is_linear=0
shrinkage=0.05


Tree=36
num_leaves=14
num_cat=0
split_feature=10 6 5 6 9 5 3 5 3 3 3 1 1
split_gain=8.96675 9.44446 9.82675 9.2192 8.48582 7.7453 13.6098 13.0358 9.99006 8.70151 6.83848 6.52729 3.08819
threshold=-1.0000000180025095e-35 0.9280000000001366 -13.928016666666649 1.1719999999997841 -65.953999999999994 -4.4412833333333186 -49.466699999999875 -5.2828166666666521 -0.54119999999984059 13.967600000000074 1.0210000000000172 2.5095000000000005 -5.0519999999999987
decision_type=2 2 2 2 2 2 2 2 2 2 2 2 2
left_child=5 2 -2 10 -5 7 -7 9 -8 -1 -3 -4 -9
right_child=1 3 11 4 -6 6 8 12 -10 -11 -12 -13 -14
leaf_value=0.0067995940164910619 0.044860010690195934 0.0089091263700679831 -0.012426469755342069 -0.014485655428134545 0.0029368895372496929 0.066223492652016616 0.0026397787213142182 -0.070104301241996833 0.018645461679635485 -0.037532326999966344 0.048504277139876505 -0.070018836066921664 -0.022662587922352446
leaf_weight=181.18250377476215 7.3050314486026755 27.215358033776283 118.11770768463612 74.743944615125656 1076.0417291373014 11.515673011541365 185.04026545584202 6.8499936610460281 206.04767552018166 11.789045140147207 18.195321917533875 5.1335726082324973 6.8709704726934415
leaf_count=586 25 98 462 266 3676 33 608 27 661 42 59 21 24
internal_value=0.00358952 0.00128358 -0.0114857 0.00267725 0.00180529 0.00861075 0.01265 0.000742984 0.0110725 0.00409126 0.0247743 -0.0148253 -0.0463472
internal_weight=1936.05 1326.75 130.556 1196.2 1150.79 609.296 402.604 206.693 391.088 192.972 45.4107 123.251 13.721
internal_count=6588 4607 508 4099 3942 1981 1302 679 1269 628 157 483 51
is_linear=0
shrinkage=0.05


Tree=37
num_leaves=14
num_cat=0
split_feature=12 7 5 5 6 7 6 2 12 7 5 0 5
split_gain=8.65814 7.71764 9.777 6.37831 6.19213 7.91439 5.82734 6.85097 6.61564 5.96836 6.81736 4.33187 3.58075
threshold=-0.99910440260923983 1.1722666666666821 1.0000000180025095e-35 -0.65726666666665456 328.27360000000016 124.07969999999999 40.979799999999791 2.5000000000000004 -0.99999999999810341 95.142633333333322 19.186550000000025 313.19600000000008 3.7416500000000128
decision_type=2 2 2 2 2 2 2 2 2 2 2 2 2
left_child=6 2 3 -2 5 -3 9 8 -8 10 -1 -9 -4
right_child=1 4 12 -5 -6 -7 7 11 -10 -11 -12 -13 -14
leaf_value=0.012899330507454305 -0.017819132850391325 0.0016616821072304271 -0.069143575499427137 0.047777467293565669 -0.038415068801525565 0.022648560209714588 -0.031536840025077964 0.0059260452726341414 0.001082407182488345 0.049746949274691969 -0.015953425535460353 0.055595339196795594 -0.013441064105703461
leaf_weight=335.83826015889645 12.099788904190065 1386.1442282944918 10.280615195631979 5.3418673276901272 9.3802115917205793 46.426901683211327 21.945586279034615 11.052814409136774 53.287569999694824 10.299210861325262 21.802065849304199 7.281794235110282 4.0106658786535254
leaf_count=1069 49 4780 49 19 38 149 79 36 177 30 74 21 18
internal_value=0.0034115 0.00153992 -0.0228511 0.00227118 0.00207669 0.00234183 0.00938781 -0.00175362 -0.00843266 0.0122211 0.0111404 0.0256528 -0.0535114
internal_weight=1935.19 1473.68 31.7329 17.4417 1441.95 1432.57 461.507 93.5678 75.2332 367.94 357.64 18.3346 14.2913
internal_count=6588 5102 135 68 4967 4929 1486 313 256 1173 1143 57 67
is_linear=0
shrinkage=0.05


Tree=38
num_leaves=15
num_cat=0
split_feature=12 12 5 4 8 4 3 3 5 4 6 3 6 2
split_gain=7.93544 7.08573 7.55198 8.94049 6.78863 7.82332 5.76228 9.61233 10.6792 9.72567 4.76475 5.83958 4.65071 3.17781
threshold=0.99999999950371909 0.99999999999806255 -33.11819999999998 0.11843333333331139 50.706500000000005 37.309633333333288 23.793900000000139 -0.061599999999988615 -35.395199999999974 54.66346666666665 180.54370000000014 26.824000000000069 68.517800000000008 4.5000000000000009
decision_type=2 2 2 2 2 2 2 2 2 2 2 2 2 2
left_child=6 2 12 -4 -3 -6 7 9 -9 -1 11 -8 -2 -12
right_child=1 4 3 -5 5 -7 10 8 -10 -11 13 -13 -14 -15
leaf_value=0.0030502299019876302 -0.055220751878627364 0.053409650321479624 0.004906017016453431 -0.0065707343470856302 0.0119206944684161 -0.046470176701967257 -0.034983963590637823 -0.044842837769715663 0.01543792941108562 0.05628134680943974 -0.012721443499432147 0.0033924435108378271 0.0027560910261036596 -0.059933834893835414
leaf_weight=666.56675300002098 10.699131354689596 9.0110206156969053 302.76037731766701 386.0917938798666 82.447672009468079 6.1653926372528067 11.06977668404579 7.5154328048229209 328.1469458937645 8.692711800336836 9.4126230329275113 94.837883785367012 5.1115485429763785 5.7362025380134574
leaf_count=2179 43 26 1086 1430 265 24 39 27 1046 25 37 314 18 29
internal_value=0.00324235 -0.000561748 -0.00231073 -0.00152654 0.0120626 0.00785806 0.0059385 0.00717297 0.0140883 0.00373548 -0.00437042 -0.00061877 -0.036477 -0.0305987
internal_weight=1934.27 802.287 704.663 688.852 97.6241 88.6131 1131.98 1010.92 335.662 675.259 121.056 105.908 15.8107 15.1488
internal_count=6588 2892 2577 2516 315 289 3696 3277 1073 2204 419 353 61 66
is_linear=0
shrinkage=0.05


Tree=39
num_leaves=14
num_cat=0
split_feature=10 6 5 6 5 5 3 5 3 10 5 3 10
split_gain=7.50408 8.34221 8.84482 8.45354 8.37752 6.968 12.6368 11.8729 8.99672 8.37085 6.43739 6.17739 3.05171
threshold=-1.0000000180025095e-35 0.9280000000001366 -13.928016666666649 1.1719999999997841 41.403233333333354 -4.4412833333333186 -49.466699999999875 -5.2828166666666521 -0.54119999999984059 -0.010063905827328854 -7.532583333333311 1.0210000000000172 -0.010118897066119235
decision_type=2 2 2 2 2 2 2 2 2 2 2 2 2
left_child=5 2 -2 11 -5 7 -7 9 -8 -1 -4 -3 -9
right_child=1 3 10 4 -6 6 8 12 -10 -11 -12 -13 -14
leaf_value=-0.00053966863816352819 0.042144349515463413 0.0082915509231737943 -0.06026277217356725 0.0020778089044389855 -0.027335467053990793 0.063623570316089562 0.0020121090107784755 -0.064854881692927788 0.017228217192453599 0.030892359983345205 -0.011398398660446478 0.045835229955421476 -0.016967898751503414
leaf_weight=168.39994221925735 7.3706172257661811 27.214912354946136 7.1577379852533332 1125.3730026632547 24.740762889385223 11.311873450875281 184.70601318776608 7.9475498199462891 204.91964590549469 24.22955222427845 115.50923056900501 18.340022101998329 5.7224876135587674
leaf_count=554 25 98 30 3846 96 33 608 31 661 74 453 59 20
internal_value=0.00308224 0.000973781 -0.0110532 0.0022818 0.00144508 0.00768537 0.0115274 0.000218575 0.0100149 0.00341395 -0.0142497 0.0234063 -0.0448087
internal_weight=1932.94 1325.71 130.038 1195.67 1150.11 607.237 400.938 206.3 389.626 192.629 122.667 45.5549 13.67
internal_count=6588 4607 508 4099 3942 1981 1302 679 1269 628 483 157 51
is_linear=0
shrinkage=0.05


Tree=40
num_leaves=13
num_cat=0
split_feature=12 0 10 12 9 3 12 9 0 8 10 4
split_gain=7.35865 6.91104 7.70895 6.33722 6.21626 10.3604 5.68758 5.96862 9.17753 8.99276 5.63345 5.26476
threshold=-0.99910440260923983 1.2285000000000001 -0.010172422588750061 0.36710452050994741 -57.198999999999991 -61.928599999999861 -0.9999999982894735 -0.26550000000000001 0.20050000000000004 -0.19950000000000001 0.03030762244435881 2.8674333333333082
decision_type=2 2 2 2 2 2 2 2 2 2 2 2
left_child=6 2 11 -4 5 -3 7 8 -1 -9 -6 -2
right_child=1 4 3 -5 10 -7 -8 9 -10 -11 -12 -13
leaf_value=0.050060255312617846 0.05363418352910751 0.024960585497044691 -0.024291505129289185 -0.0030817152520869564 0.0043345431466007339 -0.013655818802137083 0.04808204496441687 0.0079692803714191442 0.0090691723512112739 -0.023498689430036156 0.025973723477173645 -0.0050541471465282237
leaf_weight=14.230800956487654 9.6907028108835203 21.00584565103054 38.31351312994957 435.91595540940762 829.36520235240459 100.3197463452816 8.8781471103429777 64.250251293182373 337.39022445678711 35.110304191708565 31.208637341856956 6.3092681020498267
leaf_count=42 29 65 132 1669 2734 352 26 208 1089 121 99 22
internal_value=0.00292952 0.00120485 -0.00364359 -0.00479528 0.00362552 -0.00696992 0.00845064 0.00767045 0.0107282 -0.00315032 0.00511929 0.0304916
internal_weight=1931.99 1472.13 490.229 474.229 981.899 121.326 459.86 450.982 351.621 99.3606 860.574 16
internal_count=6588 5102 1852 1801 3250 417 1486 1460 1131 329 2833 51
is_linear=0
shrinkage=0.05


Tree=41
num_leaves=13
num_cat=0
split_feature=12 5 5 5 4 3 3 5 7 6 5 2
split_gain=6.67706 6.48285 9.1201 13.4327 11.674 5.3516 8.32549 9.56019 9.05989 4.29206 5.7049 2.9822
threshold=0.99999999950371909 48.411666666666669 17.938533333333357 6.1760333333333417 22.639066666666601 23.793900000000139 -0.061599999999988615 -35.395199999999974 116.51026666666667 180.54370000000014 22.26033333333335 4.5000000000000009
decision_type=2 2 2 2 2 2 2 2 2 2 2 2
left_child=5 2 3 -2 -4 6 8 -8 -1 10 -7 -11
right_child=1 -3 4 -5 -6 9 7 -9 -10 11 -12 -13
leaf_value=0.0017559589296205491 0.0016201937820768495 -0.045826512868906308 0.038360134783813442 -0.015097331650241175 -0.0038421903884040018 -0.0060412174281516753 -0.042802638442556801 0.014188694594770465 0.025676246242784154 -0.012501188501514108 0.026336508990105551 -0.058603917628038661
leaf_weight=631.89838217198849 576.39103682339191 7.8821301758289328 33.319115072488785 151.80700777471066 32.244798853993416 89.78979367017746 7.5280193090438834 326.75660592317581 42.230437248945236 9.3903211802244169 16.034440785646439 5.5993123948574057
leaf_count=2073 2066 34 104 573 115 302 27 1046 131 37 51 29
internal_value=0.00278489 -0.00070479 -0.000256727 -0.0018649 0.0176047 0.00526223 0.00645364 0.0129053 0.00325443 -0.00468225 -0.00113536 -0.0297227
internal_weight=1930.87 801.644 793.762 728.198 65.5639 1129.23 1008.41 334.285 674.129 120.814 105.824 14.9896
internal_count=6588 2892 2858 2639 219 3696 3277 1073 2204 419 353 66
is_linear=0
shrinkage=0.05


Tree=42
num_leaves=14
num_cat=0
split_feature=0 0 11 9 5 4 6 5 7 7 3 4 4
split_gain=6.51977 11.6464 7.7428 10.6513 7.11293 13.089 10.4941 6.14325 5.49975 18.1094 7.24475 4.65037 2.7072
threshold=1.6045000000000003 2.3490000000000006 0.0020411287495103463 -2.9574999999999996 -43.455416666666657 -46.455833333333359 26.421099999999843 -33.11819999999998 9.6247333333333156 12.38183333333332 0.1212000000001365 8.9960666666666249 -65.726100000000017
decision_type=2 2 2 2 2 2 2 2 2 2 2 2 2
left_child=7 2 3 -2 6 -6 -3 12 10 -10 -9 -4 -1
right_child=1 4 11 -5 5 -7 -8 8 9 -11 -12 -13 -14
leaf_value=-0.011032149236178701 0.055687432961238528 0.027317886536743653 0.078089281933602039 0.0051163516510210685 0.032110999087902638 0.0032008835910514823 -0.032673747475407001 -0.014819634663053208 0.027175786756869397 -0.0017656796384435875 0.0016745779522617647 0.022696979754289772 -0.055171604919097506
leaf_weight=6.6108451783657074 13.128709569573401 9.7419293820857984 9.0609815716743451 50.319042176008224 40.583669081330299 1109.4102413952351 28.958420634269714 126.98877082765102 65.20820564031601 315.89947281777859 139.93221895396709 6.5122738033533087 7.3205630481243116
leaf_count=24 38 30 25 166 123 3660 102 477 223 1145 524 21 30
internal_value=0.0026471 0.00474724 0.0233347 0.0155806 0.0035116 0.00422113 -0.0175722 -0.00137487 -0.000668632 0.00318626 -0.00617261 0.0549259 -0.0342262
internal_weight=1929.68 1267.72 79.021 63.4478 1188.69 1149.99 38.7004 661.96 648.029 381.108 266.921 15.5733 13.9314
internal_count=6588 4165 250 204 3915 3783 132 2423 2369 1368 1001 46 54
is_linear=0
shrinkage=0.05


Tree=43
num_leaves=13
num_cat=0
split_feature=12 7 5 3 9 7 6 4 5 11 11 5
split_gain=6.38195 6.5857 9.10765 6.15748 6.12551 11.9034 7.45528 5.2643 6.37556 12.638 7.01347 3.40225
threshold=-0.99910440260923983 1.1722666666666821 1.0000000180025095e-35 0.1212000000001365 -133.02599999999998 37.808599999999977 328.27360000000016 58.606699999999954 19.186550000000025 -0.0020084352463478612 -0.0020130839087439951 3.7416500000000128
decision_type=2 2 2 2 2 2 2 2 2 2 2 2
left_child=7 2 3 -2 5 -3 -6 8 10 -10 -1 -4
right_child=1 4 11 -5 6 -7 -8 -9 9 -11 -12 -13
leaf_value=0.0143498972640558 -0.02339296136846938 -0.050636925762578867 -0.067386315726358711 0.036746483085136984 0.0023410271026898977 -0.00063936699786101706 -0.050623486388579247 0.050269287097589481 -0.050941694302881507 0.014256513228061575 0.0013719255053989954 -0.012679585810915795
leaf_weight=233.99229867756367 9.9244837164878899 16.339071810245514 9.994296655058859 7.4521570503711692 1372.3012616336346 43.862874090671539 6.6763929426670066 7.1376523524522772 13.589466512203218 16.405912294983864 187.53601883351803 3.9712979346513739
leaf_count=748 40 64 49 28 4724 150 29 22 50 53 613 18
internal_value=0.00251533 0.000909236 -0.0217647 0.00239848 0.00140303 -0.0142089 0.0020846 0.00766464 0.00699115 -0.0152817 0.00857606 -0.0518297
internal_weight=1929.18 1470.52 31.3422 17.3766 1439.18 60.2019 1378.98 458.661 451.524 29.9954 421.528 13.9656
internal_count=6588 5102 135 68 4967 214 4753 1486 1464 103 1361 67
is_linear=0
shrinkage=0.05


Tree=44
num_leaves=14
num_cat=0
split_feature=10 7 5 4 4 10 1 5 3 5 3 10 10
split_gain=5.86751 7.23647 15.5703 8.39768 18.0395 8.2553 7.68157 6.45489 11.8647 10.6674 7.88701 7.61165 2.80026
threshold=-1.0000000180025095e-35 3.1385666666666663 -5.1382666666666523 2.0843999999999876 -1.5219000000000293 0.010105603582966085 1.6220000000000001 -4.4412833333333186 -49.466699999999875 -5.2828166666666521 -0.54119999999984059 -0.010056821064291508 -0.010118897066119235
decision_type=2 2 2 2 2 2 2 2 2 2 2 2 2
left_child=7 2 -2 4 -3 -4 -5 9 -9 11 -10 -1 -11
right_child=1 3 5 6 -6 -7 -8 8 10 12 -12 -13 -14
leaf_value=-0.00077555462746813216 0.047416716430207659 0.0013876204534616196 -0.024628604719320487 -0.0086760243636061617 0.022302026735851316 0.0089460483820212235 0.0029982176951952374 0.061177553124601353 0.0012285340996259083 -0.062755302374384966 0.015510169075897426 0.034422008434535994 -0.016803718611566383
leaf_weight=175.2255372852087 10.251055806875227 515.63213849067688 81.959159255027771 279.29398700594902 128.87210285663605 23.574567884206772 284.38028238713741 11.089330330491064 184.17874205112457 7.9070076048374176 203.4652578830719 16.83591003715992 5.7093397527933103
leaf_count=577 33 1764 328 1021 422 87 952 33 608 31 661 51 20
internal_value=0.00239034 0.000526838 -0.011414 0.00167118 0.00556957 -0.0171286 -0.00278623 0.00647234 0.0101834 -0.000722081 0.00872463 0.00230983 -0.0434878
internal_weight=1928.37 1323.96 115.785 1208.18 644.504 105.534 563.674 604.411 398.733 205.678 387.644 192.061 13.6163
internal_count=6588 4607 448 4159 2186 415 1973 1981 1302 679 1269 628 51
is_linear=0
shrinkage=0.05


Tree=45
num_leaves=15
num_cat=0
split_feature=12 7 9 4 5 13 5 7 6 5 4 4 4 3
split_gain=5.74904 6.07321 15.5906 10.259 7.41092 10.5164 8.69159 5.95771 5.35641 6.41465 11.8536 5.04169 9.55593 8.25569
threshold=-0.99910440260923983 35.514299999999999 -118.12749999999998 -17.995566666666711 -43.455416666666657 401.84850000000046 -85.877199999999974 20.122366666666689 40.979799999999791 -48.623983333333321 -46.455833333333359 0.40223333333330852 -7.5355666666667309 -0.27579999999985388
decision_type=2 2 2 2 2 2 2 2 2 2 2 2 2 2
left_child=8 2 7 -4 6 -6 -3 -2 11 -10 -11 12 -1 -13
right_child=1 4 3 -5 5 -7 -8 -9 9 10 -12 13 -14 -15
leaf_value=0.017806187014876181 -0.0048089022259003994 0.02275079206730584 -0.028699568812617274 0.00041180635099364931 0.012622834521319813 -0.0054840822936230368 -0.031079405707918412 -0.063789098923906315 -0.048158405091464455 0.048775871273094698 -0.0068184301650276689 0.0057535916374855623 -0.0037605492459552151 0.029144894750396496
leaf_weight=86.150645077228546 6.2476844191551235 10.47547274827957 31.228308290243149 979.48199632763863 291.44064179062843 110.62969270348549 26.388748005032539 13.605883970856665 7.4137855321168891 11.000865846872328 74.656346663832664 79.286287322640419 127.19461376965046 71.953629165887833
leaf_count=270 22 33 113 3432 958 394 95 55 27 32 254 258 422 223
internal_value=0.00227221 0.00074818 -0.00134959 -0.000487659 0.00567347 0.00764071 -0.0157828 -0.0452287 0.00716576 -0.00354029 0.000321488 0.0098988 0.00494828 0.0168822
internal_weight=1927.15 1469.5 1030.56 1010.71 438.935 402.07 36.8642 19.8536 457.656 93.071 85.6572 364.585 213.345 151.24
internal_count=6588 5102 3622 3545 1480 1352 128 77 1486 313 286 1173 692 481
is_linear=0
shrinkage=0.05


Tree=46
num_leaves=15
num_cat=0
split_feature=0 0 6 7 3 9 5 3 8 11 11 1 6 9
split_gain=5.46542 10.6281 7.69633 10.6947 6.49558 10.1995 9.8606 5.81204 8.80454 10.8788 8.21568 12.4235 9.29536 7.21597
threshold=1.6045000000000003 2.3490000000000006 0.55899999999995742 6.8477666666666872 -61.928599999999861 -69.952999999999989 -48.623983333333321 -6.2715999999998866 0.20200000000000007 -0.002007830458111703 -0.0020068230775738267 -1.0264999999999997 13.238199999999933 0.28250000000000008
decision_type=2 2 2 2 2 2 2 2 2 2 2 2 2 2
left_child=7 2 -2 -4 6 -6 -3 8 9 -1 11 -9 -12 -10
right_child=1 4 3 -5 5 -7 -8 10 13 -11 12 -13 -14 -15
leaf_value=-0.042382500377689328 0.068915020079750186 -0.024986342028830905 -0.021825154451294123 0.026468798349079167 -0.010971596096775577 0.0037339320001850557 0.02560092740355744 -0.056226540208258902 0.011156511219969606 5.0417012408003033e-05 -0.0072179828604570732 0.014727584194876339 0.011107609937570671 -0.020792779177476496
leaf_weight=36.082384377717972 7.8297411352396002 11.469734266400335 14.378660708665846 56.54689048230648 134.02018991112709 981.008195489645 60.153799951076508 6.4735075980424872 53.028678223490715 25.981161370873451 290.68945699930191 131.22837229073048 90.815850764513016 26.507283583283424
leaf_count=140 23 40 51 176 466 3223 186 24 184 95 1105 450 325 100
internal_value=0.00215981 0.00408446 0.0218715 0.0166782 0.00290398 0.00196641 0.0174999 -0.00152578 -0.010505 -0.0246192 0.000923041 0.011392 -0.00285565 0.000508637
internal_weight=1926.21 1265.41 78.7553 70.9256 1186.65 1115.03 71.6235 660.807 141.6 62.0635 519.207 137.702 381.505 79.536
internal_count=6588 4165 250 227 3915 3689 226 2423 519 235 1904 474 1430 284
is_linear=0
shrinkage=0.05


Tree=47
num_leaves=12
num_cat=0
split_feature=12 3 3 3 4 3 1 10 11 3 6
split_gain=5.28426 6.99639 8.83808 11.2767 7.91522 4.85425 7.13897 8.60159 7.80474 4.22292 5.52963
threshold=0.99999999950371909 -135.93229999999986 -15.972999999999928 -18.493799999999908 0.11843333333331139 23.793900000000139 0.099500000000000019 0.010078105341793099 -0.010095095962936449 26.824000000000069 106.47229999999998
decision_type=2 2 2 2 2 2 2 2 2 2 2
left_child=5 -2 3 -3 -4 6 7 -1 -8 -7 -11
right_child=1 2 4 -5 -6 9 8 -9 -10 10 -12
leaf_value=0.0045488765001710637 0.053555380616875585 -0.0095396376675707002 0.006875715166229754 -0.063871187249320269 -0.0038940574081733157 -0.034661639509125292 -0.026630183396092397 -0.016059780716497527 0.015241919625902959 0.0060113787181003027 -0.017549998016243087
leaf_weight=718.72625887393951 5.8230110704898825 57.700451046228409 274.23785996437073 11.444591477513312 451.4570998698473 11.061775043606756 11.724095866084097 54.468405693769455 219.18025869131088 71.070569753646851 38.333502635359764
leaf_count=2345 18 210 975 47 1642 39 41 185 706 231 149
internal_value=0.00205287 -0.00105161 -0.00145166 -0.0185324 0.000175806 0.00426318 0.00540102 0.00309708 0.0131159 -0.0052209 -0.00224416
internal_weight=1925.23 800.663 794.84 69.145 725.695 1124.56 1004.1 773.195 230.904 120.466 109.404
internal_count=6588 2892 2874 257 2617 3696 3277 2530 747 419 380
is_linear=0
shrinkage=0.05


Tree=48
num_leaves=15
num_cat=0
split_feature=5 4 7 7 5 0 9 5 4 3 7 3 2 1
split_gain=5.26935 10.3249 10.2757 13.5467 9.41156 8.53121 8.23553 7.35061 9.61919 7.33467 6.97968 6.12682 6.01604 5.69587
threshold=-35.395199999999974 -46.455833333333359 95.142633333333322 158.7062333333333 -85.877199999999974 21.698500000000003 6.9420000000000011 -26.280749999999987 4.2800333333333107 -21.201699999999928 81.325033333333309 -13.221099999999863 1.5000000000000002 -26.089999999999996
decision_type=2 2 2 2 2 2 2 2 2 2 2 2 2 2
left_child=2 5 9 11 -5 6 -2 8 -3 10 -1 -4 -11 -7
right_child=1 7 3 4 -6 13 -8 -9 -10 12 -12 -13 -14 -15
leaf_value=-0.090806223155858568 0.026466234073577035 0.0028247771520832315 0.061855947522125809 0.012269012847465528 -0.058586663232723372 0.026206225082899284 -0.044565343966142194 0.0015582553380652782 0.066382717067255931 -0.043552569780098221 -0.018411476781411175 -0.00045947373907140966 0.0054077255269408967 0.078891144132692714
leaf_weight=7.4438072890043241 12.453466072678568 14.396087229251863 11.348011940717699 9.9761323630809802 8.8387822955846769 11.41523188352585 6.0694199353456488 1784.2602974772453 10.150419086217878 10.105712309479715 6.0234536081552505 6.0459136366844168 16.548795983195305 9.31749379634857
leaf_count=30 40 49 33 32 33 35 23 6125 29 39 21 20 54 25
internal_value=0.00195094 0.00248268 -0.010923 0.00838819 -0.0210172 0.0278515 0.00319122 0.00193211 0.0291071 -0.0283508 -0.0584265 0.0401959 -0.0131549 0.0498834
internal_weight=1924.39 1848.06 76.3306 36.2088 18.8149 39.2556 18.5229 1808.81 24.5465 40.1218 13.4673 17.3939 26.6545 20.7327
internal_count=6588 6326 262 118 65 123 63 6203 78 144 51 53 93 60
is_linear=0
shrinkage=0.05


Tree=49
num_leaves=13
num_cat=0
split_feature=12 6 6 7 5 4 5 4 12 11 11 8
split_gain=5.12029 5.9139 8.22841 16.2498 11.5596 7.05557 9.49505 8.76242 4.92474 5.53606 9.55094 7.80995
threshold=-0.99910440260923983 14.115299999999923 29.860099999999914 29.249866666666666 -1.2613166666666589 2.7332333333333243 3.9650333333333565 -1.9732333333333572 -0.9999999982894735 -0.002019590023224493 -0.0020252139184107061 -0.19950000000000001
decision_type=2 2 2 2 2 2 2 2 2 2 2 2
left_child=8 5 4 -4 -3 7 -7 -2 9 10 -1 -11
right_child=1 2 3 -5 -6 6 -8 -9 -10 11 -12 -13
leaf_value=0.0059404273167787316 -0.0063050290659059458 -0.0020002462460699233 -0.016710441152595984 0.0046818498590606118 0.017646817232162059 -0.021651773811038756 -0.0011308856757204682 0.0074662310686397174 0.043714056136979644 0.0048163704918299808 0.031192387488856763 -0.018679616568577594
leaf_weight=174.89981330931187 230.12693470716476 125.62427015602589 119.30837509036064 346.83047130703926 185.29301112890244 100.36762261390686 128.5893974006176 231.91708575189114 8.7114204913377744 180.91242414712906 47.645923480391502 43.961358249187469
leaf_count=572 816 428 422 1171 606 369 460 830 26 590 148 150
internal_value=0.00185369 0.00041599 0.00340859 -0.000793513 0.00970854 -0.0029493 -0.0101266 0.000607279 0.0064809 0.00575596 0.0113467 0.000223058
internal_weight=1924.19 1468.06 777.056 466.139 310.917 691.001 228.957 462.044 456.131 447.42 222.546 224.874
internal_count=6588 5102 2627 1593 1034 2475 829 1646 1486 1460 720 740
is_linear=0
shrinkage=0.05


Tree=50
num_leaves=7
num_cat=0
split_feature=6 12 6 5 4 5
split_gain=5.14424 8.84925 6.93858 6.81547 9.26284 8.78584
threshold=328.27360000000016 -0.54696610323734707 284.23779999999999 -35.395199999999974 -46.455833333333359 -62.822416666666641
decision_type=2 2 2 2 2 2
left_child=2 -2 3 5 -5 -1
right_child=1 -3 -4 4 -6 -7
leaf_value=0.013188101514572441 0.0057135235956089865 -0.080054564635349976 0.048844434008629985 0.026426065128452587 0.0018197521571238998 -0.026240998503055075
leaf_weight=20.483401089906693 7.1377849131822586 5.1972205787897092 7.8621348291635504 39.07763746380806 1798.0789005458355 45.537384256720543
leaf_count=66 25 25 25 123 6161 163
internal_value=0.00176183 -0.0304239 0.00196958 0.00177593 0.00234315 -0.0140079
internal_weight=1923.37 12.335 1911.04 1903.18 1837.16 66.0208
internal_count=6588 50 6538 6513 6284 229
is_linear=0
shrinkage=0.05


Tree=51
num_leaves=10
num_cat=0
split_feature=6 12 7 3 10 5 4 5 6
split_gain=4.68959 8.25186 6.32073 10.0712 11.9453 8.64565 8.52359 7.26746 4.91729
threshold=328.27360000000016 -0.54696610323734707 124.07969999999999 -0.47289999999990823 0.01006897248688743 -35.395199999999974 -73.033300000000011 51.151350000000008 241.01249999999996
decision_type=2 2 2 2 2 2 2 2 2
left_child=2 -2 5 8 -5 6 -1 -7 -4
right_child=1 -3 3 4 -6 7 -8 -9 -10
leaf_value=0.01480703764258464 0.0054247690829917136 -0.077977402146289218 0.024789995422028008 -0.03074310193008269 0.038000243074747538 0.0021438013747332213 -0.032861794258725312 -0.038454403032797034 0.068923026117925293
leaf_weight=12.917708322405813 7.1417315006256104 5.0720536559820157 27.563508555293083 17.197039157152179 9.9906389564275724 1789.8303023725748 34.218948692083359 11.091537490487097 8.186053737998007
leaf_count=42 25 25 86 65 31 6122 125 44 23
internal_value=0.00167376 -0.0292099 0.00187115 0.0174533 -0.00548203 0.00134049 -0.0197982 0.00189376 0.0348957
internal_weight=1923.21 12.2138 1911 62.9372 27.1877 1848.06 47.1367 1800.92 35.7496
internal_count=6588 50 6538 205 96 6333 167 6166 109
is_linear=0
shrinkage=0.05


Tree=52
num_leaves=13
num_cat=0
split_feature=0 0 6 11 0 8 9 6 6 3 4 8
split_gain=4.66117 9.82732 7.18941 9.02989 6.34915 16.0661 6.42782 5.6359 12.3858 9.41218 7.94172 8.51934
threshold=1.6045000000000003 2.3490000000000006 67.518399999999929 0.0020411287495103463 3.3630000000000004 -0.18800000000000006 -69.952999999999989 38.632200000000061 36.719599999999964 23.793900000000139 54.66346666666665 74.241
decision_type=2 2 2 2 2 2 2 2 2 2 2 2
left_child=7 2 3 -2 5 -3 -6 8 9 -1 11 -9
right_child=1 4 -4 -5 6 -7 -8 10 -10 -11 -12 -13
leaf_value=-0.0002523664552738424 0.016128587756524881 0.012214388381642285 -0.030006539689798786 0.060218635561804734 -0.0058814568376323612 -0.030655022614277345 0.0048730453127582363 -0.027286684940777933 0.071204048152109123 -0.062462930451214219 0.044456891796744717 0.01952677986804438
leaf_weight=574.09432284533978 57.478952571749687 40.88866014778614 6.4648131430149069 14.553214892745016 163.25254686176777 46.950420513749123 932.88440101593733 57.148619577288628 6.0157378911972037 6.1450552046298972 5.2526293694972983 11.710006967186926
leaf_count=2098 185 132 23 42 558 169 3056 225 18 25 17 40
internal_value=0.00159027 0.00337071 0.0205032 0.0250364 0.00223483 -0.0106995 0.00327133 -0.00181353 -0.000171215 -0.000911211 -0.0148051 -0.0193256
internal_weight=1922.84 1262.47 78.497 72.0322 1183.98 87.8391 1096.14 660.366 586.255 580.239 74.1113 68.8586
internal_count=6588 4165 250 227 3915 301 3614 2423 2141 2123 282 265
is_linear=0
shrinkage=0.05


Tree=53
num_leaves=8
num_cat=0
split_feature=11 12 9 3 7 4 4
split_gain=4.65687 4.91428 5.77913 11.4474 6.01679 4.73239 5.63793
threshold=0.020128538532193655 -0.99910440260923983 -133.02599999999998 -35.848699999999873 1.1722666666666821 58.606699999999954 24.61266666666663
decision_type=2 2 2 2 2 2 2
left_child=1 5 3 -3 -4 6 -1
right_child=-2 2 4 -5 -6 -7 -8
leaf_value=0.006705015397481702 0.045746206991226113 0.0097518125173261232 -0.021165152137950241 -0.034675037193710234 0.001099289447019108 0.046554188307526875 -0.016698278386877197
leaf_weight=420.44828157126904 5.9314665645360938 25.645054057240486 31.031388908624649 33.362661376595497 1371.0847498103976 7.0516764372587195 27.41167151927948
leaf_count=1368 20 83 135 129 4735 22 96
internal_value=0.00151131 0.00137437 -3.85531e-05 -0.0153669 0.000606537 0.00591251 0.0052726
internal_weight=1921.97 1916.04 1461.12 59.0077 1402.12 454.912 447.86
internal_count=6588 6568 5082 212 4870 1486 1464
is_linear=0
shrinkage=0.05


Tree=54
num_leaves=12
num_cat=0
split_feature=5 6 3 5 11 7 7 3 10 1 12
split_gain=4.41947 11.8732 11.4707 6.97247 7.97768 6.65877 5.46295 8.02562 5.20673 7.72824 5.17012
threshold=-48.623983333333321 26.421099999999843 -135.93229999999986 -85.877199999999974 -0.0020187730168186309 81.325033333333309 72.623000000000005 -203.28329999999991 0.03030762244435881 1.2865000000000004 0.99999999950371909
decision_type=2 2 2 2 2 2 2 2 2 2 2
left_child=1 5 6 -3 -5 -1 -2 -8 10 -10 -4
right_child=2 3 8 4 -6 -7 7 -9 9 -11 -12
leaf_value=-0.014837514783826847 0.073702564334275175 0.0017065151792114972 0.0033104248402330075 -0.068326541054694517 -0.0017086838682437275 0.055023823823943885 0.060436132335413333 -0.014543441318976155 -0.036075154167698513 0.030811857558659301 -0.0020834376486960461
leaf_weight=6.0307748764753324 7.1802072077989605 10.899695113301275 1049.7288417518139 14.441032186150553 6.5244042575359371 7.8512949645519257 6.6638717055320749 7.6842395961284611 5.0789414197206488 28.844926834106445 770.24598386883736
leaf_count=21 20 36 3462 56 22 23 19 26 19 91 2793
internal_value=0.00143625 -0.0139184 0.0018108 -0.0307312 -0.0475952 0.024674 0.0380979 0.0202803 0.00138941 0.0207978 0.00102765
internal_weight=1921.17 45.7472 1875.43 31.8651 20.9654 13.8821 21.5283 14.3481 1853.9 33.9239 1819.97
internal_count=6588 158 6430 114 78 44 65 45 6365 110 6255
is_linear=0
shrinkage=0.05


Tree=55
num_leaves=15
num_cat=0
split_feature=6 11 3 6 7 5 3 3 6 11 7 6 9 7
split_gain=4.29345 16.0128 13.5193 11.0414 11.6796 13.5526 10.8398 13.2953 12.4456 9.99105 8.47146 16.5507 8.08126 6.60834
threshold=13.238199999999933 -0.0020068230775738267 -8.9824999999998774 29.860099999999914 29.249866666666666 -48.623983333333321 -6.0241999999999321 -2.6353999999998829 28.592799999999965 -0.0081494406361881638 25.474366666666658 4.0212000000000234 -17.010000000000002 1.6523000000000152
decision_type=2 2 2 2 2 2 2 2 2 2 2 2 2 2
left_child=1 10 -3 6 9 -6 8 -8 -2 -5 13 -12 -4 -1
right_child=3 2 12 4 5 -7 7 -9 -10 -11 11 -13 -14 -15
leaf_value=-0.01204796646715854 -0.0029547931098583636 -0.059656390079448389 -0.022284532951133001 -0.063915271817173561 -0.02830851946416349 0.0058283892994474545 0.050107747389294403 0.0124240990978028 0.053944980465524255 -0.0094272271809871747 0.028830765432097734 -0.026521671633474971 -0.0029389147289247824 0.014785327257317991
leaf_weight=25.549515888094902 169.96735422313213 11.537987262010573 60.378578826785088 8.9157284796237928 31.331955403089523 403.56767346709967 26.09535214304924 227.14056657254696 10.1862296462059 149.18860206007957 19.955468714237213 41.776099219918251 509.60267877578735 225.06553380191326
leaf_count=91 579 45 219 34 112 1357 78 743 30 517 64 149 1826 744
internal_value=0.00136517 -0.00116829 -0.00607289 0.00357151 -0.000861879 0.00336903 0.00963769 0.0163073 0.000262429 -0.0124999 0.00796297 -0.00862833 -0.00498821 0.0120497
internal_weight=1920.26 893.866 581.519 1026.39 593.004 434.9 433.39 253.236 180.154 158.104 312.347 61.7316 569.981 250.615
internal_count=6588 3138 2090 3450 2020 1469 1430 821 609 551 1048 213 2045 835
is_linear=0
shrinkage=0.05


Tree=56
num_leaves=15
num_cat=0
split_feature=10 5 7 5 10 5 9 4 4 4 3 5 7 11
split_gain=4.20744 9.57489 8.25793 14.3504 8.3118 8.02789 7.90791 7.83269 14.1036 7.76882 7.58921 12.5324 8.94694 1.57605
threshold=-0.010102540814782566 -4.3087833333333085 3.1385666666666663 -5.1382666666666523 0.010105603582966085 -5.2828166666666521 0.86600000000000021 2.0843999999999876 -1.5219000000000293 2.3299999999999401 2.0770000000000706 -1.165183333333321 10.894799999999989 -0.0040499151711537165
decision_type=2 2 2 2 2 2 2 2 2 2 2 2 2 2
left_child=1 5 3 -2 -5 6 -1 8 -4 -9 11 -3 -12 -7
right_child=2 10 7 4 -6 13 -8 9 -10 -11 12 -13 -14 -15
leaf_value=0.0045462324432550888 0.042029742069247297 0.027184083860177524 0.0012058747004657932 -0.025474244635543122 0.0080868423728519719 -0.024788744834772003 -0.026908465947264024 -0.058935578635659451 0.018473237872772608 -0.0024023869001136965 0.05236609060047745 -0.0017647783877336285 0.014350439312629599 -0.061617990682651981
leaf_weight=109.24675753712654 10.918201982975004 50.557584702968597 599.53832413256168 84.23815655708313 23.621895298361778 5.4427514672279358 24.454413995146751 6.1365563571453086 147.31099130213261 625.9478949457407 20.665963530540466 143.50657381117344 61.64149597287178 6.2297033667564374
leaf_count=357 35 159 2042 339 87 20 86 24 482 2182 62 484 205 24
internal_value=0.00129755 0.00570897 5.5325e-05 -0.0125948 -0.0181242 -0.00467864 -0.00120694 0.00114498 0.00461175 -0.00295124 0.0111729 0.00577698 0.0238955 -0.0444449
internal_weight=1919.46 421.745 1497.71 118.778 107.86 145.374 133.701 1378.93 746.849 632.084 276.372 194.064 82.3075 11.6725
internal_count=6588 1397 5191 461 426 487 443 4730 2524 2206 910 643 267 44
is_linear=0
shrinkage=0.05


Tree=57
num_leaves=9
num_cat=0
split_feature=11 12 9 4 6 0 2 8
split_gain=4.05905 4.10745 5.20279 10.3515 5.3609 4.67054 8.49234 6.89984
threshold=0.020128538532193655 -0.99910440260923983 -133.02599999999998 -27.617533333333387 0.9280000000001366 23.253500000000006 1.5000000000000002 -0.2075000000000001
decision_type=2 2 2 2 2 2 2 2
left_child=1 5 3 -3 -4 7 -7 -1
right_child=-2 2 4 -5 -6 6 -8 -9
leaf_value=0.013346021359024317 0.042516677045718813 0.020680877800085245 -0.0094101436076368707 -0.027199320180185588 0.001398027057171971 -0.016534750688316075 0.0090308839999463653 -0.0025245482185918488
leaf_weight=223.9680627733469 5.935668781399726 15.247470304369925 126.08058579266071 43.474060878157616 1274.2929930090904 60.059380501508713 70.745047613978386 98.649843901395798
leaf_count=723 20 48 500 164 4370 207 230 326
internal_value=0.00123336 0.00110524 -0.000186468 -0.0147669 0.000424929 0.00526189 -0.00270768 0.00849313
internal_weight=1918.45 1912.52 1459.1 58.7215 1400.37 453.422 130.804 322.618
internal_count=6588 6568 5082 212 4870 1486 437 1049
is_linear=0
shrinkage=0.05


Tree=58
num_leaves=10
num_cat=0
split_feature=6 12 7 3 10 5 4 5 6
split_gain=4.10685 7.76019 5.72234 9.34141 10.2827 7.50737 7.46776 6.42815 4.62259
threshold=328.27360000000016 -0.54696610323734707 124.07969999999999 -0.47289999999990823 0.01006897248688743 -35.395199999999974 -73.033300000000011 51.151350000000008 241.01249999999996
decision_type=2 2 2 2 2 2 2 2 2
left_child=2 -2 5 8 -5 6 -1 -7 -4
right_child=1 -3 3 4 -6 7 -8 -9 -10
leaf_value=0.013675365739634751 0.0055834172425938654 -0.075736098033495972 0.02328447387535407 -0.029435608934672765 0.034488978879601902 0.0016030652756066984 -0.031106094057499312 -0.036707341599626041 0.066269976800107142
leaf_weight=12.801998257637022 7.1372798830270767 4.9812846481800062 27.376743882894516 17.089267522096637 9.9557388573884946 1784.8626795262098 34.126855313777924 11.017039805650709 8.106243431568144
leaf_count=42 25 25 86 65 31 6122 125 44 23
internal_value=0.00117235 -0.0278426 0.0013569 0.0162325 -0.00590385 0.000852158 -0.0188899 0.00136805 0.0331047
internal_weight=1917.46 12.1186 1905.34 62.528 27.045 1842.81 46.9289 1795.88 35.483
internal_count=6588 50 6538 205 96 6333 167 6166 109
is_linear=0
shrinkage=0.05


Tree=59
num_leaves=15
num_cat=0
split_feature=6 11 3 6 7 5 3 3 6 11 10 6 9 1
split_gain=3.79131 13.9678 12.254 9.78284 10.612 12.3119 9.78274 11.9997 11.2365 9.11508 7.69918 8.69737 7.21577 2.80827
threshold=13.238199999999933 -0.0020068230775738267 -8.9824999999998774 29.860099999999914 29.249866666666666 -48.623983333333321 -6.0241999999999321 -2.6353999999998829 28.592799999999965 -0.0081494406361881638 0.010177599130722916 7.5498999999997825 -17.010000000000002 -0.99549999999999994
decision_type=2 2 2 2 2 2 2 2 2 2 2 2 2 2
left_child=1 10 13 6 9 -6 8 -8 -2 -5 11 -1 -4 -3
right_child=3 2 12 4 5 -7 7 -9 -10 -11 -12 -13 -14 -15
leaf_value=0.011393001543716048 -0.0030588320675914256 -0.083561755625805978 -0.021188798635593573 -0.061152618855149346 -0.027189290741315167 0.0053939973483655276 0.047411304395916898 0.011555768645235491 0.051113471602550947 -0.0091433674084484811 0.050721063254146326 -0.0071568043862745012 -0.0028851303026794705 -0.03394411705960073
leaf_weight=211.45703648030758 169.87701366841793 5.3351181894540787 60.218248769640923 8.9288869947195035 31.239089995622635 402.99609199166298 26.01054859161377 226.80437287688255 10.143922746181486 149.10416217148304 9.8727083653211576 90.121284648776054 508.7680548876524 6.1263620555400831
leaf_count=707 579 21 219 34 112 1357 78 743 30 517 30 311 1826 24
internal_value=0.00111389 -0.00126996 -0.00585338 0.00318798 -0.00098764 0.00304994 0.00890166 0.0152447 -6.3001e-06 -0.0120819 0.0072721 0.00584972 -0.00482229 -0.0570403
internal_weight=1917 891.899 580.448 1025.1 592.268 434.235 432.836 252.815 180.021 158.033 311.451 301.578 568.986 11.4615
internal_count=6588 3138 2090 3450 2020 1469 1430 821 609 551 1048 1018 2045 45
is_linear=0
shrinkage=0.05


Tree=60
num_leaves=11
num_cat=0
split_feature=7 5 4 7 3 11 7 6 4 5
split_gain=3.65941 10.7619 7.57178 5.76399 3.84297 10.2628 9.15211 8.93331 8.90836 13.5608
threshold=1.5544666666666933 -3.446099999999984 1.1468999999999785 1.1722666666666821 -6.0241999999999321 -0.0020130839087439951 4.8175666666666563 13.031900000000023 54.66346666666665 10.412416666666678
decision_type=2 2 2 2 2 2 2 2 2 2
left_child=1 -1 3 -3 8 6 -6 -7 9 -2
right_child=4 2 -4 -5 5 7 -8 -9 -10 -11
leaf_value=0.051244916263758988 0.00011177837451463441 -0.013111618115013896 0.042242887134533925 -0.050631444676428397 0.030644227433173406 -0.0041614053372401871 0.0071360692587504049 0.0055339595227201013 0.051375884198188206 -0.024289871426278819
leaf_weight=6.3599112182855597 497.08042484521866 40.515948668122292 4.9113164991140357 13.696720317006109 48.63293682038784 508.48706781864166 278.46771101653576 445.95982002466917 7.7256725877523413 64.30097833275795
leaf_count=20 1680 167 17 56 157 1805 932 1502 23 229
internal_value=0.00105873 -0.0105573 -0.0172053 -0.0225909 0.00146975 0.0029881 0.0106312 0.000368698 -0.00194935 -0.0026832
internal_weight=1916.14 65.4839 59.124 54.2127 1850.65 1281.55 327.101 954.447 569.107 561.381
internal_count=6588 260 240 223 6328 4396 1089 3307 1932 1909
is_linear=0
shrinkage=0.05


Tree=61
num_leaves=8
num_cat=0
split_feature=6 12 6 5 4 5 3
split_gain=3.6615 7.30412 5.27938 7.59728 5.17966 8.45908 6.87286
threshold=328.27360000000016 -0.54696610323734707 256.3870999999998 -22.504383333333312 54.66346666666665 41.403233333333354 118.39860000000014
decision_type=2 2 2 2 2 2 2
left_child=2 -2 4 -4 6 -6 -1
right_child=1 -3 3 -5 5 -7 -8
leaf_value=0.00078724602148624173 0.0056309771011065733 -0.073877855431232917 0.068138878229371841 -0.0030241294681246835 0.041655154948175482 -0.0078855242049056078 -0.045199177616690664
leaf_weight=1845.1067452579737 7.1395785212516785 4.8512565866112691 7.1255132555961609 7.9182816892862302 19.708018362522125 15.310801833868025 8.160834386944769
leaf_count=6337 25 25 20 30 62 56 33
internal_value=0.00100624 -0.0265367 0.00117976 0.0306823 0.000944717 0.0199952 0.000584746
internal_weight=1915.32 11.9908 1903.33 15.0438 1888.29 35.0188 1853.27
internal_count=6588 50 6538 50 6488 118 6370
is_linear=0
shrinkage=0.05


Tree=62
num_leaves=9
num_cat=0
split_feature=11 4 4 3 5 5 4 12
split_gain=3.64944 3.72593 11.9353 15.096 11.3949 20.2113 9.03107 5.30657
threshold=0.020128538532193655 -6.7153000000000747 -5.5817666666666836 0.37510000000014798 -1.7714833333333224 10.412416666666678 -4.341400000000049 -0.99910440260923983
decision_type=2 2 2 2 2 2 2 2
left_child=1 4 3 -3 7 -6 -4 -1
right_child=-2 2 6 -5 5 -7 -8 -9
leaf_value=0.0099707264079358839 0.040321431921299909 -0.040593652402705238 0.018743116403175504 0.014133368513319828 0.033669839195605275 -0.015216861005235484 -0.00046485904549789796 -0.0027698550868928045
leaf_weight=112.95441706478596 5.8695037066936484 38.790922835469246 64.276332199573517 18.663478597998619 72.480766296386719 29.849286288022995 1276.5181998461485 295.64422404766083
leaf_count=364 20 146 211 62 227 103 4441 1014
internal_value=0.000955938 0.000834914 -0.000500304 -0.0228161 0.00448898 0.0194098 0.000455952 0.000752195
internal_weight=1915.05 1909.18 1398.25 57.4544 510.929 102.33 1340.79 408.599
internal_count=6588 6568 4860 208 1708 330 4652 1378
is_linear=0
shrinkage=0.05


Tree=63
num_leaves=12
num_cat=0
split_feature=10 5 4 10 10 10 1 3 11 3 7
split_gain=3.45485 7.90083 7.2059 4.85103 14.8588 8.80801 8.41029 7.94478 7.51555 5.66233 2.29008
threshold=0.03030762244435881 -6.9034499999999843 14.792933333333327 0.01009642084455198 0.010072014932116515 0.010111734693918352 4.2500000000000009 -23.018999999999924 0.0020116676318093778 48.881200000000128 32.001866666666643
decision_type=2 2 2 2 2 2 2 2 2 2 2
left_child=3 -2 10 4 9 6 -5 -6 -7 -1 -3
right_child=1 2 -4 5 7 8 -8 -9 -10 -11 -12
leaf_value=0.0014707382489293932 -0.029599841184670635 0.029693293771057651 -0.012727120029649923 -0.040876802744287441 -0.030192230002088989 0.0086522892283310195 0.00019494796775419644 0.032085414566281494 -0.0077238695752510954 -0.0142941501474398 0.064059255975918772
leaf_weight=1413.9732572138309 7.2911062091588965 10.930359855294233 7.4821015596389762 30.038028880953789 5.6537042111158362 114.16268602013588 21.304418742656708 54.353724002838135 181.36181662231684 59.348458215594292 8.7110670655965787
leaf_count=4846 26 34 28 118 20 391 71 172 636 221 25
internal_value=0.000908437 0.0166075 0.0290286 0.000621085 0.00182903 -0.00471867 -0.0238342 0.0262178 -0.00139767 0.000835696 0.0449348
internal_weight=1914.61 34.4146 27.1235 1880.2 1533.33 346.867 51.3424 60.0074 295.525 1473.32 19.6414
internal_count=6588 113 87 6475 5259 1216 189 192 1027 5067 59
is_linear=0
shrinkage=0.05


Tree=64
num_leaves=15
num_cat=0
split_feature=10 5 5 3 7 5 10 4 4 6 3 5 7 11
split_gain=3.44456 8.67526 7.41929 7.57911 6.95709 12.4986 7.6807 7.13012 12.7023 7.0598 6.86101 11.6752 8.12873 1.37599
threshold=-0.010102540814782566 -4.3087833333333085 -5.2828166666666521 5.4018000000001365 3.1385666666666663 -5.1382666666666523 0.010105603582966085 2.0843999999999876 -1.5219000000000293 166.51580000000001 2.0770000000000706 -3.1246833333333144 10.894799999999989 -0.0040499151711537165
decision_type=2 2 2 2 2 2 2 2 2 2 2 2 2 2
left_child=1 2 3 -1 5 -2 -7 8 -6 -9 11 -3 -12 -4
right_child=4 10 13 -5 7 6 -8 9 -10 -11 12 -13 -14 -15
leaf_value=0.0026197633532840693 0.038959019819233554 0.044351800645708789 -0.024964695473693746 -0.034682926114350879 0.00081294656911318262 -0.024229938608724938 0.0080869555945380558 -0.0023788957843461828 0.017210049243296128 -0.038396225734693409 0.049624264084237625 0.0011142729564259529 0.013147002177090762 -0.059451896577597765
leaf_weight=117.80686791241169 10.954468697309492 17.133632898330688 5.4250683337450027 15.396510258316992 598.53801757097244 83.501819491386414 23.577034056186676 617.18016450107098 147.14690931141376 13.912020631134508 20.350373461842537 175.8949358612299 61.211390852928162 6.1950235217809659
leaf_count=388 35 52 20 55 2042 339 87 2143 482 63 62 591 205 24
internal_value=0.000863126 0.00486729 -0.00503448 -0.00169192 -0.000260363 -0.0119102 -0.0171143 0.000738397 0.00404861 -0.00317287 0.0100897 0.00495213 0.0222484 -0.0433509
internal_weight=1914.22 419.414 144.823 133.203 1494.81 118.033 107.079 1376.78 745.685 631.092 274.59 193.029 81.5618 11.6201
internal_count=6588 1397 487 443 5191 461 426 4730 2524 2206 910 643 267 44
is_linear=0
shrinkage=0.05


Tree=65
num_leaves=8
num_cat=0
split_feature=11 4 3 5 4 5 4
split_gain=3.32727 3.67332 7.29854 8.98979 5.64208 16.7016 7.07935
threshold=0.020128538532193655 54.66346666666665 -9.4203999999998818 45.441900000000025 34.889299999999949 1.0668500000000189 33.360899999999965
decision_type=2 2 2 2 2 2 2
left_child=1 4 -3 -4 6 -6 -1
right_child=-2 2 3 -5 5 -7 -8
leaf_value=0.00065355303696651912 0.038560746491141495 0.062235709527044485 0.026666490407770912 -0.026947904204515167 0.04855409079738629 -0.02709713844603881 0.046942107402493473
leaf_weight=1803.5041101798415 5.8223018944263449 6.9607472270727149 20.172406375408173 12.766793593764303 8.6410303711891157 46.859260633587837 8.298118054866789
leaf_count=6203 20 20 68 53 26 173 25
internal_value=0.000820497 0.000705283 0.0157167 0.00588627 0.000384524 -0.0153187 0.000865556
internal_weight=1913.02 1907.2 39.8999 32.9392 1867.3 55.5003 1811.8
internal_count=6588 6568 141 121 6427 199 6228
is_linear=0
shrinkage=0.05


Tree=66
num_leaves=13
num_cat=0
split_feature=0 0 6 7 0 8 11 6 6 3 4 8
split_gain=3.27793 9.47268 7.12048 9.55896 5.54054 13.5843 5.44002 5.18567 10.9266 8.80611 6.76134 7.49646
threshold=1.6045000000000003 2.3490000000000006 0.55899999999995742 6.8477666666666872 3.3630000000000004 -0.18800000000000006 0.0020313846087449687 38.632200000000061 36.719599999999964 23.793900000000139 54.66346666666665 74.241
decision_type=2 2 2 2 2 2 2 2 2 2 2 2
left_child=7 2 -2 -4 5 -3 -6 8 9 -1 11 -9
right_child=1 4 3 -5 6 -7 -8 10 -10 -11 -12 -13
leaf_value=-0.00056520279002289151 0.064900446466899936 0.01023198453076065 -0.022346870381446917 0.023485896011845628 0.0041516866326917609 -0.029328532690993198 -0.0040400735013783407 -0.026296129745938007 0.066392181793589536 -0.06100117211155074 0.039993893359919763 0.017670075460373604
leaf_weight=571.45880815386772 7.6715363115072241 40.500346079468727 14.279651552438734 55.950957998633385 821.31407059729099 46.745630651712418 269.06259449571371 56.729201883077621 6.0411044210195533 6.0916938334703437 5.2698120921850196 11.693732023239134
leaf_count=2098 23 132 51 176 2703 169 911 225 18 25 17 40
internal_value=0.000779579 0.00227719 0.019163 0.0141669 0.00116015 -0.0109642 0.00213028 -0.0020811 -0.000502935 -0.00120265 -0.014579 -0.0187821
internal_weight=1912.81 1255.52 77.9021 70.2306 1177.62 87.246 1090.38 657.284 583.592 577.551 73.6927 68.4229
internal_count=6588 4165 250 227 3915 301 3614 2423 2141 2123 282 265
is_linear=0
shrinkage=0.05


Tree=67
num_leaves=8
num_cat=0
split_feature=6 12 6 5 5 4 5
split_gain=3.28107 6.79026 5.0398 6.80263 4.88976 7.33392 6.5107
threshold=328.27360000000016 -0.54696610323734707 256.3870999999998 -22.504383333333312 -35.395199999999974 -46.455833333333359 -85.877199999999974
decision_type=2 2 2 2 2 2 2
left_child=2 -2 4 -4 6 -6 -1
right_child=1 -3 3 -5 5 -7 -8
leaf_value=0.016718721832311705 0.0052106397664217529 -0.072282801047288889 0.065526369649950511 -0.0021364708002504997 0.023140074828290263 0.00069542553227256712 -0.021451311059774322
leaf_weight=14.403455793857573 7.1259651035070419 4.6855080947279912 7.0484806895256042 7.8535559773445112 37.153794825077057 1783.7841551154852 49.792235404253006
leaf_count=46 25 25 20 30 118 6145 179
internal_value=0.000740886 -0.0255303 0.0009042 0.0298672 0.000675246 0.00115338 -0.0128872
internal_weight=1911.85 11.8115 1900.04 14.902 1885.13 1820.94 64.1957
internal_count=6588 50 6538 50 6488 6263 225
is_linear=0
shrinkage=0.05


Tree=68
num_leaves=12
num_cat=0
split_feature=10 1 5 11 10 10 10 1 3 11 12
split_gain=3.26293 7.23861 8.33474 6.47855 4.21514 13.2535 7.91732 7.63076 7.34792 6.57275 5.67772
threshold=0.03030762244435881 1.2865000000000004 12.178566666666686 0.0061231779169546039 0.01009642084455198 0.010072014932116515 0.010111734693918352 4.2500000000000009 -23.018999999999924 0.0020116676318093778 0.99999999999817335
decision_type=2 2 2 2 2 2 2 2 2 2 2
left_child=4 -2 3 -3 5 10 7 -6 -7 -8 -1
right_child=1 2 -4 -5 6 8 9 -9 -10 -11 -12
leaf_value=0.00011699339455074681 -0.037846512707917709 0.012627382755260994 -0.027962784525152929 0.065516882617978056 -0.039053094831521536 -0.029698367149332522 0.007986276078450677 0.00014000640006695493 0.030219240838113295 -0.0073323804000042158 0.020097000869702605
leaf_weight=1434.3955826163292 5.2767683416604987 11.514060869812971 5.765035353600978 11.646707683801649 29.814119294285774 5.6482391059398642 114.14482410252094 21.285527288913727 54.378409221768379 181.15774058550596 36.460583969950676
leaf_count=4952 20 37 23 33 118 20 391 71 172 636 115
internal_value=0.000703928 0.0160086 0.0258331 0.0392236 0.00042509 0.00155211 -0.00455563 -0.0227272 0.0245813 -0.00141118 0.000612271
internal_weight=1911.49 34.2026 28.9258 23.1608 1877.29 1530.88 346.402 51.0996 60.0266 295.303 1470.86
internal_count=6588 113 93 70 6475 5259 1216 189 192 1027 5067
is_linear=0
shrinkage=0.05


Tree=69
num_leaves=12
num_cat=0
split_feature=12 12 9 0 7 7 9 5 13 5 5
split_gain=3.16457 4.55279 4.84422 8.57868 7.53801 4.35423 12.3932 10.6121 5.4115 10.5114 8.37609
threshold=-0.99910440260923983 -0.9999999982894735 -0.26550000000000001 0.20050000000000004 6.6167000000000122 35.514299999999999 -229.32249999999996 17.938533333333357 401.84850000000046 18.556816666666681 -4.0223666666666551
decision_type=2 2 2 2 2 2 2 2 2 2 2
left_child=1 2 3 -1 -4 6 -2 -8 10 -10 -7
right_child=5 -3 4 -5 -6 8 7 -9 9 -11 -12
leaf_value=0.045189815078140412 -0.076296021918559401 0.040529764568650484 -0.036665172925618154 0.0048162405153618255 0.00013536631003975664 0.00063965147280187944 -0.0029546760803232986 0.021321373259940886 -0.040643266668443902 0.0010205771213569873 0.017140170864484383
leaf_weight=13.702502503991125 5.6183191090822211 8.5221311300992948 16.801461279392242 330.66953021287918 81.00197896361351 200.5294194817543 972.76171416044235 47.202239096164703 18.143973648548126 91.387419782578945 124.76127192378044
leaf_count=42 24 26 60 1089 269 679 3445 153 69 325 407
internal_value=0.000668847 0.00433136 0.0036337 0.0064227 -0.00618653 -0.000461447 -0.00223915 -0.00183122 0.00373149 -0.00588108 0.00696822
internal_weight=1911.1 450.698 442.175 344.372 97.8034 1460.4 1025.58 1019.96 434.822 109.531 325.291
internal_count=6588 1486 1460 1131 329 5102 3622 3598 1480 394 1086
is_linear=0
shrinkage=0.05


Tree=70
num_leaves=12
num_cat=0
split_feature=9 9 5 7 12 3 9 3 8 9 11
split_gain=3.19719 7.10935 7.1481 7.8633 7.74295 6.08368 8.99972 8.98788 5.38319 7.84012 5.03183
threshold=-69.952999999999989 -1.0979999999999994 8.9466333333333381 108.20029999999998 -0.94068431104944394 -6.0241999999999321 -0.52549999999999997 -2.6353999999998829 -529.07549999999981 -529.6964999999999 0.0060619327960664835
decision_type=2 2 2 2 2 2 2 2 2 2 2
left_child=8 2 3 -2 -4 6 -3 -7 -1 -10 -11
right_child=1 5 4 -5 -6 7 -8 -9 9 10 -12
leaf_value=0.029516886819428625 0.0077800193295876584 -0.05410753129791715 0.0079775034844966185 0.048806103272415871 -0.019048298634106758 0.020990553967737333 -0.0058250641639106503 -0.00019932487330178965 -0.061768344064346836 -0.0032707569754049023 -0.037797752119790737
leaf_weight=10.420735582709311 422.0887193530798 10.053830265998839 52.881544068455696 12.011894658207892 53.129591077566147 53.091114774346352 241.11766020953655 871.5295495018363 6.4055934846401206 166.20762506127357 11.267707131803034
leaf_count=34 1396 37 173 36 192 172 843 3063 25 574 43
internal_value=0.000635813 0.00132416 0.00607272 0.00891524 -0.00556702 -0.000857141 -0.0077577 0.00101738 -0.00544305 -0.00742427 -0.00546284
internal_weight=1910.21 1715.9 540.112 434.101 106.011 1175.79 251.171 924.621 194.302 183.881 177.475
internal_count=6588 5912 1797 1432 365 4115 880 3235 676 642 617
is_linear=0
shrinkage=0.05


Tree=71
num_leaves=15
num_cat=0
split_feature=5 7 7 5 4 0 7 3 5 3 2 1 7 3
split_gain=3.09937 7.07493 10.6991 6.98417 6.94625 7.56247 7.53703 6.82798 6.48274 8.72636 5.88476 5.70106 5.23954 4.6086
threshold=-35.395199999999974 95.142633333333322 158.7062333333333 -85.877199999999974 -46.455833333333359 21.698500000000003 95.142633333333322 -21.201699999999928 -26.280749999999987 3.8083000000000946 1.5000000000000002 -26.089999999999996 81.325033333333309 -13.221099999999863
decision_type=2 2 2 2 2 2 2 2 2 2 2 2 2 2
left_child=1 7 13 -4 5 6 -2 12 9 -6 -9 -7 -1 -3
right_child=4 2 3 -5 8 11 -8 10 -10 -11 -12 -13 -14 -15
leaf_value=-0.081360793317479335 -0.024830724857437054 0.054650945592076117 0.009343359314593255 -0.052271262909399964 -0.0026194930652363134 0.01916397839760476 0.042191092911867692 -0.039656263144847964 0.00020846855688039158 0.057265797705706979 0.0091169353354372592 0.07253184958061086 -0.018107516755875578 0.00017270218169757032
leaf_weight=7.3412626236677152 11.907283186912538 11.025806039571764 9.830985903739931 8.6424764245748502 12.651922002434732 11.16502431035042 6.4762592911720267 9.8921488076448458 1771.4307510703802 11.716811582446097 16.500687345862389 9.0689520835876447 5.9091733396053314 5.991657927632331
leaf_count=30 43 33 32 33 44 35 20 39 6125 34 54 25 21 20
internal_value=0.000604337 -0.00934907 0.00686673 -0.0194819 0.00101201 0.0219933 -0.0012199 -0.0238664 0.000560819 0.0261742 -0.00916347 0.0430837 -0.0531523 0.0354698
internal_weight=1909.55 75.1342 35.4909 18.4735 1834.42 38.6175 18.3835 39.6433 1795.8 24.3687 26.3928 20.234 13.2504 17.0175
internal_count=6588 262 118 65 6326 123 63 144 6203 78 93 60 51 53
is_linear=0
shrinkage=0.05


Tree=72
num_leaves=10
num_cat=0
split_feature=6 12 7 3 10 5 4 5 6
split_gain=3.08283 6.19818 4.47856 8.03729 8.73499 5.90523 6.17031 5.30312 3.74651
threshold=328.27360000000016 -0.54696610323734707 124.07969999999999 -0.47289999999990823 0.01006897248688743 -35.395199999999974 -73.033300000000011 51.151350000000008 241.01249999999996
decision_type=2 2 2 2 2 2 2 2 2
left_child=2 -2 5 8 -5 6 -1 -7 -4
right_child=1 -3 3 4 -6 7 -8 -9 -10
leaf_value=0.012472556067922691 0.0040449363885352359 -0.070790493071782229 0.020953273610249488 -0.028397203556901354 0.030953985143733816 0.0009568545199858475 -0.028446096945802482 -0.034057275795468432 0.060155216518358756
leaf_weight=12.660181462764738 7.1094869375228882 4.5297740399837476 27.012034982442856 16.918842926621441 9.7844992578029615 1778.4785488396883 33.836776584386826 10.880120813846586 7.8704914152622214
leaf_count=42 25 25 86 65 31 6122 125 44 23
internal_value=0.000574378 -0.0250796 0.000731744 0.0139945 -0.00665005 0.00028683 -0.0173048 0.000743953 0.0297983
internal_weight=1909.08 11.6393 1897.44 61.5859 26.7033 1835.86 46.497 1789.36 34.8825
internal_count=6588 50 6538 205 96 6333 167 6166 109
is_linear=0
shrinkage=0.05


Tree=73
num_leaves=8
num_cat=0
split_feature=11 4 3 5 4 5 5
split_gain=3.05568 3.38676 6.62124 7.95434 4.86173 14.5312 6.40671
threshold=0.020128538532193655 54.66346666666665 -9.4203999999998818 45.441900000000025 34.889299999999949 1.0668500000000189 17.938533333333357
decision_type=2 2 2 2 2 2 2
left_child=1 4 -3 -4 6 -6 -1
right_child=-2 2 3 -5 5 -7 -8
leaf_value=-0.00016294588389132437 0.03708727372684794 0.05960430883930426 0.025020913715075491 -0.025595036808114775 0.045199155745672917 -0.025495984716824266 0.01258011601761426
leaf_weight=1703.2330873087049 5.703932359814643 6.8506412357091895 20.186008259654045 12.611169487237929 8.6104319095611555 46.649803429841995 104.69724138081074
leaf_count=5885 20 20 68 53 26 173 343
internal_value=0.00054572 0.000436184 0.0148966 0.00555807 0.000128473 -0.0144805 0.000575005
internal_weight=1908.54 1902.84 39.6478 32.7972 1863.19 55.2602 1807.93
internal_count=6588 6568 141 121 6427 199 6228
is_linear=0
shrinkage=0.05


Tree=74
num_leaves=15
num_cat=0
split_feature=9 9 11 10 9 7 4 6 6 7 7 5 2 1
split_gain=3.01718 8.87924 7.82776 7.93025 6.30321 5.31613 13.3318 10.4458 7.63797 7.86838 5.22058 3.49993 3.25157 3.10003
threshold=196.00600000000003 307.14700000000005 0.0020390477699927527 0.01010050000050944 589.14200000000017 38.259533333333316 27.308833333333272 85.909000000000091 2.2971999999998851 49.801866666666676 62.321000000000033 9.513300000000017 3.5000000000000004 27.039000000000005
decision_type=2 2 2 2 2 2 2 2 2 2 2 2 2 2
left_child=5 2 3 -2 13 6 7 -1 10 -10 -7 -4 -6 -3
right_child=1 4 11 -5 12 8 -8 -9 9 -11 -12 -13 -14 -15
leaf_value=2.818657146733469e-05 -0.033559663806660554 -0.0059086388298654454 -0.036329197633502786 0.03488223228202094 0.0026153291338412957 0.013179943778553924 -0.058213500042941936 -0.065203997451235146 0.014587445092099152 -3.2083242749848357e-05 0.065349426277885356 -0.091040479109773129 -0.051729541540594753 0.037652038148641702
leaf_weight=1360.3552045971155 11.990862458944326 5.7240306288003984 6.3409367054700834 6.5411646068096152 6.1304949373006803 10.896364808082582 9.9983179867267591 6.1648207157850257 128.87039789557457 322.00337576121092 8.5646375715732557 5.4231158271431923 4.9950919523835182 14.257527753710745
leaf_count=4718 44 20 23 20 21 38 40 24 420 1102 26 23 23 46
internal_value=0.000518548 -0.0103851 -0.0296515 -0.00940204 0.00837889 0.000881068 -0.000686997 -0.000266097 0.00547029 0.00414652 0.0361393 -0.0615506 -0.0217841 0.0251734
internal_weight=1908.26 61.4032 30.2961 18.532 31.1071 1846.85 1376.52 1366.52 470.335 450.874 19.461 11.7641 11.1256 19.9816
internal_count=6588 220 110 64 110 6368 4782 4742 1586 1522 64 46 44 66
is_linear=0
shrinkage=0.05


Tree=75
num_leaves=12
num_cat=0
split_feature=10 5 4 10 10 10 5 3 11 12 7
split_gain=2.99249 7.365 5.89843 3.7806 11.5672 7.11783 7.3325 6.92456 5.94668 5.32911 2.01159
threshold=0.03030762244435881 -6.9034499999999843 14.792933333333327 0.01009642084455198 0.010072014932116515 0.010111734693918352 7.8639333333333488 -23.018999999999924 -0.0040809039494205104 0.99999999999817335 32.001866666666643
decision_type=2 2 2 2 2 2 2 2 2 2 2
left_child=3 -2 10 4 9 6 -5 -6 -7 -1 -3
right_child=1 2 -4 5 7 8 -8 -9 -10 -11 -12
leaf_value=-6.4622219301318105e-05 -0.029540400154661486 0.027673254759945781 -0.010915043615444247 -0.031059601580883025 -0.030055871993028477 0.026229361306768662 0.017061307017905505 0.028278931568910839 -0.003333320950006441 0.019305416766335723 0.060224935285480202
leaf_weight=1432.0337982550263 7.2223595529794684 10.880674749612814 7.291506513953208 41.02639040350914 5.6124513745307913 18.124785900115967 9.8090715557336789 54.354896456003189 276.7907173037529 36.411471977829933 8.4178082048892957
leaf_count=4952 26 34 28 156 20 59 33 172 968 115 25
internal_value=0.000492562 0.0152349 0.0273967 0.000226592 0.00129468 -0.00449497 -0.0217743 0.0228193 -0.00151647 0.000415676 0.041872
internal_weight=1907.98 33.8123 26.59 1874.16 1528.41 345.751 50.8355 59.9673 294.916 1468.45 19.2985
internal_count=6588 113 87 6475 5259 1216 189 192 1027 5067 59
is_linear=0
shrinkage=0.05


Tree=76
num_leaves=15
num_cat=0
split_feature=9 9 8 1 12 5 5 12 4 5 7 8 11 12
split_gain=2.97283 6.48198 5.92084 9.57179 6.2432 5.4412 7.97221 7.40608 5.16075 10.9261 7.6971 8.38079 6.4618 5.73819
threshold=-69.952999999999989 -0.91300000000000081 -49.266499999999986 -37.819999999999993 0.99999999950616991 8.9466333333333381 -9.8615166666666507 -0.94068431104944394 -8.3058333333333749 -3.7201999999999855 72.623000000000005 -59.048499999999997 -0.0020228582366710319 -0.92298336905347
decision_type=2 2 2 2 2 2 2 2 2 2 2 2 2 2
left_child=8 5 4 -4 -3 6 -2 -7 10 -10 13 -12 -11 -1
right_child=1 2 3 -5 -6 7 -8 -9 9 12 11 -13 -14 -15
leaf_value=0.005913188966414868 -0.0045872502986266175 0.023292385412058161 -0.076141949822640734 -0.0016056750390455049 -0.0087073562282393626 0.0085208030413623428 0.011548815624521381 -0.017720304852582226 -0.044092504675302652 -0.022828774720346716 -0.00042853012122160956 -0.066830058166515008 0.0051684440070853101 0.045140369165507968
leaf_weight=47.82594795525074 98.063580244779587 47.778636336326599 4.3243960738182059 1084.7972292900085 22.3831737190485 54.113248690962791 348.85213488340378 53.444327235221863 21.845998913049698 31.807526901364326 15.413387075066568 6.8698929995298377 58.539059430360794 11.579943582415579
leaf_count=156 331 156 17 3810 81 177 1147 193 84 115 51 27 208 35
internal_value=0.000468064 0.00113196 -0.000994683 -0.00190162 0.0130838 0.00557831 0.00800819 -0.00451815 -0.00540025 -0.012361 0.00415975 -0.0209 -0.00468829 0.0135597
internal_weight=1907.64 1713.76 1159.28 1089.12 70.1618 554.473 446.916 107.558 193.882 112.193 81.6892 22.2833 90.3466 59.4059
internal_count=6588 5912 4064 3827 237 1848 1478 370 676 407 269 78 323 191
is_linear=0
shrinkage=0.05


Tree=77
num_leaves=15
num_cat=0
split_feature=6 11 3 6 7 5 6 8 3 11 7 7 9 5
split_gain=2.88124 10.3519 10.979 8.64424 8.93324 10.2072 8.39931 11.3465 10.176 8.16852 7.11613 13.9887 6.84435 5.73688
threshold=13.238199999999933 -0.0020068230775738267 -8.9824999999998774 29.860099999999914 29.249866666666666 -48.623983333333321 27.044099999999951 25.780500000000004 -6.0241999999999321 -0.0081494406361881638 31.636533333333336 39.548366666666659 -17.010000000000002 -8.0599333333333121
decision_type=2 2 2 2 2 2 2 2 2 2 2 2 2 2
left_child=1 10 -3 6 9 -6 8 -8 -2 -5 13 -12 -4 -1
right_child=3 2 12 4 5 -7 7 -9 -10 -11 11 -13 -14 -15
leaf_value=0.028295069422864933 -0.0045202140653856551 -0.054222214837357577 -0.020582144478107262 -0.058373078356284018 -0.025669695141665335 0.0041850068286625516 0.0098576981692985524 0.060308946718395852 0.012042735032264135 -0.0090826391814646783 -0.051138049744929498 0.0075397755285680872 -0.0027209518535833573 0.0060810859942115126
leaf_weight=33.245252251625061 159.36769206821918 11.374996930360792 59.979147478938103 8.909173369407652 30.839885100722313 399.52854212373495 32.86373008787632 16.862887784838676 221.79700754582882 148.6466648131609 15.476694762706755 29.550952360033989 507.11236850917339 231.11921016871929
leaf_count=106 547 45 219 34 112 1357 108 48 727 517 58 98 1826 786
internal_value=0.000444867 -0.00163721 -0.00558564 0.00225932 -0.00168352 0.00204564 0.00763907 0.0269663 0.00511765 -0.0118698 0.00574511 -0.0126287 -0.00461006 0.00887461
internal_weight=1906.67 887.859 578.467 1018.82 587.924 430.368 430.891 49.7266 381.165 157.556 309.392 45.0276 567.092 264.364
internal_count=6588 3138 2090 3450 2020 1469 1430 156 1274 551 1048 156 2045 892
is_linear=0
shrinkage=0.05


Tree=78
num_leaves=15
num_cat=0
split_feature=4 4 3 5 5 7 12 4 4 5 4 9 12 7
split_gain=2.96344 10.9041 13.197 9.77876 17.8614 18.3528 9.69322 8.12923 12.9366 10.8608 7.55598 6.50703 4.95277 8.05435
threshold=-6.7153000000000747 -5.5817666666666836 0.37510000000014798 -1.6245666666666565 10.412416666666678 27.479333333333326 -0.99999999998461764 -4.341400000000049 -1.9732333333333572 -6.1959833333333263 -6.0435666666666767 69.466500000000011 -0.99999999942692919 38.259533333333316
decision_type=2 2 2 2 2 2 2 2 2 2 2 2 2 2
left_child=3 2 6 12 11 -6 -2 9 -9 -3 -4 -5 -1 -14
right_child=1 7 10 4 5 -7 -8 8 -10 -11 -12 -13 13 -15
leaf_value=0.0095944175641395953 -0.10685752129862632 0.059917305684234215 0.04392339470333697 0.036809442142364694 -0.042907515260009216 0.03985707970860683 -0.029595656070275707 -0.014299169049463678 0.0011400581023512056 0.0075329873436325821 -0.019854510053456884 -0.012264836243810319 -0.012176123396871116 0.004253984121265343
leaf_weight=105.41430124640465 4.6107760965824118 12.223140120506285 9.4144909232854861 62.50428581237793 19.652744889259342 10.161340922117232 33.956280887126923 154.33931361138821 1122.1040384843946 51.938831344246864 9.16478183865547 7.5732860118150702 133.41962215304375 169.17047260701656
leaf_count=342 19 36 29 194 72 31 127 548 3913 175 33 27 472 570
internal_value=0.000422947 -0.000765607 -0.0221554 0.0036939 0.0177153 -0.0146994 -0.0388325 0.000146182 -0.000726754 0.0175124 0.012463 0.031506 0.000261035 -0.00299047
internal_weight=1905.65 1397.75 57.1463 507.896 99.8917 29.8141 38.5671 1340.61 1276.44 64.162 18.5793 70.0776 408.004 302.59
internal_count=6588 4880 208 1708 324 103 146 4672 4461 211 62 221 1384 1042
is_linear=0
shrinkage=0.05


Tree=79
num_leaves=11
num_cat=0
split_feature=7 5 4 7 5 7 7 5 4 11
split_gain=2.82199 9.33305 6.95058 5.27612 3.45113 9.01274 10.769 8.43225 9.00969 8.82323
threshold=1.5544666666666933 -3.446099999999984 1.1468999999999785 1.0206999999999813 -2.6354333333333249 2.4369000000000005 13.276866666666663 5.542000000000014 -6.4074666666666866 -0.0081494406361881638
decision_type=2 2 2 2 2 2 2 2 2 2
left_child=1 -1 3 -3 5 -2 -7 8 -6 -9
right_child=4 2 -4 -5 7 6 -8 9 -10 -11
leaf_value=0.047925261582668105 0.044539410853361827 -0.0096203837731581379 0.040780171743581138 -0.04237040333591921 0.023078297933914714 -0.014116729065937049 0.00074536110162171272 0.034226744527160971 0.0042408276468561485 -0.0032545321383154386
leaf_weight=6.3093865364789954 10.23474398255348 34.471934571862221 4.9222296774387351 19.118431270122528 71.927612379193306 159.12418898940086 520.84687782824039 16.188641741871834 540.16026362776756 521.69713646918535
leaf_count=20 32 143 17 80 231 567 1762 51 1848 1837
internal_value=0.000402138 -0.0098513 -0.0160813 -0.021304 0.000763324 -0.00203163 -0.00273261 0.00244084 0.00645445 -0.00212647
internal_weight=1905 64.822 58.5126 53.5904 1840.18 690.206 679.971 1149.97 612.088 537.886
internal_count=6588 260 240 223 6328 2361 2329 3967 2079 1888
is_linear=0
shrinkage=0.05


Tree=80
num_leaves=14
num_cat=0
split_feature=9 11 5 9 3 9 3 5 4 3 3 5 5
split_gain=2.77244 8.1082 12.7664 6.67014 6.05082 4.54061 6.15225 6.32234 3.75409 5.49594 4.66458 3.12611 3.09794
threshold=196.00600000000003 0.0020390477699927527 8.9466333333333381 307.14700000000005 -15.440199999999875 122.05850000000001 -21.201699999999928 2.7347666666666779 54.66346666666665 -9.4203999999998818 51.650200000000147 9.513300000000017 10.910400000000005
decision_type=2 2 2 2 2 2 2 2 2 2 2 2 2
left_child=5 2 4 11 -2 8 -7 -8 10 -10 -1 -3 -5
right_child=1 3 -4 12 -6 6 7 -9 9 -11 -12 -13 -14
leaf_value=0.00044632446198862537 0.018855541069212098 -0.035642479565418182 0.052207770844689964 0.016754047815412881 -0.032027855649835374 -0.028736616075351246 0.039778460023923025 0.00016569858177751669 0.057292468821735991 0.006739938019386724 -0.015129602636142806 -0.087575089061673064 -0.030694355941609155
leaf_weight=1712.4839795976877 9.1128611266613024 6.3164751827716845 10.309234336018561 6.5656532794237119 16.280453979969025 6.6462389379739752 23.915360063314438 17.402286142110825 6.733232542872428 26.681625880300999 49.454831048846245 5.3539773225784302 7.2263522669672966
leaf_count=5913 30 23 31 21 60 24 72 58 20 97 184 23 32
internal_value=0.0003821 -0.0100907 0.00528315 -0.0316473 -0.0137674 0.000729607 0.0159122 0.0230942 0.000323996 0.0169265 9.13286e-06 -0.0594673 -0.00810665
internal_weight=1904.48 61.165 35.7025 25.4625 25.3933 1843.32 47.9639 41.3176 1795.35 33.4149 1761.94 11.6705 13.792
internal_count=6588 220 121 99 90 6368 154 130 6214 117 6097 46 53
is_linear=0
shrinkage=0.05


Tree=81
num_leaves=12
num_cat=0
split_feature=10 5 4 10 10 4 8 10 3 12 7
split_gain=2.76907 6.70512 5.11055 3.37847 12.0341 7.93999 5.979 13.0159 6.8558 4.62804 1.93988
threshold=0.03030762244435881 -6.9034499999999843 14.792933333333327 0.01009336363914093 0.010072014932116515 23.418399999999938 225.92250000000001 0.020229606080157673 9.1319000000001385 0.99999999999817335 32.001866666666643
decision_type=2 2 2 2 2 2 2 2 2 2 2
left_child=3 -2 10 4 9 -6 8 -8 -5 -1 -3
right_child=1 2 -4 6 5 -7 7 -9 -10 -11 -12
leaf_value=-0.00016438443837079979 -0.028114210226388676 0.02592260110625141 -0.0094603712201381824 -0.0011362637014000888 0.033841127545964626 -0.015648130498650971 0.053402765932796525 -0.035100951512478704 -0.016767172790467223 0.017902155616492978 0.058075245258377477
leaf_weight=1429.2764299884439 7.2142545729875556 10.830391138792043 7.2479470744729033 232.93421502411366 43.060037031769753 9.9838748127222043 12.231092162430288 6.2908933311700812 100.38104677200317 36.349107518792152 8.2758176773786527
leaf_count=4952 26 34 28 822 134 35 39 24 354 115 25
internal_value=0.000363066 0.0145965 0.0262882 0.000107631 0.00113043 0.0245263 -0.00430717 0.023343 -0.00584366 0.000283685 0.0398495
internal_weight=1904.08 33.5684 26.3542 1870.51 1518.67 53.0439 351.837 18.522 333.315 1465.63 19.1062
internal_count=6588 113 87 6475 5236 169 1239 63 1176 5067 59
is_linear=0
shrinkage=0.05


Tree=82
num_leaves=10
num_cat=0
split_feature=3 7 12 10 4 9 5 7 11
split_gain=2.77956 7.37295 6.84867 7.53522 10.8851 8.60781 6.01154 12.583 9.73681
threshold=-6.0241999999999321 3.5963999999999858 -0.99999999999832589 -0.010089290244114089 -5.9361000000000113 35.327000000000005 10.412416666666678 103.27013333333336 0.0080368692068710796
decision_type=2 2 2 2 2 2 2 2 2
left_child=1 -1 -2 5 -5 -4 8 -8 -3
right_child=2 6 3 4 -6 -7 7 -9 -10
leaf_value=-0.062055694828611785 -0.046291378128217632 0.00094974426274360528 0.012705595550365821 0.011551278575849436 -0.0021864081087634309 -0.016753807613189838 -0.023578023168113953 0.039609957278766067 -0.049118796263967979
leaf_weight=5.1658614724874488 7.4278716444969168 478.55963446199894 230.00068904459476 171.63462188839912 901.86705134063959 27.792455673217773 62.386968985199928 9.0175441801547986 9.9112788289785367
leaf_count=20 29 1623 763 573 3194 97 224 28 37
internal_value=0.000345054 -0.00259568 0.00158627 0.0018534 1.00139e-05 0.0095296 -0.00204706 -0.0155981 -6.61673e-05
internal_weight=1903.76 565.041 1338.72 1331.29 1073.5 257.793 559.875 71.4045 488.471
internal_count=6588 1932 4656 4627 3767 860 1912 252 1660
is_linear=0
shrinkage=0.05


Tree=83
num_leaves=15
num_cat=0
split_feature=9 9 11 5 9 10 8 7 4 6 5 12 1 5
split_gain=2.68442 7.6324 6.52118 7.04638 5.47386 4.08464 10.0485 4.54348 11.5017 7.50508 4.53249 2.95333 2.73349 2.06419
threshold=196.00600000000003 307.14700000000005 0.0020390477699927527 2.7347666666666779 589.14200000000017 0.030246509125608782 0.54599999999999993 38.259533333333316 27.308833333333272 1.9477999999998639 -6.3875333333333204 0.9999999999995004 27.039000000000005 -10.698149999999986
decision_type=2 2 2 2 2 2 2 2 2 2 2 2 2 2
left_child=5 2 3 -2 12 7 -7 8 -1 -9 -8 -4 -3 -6
right_child=1 4 11 -5 13 6 10 9 -10 -11 -12 -13 -14 -15
leaf_value=-0.00068700123143405488 -0.035754053794238363 -0.0061557160458848587 -0.081148616561866171 0.026813634622578769 -0.0017484132505501762 -0.038884038928685999 -0.00058651183612889188 0.038446176589507816 -0.054721362610992211 0.0034637801330787109 0.048574586750837812 -0.030520288307522167 0.034814387579654792 -0.045377790349382413
leaf_weight=1344.7763437330723 10.729937523603445 5.7052613198757234 6.1374313160777074 7.7502381950616828 6.1940770149230957 5.8845902383327511 6.5900649726390901 15.882017120718954 9.9209814220666868 442.65059142559767 16.248406946659085 5.4280035495758057 14.214612022042273 4.8211015909910184
leaf_count=4684 39 20 26 25 21 22 22 52 40 1499 49 20 46 23
internal_value=0.000328067 -0.00999305 -0.027942 -0.00951434 0.00743985 0.000669763 0.0193774 0.000373419 -0.00108272 0.00467545 0.0343891 -0.0573872 0.0230801 -0.020844
internal_weight=1902.93 60.9807 30.0456 18.4802 30.9351 1841.95 28.7231 1813.23 1354.7 458.533 22.8385 11.5654 19.9199 11.0152
internal_count=6588 220 110 64 110 6368 93 6275 4724 1551 71 46 66 44
is_linear=0
shrinkage=0.05


Tree=84
num_leaves=15
num_cat=0
split_feature=9 9 8 1 12 5 5 3 8 7 7 8 4 7
split_gain=2.69246 5.73773 5.44157 8.55822 5.57463 4.92013 11.3792 7.51061 4.85138 7.5925 10.5158 5.4541 6.00542 4.38816
threshold=-69.952999999999989 -0.91300000000000081 -49.266499999999986 -22.431499999999996 0.99999999960552122 -13.432433333333323 -16.365149999999975 -61.928599999999861 -97.962499999999991 72.623000000000005 38.259533333333316 -134.06449999999998 -20.40850000000005 124.07969999999999
decision_type=2 2 2 2 2 2 2 2 2 2 2 2 2 2
left_child=8 5 4 -4 -3 6 -2 -7 11 10 -10 12 -1 -11
right_child=1 2 3 -5 -6 7 -8 -9 9 13 -12 -13 -14 -15
leaf_value=0.01217706084587917 0.0011871559115717485 0.021546029966432026 -0.04941719084802379 -0.0015138244798300932 -0.0094766484292638925 0.061557550179342384 -0.056141515178934315 0.0061756213005950324 -0.019230735612688444 -0.063741342953449742 0.017130709067176699 0.020605720697008379 -0.020329559844319455 -0.01579349386466215
leaf_weight=25.922123342752457 56.471185907721519 49.449516013264656 9.405164569616316 1077.3341256305575 20.477715879678726 6.2009205073118201 10.222774371504782 479.80297292768955 55.450377345085144 10.059580922126772 31.00014154613018 30.223216876387596 31.441906273365021 9.0780635029077512
leaf_count=84 190 163 35 3792 74 18 38 1602 204 40 103 98 113 34
internal_value=0.000311671 0.00094399 -0.00105846 -0.0019284 0.0124612 0.00513466 -0.00760012 0.00688224 -0.00528357 -0.0125003 -0.00619195 0.00341632 -0.0056402 -0.040997
internal_weight=1902.54 1709.36 1156.67 1086.74 69.9272 552.698 66.694 486.004 193.175 105.588 86.4505 87.5872 57.364 19.1376
internal_count=6588 5912 4064 3827 237 1848 228 1620 676 381 307 295 197 74
is_linear=0
shrinkage=0.05


Tree=85
num_leaves=6
num_cat=0
split_feature=6 12 6 11 9
split_gain=2.61236 5.82613 4.14225 3.85641 3.81003
threshold=328.27360000000016 -0.54696610323734707 284.23779999999999 0.016177650956844539 -229.32249999999996
decision_type=2 2 2 2 2
left_child=2 -2 3 4 -1
right_child=1 -3 -4 -5 -6
leaf_value=-0.014023661009658876 0.0042947335393054885 -0.06944695752364459 0.037485766160262272 0.030630002677278535 0.00048304298836993905
leaf_weight=46.412144973874092 7.0874149650335312 4.3057724758982641 7.5157413333654395 10.417093321681021 1826.0552418529987
leaf_count=167 25 25 25 33 6313
internal_value=0.000296257 -0.0235741 0.000440121 0.000292249 0.000123471
internal_weight=1901.79 11.3932 1890.4 1882.88 1872.47
internal_count=6588 50 6538 6513 6480
is_linear=0
shrinkage=0.05


Tree=86
num_leaves=12
num_cat=0
split_feature=7 5 7 5 5 5 7 5 4 11 7
split_gain=2.56624 8.49342 6.40191 5.22744 3.31563 8.77106 15.477 7.43327 7.83555 7.75495 7.24436
threshold=1.5544666666666933 -3.446099999999984 1.4311666666666951 -1.6245666666666565 -2.6354333333333249 -3.1246833333333144 14.297800000000009 5.542000000000014 -6.4074666666666866 -0.0081494406361881638 2.7116333333333356
decision_type=2 2 2 2 2 2 2 2 2 2 2
left_child=1 -1 3 -3 5 10 -7 8 -6 -9 -2
right_child=4 2 -4 -5 7 6 -8 9 -10 -11 -12
leaf_value=0.045702614429718381 0.037627927517832442 -0.043163061009706176 -0.067194821127728718 -0.0026667150952844696 0.02157604591027934 -0.060656593501487825 0.0084415262025982034 0.032230089175997734 0.0039788078370742268 -0.0030781862539464217 -0.001577403435796247
leaf_weight=6.2850262075662604 12.002085626125334 9.7794874608516675 5.4263063669204703 43.041779741644859 71.661432534456253 16.880170240998268 15.586972758173941 16.030313566327095 539.49306838214397 520.40856485068798 645.00039952993393
leaf_count=20 38 40 24 176 231 66 52 51 1848 1837 2205
internal_value=0.000281372 -0.00951876 -0.0154773 -0.0101643 0.000625632 -0.00211485 -0.0274837 0.00227211 0.00604219 -0.00202307 -0.000861203
internal_weight=1901.6 64.5326 58.2476 52.8213 1837.06 689.47 32.4671 1147.59 611.155 536.439 657.002
internal_count=6588 260 240 216 6328 2361 118 3967 2079 1888 2243
is_linear=0
shrinkage=0.05


Tree=87
num_leaves=10
num_cat=0
split_feature=3 12 11 6 9 4 4 7 3
split_gain=2.55823 7.05274 7.27466 8.91096 7.00048 6.79621 9.05749 6.73249 5.88292
threshold=-6.7735999999998668 -0.99999999999832589 -0.0020130839087439951 13.031900000000023 -133.02599999999998 54.66346666666665 36.04213333333329 3.5963999999999858 -18.174299999999914
decision_type=2 2 2 2 2 2 2 2 2
left_child=5 -2 4 -4 -3 6 7 -1 -8
right_child=1 2 3 -5 -6 -7 8 -9 -10
leaf_value=-0.07676389678468469 -0.046537770708597076 -0.034578565863937608 -0.0047037528841034782 0.0048071617730173237 0.0090131019172681598 0.046477103796205607 -0.015857367628946323 -0.0019189676956496598 -0.090664573813281954
leaf_weight=3.0220799446105948 7.6219220757484427 9.4627356827259046 555.94158257544041 442.1343761831522 344.87496967613697 6.9519949555397025 5.9473376721143723 520.37510910630226 4.7090493440628034
leaf_count=12 30 37 2010 1499 1158 22 22 1778 20
internal_value=0.000267308 0.00142414 0.00169444 -0.000490544 0.00784897 -0.00264085 -0.00328024 -0.00235112 -0.0489146
internal_weight=1901.04 1360.04 1352.41 998.076 354.338 541.006 534.054 523.397 10.6564
internal_count=6588 4734 4704 3509 1195 1854 1832 1790 42
is_linear=0
shrinkage=0.05


Tree=88
num_leaves=12
num_cat=0
split_feature=9 0 1 7 9 3 5 3 2 5 6
split_gain=2.46959 7.31499 7.29235 6.93364 3.95924 5.60207 5.72435 3.68038 3.27856 5.7131 5.60988
threshold=196.00600000000003 18.221500000000002 47.311000000000014 38.259533333333316 122.05850000000001 -21.201699999999928 2.7347666666666779 2.9260000000000135 3.5000000000000004 21.689550000000008 30.756299999999953
decision_type=2 2 2 2 2 2 2 2 2 2 2
left_child=4 7 -3 -4 8 -6 -7 -2 10 -10 -1
right_child=1 2 3 -5 5 6 -8 -9 9 -11 -12
leaf_value=0.001134721896775753 -0.021327830119982006 0.044380813605140478 0.019153245672353696 -0.024591986815564747 -0.027908247874050399 0.037571821686643754 -0.00019675907745254673 -0.074682667349833462 0.0039363393409821059 0.035949090921182661 -0.0058231319100496611
leaf_weight=1249.1903644949198 8.3797076344490034 7.6411060094833365 14.08288937807083 25.387440219521523 6.6178845167160025 23.807388916611671 17.339043229818344 5.2614939510822287 149.83592221140862 15.366173699498175 377.16351047158241
leaf_count=4354 31 23 45 99 24 72 58 22 494 51 1315
internal_value=0.000254021 -0.00966443 -0.000328499 -0.00898383 0.000581627 0.0147889 0.0216562 -0.0419071 0.000202849 0.00691399 -0.000478856
internal_weight=1900.07 60.7526 47.1114 39.4703 1839.32 47.7643 41.1464 13.6412 1791.56 165.202 1626.35
internal_count=6588 220 167 144 6368 154 130 53 6214 545 5669
is_linear=0
shrinkage=0.05


Tree=89
num_leaves=13
num_cat=0
split_feature=12 12 9 0 7 1 0 7 7 7 11 4
split_gain=2.40167 4.35781 3.80209 7.99293 6.4445 3.60364 8.39854 7.85221 10.1099 7.23447 6.91521 5.63251
threshold=-0.99910440260923983 -0.9999999982894735 -0.26550000000000001 0.20050000000000004 6.6167000000000122 0.20300000000000018 0.31900000000000006 37.808599999999977 66.327366666666663 21.747966666666635 -0.00405617809750236 16.529233333333291
decision_type=2 2 2 2 2 2 2 2 2 2 2 2
left_child=1 2 3 -1 -4 7 9 10 -9 -7 -2 -8
right_child=5 -3 4 -5 -6 6 11 8 -10 -11 -12 -13
leaf_value=0.043041947447317735 0.0091844203144800553 0.039082472282400887 -0.034070491261210804 0.0037002699942385192 -6.7596471039046846e-05 0.068327357505370862 0.0025244952751408661 0.01542440719801464 -0.0085176561470125776 -0.0028560594394585132 -0.0098349135117895212 -0.0085699208898905987
leaf_weight=13.439959496259688 54.854247614741325 8.4174163788557035 16.850191608071327 327.67240059375763 80.535645231604576 8.6096123307943326 695.42843553423882 102.02129109203815 77.653596416115761 6.0970411300659171 371.21022102236748 136.92713086307049
leaf_count=42 182 26 60 1089 269 30 2392 335 274 23 1366 500
internal_value=0.000241393 0.00344672 0.00276266 0.00525035 -0.00595095 -0.000744641 0.00136119 -0.00368942 0.0050769 0.0388163 -0.00738624 0.000699402
internal_weight=1899.72 446.916 438.498 341.112 97.3858 1452.8 847.062 605.739 179.675 14.7067 426.064 832.356
internal_count=6588 1486 1460 1131 329 5102 2945 2157 609 53 1548 2892
is_linear=0
shrinkage=0.05


Tree=90
num_leaves=8
num_cat=0
split_feature=5 5 3 3 12 7 9
split_gain=2.37716 5.81226 8.37978 8.20769 6.17088 5.48548 3.5851
threshold=-96.347149999999971 -48.623983333333321 -135.93229999999986 -203.28329999999991 0.50860418041408539 72.623000000000005 -229.32249999999996
decision_type=2 2 2 2 2 2 2
left_child=-1 3 5 -2 -5 -3 -4
right_child=1 2 6 4 -6 -7 -8
leaf_value=0.026514120715664155 -0.066735417470436278 0.068029001456744009 -0.014866942387593118 0.0071787468453849883 -0.043644655581650836 0.013804555740129815 0.00046446163873895425
leaf_weight=8.5630554258823377 7.3895674198865882 7.007415413856509 38.958891622722149 20.428849920630459 8.4400755465030652 13.947140946984289 1794.2647974565625
leaf_count=27 30 20 143 68 33 45 6222
internal_value=0.000229381 0.00011032 0.000498015 -0.0197156 -0.00767991 0.0319378 0.000138645
internal_weight=1899 1890.44 1854.18 36.2585 28.8689 20.9546 1833.22
internal_count=6588 6561 6430 131 101 65 6365
is_linear=0
shrinkage=0.05


Tree=91
num_leaves=12
num_cat=0
split_feature=10 5 4 10 10 0 10 5 5 3 7
split_gain=2.36346 5.88776 4.37548 2.86984 9.38008 6.57725 6.25491 6.99867 5.70511 4.426 1.88477
threshold=0.03030762244435881 -6.9034499999999843 14.792933333333327 0.01009642084455198 0.010072014932116515 28.564000000000004 0.010111734693918352 7.8639333333333488 32.302150000000019 48.881200000000128 32.001866666666643
decision_type=2 2 2 2 2 2 2 2 2 2 2
left_child=3 -2 10 4 9 -6 7 -5 -8 -1 -3
right_child=1 2 -4 6 5 -7 8 -9 -10 -11 -12
leaf_value=0.0006839500362920179 -0.026562403993700835 0.023545548862630085 -0.0087599319211060199 -0.029530638119127178 0.031402271122247999 -0.0045273455421742997 -3.2603309481251735e-05 0.017555857108472326 -0.03832991027116632 -0.01334715850378921 0.055570656572709667
leaf_weight=1403.1272718459368 7.1913271695375434 10.740569964051252 7.132807955145835 40.690011695027351 41.344599202275276 18.408655971288681 283.63083077222109 9.7903242707252485 10.069760367274283 58.54922965914011 8.0284109860658628
leaf_count=4846 26 34 28 156 130 62 986 33 41 221 25
internal_value=0.00021792 0.0134631 0.0245757 -1.70291e-05 0.000915701 0.0203332 -0.0041401 -0.0203985 -0.00134566 0.000121917 0.0372443
internal_weight=1898.7 33.0931 25.9018 1865.61 1521.43 59.7533 344.181 50.4803 293.701 1461.68 18.769
internal_count=6588 113 87 6475 5259 192 1216 189 1027 5067 59
is_linear=0
shrinkage=0.05


Tree=92
num_leaves=10
num_cat=0
split_feature=3 12 10 9 5 4 4 11 3
split_gain=2.39783 6.38604 6.66489 9.2228 7.6997 6.22365 8.10999 5.84255 5.52026
threshold=-7.3883999999999181 -0.99999999999810341 -0.010103561531221715 38.468500000000006 45.441900000000025 54.66346666666665 36.04213333333329 2.0480488083229889e-07 -18.174299999999914
decision_type=2 2 2 2 2 2 2 2 2
left_child=5 -2 3 -3 -4 6 7 -1 -8
right_child=1 2 4 -5 -6 -7 8 -9 -10
leaf_value=-0.0055097370023627435 -0.039977167379110091 0.012356345381624259 0.0004724842763267852 -0.019810257229680581 -0.033073006083165796 0.044651433539938695 -0.014709900758539672 0.0070235482413613 -0.087544565966032231
leaf_weight=376.57586398720741 9.3093569427728635 218.64049796760082 1110.630012832582 24.812900707125664 17.373473279178143 6.8487233072519293 5.9255508482456207 123.47317066788673 4.6375034600496274
leaf_count=1295 36 729 3886 87 74 22 22 417 20
internal_value=0.000207081 0.00129497 0.00157512 0.00907791 -4.41823e-05 -0.00269578 -0.00333084 -0.00241499 -0.0466865
internal_weight=1898.23 1380.77 1371.46 243.453 1128 517.461 510.612 500.049 10.5631
internal_count=6588 4812 4776 816 3960 1776 1754 1712 42
is_linear=0
shrinkage=0.05


Tree=93
num_leaves=15
num_cat=0
split_feature=6 11 3 6 7 7 11 6 0 3 7 6 5 7
split_gain=2.53278 7.8021 9.64713 7.35245 7.55258 8.73707 7.8056 7.41386 10.4432 8.24233 6.70819 13.6946 6.4986 6.2683
threshold=13.238199999999933 -0.0020068230775738267 -8.9824999999998774 29.860099999999914 29.249866666666666 66.327366666666663 -0.010035827137420126 27.044099999999951 5.1370000000000013 -6.0241999999999321 25.474366666666658 4.0212000000000234 17.938533333333357 22.89336666666668
decision_type=2 2 2 2 2 2 2 2 2 2 2 2 2 2
left_child=1 10 -3 7 6 -6 -5 9 -9 -2 13 -12 -4 -1
right_child=3 2 12 4 5 -7 -8 8 -10 -11 11 -13 -14 -15
leaf_value=0.0068687099695431304 -0.0041856256872153681 -0.051082661242101514 -0.0057585271574666442 -0.059978584242890959 0.0075479969229184903 -0.0070457030552761929 -0.0085783362135002945 -0.013301605842923418 0.038863003856718127 0.010746523140697847 0.024188522181252791 -0.02649626724882638 0.015116491264630577 0.051257110433828024
leaf_weight=238.11393193900585 158.84177985787392 11.227433875203131 525.32688565552235 7.7703868597745887 255.96994756162167 171.12309698760509 149.35234619677067 13.034648805856703 36.352893933653831 220.9894215464592 19.662026062607765 41.363366961479187 40.130700349807739 8.2281926572322828
leaf_count=810 547 45 1912 30 857 612 521 46 110 727 64 149 133 25
internal_value=0.000196814 -0.00175905 -0.00518828 0.00190298 -0.00174743 0.00170075 -0.0111203 0.00687159 0.0250954 0.00450204 0.00467489 -0.0101659 -0.00427702 0.00835135
internal_weight=1897.49 884.053 576.685 1013.43 584.216 427.093 157.123 429.219 49.3875 379.831 307.368 61.0254 565.458 246.342
internal_count=6588 3138 2090 3450 2020 1469 551 1430 156 1274 1048 213 2045 835
is_linear=0
shrinkage=0.05


Tree=94
num_leaves=12
num_cat=0
split_feature=7 5 4 10 5 5 7 5 11 11 7
split_gain=2.33418 7.82371 6.32448 4.89865 2.81215 7.79671 13.9216 6.66202 7.19249 6.94851 6.62401
threshold=1.5544666666666933 -3.446099999999984 1.1468999999999785 -0.01014250218136503 -2.6354333333333249 -3.1246833333333144 14.297800000000009 5.542000000000014 -0.010073943070975087 -0.0081494406361881638 2.7116333333333356
decision_type=2 2 2 2 2 2 2 2 2 2 2
left_child=1 -1 3 -3 5 10 -7 8 -6 -9 -2
right_child=4 2 -4 -5 7 6 -8 9 -10 -11 -12
leaf_value=0.04404162019745423 0.036026980238737433 0.021105445749689512 0.039269013354719523 -0.025598746453094214 -0.035403246242184709 -0.05758338395156868 0.0080671457403697789 0.030587551991463232 0.0063259799653820128 -0.0030362341914630733 -0.001513808497017018
leaf_weight=6.231141969561576 11.96890442073345 6.3843654245138159 4.9253718107938758 46.554777875542641 10.507248669862745 16.772142857313156 15.573046162724493 15.834248647093771 599.14851030707359 518.70265993475914 643.76260800659657
leaf_count=20 38 21 17 202 38 66 52 51 2041 1837 2205
internal_value=0.000187194 -0.00919181 -0.0149243 -0.0199663 0.000515286 -0.00201067 -0.025975 0.00203431 0.00560679 -0.00204022 -0.000828586
internal_weight=1896.37 64.0957 57.8645 52.9391 1832.27 688.077 32.3452 1144.19 609.656 534.537 655.732
internal_count=6588 260 240 223 6328 2361 118 3967 2079 1888 2243
is_linear=0
shrinkage=0.05


Tree=95
num_leaves=15
num_cat=0
split_feature=4 4 3 12 4 4 5 5 5 7 4 9 12 11
split_gain=2.37539 9.56488 11.5687 8.68224 7.56966 11.579 9.85711 7.55879 14.0162 16.3232 6.50629 5.74286 4.61502 7.42319
threshold=-6.7153000000000747 -5.5817666666666836 0.37510000000014798 -0.99999999998461764 -4.341400000000049 -1.9732333333333572 -6.1959833333333263 -1.6245666666666565 10.412416666666678 27.479333333333326 -6.0435666666666767 69.466500000000011 0.57317303660580898 0.0020264450930673754
decision_type=2 2 2 2 2 2 2 2 2 2 2 2 2 2
left_child=7 2 3 -2 6 -6 -3 12 11 -10 -4 -9 -1 -14
right_child=1 4 10 -5 5 -7 -8 8 9 -11 -12 -13 13 -15
leaf_value=0.0044285514330766945 -0.10109117801192752 0.05726908603573904 0.040837884277656174 -0.027861520811883235 -0.013740685995659913 0.00089346522731996014 0.0072434436110057846 0.032865382065196611 -0.039695621311447354 0.038472072063138282 -0.018523140239748697 -0.013611103872967488 -0.012786921628269591 0.011666641976848711
leaf_weight=244.67364251613617 4.5996504426002494 12.155254006385801 9.3475779592990893 33.724587514996529 153.79984019696712 1115.8385778740048 51.854382514953613 61.701653733849525 19.678318962454799 10.109911963343619 9.1194483637809736 7.4490602910518637 119.88034430146217 41.875247359275818
leaf_count=803 19 36 29 127 548 3913 175 194 72 31 33 27 437 144
internal_value=0.000177783 -0.000889227 -0.0209854 -0.0366505 -3.34629e-05 -0.000879268 0.0167432 0.00311349 0.0155072 -0.0131661 0.011524 0.0278588 9.64319e-05 -0.00645639
internal_weight=1895.81 1390.44 56.7913 38.3242 1333.65 1269.64 64.0096 505.368 98.9389 29.7882 18.467 69.1507 406.429 161.756
internal_count=6588 4880 208 146 4672 4461 211 1708 324 103 62 221 1384 581
is_linear=0
shrinkage=0.05


Tree=96
num_leaves=12
num_cat=0
split_feature=4 5 12 11 3 8 11 11 6 0 4
split_gain=2.30622 5.79104 6.93825 3.87453 3.69438 4.45534 9.85516 3.88352 2.11133 1.28251 0.850316
threshold=54.66346666666665 41.403233333333354 -0.85145571863711345 0.0060401671265974963 118.39860000000014 324.03250000000008 -0.0020059172191222436 0.012096063257118763 59.388299999999781 50.049500000000002 63.935533333333332
decision_type=2 2 2 2 2 2 2 2 2 2 2
left_child=4 3 -3 10 5 7 -7 -1 -4 -6 -2
right_child=1 2 8 -5 9 6 -8 -9 -10 -11 -12
leaf_value=-0.00050672889176739736 0.055959981250502271 0.034641249501211675 -0.05300135666885946 -0.00077358615312096398 -0.04785810364257273 -0.0030003296520859321 0.063427268355379249 0.017662855940237192 -0.011612698791986792 -0.011035616669422913 0.031394349497136306
leaf_weight=1791.6224884986877 7.8406209051609057 6.3165988475084331 5.454650938510893 6.8803201988339415 5.2036430090665799 15.151580214500429 8.8417765870690328 29.899465724825859 7.0816655084490776 4.3343377262353897 6.3963341116905212
leaf_count=6224 24 21 22 27 23 51 27 98 34 17 20
internal_value=0.000169098 0.012052 -0.00809033 0.0300345 -8.69385e-05 7.34717e-05 0.0214789 -0.000208483 -0.0296212 -0.0311249 0.0449232
internal_weight=1895.02 39.9702 18.8529 21.1173 1855.05 1845.52 23.9934 1821.52 12.5363 9.53798 14.237
internal_count=6588 148 77 71 6440 6400 78 6322 56 40 44
is_linear=0
shrinkage=0.05


Tree=97
num_leaves=7
num_cat=0
split_feature=5 5 4 3 5 12
split_gain=2.1807 5.12201 8.01958 7.39774 6.43889 5.64902
threshold=-96.347149999999971 -48.623983333333321 -73.033300000000011 -203.28329999999991 -35.395199999999974 0.50860418041408539
decision_type=2 2 2 2 2 2
left_child=-1 3 -3 -2 -4 -5
right_child=1 2 4 5 -6 -7
leaf_value=0.025357060145204557 -0.063634872861989808 0.04528045845743281 -0.027085853422942271 0.0069597202767180538 0.00048977547418443121 -0.04179126730147871
leaf_weight=8.5485935509204847 7.2820104658603659 9.9048065394163114 21.418290182948112 20.419938385486606 1818.7822991758585 8.3810791373252851
leaf_count=27 30 30 80 68 6320 33
internal_value=0.000160653 4.64576e-05 0.000410331 -0.0186107 0.00016882 -0.00722679
internal_weight=1894.74 1886.19 1850.11 36.083 1840.2 28.801
internal_count=6588 6561 6430 131 6400 101
is_linear=0
shrinkage=0.05


Tree=98
num_leaves=15
num_cat=0
split_feature=4 4 3 12 4 4 5 5 5 7 4 6 12 3
split_gain=2.22154 8.62213 10.4615 7.88743 6.86763 10.409 8.97159 6.75999 12.7072 14.7296 5.87861 5.28715 4.23854 7.33398
threshold=-6.7153000000000747 -5.5817666666666836 0.37510000000014798 -0.99999999998461764 -4.341400000000049 -1.9732333333333572 -6.1959833333333263 -1.6245666666666565 10.412416666666678 27.479333333333326 -6.0435666666666767 1.9477999999998639 -0.99999999942692919 1.1434000000000373
decision_type=2 2 2 2 2 2 2 2 2 2 2 2 2 2
left_child=7 2 3 -2 6 -6 -3 12 11 -10 -4 -9 13 -1
right_child=1 4 10 -5 5 -7 -8 8 9 -11 -12 -13 -14 -15
leaf_value=0.013652915259422799 -0.096465766290376398 0.054673362064314973 0.038861731137303679 -0.02652391935168848 -0.013069054746188559 0.00080825987276903562 0.0068707103034578807 -0.02572832112845699 -0.037693372069680035 0.036666214569494676 -0.017601865194932339 0.030220286875290093 -0.0028701981626945527 -0.027337344712738243
leaf_weight=92.327977687120438 4.579580843448638 12.106784135103224 9.3248181641101855 33.643582746386528 153.74912142753601 1115.5709016472101 51.859127461910248 4.5194603353738776 19.701510980725292 10.060516595840452 9.1165507137775403 64.293473288416862 301.18929925560951 12.37495896220207
leaf_count=298 19 36 29 127 548 3913 175 17 72 31 33 204 1042 44
internal_value=0.000152579 -0.000878937 -0.0199811 -0.0349038 -6.7095e-05 -0.00087266 0.0159183 0.0029947 0.0147396 -0.0125575 0.0109488 0.0265457 0.00014234 0.00880823
internal_weight=1894.42 1389.95 56.6645 38.2232 1333.29 1269.32 63.9659 504.467 98.575 29.762 18.4414 68.8129 405.892 104.703
internal_count=6588 4880 208 146 4672 4461 211 1708 324 103 62 221 1384 342
is_linear=0
shrinkage=0.05


Tree=99
num_leaves=12
num_cat=0
split_feature=9 9 0 3 6 9 1 4 8 9 11
split_gain=2.18493 5.41686 7.8178 13.8111 10.4664 6.05109 6.45923 6.36819 4.48916 6.7311 4.57723
threshold=-69.952999999999989 -35.579999999999998 39.263000000000012 15.030400000000105 2.5034999999998528 -24.933499999999995 -37.819999999999993 10.831233333333282 -529.07549999999981 -529.6964999999999 0.0060619327960664835
decision_type=2 2 2 2 2 2 2 2 2 2 2
left_child=8 2 4 -4 -2 7 -7 -3 -1 -10 -11
right_child=1 5 3 -5 -6 6 -8 -9 9 10 -12
leaf_value=0.027481967508107441 -0.029322728022650908 -0.0065343827628469688 0.0077840222347140102 -0.064740746064114993 0.035398620493049753 -0.027075827700703423 0.00093530030613213323 -0.044907387140773358 -0.057796967176579422 -0.0028028630489511674 -0.03591003706306261
leaf_weight=10.129728406667708 7.3093574047088614 45.194737493991852 61.702337041497231 7.3459163755178443 42.961329489946365 20.86656779050827 1502.1492099612951 14.211882814764975 6.2287994176149359 164.36479645967484 11.148030236363409
leaf_count=34 27 155 200 29 134 75 5239 53 25 574 43
internal_value=0.000145203 0.0007155 0.0109886 6.82459e-05 0.0259881 -5.91228e-05 0.000551525 -0.0157144 -0.00491287 -0.00671846 -0.00490573
internal_weight=1893.61 1701.74 119.319 69.0483 50.2707 1582.42 1523.02 59.4066 191.871 181.742 175.513
internal_count=6588 5912 390 229 161 5522 5314 208 676 642 617
is_linear=0
shrinkage=0.05


Tree=100
num_leaves=14
num_cat=0
split_feature=6 11 12 6 11 10 8 7 5 11 5 10 6
split_gain=2.18295 7.08018 8.57821 6.67123 6.94878 10.7926 7.06475 6.70324 7.62227 6.60465 6.53268 6.30557 6.7589
threshold=13.238199999999933 -0.0020068230775738267 -0.99999999999493172 29.860099999999914 0.0040824650447790498 0.010064918751273579 -27.608499999999996 29.249866666666666 -48.623983333333321 -0.0081494406361881638 17.938533333333357 0.010177599130722916 7.5498999999997825
decision_type=2 2 2 2 2 2 2 2 2 2 2 2 2
left_child=1 11 -3 4 5 -2 -6 9 -9 -5 -4 12 -1
right_child=3 2 10 7 6 -7 -8 8 -10 -11 -12 -13 -14
leaf_value=0.0080905071191161096 0.0085284842076395161 -0.054843541650048989 -0.0056781362932478638 -0.052556829871741845 -0.018944248294019504 -0.012304000720116124 0.034069902201669888 -0.022626073732190825 0.0033523397211890071 -0.0080840836380529166 0.015319891220198468 0.043805714020755643 -0.0083646796048911128
leaf_weight=207.80761444568634 305.35073027014732 8.4876874983310682 527.19273748993874 8.8472238928079587 7.5624738037586203 78.06452713906765 37.180052846670151 30.406618639826775 395.48199617862701 148.06215405464172 39.839361369609833 9.8531731963157636 89.185766264796257
leaf_count=707 1015 32 1926 34 27 271 117 112 1357 517 132 30 311
internal_value=0.000137989 -0.00167929 -0.00494967 0.00172412 0.00646287 0.00428693 0.0251093 -0.00175725 0.00149759 -0.0105916 -0.00420283 0.00445462 0.00314909
internal_weight=1893.32 882.366 575.52 1010.96 428.158 383.415 44.7425 582.798 425.889 156.909 567.032 306.847 296.993
internal_count=6588 3138 2090 3450 1430 1286 144 2020 1469 551 2058 1048 1018
is_linear=0
shrinkage=0.05


Tree=101
num_leaves=12
num_cat=0
split_feature=9 11 5 9 3 1 7 6 6 5 5
split_gain=2.16193 7.00606 10.2467 5.67128 5.64441 3.92044 3.05973 12.046 6.28669 2.68086 2.67417
threshold=196.00600000000003 0.0020390477699927527 8.9466333333333381 307.14700000000005 -15.440199999999875 170.37800000000001 38.259533333333316 84.501799999999974 2.2971999999998851 9.513300000000017 10.910400000000005
decision_type=2 2 2 2 2 2 2 2 2 2 2
left_child=5 2 4 9 -2 6 7 -1 -8 -3 -5
right_child=1 3 -4 10 -6 -7 8 -9 -10 -11 -12
leaf_value=-0.00051818932950545803 0.019634395944420055 -0.033443172372274316 0.047208295491650218 0.015528788686188497 -0.029752123005237791 0.035912094310253065 0.031714252985345193 -0.058288182308816251 0.0025875941480666066 -0.082202575716156856 -0.028983535390103555
leaf_weight=1354.6062481105328 9.0125796198844927 6.2254360169172305 10.262993931770323 6.4891436696052534 16.157818093895912 7.7554327100515357 19.33785979449749 9.0840840935707075 441.24617499858141 5.1519222408533096 7.0291736945509911
leaf_count=4737 30 23 31 21 60 24 64 36 1507 23 32
internal_value=0.000131155 -0.0091819 0.00510043 -0.0295096 -0.0120687 0.000437836 0.000287026 -0.000903018 0.00381049 -0.0555225 -0.00761646
internal_weight=1892.36 60.3291 35.4334 24.8957 25.1704 1832.03 1824.27 1363.69 460.584 11.3774 13.5183
internal_count=6588 220 121 99 90 6368 6344 4773 1571 46 53
is_linear=0
shrinkage=0.05


Tree=102
num_leaves=15
num_cat=0
split_feature=7 5 9 4 3 10 5 4 4 9 7 2 1 6
split_gain=2.13286 7.50506 5.66074 8.43891 5.50117 7.22714 3.60221 2.74175 12.1652 12.7269 11.3874 5.88064 5.90817 5.2927
threshold=1.5544666666666933 -0.1894499999999843 -1.0979999999999994 1.0000000180025095e-35 -0.02699999999988412 -0.010098460010593556 -2.7490333333333226 1.439733333333288 -1.7294000000000218 -50.589499999999994 6.8477666666666872 6.5000000000000009 51.285000000000011 94.309399999999798
decision_type=2 2 2 2 2 2 2 2 2 2 2 2 2 2
left_child=1 4 -3 -4 5 -1 -6 8 10 -10 -2 12 -9 -13
right_child=7 2 3 -5 6 -7 -8 11 9 -11 -12 13 -14 -15
leaf_value=0.025574737581560703 -0.018350897244559676 -0.067505343476833082 0.027159456932654563 -0.034171008573956455 0.060065317783500653 -0.048894078276093517 0.011644322231075402 -0.0029018165036727547 -0.036069657156240768 0.015759925679555319 0.0013553698035598586 -0.076404560146085959 0.0094370424255612352 -0.0097572412798898056
leaf_weight=5.8791568875312805 81.73981349170208 6.4561544209718695 8.1104508042335528 18.184446528553963 5.611828118562701 7.307826370000841 12.172074288129805 695.43780809640884 12.579820558428763 202.56603941321373 710.72798697650433 4.8771820366382581 112.74401891231537 7.6533951461315155
leaf_count=19 301 27 31 86 18 30 49 2455 46 677 2426 19 371 33
internal_value=0.000124483 -0.00886775 -0.0255543 -0.0152541 0.00877793 -0.0156936 0.0269239 0.000437886 0.00218534 0.0127294 -0.000677251 -0.00170751 -0.00118051 -0.0356979
internal_weight=1892.05 63.7219 32.7511 26.2949 30.9709 13.187 17.7839 1828.33 1007.61 215.146 792.468 820.712 808.182 12.5306
internal_count=6588 260 144 117 116 49 67 6328 3450 723 2727 2878 2826 52
is_linear=0
shrinkage=0.05


Tree=103
num_leaves=15
num_cat=0
split_feature=12 12 5 7 10 1 7 0 0 13 10 9 10 8
split_gain=2.15759 6.66544 7.96042 7.94418 4.6785 7.85216 7.22496 4.14011 10.6942 8.4666 6.26414 4.7452 6.33588 6.18862
threshold=-0.9648146980006721 -0.92298336905347 -3.176499999999991 17.415233333333358 -0.010042681421251752 -1.6149999999999998 5.1950666666666523 23.253500000000006 28.564000000000004 512.16050000000052 -0.010107646460338902 -1.0979999999999994 -0.010176563400893233 -0.030000000000000009
decision_type=2 2 2 2 2 2 2 2 2 2 2 2 2 2
left_child=7 2 -2 -4 6 -6 -3 11 10 -10 -9 12 -1 -13
right_child=1 4 3 -5 5 -7 -8 8 9 -11 -12 13 -14 -15
leaf_value=-0.0049536114074554497 -0.04517097720198357 0.028577586134456514 0.04067906900936985 -0.025544449863660692 -0.015823458679893987 -0.00041912073706539026 0.0026370861749358491 -0.0079669168264341495 -0.0031766096600774926 0.032375641458382579 -0.070955759897357418 0.0048742697432937188 0.01621479695217511 -0.02080620927886654
leaf_weight=46.28084371984005 18.407093495130539 31.210167407989502 7.5697329044342068 11.272259831428526 90.03184475004673 1019.4905671216547 191.79621090739965 7.2587295323610297 158.83892060816288 18.719732582569122 8.6514452397823316 101.84889933466911 149.64366616308689 30.481014639139175
leaf_count=160 67 100 23 40 309 3655 648 25 539 60 33 339 484 106
internal_value=0.000118177 -0.000924012 -0.0217852 0.00106072 -0.000340864 -0.0016691 0.00626751 0.00285443 -0.00294727 0.000571609 -0.0422182 0.00627388 0.0112144 -0.001041
internal_weight=1891.5 1369.78 37.2491 18.842 1332.53 1109.52 223.006 521.723 193.469 177.559 15.9102 328.254 195.925 132.33
internal_count=6588 4842 130 63 4712 3964 748 1746 657 599 58 1089 644 445
is_linear=0
shrinkage=0.05


Tree=104
num_leaves=13
num_cat=0
split_feature=12 3 3 3 4 1 6 5 10 11 2 11
split_gain=2.14475 4.82842 6.5259 9.69577 7.03018 3.69095 8.08723 8.77353 6.482 6.23948 4.67412 4.66407
threshold=0.99999999950371909 -135.93229999999986 -15.972999999999928 -18.493799999999908 0.11843333333331139 0.099500000000000019 4.0883000000000465 8.7453500000000162 0.010084203121496495 -0.002041440895071966 3.5000000000000004 -0.010073943070975087
decision_type=2 2 2 2 2 2 2 2 2 2 2 2
left_child=5 -2 3 -3 -4 8 7 -7 10 -10 -1 -8
right_child=1 2 4 -5 -6 6 11 -9 9 -11 -12 -13
leaf_value=-0.00044106692567481495 0.043655962984507531 -0.0086893940032346257 0.0055320070204199811 -0.059898926011140829 -0.0046656833036309254 0.015389581338244005 -0.028036364164900768 0.072151818026576983 0.024347531229738598 -0.023466883258288218 0.011386865263665075 0.004350648396288897
leaf_weight=665.49270698428154 5.7813465744256964 56.598793506622314 271.84045368432999 11.047299951314924 446.76536419987679 37.415286734700203 11.694545790553091 8.3217367231845838 7.9613149911165229 47.7159234136343 95.514164291322231 224.85319099202752
leaf_count=2239 18 210 975 47 1642 124 43 24 25 167 316 758
internal_value=0.000112644 -0.00187086 -0.00220562 -0.0170524 -0.000808012 0.00154217 0.00647084 0.0257173 -0.000161416 -0.0166299 0.00104346 0.00274949
internal_weight=1891 792.033 786.252 67.6461 718.606 1098.97 282.285 45.737 816.684 55.6772 761.007 236.548
internal_count=6588 2892 2874 257 2617 3696 949 148 2747 192 2555 801
is_linear=0
shrinkage=0.05


Tree=105
num_leaves=14
num_cat=0
split_feature=6 6 8 11 6 1 6 0 3 0 6 6 11
split_gain=2.18405 6.41523 7.36584 6.38595 12.5046 8.73909 7.56017 6.83676 6.63791 5.16339 4.46264 8.43412 7.04371
threshold=13.238199999999933 13.757299999999931 1.8035000000000003 1.0000000180025095e-35 9.7645000000000142 0.68650000000000022 0.41549999999996307 0.7895000000000002 -1.0000000180025095e-35 23.253500000000006 30.756299999999953 31.269299999999898 -0.0020240866101717265
decision_type=2 2 2 2 2 2 2 2 2 2 2 2 2
left_child=3 2 -2 6 5 -5 8 -8 -1 -6 12 -12 -3
right_child=1 10 -4 4 9 -7 7 -9 -10 -11 11 -13 -14
leaf_value=-0.042673213008317196 0.060197694350718478 -0.0047556301226332597 -0.0075826193455752816 -0.0095511509667742574 -0.017710983915281166 0.0060157593633921999 0.017984904524149786 0.0016082581525563508 -0.0042740447090354591 -0.049396394890973 -0.056377006186556382 -0.0010462061367654447 0.0092619084754976665
leaf_weight=15.258985161781309 9.8187905997037905 128.17342889308929 6.7732486873865119 193.73661977052689 53.17460273206234 168.63199196755886 80.220029890537262 310.01972264051437 42.885649219155312 16.957871645689011 6.9730150997638694 559.93799119442701 297.9315991550684
leaf_count=57 29 442 23 722 194 588 278 1065 171 63 26 1942 988
internal_value=0.000106933 0.00169437 0.0325282 -0.00171247 -0.00604713 -0.00230693 0.00246863 0.00497474 -0.0143512 -0.0253724 0.00117918 -0.00172678 0.0050454
internal_weight=1890.49 1009.61 16.592 880.885 432.501 362.369 448.384 390.24 58.1446 70.1325 993.016 566.911 426.105
internal_count=6588 3450 52 3138 1567 1310 1571 1343 228 257 3398 1968 1430
is_linear=0
shrinkage=0.05


Tree=106
num_leaves=8
num_cat=0
split_feature=5 5 3 3 12 7 9
split_gain=2.14752 4.23805 7.20458 6.74608 5.19473 4.97861 3.0998
threshold=-96.347149999999971 -48.623983333333321 -135.93229999999986 -203.28329999999991 0.50860418041408539 72.623000000000005 -229.32249999999996
decision_type=2 2 2 2 2 2 2
left_child=-1 3 5 -2 -5 -3 -4
right_child=1 2 6 4 -6 -7 -8
leaf_value=0.025106515555720618 -0.060501330140836376 0.064344675078334246 -0.014011225462033004 0.0073925665067726427 -0.039560973102937325 0.012332010318943668 0.00028889578599889737
leaf_weight=8.547904431819914 7.1496267318725577 6.8935934901237514 38.717392437160015 20.338965952396396 8.2923757731914503 13.832598611712454 1786.4885800033808
leaf_count=27 30 20 143 68 33 45 6222
internal_value=0.000101642 -1.19458e-05 0.000318419 -0.0170554 -0.00620639 0.0296316 -1.44472e-05
internal_weight=1890.26 1881.71 1845.93 35.781 28.6313 20.7262 1825.21
internal_count=6588 6561 6430 131 101 65 6365
is_linear=0
shrinkage=0.05


Tree=107
num_leaves=12
num_cat=0
split_feature=4 5 12 11 3 8 11 11 4 0 8
split_gain=2.08929 5.25367 6.09395 3.45048 3.41075 3.90799 8.95887 3.61187 2.08513 1.15127 0.846755
threshold=54.66346666666665 41.403233333333354 -0.85145571863711345 0.0060401671265974963 118.39860000000014 324.03250000000008 -0.0020059172191222436 0.016177650956844539 85.317766666666643 50.049500000000002 0.2045000000000001
decision_type=2 2 2 2 2 2 2 2 2 2 2
left_child=4 3 -3 10 5 7 -7 -1 -4 -6 -2
right_child=1 2 8 -5 9 6 -8 -9 -10 -11 -12
leaf_value=-0.00041851990718380877 0.054834202445611838 0.032506572382244941 -0.04918953686553236 -0.0005543527905153121 -0.046168484747268188 -0.0032656289111635526 0.06027340842604078 0.030567503232950086 -0.0082529634424371098 -0.011145194218478642 0.030415296566816227
leaf_weight=1807.4128501564264 7.1023149937391299 6.2320051193237331 6.0252400636672956 6.8609905615448943 5.1168466508388502 15.077877238392832 8.7770985290408117 9.4537873864173871 6.4305174387991428 4.3336555957794189 7.0982363224029541
leaf_count=6292 21 21 27 27 23 51 27 30 29 17 23
internal_value=9.65456e-05 0.0114385 -0.00785907 0.0285611 -0.000147126 6.697e-06 0.0201127 -0.000257289 -0.0280553 -0.0301081 0.0426283
internal_weight=1889.92 39.7493 18.6878 21.0615 1850.17 1840.72 23.855 1816.87 12.4558 9.4505 14.2006
internal_count=6588 148 77 71 6440 6400 78 6322 56 40 44
is_linear=0
shrinkage=0.05


Tree=108
num_leaves=12
num_cat=0
split_feature=9 11 5 3 9 1 4 4 5 5 5
split_gain=2.08391 6.50972 8.93445 5.23843 5.06521 3.4479 2.92717 7.79773 6.28234 2.5505 2.43645
threshold=196.00600000000003 0.0020390477699927527 8.9466333333333381 -15.440199999999875 307.14700000000005 170.37800000000001 -6.7153000000000747 -5.5817666666666836 -1.6245666666666565 9.513300000000017 10.910400000000005
decision_type=2 2 2 2 2 2 2 2 2 2 2
left_child=5 2 3 -2 9 6 8 -8 -1 -3 -6
right_child=1 4 -4 -5 10 -7 7 -9 -10 -11 -12
leaf_value=0.00076056317482514808 0.01922496202182996 -0.032036278417640611 0.044054256948962651 -0.028403770864105834 0.014108607150304264 0.033752422550435424 -0.019343882025815117 -0.00015597405092431543 0.015132206914932523 -0.079871685648554014 -0.028522983492331566
leaf_weight=383.52723699808121 8.9898391664028185 6.2111028134822863 10.237602546811102 16.133473917841911 6.4538563489913923 7.7127896398305884 55.217952653765678 1288.2295914515853 94.846006691455841 5.0539538450539112 6.9719932973384857
leaf_count=1308 30 23 31 60 21 24 204 4521 311 23 32
internal_value=9.17258e-05 -0.00907329 0.00468279 -0.0113608 -0.028774 0.000392554 0.000251323 -0.000944629 0.00361 -0.0534972 -0.00802982
internal_weight=1889.59 60.0518 35.3609 25.1233 24.6909 1829.53 1821.82 1343.45 478.373 11.2651 13.4258
internal_count=6588 220 121 90 99 6368 6344 4725 1619 46 53
is_linear=0
shrinkage=0.05


Tree=109
num_leaves=9
num_cat=0
split_feature=10 1 5 11 5 5 4 3
split_gain=2.07422 5.59194 5.02098 5.78488 2.45108 3.33325 7.04076 6.48371
threshold=0.03030762244435881 1.2865000000000004 12.178566666666686 0.0061231779169546039 -96.347149999999971 -48.623983333333321 -73.033300000000011 -203.28329999999991
decision_type=2 2 2 2 2 2 2 2
left_child=4 -2 3 -3 -1 7 -7 -6
right_child=1 2 -4 -5 5 6 -8 -9
leaf_value=0.027001973947731447 -0.035347904533640027 0.0069402685685663297 -0.021636470936752951 0.058223144572348375 -0.058384433791376471 0.04241317505523081 -0.00018732868369626706 -0.0047497422614281807
leaf_weight=8.2855367660522443 5.1221247464418402 11.176951453089719 5.3994072675704947 10.824964269995688 7.0478653013706198 9.7515178769826871 1803.3194694891572 28.102292269468307
leaf_count=26 20 37 23 33 30 30 6290 99
internal_value=8.70791e-05 0.0126049 0.0215687 0.0321715 -0.000132216 -0.000253858 4.17961e-05 -0.0155039
internal_weight=1889.03 32.5234 27.4013 22.0019 1856.51 1848.22 1813.07 35.1502
internal_count=6588 113 93 70 6475 6449 6320 129
is_linear=0
shrinkage=0.05


Tree=110
num_leaves=15
num_cat=0
split_feature=12 12 5 7 8 4 10 11 0 0 13 10 5 3
split_gain=2.04923 5.96866 7.13762 6.58364 4.84387 4.35565 6.13959 5.7191 3.89656 9.55767 7.60069 5.62197 4.67985 8.07013
threshold=-0.9648146980006721 -0.92298336905347 -2.8539999999999899 21.747966666666635 -9.0004999999999988 0.80956666666664601 -0.030326004626374244 0.0020116676318093778 23.253500000000006 28.564000000000004 512.16050000000052 -0.010105603582971632 18.556816666666681 -2.2939999999999423
decision_type=2 2 2 2 2 2 2 2 2 2 2 2 2 2
left_child=8 2 4 -4 -2 6 -3 -7 12 11 -11 -10 -1 -14
right_child=1 5 3 -5 -6 7 -8 -9 9 10 -12 -13 13 -15
leaf_value=0.0077704448034706915 -0.026118689464931122 0.037174599615137909 0.035499296814546367 -0.025357108353970183 -0.08185115551627678 0.0011439221342404162 0.0018486523597983041 -0.0080713542419845654 -0.010723896611556455 -0.0030948881907800116 0.03062987729668544 -0.070065451813488736 -0.058878392345956536 0.0038187490985551126
leaf_weight=303.16092950105667 13.845240876078607 12.539774253964422 8.0733669400215167 9.8864586204290372 5.4267839640378943 357.40821238607168 642.24977567791939 318.31280010566115 8.1099534630775434 158.57367956638336 18.674354553222656 7.8590576350688925 7.3279749155044582 17.130564302206039
leaf_count=1003 49 39 25 35 21 1259 2263 1151 28 539 60 30 28 58
internal_value=8.2839e-05 -0.000933518 -0.0206786 0.00199929 -0.0418123 -0.000380989 0.00252517 -0.00319713 0.00275184 -0.00287963 0.000458258 -0.0399285 0.00607306 -0.0149658
internal_weight=1888.58 1367.74 37.2319 17.9598 19.272 1330.51 654.79 675.721 520.837 193.217 177.248 15.969 327.619 24.4585
internal_count=6588 4842 130 60 70 4712 2302 2410 1746 657 599 58 1089 86
is_linear=0
shrinkage=0.05


Tree=111
num_leaves=13
num_cat=0
split_feature=7 5 5 4 5 5 5 7 7 5 6 4
split_gain=2.01048 6.76165 5.55481 5.25595 4.73503 4.17305 2.27517 6.9256 8.30919 6.52557 15.4459 7.00529
threshold=1.5544666666666933 -0.1894499999999843 5.0835333333333379 -0.64776666666670224 2.1513166666666801 -2.8539999999999899 -2.6354333333333249 2.4369000000000005 13.276866666666663 -1.7010833333333168 1.7227000000001136 -6.5760666666667165
decision_type=2 2 2 2 2 2 2 2 2 2 2 2
left_child=1 3 4 -1 -3 -5 7 -2 -9 10 -8 -11
right_child=6 2 -4 5 -6 -7 9 8 -10 11 -12 -13
leaf_value=-0.03218199817729888 0.038982767784332115 -0.023384455942566398 0.024631653192935074 0.053070581860088388 -0.076664417495115864 0.0062655615382718605 0.058798237174810364 -0.012549047073507 0.00055486392501148869 0.013236997619893144 0.004804955070794599 -0.00065998148850901972
leaf_weight=6.4134552329778698 10.20747724175453 22.594115078449253 4.8805629760026923 6.4802388697862652 5.1137979924678794 17.962574779987335 16.292897000908852 157.94999080896378 516.78793719410896 100.22793534398079 70.821364194154739 952.21082973107696
leaf_count=24 32 98 20 21 26 71 52 567 1762 332 240 3343
internal_value=7.89113e-05 -0.0086709 -0.0245541 0.00810396 -0.0332179 0.0186744 0.000383176 -0.00189425 -0.00251264 0.00175206 0.0149033 0.000663483
internal_weight=1887.94 63.4447 32.5885 30.8563 27.7079 24.4428 1824.5 684.945 674.738 1139.55 87.1143 1052.44
internal_count=6588 260 144 116 124 92 6328 2361 2329 3967 292 3675
is_linear=0
shrinkage=0.05


Tree=112
num_leaves=12
num_cat=0
split_feature=4 5 10 4 3 6 7 6 11 0 8
split_gain=2.01016 4.78751 5.64781 5.00055 3.11088 3.77008 14.4448 10.4692 3.0101 1.0444 0.792415
threshold=54.66346666666665 41.403233333333354 -0.010039656669041939 85.317766666666643 118.39860000000014 135.26330000000004 79.402033333333307 118.13669999999991 0.0060401671265974963 50.049500000000002 0.2045000000000001
decision_type=2 2 2 2 2 2 2 2 2 2 2
left_child=4 8 -3 -4 5 7 -7 -1 10 -6 -2
right_child=1 2 3 -5 9 6 -8 -9 -10 -11 -12
leaf_value=-2.6588271038703725e-05 0.052571395018777778 0.036019180972219018 -0.061473112988455182 0.0010829686611376166 -0.044413858295790025 0.042564984248621429 -0.0053379355577986799 -0.034192821578758366 0.00032260408777420733 -0.010880153042080655 0.028910454827224846
leaf_weight=1746.8350969254971 7.0766200125217456 5.3480516672134426 5.4672714918851835 7.6852161027491093 5.0324046164751035 24.21611325442791 44.945911698043346 22.712852954864502 6.8292793855071059 4.3109104186296463 7.0776917785406113
leaf_count=6081 21 20 25 32 23 75 161 83 27 17 23
internal_value=7.47438e-05 0.0112378 -0.00730438 -0.0249206 -0.000163758 -1.75241e-05 0.0114346 -0.000465125 0.0275859 -0.0289417 0.04074
internal_weight=1887.54 39.4841 18.5005 13.1525 1848.05 1838.71 69.162 1769.55 20.9836 9.34332 14.1543
internal_count=6588 148 77 57 6440 6400 236 6164 71 40 44
is_linear=0
shrinkage=0.05


Tree=113
num_leaves=9
num_cat=0
split_feature=10 5 4 10 11 10 10 6
split_gain=1.95354 5.57565 3.25789 2.40011 5.2298 3.77733 2.93197 1.78747
threshold=0.03030762244435881 -6.9034499999999843 14.792933333333327 0.030206917460640085 0.006045441536760566 0.030131070231165239 0.020248038523151827 43.005599999999852
decision_type=2 2 2 2 2 2 2 2
left_child=3 -2 7 5 -5 6 -1 -3
right_child=1 2 -4 4 -6 -7 -8 -9
leaf_value=0.0001526797907651127 -0.026894206529406401 0.047906148231192804 -0.0058699017309917336 0.0077470335133525761 -0.059132791851621104 0.038160504071953191 -0.014167277465551728 0.016295409427896246
leaf_weight=1800.1743783541024 7.0948308408260337 10.440365567803388 6.9437625110149375 6.4360258430242521 5.3552151471376419 6.462947964668273 36.469243615865707 7.8230601102113715
leaf_count=6283 26 32 28 21 21 20 130 27
internal_value=7.10416e-05 0.0122614 0.0232822 -0.000141247 -0.0226277 2.60956e-06 -0.000131664 0.0343658
internal_weight=1887.2 32.302 25.2072 1854.9 11.7912 1843.11 1836.64 18.2634
internal_count=6588 113 87 6475 42 6433 6413 59
is_linear=0
shrinkage=0.05


Tree=114
num_leaves=12
num_cat=0
split_feature=6 6 8 7 8 9 10 3 12 5 6
split_gain=1.94104 5.85002 6.74273 6.40318 5.69796 11.5617 14.9941 8.73558 7.57818 5.21985 4.98399
threshold=13.238199999999933 13.757299999999931 1.8035000000000003 5.6373666666666749 -6.6424999999999992 5.3265000000000011 -0.010032605994653164 -7.9121999999999089 -0.99999999998211553 -5.1382666666666523 29.860099999999914
decision_type=2 2 2 2 2 2 2 2 2 2 2
left_child=4 2 -2 -3 5 7 -7 -1 -6 -10 -5
right_child=1 3 -4 10 8 6 -8 -9 9 -11 -12
leaf_value=-0.037094112923659071 0.05766162348747092 -0.058054152454724561 -0.0072800381445044075 0.005597927293335205 0.048651622202728548 -0.11626807668714766 -0.011533322186538617 -0.0003566570825705902 0.0079574758381396587 -0.0025578553548466902 -0.001625447939648132
leaf_weight=19.165126606822014 9.760187581181528 4.5576582103967658 6.7689379751682273 405.82970580458641 7.945209175348281 5.7215654253959647 8.4850087165832502 103.93259321153164 147.72707723081112 586.86291460692883 580.2180634252727
leaf_count=70 29 18 23 1360 24 24 30 354 507 2129 2020
internal_value=6.75707e-05 0.00156643 0.031067 0.00107419 -0.00164815 -0.0110053 -0.0537143 -0.00607632 8.21126e-05 -0.000443208 0.00134749
internal_weight=1886.97 1007.13 16.5291 990.605 879.839 137.304 14.2066 123.098 742.535 734.59 986.048
internal_count=6588 3450 52 3398 3138 478 54 424 2660 2636 3380
is_linear=0
shrinkage=0.05


Tree=115
num_leaves=15
num_cat=0
split_feature=12 5 4 5 3 9 5 4 1 3 5 10 9 1
split_gain=1.94678 4.30846 11.1168 10.1915 8.15569 7.35395 7.18916 5.33142 3.37477 7.42928 7.50593 5.95906 5.88682 5.87196
threshold=0.99999999950371909 17.938533333333357 22.639066666666601 6.1760333333333417 7.0787000000001408 -65.953999999999994 22.26033333333335 46.583399999999948 0.099500000000000019 15.648700000000007 -4.3087833333333085 0.010084203121496495 3.3145000000000007 -0.81149999999999989
decision_type=2 2 2 2 2 2 2 2 2 2 2 2 2 2
left_child=8 3 6 5 -5 -2 -3 -4 11 10 -10 -1 -11 -13
right_child=1 2 7 4 -6 -7 -8 -9 9 12 -12 13 -14 -15
leaf_value=0.00095407505670009945 -0.03466872738858702 0.057632435861986311 -0.028060856737749745 -0.025427364976632644 -0.0019633553327860131 0.00098193485024963378 0.011931412886390996 0.011033849255332576 -0.001707244411718215 -0.034859878752940686 0.018582368215542953 -0.0089934681017397652 -0.00018374755400660367 -0.053672656981742672
leaf_weight=759.29602274298668 14.852554723620413 13.783423632383345 19.135375171899796 80.495494708418846 68.589762285351753 554.6967429369688 22.906097784638405 16.022653713822365 70.69194321334362 14.955271318554876 128.33004833757877 46.776999726891518 67.397232413291931 8.7255648374557477
leaf_count=2555 60 40 75 326 247 2006 79 59 242 56 415 159 236 33
internal_value=6.43954e-05 -0.00182697 0.00984739 -0.00299415 -0.0146323 5.22464e-05 0.0291003 -0.0102441 0.00142831 0.00614933 0.0113756 -0.000201996 -0.00648096 -0.0160175
internal_weight=1886.66 790.482 71.8476 718.635 149.085 569.549 36.6895 35.158 1096.17 281.374 199.022 814.799 82.3525 55.5026
internal_count=6588 2892 253 2639 573 2066 119 134 3696 949 657 2747 292 192
is_linear=0
shrinkage=0.05


Tree=116
num_leaves=14
num_cat=0
split_feature=7 7 6 6 9 11 4 5 4 5 8 6 7
split_gain=1.90587 14.2086 8.27583 7.81378 6.83316 7.29444 6.38643 5.41925 11.2942 9.38634 6.8374 4.0526 2.3916
threshold=95.142633333333322 88.079700000000031 135.26330000000004 118.13669999999991 34.308000000000007 4.0965122183322938e-07 34.889299999999949 -21.534999999999982 -101.19103333333335 -16.365149999999975 -0.19950000000000001 118.13669999999991 124.07969999999999
decision_type=2 2 2 2 2 2 2 2 2 2 2 2 2
left_child=1 2 3 -1 5 -3 -4 8 11 -9 -11 -2 -10
right_child=7 4 6 -5 -6 -7 -8 9 12 10 -12 -13 -14
leaf_value=-4.930365960997848e-05 0.015157158484731549 -0.093638380616723568 0.033625504174567424 -0.032851688336986942 -0.0036695269802352985 -0.013727669178880459 -0.011525214891898873 -0.081074175377735577 0.029276189048727017 0.017580495700241922 -0.016149771393228502 -0.027229930466452518 0.06038965588489436
leaf_weight=1693.9346503615379 10.866789847612383 7.9925456941127795 30.972097873687744 18.351431369781494 7.1228754669427863 4.4434047490358353 10.482689470052717 3.6472503095865241 15.646433383226396 31.572949707508087 28.664296664297581 11.721791625022886 10.204535841941832
leaf_count=5906 36 34 98 68 25 16 41 15 50 112 112 45 30
internal_value=6.09831e-05 -0.000339085 0.000133568 -0.000400863 -0.0427195 -0.065086 0.0222082 0.006377 0.0189895 -0.00318624 0.00152972 -0.00683858 0.0415581
internal_weight=1885.62 1773.3 1753.74 1712.29 19.5588 12.436 41.4548 112.324 48.4396 63.8845 60.2372 22.5886 25.851
internal_count=6588 6188 6113 5974 75 50 139 400 161 239 224 81 80
is_linear=0
shrinkage=0.05


Tree=117
num_leaves=13
num_cat=0
split_feature=12 12 5 7 10 1 7 1 7 3 10 8
split_gain=1.84082 5.36649 6.49992 6.95174 3.88153 6.95887 6.58615 3.63744 4.00576 8.87453 4.86464 3.47728
threshold=-0.9648146980006721 -0.92298336905347 -2.2258166666666592 21.747966666666635 -0.010042681421251752 -1.6149999999999998 5.1950666666666523 -0.063499999999999987 5.7545333333333497 1.0000000180025095e-35 -0.010166217684992594 -9.0004999999999988
decision_type=2 2 2 2 2 2 2 2 2 2 2 2
left_child=7 2 11 -4 6 -6 -3 8 9 -1 -10 -2
right_child=1 4 3 -5 5 -7 -8 -9 10 -11 -12 -13
leaf_value=-0.017312410726376012 -0.024817918317566492 0.027031382721154414 0.040708535875654248 -0.024008035662195309 -0.014926495748873728 -0.00041295596748755302 0.0021834711504390637 0.033443761149361623 -0.0045141578167861114 0.027522158821618688 0.0071519032775666826 -0.069574608020463211
leaf_weight=58.694892793893814 13.850891306996347 30.991713553667068 7.1400242000818279 9.9075005948543531 89.897804461419582 1016.1178587824106 191.15661453455687 9.3803335726261121 125.04880182445049 13.593367412686346 313.10298071801662 6.3198781609535208
leaf_count=205 49 100 22 35 309 3655 648 30 431 44 1036 24
internal_value=5.80756e-05 -0.000905966 -0.0196316 0.00309724 -0.000381231 -0.00159263 0.00564998 0.00259027 0.00202328 -0.00888154 0.0038224 -0.038841
internal_weight=1885.2 1365.38 37.2183 17.0475 1328.16 1106.02 222.148 519.82 510.44 72.2883 438.152 20.1708
internal_count=6588 4842 130 57 4712 3964 748 1746 1716 249 1467 73
is_linear=0
shrinkage=0.05


Tree=118
num_leaves=15
num_cat=0
split_feature=0 0 11 9 0 6 7 1 12 0 8 3 9 11
split_gain=1.89544 8.75454 7.00107 9.2004 5.04597 9.79889 8.14292 6.7511 5.18094 4.76194 10.5235 4.10821 3.97809 3.88874
threshold=1.6045000000000003 2.3490000000000006 0.0020411287495103463 -2.9574999999999996 1.4115000000000002 8.9986999999999089 30.093599999999991 -0.28099999999999997 0.99999999992644317 3.3630000000000004 -0.18800000000000006 -6.2715999999998866 1.7880000000000005 0.0040360212941892301
decision_type=2 2 2 2 2 2 2 2 2 2 2 2 2 2
left_child=4 2 3 -2 8 7 -7 -6 11 10 -3 -1 -4 -11
right_child=1 9 12 -5 5 6 -8 -9 -10 13 -12 -13 -14 -15
leaf_value=-0.0095735204928506599 0.048063982434725892 0.0076696359674966177 0.023993999149574376 0.00014377052439283416 -0.097553232071633439 0.04669100745213859 -0.037393031073796726 -0.022646040903034809 0.039676457985242969 0.00241733701259946 -0.027418723850221777 0.00035499576227946187 0.075045693556395981 -0.0054967069071724349
leaf_weight=132.71694792807102 12.614338099956511 39.733867719769478 8.1859648674726468 48.633411020040512 5.4329561442136765 6.2808306217193586 5.3166802823543549 6.7388630807399768 7.6298504173755637 885.2029775083065 46.230970457196236 484.71596449613571 7.1478346139192572 188.22756100818515
leaf_count=497 38 132 26 166 22 20 21 26 26 2958 169 1811 20 656
internal_value=5.54632e-05 0.00120428 0.0175775 0.0100132 -0.00213296 -0.0247445 0.00814412 -0.0560813 -0.00127311 0.000122781 -0.0112005 -0.00177913 0.0477917 0.0010296
internal_weight=1884.81 1235.98 76.5815 61.2477 648.832 23.7693 11.5975 12.1718 625.063 1159.4 85.9648 617.433 15.3338 1073.43
internal_count=6588 4165 250 204 2423 89 41 48 2334 3915 301 2308 46 3614
is_linear=0
shrinkage=0.05


Tree=119
num_leaves=9
num_cat=0
split_feature=10 1 5 11 5 5 4 3
split_gain=1.90348 5.05616 4.22603 5.56563 2.29106 3.10554 6.43808 5.71671
threshold=0.03030762244435881 1.2865000000000004 12.178566666666686 0.0061231779169546039 -96.347149999999971 -48.623983333333321 -73.033300000000011 -203.28329999999991
decision_type=2 2 2 2 2 2 2 2
left_child=4 -2 3 -3 -1 7 -7 -6
right_child=1 2 -4 -5 5 6 -8 -9
leaf_value=0.026138328602637526 -0.033673271107215179 0.0057515286696277158 -0.019164373169658501 0.056374840226391311 -0.055839749091301363 0.040760879273976341 -0.0002074041049602178 -0.0050088167393959855
leaf_weight=8.2470363378524763 5.0765114873647681 11.107604920864111 5.3360271304845801 10.620976150035856 6.8924573659896842 9.6409817636013013 1799.3427968211472 28.009535163640976
leaf_count=26 20 37 23 33 30 30 6290 99
internal_value=5.28676e-05 0.0121165 0.0207053 0.0304963 -0.000156479 -0.000274086 1.09364e-05 -0.0150469
internal_weight=1884.27 32.1411 27.0646 21.7286 1852.13 1843.89 1808.98 34.902
internal_count=6588 113 93 70 6475 6449 6320 129
is_linear=0
shrinkage=0.05


Tree=120
num_leaves=12
num_cat=0
split_feature=4 5 10 6 11 7 5 5 5 11 6
split_gain=1.83865 4.41182 5.01301 4.80275 2.78984 5.59084 5.52999 3.66934 4.3404 2.77224 2.84199
threshold=54.66346666666665 41.403233333333354 -0.010039656669041939 35.278999999999797 0.012096063257118763 33.56843333333331 -4.7350666666666532 -96.347149999999971 -35.395199999999974 2.038548474470048e-07 160.96009999999998
decision_type=2 2 2 2 2 2 2 2 2 2 2
left_child=4 9 -3 -4 7 -6 -7 -1 -9 -2 -11
right_child=1 2 3 -5 5 6 -8 8 -10 10 -12
leaf_value=0.033985247537943152 0.057980795032638192 0.033914537208192416 -0.064220339528621523 -0.0010241261491322196 -0.024875612932726211 -0.011688416814711895 0.041313690918962455 -0.013582973047946284 -0.00011652440018602506 0.031463004412590902 -0.013287996111042713
leaf_weight=7.7114225178956977 5.2320211231708553 5.290990091860297 4.6987585723400107 8.3471811749041063 6.9278586059808758 6.9022542387247148 17.147103860974308 61.962176129221916 1743.9299219697714 10.229726001620291 5.4314696863293639
leaf_count=24 16 20 20 37 25 24 55 228 6084 32 23
internal_value=5.03294e-05 0.0107616 -0.00713658 -0.0237855 -0.000177475 0.0147011 0.0261019 -0.000431608 -0.000578573 0.0264699 0.0159429
internal_weight=1883.81 39.2301 18.3369 13.0459 1844.58 30.9772 24.0494 1813.6 1805.89 20.8932 15.6612
internal_count=6588 148 77 57 6440 104 79 6336 6312 71 55
is_linear=0
shrinkage=0.05


Tree=121
num_leaves=15
num_cat=0
split_feature=9 9 9 1 0 4 8 1 5 12 12 7 7 10
split_gain=1.85548 5.9411 7.89943 5.62989 17.1898 7.52597 5.12105 7.37972 9.08571 6.41941 5.11351 8.57207 5.42957 4.71054
threshold=-0.91300000000000081 -17.010000000000002 -20.197499999999998 -4.0699999999999994 4.8985000000000012 4.6622666666666488 -49.266499999999986 0.20250000000000004 -3.855533333333319 0.99999999975093368 0.99999999950616991 63.292000000000023 33.828499999999984 -1.0000000180025095e-35
decision_type=2 2 2 2 2 2 2 2 2 2 2 2 2 2
left_child=1 2 -1 4 -3 -5 10 8 -8 -9 11 -2 -12 -4
right_child=6 3 13 5 -6 -7 7 9 -10 -11 12 -13 -14 -15
leaf_value=-0.00029945749492716874 0.037591320008309378 -0.069409440534378142 -0.0070357597055207138 0.01901377557311229 0.0039652152095125404 -0.0027429869980104874 0.0019693901194289226 0.008010895427116348 -0.01446891828097103 -0.002255296090475198 -0.030048811987880231 -0.0067018852721184245 0.019727692569354003 -0.053969591862117229
leaf_weight=399.75841911882162 29.725794583559036 8.5681388527154905 10.270685762166979 134.55751240253448 116.70932447910309 56.411703333258629 138.65806768834591 217.60836090147495 213.47429783642292 507.1397669762373 12.266712695360185 17.269043773412704 9.899786636233328 11.149894237518309
leaf_count=1378 94 33 35 448 388 199 483 753 798 1793 47 62 34 43
internal_value=4.7924e-05 0.00200434 -0.00188454 0.00718356 -0.00105312 0.0125869 -0.00121094 -0.00205797 -0.00799606 0.000827167 0.0119777 0.021315 -0.00781811 -0.0314659
internal_weight=1883.47 737.426 421.179 316.247 125.277 190.969 1146.04 1076.88 352.132 724.748 69.1613 46.9948 22.1665 21.4206
internal_count=6588 2524 1456 1068 421 647 4064 3827 1281 2546 237 156 81 78
is_linear=0
shrinkage=0.05


Tree=122
num_leaves=15
num_cat=0
split_feature=7 5 9 4 5 5 0 5 5 7 5 6 4 7
split_gain=1.80145 6.13814 5.24131 7.50635 4.98265 9.64561 4.97188 2.14822 6.55695 11.8841 5.92443 13.826 6.32655 5.40881
threshold=1.5544666666666933 -0.1894499999999843 -1.0979999999999994 1.0000000180025095e-35 -1.6245666666666565 -2.8539999999999899 1.0205000000000002 -2.6354333333333249 -3.1246833333333144 14.297800000000009 -1.7010833333333168 1.7227000000001136 -6.5760666666667165 2.7116333333333356
decision_type=2 2 2 2 2 2 2 2 2 2 2 2 2 2
left_child=1 4 -3 -4 5 -1 -6 8 13 -10 11 -9 -12 -2
right_child=7 2 3 -5 6 -7 -8 10 9 -11 12 -13 -14 -15
leaf_value=0.020777022654510754 0.032594164257974123 -0.063691629620906604 0.0263510722084375 -0.03167469616962966 -0.00028053842908284802 -0.05769112961338374 0.058104377688236786 0.05561662583996077 -0.053494406352386552 0.0074693488501391793 0.012599971429562519 0.0046136454058374509 -0.0006328750609828921 -0.0014176646209782373
leaf_weight=9.5582788586616534 11.906773194670675 6.479344740509986 8.13650991022587 17.693496242165565 7.2917063385248166 6.634921699762347 7.2937406003475189 16.362829178571701 16.509602025151253 15.498169809579847 99.819457054138184 70.699352756142616 949.45412659645081 639.43561914563179
leaf_count=33 38 27 31 86 31 29 23 52 66 52 332 240 3343 2205
internal_value=4.57295e-05 -0.00826055 -0.0234827 -0.0133964 0.00771863 -0.0113741 0.028916 0.000333706 -0.00188165 -0.0239757 0.00166594 0.0141994 0.000625992 -0.000795916
internal_weight=1882.77 63.088 32.3094 25.83 30.7786 16.1932 14.5854 1819.69 683.35 32.0078 1136.34 87.0622 1049.27 651.342
internal_count=6588 260 144 117 116 62 54 6328 2361 118 3967 292 3675 2243
is_linear=0
shrinkage=0.05


Tree=123
num_leaves=14
num_cat=0
split_feature=7 7 6 6 9 4 5 7 5 8 5 11 9
split_gain=1.78994 12.8609 7.45319 7.15969 6.22325 5.84601 5.16266 10.7055 8.45746 6.18989 5.59605 4.56155 4.40102
threshold=95.142633333333322 88.079700000000031 135.26330000000004 118.13669999999991 18.881000000000004 34.889299999999949 -21.534999999999982 168.53093333333337 -16.365149999999975 -0.19950000000000001 -85.877199999999974 2.0674600476056074e-07 -91.687999999999988
decision_type=2 2 2 2 2 2 2 2 2 2 2 2 2
left_child=1 2 3 -1 11 -4 7 12 -8 -10 -9 -3 -2
right_child=6 4 5 -5 -6 -7 8 10 9 -11 -12 -13 -14
leaf_value=-6.4103228352849128e-05 -0.0013007234170188571 -0.088706388828064836 0.032083401985917602 -0.031486543966945384 -0.0067409686785871144 -0.011199734445090504 -0.077240407918454324 0.014176456833326013 0.016615140557034107 -0.015541418936438218 -0.042677017579537471 -0.02383975578340421 0.045863381611814948
leaf_weight=1691.5556589961052 6.2000081390142467 7.1760407537221926 30.778837651014328 18.324569925665855 7.9655640274286261 10.449821963906286 3.6324297040700904 9.1161920726299304 31.481537647545338 28.525125123560429 8.2407776415348035 4.3550901114940643 24.458111733198166
leaf_count=5906 22 30 98 68 28 41 15 30 112 112 33 17 76
internal_value=4.32204e-05 -0.000343971 0.000105672 -0.000400854 -0.040729 0.0211129 0.00618328 0.0185611 -0.00315562 0.00132901 -0.0128166 -0.0642075 0.0363254
internal_weight=1882.26 1770.61 1751.11 1709.88 19.4967 41.2287 111.654 48.0151 63.6391 60.0067 17.357 11.5311 30.6581
internal_count=6588 6188 6113 5974 75 139 400 161 239 224 63 47 98
is_linear=0
shrinkage=0.05


Tree=124
num_leaves=13
num_cat=0
split_feature=0 6 11 4 0 5 8 11 5 5 11 9
split_gain=1.75769 6.29588 6.90473 10.4847 4.24727 7.33224 7.63221 6.6535 4.21331 13.2122 5.65152 2.13148
threshold=0.20150000000000004 40.168999999999947 -0.0040735270068203979 9.3464333333333212 0.49850000000000005 -4.7350666666666532 -0.33900000000000002 0.0040334778252959511 6.1760333333333417 4.1063333333333389 -0.0081494406361881638 -1.0000000180025095e-35
decision_type=2 2 2 2 2 2 2 2 2 2 2 2
left_child=1 2 -1 -4 5 7 -7 -2 9 -6 -10 -3
right_child=4 11 3 -5 8 6 -8 -9 10 -11 -12 -13
leaf_value=0.045421199538970822 0.014727079943611649 -0.0099009198470060168 -0.0031971676786553883 0.041215332383211345 0.00059208626290121937 0.0077046874338993487 -0.017945624182721078 -0.031091417269885992 0.028053338558954671 0.020330348814269768 -0.004600159911889906 -0.053168517043702214
leaf_weight=12.24416524171829 53.209847301244736 6.5594530552625656 69.54568213224411 16.427774786949158 1016.330856308341 37.410690471529961 129.00093854963779 9.3096151500940305 13.68200236558914 92.496864020824432 420.56880519166589 5.0284070670604688
leaf_count=38 196 25 244 52 3459 136 538 38 45 303 1493 21
internal_value=4.11183e-05 0.00617978 0.0102922 0.00528916 -0.000339274 -0.00669454 -0.0121792 0.00790436 0.000603593 0.00223862 -0.00357134 -0.0286764
internal_weight=1881.82 109.805 98.2176 85.9735 1772.01 228.931 166.412 62.5195 1543.08 1108.83 434.251 11.5879
internal_count=6588 380 334 296 6208 908 674 234 5300 3762 1538 46
is_linear=0
shrinkage=0.05


Tree=125
num_leaves=15
num_cat=0
split_feature=9 9 0 3 6 9 1 6 8 7 7 8 6 6
split_gain=1.74208 5.016 6.72739 12.6204 9.66416 5.38959 5.69597 5.59103 3.84052 5.92368 9.24703 4.58414 5.23883 4.17154
threshold=-69.952999999999989 -35.579999999999998 39.263000000000012 15.030400000000105 2.5034999999998528 -24.933499999999995 -37.819999999999993 12.840699999999943 -97.962499999999991 72.623000000000005 38.259533333333316 -134.06449999999998 121.8407999999998 26.06939999999982
decision_type=2 2 2 2 2 2 2 2 2 2 2 2 2 2
left_child=8 2 4 -4 -2 7 -7 -3 11 10 -10 12 -1 -13
right_child=1 5 3 -5 -6 6 -8 -9 9 -11 -12 13 -14 -15
leaf_value=-0.016517996292948929 -0.028788272612451968 -0.032697391482714888 0.0077068795047222464 -0.061844127688423414 0.033538059981488476 -0.025689138445221856 0.00074177039868001044 -0.0016601508240261472 -0.017760936110918748 -0.036657456952780172 0.016542005628311648 -0.0046412604195659934 0.015153835073820749 0.033788550292961926
leaf_weight=36.168097004294395 7.2826580852270117 25.442568734288216 61.361156389117241 7.2981063425540915 42.607455134391785 20.666028335690498 1492.1833180449903 33.767793506383896 54.627774283289909 18.467319041490555 30.679945573210716 11.423874735832216 20.432616971433163 18.492431707680225
leaf_count=128 27 93 200 29 134 75 5239 115 204 74 103 39 69 59
internal_value=3.89152e-05 0.000549432 0.0104672 0.000313986 0.02444 -0.000198466 0.000380715 -0.0149968 -0.00449666 -0.0109824 -0.00542428 0.00328281 -0.0050846 0.0191137
internal_weight=1880.9 1690.61 118.549 68.6593 49.8901 1572.06 1512.85 59.2104 190.292 103.775 85.3077 86.517 56.6007 29.9163
internal_count=6588 5912 390 229 161 5522 5314 208 676 381 307 295 197 98
is_linear=0
shrinkage=0.05


Tree=126
num_leaves=11
num_cat=0
split_feature=4 3 7 8 5 5 8 11 0 5
split_gain=1.7739 4.30377 7.48133 4.58219 2.50889 3.17239 4.44387 2.95004 2.90161 1.70702
threshold=54.66346666666665 -9.4203999999998818 103.27013333333336 -1.0000000180025095e-35 51.151350000000008 36.204233333333342 0.65049999999999997 0.012096063257118763 25.918000000000003 41.403233333333354
decision_type=2 2 2 2 2 2 2 2 2 2
left_child=4 -2 9 -4 5 7 -7 -1 -6 -3
right_child=1 2 3 -5 8 6 -8 -9 -10 -11
leaf_value=-0.0005092284340845331 0.049057370756868529 0.030300723916770436 -0.0022372280314704881 -0.065588209948593476 -0.050211761651177501 0.045479435045412499 -0.0080962338627793406 0.015201222784790825 0.0049048312707234178 -0.0010205177800741596
leaf_weight=1785.6895708367229 6.1283740252256385 14.991153344511988 6.8704688772559166 4.8829849623143655 5.3472029864788038 8.9384053796529752 6.8264832347631446 30.389217287302017 4.3147008121013641 6.1284750699996939
leaf_count=6246 20 48 29 26 25 28 24 102 15 25
internal_value=3.69783e-05 0.0105892 0.00341774 -0.0285565 -0.000186508 -5.24749e-05 0.0222802 -0.000246339 -0.0255984 0.021212
internal_weight=1880.51 39.0015 32.8731 11.7535 1841.51 1831.84 15.7649 1816.08 9.6619 21.1196
internal_count=6588 148 128 55 6440 6400 52 6348 40 73
is_linear=0
shrinkage=0.05


Tree=127
num_leaves=9
num_cat=0
split_feature=4 8 3 11 8 11 3 9
split_gain=1.75378 3.39402 2.44549 4.42357 3.20726 6.91141 3.02916 2.89444
threshold=85.317766666666643 -1.2034999999999998 118.39860000000014 0.0040587502529876316 324.03250000000008 -0.0020059172191222436 167.68830000000011 196.00600000000003
decision_type=2 2 2 2 2 2 2 2
left_child=2 -2 4 -4 7 -6 -5 -1
right_child=1 -3 3 6 5 -7 -8 -9
leaf_value=0.0001577778280847529 0.042353190164093876 -0.011339665084577344 0.0089211976466702023 -0.01649035468570734 -0.0034711903188897435 0.050511242230959652 -0.071890148591845116 -0.013029010465958488
leaf_weight=1782.5287946611643 6.7956615537405014 5.1917882114648801 8.2117066904902476 5.6802935898303968 14.931789025664331 9.8344443887472135 4.3624084368348122 42.607489466667175
leaf_count=6227 24 24 32 23 51 31 23 153
internal_value=3.50759e-05 0.0190987 -8.72501e-05 -0.0182984 9.2453e-05 0.0179647 -0.0405552 -0.000150065
internal_weight=1880.14 11.9874 1868.16 18.2544 1849.9 24.7662 10.0427 1825.14
internal_count=6588 48 6540 78 6462 82 46 6380
is_linear=0
shrinkage=0.05


Tree=128
num_leaves=12
num_cat=0
split_feature=7 0 0 8 5 5 6 6 12 7 7
split_gain=1.73493 6.11036 7.38196 4.44501 4.24639 5.98066 8.81278 4.07371 4.24915 4.05748 1.58951
threshold=116.51026666666667 14.806500000000002 41.103000000000009 -59.048499999999997 51.151350000000008 33.571883333333339 3.612099999999796 16.444599999999799 -0.85145571863711345 66.327366666666663 63.292000000000023
decision_type=2 2 2 2 2 2 2 2 2 2 2
left_child=4 7 -3 -4 5 9 -7 -2 -9 -1 -6
right_child=1 2 3 -5 10 6 -8 8 -10 -11 -12
leaf_value=0.00015273874567874241 0.028135884857845947 0.053681246218386713 0.027176413922264143 -0.0084308874001909305 -0.013421954843652502 0.070393085529167385 0.0080715378374568107 -0.042983093375711462 0.00023258040392994236 -0.0091224030299078256 -0.053604009692751545
leaf_weight=1630.4749309122562 5.4052067101001766 11.336133018136023 15.732988618314264 19.788712032139301 5.0473793894052488 6.9715945124626151 30.442274138331413 10.759609013795858 12.067312002182002 127.10299740731716 4.8032686859369278
leaf_count=5697 18 36 54 78 20 21 105 43 46 447 23
internal_value=3.32315e-05 0.00748 0.0185512 0.00734001 -0.000276589 -9.69253e-05 0.0196844 -0.0108952 -0.0201374 -0.000518013 -0.0330151
internal_weight=1879.93 75.09 46.8578 35.5217 1804.84 1794.99 37.4139 28.2321 22.8269 1757.58 9.85065
internal_count=6588 275 168 132 6313 6270 126 107 89 6144 43
is_linear=0
shrinkage=0.05


Tree=129
num_leaves=13
num_cat=0
split_feature=6 11 6 0 1 6 9 3 6 7 8 6
split_gain=1.70272 5.54709 11.3029 7.57363 7.34242 6.50723 6.26897 5.53998 5.26398 6.45789 6.0784 4.30508
threshold=13.238199999999933 1.0000000180025095e-35 11.7947999999998 9.8165000000000013 0.68650000000000022 0.41549999999996307 0.47550000000000003 -1.0000000180025095e-35 13.757299999999931 5.5489000000000051 1.8035000000000003 29.860099999999914
decision_type=2 2 2 2 2 2 2 2 2 2 2 2
left_child=1 5 4 -4 -3 7 -7 -1 10 -10 -2 -11
right_child=8 2 3 -5 -6 6 -8 -9 9 11 -12 -13
leaf_value=-0.039022011327663947 0.054920782905128133 -0.0098400237861340448 -0.018811762765652058 -0.07360290498159075 0.0037202754112964625 0.0087277293126843541 -0.0052553887307030724 -0.0040122240978155083 -0.065621064640056001 0.0051654394063780562 -0.0068729532395244257 -0.0015567924718365869
leaf_weight=15.378501921892164 9.6749101877212542 210.36186370253563 21.131928578019146 8.9902142584323865 189.97733345627785 275.4635745882988 113.04988063871861 42.604573026299477 3.6272820532321921 405.50416551530361 6.760368511080741 577.18419514596462
leaf_count=57 29 788 78 35 666 947 396 171 15 1363 23 2020
internal_value=3.16506e-05 -0.00157752 -0.00562753 -0.0351647 -0.00340511 0.00232703 0.00465891 -0.0132977 0.00143896 0.000971317 0.029503 0.00121712
internal_weight=1879.71 876.958 430.461 30.1221 400.339 446.497 388.513 57.9831 1002.75 986.316 16.4353 982.688
internal_count=6588 3138 1567 113 1454 1571 1343 228 3450 3398 52 3383
is_linear=0
shrinkage=0.05


Tree=130
num_leaves=10
num_cat=0
split_feature=10 7 9 11 11 9 9 0 9
split_gain=1.68442 3.22695 2.35947 5.19535 11.6123 4.58618 3.71393 6.40525 4.9861
threshold=-0.040426500499562971 56.682099999999984 -69.952999999999989 -0.0020220401765713709 -0.0040165681696435742 -418.66949999999991 -35.579999999999998 39.263000000000012 -17.010000000000002
decision_type=2 2 2 2 2 2 2 2 2
left_child=1 -1 3 4 -2 -5 7 -4 -8
right_child=2 -3 6 5 -6 -7 8 -9 -10
leaf_value=0.04052665132893269 -0.0056321005028437034 -0.0085477952542966865 0.022779546364547865 0.041621170267599691 -0.052891506868658317 -0.0006064783692733011 -0.010354635741089031 -0.00094817833440793476 0.00062745226545208579
leaf_weight=7.1870802789926511 69.149988144636154 6.2741107493638992 49.338603958487511 6.9233954399824134 16.006917908787727 90.188142254948616 111.25436690449715 67.155237600207329 1455.6150345243514
leaf_count=22 243 23 160 23 62 323 388 225 5119
internal_value=3.01091e-05 0.0176536 -9.70506e-05 -0.00550083 -0.0145154 0.00240407 0.000488051 0.00910122 -0.000152323
internal_weight=1879.09 13.4612 1865.63 182.268 85.1569 97.1115 1683.36 116.494 1566.87
internal_count=6588 45 6543 651 305 346 5892 385 5507
is_linear=0
shrinkage=0.05


Tree=131
num_leaves=13
num_cat=0
split_feature=12 12 5 7 4 4 4 1 7 4 10 8
split_gain=1.71616 4.87715 5.79686 6.29571 3.72134 6.17436 5.52277 3.37741 3.32683 8.07005 4.55114 3.28552
threshold=-0.9648146980006721 -0.92298336905347 -3.176499999999991 17.415233333333358 0.80956666666664601 -1.9732333333333572 1.056933333333254 -0.063499999999999987 5.7545333333333497 -2.266600000000035 -0.010166217684992594 -9.0004999999999988
decision_type=2 2 2 2 2 2 2 2 2 2 2 2
left_child=7 2 11 -4 5 -3 -6 8 9 -1 -10 -2
right_child=1 4 3 -5 6 -7 -8 -9 10 -11 -12 -13
leaf_value=-0.036708788920013606 -0.025438645994667799 -0.00055552647596934985 0.036692363767815525 -0.02265489655941889 -0.031487634849665644 0.010612599040779228 -0.0022922101572287342 0.032361268232200362 -0.0044952662742327463 0.0017175292936446173 0.0068077542907363717 -0.072348004941840155
leaf_weight=18.288408026099205 13.204685285687448 485.99531790614128 7.3957412838935879 11.291207909584044 16.608772128820419 166.03865116834641 655.30449966341257 9.2856447845697385 124.67756715416908 54.02828224003315 311.72133213281631 5.2037068754434577
leaf_count=66 47 1706 23 40 69 596 2341 30 431 183 1036 20
internal_value=2.86524e-05 -0.000903549 -0.0187846 0.000832992 -0.000402545 0.00228841 -0.00301388 0.002478 0.00193254 -0.00800023 0.00357852 -0.038699
internal_weight=1879.04 1361.04 37.0953 18.6869 1323.95 652.034 671.913 518.001 508.716 72.3167 436.399 18.4084
internal_count=6588 4842 130 63 4712 2302 2410 1746 1716 249 1467 67
is_linear=0
shrinkage=0.05


Tree=132
num_leaves=13
num_cat=0
split_feature=7 7 6 6 9 11 8 8 6 6 5 0
split_gain=1.68156 11.2265 6.9218 6.35577 5.63807 6.06111 5.25821 11.7646 7.87878 7.14421 5.12825 4.93999
threshold=95.142633333333322 88.079700000000031 135.26330000000004 118.13669999999991 34.308000000000007 4.0965122183322938e-07 184.07300000000001 0.2045000000000001 40.168999999999947 256.3870999999998 -28.50548333333332 5.6115000000000004
decision_type=2 2 2 2 2 2 2 2 2 2 2 2
left_child=1 2 3 -1 5 -3 7 8 -2 -8 -4 -9
right_child=6 4 10 -5 -6 -7 9 11 -10 -11 -12 -13
leaf_value=-9.738677089441584e-05 0.043900128287449769 -0.085127868358132797 -0.019585947837310394 -0.029730754021584451 -0.0027628436575185332 -0.011899881953328573 0.061089126961869439 -0.050902434279338805 0.0036786628826345072 -0.0080774180281887806 0.028227147619955734 -0.0094847940911167682
leaf_weight=1689.4193262904882 17.135793253779411 7.8432736471295375 6.7072221636772147 18.290379047393799 7.1030447185039511 4.4172175079584122 9.2021667361259443 9.9439825266599637 42.060167856514454 6.2820455245673648 34.222492903470993 26.084113225340843
leaf_count=5906 54 34 24 68 25 16 28 41 153 29 115 95
internal_value=2.72927e-05 -0.000347029 7.22403e-05 -0.000414774 -0.0382095 -0.0587452 0.00600518 0.00161108 0.0153218 0.0330278 0.0203919 -0.0209163
internal_weight=1878.71 1768 1748.64 1707.71 19.3635 12.2605 110.708 95.2241 59.196 15.4842 40.9297 36.0281
internal_count=6588 6188 6113 5974 75 50 400 343 207 57 139 136
is_linear=0
shrinkage=0.05


Tree=133
num_leaves=15
num_cat=0
split_feature=7 5 0 4 4 4 6 4 4 5 7 2 1 6
split_gain=1.64517 5.56472 5.09156 7.87294 4.75582 4.70651 3.49437 1.9726 10.1716 12.0017 9.35176 4.97211 5.20276 4.7579
threshold=1.5544666666666933 -0.1894499999999843 0.82550000000000012 1.0000000180025095e-35 -0.64776666666670224 0.90306666666664914 0.9280000000001366 1.439733333333288 -1.7294000000000218 0.43348333333333416 2.9338000000000082 6.5000000000000009 51.285000000000011 94.309399999999798
decision_type=2 2 2 2 2 2 2 2 2 2 2 2 2 2
left_child=1 4 3 -3 -1 -4 -6 8 10 -10 -2 12 -9 -13
right_child=7 2 5 -5 6 -7 -8 11 9 -11 -12 13 -14 -15
leaf_value=-0.031033710987801413 -0.052768069233414344 0.039740950739588651 -0.058627394260925537 -0.032360452032751945 0.00083591466623613581 -1.0398236568897541e-05 0.03915533142579794 -0.0026643746839932364 0.00094573540687065019 0.024793911996960249 -0.00026856991593018513 -0.07149962679157762 0.0089606716816533309 -0.0078444608234243211
leaf_weight=6.3934964537620571 8.575920030474661 6.5643785893917075 11.829831942915918 8.9454775601625425 13.724108368158342 4.819623500108718 10.501940399408339 690.19379503279924 119.75225551426411 94.299080953001976 778.56949579715729 4.8695991635322553 111.84272921830416 7.3911411091685295
leaf_count=24 35 24 53 47 56 20 36 2455 412 311 2692 19 371 33
internal_value=2.59903e-05 -0.00793169 -0.0224572 -0.00184431 0.00732425 -0.0416592 0.0174473 0.000301163 0.00178752 0.0114519 -0.00084055 -0.00152635 -0.00104328 -0.0331264
internal_weight=1878.27 62.7789 32.1593 15.5099 30.6195 16.6495 24.226 1815.49 1001.2 214.051 787.145 814.297 802.037 12.2607
internal_count=6588 260 144 71 116 73 92 6328 3450 723 2727 2878 2826 52
is_linear=0
shrinkage=0.05


Tree=134
num_leaves=15
num_cat=0
split_feature=9 9 6 5 8 1 1 12 7 4 11 13 11 8
split_gain=1.67482 5.57433 6.17789 5.12566 4.59299 6.61689 4.93819 4.65976 7.41795 7.05848 3.82378 8.34246 7.47408 1.55752
threshold=-1.0979999999999994 -1.7604999999999997 4.6701999999998414 -1.0018666666666494 -49.266499999999986 -26.089999999999996 0.20250000000000004 0.99999999960552122 33.828499999999984 -15.240300000000069 0.0060619327960664835 501.41600000000034 0.0020378011331956274 -1.2034999999999998
decision_type=2 2 2 2 2 2 2 2 2 2 2 2 2 2
left_child=1 10 3 -3 7 -6 -7 9 -9 -2 12 -12 -1 -4
right_child=4 2 13 -5 5 6 -8 8 -10 -11 11 -13 -14 -15
leaf_value=7.8261661533404528e-05 -0.01646516348557173 0.029460475806085101 0.060258375253857632 -0.034287249565943333 -0.045455285202225117 -0.0064424734706264829 0.00076079087913324484 -0.037171684625908592 0.023477113368811153 0.029349591137792442 -0.025058795554254526 0.032048591212501372 0.017521968505558587 0.029974199983988765
leaf_weight=579.89139554649591 10.712882056832312 6.0248244553804398 6.9588328450918242 6.6158785372972506 8.6708924472331983 354.0682215988636 725.37217992916703 10.836060196161272 9.4286163896322233 39.057738572359085 32.685583472251892 7.950740434229373 68.680198326706886 10.889195829629895
leaf_count=1996 38 20 21 25 33 1288 2553 42 32 129 120 28 228 35
internal_value=2.45313e-05 0.00191875 0.0228405 -0.00390375 -0.00115258 -0.00195141 -0.00160196 0.0112586 -0.00895341 0.0194882 0.000993233 -0.0138854 0.00192546 0.0417818
internal_weight=1877.84 719.697 30.4887 12.6407 1158.15 1088.11 1079.44 70.0353 20.2647 49.7706 689.208 40.6363 648.572 17.848
internal_count=6588 2473 101 45 4115 3874 3841 241 74 167 2372 148 2224 56
is_linear=0
shrinkage=0.05


Tree=135
num_leaves=13
num_cat=0
split_feature=3 11 5 0 1 4 10 1 9 9 7 11
split_gain=1.65861 8.19346 6.81821 5.978 4.40708 8.26646 5.16958 4.29659 6.12998 4.84853 4.16876 3.62999
threshold=-61.928599999999861 6.0738754470435207e-07 -48.623983333333321 1.8410000000000002 -119.54449999999999 -8.9185666666667149 -0.020235746497887504 -86.050499999999985 -108.157 -69.952999999999989 60.931933333333347 -0.0081086560944065838
decision_type=2 2 2 2 2 2 2 2 2 2 2 2
left_child=1 2 11 -4 5 6 -2 8 -6 -9 -7 -1
right_child=4 -3 3 -5 7 10 -8 9 -10 -11 -12 -13
leaf_value=-0.010167832158240063 0.033807530844304816 0.052109097335172008 -0.024049256376256739 0.014996375728918611 0.04720349875992455 -0.074760284776301283 -0.015606063104122653 -0.011823443135829059 0.0032324261258295352 0.00031140140215267531 -0.016442920277417065 -0.067207200344685539
leaf_weight=6.6701962202787399 7.5963744819164267 8.9443783760070783 12.020071923732756 53.142595171928406 11.512363210320471 7.3043408095836622 17.456018060445789 86.691651977598667 25.444792509078979 1630.6493126749992 5.2792952209711075 4.7940609902143461
leaf_count=26 24 28 46 173 35 30 60 324 87 5714 20 21
internal_value=2.33913e-05 0.00682401 0.00153805 0.00779392 -0.000301363 -0.0172305 -0.000622897 6.18281e-05 0.0169297 -0.000301168 -0.050294 -0.0340202
internal_weight=1877.51 85.5713 76.6269 65.1627 1791.93 37.636 25.0524 1754.3 36.9572 1717.34 12.5836 11.4643
internal_count=6588 294 266 219 6294 134 84 6160 122 6038 50 47
is_linear=0
shrinkage=0.05


Tree=136
num_leaves=15
num_cat=0
split_feature=12 5 4 5 3 9 5 4 3 1 3 5 5 7
split_gain=1.64445 4.00929 10.0598 8.95608 7.4128 6.39879 6.30291 4.53953 2.83256 6.66584 6.54367 5.36007 4.1516 10.717
threshold=0.99999999950371909 17.938533333333357 22.639066666666601 6.1760333333333417 7.0787000000001408 -26.710999999999995 22.26033333333335 46.583399999999948 15.648700000000007 0.099500000000000019 -23.018999999999924 10.412416666666678 22.26033333333335 59.580133333333322
decision_type=2 2 2 2 2 2 2 2 2 2 2 2 2 2
left_child=8 3 6 5 -5 -2 -3 -4 9 11 -11 -1 -10 -14
right_child=1 2 7 4 -6 -7 -8 -9 12 10 -12 -13 13 -15
leaf_value=0.0018847644565105088 -0.022104990942655847 0.054633710285789339 -0.02626530125868138 -0.024156599069726177 -0.0017188546432432322 0.0012860245706987716 0.011770452506354417 0.010028218269214491 -0.0080956415294667749 -0.012477328291094341 0.014113469849449467 -0.010593065827672095 0.047417892104923559 -0.013638871285380515
leaf_weight=619.47518523037434 30.922370508313179 13.752475827932356 18.855931580066681 79.71435409784317 68.390836074948311 536.57620812952518 22.787711977958679 15.86470592021942 143.50780483335257 26.756527990102768 171.00992657244205 99.953065365552902 12.58336052298546 16.758819371461868
leaf_count=2084 120 40 75 326 247 1946 79 59 498 97 560 345 38 74
internal_value=2.21132e-05 -0.00171982 0.00959024 -0.00284609 -0.0137955 1.1474e-05 0.0279027 -0.00968191 0.00127955 0.00238602 0.0105159 0.000151169 -0.00459174 0.0125453
internal_weight=1876.91 786.865 71.2608 715.604 148.105 567.499 36.5402 34.7206 1090.04 917.195 197.766 719.428 172.85 29.3422
internal_count=6588 2892 253 2639 573 2066 119 134 3696 3086 657 2429 610 112
is_linear=0
shrinkage=0.05


Tree=137
num_leaves=15
num_cat=0
split_feature=9 5 4 0 8 5 0 5 3 4 6 0 1 5
split_gain=1.63786 5.75127 11.0206 9.49689 9.21133 7.69119 5.47126 4.79304 8.41641 7.9615 7.35109 5.55421 4.26902 3.18354
threshold=-0.91300000000000081 -9.8615166666666507 -20.40850000000005 1.0105000000000002 0.29700000000000004 -11.174566666666648 4.0385000000000009 -12.414299999999985 -33.768699999999882 -2.6173666666667295 2.5034999999998528 21.197500000000002 -2.0824999999999996 -23.495716666666645
decision_type=2 2 2 2 2 2 2 2 2 2 2 2 2 2
left_child=1 3 -3 4 -1 -5 -4 10 9 -9 13 -12 -10 -2
right_child=7 2 6 5 -6 -7 -8 8 12 -11 11 -13 -14 -15
leaf_value=-0.081080367028587605 0.012566672890407922 0.045867009841193934 0.0098666241736679542 0.0012458377411219128 0.005942399774871464 -0.03497512195846561 -0.00053132953145425461 -0.047576301831909466 -0.014606243905232491 0.019234754043855593 -0.0046564370867513164 0.015463496440644374 -0.00088760879473818034 0.052434138791153079
leaf_weight=7.9498883932828885 8.9609406441450137 15.417964443564413 192.10558095574379 126.29866668581963 4.9245040863752365 16.579913020133972 370.51921144872904 18.531507715582851 60.56940333545208 5.8718880712985984 93.073192536830902 54.320418789982796 889.56545967236161 11.349582612514494
leaf_count=35 31 48 674 428 17 60 1262 72 211 20 331 178 3185 36
internal_value=2.08969e-05 0.00186413 0.00416187 -0.00666346 -0.0477938 -0.00295731 0.003019 -0.00116323 -0.00250682 -0.0315004 0.00664449 0.00275856 -0.00176215 0.0348447
internal_weight=1876.04 733.796 578.043 155.753 12.8744 142.879 562.625 1142.24 974.538 24.4034 167.704 147.394 950.135 20.3105
internal_count=6588 2524 1984 540 52 488 1936 4064 3488 92 576 509 3396 67
is_linear=0
shrinkage=0.05


Tree=138
num_leaves=12
num_cat=0
split_feature=6 6 7 7 6 8 8 6 9 7 10
split_gain=1.60383 5.44307 9.11641 8.17863 8.77553 8.16472 7.57264 4.69899 5.72697 4.94438 4.04417
threshold=13.238199999999933 4.8270999999997946 67.701266666666655 25.474366666666658 6.091699999999979 6.7800000000000011 3.2025000000000001 13.757299999999931 2.2430000000000008 5.6373666666666749 0.010139417009580322
decision_type=2 2 2 2 2 2 2 2 2 2 2
left_child=1 2 6 4 -3 -5 -1 8 -2 -9 -11
right_child=7 3 -4 5 -6 -7 -8 9 -10 10 -12
leaf_value=-0.002113208283236823 0.050898503306287514 -0.022599934799336481 0.044227648405927619 -0.031514368068755426 0.0018331903779292586 0.0034524792771130023 0.013947612876274513 -0.051626636070367965 -0.010257800730766519 0.0026308464995215778 -0.0059512985926990451
leaf_weight=432.97209531068802 10.215892538428308 44.145566344261169 12.260816529393194 53.89977939426899 219.36157450079918 24.185148656368256 88.372436329722404 4.452122449874877 6.12220275402069 814.62423545867205 165.08970510214567
leaf_count=1607 31 159 39 201 755 82 295 18 21 2793 587
internal_value=1.98302e-05 -0.0015434 0.00161147 -0.00647168 -0.00226011 -0.0206841 0.000609241 0.00138728 0.027982 0.000945781 0.00118469
internal_weight=1875.7 875.197 533.605 341.592 263.507 78.0849 521.345 1000.5 16.3381 984.166 979.714
internal_count=6588 3138 1941 1197 914 283 1902 3450 52 3398 3380
is_linear=0
shrinkage=0.05


Tree=139
num_leaves=12
num_cat=0
split_feature=10 5 9 0 3 3 10 12 3 12 10
split_gain=1.65438 5.06914 2.78457 3.86049 2.17905 5.21871 8.45226 6.10664 4.80542 6.15477 5.47765
threshold=0.03030762244435881 -6.9034499999999843 171.77000000000001 20.589500000000005 17.708500000000068 12.724600000000118 0.010060868278394254 0.99999999999776756 19.778400000000101 0.66845592229070128 0.030161363369840547
decision_type=2 2 2 2 2 2 2 2 2 2 2
left_child=4 -2 3 -3 5 7 -7 -1 9 -6 -10
right_child=1 2 -4 -5 8 6 -8 -9 10 -11 -12
leaf_value=0.00038279858341988874 -0.026136238552166846 0.00048856633637419842 -0.001923223131505729 0.051390739856924855 0.0028485849188570099 0.023177063575788179 -0.014275593065774778 -0.020323628245842617 -0.0012256318408838342 -0.051680516051883896 -0.049992328089626607
leaf_weight=1463.3809241205454 7.01507639884949 5.6839098036289277 8.1197670176625234 10.807184681296347 9.3448958545923251 56.625571548938751 20.524422287940979 36.494698315858841 239.87559491023421 11.596442386507986 5.8998371958732596
leaf_count=5148 26 20 33 34 31 184 72 126 847 44 23
internal_value=1.89071e-05 0.0113578 0.0220451 0.0338465 -0.000175591 0.000531311 0.0132134 -0.000121026 -0.00435532 -0.0273474 -0.00239628
internal_weight=1875.37 31.6259 24.6109 16.4911 1843.74 1577.03 77.15 1499.88 266.717 20.9413 245.775
internal_count=6588 113 87 54 6475 5530 256 5274 945 75 870
is_linear=0
shrinkage=0.05


Tree=140
num_leaves=15
num_cat=0
split_feature=12 12 5 7 0 0 13 10 5 5 4 10 1 7
split_gain=1.57065 4.26378 5.29835 5.78235 3.46654 7.90515 6.34714 5.3062 4.56444 7.01546 6.27725 3.28598 5.88223 5.7291
threshold=-0.9648146980006721 -0.92298336905347 -1.1172833333333216 22.507700000000003 23.253500000000006 28.564000000000004 512.16050000000052 -0.010105603582971632 18.556816666666681 30.455133333333354 31.116666666666639 -0.010042681421251752 -1.6149999999999998 5.1950666666666523
decision_type=2 2 2 2 2 2 2 2 2 2 2 2 2 2
left_child=4 2 -2 -4 8 7 -7 -6 10 -10 -1 13 -13 -3
right_child=1 11 3 -5 5 6 -8 -9 9 -11 -12 12 -14 -15
leaf_value=0.0060935957289831076 -0.033637473647079384 0.025237181421489719 0.040955367903288138 -0.021037510654201674 -0.0083682528893125364 -0.003157049998998393 0.027819032047082429 -0.06594430636404669 -0.042995276795920107 0.010965139966966016 0.054861579325277798 -0.01380298569737471 -0.00043426743069073336 0.0019299970485963408
leaf_weight=294.12439408898354 21.551532983779907 30.609729662537575 6.4314199835062018 9.0608436167240125 8.1615014821290988 157.41172513365746 18.478644073009491 7.851151391863822 11.788867831230165 12.316482841968535 6.749840021133422 89.573166146874428 1010.7716746740043 190.18526266515255
leaf_count=983 78 100 20 32 28 539 60 30 43 43 20 309 3655 648
internal_value=1.80878e-05 -0.000874637 -0.017605 0.00469806 0.00236385 -0.0029647 9.72271e-05 -0.0365983 0.0055104 -0.0154245 0.00718766 -0.00040553 -0.00152254 0.00516117
internal_weight=1875.07 1358.18 37.0438 15.4923 516.883 191.903 175.89 16.0127 324.98 24.1054 300.874 1321.14 1100.34 220.795
internal_count=6588 4842 130 52 1746 657 599 58 1089 86 1003 4712 3964 748
is_linear=0
shrinkage=0.05


Tree=141
num_leaves=15
num_cat=0
split_feature=7 5 5 5 5 5 0 5 5 7 5 6 4 3
split_gain=1.63038 4.98174 4.90754 4.48539 8.66017 4.46302 4.18263 1.81404 5.86975 10.8375 5.48618 12.4393 5.98329 4.91416
threshold=1.5544666666666933 -0.1894499999999843 5.0835333333333379 -1.6245666666666565 -2.8539999999999899 2.1513166666666801 1.0205000000000002 -2.6354333333333249 -3.1246833333333144 14.297800000000009 -1.7010833333333168 1.7227000000001136 -6.5760666666667165 2.1875000000001195
decision_type=2 2 2 2 2 2 2 2 2 2 2 2 2 2
left_child=1 3 5 4 -1 -3 -5 8 13 -10 11 -9 -12 -2
right_child=7 2 -4 6 -6 -7 -8 10 9 -11 12 -13 -14 -15
leaf_value=0.018854711346665311 0.0018271605021162288 -0.020598668998987928 0.024449078901729242 -0.00019426429395198817 -0.055828530922791442 -0.073682386602909725 0.053500679500392827 0.052840009558237692 -0.051118538281358698 0.0073182284139437078 0.012187012059777628 0.0044744797229805842 -0.00071315320603667948 -0.008152934843797378
leaf_weight=9.4892038106918353 483.06770783662796 22.261491671204574 4.8763102144002906 7.2512766420841199 6.5686928033828762 4.8161847889423361 7.2558964043855667 16.379707366228104 16.335119649767879 15.427186280488966 99.332138076424599 70.575258582830429 945.14397255331278 165.63788595795631
leaf_count=33 1668 98 20 31 29 26 23 52 66 52 332 240 3343 575
internal_value=1.74343e-05 -0.00792113 -0.0217251 0.00651013 -0.0116954 -0.0300404 0.0266618 0.000291352 -0.00174868 -0.0227354 0.00151827 0.0135851 0.000513683 -0.000721117
internal_weight=1874.42 62.5191 31.954 30.5651 16.0579 27.0777 14.5072 1811.9 680.468 31.7623 1131.43 86.955 1044.48 648.706
internal_count=6588 260 144 116 62 124 54 6328 2361 118 3967 292 3675 2243
is_linear=0
shrinkage=0.05


Tree=142
num_leaves=8
num_cat=0
split_feature=10 7 10 4 12 5 5
split_gain=1.56781 2.87968 2.0332 5.86261 13.5554 2.41303 3.20258
threshold=-0.040426500499562971 56.682099999999984 -0.030326004626374244 4.6622666666666488 -0.80959775854772087 -96.347149999999971 -35.395199999999974
decision_type=2 2 2 2 2 2 2
left_child=1 -1 3 4 -2 -4 -7
right_child=2 -3 5 -5 -6 6 -8
leaf_value=0.03871216974301487 -0.028257503852330626 -0.0077627210649147092 0.027658484972991389 -0.054763985873474454 0.059286044931793951 -0.011445303528692942 0.00035880907045361503
leaf_weight=7.1545870751142484 13.945953279733661 6.2401893138885498 7.9055240750312796 6.5817349553108206 6.4748117327690133 59.393399089574814 1766.1184525117278
leaf_count=22 50 23 25 26 19 220 6203
internal_value=1.62521e-05 0.017061 -0.000106468 -0.0137267 -0.000500072 9.41295e-05 -2.52401e-05
internal_weight=1873.81 13.3948 1860.42 27.0025 20.4208 1833.42 1825.51
internal_count=6588 45 6543 95 69 6448 6423
is_linear=0
shrinkage=0.05


Tree=143
num_leaves=13
num_cat=0
split_feature=7 9 13 4 4 4 11 7 5 1 4 3
split_gain=1.59825 7.2739 6.53045 8.41983 12.0622 7.81586 9.48995 7.55913 6.25965 6.23008 7.66989 2.4526
threshold=38.259533333333316 -229.32249999999996 401.84850000000046 44.005399999999959 0.53969999999997975 29.320966666666628 0.0020195899409014566 49.801866666666676 23.655366666666684 264.20350000000008 27.308833333333272 -43.70249999999988
decision_type=2 2 2 2 2 2 2 2 2 2 2 2
left_child=1 11 5 4 -4 7 -7 -2 -5 10 -3 -1
right_child=2 9 3 8 -6 6 -8 -9 -10 -11 -12 -13
leaf_value=-0.019045356409639624 0.014952390342596773 -0.00047572362251745224 0.048307544384814882 0.056094185984222437 -0.024039229337136578 0.063540634084937542 0.00058690465810549595 -0.0010147227653299657 0.001871114254270974 0.045517543542331992 -0.047489482807659654 -0.06525849105259969
leaf_weight=6.2209279388189316 106.83249999582767 1346.077461913228 6.2853694111108771 6.0248657912015906 69.112728334963322 12.494954541325571 11.492289081215857 242.10381931066513 45.661463420838118 7.3059622049331656 8.7314716279506666 5.3315957784652692
leaf_count=22 352 4739 19 18 256 37 40 843 180 22 35 25
internal_value=1.55581e-05 -0.000865476 0.00243602 -0.0073525 -0.0180082 0.00577173 0.0333795 0.00387387 0.00819168 -0.000530399 -0.000778718 -0.0403731
internal_weight=1873.68 1373.67 500.008 127.084 75.3981 372.924 23.9872 348.936 51.6863 1362.11 1354.81 11.5525
internal_count=6588 4843 1745 473 275 1272 77 1195 198 4796 4774 47
is_linear=0
shrinkage=0.05


Tree=144
num_leaves=12
num_cat=0
split_feature=7 0 0 5 5 6 8 12 12 7 9
split_gain=1.58424 5.08969 6.7168 4.01626 5.33778 7.89174 3.92606 3.42271 9.74918 3.345 1.35895
threshold=116.51026666666667 14.806500000000002 41.103000000000009 51.151350000000008 33.571883333333339 3.612099999999796 -59.048499999999997 0.54221057426532127 -0.86232876892131161 84.874633333333307 -0.037499999999999999
decision_type=2 2 2 2 2 2 2 2 2 2 2
left_child=3 7 -3 4 9 -6 -4 8 -2 -1 -5
right_child=1 2 6 10 5 -7 -8 -9 -10 -11 -12
leaf_value=-0.00011596824360915941 -0.024865355718196428 0.051211394264705883 0.025355008888573463 -0.016222124863129333 0.066695291102790058 0.0076094994364384484 -0.0082446851894326205 -0.037410861421431511 0.047609556595423597 -0.012753749063401971 -0.054093501077481343
leaf_weight=1697.7237382084131 12.833153322339061 11.122638434171675 15.611626528203486 5.5451154932379723 6.9439477622508994 30.357436314225197 19.621170584112406 7.952886074781417 7.268143631517888 54.025573432445526 4.1352752670645696
leaf_count=5951 50 36 54 22 21 105 78 33 24 193 21
internal_value=1.47635e-05 0.00716408 0.0173371 -0.000280988 -0.000107195 0.0186088 0.00664331 -0.00964534 0.00133982 -0.000505729 -0.0324
internal_weight=1873.14 74.4096 46.3554 1798.73 1789.05 37.3014 35.2328 28.0542 20.1013 1751.75 9.68039
internal_count=6588 275 168 6313 6270 126 132 107 74 6144 43
is_linear=0
shrinkage=0.05


Tree=145
num_leaves=13
num_cat=0
split_feature=6 11 6 3 3 10 0 6 8 7 6 12
split_gain=1.55164 5.06292 10.3546 6.87169 6.4025 7.16545 4.38512 4.24372 5.36845 5.28967 3.5423 3.41453
threshold=13.238199999999933 1.0000000180025095e-35 9.7645000000000142 -0.30589999999987494 9.7486000000000814 0.010177599130722916 23.253500000000006 13.757299999999931 1.8035000000000003 5.5489000000000051 30.756299999999953 0.99999999950616991
decision_type=2 2 2 2 2 2 2 2 2 2 2 2
left_child=1 4 3 -3 5 -1 -4 8 -2 -9 -11 -6
right_child=7 2 6 -5 11 -7 -8 9 -10 10 -12 -13
leaf_value=0.00020822285095352464 0.050882020259052974 -0.013479217403545013 -0.015981326596886666 0.0021707726800174938 0.062988160712335969 0.044035951674477457 -0.045328713790033635 -0.060189795016778874 -0.0074522545055856655 0.0046363847352305955 -0.0014413738079713321 0.011566314265616726
leaf_weight=422.32242429256439 9.5150023996830004 95.505156010389328 52.692380130290985 264.11439174413681 6.3636707812547666 9.5363785624504072 16.782792001962662 3.5260276347398749 6.7362873703241339 419.28501473367214 559.85019990429282 6.5523503124713898
leaf_count=1500 29 349 194 961 20 29 63 15 23 1415 1968 22
internal_value=1.40906e-05 -0.00152464 -0.00539936 -0.00198544 0.00221349 0.00117603 -0.0230706 0.0013602 0.026702 0.0009411 0.00116124 0.0369016
internal_weight=1872.78 873.87 429.095 359.62 444.775 431.859 69.4752 998.913 16.2513 982.661 979.135 12.916
internal_count=6588 3138 1567 1310 1571 1529 257 3450 52 3398 3383 42
is_linear=0
shrinkage=0.05


Tree=146
num_leaves=13
num_cat=0
split_feature=7 7 6 6 11 4 7 8 8 6 6 0
split_gain=1.57753 9.47518 6.29026 5.69959 5.43239 5.30633 4.95938 4.84937 10.4266 7.15254 6.34632 4.16699
threshold=95.142633333333322 88.079700000000031 135.26330000000004 118.13669999999991 0.0040316483481395169 34.889299999999949 93.373033333333311 184.07300000000001 0.2045000000000001 40.168999999999947 256.3870999999998 5.6115000000000004
decision_type=2 2 2 2 2 2 2 2 2 2 2 2
left_child=1 2 3 -1 6 -4 -3 8 9 -2 -9 -10
right_child=7 4 5 -5 -6 -7 -8 10 11 -11 -12 -13
leaf_value=-0.0001275473127200518 0.041975019093238315 -0.072158559598935565 0.030010849551012488 -0.028223883157458753 0.010176493127014373 -0.011475350860546379 -0.010047452792564646 0.058659505610580011 -0.047393091228186288 0.0034569897016640625 -0.0069028210044094545 -0.0091710921793926019
leaf_weight=1684.3971277922392 16.933109059929848 9.3876327499747294 30.33375683426857 18.245807215571404 4.8882718682289115 10.333454608917235 4.8869179859757415 9.0613929182291013 9.8362080305814725 41.814121693372726 6.2280069142580023 25.925294324755669
leaf_count=5906 54 39 98 68 17 41 19 28 41 153 29 95
internal_value=1.3424e-05 -0.000348828 3.55381e-05 -0.000428632 -0.035316 0.0194693 -0.0508947 0.00582827 0.00160183 0.0145593 0.0319532 -0.0196841
internal_weight=1872.27 1762.47 1743.31 1702.64 19.1628 40.6672 14.2746 109.798 94.5087 58.7472 15.2894 35.7615
internal_count=6588 6188 6113 5974 75 139 58 400 343 207 57 136
is_linear=0
shrinkage=0.05


Tree=147
num_leaves=10
num_cat=0
split_feature=12 12 9 8 2 11 5 12 3
split_gain=1.52147 8.59272 6.31326 5.79985 6.48449 10.2819 7.67613 3.11498 2.52365
threshold=0.99999999999806255 0.99999999999776756 48.353500000000004 52.678000000000004 1.5000000000000002 -0.0020097467713442447 0.43348333333333416 0.99999999999747391 15.648700000000007
decision_type=2 2 2 2 2 2 2 2 2
left_child=1 7 -3 -2 6 -6 -5 8 -1
right_child=3 2 -4 4 5 -7 -8 -9 -10
leaf_value=0.00060009032884312185 0.043540983425450687 -0.082455129705569286 -0.013222500107693942 -0.020794137453271924 -0.051796586505797937 0.0027898862422518779 0.043952717947508581 0.027042696892431113 -0.0048441264298735827
leaf_weight=1503.7931764423847 9.3608493357896787 5.2825639694929114 8.7422988265752775 6.4312904179096249 10.289432764053343 53.383684709668159 15.882639765739439 10.579110875725744 247.96066898480058
leaf_count=5295 28 21 30 22 38 180 47 34 893
internal_value=1.28688e-05 -0.000317404 -0.0392995 0.00616594 0.00209716 -0.00603117 0.0252915 -7.17991e-06 -0.000170538
internal_weight=1871.71 1776.36 14.0249 95.3479 85.987 63.6731 22.3139 1762.33 1751.75
internal_count=6588 6273 51 315 287 218 69 6222 6188
is_linear=0
shrinkage=0.05


Tree=148
num_leaves=12
num_cat=0
split_feature=10 1 5 11 10 8 11 5 12 12 8
split_gain=1.53737 4.62721 3.75263 5.08927 1.86242 6.77007 9.41388 5.29878 4.26276 6.54166 4.86339
threshold=0.03030762244435881 1.2865000000000004 12.178566666666686 0.0061231779169546039 0.020113642128594126 49.853500000000004 8.1930243367445154e-07 -7.2950333333333131 0.99999999999806255 0.99999999999776756 52.678000000000004
decision_type=2 2 2 2 2 2 2 2 2 2 2
left_child=4 -2 3 -3 8 6 -6 -7 9 -1 -10
right_child=1 2 -4 -5 5 7 -8 -9 10 -11 -12
leaf_value=-8.4242777156285947e-06 -0.033351487018182892 0.005042178587372729 -0.018797242888147502 0.054040400620705781 0.034880756404265988 -0.058676296864001755 -0.0072847549530581689 -0.013638468836453026 0.050470494512978706 -0.037733120308658719 0.0077884083186214653
leaf_weight=1646.8874157816172 4.9550600200891521 11.012072563171392 5.1927472576498976 10.21579736471176 17.06060965359211 8.4447560012340528 59.065019756555557 28.813568130135536 7.4958497285842887 11.572239756584166 60.873621106147766
leaf_count=5814 20 37 23 33 54 33 208 104 22 42 198
internal_value=1.22638e-05 0.0109869 0.0193024 0.0286223 -0.000174855 -0.00638245 0.00216501 -0.0238465 0.000232737 -0.000271656 0.012468
internal_weight=1871.59 31.3757 26.4206 21.2279 1840.21 113.384 76.1256 37.2583 1726.83 1658.46 68.3695
internal_count=6588 113 93 70 6475 399 262 137 6076 5856 220
is_linear=0
shrinkage=0.05


Tree=149
num_leaves=14
num_cat=0
split_feature=0 0 11 11 0 6 1 1 12 8 3 5 9
split_gain=1.51513 7.69653 5.47222 5.86992 4.5064 8.70549 6.25206 5.93536 4.73129 4.03625 3.19272 6.17112 4.32989
threshold=1.6045000000000003 2.0005000000000002 0.0030280386553671605 -0.0020120724142369535 1.4115000000000002 8.9986999999999089 1.1250000000000002 -0.28099999999999997 0.99999999992644317 4.0245000000000015 -61.928599999999861 -5.1382666666666523 -69.952999999999989
decision_type=2 2 2 2 2 2 2 2 2 2 2 2 2
left_child=4 2 3 -2 8 7 -7 -6 9 -1 11 -3 -12
right_child=1 10 -4 -5 5 6 -8 -9 -10 -11 12 -13 -14
leaf_value=-0.003334205259210625 0.038246956462458792 0.0046927726963355123 0.058897407146252329 -0.0063127299875646277 -0.091382278321621324 0.046095095924701394 -0.028001308721501222 -0.021169434836875937 0.037994335939802323 0.0080007182785889527 -0.0088033703280165354 0.04775286524508536 0.00083109544789540719
leaf_weight=520.561917334795 13.111339896917345 57.843748405575752 8.3443864881992322 16.939231798052788 5.4852549880743027 5.5334882885217649 5.8635851740837097 6.6698495447635668 7.6295186504721633 92.492810323834419 132.2096678763628 9.7185576409101468 988.79149087518454
leaf_count=1982 42 197 24 58 22 17 24 26 26 326 474 31 3339
internal_value=1.17991e-05 0.00104276 0.0230759 0.0131291 -0.00195168 -0.0234192 0.00797386 -0.0528545 -0.00113709 -0.00162408 0.00033101 0.0108868 -0.000305183
internal_weight=1871.19 1226.96 38.395 30.0506 644.236 23.5522 11.3971 12.1551 620.684 613.055 1188.56 67.5623 1121
internal_count=6588 4165 124 100 2423 89 41 48 2334 2308 4041 228 3813
is_linear=0
shrinkage=0.05


end of trees

feature_importances:
net_flow_ma30=308
net_flow_ma15=194
volume_ma15=175
net_flow_ma5=172
volume_ma5=162
net_flow_ratio=131
net_flow_diff5=125
price_change_ma5=123
price_change=119
total_volume=100
net_flow_diff=78
net_flow=71
trade_count=25
cumulative_net_flow_30=9

parameters:
[boosting: gbdt]
[objective: binary]
[metric: binary_logloss]
[tree_learner: serial]
[device_type: cpu]
[data_sample_strategy: bagging]
[data: ]
[valid: ]
[num_iterations: 150]
[learning_rate: 0.05]
[num_leaves: 15]
[num_threads: 8]
[seed: 42]
[deterministic: 0]
[force_col_wise: 0]
[force_row_wise: 0]
[histogram_pool_size: -1]
[max_depth: 4]
[min_data_in_leaf: 20]
[min_sum_hessian_in_leaf: 0.001]
[bagging_fraction: 1]
[pos_bagging_fraction: 1]
[neg_bagging_fraction: 1]
[bagging_freq: 0]
[bagging_seed: 400]
[bagging_by_query: 0]
[feature_fraction: 1]
[feature_fraction_bynode: 1]
[feature_fraction_seed: 30056]
[extra_trees: 0]
[extra_seed: 12879]
[early_stopping_round: 0]
[early_stopping_min_delta: 0]
[first_metric_only: 0]
[max_delta_step: 0]
[lambda_l1: 0]
[lambda_l2: 0]
[linear_lambda: 0]
[min_gain_to_split: 0]
[drop_rate: 0.1]
[max_drop: 50]
[skip_drop: 0.5]
[xgboost_dart_mode: 0]
[uniform_drop: 0]
[drop_seed: 17869]
[top_rate: 0.2]
[other_rate: 0.1]
[min_data_per_group: 100]
[max_cat_threshold: 32]
[cat_l2: 10]
[cat_smooth: 10]
[max_cat_to_onehot: 4]
[top_k: 20]
[monotone_constraints: ]
[monotone_constraints_method: basic]
[monotone_penalty: 0]
[feature_contri: ]
[forcedsplits_filename: ]
[refit_decay_rate: 0.9]
[cegb_tradeoff: 1]
[cegb_penalty_split: 0]
[cegb_penalty_feature_lazy: ]
[cegb_penalty_feature_coupled: ]
[path_smooth: 0]
[interaction_constraints: ]
[verbosity: -1]
[saved_feature_importance_type: 0]
[use_quantized_grad: 0]
[num_grad_quant_bins: 4]
[quant_train_renew_leaf: 0]
[stochastic_rounding: 1]
[linear_tree: 0]
[max_bin: 255]
[max_bin_by_feature: ]
[min_data_in_bin: 3]
[bin_construct_sample_cnt: 200000]
[data_random_seed: 175]
[is_enable_sparse: 1]
[enable_bundle: 1]
[use_missing: 1]
[zero_as_missing: 0]
[feature_pre_filter: 1]
[pre_partition: 0]
[two_round: 0]
[header: 0]
[label_column: ]
[weight_column: ]
[group_column: ]
[ignore_column: ]
[categorical_feature: ]
[forcedbins_filename: ]
[precise_float_parser: 0]
[parser_config_file: ]
[objective_seed: 16083]
[num_class: 1]
[is_unbalance: 0]
[scale_pos_weight: 1.56342]
[sigmoid: 1]
[boost_from_average: 1]
[reg_sqrt: 0]
[alpha: 0.9]
[fair_c: 1]
[poisson_max_delta_step: 0.7]
[tweedie_variance_power: 1.5]
[lambdarank_truncation_level: 30]
[lambdarank_norm: 1]
[label_gain: ]
[lambdarank_position_bias_regularization: 0]
[eval_at: ]
[multi_error_top_k: 1]
[auc_mu_weights: ]
[num_machines: 1]
[local_listen_port: 12400]
[time_out: 120]
[machine_list_filename: ]
[machines: ]
[gpu_platform_id: -1]
[gpu_device_id: -1]
[gpu_use_dp: 0]
[num_gpu: 1]

end of parameters

pandas_categorical:[]
