tree
version=v4
num_class=1
num_tree_per_iteration=1
label_index=0
max_feature_idx=13
objective=binary sigmoid:1
feature_names=total_volume net_flow trade_count net_flow_ma5 net_flow_ma15 net_flow_ma30 volume_ma5 volume_ma15 net_flow_diff net_flow_diff5 price_change price_change_ma5 net_flow_ratio cumulative_net_flow_30
feature_infos=[0.001:106.515] [-33.038000000000004:69.765000000000001] [1:142] [-8.3695999999999966:14.404000000000002] [-3.0291333333333323:5.8853333333333326] [-1.5859999999999992:3.4605666666666672] [0.00020000000000000001:22.194600000000001] [0.00013333333333404387:8.4810000000000016] [-69.906000000000006:69.75] [-69.748000000000005:69.75] [-0.05827456431816147:0.055103424889790809] [-0.017211599969941815:0.022456668305905758] [-0.99999999999697309:0.99999999999499956] [-47.579999999999977:103.81700000000002]
tree_sizes=1759 1781 1759 1775 1772 1767 1770 1776 1774 1762 1784 1772 1754 1767 1770 1778 1767 1772 1775 1768 1769 1775 1773 1770 1755 1784 1772 1764 1769 1780 1778 1766 1779 1774 1778 1789 1775 1784 1783 1755 1770 1779 1774 1782 1775 1756 1791 1767 1769 1776 1782 1766 1784 1767 1780 1786 1787 1772 1780 1768 1780 1770 1785 1787 1670 1768 1788 1777 1751 1792 1780 1762 1793 1779 1757 1764 1750 1768 1568 1761 1797 1767 1743 1784 1800 1770 1768 1775 1766 1662 1747 1772 1536 1647 1758 1768 1767 1761 1530 1770 1548 1641 1416 1759 1780 1768 1526 1785 1783 1770 1787 1637 1444 1767 1764 1772 1648 1320 1774 1774 1774 1763 1770 1569 1740 1793 1773 1766 1786 1750 1321 1793 1770 1757 1790 1762 1762 1760 1557 1750 1632 1779 1773 1559 1774 1782 1555 1548 1766 1551

Tree=0
num_leaves=15
num_cat=0
split_feature=0 11 11 10 10 12 11 4 10 12 2 10 7 2
split_gain=1670.07 687.461 433.204 399.788 449.165 184.932 181.302 130.29 71.6024 60.3364 32.1999 31.791 37.1559 22.1089
threshold=0.0065000000000000014 -4.2077447782729032e-05 8.4035111622693406e-05 -0.000211380292164387 0.00021006880807084019 -0.99999992500000612 -4.221234922274774e-05 -0.0030000000000004212 0.0027597978607740718 0.99999999813067786 6.5000000000000009 -0.00042855137885600131 0.087466666666667706 6.5000000000000009
decision_type=2 2 2 2 2 2 2 2 2 2 2 2 2 2
left_child=1 11 7 5 6 10 -5 -3 -4 -6 -2 -1 -13 -7
right_child=3 2 8 4 9 13 -8 -9 -10 -11 -12 12 -14 -15
leaf_value=-0.59177608772396395 -0.60631337030802723 -0.6436251955588268 -0.63150787797049279 -0.6019431027161336 -0.59648740412734569 -0.57582056815620586 -0.62655549222806783 -0.6702555225243334 -0.59966535686324407 -0.57858338425865874 -0.5688095035110543 -0.6176117852905082 -0.59580049913684663 -0.55723366613442216
leaf_weight=275.68299379944801 735.60761359333992 631.8736220896244 943.36626869440079 1047.2785515487194 1708.9876866936684 1297.1615360677242 2620.3235034644604 1681.7493488490582 217.18940392136574 649.36338070034981 62.06104987859726 654.27606594562531 278.31344658136368 182.49960473179817
leaf_count=869 2421 2305 3332 3403 5464 3891 9131 6563 701 1965 182 2224 888 515
internal_value=-0.615302 -0.639179 -0.650478 -0.601836 -0.608581 -0.58399 -0.619527 -0.662983 -0.625549 -0.591558 -0.603395 -0.606693 -0.611103 -0.573528
internal_weight=12985.7 4682.45 3474.18 8303.28 6025.95 2277.33 3667.6 2313.62 1160.56 2358.35 797.669 1208.27 932.59 1479.66
internal_count=43854 16882 12901 26972 19963 7009 12534 8868 4033 7429 2603 3981 3112 4406
is_linear=0
shrinkage=1


Tree=1
num_leaves=15
num_cat=0
split_feature=0 11 11 10 10 11 12 4 10 12 7 5 10 2
split_gain=1463.74 609.951 389.546 343.99 389.311 158.466 157.604 118.607 62.7492 51.5031 30.6193 32.2953 27.7581 27.6331
threshold=0.0065000000000000014 -4.2077447782729032e-05 8.4035111622693406e-05 -0.000211380292164387 0.00021006880807084019 -4.221234922274774e-05 -0.99999992500000612 -0.0030000000000004212 0.0027597978607740718 0.99999999813067786 0.0030000000000000447 -0.0054999999999995313 -0.00042855137885600131 5.5000000000000009
decision_type=2 2 2 2 2 2 2 2 2 2 2 2 2 2
left_child=1 10 7 6 5 -5 13 -3 -4 -6 11 -1 -12 -2
right_child=3 2 8 4 9 -7 -8 -9 -10 -11 12 -13 -14 -15
leaf_value=0.090735118287943811 0.040562187113556601 0.0061837684945450907 0.017603491200545805 0.045112669596998126 0.050136569050902552 0.022245970154976123 0.071109514794843676 -0.019228070463863635 0.047212069791599504 0.066514360818349258 0.056185212748726399 -0.030910345579115862 0.03793138504414359 0.070368962716400627
leaf_weight=6.8442359119653693 721.90913766622543 633.16343516111374 948.83112336695194 1062.6962731778622 1736.9017957746983 2639.4807239174843 1513.6713859736919 1671.0098154842854 220.53326207399368 663.35316824913025 269.08371643722057 26.903146043419838 921.49005764722824 87.143350660800934
leaf_count=19 2348 2305 3332 3403 5464 9131 4406 6563 701 1965 829 106 3027 255
internal_value=0.0327421 0.0103794 -0.000316791 0.0452116 0.0389785 0.0288098 0.0615875 -0.0122452 0.0231874 0.0546629 0.0407257 -0.00623968 0.042057 0.0437727
internal_weight=13123 4697.86 3473.54 8425.16 6102.43 3702.18 2322.72 2304.17 1169.36 2400.25 1224.32 33.7474 1190.57 809.052
internal_count=43854 16882 12901 26972 19963 12534 7009 8868 4033 7429 3981 125 3856 2603
is_linear=0
shrinkage=0.05


Tree=2
num_leaves=15
num_cat=0
split_feature=0 11 11 10 10 11 12 7 10 12 2 4 9 7
split_gain=1288.06 542.29 350.475 298.754 339.753 139.35 136.991 108.869 55.2229 44.5037 30.4324 27.0742 24.0191 23.8762
threshold=0.0065000000000000014 -4.2077447782729032e-05 8.4035111622693406e-05 -0.000211380292164387 0.00021006880807084019 -4.2404819732277936e-05 -0.99999999354166658 0.004800000000000579 0.0027597978607740718 0.99999999813067786 5.5000000000000009 0.033799999999999768 -0.002 0.0030000000000000447
decision_type=2 2 2 2 2 2 2 2 2 2 2 2 2 2
left_child=1 11 7 6 5 -5 10 -3 -4 -6 -2 13 -8 -1
right_child=3 2 8 4 9 -7 12 -9 -10 -11 -12 -13 -14 -15
leaf_value=-0.0059589851519760255 0.034139715240037047 -0.029731905215675699 0.016632406740339518 0.042646093351287218 0.046952527713119641 0.021118397708839994 0.069877276165305202 -0.0051115058736503436 0.044246127931878938 0.062050522599225048 0.065580785194224958 0.058159848387407634 0.057693250161854143 0.0368126734461438
leaf_weight=33.669488668441772 577.96633851528168 612.4607400149107 953.88314698636532 1043.224304497242 1761.2949177473783 2690.1276548504829 1027.3531757891178 1682.4394506067038 223.47118619084358 675.19770681858063 88.785735428333282 149.8275298178196 667.18816800415516 1055.0378623753786
leaf_count=125 1880 2481 3332 3295 5464 9239 2905 6387 701 1965 255 451 1969 3405
internal_value=0.0308131 0.0098276 -0.000304216 0.0424011 0.0366126 0.027134 0.0575257 -0.0116822 0.0218737 0.0511365 0.0383265 0.0382323 0.0650801 0.0354899
internal_weight=13241.9 4710.79 3472.25 8531.14 6169.84 3733.35 2361.29 2294.9 1177.35 2436.49 666.752 1238.53 1694.54 1088.71
internal_count=43854 16882 12901 26972 19963 12534 7009 8868 4033 7429 2135 3981 4874 3530
is_linear=0
shrinkage=0.05


Tree=3
num_leaves=15
num_cat=0
split_feature=0 11 11 10 10 12 7 7 10 8 12 10 2 9
split_gain=1148.31 602.846 458.475 148.208 194.837 124.397 109.197 85.3197 82.6755 36.2793 30.8324 25.0464 24.5515 17.1624
threshold=0.010500000000000001 -4.221234922274774e-05 1.8375301280570968e-10 -0.000211380292164387 0.00021006880807084019 -0.99999999198717948 0.0036000000000011999 0.22333333333333422 -0.00021081368812847498 0.0050000000000000036 0.99999999813067786 -0.00021095266226067719 6.5000000000000009 -0.0079999999999999932
decision_type=2 2 2 2 2 2 2 2 2 2 2 2 2 2
left_child=1 9 6 5 7 12 -3 -5 -4 11 -6 -1 -2 -7
right_child=3 2 8 4 10 13 -8 -9 -10 -11 -12 -13 -14 -15
leaf_value=0.046065562165400802 0.034190292325771456 -0.033103289741097407 0.054336351886441016 0.023736830355225908 0.045223332125328156 0.066657944907911687 -0.0053023536587793827 0.044377403961667283 0.018732360372378215 0.051179237723306306 0.058068195011213609 0.03045224284151106 0.066224656758004249 0.05545008436005279
leaf_weight=345.87081448733807 664.64617970585823 422.97941221296787 178.62376479804516 1954.7334680706263 1468.510539829731 895.58296445012093 2141.2948433309793 673.05144949257374 1870.033040329814 428.43397092819214 685.15676575899124 998.06500636041164 65.726402342319489 552.1477335691452
leaf_count=1052 2125 1748 546 6547 4485 2476 8085 2118 6408 1290 1965 3231 182 1596
internal_value=0.0290366 0.0137242 0.00420123 0.0430855 0.0381608 0.0538962 -0.00988814 0.0290235 0.0218367 0.0385094 0.0493097 0.0344704 0.0370731 0.0623834
internal_weight=13344.9 6385.3 4612.93 6959.56 4781.45 2178.1 2564.27 2627.78 2048.66 1772.37 2153.67 1343.94 730.373 1447.73
internal_count=43854 22360 16787 21494 15115 6379 9833 8665 6954 5573 6450 4283 2307 4072
is_linear=0
shrinkage=0.05


Tree=4
num_leaves=15
num_cat=0
split_feature=0 11 11 10 10 11 12 4 10 6 7 5 7 2
split_gain=1022.68 431.91 284.187 228.8 268.717 116.025 106.382 103.103 49.376 34.7926 26.5285 35.9567 22.4747 19.1919
threshold=0.0065000000000000014 -4.2404819732277936e-05 8.4035111622693406e-05 -0.00021095266226067719 0.00021006880807084019 -4.2404819732277936e-05 -0.99999998660714295 -0.0030000000000004212 0.0027285559118128693 0.084000000000000324 0.17180000000000131 -0.51561666666666606 0.0030000000000000447 6.5000000000000009
decision_type=2 2 2 2 2 2 2 2 2 2 2 2 2 2
left_child=1 10 7 6 5 -5 13 -3 -4 -6 12 -12 -1 -2
right_child=3 2 8 4 9 -7 -8 -9 -10 -11 11 -13 -14 -15
leaf_value=-0.0093936870625187536 0.034136844291061327 0.0064229248458270152 0.014485566076364274 0.038118180245505326 0.037831957219885637 0.018462604123340113 0.058013489245144281 -0.017239884364635007 0.040321726728954746 0.0499200498147888 -0.08113892265529582 0.055282728571154738 0.032196266166388952 0.062074983514939813
leaf_weight=33.534774348139763 799.40870548784733 637.85295285284519 962.8378086835146 1041.9802835434675 982.04110844433308 2686.6157116293907 1611.7085377722979 1654.1152883917093 228.88789239525795 1511.4080921262503 4.9657557755708686 176.76564656198025 1035.7008478343487 66.590546905994415
leaf_count=124 2516 2325 3326 3231 3005 9126 4488 6583 707 4424 21 516 3280 182
internal_value=0.0273925 0.00869257 -0.00035694 0.0375696 0.0324527 0.0239555 0.0504191 -0.0106545 0.0194478 0.0451592 0.0338937 0.051555 0.0308919 0.0362851
internal_weight=13434.4 4734.66 3483.69 8699.75 6222.05 3728.6 2477.71 2291.97 1191.73 2493.45 1250.97 181.731 1069.24 865.999
internal_count=43854 16882 12941 26972 19786 12357 7186 8908 4033 7429 3941 537 3404 2698
is_linear=0
shrinkage=0.05


Tree=5
num_leaves=15
num_cat=0
split_feature=0 11 11 12 12 10 10 7 7 5 10 7 6 2
split_gain=915.479 514.323 422.536 96.7918 88.1399 125.286 97.9979 85.0576 31.8325 29.7449 29.7095 24.4234 18.4336 15.4649
threshold=0.012500000000000002 -4.2077447782729032e-05 1.7132129048746949e-09 -0.99999997083333414 -0.99999992500000612 -0.000211380292164387 0.00021006880807084019 0.081600000000001421 0.22333333333333422 -0.51561666666666606 -0.00021109917228701033 0.61950000000000205 0.013800000000001445 12.500000000000002
decision_type=2 2 2 2 2 2 2 2 2 2 2 2 2 2
left_child=1 9 3 -3 8 13 -7 -4 12 -1 -11 -10 -2 -6
right_child=4 2 7 -5 5 6 -8 -9 11 10 -12 -13 -14 -15
leaf_value=-0.036154764232730945 0.043238803191934391 0.023633221600833882 0.013081290655188309 -0.011429882146643231 0.054645046610348219 0.027694328439633806 0.045348381824491968 0.033083912426282641 0.045540738347401508 0.044627547326520745 0.031201568582592421 0.024021271198613539 0.023748376634436158 0.081007800504414459
leaf_weight=14.774941071867941 135.73252645134926 213.686055585742 1413.6912657469511 2494.2734972089529 1319.2393094599247 1383.6206689924002 1820.2011933475733 851.64109306037426 463.83681453764439 577.5123675018549 1438.0972694158554 184.21703934669495 1141.9435808956623 58.078802153468132
leaf_count=56 414 732 4839 9659 3631 4485 5303 2726 1388 1697 4506 588 3686 144
internal_value=0.0258696 0.0133243 0.0046668 -0.00866304 0.0393727 0.0431457 0.0377242 0.0206012 0.0303972 0.0345302 0.0350484 0.0394236 0.0258189 0.0557567
internal_weight=13510.5 7003.68 4973.29 2707.96 6506.87 4581.14 3203.82 2265.33 1925.73 2030.38 2015.61 648.054 1277.68 1377.32
internal_count=43854 24215 17956 10391 19639 13563 9788 7565 6076 6259 6203 1976 4100 3775
is_linear=0
shrinkage=0.05


Tree=6
num_leaves=15
num_cat=0
split_feature=0 11 11 10 10 11 4 12 10 12 7 5 2 7
split_gain=822.547 345.018 232.122 181.924 214.162 96.7686 92.0724 84.5163 43.4533 30.7225 23.52 30.4953 20.8694 20.0431
threshold=0.0065000000000000014 -4.2404819732277936e-05 8.4035111622693406e-05 -0.00021095266226067719 0.00021006880807084019 -4.221234922274774e-05 -0.0030000000000004212 -0.99999999354166658 0.0027597978607740718 0.99999999813067786 0.17180000000000131 -0.51561666666666606 5.5000000000000009 0.0030000000000000447
decision_type=2 2 2 2 2 2 2 2 2 2 2 2 2 2
left_child=1 10 6 7 5 -5 -3 12 -4 -6 13 -12 -2 -1
right_child=3 2 8 4 9 -7 -8 -9 -10 -11 11 -13 -14 -15
leaf_value=-0.010724725189255619 0.027178711382713341 0.0062650425945546991 0.012680353671114428 0.034002380339091108 0.036766796964418001 0.016302514954386404 -0.016117234575841511 0.050658001666378107 0.0368346707034009 0.049054145151418524 -0.077693040049154907 0.049788039179401 0.052602323607109383 0.02839518114063937
leaf_weight=33.794853866100311 632.02722305059433 638.38639879226685 973.60136015713215 1083.5632332116365 1830.6506547182798 2687.4100852012634 1639.4718707054853 1794.6055631488562 230.22724267840385 704.49440525472164 4.8166179209947577 180.11678279936314 92.537109151482582 1051.3019710928202
leaf_count=124 1987 2325 3332 3314 5464 9043 6583 4944 701 1965 21 516 255 3280
internal_value=0.0244503 0.0076782 -0.000459053 0.0334808 0.0289434 0.0213884 -0.00984444 0.0448388 0.0172998 0.0401813 0.0299858 0.0464678 0.0304257 0.0271768
internal_weight=13577 4751.72 3481.69 8825.29 6306.12 3770.97 2277.86 2519.17 1203.83 2535.15 1270.03 184.933 724.564 1085.1
internal_count=43854 16882 12941 26972 19786 12357 8908 7186 4033 7429 3941 537 2242 3404
is_linear=0
shrinkage=0.05


Tree=7
num_leaves=15
num_cat=0
split_feature=0 11 11 7 12 11 11 11 7 8 4 7 11 5
split_gain=737.625 412.306 349.591 94.3929 72.0029 100.702 160.115 71.8553 27.6508 26.1525 26.9572 21.5686 16.2994 13.7107
threshold=0.012500000000000002 -4.2077447782729032e-05 1.8375301280570968e-10 0.0036000000000011999 -0.99999992500000612 -4.2404819732277936e-05 4.2821463404063571e-05 0.0011998603941720811 0.22333333333333422 0.0020000000000000009 0.033799999999999768 0.56850000000000123 0.00059952308858912684 -0.32338333333333286
decision_type=2 2 2 2 2 2 2 2 2 2 2 2 2 2
left_child=1 9 3 -3 8 -6 -7 -4 12 10 -1 -10 -2 -11
right_child=4 2 7 -5 5 6 -8 -9 11 13 -12 -13 -14 -15
leaf_value=0.024353862251225402 0.020160908973038742 -0.030193083920246961 0.01239287609362389 -0.0041918401150647091 0.047838492502733143 0.014773393712172334 0.040524821503879031 0.031410572081087801 0.041792434669560063 -0.0076680108361935218 0.043566571185531922 0.022527077306906833 0.034610785878631999 0.040865903818416788
leaf_weight=1257.3037003278732 1053.0474326312542 412.74720858037472 1583.3290557265282 2261.8977679163218 1788.0883174091578 866.79570338129997 1988.1895034015179 723.71477153897285 440.29109686613083 14.931626453995703 213.58912673592567 216.82586219906807 239.55159166455269 571.624895632267
leaf_count=3920 3367 1749 5367 8566 4957 2832 5774 2274 1295 51 619 681 733 1669
internal_value=0.0231298 0.0118739 0.00409714 -0.00820431 0.0351479 0.038534 0.0327065 0.0183587 0.0270843 0.0307036 0.0271437 0.0354355 0.0228388 0.0396304
internal_weight=13631.9 7039.14 4981.69 2674.64 6592.79 4643.07 2854.99 2307.04 1949.72 2057.45 1470.89 657.117 1292.6 586.557
internal_count=43854 24215 17956 10315 19639 13563 8606 7641 6076 6259 4539 1976 4100 1720
is_linear=0
shrinkage=0.05


Tree=8
num_leaves=15
num_cat=0
split_feature=0 11 11 10 10 4 7 12 2 12 7 5 10 2
split_gain=666.383 277.724 188.208 152.743 175.436 82.4806 78.8354 70.2318 39.8736 26.4341 20.4407 26.9797 19.6236 18.4639
threshold=0.0065000000000000014 -4.2404819732277936e-05 8.4845964810620358e-05 -0.00021095266226067719 0.00021006880807084019 -0.0030000000000004212 0.015333333333334188 -0.99999999354166658 1.5000000000000002 0.99999999813067786 0.17180000000000131 -0.51561666666666606 -0.00042855137885600131 5.5000000000000009
decision_type=2 2 2 2 2 2 2 2 2 2 2 2 2 2
left_child=1 10 5 7 6 -3 -5 13 -4 -6 12 -12 -1 -2
right_child=3 2 8 4 9 -7 -8 -9 -10 -11 11 -13 -14 -15
leaf_value=0.036260833519922868 0.02420423574204135 0.0061488779276541207 0.013279664593651786 -0.00121773526245679 0.032780121283538931 -0.015045352569435269 0.021569785861066892 0.045587165717225792 0.055107917101321485 0.044112929521917768 -0.076016120799021036 0.044976000391971811 0.020390314685061004 0.047993646961768173
leaf_weight=253.22134798765182 638.87268939614296 639.75562418997288 1153.1936281174421 427.56855198740959 1852.541318282485 1625.1352550536394 3379.4643368273973 1813.3310306966305 59.936512395739555 712.43261386454105 4.7267320305109015 182.62230098247528 843.89870727062225 93.500848591327667
leaf_count=743 1987 2328 3856 1500 5464 6584 10857 4944 173 1965 21 516 2661 255
internal_value=0.021892 0.00679135 -0.000546274 0.0299565 0.0258204 -0.00905869 0.0190105 0.0403093 0.0153463 0.0359279 0.0266598 0.0419234 0.0240533 0.0272414
internal_weight=13680.2 4762.49 3478.02 8917.71 6372.01 2264.89 3807.03 2545.7 1213.13 2564.97 1284.47 187.349 1097.12 732.374
internal_count=43854 16882 12941 26972 19786 8912 12357 7186 4029 7429 3941 537 3404 2242
is_linear=0
shrinkage=0.05


Tree=9
num_leaves=15
num_cat=0
split_feature=0 11 11 7 7 2 7 11 12 5 8 9 2 11
split_gain=596.662 335.926 288.74 83.5842 66.8925 61.0484 59.2881 68.1265 31.4701 23.1664 24.0911 19.3873 24.818 12.3257
threshold=0.012500000000000002 -4.2077447782729032e-05 1.8375301280570968e-10 0.0036000000000011999 0.081600000000001421 2.5000000000000004 0.19620000000000073 -4.2404819732277936e-05 0.99999999753048796 -0.51561666666666606 0.0009999999999999998 0.6625000000000002 7.5000000000000009 0.0032145034382180531
decision_type=2 2 2 2 2 2 2 2 2 2 2 2 2 2
left_child=1 9 3 -3 -4 6 7 -2 -8 -1 -11 12 -7 -13
right_child=5 2 4 -5 -6 11 8 -9 -10 10 -12 13 -14 -15
leaf_value=-0.035246893028367331 0.033713018744154354 -0.028548148423900212 0.0098570860277415184 -0.0039063699077159742 0.027359284283047309 0.03836639815056353 0.032875150428943116 0.018387781206133085 0.051482727006173651 0.024286217228979601 0.035916158551604807 0.024622797590833814 0.055605589481427853 0.043449513119381999
leaf_weight=14.602303698658941 1173.8908692747355 406.06108276546001 1448.7371603250504 2256.2578345686197 876.04049977660179 1462.3282461315393 1128.8765237182379 1897.126031383872 284.48981887102127 1412.1056210696697 650.37731835246086 349.19585452973843 243.54219399392605 115.75500705838203
leaf_count=56 3417 1749 4891 8566 2750 4140 3338 5992 772 4316 1887 1028 632 320
internal_value=0.0207351 0.0106143 0.00357765 -0.00766477 0.0164524 0.0314779 0.028146 0.0242458 0.0366206 0.0275093 0.0279536 0.0383607 0.0408276 0.0293099
internal_weight=13719.4 7064.18 4987.1 2662.32 2324.78 6655.2 4484.38 3071.02 1413.37 2077.09 2062.48 2170.82 1705.87 464.951
internal_count=43854 24215 17956 10315 7641 19639 13519 9409 4110 6259 6203 6120 4772 1348
is_linear=0
shrinkage=0.05


Tree=10
num_leaves=15
num_cat=0
split_feature=0 11 11 10 10 7 11 12 10 6 7 5 0 6
split_gain=542.537 223.446 153.823 127.695 148.533 74.4422 69.5762 64.0279 36.7078 23.6727 20.0252 24.6645 16.9912 16.9513
threshold=0.0065000000000000014 -4.2404819732277936e-05 8.4845964810620358e-05 -0.00021095266226067719 0.00021006880807084019 0.004800000000000579 -0.00033950552607686641 -0.99999999354166658 0.0027597978607740718 0.084000000000000324 0.0030000000000000447 -0.0054999999999995313 0.024500000000000004 0.23830000000000076
decision_type=2 2 2 2 2 2 2 2 2 2 2 2 2 2
left_child=1 10 5 7 6 -3 -5 12 -4 -6 11 -1 -2 -12
right_child=3 2 8 4 9 -7 -8 -9 -10 -11 13 -13 -14 -15
leaf_value=0.071649965741008501 0.0027472536562096342 -0.023756706104929168 0.0094674666551004417 0.029435492235395849 0.026436347894077634 -0.0029823387124230621 0.013265553027146937 0.041348349172446154 0.031480029969420828 0.036232073138750036 0.022632617139864544 -0.034875774706126121 0.026620692517639145 0.040538000696987569
leaf_weight=6.7649827152490607 84.094246447086334 581.31012560427189 987.29567854106426 856.36891889572144 1016.479678735137 1670.2127716094255 2980.8384795337915 1823.6316562592983 234.34312315285206 1568.399312093854 1111.1346470415592 27.614189624786377 655.35534650087357 150.03073233366013
leaf_count=18 274 2483 3328 2546 3005 6429 9811 4944 701 4424 3390 106 1968 427
internal_value=0.0196464 0.00601518 -0.000595088 0.0268809 0.0231153 -0.00834598 0.0168743 0.0363161 0.0136901 0.03238 0.0237363 -0.0139141 0.0239057 0.0247627
internal_weight=13753.9 4768.71 3473.16 8985.17 6422.09 2251.52 3837.21 2563.08 1221.64 2584.88 1295.54 34.3792 739.45 1261.17
internal_count=43854 16882 12941 26972 19786 8912 12357 7186 4029 7429 3941 124 2242 3817
is_linear=0
shrinkage=0.05


Tree=11
num_leaves=15
num_cat=0
split_feature=0 11 11 12 10 12 11 11 7 4 7 7 6 11
split_gain=487.191 272.11 239.512 78.4756 63.9158 54.3553 75.3698 126.052 22.0026 21.2825 33.8815 19.376 16.9402 13.5111
threshold=0.012500000000000002 -4.2077447782729032e-05 1.8375301280570968e-10 -0.99999997083333414 -0.00021034962237043151 -0.99999992500000612 -4.2404819732277936e-05 4.2821463404063571e-05 0.22333333333333422 0.033799999999999768 1.1453333333333344 0.61950000000000205 0.013800000000001445 -0.0017948533169631629
decision_type=2 2 2 2 2 2 2 2 2 2 2 2 2 2
left_child=1 9 3 -3 -4 8 13 -8 12 10 -1 -10 -2 -7
right_child=5 2 4 -5 -6 6 7 -9 11 -11 -12 -13 -14 -15
leaf_value=0.022995079634108656 0.034039415365533975 0.021778897921316844 0.040471355330807535 -0.0097131873580429181 0.012136940096095032 0.032732085461751187 0.010418420617221763 0.033094177184595973 0.034076805845961004 0.036807393428940051 -0.079864559742118951 0.015197408053614631 0.015637915293241132 0.042087196268335306
leaf_weight=1778.4947207123041 139.9644890576601 215.31199532747269 219.65976502001286 2435.0993165075779 2119.2784095257521 557.1475143134594 879.64231388270855 2020.8168041855097 479.93961374461651 305.77612899243832 8.0421427041292173 189.58729299902916 1175.261206895113 1256.0456042289734
leaf_count=5357 414 731 642 9584 6999 1551 2832 5774 1388 867 35 588 3686 3406
internal_value=0.0186268 0.00948327 0.00313631 -0.00715486 0.0147979 0.0282934 0.0312161 0.0262171 0.0213523 0.0246183 0.0225321 0.0287308 0.0175962 0.0392126
internal_weight=13780.1 7081.66 4989.35 2650.41 2338.94 6698.4 4713.65 2900.46 1984.75 2092.31 1786.54 669.527 1315.23 1813.19
internal_count=43854 24215 17956 10315 7641 19639 13563 8606 6076 6259 5392 1976 4100 4957
is_linear=0
shrinkage=0.05


Tree=12
num_leaves=15
num_cat=0
split_feature=0 11 11 10 10 10 7 12 2 12 7 5 3 9
split_gain=444.588 182.894 117.44 107.843 123.92 68.9978 62.9413 54.3342 27.2815 21.6137 17.4995 20.9127 15.9438 14.1922
threshold=0.0065000000000000014 -8.5670119704950296e-05 0.00059952308858912684 -0.00021095266226067719 0.00021006880807084019 -0.00021109917228701033 0.22333333333333422 -0.99999998660714295 1.5000000000000002 0.99999999813067786 0.17180000000000131 -0.51561666666666606 -0.27959999999999585 -0.002
decision_type=2 2 2 2 2 2 2 2 2 2 2 2 2 2
left_child=1 10 5 7 6 -3 -5 -2 -4 -6 12 -12 -1 -9
right_child=3 2 8 4 9 -7 -8 13 -10 -11 11 -13 -14 -15
leaf_value=0.053489985703314716 0.022965618485388001 0.033748737686670999 0.014252181749500806 0.011695908080806505 0.026359936516840533 -0.0066766098823655392 0.027183962272111797 0.041814432433219945 0.053123365593826549 0.036551055392047553 -0.072348638738841287 0.03967982833574888 0.018734942002470261 0.032324424003638441
leaf_weight=34.180182754993439 902.84803888201714 109.86424082517624 758.41480462253094 3022.0362487882376 1878.9206574857235 2689.3469816446304 837.82680505514145 1031.9779129475355 47.995667770504951 719.48875744640827 4.2683937400579444 173.24471043050289 954.6876775175333 637.22785544395447
leaf_count=92 2698 340 2464 9825 5464 10438 2532 2731 133 1965 20 479 2916 1757
internal_value=0.0176653 0.00532075 -0.00024661 0.0241886 0.0207404 -0.00508998 0.0150578 0.0328469 0.0165657 0.0291818 0.0225311 0.036986 0.0199362 0.0381916
internal_weight=13802.3 4772 3605.62 9030.33 6458.27 2799.21 3859.86 2572.05 806.41 2598.41 1166.38 177.513 988.868 1669.21
internal_count=43854 16882 13375 26972 19786 10778 12357 7186 2597 7429 3507 499 3008 4488
is_linear=0
shrinkage=0.05


Tree=13
num_leaves=15
num_cat=0
split_feature=0 11 7 10 10 10 7 12 5 2 7 7 4 2
split_gain=399.567 164.521 111.194 97.8594 113.461 71.6993 58.3135 50.576 26.3977 22.4119 21.0816 15.7718 18.282 14.5189
threshold=0.0065000000000000014 -8.5670119704950296e-05 0.004800000000000579 -0.00021056377397243861 0.00021006880807084019 -0.00021034962237043151 0.015333333333334188 -0.99183117375141328 -0.0058999999999996095 6.5000000000000009 0.0850000000000007 0.17180000000000131 -0.33239999999999975 8.5000000000000018
decision_type=2 2 2 2 2 2 2 2 2 2 2 2 2 2
left_child=1 11 8 7 6 -4 -5 9 -3 -2 -6 -1 -13 -9
right_child=3 2 5 4 10 -7 -8 13 -10 -11 -12 12 -14 -15
leaf_value=0.018890048497204014 0.019818237661453991 0.007289331248181658 0.036713466869978 -0.003187041588763664 0.021359596374737156 0.002190361834235253 0.016337476299413647 0.035374958623070586 -0.021805224585309677 0.044084561194521615 0.030877997603365431 0.0010797039070816765 0.042620273114795389 0.054826654971170778
leaf_weight=991.38092082738876 909.46983073651791 89.340520307421684 159.12227447330952 430.95986990630627 877.51776787638664 2742.3166050761938 3395.8545384854078 1499.2195151597261 612.12258419394493 106.26832909882069 1725.7609571963549 32.380209609866142 145.50683078169823 102.48859739303589
leaf_count=3008 2734 346 479 1499 2576 9975 10728 4049 2575 278 4853 105 394 255
internal_value=0.0167599 0.00505349 -0.000235266 0.0229345 0.0196168 0.0040837 0.0141387 0.0310848 -0.0180997 0.022357 0.0276695 0.0213499 0.0350588 0.0366196
internal_weight=13819.7 4772.17 3602.9 9047.54 6430.09 2901.44 3826.81 2617.45 701.463 1015.74 2603.28 1169.27 177.887 1601.71
internal_count=43854 16882 13375 26972 19656 10454 12227 7316 2921 3012 7429 3507 499 4304
is_linear=0
shrinkage=0.05


Tree=14
num_leaves=15
num_cat=0
split_feature=0 11 11 4 7 12 11 11 0 4 7 7 7 6
split_gain=361.229 206.558 193.364 67.8073 50.9694 42.1568 61.9488 104.37 19.5049 20.025 19.3876 17.7779 17.3235 15.3712
threshold=0.012500000000000002 -4.2077447782729032e-05 8.4035111622693406e-05 -0.0030000000000004212 0.081600000000001421 -0.99999992500000612 -4.2404819732277936e-05 4.2821463404063571e-05 0.0035000000000000005 0.05946666666666689 0.0072000000000009062 0.22333333333333422 0.61950000000000205 0.013800000000001445
decision_type=2 2 2 2 2 2 2 2 2 2 2 2 2 2
left_child=1 8 3 -3 -4 11 -7 -8 9 -1 -10 13 -13 -2
right_child=5 2 4 -5 -6 6 7 -9 10 -11 -12 12 -14 -15
leaf_value=0.010949608353908045 0.030340336513418942 0.0061231750370242879 0.0081622483360323187 -0.010338885759485401 0.024570901870809903 0.03402075134690042 0.0079331158240051724 0.028501960524097637 0.0014753903374828614 0.044213565515246897 0.025662575756054903 0.029753094543468386 0.011970129602766909 0.01289086209614479
leaf_weight=560.95321509242058 141.26427227258682 886.75301901996136 1202.6138280183077 2123.438842639327 780.35864828526974 1816.5661315470934 885.49534100294113 2031.9407988041639 88.029354929924011 49.213838785886765 1408.1606841981411 483.89981098473072 191.01111796498299 1184.0272238105536
leaf_count=1743 414 3170 3961 8441 2384 4957 2832 5774 279 133 4104 1388 588 3686
internal_value=0.0159049 0.00803589 0.00249659 -0.00548943 0.0146195 0.0242008 0.0267723 0.0222589 0.0211669 0.0136326 0.0242395 0.0181147 0.0247202 0.0147508
internal_weight=13833.7 7099.52 4993.16 3010.19 1982.97 6734.2 4734 2917.44 2106.36 610.167 1496.19 2000.2 674.911 1325.29
internal_count=43854 24215 17956 11611 6345 19639 13563 8606 6259 1876 4383 6076 1976 4100
is_linear=0
shrinkage=0.05


Tree=15
num_leaves=15
num_cat=0
split_feature=0 11 7 10 10 10 11 12 11 2 12 7 5 3
split_gain=327.972 135.626 96.9147 84.0974 94.9816 62.0642 49.5436 43.1162 24.8687 19.9839 19.0973 13.7701 18.2933 14.1208
threshold=0.0065000000000000014 -8.5670119704950296e-05 0.004800000000000579 -0.00021056377397243861 0.00021006880807084019 -0.00021034962237043151 -0.00033950552607686641 -0.99183117375141328 0.0015629632101255011 6.5000000000000009 0.99999999813067786 0.17180000000000131 -0.51561666666666606 -0.27959999999999585
decision_type=2 2 2 2 2 2 2 2 2 2 2 2 2 2
left_child=1 11 8 7 6 -4 -5 9 -3 -2 -6 13 -13 -1
right_child=3 2 5 4 10 -7 -8 -9 -10 -11 -12 12 -14 -15
leaf_value=0.048392122740856552 0.017816223947602825 -0.018479102951066317 0.033915883369791226 0.023268516025925418 0.022336433236241224 0.0019221915936324463 0.0095910101457389301 0.033363758122581501 0.047659117979579495 0.040747367594800868 0.031905691948240646 -0.071263127671852458 0.034523027704479597 0.015827590406889549
leaf_weight=34.484262108802795 912.89733420312405 680.35128200054169 160.44708117842674 850.14583432674408 1888.9884578287601 2744.0303536951542 2993.0011327564716 1598.6798711270094 14.516334936022757 106.0465881973505 720.1492722183466 4.1848913580179206 174.18887707591057 961.06116959452629
leaf_count=92 2734 2879 479 2495 5464 9975 9732 4304 42 278 1965 20 479 2916
internal_value=0.0150986 0.00448983 -0.000323445 0.0206817 0.0176151 0.00368956 0.0126166 0.0282407 -0.0170974 0.0202028 0.0249776 0.0192478 0.0320411 0.0169556
internal_weight=13843.2 4773.26 3599.35 9069.91 6452.28 2904.48 3843.15 2617.62 694.868 1018.94 2609.14 1173.92 178.374 995.545
internal_count=43854 16882 13375 26972 19656 10454 12227 7316 2921 3012 7429 3507 499 3008
is_linear=0
shrinkage=0.05


Tree=16
num_leaves=15
num_cat=0
split_feature=0 11 11 1 7 12 11 11 8 4 0 5 11 1
split_gain=296.991 169.278 167.468 65.0265 44.4654 36.4134 58.8289 85.2254 18.04 18.5367 17.465 24.5277 21.4244 12.5563
threshold=0.012500000000000002 -4.2077447782729032e-05 8.4035111622693406e-05 -0.0035000000000000001 0.081600000000001421 -0.99999999393382344 -4.2404819732277936e-05 4.2821463404063571e-05 0.0020000000000000009 0.033799999999999768 0.024500000000000004 0.2972833333333339 0.0003000502580818854 0.78800000000000014
decision_type=2 2 2 2 2 2 2 2 2 2 2 2 2 2
left_child=1 8 3 -3 -4 10 13 -8 9 -1 11 -2 -12 -7
right_child=5 2 4 -5 -6 6 7 -9 -10 -11 12 -13 -14 -15
leaf_value=0.013866690360568524 0.0075446088376530801 0.019356553997055739 0.0074046694724956416 -0.0074692002668422762 0.022700801764814146 0.031400120503841958 0.007586784269355171 0.025248682576415871 0.026386479101249607 0.029581538417386862 0.013883293935872849 -0.055867001554748608 0.028406707766211889 0.010033523585689754
leaf_weight=1291.1493532657623 260.05212736129761 246.0688564479351 1205.5552354156971 2756.85316619277 784.15512377023697 1917.9815435111523 999.5476601421833 2156.8907356709242 601.98477278649807 219.5618561655283 979.2832704782486 16.199596643447876 342.82317812740803 71.315659046173096
leaf_count=3920 815 825 3961 10786 2384 5253 3184 6150 1720 619 2977 60 991 209
internal_value=0.0143368 0.00720339 0.00218307 -0.00527101 0.013433 0.0218522 0.0238999 0.0196557 0.0190672 0.0161506 0.0152601 0.00382611 0.0176492 0.0306341
internal_weight=13849.4 7105.33 4992.63 3002.92 1989.71 6744.09 5145.74 3156.44 2112.7 1510.71 1598.36 276.252 1322.11 1989.3
internal_count=43854 24215 17956 11611 6345 19639 14796 9334 6259 4539 4843 875 3968 5462
is_linear=0
shrinkage=0.05


Tree=17
num_leaves=15
num_cat=0
split_feature=0 10 7 10 10 4 7 12 4 1 10 5 0 2
split_gain=270.087 117.08 92.993 72.5177 80.9142 68.7961 57.9854 37.184 29.9894 22.2015 23.0555 20.6885 16.0077 13.7349
threshold=0.0065000000000000014 -0.00021034962237043151 0.004800000000000579 -0.00021056377397243861 0.00021456833146915602 0.0053999999999996611 0.22333333333333422 -0.99999999354166658 -0.0030000000000004212 1.0000000180025095e-35 -0.00021380701565321122 -0.026333333333332799 0.024500000000000004 10.500000000000002
decision_type=2 2 2 2 2 2 2 2 2 2 2 2 2 2
left_child=1 9 8 7 6 -4 -5 12 -3 10 -1 -11 -2 -9
right_child=3 2 5 4 -6 -7 -8 13 -10 11 -12 -13 -14 -15
leaf_value=0.0087201804241825269 -0.0036530375664018643 0.011312196302886471 0.010592423140051377 0.0088550988843741352 0.023877661050216901 -0.0035955489425763621 0.022705380779434722 0.028606335091937593 -0.018599230048156064 0.012101664711880622 0.054406694168037041 0.04376471588962641 0.019078263153588126 0.048835107288253368
leaf_weight=197.70873442292213 87.279345124959946 96.18526628613472 2050.3049087822437 3385.8317363262177 2108.3276695758104 1464.82635435462 972.80777870118618 1750.9275606125593 650.68579378724098 68.163567185401917 32.097748637199402 212.17460037767887 687.68413166701794 88.136383920907974
leaf_count=613 281 350 6962 10813 5964 5329 2879 4781 2755 205 88 580 2033 221
internal_value=0.0136158 0.00398514 0.00127561 0.0186769 0.0158361 0.00468001 0.0119464 0.0257047 -0.0147471 0.0266219 0.0151014 0.0360659 0.0165182 0.0295758
internal_weight=13853.1 4772.15 4262 9080.99 6466.97 3515.13 4358.64 2614.03 746.871 510.145 229.806 280.338 774.963 1839.06
internal_count=43854 16882 15396 26972 19656 12291 13692 7316 3105 1486 701 785 2314 5002
is_linear=0
shrinkage=0.05


Tree=18
num_leaves=15
num_cat=0
split_feature=0 11 11 1 7 7 11 11 12 5 12 3 2 8
split_gain=245.297 144.829 138.395 59.795 38.5099 32.5775 41.9074 74.5802 46.3594 17.154 16.3808 22.9401 19.8665 14.7141
threshold=0.012500000000000002 -4.2820816320565662e-05 8.4035111622693406e-05 -0.0035000000000000001 0.081600000000001421 0.17486666666666872 -4.2404819732277936e-05 1.2040383912115263e-07 -0.99999999393382344 -0.51561666666666606 -0.98285052559096109 0.075800000000004975 6.5000000000000009 0.0050000000000000036
decision_type=2 2 2 2 2 2 2 2 2 2 2 2 2 2
left_child=1 9 3 -3 -4 6 8 -8 -2 -1 12 -12 -7 -11
right_child=5 2 4 -5 -6 10 7 -9 -10 13 11 -13 -14 -15
leaf_value=-0.03672290207088854 0.0092404588790043849 0.017785946454444781 0.0066781260207927204 -0.0067122874198456573 0.02088900941600413 0.015856643236779124 0.00078169279458241555 0.019323300565291024 0.028154303525831304 0.015764556968052106 0.031452278804804265 0.020276894549879462 0.04018741632968089 0.025662969553058995
leaf_weight=14.273592561483381 445.20570224523544 272.9281530380249 1208.2479345500469 2850.3293605595827 787.40786847472191 807.19110548496246 852.78119145333767 1489.7773386389017 1189.8276746273041 1472.7018328309059 1056.2671617567539 812.39603015780449 93.629106625914574 503.90380902588367
leaf_count=55 1363 900 3961 11098 2384 2399 2785 4353 3280 4391 2899 2316 244 1426
internal_value=0.0129313 0.00645069 0.00200024 -0.00457149 0.0122852 0.0197602 0.0168611 0.0125734 0.0230042 0.0178936 0.0239239 0.0265938 0.0183855 0.018288
internal_weight=13856.9 7109.79 5118.91 3123.26 1995.66 6747.08 3977.59 2342.56 1635.03 1990.88 2769.48 1868.66 900.82 1976.61
internal_count=43854 24215 18343 11998 6345 19639 11781 7138 4643 5872 7858 5215 2643 5817
is_linear=0
shrinkage=0.05


Tree=19
num_leaves=15
num_cat=0
split_feature=0 10 10 4 10 10 8 12 11 2 1 10 5 9
split_gain=223.198 100.347 86.5042 72.9373 62.2691 68.5498 52.6384 32.5836 24.7743 19.6843 19.675 20.7393 18.6829 13.9433
threshold=0.0065000000000000014 -0.00021034962237043151 0.0002104450175566264 -0.0030000000000004212 -0.00021056377397243861 0.00021456833146915602 0.053000000000000019 -0.98285052559096109 0.0011550335337351394 5.5000000000000009 1.0000000180025095e-35 -0.00021380701565321122 -0.026333333333332799 -0.002
decision_type=2 2 2 2 2 2 2 2 2 2 2 2 2 2
left_child=1 10 3 -3 7 6 -6 9 -4 -2 11 -1 -12 -9
right_child=4 2 8 -5 5 -7 -8 13 -10 -11 12 -13 -14 -15
leaf_value=0.007558390774797287 0.013931487976007954 0.0079175100700033425 0.011411798333866607 -0.0070818589978596247 0.0080343900253789981 0.021664401217504296 0.022047137234283351 0.032124738343197713 0.032719893235551717 0.032707126042730274 0.010566426318129494 0.050750394604675612 0.040629182130114794 0.022405357408439189
leaf_weight=197.99819299578667 919.30163872241974 1226.7685336768627 448.85980458557606 2388.4443235099316 3542.3438552320004 2107.6632597148418 826.56915019452572 896.36973764002323 195.96859042346478 164.58732488751411 68.247026860713959 32.330567419528961 212.90205655992031 627.19177600741386
leaf_count=613 2741 4147 1451 9228 11261 5964 2431 2394 570 441 205 88 580 1740
internal_value=0.0122857 0.00352952 0.00101705 -0.00199205 0.016885 0.0142584 0.0106855 0.0234093 0.0178875 0.0167825 0.0244556 0.0136211 0.0333317 0.0281236
internal_weight=13855.5 4771.52 4260.04 3615.21 9084.03 6476.58 4368.91 2607.45 644.828 1083.89 511.478 230.329 281.149 1523.56
internal_count=43854 16882 15396 13375 26972 19656 13692 7316 2021 3182 1486 701 785 4134
is_linear=0
shrinkage=0.05


Tree=20
num_leaves=15
num_cat=0
split_feature=7 11 11 12 0 7 5 1 7 4 12 5 2 7
split_gain=202.853 173.989 121.665 64.4086 30.3901 26.7503 29.1264 27.7429 24.1012 23.3059 21.3119 19.6608 21.6425 19.1699
threshold=0.086166666666667793 -4.221234922274774e-05 0.0011998603941720811 -0.99999997083333414 0.0035000000000000005 0.16906666666666803 0.020166666666666912 0.099500000000000019 0.014400000000001316 -0.0065333333333325522 0.99999999045454568 -0.32338333333333286 6.5000000000000009 0.095666666666668551
decision_type=2 2 2 2 2 2 2 2 2 2 2 2 2 2
left_child=1 4 3 -3 9 6 13 -8 -6 -1 -4 12 -7 -2
right_child=5 2 10 -5 8 11 7 -9 -10 -11 -12 -13 -14 -15
leaf_value=-0.011391536411384776 0.030734081882555227 0.014234119898672598 0.015905778607815124 -0.0040980527616838848 0.0084822026490604559 0.0036450949099847288 0.0028556263379403164 0.025278660036120254 0.022988382739154229 0.01316699750406854 0.036667047269787721 0.021988137533948467 0.039121111940799515 0.015882175173647865
leaf_weight=136.0929498821497 260.31677842140198 544.58858573436737 493.93345066905022 3986.3665733784437 352.41751036047935 276.06792549788952 733.24222101271152 169.90873725712299 1526.9698288887739 332.94923779368401 164.86972580850124 3511.731861487031 50.920745208859444 1313.8346874564886
leaf_count=442 750 1735 1519 14647 1061 856 2350 480 4350 1015 449 10121 133 3946
internal_value=0.0116725 0.00613444 0.00102453 -0.00189466 0.0174267 0.0182822 0.0142316 0.00707405 0.0202682 0.00604132 0.0211014 0.0208962 0.00916964 0.0183382
internal_weight=13854.2 7538.19 5189.76 4530.96 2348.43 6316.02 2477.3 903.151 1879.39 469.042 658.803 3838.72 326.989 1574.15
internal_count=43854 25218 18350 16382 6868 18636 7526 2830 5411 1457 1968 11110 989 4696
is_linear=0
shrinkage=0.05


Tree=21
num_leaves=15
num_cat=0
split_feature=0 11 11 7 11 12 11 11 7 0 5 11 4 4
split_gain=186.461 115.174 114.367 55.0749 38.3905 27.9106 42.2648 62.4685 16.2628 14.1435 22.5157 17.8887 12.2204 12.0627
threshold=0.012500000000000002 -4.2820816320565662e-05 1.8375301280570968e-10 0.003400000000000711 0.0011998603941720811 -0.99999999393382344 -4.2404819732277936e-05 4.2821463404063571e-05 1.1453333333333344 0.024500000000000004 0.2972833333333339 0.0003000502580818854 0.020533333333334191 0.15253333333333396
decision_type=2 2 2 2 2 2 2 2 2 2 2 2 2 2
left_child=1 8 3 -3 -4 9 -7 -8 12 10 -2 -11 -1 -10
right_child=5 2 4 -5 -6 6 7 -9 13 11 -12 -13 -14 -15
leaf_value=0.01418866601517658 0.0045760583501301706 -0.023346102425496167 0.0051862917767461414 -0.002670559784487454 0.018863655312011202 0.024584970285824091 0.0049642288866647913 0.020059800828501215 -0.079216722758606695 0.010005245498260231 -0.056163946483187767 0.023238856686372988 0.024353279195212678 0.0064060759885148297
leaf_weight=1615.1293906867504 261.45924128592014 372.66297392547131 1622.7829725891352 2373.5192428529263 750.24094422161579 1974.5904009640217 1004.7695624679327 2155.6832331120968 7.7501998394727734 984.06488707661629 16.202693596482277 344.85648196935654 361.96115167438984 8.7660705000162107
leaf_count=4788 815 1704 5367 8998 2274 5462 3184 6150 35 2977 60 991 1023 26
internal_value=0.0110885 0.00544136 0.00147086 -0.00547628 0.00951044 0.0170466 0.0188461 0.0152606 0.0156368 0.011295 0.00103163 0.0134394 0.0160496 -0.0337721
internal_weight=13854.4 7112.81 5119.21 2746.18 2373.02 6741.63 5135.04 3160.45 1993.61 1606.58 277.662 1328.92 1977.09 16.5163
internal_count=43854 24215 18343 10702 7641 19639 14796 9334 5872 4843 875 3968 5811 61
is_linear=0
shrinkage=0.05


Tree=22
num_leaves=15
num_cat=0
split_feature=7 10 10 11 12 7 8 2 5 11 5 2 11 3
split_gain=171.243 151.462 76.0783 77.3555 30.5447 23.5769 26.6736 33.6459 20.3532 18.4855 17.3451 19.2383 14.3371 14.1109
threshold=0.086166666666667793 -0.00021147684857725221 0.0025259674765631961 -0.00017111545476455878 -0.98777381223942229 0.16906666666666803 0.0020000000000000009 2.5000000000000004 -0.012866666666666289 0.001285271551172418 -0.32338333333333286 6.5000000000000009 0.0024959845878647084 -0.0025999999999953886
decision_type=2 2 2 2 2 2 2 2 2 2 2 2 2 2
left_child=1 4 3 -3 -1 6 7 -2 -6 -4 11 -7 -8 -12
right_child=5 2 9 -5 8 10 12 -9 -10 -11 13 -13 -14 -15
leaf_value=0.010439467095644439 0.0060823329139102125 0.012980816461567762 0.011668833877249674 -0.0023652165549687826 0.014671097342032377 0.0028459405460318481 0.018089175602762582 0.026216218889035678 0.031907977018254603 0.028760492326469385 0.023666076602593976 0.036406066476108452 0.041905989294563933 0.017279963587679827
leaf_weight=428.07267214357853 1391.3128046542406 999.34642288088799 414.30557356774807 4606.099182754755 241.69021213054657 275.83917129039764 774.8809510320425 243.87022797763348 587.69471536576748 255.91823053359985 1545.6661213487387 50.524840280413628 68.798318386077881 1964.2990744262934
leaf_count=1290 4414 2983 1243 16711 691 856 2256 675 1586 714 4374 133 181 5747
internal_value=0.0105387 0.00544788 0.00227429 0.000370695 0.0212865 0.0166112 0.0128106 0.00908509 0.026885 0.0181951 0.019067 0.00804143 0.0200313 0.0200922
internal_weight=13848.3 7533.13 6275.67 5605.45 1257.46 6315.19 2478.86 1635.18 829.385 670.224 3836.33 326.364 843.679 3509.97
internal_count=43854 25218 21651 19694 3567 18636 7526 5089 2277 1957 11110 989 2437 10121
is_linear=0
shrinkage=0.05


Tree=23
num_leaves=15
num_cat=0
split_feature=0 10 10 10 4 7 10 4 12 2 7 11 6 1
split_gain=160.996 78.3504 60.1971 69.1383 58.7412 72.7128 46.2044 44.4361 34.4683 15.4866 15.3873 13.4825 10.9239 9.64311
threshold=0.0045000000000000014 -0.00021034962237043151 -0.00021095266226067719 0.00021006880807084019 0.0017333333333328608 0.0030000000000014368 0.00021418023051777982 -0.034466666666666985 -0.99183117375141328 6.5000000000000009 0.0850000000000007 -0.0017948533169631629 0.23830000000000076 0.0020000000000000013
decision_type=2 2 2 2 2 2 2 2 2 2 2 2 2 2
left_child=1 12 8 7 5 -3 -6 -4 9 -2 -5 -10 13 -1
right_child=2 4 3 10 6 -7 -8 -9 11 -11 -12 -13 -14 -15
leaf_value=0.011767842695483123 0.010369756649493899 -0.027747084960963266 0.015388905157359536 0.012159275643084201 -0.011893332014426786 0.0089401848148683068 0.014202060512956978 0.0044948963985290188 0.015539409682703065 0.030723150548796065 0.019871722772849054 0.026363803691258084 0.047539096746883731 0.029710202765359035
leaf_weight=164.32967635989189 943.34048882126808 150.4354582875967 1256.29605281353 1009.4505709856749 1384.7840533107519 1321.243613243103 193.30600397288799 3672.0780609101057 369.69383156299591 103.7370527535677 1799.786274522543 1296.6996456980705 40.698794633150101 137.5820604711771
leaf_count=500 2814 688 3827 2988 5452 4468 602 12092 1044 278 5075 3536 106 384
internal_value=0.0100154 0.00055119 0.0130874 0.0108403 -0.00199567 0.00519 -0.00869681 0.0072719 0.0194954 0.0123862 0.0171004 0.0239624 0.0232222 0.0199442
internal_weight=13843.5 3392.38 10451.1 7737.61 3049.77 1471.68 1578.09 4928.37 2713.47 1047.08 2809.24 1666.39 342.611 301.912
internal_count=43854 12200 31654 23982 11210 5156 6054 15919 7672 3092 8063 4580 990 884
is_linear=0
shrinkage=0.05


Tree=24
num_leaves=15
num_cat=0
split_feature=0 10 10 8 10 4 10 12 2 2 6 9 6 1
split_gain=145.271 70.6985 54.8279 65.1597 53.3263 55.2823 42.4143 31.4864 19.3827 14.1297 13.4838 13.1575 9.88398 8.70994
threshold=0.0045000000000000014 -0.00021034962237043151 -0.00021095266226067719 0.036000000000000247 0.00021418023051777982 0.0017333333333328608 0.00021456833146915602 -0.99183117375141328 6.5000000000000009 6.5000000000000009 0.072200000000000861 -0.002 0.23830000000000076 0.0020000000000000013
decision_type=2 2 2 2 2 2 2 2 2 2 2 2 2 2
left_child=1 12 7 6 5 -3 -4 9 -5 -2 -6 -9 13 -1
right_child=2 4 3 8 10 -7 -8 11 -10 -11 -12 -13 -14 -15
leaf_value=0.011170705838227844 0.0098485407026603911 0.0030588171915412197 0.0052800906816123372 0.019392988104296842 0.0095586203837726823 -0.011342297739230577 0.015939142130643204 0.026615801156791546 0.0029179060853710579 0.029331898206253267 0.030255783415116436 0.0175939716927517 0.045192713591790244 0.0282189667045529
leaf_weight=164.45497488975525 943.59487572312355 1289.0701245814562 4470.8029667586088 1892.5372073948383 264.93066862225533 1379.5927786231041 1179.5130112320185 966.12639109790325 197.1198415607214 103.23745556175709 111.94166761636734 694.74599601328373 40.671775460243225 137.60900580883026
leaf_count=500 2814 4597 14544 5444 840 5452 3410 2626 584 278 321 1954 106 384
internal_value=0.0095198 0.000523235 0.0124375 0.0102951 -0.00189966 -0.00438599 0.00750519 0.0185614 0.0178389 0.01177 0.0157063 0.022842 0.0220529 0.0189373
internal_weight=13835.9 3388.27 10447.7 7739.97 3045.54 2668.66 5650.32 2707.7 2089.66 1046.83 376.872 1660.87 342.736 302.064
internal_count=43854 12200 31654 23982 11210 10049 17954 7672 6028 3092 1161 4580 990 884
is_linear=0
shrinkage=0.05


Tree=25
num_leaves=15
num_cat=0
split_feature=7 10 10 11 4 4 7 5 5 12 7 11 4 11
split_gain=136.182 76.053 81.3921 56.8665 33.0035 55.4872 43.3636 34.7139 43.9901 28.37 23.848 20.1922 18.7934 15.8093
threshold=0.010933333333333439 -0.00021095266226067719 0.00021006880807084019 -0.00042858457684591395 0.0017333333333328608 -0.00046666666666665804 0.0030000000000014368 -0.023166666666666332 0.0027666666666669609 -0.98285052559096109 0.0058666666666675497 0.0011998603941720811 0.0066666666666666671 -0.0015401509694312752
decision_type=2 2 2 2 2 2 2 2 2 2 2 2 2 2
left_child=4 9 3 -3 5 6 -1 12 -9 -2 -7 -4 -6 -11
right_child=1 2 11 -5 7 10 -8 8 -10 13 -12 -13 -14 -15
leaf_value=-0.026091269977048123 0.012436793322885227 0.015051676122130373 0.012398089434213331 0.002936746290321827 -0.020088472910839778 0.0095477976151294077 0.0045950289152854595 0.010853192217420133 -0.011022665935823232 0.0142753590097086 0.041467649902210191 0.020833566423557878 -0.061200446660565344 0.025534524419347306
leaf_weight=151.31486502289772 1177.9086491465569 1224.2404209524393 1890.8732292056084 4639.0821328014135 106.85646210610867 115.29650749266148 481.38657735288143 322.37143550813198 800.34917986392975 420.40076366066933 118.81777213513851 1135.4013507664204 37.571535974740982 1206.601327508688
leaf_count=677 3466 3584 5561 15584 419 398 1643 1181 3124 1193 370 3193 158 3303
internal_value=0.00904885 0.0111684 0.00890348 0.0054663 -0.00256672 0.00495135 -0.00274381 -0.00770959 -0.00474136 0.0183467 0.0257478 0.0155629 -0.0307834 0.0226253
internal_weight=13828.5 11694.5 8889.6 5863.32 2133.96 866.816 632.701 1267.15 1122.72 2804.91 234.114 3026.27 144.428 1627
internal_count=43854 35884 27922 19168 7970 3088 2320 4882 4305 7962 768 8754 577 4496
is_linear=0
shrinkage=0.05


Tree=26
num_leaves=15
num_cat=0
split_feature=7 11 11 12 0 4 7 5 7 5 11 5 5 2
split_gain=127.137 111.361 84.4853 53.8629 23.046 23.0827 21.7856 20.2181 19.5784 24.7761 24.6673 17.6507 16.1275 16.8596
threshold=0.086166666666667793 -4.2404819732277936e-05 0.0011998603941720811 -0.99999997083333414 0.0035000000000000005 -0.0065333333333325522 0.014400000000001316 -0.10283333333333267 0.16906666666666803 0.020166666666666912 0.0009856987961986976 0.018866666666667194 -0.32338333333333286 6.5000000000000009
decision_type=2 2 2 2 2 2 2 2 2 2 2 2 2 2
left_child=1 4 3 -3 5 -1 -6 -4 9 11 -11 -2 13 -10
right_child=8 2 7 -5 6 -7 -8 -9 12 10 -12 -13 -14 -15
leaf_value=-0.013935816452851546 0.013626512903906507 0.012193632763993347 0.053516615471627699 -0.0042938870778273372 0.0046215695990541551 0.01056291286194682 0.018533131953257353 0.014798179638416106 0.00060339805379025545 -0.0010221606282148257 0.018035325316070334 0.066421259171516422 0.017073817561773726 0.032237225267888352
leaf_weight=135.41586047410965 1558.1961123198271 565.49997895956039 35.64048744738102 3993.6502801030874 347.11695878207684 331.56507484614849 1486.9709185361862 624.60890807211399 275.68709464371204 675.24080771207809 226.83797305822372 15.993966966867445 3498.6040334999561 49.7150739133358
leaf_count=439 4656 1790 92 14714 1049 1008 4250 1876 856 2170 660 40 10121 133
internal_value=0.00860119 0.00421187 0.000171983 -0.00224884 0.0133754 0.00345873 0.0159002 0.0168882 0.0138406 0.0103769 0.00377006 0.0141629 0.0160835 0.00543643
internal_weight=13820.7 7520.47 5219.4 4559.15 2301.07 466.981 1834.09 660.249 6300.28 2476.27 902.079 1574.19 3824.01 325.402
internal_count=43854 25218 18472 16504 6746 1447 5299 1968 18636 7526 2830 4696 11110 989
is_linear=0
shrinkage=0.05


Tree=27
num_leaves=15
num_cat=0
split_feature=0 10 4 7 10 8 7 3 12 2 2 2 5 11
split_gain=115.663 59.4937 46.1019 59.7711 42.2935 54.3561 40.785 37.946 27.3461 18.7531 12.9316 12.2655 9.2759 9.22852
threshold=0.0045000000000000014 -0.00021034962237043151 0.0017333333333328608 0.0030000000000014368 -0.00021095266226067719 0.033000000000000022 0.15946666666666684 0.0039999999999994667 -0.99183117375141328 6.5000000000000009 5.5000000000000009 11.500000000000002 0.082783333333333833 -0.0015401509694312752
decision_type=2 2 2 2 2 2 2 2 2 2 2 2 2 2
left_child=1 12 3 -3 8 7 -4 -6 10 -7 -2 -10 13 -1
right_child=4 2 6 -5 5 9 -8 -9 11 -11 -12 -13 -14 -15
leaf_value=0.001290851017378496 0.0077264226607084395 -0.025963092459037985 -0.010487365435354079 0.0076191363166614248 0.011084523899759155 0.017247999893013254 0.018686136530756771 0.0027848119781027194 0.019400406658809696 0.0010251706710831942 0.024348609197176553 0.04355050773796456 0.048254957901044587 0.02200946728031208
leaf_weight=68.666633397340775 911.9204506278038 147.20204405486584 1436.3366689532995 1326.5358237922192 2406.59163621068 1916.8375456184149 130.70350505411625 3219.4266109466553 1590.9408616423607 196.39097666740417 134.2317880243063 54.372940734028816 26.593247324228287 247.35781961679459
leaf_count=207 2723 688 5643 4468 7350 5528 411 10520 4440 584 369 140 68 715
internal_value=0.0081751 0.000141958 -0.00208361 0.00426483 0.0107808 0.00890324 -0.00805407 0.00633511 0.0161797 0.0157403 0.00985922 0.0201985 0.0198942 0.0175077
internal_weight=13814.1 3383.4 3040.78 1473.74 10430.7 7739.25 1567.04 5626.02 2691.47 2113.23 1046.15 1645.31 342.618 316.024
internal_count=43854 12200 11210 5156 31654 23982 6054 17870 7672 6112 3092 4580 990 922
is_linear=0
shrinkage=0.05


Tree=28
num_leaves=15
num_cat=0
split_feature=7 10 11 11 5 6 7 12 3 7 12 7 5 5
split_gain=107.772 95.9774 56.4159 68.1162 20.4114 18.4237 36.9213 20.95 23.1976 19.6405 15.4974 14.3903 13.5867 10.4513
threshold=0.086166666666667793 -0.0002141770194419301 0.0011998603941720811 -4.221234922274774e-05 -0.021166666666666268 0.0048000000000000048 0.094300000000001258 -0.99999999258241756 0.048600000000005382 0.80813333333333393 -0.98777381223942229 0.22333333333333422 -0.022433333333333031 -0.095333333333332729
decision_type=2 2 2 2 2 2 2 2 2 2 2 2 2 2
left_child=1 10 3 -3 -4 6 -2 11 -9 -8 13 -7 -12 -1
right_child=5 2 4 -5 -6 7 9 8 -10 -11 12 -13 -14 -15
leaf_value=-0.028431584545816114 0.057357976991220097 0.0091830100495399226 0.034380786968204645 -0.0032433720876606435 0.011349281726525565 0.0017148356758411813 -0.0046322170472974647 0.017230956517194012 0.010003386355231736 -0.083113546442642197 0.0087968787365465019 0.012504317733835927 0.025737013892546037 0.01124372786050686
leaf_weight=17.417339086532593 24.304523125290871 1477.2833159565926 119.09165769815445 4350.5635399669409 500.42704501748085 593.32994443178177 205.64368234574795 3080.6840039342642 1735.6873113363981 8.293356925249098 151.37268026173115 644.96985505521297 542.8067093193531 353.04201097786427
leaf_count=58 69 4421 332 15916 1518 1825 707 8982 5134 36 440 1883 1489 1044
internal_value=0.00777157 0.0037281 0.00143149 -9.3446e-05 0.0157767 0.0125984 -0.0010402 0.013135 0.0146263 -0.00767458 0.0176362 0.00733455 0.022043 0.00937837
internal_weight=13804.9 7512 6447.37 5827.85 619.519 6292.91 238.242 6054.67 4816.37 213.937 1064.64 1238.3 694.179 370.459
internal_count=43854 25218 22187 20337 1850 18636 812 17824 14116 743 3031 3708 1929 1102
is_linear=0
shrinkage=0.05


Tree=29
num_leaves=15
num_cat=0
split_feature=0 11 11 3 0 11 11 11 12 4 5 7 3 6
split_gain=98.8119 52.038 48.6231 39.408 36.0065 66.7254 40.5991 27.5582 24.1319 23.1741 18.3422 14.182 20.0686 18.8725
threshold=0.0045000000000000014 -0.00012624353979084899 0.0011998603941720811 0.0031999999999998215 0.038500000000000013 -4.2404819732277936e-05 8.4035111622693406e-05 0.00025378557956479147 -0.99999999801960771 -0.0028000000000003439 -0.32338333333333286 0.1140666666666683 -0.13580000000000078 0.0028000000000007017
decision_type=2 2 2 2 2 2 2 2 2 2 2 2 2 2
left_child=1 11 3 -3 5 10 -7 8 -6 -9 -2 12 -1 -13
right_child=4 2 -4 -5 7 6 -8 9 -10 -11 -12 13 -14 -15
leaf_value=-0.03478081544712467 -0.011168251591516956 -0.001238462760354552 0.01497308278883345 -0.015086810200639228 0.0026306108574334717 -0.001256181665049181 0.0087286879663544502 0.027372266265917836 0.013233397215026785 0.014415120365629381 0.015410156153321071 -0.070567353877222599 0.0094489054518439083 0.026386680970182125
leaf_weight=26.801464647054672 67.035705715417862 1478.2363442927599 313.00096100568771 787.34258559346199 748.90165594220161 2081.8556297123432 1992.3367699235678 507.87612108886242 1893.50418625772 1076.575987637043 2050.2713115215302 5.1697467714548102 595.16224135458469 172.40082967281342
leaf_count=91 213 5784 953 3086 2280 7224 6075 1391 5494 3081 5896 19 1788 479
internal_value=0.00738761 -4.349e-05 -0.00349907 -0.00605109 0.00979712 0.00736843 0.00362656 0.0133547 0.0102284 0.0185684 0.0145687 0.0111011 0.00754297 0.023564
internal_weight=13796.5 3378.11 2578.58 2265.58 10418.4 6191.5 4074.19 4226.86 2642.41 1584.45 2117.31 799.534 621.964 177.571
internal_count=43854 12200 9823 8870 31654 19408 13299 12246 7774 4472 6109 2377 1879 498
is_linear=0
shrinkage=0.05


Tree=30
num_leaves=15
num_cat=0
split_feature=7 10 10 3 12 3 6 11 11 11 5 2 11 11
split_gain=93.8752 70.2877 74.7592 50.4027 23.8133 22.7819 21.7268 17.83 16.7627 16.4657 15.8028 12.1027 6.94702 13.5955
threshold=0.004800000000000579 -0.00021095266226067719 0.00021006880807084019 0.0039999999999994667 -0.98285052559096109 -0.0039999999999993765 0.0022000000000002668 0.0019882121262748691 0.0011998603941720811 -0.0015401509694312752 -0.0054999999999995313 5.5000000000000009 -0.00068573354138679033 -0.0018854762675357681
decision_type=2 2 2 2 2 2 2 2 2 2 2 2 2 2
left_child=5 4 3 -3 11 12 10 -8 -4 -6 -7 -2 13 -1
right_child=1 2 8 -5 9 6 7 -9 -10 -11 -12 -13 -14 -15
leaf_value=0.042563511590545611 0.0076503762508868273 0.0075808823423044154 0.009671802471591261 -0.0010089204190593198 0.010275198158545513 0.075695655655152475 -0.014016098797804253 0.057453882195118967 0.017224588424498071 0.021562890613260784 0.0062143004762962245 0.022450237536670633 0.03367494234250689 -0.05709486084102075
leaf_weight=6.7782660573720932 1065.8469872325659 3309.1487828046083 1999.9924395680428 3528.9725265949965 432.64477445185184 10.587335690855978 745.28772297501564 8.8299810439348203 1161.1340631991625 1275.7558602392673 36.042862772941589 158.70512402057648 38.802523717284203 6.9119172692298871
leaf_count=18 3175 10708 5926 12021 1247 29 3159 23 3288 3545 132 440 118 25
internal_value=0.00702395 0.00808377 0.0060874 0.00314791 0.01489 -0.00903938 -0.0111312 -0.0131793 0.0124461 0.0187043 0.02199 0.00956848 0.0228707 -0.00775213
internal_weight=13785.4 12932.2 9999.25 6838.12 2932.95 853.241 800.748 754.118 3161.13 1708.4 46.6302 1224.55 52.4927 13.6902
internal_count=43854 40350 31943 22729 8407 3504 3343 3182 9214 4792 161 3615 161 43
is_linear=0
shrinkage=0.05


Tree=31
num_leaves=15
num_cat=0
split_feature=7 10 5 0 10 12 12 12 11 3 11 0 5 6
split_gain=86.221 77.511 46.9873 50.1949 17.9525 16.0701 16.9626 30.5372 19.7661 15.6069 17.8585 15.3635 13.3045 15.3952
threshold=0.086166666666667793 -0.0002141770194419301 -0.29148333333333259 0.0035000000000000005 0.0023552258715975332 0.99999999822995 0.90305064304146054 -0.99999999258241756 -0.00021204945740316281 0.13460000000000041 0.00029808353555149664 0.99050000000000005 -0.095333333333332729 0.039000000000000097
decision_type=2 2 2 2 2 2 2 2 2 2 2 2 2 2
left_child=1 12 4 -4 -3 6 7 -2 -8 11 -11 -7 13 -1
right_child=5 2 3 -5 -6 9 8 -9 -10 10 -12 -13 -14 -15
leaf_value=-0.039387154037222864 0.0062852910462208216 -0.068673345565662777 -0.0057247309332558189 0.0041043949950243302 0.032628898718324473 0.027148124968079099 0.013959028391146839 0.016281513944716591 0.003804623177829234 -0.0080297527210393734 0.017108627933246186 -0.016432432667695101 0.016856098985555137 0.01584160545986674
leaf_weight=23.203436255455017 1246.3500487953424 32.263564124703407 1811.4293903559446 4590.4881996810436 5.0592844039201728 370.26782450079918 679.33753648400307 1974.14972615242 1627.0262794643641 96.71496507525444 262.14598105847836 21.39126119017601 1007.7042385041714 27.659431040287018
leaf_count=79 3732 133 6992 15048 14 1013 1949 5698 5137 301 739 67 2873 79
internal_value=0.00667786 0.00305834 0.000997115 0.00132323 -0.0549414 0.0110011 0.0100688 0.0124129 0.00679559 0.0178662 0.0103337 0.0247679 0.0155968 -0.00935353
internal_weight=13775.2 7497.81 6439.24 6401.92 37.3228 6277.38 5526.86 3220.5 2306.36 750.52 358.861 391.659 1058.57 50.8629
internal_count=43854 25218 22187 22040 147 18636 16516 9430 7086 2120 1040 1080 3031 158
is_linear=0
shrinkage=0.05


Tree=32
num_leaves=15
num_cat=0
split_feature=7 10 10 3 12 5 4 5 5 3 5 11 11 2
split_gain=80.0846 58.8545 65.3817 46.3434 21.439 20.2731 36.3291 21.284 20.2812 16.7711 15.119 15.0776 14.8828 11.0281
threshold=0.004800000000000579 -0.00021056377397243861 0.00021006880807084019 0.0039999999999994667 -0.98285052559096109 -0.0058999999999996095 0.0031999999999995712 -0.0046666666666665821 -0.024699999999999826 -0.0039999999999993765 -0.0083333333333332118 -0.0015401509694312752 0.0011998603941720811 5.5000000000000009
decision_type=2 2 2 2 2 2 2 2 2 2 2 2 2 2
left_child=5 4 3 -3 13 6 8 -7 -1 -9 -8 -6 -4 -2
right_child=1 2 12 -5 11 7 10 9 -10 -11 -12 -13 -14 -15
leaf_value=-0.0022358299885748326 0.0067952178767816396 0.0069925053980462257 0.0088153118095490157 -0.0012715222676086459 0.0090895943470967484 -0.061427206570786201 -0.069152804872870219 0.019614605048800797 0.04393596753721267 -0.012166928850706504 0.031930960006104223 0.019893609165300519 0.015940150206128306 0.020934591109823014
leaf_weight=42.15846586227417 1104.0725688785315 3281.0921883434057 1997.588656514883 3512.6571509838104 432.49452903866768 20.85873045027256 17.230159297585491 44.274253621697426 54.568724662065506 664.81015720963478 4.7103947401046744 1274.6625167280436 1157.745419472456 157.58810295164585
leaf_count=160 3291 10615 5926 11970 1253 99 82 137 187 2820 19 3567 3288 440
internal_value=0.00634812 0.00732557 0.00548198 0.00271965 0.0135038 -0.00853089 0.0106361 -0.0116469 0.023812 -0.0101825 -0.0474512 0.0171565 0.0114295 0.0085613
internal_weight=13766.5 12917.9 9949.08 6793.75 2968.82 848.611 118.668 729.943 96.7272 709.084 21.9406 1707.16 3155.33 1261.66
internal_count=43854 40350 31799 22585 8551 3504 448 3056 347 2957 101 4820 9214 3731
is_linear=0
shrinkage=0.05


Tree=33
num_leaves=15
num_cat=0
split_feature=7 11 11 4 0 0 4 12 5 1 2 7 3 3
split_gain=75.9827 81.9257 93.8618 45.5451 33.6061 17.0634 20.8901 19.3292 14.4235 15.302 18.3231 12.5391 17.3829 13.2677
threshold=0.16906666666666803 -4.221234922274774e-05 1.2040383912115263e-07 0.0019333333333328951 0.23550000000000004 0.0035000000000000005 -0.0065333333333325522 -0.99999999682459662 -0.32338333333333286 0.011500000000000005 4.5000000000000009 1.1453333333333344 0.20169999999999963 -0.00099999999999866927
decision_type=2 2 2 2 2 2 2 2 2 2 2 2 2 2
left_child=1 5 3 -3 -4 6 -1 -7 9 10 -2 13 -13 -10
right_child=8 2 4 -5 -6 7 -8 -9 11 -11 -12 12 -14 -15
leaf_value=-0.012076169245446158 -0.012684703095111228 0.0014466827003723002 0.004733784077068386 -0.010307977173289386 0.02053801502133637 0.00068555370022212376 0.0089065981847463536 0.013266694939652941 0.017308615175341196 0.019002550012558968 0.020945587806504753 -0.012335300614922197 0.015085983586200113 0.010883230129283623
leaf_weight=177.36374424397945 177.09602007269859 1431.719703823328 2871.4853661358356 1941.6120854616165 380.99505567550659 348.75430591404438 358.14140883088112 2449.7134747952223 1470.1408762335777 93.488513290882111 52.511511608958244 112.52558663487434 118.82338245213032 1771.5321648716927
leaf_count=567 578 5180 9053 7647 1066 1063 1086 7082 4198 263 148 353 340 5230
internal_value=0.00603539 0.00374121 0.000524468 -0.00531903 0.00658509 0.010134 0.00195693 0.0116988 0.0120546 0.00194987 -0.00499342 0.0129946 0.00174857 0.0137972
internal_weight=13755.9 9959.79 6625.81 3373.33 3252.48 3333.97 535.505 2798.47 3796.12 323.096 229.608 3473.02 231.349 3241.67
internal_count=43854 32744 22946 12827 10119 9798 1653 8145 11110 989 726 10121 693 9428
is_linear=0
shrinkage=0.05


Tree=34
num_leaves=15
num_cat=0
split_feature=7 10 10 4 12 5 4 5 5 3 5 11 11 2
split_gain=69.0565 50.332 54.7639 41.367 19.0869 18.3132 32.7836 19.9078 18.0094 14.8454 14.2178 13.9905 13.3486 9.89241
threshold=0.004800000000000579 -0.00021056377397243861 0.00021006880807084019 0.0053999999999996611 -0.98285052559096109 -0.0058999999999996095 0.0031999999999995712 -0.0046666666666665821 -0.024699999999999826 -0.0039999999999993765 -0.0083333333333332118 -0.0015401509694312752 0.0011998603941720811 6.5000000000000009
decision_type=2 2 2 2 2 2 2 2 2 2 2 2 2 2
left_child=5 4 3 -3 13 6 8 -7 -1 -9 -8 -6 -4 -2
right_child=1 2 12 -5 11 7 10 9 -10 -11 -12 -13 -14 -15
leaf_value=-0.002193431441497981 0.0062754835351330448 0.0060442994255669857 0.0079168506662959937 -0.001780029384935148 0.0080469814854149634 -0.059818303466914149 -0.067481368925048621 0.018307564145935245 0.041235210506887186 -0.011565005326441722 0.030491052259766407 0.018481452963437724 0.014672823013029634 0.021386937702197285
leaf_weight=42.085624560713768 1140.1432150155306 3642.8967145234346 1994.8397106379271 3149.9596083462238 430.41735711693764 20.374119073152542 16.733682364225391 44.382917985320091 55.159364759922028 660.84302634000778 4.7554619610309592 1266.4769854992628 1154.1522077322006 119.66729642450809
leaf_count=160 3396 11814 5926 10771 1253 99 82 137 187 2820 19 3567 3288 335
internal_value=0.00573915 0.00664597 0.00494267 0.00241603 0.0123733 -0.00811393 0.0100896 -0.0110927 0.0224402 -0.009685 -0.0458005 0.0158347 0.010393 0.0077109
internal_weight=13742.9 12898.6 9941.85 6792.86 2956.7 844.334 118.734 725.6 97.245 705.226 21.4891 1696.89 3148.99 1259.81
internal_count=43854 40350 31799 22585 8551 3504 448 3056 347 2957 101 4820 9214 3731
is_linear=0
shrinkage=0.05


Tree=35
num_leaves=15
num_cat=0
split_feature=7 11 11 4 0 9 11 0 5 11 11 11 3 3
split_gain=65.9591 71.0593 80.8204 39.1359 29.9382 17.1467 16.5532 14.6706 13.1713 14.0767 14.0237 12.5562 18.8844 10.5166
threshold=0.16906666666666803 -4.221234922274774e-05 1.2040383912115263e-07 0.0019333333333328951 0.070500000000000021 0.98100000000000021 -0.00029700775484364778 0.0035000000000000005 -0.32338333333333286 -0.0047587246317581924 -0.00042474117262547567 -0.0037106743055559384 -0.0016999999999972465 0.079300000000003049
decision_type=2 2 2 2 2 2 2 2 2 2 2 2 2 2
left_child=1 5 3 -3 -4 7 -7 -1 9 -2 -11 12 -10 -13
right_child=8 2 4 -5 -6 6 -8 -9 11 10 -12 13 -14 -15
leaf_value=0.0019837046288631918 0.031244856209252454 0.0011528845044986955 0.00342526073594538 -0.0097504022670986835 0.015084461418106491 -0.062977290895225024 0.029570894128567844 0.011036975479734744 0.0064314990222337515 -0.015243844606508641 0.0071472653761305051 0.014924209093215469 -0.035143032479151938 0.0090097152817721713
leaf_weight=533.66119630634785 35.201659440994263 1432.9915814995766 2548.9584112167358 1933.4019831866026 702.28899681568146 15.528179153800012 7.0138937979936591 2771.0856689363718 192.22314143180847 120.55625647306442 166.51333047449589 2056.3795937597752 31.838371083140373 1184.5137485563755
leaf_count=1646 97 5180 8110 7647 2009 56 19 8077 564 386 506 5972 106 3479
internal_value=0.00545648 0.00331804 0.00032113 -0.00510914 0.00594372 0.00927858 -0.0341812 0.00957502 0.0110719 0.00140331 -0.00225599 0.0119711 0.000523901 0.0127625
internal_weight=13732.2 9944.93 6617.64 3366.39 3251.25 3327.29 22.5421 3304.75 3787.23 322.271 287.07 3464.95 224.062 3240.89
internal_count=43854 32744 22946 12827 10119 9798 75 9723 11110 989 892 10121 670 9451
is_linear=0
shrinkage=0.05


Tree=36
num_leaves=15
num_cat=0
split_feature=7 11 11 4 0 9 11 12 7 11 0 5 2 3
split_gain=59.5945 64.1878 73.3838 39.4832 27.6643 15.4565 14.8505 13.4086 12.5402 19.8038 18.422 10.6163 13.9504 11.4923
threshold=0.16906666666666803 -4.221234922274774e-05 4.2821463404063571e-05 0.0019333333333328951 0.34550000000000008 0.98100000000000021 -0.00029700775484364778 -0.99999999682459662 1.1453333333333344 8.8706819667550021e-11 0.0075000000000000006 -0.32338333333333286 4.5000000000000009 -0.00099999999999866927
decision_type=2 2 2 2 2 2 2 2 2 2 2 2 2 2
left_child=1 5 3 -3 -4 7 -7 -1 11 10 -10 12 -2 -13
right_child=8 2 4 -5 -6 6 -8 -9 9 -11 -12 13 -14 -15
leaf_value=-0.0001721760250470541 -0.0050996380064208882 0.0014971148453156698 0.0045704717719145865 -0.0090776974247087187 0.021453843521670526 -0.059500989408972083 0.028237018248744639 0.010198532104255715 -0.069323433253222738 0.012731868795644278 -0.0067151931363879759 0.015423503828329381 0.026287043497023783 0.0094328383387028182
leaf_weight=348.44892907142639 183.26683224737644 1552.5349071621895 2747.0746470242739 2045.8499613106251 266.13424369692802 15.611302286386492 6.9788644909858695 2953.5269958525896 12.826900050044058 173.0097993761301 139.86291368305683 1463.5191326588392 43.879084542393684 1767.3070151209831
leaf_count=1062 573 5561 8605 8040 740 56 19 8661 56 500 432 4198 121 5230
internal_value=0.00518841 0.0031549 0.000305183 -0.00451516 0.00606165 0.00882215 -0.0323958 0.00910414 0.0105285 0.0011493 -0.0119747 0.0114119 0.000963508 0.0121465
internal_weight=13719.8 9936.16 6611.59 3598.38 3013.21 3324.57 22.5902 3301.98 3783.67 325.7 152.69 3457.97 227.146 3230.83
internal_count=43854 32744 22946 13601 9345 9798 75 9723 11110 988 488 10122 694 9428
is_linear=0
shrinkage=0.05


Tree=37
num_leaves=15
num_cat=0
split_feature=7 11 11 4 0 11 2 5 5 4 5 0 5 5
split_gain=56.6577 41.7336 56.6726 40.8828 31.9677 22.4492 23.7426 19.6759 16.5329 29.4585 19.6151 16.2888 16.0488 13.4805
threshold=0.004800000000000579 -0.00038109263694519052 8.4035111622693406e-05 0.0060666666666663793 0.062500000000000014 -0.0022843555278428958 11.500000000000002 -0.32338333333333286 -0.0058999999999996095 0.0031999999999995712 -0.0035666666666661936 0.0045000000000000014 -0.024699999999999826 -0.0083333333333332118
decision_type=2 2 2 2 2 2 2 2 2 2 2 2 2 2
left_child=8 5 3 -3 -4 6 -2 -7 9 12 -10 -12 -1 -11
right_child=1 2 4 -5 -6 7 -8 -9 10 13 11 -13 -14 -15
leaf_value=-0.002143743494329138 0.0017521570007453819 0.0043528863262318031 0.0050122026327237322 -0.0048966337219274458 0.013977815651603743 -0.010017471651712746 0.037555296469249794 0.013458985117988008 -0.03983408856100272 -0.065916467485761951 -0.011206907803587022 0.011987555888747102 0.038812174212219684 0.029648723917044345
leaf_weight=41.968153953552246 882.02802309393883 2684.7118512094021 2918.7761653363705 2152.4687855690718 1507.8747375458479 92.446763768792152 48.870467901229858 2581.2969797253609 52.822237148880959 16.184858351945881 580.5444560945034 87.042719200253487 55.618997976183891 4.7800156176090232
leaf_count=160 2638 8934 9024 7579 4310 291 131 7443 232 82 2538 286 187 19
internal_value=0.00493351 0.0057543 0.00397813 0.000236996 0.00806621 0.010319 0.00363176 0.0126473 -0.00765614 0.00964638 -0.0105035 -0.00818272 0.0211987 -0.0441275
internal_weight=13707.4 12868.5 9263.83 4837.18 4426.65 3604.64 930.898 2673.74 838.961 118.552 720.409 667.587 97.5872 20.9649
internal_count=43854 40350 29847 16513 13334 10503 2769 7734 3504 448 3056 2824 347 101
is_linear=0
shrinkage=0.05


Tree=38
num_leaves=15
num_cat=0
split_feature=0 10 10 3 12 12 11 12 3 2 11 6 10 10
split_gain=52.8735 35.7928 29.8998 40.3045 26.6101 27.7867 32.496 23.3573 17.1 19.7254 14.8113 9.12578 9.04875 9.71043
threshold=0.0045000000000000014 -0.00021034962237043151 0.00021418023051777982 0.0031999999999998215 0.99999999923953287 0.90305064304146054 -0.00038109263694519052 -0.99999999428104569 0.14210000000000267 1.5000000000000002 8.5561268552414318e-05 0.072200000000000861 -0.00021397216864449395 -0.0002141770194419301
decision_type=2 2 2 2 2 2 2 2 2 2 2 2 2 2
left_child=1 12 3 -3 5 7 -7 -2 9 -6 -10 -4 13 -1
right_child=4 2 11 -5 8 6 -8 -9 10 -11 -12 -13 -14 -15
leaf_value=0.014342209720674362 0.003323187434252862 -8.3026205627747591e-05 0.0056102127289458653 -0.013265572751522721 0.036459271851621872 0.010847651572540569 0.00072890034438713577 0.01073926484660407 -0.011207143525524264 0.014412064926333519 0.012519130095625899 0.02261392141197649 0.039410220294076176 -0.020753998914600301
leaf_weight=286.30250062048435 1566.0802394449711 1779.3115451931953 266.16539154946804 860.10206513106823 147.32468619942665 1015.6514300853014 3626.6149548739195 3296.8320385068655 86.559434071183205 325.81754548847675 273.96164931356907 112.15949024260044 33.179865062236786 21.165722832083702
leaf_count=827 4722 6704 840 3345 395 2938 11872 9728 275 939 785 321 92 71
internal_value=0.00469031 -0.000760277 -0.00249454 -0.0043788 0.00646083 0.0057096 0.00294272 0.00835095 0.0150261 0.021277 0.00682256 0.0106512 0.0146032 0.0119262
internal_weight=13697.2 3358.39 3017.74 2639.41 10338.8 9505.18 4642.27 4862.91 833.663 473.142 360.521 378.325 340.648 307.468
internal_count=43854 12200 11210 10049 31654 29260 14810 14450 2394 1334 1060 1161 990 898
is_linear=0
shrinkage=0.05


Tree=39
num_leaves=15
num_cat=0
split_feature=7 10 12 7 12 2 6 4 3 7 1 5 2 11
split_gain=49.3719 36.5511 41.4232 30.2901 16.696 15.4917 15.471 17.7071 19.4604 15.738 13.3758 12.283 8.46684 5.77456
threshold=0.004800000000000579 -0.00021056377397243861 0.99999999923953287 0.16906666666666803 -0.98285052559096109 1.5000000000000002 0.0022000000000002668 -0.0030000000000004212 -0.0049999999999999758 0.0030000000000014368 0.024500000000000004 -0.0054999999999995313 5.5000000000000009 4.2240218905975631e-05
decision_type=2 2 2 2 2 2 2 2 2 2 2 2 2 2
left_child=6 4 3 -3 12 -4 11 9 -9 -8 -6 -1 -2 -13
right_child=1 2 5 -5 10 -7 7 8 -10 -11 -12 13 -14 -15
leaf_value=0.0675079379464604 0.0042343177704843877 0.0011961839805622626 0.028540108438930702 0.0078487638516220766 0.01549991489189771 0.011235400269069993 -0.042306460671315813 0.055514173173490534 -0.013192597862770789 0.015360527163399047 0.003915628058800742 -0.0088077442012352014 0.016750503423999159 0.032734026494474468
leaf_weight=10.765429466962813 1101.3645394146442 6889.2130132466555 165.76135465502739 2276.4281532615423 1371.6965668201447 588.51834219694138 13.334222614765165 10.469545662403105 660.0323720574379 104.97393445670605 304.50028412044048 22.546073257923126 154.01424467563629 13.300371587276457
leaf_count=29 3291 22849 458 6783 3918 1709 62 27 2897 357 902 89 440 43
internal_value=0.00445925 0.0052249 0.00377533 0.00284845 0.01013 0.0150383 -0.007319 -0.00897301 -0.0121198 0.00886102 0.0133955 0.0206717 0.00576985 0.00660581
internal_weight=13686.9 12851.5 9919.92 9165.64 2931.58 754.28 835.422 788.81 670.502 118.308 1676.2 46.6119 1255.38 35.8464
internal_count=43854 40350 31799 29632 8551 2167 3504 3343 2924 419 4820 161 3731 132
is_linear=0
shrinkage=0.05


Tree=40
num_leaves=15
num_cat=0
split_feature=7 11 11 5 12 9 11 0 7 11 7 7 11 4
split_gain=44.8725 48.3807 58.1948 28.1472 16.9496 13.9049 13.5346 11.9013 11.592 17.6694 16.9023 9.7417 32.234 16.639
threshold=0.16906666666666803 -4.221234922274774e-05 0.0011998603941720811 -0.29148333333333259 -0.67470930164230369 0.98100000000000021 -0.00029700775484364778 0.0035000000000000005 1.1453333333333344 8.8706819667550021e-11 1.8136666666666683 0.97673333333333479 0.0022261957909375245 -0.85336666666666672
decision_type=2 2 2 2 2 2 2 2 2 2 2 2 2 2
left_child=1 5 3 -3 -4 7 -7 -1 11 10 -10 13 -13 -2
right_child=8 2 4 -5 -6 6 -8 -9 9 -11 -12 12 -14 -15
leaf_value=0.00083529932059820094 -0.068443007853359536 -0.047126860775217744 0.00059317216911640089 -0.001785286483965171 0.014601526967567988 -0.057468646969499937 0.026486646771853979 0.0089950785317059138 -0.029769608709444187 0.010818276391145479 0.0035903420891278039 0.037475481410134362 -0.026203815494282186 0.0093959609746757621
leaf_weight=533.31175664067268 6.8797520995140067 34.442710444331169 300.12602955102921 5492.6985210180283 769.78559324145317 15.644620195031168 6.9256485700607291 2756.800760358572 73.669116646051407 172.07888981699944 78.35365030169487 92.84893274307251 25.284468799829483 3317.4637257158756
leaf_count=1646 26 138 924 19629 2255 56 19 8077 250 500 238 249 82 9765
internal_value=0.00423967 0.00247396 -1.6895e-06 -0.00206784 0.010672 0.00740411 -0.0317071 0.00767242 0.00888518 -0.000154851 -0.0125756 0.00973627 0.023846 0.00923487
internal_weight=13676.3 9909.74 6597.05 5527.14 1069.91 3312.68 22.5703 3290.11 3766.58 324.102 152.023 3442.48 118.133 3324.34
internal_count=43854 32744 22946 19767 3179 9798 75 9723 11110 988 488 10122 331 9791
is_linear=0
shrinkage=0.05


Tree=41
num_leaves=15
num_cat=0
split_feature=7 11 11 12 3 5 11 11 2 5 7 0 5 5
split_gain=42.8794 32.8793 47.8373 33.9737 30.9543 29.7834 24.3734 18.3359 21.0798 17.6599 16.064 12.7188 9.80266 6.91373
threshold=0.003400000000000711 -0.00038109263694519052 8.4035111622693406e-05 0.94488827048217205 -0.062199999999997146 -0.0070999999999996318 9.0882856795815327e-11 -0.0022843555278428958 11.500000000000002 -0.32338333333333286 0.0031333333333347342 0.0095000000000000032 0.030033333333333755 -0.023166666666666332
decision_type=2 2 2 2 2 2 2 2 2 2 2 2 2 2
left_child=5 7 3 -3 -4 10 11 8 -2 -9 13 -7 -8 -1
right_child=1 2 4 -5 -6 6 12 9 -10 -11 -12 -13 -14 -15
leaf_value=0.016798409251306868 0.00083221128497185852 0.005139529411146572 0.021250257347781343 -0.0033920366764129276 0.0056024112337189833 -0.021909448471649214 0.016868468363394697 -0.010809107251116149 0.034906661115235063 0.011452406229632783 -0.034655323596656532 0.028728933184068557 -0.050039391810995371 0.053271828726456597
leaf_weight=28.998992130160328 887.02617700397968 1829.5964717715979 342.29025219380856 3221.4415012598038 4122.2505236566067 354.49707572162151 67.381341069936752 92.222968623042107 47.836622774600983 2620.5402960032225 10.480682298541067 12.849582254886625 5.958393618464469 23.539209082722667
leaf_count=110 2661 5826 964 11621 12539 1694 226 291 131 7605 45 37 24 80
internal_value=0.00403059 0.00457844 0.00303127 -0.000301717 0.00680211 -0.0102864 -0.0148841 0.00861455 0.00257579 0.0106956 0.0218649 -0.0201381 0.0114326 0.03314
internal_weight=13666.9 13163.2 9515.58 5051.04 4464.54 503.705 440.686 3647.63 934.863 2712.76 63.0189 367.347 73.3397 52.5382
internal_count=43854 41638 30950 17447 13503 2216 1981 10688 2792 7896 235 1731 250 190
is_linear=0
shrinkage=0.05


Tree=42
num_leaves=15
num_cat=0
split_feature=7 10 12 4 2 12 6 4 3 7 11 5 2 10
split_gain=39.2654 29.9135 36.7114 26.84 15.448 15.3811 13.5721 16.0918 16.9913 13.9405 13.1592 10.3493 7.47062 5.04819
threshold=0.004800000000000579 -0.00021056377397243861 0.99999999923953287 0.0060666666666663793 14.500000000000002 -0.98285052559096109 0.0022000000000002668 -0.0030000000000004212 -0.0049999999999999758 0.0030000000000014368 -0.0015401509694312752 -0.0054999999999995313 6.5000000000000009 0.00021126306795071772
decision_type=2 2 2 2 2 2 2 2 2 2 2 2 2 2
left_child=6 5 3 -3 -4 12 11 9 -9 -8 -7 -1 -2 -13
right_child=1 2 4 -5 -6 10 7 8 -10 -11 -12 13 -14 -15
leaf_value=0.062280330639660778 0.0035437253523474851 0.004753761898809764 0.014573964318921703 -0.00069298542457352751 -0.055410232601349876 0.004493571753012863 -0.040192654622698887 0.051931634327166236 -0.012313886535409444 0.014765744573778331 0.01470701914873058 -0.0070464558009061089 0.016851813021171169 0.032513372928781446
leaf_weight=10.843940898776053 1136.4581840932369 5086.9612517058849 743.00739412009716 4072.4859128147364 7.9697648584842673 422.72747722268105 12.961647167801855 10.456162109971045 653.61042830348015 105.09126572310925 1241.8321716338396 23.511479169130325 116.24076370894909 12.274313300848005
leaf_count=29 3396 16176 2139 13456 28 1253 62 27 2897 357 3567 93 335 39
internal_value=0.00383193 0.00451339 0.00320339 0.00233202 0.0138313 0.00896368 -0.00671605 -0.00827839 -0.0113023 0.00873157 0.0121132 0.0194891 0.00477861 0.00652233
internal_weight=13656.4 12827.7 9910.42 9159.45 750.977 2917.26 828.749 782.12 664.067 118.053 1664.56 46.6297 1252.7 35.7858
internal_count=43854 40350 31799 29632 2167 8551 3504 3343 2924 419 4820 161 3731 132
is_linear=0
shrinkage=0.05


Tree=43
num_leaves=15
num_cat=0
split_feature=7 11 11 5 12 9 11 12 7 11 0 7 11 4
split_gain=37.8133 38.7351 49.4658 25.8217 15.2972 12.7124 12.2886 11.9261 10.5135 15.8622 16.4361 8.90015 29.5615 14.9696
threshold=0.16906666666666803 -4.221234922274774e-05 0.0011998603941720811 -0.29148333333333259 -0.67470930164230369 0.98100000000000021 -0.00029700775484364778 -0.99999999682459662 1.1453333333333344 8.8706819667550021e-11 0.0075000000000000006 0.97673333333333479 0.0022261957909375245 -0.85336666666666672
decision_type=2 2 2 2 2 2 2 2 2 2 2 2 2 2
left_child=1 5 3 -3 -4 7 -7 -1 11 10 -10 13 -13 -2
right_child=8 2 4 -5 -6 6 -8 -9 9 -11 -12 12 -14 -15
leaf_value=-0.0020536158718163504 -0.065581384225205347 -0.045482653684642514 7.8859289124432917e-05 -0.0018312454860624037 0.013391257726364465 -0.055441116751014534 0.02477080561654052 0.0077348392774319544 -0.067206636834631656 0.0097163075317243316 -0.0075302722731027663 0.035380118850373385 -0.025612937664093727 0.0083995889413619809
leaf_weight=348.10821738839149 6.8518724590539923 34.089348971843719 300.06065717339516 5485.3760663866997 768.40377458930016 15.663217499852182 6.8688283413648596 2933.2158907651901 12.580450743436812 171.46730718016624 139.25374872982502 92.250548601150513 25.31793612241745 3307.8106118440628
leaf_count=1062 26 138 924 19629 2255 56 19 8661 56 500 432 249 82 9765
internal_value=0.00364284 0.00202116 -0.000194597 -0.00210085 0.00965269 0.00643939 -0.0309887 0.0066964 0.00791424 -0.000705469 -0.0124748 0.00872618 0.0222455 0.00824666
internal_weight=13647.3 9891.79 6587.93 5519.47 1068.46 3303.86 22.532 3281.32 3755.53 323.302 151.834 3432.23 117.568 3314.66
internal_count=43854 32744 22946 19767 3179 9798 75 9723 11110 988 488 10122 331 9791
is_linear=0
shrinkage=0.05


Tree=44
num_leaves=15
num_cat=0
split_feature=0 6 3 7 11 12 12 11 6 3 2 2 6 11
split_gain=35.4799 28.9022 28.0765 34.4138 26.7391 19.1933 19.578 22.8941 20.4107 15.6312 17.1718 13.5239 13.4223 10.5825
threshold=0.0045000000000000014 0.23830000000000076 0.0031999999999998215 0.0030000000000014368 0.0011041005535161743 0.99999999923953287 0.90305064304146054 -0.00038109263694519052 0.0065999999999996487 0.14210000000000267 1.5000000000000002 15.500000000000002 0.63890000000000147 -0.0027447601493679748
decision_type=2 2 2 2 2 2 2 2 2 2 2 2 2 2
left_child=1 2 3 -1 -4 6 8 -8 -2 10 -7 -11 -3 -14
right_child=5 12 4 -5 -6 9 7 -9 -10 11 -12 -13 13 -15
leaf_value=-0.013860298611596437 0.020343727207254473 0.025316482072516001 -0.012710163980330794 0.0038327218704189941 0.0082872297056487167 0.032513923074709405 0.0086159624518546644 0.00010027610086380951 0.0057419944441710752 0.0056923511440844371 0.011814599905888666 -0.066327379316580712 -0.046446305248175473 0.0077999635427063539
leaf_weight=324.61415427923203 252.50678899884224 145.6899679005146 845.51527111232281 1792.1333024948835 184.74995066225529 145.3273192346096 1009.1760117709637 3622.019710496068 4584.5739382207394 350.47242911159992 322.6252173781395 6.641892358660697 11.571816831827162 40.305360600352287
leaf_count=1527 748 415 3296 6230 570 395 2938 11872 13702 1036 939 24 42 120
internal_value=0.00346316 -0.00101083 -0.00217542 0.00111941 -0.00894485 0.00491687 0.00427953 0.00195591 0.00650424 0.0122309 0.018243 0.00435287 0.0175397 -0.00430031
internal_weight=13637.9 3344.58 3147.01 2116.75 1030.27 10293.3 9468.28 4631.2 4837.08 825.067 467.953 357.114 197.567 51.8772
internal_count=43854 12200 11623 7757 3866 31654 29260 14810 14450 2394 1334 1060 577 162
is_linear=0
shrinkage=0.05


Tree=45
num_leaves=15
num_cat=0
split_feature=7 10 5 8 12 11 10 8 7 5 7 4 12 8
split_gain=32.7489 32.8966 37.0146 31.713 17.4498 19.225 14.5339 13.717 9.91046 20.1363 23.1854 21.4923 13.8627 15.5474
threshold=0.16906666666666803 -0.00021095266226067719 -0.29148333333333259 1.0000000180025095e-35 -0.9999999583333351 -0.0015708559733895731 0.0010609437943842617 0.78650000000000009 0.56850000000000123 -0.26551666666666618 0.44430000000000097 -0.3634 0.99999997750000069 -0.79449999999999987
decision_type=2 2 2 2 2 2 2 2 2 2 2 2 2 2
left_child=1 4 6 -4 7 -6 -3 -1 9 11 -11 -2 -10 -14
right_child=8 2 3 -5 5 -7 -8 -9 12 10 -12 -13 13 -15
leaf_value=0.00038653135831286079 -0.047343139038240827 -0.054356375541489123 -0.0012651633655170016 0.0057754149026337685 -0.0013550206096815569 0.014646727045121342 0.0088756738369655287 0.058647282062899243 -0.00092416040833860711 0.0078748314195619586 0.021530234312610121 0.00093404831554224754 -0.029616008791282924 0.01515196610511829
leaf_weight=647.10610035061836 30.408842191100121 42.491157442331314 5779.2126491218805 2211.4326734691858 234.30020982027054 943.8018858730793 11.559917986392973 10.263163104653357 688.96218916773796 2277.2848032265902 359.98262445628643 95.311079457402229 20.860750898718834 275.784857198596
leaf_count=1958 108 172 20267 6861 708 2719 34 25 2102 6735 1010 287 69 799
internal_value=0.0032922 0.0017825 0.000404394 0.000683336 0.0078226 0.0114643 -0.0408329 0.00129613 0.00727133 0.00880682 0.00973877 -0.0107431 0.00296686 0.0120038
internal_weight=13628.8 9880.17 8044.7 7990.65 1835.47 1178.1 54.0511 657.369 3748.6 2762.99 2637.27 125.72 985.608 296.646
internal_count=43854 32744 27334 27128 5410 3427 206 1983 11110 8140 7745 395 2970 868
is_linear=0
shrinkage=0.05


Tree=46
num_leaves=15
num_cat=0
split_feature=7 7 7 4 11 11 4 3 5 11 2 5 5 6
split_gain=31.3335 27.9674 32.3683 27.1908 24.1564 38.6406 32.0445 27.1169 18.9732 16.2409 19.2563 15.4209 14.8683 10.5549
threshold=0.003400000000000711 0.0031333333333347342 0.0030000000000014368 -0.0022000000000004746 -0.00038109263694519052 8.4035111622693406e-05 0.0060666666666663793 -0.13580000000000078 0.0025000000000004624 -0.0022843555278428958 11.500000000000002 -0.32338333333333286 0.0021000000000004817 0.0030000000000000109
decision_type=2 2 2 2 2 2 2 2 2 2 2 2 2 2
left_child=1 2 3 -1 9 6 -6 -7 -4 10 -2 -11 13 -3
right_child=4 12 8 -5 5 7 -8 -9 -10 11 -12 -13 -14 -15
leaf_value=-0.028932938556400611 -0.0002860642055926147 0.0024231280402529395 0.057374065665504674 4.9445722777982652e-05 0.0027012184591300513 0.023273889771402045 -0.0053611000787080615 0.0047997285840528075 -0.0051362591296750483 -0.011087005531717693 0.032601129593613672 0.0097411782449624996 -0.062654998575026336 -0.048177936186560674
leaf_weight=119.64756850898266 883.67738258838654 25.696314498782158 31.283526286482811 250.06730322539806 2898.2418884634972 208.38466657698154 2144.3211891055107 4244.4738100320101 19.835520461201668 92.005784302949905 46.871118247509003 2605.8828050047159 32.627767145633698 17.20622456073761
leaf_count=613 2661 109 106 1063 9868 580 7579 12923 84 291 131 7605 168 73
internal_value=0.0031297 -0.0092017 -0.00417364 -0.00932987 0.0035961 0.00227005 -0.000727237 0.00566428 0.0331184 0.00706628 0.00137044 0.00903088 -0.0372167 -0.0178706
internal_weight=13620.2 496.364 420.834 369.715 13123.9 9495.42 5042.56 4452.86 51.119 3628.44 930.549 2697.89 75.5303 42.9025
internal_count=43854 2216 1866 1676 41638 30950 17447 13503 190 10688 2792 7896 350 182
is_linear=0
shrinkage=0.05


Tree=47
num_leaves=15
num_cat=0
split_feature=0 6 3 7 10 12 12 5 6 3 0 11 6 7
split_gain=29.0502 25.0453 25.4599 28.7266 25.2895 16.611 16.7033 21.9468 19.814 14.3304 16.095 12.4622 12.078 10.4614
threshold=0.0045000000000000014 0.23830000000000076 0.0031999999999998215 0.0030000000000014368 0.00021418023051777982 0.99999999923953287 0.90305064304146054 0.18888333333333393 0.015200000000000246 0.14210000000000267 0.99050000000000005 8.5561268552414318e-05 0.63890000000000147 0.26700000000000185
decision_type=2 2 2 2 2 2 2 2 2 2 2 2 2 2
left_child=1 2 3 -1 -4 6 8 -8 -2 10 -7 -11 13 -3
right_child=5 12 4 -5 -6 9 7 -9 -10 11 -12 -13 -14 -15
leaf_value=-0.012805823281827 0.01327685721464545 0.016888467990303111 -0.011669370753231486 0.0034400662964395898 0.011585416770363094 0.018960529545549321 0.00059176133232034594 0.013905591608789609 0.0043918823373457891 -0.012983411472362455 -0.024867313746101544 0.0088515458280028405 -0.0045222767913587264 0.050430018061295837
leaf_weight=320.79033026099205 741.33871002495289 116.45091459155083 892.27125407755375 1792.9411214441061 134.53898727893829 443.29436783492565 4292.1451429724693 333.5884630382061 4085.5499352514744 86.244485095143318 21.986436754465103 269.69831597805023 51.841845735907555 29.044899672269821
leaf_count=1527 2208 341 3457 6230 409 1263 13832 978 12242 275 71 785 162 74
internal_value=0.00297491 -0.00107755 -0.00216323 0.00097451 -0.00862239 0.00429152 0.00369893 0.0015519 0.00575648 0.0111125 0.0168895 0.00356096 0.0162005 0.0235843
internal_weight=13611.7 3337.88 3140.54 2113.73 1026.81 10273.8 9452.62 4625.73 4826.89 821.224 465.281 355.943 197.338 145.496
internal_count=43854 12200 11623 7757 3866 31654 29260 14810 14450 2394 1334 1060 577 415
is_linear=0
shrinkage=0.05


Tree=48
num_leaves=15
num_cat=0
split_feature=7 5 11 11 3 9 10 6 6 3 7 5 3 7
split_gain=27.0937 28.6316 28.2769 39.1082 13.302 10.9239 10.7702 9.34661 17.4715 15.3861 12.3273 10.6331 26.7608 16.8419
threshold=0.16906666666666803 -0.29148333333333259 -4.221234922274774e-05 1.2040383912115263e-07 -0.088799999999997672 0.98100000000000021 0.0023552258715975332 0.04840000000000081 0.054600000000000183 -0.027200000000000529 0.61950000000000205 -0.22888333333333277 0.024900000000002292 0.44430000000000097
decision_type=2 2 2 2 2 2 2 2 2 2 2 2 2 2
left_child=1 4 5 -4 -1 -3 -6 11 9 -9 -10 12 -2 -13
right_child=7 2 3 -5 6 -7 -8 8 10 -11 -12 13 -14 -15
leaf_value=0.013817890193514258 -0.017120073096481416 0.0057427515728263635 -0.0040172883711145696 0.0037193149190558454 -0.047537215182674938 -0.02942733827241464 0.011824723380861322 0.016813702503139221 0.0076039941750714948 -0.04219744337891046 0.00017873796769674128 0.0095053541203155498 0.067974306889364289 0.029218193762869434
leaf_weight=14.722473204135893 69.442329689860344 3230.3446753025055 3313.1941248327494 3221.9044802933931 53.326398476958275 22.230487063527107 8.9188672602176648 16.082423478364944 2181.7604154497385 35.270805388689041 751.49551248550415 538.63691161572933 10.657212629914282 135.63524432480335
leaf_count=43 236 9599 12739 10054 209 74 26 46 6417 121 2271 1614 26 379
internal_value=0.00282785 0.00145408 0.00169296 -0.000203024 -0.0289224 0.00550237 -0.0390315 0.00645229 0.00519548 -0.0237168 0.00570166 0.0114248 -0.0057983 0.0134707
internal_weight=13603.6 9864.64 9787.67 6535.1 76.9677 3252.58 62.2453 3738.98 2984.61 51.3532 2933.26 754.372 80.0995 674.272
internal_count=43854 32744 32466 22793 278 9673 235 11110 8855 167 8688 2255 262 1993
is_linear=0
shrinkage=0.05


Tree=49
num_leaves=15
num_cat=0
split_feature=7 4 7 7 11 11 12 10 3 5 3 2 12 2
split_gain=25.381 29.6234 22.0203 25.7064 18.3858 18.9394 16.8299 22.7709 18.6501 13.842 13.2198 15.465 13.0456 12.3545
threshold=0.0090666666666684437 0.0060666666666663793 0.004800000000000579 0.0081333333333338306 0.00085518523143646174 8.4845964810620358e-05 0.99999999923953287 -0.00021056377397243861 0.0093999999999992926 0.019500000000000201 0.14210000000000267 1.5000000000000002 -0.98285052559096109 15.500000000000002
decision_type=2 2 2 2 2 2 2 2 2 2 2 2 2 2
left_child=1 2 9 -4 5 -3 7 12 -9 -1 11 -8 -2 -12
right_child=6 4 3 -5 -6 -7 10 8 -10 -11 13 -13 -14 -15
leaf_value=-0.0034322004048344158 0.0031351511310586527 -0.019697163891345983 0.010221428646870531 -0.016075254124637419 -0.063087897094519937 0.025021843716301076 0.029650008035156512 0.0035231028039171236 -0.0013960778852039478 -0.023417388782422902 0.0044804623529414956 0.0098906922783083689 0.010121791581728086 -0.064153580579592487
leaf_weight=719.25621265172958 1208.2147329896688 207.12948802113533 604.30839805305004 109.8248048722744 21.319831803441048 26.732460081577301 143.46923883259296 5238.4660482853651 3047.8345023840666 98.506733909249306 348.45356759428978 319.66529430449009 1494.7237064838409 6.6824599951505652
leaf_count=3084 3612 823 2076 388 82 81 395 16779 9733 420 1036 938 4383 24
internal_value=0.00268828 -0.00286499 -0.000237593 0.00617733 -0.0186377 -0.0145854 0.00352877 0.00301366 0.00171375 -0.00583959 0.0104466 0.0160117 0.00699876 0.003189
internal_weight=13594.6 1787.08 1531.9 714.133 255.182 233.862 11807.5 10989.2 8286.3 817.763 818.271 463.135 2702.94 355.136
internal_count=43854 6954 5968 2464 986 904 36900 34507 26512 3504 2393 1333 7995 1060
is_linear=0
shrinkage=0.05


Tree=50
num_leaves=15
num_cat=0
split_feature=0 10 4 4 3 12 3 2 10 2 8 10 11 7
split_gain=24.0286 23.4672 21.5644 29.0318 22.93 13.4403 14.9738 20.6294 18.3859 13.4256 13.3315 8.75855 8.78537 7.25217
threshold=0.0045000000000000014 -0.00021034962237043151 0.0017333333333328608 -0.00046666666666665804 -0.017399999999996894 0.99999999923953287 0.0099999999999992976 7.5000000000000009 0.0023552258715975332 15.500000000000002 -0.42849999999999994 -0.00021397216864449395 -0.002354742146574162 0.052933333333334172
decision_type=2 2 2 2 2 2 2 2 2 2 2 2 2 2
left_child=1 11 3 -3 -4 6 7 -2 -8 10 -7 12 -1 -13
right_child=5 2 4 -5 -6 9 8 -9 -10 -11 -12 13 -14 -15
leaf_value=-0.013959009521060675 0.0041599310176585651 -0.00087465224151701533 0.027412979046458313 0.020389219445558319 -0.0078053940240032336 -0.027675257600437604 -0.0013262378867651963 0.021136072064727202 0.0083037830952314481 -0.060313496851230164 0.011569655586323599 0.0011995353256181703 0.011882577284970129 0.051648937882071921
leaf_weight=37.502138316631317 5998.2240745872259 1283.4678429812193 47.708535462617874 183.46543107926846 1478.6960431337357 22.250907123088837 2646.7066382169724 184.46018207073212 609.8522712290287 6.7506579160690299 787.83624695241451 10.386813431978224 267.42401686310768 22.673801332712173
leaf_count=118 18613 4528 141 628 5913 73 8348 531 1768 24 2297 34 780 58
internal_value=0.00255522 -0.00113412 -0.00254426 0.00178476 -0.00670463 0.00375357 0.00322111 0.00466641 0.000477166 0.00990654 0.0104917 0.0113547 0.00870438 0.035799
internal_weight=13587.4 3331.32 2993.34 1466.93 1526.4 10256.1 9439.24 6182.68 3256.56 816.838 810.087 337.987 304.926 33.0606
internal_count=43854 12200 11210 5156 6054 31654 29260 19144 10116 2394 2370 990 898 92
is_linear=0
shrinkage=0.05


Tree=51
num_leaves=15
num_cat=0
split_feature=7 5 11 11 11 3 7 6 6 3 7 5 3 7
split_gain=22.9427 26.2875 24.1047 32.7337 21.4719 11.9371 9.87451 8.73 15.7164 13.6994 11.2057 9.57689 24.3285 15.2837
threshold=0.16906666666666803 -0.29148333333333259 -0.00042858457684591395 0.0011998603941720811 -0.00080757183958279899 -0.088799999999997672 0.1366666666666688 0.04840000000000081 0.054600000000000183 -0.027200000000000529 0.61950000000000205 -0.22888333333333277 0.024900000000002292 0.44430000000000097
decision_type=2 2 2 2 2 2 2 2 2 2 2 2 2 2
left_child=1 5 4 -4 -3 -1 -7 11 9 -9 -10 12 -2 -13
right_child=7 2 3 -5 -6 6 -8 8 10 -11 -12 13 -14 -15
leaf_value=0.012534729627426886 -0.016570466567521935 0.0029594825133938988 -0.0012911238772601533 0.008186681508115445 0.013977674904669238 -0.044720502524853156 0.01854546967421487 0.015516078703739999 0.0068507221823532836 -0.040221499372821712 -0.00023659348871344138 0.008743662194713819 0.06466869863014775 0.027546380278341012
leaf_weight=14.673462346196173 69.371076241135597 1626.3948559165001 6479.8273994028568 1060.0348726660013 607.2703193873167 54.973120480775833 6.9469832479953757 16.012799367308617 2175.0064254403114 35.385768607258797 750.04534757137299 538.04361169040203 10.627427339553831 135.24068480730057
leaf_count=43 236 4861 22688 3164 1753 215 20 46 6417 121 2271 1614 26 379
internal_value=0.00242885 0.00116423 0.00139289 4.13679e-05 0.00595502 -0.0280136 -0.0376225 0.0057687 0.00455176 -0.0228569 0.00503338 0.0105772 -0.00577822 0.0125205
internal_weight=13579.9 9850.12 9773.53 7539.86 2233.67 76.5936 61.9201 3729.73 2976.45 51.3986 2925.05 753.283 79.9985 673.284
internal_count=43854 32744 32466 25852 6614 278 235 11110 8855 167 8688 2255 262 1993
is_linear=0
shrinkage=0.05


Tree=52
num_leaves=15
num_cat=0
split_feature=7 7 5 5 10 8 3 2 12 5 1 6 7 5
split_gain=21.9791 26.5705 30.2801 24.9965 17.1485 23.171 26.3816 20.5983 14.2698 14.0509 12.7039 9.88054 9.03735 6.12417
threshold=0.003400000000000711 0.0031333333333347342 -0.0070999999999996318 -0.0016666666666663567 -0.00021056377397243861 0.033000000000000022 0.0031999999999998215 6.5000000000000009 -0.98285052559096109 0.0021000000000004817 0.024500000000000004 0.0030000000000000109 0.0051333333333341592 -0.023166666666666332
decision_type=2 2 2 2 2 2 2 2 2 2 2 2 2 2
left_child=1 2 13 -4 8 6 -6 -7 12 11 -10 -3 -2 -1
right_child=4 9 3 -5 5 7 -8 -9 10 -11 -12 -13 -14 -15
leaf_value=0.016913448265820426 -0.031515493443027606 0.0026179621363310195 -0.026508588030168367 0.0011457261290603947 0.0035371106329699512 0.0077738348806627201 -0.0022261048242100752 -0.0094735335262806017 0.011177959272561148 -0.061023182961794355 -0.00022846245042648075 -0.046588614494636332 0.0026048537935802261 0.051309648721753837
leaf_weight=28.734633252024651 19.714620366692543 25.637563347816467 124.05613400042057 239.40430068969727 3739.0886261165142 2001.4408893585205 4234.4359096586704 189.50254556536674 1358.5948434770107 31.464356675744057 297.57353867590427 16.944227203726768 1243.018439784646 23.544486299157143
leaf_count=110 66 109 621 1055 12055 5937 14394 583 3978 168 903 73 3722 80
internal_value=0.00230862 -0.00809037 -0.00317555 -0.00829323 0.00269791 0.00172787 0.000476486 0.00628205 0.00607588 -0.0356851 0.0091285 -0.0169624 0.00207214 0.0324042
internal_weight=13573.2 489.786 415.74 363.46 13083.4 10164.5 7973.52 2190.94 2918.9 74.0461 1656.17 42.5818 1262.73 52.2791
internal_count=43854 2216 1866 1676 41638 32969 26449 6520 8669 350 4881 182 3788 190
is_linear=0
shrinkage=0.05


Tree=53
num_leaves=15
num_cat=0
split_feature=7 5 0 5 5 3 10 7 11 7 7 11 4 11
split_gain=20.2494 23.9425 22.326 33.219 20.6414 10.7914 9.83071 8.10489 14.7107 14.9294 9.02195 26.6672 12.8885 8.27537
threshold=0.16906666666666803 -0.29148333333333259 0.0035000000000000005 -0.15046666666666608 0.024533333333333945 -0.088799999999997672 0.0023552258715975332 1.1453333333333344 8.8706819667550021e-11 1.8136666666666683 0.97673333333333479 0.0022261957909375245 -0.85336666666666672 0.00016908826361405896
decision_type=2 2 2 2 2 2 2 2 2 2 2 2 2 2
left_child=1 5 3 -3 -4 -1 -7 10 9 -9 12 -12 -2 -10
right_child=7 2 4 -5 -6 6 -8 8 13 -11 11 -13 -14 -15
leaf_value=0.011678789615399678 -0.063138622938332986 0.058086273090351484 0.0040118346964800522 -0.0039300150690271445 -0.0019512999254099211 -0.044312118895086086 0.012436398897271973 -0.029831934800826295 0.038217307245475778 0.0016478605335251816 0.032320485448675863 -0.025710822068115265 0.0057092617839319439 0.0038154003699072377
leaf_weight=14.636569634079931 6.811803311109542 21.816041603684425 5680.6896189153194 2112.8325616121292 1949.1447943598032 52.643004231154919 8.9255295097827894 73.194047316908836 19.775707378983498 77.587703615427017 91.212331175804138 25.284423217177391 3279.6809801608324 150.63961461186409
leaf_count=43 26 60 18031 8048 6327 209 26 250 53 238 249 82 9765 447
internal_value=0.00219441 0.00100599 0.00122386 -0.00329621 0.00248847 -0.0269114 -0.0360853 0.00533466 -0.00225762 -0.0136334 0.00605127 0.0197254 0.00556656 0.00780754
internal_weight=13564.9 9840.69 9764.48 2134.65 7629.83 76.2051 61.5685 3724.19 321.197 150.782 3402.99 116.497 3286.49 170.415
internal_count=43854 32744 32466 8108 24358 278 235 11110 988 488 10122 331 9791 500
is_linear=0
shrinkage=0.05


Tree=54
num_leaves=15
num_cat=0
split_feature=8 12 2 12 5 9 11 7 8 1 10 2 11 11
split_gain=19.791 32.7183 32.3677 26.5605 22.5322 26.8538 24.7781 21.3371 19.4479 14.1262 17.6405 13.7283 13.5936 11.2299
threshold=0.001000000000000002 0.99999995833333533 1.5000000000000002 0.13367697565371223 0.17915000000000006 -0.07549999999999997 0.0019000251406942061 0.0030000000000000447 -0.0029999999999999992 0.069000000000000034 0.0053193924073435825 3.5000000000000004 1.7132129048746949e-09 8.9387386381645241e-11
decision_type=2 2 2 2 2 2 2 2 2 2 2 2 2 2
left_child=1 3 12 7 6 -6 -3 -1 -5 10 -4 -11 13 -2
right_child=2 4 9 8 5 -7 -8 -9 -10 11 -12 -13 -14 -15
leaf_value=-0.017725032520843054 0.0079010055704041137 -0.0037829436537284676 -0.0059000920150653413 0.010907515170524199 -0.028934389842786873 0.019941308584406084 0.011750295247975863 0.0035287249813663706 0.042457451689086906 0.0090640914089971294 0.018695086920101574 -0.0015902824856567199 0.015395531335987464 -0.010296819872418721
leaf_weight=121.44619533419609 1211.4460262060165 4285.3850321769714 867.25026926398277 166.14236342906952 32.687874481081963 200.38139720261097 273.09474687278271 4269.6296982467175 69.184159949421883 676.4448764026165 79.595051810145378 546.69093523919582 669.12531819939613 91.156237602233887
leaf_count=594 3694 15270 2746 490 110 592 808 13221 184 1990 223 1647 1966 319
internal_value=0.0020855 0.000818748 0.004966 0.00381793 -0.00207707 0.0130865 -0.00285236 0.0029409 0.020183 0.000752608 -0.00383254 0.00430203 0.00960303 0.00662752
internal_weight=13559.7 9417.95 4141.71 4626.4 4791.55 233.069 4558.48 4391.08 235.327 2169.98 946.845 1223.14 1971.73 1302.6
internal_count=43854 31269 12585 14489 16780 702 16078 13815 674 6606 2969 3637 5979 4013
is_linear=0
shrinkage=0.05


Tree=55
num_leaves=15
num_cat=0
split_feature=8 2 2 12 1 11 1 12 11 2 11 10 4 1
split_gain=17.8712 30.1031 29.2384 21.0038 20.8797 20.1172 12.8749 14.0482 12.2824 11.5696 10.1436 9.49871 10.6205 9.13755
threshold=0.001000000000000002 6.5000000000000009 1.5000000000000002 0.99999995833333533 -0.0029999999999999992 -8.5670119704950296e-05 0.036500000000000012 0.99999998944444479 1.7132129048746949e-09 6.5000000000000009 8.9387386381645241e-11 0.0090780995012806915 -0.099633333333333227 -0.039499999999999987
decision_type=2 2 2 2 2 2 2 2 2 2 2 2 2 2
left_child=1 3 8 4 -1 -5 7 -4 10 -8 -2 12 -3 -10
right_child=2 11 6 5 -6 -7 9 -9 13 -11 -12 -13 -14 -15
leaf_value=0.0017690934156277982 0.0075102526440742117 0.025040404046219624 0.00017440553917954686 0.0044661215910470325 0.014253403538458343 -0.0036115380812701877 0.0054678125768675666 -0.014310647294624296 0.065274737106748693 -0.0072503276269239207 -0.0097988021592363018 0.061033905984691543 0.0039520219975547107 0.013962992581384332
leaf_weight=4008.3768891245127 1210.7704433053732 133.4716307669878 518.88547237217426 965.67005743086338 365.44973076879978 3819.4787999689579 1192.9099340438843 247.09750300645828 8.7919433861970884 210.3484682738781 91.003723368048668 12.083410948514937 108.02263467013836 659.79923418164253
leaf_count=12686 3694 383 1610 2880 1074 13890 3546 806 21 644 319 29 327 1945
internal_value=0.00198236 0.000778247 0.00472026 0.000307753 0.0028122 -0.00198142 0.000715404 -0.00449831 0.00912934 0.00356136 0.00630022 0.017772 0.0156074 0.0146377
internal_weight=13552.2 9412.55 4139.61 9158.98 4373.83 4785.15 2169.24 765.983 1970.37 1403.26 1301.77 253.578 241.494 668.591
internal_count=43854 31269 12585 30530 13760 16770 6606 2416 5979 4190 4013 739 710 1966
is_linear=0
shrinkage=0.05


Tree=56
num_leaves=15
num_cat=0
split_feature=7 7 5 11 11 11 4 3 11 2 4 6 6 11
split_gain=17.4696 25.0574 24.0004 21.7615 13.75 26.2886 27.2022 22.3656 15.5011 18.7057 13.9814 6.72653 5.38719 6.17891
threshold=0.003400000000000711 0.003200000000001466 -0.0070999999999996318 4.283577086816593e-05 -0.00038109263694519052 8.4035111622693406e-05 0.0060666666666663793 -0.062199999999997146 -0.0017948533169631629 11.500000000000002 0.0043333333333333305 0.0024000000000003112 0.0036000000000000012 -4.280414215740435e-05
decision_type=2 2 2 2 2 2 2 2 2 2 2 2 2 2
left_child=1 2 11 -4 8 6 -6 -7 9 -2 -10 -1 13 -3
right_child=4 12 3 -5 5 7 -8 -9 10 -11 -12 -13 -14 -15
leaf_value=0.059202731385805091 -0.00073821674549066701 0.025250293647328954 -0.013391966080446927 0.020388258087177175 0.0019144893621788632 0.016426065217701048 -0.0055265056596102615 0.0030189617032515595 0.0044058662094353289 0.029214810266184766 0.012536376349240356 0.017184445802222167 -0.0713829592985782 -0.044623726743064716
leaf_weight=12.099017992615698 1250.3764805495739 3.8799191117286673 337.95645575225353 55.506821811199188 2892.7856525480747 336.62896567583084 2134.5304596275091 4096.137683570385 1466.9121942520142 54.390756040811539 826.77083089947701 44.766431197524071 14.452692985534666 17.143866658210758
leaf_count=33 3774 11 1656 179 9868 964 7579 12539 4361 157 2396 176 70 91
internal_value=0.00188445 -0.00742553 -0.00423831 -0.00862651 0.0022308 0.00123015 -0.00124486 0.00403711 0.00486145 0.00051041 0.00733655 0.0261245 -0.0478833 -0.0317285
internal_weight=13544.3 485.805 450.329 393.463 13058.5 9460.08 5027.32 4432.77 3598.45 1304.77 2293.68 56.8654 35.4765 21.0238
internal_count=43854 2216 2044 1835 41638 30950 17447 13503 10688 3931 6757 209 172 102
is_linear=0
shrinkage=0.05


Tree=57
num_leaves=15
num_cat=0
split_feature=8 2 2 12 12 5 1 10 2 11 10 3 11 1
split_gain=15.8509 26.4754 26.4173 17.1346 22.4824 19.7866 11.7391 15.6853 12.017 10.8413 10.7716 12.7683 9.02344 8.26463
threshold=0.001000000000000002 1.5000000000000002 5.5000000000000009 0.99999995833333533 0.15417026762760558 0.17915000000000006 0.069000000000000034 0.0053193924073435825 3.5000000000000004 1.7132129048746949e-09 0.0090780995012806915 0.09100000000000065 8.9387386381645241e-11 -0.039499999999999987
decision_type=2 2 2 2 2 2 2 2 2 2 2 2 2 2
left_child=2 9 3 4 -1 -5 7 -3 -8 12 11 -4 -2 -11
right_child=1 6 10 5 -6 -7 8 -9 -10 13 -12 -13 -14 -15
leaf_value=0.0016207205488814967 0.0070515620765411492 -0.005567957241954598 0.016322217299955193 -0.0026417661292086527 0.018474064159769838 0.012355596904053768 0.0082640459664793317 0.017664974628523553 -0.001713081880735274 0.062068571170451815 0.056281097699955054 -0.012877226839812614 -0.0092879474885604312 0.013107587860918835
leaf_weight=4076.4410812854767 1209.3605372160673 867.01866938173771 282.28600336611271 4545.6043697148561 207.97955407202244 231.10954363644123 674.33470061421394 79.292005807161331 546.3062454611063 8.733345225453375 14.647544220089911 43.163526073098183 90.842548012733459 659.02649141848087
leaf_count=12907 3694 2746 829 16064 600 697 1990 223 1647 21 36 136 319 1945
internal_value=0.00179125 0.00437119 0.000656527 0.000143036 0.00243884 -0.00191616 0.000558404 -0.00362125 0.00379871 0.0085695 0.0143373 0.0124496 0.00590995 0.0137479
internal_weight=13536.1 4134.91 9401.23 9061.13 4284.42 4776.71 2166.95 946.311 1220.64 1967.96 340.097 325.45 1300.2 667.76
internal_count=43854 12585 31269 30268 13507 16761 6606 2969 3637 5979 1001 965 4013 1966
is_linear=0
shrinkage=0.05


Tree=58
num_leaves=15
num_cat=0
split_feature=7 7 7 4 5 5 12 10 4 12 8 11 2 6
split_gain=15.5932 23.4092 28.3757 22.2951 16.9814 13.3988 12.2683 16.4201 16.3331 13.931 11.5838 13.8036 11.7495 8.97602
threshold=0.003400000000000711 0.0031333333333347342 0.0030000000000014368 -0.0022000000000004746 -0.0029999999999999406 0.0021000000000004817 0.99999999923953287 -0.00021056377397243861 0.0063333333333333497 -0.98285052559096109 -0.42849999999999994 0.0040051493479809084 15.500000000000002 0.0030000000000000109
decision_type=2 2 2 2 2 2 2 2 2 2 2 2 2 2
left_child=1 2 3 -1 -4 13 7 9 -9 -2 11 -8 -12 -3
right_child=6 5 4 -5 -6 -7 10 8 -10 -11 12 -13 -14 -15
leaf_value=-0.025754425274365333 0.0010587751710483791 0.003461212745473926 0.073990539719798715 0.00099317064849868708 0.01240370054797043 -0.058981386143773219 -0.058913628691095482 0.0024259916887118954 -0.0017865262435007791 0.0081214123513469773 0.0095642583250780313 0.022043316309438243 -0.056406418077632352 -0.043881220474567807
leaf_weight=113.91968451440334 1258.6250254511833 25.40524260699749 16.551615640521049 246.45096506178379 34.570530921220779 29.954764306545258 13.623426273465158 5400.3350347429514 4009.4238602817059 1568.108539134264 780.73305760324001 8.5822225064039213 6.8081481456756583 16.524079710245132
leaf_count=613 3788 109 48 1063 142 168 49 17495 13307 4654 2297 24 24 73
internal_value=0.00170264 -0.00711586 -0.00251694 -0.00746223 0.0323434 -0.0334419 0.00202938 0.00163495 0.000631071 0.00497672 0.00798976 -0.0276247 0.00899395 -0.0151961
internal_weight=13529.6 483.377 411.493 360.371 51.1221 71.8841 13046.2 12236.5 9409.76 2826.73 809.747 22.2056 787.541 41.9293
internal_count=43854 2216 1866 1676 190 350 41638 39244 30802 8442 2394 73 2321 182
is_linear=0
shrinkage=0.05


Tree=59
num_leaves=15
num_cat=0
split_feature=11 11 12 7 3 12 4 0 11 4 2 10 3 8
split_gain=14.8705 23.5568 26.2348 21.5743 19.976 18.5517 16.9913 15.3404 14.4562 15.9136 14.2132 11.7248 14.8536 10.8605
threshold=0.0011838638719952057 -0.00038109263694519052 0.90305064304146054 0.0030000000000014368 0.033000000000004089 -0.99999997750000047 0.0014000000000000373 0.0075000000000000006 -0.00080757183958279899 0.1130666666666668 1.5000000000000002 0.011882356222525649 -0.16389999999999724 7.694
decision_type=2 2 2 2 2 2 2 2 2 2 2 2 2 2
left_child=1 8 3 -3 11 7 -4 -6 9 -1 -10 12 -2 -7
right_child=4 2 6 -5 5 13 -8 -9 10 -11 -12 -13 -14 -15
leaf_value=0.0011308708821708231 0.033905712059312136 -0.01698875618540455 0.0011175271472049937 0.004180840773085088 -0.049056173878133422 0.0050247688677234051 -0.0049843930754335797 -0.0069968494749004934 0.014041864039954673 0.013926999234074042 0.0007872796047475411 -0.009841864178353232 0.010702944721131532 -0.033621239808774565
leaf_weight=2447.8121231198311 76.16495044529438 126.02429670095444 1767.7382521778345 2673.6605870574713 24.251439124345779 990.46418623626232 3217.1402848660946 204.43724200129509 612.89175581932068 269.74469770491123 301.8732912838459 60.996165186166763 730.67781123518944 18.519377008080482
leaf_count=7372 205 651 5834 8420 86 2951 11839 630 1763 776 915 188 2163 61
internal_value=0.00161824 0.000906189 -0.000645231 0.00322792 0.00547925 0.00140111 -0.00282053 -0.0114571 0.00423109 0.00240101 0.00966784 0.0112953 0.0128933 0.00431544
internal_weight=13522.4 11416.9 7784.56 2799.68 2105.51 1237.67 4984.88 228.689 3632.32 2717.56 914.765 867.839 806.843 1008.98
internal_count=43854 37570 26744 9071 6284 3728 17673 716 10826 8148 2678 2556 2368 3012
is_linear=0
shrinkage=0.05


Tree=60
num_leaves=15
num_cat=0
split_feature=0 6 3 10 7 3 5 11 6 7 5 6 5 11
split_gain=13.7011 18.5719 20.8569 21.064 17.6794 11.5322 17.2468 11.1137 10.6208 11.9311 15.2692 11.6729 11.278 10.3601
threshold=0.0045000000000000014 0.23830000000000076 0.0031999999999998215 0.00021418023051777982 0.0030000000000014368 -0.54459999999999742 -0.082583333333332801 -0.0032144615057716481 0.0054000000000002006 0.013333333333334653 -0.15046666666666608 0.0098000000000024439 0.22893333333333396 -4.2905334757259432e-05
decision_type=2 2 2 2 2 2 2 2 2 2 2 2 2 2
left_child=1 2 4 -4 -1 7 -7 -3 12 10 -10 -11 13 -2
right_child=8 5 3 -5 -6 6 -8 -9 9 11 -12 -13 -14 -15
leaf_value=-0.010360733687951353 -0.0049139230345318363 -0.068239885450964669 -0.010876668274552852 0.010369662333353456 0.0025646926674422958 0.062037031243993637 0.012782656530506767 0.0026111641038963091 -0.066073848832262791 0.0086411470158308992 -0.0033336317913514042 0.0020215147836860187 -0.052897339646160682 0.013377637873832341
leaf_weight=310.47828997671604 94.117654129862785 7.3942018747329739 883.05377589911222 134.41479150950909 1788.6477911770344 20.225513696670532 146.56289845705032 22.010714933276176 9.835410609841345 724.53643119335175 692.03520433604717 8238.0804665386677 7.1937903314828864 436.0850874632597
leaf_count=1527 289 29 3457 409 6230 49 433 66 43 2316 2344 25145 27 1490
internal_value=0.00153825 -0.0012555 -0.0021948 -0.00806988 0.000652914 0.0136655 0.0187555 -0.0152051 0.00244544 0.00206502 -0.00421282 0.00255664 0.00928694 0.0101307
internal_weight=13514.7 3312.79 3116.59 1017.47 2099.13 196.193 166.788 29.4049 10201.9 9664.49 701.871 8962.62 537.397 530.203
internal_count=43854 12200 11623 3866 7757 577 482 95 31654 29848 2387 27461 1806 1779
is_linear=0
shrinkage=0.05


Tree=61
num_leaves=15
num_cat=0
split_feature=7 5 11 3 5 10 10 6 6 3 7 4 7 3
split_gain=13.2366 22.0259 18.3635 23.6672 12.2519 10.2773 10.6103 9.10561 14.1876 12.2021 9.95305 8.49698 18.7997 11.7585
threshold=0.16906666666666803 -0.29148333333333259 0.0018547488535114456 0.15780000000000446 -0.10283333333333267 -0.0021044701191241795 0.0010609437943842617 0.04840000000000081 0.054600000000000183 -0.027200000000000529 0.61950000000000205 -0.19503333333333367 0.23716666666666816 -0.0067999999999971503
decision_type=2 2 2 2 2 2 2 2 2 2 2 2 2 2
left_child=1 5 3 -3 -4 -1 -7 11 9 -9 -10 12 -2 -13
right_child=7 2 4 -5 -6 6 -8 8 10 -11 -12 13 -14 -15
leaf_value=0.011152833024080365 -0.048075115764884671 0.00062191253489355747 0.036082267171838593 -0.013705134408975509 0.0073061150559363191 -0.045556876970363411 0.0077155096404561531 0.013126026788551638 0.004939851736496758 -0.039664027527779894 -0.0017634231505203974 0.022900632865888143 0.0049911030058981815 0.0071592663398232642
leaf_weight=14.67916928231716 18.338975757360458 8839.1114922463894 39.632546529173851 297.96995687484741 554.66735298931599 49.307949416339397 11.532970041036604 15.852415293455122 2157.441401168704 35.369819328188896 744.97742745280266 174.18837876617908 185.60951948165894 371.96224440634251
leaf_count=43 67 29719 106 987 1654 201 34 46 6417 121 2271 488 570 1130
internal_value=0.00146166 0.000499884 0.000708628 0.000154692 0.00922513 -0.0263985 -0.0354586 0.00400829 0.00275893 -0.0233264 0.00321929 0.00892782 0.000219408 0.0121798
internal_weight=13510.6 9806.9 9731.38 9137.08 594.3 75.5201 60.8409 3703.74 2953.64 51.2222 2902.42 750.099 203.948 546.151
internal_count=43854 32744 32466 30706 1760 278 235 11110 8855 167 8688 2255 637 1618
is_linear=0
shrinkage=0.05


Tree=62
num_leaves=15
num_cat=0
split_feature=8 2 2 11 11 7 1 12 4 11 11 10 5 1
split_gain=13.0077 23.9016 23.4149 15.8616 18.9737 14.4314 10.5288 12.2487 9.8878 9.77295 8.78755 8.13716 9.55372 7.51913
threshold=0.001000000000000002 1.5000000000000002 6.5000000000000009 -0.0037106743055559384 -0.00038109263694519052 0.052933333333334172 0.036500000000000012 0.99999999128787898 -0.011399999999999246 1.8375301280570968e-10 8.9387386381645241e-11 0.0090780995012806915 0.09288333333333372 -0.039499999999999987
decision_type=2 2 2 2 2 2 2 2 2 2 2 2 2 2
left_child=2 9 3 5 -5 -1 7 -3 -8 10 -2 12 -4 -11
right_child=1 6 11 4 -6 -7 8 -9 -10 13 -12 -13 -14 -15
leaf_value=0.024825173764273262 0.0062673483753399586 -0.00071394684848387748 0.018308056458352092 0.0044689450905063917 -0.0010224978578616264 -0.021641753763672455 0.0097509651560102849 -0.014881190754195693 0.00018012377789338222 0.058919570157886195 -0.010423746060346753 0.056268883191942093 -0.0073707393242348406 0.012006341533765631
leaf_weight=19.055077314376831 1206.4359816908836 554.05684308707714 192.78825815021992 2033.5169643163681 6945.2587815821171 135.73754432797432 365.42911799252033 210.54163463413715 1031.8767129778862 8.6524887830018979 84.371365860104561 11.658523023128508 44.600863143801689 663.8638251721859
leaf_count=53 3694 1729 570 6056 23983 438 1067 687 3123 21 299 29 140 1965
internal_value=0.0013889 0.00372889 0.000360077 -5.23771e-05 0.000221206 -0.0159216 0.000101982 -0.00461507 0.00268313 0.00772265 0.00517636 0.0154864 0.0134835 0.0126099
internal_weight=13507.8 4125.23 9382.62 9133.57 8978.78 154.793 2161.9 764.598 1397.31 1963.32 1290.81 249.048 237.389 672.516
internal_count=43854 12585 31269 30530 30039 491 6606 2416 4190 5979 3993 739 710 1986
is_linear=0
shrinkage=0.05


Tree=63
num_leaves=15
num_cat=0
split_feature=11 11 12 11 3 12 5 0 11 4 0 10 3 7
split_gain=12.2905 19.102 23.1616 18.8715 17.7626 16.5811 16.1409 13.9254 13.1431 14.3904 13.1626 10.7834 13.3286 9.72096
threshold=0.0011838638719952057 -0.00038109263694519052 0.90305064304146054 -4.2905334757259432e-05 0.033000000000004089 -0.99999997750000047 0.2972833333333339 0.0075000000000000006 -0.00080757183958279899 0.1130666666666668 0.055500000000000015 0.011882356222525649 -0.16389999999999724 0.029933333333334682
decision_type=2 2 2 2 2 2 2 2 2 2 2 2 2 2
left_child=1 8 3 -3 11 7 -4 -6 9 -1 -10 12 -2 -7
right_child=4 2 6 -5 5 13 -8 -9 10 -11 -12 -13 -14 -15
leaf_value=0.00071641165818906339 0.031888569653133712 -0.0078581239644662428 -0.0032225223368051504 0.004481113103839098 -0.047008915672879209 -0.021728392577973515 0.015143365781272459 -0.0069209753661565376 0.012468371726875351 0.012911269906240417 -0.0011339857410470658 -0.0099493961345308458 0.009793765859333968 0.0046934607028926408
leaf_weight=2443.5702958703041 75.301337704062462 354.88509142398834 4856.4475487917662 2442.5140063762665 24.230828911066055 36.106314703822136 122.65243889391422 204.43112371861935 670.54258222877979 268.49392737448215 242.04941545426846 60.965281337499619 729.57802550494671 970.72881203889847
leaf_count=7372 205 1101 17304 7970 86 120 369 630 1939 776 739 188 2163 2892
internal_value=0.00132011 0.000672485 -0.000724772 0.00291573 0.00483387 0.000985529 -0.00277011 -0.011169 0.00367022 0.0019237 0.00886058 0.0103252 0.0118609 0.00374594
internal_weight=13502.5 11401.2 7776.5 2797.4 2101.34 1235.5 4979.1 228.662 3624.66 2712.06 912.592 865.845 804.879 1006.84
internal_count=43854 37570 26744 9071 6284 3728 17673 716 10826 8148 2678 2556 2368 3012
is_linear=0
shrinkage=0.05


Tree=64
num_leaves=14
num_cat=0
split_feature=12 10 10 8 9 12 11 8 11 2 8 8 10
split_gain=12.1809 15.7895 14.8082 27.9227 15.5173 12.3925 15.3275 10.6429 12.1709 10.4917 10.1035 8.74899 8.08883
threshold=0.99999999923953287 -0.00021056377397243861 0.00021414812412245968 -0.26949999999999996 0.6625000000000002 -0.98285052559096109 -0.0015401509694312752 -0.42849999999999994 0.0040051493479809084 15.500000000000002 -1.0564999999999996 -0.072499999999999953 -0.00021330011540365843
decision_type=2 2 2 2 2 2 2 2 2 2 2 2 2
left_child=1 5 3 -3 -4 12 -7 8 10 11 -2 -9 -1
right_child=7 2 4 -5 -6 6 -8 9 -10 -11 -12 -13 -14
leaf_value=-0.0010309588717952543 -0.023203724291526329 -0.016647321257211797 0.0049390087674670647 -0.0005245857766252056 -0.009225343698395316 -0.0014276010126331672 0.009962293958457628 0.048028273335825003 0.020104467031638394 -0.053459282447443801 -0.11222289341926864 0.0080078805500232702 0.010854892819669028
leaf_weight=1115.6650986075401 8.6132180541753751 278.70597450435162 1974.521103054285 7367.4366878047585 214.34922736883163 393.73390352725983 1182.373151615262 13.905227631330488 8.4780701994895917 6.8429705351591101 5.0600232481956509 763.03806395828724 164.20959413051605
leaf_count=3383 28 925 5888 25419 658 1206 3502 36 24 24 21 2261 479
internal_value=0.0012547 0.000876172 -7.42072e-05 -0.00111227 0.00355194 0.00414895 0.00711694 0.0072153 -0.0269628 0.00818124 -0.0561468 0.00872414 0.000494011
internal_weight=13496.9 12691 9835.01 7646.14 2188.87 2855.98 1576.11 805.938 22.1513 783.786 13.6732 776.943 1279.87
internal_count=43854 41460 32890 26344 6546 8570 4708 2394 73 2321 49 2297 3862
is_linear=0
shrinkage=0.05


Tree=65
num_leaves=15
num_cat=0
split_feature=7 7 5 11 5 7 1 5 5 11 6 6 6 11
split_gain=11.3705 22.5965 21.0628 18.3668 10.7722 18.93 13.4321 13.1138 18.4152 10.0735 8.85686 5.82254 4.91546 5.62587
threshold=0.003400000000000711 0.003200000000001466 -0.0070999999999996318 4.283577086816593e-05 -0.32338333333333286 0.067266666666667599 0.020499999999999963 -0.11249999999999945 -0.063616666666666141 8.4035111622693406e-05 2.214600000000003 0.0024000000000003112 0.0036000000000000012 -4.280414215740435e-05
decision_type=2 2 2 2 2 2 2 2 2 2 2 2 2 2
left_child=1 2 11 -4 5 9 -7 10 -9 -2 -6 -1 13 -3
right_child=4 12 3 -5 7 6 -8 8 -10 -11 -12 -13 -14 -15
leaf_value=0.055799827924359308 -0.058910119345708348 0.024242994329919342 -0.011992686174468088 0.019062239823591849 0.0067977993327990151 -0.0092194619413794986 0.013540684469418231 -0.0054961283567678126 0.001837104399604648 0.016023619620976991 0.05560928306327198 0.016726856074398281 -0.068553432208367654 -0.042675868023175842
leaf_weight=12.115640267729757 24.315233275294307 3.8801230788230887 331.71833074092865 55.590412512421608 974.28089702129364 261.31766347587109 86.209086269140244 930.39576356112957 10720.978861272335 5.4993914365768424 9.3829251676797849 44.754766330122948 13.827351465821264 16.482052773237232
leaf_count=33 111 11 1656 179 2929 842 248 2934 34532 18 24 176 70 91
internal_value=0.00119263 -0.00637812 -0.00336319 -0.00753537 0.00147095 -0.00685366 -0.00357348 0.00171956 0.00125152 -0.0450884 0.0072634 0.0250509 -0.0455471 -0.0299241
internal_weight=13490.7 478.369 444.179 387.309 13012.4 377.341 347.527 12635 11651.4 29.8146 983.664 56.8704 34.1895 20.3622
internal_count=43854 2216 2044 1835 41638 1219 1090 40419 37466 129 2953 209 172 102
is_linear=0
shrinkage=0.05


Tree=66
num_leaves=15
num_cat=0
split_feature=0 3 11 5 7 5 4 4 6 5 7 5 6 11
split_gain=11.0071 16.5276 23.206 17.5212 17.0866 23.2642 15.5809 11.4537 10.1373 10.39 10.0353 13.1945 11.6563 9.23408
threshold=0.0045000000000000014 0.0031999999999998215 0.0011041005535161743 -0.054149999999999698 0.0030000000000014368 -0.007699999999999361 0.0017333333333328608 -0.0065333333333325522 0.0054000000000002006 0.26021666666666671 0.013333333333334653 -0.15046666666666608 0.025000000000003533 -4.2905334757259432e-05
decision_type=2 2 2 2 2 2 2 2 2 2 2 2 2 2
left_child=1 4 3 -3 5 -1 -4 -6 9 13 11 -10 -12 -2
right_child=8 2 6 -5 7 -7 -8 -9 10 -11 12 -13 -14 -15
leaf_value=0.028233795508248883 -0.004797289964854989 -0.032683248772231388 0.028452181742855211 -0.0079391026741307911 -0.0022174849809448514 -0.014771804157405994 -0.00034858884721356009 0.0058450811094259425 -0.062668956897702299 -0.05527871572497664 0.0051288921299744205 -0.0033830288104609793 0.0009758124774699458 0.012445927170862226
leaf_weight=35.553056716918945 94.410373106598854 78.739162348210812 64.345239460468292 782.6498186737299 694.7808965742588 272.28105072677135 173.79982954263687 1203.5318001508713 9.5140757560729963 6.2858081907033911 2261.2281188964844 691.11857505142689 6682.2882688045502 437.14752900600433
leaf_count=134 290 311 182 3085 2255 1393 545 4295 43 24 7098 2344 20363 1492
internal_value=0.00113313 -0.0013737 -0.00638162 -0.010201 0.00112222 -0.00980491 0.00743319 0.00289419 0.00194699 0.00862764 0.00157442 -0.00418809 0.00202585 0.00938335
internal_weight=13487.7 3305.68 1099.53 861.389 2206.15 307.834 238.145 1898.31 10182 537.844 9644.15 700.633 8943.52 531.558
internal_count=43854 12200 4123 3396 8077 1527 727 6550 31654 1806 29848 2387 27461 1782
is_linear=0
shrinkage=0.05


Tree=67
num_leaves=15
num_cat=0
split_feature=12 10 10 8 9 12 11 2 9 8 3 9 2 10
split_gain=10.9279 14.3148 13.1589 25.9611 14.6336 11.1643 14.7487 10.2983 11.9862 18.0002 11.1866 13.2535 8.57225 7.23549
threshold=0.99999999895285108 -0.00021056377397243861 0.00021414812412245968 -0.26949999999999996 0.6625000000000002 -0.98285052559096109 -0.0015401509694312752 1.5000000000000002 0.090499999999999997 0.15250000000000005 0.13460000000000041 0.16850000000000007 15.500000000000002 -0.00021330011540365843
decision_type=2 2 2 2 2 2 2 2 2 2 2 2 2 2
left_child=1 5 3 -3 -4 13 -7 10 9 -9 11 -2 -10 -1
right_child=7 2 4 -5 -6 6 -8 8 12 -11 -12 -13 -14 -15
leaf_value=-0.0010805250316364245 0.0053697227125437397 -0.016298083353622407 0.0046077275859495257 -0.00063380364586445399 -0.0091896327157224289 -0.0017774127461139934 0.0094878014690142117 -0.066237960769974985 0.00542989863088599 0.0013856844308052952 -0.0033779494522287812 0.03217974914879209 -0.050734878718204625 0.010165919460679525
leaf_weight=1115.3292639404535 79.153774306178093 274.45070499181747 1931.4902324974537 7303.2110098302364 213.40983660519123 387.36176809668541 1162.4855069667101 15.180809423327444 630.98457977175713 27.974117860198021 62.716704860329628 110.3806032538414 6.8676460832357398 164.04896333813667
leaf_count=3383 239 913 5765 25231 655 1188 3455 56 1884 85 193 304 24 479
internal_value=0.00107649 0.000688372 -0.000222493 -0.00120114 0.00323494 0.00381854 0.00667223 0.0062964 0.00309978 -0.0224026 0.0149264 0.0209833 0.00482518 0.000361556
internal_weight=13485 12551.8 9722.56 7577.66 2144.9 2829.23 1549.85 933.258 681.007 43.1549 252.251 189.534 637.852 1279.38
internal_count=43854 41069 32564 26144 6420 8505 4643 2785 2049 141 736 543 1908 3862
is_linear=0
shrinkage=0.05


Tree=68
num_leaves=15
num_cat=0
split_feature=7 5 5 3 10 10 6 6 3 7 5 3 4 9
split_gain=10.7648 18.4351 16.3655 14.6967 9.23813 9.09819 8.26268 12.9672 10.9099 9.14501 7.83115 22.0274 13.383 6.60657
threshold=0.16906666666666803 -0.29148333333333259 -0.24713333333333284 0.15780000000000446 -0.0021044701191241795 0.0010609437943842617 0.04840000000000081 0.054600000000000183 -0.027200000000000529 0.61950000000000205 -0.22888333333333277 0.024900000000002292 -0.3634 -0.015999999999999973
decision_type=2 2 2 2 2 2 2 2 2 2 2 2 2 2
left_child=1 4 -3 -4 13 -6 10 8 -8 -9 11 -2 -12 -1
right_child=6 2 3 -5 5 -7 7 9 -10 -11 12 -13 -14 -15
leaf_value=0.040642153360000849 -0.017079910946835364 0.036113481430649054 0.00063573001877735786 -0.009077266768158742 -0.042847892112798443 0.0066055158062232004 0.011798961011251092 0.0042262611189773196 -0.038222268079104414 -0.0022098634905138598 0.044995684188338644 0.060573778287542096 0.0083609974234396308 -0.027029751187949626
leaf_weight=8.2250025272369367 69.052308112382889 31.875437334179878 9275.3987187445164 406.52099379897118 48.335028648376465 11.516343951225279 15.749375611543654 2148.8983933329582 35.406329944729805 742.66365675628185 25.935781121253967 10.524096354842184 642.39789314568043 6.4230961650609961
leaf_count=22 236 90 31059 1317 201 34 46 6417 121 2271 67 26 1926 21
internal_value=0.00102328 0.000155632 0.000345661 0.000227904 -0.0246219 -0.0333323 0.00332445 0.00213175 -0.0228222 0.00257322 0.00801722 -0.0068101 0.00978267 0.0109685
internal_weight=13478.9 9788.29 9713.8 9681.92 74.4995 59.8514 3690.63 2942.72 51.1557 2891.56 747.91 79.5764 668.334 14.6481
internal_count=43854 32744 32466 32376 278 235 11110 8855 167 8688 2255 262 1993 43
is_linear=0
shrinkage=0.05


Tree=69
num_leaves=15
num_cat=0
split_feature=11 11 4 4 5 3 1 0 3 3 2 9 10 3
split_gain=10.2058 16.5656 20.9162 29.0688 16.4474 15.3611 14.7686 21.0328 16.254 12.1347 14.3874 13.715 10.3652 11.0126
threshold=0.0011998603941720811 -0.00038109263694519052 -0.034466666666666985 -0.035866666666666568 -0.063616666666666141 0.033000000000004089 0.0050000000000000036 0.0075000000000000006 0.073000000000003284 -0.024799999999999819 6.5000000000000009 0.39950000000000008 -0.0078720147511257537 0.016000000000002911
decision_type=2 2 2 2 2 2 2 2 2 2 2 2 2 2
left_child=1 9 3 -3 -4 12 8 -8 -7 10 -1 -11 -2 -14
right_child=5 2 4 -5 -6 6 7 -9 -10 11 -12 -13 13 -15
leaf_value=-0.0011089601403390045 0.054298396801320939 0.0033358973690491818 -0.012498457775114234 0.051286193382655623 -0.0015465727283526813 -0.025064403720744824 0.040072297825001185 0.0030017408489719892 -0.0017076266728591719 0.0073911338478672628 0.01379086404586667 -0.0092762398914414887 0.0060532163721065402 0.021169168984729644
leaf_weight=1662.1845612376928 12.671098351478575 1488.5575153678656 363.88290977478027 32.292813524603844 5920.8298381268978 92.629452228546143 40.466616958379745 702.65951167047024 380.27485617995262 1640.7814857810736 179.51418705284595 133.46453613042831 680.19627101719379 146.43154779076576
leaf_count=5023 33 4630 1269 90 20881 307 108 2099 1163 4847 541 415 2032 416
internal_value=0.000972289 0.000388603 -0.000907445 0.00435404 -0.00218068 0.00421585 0.000624756 0.0050204 -0.0062826 0.00318632 0.000343357 0.00613736 0.00941885 0.00873091
internal_weight=13476.8 11421.5 7805.56 1520.85 6284.71 2055.33 1216.03 743.126 472.904 3615.94 1841.7 1774.25 839.299 826.628
internal_count=43854 37696 26870 4720 22150 6158 3677 2207 1470 10826 5564 5262 2481 2448
is_linear=0
shrinkage=0.05


Tree=70
num_leaves=15
num_cat=0
split_feature=4 5 3 11 7 4 5 12 11 4 7 7 12 1
split_gain=10.1445 21.1576 20.835 17.2791 17.1943 16.2856 21.8031 22.7842 19.1329 16.6731 20.6764 18.5018 12.7915 8.42468
threshold=0.12913333333333313 0.09288333333333372 -0.4136999999999969 0.0032145034382180531 0.14646666666666874 0.0017333333333328608 -0.021666666666666171 0.99999999258241778 -0.00038109263694519052 -0.0060000000000001137 0.0030000000000014368 0.03380000000000135 -0.99999999985683585 0.023000000000000007
decision_type=2 2 2 2 2 2 2 2 2 2 2 2 2 2
left_child=5 4 -3 -4 13 9 7 -7 -8 11 -11 -1 -6 -2
right_child=1 2 3 -5 12 6 8 -9 -10 10 -12 -13 -14 -15
leaf_value=-0.0065776364512342049 0.0618243944208327 0.051226790783990145 -0.0027878617363264104 0.013715355569215866 -0.066432227873016045 -0.014150435552925639 0.0067030523801789275 0.006805570250160816 -0.0017736814283361845 -0.0091215698262817023 0.0091764616822403704 0.0020122947314725206 0.012380261001975222 0.011249880606931618
leaf_weight=730.73075062036514 26.828611448407173 20.410369649529457 868.36670213937759 194.05044965445995 5.2235838919877997 583.92938843369484 803.98443965613842 166.74287314713001 3869.5900766998529 176.22571961581707 1245.7038108557463 4410.2684439867735 357.67901605367661 11.880902573466299
leaf_count=2383 75 52 2683 558 19 2056 2383 507 13674 836 4000 13537 1056 35
internal_value=0.000924109 0.00482311 0.00118776 0.00022645 0.0146247 0.000441274 -0.00158591 -0.00949559 -0.000315448 0.00211673 0.00690871 0.00079134 0.0112458 0.0463018
internal_weight=13471.6 1484.44 1082.83 1062.42 401.612 11987.2 5424.25 750.672 4673.57 6562.93 1421.93 5141 362.903 38.7095
internal_count=43854 4478 3293 3241 1185 39376 18620 2563 16057 20756 4836 15920 1075 110
is_linear=0
shrinkage=0.05


Tree=71
num_leaves=15
num_cat=0
split_feature=12 10 10 8 9 2 11 2 9 8 3 9 2 4
split_gain=9.81549 12.046 11.1805 23.5264 13.3736 10.4011 12.4009 9.34482 10.9471 16.0024 10.062 12.1846 7.86495 6.778
threshold=0.99999999895285108 -0.00021056377397243861 0.00021414812412245968 -0.26949999999999996 0.6625000000000002 19.500000000000004 -0.0022843555278428958 1.5000000000000002 0.090499999999999997 0.15250000000000005 0.13460000000000041 0.16850000000000007 15.500000000000002 0.090966666666667015
decision_type=2 2 2 2 2 2 2 2 2 2 2 2 2 2
left_child=1 5 3 -3 -4 6 -1 10 9 -9 11 -2 -10 -12
right_child=7 2 4 -5 -6 -7 -8 8 12 -11 13 -13 -14 -15
leaf_value=-0.0039663806868528396 0.004888317023416083 -0.015608561559662105 0.0041785731422452014 -0.00068701858745210613 -0.0090096183974283789 0.036898893607771287 0.0046761195816316858 -0.062654296793133543 0.005022621998260559 0.0009689008417063244 -0.023922446529141817 0.030667634346407249 -0.048731922433102766 0.009816492284298723
leaf_weight=506.84346356987953 78.940951019525528 274.0803959518671 1928.7792474776506 7298.5057990327477 213.50755675137043 22.964166536927223 2292.1719931662083 15.30372369289398 629.52973207831383 27.90235011279583 24.318597376346588 109.30044497549534 6.8790046274662009 38.378354638814926
leaf_count=1558 239 913 5765 25231 655 67 6880 56 1884 85 80 304 24 113
internal_value=0.000878188 0.000510431 -0.000324892 -0.00122709 0.00286419 0.00338609 0.00311114 0.00583278 0.00278813 -0.0215666 0.0140786 0.0198568 0.00444158 -0.00327001
internal_weight=13467.4 12536.9 9714.87 7572.59 2142.29 2821.98 2799.02 930.553 679.615 43.2061 250.938 188.241 636.409 62.697
internal_count=43854 41069 32564 26144 6420 8505 8438 2785 2049 141 736 543 1908 193
is_linear=0
shrinkage=0.05


Tree=72
num_leaves=15
num_cat=0
split_feature=11 11 6 4 0 11 3 12 5 4 10 3 9 8
split_gain=9.324 22.1387 29.454 33.0543 22.6647 19.3037 15.7523 14.1284 13.8485 12.4697 11.7569 11.2769 10.9139 10.6755
threshold=8.4035111622693406e-05 -4.2077447782729032e-05 0.016000000000000805 0.0017333333333328608 0.014500000000000002 0.0001267875914057193 -0.13580000000000078 -0.99999999801960771 0.00051666666666703423 -0.030833333333333119 0.0025259674765631961 0.094400000000001413 -0.80299999999999994 -1.0000000180025095e-35
decision_type=2 2 2 2 2 2 2 2 2 2 2 2 2 2
left_child=1 7 3 -3 -4 8 13 12 9 -2 -8 -10 -1 -7
right_child=5 2 4 -5 -6 6 10 -9 11 -11 -12 -13 -14 -15
leaf_value=0.0054746755833605396 0.025821339070874527 0.0071565752875578786 -0.014576958119547512 -0.0043474478749548065 -0.0026935334338205187 0.028068927066943829 -0.00042046246594766286 0.003225513032510004 0.040414617477389586 -0.016084405502099646 0.0053406381403728574 0.00056193473363750702 -0.0094815672680303442 0.004609364879742615
leaf_weight=173.16555058956146 31.789081871509552 1094.0970720946789 728.09423185884953 1454.4985494762659 893.80850966274738 93.942618429660797 2824.6569448113441 4225.1378646939993 76.700617581605911 40.2027607858181 1290.0040068179369 23.095571100711823 412.62665367126465 100.23840492963791
leaf_count=514 89 4035 2683 6091 2819 260 8858 12690 217 135 3814 71 1279 299
internal_value=0.000834741 -9.46793e-05 -0.00276089 0.000591161 -0.00802816 0.00269777 0.00204247 0.0022166 0.0191341 0.00241971 0.00138572 0.0311916 -0.00506036 0.0159588
internal_weight=13462.1 8981.43 4170.5 2548.6 1621.9 4480.63 4308.84 4810.93 171.788 71.9918 4114.66 99.7962 585.792 194.181
internal_count=43854 30111 15628 10126 5502 13743 13231 14483 512 224 12672 288 1793 559
is_linear=0
shrinkage=0.05


Tree=73
num_leaves=15
num_cat=0
split_feature=4 5 3 4 7 4 5 11 5 4 7 7 12 1
split_gain=9.21783 18.9872 18.9546 16.9918 15.5068 13.5879 19.7902 20.3074 18.4205 14.731 18.9553 16.5991 11.4728 7.61891
threshold=0.12913333333333313 0.09288333333333372 -0.4136999999999969 0.13526666666666742 0.14646666666666874 0.0017333333333328608 -0.021666666666666171 0.000171397643332627 0.0027666666666669609 -0.0060000000000001137 0.0030000000000014368 0.03380000000000135 -0.99999999985683585 0.023000000000000007
decision_type=2 2 2 2 2 2 2 2 2 2 2 2 2 2
left_child=5 4 -3 -4 13 9 7 -7 -8 11 -11 -1 -6 -2
right_child=1 2 3 -5 12 6 8 -9 -10 10 -12 -13 -14 -15
leaf_value=-0.0063645013262512463 0.058555291547396554 0.049129883906459323 -0.054674636387897574 0.00088588332784064923 -0.062637620877055974 -0.015320361071829129 0.006215566149033235 0.0017696519051096022 -0.0018222731908271051 -0.0089929254536758475 0.0085351754647490508 0.0017737621528529158 0.011671704793385931 0.010446205343860595
leaf_weight=730.44043307006359 26.934308379888535 20.131886765360832 13.944118127226828 1047.1829083412886 5.2709950208663932 474.88522071391344 878.02783109247684 274.1852793097496 3787.6637848168612 176.02382229268551 1246.4396716207266 4405.522607460618 356.71007250249386 11.850402921438215
leaf_count=2383 75 52 52 3189 19 1714 3001 849 13056 836 4000 13537 1056 35
internal_value=0.000793351 0.00451312 0.00106762 0.000155771 0.013809 0.000332923 -0.00152083 -0.00906484 -0.000309647 0.00186342 0.00636615 0.000616332 0.0105896 0.0438559
internal_weight=13455.2 1482.02 1081.26 1061.13 400.766 11973.2 5414.76 749.071 4665.69 6558.43 1422.46 5135.96 361.981 38.7847
internal_count=43854 4478 3293 3241 1185 39376 18620 2563 16057 20756 4836 15920 1075 110
is_linear=0
shrinkage=0.05


Tree=74
num_leaves=15
num_cat=0
split_feature=0 7 5 7 10 6 1 7 7 11 5 0 5 0
split_gain=9.13187 22.9686 23.8934 22.9285 13.6736 11.7686 11.4061 9.89007 15.9543 11.4195 8.10821 8.09296 5.04392 3.15621
threshold=0.0035000000000000005 0.23226666666666759 -0.15046666666666608 0.027100000000001456 -0.00063274920265587997 0.0028000000000007017 1.0000000180025095e-35 0.0031333333333347342 0.003400000000000711 -4.2767372466778746e-05 -0.32338333333333286 0.0055000000000000005 -0.00029999999999981729 0.0065000000000000014
decision_type=2 2 2 2 2 2 2 2 2 2 2 2 2 2
left_child=1 2 3 -1 -4 -3 -7 9 13 12 -10 -11 -2 -9
right_child=7 5 4 -5 -6 6 -8 8 10 11 -12 -13 -14 -15
leaf_value=0.098846159394194014 -0.042365813285223132 -0.046013150430555427 0.010322405070854968 0.004998345542167654 -0.0051039272707560151 0.0417753399234711 0.01084188395680946 -0.035907998755651871 -0.0060849298934640174 0.080762287922683348 0.0015564413115286453 0.025030871657768107 0.015674250713008112 -0.087993376262405679
leaf_weight=11.017118617892267 7.858860656619072 7.1411482542753211 154.79051727056503 15.902767822146414 1995.3906258940697 41.814711630344391 103.7155494838953 7.7789363339543325 358.79869186133146 8.1858809590339643 10696.774974137545 31.893662855029106 7.1479513943195325 4.6454815566539764
leaf_count=26 27 26 452 52 7771 112 315 39 1158 24 33711 100 21 20
internal_value=0.000753799 -0.00209262 -0.0034073 0.0434061 -0.00399339 0.0166548 0.0197299 0.00134999 0.00124481 0.0224834 0.00130845 0.0364135 -0.0147205 -0.0553827
internal_weight=13452.9 2329.77 2177.1 26.9199 2150.18 152.671 145.53 11123.1 11068 55.0864 11055.6 40.0795 15.0068 12.4244
internal_count=43854 8754 8301 78 8223 453 427 35100 34928 172 34869 124 48 59
is_linear=0
shrinkage=0.05


Tree=75
num_leaves=15
num_cat=0
split_feature=12 3 7 5 4 7 11 2 2 9 8 3 7 4
split_gain=8.51218 10.8672 18.764 27.5489 15.5557 26.9521 15.0827 14.0892 8.61311 9.89829 14.2237 9.14731 11.2824 7.53246
threshold=0.99999999895285108 0.011800000000002659 0.018533333333333752 -0.0029999999999999406 0.072499999999999842 0.10806666666666728 -0.0032144615057716481 10.500000000000002 1.5000000000000002 0.090499999999999997 0.15250000000000005 0.13460000000000041 0.064066666666667632 1.1417666666666679
decision_type=2 2 2 2 2 2 2 2 2 2 2 2 2 2
left_child=1 4 3 -3 7 -6 -4 -1 11 10 -10 12 -2 -11
right_child=8 2 6 -5 5 -7 -8 -9 9 13 -12 -13 -14 -15
leaf_value=0.00043337952940963946 0.0025326582976440354 -0.048403731896109428 -0.03216046346429146 -0.0069281816684309133 0.031187861418053658 0.004289887328237812 -0.00060694383416552103 0.020594644180353568 -0.059285581092136747 0.0033347303660126214 0.00059654103106119205 -0.0032556911048927484 0.028078133126712135 0.049215030556390045
leaf_weight=8261.9011465162039 67.807232826948166 50.021493792533875 38.339375257492065 200.57805188000202 108.31039668619633 664.52237983047962 3110.2435079365969 87.572973430156708 15.402524694800375 625.68906873464584 27.841377973556519 62.670359298586845 119.21517392992973 9.0756720155477506
leaf_count=27589 207 201 127 713 348 2049 9777 265 56 1885 85 193 336 23
internal_value=0.000716237 0.000373849 -0.0020392 -0.015207 0.00127301 0.00805956 -0.000991162 0.00064484 0.00533756 0.00241387 -0.0207322 0.0132765 0.0188163 0.00399071
internal_weight=13449.2 12521.5 3399.18 250.6 9122.31 772.833 3148.58 8349.47 927.701 678.009 43.2439 249.693 187.022 634.765
internal_count=43854 41069 10818 914 30251 2397 9904 27854 2785 2049 141 736 543 1908
is_linear=0
shrinkage=0.05


Tree=76
num_leaves=15
num_cat=0
split_feature=0 7 5 7 3 6 5 7 7 11 5 0 5 0
split_gain=8.17173 20.73 21.5325 20.4456 12.5331 10.6614 11.2256 8.89023 14.6149 10.2401 7.4009 7.24581 4.5322 2.90445
threshold=0.0035000000000000005 0.23226666666666759 -0.15046666666666608 0.027100000000001456 0.28720000000000151 0.0028000000000007017 -0.32338333333333286 0.0031333333333347342 0.003400000000000711 -4.2767372466778746e-05 -0.32338333333333286 0.0075000000000000006 -0.00029999999999981729 0.0065000000000000014
decision_type=2 2 2 2 2 2 2 2 2 2 2 2 2 2
left_child=1 2 3 -1 -4 -3 -7 9 13 12 -10 -11 -2 -9
right_child=7 5 4 -5 -6 6 -8 8 10 11 -12 -13 -14 -15
leaf_value=0.093109717798936814 -0.040091563849928603 -0.043902511481462431 -0.0041807030873354653 0.0047325269866452212 0.036803370886700458 -0.029014228687872269 0.022782874353996743 -0.034659646539096277 -0.0058589530549327806 0.059033570923221118 0.0014419008458311379 0.016145535340449477 0.014875985911853211 -0.085019166955250358
leaf_weight=11.117744579911234 7.892765685915947 7.1256959140300742 2128.6729152500629 15.908446595072745 18.818764820694923 11.346051037311552 133.96573157608509 7.6639567092061025 358.76364617049694 17.12843681871891 10693.633849963546 23.169910877943039 7.1446177214384061 4.5706446915864944
leaf_count=26 27 26 8170 52 53 43 384 39 1158 56 33711 68 21 20
internal_value=0.00068059 -0.00201388 -0.00326339 0.0410882 -0.00382155 0.0158104 0.0187385 0.00124443 0.00114445 0.0212357 0.00120491 0.0343747 -0.0139752 -0.0534731
internal_weight=13446.9 2326.96 2174.52 27.0262 2147.49 152.437 145.312 11120 11064.6 55.3357 11052.4 40.2983 15.0374 12.2346
internal_count=43854 8754 8301 78 8223 453 427 35100 34928 172 34869 124 48 59
is_linear=0
shrinkage=0.05


Tree=77
num_leaves=15
num_cat=0
split_feature=8 2 2 0 11 11 12 10 3 3 3 9 10 6
split_gain=7.98181 21.3566 17.5287 17.0298 13.8735 9.22954 10.664 9.15624 10.7348 8.20743 8.07014 8.33315 7.47665 4.95218
threshold=0.001000000000000002 1.5000000000000002 5.5000000000000009 3.3885000000000005 -0.0037106743055559384 -0.0063259627913347929 -0.99999999682459662 0.0090780995012806915 0.09100000000000065 -1.4223999999999954 -0.0036000000000007103 -0.12049999999999998 -0.010946723351834551 0.7889000000000006
decision_type=2 2 2 2 2 2 2 2 2 2 2 2 2 2
left_child=2 10 3 4 -1 13 -7 8 -4 -5 11 -2 -12 -3
right_child=1 5 7 9 -6 6 -8 -9 -10 -11 12 -13 -14 -15
leaf_value=-0.016122811834241923 0.01748100948537034 0.042239768909015943 0.013021576640067423 -0.011445445980139727 -0.00022201957975473489 -0.024805398323064665 -0.00080565902422404195 0.050757756969421669 -0.013888933179116523 -0.07281207403857469 -0.030798012393520327 0.0014633833343107999 0.0098717398341176023 0.00019843852007136897
leaf_weight=139.33892473578453 89.654365420341492 18.824515700340275 274.59366530179977 10.091265141963961 8850.2305848374963 47.342907056212425 2072.4599040746689 13.96450239419937 42.8404780626297 11.842904508113859 11.431258544325827 861.02248424291611 989.15463280677795 11.155619308352469
leaf_count=443 257 49 829 32 29749 154 6369 36 136 44 38 2636 3048 34
internal_value=0.000646637 0.00248551 -0.000160531 -0.000575849 -0.000468483 -0.000952049 -0.00134166 0.0111329 0.00938977 -0.0445791 0.0062728 0.00297394 0.00940711 0.0265962
internal_weight=13443.9 4101.05 9342.9 9011.5 8989.57 2149.78 2119.8 331.399 317.434 21.9342 1951.26 950.677 1000.59 29.9801
internal_count=43854 12585 31269 30268 30192 6606 6523 1001 965 76 5979 2893 3086 83
is_linear=0
shrinkage=0.05


Tree=78
num_leaves=13
num_cat=0
split_feature=11 8 3 1 0 9 10 11 12 5 3 7
split_gain=7.73869 13.3804 12.2243 11.9618 18.8697 15.0041 11.7415 11.5371 16.7374 12.5318 11.4067 5.88859
threshold=0.0012641361935139541 11.047000000000002 0.033000000000004089 0.0050000000000000036 0.0075000000000000006 -0.0015000000000000046 -0.00063274920265587997 -0.00038109263694519052 0.95181797651009381 -0.35349999999999931 0.010400000000003367 0.56850000000000123
decision_type=2 2 2 2 2 2 2 2 2 2 2 2
left_child=1 7 6 5 -5 -4 11 9 -9 -1 -8 -2
right_child=2 -3 3 4 -6 -7 10 8 -10 -11 -12 -13
leaf_value=-0.012220345996757174 0.034853360735619239 0.048708587488849278 0.0027498884584011975 0.037863349469798781 0.0023505036404774301 -0.015379798519933355 0.0027001013076462218 0.0020277964362596093 -0.0027619921146022175 0.0030014469563997789 0.016965188430478582 -0.0052461102254425605
leaf_weight=140.72454582154751 56.246763184666634 14.150487437844275 235.36847631633282 39.580594092607498 680.65040272474289 221.53721638023853 530.14966847002506 2872.1455244570971 4997.1838188916445 3453.05326628685 190.48844665288925 10.935281082987784
leaf_count=453 153 37 707 106 2041 713 1600 9329 17783 10348 549 35
internal_value=0.000614509 0.000118116 0.00351393 0.000287617 0.00430213 -0.00604055 0.00833458 5.81341e-05 -0.00101382 0.00240539 0.00647083 0.0283263
internal_weight=13442.2 11477.3 1964.96 1177.14 720.231 456.906 787.82 11463.1 7869.33 3593.78 720.638 67.182
internal_count=43854 37950 5904 3567 2147 1420 2337 37913 27112 10801 2149 188
is_linear=0
shrinkage=0.05


Tree=79
num_leaves=15
num_cat=0
split_feature=12 3 7 5 7 4 7 2 8 11 2 9 11 0
split_gain=7.50006 10.062 16.9114 25.3127 14.8381 13.5793 24.5844 12.34 7.53165 10.4146 7.68969 14.1834 10.728 5.44009
threshold=0.99999999895285108 0.011800000000002659 0.018533333333333752 -0.0029999999999999406 0.020933333333334529 0.072499999999999842 0.10806666666666728 12.500000000000002 -0.51749999999999996 0.0033662158565195281 6.5000000000000009 2.2120000000000002 0.002570381030100322 0.28150000000000008
decision_type=2 2 2 2 2 2 2 2 2 2 2 2 2 2
left_child=1 5 3 -3 -4 7 -7 -1 9 13 11 -10 -12 -2
right_child=8 2 4 -5 -6 6 -8 -9 10 -11 12 -13 -14 -15
leaf_value=0.00038553718512671976 -0.026230396853885424 -0.046574098869920824 0.022260476606793825 -0.0066633591287777452 -0.0015712136235502294 0.029517271598912653 0.0038615700122419192 0.024289767006950295 0.0054718148522204003 0.012042088841590966 -0.026005301596221161 0.03322852885715083 0.010780983070403496 -0.091127899178336649
leaf_weight=8287.9180681109428 8.1225327402353305 49.56178230047226 66.729312539100647 200.23124322295189 3080.3925642967224 108.66445580124855 663.63782140612602 54.343205735087395 771.12288722395897 11.975038662552832 43.200013741850853 48.945143282413483 36.619745865464211 5.3601143509149543
leaf_count=27688 27 201 209 713 9695 348 2049 166 2321 35 141 133 107 21
internal_value=0.000584088 0.000262831 -0.00205982 -0.0145821 -0.0010659 0.00112846 0.00747138 0.000541254 0.00492775 -0.0218916 0.00568647 0.00712845 -0.00912847 -0.0520308
internal_weight=13436.8 12511.5 3396.91 249.793 3147.12 9114.56 772.302 8342.26 925.345 25.4577 899.888 820.068 79.8198 13.4826
internal_count=43854 41069 10818 914 9904 30251 2397 27854 2785 83 2702 2454 248 48
is_linear=0
shrinkage=0.05


Tree=80
num_leaves=15
num_cat=0
split_feature=11 11 11 6 4 7 9 1 3 12 5 4 7 3
split_gain=7.5712 17.7738 17.4822 27.6077 29.1561 21.1461 14.7659 17.0395 12.7054 12.5525 12.4345 11.1375 10.7121 10.2109
threshold=8.4035111622693406e-05 0.0001267875914057193 -4.2077447782729032e-05 0.016000000000000805 0.0017333333333328608 0.033066666666667389 -0.0015000000000000046 -0.21749999999999994 -0.039999999999994658 -0.99999999801960771 0.00051666666666703423 -0.030833333333333119 1.1453333333333344 0.094400000000001413
decision_type=2 2 2 2 2 2 2 2 2 2 2 2 2 2
left_child=2 10 9 4 -4 -5 8 -8 -3 -1 11 -2 -11 -12
right_child=1 6 3 5 -6 -7 7 -9 -10 12 13 -13 -14 -15
leaf_value=-0.0050894675466489903 0.024311338971617857 0.017366160839764395 0.0067480608636813766 -0.018510845387134971 -0.0040593284092664819 -0.0047216883461565426 -0.073963755984714483 -2.8824398512750855e-05 0.0039201056694611073 0.0031389847943514796 0.038205612387555071 -0.015337076379065695 -0.012668363191833537 0.00026026984327558921
leaf_weight=585.05914309620857 31.695071548223495 213.86297960579395 1095.5470366179943 356.63799664378166 1450.0721434056759 1261.4538930952549 7.8125492185354224 3094.6223479509354 984.2033553570509 4104.0711555033922 76.710290685296059 40.149111121892929 110.05011391639709 23.058322742581367
leaf_count=1793 89 614 4035 1328 6091 4174 29 9615 2973 12335 217 135 355 71
internal_value=0.000554977 0.00223533 -0.000283451 -0.00265421 0.000591801 -0.00776091 0.00160565 -0.000215007 0.00632032 0.00177339 0.0180147 0.00215438 0.00272618 0.0294358
internal_weight=13435 4472.11 8962.89 4163.71 2545.62 1618.09 4300.5 3102.43 1198.07 4799.18 171.613 71.8442 4214.12 99.7686
internal_count=43854 13743 30111 15628 10126 5502 13231 9644 3587 14483 512 224 12690 288
is_linear=0
shrinkage=0.05


Tree=81
num_leaves=15
num_cat=0
split_feature=7 5 5 3 4 7 7 6 7 0 1 6 10 11
split_gain=7.54989 13.6002 18.8414 17.0902 17.188 14.3509 11.1338 26.4979 25.1858 26.1178 17.1363 14.6593 10.8313 10.2506
threshold=0.004800000000000579 0.019500000000000201 0.0092666666666669888 0.0024000000000000015 0.0014000000000000373 0.0031333333333347342 0.0067666666666674228 0.0054000000000002006 0.0078666666666673199 0.0035000000000000005 0.0050000000000000036 0.01140000000000071 -0.0010723860874750633 -0.0025697385074285868
decision_type=2 2 2 2 2 2 2 2 2 2 2 2 2 2
left_child=1 2 13 4 -3 -4 7 10 9 -8 -2 -9 -5 -1
right_child=6 3 5 12 -6 -7 8 11 -10 -11 -12 -13 -14 -15
leaf_value=0.058824942130697312 0.020381704361932727 -0.010235598047657458 0.061386666367401366 0.045124270960612618 0.084025443732483995 0.0038672503684996705 -0.037356033977860269 -0.011887574148148415 0.00084897089878120582 -0.002970451267363344 -0.042211451616507835 0.024414041665351247 -0.04560445270169098 -0.0045235824813398733
leaf_weight=6.4492716938257209 277.2183745354414 34.579716295003891 19.867862671613693 3.5117599815130225 5.622514843940734 23.875320971012115 87.228218108415604 165.7511540800333 11909.653854653239 150.51006215810776 11.383614793419836 33.416817396879196 51.980302527546883 648.91653388738632
leaf_count=16 969 130 79 9 16 94 348 605 37745 534 46 103 265 2895
internal_value=0.000527389 -0.00419937 -0.00177954 -0.0218778 0.00294735 0.0299922 0.000824722 0.00823159 0.000527304 -0.0155868 0.0179128 -0.00579681 -0.0398628 -0.00390019
internal_weight=13430 794.803 699.109 95.6943 40.2022 43.7432 12635.2 487.77 12147.4 237.738 288.602 199.168 55.4921 655.366
internal_count=43854 3504 3084 420 146 173 40350 1723 38627 882 1015 708 274 2911
is_linear=0
shrinkage=0.05


Tree=82
num_leaves=15
num_cat=0
split_feature=4 5 3 11 7 1 12 2 0 0 6 6 7 7
split_gain=7.23375 17.3748 17.13 15.3675 13.9192 12.0331 13.8587 12.8412 10.8171 9.27351 8.16889 7.22584 7.12011 5.43776
threshold=0.12913333333333313 0.09288333333333372 -0.4136999999999969 0.0032145034382180531 0.14646666666666874 1.0005000000000004 0.99999999963302633 7.5000000000000009 0.0055000000000000005 1.0245000000000002 0.060800000000001339 0.43950000000000106 0.13880000000000139 1.2805000000000013
decision_type=2 2 2 2 2 2 2 2 2 2 2 2 2 2
left_child=5 4 13 -4 12 6 7 -1 -6 -7 -8 -11 -2 -3
right_child=1 2 3 -5 8 9 10 -9 -10 11 -12 -13 -14 -15
leaf_value=-0.00020679876782332468 0.0043192563722171838 0.068825556322413384 -0.0032028618763560064 0.012402817208591309 -0.010369111127346444 -0.055728737899780612 0.056758524900027155 0.013405150098007457 0.013389897963295481 -0.00058774698474281994 0.0096199675490895378 -0.024124128589355063 0.053594185237786342 0.015630459814538616
leaf_weight=11344.539677448571 9.808563753962515 11.513458862900736 865.93868899345398 192.89305193722248 56.871777519583702 12.282040953636168 9.5106330215930921 175.95060051977634 303.90362894535065 78.701593309640884 273.25020381808281 55.681358724832535 29.02608434855938 8.2441308349370939
leaf_count=37537 31 28 2683 558 191 44 24 540 884 239 812 180 79 24
internal_value=0.000500802 0.00380039 0.000500853 -0.000359892 0.0127062 9.26443e-05 0.000269508 1.09434e-06 0.00964458 -0.014141 0.0112055 -0.01034 0.0411487 0.0466292
internal_weight=13428.1 1478.2 1078.59 1058.83 399.61 11949.9 11803.3 11520.5 360.775 146.665 282.761 134.383 38.8346 19.7576
internal_count=43854 4478 3293 3241 1185 39376 38913 38077 1075 463 836 419 110 52
is_linear=0
shrinkage=0.05


Tree=83
num_leaves=15
num_cat=0
split_feature=7 7 7 4 5 5 6 5 7 5 11 7 11 11
split_gain=6.94542 21.0912 21.878 18.9344 15.5916 12.3324 7.60826 7.27017 17.3715 12.7971 10.0816 9.94794 9.27912 6.88368
threshold=0.003400000000000711 0.0031333333333347342 0.0030000000000014368 -0.0022000000000004746 0.020166666666666912 0.0021000000000004817 0.0030000000000000109 -0.29148333333333259 0.10286666666666723 -0.21281666666666613 -0.0047587246317581924 0.08293333333333483 -0.00067955295497190693 -0.00042858457684591395
decision_type=2 2 2 2 2 2 2 2 2 2 2 2 2 2
left_child=1 2 3 -1 -4 6 -3 8 12 11 -10 -9 -2 -11
right_child=7 5 4 -5 -6 -7 -8 9 10 13 -12 -13 -14 -15
leaf_value=-0.022883169914145532 0.0083622603338472969 0.0034530590545046613 0.039029494751386701 0.0022316566779135545 -0.048237600796156431 -0.056600841753084032 -0.040590421728046777 0.035047337115016362 0.022949645586040401 0.0027100943240922623 -0.0047978597152235946 0.0077828857539906787 -0.045965640574183987 -2.2891560144246726e-06
leaf_weight=108.87894248962402 9.9831090122461301 25.313004210591316 45.867701157927513 241.51320147514343 5.7612591683864585 27.971679300069809 16.005115695297718 40.399632781744003 36.142507523298264 3143.009475260973 347.29088380932808 194.66959275305271 36.950060211122036 9145.8753756135702
leaf_count=613 30 109 163 1063 27 168 73 113 106 9422 1093 582 164 30128
internal_value=0.000475989 -0.0054862 -0.00109506 -0.00557239 0.0292914 -0.0309637 -0.0136078 0.000692909 -0.00569688 0.000912484 -0.00218237 0.0124686 -0.0344096 0.000691431
internal_weight=13425.6 471.311 402.021 350.392 51.629 69.2898 41.3181 12954.3 430.367 12524 383.433 235.069 46.9332 12288.9
internal_count=43854 2216 1866 1676 190 350 182 41638 1393 40245 1199 695 194 39550
is_linear=0
shrinkage=0.05


Tree=84
num_leaves=15
num_cat=0
split_feature=11 11 11 6 4 7 9 12 7 10 11 12 7 9
split_gain=6.7653 16.0423 14.4991 25.7619 26.2631 19.7766 13.2838 16.1576 12.1102 15.7967 11.6248 11.5626 9.79659 9.21806
threshold=8.4035111622693406e-05 0.0001267875914057193 -4.2077447782729032e-05 0.016000000000000805 0.0017333333333328608 0.013700000000001237 -0.0015000000000000046 -0.99999999354166658 0.016133333333334197 0.00042490360194769044 0.0028256483394084602 -0.99999999801960771 1.1453333333333344 -0.80299999999999994
decision_type=2 2 2 2 2 2 2 2 2 2 2 2 2 2
left_child=2 8 11 4 -4 -5 10 -8 9 -2 -3 13 -13 -1
right_child=1 6 3 5 -6 -7 7 -9 -10 -11 -12 12 -14 -15
leaf_value=0.0046624583454564911 0.060499597409867115 0.0083174727858955477 0.0064725768075198451 -0.032935389679157989 -0.0037884080315161157 -0.0062377955683693264 -0.020544954506226842 0.00035872282767479216 0.010412264088856912 -0.025099324141473485 -0.0042050362945367306 0.00284393640622271 -0.012269340741418345 -0.0091094511039997092
leaf_weight=172.21195192635059 27.437574297189713 967.16899797320366 1096.3208694308996 72.630340233445168 1446.2537661716342 1543.4055128991604 95.375738710165024 3005.9005271792412 137.37973439693451 6.7073583006858817 229.2602616250515 4098.6558098047972 110.10591079294682 412.64785861968994
leaf_count=514 78 2884 4035 298 6091 5204 306 9338 411 23 703 12335 355 1279
internal_value=0.000452111 0.00204089 -0.000341056 -0.00250144 0.000635978 -0.00743768 0.00144243 -0.000284143 0.0170357 0.0436847 0.0059179 0.00153315 0.00244856 -0.00505431
internal_weight=13421.5 4469.23 8952.23 4158.61 2542.57 1616.04 4297.71 3101.28 171.525 34.1449 1196.43 4793.62 4208.76 584.86
internal_count=43854 13743 30111 15628 10126 5502 13231 9644 512 101 3587 14483 12690 1793
is_linear=0
shrinkage=0.05


Tree=85
num_leaves=15
num_cat=0
split_feature=12 12 7 5 2 0 3 7 3 9 4 11 2 7
split_gain=6.84609 25.3476 25.6374 15.8359 15.4316 17.2468 17.1361 16.7887 12.5601 12.441 11.268 9.4901 20.9324 11.8026
threshold=0.9999999919871797 0.99999998944444479 0.80813333333333393 0.063700000000000687 1.5000000000000002 0.036500000000000012 0.014000000000000045 0.0072000000000009062 -0.90920000000000045 -0.95449999999999979 -0.0025333333333336879 -0.0032144615057716481 11.500000000000002 0.0090666666666684437
decision_type=2 2 2 2 2 2 2 2 2 2 2 2 2 2
left_child=1 11 3 -3 6 10 8 -7 -2 -8 -6 12 -1 -13
right_child=4 2 -4 -5 5 7 9 -9 -10 -11 -12 13 -14 -15
leaf_value=-0.010112647857143695 0.058295694622956765 -0.0090198765532348273 0.049504714973258354 -0.034659339627310319 -0.028205236289627234 0.072438294824066829 -0.048798413330584871 0.0010918385375552259 0.011826178531915142 0.0022145102637308087 -0.0052168716227513181 -0.0030684603710175221 0.031227849002554427 0.0015390316116418714
leaf_weight=389.90104161202908 14.929952204227446 488.491534948349 17.369141668081284 68.691965311765671 84.142355501651764 8.3259744197130185 12.169521853327749 852.38466204702854 558.32521632313728 668.23444406688213 145.44953943789005 1665.0884841158986 33.229795947670937 8410.5751539617777
leaf_count=1217 37 1612 45 241 279 21 43 2598 1654 2058 466 6678 101 26804
internal_value=0.000429554 -9.00767e-05 -0.010316 -0.0121808 0.00288439 -0.00146589 0.00666781 0.001782 0.0130364 0.00130211 -0.0136418 0.000469544 -0.00686605 0.000777605
internal_weight=13417.3 11073.3 574.553 557.184 2343.96 1090.3 1253.66 860.711 573.255 680.404 229.592 10498.8 423.131 10075.7
internal_count=43854 36698 1898 1853 7156 3364 3792 2619 1691 2101 745 34800 1318 33482
is_linear=0
shrinkage=0.05


Tree=86
num_leaves=15
num_cat=0
split_feature=8 2 2 0 11 10 3 11 12 11 1 3 11 6
split_gain=6.62043 18.6612 13.5033 15.3371 12.0327 8.57098 9.1158 8.1959 9.5368 7.90842 7.93592 7.46487 7.3389 4.68491
threshold=0.001000000000000002 1.5000000000000002 5.5000000000000009 3.3885000000000005 -0.0037106743055559384 0.0090780995012806915 0.09100000000000065 -0.0063259627913347929 -0.99999999682459662 1.8375301280570968e-10 -0.088499999999999981 -1.4223999999999954 4.244004063180818e-05 0.7889000000000006
decision_type=2 2 2 2 2 2 2 2 2 2 2 2 2 2
left_child=2 9 3 4 -1 6 -4 13 -9 10 -2 -5 -11 -3
right_child=1 7 5 11 -6 -7 -8 8 -10 12 -12 -13 -14 -15
leaf_value=-0.015156811362668761 -0.033631602281124759 0.04027876254225049 0.011358923042951909 -0.010642562794116095 -0.00035788028998309687 0.048455779845956753 -0.01344869644649071 -0.023679104396662699 -0.00098934786343095956 0.023106753243603929 0.0037499678941444129 -0.069019658424282038 0.0079393592916702817 -0.00080320900829523227
leaf_weight=139.52371789515018 14.358969181776045 18.612832427024845 270.55827842652798 10.090424358844759 8835.0184119269252 13.637085959315298 42.902991622686386 47.3718301653862 2067.7887257635593 92.630244076251984 1265.1656081676483 11.975281298160551 573.707335755229 11.065297871828077
leaf_count=443 48 49 829 32 29749 36 136 154 6369 270 3945 44 1716 34
internal_value=0.000408257 0.00208522 -0.000327496 -0.000690319 -0.000587954 0.00965171 0.00796354 -0.0011314 -0.00149752 0.00563075 0.00333047 -0.0423244 0.0100478 0.0249616
internal_weight=13414.4 4090.7 9323.71 8996.61 8974.54 327.098 313.461 2144.84 2115.16 1945.86 1279.52 22.0657 666.338 29.6781
internal_count=43854 12585 31269 30268 30192 1001 965 6606 6523 5979 3993 76 1986 83
is_linear=0
shrinkage=0.05


Tree=87
num_leaves=15
num_cat=0
split_feature=4 5 3 4 11 1 3 10 11 9 10 9 5 0
split_gain=6.63794 15.6769 15.6373 15.0222 12.758 13.4545 11.498 16.6541 18.2893 11.4042 12.7431 11.2136 6.99812 6.32271
threshold=0.12913333333333313 0.09288333333333372 -0.4136999999999969 0.13526666666666742 0.001391162726913642 0.0050000000000000036 0.16470000000000287 0.020991722362873059 0.0011998603941720811 -0.00099999999999999807 0.00021414812412245968 -0.15249999999999994 -0.29148333333333259 0.51750000000000018
decision_type=2 2 2 2 2 2 2 2 2 2 2 2 2 2
left_child=6 4 -3 -4 11 -6 7 8 -1 12 -11 -2 -8 -9
right_child=1 2 3 -5 5 -7 9 13 -10 10 -12 -13 -14 -15
leaf_value=-0.00026279294271848306 -0.0023460667722348567 0.044881615404086514 -0.051970929960600321 0.00028927871791577936 -0.021450077314885494 0.012374213590266723 0.038144544273360698 -0.08974535353456177 0.0062873212679054064 -0.018075231511222062 -0.0016209366859461138 0.022934818528392395 0.001770236221429468 -0.020634641076234347
leaf_weight=10104.540361106396 54.639770060777664 19.416719228029251 13.934415251016615 1044.1327733546495 49.796982958912849 71.778342828154564 14.606129258871077 6.7142890095710737 1191.3623357266188 253.60873961448669 219.51881605386734 222.39380836486816 139.64442445337772 6.5260804891586304
leaf_count=33779 170 52 52 3189 161 209 39 26 3565 855 663 645 428 21
internal_value=0.000387997 0.00355109 0.000417004 -0.000398972 0.0120229 -0.00148014 -3.15659e-06 0.000362347 0.000428038 -0.00659174 -0.0104409 0.0179486 0.00521455 -0.0556812
internal_weight=13412.6 1476.09 1077.48 1058.07 398.609 121.575 11936.5 11309.1 11295.9 627.378 473.128 277.034 154.251 13.2404
internal_count=43854 4478 3293 3241 1185 370 39376 37391 37344 1985 1518 815 467 47
is_linear=0
shrinkage=0.05


Tree=88
num_leaves=15
num_cat=0
split_feature=0 6 4 5 4 6 6 7 9 4 7 0 5 7
split_gain=6.38275 13.6236 18.0572 31.0173 24.8512 11.0199 10.3744 21.2926 13.5459 15.7094 11.8415 11.5358 8.64674 8.63738
threshold=0.0045000000000000014 0.23830000000000076 -0.058933333333332942 -0.013699999999999641 0.0017333333333328608 0.63890000000000147 0.025000000000003533 0.029333333333333707 1.8980000000000004 -0.034466666666666985 0.041600000000000782 0.030500000000000003 0.21641666666666723 0.36093333333333427
decision_type=2 2 2 2 2 2 2 2 2 2 2 2 2 2
left_child=1 2 3 -1 -4 -3 8 11 9 -2 -9 -8 -7 -10
right_child=6 5 4 -5 -6 12 7 10 13 -11 -12 -13 -14 -15
leaf_value=-0.020854091709081236 0.010754179285326142 0.018388053259644849 0.0038439694502158971 0.046253877507521829 -0.00552136276869559 -0.020697003087374113 -0.01830946230514947 0.008829187641746129 -0.065608737482143006 0.001875516993796585 3.3999481478189259e-05 -0.0026074221267209305 0.026551977484233442 0.0091214974080917454
leaf_weight=219.29235604405403 604.69449251890182 143.47012901306152 1302.4258664101362 18.685678824782372 1552.9064648151398 38.031302452087402 233.58102117478848 409.76227946579456 11.629106551408769 2828.8864619508386 5794.3802675008774 234.30046248435974 12.9903417378664 5.7926031500101081
leaf_count=755 1826 415 4592 50 6226 126 790 1244 43 9283 17723 727 36 18
internal_value=0.000368738 -0.00154529 -0.00235234 -0.0155849 -0.00124948 0.0112906 0.000990385 -0.000160789 0.00321602 0.00343916 0.000614891 -0.0104464 -0.0086672 -0.0407614
internal_weight=13410.8 3287.8 3093.31 237.978 2855.33 194.492 10123 6672.02 3451 3433.58 6204.14 467.881 51.0216 17.4217
internal_count=43854 12200 11623 805 10818 577 31654 20484 11170 11109 18967 1517 162 61
is_linear=0
shrinkage=0.05


Tree=89
num_leaves=14
num_cat=0
split_feature=12 2 11 10 8 8 11 3 11 11 5 10 11
split_gain=6.37439 13.9135 12.4777 13.0303 10.4618 9.47378 9.41088 7.56092 15.214 21.264 19.9882 11.253 11.3974
threshold=0.99999999963302633 3.5000000000000004 0.002570381030100322 0.00021158826616352047 -0.35249999999999992 4.4744999999999999 0.0040051493479809084 0.011800000000002659 -0.0032144615057716481 -0.00021415954372772103 0.1340000000000004 0.020991722362873059 0.0018547488535114456
decision_type=2 2 2 2 2 2 2 2 2 2 2 2 2
left_child=7 4 3 -3 -2 -4 -6 11 10 -10 -9 12 -1
right_child=1 2 5 -5 6 -7 -8 8 9 -11 -12 -13 -14
leaf_value=0.0005992748791730022 -0.042240116987828778 0.026707594281091041 0.019157655490275108 -0.017747902624488561 0.015086280125731315 -0.040787256780010363 -0.032818438809296975 -0.0078716773712346946 0.0083914710747787641 -0.002941580926635969 -0.082949098102004098 -0.059995322435837599 0.010035372136006686
leaf_weight=8841.2546563446522 8.6363174617290479 18.825466334819794 64.767455026507378 132.48387485742569 313.46725331246853 7.3378557264804831 10.59876064956188 27.225473716855049 476.39526601135731 3154.8360622227192 13.146062776446341 7.5825880020856848 332.02483668923378
leaf_count=29502 30 53 186 423 917 25 36 84 1404 10140 50 27 977
internal_value=0.000350335 0.00559126 -0.00405983 -0.0122169 0.0120721 0.0130573 0.0135195 0.000123564 -0.00179412 -0.00145475 -0.0323189 0.000890484 0.000940812
internal_weight=13408.6 556.117 223.415 151.309 332.702 72.1053 324.066 12852.5 3671.6 3631.23 40.3715 9180.86 9173.28
internal_count=43854 1670 687 476 983 211 953 42184 11678 11544 134 30506 30479
is_linear=0
shrinkage=0.05


Tree=90
num_leaves=15
num_cat=0
split_feature=4 5 3 11 7 1 12 5 12 0 6 1 6 7
split_gain=6.27198 13.9724 14.222 14.09 12.2375 10.4167 11.5126 11.7504 10.1877 8.22438 7.50133 6.6821 6.47991 5.09843
threshold=0.12913333333333313 0.09288333333333372 -0.4136999999999969 0.0032145034382180531 0.14646666666666874 1.0005000000000004 0.99999999963302633 0.024533333333333945 -0.99999999985683585 1.0245000000000002 0.060800000000001339 0.023000000000000007 0.43950000000000106 1.2805000000000013
decision_type=2 2 2 2 2 2 2 2 2 2 2 2 2 2
left_child=5 4 13 -4 11 6 7 -1 -6 -7 -8 -2 -11 -3
right_child=1 2 3 -5 8 9 10 -9 -10 12 -12 -13 -14 -15
leaf_value=0.0006966113468383692 0.051731853507013072 0.065307711123453335 -0.0030423949449984501 0.011915785478901236 -0.060374764709241836 -0.052242081243926319 0.05431410898060543 -0.0032290393386525222 0.0095628225109579031 -0.00043594109939068911 0.0086078728428521014 0.0065056170697817594 -0.022689938795023547 0.013085965144953846
leaf_weight=9092.1618225201964 27.091323539614677 11.02468925714493 865.56374600529671 192.43298317492008 5.2848397940397254 12.397177964448927 9.2837199717760068 2411.8530879244208 353.86276529729366 78.712647512555122 271.64172723889351 11.691934019327162 55.971013098955154 8.1135024428367597
leaf_count=30100 75 28 2683 558 19 44 24 7977 1056 239 812 35 180 24
internal_value=0.000332992 0.00340878 0.000450987 -0.000321737 0.0114151 -4.72442e-05 0.000117797 -0.000126414 0.00853369 -0.0132713 0.0101183 0.0380976 -0.00968412 0.0431687
internal_weight=13407.1 1475.07 1077.13 1058 397.931 11932 11784.9 11504 359.148 147.081 280.925 38.7833 134.684 19.1382
internal_count=43854 4478 3293 3241 1185 39376 38913 38077 1075 463 836 110 419 52
is_linear=0
shrinkage=0.05


Tree=91
num_leaves=15
num_cat=0
split_feature=5 7 5 7 4 7 11 11 1 10 10 7 7 7
split_gain=6.07263 14.7886 12.3591 9.96322 14.9488 12.213 9.32478 12.363 9.75904 8.20773 7.80743 6.52717 18.8871 6.48792
threshold=-0.29148333333333259 0.10286666666666723 -0.21281666666666613 0.08293333333333483 -0.029466666666666908 0.59203333333333508 -0.0047587246317581924 -0.00042474117262547567 -0.25549999999999995 -0.0021044701191241795 0.0023552258715975332 0.003400000000000711 0.0031333333333347342 0.61950000000000205
decision_type=2 2 2 2 2 2 2 2 2 2 2 2 2 2
left_child=1 9 3 4 -2 -5 8 -8 -3 -1 -11 12 -4 -13
right_child=2 6 11 5 -6 -7 7 -9 -10 10 -12 13 -14 -15
leaf_value=0.016543630857212326 0.062684362561668594 -0.0059251895979711674 -0.0013507029289453135 -0.00062904434077196928 0.001926363090795575 0.027359239347227039 -0.015565022517579947 0.0034800020838554784 0.046406875869904038 -0.049891492505596449 0.014221789414422507 0.00077451762972072854 -0.029837359786843959 -0.004706068612330745
leaf_weight=7.3495844006538382 21.728697463870049 16.685464963316917 400.10242675244808 140.01641485095024 18.955299258232117 54.013185054063797 150.57246823608875 196.30452188849449 19.113800242543221 34.164557293057442 5.5149675756692877 11707.112576782703 68.088425934314728 566.10884794592857
leaf_count=21 54 55 1864 431 60 151 487 606 51 159 16 37803 349 1747
internal_value=0.000316474 -0.00553141 0.000510127 0.0118794 0.0343763 0.00716222 -0.00227967 -0.00478707 0.0220157 -0.0319908 -0.0409805 0.00030069 -0.00549348 0.000521723
internal_weight=13405.8 429.705 12976.1 234.714 40.684 194.03 382.676 346.877 35.7993 47.0291 39.6795 12741.4 468.191 12273.2
internal_count=43854 1395 42459 696 114 582 1199 1093 106 196 175 41763 2213 39550
is_linear=0
shrinkage=0.05


Tree=92
num_leaves=13
num_cat=0
split_feature=6 10 7 5 11 11 7 11 7 1 11 11
split_gain=6.19808 12.196 10.9322 16.4846 14.406 10.4681 11.3021 10.785 10.0031 5.60531 8.69771 8.03056
threshold=2.214600000000003 0.01890387756428025 1.1453333333333344 0.4220666666666672 -0.0030874076197207052 9.0882856795815327e-11 1.8136666666666683 0.00016908826361405896 0.97673333333333479 0.0090000000000000063 0.001455963451530984 0.0040051493479809084
decision_type=2 2 2 2 2 2 2 2 2 2 2 2
left_child=2 9 3 8 -5 6 -4 -7 -1 11 -11 -2
right_child=1 -3 5 4 -6 7 -8 -9 -10 10 -12 -13
leaf_value=4.0794965181804484e-05 0.010309017804428569 -0.047365462746683878 -0.037219407775466749 -0.054916200894931488 0.018474675204551195 0.044081901599001938 -0.0048307595339166934 -0.0058881197663686533 0.019620640221402402 0.039262030179840146 0.0067378416006145863 -0.028749286138804193
leaf_weight=12777.686123266816 81.392285972833633 9.0428727120161039 57.203304797410965 6.9625885784625998 168.63773183524609 12.590433388948439 50.903001710772514 75.843964189291 65.565981820225716 38.078861072659492 44.668739259243011 15.698315501213072
leaf_count=41964 248 31 201 25 486 33 160 233 188 101 132 52
internal_value=0.000300636 0.00929402 0.000172098 0.000348793 0.0155647 -0.0115322 -0.0219689 0.00122613 0.000140752 0.012143 0.0217049 0.00399379
internal_weight=13404.3 188.881 13215.4 13018.9 175.6 196.541 108.106 88.4344 12843.3 179.838 82.7476 97.0906
internal_count=43854 564 43290 42663 511 627 361 266 42152 533 233 300
is_linear=0
shrinkage=0.05


Tree=93
num_leaves=14
num_cat=0
split_feature=4 5 5 7 0 6 3 10 7 7 7 11 0
split_gain=6.03628 10.113 14.774 13.9955 9.87669 9.379 7.56449 17.2264 16.7854 21.4475 13.1039 12.3585 6.82042
threshold=0.28416666666666629 0.12206666666666732 0.11238333333333379 0.30613333333333453 0.21050000000000005 0.049399999999999986 0.15780000000000446 0.020991722362873059 0.14273333333333416 0.11823333333333448 0.1879666666666682 0.0012641361935139541 0.51750000000000018
decision_type=2 2 2 2 2 2 2 2 2 2 2 2 2
left_child=6 2 4 -3 -2 -5 7 11 9 -8 -10 -1 -9
right_child=1 3 -4 5 -6 -7 8 12 10 -11 -12 -13 -14
leaf_value=-8.3176671912961038e-05 -0.015122083138407072 -0.058486716066861871 0.08838078944766796 0.016840883725332611 0.037448719677668219 0.0013006408692953755 -0.0060678015782598474 -0.086512947249123784 0.012548830176204513 -0.036153533909324333 -0.0036415710345684832 0.0053366242210359073 -0.019254944065266087
leaf_weight=10501.638214170933 16.064081802964211 9.0643123835325223 8.2173465788364393 118.10299071669579 20.129996836185455 545.73677763342857 230.49437040090561 7.5691096335649473 163.88533493876457 79.727135539054871 526.38526277244091 1168.8857982456684 7.5084254145622253
leaf_count=35013 51 35 18 346 54 1650 753 29 484 278 1612 3507 24
internal_value=0.000285711 0.00474798 0.0278572 0.00322278 0.0141161 0.00406539 3.33988e-05 0.000390653 -0.00413927 -0.0137999 0.000202384 0.000459655 -0.0530193
internal_weight=13403.4 717.316 44.4114 672.904 36.1941 663.84 12686.1 11685.6 1000.49 310.222 690.271 11670.5 15.0775
internal_count=43854 2154 123 2031 105 1996 41700 38573 3127 1031 2096 38520 53
is_linear=0
shrinkage=0.05


Tree=94
num_leaves=15
num_cat=0
split_feature=0 11 5 3 0 5 5 4 7 7 11 9 4 5
split_gain=5.79742 11.6962 9.70094 14.569 9.61061 21.6872 17.0159 13.4547 7.77625 11.7159 9.06168 4.83925 5.88038 4.86851
threshold=0.0025000000000000005 -0.0015401509694312752 0.024533333333333945 -0.11409999999999725 0.0035000000000000005 -0.15046666666666608 -0.32338333333333286 0.072499999999999842 0.0031333333333347342 0.003400000000000711 -4.2767372466778746e-05 -0.0010000000000000002 0.0011333333333328601 -0.020399999999999464
decision_type=2 2 2 2 2 2 2 2 2 2 2 2 2 2
left_child=1 2 3 -1 5 6 -2 -7 10 -10 -6 12 -3 -13
right_child=4 11 -4 -5 8 7 -8 -9 9 -11 -12 13 -14 -15
leaf_value=0.0037772832592646308 -0.027391489940933864 0.041695595828314544 0.018388580039112055 -0.096678571046630635 -0.013762864104232872 -0.0049132150766425624 0.039764247806746728 0.010409839198246538 -0.049459520010998945 0.00070201191472764486 0.031685295420444126 -0.0097544014117299082 0.01101747657282473 0.014797675260999782
leaf_weight=6.873990997672081 11.714294791221617 28.391835719347 8.4760255962610227 7.5994330942630786 15.032496035099028 1925.0125700980425 48.426184415817261 154.77770678699017 11.652852758765219 11016.806940242648 40.561107859015465 29.856932997703552 34.724534332752228 62.368469908833504
leaf_count=21 47 79 24 30 48 7506 131 505 59 34869 124 97 107 207
internal_value=0.000271524 0.00922753 -0.024091 -0.0489682 0.000150776 -0.00291693 0.0266835 -0.00377288 0.000743039 0.00064901 0.0193961 0.0141499 0.0248175 0.00684922
internal_weight=13402.3 178.291 22.9494 14.4734 13224 2139.93 60.1405 2079.79 11084.1 11028.5 55.5936 155.342 63.1164 92.2254
internal_count=43854 565 75 51 43289 8189 178 8011 35100 34928 172 490 186 304
is_linear=0
shrinkage=0.05


Tree=95
num_leaves=15
num_cat=0
split_feature=5 7 11 1 5 5 7 10 6 6 6 9 1 11
split_gain=5.65673 11.8902 11.2158 10.5909 9.64858 16.5227 20.3376 10.7034 9.13299 11.4033 10.1218 8.78788 8.45735 6.00751
threshold=-0.32338333333333286 0.067266666666667599 8.4035111622693406e-05 0.020499999999999963 -0.11249999999999945 -0.063616666666666141 0.69833333333333425 -0.0023558412554525172 0.70520000000000149 2.214600000000003 0.0090000000000000462 -1.3574999999999997 1.1695000000000002 -0.00055600865834226621
decision_type=2 2 2 2 2 2 2 2 2 2 2 2 2 2
left_child=1 2 13 11 8 6 -6 -7 10 -10 -2 -3 -5 -1
right_child=4 3 -4 12 5 7 -8 -9 9 -11 -12 -13 -14 -15
leaf_value=-0.0096651763299032464 -0.0070341924822722897 0.012046742025570177 0.025239921808038579 0.017438438892219164 -0.005373144610119748 0.0048651279459291678 -0.062300710330638491 1.9207612487206526e-05 -0.0080415490835454139 0.050358743336327207 0.0096616826078810784 -0.012441260928692138 -0.033747264135244474 -0.068161695697883995
leaf_weight=5.9561413973569932 104.408342435956 44.148206114768982 5.7847071141004553 76.34354855120182 916.7370447665453 1288.9056413471699 15.962107509374617 9829.2174075618386 166.70754845440388 8.7999294549226743 695.34121991693974 215.33133542537689 9.0239610522985441 16.682309187948704
leaf_count=19 346 135 19 218 2912 3881 58 32821 523 24 2068 707 30 93
internal_value=0.000257964 -0.00581088 -0.0368944 -0.0032489 0.000431871 4.47501e-05 -0.0063474 0.000580987 0.00521535 -0.00511336 0.00748201 -0.00827484 0.0120277 -0.0527714
internal_weight=13399.3 373.27 28.4232 344.847 13026.1 12050.8 932.699 11118.1 975.257 175.507 799.75 259.48 85.3675 22.6385
internal_count=43854 1221 131 1090 42633 39672 2970 36702 2961 547 2414 842 248 112
is_linear=0
shrinkage=0.05


Tree=96
num_leaves=15
num_cat=0
split_feature=12 8 11 8 10 12 11 7 11 12 7 11 2 5
split_gain=5.48412 8.3175 9.47307 8.99205 8.64995 7.4791 14.0353 19.5577 15.558 13.6023 12.1555 11.2018 7.08437 6.38639
threshold=0.99999999923953287 -0.42849999999999994 0.0040051493479809084 0.070500000000000021 0.00021101965753667076 0.90305064304146054 0.0019000251406942061 0.21846666666666728 0.0017553736913034081 0.13367697565371223 0.18430000000000155 0.0029111667997439032 15.500000000000002 0.082783333333333833
decision_type=2 2 2 2 2 2 2 2 2 2 2 2 2 2
left_child=5 2 4 13 -2 9 8 -8 -7 11 -11 -1 -5 -3
right_child=1 3 -4 12 -6 6 7 -9 -10 10 -12 -13 -14 -15
leaf_value=0.00095806950142867048 -0.021391946924057974 0.044283692281532644 0.016248194830666401 0.0045347162699038712 -0.10400605354443015 -0.0015266631265357291 0.01409479006382724 -0.0061552359960571909 -0.028129764771085725 0.014212480624171707 0.00037137827771163272 -0.01064255049800053 -0.04642880135418203 -0.01136873231657947
leaf_weight=4843.0790645629168 8.6458767652511614 23.352463230490688 8.2312628477811796 732.16222105920315 5.0012296736240378 6327.5999978408217 331.17169333994389 186.31782598793507 55.439185172319412 363.35756891965866 281.5255238711834 217.43876993656158 6.8831382095813742 6.6152824163436881
leaf_count=15347 29 62 24 2214 20 21808 964 571 184 1056 849 681 24 21
internal_value=0.000245145 0.00428394 -0.0261156 0.0051488 -0.0516674 -8.24782e-06 -0.00111566 0.00680394 -0.00175772 0.00133114 0.00817011 0.000459618 0.00406006 0.0319986
internal_weight=13396.8 790.891 21.8784 769.013 13.6471 12605.9 6900.53 517.49 6383.04 5705.4 644.883 5060.52 739.045 29.9677
internal_count=43854 2394 73 2321 49 41460 23527 1535 21992 17933 1905 16028 2238 83
is_linear=0
shrinkage=0.05


Tree=97
num_leaves=15
num_cat=0
split_feature=7 5 5 3 3 7 6 6 3 7 3 0 7 7
split_gain=5.66472 11.8739 11.7023 11.6966 8.20867 7.82605 7.60376 11.8493 9.63852 7.68357 13.1908 11.6333 7.35459 7.21677
threshold=0.16906666666666803 -0.29148333333333259 -0.24713333333333284 0.15780000000000446 -0.088799999999997672 0.1366666666666688 0.04840000000000081 0.054600000000000183 -0.027200000000000529 0.44430000000000097 -0.0020000000000001779 0.0045000000000000014 0.61950000000000205 0.12860000000000119
decision_type=2 2 2 2 2 2 2 2 2 2 2 2 2 2
left_child=1 4 -3 -4 13 -6 9 8 -8 10 -2 -11 -9 -1
right_child=6 2 3 -5 5 -7 7 12 -10 11 -12 -13 -14 -15
leaf_value=0.046726296682884791 0.013099067682810342 0.030135917126631065 1.856753310841347e-05 -0.0086683729818457338 -0.035889775764190633 0.020799715071298894 0.0096174351022591305 0.0026743147160381456 -0.037580158163744062 -0.016081431106113663 -0.0028100319782032074 0.019730635072774338 -0.0031237685371900176 -0.024036346254217442
leaf_weight=7.5767598599195463 213.44783030450344 31.589548647403717 9226.8980840295553 404.48160916566849 50.66273882240057 6.9195507168769828 15.584269270300863 2128.4272506386042 35.361905962228775 26.183782517910004 334.44568659365177 169.31171151995659 736.07062149047852 6.8701473623514175
leaf_count=20 621 90 31059 1317 215 20 46 6417 121 93 1050 491 2271 23
internal_value=0.000233027 -0.000397365 -0.000246601 -0.000346251 -0.0206229 -0.0290775 0.0019103 0.000759316 -0.0231426 0.00642425 0.00338782 0.0149341 0.00118442 0.0130755
internal_weight=13393.8 9735 9662.97 9631.38 72.0292 57.5823 3658.83 2915.44 50.9462 743.389 547.894 195.495 2864.5 14.4469
internal_count=43854 32744 32466 32376 278 235 11110 8855 167 2255 1671 584 8688 43
is_linear=0
shrinkage=0.05


Tree=98
num_leaves=13
num_cat=0
split_feature=6 10 7 5 11 11 7 11 7 12 2 12
split_gain=5.82923 11.0009 9.78201 14.7341 13.104 9.51616 10.1114 9.57745 9.14375 7.4241 5.43045 3.11023
threshold=2.214600000000003 0.011882356222525649 1.1453333333333344 0.4220666666666672 -0.0020386616906087336 9.0882856795815327e-11 1.8136666666666683 0.00016908826361405896 0.97673333333333479 0.99999999995331479 12.500000000000002 0.83929788315842024
decision_type=2 2 2 2 2 2 2 2 2 2 2 2
left_child=2 9 3 8 -5 6 -4 -7 -1 10 -2 -3
right_child=1 11 5 4 -6 7 -8 -9 -10 -11 -12 -13
leaf_value=-2.7878017273663118e-05 0.0067278014208800932 -0.0050838673901732571 -0.03532336357720435 -0.035366896642886808 0.018411698942261898 0.041720209749103128 -0.004692679499949763 -0.0054879283206101977 0.0187251086439457 0.064559361517015565 0.031343491595479708 -0.047208847372000443
leaf_weight=12766.747177921236 137.13408495485783 7.8807057589292553 57.299428299069405 12.173814237117766 162.88617514073849 12.514357715845106 50.854955539107323 75.935154438018799 65.334178298711777 6.6709242463111869 26.780910536646843 9.8693151473999006
leaf_count=41964 413 24 201 41 470 33 160 233 188 16 77 34
internal_value=0.000221427 0.00895583 9.68407e-05 0.000264158 0.0146719 -0.0109727 -0.0209206 0.00119136 6.76023e-05 0.0128539 0.0107496 -0.0285061
internal_weight=13392.1 188.336 13203.7 13007.1 175.06 196.604 108.154 88.4495 12832.1 170.586 163.915 17.75
internal_count=43854 564 43290 42663 511 627 361 266 42152 506 490 58
is_linear=0
shrinkage=0.05


Tree=99
num_leaves=15
num_cat=0
split_feature=0 11 5 3 0 5 7 4 5 11 5 9 3 9
split_gain=5.3179 10.6103 8.72138 13.0764 8.21896 19.8486 15.718 12.2522 7.19215 14.8457 11.7956 4.35536 5.37401 4.63788
threshold=0.0025000000000000005 -0.0015401509694312752 0.024533333333333945 -0.11409999999999725 0.0035000000000000005 -0.15046666666666608 0.3372666666666676 0.072499999999999842 0.024533333333333945 -0.0032144615057716481 -0.063616666666666141 -0.0010000000000000002 0.022000000000004516 0.34950000000000003
decision_type=2 2 2 2 2 2 2 2 2 2 2 2 2 2
left_child=1 2 3 -1 5 6 -2 -7 10 -10 -6 12 -3 -13
right_child=4 11 -4 -5 8 7 -8 -9 9 -11 -12 13 -14 -15
leaf_value=0.0036239701013002002 0.048932663861924679 0.032281712249691057 0.017450626959145243 -0.091496102601923507 -0.0016737670216957793 -0.0046523694367367491 -0.0025564601335328245 0.0099672641502925995 -0.019181795131349121 -0.00063570176729012512 0.0027389824066431498 0.0033536709799052767 -0.00093072484961451206 0.045817763218295754
leaf_weight=6.8583010137081146 32.774834796786308 46.589289307594299 8.4385070502758008 7.6358892172575015 2096.8014924153686 1922.1365173757076 27.059063747525215 154.85781501233578 111.42368514835835 3415.4355403259397 5452.2897864878178 85.349797427654266 16.490892693400383 6.953963413834571
leaf_count=21 89 135 24 30 6557 7506 89 505 359 10806 17378 285 51 19
internal_value=0.000210454 0.00878741 -0.0229603 -0.0464876 9.47014e-05 -0.00274444 0.0256474 -0.00356235 0.000642443 -0.00122163 0.00151332 0.013473 0.0235991 0.00655282
internal_weight=13391.1 178.317 22.9327 14.4942 13212.8 2136.83 59.8339 2076.99 11076 3526.86 7549.09 155.384 63.0802 92.3038
internal_count=43854 565 75 51 43289 8189 178 8011 35100 11165 23935 490 186 304
is_linear=0
shrinkage=0.05


Tree=100
num_leaves=13
num_cat=0
split_feature=6 10 7 5 11 5 11 11 11 1 11 11
split_gain=5.37218 9.95047 8.64356 13.4557 14.6457 8.74765 8.47973 10.1746 8.68711 4.99493 7.8694 7.07092
threshold=2.214600000000003 0.01890387756428025 1.1453333333333344 0.4220666666666672 -0.0032144615057716481 0.37130000000000035 9.0882856795815327e-11 -0.00089084838954422974 0.00016908826361405896 0.0090000000000000063 0.001455963451530984 0.0040051493479809084
decision_type=2 2 2 2 2 2 2 2 2 2 2 2
left_child=2 9 3 5 -5 -1 7 -4 -8 11 -11 -2
right_child=1 -3 6 4 -6 -7 8 -9 -10 10 -12 -13
leaf_value=0.00015746759947774043 0.0094686271826131558 -0.042224018340879556 -0.0079090148344779145 -0.062411882745693849 0.016763330329461354 -0.015835083995633884 0.039892892641781065 -0.039618961667384045 -0.0051752250732383697 0.037122145891711457 0.0060465782098629954 -0.027128401930042147
leaf_weight=12744.090899594128 80.90215776860714 9.1628159582614881 68.017680779099464 6.0503334850072852 168.63990120589733 86.083452597260475 12.442546933889387 40.276234820485115 76.018260553479195 37.568151369690895 44.508555725216866 15.77148315310478
leaf_count=41871 248 31 215 22 489 281 33 146 233 101 132 52
internal_value=0.000199956 0.00859451 8.04673e-05 0.000237834 0.0140211 5.01663e-05 -0.010321 -0.0197024 0.00116388 0.0111995 0.0202705 0.00349813
internal_weight=13389.5 187.913 13201.6 13004.9 174.69 12830.2 196.755 108.294 88.4608 178.75 82.0767 96.6736
internal_count=43854 564 43290 42663 511 42152 627 361 266 533 233 300
is_linear=0
shrinkage=0.05


Tree=101
num_leaves=14
num_cat=0
split_feature=4 5 5 7 0 5 6 6 5 6 2 6 5
split_gain=5.39568 9.2357 13.5844 12.8281 8.97197 7.8974 13.8055 28.9961 13.4288 11.9294 9.08195 7.69154 7.63027
threshold=0.28416666666666629 0.12206666666666732 0.11238333333333379 0.30613333333333453 0.21050000000000005 0.08966666666666713 0.004800000000000893 0.0060000000000000114 0.082783333333333833 0.0061999999999999122 12.500000000000002 0.049399999999999986 0.1340000000000004
decision_type=2 2 2 2 2 2 2 2 2 2 2 2 2
left_child=5 2 4 -3 -2 8 12 -8 10 -10 -1 -5 -7
right_child=1 3 -4 11 -6 6 7 -9 9 -11 -12 -13 -14
leaf_value=6.99327379865238e-05 -0.014342291098020862 -0.056204363846568899 0.085158205678626323 0.015359140670202149 0.035882625237122122 -0.0082889522809277538 0.043651143993497496 -0.0042514286896954863 0.065606636863655657 0.012031927573276516 0.018462591316197107 0.0012634859319423928 -0.048681724436737406
leaf_weight=11330.235913366079 16.081315442919731 9.0388923287391645 8.0839797258377057 117.66619277000427 19.888908907771111 21.303328737616539 32.539846748113632 1083.295106574893 11.589085549116133 100.4671688079834 67.516575694084167 545.2083232998848 25.912958189845085
leaf_count=37470 51 35 18 346 54 86 102 3393 30 302 210 1650 107
internal_value=0.000190034 0.00441295 0.0265909 0.00295885 0.0134284 -4.85447e-05 -0.00397508 -0.0028545 0.000348226 0.0175727 0.000178885 0.00376559 -0.0304571
internal_weight=13388.8 715.968 44.0542 671.913 35.9702 12672.9 1163.05 1115.83 11509.8 112.056 11397.8 662.875 47.2163
internal_count=43854 2154 123 2031 105 41700 3688 3495 38012 332 37680 1996 193
is_linear=0
shrinkage=0.05


Tree=102
num_leaves=12
num_cat=0
split_feature=3 3 12 2 7 7 0 0 10 7 8
split_gain=5.09499 11.1797 10.6499 9.03087 9.53628 8.12014 7.74534 7.40526 6.92278 6.44823 6.14133
threshold=0.7053000000000027 0.48460000000000464 0.99999999990162325 12.500000000000002 1.1453333333333344 0.20896666666666838 0.0025000000000000005 2.0345000000000004 0.025076384180222625 0.17180000000000131 -6.5374999999999988
decision_type=2 2 2 2 2 2 2 2 2 2 2
left_child=1 3 5 4 -1 -3 -2 -4 10 -5 -8
right_child=6 2 7 9 -6 -7 8 -9 -10 -11 -12
leaf_value=0.00024572282986461147 0.065402643905315666 -0.076733732292226131 0.049619270973612323 0.063015193498858993 -0.010696335591891001 -0.018439304953137576 -0.016193429790570143 -0.0059123366716915867 -0.040650655848547233 0.012788521010741192 0.0088615100902277016
leaf_weight=12669.26588074863 5.4769646376371375 6.3774353116750708 9.2472327053546923 7.0627615749835959 202.3024447709322 94.3814417719841 26.845767557621002 17.114268764853477 7.9449061900377265 67.100333049893379 274.94308212399483
leaf_count=41633 13 24 24 18 650 302 86 53 27 214 810
internal_value=0.000180556 2.90963e-05 -0.0147265 0.000173988 7.37465e-05 -0.022129 0.00646212 0.0135673 0.00541988 0.0175717 0.00663274
internal_weight=13388.1 13072.9 127.12 12945.7 12871.6 100.759 315.211 26.3615 309.734 74.1631 301.789
internal_count=43854 42918 403 42515 42283 326 936 77 923 232 896
is_linear=0
shrinkage=0.05


Tree=103
num_leaves=15
num_cat=0
split_feature=7 5 5 3 9 6 6 3 4 7 3 7 8 12
split_gain=5.13778 10.7966 10.8911 10.6724 7.6766 6.68759 10.6467 8.60865 6.94267 16.1459 9.51063 6.68233 5.21918 2.61689
threshold=0.16906666666666803 -0.29148333333333259 -0.26551666666666618 0.15780000000000446 -0.33449999999999991 0.04840000000000081 0.054600000000000183 -0.027200000000000529 -0.19503333333333367 0.23716666666666816 -0.0078000000000005348 0.61950000000000205 0.13050000000000003 0.99999992500000634
decision_type=2 2 2 2 2 2 2 2 2 2 2 2 2 2
left_child=1 4 13 -4 -1 8 7 -7 9 -2 -10 -8 -6 -3
right_child=5 2 3 -5 12 6 11 -9 10 -11 -12 -13 -14 -15
leaf_value=0.025210594284851281 -0.04672730328636527 0.056719883050371483 -1.1073236334364651e-05 -0.0083082219243116508 -0.0307551837663044 0.0090761740585762526 0.002514426105894866 -0.035555696194183403 0.019179442144125057 0.0025552751017520431 0.0046566542864084019 -0.0030154146321355372 0.015254908444120963 0.019318295528092104
leaf_weight=8.377549082040785 18.276894941926003 9.2582438141107577 9237.6974469572306 404.53568141162395 56.347454592585564 15.539196684956549 2126.6090864390135 35.454881608486176 160.18589147925377 183.26316525042057 380.5457756370306 735.1783407330513 6.9206428229808798 9.4507563114166242
leaf_count=24 67 23 31097 1317 233 46 6417 121 455 570 1163 2271 21 29
internal_value=0.00017162 -0.000428639 -0.000285227 -0.000359176 -0.0197667 0.00176997 0.000690319 -0.0219552 0.0060067 -0.00191397 0.00895887 0.00109384 -0.0257223 0.0378267
internal_weight=13387.6 9732.59 9660.94 9642.23 71.6456 3655.05 2912.78 50.9941 742.272 201.54 540.732 2861.79 63.2681 18.709
internal_count=43854 32744 32466 32414 278 11110 8855 167 2255 637 1618 8688 254 52
is_linear=0
shrinkage=0.05


Tree=104
num_leaves=15
num_cat=0
split_feature=12 0 4 6 6 11 9 10 5 12 11 7 6 11
split_gain=5.11547 16.5972 11.4487 12.5057 8.77647 11.6344 8.86537 7.06923 9.69151 12.3363 9.23936 7.68714 16.4119 12.7543
threshold=-0.99999999958419761 0.31150000000000011 0.17730000000000071 0.059400000000000279 0.11380000000000011 4.2337405842252103e-05 -0.33449999999999991 -0.0027456658083568892 -0.061566666666666534 0.99999999775252524 -0.0076295537992043796 0.086166666666667793 0.16100000000000228 -0.0029885407839136398
decision_type=2 2 2 2 2 2 2 2 2 2 2 2 2 2
left_child=1 2 3 -1 6 -6 -3 8 9 -2 -10 12 -9 -13
right_child=7 4 -4 -5 5 -7 -8 11 10 -11 -12 13 -14 -15
leaf_value=0.014263848810649793 -0.0018341382906949218 0.0041568307217955082 0.025065220189109214 -0.049340629585715147 -0.0092495253954617482 0.012636807927300354 0.050092167622963535 -0.00072459769795189778 0.054843621171289353 -0.050456002444499451 0.0055584800436272374 -0.010661769721234875 -0.015168701358716298 0.0019884497358632065
leaf_weight=9.4112484008073789 308.84521658718586 33.52916407585144 8.3471450060605985 43.21116741001606 259.48682169616222 79.270846143364906 15.295287758111952 6467.1593479923904 9.5953824669122678 13.62087745964527 1060.3914330154657 208.13823141157627 202.82919031381607 4666.7775615900755
leaf_count=27 968 100 23 151 811 229 39 22594 25 49 3196 651 679 14312
internal_value=0.000163084 -0.00508627 -0.029336 -0.0379653 -0.0012716 -0.00412802 0.018547 0.000345084 0.0037105 -0.00388791 0.00600046 -6.08245e-05 -0.00116383 0.00144834
internal_weight=13385.9 448.552 60.9696 52.6224 387.582 338.758 48.8245 12937.4 1392.45 322.466 1069.99 11544.9 6669.99 4874.92
internal_count=43854 1380 201 178 1179 1040 139 42474 4238 1017 3221 38236 23273 14963
is_linear=0
shrinkage=0.05


Tree=105
num_leaves=15
num_cat=0
split_feature=12 3 7 5 7 4 7 4 9 5 5 2 9 9
split_gain=5.07581 7.58716 13.9315 24.2554 13.9042 9.41796 23.5513 8.14872 6.74147 12.8039 12.6576 7.98332 11.7272 5.70198
threshold=0.99999999895285108 0.011800000000002659 0.017533333333334147 -0.048733333333333025 0.044200000000001051 0.072499999999999842 0.10806666666666728 0.060900000000000253 -0.057500000000000016 0.012033333333333751 0.065600000000000602 7.5000000000000009 2.2120000000000002 3.7295000000000003
decision_type=2 2 2 2 2 2 2 2 2 2 2 2 2 2
left_child=1 5 3 -3 -4 7 -7 -1 9 -2 -11 12 -10 -13
right_child=8 2 4 -5 -6 6 -8 -9 11 10 -12 13 -14 -15
leaf_value=0.00032645819080330264 -0.065635911656904786 -0.077765165069696773 0.0061670024019477498 -0.0098702547224248267 -0.0027452690086723248 0.027482924365189287 0.0023841365217925604 -0.014085420443049754 0.0044179476281254945 0.045786038648200057 -0.021668974362870297 -0.0040171592845796916 0.029252842918161728 -0.039901476428408439
leaf_weight=8212.7389878965914 9.864951089024542 14.005442708730696 524.99038389325142 216.50445413589478 2630.0350688099861 108.8829562664032 660.05322188138962 99.267238318920135 766.32071353495121 10.121039301156996 22.227962538599968 43.030626729130745 50.677961215376854 14.90465924143791
leaf_count=27509 37 64 1706 790 8258 348 2049 345 2324 27 73 132 141 51
internal_value=0.000155045 -0.000109065 -0.00212924 -0.0139954 -0.00126228 0.000644093 0.00593818 0.000154342 0.00374499 -0.0157708 -0.00056431 0.00468659 0.00595844 -0.0132489
internal_weight=13383.6 12466.5 3385.54 230.51 3155.03 9080.94 768.936 8312.01 917.148 42.214 32.349 874.934 816.999 57.9353
internal_count=43854 41069 10818 854 9964 30251 2397 27854 2785 137 100 2648 2465 183
is_linear=0
shrinkage=0.05


Tree=106
num_leaves=13
num_cat=0
split_feature=6 10 7 5 11 5 0 6 3 12 2 12
split_gain=4.96093 9.09493 7.11737 12.1847 12.95 8.38443 8.07154 7.7437 7.40463 6.55107 4.77309 2.6351
threshold=2.214600000000003 0.011882356222525649 1.1453333333333344 0.4220666666666672 -0.0032144615057716481 0.26021666666666671 0.0075000000000000006 0.044900000000002493 0.0046000000000000459 0.99999999995331479 12.500000000000002 0.83929788315842024
decision_type=2 2 2 2 2 2 2 2 2 2 2 2
left_child=2 9 3 5 -5 -1 8 -8 -4 10 -2 -3
right_child=1 11 6 4 -6 -7 7 -9 -10 -11 -12 -13
leaf_value=0.00020496698176260248 0.0060940051595038498 -0.0041027547519350361 -0.076914371569074047 -0.05817683052739573 0.015913741710523087 -0.0078671507640855655 0.022662872533397455 -0.010324204341394902 0.0026671724747183989 0.0611334603908254 0.029361933336763048 -0.042768120485891903
leaf_weight=12494.456009935588 136.69923742115498 7.8895138502120998 8.0580251365900022 6.1122840493917456 168.01748903095722 330.19214557111263 19.952265575528145 164.24412854015827 4.5866839140653601 6.4735130667686454 26.277497142553329 9.9813169091939908
leaf_count=41109 413 24 40 22 489 1043 56 516 15 16 77 34
internal_value=0.000147316 0.00822706 3.2618e-05 0.000175514 0.013313 -2.86327e-06 -0.00940382 -0.00675102 -0.0480473 0.011805 0.0098456 -0.0256984
internal_weight=13382.9 187.321 13195.6 12998.8 174.13 12824.6 196.841 184.196 12.6447 169.45 162.977 17.8708
internal_count=43854 564 43290 42663 511 42152 627 572 55 506 490 58
is_linear=0
shrinkage=0.05


Tree=107
num_leaves=15
num_cat=0
split_feature=11 11 11 3 4 4 3 7 3 9 9 10 4 5
split_gain=4.81209 11.5809 14.6637 14.4314 19.4351 13.7691 11.9278 11.427 10.9267 12.2095 18.2057 12.6283 11.7602 14.3045
threshold=-0.00038109263694519052 8.4035111622693406e-05 0.0001267875914057193 -0.30699999999999689 -0.034466666666666985 -0.24169999999999922 -0.13580000000000078 0.016133333333334197 -0.024799999999999819 0.39950000000000008 0.33450000000000008 -0.000211380292164387 0.12913333333333313 0.020166666666666912
decision_type=2 2 2 2 2 2 2 2 2 2 2 2 2 2
left_child=8 3 7 5 -5 -2 -4 -3 12 10 -10 -11 13 -1
right_child=1 2 6 4 -6 -7 -8 -9 9 11 -12 -13 -14 -15
leaf_value=-8.1896126838203979e-05 -0.0027436271892961558 0.041597251532057372 0.013097646198471594 0.0050941441131757545 -0.0030004264949656605 -0.037092476679447033 0.00030627610701736249 0.009329872173474819 0.0051598187757012064 -0.028532618952515239 0.056802874703074116 0.002840795718133695 0.014524634349898261 -0.012714121426306747
leaf_weight=1443.9697288274765 60.22361359000206 34.320730909705162 190.7385910153389 894.72542457282543 4331.4166957177222 56.591739520430565 4094.5639110952616 136.8051586151123 1609.7360708415508 54.537998393177986 17.24857921898365 77.873051792383194 114.27968344092369 265.2770641297102
leaf_count=4394 186 101 559 2821 16084 194 12672 411 4804 182 43 233 334 836
internal_value=0.00013999 -0.000433321 0.00144876 -0.00200312 -0.00161462 -0.0193841 0.000875619 0.0158014 0.00170801 0.00451907 0.00570732 -0.0100814 -0.00100418 -0.00204243
internal_weight=13382.3 9799.39 4456.43 5342.96 5226.14 116.815 4285.3 171.126 3582.92 1759.4 1626.98 132.411 1823.53 1709.25
internal_count=43854 33028 13743 19285 18905 380 13231 512 10826 5262 4847 415 5564 5230
is_linear=0
shrinkage=0.05


Tree=108
num_leaves=15
num_cat=0
split_feature=12 12 7 5 2 3 0 7 10 9 4 11 5 11
split_gain=4.76707 23.1772 23.55 14.5816 13.9501 14.9687 14.557 15.5442 12.3141 11.0738 10.3467 7.1505 16.8343 10.3593
threshold=0.9999999919871797 0.99999998944444479 0.80813333333333393 0.063700000000000687 1.5000000000000002 0.014000000000000045 0.036500000000000012 0.0072000000000009062 0.00021285744086219085 -0.95449999999999979 -0.0072000000000003771 -0.0032144615057716481 0.15315000000000059 -0.0030874076197207052
decision_type=2 2 2 2 2 2 2 2 2 2 2 2 2 2
left_child=1 11 3 -3 5 8 10 -8 -2 -7 -6 12 -1 -13
right_child=4 2 -4 -5 6 9 7 -9 -10 -11 -12 13 -14 -15
leaf_value=-0.0028621436796344682 0.015627571993636995 -0.0088382392334736739 0.047503939626861343 -0.033478117264302554 -0.028325113114255996 -0.046405884451239054 0.069054944346913172 0.00037131185219964748 -0.0022035417443169746 0.0016354821246040133 -0.0057176054053317896 0.026795602101278862 -0.036556565948752354 0.00040505412686380577
leaf_weight=381.23800458014011 446.60820944607258 487.68333466351032 17.216792657971382 68.474119231104851 75.360765308141708 12.215245872735975 8.3184458613395673 847.88990953564644 123.62741431593895 665.76542037725449 154.09723262488842 37.324113056063652 41.062507554888725 10011.55799805373
leaf_count=1178 1315 1612 45 241 250 43 21 2598 376 2058 495 104 140 33378
internal_value=0.000133115 -0.000300754 -0.010089 -0.0118719 0.0021863 0.00579144 -0.00195862 0.0010386 0.0117618 0.000769916 -0.0131426 0.000235225 -0.00613843 0.000503075
internal_weight=13378.4 11044.6 573.374 556.157 2333.88 1248.22 1085.67 856.208 570.236 677.981 229.458 10471.2 422.301 10048.9
internal_count=43854 36698 1898 1853 7156 3792 3364 2619 1691 2101 745 34800 1318 33482
is_linear=0
shrinkage=0.05


Tree=109
num_leaves=15
num_cat=0
split_feature=8 2 2 1 0 11 1 3 9 10 10 10 8 6
split_gain=4.73215 16.7852 11.2393 12.8871 9.58507 7.65949 8.36058 7.43436 7.27671 7.10966 6.85598 8.19512 6.0798 4.47772
threshold=0.001000000000000002 1.5000000000000002 6.5000000000000009 -1.2819999999999998 0.0025000000000000005 -0.0063259627913347929 0.029500000000000012 -0.0036000000000007103 -0.12049999999999998 -0.010946723351834551 0.0090780995012806915 0.0048632322031783035 -1.4889999999999997 0.7889000000000006
decision_type=2 2 2 2 2 2 2 2 2 2 2 2 2 2
left_child=2 7 3 12 -5 13 -7 8 -2 -9 11 -4 -1 -3
right_child=1 5 10 4 -6 6 -8 9 -10 -11 -12 -13 -14 -15
leaf_value=-0.012644613314357848 0.015380514619049388 0.038937441362213658 0.010003145169270047 0.016263699469517376 -0.00073978402102083118 -0.0064105656072749361 0.00031751056840180746 -0.03145957652173053 0.00032681123042077348 0.0083857818067042192 0.049230416949612839 -0.047851691931309108 -0.0439386161027914 -0.0014751670917552469
leaf_weight=77.66565515100956 88.583694979548454 18.38786688446999 220.13392747938633 83.662463083863258 8882.5870932675898 682.91135121881962 1425.6882904171944 11.324170142412184 856.03256958723068 983.34384532272816 10.767127692699431 6.2959697842597953 19.396738842129707 10.92774750292301
leaf_count=245 257 49 688 252 29966 2185 4338 38 2636 3048 29 22 67 34
internal_value=0.000126534 0.00154684 -0.000496104 -0.000777293 -0.000581128 -0.00150863 -0.00186151 0.00491526 0.00173851 0.00793215 0.0102481 0.00839447 -0.0188983 0.0238732
internal_weight=13377.7 4077.2 9300.51 9063.31 8966.25 2137.92 2108.6 1939.28 944.616 994.668 237.197 226.43 97.0624 29.3156
internal_count=43854 12585 31269 30530 30218 6606 6523 5979 2893 3086 739 710 312 83
is_linear=0
shrinkage=0.05


Tree=110
num_leaves=15
num_cat=0
split_feature=7 7 5 5 0 7 6 7 0 4 0 6 6 11
split_gain=4.61639 17.6172 17.2963 14.3561 5.59908 5.11431 23.6733 21.2533 23.0907 19.8673 15.1851 5.73275 4.20572 6.46384
threshold=0.003400000000000711 0.003200000000001466 -0.0070999999999996318 -0.0035666666666661936 0.0085000000000000023 0.0067666666666674228 0.0052000000000000561 0.0078666666666673199 0.0035000000000000005 -0.0046666666666666636 0.0065000000000000014 0.0098000000000024439 0.0036000000000000012 -4.2838661036270757e-05
decision_type=2 2 2 2 2 2 2 2 2 2 2 2 2 2
left_child=1 2 4 -4 -1 6 9 8 -7 -2 -8 -9 13 -3
right_child=5 12 3 -5 -6 7 10 11 -10 -11 -12 -13 -14 -15
leaf_value=0.028597753461395606 0.057300048516484098 0.034161278401289637 -0.039844294006622046 -0.0031989023422048461 -0.025841321670554848 -0.035456421871462494 -0.017285055851623772 0.0025448107440635471 -0.0029707881316194777 0.0080697843644224176 0.0083746045455339712 -0.00021135782216571291 -0.06317951885398336 -0.04000939007104732
leaf_weight=51.507984310388565 21.316224575042725 3.623115777969363 28.947237595915794 348.32167820632458 5.2000192850828162 86.084083423018456 167.30434317141771 2353.3729500621557 150.0447264611721 530.91697857528925 87.976929813623428 9513.1461618691683 12.589466474950312 15.520941585302355
leaf_count=192 58 10 150 1685 17 348 650 8045 534 2033 270 29700 70 92
internal_value=0.000120316 -0.00477035 -0.00214065 -0.00601064 0.0236058 0.000296738 0.00414942 3.96794e-05 -0.0148139 0.00997007 -0.00844203 0.000335247 -0.0407333 -0.0259722
internal_weight=13375.9 465.71 433.977 377.269 56.708 12910.2 807.514 12102.6 236.129 552.233 255.281 11866.5 31.7335 19.1441
internal_count=43854 2216 2044 1835 209 41638 3011 38627 882 2091 920 37745 172 102
is_linear=0
shrinkage=0.05


Tree=111
num_leaves=14
num_cat=0
split_feature=4 5 5 7 0 3 5 6 6 5 6 10 5
split_gain=4.50089 8.43294 12.6235 11.6679 8.17919 7.85364 7.08085 12.6473 25.6364 12.0772 10.6205 7.66306 6.98734
threshold=0.28416666666666629 0.12206666666666732 0.11238333333333379 0.30613333333333453 0.21050000000000005 -0.4136999999999969 0.08966666666666713 0.004800000000000893 0.0060000000000000114 0.082783333333333833 0.0061999999999999122 0.020991722362873059 0.1340000000000004
decision_type=2 2 2 2 2 2 2 2 2 2 2 2 2
left_child=6 2 4 -3 -2 -5 9 12 -9 11 -11 -1 -8
right_child=1 3 -4 5 -6 -7 7 8 -10 10 -12 -13 -14
leaf_value=0.00016838647690573566 -0.01384468003792119 -0.053974844343553 0.082308947552763828 0.040934349103440168 0.034253249866938201 0.0025691490782469646 -0.0080653322337961072 0.040771725126848832 -0.0040739032655422959 0.061905014591721645 0.01137889793566821 -0.029499481560765942 -0.046855378832478395
leaf_weight=11365.38802773878 16.079326599836349 8.9943881481885892 7.9367914497852317 13.619890019297598 19.629096895456314 647.72426560521126 21.234138242900372 32.834547325968742 1082.7176814973354 11.603775590658186 100.29605856537819 21.80732287466526 25.612898856401443
leaf_count=37608 51 35 18 38 54 1958 86 102 3393 30 302 72 107
internal_value=0.000114067 0.00397651 0.0252723 0.00258996 0.012595 0.00335925 -0.000103737 -0.00382272 -0.00275394 0.000272201 0.0166183 0.00011157 -0.0292732
internal_weight=13375.5 713.984 43.6452 670.339 35.7084 661.344 12661.5 1162.4 1115.55 11499.1 111.9 11387.2 46.847
internal_count=43854 2154 123 2031 105 1996 41700 3688 3495 38012 332 37680 193
is_linear=0
shrinkage=0.05


Tree=112
num_leaves=12
num_cat=0
split_feature=11 8 3 6 6 4 12 11 5 9 12
split_gain=4.50059 11.0082 10.8329 12.3116 17.1076 11.4215 9.30217 16.44 11.9348 7.75253 5.16947
threshold=0.0011838638719952057 11.047000000000002 -0.36410000000000031 0.33220000000000366 0.24430000000000004 0.20136666666666758 0.90305064304146054 -8.5670119704950296e-05 0.26021666666666671 -0.21749999999999994 0.93715659260983009
decision_type=2 2 2 2 2 2 2 2 2 2 2
left_child=1 6 9 4 -4 -5 8 -8 -1 -2 -11
right_child=2 -3 3 5 -6 -7 7 -9 -10 10 -12
leaf_value=0.0019187507396827279 -0.007004383980541061 0.044545559100096471 0.0022333347320797991 -0.011767196068200144 0.019143988023696497 0.0021828661688884005 0.0023754252441367217 -0.0031818921856160269 -0.0091607623045952321 0.058553185805907307 0.016283095630495212
leaf_weight=4551.1032341867685 11.672586157917975 13.67676831781864 1276.5656856745481 276.34469504654408 169.40403220057487 312.82285062968731 1871.6455540060997 4605.2590851262212 256.77427193522453 17.479813829064373 12.338675513863562
leaf_count=14430 38 37 3872 871 483 940 5626 16668 809 44 36
internal_value=0.000108389 -0.000284823 0.00224776 0.00173213 0.00421452 -0.00436031 -0.000339156 -0.00157598 0.00132703 0.0275397 0.0410621
internal_weight=13375.1 11298.5 2076.63 2035.14 1445.97 589.168 11284.8 6476.9 4807.88 41.4911 29.8185
internal_count=43854 37570 6284 6166 4355 1811 37533 22294 15239 118 80
is_linear=0
shrinkage=0.05


Tree=113
num_leaves=15
num_cat=0
split_feature=5 7 10 11 0 0 5 5 5 11 12 10 7 9
split_gain=4.56603 10.0015 11.9109 10.7977 10.0094 9.24875 8.06654 14.8817 20.1812 8.28853 9.237 8.22428 6.64095 4.9028
threshold=-0.32338333333333286 1.8136666666666683 0.0010609437943842617 -0.0047587246317581924 0.021500000000000005 1.6700000000000002 -0.11249999999999945 -0.063616666666666141 -0.067316666666666178 -0.0051352811003102508 -0.99999998166666704 -0.0023558412554525172 0.69833333333333425 0.49350000000000011
decision_type=2 2 2 2 2 2 2 2 2 2 2 2 2 2
left_child=1 2 3 -1 -3 -6 9 8 -8 12 -11 -9 -2 -4
right_child=6 4 13 -5 5 -7 7 11 -10 10 -12 -13 -14 -15
leaf_value=0.020816628312059569 -0.034610819007533489 -0.050094873917314722 0.019793146395407673 -0.016697145485251943 0.032359001223398097 -0.019654919193526882 -0.0035826707908284006 0.0041795972221053447 -0.027139338667680341 0.013714321085854639 0.0025226963929275222 -7.7497861219797727e-05 0.011146644352107382 -0.011883551179226659
leaf_weight=20.905352532863617 23.407085806131363 5.4730960130691519 44.058888390660286 232.66329101845622 39.482499167323112 10.907447457313536 829.91803465783596 1282.8281935453415 102.10614860057831 252.34113617241383 684.43619509041309 9813.0773982480168 11.991966620087622 16.901159539818764
leaf_count=62 79 25 125 811 108 37 2618 3881 352 728 2118 32821 36 53
internal_value=0.000103084 -0.00537096 -0.00883358 -0.0136043 0.0141248 0.0211 0.000259047 -9.50458e-05 -0.00616338 0.00463994 0.0055374 0.000414677 -0.0191098 0.0110108
internal_weight=13370.5 370.392 314.529 253.569 55.863 50.3899 13000.1 12027.9 932.024 972.176 936.777 11095.9 35.3991 60.96
internal_count=43854 1221 1051 873 170 145 42633 39672 2970 2961 2846 36702 115 178
is_linear=0
shrinkage=0.05


Tree=114
num_leaves=15
num_cat=0
split_feature=12 0 4 6 6 2 9 7 5 4 12 12 9 10
split_gain=4.58637 14.9171 10.29 12.6646 7.83119 11.0668 8.04103 5.95413 12.4733 12.8577 5.72462 10.1575 7.94515 4.57745
threshold=-0.99999999958419761 0.31150000000000011 0.098133333333333253 0.059400000000000279 0.11380000000000011 3.5000000000000004 -0.33449999999999991 0.16906666666666803 -0.29148333333333259 -0.12726666666666639 -0.9999999964901477 -0.99999999393382344 -0.18949999999999997 0.0010609437943842617
decision_type=2 2 2 2 2 2 2 2 2 2 2 2 2 2
left_child=1 2 3 -1 6 -6 -3 8 13 -10 12 -12 -9 -2
right_child=7 4 -4 -5 5 -7 -8 10 9 -11 11 -13 -14 -15
leaf_value=0.013410982106754912 -0.028108762690577743 0.003788169345705627 0.011301255752132443 -0.051334646258033939 -0.012561272375741986 0.0055435998446584393 0.047596328431339693 0.022930786687163269 -0.015899036582995411 -2.0271001276539638e-06 -0.011582653037285909 0.002051776663822297 0.0041028637122196687 0.0066688830961671988
leaf_weight=9.398590683937071 54.380226418375969 33.504427909851074 13.161574378609656 38.458966538310051 177.49671280384064 160.9347221404314 15.238949730992315 73.25070509314537 128.95191815495491 9337.5386913493276 143.27398411929607 2933.0282837003469 238.36998511850834 11.454549342393873
leaf_count=27 229 100 38 136 557 483 39 204 420 31483 447 8951 706 34
internal_value=9.80018e-05 -0.00487441 -0.0278518 -0.0386195 -0.00125315 -0.00395184 0.0174842 0.000270491 -0.000369407 -0.000218575 0.00207092 0.00141677 0.00852862 -0.0220578
internal_weight=13368.4 448.194 61.0191 47.8576 387.175 338.431 48.7434 12920.2 9532.33 9466.49 3387.92 3076.3 311.621 65.8348
internal_count=43854 1380 201 163 1179 1040 139 42474 32166 31903 10308 9398 910 263
is_linear=0
shrinkage=0.05


Tree=115
num_leaves=15
num_cat=0
split_feature=12 2 11 10 8 11 8 3 7 5 11 7 0 7
split_gain=4.40228 12.2057 11.1166 11.6548 9.02246 8.67296 7.46123 6.41597 12.5558 21.1868 13.2566 8.77567 16.7621 15.1345
threshold=0.99999999963302633 3.5000000000000004 0.002570381030100322 0.00021158826616352047 -0.35249999999999992 0.0040051493479809084 4.4744999999999999 0.011800000000002659 0.017533333333334147 -0.0029999999999999406 -0.0032144615057716481 1.1453333333333344 0.0075000000000000006 0.97673333333333479
decision_type=2 2 2 2 2 2 2 2 2 2 2 2 2 2
left_child=7 4 3 -3 -2 -6 -4 11 9 -9 -10 13 -13 -1
right_child=1 2 6 -5 5 -7 -8 8 10 -11 -12 12 -14 -15
leaf_value=0.00065001569295405242 -0.039879199642840125 0.024783735348341624 0.017218055664066138 -0.017468334291683828 0.013457401788154466 -0.032494787171562595 -0.035943318791621506 -0.040940504224719218 -0.029694320303489997 -0.005272328208705059 -0.00071905912672469126 -0.073560457808012555 -0.0069669053333823051 0.02789154636867662
leaf_weight=8963.1043862663209 8.6276234686374647 18.61494205892086 63.743171140551567 132.4500849545002 310.02536655962467 10.619956597685812 7.3625614643096915 52.239543437957764 39.943310052156448 205.0658500790596 3364.4751793444157 10.195356190204619 129.15307846665382 51.276864096522331
leaf_count=29900 30 53 186 423 917 36 25 213 132 729 10604 53 407 146
internal_value=9.31321e-05 0.00446744 -0.00458852 -0.0122618 0.0105778 0.0119354 0.0117135 -9.50927e-05 -0.00186394 -0.0125139 -0.00105902 0.000612491 -0.0118392 0.000804975
internal_weight=13366.9 551.444 222.171 151.065 329.273 320.645 71.1057 12815.5 3661.72 257.305 3404.42 9153.73 139.348 9014.38
internal_count=43854 1670 687 476 983 953 211 42184 11678 942 10736 30506 460 30046
is_linear=0
shrinkage=0.05


Tree=116
num_leaves=14
num_cat=0
split_feature=10 9 3 11 12 2 3 4 4 2 6 9 11
split_gain=4.22387 15.5622 14.5574 11.0724 10.9139 11.4687 10.9817 10.3304 12.4412 8.36955 7.5507 4.8048 3.8547
threshold=0.0025259674765631961 1.0005000000000004 0.075800000000004975 0.0040051493479809084 0.99999999995331479 12.500000000000002 0.052000000000000719 0.0682666666666676 0.023766666666666884 7.5000000000000009 1.9430000000000005 -1.3574999999999997 0.0003000502580818854
decision_type=2 2 2 2 2 2 2 2 2 2 2 2 2
left_child=4 2 10 -4 5 6 -1 8 -3 -9 -2 -7 -6
right_child=1 7 3 -5 12 11 -8 9 -10 -11 -12 -13 -14
leaf_value=0.00020558482952392956 0.00079940558203440656 -0.014835543692655093 0.016779493414778242 -0.002767788748159015 0.01401071506556208 0.028066840381916161 -0.0041306983043281715 0.0093352541534519034 -0.067017876064709603 -0.01254409097430685 0.034220416561731061 -0.0039825839897261435 0.05875425709465007
leaf_weight=9779.9656271636486 1091.9711778014898 75.429128170013428 317.94576939940453 93.823433518409729 9.2403183132410067 50.022378146648407 1716.306451998651 85.849711284041405 13.460779696702955 89.045807585120201 17.165725097060204 15.262366741895674 10.047904893755911
leaf_count=32774 3295 239 907 286 27 159 5466 253 49 278 48 48 25
internal_value=8.85106e-05 0.00235274 0.0042972 0.0123256 -0.000260424 -0.000323118 -0.000441789 -0.00885839 -0.0227376 -0.00180433 0.00131665 0.0205743 0.0373192
internal_weight=13365.5 1784.69 1520.91 411.769 11580.8 11561.6 11496.3 263.785 88.8899 174.896 1109.14 65.2847 19.2882
internal_count=43854 5355 4536 1193 38499 38447 38240 819 288 531 3343 207 52
is_linear=0
shrinkage=0.05


Tree=117
num_leaves=11
num_cat=0
split_feature=3 3 8 6 2 6 0 7 10 8
split_gain=4.22986 10.1548 10.2661 11.0524 7.26941 9.70767 7.02898 6.29893 5.78861 5.62521
threshold=0.7053000000000027 0.48460000000000464 -2.5914999999999995 0.60980000000000112 12.500000000000002 0.82630000000000092 0.0025000000000000005 0.17180000000000131 0.025076384180222625 -6.5374999999999988
decision_type=2 2 2 2 2 2 2 2 2 2
left_child=1 4 -3 -4 5 -1 -2 -6 9 -8
right_child=6 2 3 -5 7 -7 8 -9 -10 -11
leaf_value=0.00021800059576076032 0.062467665204997462 -0.065675980499195236 -0.033027153481500364 4.583326518321811e-05 0.061323938819321966 -0.0084917424781909348 -0.015898307479798781 0.011089327593322809 -0.037139381941271268 0.0080935787254449616
leaf_weight=12522.329752966762 5.3823614269495001 8.9731823056936246 36.600771427154541 81.533520728349686 6.8946251124143592 328.31001579761505 26.827718079090118 65.7466651648283 8.0016400963067991 273.53244544565678
leaf_count=41250 13 33 123 247 18 1033 86 214 27 810
internal_value=8.42424e-05 -5.36813e-05 -0.0141172 -0.010201 8.46413e-05 -4.51719e-06 0.00582127 0.0158573 0.00483252 0.00595066
internal_weight=13364.1 13050.4 127.107 118.134 12923.3 12850.6 313.744 72.6413 308.362 300.36
internal_count=43854 42918 403 370 42515 42283 936 232 923 896
is_linear=0
shrinkage=0.05


Tree=118
num_leaves=15
num_cat=0
split_feature=7 4 5 11 7 7 5 3 5 11 5 5 5 4
split_gain=4.20597 19.8259 14.2536 11.4922 9.08002 20.0897 14.1507 30.6926 12.0276 11.6066 7.44945 9.48636 7.10731 4.71474
threshold=0.0030000000000000447 -0.0022000000000004746 -0.067316666666666178 4.283577086816593e-05 0.0031333333333347342 0.003400000000000711 0.0025000000000004624 -0.0025999999999953886 0.0021000000000004817 0.00021209779954567412 -0.0014666666666661946 -0.007699999999999361 0.012500000000000329 0.0060666666666663793
decision_type=2 2 2 2 2 2 2 2 2 2 2 2 2 2
left_child=1 10 -3 -4 6 8 9 -8 -6 -2 11 -1 -12 -7
right_child=4 2 3 -5 5 13 7 -9 -10 -11 12 -13 -14 -15
leaf_value=0.024494345077735659 0.039121987013211977 0.078019341707575365 -0.0062791727927558744 0.020898924814616374 -0.010255472832256238 0.0010901046104251143 0.072962236082568563 -0.042562409572391158 -0.053996293913018391 -0.023246740047434048 0.036845598062776014 -0.037937091690403588 -0.035157349266837251 -0.00083692760837432943
leaf_weight=6.6956580728292456 51.251775830984116 6.042335793375968 164.30721369385719 50.959505572915077 40.02959144487977 7259.7521219924092 7.8014481067657497 21.858264625072479 25.874853014945984 8.7301791459321958 8.3683306723833066 66.673159569501877 5.8044526427984229 5639.9968786388636
leaf_count=28 201 17 806 161 182 23236 23 112 168 31 42 415 30 18402
internal_value=8.01052e-05 -0.00568692 0.00228054 0.000154624 0.000216536 0.000106894 0.016075 -0.0121758 -0.0274286 0.0300444 -0.025829 -0.0322396 0.00735685 0.000247572
internal_weight=13364.1 308.851 221.309 215.267 13055.3 12965.7 89.6417 29.6597 65.9044 59.982 87.5416 73.3688 14.1728 12899.7
internal_count=43854 1499 984 967 42355 41988 367 135 350 232 515 443 72 41638
is_linear=0
shrinkage=0.05


Tree=119
num_leaves=15
num_cat=0
split_feature=12 0 4 6 11 11 6 12 4 11 7 8 12 8
split_gain=4.23184 13.3936 9.54406 10.0822 7.14827 11.3927 11.0387 5.63201 11.9583 10.9999 10.8288 18.7921 9.38166 2.66509
threshold=-0.99999999958419761 0.31150000000000011 0.17730000000000071 0.059400000000000279 4.2048784996140405e-05 0.0028256483394084602 0.10500000000000054 0.90305064304146054 1.1417666666666679 0.0011838638719952057 0.0030000000000000447 -1.0000000180025095e-35 0.13367697565371223 1.0000000180025095e-35
decision_type=2 2 2 2 2 2 2 2 2 2 2 2 2 2
left_child=1 2 3 -1 6 -6 -3 10 9 -9 11 -2 -12 -10
right_child=7 4 -4 -5 5 -7 -8 8 13 -11 12 -13 -14 -15
leaf_value=0.01265430698267927 0.020854658951889964 0.021357421584748213 0.023333259005640129 -0.044503547612020689 0.020343061411034022 -0.024303157342288592 -0.0084699322528854412 -0.0015817453846497102 0.042181311806142652 0.0036791303129863314 0.00103502252063072 -0.025604723820833536 0.0074983982681051916 0.016363380703717772
leaf_weight=9.3867611289024335 29.25043086707592 35.157010138034821 8.3085289448499662 43.323032513260841 70.145683363080025 17.944112420082092 263.55243563652039 6452.8363166637719 15.346761047840117 1174.4394211620092 4486.5932946801186 85.057575300335884 641.74247127771378 28.666620418429375
leaf_count=27 93 99 23 151 198 58 824 22248 40 3551 14050 507 1903 82
internal_value=7.57827e-05 -0.00470261 -0.0264737 -0.0343247 -0.00126817 0.0112485 -0.00495936 0.000241483 -0.000621721 -0.000771682 0.00150456 -0.0137162 0.00184383 0.0253657
internal_weight=13361.8 447.818 61.0183 52.7098 386.799 88.0898 298.709 12913.9 7671.29 7627.28 5242.64 114.308 5128.34 44.0134
internal_count=43854 1380 201 178 1179 256 923 42474 25921 25799 16553 600 15953 122
is_linear=0
shrinkage=0.05


Tree=120
num_leaves=15
num_cat=0
split_feature=12 12 5 8 2 3 0 7 4 3 7 6 4 3
split_gain=4.20916 15.0518 16.9966 18.6605 12.7864 13.604 11.7782 14.2093 11.3838 9.41787 7.01277 7.54451 5.87822 3.7242
threshold=0.99999999258241778 0.99999998944444479 0.39388333333333392 -0.00099999999999999937 1.5000000000000002 -0.90920000000000045 0.036500000000000012 0.0072000000000009062 -0.0025333333333336879 0.014000000000000045 2.2747333333333351 0.18940000000000012 0.081800000000000414 0.0099999999999992976
decision_type=2 2 2 2 2 2 2 2 2 2 2 2 2 2
left_child=1 10 3 -3 5 -2 8 -8 -6 -7 12 -12 -1 -4
right_child=4 2 13 -5 6 9 7 -9 -10 -11 11 -13 -14 -15
leaf_value=-0.00018729251968720425 0.054051535209145289 -0.028400373689694516 0.062566780177486667 -0.0052534730310592947 -0.02697441496475424 0.010661704191851232 0.065967918081919305 0.00021246738751871998 -0.0033505828572393663 0.0012302432972044596 -0.061596484627834729 -0.009514479966435771 0.0033020609873929312 0.019699725665461788
leaf_weight=8978.5167055875063 14.463776618242262 101.59227550029755 8.5109157264232653 609.1958846449852 81.375211298465729 460.25402063131332 8.2963023632764799 846.25387892127037 136.59301947057247 622.93120762705803 7.6656649559736243 74.832515016198158 1394.4189696758986 12.520244657993315
leaf_count=30240 37 354 21 1982 270 1369 21 2598 437 1929 29 237 4294 36
internal_value=7.20038e-05 -0.000318919 -0.00725112 -0.00856184 0.00208722 0.00588097 -0.00179542 0.000850847 -0.0121702 0.00523775 0.000166294 -0.0143539 0.000281776 0.0370472
internal_weight=13357.4 11187.3 731.819 710.788 2170.17 1097.65 1072.52 854.55 217.968 1083.19 10455.4 82.4982 10372.9 21.0312
internal_count=43854 37193 2393 2336 6661 3335 3326 2619 707 3298 34800 266 34534 57
is_linear=0
shrinkage=0.05


Tree=121
num_leaves=15
num_cat=0
split_feature=5 7 3 6 5 1 7 4 7 11 7 11 7 7
split_gain=3.96242 9.67626 12.1732 11.3479 8.89504 8.65576 7.83204 14.0399 11.3791 7.11596 11.6049 11.017 6.18848 22.6368
threshold=-0.29148333333333259 0.24170000000000166 -0.088799999999997672 0.23310000000000058 -0.21281666666666613 -1.0000000180025095e-35 0.08293333333333483 -0.029466666666666908 0.59203333333333508 0.00085518523143646174 1.8136666666666683 0.0010279528212508995 0.56850000000000123 0.44430000000000097
decision_type=2 2 2 2 2 2 2 2 2 2 2 2 2 2
left_child=1 2 3 -1 6 -4 7 -2 -8 10 -3 -11 13 -6
right_child=4 9 5 -5 12 -7 8 -9 -10 11 -12 -13 -14 -15
leaf_value=0.045587103491893384 0.057590041039124164 -0.0089113449212802464 -0.053795824517934181 -0.025839476152391367 -5.1125744503596328e-05 -0.016379463655895005 -0.0018120026869686398 -0.0015063181092461317 0.025357373623281321 0.069459193617712855 0.018977958782480171 0.0064145083569241675 -0.0047084163313279607 0.013564267136001756
leaf_weight=12.032056450843813 21.474759876728058 226.66199952363968 24.354047849774361 10.339203029870985 11736.232712700963 42.309915021061897 139.21458362042904 18.892022579908371 53.289753586053848 7.914587825536727 44.646864622831345 55.680313974618912 649.21381993591785 313.43086719512939
leaf_count=32 54 734 93 35 38838 179 431 60 151 19 136 167 2011 914
internal_value=6.84732e-05 -0.0046881 -0.0193386 0.0125763 0.000224407 -0.0300486 0.00990808 0.0299324 0.00570912 -0.000793225 -0.00432185 0.0142606 4.68283e-05 0.000303032
internal_weight=13355.7 423.939 89.0352 22.3713 12931.7 66.664 232.871 40.3668 192.504 334.904 271.309 63.5949 12698.9 12049.7
internal_count=43854 1395 339 67 42459 272 696 114 582 1056 870 186 41763 39752
is_linear=0
shrinkage=0.05


Tree=122
num_leaves=15
num_cat=0
split_feature=0 11 5 3 0 5 7 4 5 5 6 8 9 8
split_gain=3.87117 9.48767 7.59992 11.9339 5.95477 17.8128 14.2203 12.8873 6.72455 13.6878 12.4224 3.8139 5.32825 4.5072
threshold=0.0025000000000000005 -0.0015401509694312752 0.024533333333333945 -0.11409999999999725 0.0035000000000000005 -0.15046666666666608 0.027100000000001456 -0.0065333333333325522 0.024533333333333945 0.025433333333333748 0.026400000000002463 0.0050000000000000036 -0.046499999999999986 0.095500000000000015
decision_type=2 2 2 2 2 2 2 2 2 2 2 2 2 2
left_child=1 2 3 -1 5 6 -2 -7 10 -10 -6 12 -3 -13
right_child=4 11 -4 -5 8 7 -8 -9 9 -11 -12 13 -14 -15
leaf_value=0.0034176567089126719 0.079641082673005181 0.042612823447409937 0.015285137869536034 -0.087599819071125767 0.0036448654322156619 -0.010581499385032313 0.013677371045605222 -0.0011120995180422979 -0.031064089360720078 -0.0010443362124426369 -0.00046493711733544226 -0.037661628841084843 0.011040145420539835 0.016620412325666436
leaf_weight=6.8181016147136688 9.7782021760940534 14.967551365494726 8.3383852988481504 7.6335797309875506 3189.6608641408384 462.94134864211082 49.687311947345734 1604.8978286683559 38.390495389699936 3480.3742634132504 4341.0595531314611 8.0407878011465055 124.64643290638924 7.2923304587602606
leaf_count=21 23 41 24 30 10530 1583 155 6428 137 11028 13405 28 400 21
internal_value=6.51157e-05 0.00739492 -0.0227268 -0.044659 -3.37535e-05 -0.0024562 0.0245241 -0.00323208 0.000432628 -0.00137186 0.00127578 0.0118253 0.0144249 -0.0118454
internal_weight=13354.5 177.737 22.7901 14.4517 13176.8 2127.3 59.4655 2067.84 11049.5 3518.76 7530.72 154.947 139.614 15.3331
internal_count=43854 565 75 51 43289 8189 178 8011 35100 11165 23935 490 441 49
is_linear=0
shrinkage=0.05


Tree=123
num_leaves=13
num_cat=0
split_feature=12 4 7 8 5 10 12 1 6 7 6 10
split_gain=3.91794 7.46057 12.3994 16.9012 9.16128 5.44514 8.94037 13.1538 7.39942 15.5742 15.0818 6.88253
threshold=0.99999999923953287 1.1417666666666679 0.91196666666666881 0.31550000000000006 -0.077983333333332863 -0.00021056377397243861 -0.70245799068026382 0.021500000000000009 0.051400000000001479 0.23226666666666759 0.062200000000000089 -0.00021330011540365843
decision_type=2 2 2 2 2 2 2 2 2 2 2 2
left_child=5 2 4 -4 -2 6 11 -8 9 -7 -10 -1
right_child=1 -3 3 -5 -6 8 7 -9 10 -11 -12 -13
leaf_value=-0.0016660961763074447 0.01920946835429034 0.045592133741617386 -0.085248853140126868 -0.0057846461796324635 0.0022263607862993075 -0.00036262853463880701 0.008056205116641171 -0.0053948938253133086 -0.014053055833888314 0.009484302580031299 -0.0016180897750834899 0.0081282345968396088
leaf_weight=1495.6066761165857 90.464092686772346 10.38166208565235 8.9856275320053083 26.207180082798004 649.71061363816261 5856.5309455990791 880.32491083443165 229.03784807026386 263.89484515786171 431.11482338607311 3208.5815455764532 203.80775804817677
leaf_count=4617 265 27 35 82 1985 20765 2633 718 873 1297 9955 602
internal_value=6.1848e-05 0.00348707 0.00292332 -0.0260739 0.00430203 -0.000152281 0.00178769 0.00527911 -0.000710567 0.00031253 -0.0025631 -0.000491479
internal_weight=13354.6 785.749 775.368 35.1928 740.175 12568.9 2808.78 1109.36 9760.12 6287.65 3472.48 1699.41
internal_count=43854 2394 2367 117 2250 41460 8570 3351 32890 22062 10828 5219
is_linear=0
shrinkage=0.05


Tree=124
num_leaves=15
num_cat=0
split_feature=6 10 7 5 6 7 3 3 5 1 9 11 2 9
split_gain=3.89987 8.01055 6.74909 10.8043 9.5246 7.73464 7.32993 10.5345 7.01011 5.62395 5.86361 4.69878 2.67004 2.93928
threshold=2.214600000000003 0.011882356222525649 1.1453333333333344 0.4220666666666672 0.0098000000000024439 0.97673333333333479 0.20169999999999963 0.30650000000000283 -0.87498333333333278 0.0090000000000000063 0.013000000000000006 0.001455963451530984 40.500000000000007 3.7295000000000003
decision_type=2 2 2 2 2 2 2 2 2 2 2 2 2 2
left_child=2 9 3 5 -5 -1 8 -8 -4 10 -2 -11 13 -3
right_child=1 12 6 4 -6 -7 7 -9 -10 11 -12 -13 -14 -15
leaf_value=-0.00015904437121735319 0.0070647510090063141 -0.014224516242523312 0.016236077768022814 0.054403548916853867 0.0092191186708280113 0.01715975097267473 0.041582529960823206 -0.0074332668102190455 -0.019158463250240856 0.034096386976047527 -0.032239918586950099 0.0086639757073702951 0.003445387977227619 -0.063539854991703448
leaf_weight=12732.682927899063 84.247189909219742 6.2928217500448245 15.73578332364559 12.57575950026512 160.68352039158344 64.796200886368752 15.272548153996466 38.836263373494148 126.03341686725616 35.591419756412506 10.693335995078085 37.084934800863266 5.7631140500307074 5.8120945394039154
leaf_count=41964 261 20 48 33 478 188 40 120 419 98 37 110 17 21
internal_value=5.88628e-05 0.00725838 -4.25604e-05 9.65521e-05 0.0124988 -7.13558e-05 -0.00925437 0.00640175 -0.0152298 0.0106509 0.00263779 0.0211189 -0.0245665 -0.0379029
internal_weight=13352.1 185.485 13166.6 12970.7 173.259 12797.5 195.878 54.1088 141.769 167.617 94.9405 72.6764 17.868 12.1049
internal_count=43854 564 43290 42663 511 42152 627 160 467 506 298 208 58 41
is_linear=0
shrinkage=0.05


Tree=125
num_leaves=15
num_cat=0
split_feature=11 11 2 1 4 5 3 6 4 7 4 0 4 4
split_gain=3.86674 10.4145 12.0381 11.046 10.9893 23.526 16.2372 10.1833 9.73893 25.9761 17.8459 15.4131 12.9426 18.7791
threshold=-0.00038109263694519052 -0.00080757183958279899 1.5000000000000002 0.0070000000000000027 0.1130666666666668 0.020166666666666912 -0.0049999999999999758 0.0052000000000000561 -0.034466666666666985 0.052933333333334172 -0.045199999999999414 0.0055000000000000005 -0.0082666666666667121 -0.0030000000000004212
decision_type=2 2 2 2 2 2 2 2 2 2 2 2 2 2
left_child=1 4 3 -3 5 -1 -6 -4 9 10 -2 -11 -10 -14
right_child=8 2 7 -5 6 -7 -8 -9 12 11 -12 -13 13 -15
leaf_value=0.0012648978064483051 -0.01331836029278323 0.0060504988687127333 -0.070315637310357587 0.021279960066193648 0.020537373978611592 -0.011219467059705841 -0.0045830063569417051 -0.00088387305984016611 -0.006404937461214958 -0.0085034153649454752 0.034338921143075025 0.0034171460095981324 0.0087301503588036924 -0.0011934266442876725
leaf_weight=1944.6461493372917 24.495579645037651 440.64395953714848 5.3787612169980994 163.14449805021286 148.11272376775742 468.21714588999748 113.71684829890728 290.43180426955223 1050.1980741620064 332.85557834804058 99.172077193856239 1463.1437993198633 515.82514977455139 6291.2396491207182
leaf_count=5900 82 1302 20 461 425 1472 351 895 3443 1123 293 4452 1690 21945
internal_value=5.5984e-05 0.00146329 0.00611707 0.0101655 -0.000101951 -0.0011577 0.00962718 -0.00214636 -0.000458505 0.00273411 0.0248992 0.00120789 -0.00123852 -0.000441439
internal_weight=13351.2 3574.29 899.599 603.788 2674.69 2412.86 261.83 295.811 9776.93 1919.67 123.668 1796 7857.26 6807.06
internal_count=43854 10826 2678 1763 8148 7372 776 915 33028 5950 375 5575 27078 23635
is_linear=0
shrinkage=0.05


Tree=126
num_leaves=15
num_cat=0
split_feature=5 7 11 1 1 9 5 5 4 6 6 6 10 6
split_gain=3.95941 8.3965 10.3847 7.70093 9.61071 6.90411 6.05558 13.9263 18.5773 8.01509 10.2765 8.93489 7.13525 6.05536
threshold=-0.32338333333333286 0.067266666666667599 8.4035111622693406e-05 0.020499999999999963 0.023000000000000007 -1.3574999999999997 -0.11249999999999945 -0.063616666666666141 -0.071133333333332646 0.70520000000000149 0.0058000000000006258 2.214600000000003 -0.0023558412554525172 0.040599999999999838
decision_type=2 2 2 2 2 2 2 2 2 2 2 2 2 2
left_child=1 2 13 5 -5 -3 9 8 -8 10 -2 -11 -9 -1
right_child=6 3 -4 4 -6 -7 7 12 -10 11 -12 -13 -14 -15
leaf_value=-0.071995816638041402 -0.012404697713217366 0.010973618344759361 0.028251320367370811 0.069240934071142332 0.0053437311155056528 -0.010932706094517339 0.00036477818536663812 0.0038963977712366061 -0.013841387047140883 -0.008222910384365175 0.0078733546801723672 0.045409706095274727 -7.3408208118709941e-05 -0.018204142888774665
leaf_weight=11.754705917090183 68.357911631464958 43.245204016566277 5.6476108133792868 6.3650704324245444 77.99227848649025 213.72047652304173 515.1270285397768 1279.6937309652567 415.94644248485565 166.01036769151688 726.44001533091068 8.1466142237186414 9801.2128858417273 9.4279912039637548
leaf_count=73 231 135 19 15 233 707 1582 3881 1388 523 2183 24 32821 39
internal_value=5.32535e-05 -0.00506001 -0.0319924 -0.00294294 0.010165 -0.00724605 0.000198271 -0.000108447 -0.00598166 0.00400061 0.00612931 -0.00571411 0.00038505 -0.0480542
internal_weight=13349.1 368.153 26.8303 341.323 84.3573 256.966 12980.9 12012 931.073 968.955 794.798 174.157 11080.9 21.1827
internal_count=43854 1221 131 1090 248 842 42633 39672 2970 2961 2414 547 36702 112
is_linear=0
shrinkage=0.05


Tree=127
num_leaves=15
num_cat=0
split_feature=12 0 4 6 7 2 5 12 9 6 11 11 4 4
split_gain=3.83302 11.9501 8.63569 10.427 6.44551 9.58542 7.65666 5.35239 13.7011 6.14129 4.22234 10.2775 8.76264 4.11122
threshold=-0.99999999958419761 0.31150000000000011 0.098133333333333253 0.059400000000000279 0.057200000000001396 3.5000000000000004 -0.035433333333333129 -0.99999999947642526 -0.22699999999999992 0.070500000000002574 -0.00038109263694519052 -0.00080757183958279899 -0.034466666666666985 -0.030833333333333119
decision_type=2 2 2 2 2 2 2 2 2 2 2 2 2 2
left_child=1 2 3 -1 6 -6 -3 8 13 -10 11 -9 -12 -2
right_child=7 4 -4 -5 5 -7 -8 10 9 -11 12 -13 -14 -15
leaf_value=0.012331274720358309 0.073932109016472791 0.061159294935353971 0.010853990091985982 -0.046453422548029207 -0.010496628566056047 0.0058945289442625809 0.0040920284430066792 1.6789606777452446e-05 -0.02393109654682379 0.011006974442639724 0.0027342104431880045 0.0063965164646517568 -0.0011373552853261514 0.029916362496309551
leaf_weight=9.383662283420561 8.1979202330112475 8.6255711764097232 13.127618685364721 38.466295793652534 195.67317134141922 163.90614458918571 18.449813678860664 2431.0911260694265 18.319360986351967 40.130534127354622 1802.1986742168665 852.70543594658375 7731.1883227825165 15.034154340624807
leaf_count=27 19 21 38 136 611 492 55 7407 60 117 5594 2538 26698 41
internal_value=5.06046e-05 -0.00449793 -0.0250697 -0.0349254 -0.00125365 -0.00302509 0.0222723 0.000208454 0.012967 5.66873e-05 0.000127145 0.00167342 -0.000405472 0.0454482
internal_weight=13346.5 447.632 60.9776 47.85 386.655 359.579 27.0754 12898.9 81.682 58.4499 12817.2 3283.8 9533.39 23.2321
internal_count=43854 1380 201 163 1179 1103 76 42474 237 177 42237 9945 32292 60
is_linear=0
shrinkage=0.05


Tree=128
num_leaves=15
num_cat=0
split_feature=12 0 6 0 12 9 4 5 5 3 0 0 2 8
split_gain=3.77479 13.8978 12.6747 13.3916 10.3877 10.037 9.97004 9.42739 21.4071 7.52309 7.17313 17.4178 8.79013 3.63131
threshold=-0.99999999428104569 0.021500000000000005 0.0042000000000007318 0.018500000000000006 -0.99999998819444447 0.46950000000000008 -0.046666666666666461 0.014800000000000131 0.037800000000000625 0.073000000000003284 0.012500000000000002 0.0095000000000000032 1.5000000000000002 -0.0020000000000000009
decision_type=2 2 2 2 2 2 2 2 2 2 2 2 2 2
left_child=1 2 -1 -4 5 6 -2 9 -9 -3 11 -6 -12 -7
right_child=4 7 3 -5 10 13 -8 8 -10 -11 12 -13 -14 -15
leaf_value=0.029212523356911432 0.016840886123982862 0.00081178937611250479 0.010145175420164597 -0.027183941373910669 -0.00025751436707978158 -0.001351433874531115 0.0036401527632298767 -0.029640730894769041 -0.0012032289234390602 0.017470838219255751 0.0050731634745550709 -0.0089910723282403578 0.00011306979447667776 -0.040666021163556727
leaf_weight=14.301105082035063 188.45539103448391 894.07069650292397 29.761390596628189 124.66645556688309 5943.8719211816788 9.5635899454355258 593.46310816705227 83.058038383722305 325.63369888067245 73.327904969453812 1243.0004163086414 631.54455134272575 3174.1270758658648 15.222195759415625
leaf_count=39 538 2712 88 412 21072 29 1792 275 987 209 3792 2086 9771 52
internal_value=4.81122e-05 -0.00227602 -0.0158196 -0.0199899 0.000352399 0.00582878 0.00682175 -0.000615378 -0.00698256 0.00207453 -4.94929e-05 -0.00109634 0.00150886 -0.0254965
internal_weight=13344.1 1544.82 168.729 154.428 11799.2 806.704 781.918 1376.09 408.692 967.399 10992.5 6575.42 4417.13 24.7858
internal_count=43854 4722 539 500 39132 2411 2330 4183 1262 2921 36721 23158 13563 81
is_linear=0
shrinkage=0.05


Tree=129
num_leaves=15
num_cat=0
split_feature=5 0 8 8 0 4 4 6 5 7 4 7 7 4
split_gain=3.81506 8.46729 13.2306 12.989 9.43209 11.6847 10.3778 7.15034 7.10587 7.29852 8.71625 8.66817 5.93337 16.989
threshold=-0.29148333333333259 0.030500000000000003 0.4875000000000001 2.1210000000000009 0.086500000000000021 -0.10759999999999928 0.15863333333333388 0.0070000000000000461 -0.21281666666666613 0.052200000000002182 -0.018999999999999399 0.59203333333333508 0.61950000000000205 0.28416666666666629
decision_type=2 2 2 2 2 2 2 2 2 2 2 2 2 2
left_child=1 2 7 -4 5 -3 -6 -1 9 10 -2 -11 -10 -14
right_child=8 4 3 -5 6 -7 -8 -9 12 11 -12 -13 13 -15
leaf_value=0.0050919074445710984 0.069793755849163863 0.030363225118616083 0.059661228623595956 -0.026174863243434716 -0.0069332060919104037 -0.023894355929596073 0.043057350581690419 -0.023640580777550393 0.00027305591863341984 0.00025480508685861626 0.0048477030595847279 0.023661757521637305 -0.018020697860409333 0.00080771283723647691
leaf_weight=26.396429914981127 10.304495409131052 46.013122782111168 11.350151255726816 7.2051201164722434 187.22093299031258 12.651057675480841 10.991164296865461 120.49851808696985 12125.644641526043 158.43420535326004 10.360114231705664 52.712395712733269 172.95942103862762 389.84671126306057
leaf_count=114 25 126 28 25 597 44 29 432 40016 487 33 151 558 1189
internal_value=4.57494e-05 -0.00463066 -0.0134522 0.0263306 0.00105119 0.0186625 -0.00416115 -0.0184775 0.000198608 0.00887382 0.0372333 0.00609831 4.01163e-05 -0.00497856
internal_weight=13342.6 422.326 165.45 18.5553 256.876 58.6642 198.212 146.895 12920.3 231.811 20.6646 211.147 12688.5 562.806
internal_count=43854 1395 599 53 796 170 626 546 42459 696 58 638 41763 1747
is_linear=0
shrinkage=0.05


Tree=130
num_leaves=11
num_cat=0
split_feature=3 3 8 6 1 12 1 0 10 8
split_gain=3.64905 9.24388 9.0719 9.84713 6.612 10.4975 9.87131 6.31551 5.09217 5.10976
threshold=0.7053000000000027 0.48460000000000464 -2.5914999999999995 0.60980000000000112 1.0005000000000004 0.99999999963302633 1.0135000000000003 0.0025000000000000005 0.025076384180222625 -6.5374999999999988
decision_type=2 2 2 2 2 2 2 2 2 2
left_child=1 4 -3 -4 5 -1 -6 -2 9 -9
right_child=7 2 3 -5 6 -7 -8 8 -10 -11
leaf_value=-4.3357669674462597e-05 0.059657076601430895 -0.061772636172113773 -0.031275465498556303 -0.00010487206516653162 -0.055964706973563698 0.0090540540369451715 -0.0063461576099843754 -0.01530955512783776 -0.034826032084109906 0.0075519614832949729
leaf_weight=12376.653654832393 5.2690204530954352 9.0393722057342512 36.780871123075485 81.436190634965897 10.583428129553793 325.43319456279278 189.51703165471554 26.847482591867447 8.0370710194110853 272.75217573344707
leaf_count=40913 13 33 123 247 38 979 585 86 27 810
internal_value=4.35324e-05 -8.46085e-05 -0.0134945 -0.00980298 4.76558e-05 0.000189722 -0.00897051 0.00537934 0.0044497 0.00550331
internal_weight=13342.3 13029.4 127.256 118.217 12902.2 12702.1 200.1 312.906 307.637 299.6
internal_count=43854 42918 403 370 42515 41892 623 936 923 896
is_linear=0
shrinkage=0.05


Tree=131
num_leaves=15
num_cat=0
split_feature=11 11 1 5 9 12 7 5 4 7 11 3 5 0
split_gain=3.6333 13.4908 11.6467 11.3925 10.6068 14.7269 10.2187 18.9012 10.118 10.0384 9.56502 8.47439 7.59391 13.8844
threshold=8.4035111622693406e-05 0.0001267875914057193 0.85050000000000014 0.00051666666666703423 -0.0015000000000000046 -0.99999999354166658 0.0030000000000000447 -0.0089666666666661544 -0.030833333333333119 0.0031333333333347342 0.0028256483394084602 0.094400000000001413 0.036300000000000589 1.2235000000000003
decision_type=2 2 2 2 2 2 2 2 2 2 2 2 2 2
left_child=2 3 6 8 10 -6 7 -1 -2 -8 -3 -5 -4 -14
right_child=1 4 12 11 5 -7 9 -9 -10 -11 -12 -13 13 -15
leaf_value=0.026601593894651904 0.021028644594559536 0.0068564710398055359 -0.00088235596302544566 0.033909003375712531 -0.020251118525360434 -0.00027194802915788302 0.017821517529627344 -0.015370950972216527 -0.016878529049958232 -0.0002161448295330599 -0.0045280354098868802 -0.0007823359582333168 -0.057806240175191696 -0.0093535682784411881
leaf_weight=30.527498736977577 31.373972564935684 960.70490270853043 42.732681512832642 76.550830498337746 95.170609459280968 2990.6269531100988 77.843081891536713 221.00676749646664 40.105721279978752 8461.7234128117561 228.35547925531864 22.860957190394402 24.250700607895851 37.880480006337166
leaf_count=116 89 2884 130 217 306 9338 326 1213 135 28119 703 71 88 119
internal_value=4.14187e-05 0.0012086 -0.00054188 0.0149844 0.000657902 -0.000888136 -0.000344289 -0.0102769 -0.000240257 -5.17211e-05 0.00467011 0.0259313 -0.0171066 -0.0282653
internal_weight=13341.7 4445.75 8895.96 170.891 4274.86 3085.8 8791.1 251.534 71.4797 8539.57 1189.06 99.4118 104.864 62.1312
internal_count=43854 13743 30111 512 13231 9644 29774 1329 224 28445 3587 288 337 207
is_linear=0
shrinkage=0.05


Tree=132
num_leaves=15
num_cat=0
split_feature=4 7 11 7 6 7 3 0 11 11 10 1 9 10
split_gain=3.56804 12.5415 22.2101 19.9066 22.5148 13.3875 10.9852 10.0179 9.80257 9.55625 11.1113 10.0295 9.07999 6.53558
threshold=0.1130666666666668 0.1366666666666688 8.5705865408014517e-05 0.19200000000000206 0.005000000000000007 0.3490000000000007 0.30650000000000283 0.0095000000000000032 0.0014871089355739111 0.0011998603941720811 -0.0072191894551820726 1.8010000000000002 0.13850000000000004 0.00042859683828666567
decision_type=2 2 2 2 2 2 2 2 2 2 2 2 2 2
left_child=6 2 -2 4 -3 -5 9 13 -9 11 -11 -1 -4 -8
right_child=1 3 12 5 -6 -7 7 8 -10 10 -12 -13 -14 -15
leaf_value=-0.00058644457088929936 -0.053499931634314782 -0.031015428497050357 -0.010535006799007674 -0.0064909453501756451 0.020066906587685701 0.0041875814500070127 -0.066021690029889599 0.0080688955849294829 -0.021788038471929432 0.039184310769572607 0.0032507094745990554 -0.06080328988563366 0.048864629412494177 0.0021312737281273812
leaf_weight=10213.494525380433 27.118686348199844 23.676660776138306 18.983025655150417 447.23580482602119 242.52885836362839 853.88039341568947 13.840964004397394 47.95688009262085 64.418217584490776 21.863158002495766 1343.8477074950933 6.9195716381072989 9.7319827526807767 4.7163102626800528
leaf_count=34309 110 93 61 1401 712 2574 53 142 208 61 4066 25 25 14
internal_value=3.93036e-05 0.00223632 -0.0210497 0.00306585 0.0155236 0.000517026 -0.000265047 -0.0146667 -0.00904638 -0.000102297 0.00382596 -0.000627213 0.00959649 -0.0487007
internal_weight=13340.2 1623.16 55.8337 1567.32 266.206 1301.12 11717.1 130.932 112.375 11586.1 1365.71 10220.4 28.715 18.5573
internal_count=43854 4976 196 4780 805 3975 38878 417 350 38461 4127 34334 86 67
is_linear=0
shrinkage=0.05


Tree=133
num_leaves=15
num_cat=0
split_feature=0 11 5 3 0 5 7 5 7 7 11 8 9 8
split_gain=3.4832 8.60505 6.79865 10.9648 4.81872 16.2308 13.2874 12.203 6.27796 9.67096 8.25513 3.48639 4.75938 4.06877
threshold=0.0025000000000000005 -0.0015401509694312752 0.024533333333333945 -0.062199999999997146 0.0035000000000000005 -0.15046666666666608 0.3372666666666676 -0.1236333333333328 0.0031333333333347342 0.003400000000000711 -4.2767372466778746e-05 0.0050000000000000036 -0.046499999999999986 0.095500000000000015
decision_type=2 2 2 2 2 2 2 2 2 2 2 2 2 2
left_child=1 2 3 -1 5 6 -2 -7 10 -10 -6 12 -3 -13
right_child=4 11 -4 -5 8 7 -8 -9 9 -11 -12 13 -14 -15
leaf_value=-0.0062297961368879672 0.045010464330698385 0.040397537824740891 0.014345163842417966 -0.094931565536361229 -0.01462249541041372 -0.043852635083046924 -0.0025488489362588988 -0.0026173277119657741 -0.046398492023477178 0.00032546094307369289 0.028799391841795349 -0.035933204248492133 0.01050554092733872 0.015658149843901844
leaf_weight=8.5214380323886854 32.547641575336456 14.911442026495932 8.2838183343410474 5.8936073184013393 14.975831896066664 18.100672200322151 26.761604830622673 2045.7149236053228 11.08585588634014 10971.004749454558 40.674909487366676 8.0438318252563459 124.47399394214153 7.2806969732046118
leaf_count=27 89 41 24 24 48 68 89 7943 59 34869 124 28 400 21
internal_value=3.73864e-05 0.00699667 -0.0217519 -0.0424956 -5.64249e-05 -0.00223788 0.0235507 -0.00297898 0.000363181 0.000278296 0.0171144 0.0112146 0.0137034 -0.0114221
internal_weight=13338.3 177.409 22.6989 14.415 13160.9 2123.12 59.3092 2063.82 11037.7 10982.1 55.6507 154.71 139.385 15.3245
internal_count=43854 565 75 51 43289 8189 178 8011 35100 34928 172 490 441 49
is_linear=0
shrinkage=0.05


Tree=134
num_leaves=15
num_cat=0
split_feature=12 0 4 0 7 12 9 4 5 5 13 5 11 3
split_gain=3.48742 12.3359 11.3969 13.5632 12.9759 9.29766 8.98575 9.07011 8.65602 19.2087 7.01681 18.0918 15.9241 6.92484
threshold=-0.99999999428104569 0.021500000000000005 -0.034466666666666985 0.018500000000000006 0.59203333333333508 -0.99999998819444447 0.46950000000000008 -0.046666666666666461 0.014800000000000131 0.037800000000000625 -0.41099999999998921 -0.015633333333333044 -0.00038109263694519052 0.073000000000003284
decision_type=2 2 2 2 2 2 2 2 2 2 2 2 2 2
left_child=1 2 3 -1 -4 6 7 -2 13 -10 11 -7 -12 -3
right_child=5 8 4 -5 -6 10 -8 -9 9 -11 12 -13 -14 -15
leaf_value=0.054026978361471051 0.016019004071955584 0.00073416070976818864 -0.019333370629655462 -0.0085137133115016847 -0.084774673291181601 -0.0012216336629228023 -0.024102702110625627 0.0034185071661723648 -0.02817721878486892 -0.0012548481737317024 0.0054854827158441824 -0.021462902587965727 -0.00032777056389250085 0.016730525786041832
leaf_weight=10.754817873239515 188.09626604616642 893.73820786178112 105.12946911156178 44.703429788351059 8.1630001962184888 3483.705921895802 24.82722881436348 593.26659326255322 83.182378232479095 325.55539944767952 1470.8659300506115 114.00686188042164 5917.1432694122195 73.197215780615807
leaf_count=27 538 2712 341 139 32 11209 81 1792 275 987 4412 392 20708 209
internal_value=3.54934e-05 -0.00219866 -0.0149574 0.00361458 -0.0240486 0.000328107 0.00551086 0.00645181 -0.000633577 -0.00673383 -5.22302e-05 -0.00186305 0.00082958 0.00194509
internal_weight=13336.3 1544.42 168.751 55.4582 113.292 11791.9 806.19 781.363 1375.67 408.738 10985.7 3597.71 7388.01 966.935
internal_count=43854 4722 539 166 373 39132 2411 2330 4183 1262 36721 11601 25120 2921
is_linear=0
shrinkage=0.05


Tree=135
num_leaves=15
num_cat=0
split_feature=12 2 11 10 9 0 11 8 3 7 5 7 10 5
split_gain=3.43852 10.6111 10.1518 10.5255 8.88267 13.9837 8.03993 6.60152 5.53238 11.3857 19.4091 12.562 8.2108 8.15111
threshold=0.99999999963302633 3.5000000000000004 0.002570381030100322 0.00021158826616352047 0.24650000000000002 0.31150000000000011 8.5561268552414318e-05 4.4744999999999999 0.011800000000002659 0.017533333333334147 -0.013699999999999641 0.044200000000001051 0.020991722362873059 -0.87498333333333278
decision_type=2 2 2 2 2 2 2 2 2 2 2 2 2 2
left_child=8 4 3 -3 5 -2 -6 -4 12 10 -10 -11 13 -1
right_child=1 2 7 -5 6 -7 -8 -9 9 11 -12 -13 -14 -15
leaf_value=0.025049916673739011 0.037802978263500847 0.023528162360902313 0.016344672857799402 -0.01676065975728467 0.0034141608146064832 -0.047753940196251697 0.019673637258712268 -0.033650257016287613 -0.045565815058036092 0.0056684552503592587 -0.0063088423280201816 -0.0023937152776449012 -0.050948526413408635 0.00047790552573246715
leaf_weight=33.875929370522499 6.9595044404268291 18.466472879052162 63.227697983384132 132.73316270112991 146.29948547482491 15.221183612942694 158.28827881813049 7.3728012442588797 36.756004750728607 583.26864909380674 219.5796299725771 2815.255652807653 7.7407200932502738 9089.3218668811023
leaf_count=102 20 53 186 423 449 54 460 25 155 1890 787 8846 27 30377
internal_value=3.37616e-05 0.00391007 -0.00453054 -0.0118401 0.00963929 -0.0209092 0.0118639 0.0111237 -0.000132549 -0.00177648 -0.0119379 -0.00101005 0.000525472 0.000569145
internal_weight=13334.4 548.569 221.8 151.2 326.768 22.1807 304.588 70.6005 12785.8 3654.86 256.336 3398.52 9130.94 9123.2
internal_count=43854 1670 687 476 983 74 909 211 42184 11678 942 10736 30506 30479
is_linear=0
shrinkage=0.05


Tree=136
num_leaves=15
num_cat=0
split_feature=5 11 1 11 7 12 5 3 3 2 0 7 7 4
split_gain=3.54905 8.04991 8.7329 7.35341 11.0952 8.19003 6.25903 6.91201 9.56278 6.19901 5.93392 5.59541 19.6001 18.0613
threshold=-0.29148333333333259 -0.0047587246317581924 -0.25549999999999995 -0.0017387128630275137 0.067266666666667599 0.99999998166666726 -0.21281666666666613 0.09100000000000065 0.0046000000000000459 11.500000000000002 0.043500000000000011 0.56850000000000123 0.44430000000000097 0.28416666666666629
decision_type=2 2 2 2 2 2 2 2 2 2 2 2 2 2
left_child=1 2 9 5 -5 -3 7 8 -2 -1 -4 12 -8 -13
right_child=6 3 10 4 -6 -7 11 -9 -10 -11 -12 13 -14 -15
leaf_value=-0.037732193848075191 0.011334441037815451 -0.028520965422692963 0.0026678661125323442 -0.032302316537760493 9.6464343458053979e-05 0.0093061642713189504 -5.4429587582219171e-05 0.033892011710121399 -0.01402766904593626 0.024536437219183124 0.060546958002073263 -0.016431526631461673 0.012645882249054306 0.0013381188573846317
leaf_weight=8.6840165257453936 159.05204886198044 62.961532741785049 6.752566039562228 29.230683080852032 275.33683833479881 18.517887994647026 11720.006130740047 23.733468383550644 48.499940395355225 7.4052277207374564 12.865395069122313 212.83756040036678 311.87144829332829 435.79120709002018
leaf_count=30 474 216 22 145 870 55 38838 65 157 25 32 684 914 1327
internal_value=3.21462e-05 -0.00448139 0.0182318 -0.00658224 -0.00301299 -0.019924 0.000179578 0.00833083 0.00540792 -0.00907246 0.0406248 3.09033e-05 0.000274768 -0.00449272
internal_weight=13333.5 421.754 35.7072 386.047 304.568 81.4794 12911.8 231.285 207.552 16.0892 19.618 12680.5 12031.9 648.629
internal_count=43854 1395 109 1286 1015 271 42459 696 631 55 54 41763 39752 2011
is_linear=0
shrinkage=0.05


Tree=137
num_leaves=15
num_cat=0
split_feature=12 0 4 6 11 11 6 12 9 6 12 4 12 4
split_gain=3.38767 10.6393 7.75467 8.2567 6.21453 10.1792 9.61146 4.86061 12.3864 5.49968 3.92671 10.4012 10.2793 3.7502
threshold=-0.99999999958419761 0.31150000000000011 0.17730000000000071 0.059400000000000279 4.2048784996140405e-05 0.0033662158565195281 0.10500000000000054 -0.99999999947642526 -0.22699999999999992 0.070500000000002574 0.90305064304146054 1.1417666666666679 0.13367697565371223 -0.030833333333333119
decision_type=2 2 2 2 2 2 2 2 2 2 2 2 2 2
left_child=1 2 3 -1 6 -6 -3 8 13 -10 12 -12 -9 -2
right_child=7 4 -4 -5 5 -7 -8 10 9 -11 11 -13 -14 -15
leaf_value=0.011797773068018842 0.070713696325830341 0.01995995987024736 0.021366169230477162 -0.039974020152793832 0.018157723424915975 -0.027446239189120338 -0.0078963254664804559 0.00032706695117318659 -0.022606437761057686 0.010463608544718086 -0.00075619852987965505 0.023731839343496444 0.0070952929478099143 0.028517156252385462
leaf_weight=9.3705926984548551 8.1152385920286196 35.088592857122421 8.2580107599496824 43.229153782129288 73.009691148996353 14.699919313192366 263.54990817606449 4509.4646056890488 18.319722637534142 40.071877136826515 7609.8431596420705 43.611137479543686 640.69368055462837 14.99470344185829
leaf_count=27 19 99 23 151 208 48 824 14411 60 117 25799 122 1905 41
internal_value=3.06262e-05 -0.00424754 -0.023679 -0.0307509 -0.00118669 0.0105146 -0.00462335 0.000179109 0.0123509 8.8245e-05 0.00010163 -0.00061666 0.00116905 0.0433348
internal_weight=13332.3 447.206 60.8578 52.5997 386.348 87.7096 298.639 12885.1 81.5015 58.3916 12803.6 7653.45 5150.16 23.1099
internal_count=43854 1380 201 178 1179 256 923 42474 237 177 42237 25921 16316 60
is_linear=0
shrinkage=0.05


Tree=138
num_leaves=13
num_cat=0
split_feature=10 9 3 8 3 6 3 11 4 4 2 11
split_gain=3.26454 12.5964 13.2409 10.1419 9.639 18.6583 11.6957 9.38874 8.92652 10.6941 7.8025 7.45009
threshold=0.0023552258715975332 1.0005000000000004 0.075800000000004975 11.047000000000002 0.0099999999999992976 0.010800000000001446 0.0084000000000002233 0.0040051493479809084 0.0682666666666676 0.023766666666666884 7.5000000000000009 0.001285271551172418
decision_type=2 2 2 2 2 2 2 2 2 2 2 2
left_child=3 2 11 4 6 -6 -1 -4 9 -3 -10 -2
right_child=1 8 7 -5 5 -7 -8 -9 10 -11 -12 -13
leaf_value=0.00026869223224312817 -0.0019851355387849592 -0.013531116595975518 0.015460555764058774 0.052720630752912057 -0.028756111481032666 -0.0020299146936656573 0.010990108415241969 -0.0025049835877007697 0.0093070133618177071 -0.061486844542369717 -0.01176790048006956 0.0066227952634031464
leaf_weight=7843.8140854127705 743.00485411286354 76.892876669764519 320.44506132602692 9.018837094306944 66.604121223092079 3344.3771803900599 262.89253558218479 94.070622012019157 85.963555082678795 13.695995807647703 89.791576907038689 379.8818383961916
leaf_count=26472 2271 243 921 24 248 10817 865 287 254 49 280 1123
internal_value=2.9148e-05 0.00200714 0.00374627 -0.000280376 -0.000321878 -0.00255178 0.000616377 0.0113834 -0.00803158 -0.0207815 -0.00145995 0.000926999
internal_weight=13330.5 1803.75 1537.4 11526.7 11517.7 3410.98 8106.71 414.516 266.344 90.5889 175.755 1122.89
internal_count=43854 5428 4602 38426 38402 11065 27337 1208 826 292 534 3394
is_linear=0
shrinkage=0.05


Tree=139
num_leaves=15
num_cat=0
split_feature=5 0 8 8 0 10 4 6 5 7 4 7 7 4
split_gain=3.25877 7.45262 11.7216 11.9835 8.37816 10.4292 9.32922 6.49938 5.63289 6.52943 12.3887 8.63013 5.30095 12.9075
threshold=-0.29148333333333259 0.030500000000000003 0.4875000000000001 2.1210000000000009 0.086500000000000021 -0.0031711602268835733 0.15863333333333388 0.0070000000000000461 -0.21281666666666613 0.066266666666668292 -0.029466666666666908 0.59203333333333508 0.61950000000000205 0.28416666666666629
decision_type=2 2 2 2 2 2 2 2 2 2 2 2 2 2
left_child=1 2 7 -4 5 -3 -6 -1 9 10 -2 -11 -10 -14
right_child=8 4 3 -5 6 -7 -8 -9 12 11 -12 -13 13 -15
leaf_value=0.0051655110166577301 0.06110378841385259 0.065367752468121529 0.057204147688854803 -0.025397143270025142 -0.006486332195295522 0.0083131894281447648 0.041220804622818102 -0.022263196591258305 0.0002484196432145722 -0.0017341866884413104 -0.00065375676404732207 0.021961618530873892 -0.01603647602321576 0.00034959778029707901
leaf_weight=26.335370041429996 15.457504764199255 9.58346079289913 11.248677074909212 7.2022361457347861 187.1564121991396 48.770315766334534 10.841107383370398 120.04540917277336 12114.688108213246 146.01711817085743 17.108298033475876 52.147990599274635 173.95620846748352 388.76470856368542
leaf_count=114 38 23 28 25 597 147 29 432 40016 453 54 151 558 1189
internal_value=2.77551e-05 -0.00430026 -0.0125947 0.0249611 0.00103298 0.0176833 -0.00387419 -0.0173285 0.000168975 0.00791121 0.0286597 0.00450147 2.80651e-05 -0.0047159
internal_weight=13329.3 421.183 164.832 18.4509 256.351 58.3538 197.998 146.381 12908.1 230.731 32.5658 198.165 12677.4 562.721
internal_count=43854 1395 599 53 796 170 626 546 42459 696 92 604 41763 1747
is_linear=0
shrinkage=0.05


Tree=140
num_leaves=14
num_cat=0
split_feature=6 10 7 5 11 5 6 6 12 2 0 2 1
split_gain=3.21115 7.04866 6.38074 9.63362 11.0432 7.89029 7.13371 9.67512 5.24103 4.17604 2.97162 2.41155 2.47414
threshold=2.214600000000003 0.011882356222525649 1.1453333333333344 0.4220666666666672 -0.0032144615057716481 0.37130000000000035 0.01700000000000005 0.044900000000002493 0.99999999991564681 12.500000000000002 0.0075000000000000006 40.500000000000007 3.4010000000000007
decision_type=2 2 2 2 2 2 2 2 2 2 2 2 2
left_child=2 8 3 5 -5 -1 10 -8 9 -2 -4 12 -3
right_child=1 11 6 4 -6 -7 7 -9 -10 -11 -12 -13 -14
leaf_value=1.3481958654852121e-05 0.0043795854439355802 -0.014105702024381286 -0.070266031996714037 -0.053984030211547698 0.014231242016172665 -0.015206500409146721 0.031676127241528351 -0.010113501725443695 0.051767084651766063 0.026480532211469628 -0.017886021540152862 0.0033782028490328408 -0.059343174190688665
leaf_weight=12691.169475119561 133.64390295743942 6.2646233886480349 6.3700381219387037 6.1521784514188758 166.52438095211983 85.729163661599159 15.085479885339735 169.15778924524784 7.1182152330875388 25.443025931715965 4.7096314579248428 5.757102131843566 5.8402960598468781
leaf_count=41871 410 20 34 22 489 281 41 537 19 77 15 17 21
internal_value=2.64437e-05 0.00658477 -6.5392e-05 6.99012e-05 0.0118008 -8.86396e-05 -0.0090351 -0.00669185 0.00979235 0.00791423 -0.0480009 -0.0232616 -0.0359316
internal_weight=13329 184.067 13144.9 12949.6 172.677 12776.9 195.323 184.243 166.205 159.087 11.0797 17.862 12.1049
internal_count=43854 564 43290 42663 511 42152 627 578 506 487 49 58 41
is_linear=0
shrinkage=0.05


Tree=141
num_leaves=15
num_cat=0
split_feature=7 5 5 5 3 4 7 7 6 7 0 11 6 10
split_gain=3.15944 12.085 16.3937 15.9823 15.551 15.3708 11.2755 11.1469 22.4365 18.738 20.8109 16.0155 12.7371 9.48586
threshold=0.004800000000000579 0.019500000000000201 0.0058000000000003526 0.0040000000000002889 0.0024000000000000015 0.0014000000000000373 0.0031333333333347342 0.0067666666666674228 0.0054000000000002006 0.0078666666666673199 0.0035000000000000005 0.00025666531168977441 0.01140000000000071 -0.0010723860874750633
decision_type=2 2 2 2 2 2 2 2 2 2 2 2 2 2
left_child=1 2 3 -1 5 -3 -4 8 11 10 -9 -2 -10 -6
right_child=7 4 6 -5 13 -7 -8 9 12 -11 -12 -13 -14 -15
leaf_value=-0.0017689891204889072 0.021381908406179186 -0.009030686386592093 0.040224411511432329 -0.038452044128633033 0.042283757059821181 0.079999042321731342 0.0035496496975062765 -0.033823299078831665 -0.011079453571931663 0.00019510679458006452 -0.0028446084888432495 -0.011859011377367695 0.02288679433227803 -0.043354064851696919
leaf_weight=569.35705991461873 246.84188601374626 34.149347946047783 37.604381129145622 31.326340675354004 3.4596766084432593 5.6501842439174643 47.342263229191303 85.045889988541603 164.08435697853565 11828.634119980037 149.53673073649406 42.469915211200714 33.182027518749237 49.482628807425499
leaf_count=2579 874 130 151 155 9 16 199 348 605 37745 534 141 103 265
internal_value=2.51537e-05 -0.00306596 -0.000774595 -0.00368205 -0.0200057 0.00360852 0.0197849 0.000216873 0.00763652 -8.24042e-05 -0.0140757 0.0165023 -0.00536602 -0.0377578
internal_weight=13328.2 778.372 685.63 600.683 92.7418 39.7995 84.9466 12549.8 486.578 12063.2 234.583 289.312 197.266 52.9423
internal_count=43854 3504 3084 2734 420 146 350 40350 1723 38627 882 1015 708 274
is_linear=0
shrinkage=0.05


Tree=142
num_leaves=15
num_cat=0
split_feature=0 11 7 9 7 7 7 5 6 4 6 3 1 4
split_gain=3.1548 7.78806 6.29135 6.55534 4.21548 14.0905 18.6909 13.7347 5.04763 21.2432 19.8885 3.52294 5.92087 4.66426
threshold=0.0025000000000000005 -0.0015401509694312752 0.23226666666666759 0.0009999999999999998 0.003400000000000711 0.0031333333333347342 0.0030000000000014368 0.0021000000000004817 0.0070000000000000001 0.0017333333333328608 0.007800000000000357 -0.0020000000000001779 -0.0010000000000000002 -0.010733333333333808
decision_type=2 2 2 2 2 2 2 2 2 2 2 2 2 2
left_child=1 2 3 -1 5 6 -2 -7 9 -6 -10 12 -3 -13
right_child=4 11 -4 -5 8 7 -8 -9 10 -11 -12 13 -14 -15
leaf_value=-0.0064451670510391398 -0.005711963499572828 0.044008146885637832 0.01192678049671232 -0.075667196925750607 0.007251105427004652 -0.0083703272685907524 0.026652747793085997 -0.056210417411140849 -0.016917138056556928 -0.0021576111492538344 -9.0847207605505723e-05 -0.014006253164441325 0.0051937853863097457 0.011239860273000266
leaf_weight=6.6500676721334475 318.6591949313879 18.650099352002144 8.9144593477249128 7.0417892336845398 1107.921678841114 39.222553305327892 51.870746985077858 24.296332076191902 178.71719588339329 1308.4224724322557 10120.68066073209 22.809629678726196 20.763982191681862 92.434758901596069
leaf_count=21 1594 50 27 27 3667 180 189 167 629 5022 31841 74 65 301
internal_value=2.36204e-05 0.0066494 -0.0207629 -0.0420464 -6.56979e-05 -0.00491116 -0.0011812 -0.0266694 9.97009e-05 0.00215639 -0.00038282 0.0106562 0.0235601 0.00624305
internal_weight=13327.1 177.265 22.6063 13.6919 13149.8 434.049 370.53 63.5189 12715.7 2416.34 10299.4 154.658 39.4141 115.244
internal_count=43854 565 75 48 43289 2130 1783 347 41159 8689 32470 490 115 375
is_linear=0
shrinkage=0.05


Tree=143
num_leaves=13
num_cat=0
split_feature=12 8 12 3 0 4 12 12 6 2 9 11
split_gain=3.12266 6.04174 5.72621 15.9261 14.9565 11.9634 11.1718 9.05851 8.47656 5.58707 7.54033 6.55895
threshold=0.99999999895285108 -2.5914999999999995 0.99999999555335972 0.048600000000005382 0.026500000000000006 -0.074599999999999236 0.99999999309523824 0.99999998944444479 0.60980000000000112 1.5000000000000002 0.090499999999999997 0.0040051493479809084
decision_type=2 2 2 2 2 2 2 2 2 2 2 2
left_child=2 -2 6 5 -5 -4 7 -1 -8 11 -11 -3
right_child=1 9 3 4 -6 -7 8 -9 -10 10 -12 -13
leaf_value=0.00013279337011643414 -0.042716222017445571 0.011300703353367789 0.014909586829753022 -0.064577634014213986 -0.01405153871796801 -0.0048629863037242434 0.0054502569852043874 -0.0051860421735323188 0.03038524843137775 -0.019593122926648589 0.0022386063618710034 -0.034297290060545708
leaf_weight=10433.066041175276 7.2169233262538901 231.87884309887886 96.03871776163578 17.063769847154617 103.39879843592644 376.05615277588367 486.93806622922421 867.02970003336668 36.648499429225922 42.245398357510567 620.0485365986824 8.1641459167003614
leaf_count=34800 25 700 277 64 331 1192 1487 2818 100 139 1893 28
internal_value=2.23044e-05 0.00285022 -0.000184855 -0.0049813 -0.0212087 -0.000840633 5.55242e-05 -0.000275308 0.00719558 0.00321467 0.000846037 0.00974986
internal_weight=13325.8 909.554 12416.2 592.557 120.463 472.095 11823.7 11300.1 523.587 902.337 662.294 240.043
internal_count=43854 2785 41069 1864 395 1469 39205 37618 1587 2760 2032 728
is_linear=0
shrinkage=0.05


Tree=144
num_leaves=15
num_cat=0
split_feature=6 7 10 7 7 4 7 4 9 0 7 9 9 12
split_gain=3.16767 11.2352 14.6353 10.2202 9.50454 16.6284 55.199 14.3472 9.4273 9.15181 9.14976 7.98381 7.23607 7.11311
threshold=0.051400000000001479 0.029333333333333707 -0.0044282263643002908 0.031800000000001098 0.44430000000000097 -0.11949999999999952 0.14876666666666907 -0.071133333333332646 -0.00099999999999999547 0.0045000000000000014 0.76563333333333417 -0.01649999999999999 -0.0010000000000000002 0.99999997750000069
decision_type=2 2 2 2 2 2 2 2 2 2 2 2 2 2
left_child=4 2 -2 12 5 6 -1 -7 -5 10 -6 -11 -3 -4
right_child=1 3 13 8 9 7 -8 -9 -10 11 -12 -13 -14 -15
leaf_value=-0.064615474975899118 0.035609164919862095 -0.010319787680071454 -0.0099000328058470224 0.0017605797706214316 0.0051876390522213938 0.012085652486863373 -0.0026472762904758314 0.00045087420175601937 -0.0024059745284521761 -0.0013030376114330567 -0.057471027212845305 0.022331989922906526 0.030046488403575822 -0.032733651793312134
leaf_weight=41.457588195800781 13.573999881744383 14.73882547020912 88.492806628346443 2294.029744759202 16.964601874351505 275.87654760479927 269.83651508390903 6699.8282232657075 3325.8268881067634 50.106041714549065 8.8737907707691175 124.53751239180565 44.994439393281937 55.497899800539017
leaf_count=160 37 47 292 7035 54 834 842 23304 10366 155 40 361 131 196
internal_value=2.12474e-05 -0.000851884 -0.014022 -0.000486516 0.000701931 0.000406449 -0.0109001 0.000911009 -0.000705184 0.0114419 -0.0163315 0.015551 0.0200864 -0.0187007
internal_weight=13324.6 5837.15 157.565 5679.59 7487.48 7287 311.294 6975.7 5619.86 200.482 25.8384 174.644 59.7333 143.991
internal_count=43854 18104 525 17579 25750 25140 1002 24138 17401 610 94 516 178 488
is_linear=0
shrinkage=0.05


Tree=145
num_leaves=15
num_cat=0
split_feature=12 0 5 6 12 9 6 7 7 0 13 5 11 6
split_gain=3.22139 11.2935 19.675 11.2191 8.27602 7.97904 8.23755 7.22585 14.3104 8.8066 6.51027 16.2714 14.4008 4.40009
threshold=-0.99999999428104569 0.024500000000000004 0.26021666666666671 0.0040000000000009785 -0.99999998819444447 0.46950000000000008 0.015200000000000246 0.19620000000000073 0.094300000000001258 0.11750000000000002 -0.41099999999998921 -0.015633333333333044 -0.00038109263694519052 0.51130000000000353
decision_type=2 2 2 2 2 2 2 2 2 2 2 2 2 2
left_child=1 2 3 -1 5 6 -2 8 -3 -9 11 -6 -12 -4
right_child=4 7 13 -5 10 -7 -8 9 -10 -11 12 -13 -14 -15
leaf_value=0.059035498524324964 0.01514883381124954 0.0023132297738467978 -0.045153002311720675 -0.0095128158566629012 -0.0011936285732451393 -0.022693718548460952 0.0031720414483383977 0.011273909137656891 -0.011611368549802513 -0.0015315800898766264 0.0052236396031129758 -0.020391189554191388 -0.00030837714324252557 -0.098705080061543105
leaf_weight=6.144124209880828 189.62805223464966 445.61094154417515 17.039886534214023 209.47410011291504 3480.7053738832474 24.858569592237473 591.06131234765053 239.32752817869186 314.90247851610184 305.83800189197063 1468.6410499215126 113.99002824723721 5912.3277676999569 4.9500057548284522
leaf_count=15 550 1348 60 659 11209 81 1780 693 992 935 4412 392 20708 20
internal_value=2.01792e-05 -0.00212784 -0.0121543 -0.00755951 0.00030156 0.00519321 0.00608118 -0.000303219 -0.00345247 0.00409003 -5.74577e-05 -0.0018024 0.000792365 -0.0572078
internal_weight=13324.5 1543.29 237.608 215.618 11781.2 805.548 780.689 1305.68 760.513 545.166 10975.7 3594.7 7380.97 21.9899
internal_count=43854 4722 754 674 39132 2411 2330 3968 2340 1628 36721 11601 25120 80
is_linear=0
shrinkage=0.05


Tree=146
num_leaves=13
num_cat=0
split_feature=8 2 1 2 0 10 3 11 12 10 9 6
split_gain=3.18966 14.0104 9.16767 7.93084 15.5345 10.4611 7.00828 6.60323 7.93353 6.32716 6.0287 4.44023
threshold=0.001000000000000002 1.5000000000000002 1.6805000000000001 2.5000000000000004 0.64650000000000019 -0.018138676591988864 -0.0036000000000007103 -0.0063259627913347929 -0.99999999682459662 -0.010946723351834551 -0.12049999999999998 0.7889000000000006
decision_type=2 2 2 2 2 2 2 2 2 2 2 2
left_child=2 6 3 4 -1 -5 10 11 -9 -8 -2 -3
right_child=1 7 -4 5 -6 -7 9 8 -10 -11 -12 -13
leaf_value=-0.00083384860106242617 0.013666838047693775 0.037272561051657778 0.05732592709322331 -0.021288104464470766 -0.022208255048367466 0.0045796014733164225 -0.030015788509231048 -0.022189774190864518 -0.0014681359738294251 0.0076377344358438378 -0.00010347885050977792 -0.0033343687313838149
leaf_weight=8126.5333759225905 87.65852464735508 18.09436030685902 6.85073597729206 40.669852212071419 85.90441007912159 1002.4097416102886 11.285359069705008 47.253726914525032 2054.0265448316932 978.92882553488016 852.25237270444632 10.720633789896963
leaf_count=27766 257 49 17 140 281 3065 38 154 6369 3048 2636 34
internal_value=1.9209e-05 0.00118772 -0.000493017 -0.000535814 -0.00105743 0.00357102 0.00427324 -0.00160813 -0.00193413 0.0072086 0.00118078 0.0221647
internal_weight=13322.6 4060.22 9262.37 9255.52 8212.44 1043.08 1930.13 2130.1 2101.28 990.214 939.911 28.815
internal_count=43854 12585 31269 31252 28047 3205 5979 6606 6523 3086 2893 83
is_linear=0
shrinkage=0.05


Tree=147
num_leaves=13
num_cat=0
split_feature=10 9 3 8 3 7 2 11 4 4 9 2
split_gain=3.10777 11.2119 12.18 9.32796 8.80214 12.736 10.204 8.42166 7.80792 9.53479 7.22254 6.95787
threshold=0.0023552258715975332 1.0005000000000004 0.075800000000004975 11.047000000000002 0.011800000000002659 0.010933333333333439 6.5000000000000009 0.0040051493479809084 0.0682666666666676 0.023766666666666884 -2.6579999999999995 7.5000000000000009
decision_type=2 2 2 2 2 2 2 2 2 2 2 2
left_child=3 2 10 4 6 -6 -1 -4 9 -3 -2 -10
right_child=1 8 7 -5 5 -7 -8 -9 11 -11 -12 -13
leaf_value=0.00026288153288767335 -0.040089415471185233 -0.012544654352379692 0.014803613171600699 0.051010246125125239 -0.024685369336961679 -0.0021062788365020803 0.011906379419345706 -0.0022107492595786356 0.0088402289918260123 -0.057601889231761905 0.0012819917967942967 -0.011069884727616055
leaf_weight=8130.1399472989142 10.650523632764815 77.170230329036713 319.29688459634781 8.8564404845237714 63.72853222489357 3123.0655847787857 192.62492802739143 94.181149438023567 85.688035815954208 13.848508223891256 1111.5896492451429 89.935575321316719
leaf_count=27475 37 243 921 24 260 10058 609 287 254 49 3357 280
internal_value=1.83212e-05 0.00194898 0.0035922 -0.000283781 -0.000323251 -0.00255781 0.000532363 0.0109281 -0.00751512 -0.0194001 0.00088936 -0.0013556
internal_weight=13320.8 1802.36 1535.72 11518.4 11509.6 3186.79 8322.76 413.478 266.642 91.0187 1122.24 175.624
internal_count=43854 5428 4602 38426 38402 10318 28084 1208 826 292 3394 534
is_linear=0
shrinkage=0.05


Tree=148
num_leaves=15
num_cat=0
split_feature=11 6 3 4 5 4 3 7 9 4 5 3 3 9
split_gain=3.25595 12.1688 15.4995 13.0457 11.2099 8.06145 7.99685 11.5329 9.81996 9.23087 17.352 14.5422 8.7514 6.05936
threshold=-0.002354742146574162 0.010600000000000403 -0.30699999999999689 -0.05256666666666647 -0.026333333333332799 0.33329999999999999 -0.47829999999999739 0.23716666666666816 0.090499999999999997 -0.034466666666666985 -0.019033333333332594 -0.33669999999999695 -0.54459999999999742 -1.0000000180025095e-35
decision_type=2 2 2 2 2 2 2 2 2 2 2 2 2 2
left_child=1 4 5 -4 -1 -3 7 12 -9 10 -8 -11 -2 -6
right_child=6 2 3 -5 13 -7 9 8 -10 11 -12 -13 -14 -15
leaf_value=-0.022004416850781583 -0.08177778751685981 0.0038319788114563672 -0.020808509177703487 -0.0040711548998659209 0.064488267092053658 0.05605664471126285 0.00095491343560167934 -0.0004907690232496025 -0.028503363083180744 0.04444805935839731 0.011018025987677857 -0.00040019299808593612 -0.017144735374030454 0.021015170447726772
leaf_weight=11.438257306814192 8.8728577345609665 267.11365196108818 169.36172671616077 372.44252222776413 11.645362809300421 7.5994999408721915 2069.6838908046484 179.75955347716808 37.877757281064987 18.109223484992981 540.18198756873608 9586.0169287584722 12.782094910740852 25.714416578412056
leaf_count=38 34 823 548 1144 28 21 6409 556 129 49 1613 32348 41 73
internal_value=1.74935e-05 -0.00294825 -0.00439778 -0.00930306 0.021306 0.00527669 0.000223568 -0.00882859 -0.0053661 0.000400915 0.00303775 -0.000315629 -0.0436274 0.0345661
internal_weight=13318.6 865.315 816.517 541.804 48.798 274.713 12453.3 239.292 217.637 12214 2609.87 9604.13 21.655 37.3598
internal_count=43854 2675 2536 1692 139 844 41179 760 685 40419 8022 32397 75 101
is_linear=0
shrinkage=0.05


Tree=149
num_leaves=13
num_cat=0
split_feature=1 12 2 11 10 10 11 10 2 2 0 5
split_gain=3.1704 10.4509 8.73552 14.851 15.6567 11.6959 14.7525 12.0789 7.00019 6.57263 14.1103 8.12706
threshold=0.087500000000000022 0.99999999881652679 3.5000000000000004 0.0032145034382180531 0.00021069842315313283 0.015004277601293749 0.0041965877016081352 -0.00042358701959899209 17.500000000000004 5.5000000000000009 3.3885000000000005 0.15315000000000059
decision_type=2 2 2 2 2 2 2 2 2 2 2 2
left_child=1 9 5 4 -4 7 -7 -2 -5 10 -1 -11
right_child=2 -3 3 8 -6 6 -8 -9 -10 11 -12 -13
leaf_value=-0.00032784061764793673 -0.009964105761223474 -0.051718205027419639 0.010898993221501016 0.016817130104092897 -0.012339806363657196 0.00012689538805680164 -0.096328382814735797 0.0082788390916152376 -0.011319446512454567 0.010089236431214709 -0.038850688529479899 -0.01254496044565798
leaf_weight=11507.258219983429 102.9070650935173 9.8562298417091352 92.609663426876068 114.52923092246056 333.44076432287693 10.641682893037798 6.3175408542156211 767.17005926370621 27.393119215965271 275.76987518370152 23.819791331887245 46.320650547742844
leaf_count=38297 334 35 276 331 1045 33 25 2299 86 861 82 150
internal_value=1.67394e-05 -0.000253434 0.00221952 -0.00262207 -0.00728844 0.00531962 -0.035804 0.00612118 0.0113864 -0.000210639 -0.000407417 0.00683416
internal_weight=13318 11863 1455.01 567.973 426.05 887.036 16.9592 870.077 141.922 11853.2 11531.1 322.091
internal_count=43854 39425 4429 1738 1321 2691 58 2633 417 39390 38379 1011
is_linear=0
shrinkage=0.05


end of trees

feature_importances:
price_change_ma5=315
volume_ma15=298
net_flow_ma30=235
price_change=166
net_flow_ratio=161
net_flow_ma15=157
net_flow_ma5=146
total_volume=133
volume_ma5=133
trade_count=113
net_flow_diff5=76
net_flow_diff=68
net_flow=54
cumulative_net_flow_30=2

parameters:
[boosting: gbdt]
[objective: binary]
[metric: binary_logloss]
[tree_learner: serial]
[device_type: cpu]
[data_sample_strategy: bagging]
[data: ]
[valid: ]
[num_iterations: 150]
[learning_rate: 0.05]
[num_leaves: 15]
[num_threads: 8]
[seed: 42]
[deterministic: 0]
[force_col_wise: 0]
[force_row_wise: 0]
[histogram_pool_size: -1]
[max_depth: 4]
[min_data_in_leaf: 20]
[min_sum_hessian_in_leaf: 0.001]
[bagging_fraction: 1]
[pos_bagging_fraction: 1]
[neg_bagging_fraction: 1]
[bagging_freq: 0]
[bagging_seed: 400]
[bagging_by_query: 0]
[feature_fraction: 1]
[feature_fraction_bynode: 1]
[feature_fraction_seed: 30056]
[extra_trees: 0]
[extra_seed: 12879]
[early_stopping_round: 0]
[early_stopping_min_delta: 0]
[first_metric_only: 0]
[max_delta_step: 0]
[lambda_l1: 0]
[lambda_l2: 0]
[linear_lambda: 0]
[min_gain_to_split: 0]
[drop_rate: 0.1]
[max_drop: 50]
[skip_drop: 0.5]
[xgboost_dart_mode: 0]
[uniform_drop: 0]
[drop_seed: 17869]
[top_rate: 0.2]
[other_rate: 0.1]
[min_data_per_group: 100]
[max_cat_threshold: 32]
[cat_l2: 10]
[cat_smooth: 10]
[max_cat_to_onehot: 4]
[top_k: 20]
[monotone_constraints: ]
[monotone_constraints_method: basic]
[monotone_penalty: 0]
[feature_contri: ]
[forcedsplits_filename: ]
[refit_decay_rate: 0.9]
[cegb_tradeoff: 1]
[cegb_penalty_split: 0]
[cegb_penalty_feature_lazy: ]
[cegb_penalty_feature_coupled: ]
[path_smooth: 0]
[interaction_constraints: ]
[verbosity: -1]
[saved_feature_importance_type: 0]
[use_quantized_grad: 0]
[num_grad_quant_bins: 4]
[quant_train_renew_leaf: 0]
[stochastic_rounding: 1]
[linear_tree: 0]
[max_bin: 255]
[max_bin_by_feature: ]
[min_data_in_bin: 3]
[bin_construct_sample_cnt: 200000]
[data_random_seed: 175]
[is_enable_sparse: 1]
[enable_bundle: 1]
[use_missing: 1]
[zero_as_missing: 0]
[feature_pre_filter: 1]
[pre_partition: 0]
[two_round: 0]
[header: 0]
[label_column: ]
[weight_column: ]
[group_column: ]
[ignore_column: ]
[categorical_feature: ]
[forcedbins_filename: ]
[precise_float_parser: 0]
[parser_config_file: ]
[objective_seed: 16083]
[num_class: 1]
[is_unbalance: 0]
[scale_pos_weight: 1.91582]
[sigmoid: 1]
[boost_from_average: 1]
[reg_sqrt: 0]
[alpha: 0.9]
[fair_c: 1]
[poisson_max_delta_step: 0.7]
[tweedie_variance_power: 1.5]
[lambdarank_truncation_level: 30]
[lambdarank_norm: 1]
[label_gain: ]
[lambdarank_position_bias_regularization: 0]
[eval_at: ]
[multi_error_top_k: 1]
[auc_mu_weights: ]
[num_machines: 1]
[local_listen_port: 12400]
[time_out: 120]
[machine_list_filename: ]
[machines: ]
[gpu_platform_id: -1]
[gpu_device_id: -1]
[gpu_use_dp: 0]
[num_gpu: 1]

end of parameters

pandas_categorical:[]
