tree
version=v4
num_class=1
num_tree_per_iteration=1
label_index=0
max_feature_idx=10
objective=binary sigmoid:1
feature_names=total_volume net_flow trade_count net_flow_ma5 net_flow_ma15 volume_ma5 net_flow_diff price_change std_5 dist_ma15 rsi
feature_infos=[0.001:583.423] [-408.04700000000003:552.60299999999995] [1:2393] [-250.40680000000003:164.94579999999996] [-178.30719999999999:77.368133333333333] [0.0062000000000037303:316.50359999999989] [-540.03199999999993:524.01599999999996] [-0.1899880805097065:0.26259992063042414] [0:153.64427421378559] [-572.27333333333081:310.4600000000064] [0:99.999999999502137]
tree_sizes=2240 2259 2264 2279 2274 2293 2286 2282 2269 2282 2278 2283 2280 2286 2266 2275 2291 2299 2280 2276 2278 2291 2274 2297 2287 2296 2296 2288 2289 2293 2294 2290 2292 2281 2297 2284 2303 2280 2288 2288 2304 2278 2291 2284 2294 2296 2292 2279 2281 2291 2282 2305 2301 2272 2298 2294 2302 2292 2302 2289 2304 2302 2291 2283 2287 2295 2288 2314 2309 2306 2324 2296 2319 2304 2297 2290 2306 2286 2290 2277 2289 2316 2301 2295 2294 2287 2322 2293 2295 2298 2323 2319 2290 2288 2283 2294 2322 2297 2273 2300 2315 2324 2312 2324 2330 2315 2321 2291 2320 2299 2292 2328 2303 2283 2286 2334 2295 2264 2308 2267 2293 2297 2326 2257 2297 2307 2267 2303 2294 2334 2275 2334 2291 2318 2291 2326 2304 2286 2318 2331 2322 2306 2313 2312 2307 2304 2264 2309 2317 2292 2285 2277 2306 2309 2314 2303 2320 2340 2269 2309 2314 2349 2320 2305 2339 2305 2262 2319 2286 2305 2286 2304 2292 2274 2337 2313 2315 2317 2299 2308 2313 2309 2302 2300 2306 2312 2314 2293 2298 2285 2301 2300 2307 2301 2318 2319 2333 2269 2306 2298

Tree=0
num_leaves=20
num_cat=0
split_feature=5 2 8 8 8 10 10 10 10 10 8 7 7 10 8 10 3 10 10
split_gain=28081.1 6143.24 4987.06 1974.9 1694.28 915.542 1041.42 697.981 692.185 760.872 617.395 565.505 518.419 470.632 455.932 415.734 347.581 413.363 332.607
threshold=1.843199999999984 8.5000000000000018 4.0564761850154714 10.139625170507236 0.054776883963566288 9.8145175156647628 80.599412062415354 8.3333333303966359 96.226415068719305 5.0847457611102778 8.7748219258743152 0.00011266348880489831 -0.00011311750137688036 87.499999936292667 12.999923088822646 2.5440537183365497 -1.5753000000000104 81.129418013813748 92.767687695335056
decision_type=2 2 2 2 2 2 2 2 2 2 2 2 2 2 2 2 2 2 2
left_child=2 10 4 5 11 -3 -7 -6 9 -4 16 12 -1 -9 -11 -5 -2 -18 -17
right_child=1 3 8 15 7 6 -8 13 -10 14 -12 -13 -14 -15 -16 18 17 -19 -20
leaf_value=-1.7255384504288032 -1.8103997875515192 -1.7844434568724092 -1.8033214815484231 -1.7541274219947549 -1.8274710434885051 -1.7210807086482778 -1.768751427595987 -1.7863195605056785 -1.8084151835504998 -1.7597184552432921 -1.7473440957419808 -1.752323891056617 -1.8325362231092781 -1.8137075232026634 -1.7167202897286085 -1.6985125029645138 -1.7656185658882559 -1.8094222945270164 -1.7419811636028339
leaf_weight=41.388102695345879 345.74541741609573 260.35853885859251 341.66021317988634 132.14573373645544 604.24372751265764 3667.6149957850575 464.70189022272825 2551.5594591498375 307.9499413818121 2409.392148964107 572.66896844655275 85.030488200485706 2661.4620133936405 725.16826545447111 244.46265858411789 4262.6906852349639 830.01953837275505 252.98430271446705 164.53923697024584
leaf_count=165 2203 1469 2109 633 4140 14162 2417 14531 1945 11920 2634 403 18614 4688 914 13756 4244 1605 732
internal_value=-1.75931 -1.72615 -1.79573 -1.71552 -1.81066 -1.72988 -1.72644 -1.79784 -1.76559 -1.76118 -1.77366 -1.8285 -1.8309 -1.79238 -1.75576 -1.70169 -1.78421 -1.77585 -1.70013
internal_weight=20925.8 10953.5 9972.32 8952.05 6668.85 4392.68 4132.32 3880.97 3303.46 2995.52 2001.42 2787.88 2702.85 3276.73 2653.85 4559.38 1428.75 1083 4427.23
internal_count=103284 43855 59429 33169 42541 18048 16579 23359 16888 14943 10686 19182 18779 19219 12834 15121 8052 5849 14488
is_linear=0
shrinkage=1


Tree=1
num_leaves=20
num_cat=0
split_feature=8 5 5 2 10 10 8 2 5 8 10 8 10 5 5 10 9 9 10
split_gain=21837.6 4815.61 3057.92 1515.02 1235.45 1236.55 915.928 817.845 707.559 531.971 509.624 462.326 414.818 400.544 384.674 318.232 314.52 272.694 255.095
threshold=4.0564761850154714 3.0611999999999777 1.2126999999999883 7.5000000000000009 5.0847457611102778 91.999999974100305 0.054776344400722411 5.5000000000000009 1.1664999999999839 16.748970131554412 12.050932973144848 0.054772322957189583 3.7499999997523266 7.764099999999984 0.258599999999996 82.341149094439217 -28.650000000001452 -17.006666666660745 88.206586669333902
decision_type=2 2 2 2 2 2 2 2 2 2 2 2 2 2 2 2 2 2 2
left_child=2 4 6 -3 16 8 11 -4 -6 12 17 14 -5 18 -1 -12 -2 -8 -9
right_child=1 3 7 9 5 -7 10 13 -10 -11 15 -13 -14 -15 -16 -17 -18 -19 -20
leaf_value=0.010755977126798209 0.087937980612930594 0.077590421405635518 0.046056403410523639 0.073562899173267249 0.07846277423310602 0.047868317753025781 0.077925667868726414 0.081641309343266771 0.10370022447514281 0.14041480072419732 0.057554157789895803 -0.0043847016362424671 0.12400937619096027 0.12603034509335481 0.037596833920859898 0.03402647593436648 0.030646644261041349 0.012432375428415427 0.048820573981791966
leaf_weight=768.11953155696392 110.44337198883295 583.77482048422098 805.01723732799292 151.371322453022 1376.9674264490604 512.45298013091087 64.450427584350109 1786.8091050088406 3650.1184170469642 2127.3201761543751 1865.8128896802664 509.34666756540537 4756.8179990798235 167.23551958799362 1283.620138309896 715.93677283078432 393.54396931827068 509.80203876644373 241.99743308126926
leaf_count=5460 516 2833 4769 754 6576 2993 333 8421 14428 5793 10328 3845 15498 562 8139 4538 2501 3581 1416
internal_value=0.0844973 0.108169 0.0474 0.124031 0.0881707 0.092262 0.0345272 0.0719229 0.0967874 0.127884 0.0453442 0.0211975 0.122454 0.0814049 0.0275483 0.0510298 0.0432014 0.0197829 0.0777264
internal_weight=22381 13662.8 8718.15 7619.28 6043.53 5539.54 5717.09 3001.06 5027.09 7035.51 3156 2561.09 4908.19 2196.04 2051.74 2581.75 503.987 574.252 2028.81
internal_count=103284 51892 51392 24878 27014 23997 36224 15168 21004 22045 18780 17444 16252 10399 13599 14866 3017 3914 9837
is_linear=0
shrinkage=0.03


Tree=2
num_leaves=20
num_cat=0
split_feature=5 2 8 5 5 10 10 8 10 10 10 8 10 8 9 9 10 9 2
split_gain=17407.3 4149.54 2622.87 1500.26 838.6 579.221 562.894 502.321 477.335 411.297 432.559 401.353 386.159 344.633 315.283 285.241 284.622 279.997 274.36
threshold=1.4866000000000035 8.5000000000000018 3.1821376918260422 3.8256999999999937 0.27580000000000365 8.3333333303966359 9.8145175156647628 12.999923088822646 91.999999974100305 4.5871559630423002 94.736842081839953 8.7748219258743152 11.29356770556207 9.2024453875525563 -44.106666666659287 -12.343333333337794 79.487179484389159 -22.473333333335173 6.5000000000000009
decision_type=2 2 2 2 2 2 2 2 2 2 2 2 2 2 2 2 2 2 2
left_child=2 6 4 5 -1 14 17 9 -7 -4 -11 16 15 -5 -3 -6 -8 -2 -14
right_child=1 3 7 13 12 8 11 -9 -10 10 -12 -13 18 -15 -16 -17 -18 -19 -20
leaf_value=0.013257215692081303 0.069969490492991934 0.12143953631258207 0.033137436920130429 0.10518584232517693 0.058775845230777397 0.097905790821256944 0.070156376103695683 0.1127496194457842 0.056462914573761021 0.070873076894055947 0.035825052674002794 0.090637740272505193 0.037737065477555461 0.11944593868372737 0.03663538589769802 0.013635452238754345 0.042619969371571066 0.013345779533091212 0.055625728174383895
leaf_weight=1487.934832945466 114.2635400891304 47.470414310693741 372.89474556595087 2276.4205084592104 152.86760450899601 4100.2184500396252 1431.9343194141984 191.84261608868837 266.38036743551493 2586.2097482830286 361.19051811099052 675.09708788990974 2210.5853646546602 4622.7173641771078 233.68812288343906 716.46186485886574 442.13959074765444 251.78541478514671 1185.4035318642855
leaf_count=10230 535 144 2293 7391 833 14305 6676 610 1361 11870 2171 2613 13230 12255 1337 4911 2520 1637 6362
internal_value=0.0772235 0.0977908 0.0451205 0.105865 0.0326494 0.0926902 0.065809 0.0655496 0.0953776 0.0628225 0.0665781 0.0708044 0.0394142 0.114741 0.0509536 0.0215732 0.0636599 0.0310211 0.0439813
internal_weight=23727.5 14462.1 9265.39 11546.9 5753.25 4647.76 2915.22 3512.14 4366.6 3320.3 2947.4 2549.17 4265.32 6899.14 281.159 869.329 1874.07 366.049 3395.99
internal_count=103284 50774 52510 36793 35566 17147 13981 16944 15666 16334 14041 11809 25336 19646 1481 5744 9196 2172 19592
is_linear=0
shrinkage=0.03


Tree=3
num_leaves=20
num_cat=0
split_feature=8 2 2 5 8 5 10 10 7 7 10 7 8 8 10 7 10 5 9
split_gain=14384.1 2958.45 2193.45 1550.53 878.409 689.354 559.833 511.916 427.518 354.933 318.471 302.384 292.388 279.394 297.378 275.288 253.462 217.178 212.089
threshold=4.0564761850154714 7.5000000000000009 6.5000000000000009 3.254399999999996 0.054776883963566288 2.6389999999999798 5.0847457611102778 91.999999974100305 -0.00011267688158067556 0.00011266348880489831 8.3333333303966359 0.00011266348880489831 8.7748219258743152 16.748970131554412 73.026315784949944 -0.00011267688158067556 12.050932973144848 0.61360000000000847 -22.473333333335173
decision_type=2 2 2 2 2 2 2 2 2 2 2 2 2 2 2 2 2 2 2
left_child=2 12 4 6 8 10 -3 -8 -1 -10 18 15 16 14 -5 -6 -2 -12 -4
right_child=1 3 5 13 11 -7 7 -9 9 -11 17 -13 -14 -15 -16 -17 -18 -19 -20
leaf_value=0.087657253974032054 0.025879691711618868 0.042067992946027012 0.10455444943225532 0.1020989743812266 0.079086522927753269 0.081091075095972173 0.086831111715948761 0.047399728316569599 0.012883777487294332 0.080086486725204811 0.039731170097944329 0.083099532564954282 0.075037507635894937 0.11130505646673217 0.082451103341779283 0.036394977337247662 0.058294214960994052 0.060481916160579657 0.019705745362886235
leaf_weight=74.610461816191673 249.66861620545387 303.3056154102087 28.673602320253849 4625.2044098824263 143.54864531010389 953.09535610675812 4332.0497593581676 318.07416978478432 2477.7328052520752 72.810486853122711 595.49284459650517 145.17823429405689 870.45922881364822 2478.9645469337702 815.54502068459988 2564.5287618935108 1664.7731549888849 1909.510248363018 351.97531854361296
leaf_count=320 1501 1659 105 12598 633 3498 14893 1663 16743 319 3333 628 3446 5704 2738 14598 7690 8952 2263
internal_value=0.0710957 0.088658 0.0415812 0.0947232 0.0293966 0.0589702 0.0815582 0.084134 0.0168729 0.0148022 0.051664 0.0409192 0.0606216 0.102957 0.0991538 0.038658 0.0540669 0.055549 0.0260972
internal_weight=24975.2 15658 9317.16 12873.1 5478.41 3838.75 4953.43 4650.12 2625.15 2550.54 2885.65 2853.26 2784.9 7919.71 5440.75 2708.08 1914.44 2505 380.649
internal_count=103284 51892 51392 39255 33241 18151 18215 16556 17382 17062 14653 15859 12637 21040 15336 15231 9191 12285 2368
is_linear=0
shrinkage=0.03


Tree=4
num_leaves=20
num_cat=0
split_feature=5 2 8 8 8 5 10 8 10 9 5 10 10 8 10 10 9 9 2
split_gain=11967.2 2673.4 1949.68 991.274 706.596 448.649 430.047 389.399 382.344 367.678 320.528 312.911 312.886 297.019 292.585 286.025 413.651 267.915 253.05
threshold=1.4866000000000035 8.5000000000000018 0.054776883963566288 8.7748219258743152 4.5219463457621769 4.9419999999999922 9.8145175156647628 0.054772322957189583 12.050932973144848 -17.006666666660745 0.258599999999996 6.912513665402451 89.691653769540423 12.999923088822646 86.848206895552181 18.394215605882383 -39.560000000004941 18.216666666659879 7.5000000000000009
decision_type=2 2 2 2 2 2 2 2 2 2 2 2 2 2 2 2 2 2 2
left_child=2 6 7 5 8 11 -2 10 9 -4 -1 -3 17 -6 -10 16 -5 -8 -12
right_child=1 3 4 15 13 -7 12 -9 14 -11 18 -13 -14 -15 -16 -17 -18 -19 -20
leaf_value=0.0092222830517422957 0.027230628532479421 0.036698977245940616 0.070841839731429657 0.093096219058926344 0.057481868453958092 0.090700532171721734 0.06111858456232213 -0.0025256209085259538 0.049503600474458127 0.011998648141013705 0.028289072401440195 0.074320590092949487 0.036221751155052731 0.094074110765954302 0.029023370784980899 0.09669490512002793 0.047587598955583177 0.090344819013992994 0.066399323667220247
leaf_weight=791.16440677642822 385.49080911278725 210.60003112256527 112.99874007701874 534.08402280509472 2450.898547872901 1719.6851442605257 2064.3141770064831 599.9782018661499 2769.7225187271833 619.59089254587889 1305.6056849732995 3603.0657754689455 392.70347402989864 217.34473241865635 811.81857240200043 6767.4904632270336 270.95445378124714 327.00659465789795 178.21088941395283
leaf_count=5460 2172 1097 494 1347 10617 4715 8674 4325 13472 4078 7914 12238 2083 610 4700 16284 1112 1052 840
internal_value=0.0658525 0.0816519 0.0397663 0.0876312 0.0483275 0.0779794 0.0569276 0.0189737 0.0408222 0.021075 0.0246436 0.072243 0.0610396 0.0604625 0.0448614 0.094684 0.0777792 0.0651152 0.0328662
internal_weight=26132.7 16275.4 9857.33 13105.9 6982.37 5533.35 3169.52 2874.96 4314.13 732.59 2274.98 3813.67 2784.02 2668.24 3581.54 7572.53 805.038 2391.32 1483.82
internal_count=103284 50774 52510 36793 33971 18050 13981 18539 22744 4572 14214 13335 11809 11227 18172 18743 2459 9726 8754
is_linear=0
shrinkage=0.03


Tree=5
num_leaves=20
num_cat=0
split_feature=8 2 5 5 2 8 10 5 7 10 10 7 7 9 7 10 8 7 8
split_gain=10211.5 2039.72 1684.09 1054.84 570.517 467.034 414.782 351.548 309.636 293.331 266.508 251.756 247.334 245.881 233.369 227.597 220.457 209.216 209.008
threshold=4.0564761850154714 7.5000000000000009 0.73739999999999661 1.9160999999999875 5.5000000000000009 0.054776344400722411 3.7499999997523266 7.764099999999984 -0.00011311750137688036 9.8145175156647628 82.341149094439217 0.00011287643586488373 0.00011309575308482424 -39.560000000004941 0.00011318779270519387 17.236925488313471 8.7748219258743152 -0.00011289191841346023 11.243398073005329
decision_type=2 2 2 2 2 2 2 2 2 2 2 2 2 2 2 2 2 2 2
left_child=2 11 5 18 14 8 13 -8 -1 -6 -11 16 -10 -5 17 -7 -2 -4 -3
right_child=1 3 4 6 9 15 7 -9 12 10 -12 -13 -14 -15 -16 -17 -18 -19 -20
leaf_value=0.098257405112417984 0.044532176097531899 0.059383484380932793 0.079751816020871433 0.081479515164706834 0.031222237019490846 0.014688765849693145 0.081052584038947703 0.092267098641176173 0.011028175322951124 0.062252758831830284 0.040266083975775552 0.083238928932718448 0.089796029110600306 0.031809906852841796 0.10194082478417139 0.038025314725268843 0.062745868498643984 0.029756522197376029 0.081100762635591517
leaf_weight=38.387253925204277 1913.4805647432804 2275.6965453624725 79.114672660827637 153.89300940930843 413.07992862164974 477.18122535198927 7415.2222731411457 3807.5048498511314 2184.7843298390508 2610.4936360269785 612.61338374763727 224.66922251880169 36.4769586622715 215.03432506322861 44.270757079124451 1776.1069713383913 870.04502545297146 1575.5836750417948 483.58832108974457
leaf_count=123 8696 8802 294 423 2243 3022 19449 8140 14540 10004 3006 735 132 1037 136 9160 3206 8732 1404
internal_value=0.0613088 0.0751519 0.0369076 0.0798601 0.0483176 0.0234188 0.0838284 0.0848573 0.0137816 0.0550234 0.0580738 0.0526909 0.0123217 0.0525289 0.0339656 0.0330833 0.0502252 0.0321469 0.0631896
internal_weight=27207.2 17359.1 9848.09 14350.9 5335.16 4512.94 11591.7 11222.7 2259.65 3636.19 3223.11 3008.19 2221.26 368.927 1698.97 2253.29 2783.53 1654.7 2759.28
internal_count=103284 51892 51392 39255 24415 26977 29049 27589 14795 15253 13010 12637 14672 1460 9162 12182 11902 9026 10206
is_linear=0
shrinkage=0.03


Tree=6
num_leaves=20
num_cat=0
split_feature=5 2 8 5 3 10 10 8 10 8 10 10 10 9 10 9 10 10 9
split_gain=8807.18 2329.94 1150.82 849.095 407.673 368.342 346.348 345.092 340.255 322.963 286.517 383.142 273.131 253.521 223.23 222.799 213.386 234.049 187.61
threshold=1.2126999999999883 8.5000000000000018 1.3416407862436119 3.8256999999999937 0.11399999999997475 17.748979081042865 13.466500415368204 9.2024453875525563 91.999999974100305 0.054776883963566288 4.5871559630423002 84.201298521361977 7.6923076844111558 -10.053333333322369 89.691653769540423 -30.726666666661909 81.711463651423202 15.966791926368609 -9.3300000000017445
decision_type=2 2 2 2 2 2 2 2 2 2 2 2 2 2 2 2 2 2 2
left_child=2 9 4 6 5 18 15 10 -8 -2 -4 -12 -11 -7 -14 -3 17 -5 -1
right_child=1 3 7 16 -6 13 8 -9 -10 12 11 -13 14 -15 -16 -17 -18 -19 -20
leaf_value=0.026874812282267922 0.022629851028061632 0.07030665595978039 0.018336634708893781 0.066087060778763543 0.034299997759459432 0.085933957013960713 0.069776654467799001 0.068165327897903527 0.040534057647397981 0.027936497502149781 0.047613731541122875 0.022908453175818095 0.057154027367616295 0.019598417338521145 0.034209792337234438 0.028980434760600339 0.065109658508684151 0.083326793165222374 -0.0097343313223711998
leaf_weight=156.20440879464149 387.65562631189823 175.29733896255493 480.94454093277454 786.50682596862316 1393.2313494607806 53.280351020395756 5610.6495338827372 436.02776274085045 382.52357071638107 399.64783751964569 2995.3856932371855 696.29678265750408 2931.2586068511009 1933.9321671873331 438.75817069411278 355.54333740472794 772.75470745563507 7168.2198226749897 651.22721567749977
leaf_count=913 2137 553 2843 2206 7668 197 16185 1428 1676 2108 12821 3784 11060 11688 2164 1758 2147 15293 4655
internal_value=0.0573276 0.0686133 0.0324265 0.0740401 0.0210434 0.0144345 0.065853 0.0427703 0.0679102 0.0487045 0.0401166 0.042954 0.051386 0.021377 0.0541668 0.0426274 0.0801602 0.0816223 -0.00265199
internal_weight=28205.3 19408.8 8796.53 15251.5 4187.88 2794.64 6524.01 4608.65 5993.17 4157.32 4172.63 3691.68 3769.66 1987.21 3370.02 530.841 8727.48 7954.73 807.432
internal_count=103284 57287 45997 39818 25121 17453 20172 20876 17861 17469 19448 16605 15332 11885 13224 2311 19646 17499 5568
is_linear=0
shrinkage=0.03


Tree=7
num_leaves=20
num_cat=0
split_feature=8 2 2 5 8 5 10 10 7 7 7 7 7 8 10 9 9 10 9
split_gain=7717.39 1502.6 1321.86 772.926 562.574 379.934 334.403 337.485 323.16 271.4 217.871 211.58 194.382 184.75 196.403 184.621 176.011 222.293 155.914
threshold=4.0564761850154714 7.5000000000000009 6.5000000000000009 3.254399999999996 0.054776883963566288 2.6389999999999798 5.0847457611102778 96.226415068719305 -0.00011267688158067556 0.00011266348880489831 0.00011266348880489831 0.00011139411404403889 -0.00011267688158067556 25.247475137735261 73.026315784949944 14.043333333334887 20.640000000006697 76.685393257288993 -44.106666666659287
decision_type=2 2 2 2 2 2 2 2 2 2 2 2 2 2 2 2 2 2 2
left_child=2 11 4 6 8 15 18 -8 -1 -10 12 16 -6 14 -5 -4 17 -2 -3
right_child=1 3 5 13 10 -7 7 -9 9 -11 -12 -13 -14 -15 -16 -17 -18 -19 -20
leaf_value=0.071445982701904151 0.044018930852334673 0.087912287111844512 0.038150946062913089 0.074774734660614767 0.06203204671017349 0.06041610394791757 0.064108881479746513 0.03194471978979662 0.010320379963379424 0.06566599836415947 0.065613606457693707 0.065008788667741596 0.028655361545689796 0.086050089298313967 0.06223534292068001 0.064496266811411726 0.062947978867976817 0.017301316545872636 0.024527665674570053
leaf_weight=84.969768196344376 2045.2975743412971 39.459198027849197 3006.0420082584023 7300.1567247062922 166.25203159451485 1132.1845746189356 5243.3235794454813 311.01236896216869 2596.9072293639183 82.267821311950684 167.9806267619133 475.18524764478207 2834.4773101508617 1071.7857541143894 1328.8123448193073 260.11077806353569 357.19923569262028 324.77110482752323 304.08351118862629
leaf_count=320 8214 96 13686 15741 633 3498 15113 1443 16743 319 628 1577 14598 1825 3474 967 1193 1653 1563
internal_value=0.053807 0.065253 0.0329772 0.0690958 0.0237376 0.0454403 0.0605313 0.0623079 0.0138466 0.0120198 0.0323658 0.0465353 0.0305046 0.0743028 0.0728437 0.040249 0.0433165 0.0403578 0.031808
internal_weight=29132.3 18801.1 10331.2 15598.6 5932.85 4398.34 5897.88 5554.34 2764.14 2679.18 3168.71 3202.45 3000.73 9700.75 8628.97 3266.15 2727.27 2370.07 343.543
internal_count=103284 51892 51392 39255 33241 18151 18215 16556 17382 17062 15859 12637 15231 21040 19215 14653 11060 9867 1659
is_linear=0
shrinkage=0.03


Tree=8
num_leaves=20
num_cat=0
split_feature=5 2 8 8 5 10 10 10 10 10 10 9 9 10 9 1 9 9 9
split_gain=6818.29 1743.29 902.477 702.8 390.106 328.693 317.154 285.738 277.763 268.006 271.442 255.039 222.154 206.355 303.911 204.604 199.919 179.309 170.462
threshold=1.2126999999999883 8.5000000000000018 2.0319944310102867 8.7748219258743152 0.27580000000000365 80.599412062415354 7.6923076844111558 84.201298521361977 4.5871559630423002 9.8145175156647628 89.691653769540423 10.610000000000584 17.790000000000877 18.394215605882383 -39.560000000004941 0.04500000000000004 -20.69666666667035 18.216666666659879 17.363333333327322
decision_type=2 2 2 2 2 2 2 2 2 2 2 2 2 2 2 2 2 2 2
left_child=2 9 4 5 -1 6 -3 8 -4 16 17 15 -7 14 -5 -6 -2 -11 -9
right_child=1 3 7 13 11 12 -8 18 -10 10 -12 -13 -14 -15 -16 -17 -18 -19 -20
leaf_value=0.0077361891625929201 0.049641702340825676 0.033630056201218221 0.021139406163168936 0.069101700908589123 0.017354432083253029 0.022720484004143834 0.061630293692606586 0.010190152994573187 0.045712684924403162 0.046777622351766392 0.026667217251854964 0.05682434706657237 0.05403238314681149 0.071665463601536902 0.033719584449529744 0.032883571803433653 0.011349540988367143 0.067744424571186193 0.042652466889339526
leaf_weight=1525.2811076045036 182.70356330275536 387.70315112173557 476.67668947577477 642.00763124227524 1836.6482343897223 374.58811144530773 5973.5984565913677 438.41623651981354 3148.0997083038092 2868.8318101763725 548.64325453341007 225.72408749163151 447.61154566705227 8266.180670812726 331.19527015089989 1306.974597632885 373.69075137376785 420.96325996518135 217.96052205562592
leaf_count=9825 724 1697 2593 1365 10457 1623 15729 2428 12063 10743 2691 975 1416 16783 1205 6739 2125 1186 917
internal_value=0.0506678 0.060164 0.0291231 0.0646549 0.020324 0.0576167 0.0599238 0.0391831 0.0424812 0.043382 0.0462026 0.0260224 0.0397669 0.0701271 0.0570606 0.0238107 0.0239236 0.0494605 0.0209698
internal_weight=29993.5 20817.7 9175.78 16422.9 4894.63 7183.5 6361.3 4281.15 3624.78 4394.83 3838.44 3369.35 822.2 9239.38 973.203 3143.62 556.394 3289.8 656.377
internal_count=103284 57287 45997 39818 27996 20465 17426 18001 14656 17469 14620 18171 3039 19353 2570 17196 2849 11929 3345
is_linear=0
shrinkage=0.03


Tree=9
num_leaves=20
num_cat=0
split_feature=8 5 5 2 2 8 10 5 10 10 7 9 10 3 5 3 7 7 9
split_gain=6046.45 1164.81 1075.43 542.676 375.139 309.441 299.35 298.414 231.525 216.012 219.167 215.876 209.801 185.052 183.947 166.92 158.084 159.058 145.857
threshold=4.0564761850154714 1.891999999999977 0.70559999999996814 6.5000000000000009 5.5000000000000009 13.405073696182088 81.129418013813748 0.16099999999997597 12.050932973144848 96.226415068719305 0.00011000446618059102 -2.4833333333372134 9.8145175156647628 0.10719999999997525 7.764099999999984 -1.324899999999994 0.00011318779270519387 -0.00011320099005396321 -20.180000000000287
decision_type=2 2 2 2 2 2 2 2 2 2 2 2 2 2 2 2 2 2 2
left_child=2 9 7 -3 16 6 -5 -1 13 10 15 -10 18 -9 -14 -2 17 -4 -6
right_child=1 3 4 5 12 -7 -8 8 11 -11 -12 -13 14 -15 -16 -17 -18 -19 -20
leaf_value=0.0021209347735493193 0.0043523435184703533 0.042077582529137202 0.074681078884857435 0.06153955916999642 0.058770709818890515 0.068998606732136633 0.041292886803691739 0.0007059208801179404 0.043395711902660249 0.0242369601585187 0.055508256878115794 0.022385182733771651 0.043699160982897597 0.036100373000569265 0.071734945109601267 0.043281707854573914 0.078422812304119002 0.024107914229350963 0.015642257802711862
leaf_weight=798.06199537217617 102.77739349007607 1163.379899173975 57.732543870806694 7732.9206176996231 87.187887415289879 5427.137228474021 718.27221702039242 642.18839282542467 534.36362839490175 412.34016221761703 1685.1390821039677 2495.5783202946186 3496.2102215066552 167.64930103719234 224.12770929932594 2791.6314125657082 52.50872614979744 1833.5427515730262 370.35874256491661
leaf_count=5282 487 4250 166 17770 301 10172 2292 4190 2371 1985 5024 13379 12820 903 491 9912 141 9343 2005
internal_value=0.0478492 0.0575915 0.0297095 0.0617587 0.037965 0.0634086 0.0598188 0.0188129 0.0222822 0.0450344 0.046907 0.0260906 0.0430305 0.00803314 0.0453881 0.0418994 0.0270772 0.0256517 0.0238606
internal_weight=30793.1 20033.6 10759.5 15041.7 6121.67 13878.3 8451.19 4637.84 3839.78 4991.89 4579.55 3029.94 4177.88 809.838 3720.34 2894.41 1943.78 1891.28 457.547
internal_count=103284 51892 51392 34484 25267 30234 20062 26125 20843 17408 15423 15750 15617 5093 13311 10399 9650 9509 2306
is_linear=0
shrinkage=0.03


Tree=10
num_leaves=20
num_cat=0
split_feature=5 2 8 8 8 8 10 10 10 10 8 8 2 9 9 10 9 9 10
split_gain=5428.57 1391.13 752.045 561.566 340.646 298.207 307.363 278.529 265.397 261.723 227.371 260.788 227.07 191.542 179.947 178.238 227.758 156.271 256.631
threshold=1.2126999999999883 8.5000000000000018 0.054776344400722411 8.7748219258743152 0.054772322957189583 9.2024453875525563 12.050932973144848 84.201298521361977 80.599412062415354 7.6923076844111558 0.044728565217168413 0.044721269360503607 4.5000000000000009 17.790000000000877 -27.646666666667439 11.29356770556207 -41.560000000004941 -17.006666666660745 11.29356770556207
decision_type=2 2 2 2 2 2 2 2 2 2 2 2 2 2 2 2 2 2 2
left_child=2 12 4 8 10 6 14 -8 9 -3 11 -1 -2 -10 -4 16 -5 -14 -19
right_child=1 3 5 15 -6 -7 7 -9 13 -11 -12 -13 17 -15 -16 -17 -18 18 -20
leaf_value=0.021057467402486096 0.029220997478273968 0.029879043660215075 0.073130205596404554 0.060537362924749254 -0.0075146964704058041 0.054432409697721951 0.036747680943568534 0.01998098543103078 0.019955536639704931 0.054737035007530334 0.029865586325256287 -0.0057223595144484775 0.058539768087772004 0.048396565239537455 0.01158022847681099 0.063128073265817902 0.022229649967909177 0.0071112111592949263 0.043114740325913337
leaf_weight=860.02664784342051 1495.186219766736 405.62799091637135 44.863302513957024 373.42431065440178 554.78851164877415 491.41262947022915 4020.336295902729 1145.8411210030317 388.76222009956837 6329.8907819986343 958.17214751243591 528.32664640247822 515.0492697507143 471.69463486969471 907.34780707210302 9219.2863121032715 223.15686447918415 192.39844234287739 2411.2388078868389
leaf_count=4946 6325 1697 137 765 3845 1428 15987 5822 1623 15729 5176 3477 1562 1416 5179 17734 854 1067 8515
internal_value=0.0453001 0.0534792 0.0263591 0.0573603 0.0136262 0.031948 0.0301421 0.0330289 0.0512358 0.05324 0.0186246 0.0108666 0.0388328 0.0355467 0.0144801 0.0620997 0.046208 0.043441 0.0404542
internal_weight=31536.8 22025.7 9511.12 17411.8 2901.31 6609.8 6118.39 5166.18 7595.98 6735.52 2346.53 1388.35 4613.87 860.457 952.211 9815.87 596.581 3118.69 2603.64
internal_count=103284 57287 45997 39818 17444 28553 27125 21809 20465 17426 13599 8423 17469 3039 5316 19353 1619 11144 9582
is_linear=0
shrinkage=0.03


Tree=11
num_leaves=20
num_cat=0
split_feature=8 5 2 8 10 10 2 7 8 5 7 9 7 3 7 9 9 9 5
split_gain=4893.34 960.44 883.982 405.566 403.876 431.797 281.367 267.448 263.531 253.297 224.535 179.462 173.795 164.554 162.314 143.892 139.275 132.959 128.692
threshold=4.0564761850154714 3.4606000000000035 6.5000000000000009 0.054776883963566288 5.0847457611102778 96.226415068719305 12.500000000000002 -0.00011267688158067556 13.202121085948923 2.6389999999999798 0.00011266348880489831 -41.560000000004941 0.00011132429714733051 -1.1618000000000117 -0.00011267688158067556 23.610000000000586 14.043333333334887 -9.8033333333296451 7.764099999999984
decision_type=2 2 2 2 2 2 2 2 2 2 2 2 2 2 2 2 2 2 2
left_child=2 4 3 7 11 8 -3 -1 -6 16 -9 -2 14 -13 -5 -7 17 -4 -8
right_child=1 6 9 12 5 15 18 10 -10 -11 -12 13 -14 -15 -16 -17 -18 -19 -20
leaf_value=0.061369275284026706 0.067877004937265728 0.045448869260648575 0.044315680138276005 0.05109805298007946 0.045908921496119644 0.012686380485997314 0.056095005336280146 0.0080386136113837683 0.060591334215787183 0.048100428665304992 0.0563174572225318 -0.0043036422192191722 0.043557993670841219 0.02837957642106129 0.022009236679256979 0.042917031365348683 0.052380272552018534 0.028029841038850974 0.063026797308599558
leaf_weight=92.726988673210144 70.889905974268913 1504.4182213246822 540.06969432532787 184.12467108666897 7279.3107095062733 431.08386613428593 5061.4173473864794 2710.0971698760986 1296.1166551113129 1263.8969921767712 89.564019754528999 207.74523165822029 464.8679883480072 416.816855058074 2768.1939361840487 211.09586472809315 290.5790431946516 2740.9114714190364 4602.28655564785
leaf_count=320 165 4220 2008 633 20830 2108 10192 16743 2676 3498 319 1117 1877 1902 13349 742 967 11678 7940
internal_value=0.0429847 0.0514846 0.0269069 0.0195105 0.0446879 0.0463512 0.0575174 0.0112433 0.0481281 0.0365582 0.0095831 0.0226426 0.0265081 0.0175083 0.0238234 0.0226237 0.0324736 0.0307106 0.0593962
internal_weight=32226.2 21081.2 11145 6309.57 9913.06 9217.61 11168.1 2892.39 8575.43 4835.46 2799.66 695.452 3417.19 624.562 2952.32 642.18 3571.56 3280.98 9663.7
internal_count=103284 51892 51392 33241 29540 26356 22352 17382 23506 18151 17062 3184 15859 3019 13982 2850 14653 13686 18132
is_linear=0
shrinkage=0.03


Tree=12
num_leaves=20
num_cat=0
split_feature=5 2 8 5 8 8 8 10 10 10 3 10 10 8 10 9 9 2 9
split_gain=4465.04 1146.91 605.756 484.397 310.198 247.87 246.07 267.754 235.207 210.637 209.664 195.866 205.39 192.542 172.716 156.639 146.266 141.992 139.567
threshold=1.2126999999999883 8.5000000000000018 0.054776344400722411 4.5720999999999989 0.054772322957189583 13.202121085948923 9.2024453875525563 12.050932973144848 84.201298521361977 80.010515246079123 0.11399999999997475 9.8145175156647628 89.691653769540423 0.044734324030187921 97.435897418530928 -29.630000000004653 -20.69666666667035 42.500000000000007 18.216666666659879
decision_type=2 2 2 2 2 2 2 2 2 2 2 2 2 2 2 2 2 2 2
left_child=2 11 4 5 10 9 7 15 -9 -3 13 16 18 -1 -12 -4 -2 -5 -13
right_child=1 3 6 17 -6 -7 -8 8 -10 -11 14 12 -14 -15 -16 -17 -18 -19 -20
leaf_value=0.0034513342395167644 0.039683833164619216 0.04620575195841789 0.074688969370669517 0.05025793504864224 -0.0076156471766961609 0.056837304792200852 0.048710456860436346 0.033159427771968619 0.017996138698626814 0.030881252301729657 0.036860485897259564 0.03774318831488243 0.020964840165920005 0.025062495001937472 0.00056505296055485844 0.010444076426181528 0.0083168423678414774 0.058765846759247217 0.055315651224303
leaf_weight=1046.6369600445032 202.54742458462715 6573.2748329490423 35.438082754611969 2413.5495068579912 556.27155880630016 1759.0873325318098 517.33623284101486 4187.5514254271984 1180.1414458453655 920.25497756898403 630.98647533357143 3150.2907768934965 593.03881378471851 574.79790936410427 145.13804879784584 943.96716205775738 394.16332842409611 6574.9208857864141 467.09361429512501
leaf_count=6571 724 16786 92 5052 3845 3371 1428 15987 5822 3138 3048 10743 2691 3116 864 5224 2125 11471 1186
internal_value=0.0408688 0.0480858 0.0239271 0.0515213 0.0125675 0.0467028 0.0288152 0.0271936 0.0298256 0.0443238 0.0172503 0.0350497 0.0373294 0.0111125 0.0300731 0.0127687 0.018964 0.0564813 0.0400122
internal_weight=32866.5 23048.2 9818.27 18241.1 2953.83 9252.62 6864.43 6347.1 5367.69 7493.53 2397.56 4807.13 4210.42 1621.43 776.125 979.405 596.711 8988.47 3617.38
internal_count=103284 57287 45997 39818 17444 23295 28553 27125 21809 19924 13599 17469 14620 9687 3912 5316 2849 16523 11929
is_linear=0
shrinkage=0.03


Tree=13
num_leaves=20
num_cat=0
split_feature=8 2 5 8 2 10 10 5 10 9 4 5 7 10 7 7 9 10 10
split_gain=4059.47 822.33 745.541 445.826 253.118 246.487 265.487 240.811 180.574 165.826 164.146 155.651 154.72 141.808 122.966 123.159 121.537 146.682 116.797
threshold=4.0564761850154714 7.5000000000000009 0.70559999999996814 10.675181462886625 5.5000000000000009 4.5871559630423002 88.888888854455743 0.16099999999997597 12.050932973144848 -2.4833333333372134 -0.018099999999990887 7.764099999999984 0.00011139411404403889 9.8145175156647628 0.00011318779270519387 -0.00011289191841346023 20.640000000006697 76.685393257288993 18.394215605882383
decision_type=2 2 2 2 2 2 2 2 2 2 2 2 2 2 2 2 2 2 2
left_child=2 12 7 5 14 -3 -7 -1 10 -10 -9 13 16 -6 15 -4 17 -2 -5
right_child=1 3 4 18 11 6 -8 8 9 -11 -12 -13 -14 -15 -16 -17 -18 -19 -20
leaf_value=0.00076729509880841867 0.031361160661682083 0.022411415525812144 0.052970324080187862 0.04423433263283915 0.01797289256044542 0.04692986797329407 0.025450178700487928 -0.00068837606252144807 0.03636620593771147 0.018623836194260269 0.031801665568421983 0.057036087535987282 0.048174385398130209 0.035512891699612581 0.065347036351573559 0.019379085181649908 0.046041781495426294 0.010775042239965305 0.055152476793852045
leaf_weight=821.54611913859844 2348.7296742349863 431.75937815010548 103.5586095303297 993.35044936835766 465.56525227427483 8461.257754996419 551.64527235925198 661.49035366624594 578.04682943224907 2636.5646481364965 177.50315513461828 271.28567273914814 552.40119355916977 3807.7404523640871 58.177808970212936 1910.201504021883 416.30833713710308 359.14225074648857 7853.6540016382933
leaf_count=5282 8214 1783 304 2231 2235 19463 2036 4158 2371 13379 935 562 1577 12820 141 9205 1193 1653 13742
internal_value=0.0389275 0.0464852 0.0244798 0.0490874 0.0310389 0.0445544 0.0456152 0.0155778 0.0185795 0.0218142 0.00618544 0.0350008 0.0335387 0.033602 0.0223488 0.0211065 0.0309509 0.0286308 0.0539266
internal_weight=33459.9 21968.2 11491.7 18291.7 6616.53 9444.66 9012.9 4875.15 4053.6 3214.61 838.994 4544.59 3676.58 4273.31 2071.94 2013.76 3124.18 2707.87 8847
internal_count=103284 51892 51392 39255 25267 23282 21499 26125 20843 15750 5093 15617 12637 15055 9650 9509 11060 9867 15973
is_linear=0
shrinkage=0.03


Tree=14
num_leaves=20
num_cat=0
split_feature=5 2 8 5 8 8 9 10 10 7 7 10 8 2 9 2 10 9 8
split_gain=3738.56 965.173 506.874 428.216 283.816 211.59 207.72 285.691 225 186.725 193.943 181.422 176.864 152.787 144.939 115.158 106.023 104.796 95.1742
threshold=1.2126999999999883 8.5000000000000018 0.054776344400722411 4.6710000000000038 0.054772322957189583 13.202121085948923 -28.650000000001452 12.050932973144848 84.201298521361977 -0.00011311750137688036 0.00011318779270519387 80.010515246079123 0.054776883963566288 4.5000000000000009 -17.413333333337501 68.500000000000014 73.026315784949944 33.936666666668323 0.05477263993796453
decision_type=2 2 2 2 2 2 2 2 2 2 2 2 2 2 2 2 2 2 2
left_child=2 12 4 5 9 11 -4 -8 -9 -1 -11 -3 14 17 -2 16 -5 -14 -6
right_child=1 3 6 15 18 -7 7 8 -10 10 -12 -13 13 -15 -16 -17 -18 -19 -20
leaf_value=0.068868610309267428 0.080677794645104425 0.041857821465310842 0.062556237150675931 0.049558247207764028 -0.035464392684708093 0.051369809641666743 0.010575143652772442 0.031015119723124276 0.01681799850956409 0.013526568260771938 0.081830108055208642 0.02796276242660033 0.024005579226609172 0.037334638960906288 0.0093501009380135454 0.054215440022449907 0.035946447248083449 0.070745067073913051 -0.0022474899475772381
leaf_weight=58.485936254262924 27.325088530778885 6925.2566366195679 138.710015386343 3265.9893410503864 93.164767406880856 1876.2192609459162 992.12534531950951 4673.8509837388992 1279.7678134888411 2352.4169056862593 38.018240809440613 963.32774016261101 1378.905354142189 3111.5287842452526 415.65782514214516 5298.81507396698 611.42086760699749 44.569106772542 465.65034936368465
leaf_count=152 72 16985 315 6073 717 3445 5325 16852 6061 13360 87 3169 5308 9933 2065 8700 1446 91 3128
internal_value=0.0371372 0.043598 0.0218249 0.0466874 0.0115065 0.0423147 0.0262056 0.0254796 0.0279634 0.0159086 0.0146129 0.040161 0.0318428 0.0336102 0.0137499 0.0513406 0.0474118 0.025469 -0.00778536
internal_weight=34011.2 23919 10092.2 18941 3007.74 9764.8 7084.45 6945.74 5953.62 2448.92 2390.44 7888.58 4977.99 4535 442.983 9176.23 3877.41 1423.47 558.815
internal_count=103284 57287 45997 39818 17444 23599 28553 28238 22913 13599 13447 20154 17469 15332 2137 16219 7519 5399 3845
is_linear=0
shrinkage=0.03


Tree=15
num_leaves=20
num_cat=0
split_feature=8 8 2 10 7 7 5 9 5 5 10 10 10 9 10 9 3 10 5
split_gain=3438.68 713.467 623.87 340.706 310.079 290.429 267.633 253.978 213.136 196.487 195.058 192.878 149.079 142.946 138.297 136.35 124.396 117.026 120.131
threshold=4.0564761850154714 8.8756126996269717 5.5000000000000009 8.3333333303966359 -0.00011267688158067556 0.00011266348880489831 2.1830000000000092 -29.630000000004653 1.195699999999998 0.16099999999997597 91.999999974100305 2.5440537183365497 95.327102794382526 43.673333333339549 78.947368418746166 11.383333333331395 0.014200000000015837 88.206586669333902 7.3082999999999911
decision_type=2 2 2 2 2 2 2 2 2 2 2 2 2 2 2 2 2 2 2
left_child=2 3 4 7 -1 9 12 -2 15 -6 11 -3 -5 -13 -8 16 -4 18 -10
right_child=1 10 8 6 5 -7 14 -9 17 -11 -12 13 -14 -15 -16 -17 -18 -19 -20
leaf_value=0.047951720963187207 0.052885442073668819 0.028748382451142692 0.014022233935904984 0.034166925708432321 -0.0026426181017366354 0.047059202122261092 0.044310488415635937 0.0079693333714323453 0.033850043480435708 0.014373068603049755 0.029656463155911673 0.04749733899547063 0.014957197297265759 0.058271300394360452 0.02926914723770219 0.043946974523242976 0.02717000067028584 0.018057110643813691 0.054167970552227988
leaf_weight=245.4106505215168 140.37028133869171 455.1952830851078 1277.2635390460491 3858.7940721958876 710.72936436533928 221.73280431330204 4571.3932249695063 587.53241640329361 2778.4088824391365 4342.6519881188869 551.6181753128767 10283.22781984508 401.41630505025387 1242.1996778398752 625.41681188344955 248.6254581362009 1313.8743410781026 377.17303009331226 289.15939308702946
leaf_count=768 349 1397 6110 11268 4654 711 9808 2755 8451 22164 1563 19245 1838 1768 1901 894 5577 1508 555
internal_value=0.0354808 0.0423061 0.0223463 0.0364086 0.014988 0.0134544 0.0379309 0.016631 0.0288101 0.0119799 0.047099 0.0479021 0.0323569 0.0486585 0.0425003 0.0227253 0.020689 0.0338264 0.0357653
internal_weight=34522.2 22717.2 11805 10184.9 5520.52 5275.11 9457.02 727.903 6284.5 5053.38 12532.2 11980.6 4260.21 11525.4 5196.81 2839.76 2591.14 3444.74 3067.57
internal_count=103284 51892 51392 27919 28297 27529 24815 3104 23095 26818 23973 22410 13106 21013 11709 12581 11687 10514 9006
is_linear=0
shrinkage=0.03


Tree=16
num_leaves=20
num_cat=0
split_feature=2 8 8 5 7 7 10 10 9 10 8 8 10 9 10 10 9 1 9
split_gain=3181.89 883.615 673.786 294.705 273.842 216.923 212.058 242.986 183.246 181.864 180.552 184.013 169.308 143.597 139.194 154.665 131.089 130.177 129.492
threshold=7.5000000000000009 7.1852627448408883 0.054776883963566288 1.843199999999984 0.00011287643586488373 -0.00011267688158067556 8.3333333303966359 89.691653769540423 -25.143333333326151 5.0847457611102778 0.054772322957189583 0.044728565217168413 91.999999974100305 43.673333333339549 80.599412062415354 13.466500415368204 -46.969999999986605 -2.7524999999999991 -29.630000000004653
decision_type=2 2 2 2 2 2 2 2 2 2 2 2 2 2 2 2 2 2 2
left_child=2 3 5 17 6 -1 8 -8 -4 16 11 -7 13 -11 15 -5 -3 -2 -19
right_child=1 9 4 14 -6 10 7 -9 -10 12 -12 -13 -14 -15 -16 -17 -18 18 -20
leaf_value=0.050229666426001462 0.0031023453850045515 0.047936718608693446 0.041884781984968415 0.022481339279118849 0.046438301075076113 0.0049783399631389644 0.028645417955587706 0.013128094460741925 0.0058925174618120633 0.045389379822699423 -0.0059275492783944107 0.021550835688532371 0.029508266591136707 0.056008841551861928 0.02448324948542387 0.041396522644478927 0.016947411509892225 0.074503779641304516 0.027944363485633207
leaf_weight=113.26458111405373 189.07708828151226 190.32404750585556 149.5969660282135 427.500811830163 528.07814764976501 1494.6928208768368 5454.4329150170088 1089.6582476049662 854.4929461479187 11571.784134268761 664.31439478695393 1010.7629617601633 554.38921435177326 1271.9670987427235 610.90985223650932 4326.4323729872704 346.54397079348564 54.476862892508507 4092.2408858537674
leaf_count=352 780 350 462 1417 1445 8743 18910 5081 4557 21236 4371 5183 1531 1763 1935 9350 1247 98 14473
internal_value=0.0339435 0.0402147 0.0208947 0.0332625 0.0255531 0.00943498 0.024092 0.0260616 0.0112549 0.0450544 0.00797727 0.0116641 0.0457404 0.0464411 0.0379633 0.0396956 0.0279334 0.027446 0.028556
internal_weight=34994.9 23635.6 11359.3 9700.64 8076.26 3283.03 7548.18 6544.09 1004.09 13935 3169.77 2505.46 13398.1 12843.8 5364.84 4753.93 536.868 4335.79 4146.72
internal_count=103284 54180 49104 28053 30455 18649 29010 23991 5019 26127 18297 13926 24530 22999 12702 10767 1597 15351 14571
is_linear=0
shrinkage=0.03


Tree=17
num_leaves=20
num_cat=0
split_feature=5 2 8 8 8 7 7 10 10 3 8 7 9 10 10 7 10 9 10
split_gain=2961.04 662.731 520.967 370.66 235.739 219.461 333.693 186.21 182.744 167.092 164.252 154.162 146.161 145.326 138.303 116.94 116.614 217.281 126.492
threshold=1.4866000000000035 6.5000000000000009 0.054776883963566288 8.7748219258743152 0.054772322957189583 0.00010994103313288762 1.0000000180025095e-35 7.6923076844111558 80.010515246079123 0.11399999999997475 0.044734324030187921 0.00011287643586488373 -16.226666666676461 85.511528160085419 97.435897418530928 0.00011266348880489831 18.394215605882383 -33.150000000001448 74.644362386594153
decision_type=2 2 2 2 2 2 2 2 2 2 2 2 2 2 2 2 2 2 2
left_child=2 11 4 7 9 6 12 -3 -9 10 -1 -2 -4 -7 -11 -6 17 -5 -18
right_child=1 3 5 16 15 13 -8 8 -10 14 -12 -13 -14 -15 -16 -17 18 -19 -20
leaf_value=0.0022282608543407519 0.023561802593992324 0.01785996997564018 0.034740231706479288 0.042176976058994876 -0.0078047525097001153 0.034295459059536085 -0.0095516510952943379 0.038942061011193491 0.025606221849434323 0.030638855511740812 0.021288955831654945 0.051705755850199576 0.02083288372475893 0.018272474270404258 0.00022942987416516784 0.07046797123697951 0.046990263138142717 0.010971205013871022 0.03806743891082319
leaf_weight=1124.0893691182137 2677.7443229705095 471.39079830050468 787.53915464878082 953.67738328874111 631.38676652312279 2437.6451479047537 303.33342960476875 7255.634141266346 1059.8878425359726 731.03998252749443 637.72801227867603 187.42701180279255 4986.2454665005207 644.0484667122364 164.98147165775299 17.65898297727108 8382.4305599629879 254.37759843468666 1723.9558226168156
leaf_count=6780 9583 1778 2435 1803 4271 7523 1545 15953 3316 3282 3225 423 19762 2706 927 54 13641 838 3439
internal_value=0.0325119 0.0389012 0.0207403 0.0408252 0.0105338 0.0244255 0.0211185 0.0362025 0.0372423 0.014492 0.00912769 0.0254029 0.0227298 0.0309468 0.0250397 -0.00567514 0.0444152 0.035606 0.0454682
internal_weight=35432.2 22966.5 12465.7 20101.4 3306.88 9158.81 6077.12 8786.91 8315.52 2657.84 1761.82 2865.17 5773.78 3081.69 896.021 649.046 11314.4 1208.05 10106.4
internal_count=103284 50774 52510 40768 18539 33971 23742 21047 19269 14214 10005 10006 22197 10229 4209 4325 19721 2641 17080
is_linear=0
shrinkage=0.03


Tree=18
num_leaves=20
num_cat=0
split_feature=8 5 5 10 10 9 9 4 2 5 9 10 3 9 9 3 10 10 9
split_gain=2763.26 611.004 508.443 250.683 259.835 208.081 221.885 206.341 188.554 181.289 161.298 141.96 145.739 131.455 122.85 147.438 104.403 98.3773 138.044
threshold=4.0564761850154714 3.4606000000000035 0.70559999999996814 5.0847457611102778 96.226415068719305 13.073333333340999 -13.503333333326735 -3.0616999999999881 12.500000000000002 0.16099999999997597 29.136666666672685 12.050932973144848 0.10719999999997525 -2.4833333333372134 -41.560000000004941 -1.1618000000000117 99.683544300478331 73.026315784949944 43.673333333339549
decision_type=2 2 2 2 2 2 2 2 2 2 2 2 2 2 2 2 2 2 2
left_child=2 3 9 14 10 6 -4 -8 -3 -1 -5 12 -11 -13 -2 -16 -6 -10 -19
right_child=1 8 5 4 16 -7 7 -9 17 11 -12 13 -14 -15 15 -17 -18 18 -20
leaf_value=-0.00034556805766662179 0.050365636654009137 0.032399370896340519 0.037759038997917847 0.033490328751964948 0.009106045906299794 0.039046953444879469 0.049484616124740317 0.019615277069131881 0.04443224926497636 -0.0022930014291275527 0.048592109604338837 0.030137287344727436 0.027589767806821795 0.014874483641984987 -0.0084128876009087854 0.021157925162058448 0.035933061981795862 0.028438913850513194 0.045367599910907351
leaf_weight=840.93710322678089 81.274700820446014 1688.8270442038774 794.35416060686111 8975.9777927547693 531.73679170012474 815.55769808590412 216.70777234435081 5270.9361878037453 9061.7001537531614 686.60754786431789 685.1075167953968 621.02573911845684 186.85983139276505 2787.2205853909254 227.00513802468777 457.73737221956253 173.04922018945217 895.29307889938354 840.53281801939011
leaf_count=5282 165 4220 2328 22264 2298 2395 532 20012 14761 4190 1242 2371 903 13379 1117 1902 552 2041 1330
internal_value=0.0311729 0.0371649 0.019592 0.0320546 0.0332784 0.0247907 0.0229399 0.0207948 0.041721 0.0123891 0.0345613 0.0148902 0.00409978 0.0176556 0.0154937 0.0113546 0.015693 0.043179 0.0366362
internal_weight=35838.4 23618.2 12220.2 11131.9 10365.9 7097.56 6282 5487.64 12486.4 5122.65 9661.09 4281.71 873.467 3408.25 766.017 684.743 704.786 10797.5 1735.83
internal_count=103284 51892 51392 29540 26356 25267 22872 20544 22352 26125 23506 20843 5093 15750 3184 3019 2850 18132 3371
is_linear=0
shrinkage=0.03


Tree=19
num_leaves=20
num_cat=0
split_feature=5 2 5 7 5 7 10 10 9 10 0 9 10 10 9 9 4 10 10
split_gain=2578.74 704.945 349.998 348.823 301.155 224.42 202.001 179.424 160.31 226.101 141.286 126.172 105.991 118.744 116.892 102.14 195.261 139.258 100.64
threshold=1.2126999999999883 8.5000000000000018 7.0869999999999846 0.00011266348880489831 0.29200000000000598 0.00021577813287265715 6.912513665402451 74.644362386594153 -15.486666666671224 11.29356770556207 0.066500000000000017 -28.650000000001452 9.8145175156647628 78.947368418746166 -20.69666666667035 0.080000000009022201 1.1398666666666697 57.85232140451 85.511528160085419
decision_type=2 2 2 2 2 2 2 2 2 2 2 2 2 2 2 2 2 2 2
left_child=3 10 6 4 15 -5 11 -8 -6 -10 -2 -3 14 -14 -12 16 -1 -17 -7
right_child=1 2 -4 5 8 18 7 -9 9 -11 12 -13 13 -15 -16 17 -18 -19 -20
leaf_value=-0.0029584248914644035 0.011771033349098648 0.033624933146478332 0.043556727286687733 0.050053696608679067 0.031627165624747912 0.028545791546900227 0.03741413602612241 0.028175156107114491 0.0035322734366147715 0.01893836501733142 0.032934308354468811 0.0074514419219844303 0.031540251217463434 0.019426734749736965 0.0046521392042980086 0.044063282921909655 0.094635408224005721 0.0075738540917125764 0.010996682851857145
leaf_weight=1111.7507675364614 607.03937171399593 296.1270906329155 6246.6674879044294 371.27363263070583 689.31715080142021 1158.3574536293745 10999.253730818629 2284.7571035474539 1028.5470737218857 5151.0251672565937 207.18128465116024 376.52678270637989 3222.34812964499 940.98863220214844 360.15758121013641 110.33318334072828 18.762055322527885 640.96843161433935 394.18939319252968
leaf_count=6753 2339 728 9855 1007 2196 3495 21839 5838 5724 20979 639 1558 9240 3472 1779 465 46 3635 1697
internal_value=0.0299175 0.0350928 0.0376546 0.0175346 0.0149918 0.0291008 0.0350129 0.0358251 0.0179048 0.0163741 0.0253963 0.018974 0.0271447 0.0288024 0.0149802 0.00435897 -0.00133875 0.0129325 0.0240901
internal_weight=36215.6 25541 20203.3 10674.5 8750.7 1923.82 13956.7 13284 6868.89 6179.57 5337.71 672.654 4730.68 4163.34 567.339 1881.81 1130.51 751.302 1552.55
internal_count=103284 57287 39818 45997 39798 6199 29963 27677 28899 26703 17469 2286 15130 12712 2418 10899 6799 4100 5192
is_linear=0
shrinkage=0.03


Tree=20
num_leaves=20
num_cat=0
split_feature=8 2 5 7 7 9 10 10 3 2 8 5 10 9 4 8 10 3 10
split_gain=2439.53 561.824 439.968 275.404 248.831 208.48 273.208 168.768 166.228 155.81 154.233 145.401 134.925 134.109 127.701 90.9422 83.4539 77.6847 110.483
threshold=4.8897852268700044 5.5000000000000009 3.0611999999999777 -0.00011267688158067556 0.00011266348880489831 -21.246666666665984 11.29356770556207 96.226415068719305 -1.238699999999995 35.500000000000007 0.054776883963566288 7.764099999999984 13.466500415368204 -28.650000000001452 -0.088399999999995552 32.408146901555504 3.7499999997523266 2.7449999999999908 24.722823472265599
decision_type=2 2 2 2 2 2 2 2 2 2 2 2 2 2 2 2 2 2 2
left_child=1 3 7 -1 10 -3 14 8 12 17 -5 -8 -2 -10 -7 16 -11 18 -4
right_child=2 5 9 4 -6 6 11 -9 13 15 -12 -13 -14 -15 -16 -17 -18 -19 -20
leaf_value=0.040829760286722791 -0.00028698545037959908 0.045219249341796247 0.025277413152340205 0.0041984490003143067 0.038488137139157753 0.00059056160163323875 0.024256470734301702 0.013225173839688124 0.047151440203501607 0.021105462444839421 0.014119308538316399 0.044002558185785641 0.025805003003906521 0.03125634301567444 0.02717212428787075 0.051799679835133033 0.040284121755091197 0.025756922167579365 0.038976345196093186
leaf_weight=295.1860498636961 244.49523718655109 410.9342630058527 689.83075745403767 2502.5073574334383 285.44575349986553 641.57676867395639 6781.0097743570805 519.50782544910908 514.86470338702202 209.17397890985012 3231.4956302642822 353.09629413485527 659.50072667002678 6622.0354412049055 217.90189958363771 610.73543512821198 8584.652575969696 903.84466128051281 2284.9716526716948
leaf_count=857 1027 897 1713 14643 819 3250 21802 2065 964 551 13843 616 1595 16453 969 726 14005 2141 4348
internal_value=0.0287397 0.0192996 0.0351008 0.0125378 0.0111504 0.02438 0.0233087 0.0297972 0.0308679 0.0385188 0.00978952 0.0252338 0.0187481 0.032403 0.00732973 0.0406054 0.0398279 0.0334594 0.0357997
internal_weight=36562.8 14719.2 21843.6 6314.63 6019.45 8404.52 7993.58 8560.4 8040.9 13283.2 5734 7134.11 903.996 7136.9 859.479 9404.56 8793.83 3878.65 2974.8
internal_count=103284 57696 45588 30162 29305 27534 26637 22104 20039 23484 28486 22418 2622 17417 4219 15282 14556 8202 6061
is_linear=0
shrinkage=0.03


Tree=21
num_leaves=20
num_cat=0
split_feature=5 8 5 2 10 9 9 3 9 3 7 10 9 10 3 5 0 9 7
split_gain=2278.76 531.479 408.17 283.224 201.013 231.349 230.332 214.691 185.188 183.968 151.283 145.202 159.577 141.185 133.176 127.904 171.398 123.209 119.959
threshold=1.5439999999999756 8.7748219258743152 0.73739999999999661 8.5000000000000018 17.236925488313471 -2.4833333333372134 0.1699999999982538 0.11399999999997475 -8.4333333333270257 -1.5753000000000104 0.00010994103313288762 11.29356770556207 -41.560000000004941 91.999999974100305 -0.07600000000000677 7.764099999999984 7.0025000000000013 -17.413333333337501 0.0001077026802853709
decision_type=2 2 2 2 2 2 2 2 2 2 2 2 2 2 2 2 2 2 2
left_child=2 3 4 9 7 14 -7 8 -1 -2 18 12 -3 -13 -6 16 -5 -11 -4
right_child=1 11 10 15 5 6 -8 -9 -10 17 -12 13 -14 -15 -16 -17 -18 -19 -20
leaf_value=0.012069742984132334 0.0055739693038939506 0.036712653798192704 0.020763032006610165 0.032001210530359953 0.018183885943297756 0.0010633892160608299 0.016550804661623172 0.028204753969238636 -0.012400139273798743 0.048222790670963127 0.029240820815278054 0.039091654271125223 0.0096639348227478168 0.023014728680715767 0.040093706291613976 0.040211767269348428 0.019282264959289537 0.022457383114455019 -0.0039384834804835579
leaf_weight=455.67073617875576 581.26849649846554 460.63006407022476 4286.3912429958582 5569.0416556298733 551.60590541362762 1212.3566284105182 3009.9165405258536 241.19051951169968 715.28777711838484 179.90129140019417 2278.7842314690351 11090.515793353319 342.077258259058 514.41773733496666 456.17077339440584 1267.9623097330332 1150.5569232702255 2335.9206607043743 184.55986371636391
leaf_count=2159 2296 819 15281 12464 1942 6482 13162 1076 4642 434 6636 18311 1131 1306 1473 2151 2950 7691 878
internal_value=0.0276305 0.0332605 0.0177542 0.0284865 0.0124746 0.0151864 0.0121038 0.00243096 -0.00287785 0.0207853 0.0229498 0.0375255 0.0251857 0.038379 0.0281014 0.0314725 0.0298234 0.0242998 0.0197434
internal_weight=36884.2 23492.3 13391.9 11084.7 6642.2 5230.05 4222.27 1412.15 1170.96 3097.09 6749.74 12407.6 802.707 11604.9 1007.78 7987.56 6719.6 2515.82 4470.95
internal_count=103284 49553 53731 27986 30936 23059 19644 7877 6801 10421 22795 21567 1950 19617 3415 17565 15414 8125 16159
is_linear=0
shrinkage=0.03


Tree=22
num_leaves=20
num_cat=0
split_feature=8 2 8 5 7 7 9 10 10 10 5 5 4 3 10 8 9 10 10
split_gain=2149.74 487.4 413.382 257.546 247.411 222.778 185.303 240.772 184.172 183.962 138.829 128.265 117.173 113.49 131.9 80.4499 72.1133 67.4396 65.112
threshold=4.8897852268700044 5.5000000000000009 13.202121085948923 4.5720999999999989 -0.00011267688158067556 0.00011266348880489831 -21.246666666665984 11.29356770556207 92.767687695335056 27.83505154390193 0.16099999999997597 7.764099999999984 -0.088399999999995552 2.5050999999999961 3.0769230764291255 38.599034885986541 43.673333333339549 99.683544300478331 19.034471727442597
decision_type=2 2 2 2 2 2 2 2 2 2 2 2 2 2 2 2 2 2 2
left_child=1 4 3 8 -1 10 -3 12 9 -2 -6 -9 -8 14 -5 18 -15 -10 -4
right_child=2 6 15 13 5 -7 7 11 17 -11 -12 -13 -14 16 -16 -17 -18 -19 -20
leaf_value=0.037990090937894502 0.019604152949900065 0.041874160464599727 0.030027649812188122 0.0085410796132739924 -0.0033246447731408654 0.035753704975895653 9.8660001589424143e-05 0.022351012183943111 0.0059628480540170111 0.030045419269374058 0.010694077173189868 0.040715133292996794 0.02531172657011135 0.02519749223416123 0.039166862421374703 0.051978388252664411 0.048618605075639532 0.029344291770412409 0.038597392738751346
leaf_weight=303.25907306373119 1919.630798086524 421.57337042689323 913.99945461750031 131.45789521932602 726.62786611914635 292.9564897865057 647.08926697075367 6918.3645244687796 495.43879687786102 7270.7243898063898 5085.0201924070716 360.11963267624378 223.07904458045959 1150.2673753798008 3400.3477232456207 363.29784466326237 131.88097125291824 143.08824709057808 6283.7056095004082
leaf_count=857 5785 897 1822 424 4659 819 3250 21802 1999 16536 23827 616 969 2428 5604 393 188 441 9968
internal_value=0.0265833 0.0178005 0.0325079 0.0295665 0.0115419 0.010228 0.0224799 0.0214766 0.0267821 0.0278645 0.00894132 0.0232596 0.00656236 0.0352516 0.0380269 0.0382044 0.0276066 0.0112024 0.0375092
internal_weight=37181.9 14978.1 22203.8 14642.8 6407.86 6104.6 8570.23 8148.65 9828.88 9190.36 5811.65 7278.48 870.168 4813.95 3531.81 7561 1282.15 638.527 7197.71
internal_count=103284 57696 45588 33405 30162 29305 27534 26637 24761 22321 28486 22418 4219 8644 6028 12183 2616 2440 11790
is_linear=0
shrinkage=0.03


Tree=23
num_leaves=20
num_cat=0
split_feature=2 5 8 7 8 7 8 8 7 7 1 8 9 10 10 9 9 8 4
split_gain=2027.86 622.935 423.083 200.471 191.507 165.11 149.578 147.054 146.599 256.055 129.991 126.164 122.369 115.216 129.615 101.312 83.7162 78.2856 63.2352
threshold=7.5000000000000009 3.0611999999999777 0.054776883963566288 0.00011132429714733051 7.2561697461561705 -0.00011267688158067556 0.054772322957189583 0.044728565217168413 1.0000000180025095e-35 0.00010994103313288762 -4.2534999999999998 16.748970131554412 -20.69666666667035 73.026315784949944 11.29356770556207 16.543333333334889 20.640000000006697 0.05477263993796453 3.3572333333333382
decision_type=2 2 2 2 2 2 2 2 2 2 2 2 2 2 2 2 2 2 2
left_child=2 4 5 8 10 -1 7 -7 12 -10 -2 13 -4 14 -3 -12 -15 -8 -5
right_child=1 11 3 18 -6 6 17 -9 9 -11 15 -13 -14 16 -16 -17 -18 -19 -20
leaf_value=0.04062988793476472 0.00050529972842869428 0.020463861768703781 0.033109181237533765 0.030540820222392118 0.0303070881210417 0.0027122146841279896 -0.031933672732636864 0.017123670565449185 -0.010014682092028826 0.02079001796692909 0.02163410229002229 0.039064774730902467 0.017589695913635406 0.014571861154179674 0.035148408408867085 0.033963651647805987 0.029736227728102325 -0.0029898214630753243 -0.042742227866697263
leaf_weight=123.8864356726408 242.78333076834679 579.72511039674282 495.35777962207794 1284.0894629508257 3991.5010929107666 1560.2141167670488 98.204748690128326 1077.2082738727331 458.54018057882786 516.29032492637634 6092.9728763401508 4021.8508029431105 5944.5187151283026 457.45161785185337 8093.6137874722481 665.29916945099831 1154.6531411260366 585.69619306921959 10.685459166765211
leaf_count=352 837 1496 1325 3742 8586 8743 725 5183 2129 1747 18503 5793 21460 1221 13747 1676 2321 3646 52
internal_value=0.025595 0.0304334 0.015524 0.0190442 0.0250629 0.00662477 0.00535637 0.00859832 0.0171422 0.00630012 0.0220731 0.0345596 0.0187835 0.032798 0.0341669 0.0228479 0.0254332 -0.00714601 0.029936
internal_weight=37454.5 25299.9 12154.7 8709.48 10992.6 3445.21 3321.32 2637.42 7414.71 974.831 7001.06 14307.3 6439.88 10285.4 8673.34 6758.27 1612.1 683.901 1294.77
internal_count=103284 54180 49104 30455 29602 18649 18297 13926 26661 3876 21016 24578 22785 18785 15243 20179 3542 4371 3794
is_linear=0
shrinkage=0.03


Tree=24
num_leaves=20
num_cat=0
split_feature=5 8 5 2 10 9 9 3 9 3 10 9 10 8 3 3 10 10 9
split_gain=1921.2 452.65 340.202 239.249 176.864 200.448 200.834 195.079 171.477 167.166 127.525 143.934 128.938 126.644 119.657 119.261 117.926 122.145 106.843
threshold=1.5439999999999756 8.7748219258743152 0.73739999999999661 8.5000000000000018 17.236925488313471 -2.4833333333372134 0.1699999999982538 0.10719999999997525 -8.4333333333270257 -1.5753000000000104 11.29356770556207 -41.560000000004941 91.999999974100305 13.633891649192673 -0.07600000000000677 -0.87719999999998421 80.599412062415354 24.181285429307994 -17.413333333337501
decision_type=2 2 2 2 2 2 2 2 2 2 2 2 2 2 2 2 2 2 2
left_child=2 3 4 9 7 14 -7 8 -1 -2 11 -3 -12 15 -6 -4 17 -5 -11
right_child=1 10 13 16 5 6 -8 -9 -10 18 12 -13 -14 -15 -16 -17 -18 -19 -20
leaf_value=0.010554242177718696 0.0040872384285798079 0.033099788247204699 0.0064636871151585841 0.021297828994208935 0.015961523524852122 0.0003313989877463694 0.014673174283909117 0.025262003276544921 -0.012861244643708478 0.043590391972749838 0.035158870423019531 0.0076723118743690175 0.019969863555854065 0.03998243646105111 0.036403474938493538 0.020774899020457847 0.017756458052326701 0.031260326010960293 0.020042191372715359
leaf_weight=465.86941856890917 593.26189303398132 469.07932204008102 573.49027962982655 1361.9496814608574 566.08906798064709 1228.3929486498237 3087.4813171029091 256.88407444953918 711.15400129556656 186.92796176671982 11286.181199073792 349.73206458985806 526.45724785327911 284.45010285079479 473.08680362254381 6081.1079294830561 877.03901602327824 5930.7267510294914 2397.9584998041391
leaf_count=2153 2296 819 2199 3448 1942 6482 13162 1119 4605 434 18311 1131 1306 498 1473 20098 2494 11623 7691
internal_value=0.0246579 0.0297816 0.0157082 0.0254329 0.0109336 0.0134393 0.0105912 0.0015761 -0.00359332 0.0184489 0.0336883 0.0222392 0.0344819 0.0203795 0.0252678 0.0195416 0.0281498 0.0293998 0.0217451
internal_weight=37707.3 23979.3 13728 11347.9 6788.96 5355.05 4315.87 1433.91 1177.02 3178.15 12631.4 818.811 11812.6 6939.05 1039.18 6654.6 8169.72 7292.68 2584.89
internal_count=103284 49553 53731 27986 30936 23059 19644 7877 6758 10421 21567 1950 19617 22795 3415 22297 17565 15071 8125
is_linear=0
shrinkage=0.03


Tree=25
num_leaves=20
num_cat=0
split_feature=8 5 8 5 10 9 9 10 10 7 9 7 7 7 5 3 10 4 8
split_gain=1806.59 402.171 361.949 228.559 183.951 188.575 171.397 164.425 162.504 141.879 138.636 134.439 131.988 132.468 115.799 103.463 115.103 95.2467 83.0409
threshold=4.8897852268700044 0.73739999999999661 13.202121085948923 4.5720999999999989 8.3333333303966359 -13.816666666665695 13.073333333340999 92.767687695335056 27.83505154390193 0.00011266348880489831 -20.180000000000287 0.00021577813287265715 -0.00011267688158067556 -0.00021997348472191367 0.16099999999997597 2.5050999999999961 3.0769230764291255 -0.61356666666665838 0.044721269360503607
decision_type=2 2 2 2 2 2 2 2 2 2 2 2 2 2 2 2 2 2 2
left_child=1 9 3 7 10 -6 -7 8 -2 12 17 -11 13 -1 -14 16 -5 -3 -12
right_child=2 4 -4 15 5 6 -8 -9 -10 11 18 -13 14 -15 -16 -17 -18 -19 -20
leaf_value=0.011663303357917668 0.017188383071286718 0.015751506236420919 0.034455326720803515 0.0070576914257358949 0.034890325581853836 0.017709242168705255 0.030074546396716455 0.0093152308885502948 0.026891023017351974 0.042310356046516256 0.033975689688171627 0.013761055358442718 -0.0040985065040841494 0.041551795946654521 0.0084445757513220681 0.024514413617487241 0.035439953836577602 0.061430960126101927 -0.00037139564569689412
leaf_weight=427.4471569955349 1963.9154362231493 120.68193705379963 7671.0559421926737 133.5666728913784 812.25146423280239 6340.7123020738363 1199.7698096632957 654.76453737914562 7434.9763104319572 212.19320622086525 69.061677321791649 494.16160553693771 801.38376501202583 194.04175668954849 3820.2880663946271 1302.7310789078474 3457.0301467180252 62.284501329064369 766.15909057855606
leaf_count=1697 5785 388 12183 424 1764 20090 3171 2440 16536 571 283 1809 5095 541 18476 2616 5604 117 3694
internal_value=0.02377 0.0158157 0.0291579 0.0264391 0.0196886 0.0211561 0.0196767 0.023851 0.0248636 0.00971552 0.00764986 0.0223374 0.0080151 0.0209951 0.00626964 0.0317566 0.0343842 0.0313015 0.00246865
internal_weight=37938.5 15320.4 22618 14947 9370.92 8352.73 7540.48 10053.7 9398.89 5949.52 1018.19 706.355 5243.16 621.489 4621.67 4893.33 3590.6 182.966 835.221
internal_count=103284 57696 45588 33405 29507 25025 23261 24761 22321 28189 4482 2380 25809 2238 23571 8644 6028 505 3977
is_linear=0
shrinkage=0.03


Tree=26
num_leaves=20
num_cat=0
split_feature=2 5 7 8 5 3 3 8 7 7 1 3 9 10 9 7 0 10 7
split_gain=1727.19 623.165 322.796 253.734 174.99 179.203 161.472 155.089 139.312 137.278 123.351 117.681 142.727 116.101 103.252 87.6716 84.9013 68.3206 67.9538
threshold=6.5000000000000009 2.2124999999999821 0.00011287643586488373 0.054776883963566288 7.764099999999984 2.309399999999989 -1.6324000000000316 12.999923088822646 -0.00011311750137688036 -0.00011320099005396321 0.037000000000000033 -1.324899999999994 -28.650000000001452 87.499999936292667 43.673333333339549 -0.00021997348472191367 1.6785000000000003 23.704866561487247 0.00021577813287265715
decision_type=2 2 2 2 2 2 2 2 2 2 2 2 2 2 2 2 2 2 2
left_child=2 7 3 8 5 6 -3 11 -1 15 -10 -2 -13 -11 -7 -5 -6 -18 -4
right_child=1 4 18 9 16 14 -8 -9 10 13 -12 12 -14 -15 -16 -17 17 -19 -20
leaf_value=0.047985792147715402 -0.0017856290821524875 0.023603727903534346 0.03924780226195216 0.0069264123669034632 0.023463124969110277 0.016580208579484265 0.032068411184934108 0.033997149731086251 -0.0010905842673015007 0.015575931252819078 0.011418447957869379 0.042047465780319301 0.019384689155449979 0.0050623814509881283 0.034808705755018231 0.045329634126659385 0.027926852894330806 0.037038077232438071 0.012186838447732964
leaf_weight=64.681893676519394 227.44088931381702 2809.8542169481516 479.86942094564438 72.308333098888397 579.04179486632347 1602.4635264873505 7291.3751533031464 720.54056100547314 1935.5054705440998 5713.7653802037239 1120.0300277322531 258.09324498474598 8080.6954416260123 1132.729324772954 338.79178950190544 205.70196577906609 885.41043674945831 4531.8631598502398 101.11379098892212
leaf_count=136 805 5818 1092 244 1133 3619 13322 1262 11238 19907 5754 487 24315 4881 518 442 1565 6440 306
internal_value=0.0229261 0.0269439 0.0127848 0.0115512 0.0301945 0.0281095 0.0297138 0.0206298 0.004417 0.0146757 0.0034947 0.0195054 0.0200861 0.0138365 0.0197615 0.0353413 0.0343818 0.0355489 0.0345381
internal_weight=38151.3 27325.6 10825.7 10244.7 18038.8 12042.5 10101.2 9286.77 3120.22 7124.51 3055.54 8566.23 8338.79 6846.49 1941.26 278.01 5996.32 5417.27 580.983
internal_count=103284 59284 44000 42602 32415 23277 19140 26869 17128 25474 16992 25607 24802 24788 4137 686 9138 8005 1398
is_linear=0
shrinkage=0.03


Tree=27
num_leaves=20
num_cat=0
split_feature=5 2 5 7 7 5 10 10 0 10 7 7 9 4 3 1 1 8 1
split_gain=1625.61 478.381 257.358 215.822 226.901 169.949 142.806 149.313 114.172 110.807 105.253 139.554 94.9116 88.0386 97.5631 76.5597 76.2411 68.8885 67.9947
threshold=1.2126999999999883 8.5000000000000018 7.0869999999999846 0.00010994103313288762 1.0000000180025095e-35 0.1778000000000057 6.912513665402451 80.010515246079123 0.066500000000000017 11.29356770556207 0.00011062118218108098 0.00011132429714733051 -28.650000000001452 -19.355999999999991 -1.5753000000000104 0.57650000000000012 0.64550000000000018 3.819293055343584 -0.026500000000000013
decision_type=2 2 2 2 2 2 2 2 2 2 2 2 2 2 2 2 2 2 2
left_child=3 8 6 4 5 -1 12 -8 18 -7 -5 17 -3 -10 -15 -6 -13 -12 -2
right_child=1 2 -4 10 15 9 7 -9 13 -11 11 16 -14 14 -16 -17 -18 -19 -20
leaf_value=-0.0018688026898894398 -0.018830257861528737 0.025249300678625894 0.033177870755799692 0.041919424564284304 -0.011991933044985798 0.0053772292058698419 0.02785258158589219 0.018507732715757282 0.086909928995230964 0.014834645857767052 -0.012736678571495567 0.023926151564883799 0.0032505182382232744 0.010480315507397683 0.021595164319910494 0.022296001654985964 0.01330128480950093 0.022192093084008057 0.010297770240231123
leaf_weight=775.72867978364229 82.670937791466713 315.60176880657673 6502.8359403461218 176.19281370192766 510.60210236907005 1395.022707477212 12270.421249359846 1759.50747397542 17.611876219511032 5554.143295571208 185.1162771359086 1682.5845869779587 400.49440550804138 855.06492781639099 4211.4152067154646 66.20796038210392 951.5989662706852 70.04841186106205 565.49717386066914
leaf_count=4759 366 728 9855 548 2868 6867 23215 4462 21 21045 982 5350 1558 2782 12327 286 3086 206 1973
internal_value=0.0221222 0.0261313 0.0282061 0.0126061 0.0100941 0.0114494 0.0260137 0.0266806 0.0184403 0.0129361 0.0194086 0.0180359 0.0129459 0.0199521 0.0197193 -0.00805626 0.0200879 -0.00314795 0.00658262
internal_weight=38348.4 26981.1 21248.9 11367.2 8301.7 7724.89 14746 14029.9 5732.26 6949.17 3065.54 2889.35 716.096 5084.09 5066.48 576.81 2634.18 255.165 648.168
internal_count=103284 57287 39818 45997 35825 32671 29963 27677 17469 27912 10172 9624 2286 15130 15109 3154 8436 1188 2339
is_linear=0
shrinkage=0.03


Tree=28
num_leaves=20
num_cat=0
split_feature=8 2 8 2 7 7 9 10 5 4 9 10 4 7 8 3 10 9 9
split_gain=1561.22 333.422 327.762 197.296 188.701 160.788 149.478 180.323 130.744 133.696 115.001 114.211 103.688 86.7661 72.9714 66.912 60.2346 79.221 60.5506
threshold=4.8897852268700044 5.5000000000000009 13.405073696182088 7.5000000000000009 -0.00011267688158067556 0.00011266348880489831 -21.246666666665984 11.29356770556207 4.5720999999999989 -1.3243666666666634 -6.3366666666697702 79.487179484389159 -0.088399999999995552 0.00011139411404403889 38.599034885986541 2.5050999999999961 19.034471727442597 -34.45999999999912 -39.560000000004941
decision_type=2 2 2 2 2 2 2 2 2 2 2 2 2 2 2 2 2 2 2
left_child=1 4 3 13 -1 10 -3 12 9 -5 -6 -9 -8 -2 16 -10 17 -4 -18
right_child=2 6 14 8 5 -7 7 11 15 -11 -12 -13 -14 -15 -16 -17 18 -19 -20
leaf_value=0.031333133338442891 0.014853587801492735 0.034814707051569131 0.027286055509323715 0.033687889658224508 0.015991216722139365 0.028793424948660582 -0.001754046196197213 0.020422430193118991 0.031605988729652 0.021622983297548564 0.0048672862115278336 0.011644423917637235 0.021434687025508173 0.028894833720924426 0.044504140460113799 0.023449150440239895 0.039447212354087879 0.0023665380101832432 0.030709371959248125
leaf_weight=322.64818511903286 2584.2786224335432 442.68188594281673 779.71724288165569 942.72493578493595 1003.9321985170245 312.51791509985924 668.99134162813425 5898.3493332341313 3459.0588476210833 6712.8223026096821 5013.1514799892902 1723.8982600942254 234.33652348816395 467.77141596376896 368.08835701644421 1225.8842451274395 822.20715337991714 134.64308385550976 5411.5048950314522
leaf_count=857 7869 897 1380 1720 4225 819 3250 16242 5526 15282 24261 6176 969 1105 393 2296 1048 386 8583
internal_value=0.0213561 0.0140428 0.0263427 0.0238352 0.00895375 0.00781297 0.0178177 0.0169352 0.0255243 0.0231087 0.00672328 0.0184371 0.00426145 0.0170056 0.0314779 0.0294716 0.0308072 0.0236166 0.0318619
internal_weight=38529.2 15620.5 22908.7 15392.5 6652.25 6329.6 8968.26 8525.58 12340.5 7655.55 6017.08 7622.25 903.328 3052.05 7516.16 4684.94 7148.07 914.36 6233.71
internal_count=103284 57696 45588 33798 30162 29305 27534 26637 24824 17002 28486 22418 4219 8974 11790 7822 11397 1766 9631
is_linear=0
shrinkage=0.03


Tree=29
num_leaves=20
num_cat=0
split_feature=8 5 8 10 10 10 9 9 5 10 10 9 3 9 9 4 9 4 4
split_gain=1471.87 315.368 313.643 199.819 207.372 152.633 160.511 155.023 137.988 128.161 127.259 195.285 167.336 147.602 142.799 94.5259 88.8406 84.7318 79.5274
threshold=4.8897852268700044 0.73739999999999661 13.202121085948923 3.0769230764291255 90.476190451360694 8.3333333303966359 -13.816666666665695 13.073333333340999 4.5720999999999989 0.5347593582418001 17.236925488313471 -2.4833333333372134 0.10719999999997525 -8.4333333333270257 0.1699999999982538 -0.52896666666666103 -41.560000000004941 -0.16459999999999339 -0.44546666666666485
decision_type=2 2 2 2 2 2 2 2 2 2 2 2 2 2 2 2 2 2 2
left_child=1 10 3 16 8 9 -7 -8 -5 17 12 -12 13 -1 -13 -14 -2 -3 -18
right_child=2 5 -4 4 -6 6 7 -9 -10 -11 11 14 15 -15 -16 -17 18 -19 -20
leaf_value=0.010931263580892737 0.038795373758663688 0.017111879206846693 0.030379124945251548 0.022519478162302781 0.010063926818848774 0.030740817397002414 0.015048930574902506 0.026644306018269098 0.028903866451085995 0.00026582312835358903 0.023921528236783542 -0.00076981747183816165 -0.017670085406226863 -0.013116062080347976 0.011552191473760841 0.029742165952596079 -0.0030186375531855258 0.064182920547258382 0.017768360827271061
leaf_weight=338.42568052560091 76.941776245832443 202.04273495078087 7745.1714334487915 8897.4782817512751 930.43238626420498 835.08420982956886 6509.6398515105247 1234.4758546501398 4633.4796779751778 797.66100236773491 807.97205520421267 1225.9263449981809 45.902979627251625 715.18334109336138 2734.5775785371661 215.59790702164173 437.92931121587753 41.484442919492722 266.41316783428192
leaf_count=1607 142 757 12183 19731 3068 1764 20090 3171 7765 3635 2670 6388 248 4591 11823 862 1727 90 972
internal_value=0.020627 0.0135477 0.0254632 0.0229653 0.0237637 0.0169284 0.0182448 0.0168973 0.0247057 0.00608148 0.00820155 0.0104802 -6.06258e-05 -0.00539191 0.00773806 0.0214196 0.00818749 0.0251304 0.00484392
internal_weight=38691.8 15704 22987.8 15242.7 14461.4 9620.39 8579.2 7744.12 13531 1041.19 6083.59 4768.48 1315.11 1053.61 3960.5 261.501 781.284 243.527 704.342
internal_count=103284 57696 45588 33405 30564 29507 25025 23261 27496 4482 28189 20881 7308 6198 18211 1110 2841 847 2699
is_linear=0
shrinkage=0.03


Tree=30
num_leaves=20
num_cat=0
split_feature=5 8 7 7 10 10 5 9 9 9 1 7 10 9 10 7 10 9 5
split_gain=1396.56 365.259 241.497 240.645 187.529 217.143 167.667 146.295 137.282 129.462 128.551 116.022 113.109 120.971 114.497 104.837 97.324 86.5422 84.244
threshold=1.5439999999999756 8.7748219258743152 0.00010994103313288762 1.0000000180025095e-35 80.010515246079123 9.8145175156647628 0.1778000000000057 -21.863333333334591 16.146666666674722 13.073333333340999 0.049000000000000037 0.00011062118218108098 11.29356770556207 -41.560000000004941 91.999999974100305 0.00011132429714733051 86.192476989351732 -39.560000000004941 15.883999999999988
decision_type=2 2 2 2 2 2 2 2 2 2 2 2 2 2 2 2 2 2 2
left_child=2 4 3 6 5 7 -1 -2 -7 -6 -8 -4 13 -3 17 -13 -17 -14 -11
right_child=1 12 11 -5 9 8 10 -9 -10 18 -12 15 14 -15 -16 16 -18 -19 -20
leaf_value=-0.0021279300872962337 0.024048687109168302 0.027016528272070989 0.039418462260830338 -0.0075662224521723803 -0.001121744579213756 0.022012591729008803 0.010047580585225641 -0.0014627854354917287 0.033725706948694457 0.015006315385271082 0.018042521166056476 0.00073998447959432124 0.035997439701229907 0.0040446746033723458 0.015041883787611275 0.02151339396070491 0.0095096109031039319 0.028148233243105988 0.053586358462831059
leaf_weight=779.89837069064379 315.51755575835705 479.05461312830448 228.06276819854975 657.45915854722261 537.2929123789072 8250.8208690434694 6179.2529164478183 563.79567223787308 1010.8909996151924 1002.1101582199335 2559.8716457113624 312.49103447794914 1446.7404961884022 362.38649326562881 543.12680681049824 2757.9144555702806 779.76518741250038 10020.130975574255 53.667709454894066
leaf_count=4759 797 819 653 3473 2036 18155 23617 2405 1712 2809 9335 1348 1922 1131 1306 7636 2910 16389 72
internal_value=0.0199304 0.024262 0.0124596 0.00998764 0.0204352 0.0219384 0.0112 0.00769131 0.023291 0.0108665 0.0123895 0.0186278 0.0277561 0.0171232 0.0285011 0.0173963 0.0188676 0.0291385 0.0169674
internal_weight=38840.3 24585.5 14254.7 10176.5 11734.1 10141 9519.02 879.313 9261.71 1593.07 8739.12 4078.23 12851.4 841.441 12010 3850.17 3537.68 11466.9 1055.78
internal_count=103284 49553 53731 41184 27986 23069 37711 3202 19867 4917 32952 12547 21567 1950 19617 11894 10546 18311 2881
is_linear=0
shrinkage=0.03


Tree=31
num_leaves=20
num_cat=0
split_feature=2 5 7 7 8 8 3 5 10 10 1 9 10 9 9 9 5 4 7
split_gain=1334.66 515.704 262.132 214.15 189.847 152.195 111.4 108.478 111.381 112.179 105.859 105.841 102.523 102.027 99.8756 89.8186 79.1353 64.4773 60.1518
threshold=6.5000000000000009 3.0611999999999777 0.00011287643586488373 -0.00011289191841346023 0.054776883963566288 4.0078672751549336 -1.2815000000000267 33.222199999999994 82.341149094439217 20.270270269485291 0.037000000000000033 -28.650000000001452 87.499999936292667 41.076666666667741 11.383333333331395 -9.8033333333296451 1.9653999999999974 -0.26026666666666037 0.00021577813287265715
decision_type=2 2 2 2 2 2 2 2 2 2 2 2 2 2 2 2 2 2 2
left_child=2 5 3 -1 10 14 16 8 9 -3 -5 -8 -6 -10 15 -2 -7 -16 -4
right_child=1 7 18 4 12 6 11 -9 13 -11 -12 -13 -14 -15 17 -17 -18 -19 -20
leaf_value=0.028063790008205507 0.022007213735812978 0.019767583955791312 0.03403682643798394 -0.0020517981985211748 0.012787665256578064 -0.010909064437689794 0.034966504575414462 0.038452300905204878 0.0099391156910052444 0.027928087155755753 0.0094481497961173191 0.020965837459704519 0.0029532028908705208 0.026931851246659026 0.048678729977568717 0.010325482733994253 0.014397306310788028 0.021332007919234161 0.0089831967005588927
leaf_weight=524.74598528444767 718.89767600595951 1750.8100197464228 499.42151312530041 1941.19458668679 5775.4398036748171 135.11352975666523 522.8548988699913 659.05182322859764 707.42994293570518 11307.828522995114 1145.5278185531497 6886.0957035124302 1142.804932653904 577.68267607688904 92.175405383110046 3365.7585171982646 628.68441708385944 490.58012519776821 104.25217831134796
leaf_count=1330 2097 3610 1092 11146 19586 470 888 801 1816 18262 5727 15796 4813 961 160 11523 1507 1393 306
internal_value=0.0192639 0.0227743 0.0104848 0.00938258 0.00840278 0.018361 0.0208293 0.0265515 0.0260047 0.026834 0.002216 0.0219539 0.0111631 0.0175777 0.0140391 0.0123815 0.00992069 0.0256575 0.0297102
internal_weight=38976.4 27843 11133.4 10529.7 10005 12840.2 8172.75 15002.8 14343.8 13058.6 3086.72 7408.95 6918.24 1285.11 4667.41 4084.66 763.798 582.756 603.674
internal_count=103284 59284 44000 42602 41272 33834 18661 25450 24649 21872 16873 16684 24399 2777 15173 13620 1977 1553 1398
is_linear=0
shrinkage=0.03


Tree=32
num_leaves=20
num_cat=0
split_feature=8 8 2 10 10 9 7 7 9 10 5 9 10 4 9 4 8 4 10
split_gain=1262.93 286.929 266.903 171.251 182.022 181.985 161.138 132.116 127.922 148.186 120.296 99.6348 98.1989 93.5723 91.3385 75.7654 68.6971 56.0556 55.3812
threshold=4.8897852268700044 13.405073696182088 5.5000000000000009 3.0769230764291255 76.685393257288993 20.640000000006697 -0.00011267688158067556 0.00011266348880489831 -21.246666666665984 11.29356770556207 2.1830000000000092 -6.3366666666697702 79.487179484389159 -0.062333333333328557 -41.560000000004941 -0.44546666666666485 38.599034885986541 -4.9006999999999925 19.034471727442597
decision_type=2 2 2 2 2 2 2 2 2 2 2 2 2 2 2 2 2 2 2
left_child=2 3 6 14 10 -6 -1 11 17 13 -5 -8 -11 -10 -2 -16 18 -4 -3
right_child=1 16 8 4 5 -7 7 -9 9 12 -12 -13 -14 -15 15 -17 -18 -19 -20
leaf_value=0.027985711788599828 0.037026769038389098 0.02039417114665399 -0.0032439547441886507 0.018772299192332052 0.0029258966061223141 0.020458634315109799 0.014091190595337772 0.025290715080740628 -0.0020618811546448796 0.017824279718244952 0.024994226858333402 0.0038592664314600245 0.0097742347666557438 0.020501877370136215 -0.0037395749521436567 0.016285453879221042 0.040574787431146279 0.034267227507622219 0.028269322462470301
leaf_weight=332.33530762791634 83.41527259349823 922.19185271859169 39.258421286940575 4199.737820148468 872.27581787109375 1369.1386033892632 1029.6179722100496 322.12983077764511 701.53300929814577 6025.5500402823091 8371.2287829816341 5094.8475041463971 1762.7903649285436 216.44722042232752 447.49525894224644 274.26639619469643 366.40875738859177 413.4839878231287 6254.2533474713564
leaf_count=857 146 1766 111 10000 2887 3141 4225 819 3364 16242 14901 24261 6176 855 1747 976 393 786 9631
internal_value=0.0186267 0.0230995 0.0121271 0.0207789 0.0215113 0.0136355 0.00761454 0.00656437 0.0154671 0.0146586 0.0229156 0.00557941 0.0160023 0.00325835 0.00730486 0.00386985 0.0279043 0.0310145 0.0272573
internal_weight=39098.4 23160.4 15938 15617.6 14812.4 2241.41 6778.93 6446.6 9159.06 8706.32 12571 6124.47 7788.34 917.98 805.177 721.762 7542.85 452.742 7176.45
internal_count=103284 45588 57696 33798 30929 6028 30162 29305 27534 26637 24901 28486 22418 4219 2869 2723 11790 897 11397
is_linear=0
shrinkage=0.03


Tree=33
num_leaves=20
num_cat=0
split_feature=5 2 5 5 10 3 9 9 10 9 10 6 10 4 10 10 9 9 8
split_gain=1201.8 326.636 208.764 189.245 135.791 160.893 154.938 126.434 105.84 150.785 132.133 100.879 91.0725 89.7465 85.6397 83.2242 85.7251 82.0337 80.5282
threshold=1.5439999999999756 8.5000000000000018 0.73739999999999661 7.764099999999984 17.236925488313471 0.11399999999997475 -18.756666666668021 -8.4333333333270257 74.644362386594153 28.213333333325867 21.444632382800382 -2.8074999999999997 9.8145175156647628 -0.52896666666666103 98.347107426661395 78.947368418746166 6.7733333333380878 16.146666666674722 13.85772348482209
decision_type=2 2 2 2 2 2 2 2 2 2 2 2 2 2 2 2 2 2 2
left_child=2 12 4 8 5 7 -6 -1 10 -10 -3 -4 -2 -7 -8 17 -17 -14 -13
right_child=1 3 11 -5 6 13 14 -9 9 -11 -12 18 15 -15 -16 16 -18 -19 -20
leaf_value=0.0065362704856500144 0.0030951263028510347 0.0156124675034342 0.0011033064459750131 0.028217808519906462 0.048703223382820716 -0.017722347350651781 0.010337943245523604 -0.013116716381473593 0.008699734796631867 0.024183271943788685 0.024310466456561042 0.014951925706857964 0.016900560360612996 0.028529848318699834 -0.0012865765164074261 -0.014729246507870762 0.012032333351559876 0.031833798818637786 0.031752356309246166
leaf_weight=494.69507098197937 523.81789529323578 1863.0841724276543 460.69121606647968 5883.9826064705849 89.81677058339119 45.578579396009445 4892.5555759966373 728.40440860390663 1218.8591512143612 1056.8985437452793 10056.187551498413 6620.0377156287432 2853.0411466509104 220.01513251662254 645.65624772012234 124.79912227392197 787.52926056087017 374.53773207962513 267.13463063538074
leaf_count=2159 2077 4389 1632 8793 152 244 19827 4642 3246 1940 17809 20721 7564 832 3080 561 2471 703 442
internal_value=0.018017 0.0220329 0.0111475 0.0236941 0.00748534 -0.000572028 0.00961663 -0.00516787 0.021819 0.0158905 0.0229509 0.0146944 0.0148808 0.0205925 0.00898273 0.016372 0.00837157 0.0186335 0.0156036
internal_weight=39207.3 24742.7 14464.6 20079 7116.72 1488.69 5628.03 1223.1 14195 2275.76 11919.3 7347.86 4663.73 265.594 5538.21 4139.91 912.328 3227.58 6887.17
internal_count=103284 49553 53731 36177 30936 7877 23059 6801 27384 5186 22198 22795 13376 1076 22907 11299 3032 8267 21163
is_linear=0
shrinkage=0.03


Tree=34
num_leaves=20
num_cat=0
split_feature=2 5 8 7 8 8 8 8 7 7 1 8 3 10 5 9 9 8 4
split_gain=1144.6 409.899 235.433 137.367 127.793 135.399 151.724 118.088 116.05 202.818 111.407 99.4671 99.3651 136.818 102.456 87.4681 81.0022 78.5634 68.8391
threshold=7.5000000000000009 3.0611999999999777 0.054776883963566288 0.00011132429714733051 0.054772322957189583 0.044728565217168413 0.044721365931288615 7.2561697461561705 1.0000000180025095e-35 0.00010994103313288762 -4.2534999999999998 16.748970131554412 2.2144999999999997 23.704866561487247 4.2562999999999889 -17.006666666660745 -29.630000000004653 0.05477263993796453 -3.0616999999999881
decision_type=2 2 2 2 2 2 2 2 2 2 2 2 2 2 2 2 2 2 2
left_child=2 7 4 8 5 6 -1 10 15 -10 -2 12 13 -3 -14 -4 -12 -6 -7
right_child=1 11 3 -5 17 18 -8 -9 9 -11 16 -13 14 -15 -16 -17 -18 -19 -20
leaf_value=0.007523364901541249 -0.0048991117656767159 0.016542724008283487 0.022069309750982286 0.021318517979460903 -0.03226976843505272 0.064693613626017402 -0.0114518987933705 0.020856922181845036 -0.012558695697324854 0.014100112392433145 0.039800470788783709 0.028354777274961669 0.0036282523955334847 0.026451434250199343 0.020256044357869811 0.011329241948406139 0.014847152056421224 -0.0036545229471812088 0.013071696480597028
leaf_weight=1091.1255295649171 255.49471080303192 1559.9624126851559 767.91271445155144 1398.328753516078 100.05337814241648 23.710651904344559 581.2876889705658 4195.6665038913488 478.79304105043411 554.06292387843132 119.0392492711544 4056.6831137835979 391.09463830292225 6397.6422101706266 2265.1491040587425 6132.9775218218565 7113.3220504373312 630.53185650706291 1194.7644779831171
leaf_count=5499 837 3254 2031 3794 725 59 3348 8586 2129 1747 199 5793 972 10434 4125 20754 19980 3704 5314
internal_value=0.0174312 0.0210202 0.0101292 0.0126487 0.00363681 0.00646985 0.000928053 0.0168277 0.0111207 0.0017421 0.0145701 0.0243591 0.0228319 0.024509 0.0178078 0.0125244 0.0152579 -0.00757337 0.0140762
internal_weight=39307.6 26354.1 12953.5 9332.07 3621.47 2890.89 1672.41 11683.5 7933.75 1032.86 7487.86 14670.5 10613.8 7957.6 2656.24 6900.89 7232.36 730.585 1218.48
internal_count=103284 54180 49104 30455 18649 14220 8847 29602 26661 3876 21016 24578 18785 13688 5097 22785 20179 4429 5373
is_linear=0
shrinkage=0.03


Tree=35
num_leaves=20
num_cat=0
split_feature=5 8 0 9 10 9 9 10 10 3 3 10 9 9 9 9 5 7 10
split_gain=1090.46 354.033 173.226 154.061 148.806 160.83 127.464 151.03 175.088 124.24 124.061 113.566 167.145 111.194 109.025 93.312 73.682 60.2148 53.5056
threshold=1.2126999999999883 8.7748219258743152 0.054500000000000014 10.610000000000584 80.010515246079123 16.543333333334889 -28.650000000001452 12.050932973144848 74.126429125103385 0.12769999999998302 0.10719999999997525 18.394215605882383 -39.560000000004941 -35.95999999999912 13.073333333340999 43.673333333339549 0.48399999999997873 -0.00011340960885397598 84.201298521361977
decision_type=2 2 2 2 2 2 2 2 2 2 2 2 2 2 2 2 2 2 2
left_child=3 2 17 6 5 -4 -1 10 -9 16 -8 12 -3 -13 -6 -15 -5 -2 -11
right_child=1 11 4 9 14 -7 7 8 -10 18 -12 13 -14 15 -16 -17 -18 -19 -20
leaf_value=0.033546254355174804 0.057277095887248636 0.02418212758422543 0.017595752642504431 0.010043595041633657 0.00056907194368434181 0.029926591208484159 -0.003700847839691164 0.011798491275802243 0.0016681068964237036 0.01969391123060435 0.016042249691287438 0.032812461194322559 0.0038396509142808039 0.022418887397069775 0.015207064677394796 0.030365486480503565 0.0399549451097592 -0.0043968579915119165 0.0069698189528013821
leaf_weight=171.55512714385986 14.770912289619444 890.55116687715054 10775.331393629313 98.717885419726372 729.35602514445782 1044.2264252752066 1570.5452555716038 6104.4918363839388 2051.5124600753188 574.65570051968098 350.3483788818121 1326.5841084420681 614.25692355632782 8975.0482894182205 1230.567758217454 1561.2347183078527 297.45367275178432 402.16403864324093 616.54612699151039
leaf_count=323 22 1485 25287 407 2692 1748 8350 21619 9408 1430 1464 1727 1733 15540 3292 2186 703 1575 2293
internal_value=0.016868 0.0201384 0.0168392 0.00925154 0.0174156 0.0186851 0.00790451 0.00746797 0.00925036 0.0179483 -9.99393e-05 0.0236422 0.0158784 0.024627 0.00975976 0.0235964 0.0325016 -0.00221191 0.0131081
internal_weight=39399.9 27564.1 14196.4 11835.8 13779.5 11819.6 10248.5 10076.9 8156 1587.37 1920.89 13367.7 1504.81 11862.9 1959.92 10536.3 396.172 416.935 1191.2
internal_count=103284 57287 34616 45997 33019 27035 41164 40841 31027 4833 9814 22671 3218 19453 5984 17726 1110 1597 3723
is_linear=0
shrinkage=0.03


Tree=36
num_leaves=20
num_cat=0
split_feature=2 5 7 7 8 10 9 4 8 7 9 10 3 8 3 3 3 3 7
split_gain=1038.85 423.473 220.789 181.632 151.026 127.661 137.197 117.517 113.409 105.024 101.446 190.024 126.03 98.1453 84.9751 68.4258 67.9336 55.3101 52.1095
threshold=6.5000000000000009 3.0611999999999777 0.00011266348880489831 -0.00011289191841346023 0.054776883963566288 17.748979081042865 -30.726666666661909 -1.2866666666666606 0.054772322957189583 0.00011201199872079572 -41.560000000004941 22.090200946216246 1.7262000000000075 12.999923088822646 -1.2815000000000267 1.4537999999999827 -2.3488000000000029 -0.82360000000001976 -0.00021997348472191367
decision_type=2 2 2 2 2 2 2 2 2 2 2 2 2 2 2 2 2 2 2
left_child=2 5 3 18 8 6 17 -7 -5 -6 16 15 -13 -9 -8 -12 -3 -2 -1
right_child=1 10 -4 4 9 7 14 13 -10 -11 11 12 -14 -15 -16 -17 -18 -19 -20
leaf_value=0.0016304893619019088 0.014132212454402061 0.025706877321166739 0.025108366527107059 0.0041453578660554762 0.0096630450132090921 0.026999642099664347 -0.013270227761524946 0.014785549306053799 -0.0099542312705279603 -0.016856930209591437 0.0082819218942339259 0.025537422535310647 0.019258147482033888 0.024509665199688151 0.0070903121836039078 0.032839667778857475 0.038615483952705483 0.038006696588750499 0.02835304239195242
leaf_weight=76.520282834768295 192.90469712018967 1173.4523106068373 691.08937750756741 2463.5836702883244 6888.1457500010729 911.16380894184113 216.12692362070084 9308.6866332292557 648.59315490722656 137.06973761320114 1087.3171609938145 7421.2267280071974 4697.7195674479008 1038.338645413518 1259.9957054406404 112.69785614311695 533.83917962014675 159.57877169549465 463.40722326934338
leaf_count=244 447 1763 1606 12717 23693 1754 887 24092 4091 563 2610 11872 8405 1749 4647 180 620 258 1086
internal_value=0.0163276 0.0194222 0.00867509 0.00761145 0.00670844 0.0154768 0.00812474 0.0166709 0.00120693 0.00914561 0.0228583 0.0219758 0.0231034 0.0157614 0.00410922 0.0105882 0.0297432 0.0249408 0.0245658
internal_weight=39481.5 28113 11368.4 10677.3 10137.4 13086.8 1828.61 11258.2 3112.18 7025.22 15026.3 13319 12118.9 10347 1476.12 1200.02 1707.29 352.483 539.928
internal_count=103284 59284 44000 42394 41064 33834 6239 27595 16808 24256 25450 23067 20277 25841 5534 2790 2383 705 1330
is_linear=0
shrinkage=0.03


Tree=37
num_leaves=20
num_cat=0
split_feature=8 8 9 9 10 10 10 10 9 9 5 10 4 3 4 10 8 10 9
split_gain=995.628 242.762 219.306 271.607 222.377 273.068 142.707 168.803 158.112 109.249 103.8 103.457 98.9798 80.9337 66.8335 95.0819 65.6125 49.149 66.1817
threshold=4.8897852268700044 13.405073696182088 10.610000000000584 -15.486666666671224 11.29356770556207 74.644362386594153 12.74509803853797 76.685393257288993 24.910000000003496 -39.560000000004941 2.1830000000000092 71.236759448585687 0.030400000000003313 -1.1618000000000117 -0.41993333333332777 17.236925488313471 38.599034885986541 19.034471727442597 -34.45999999999912
decision_type=2 2 2 2 2 2 2 2 2 2 2 2 2 2 2 2 2 2 2
left_child=2 6 3 14 12 -6 9 10 -9 -2 -8 -4 -5 -11 15 -1 17 18 -3
right_child=1 16 11 4 5 -7 7 8 -10 13 -12 -13 -14 -15 -16 -17 -18 -19 -20
leaf_value=0.0090429340487233837 0.027769772159169297 0.020507406668846023 0.030974750902086675 -0.0048782448666343618 0.01182752296002923 0.00078388784258885138 0.016014474763893165 0.0040225232589011593 0.019940704247411577 -0.0048206746314397057 0.021881764390995581 0.015406224722304233 0.013087178160585709 0.011665200711233873 0.032637824288071431 0.030373646433360865 0.036705684794791985 0.024551744862714709 -0.0019851451137886285
leaf_weight=474.65528480708599 213.16478231549263 786.7250352203846 505.45170404016972 1620.0883584022522 8363.4454832077026 2654.679796949029 4072.268668577075 1275.7114460170269 1003.2378782629967 485.74992936849594 8134.3371191173792 1600.8233394473791 332.67941531538963 597.88725474476814 393.6595905572176 311.50186710059643 360.77448965609074 6228.1398370563984 138.45413799583912
leaf_count=1486 369 1380 1007 8661 27238 11577 9477 3891 2137 1732 14285 4863 1451 1907 849 564 393 9631 386
internal_value=0.0158085 0.0197846 0.0101108 0.00876651 0.00751301 0.0091667 0.0176715 0.0185251 0.01103 0.00813723 0.0199244 0.0191423 -0.0018176 0.00427526 0.0225475 0.0174949 0.0242229 0.0235933 0.0171414
internal_weight=39553.4 23296.5 16257 14150.7 12970.9 11018.1 15782.4 14485.6 2278.95 1296.8 12206.6 2106.28 1952.77 1083.64 1179.82 786.157 7514.09 7153.32 925.179
internal_count=103284 45588 57696 51826 48927 38815 33798 29790 6028 4008 23762 5870 10112 3639 2899 2050 11790 11397 1766
is_linear=0
shrinkage=0.03


Tree=38
num_leaves=20
num_cat=0
split_feature=8 2 10 9 9 10 5 7 7 7 10 9 10 9 6 3 3 9 4
split_gain=947.13 325.006 172.35 145.304 140.154 257.515 134.594 128.715 124.707 110.519 87.857 158.763 95.2374 77.8785 77.2853 84.9402 59.258 53.2118 49.0124
threshold=7.1852627448408883 5.5000000000000009 91.999999974100305 35.393333333333437 -39.560000000004941 14.719713449936707 1.1664999999999839 0.00011266348880489831 -0.00011267688158067556 -1.0000000180025095e-35 79.487179484389159 13.073333333340999 32.029567505236429 20.640000000006697 2.7055000000000007 0.014200000000015837 -1.5173000000000123 9.6600000000107702 6.6104666666666754
decision_type=2 2 2 2 2 2 2 2 2 2 2 2 2 2 2 2 2 2 2
left_child=1 7 3 4 16 -6 14 8 -1 -10 12 -12 -8 -4 15 -3 -2 -9 -15
right_child=2 6 13 -5 5 -7 10 17 9 -11 11 -13 -14 18 -16 -17 -18 -19 -20
leaf_value=0.021986491396615574 0.024114422029202238 0.0060514463890322537 -0.01275206848572046 0.028673419527296972 0.0024269440908431354 0.02009528710582734 0.012344684964215466 0.016773866349483156 -0.0029152607121083062 0.0064329810333784692 -0.0044006720555464342 0.016633590154178944 0.019292269828810524 0.0087785741504110906 -0.014323586045425808 0.014264939118307479 0.035217271482280113 0.042315800538036505 0.035602259393440895
leaf_weight=390.84766626358032 1483.9939479380846 2160.89346691221 145.02320267260075 2071.8990372568369 793.527454033494 11528.639782309532 2582.9129450619221 312.83659781515598 1418.5681583285332 5758.9013156071305 507.56263369321823 887.91602233052254 5682.4074132740498 614.18107683956623 117.11801873892546 2382.6657121032476 610.66228294372559 95.914558529853821 68.105471521615982
leaf_count=1003 2284 7939 579 2900 2460 20798 6589 803 6544 24815 1818 2220 11759 1548 462 7714 778 178 93
internal_value=0.0153103 0.0112225 0.0205742 0.0212446 0.020177 0.0189575 0.0139256 0.00636963 0.00548402 0.00458538 0.0159456 0.00898302 0.0171211 0.00721253 0.00973841 0.0103586 0.0273513 0.0227673 0.0114561
internal_weight=39614.6 22298.5 17316 16488.7 14416.8 12322.2 14321.5 7977.07 7568.32 7177.47 9660.8 1395.48 8265.32 827.31 4660.68 4543.56 2094.66 408.751 682.287
internal_count=103284 71844 31440 29220 26320 23258 38501 33343 32362 31359 22386 4038 18348 2220 16115 15653 3062 981 1641
is_linear=0
shrinkage=0.03


Tree=39
num_leaves=20
num_cat=0
split_feature=8 5 10 9 9 10 0 10 10 10 3 9 9 9 4 9 4 3 9
split_gain=899.737 310.473 162.458 138.663 133.431 242.43 131.225 110.039 125.507 105.987 149.446 122.639 113.314 94.7643 80.8983 73.2905 59.6272 55.8604 49.0996
threshold=7.1852627448408883 0.79319999999997381 91.999999974100305 35.393333333333437 -39.560000000004941 14.719713449936707 0.082500000000000032 9.8145175156647628 79.487179484389159 17.236925488313471 0.11399999999997475 -8.4333333333270257 -15.146666666660165 -24.426666666658999 -5.5278999999999936 20.640000000006697 -0.52896666666666103 -1.5173000000000123 18.216666666659879
decision_type=2 2 2 2 2 2 2 2 2 2 2 2 2 2 2 2 2 2 2
left_child=1 9 3 4 17 -6 18 13 -9 10 11 -1 -11 -8 -14 -4 -12 -2 -3
right_child=2 6 15 -5 5 -7 7 8 -10 12 16 -13 14 -15 -16 -17 -18 -19 -20
leaf_value=0.0059283328103959566 0.023436543373471223 0.0010325677546684081 -0.012434093912000474 0.027883510610894498 0.0023524767726320313 0.019489873026913625 0.022558390609553287 0.01638478119502668 0.0086117595039051573 0.039365168075214112 -0.010704111346261917 -0.013203716248159105 0.083929594976132685 0.0020045906285700685 0.0069897700499053986 0.011097120422109356 0.024346736427858926 0.034226671494273136 0.028380312698772416
leaf_weight=499.91240235418081 1481.1522752195597 922.9231229275465 144.28129826486111 2066.7531162947416 794.07850214838982 11530.122755736113 248.69135628640652 10298.533931434155 2284.1773580759764 99.973846107721329 53.234234467148781 759.91060242056847 12.325398653745649 1072.6399840861559 5801.9491668567061 683.21531809866428 243.39795763790607 609.50313991308212 63.126381516456604
leaf_count=2164 2284 3503 579 2900 2460 20798 574 24006 7309 197 265 4810 23 4421 23513 1641 890 778 169
internal_value=0.01483 0.0108549 0.0199652 0.0206164 0.0195745 0.0183857 0.0133589 0.0141089 0.0149737 0.00586429 -0.00110114 -0.0056119 0.00769738 0.00587308 0.00715287 0.00699425 0.0180564 0.0265823 0.00278336
internal_weight=39669.9 22360.8 17309.1 16481.6 14414.9 12324.2 14890.1 13904 12582.7 7470.7 1556.46 1259.82 5914.25 1321.33 5814.27 827.497 296.632 2090.66 986.05
internal_count=103284 71844 31440 29220 26320 23258 39982 36310 31315 31862 8129 6974 23733 4995 23536 2220 1155 3062 3672
is_linear=0
shrinkage=0.03


Tree=40
num_leaves=20
num_cat=0
split_feature=2 5 8 10 4 9 7 8 8 8 8 7 7 3 0 4 10 3 8
split_gain=861.53 335.109 175.592 146.387 151.247 131.566 118.605 111.64 109.936 120.754 139.166 104.652 182.422 99.9037 90.7624 90.2249 111.422 78.8184 76.2309
threshold=7.5000000000000009 3.8937000000000022 0.054776883963566288 27.83505154390193 -1.3243666666666634 -30.726666666661909 0.00011132429714733051 13.405073696182088 0.054772322957189583 0.044728565217168413 0.044699482002449616 1.0000000180025095e-35 0.00010994103313288762 -0.84760000000003244 2.2185000000000006 8.019100000000007 73.026315784949944 -0.40179999999998223 0.054797945500999402
decision_type=2 2 2 2 2 2 2 2 2 2 2 2 2 2 2 2 2 2 2
left_child=2 3 8 5 -5 13 11 -6 9 10 -1 18 -13 -2 -3 16 -16 -7 -4
right_child=1 14 6 4 7 17 -8 -9 -10 -11 -12 12 -14 -15 15 -17 -18 -19 -20
leaf_value=0.010261446618231243 0.0095148810886880181 0.016192597977760216 0.020826727358561625 0.027748406806828052 0.013783466275137135 -0.00037584957255600422 0.018226274725473078 0.023380981970903818 -0.0078358083645772049 0.012220618234004327 -0.0071875765353689291 -0.013463320612367675 0.011586389812252927 0.033007070078351804 0.023237630480627897 0.035008219251803883 0.01396360648976221 0.010745951712938403 0.009263277076624811
leaf_weight=695.47044423222542 355.69940792024136 2605.3404318541288 557.02283574640751 897.34147056937218 9246.6955523788929 1176.9456528872252 1431.3310540616512 1236.682487487793 733.90452764928341 1249.6092228591442 1007.0287028551102 485.4828564375639 567.48770067095757 300.60878477990627 7678.7616994827986 493.00100041925907 1374.6788716763258 1118.4708800762892 6506.3762340396643
leaf_count=3324 792 4815 2011 1515 22296 3836 3794 1977 4429 5373 5523 2129 1747 457 11896 584 2625 3387 20774
internal_value=0.0143674 0.0174907 0.0081169 0.0143834 0.0159275 0.0084301 0.0102641 0.0149156 0.00255525 0.00513851 -5.96553e-05 0.0088599 3.69643e-05 0.020275 0.0211556 0.02251 0.0218295 0.00504339 0.0101752
internal_weight=39717.9 26484.2 13233.7 14332.4 11380.7 2951.72 9547.7 10483.4 3686.01 2952.11 1702.5 8116.37 1052.97 656.308 12151.8 9546.44 9053.44 2295.42 7063.4
internal_count=103284 54180 49104 34260 25788 8472 30455 24273 18649 14220 8847 26661 3876 1249 19920 15105 14521 7223 22785
is_linear=0
shrinkage=0.03


Tree=41
num_leaves=20
num_cat=0
split_feature=5 2 5 5 3 10 9 10 3 3 3 9 9 8 10 8 10 5 9
split_gain=825.671 252.045 191.853 133.514 122.668 122.97 115.678 122.463 153.462 114.04 104.406 87.6691 74.1116 73.3861 67.2797 93.9217 63.9696 75.832 60.3216
threshold=1.891999999999977 8.5000000000000018 0.79319999999997381 7.764099999999984 1.7262000000000075 21.444632382800382 -28.650000000001452 17.236925488313471 0.10719999999997525 -0.90500000000001479 0.65439999999997267 -2.4833333333372134 15.41999999999098 0.66105973065190016 22.617869191511755 0.044721025599965894 23.704866561487247 33.222199999999994 43.673333333339549
decision_type=2 2 2 2 2 2 2 2 2 2 2 2 2 2 2 2 2 2 2
left_child=2 13 6 4 5 -3 -1 8 -8 14 12 -9 -11 -2 15 -4 -5 -18 -6
right_child=1 3 9 16 18 -7 7 11 -10 10 -12 -13 -14 -15 -16 -17 17 -19 -20
leaf_value=0.045431520461657021 -0.002282398252630781 0.011349891443222708 0.055118205786705204 0.015875913782165713 0.01016059386774517 0.020479942693826136 -0.0068309447026866209 0.014270588757765617 0.016735235562563927 0.014033650507573875 0.007607181685171654 0.0053722720546244681 0.02500427795972985 0.012008720364447192 0.0095480756276183666 -0.0080481482804997326 0.023130417421504814 0.035902658434735585 0.022641990123655149
leaf_weight=65.029042303562164 357.48269481956959 1578.4287338554859 22.164591982960701 960.6713193655014 2426.434560418129 8357.9586861729622 1269.6787433698773 1241.8993932753801 309.27058038115501 5509.2387835383415 2271.80513677001 5042.7670392841101 616.18396764993668 3390.7158028632402 614.63117986917496 479.54689574241638 4379.3305932730436 462.5597759783268 406.93369042873383
leaf_count=96 1361 3610 64 1715 5091 14581 7051 3756 1200 15553 6776 20868 1334 8974 1650 1895 6571 507 631
internal_value=0.0139205 0.017742 0.00903013 0.0191741 0.0174595 0.0190296 0.00558364 0.00525412 -0.00221501 0.0119024 0.0131 0.00713065 0.0151372 0.0106457 0.00289405 -0.00525759 0.0229475 0.0243506 0.0119532
internal_weight=39762.7 22320.5 17442.2 18572.3 12769.8 9936.39 7928.64 7863.62 1578.95 9513.57 8397.23 6284.67 6125.42 3748.2 1116.34 501.711 5802.56 4841.89 2833.37
internal_count=103284 43041 60243 32706 23913 18191 32971 32875 8251 27272 23663 24624 16887 10335 3609 1959 8793 7078 5722
is_linear=0
shrinkage=0.03


Tree=42
num_leaves=20
num_cat=0
split_feature=8 5 10 10 9 9 9 4 10 3 9 9 9 10 3 10 9 9 4
split_gain=797.866 345.468 147.524 173.843 142.637 114.813 99.0791 121.589 96.6812 138.927 110.311 99.884 86.3411 172.228 112.682 89.7216 102.09 89.0331 68.8069
threshold=8.7748219258743152 0.79319999999997381 8.3333333303966359 79.487179484389159 15.41999999999098 15.053333333322373 -25.143333333326151 -0.61356666666665838 17.236925488313471 0.11399999999997475 -15.146666666660165 -8.4333333333270257 43.673333333339549 74.644362386594153 1.1692999999999898 18.394215605882383 -39.560000000004941 -35.95999999999912 -5.5278999999999936
decision_type=2 2 2 2 2 2 2 2 2 2 2 2 2 2 2 2 2 2 2
left_child=1 8 6 4 -4 -5 7 -3 9 11 -10 -1 13 15 -15 16 -2 -17 -12
right_child=12 2 3 5 -6 -7 -8 -9 10 -11 18 -13 -14 14 -16 17 -18 -19 -20
leaf_value=0.0040935331073897428 0.019849004828864189 0.0073477113683339161 0.013899718987559583 0.0011553110613327592 0.024427644856087519 0.013088608301978879 0.00027583389097252369 0.050034361736173642 0.034712810773273158 0.016654538841455607 0.074655114290360966 -0.012904825340475689 0.025910558755479852 0.019313732215961173 0.0012945295288468626 0.028006928009481631 0.0047802416334122907 0.019587116628441568 0.0060211042370355563
leaf_weight=530.25160743296146 909.83899836242199 209.38059037923813 12295.629234954715 1530.9070639908314 1278.6563096344471 1379.4691595882177 1285.6629638820887 84.208391189575195 124.40350417792797 304.69520083069801 13.174993008375166 752.82863837480545 1556.2050774842501 505.56139844655991 817.21613189578056 1311.0921529978514 728.7385940104723 8196.214482575655 5987.9012492969632
leaf_count=2286 1522 572 28909 5657 2241 3625 5351 123 243 1158 24 4810 2210 1053 1991 1743 1999 13848 23919
internal_value=0.0134894 0.0103563 0.0126258 0.0134649 0.0148914 0.00681149 0.00386665 0.0195913 0.00504142 -0.00155561 0.00675143 -0.00588001 0.0192478 0.0184162 0.00818141 0.0196308 0.0131473 0.0207482 0.00617179
internal_weight=39802 25777.2 18063.9 16484.7 13574.3 2910.38 1579.25 293.589 7713.26 1587.78 6125.48 1283.08 14024.9 12468.7 1322.78 11145.9 1638.58 9507.31 6001.08
internal_count=103284 78918 46478 40432 31150 9282 6046 695 32440 8254 24186 7096 24366 22156 3044 19112 3521 15591 23943
is_linear=0
shrinkage=0.03


Tree=43
num_leaves=20
num_cat=0
split_feature=8 2 7 7 5 4 0 2 9 7 8 3 10 9 1 5 10 10 9
split_gain=759.004 328.721 156.137 152.192 130.626 105.898 86.1539 85.0819 81.575 78.5425 69.9581 69.0761 69.5921 74.8627 68.5718 66.9229 71.0523 55.1185 69.1167
threshold=8.7748219258743152 6.5000000000000009 0.00011266348880489831 -0.00011320099005396321 2.2124999999999821 0.5659333333333364 2.4835000000000007 103.50000000000001 16.543333333334889 -0.00021997348472191367 32.408146901555504 1.7262000000000075 20.270270269485291 -30.726666666661909 11.081000000000001 20.664399999999997 80.010515246079123 71.236759448585687 21.840000000003787
decision_type=2 2 2 2 2 2 2 2 2 2 2 2 2 2 2 2 2 2 2
left_child=1 2 3 9 6 -5 8 11 -3 -1 14 12 13 -2 -9 16 -6 -13 -19
right_child=7 4 -4 5 15 -7 -8 10 -10 -11 -12 17 -14 -15 -16 -17 -18 18 -20
leaf_value=-0.0030691526425330189 0.017273269996822355 0.010580783019290418 0.020882051575520609 0.0028325078141448285 0.016283101804979702 0.010864442719134556 0.0037907914753058125 0.022028168164591768 0.02202929079177977 0.035041661289837066 0.032175248425866089 0.016536823550743329 0.019850216877286893 0.0015540415601044398 0.010434527836872435 0.032767036250868943 0.0069183059046403856 -0.0177455502142554 0.0095824924809262985
leaf_weight=62.3834478110075 804.92268387973309 5847.3910858109593 591.5097519159317 7723.9173083379865 6365.0654792040586 1826.7804582864046 1544.2893670499325 3835.2284353673458 619.49024732410908 221.37934897840023 530.85399171710014 1238.6850297451019 5699.7267113178968 412.36942330002785 521.58616678416729 200.86209240555763 823.49890202283859 92.135820224881172 867.85273939371109
leaf_count=206 1522 17083 1394 32724 12379 6402 4452 5923 1428 422 610 2137 9930 1214 962 269 2159 288 1780
internal_value=0.0130754 0.0100259 0.00591245 0.00501207 0.0128107 0.00436879 0.0101572 0.0186995 0.0116775 0.0266632 0.021893 0.0169872 0.0184596 0.0119482 0.0206402 0.0156875 0.0152103 0.0123552 0.00695966
internal_weight=39829.9 25826.6 10426 9834.46 15400.6 9550.7 8011.17 14003.4 6466.88 283.763 4887.67 9115.69 6917.02 1217.29 4356.81 7389.43 7188.56 2198.67 959.989
internal_count=103284 78918 41148 39754 37770 39126 22963 24366 18511 628 7495 16871 12666 2736 6885 14807 14538 4205 2068
is_linear=0
shrinkage=0.03


Tree=44
num_leaves=20
num_cat=0
split_feature=8 5 10 10 9 9 9 4 10 3 9 9 9 10 3 10 9 9 8
split_gain=721.922 312.923 135.847 160.574 131.444 105.282 91.2836 112.616 89.0847 127.18 112.075 99.5935 83.2377 160.121 101.936 83.0107 93.0548 85.6898 66.3857
threshold=8.7748219258743152 0.79319999999997381 8.3333333303966359 79.487179484389159 15.41999999999098 15.053333333322373 -25.143333333326151 -0.61356666666665838 17.748979081042865 0.11399999999997475 -15.856666666666568 -8.4333333333270257 43.673333333339549 74.644362386594153 1.1692999999999898 18.394215605882383 -39.560000000004941 -39.560000000004941 0.044721269360503607
decision_type=2 2 2 2 2 2 2 2 2 2 2 2 2 2 2 2 2 2 2
left_child=1 8 6 4 -4 -5 7 -3 9 11 -10 -1 13 15 -15 16 -2 -17 -8
right_child=12 2 3 5 -6 -7 18 -9 10 -11 -12 -13 -14 14 -16 17 -18 -19 -20
leaf_value=0.0040619823271479056 0.018707619247167247 0.0067250958544394102 0.013088017850679083 0.00087928424613313756 0.02318664729400944 0.012279224916424828 0.027726407339468333 0.047610584864723436 0.036407124373700937 0.015449890010651234 0.0057649643755541546 -0.012790088739373784 0.02473141844069994 0.0180524189767018 0.00093695245286728643 0.027603108844262956 0.0043208967895120532 0.018586577496942647 -0.001641100557010544
leaf_weight=541.29217498749495 906.98340059816837 210.20527470111847 12335.187258645892 1536.3815208822489 1280.4073930233717 1387.6113106161356 73.458489373326302 85.210796743631363 109.3761475533247 316.29647535085678 6026.5650603324175 757.04976239800453 1546.1373368650675 507.65445372462273 817.51359851658344 1069.3253998011351 730.54522366821766 8403.8193175494671 1216.7089305222034
leaf_count=2308 1522 572 28909 5657 2241 3625 266 123 200 1188 23896 4848 2210 1053 1991 1398 1999 14193 5085
internal_value=0.0126743 0.00970637 0.0118637 0.0126679 0.0140377 0.00628925 0.00347543 0.0185182 0.00466129 -0.00160858 0.00631118 -0.00576429 0.0181668 0.0173506 0.00749366 0.0185262 0.0122893 0.0196044 3.10024e-05
internal_weight=39857.7 25875.8 18125.2 16539.6 13615.6 2923.99 1585.58 295.416 7750.58 1614.64 6135.94 1298.34 13982 12435.8 1325.17 11110.7 1637.53 9473.14 1290.17
internal_count=103284 78918 46478 40432 31150 9282 6046 695 32440 8344 24096 7156 24366 22156 3044 19112 3521 15591 5351
is_linear=0
shrinkage=0.03


Tree=45
num_leaves=20
num_cat=0
split_feature=8 2 7 7 5 9 9 10 10 9 9 10 4 4 3 9 7 7 7
split_gain=686.901 297.645 144.887 141.113 120.797 108.415 107.939 128.908 80.6193 94.1286 83.9431 116.636 62.4276 57.1463 56.5263 51.6072 42.8985 59.8111 40.6976
threshold=8.7748219258743152 6.5000000000000009 0.00011266348880489831 -0.00011267688158067556 4.9419999999999922 -17.006666666660745 -21.246666666665984 17.748979081042865 91.999999974100305 43.673333333339549 -50.379999999997374 20.270270269485291 -0.38473333333332632 8.019100000000007 4.6581999999999866 20.640000000006697 0.00021577813287265715 0.00011332735343483337 -0.00021997348472191367
decision_type=2 2 2 2 2 2 2 2 2 2 2 2 2 2 2 2 2 2 2
left_child=1 2 3 18 6 -5 12 -8 9 10 -2 -12 -3 14 -6 -10 17 -4 -1
right_child=8 4 16 5 13 -7 7 -9 15 -11 11 -13 -14 -15 -16 -17 -18 -19 -20
leaf_value=-0.0032639563313735334 0.02519462493071516 0.014905591901685085 0.015780463437843728 0.018355529699724212 0.018300867184414739 0.0030495549831244446 0.0010439378049792827 0.01113301190947814 -0.018803714646735543 0.025806427559150764 0.0078121018510530068 0.017634949088297609 0.031772513350062259 0.037868587214749519 0.0050003837596334904 0.010108141543161623 0.00027415968018956684 0.037464883059357995 0.022478892975262808
leaf_weight=62.472125843167305 1108.2851245999336 537.15801551938057 335.57729531824589 436.93872724473476 2419.212690025568 8900.8876530826092 1279.323089286685 10449.198643043637 61.234505698084831 1307.4034339040518 1226.1012247949839 9653.5752127021551 312.31783536076546 120.01638650894165 326.37693981826305 600.12852548062801 86.030041858553886 173.75519320368767 479.50349073112011
leaf_count=206 1547 1209 858 1275 4279 37127 4880 26030 245 1772 2931 16509 512 146 714 1362 252 284 1146
internal_value=0.0122885 0.00939916 0.00549563 0.00462952 0.0120469 0.00376576 0.0107804 0.0100325 0.0176543 0.0181628 0.0173292 0.0165279 0.0211069 0.0176055 0.0167198 0.00743124 0.0198683 0.023178 0.0195116
internal_weight=39875.5 25918.8 10475.2 9879.8 15443.6 9337.83 12578 11728.5 13956.7 13295.4 11988 10879.7 849.476 2865.61 2745.59 661.363 595.363 509.332 541.976
internal_count=103284 78918 41148 39754 37770 38402 32631 30910 24366 22759 20987 19440 1721 5139 4993 1607 1394 1142 1352
is_linear=0
shrinkage=0.03


Tree=46
num_leaves=20
num_cat=0
split_feature=8 5 10 10 9 9 10 3 9 9 3 9 9 4 2 8 1 10 3
split_gain=653.568 283.826 124.89 148.776 123.515 97.0037 81.7047 122.043 97.6743 138.067 106.165 91.2038 81.5355 103.384 79.6762 66.3276 64.9738 64.2695 63.9973
threshold=8.7748219258743152 0.79319999999997381 8.3333333303966359 79.487179484389159 15.41999999999098 15.053333333322373 17.236925488313471 0.10719999999997525 -2.4833333333372134 0.1699999999982538 -0.07600000000000677 -8.4333333333270257 -25.143333333326151 -0.61356666666665838 103.50000000000001 32.408146901555504 11.081000000000001 0.83333333318866931 1.7262000000000075
decision_type=2 2 2 2 2 2 2 2 2 2 2 2 2 2 2 2 2 2 2
left_child=1 6 12 4 -4 -5 7 11 10 -10 -8 -1 13 -3 18 16 -16 -14 -2
right_child=14 2 3 5 -6 -7 8 -9 9 -11 -12 -13 17 -15 15 -17 -18 -19 -20
leaf_value=0.0035087207452809588 0.016919008734871833 0.0059878615366440804 0.012324442614785193 0.00061142642473972319 0.022110822466869427 0.011531727466975564 0.0051393154340193181 0.0148138778436409 -0.0040005572683864295 0.0071223002250925859 0.022980814066015428 -0.012772866465894945 0.0088767488107539642 0.044969067742071919 0.020403205824215384 0.030373250840297385 0.0090750553099879262 -0.0050978218941812653 0.011031439966777835
leaf_weight=534.4033400863409 6899.8652151226997 211.27175761759281 12369.37469509244 1541.3076698482037 1280.8834466338158 1394.3865808546543 638.09379275143147 319.61048445105553 1393.7746968269348 3595.0517322644591 566.78911207616329 736.2279100343585 459.40563769638538 86.223256677389145 3803.0381868034601 521.37984412908554 517.71575522422791 833.69032555818558 2188.7038859128952
leaf_count=2280 12666 572 28909 5657 2241 3625 2013 1202 6703 13887 1583 4772 1715 123 5923 610 962 3636 4205
internal_value=0.0119152 0.00910227 0.011155 0.0119251 0.0132428 0.00579832 0.00430884 -0.00175696 0.00586624 0.0040148 0.0135321 -0.00592514 0.00312492 0.0172858 0.0171572 0.0202655 0.0190459 -0.000132996 0.0155012
internal_weight=39891.2 25960.5 18176.5 16586 13650.3 2935.69 7783.95 1590.24 6193.71 4988.83 1204.88 1270.63 1590.59 297.495 13930.7 4842.13 4320.75 1293.1 9088.57
internal_count=103284 78918 46478 40432 31150 9282 32440 8254 24186 20590 3596 7052 6046 695 24366 7495 6885 5351 16871
is_linear=0
shrinkage=0.03


Tree=47
num_leaves=20
num_cat=0
split_feature=5 2 9 3 9 1 5 7 3 0 10 3 4 3 3 8 10 5 5
split_gain=625.488 214.285 151.327 158.279 144.498 130.567 118.607 118.606 114.841 114.303 108.797 83.2121 69.1423 71.6362 94.3893 76.4701 61.3489 69.7228 56.9636
threshold=1.891999999999977 8.5000000000000018 10.610000000000584 0.17239999999998531 -24.426666666658999 0.04500000000000004 7.764099999999984 0.00010994103313288762 -1.324899999999994 11.211500000000003 75.130412420389106 1.7262000000000075 -19.355999999999991 -1.6324000000000316 2.1298999999999961 9.0805286570583252 23.704866561487247 33.222199999999994 3.1577000000000011
decision_type=2 2 2 2 2 2 2 2 2 2 2 2 2 2 2 2 2 2 2
left_child=2 12 4 -4 8 7 9 -6 -1 11 -7 -3 -2 15 -15 -14 -8 -18 -11
right_child=1 6 3 -5 5 10 16 -9 -10 18 -12 -13 13 14 -16 -17 17 -19 -20
leaf_value=-0.030849445792475245 0.071086776917725553 0.016839482068682139 0.025133128554482808 0.0094138238398130715 0.0016992604412683447 0.011194844751068711 0.012876500053224861 0.012192974136570132 0.022292029736098642 -0.022630606966570738 0.00083905375363478433 0.010565063743617872 -0.0053891861896358789 0.013842920096072398 0.0012551435407100026 0.011854226943022867 0.020055984028468723 0.032477767633200275 0.0072326355970625126
leaf_weight=38.73489336669445 15.779410004615782 9150.3783630430698 777.01163725554943 2233.9903865009546 7354.4052370041609 4344.4072284549475 949.28718635439873 1116.5436124950647 663.86210204660892 60.640201836824417 1155.9957298561931 2401.5895980596542 607.38731609284878 2080.9646302759647 722.18527552485466 373.98707534372807 4302.0468174666166 449.13374623656273 1105.3816701620817
leaf_count=148 16 16653 1919 6088 28895 13564 1715 3556 1322 202 4751 4791 2126 5259 2075 859 6571 507 2267
internal_value=0.011554 0.014905 0.00734404 0.0134703 0.00608697 0.00541937 0.0162432 0.00308242 0.0193623 0.0146315 0.00901841 0.0155351 0.00841901 0.00815772 0.0105999 0.00118202 0.0198391 0.0212302 0.00567957
internal_weight=39903.7 22218.8 17685 3011 14673.9 13971.4 18418.5 8470.95 702.597 12718 5500.4 11552 3800.3 3784.52 2803.15 981.374 5700.47 4751.18 1166.02
internal_count=103284 43041 60243 8007 52236 50766 32706 32451 1470 23913 18315 21444 10335 10319 7334 2985 8793 7078 2469
is_linear=0
shrinkage=0.03


Tree=48
num_leaves=20
num_cat=0
split_feature=8 2 7 7 5 0 4 9 9 10 3 10 9 9 7 9 4 3 10
split_gain=600.478 255.866 131.206 133.275 109.021 105.363 92.588 91.3174 76.837 146.553 93.1796 77.9994 84.7222 80.6485 68.512 58.5703 53.2715 54.1856 52.71
threshold=8.7748219258743152 6.5000000000000009 0.00011266348880489831 -0.00011320099005396321 4.9419999999999922 8.626000000000003 0.5659333333333364 -21.246666666665984 43.673333333339549 74.644362386594153 1.1692999999999898 18.394215605882383 -41.560000000004941 -35.95999999999912 -0.00021997348472191367 21.840000000003787 8.019100000000007 4.6581999999999866 69.440126792845646
decision_type=2 2 2 2 2 2 2 2 2 2 2 2 2 2 2 2 2 2 2
left_child=1 2 3 14 5 7 -5 -3 9 11 -11 12 -2 -13 -1 -12 17 -6 -10
right_child=8 4 -4 6 16 -7 -8 -9 18 10 15 13 -14 -15 -16 -17 -18 -19 -20
leaf_value=-0.0035542386174542929 0.017331705726380556 0.020055739445335372 0.0185365252416715 0.0020577400042588604 0.016956560277221807 -0.0033327470143847209 0.0095153321302465128 0.0096467257657977552 0.032624985633209411 0.016111234596099328 -0.02101331621459963 0.024647044031041898 0.0036787560679387697 0.01654187153078222 0.031921530937715818 0.002869450842532071 0.035867433965484745 0.0039238309196761309 0.019493534414598376
leaf_weight=62.613647013902664 823.27548281848431 813.15237717330456 599.924361333251 7801.2380098253489 2412.7691497951746 528.95489597320557 1854.4740465208888 11293.68692407012 360.37205383181572 509.60128526389599 106.2082227319479 1279.0301603376865 813.02826085686684 8114.5841093361378 225.24607765674591 711.69940122961998 119.50940522551537 325.89570283889771 1162.8344650566578
leaf_count=206 1366 1630 1394 32724 4279 1404 6402 29597 401 1053 354 1743 2155 13848 422 1637 146 714 1809
internal_value=0.0112034 0.00851685 0.00491175 0.00408973 0.0109701 0.00977324 0.00349004 0.0103458 0.0162428 0.0154591 0.00604192 0.0165925 0.010548 0.0176455 0.024205 -0.000231812 0.0162613 0.0154057 0.0226003
internal_weight=39918.1 26037.5 10543.5 9943.57 15494 12635.8 9655.71 12106.8 13880.6 12357.4 1327.51 11029.9 1636.3 9393.61 287.86 817.908 2858.17 2738.66 1523.21
internal_count=103284 78918 41148 39754 37770 32631 39126 31227 24366 22156 3044 19112 3521 15591 628 1991 5139 4993 2210
is_linear=0
shrinkage=0.03


Tree=49
num_leaves=20
num_cat=0
split_feature=8 5 10 10 9 9 10 3 9 9 2 9 4 8 1 8 9 3 10
split_gain=571.694 247.014 113.643 137.5 113.916 86.5934 75.3676 110.539 99.6086 87.0202 74.0638 71.9096 95.1676 62.5178 61.5811 61.1524 59.6878 57.3839 51.3465
threshold=8.7748219258743152 0.79319999999997381 8.3333333303966359 79.487179484389159 15.41999999999098 15.053333333322373 17.748979081042865 0.11399999999997475 -15.146666666660165 -7.4199999999909769 103.50000000000001 -25.143333333326151 -0.61356666666665838 32.408146901555504 11.081000000000001 0.044721269360503607 24.280000000006115 2.309399999999989 15.37143676409597
decision_type=2 2 2 2 2 2 2 2 2 2 2 2 2 2 2 2 2 2 2
left_child=1 6 11 4 -4 -5 7 9 -8 -1 17 12 -3 14 18 -13 -10 -2 -12
right_child=10 2 3 5 -6 -7 8 -9 16 -11 13 15 -14 -15 -16 -17 -18 -19 -20
leaf_value=0.0023391400532179552 0.015343750423918581 0.0049497279209203609 0.011284589675420259 0.0001388223130063012 0.020683592379229863 0.010423856455669218 0.031784256324142293 0.013734617214833451 0.0044081823196843494 -0.013219913927007103 0.0081463995309288221 0.025751730252239927 0.042181143304196311 0.028723655810876807 0.0078799052824850505 -0.0021385320385502861 0.030425458891894443 0.0092296609551618773 0.020086534480699209
leaf_weight=612.80304457992315 7355.3617013394833 212.51960603892803 12407.205238416791 1550.0951726585627 1280.3049254566431 1404.0921268463135 125.20308697223663 323.11265774071217 6006.5623610317707 685.31309346854687 358.18805941939354 75.090878069400787 87.118618875741959 511.13738694787025 513.77032822370529 1225.0760077089071 80.423082455992699 1701.0679896473885 3410.1549421399832
leaf_count=2681 13575 572 28909 5657 2241 3625 233 1188 23669 4475 731 266 123 610 962 5085 194 3296 5192
internal_value=0.0108656 0.00824928 0.0101627 0.0108969 0.0121638 0.00502718 0.00379348 -0.00196673 0.00529675 -0.00587494 0.0157914 0.00252564 0.0157746 0.0188069 0.0176232 -0.000527736 0.00475193 0.0141953 0.0189516
internal_weight=39924.6 26074.9 18241.5 16641.7 13687.5 2954.19 7833.42 1621.23 6212.19 1298.12 13849.7 1599.81 299.638 4793.25 4282.11 1300.17 6086.99 9056.43 3768.34
internal_count=103284 78918 46478 40432 31150 9282 32440 8344 24096 7156 24366 6046 695 7495 6885 5351 23863 16871 5923
is_linear=0
shrinkage=0.03


Tree=50
num_leaves=20
num_cat=0
split_feature=5 2 9 3 9 10 10 3 5 4 0 3 4 3 3 8 9 10 5
split_gain=546.461 195.286 131.968 147.915 127.475 121.707 141.425 117.83 109.631 105.894 105.846 77.1261 63.9182 66.7804 87.5037 68.2495 60.5335 58.1997 65.9695
threshold=1.891999999999977 8.5000000000000018 10.610000000000584 0.17239999999998531 -15.146666666660165 12.050932973144848 74.644362386594153 -1.2815000000000267 7.764099999999984 0.036600000000001333 11.211500000000003 1.7262000000000075 -19.355999999999991 -1.6324000000000316 2.1298999999999961 9.0805286570583252 -28.650000000001452 23.704866561487247 33.222199999999994
decision_type=2 2 2 2 2 2 2 2 2 2 2 2 2 2 2 2 2 2 2
left_child=2 12 4 -4 7 9 -7 -1 10 -6 11 -3 -2 15 -15 -14 -9 -10 -19
right_child=1 8 3 -5 5 6 -8 16 17 -11 -12 -13 13 14 -16 -17 -18 18 -20
leaf_value=-0.015944999218251026 0.067271535095744447 0.015551394349696039 0.023530886073339669 0.0084061453377090971 -0.0057600965310266412 0.0074697830988984474 -0.0006327093869255945 0.024418784727452555 0.011649389801313298 0.0130042961139101 0.0047921998838537112 0.0095025684531503205 -0.005671348044145345 0.012720426463389773 0.0006269163501857086 0.010590407807596378 0.011526894800883992 0.018671065241792149 0.03086106947912988
leaf_weight=120.32672475278378 16.0416639149189 9122.5236826837063 785.32097256183624 2247.0996284931898 1595.1427976712584 8445.9325144067407 2516.4464008435607 436.88887737691402 943.28889779746532 325.98843885213137 1161.6768618673086 2395.2817568480968 608.68381787836552 2094.0812142342329 724.86554457247257 375.61448875069618 1312.7566944360733 4258.0838047266006 440.93093055486679
leaf_count=431 16 16653 1919 6088 8534 26818 10770 769 1715 1374 2469 4791 2126 5259 2075 859 3540 6571 507
internal_value=0.010539 0.0136846 0.00662315 0.0123231 0.00545159 0.00438919 0.00560983 0.0127711 0.014971 -0.00257605 0.013423 0.0142935 0.00751372 0.00726166 0.00961069 0.000534241 0.014746 0.0184498 0.0198149
internal_weight=39927 22141.1 17785.9 3032.42 14753.5 12883.5 10962.4 1869.97 18321.8 1921.13 12679.5 11517.8 3819.29 3803.25 2818.95 984.298 1749.65 5642.3 4699.01
internal_count=103284 43041 60243 8007 52236 47496 37588 4740 32706 9908 23913 21444 10335 10319 7334 2985 4309 8793 7078
is_linear=0
shrinkage=0.03


Tree=51
num_leaves=20
num_cat=0
split_feature=8 5 10 9 10 9 10 3 10 9 9 10 3 9 9 10 9 10 4
split_gain=524.094 221.532 102.483 138.958 100.821 73.6213 136.058 85.5722 73.6741 81.9477 76.9451 67.2772 102.859 91.8149 81.2708 58.2651 55.0178 50.6572 49.7557
threshold=8.7748219258743152 0.79319999999997381 87.499999936292667 16.543333333334889 9.8145175156647628 43.673333333339549 74.644362386594153 1.1692999999999898 18.394215605882383 -30.726666666661909 -39.560000000004941 17.748979081042865 0.11399999999997475 -15.856666666666568 -7.4199999999909769 49.408124787620913 21.840000000003787 69.440126792845646 -0.52896666666666103
decision_type=2 2 2 2 2 2 2 2 2 2 2 2 2 2 2 2 2 2 2
left_child=1 11 3 4 -3 6 8 -8 9 -2 -10 12 14 -13 -1 -15 -9 -7 -14
right_child=5 2 -4 -5 -6 17 7 16 10 -11 -12 13 18 15 -16 -17 -18 -19 -20
leaf_value=0.0021732399775082167 0.013377815333823078 0.0025774220853065966 0.0030810522636567105 0.018674038488703196 0.010305943094738168 0.031142083221541751 0.014754077729739107 -0.021044128813031561 0.024026556583699659 -0.0019622592255672034 0.015352358000286366 0.031852200331893538 -0.011775733345005627 0.0090686974763585625 -0.012892131503239248 0.0025885555080036246 0.0021077311718971929 0.018164530324350434 0.018658148100739392
leaf_weight=613.95172920823097 1211.9945115298033 1720.7518223971128 1973.9818164110184 1614.0338678658009 12966.405743762851 353.91985015571117 510.69142115116119 106.16220135986805 1035.3154921382666 422.73687279224396 8290.1490947455168 111.93638898432255 59.066624104976654 1746.3986596912146 678.32721273601055 4382.4748401865363 711.53875879943371 1151.3475239574909 266.40376043319702
leaf_count=2681 2260 6387 6672 2991 30428 401 1053 354 1398 1261 14193 200 274 6067 4475 17829 1637 1809 914
internal_value=0.0102227 0.00772565 0.00953691 0.0103187 0.00940047 0.0149537 0.0141866 0.00511929 0.0152856 0.00941092 0.0163154 0.00351356 -0.00193835 0.00492681 -0.00573469 0.00443505 -0.000898077 0.0212158 0.013135
internal_weight=39927.6 26133.7 18275.2 16301.2 14687.2 13793.9 12288.6 1328.39 10960.2 1634.73 9325.46 7858.56 1617.75 6240.81 1292.28 6128.87 817.701 1505.27 325.47
internal_count=103284 78918 46478 39806 36815 24366 22156 3044 19112 3521 15591 32440 8344 24096 7156 23896 1991 2210 1188
is_linear=0
shrinkage=0.03


Tree=52
num_leaves=20
num_cat=0
split_feature=8 2 7 7 5 9 10 9 4 9 10 3 10 9 9 10 10 0 7
split_gain=498.693 211.274 120.44 121.522 99.4451 106.269 115.07 93.7751 85.4881 70.4147 128.916 80.4404 69.9783 99.8961 70.9066 53.3851 48.8434 40.057 35.682
threshold=8.7748219258743152 6.5000000000000009 0.00011266348880489831 -0.00011267688158067556 7.764099999999984 -21.246666666665984 27.347088674369513 -17.006666666660745 -0.38473333333332632 43.673333333339549 74.644362386594153 1.1692999999999898 20.270270269485291 -30.726666666661909 -39.560000000004941 99.999999991222495 69.440126792845646 0.0055000000000000005 -0.00021997348472191367
decision_type=2 2 2 2 2 2 2 2 2 2 2 2 2 2 2 2 2 2 2
left_child=1 2 3 18 5 8 -7 -5 -3 10 12 -12 13 -2 -14 -13 -11 -4 -1
right_child=9 4 17 7 -6 6 -8 -9 -10 16 11 15 14 -15 -16 -17 -18 -19 -20
leaf_value=-0.0041197573157938138 0.01371496135733904 0.011790103728718297 0.069455675546013645 0.016078809822555468 0.017409265864996262 0.0019759241740516481 0.0094883003778100505 0.0019796639113447353 0.029501321261675879 0.030476009429308448 0.014302181677174484 -0.0023544567678557065 0.023820884505134591 -0.002124386146631936 0.015052767930825653 0.038770633942485665 0.017684914947522352 0.016091379543435629 0.019892599044728811
leaf_weight=62.88455131649971 1358.2839751243591 695.49936212599277 12.936675652861593 445.53541284799576 1377.5647073537111 2207.2618580088019 10882.111064940691 9020.3049112781882 378.89401210844517 350.85205127298832 511.0173803716898 787.88901051878929 924.0086417645216 486.78723588585854 8165.1438683122396 29.47114996612072 1147.1590483039618 591.05907341837883 487.20619040727615
leaf_count=206 2483 1511 12 1275 2320 7164 26190 37127 585 401 1053 1944 1243 1414 13972 47 1809 1382 1146
internal_value=0.00991755 0.00748578 0.00422442 0.00343988 0.00971438 0.00896598 0.00822149 0.00264328 0.0180361 0.0145407 0.0137907 0.00496563 0.0148628 0.00953605 0.0159441 -0.00087163 0.0206807 0.0172344 0.0171476
internal_weight=39921.9 26161.3 10619.9 10015.9 15541.3 14163.8 13089.4 9465.84 1074.39 13760.6 12262.6 1328.38 10934.2 1845.07 9089.15 817.36 1498.01 603.996 550.091
internal_count=103284 78918 41148 39754 37770 35450 33354 38402 2096 24366 22156 3044 19112 3897 15215 1991 2210 1394 1352
is_linear=0
shrinkage=0.03


Tree=53
num_leaves=20
num_cat=0
split_feature=5 2 9 3 9 10 1 4 5 0 3 3 4 8 4 10 5 9 3
split_gain=475.769 175.996 117.237 138.365 114.383 137.66 104.929 101.429 99.6814 99.4599 72.0393 71.5171 59.1191 62.9532 57.616 54.52 63.141 55.7256 51.4089
threshold=1.891999999999977 8.5000000000000018 10.610000000000584 0.17239999999998531 -8.4333333333270257 2.3529411763118593 0.076000000000000054 -4.423799999999992 7.764099999999984 11.211500000000003 1.7262000000000075 -1.324899999999994 -19.355999999999991 0.66105973065190016 1.1702666666666712 23.704866561487247 33.222199999999994 -72.660000000010754 0.20479999999998233
decision_type=2 2 2 2 2 2 2 2 2 2 2 2 2 2 2 2 2 2 2
left_child=2 12 4 -4 6 18 11 -7 9 10 -3 -1 -2 -14 -8 17 -17 -10 -6
right_child=1 8 3 -5 5 7 14 -9 15 -11 -12 -13 13 -15 -16 16 -18 -19 -20
leaf_value=-0.014171088174716634 0.063834245635583819 0.014388630037069711 0.022129356989582162 0.0075548447194757635 -0.01613258835336041 0.046448603127282391 0.019377263637527099 0.0038858614389385795 0.02553827456216827 0.0039439967141658532 0.0085329005036703705 0.0076284101890623608 -0.0053739123752332991 0.0077365688761686742 -0.024824023787880234 0.017350383171044634 0.029388716623731735 0.006971189577773285 0.010162324128770342
leaf_weight=142.8669721186161 16.246545866131783 9088.5359903424978 791.98845316469669 2256.7079712897539 423.31470204144716 50.631606660783291 915.09812634438276 10572.246341556311 180.08657422661781 1157.6160005480051 2387.5312095731497 2606.8072630241513 364.41216070950031 3453.2020880132914 27.333693146705627 4211.0581039190292 432.38470125198364 757.11014533042908 79.481511116027832
leaf_count=540 16 16653 1919 6088 2671 98 2260 38499 236 2469 4791 7761 1357 8962 93 6571 507 1479 314
internal_value=0.0096219 0.0125703 0.00598342 0.011341 0.00488112 0.00336273 0.0094566 0.00408873 0.0138 0.012325 0.0131704 0.00649576 0.00672813 0.0064851 0.0180953 0.0171392 0.0184714 0.0105389 -0.0119759
internal_weight=39914.7 22048.2 17866.5 3048.7 14817.8 11125.7 3692.11 10622.9 18214.3 12633.7 11476.1 2749.67 3833.86 3817.61 942.432 5580.64 4643.44 937.197 502.796
internal_count=103284 43041 60243 8007 52236 41582 10654 38597 32706 23913 21444 8301 10335 10319 2353 8793 7078 1715 2985
is_linear=0
shrinkage=0.03


Tree=54
num_leaves=20
num_cat=0
split_feature=8 5 0 5 3 10 9 9 10 5 8 3 9 3 10 9 10 2 4
split_gain=458.861 192.894 94.7413 81.2083 87.7865 68.0885 81.9712 78.0652 105.122 63.8872 68.9926 67.0297 64.7952 49.7891 45.6034 44.1102 42.8717 38.0719 54.9771
threshold=8.7748219258743152 0.79319999999997381 0.082500000000000032 20.664399999999997 -1.3682000000000076 91.999999974100305 35.393333333333437 -46.969999999986605 20.270270269485291 0.15219999999998973 2.7386129041815068 -0.53559999999998475 -15.486666666671224 0.014200000000015837 98.802395201272716 20.640000000006697 69.440126792845646 1.5000000000000002 -0.29819999999999519
decision_type=2 2 2 2 2 2 2 2 2 2 2 2 2 2 2 2 2 2 2
left_child=1 9 17 4 -4 6 7 -2 -9 10 13 14 -13 -1 -11 -7 -8 18 -3
right_child=5 2 3 -5 -6 15 16 8 -10 11 -12 12 -14 -15 -16 -17 -18 -19 -20
leaf_value=-0.00010348165339164437 0.020235087361359021 -0.018234065668448943 0.0039993871780791236 0.027999483104387119 0.0099513269791177555 -0.019652918975384615 0.026519663419069892 0.0037378655796800608 0.013487549001872535 -0.01525464153670633 0.059445605448732279 0.018115902083566907 0.0038958543520528108 -0.015285916137427861 0.07790893041935841 0.0068984701484926586 0.016884000811620413 -0.0016477468420735347 0.027419325476212623
leaf_weight=510.06184012442827 1286.2369158864021 31.780875757336617 2641.0281877666712 205.4722960293293 14338.899990528822 62.121990844607353 618.92425426840782 1123.2329496592283 8739.0048921406269 197.01503034681082 14.80742698907852 301.66495291888714 6554.5759962946177 314.11799812316895 4.8450483977794638 602.18712277710438 1264.8683438897133 1007.0701843798161 93.827947020530701
leaf_count=2942 1896 141 6543 287 35671 245 784 2746 15330 883 30 829 25833 1912 11 1362 2003 3572 264
internal_value=0.00933398 0.00700888 0.00869854 0.00925243 0.00902557 0.0137842 0.0142618 0.0132837 0.0123771 0.00308956 -0.00473681 0.00401988 0.00452152 -0.00588993 -0.0130185 0.00441555 0.0200498 0.000294706 0.0158683
internal_weight=39911.7 26215.2 18318.1 17185.4 16979.9 13696.6 13032.3 11148.5 9862.24 7897.09 838.987 7058.1 6856.24 824.18 201.86 664.309 1883.79 1132.68 125.609
internal_count=103284 78918 46478 42501 42214 24366 22759 19972 18076 32440 4884 27556 26662 4854 894 1607 2787 3977 405
is_linear=0
shrinkage=0.03


Tree=55
num_leaves=20
num_cat=0
split_feature=5 5 3 2 4 3 9 10 10 9 3 4 10 3 10 9 0 8 3
split_gain=441.182 145.63 158.824 136.539 119.528 108.858 87.8624 81.3965 72.8605 89.8903 78.3671 77.2239 72.3811 99.4778 66.21 59.6162 54.6354 51.818 51.0346
threshold=3.0611999999999777 0.79319999999997381 -1.2815000000000267 11.500000000000002 -1.3243666666666634 0.65439999999997267 -28.650000000001452 26.84210526166687 73.026315784949944 31.269999999989526 2.5050999999999961 8.019100000000007 17.748979081042865 0.10719999999997525 49.408124787620913 43.673333333339549 0.16750000000000004 1.0000000180025095e-35 1.035599999999999
decision_type=2 2 2 2 2 2 2 2 2 2 2 2 2 2 2 2 2 2 2
left_child=1 6 7 16 18 -6 -1 17 9 10 -5 15 13 -8 -14 -10 -2 -3 -4
right_child=3 2 4 8 5 -7 12 -9 11 -11 -12 -13 14 -15 -16 -17 -18 -19 -20
leaf_value=0.037582256543137425 -0.0027239583559077051 0.053125017152242382 0.016000705054083787 0.015507008754268277 0.010196418063985406 0.0044113179541830604 -0.0065626545217264791 0.0055652180602157771 0.0032494573053206618 0.024102353794025446 0.0077291131283476859 0.025692193674265767 0.0090441231283038496 0.011779715675169437 0.002403596364408048 0.014091291637367413 0.008780341288156952 -0.0094790075108826116 0.035553993133742127
leaf_weight=66.516596838831902 440.38103593885899 12.103438749909399 1060.1299928575754 8432.3734010756016 9001.5325558930635 4338.2107031792402 1273.6648305803537 783.133699670434 1214.9845422208309 948.92865088582039 1352.9345078468323 230.34492845833302 1923.2245277538896 336.39024814963341 4544.3771247938275 731.14149142801762 2376.4503244757652 705.25801007449627 135.48791478574276
leaf_count=96 1313 30 2365 14047 22956 11586 7111 1881 2688 1260 2526 308 6409 1231 18124 1207 5476 2471 199
internal_value=0.00905497 0.00651105 0.00817024 0.0129661 0.0091295 0.00831505 0.0032441 -0.00112219 0.0142717 0.0152865 0.0144316 0.00926676 0.00296134 -0.00273037 0.00437824 0.00732263 0.00698177 -0.00842274 0.0182165
internal_weight=39907.6 24180 16035.9 15727.5 14535.4 13339.7 8144.17 1500.5 12910.7 10734.2 9785.31 2176.47 8077.66 1610.06 6467.6 1946.13 2816.83 717.361 1195.62
internal_count=103284 74459 41488 28825 37106 34542 32971 4382 22036 17833 16573 4203 32875 8342 24533 3895 6789 2501 2564
is_linear=0
shrinkage=0.03


Tree=56
num_leaves=20
num_cat=0
split_feature=8 5 0 9 3 10 4 10 9 4 3 8 10 10 9 9 5 7 9
split_gain=423.531 176.037 112.569 90.1683 179.136 170.164 74.0331 86.942 116.599 77.5986 82.6163 64.9307 67.6265 65.5624 63.492 60.5131 52.2574 46.5689 38.7842
threshold=8.7748219258743152 1.2126999999999883 0.054500000000000014 -17.006666666660745 -1.1618000000000117 32.029567505236429 0.49606666666667071 71.236759448585687 7.7399999999979636 -3.2744333333333224 -0.070200000000012586 38.599034885986541 91.999999974100305 15.966791926368609 -30.726666666661909 -41.560000000004941 0.23219999999999943 -0.00011340960885397598 20.640000000006697
decision_type=2 2 2 2 2 2 2 2 2 2 2 2 2 2 2 2 2 2 2
left_child=1 6 17 4 -4 -5 9 16 -9 -1 -11 12 13 15 -15 -2 -8 -3 -14
right_child=11 2 3 5 -6 -7 7 8 -10 10 -12 -13 18 14 -16 -17 -18 -19 -20
leaf_value=0.026547167462480068 0.013477565026471509 0.044336064836395794 0.0053492866618508198 0.000517234639701795 0.02322058943422553 0.0098787397895881996 0.04171429175956877 -0.0086705001230545677 0.011114864542508058 -0.0010405676287966582 0.004673876013712607 0.026412244406566945 -0.019318671290329787 0.019236016962423812 0.013019960725229851 0.00072775661490801912 0.013834324597993547 -0.0081385147179259196 0.0056750068101134934
leaf_weight=121.42474533617496 655.8345585167408 15.791869059205053 928.46469448506832 2118.3296497911215 1106.2347099035978 9982.5348504930735 65.07151947915554 439.87043341994286 686.35289646685123 3768.4564992934465 5753.1892406567931 320.83767737448215 61.793756663799286 1749.0370364785194 9574.3010346740484 684.91996872425079 862.59536032378674 420.97638146579266 583.61886817216873
leaf_count=329 1130 22 2169 6277 1957 22616 208 1932 2235 15109 22054 393 245 2610 16775 1872 2435 1575 1341
internal_value=0.00878515 0.00655873 0.00875897 0.00922245 0.0150656 0.00823995 0.00381762 0.00898912 0.00338727 0.00271613 0.00241223 0.0130761 0.0127546 0.0132374 0.0139801 0.00696437 0.01579 -0.00624123 0.00328204
internal_weight=39899.6 26269.3 14572.3 14135.6 2034.7 12100.9 11697 2053.89 1126.22 9643.07 9521.65 13630.3 13309.5 12664.1 11323.3 1340.75 927.667 436.768 645.413
internal_count=103284 78918 34616 33019 4126 28893 44302 6810 4167 37492 37163 24366 23973 22387 19385 3002 2643 1597 1586
is_linear=0
shrinkage=0.03


Tree=57
num_leaves=20
num_cat=0
split_feature=5 9 10 10 0 9 5 3 9 4 10 9 7 10 3 3 9 4 7
split_gain=405.022 176.843 163.398 164.613 125.014 116.126 89.2636 76.0561 80.839 73.6313 103.288 62.8437 61.5144 94.2099 46.0763 45.6909 43.1004 42.6401 32.8925
threshold=3.8256999999999937 29.136666666672685 84.201298521361977 12.050932973144848 1.5045000000000004 -30.726666666661909 0.16099999999997597 5.591400000000001 18.216666666659879 8.019100000000007 73.026315784949944 31.269999999989526 -0.00011251264361300527 95.774647868588929 -0.96120000000000783 1.6695999999999758 75.973333333335191 2.9361000000000006 0.00011081191891859633
decision_type=2 2 2 2 2 2 2 2 2 2 2 2 2 2 2 2 2 2 2
left_child=1 2 3 5 7 -1 -5 18 -9 10 11 -6 13 -4 -14 -3 -12 -10 -2
right_child=4 15 12 6 9 -7 -8 8 17 -11 16 -13 14 -15 -16 -17 -18 -19 -20
leaf_value=0.015912154655642483 0.0061282596900977789 0.021866328236931905 -0.0008760975439529512 -0.0046964273624304238 0.014310757582873335 -0.0010747618335466475 0.0083894896801482051 -0.036391028202721991 -0.022287258000037828 0.025968457701657385 0.0049836949047397158 0.023449837946282751 -0.030826922687363482 0.036040774694715089 -0.00039867080036791599 0.0083369662008923283 0.021354488759906434 0.011946800205029603 0.013792424533438095
leaf_weight=410.74825745820999 1578.3220713883638 808.22948376834393 150.07209387421608 481.675975471735 7609.3178824186325 3064.1088394522667 18035.704470522702 69.996164947748184 45.731770142912865 469.07895208895206 1387.9904896169901 743.32192689180374 45.360158205032349 106.26935987174511 3553.6379409134388 311.14056092500687 161.58914962410927 115.30743353068829 740.39132095873356
leaf_count=836 3610 1385 462 2626 12822 13866 45949 249 137 606 2882 993 207 248 13929 637 225 239 1376
internal_value=0.00852416 0.00643163 0.00592606 0.00692476 0.0128914 0.00093319 0.0080491 0.00694 -0.00947436 0.0143545 0.0138044 0.0151241 0.000229164 0.0144282 -0.000782175 0.0181057 0.00669083 0.00222504 0.00857551
internal_weight=39888 26966.9 25847.6 21992.2 12921 3474.86 18517.4 2549.75 231.035 10371.3 9902.22 8352.64 3855.34 256.341 3599 1119.37 1549.58 161.039 2318.71
internal_count=103284 80145 78123 63277 23139 14702 48575 5611 625 17528 16922 13815 14846 710 14136 2022 3107 376 4986
is_linear=0
shrinkage=0.03


Tree=58
num_leaves=20
num_cat=0
split_feature=8 2 9 5 4 0 7 7 7 7 9 10 10 9 9 3 9 5 10
split_gain=386.593 161.301 93.1664 107.535 98.093 91.4261 83.2256 112.339 156.41 66.6719 62.0944 96.2368 66.7168 98.4928 69.6008 58.2463 44.2034 40.2853 34.034
threshold=8.7748219258743152 5.5000000000000009 -21.246666666665984 7.764099999999984 -0.38473333333332632 8.626000000000003 -0.00011267688158067556 -1.0000000180025095e-35 -0.00010983609707859719 0.00011332735343483337 55.546666666668905 74.644362386594153 23.704866561487247 -30.726666666661909 -21.246666666665984 -0.045700000000009226 20.640000000006697 20.664399999999997 98.712446345957375
decision_type=2 2 2 2 2 2 2 2 2 2 2 2 2 2 2 2 2 2 2
left_child=1 6 4 5 -3 -4 -1 8 -8 -9 11 12 13 -2 -14 -13 -17 -5 -12
right_child=10 2 3 17 -6 -7 7 9 -10 -11 18 15 14 -15 -16 16 -18 -19 -20
leaf_value=0.015478477710122826 0.01227068377665321 0.0099322664961079173 0.0070492740416477663 0.014009931696591088 0.027096172321838499 -0.0033949997676615039 0.00143878081689019 0.003314896481182297 -0.018967224069145739 0.021501162874506374 0.021821036799913145 0.023287174444123527 0.018711386832250262 -0.0016490449069683445 0.012538655232485253 -0.0110985855471124 0.0052687615884620606 0.031415867704872376 -0.0068970695524651236
leaf_weight=444.07303775846958 1587.5727470368147 973.69295693933964 14228.466304071248 986.16350734233856 432.91041630506516 796.54995326697826 1047.8007191941142 6577.9331618696451 499.08011409640312 186.57120917737484 771.37345942854881 146.74587865173817 2184.9262558072805 642.70325112342834 6640.5211368352175 166.35724057257175 1383.8788890987635 136.20055077970028 39.018898203969002
leaf_count=1077 2869 2064 37730 1729 668 1989 4191 26362 2572 366 1073 223 3297 1742 11593 515 2965 170 89
internal_value=0.00827176 0.00615079 0.00780975 0.00716469 0.0152148 0.00649557 0.00282471 0.00214863 -0.00514494 0.00381649 0.012386 0.0118743 0.0128953 0.00825941 0.0140668 0.00522239 0.00351237 0.0161222 0.0204383
internal_weight=39872.5 26309.4 17554 16147.4 1406.6 15025 8755.46 8311.39 1546.88 6764.5 13563.1 12752.7 11055.7 2230.28 8825.45 1696.98 1550.24 1122.36 810.392
internal_count=103284 78918 44350 41618 2732 39719 34568 33491 6763 26728 24366 23204 19501 4611 14890 3703 3480 1899 1162
is_linear=0
shrinkage=0.03


Tree=59
num_leaves=20
num_cat=0
split_feature=5 9 10 4 4 0 3 3 9 4 10 9 7 10 3 3 4 9 3
split_gain=370.155 164.788 149.991 158.478 150.036 117.411 84.5238 71.6199 76.3897 69.7255 96.8775 60.1402 56.3575 86.7834 43.8923 43.5939 40.0965 39.7022 31.9155
threshold=3.8256999999999937 29.136666666672685 84.201298521361977 0.33853333333333308 -1.3243666666666634 1.5045000000000004 2.4054999999999835 5.591400000000001 18.216666666659879 8.019100000000007 73.026315784949944 31.269999999989526 -0.00011251264361300527 93.528797735879962 -0.96120000000000783 -0.19209999999999006 2.9361000000000006 20.640000000006697 -3.0255000000000347
decision_type=2 2 2 2 2 2 2 2 2 2 2 2 2 2 2 2 2 2 2
left_child=1 2 3 4 -1 7 -5 18 -9 10 11 -7 13 -4 -14 -3 -10 -12 -2
right_child=5 15 12 6 -6 9 -8 8 16 -11 17 -13 14 -15 -16 -17 -18 -19 -20
leaf_value=0.012464550784654605 0.0027743450256034708 0.035645374030638603 -0.0043003139705892132 0.011317729794789805 0.0038489179816296511 0.013594390798821803 -0.010748921103030591 -0.035683305592088446 -0.021890038289108613 0.025012521322222623 -0.0040361476992043467 0.022584321324930382 -0.030365230927691587 0.030499311315964624 -0.00050727037543603999 0.015396490112148439 0.011315440317443812 0.0084660527889116859 0.010393702011871018
leaf_weight=2089.7092603594065 716.39771915972233 105.68571430444717 125.17713177204132 5724.3357931599021 14049.164113581181 7565.6099566966295 160.60746333003044 69.863703936338425 45.71367435157299 463.52564865350723 278.99283902347088 734.76547865569592 44.869625493884087 133.04506294429302 3558.2847431227565 1011.73873513937 115.22238223254681 1265.733008518815 1599.3691536933184
leaf_count=5020 1714 128 392 13591 44228 12822 438 249 137 606 716 993 207 318 13929 1894 239 2391 3272
internal_value=0.0080267 0.00603193 0.005545 0.00650121 0.0049645 0.0122168 0.0107155 0.00644831 -0.00948809 0.0136417 0.0131064 0.0143902 9.11573e-05 0.0136297 -0.000879088 0.0173116 0.00188347 0.00620803 0.0080366
internal_weight=39857.8 27002.6 25885.2 22023.8 16138.9 12855.2 5884.94 2546.57 230.8 10308.6 9845.1 8300.38 3861.38 258.222 3603.15 1117.42 160.936 1544.73 2315.77
internal_count=103284 80145 78123 63277 49248 23139 14029 5611 625 17528 16922 13815 14846 710 14136 2022 376 3107 4986
is_linear=0
shrinkage=0.03


Tree=60
num_leaves=20
num_cat=0
split_feature=8 0 9 9 10 3 8 5 9 10 5 3 10 3 10 10 9 9 3
split_gain=354.801 149.546 114.32 152.485 160.336 130.102 153.812 99.0463 88.5955 77.5892 77.0528 75.0741 71.6476 84.4981 63.388 62.9009 61.1733 58.8335 57.1159
threshold=4.0564761850154714 0.51550000000000018 -7.0433333333348846 0.48666666667122632 82.341149094439217 0.029000000000013511 1.3416407862436119 4.5720999999999989 24.280000000006115 91.999999974100305 0.12460000000000075 -1.3682000000000076 70.337687239122047 -3.2070000000000314 99.544419131211967 17.236925488313471 11.669999999998256 75.973333333335191 5.0987999999999891
decision_type=2 2 2 2 2 2 2 2 2 2 2 2 2 2 2 2 2 2 2
left_child=2 8 15 5 16 6 -4 9 18 11 -7 -3 13 -9 -11 -1 -5 -14 -2
right_child=1 7 3 4 -6 10 -8 12 -10 14 -12 -13 17 -15 -16 -17 -18 -19 -20
leaf_value=0.0051835374556877699 0.0040339392458641011 0.0036605881706378257 -0.010467339629377197 0.0083323633113290482 0.00072843758455076453 -0.024554530599349245 0.0033177506015944075 0.010342320626935806 0.017327236937771471 -0.0072533348415616183 0.0057351680654800447 0.010807590761018846 0.0059368789475092104 0.016977678220362304 0.011707833494916883 0.014253323614332325 0.018768192240779292 0.021875768633068546 -0.031519555337721078
leaf_weight=1434.62658072263 4155.9152860790491 1547.7363879233599 1858.1119297668338 2897.4973251521587 3024.4842649325728 78.495823681354523 1198.2406786605716 2689.4994961470366 477.22128637135029 450.45017063617706 2038.9537362977862 9100.5504445135593 1605.4502511769533 4827.8620967417955 244.97596004605293 1322.658636957407 612.37784433364868 239.52101409435272 41.068191364407539
leaf_count=5322 11008 3484 9619 8568 11946 521 3845 4780 944 1473 7186 18420 3157 7539 615 3092 1293 326 146
internal_value=0.00778839 0.00992557 0.00403862 0.00274438 0.00579083 -0.00110319 -0.00506291 0.0110197 0.00507876 0.00913471 0.0046123 0.00976877 0.0133036 0.0146037 -0.000573933 0.00953428 0.0101531 0.00800612 0.00368604
internal_weight=39845.7 25380.3 14465.4 11708.2 6534.36 5173.8 3056.35 20706 4674.2 11343.7 2117.45 10648.3 9362.33 7517.36 695.426 2757.29 3509.88 1844.97 4196.98
internal_count=103284 51892 51392 42978 21807 21171 13464 39794 12098 23992 7707 21904 15802 12319 2088 8414 9861 3483 11154
is_linear=0
shrinkage=0.03


Tree=61
num_leaves=20
num_cat=0
split_feature=8 5 0 3 9 10 10 9 9 8 4 10 3 9 9 3 4 3 9
split_gain=340.562 140.355 99.9024 81.005 199.413 129.662 67.4854 127.475 134.607 77.6282 61.916 60.968 75.965 101.717 62.9425 82.7897 60.7176 57.1932 44.574
threshold=8.7748219258743152 1.2126999999999883 0.054500000000000014 -1.1618000000000117 -17.006666666660745 24.181285429307994 98.347107426661395 0.48666666667122632 -0.069999999999708948 0.044699482002449616 -19.355999999999991 20.270270269485291 0.55219999999997949 43.673333333339549 -30.726666666661909 -15.94879999999999 -0.4322999999999958 -0.5709999999999803 7.9433333333363416
decision_type=2 2 2 2 2 2 2 2 2 2 2 2 2 2 2 2 2 2 2
left_child=1 6 -3 5 -5 -4 7 8 -1 -9 -2 14 -13 -14 15 -12 -16 -8 -19
right_child=10 2 3 4 -6 -7 17 9 -10 -11 11 12 13 -15 16 -17 -18 18 -20
leaf_value=0.0031315780128296352 0.0259981191410717 -0.0065703197199220289 -0.0040990970134477268 0.02131425661404204 0.007864460872450095 0.0082898646487812935 0.047580851956055853 0.026627440626893838 -0.0083849641699327588 0.0069408744038337647 -0.018907893299061354 0.014279215939042354 0.0071646651808465788 0.016882931907520809 -0.011025958954590838 0.011620749316590691 0.011131550452538112 -0.013683449549998042 -0.00049081769189612248
leaf_weight=5279.4308525472879 257.92122665047646 437.80879625678062 1180.8636838048697 1104.8447700589895 9724.0954676419497 2134.8021396696568 18.831206634640694 188.39370918273926 1104.5079128295183 4180.2444008439779 85.921523228287697 5999.0698892623186 4225.3928388506174 1257.8455846011639 316.22680801153183 1149.8123108893633 171.76150785386562 357.97306105494499 647.25719472765923
leaf_count=20025 322 1597 3642 1957 22875 4545 46 689 5496 13767 223 10112 8228 1941 987 2130 423 1791 2488
internal_value=0.0075591 0.00557632 0.0075436 0.00798046 0.0092367 0.00387758 0.00314034 0.00384119 0.00113906 0.00778984 0.0114409 0.0111566 0.0119463 0.00939402 0.00589559 0.00949807 -0.00322699 -0.00421848 -0.00518885
internal_weight=39823 26359.1 14582.4 14144.6 10828.9 3315.67 11776.6 10752.6 6383.94 4368.64 13464 13206 11482.3 5483.24 1723.72 1235.73 487.988 1024.06 1005.23
internal_count=103284 78918 34616 33019 24832 8187 44302 39977 25521 14456 24366 24044 20281 10169 3763 2353 1410 4325 4279
is_linear=0
shrinkage=0.03


Tree=62
num_leaves=20
num_cat=0
split_feature=5 9 10 9 9 0 3 3 9 9 4 3 4 10 9 10 3 9 7
split_gain=325.375 149.222 136.779 168.289 253.091 108.037 91.0601 73.7414 79.7094 67.8445 95.65 68.8553 67.643 82.3286 58.6182 50.1874 42.4988 35.4715 31.4209
threshold=3.8256999999999937 29.136666666672685 74.644362386594153 0.48666666667122632 -0.069999999999708948 1.5915000000000004 2.309399999999989 5.0987999999999891 18.216666666659879 15.053333333322373 0.13446666666667104 0.42659999999997766 8.019100000000007 73.026315784949944 31.269999999989526 49.020673485998309 1.6695999999999758 75.973333333335191 0.00011081191891859633
decision_type=2 2 2 2 2 2 2 2 2 2 2 2 2 2 2 2 2 2 2
left_child=1 2 3 4 -1 7 -5 18 15 10 -4 -11 13 14 -7 -9 -3 -15 -2
right_child=5 16 9 6 -6 12 -8 8 -10 11 -12 -13 -14 17 -16 -17 -18 -19 -20
leaf_value=0.0054887624779036692 0.0052719575194597884 0.019858973068301894 0.0058071057067698431 0.010651151067717062 -0.0090989420142627599 0.012579743633699226 -0.011919716815702686 -0.0022046666202720582 0.0025548997934163637 0.01408438772671469 -0.0046317194216100302 0.0013718286991209415 0.023996958912093226 0.0042169667279656235 0.021576921987479313 -0.047492303229064795 0.0067803281647223265 0.019272437084844093 0.012628050327619022
leaf_weight=12740.113813698292 1604.1392341852188 804.4227093309164 1132.7427630275488 6417.6995169222355 1168.5774992629886 7394.2503906041384 165.00580915808678 34.759712934494019 197.69812726974487 585.49333547055721 2610.8426274210215 1111.2239233106375 455.90108303725719 1365.4829334020615 714.71661271154881 60.103532493114471 309.70134294033051 157.04033567011356 775.1149694621563
leaf_count=37686 3644 1385 4380 15207 5518 12637 439 80 454 1481 10326 3086 604 2836 979 243 637 225 1437
internal_value=0.0073357 0.00547273 0.00501084 0.00613349 0.00426314 0.0112847 0.0100854 0.00592075 -0.00829224 0.000782308 -0.00147312 0.0057586 0.0127054 0.0121709 0.0133727 -0.030898 0.0162234 0.00576986 0.00766843
internal_weight=39805 27045.8 25931.7 20491.4 13908.7 12759.2 6582.71 2671.82 292.561 5440.3 3743.59 1696.72 10087.4 9631.49 8108.97 94.8632 1114.12 1522.52 2379.25
internal_count=103284 80145 78123 58850 43204 23139 15646 5858 777 19273 14706 4567 17281 16677 13616 323 2022 3061 5081
is_linear=0
shrinkage=0.03


Tree=63
num_leaves=20
num_cat=0
split_feature=8 9 10 10 9 9 4 4 10 9 9 10 10 6 9 10 5 3 5
split_gain=310.822 132.082 172.073 159.379 116.54 106.398 81.4036 72.3965 60.3675 68.6175 60.618 77.9092 58.2441 52.0279 42.266 38.5938 36.6611 34.9808 31.9405
threshold=8.8756126996269717 16.146666666674722 74.644362386594153 12.050932973144848 -15.486666666671224 -30.726666666661909 0.13446666666667104 6.6104666666666754 91.999999974100305 55.546666666668905 -50.379999999997374 20.270270269485291 87.499999936292667 2.4175000000000009 29.136666666672685 82.341149094439217 15.883999999999988 -1.5753000000000104 9.9015999999999842
decision_type=2 2 2 2 2 2 2 2 2 2 2 2 2 2 2 2 2 2 2
left_child=1 2 3 5 -5 -1 13 -8 9 10 17 -12 14 -4 15 -3 18 -2 -14
right_child=8 12 6 4 -6 -7 7 -9 -10 -11 11 -13 16 -15 -16 -17 -18 -19 -20
leaf_value=0.017869054709105568 0.014658374358760553 0.014326417407140902 0.0070972374612249178 0.013796633975881165 0.0059968000699978903 -0.0017428653094021267 -0.0042486908075783847 0.036005231768840809 0.0019206230497934716 0.020701375888215873 0.0029789642656391662 0.011054029031089622 0.0050354274710462388 -0.019696899664572311 0.023153737610164708 0.0010306190911523923 0.037947610773432575 0.027596910322719992 -0.043547108741269581
leaf_weight=270.36829599738121 780.31737729907036 1195.9465162605047 1135.3316085636616 1961.5644503235817 14238.002694755793 3144.6577564626932 2916.8297491073608 40.77295058965683 643.91713792085648 667.0878961533308 1209.9649362117052 9663.473752528429 921.29735606908798 69.198123574256897 401.78154391050339 235.11312340199947 30.255097076296806 247.77860815823078 12.342516079545019
leaf_count=521 1237 2270 4304 3733 38926 13980 11262 82 1563 930 2871 17066 2637 266 629 617 39 306 45
internal_value=0.00711913 0.00524939 0.004524 0.00569963 0.00694126 -0.000190186 -0.00101629 -0.00369376 0.0108796 0.0113386 0.0108138 0.0101555 0.0114163 0.00555796 0.0145559 0.012142 0.0054464 0.0177767 0.00439318
internal_weight=39786 26573.5 23776.7 19614.6 16199.6 3415.03 4162.13 2957.6 13212.5 12568.6 11901.5 10873.4 2796.74 1204.53 1832.84 1431.06 963.895 1028.1 933.64
internal_count=103284 79311 73074 57160 42659 14501 15914 11344 23973 22410 21480 19937 6237 4570 3516 2887 2721 1543 2682
is_linear=0
shrinkage=0.03


Tree=64
num_leaves=20
num_cat=0
split_feature=5 3 9 10 10 2 4 4 10 3 10 4 4 8 9 4 9 2 10
split_gain=296.48 107.351 152.931 114.905 108.712 106.521 77.1509 63.6464 70.9509 73.4938 58.9877 56.6872 50.0389 38.8294 46.2083 37.7908 65.1482 34.0718 33.7192
threshold=3.0611999999999777 -1.5753000000000104 -24.426666666658999 12.050932973144848 87.499999936292667 8.5000000000000018 0.036600000000001333 -19.355999999999991 11.29356770556207 2.309399999999989 26.315789471665202 -0.61356666666665838 -19.355999999999991 1.648635759817876 -7.4199999999909769 1.8274000000000068 18.216666666659879 38.500000000000007 24.181285429307994
decision_type=2 2 2 2 2 2 2 2 2 2 2 2 2 2 2 2 2 2 2
left_child=1 10 -3 6 -5 12 -4 -7 11 -10 18 -9 -2 14 -12 16 -14 -15 -1
right_child=5 2 3 4 -6 7 -8 8 9 -11 13 -13 15 17 -16 -17 -18 -19 -20
leaf_value=-0.011747235609285134 0.058732771189100898 0.015891523883077303 -0.0034986233334765048 0.0065189890072306217 0.00075476458848277596 0.024973528663081262 0.010713591667737547 -0.0011876230790593691 0.012843171726850545 0.0077517674521683823 0.037157611122688977 0.021349938105408958 0.0024665407351199108 0.011031997504956429 -0.040137543070493137 -0.0064675605356434686 0.019243560219278217 -0.0076370920879026217 -0.059874812616809769
leaf_weight=424.14664247632027 14.703342065215109 1152.692904561758 2180.0896313935518 16113.322205781937 3603.148186519742 291.6886118799448 408.11692709475756 680.65181033313274 8786.9095646291971 3595.8204871863127 8.6989524960517866 117.82920387387276 1375.6761405616999 277.7361194640398 34.836138293147087 307.28121756017208 245.48520013689995 128.77465938031673 13.519424468278883
leaf_count=1515 14 2196 10491 43771 13729 373 1607 1605 14882 6695 16 211 3682 608 160 892 471 310 56
internal_value=0.00691001 0.00484857 0.0052361 0.00468544 0.00546559 0.0101654 -0.00125759 0.0111125 0.0108058 0.0113647 -0.00539196 0.00213817 0.003599 0.00223425 -0.0246928 0.00317863 0.00500701 0.005118 -0.0132339
internal_weight=39761.1 24345.1 23457.4 22304.7 19716.5 15416 2588.21 13472.9 13181.2 12382.7 887.712 798.481 1943.15 450.046 43.5351 1928.44 1621.16 406.511 437.666
internal_count=103284 74459 71794 69598 57500 28825 12098 23766 23393 21577 2665 1816 5059 1094 176 5045 4153 918 1571
is_linear=0
shrinkage=0.03


Tree=65
num_leaves=20
num_cat=0
split_feature=8 9 10 10 9 9 4 4 4 10 9 10 10 3 6 9 6 5 10
split_gain=286.099 123.592 156.606 140.309 108.171 96.994 76.7217 67.5487 57.3493 53.2073 53.1503 84.2726 65.8497 49.3628 49.1599 39.9642 38.3239 34.5402 31.6135
threshold=8.8756126996269717 16.146666666674722 74.644362386594153 12.050932973144848 -15.486666666671224 -30.726666666661909 0.13446666666667104 6.6104666666666754 -19.355999999999991 87.499999936292667 55.546666666668905 74.644362386594153 27.347088674369513 1.2414000000000092 2.4175000000000009 29.136666666672685 7.503000000000001 15.883999999999988 98.712446345957375
decision_type=2 2 2 2 2 2 2 2 2 2 2 2 2 2 2 2 2 2 2
left_child=1 2 3 5 -5 -1 14 -8 -2 15 11 12 -10 -13 -4 16 -3 -11 -12
right_child=8 9 6 4 -6 -7 7 -9 10 17 18 13 -14 -15 -16 -17 -18 -19 -20
leaf_value=0.01704250745555904 0.024545595803210436 0.012737824049289257 0.0067856895681845022 0.013110431568893251 0.0055911688124006421 -0.0016800276801472302 -0.0042117314538031034 0.034542766128018244 0.0063060916120343501 0.0041648370923564708 0.0191162988548647 0.010303608430112668 0.011887797090089854 -0.00055902850000462835 -0.019325801068245642 0.022265205949467272 -0.0086453760570130208 0.036770602266124816 -0.0087832539472881763
leaf_weight=270.48540288209915 250.40372900664806 1349.8668476492167 1139.644748672843 1958.2787096202374 14264.075443848968 3140.0682602152228 2914.2958608418703 41.047750741243362 2497.0710528939962 935.12742035090923 727.44727344810963 581.07257403433323 7985.2828213274479 1069.4648162424564 68.80994701385498 400.47931027412415 79.898851692676544 30.183869495987892 38.486682698130608
leaf_count=521 320 2696 4304 3733 38926 13980 11262 82 5153 2682 1053 1187 13733 2438 266 629 191 39 89
internal_value=0.00670611 0.00491621 0.00421521 0.00533599 0.00649886 -0.000195174 -0.00106942 -0.00367346 0.0103259 0.0108833 0.0100499 0.00956602 0.0105581 0.00326517 0.00529889 0.0138891 0.0115429 0.00518437 0.0177144
internal_weight=39741.5 26592.3 23796.7 19632.9 16222.4 3410.55 4163.8 2955.34 13149.2 2795.56 12898.8 12132.9 10482.4 1650.54 1208.45 1830.25 1429.77 965.311 765.934
internal_count=103284 79311 73074 57160 42659 14501 15914 11344 23973 6237 23653 22511 18886 3625 4570 3516 2887 2721 1142
is_linear=0
shrinkage=0.03


Tree=66
num_leaves=20
num_cat=0
split_feature=5 9 3 4 4 10 0 4 10 6 3 9 3 3 0 7 9 4 9
split_gain=272.517 132.335 118.159 110.018 144.097 107.328 98.5725 66.3222 82.2914 57.2335 56.4603 104.757 41.6026 40.0175 35.3966 34.1223 33.3657 31.7287 36.4711
threshold=3.8256999999999937 29.136666666672685 2.309399999999989 0.5659333333333364 -1.3243666666666634 71.650787887919023 2.2185000000000006 8.019100000000007 73.026315784949944 -13.684999999999999 4.6581999999999866 18.216666666659879 -2.7019000000000175 -0.19209999999999006 1.2185000000000004 -0.011350330817810892 -6.1599999999962156 1.4791000000000114 22.946666666663081
decision_type=2 2 2 2 2 2 2 2 2 2 2 2 2 2 2 2 2 2 2
left_child=1 2 3 4 -1 -5 10 8 9 -8 12 14 16 -3 -12 -10 -2 18 -4
right_child=6 13 17 5 -6 -7 7 -9 15 -11 11 -13 -14 -15 -16 -17 -18 -19 -20
leaf_value=0.01104809951039804 -0.00081250155643143086 0.032677236512847187 -0.022505375850041739 0.012059633074137608 0.0027428150564883665 0.003557887215136943 0.0058105809324966616 0.023172066362069706 0.01940973528055763 0.013543481605286133 -0.037366111093493963 0.0061758787619729822 0.0097995446204730517 0.013128050606936665 -0.0073898127171730275 0.0029693440569029022 0.011354337765491163 0.0017741198012807095 0.0027707400721630696
leaf_weight=2099.2766857147217 761.74652494490147 103.99246454238892 228.42637145519257 3115.8058564439416 18010.89407633245 2340.1148482039571 997.80861808359623 439.04408739507198 125.04171444475651 6301.3297820091248 85.478945583105087 292.55571199953556 2047.9873947501183 1004.8919948637486 60.576956495642662 1243.9514345377684 276.48413845896721 114.74715845286846 66.286263838410378
leaf_count=5047 1806 128 756 6864 57677 7322 1874 586 187 10423 319 621 4025 1894 142 2584 572 304 153
internal_value=0.00650916 0.00481205 0.00437878 0.00463485 0.00360979 0.00841312 0.0101479 0.0117966 0.0112205 0.0124864 0.00588818 -0.00418338 0.00731955 0.0149614 -0.0249334 0.00447098 0.00242757 -0.0116094 -0.0168203
internal_weight=39716.4 27084.4 25975.6 25566.1 20110.2 5455.92 12632 9107.18 8668.13 7299.14 3524.83 438.612 3086.22 1108.88 146.056 1368.99 1038.23 409.46 294.713
internal_count=103284 80145 78123 76910 62724 14186 23139 15654 15068 12297 7485 1082 6403 2022 461 2771 2378 1213 909
is_linear=0
shrinkage=0.03


Tree=67
num_leaves=20
num_cat=0
split_feature=8 9 10 10 9 9 4 4 9 10 3 9 10 10 5 7 3 10 9
split_gain=262.411 114.903 143.237 130.066 100.882 90.2847 71.9669 63.1438 55.9341 71.1115 63.8396 101.001 54.1207 49.598 47.2502 44.3227 56.9876 50.7314 36.6462
threshold=8.8756126996269717 16.146666666674722 74.644362386594153 12.050932973144848 -15.486666666671224 -30.726666666661909 0.13446666666667104 6.6104666666666754 -50.379999999997374 20.270270269485291 0.55219999999997949 43.673333333339549 37.004007695704942 87.499999936292667 1.7285999999999826 -0.00021997348472191367 -0.70759999999998391 1.0000000180025095e-35 29.136666666672685
decision_type=2 2 2 2 2 2 2 2 2 2 2 2 2 2 2 2 2 2 2
left_child=1 2 3 5 -5 -1 14 -8 -2 15 12 -12 -11 18 -4 17 -17 -10 -3
right_child=8 13 6 4 -6 -7 7 -9 9 10 11 -13 -14 -15 -16 16 -18 -19 -20
leaf_value=0.016309108162626804 0.016570312580847884 0.011023501542846046 0.0073838859951080669 0.012512531219950379 0.0052463434823301017 -0.0017522341375322016 -0.0041700283849629705 0.033206766638132372 -0.057684658500122027 0.0077380370685146659 0.0053753480652728031 0.015163445491343096 0.014195571761700611 0.0048667777977086076 -0.009874377822926864 0.0029302660904761604 0.025012989980047501 -0.0016689376850003252 0.021307798594670378
leaf_weight=270.52932633459568 1011.7252895087004 1428.6963411569595 1047.4824465960264 1955.0490587949753 14283.245425395668 3143.1372658908367 2912.5027746036649 41.255084604024887 14.888475000858305 1672.69000223279 4086.7624060511589 1235.6641142815351 3871.9582035392523 967.04976306855679 165.30660684406757 409.91446134448051 141.47645312547684 642.40778960287571 398.89784918725491
leaf_count=521 1543 2887 4030 3733 38926 13980 11262 82 63 3072 8067 1948 6472 2721 540 1004 242 1562 629
internal_value=0.00631653 0.00460615 0.00393093 0.00500215 0.00612117 -0.000320893 -0.00112157 -0.00364799 0.00979456 0.00922688 0.00999466 0.00764777 0.0122475 0.010361 0.00503154 0.00232395 0.00859627 -0.00293775 0.0132682
internal_weight=39700.6 26613.2 23818.5 19652 16238.3 3413.67 4166.55 2953.76 13087.5 12075.8 10867.1 5322.43 5544.65 2794.64 1212.79 1208.69 551.391 657.296 1827.59
internal_count=103284 79311 73074 57160 42659 14501 15914 11344 23973 22430 19559 10015 9544 6237 4570 2871 1246 1625 3516
is_linear=0
shrinkage=0.03


Tree=68
num_leaves=20
num_cat=0
split_feature=2 5 7 4 3 7 8 4 10 10 3 4 4 9 10 10 7 4 5
split_gain=249.727 144.166 123.229 105.036 102.452 97.3132 91.5604 77.1832 121.25 68.0586 75.6723 91.5701 73.2403 61.7456 61.098 58.2944 51.0401 50.5696 43.8083
threshold=6.5000000000000009 3.8937000000000022 0.00011287643586488373 -1.3243666666666634 -1.4638000000000122 -0.00011289191841346023 13.202121085948923 0.5659333333333364 98.347107426661395 70.337687239122047 -3.0255000000000347 -19.355999999999991 8.019100000000007 -21.863333333334591 57.466918713038133 26.315789471665202 0.00021577813287265715 -0.21919999999999581 1.7285999999999826
decision_type=2 2 2 2 2 2 2 2 2 2 2 2 2 2 2 2 2 2 2
left_child=2 3 5 15 18 -1 -6 8 -7 10 11 -3 17 -12 -9 -2 -4 -11 -5
right_child=1 9 16 4 6 7 -8 14 -10 12 13 -13 -14 -15 -16 -17 -18 -19 -20
leaf_value=0.013834061056945996 0.0058115869915748132 0.025684981188491385 0.019069032369421542 -0.049466950444457369 0.0048865159025519682 0.00072861655395676096 0.01311432097525481 0.014723403472229776 -0.015125766668087128 0.016876843679793641 0.01910114449400117 0.0061358185087917348 0.020535418955462709 0.011773775449703341 0.0032642703906436438 0.017535707490975397 -0.0031610592111316676 0.0021614513294338287 -0.0036248122801413297
leaf_weight=574.96781080961227 614.13167309015989 233.15766100585461 538.25812976062298 19.154710203409195 12120.443272195756 8165.095498226583 1353.1540291011333 560.52757731080055 458.51353475451469 236.99457134306431 1319.9363862127066 2871.0703571587801 266.09470357000828 4795.129370868206 1655.7303886562586 1008.4477761387825 112.35866954922676 1857.5261357873678 914.06433536112309
leaf_count=1330 1552 293 1092 89 30736 31922 2301 1490 2250 384 1953 5449 382 8203 5610 1759 306 3869 2314
internal_value=0.00613116 0.00770456 0.00253074 0.00586201 0.00504703 0.00180691 0.00571283 0.00116897 -0.000114354 0.0102551 0.0114189 0.00760415 0.00570997 0.0133554 0.00616247 0.0130982 0.01523 0.00382649 -0.00456574
internal_weight=39674.8 27609.3 12065.5 16029.4 14406.8 11414.8 13473.6 10839.9 8623.61 11579.9 9219.29 3104.23 2360.62 6115.07 2216.26 1622.58 650.617 2094.52 933.219
internal_count=103284 59284 44000 38751 35440 42602 33037 41272 34172 20533 15898 5742 4635 10156 7100 3311 1398 4253 2403
is_linear=0
shrinkage=0.03


Tree=69
num_leaves=20
num_cat=0
split_feature=8 0 4 7 7 10 9 1 8 2 7 7 8 1 5 3 10 8 5
split_gain=238.806 111.651 87.1421 82.7715 120.766 75.9093 96.5693 62.5876 57.6041 54.1814 48.5232 49.6093 47.3111 51.5397 46.8346 45.5915 35.0193 32.6194 31.665
threshold=9.2024453875525563 0.15750000000000006 5.6565000000000039 0.00010994103313288762 1.0000000180025095e-35 74.644362386594153 5.8800000000119335 7.3275000000000015 0.044728565217168413 103.50000000000001 0.00011036571334610558 0.00011132429714733051 32.408146901555504 11.081000000000001 2.3976999999999991 2.8860999999999968 15.37143676409597 0.054772322957189583 3.4606000000000035
decision_type=2 2 2 2 2 2 2 2 2 2 2 2 2 2 2 2 2 2 2
left_child=1 3 5 4 8 6 -3 -7 -1 15 14 -12 13 16 -5 18 -11 -6 -2
right_child=9 2 -4 10 17 7 -8 -9 -10 12 11 -13 -14 -15 -16 -17 -18 -19 -20
leaf_value=-0.0071031786663100132 0.0068062091839954895 0.0049254933663762639 0.020450013221211268 0.036182621071548023 -0.0034587474709591817 0.0023001940019895346 0.010707874142113882 -0.016859609988046829 0.0019594015835218107 0.003156425544071717 -0.0076482915229979451 0.0098970860153550725 0.021312106405643714 0.0017351548462917284 -0.048819197107700392 0.0026235294910201754 0.013324988810705422 -0.023672012496052917 0.010877234812646377
leaf_weight=775.24311036616564 3349.4691628366709 13702.456983014941 338.40823583304882 79.687117733061314 100.14010852575302 4274.9197468012571 3207.9169135838747 159.15619450807571 3398.1932976394892 338.33055786788464 181.45762670040131 722.62573727965355 449.71131445467472 471.37953853607178 6.2946371287107459 1229.067134693265 3076.6335605084896 254.3701489418745 3533.6445863842964
leaf_count=4201 6898 37363 577 203 536 13510 6564 489 12769 701 752 2149 610 926 28 2497 4996 1349 6166
internal_value=0.0059512 0.00437617 0.00534577 0.000566139 -0.00115197 0.0051063 0.00602242 0.00161247 0.000275968 0.00939283 0.00842373 0.00637557 0.0121 0.011034 0.0299597 0.00794582 0.0123176 -0.0179623 0.00889619
internal_weight=39649.1 27200.9 21682.9 5518.01 4527.95 21344.4 16910.4 4434.08 4173.44 12448.2 990.065 904.083 4336.05 3886.34 85.9818 8112.18 3414.96 354.51 6883.11
internal_count=103284 80490 58503 21987 18855 57926 43927 13999 16970 22794 3132 2901 7233 6623 231 15561 5697 1885 13064
is_linear=0
shrinkage=0.03


Tree=70
num_leaves=20
num_cat=0
split_feature=5 10 10 9 9 9 9 3 1 7 7 9 4 6 9 3 4 10 4
split_gain=226.995 108.798 133.787 113.962 83.3706 120.381 81.7022 127.405 95.5367 103.136 115.024 76.6474 67.189 64.166 60.6079 54.364 52.7691 44.6505 93.7173
threshold=1.843199999999984 11.29356770556207 71.236759448585687 22.946666666663081 17.790000000000877 -20.69666666667035 10.610000000000584 0.17239999999998531 0.04500000000000004 0.00010994103313288762 0.00010730701772709851 -7.8066666666636584 1.1702666666666712 2.8095000000000008 -44.106666666659287 2.4054999999999835 -0.13519999999999679 0.74906367038872912 -0.34036666666666104
decision_type=2 2 2 2 2 2 2 2 2 2 2 2 2 2 2 2 2 2 2
left_child=6 14 4 15 5 -3 8 -8 9 10 -1 12 -10 -13 -2 -4 -5 18 -16
right_child=1 2 3 16 -6 -7 7 -9 11 -11 -12 13 -14 -15 17 -17 -18 -19 -20
leaf_value=-4.7359116632846242e-05 0.0096607820727325853 0.013438422460404612 0.0013313053099694671 0.021143682662051522 0.015193460824462232 0.0071027076220551121 0.018110091906999651 0.0040781494296355802 0.013765416966445742 0.0087337459227848826 -0.018496426377336415 0.0046648693853517387 -0.030458301664687451 -0.0091571474526041044 -0.0015124528398521061 -0.010198777397155141 0.0065953557603053809 -0.0080144272997011053 0.037167165508384059
leaf_weight=7616.6299506127834 453.56108228862286 3742.2717349678278 1427.5489090681076 247.62922492623329 2180.5357875227928 9682.0090316683054 791.54589170217514 2203.6693826764822 1072.3984052613378 1176.6329732239246 316.79730959236622 4305.0609268173575 31.837282031774521 325.10338358581066 397.12096850574017 495.87642438709736 2390.5976615995169 704.92455488443375 65.703975290060043
leaf_count=27964 810 6197 3758 367 3447 19386 1891 5916 2729 3587 1709 14468 111 1054 1229 1471 4736 2330 124
internal_value=0.00577589 0.00783044 0.00843154 0.00391214 0.00975267 0.00886891 0.00326664 0.00778637 0.00235468 0.000445231 -0.000784067 0.00538815 0.0124904 0.00369437 0.000353783 -0.00164125 0.00796089 -0.00326111 0.00397862
internal_weight=39627.5 21787.8 20166.5 4561.65 15604.8 13424.3 17839.7 2995.22 14844.5 9110.06 7933.43 5734.4 1104.24 4630.16 1621.31 1923.43 2638.23 1167.75 462.825
internal_count=103284 43855 39362 10332 29030 25583 59429 7807 51622 33260 29673 18362 2840 15522 4493 5229 5103 3683 1353
is_linear=0
shrinkage=0.03


Tree=71
num_leaves=20
num_cat=0
split_feature=2 5 7 4 3 7 4 9 8 4 10 3 4 4 9 7 10 7 4
split_gain=217.039 128.202 111.226 97.7899 97.6222 91.7233 84.65 111.207 83.325 83.2234 60.6319 72.1252 87.0496 68.314 58.6186 57.3754 54.1411 47.5001 46.203
threshold=6.5000000000000009 3.8937000000000022 0.00011287643586488373 -1.3243666666666634 -1.4638000000000122 -0.00011320099005396321 -0.46019999999999567 -7.0433333333348846 13.202121085948923 -3.0616999999999881 70.337687239122047 -3.0255000000000347 -19.355999999999991 8.019100000000007 -39.560000000004941 -0.00021997348472191367 26.315789471665202 0.00021577813287265715 0.61070000000000479
decision_type=2 2 2 2 2 2 2 2 2 2 2 2 2 2 2 2 2 2 2
left_child=2 3 5 16 -5 15 9 -8 -6 -7 11 12 -3 18 -13 -1 -2 -4 -12
right_child=1 10 17 4 8 6 7 -9 -10 -11 13 14 -14 -15 -16 -17 -18 -19 -20
leaf_value=-0.0055676153684488111 0.0053193363822066665 0.024669808625778545 0.017999956773629481 -0.004832808731138177 0.0044231091457621087 0.01275679775955723 0.010624376112391566 0.0010340000032534539 0.012296046062317214 -0.0060742716621178207 0.012383246818334678 0.022216140757308198 0.0054350921067350512 0.01961455979613665 0.011605712232074256 0.023295694167600252 0.01662444090297854 -0.0034329319083794339 0.0011679713077489499
leaf_weight=80.43411910533905 614.37759257853031 228.74687026441097 539.81687754392624 931.6683866083622 12131.065195344388 235.93932213634253 1271.1206729263067 7561.0848779827356 1343.9205243885517 2016.1644132509828 411.93059258162975 511.84620270133018 2851.0107498764992 262.73623365163803 5547.6987896412611 270.21118892729282 1004.7981214821339 112.44839280843735 1674.2624967545271
leaf_count=244 1552 293 1092 2403 30736 669 3822 29599 2301 7768 724 693 5449 382 9463 500 1759 306 3529
internal_value=0.00560639 0.00707844 0.00225558 0.0053446 0.00455896 0.00156827 0.00109038 0.00241424 0.00520831 -0.00410145 0.0094971 0.010602 0.00686374 0.00519811 0.012502 0.0166748 0.0123348 0.014305 0.00338249
internal_weight=39601.3 27514.1 12087.2 16025.8 14406.7 11435 11084.3 8832.21 13475 2252.1 11488.2 9139.3 3079.76 2348.93 6059.54 350.645 1619.18 652.265 2086.19
internal_count=103284 59284 44000 38751 35440 42602 41858 33421 33037 8437 20533 15898 5742 4635 10156 744 3311 1398 4253
is_linear=0
shrinkage=0.03


Tree=72
num_leaves=20
num_cat=0
split_feature=5 5 3 9 10 3 4 9 0 9 9 3 9 10 4 10 4 10 8
split_gain=208.7 111.086 112.427 183.716 115.166 112.839 89.0324 87.1388 72.391 59.6931 150.943 164.082 129.592 118.856 75.7256 70.4393 85.0768 66.9864 63.7152
threshold=1.2126999999999883 7.0869999999999846 -1.3682000000000076 -17.006666666660745 24.181285429307994 2.309399999999989 -1.2866666666666606 -35.95999999999912 1.6225000000000003 0.27333333333808701 -0.069999999999708948 -0.070200000000012586 -8.4333333333270257 73.600785082321693 -0.34036666666666104 47.443027252113467 -0.50086666666665958 59.498207884506122 0.044713291125690884
decision_type=2 2 2 2 2 2 2 2 2 2 2 2 2 2 2 2 2 2 2
left_child=9 2 4 -4 7 -5 -6 -2 -3 10 11 12 -1 15 -13 16 -11 -17 -15
right_child=1 8 3 5 6 -7 -8 -9 -10 13 -12 14 -14 18 -16 17 -18 -19 -20
leaf_value=0.0037611704991446612 0.00567808870586794 0.0022964792766491061 0.014678483496818566 0.0067540862808139297 0.013807955517064119 -0.00091100458272810392 0.0015191694725601413 -0.0099399805562135016 0.011716953440188405 -0.02091585268369069 -0.010610843470220623 -0.001068193570962879 -0.0081611876527115691 0.014867066188733551 0.01115891995058356 0.017571800038090765 0.0062329197610228038 0.006798244071930048 -0.00056510525011884869
leaf_weight=1642.5485710203648 463.1694560199976 849.4266768693924 2378.7848068624735 12258.065585389733 769.85947182774544 2012.2305889427662 1707.3669101297855 1051.2467598468065 5409.3439615517855 135.42750203609467 971.90469729155302 608.39357124269009 1639.5858572944999 261.36131528019905 1818.3394909873605 955.04911895096302 446.03070260584354 1138.7048615217209 3058.6499488726258
leaf_count=5119 915 1887 4315 27777 1349 4695 3796 3483 9070 490 4952 2349 7099 1069 6278 2423 1306 3184 11728
internal_value=0.00544188 0.00693738 0.00587578 0.00695989 0.00135396 0.00567324 0.00533821 -0.00516335 0.0104384 0.00226829 0.000318082 0.00217867 -0.00219463 0.00444151 0.00809352 0.00914717 -9.03042e-05 0.0117125 0.000649762
internal_weight=39575.5 26899.5 20640.7 16649.1 3991.64 14270.3 2477.23 1514.42 6258.77 12676 6680.77 5708.87 3282.13 5995.22 2426.73 2675.21 581.458 2093.75 3320.01
internal_count=103284 57287 46330 36787 9543 32472 5145 4398 10957 45997 25797 20845 12218 20200 8627 7403 1796 5607 12797
is_linear=0
shrinkage=0.03


Tree=73
num_leaves=20
num_cat=0
split_feature=8 9 10 4 10 9 4 10 9 4 2 10 9 3 8 0 5 10 3
split_gain=200.503 117.827 143.493 102.196 93.4905 120.148 79.2318 101.009 84.6192 54.1343 51.5051 42.3578 51.8733 42.1053 36.2296 37.0738 34.9116 29.2778 65.2268
threshold=10.675181462886625 -21.246666666665984 12.050932973144848 -0.41993333333332777 87.499999936292667 27.336666666662499 0.036600000000001333 4.1666666660389504 -2.9000000000014547 0.13446666666667104 112.50000000000001 17.236925488313471 -34.45999999999912 2.7449999999999908 38.599034885986541 12.985500000000002 7.996699999999989 37.004007695704942 -0.60480000000002698
decision_type=2 2 2 2 2 2 2 2 2 2 2 2 2 2 2 2 2 2 2
left_child=1 3 6 11 5 -4 8 -8 -3 -6 13 12 -1 17 15 -12 -17 18 -2
right_child=10 2 4 -5 9 -7 7 -9 -10 -11 14 -13 -14 -15 -16 16 -18 -19 -20
leaf_value=0.011692573177115435 0.0026860747053785586 -0.0026679217521949445 0.0046193460362664871 0.020121770667919946 0.006445131757082734 0.017125084088934775 0.019693010974177014 -0.010681555253857564 -0.018536794040514587 -0.0018986245109581337 0.01375836189864232 0.011909275609617402 -0.0040467952600598085 0.0021335308604955132 0.022911187445435528 -0.0025238912633950886 0.0096314197274055338 0.010232335370450396 0.015198961709461951
leaf_weight=296.11066269874573 1567.6392042785883 2048.6602265536785 19863.780017219484 707.53947448730469 908.56639980524778 716.350391253829 278.7440804168582 152.40876630693674 354.80237682908773 3046.1348356604576 1889.7671523243189 658.11223907768726 518.36426171660423 1137.2363481372595 249.4812198728323 264.54908147454262 1084.1437375545502 3316.0488327294588 492.79462580382824
leaf_count=576 3278 9204 51744 1196 3503 1186 1002 660 2251 11241 3053 1161 1482 2297 328 555 1843 5905 819
internal_value=0.00528185 0.00403916 0.00350451 0.0107513 0.00424285 0.00505464 -0.00288618 0.00895587 -0.00501051 1.82982e-05 0.00895333 0.00624902 0.00167541 0.00737797 0.0118953 0.0110467 0.00724713 0.00848727 0.00567879
internal_weight=39551.2 29549.6 27369.4 2180.13 24534.8 20580.1 2834.62 431.153 2403.46 3954.7 10001.7 1472.59 814.475 6513.72 3487.94 3238.46 1348.69 5376.48 2060.43
internal_count=103284 85206 80791 4415 67674 52930 13117 1662 11455 14744 18078 3219 2058 12299 5779 5451 2398 10002 4097
is_linear=0
shrinkage=0.03


Tree=74
num_leaves=20
num_cat=0
split_feature=5 9 10 9 10 3 0 4 10 9 3 3 9 4 10 4 5 10 2
split_gain=193.209 107.789 135.808 102.45 105.537 96.9958 86.0946 74.0711 102.626 76.5589 62.56 58.5307 71.0178 54.8861 57.5658 59.8516 52.5417 45.0662 43.5174
threshold=4.9419999999999922 -21.246666666665984 12.050932973144848 29.136666666672685 74.644362386594153 -1.2815000000000267 1.5915000000000004 0.018133333333334743 4.1666666660389504 -2.9000000000014547 1.6695999999999758 5.0987999999999891 18.216666666659879 8.019100000000007 73.026315784949944 -2.4488999999999961 2.0187999999999788 49.020673485998309 4.5000000000000009
decision_type=2 2 2 2 2 2 2 2 2 2 2 2 2 2 2 2 2 2 2
left_child=1 5 7 4 -4 16 11 9 -9 -3 -5 -2 17 14 15 -8 -1 -13 -18
right_child=6 2 3 10 -6 -7 13 8 -10 -11 -12 12 -14 -15 -16 -17 18 -19 -20
leaf_value=-0.018660019958683435 0.0052370729554463095 -0.0029141411506776586 0.0047580162962774925 0.016391767566696396 6.5229183468962985e-05 0.013651612888322178 0.006435951754949161 0.018275289833312013 -0.011451059252289827 -0.018425448075279002 0.0034352039716184922 -0.0037357061303630286 0.00069345912123591725 0.020640624583099967 0.0033318481614724666 0.012683912726824039 -0.028039198771460928 -0.046873375397219419 0.0056368644786016584
leaf_weight=98.726137518882751 1406.5524482727051 1937.5959772616625 17126.623227864504 940.00789013504982 5764.8462579846382 1821.2597677409649 2034.4902284890413 301.63827633857727 159.95157245546579 336.04762741178274 521.45305407047272 34.44273915886879 196.50223127007484 425.07142724096775 1133.4944417178631 4288.589268475771 35.909557446837425 59.361445397138596 902.41442662477493
leaf_count=324 2988 8867 44456 1618 20032 3459 3746 1099 716 2169 1074 80 454 592 2281 7069 136 243 1881
internal_value=0.00512688 0.00394063 0.00335597 0.00406787 0.00357621 0.00948141 0.00883559 -0.00298232 0.00797442 -0.00520673 0.0117688 0.00270579 -0.00955843 0.0101553 0.00955755 0.0106736 0.00215774 -0.0310342 0.00434809
internal_weight=39525 29946.5 27088.2 24352.9 22891.5 2858.31 9578.5 2735.23 461.59 2273.64 1461.46 1696.86 290.306 7881.65 7456.57 6323.08 1037.05 93.8042 938.324
internal_count=103284 85831 80031 67180 64488 5800 17453 12851 1815 11036 2692 3765 777 13688 13096 10815 2341 323 2017
is_linear=0
shrinkage=0.03


Tree=75
num_leaves=20
num_cat=0
split_feature=5 9 10 3 9 10 4 10 3 9 0 5 2 3 4 4 3 10 4
split_gain=183.284 124.119 151.636 120.814 100.791 122.971 78.3519 90.9863 72.0665 69.6152 64.1834 52.4636 51.6543 48.9103 42.6567 81.6126 53.8228 41.8596 34.8036
threshold=7.0869999999999846 -21.246666666665984 12.050932973144848 -1.2815000000000267 29.136666666672685 74.644362386594153 0.018133333333334743 4.1666666660389504 1.6695999999999758 -2.9000000000014547 1.6225000000000003 2.0187999999999788 4.5000000000000009 4.014799999999993 -19.355999999999991 -2.4488999999999961 2.8860999999999968 36.598000848112541 3.3572333333333382
decision_type=2 2 2 2 2 2 2 2 2 2 2 2 2 2 2 2 2 2 2
left_child=1 3 6 11 5 -4 9 -8 -6 -3 13 -1 -13 -2 -12 17 -17 -16 -15
right_child=10 2 4 -5 8 -7 7 -9 -10 -11 14 12 -14 18 15 16 -18 -19 -20
leaf_value=-0.018144881688269287 0.0067051484495302526 -0.0033534401787158768 0.0048142785509817498 0.014074159274428328 0.015804755267526359 -0.00011489324133508064 0.017569309402840263 -0.010122966206239309 0.0042175802709944043 -0.018172088083329315 0.022527585717002023 -0.027776131588955873 0.0054437701975738884 -0.021169871501784173 0.00067298492650724392 0.016266858449718015 0.0088915871596472375 0.011039387112680757 0.0012706793810919968
leaf_weight=98.486787289381027 597.59510236978531 1974.3898898139596 18903.740290209651 2073.4124297946692 1095.0536064654589 6001.168800458312 306.93979822844267 163.75081011652946 864.42106525599957 333.51412784308195 270.79581920802593 43.400291264057159 1434.9581614583731 115.56940987706184 958.67478966712952 1883.6297379285097 1689.1152632832527 552.685481980443 134.69810147583485
leaf_count=324 1230 9023 47821 3826 1869 20651 1105 724 1728 2176 363 163 2917 341 1935 2879 2972 921 316
internal_value=0.00497679 0.00409468 0.0034519 0.00931457 0.00414196 0.00362653 -0.00321982 0.00793531 0.0106931 -0.00549488 0.00971148 0.00305614 0.00446853 0.00204223 0.0109258 0.0103078 0.01278 0.00446385 -0.009092
internal_weight=39496 33293.2 29643 3650.26 26864.4 24904.9 2778.59 470.691 1959.47 2307.9 6202.76 1576.85 1478.36 847.863 5354.9 5084.11 3572.75 1511.36 250.268
internal_count=103284 92327 85097 7230 72069 68472 13028 1829 3597 11199 10957 3404 3080 1887 9070 8707 5851 2856 657
is_linear=0
shrinkage=0.03


Tree=76
num_leaves=20
num_cat=0
split_feature=5 10 9 9 3 3 9 3 3 9 3 1 4 10 4 10 9 5 0
split_gain=175.609 95.8263 160.322 131.532 105.118 89.3339 84.4913 145.445 72.8026 74.4199 90.6627 84.5295 75.5549 64.953 54.4463 49.9358 44.3334 43.03 39.3405
threshold=1.3947999999999816 24.181285429307994 -16.226666666676461 -30.726666666661909 -0.70759999999998391 -1.5753000000000104 35.393333333333437 2.309399999999989 0.97460000000001379 10.610000000000584 0.18880000000001507 0.04500000000000004 -3.2744333333333224 98.058252413814344 0.80643333333333966 93.528797735879962 -3.4666666666671513 0.48399999999997873 0.10150000000000002
decision_type=2 2 2 2 2 2 2 2 2 2 2 2 2 2 2 2 2 2 2
left_child=8 3 -3 5 16 -2 7 -4 9 11 17 12 -1 -13 -6 -8 -5 -11 -10
right_child=1 2 6 4 14 -7 15 -9 18 10 -12 13 -14 -15 -16 -17 -18 -19 -20
leaf_value=0.025532371424865963 0.0038953484480170357 0.013364757496349012 0.0066399809344082515 -0.0056030815690083675 0.003704273162190139 0.017929736577685693 0.013310021878384384 -0.0010292217648123839 -0.037240448463766278 0.0037696161360991128 0.003520567323310738 0.0057993048608751983 -0.00068008376721470263 -0.0082801612549759651 0.028630662831634682 0.00021602677112169584 -0.032043945417663824 0.021993067891274278 -0.0076606217882544897
leaf_weight=100.3035589531064 1259.7134381234646 3214.0596657395363 12472.702805921435 1598.588334903121 854.88432691991329 603.88150969147682 1925.0401909053326 2708.9268160164356 48.068429693579674 155.72322887182236 1326.7871847003698 4285.5085318461061 7426.2626530826092 316.68833501636982 86.881616771221161 303.44508565962315 59.184814557433128 464.33605127036572 255.85987198352814
leaf_count=253 2512 5292 26508 4921 2206 973 3133 6171 221 554 3710 13899 28582 1434 143 670 280 999 823
internal_value=0.00483114 0.00634618 0.0072087 0.00236048 -0.0020001 0.00844307 0.00607223 0.00527153 0.00218792 0.0025016 0.0079463 0.00162764 -0.000330761 0.00483046 0.00600383 0.0115271 -0.00654706 0.0174164 -0.0123389
internal_weight=39466.8 25087.3 20624.2 4463.13 2599.54 1863.59 17410.1 15181.6 14379.5 14075.6 1946.85 12128.8 7526.57 4602.2 941.766 2228.49 1657.77 620.059 303.928
internal_count=103284 52809 41774 11035 7550 3485 36482 32679 50475 49431 5263 44168 28835 15333 2349 3803 5201 1553 1044
is_linear=0
shrinkage=0.03


Tree=77
num_leaves=20
num_cat=0
split_feature=5 9 10 3 3 9 4 10 9 0 5 2 3 4 4 3 10 9 0
split_gain=170.795 112.859 137.546 112.253 98.6173 90.619 72.5856 85.3124 66.4654 60.1086 49.3806 48.4135 45.6554 40.9985 77.4361 50.4125 39.0697 33.4535 45.8358
threshold=7.0869999999999846 -21.246666666665984 12.050932973144848 -1.2815000000000267 -5.2630000000000079 29.136666666672685 0.018133333333334743 4.1666666660389504 -2.9000000000014547 1.6225000000000003 2.0187999999999788 4.5000000000000009 4.014799999999993 -19.355999999999991 -2.4488999999999961 2.8860999999999968 36.598000848112541 18.216666666659879 1.3025000000000002
decision_type=2 2 2 2 2 2 2 2 2 2 2 2 2 2 2 2 2 2 2
left_child=1 3 6 10 -4 -6 8 -8 -3 12 -1 -12 -2 -11 16 -16 -15 -14 -19
right_child=9 2 4 -5 5 -7 7 -9 -10 13 11 -13 17 14 15 -17 -18 18 -20
leaf_value=-0.017814598285174427 0.0063630370674957158 -0.0032490378729477386 -0.056476590559000034 0.013423808184440219 0.0034505438396355008 0.010163605844292614 0.016822707723793965 -0.0099787154604495474 -0.017805621710626249 0.021905578910614558 -0.027171826272743393 0.0051014853461692012 -0.023794741288596256 0.00048819052398482997 0.015662167696332836 0.0085000488161386632 0.010529908450504737 0.0038331746708614597 -0.055428866068567423
leaf_weight=98.185696840286255 596.30731664597988 1970.8825484290719 24.338598102331161 2065.6340719610453 24887.331730924547 1951.6794310510159 309.65288584679365 163.2399485334754 329.5029653608799 267.34398932754993 43.09323850274086 1430.812979310751 88.029215529561043 956.48654899001122 1867.3198663294315 1680.5175142288208 548.7862713932991 149.45834064483643 12.748003974556921
leaf_count=324 1230 9023 98 3826 68374 3597 1105 724 2176 363 163 2917 280 1935 2879 2972 921 329 48
internal_value=0.00468931 0.00383941 0.0032273 0.00882636 0.00388397 0.0039387 -0.00313355 0.00757101 -0.0053341 0.00927497 0.00278559 0.0041579 0.00184986 0.0104564 0.00985064 0.0122697 0.00414916 -0.00890497 -0.000824305
internal_weight=39441.4 33274.4 29636.6 3637.73 26863.3 26839 2773.28 472.893 2300.39 6167 1572.09 1473.91 846.543 5320.45 5053.11 3547.84 1505.27 250.236 162.206
internal_count=103284 92327 85097 7230 72069 71971 13028 1829 11199 10957 3404 3080 1887 9070 8707 5851 2856 657 377
is_linear=0
shrinkage=0.03


Tree=78
num_leaves=20
num_cat=0
split_feature=5 4 4 3 10 9 10 0 2 3 10 4 6 4 10 4 3 9 10
split_gain=163.233 93.0718 105.233 116.402 105.831 108.544 79.6559 73.4703 73.0379 69.3563 62.045 51.9784 57.4853 66.6306 58.6301 46.0351 45.045 70.2954 47.3893
threshold=4.9419999999999922 -1.5773999999999961 0.5659333333333364 2.309399999999989 98.347107426661395 0.48666666667122632 75.130412420389106 1.6785000000000003 4.5000000000000009 0.97460000000001379 99.090909078245218 8.019100000000007 -17.917499999999997 -19.355999999999991 73.026315784949944 -2.4488999999999961 5.0987999999999891 18.216666666659879 49.020673485998309
decision_type=2 2 2 2 2 2 2 2 2 2 2 2 2 2 2 2 2 2 2
left_child=1 8 4 6 5 -3 -4 16 9 15 -6 12 13 -9 -14 -1 -2 18 -18
right_child=7 2 3 -5 10 -7 -8 11 -10 -11 -12 -13 14 -15 -16 -17 17 -19 -20
leaf_value=0.00058286672613118765 0.0046462528131066393 0.00053780341104088655 0.010049718984635067 -0.0040427719693778841 -0.017939621975237654 0.0051386725395637578 0.0033240229527618744 0.026717785073228445 0.011341287074598775 0.040177531443509912 -0.0014925711163453501 0.019572522645278975 0.010824904080889017 -0.0017836541788847026 0.0029429785726381909 -0.02954832784306987 -0.0023751007366085769 0.0018319312540277541 -0.045684177299223978
leaf_weight=96.076481655240059 1473.9975119531155 11862.256119787693 4028.2298621311784 909.03518112003803 360.74601043015718 7553.7323831096292 2612.8082751706243 82.181466773152351 1919.320610947907 24.337220788002014 482.57528588920832 415.36275079846382 5476.1418956518173 725.68343138694763 1005.3003457486629 86.921924397349358 36.711838096380234 206.03766085207462 59.74161571264267
leaf_count=339 3131 38354 8584 2316 1674 20466 7796 101 4018 39 1847 590 9300 1506 2026 398 84 468 247
internal_value=0.0045515 0.00346503 0.00300245 0.00602545 0.00187587 0.00232776 0.0074036 0.00798192 0.00951399 -0.00740147 -0.0085281 0.00925002 0.00866181 0.0011157 0.00960238 -0.0137291 0.00248218 -0.00806303 -0.0292
internal_weight=39417.2 29936 27809.4 7550.07 20259.3 19416 6641.04 9481.16 2126.66 207.336 843.321 7704.67 7289.31 807.865 6481.44 182.998 1776.49 302.491 96.4535
internal_count=103284 85831 81037 18696 62341 58820 16380 17453 4794 776 3521 13523 12933 1607 11326 737 3930 799 331
is_linear=0
shrinkage=0.03


Tree=79
num_leaves=20
num_cat=0
split_feature=5 9 3 3 5 2 10 6 5 10 9 9 6 2 5 3 4 9 9
split_gain=155.523 94.3256 119.168 88.9322 123.83 69.1592 55.9271 47.9358 58.8531 46.683 51.1719 37.8055 28.6612 35.5589 26.8257 24.7229 24.4061 40.739 30.6684
threshold=3.8256999999999937 33.936666666668323 2.309399999999989 -1.5173000000000123 2.1830000000000092 12.500000000000002 26.315789471665202 -15.519499999999997 33.222199999999994 70.337687239122047 31.269999999989526 75.973333333335191 5.6895000000000016 4.5000000000000009 10.771099999999999 0.69220000000001747 1.4791000000000114 22.380000000011936 22.946666666663081
decision_type=2 2 2 2 2 2 2 2 2 2 2 2 2 2 2 2 2 2 2
left_child=1 2 3 6 -5 12 -1 8 14 10 -9 -11 -2 -14 -7 -3 18 -18 -4
right_child=5 15 16 4 -6 7 -8 9 -10 11 -12 -13 13 -15 -16 -17 17 -19 -20
leaf_value=-0.010000253828809938 0.003677245655763408 0.021697250982870595 -0.022830836700069509 0.002508089370018781 0.0078695805370625517 -0.0061998444557946853 0.0013791614651026435 0.0093469234275501793 0.018306547020993654 0.0032704359871807967 0.018851189617820018 0.017758367353794317 -0.037996694413085619 -0.0029709115597929296 0.0040505134076057533 0.0099035858194260733 0.007895656706438936 -0.033200623286667751 -0.0024489256985457519
leaf_weight=713.65995141863823 1886.5828593373299 242.9245522916317 227.58717967569828 19580.842681899667 4834.1906835585833 425.39551663398743 853.68706294894218 6616.7310284078121 175.04941207170486 1641.6834688186646 552.40803501009941 179.85998423397541 29.161177605390549 247.40565711259842 499.70008750259876 468.47591239213943 97.334476381540298 27.941434383392334 93.837032482028008
leaf_count=2372 4411 375 756 63271 9971 959 1970 11536 254 3280 789 263 115 594 938 869 243 94 224
internal_value=0.00441757 0.003151 0.00286083 0.00312497 0.00356967 0.00722282 -0.00380223 0.00826631 0.00235533 0.0089896 0.0100793 0.00470098 0.00235508 -0.00666403 -0.000663006 0.0139308 -0.0125027 -0.00127042 -0.0168805
internal_weight=39394.5 27140.5 26429.1 25982.4 24415 12254 1567.35 10090.8 1100.15 8990.68 7169.14 1821.54 2163.15 276.567 925.096 711.4 446.7 125.276 321.424
internal_count=103284 80145 78901 77584 73242 23139 4342 18019 2151 15868 12325 3543 5120 709 1897 1244 1317 337 980
is_linear=0
shrinkage=0.03


Tree=80
num_leaves=20
num_cat=0
split_feature=5 9 10 3 3 9 4 9 4 4 3 4 3 10 5 9 2 9 4
split_gain=149.62 105.958 123.82 105.263 92.5271 82.1356 68.279 85.5123 53.0599 70.3436 72.1024 95.2214 52.5829 49.5189 46.1292 45.6416 42.4166 28.8518 30.2646
threshold=7.0869999999999846 -21.246666666665984 12.050932973144848 -1.2815000000000267 -5.2630000000000079 35.393333333333437 -0.2348666666666652 -4.343333333337795 -19.355999999999991 -2.4488999999999961 2.8860999999999968 6.6104666666666754 -0.07600000000000677 35.796559956093262 1.891999999999977 -44.106666666659287 4.5000000000000009 -34.45999999999912 -3.8152333333333277
decision_type=2 2 2 2 2 2 2 2 2 2 2 2 2 2 2 2 2 2 2
left_child=1 3 6 14 -4 -6 7 -3 -2 13 -11 -12 -8 15 -1 -10 -16 -5 -19
right_child=8 2 4 17 5 -7 12 -9 9 10 11 -13 -14 -15 16 -17 -18 18 -20
leaf_value=-0.02172708070042953 0.021606871421941769 -0.0038912005079956031 -0.054941504386667735 0.018218016698432159 0.0032192306524554191 0.011243576204683418 -0.004664302791687485 -0.021914896196872501 0.0068617203709728444 0.01396297541093275 0.0021048141469729711 0.017328892772723984 0.0083192803030212627 0.0095198048779670981 -0.024622843227929483 -0.0057018993728723188 0.0044751473429536425 -0.017132308579054518 0.011154979546411316
leaf_weight=67.8011334836483 269.88082805275917 1348.6689351722598 24.338615477085114 618.21150371432304 25638.744309648871 1201.848722577095 507.564513258636 287.3941787108779 421.20850619673729 2138.0649821609259 1451.3145663589239 496.16572284698486 628.19076491892338 653.95781469345093 46.531854197382927 680.9734288752079 1452.0989575833082 34.885730221867561 1404.8515482544899
leaf_count=239 372 5966 98 963 69860 2111 2484 1873 756 3447 2912 764 2705 1128 174 1578 2991 100 2763
internal_value=0.00428753 0.0034948 0.00290266 0.00833673 0.00352552 0.00357854 -0.00313422 -0.00705728 0.00860184 0.00800102 0.0101594 0.0059835 0.00251697 0.00297979 0.00247664 -0.000900602 0.00357167 0.0127972 0.0104696
internal_weight=39372.7 33261.1 29636.8 3624.38 26864.9 26840.6 2771.82 1636.06 6111.57 5841.69 4085.55 1947.48 1135.76 1756.14 1566.43 1102.18 1498.63 2057.95 1439.74
internal_count=103284 92327 85097 7230 72069 71971 13028 7839 10957 10585 7123 3676 5189 3462 3404 2334 3165 3826 2863
is_linear=0
shrinkage=0.03


Tree=81
num_leaves=20
num_cat=0
split_feature=5 0 4 10 3 9 1 5 3 9 9 10 8 4 8 3 9 10 9
split_gain=144.085 83.784 79.3752 78.5082 116.179 115.386 56.9072 51.1765 60.141 122.152 109.204 93.1714 92.1426 73.6573 58.8611 47.1778 73.2505 47.8649 44.7397
threshold=1.2126999999999883 0.066500000000000017 -19.355999999999991 27.347088674369513 -1.1618000000000117 -16.226666666676461 -0.026500000000000013 0.15219999999998973 -0.028999999999986117 1.9466666666630774 -8.4333333333270257 73.600785082321693 0.044713291125690884 -0.50086666666665958 2.7386129041815068 0.014200000000015837 0.1699999999982538 95.774647868588929 10.34666666667181
decision_type=2 2 2 2 2 2 2 2 2 2 2 2 2 2 2 2 2 2 2
left_child=7 6 -3 4 -4 -5 -2 14 9 10 -9 13 -13 -10 15 16 -1 -17 -11
right_child=1 2 3 5 -6 -7 -8 8 11 18 -12 12 -14 -15 -16 17 -18 -19 -20
leaf_value=-0.0086697861969665616 -0.026836250073893488 0.021461527121797296 -0.0017144674511580848 0.012193572236361781 0.0072525033609087755 0.0054921335479164038 -0.0014687663729169959 0.003086726578300131 -0.0027427024144463332 0.00529686910124238 -0.0068296427709753377 0.020606174500472085 -0.0023627358671815262 0.0082216895458054849 0.05230885933517191 -0.0086684638853417092 0.015666605656920615 -0.034914663019549472 0.019865020865717949
leaf_weight=356.25631341338158 91.150609046220779 284.34241817891598 2933.9158229827881 2660.4804681837559 2335.6477689146996 17673.621415421367 627.49329851567745 1709.8705246001482 649.45742375403643 782.75471287965775 2405.726592451334 168.88125455379486 2270.4357628151774 3653.2940678447485 15.525670021772383 231.6059056520462 161.89572899788618 85.666042648255825 250.42426174879074
leaf_count=2193 369 400 7447 4447 5383 37258 1983 5306 2161 2640 10254 624 8455 11086 30 1350 749 562 587
internal_value=0.00416155 0.00541784 0.00569832 0.00552327 0.00226 0.00636894 -0.0046863 0.00153826 0.00204687 -0.000394563 -0.00270978 0.00391134 -0.000772529 0.00656672 -0.00556889 -0.0066445 -0.00106592 -0.0157552 0.00882793
internal_weight=39348.4 26606.7 25888 25603.7 5269.56 20334.1 718.644 12741.8 11890.8 5148.78 4115.6 6742.07 2439.32 4302.75 850.95 835.424 518.152 317.272 1033.18
internal_count=103284 57287 54935 54535 12830 41705 2352 45997 41113 18787 15560 22326 9079 13247 4884 4854 2942 1912 3227
is_linear=0
shrinkage=0.03


Tree=82
num_leaves=20
num_cat=0
split_feature=5 9 10 3 3 10 4 9 0 10 10 5 4 3 8 4 4 3 4
split_gain=138.976 98.5012 113.288 99.3388 87.0463 78.5685 63.6654 81.4688 51.9843 50.8991 44.2787 43.1879 42.2718 40.808 37.1594 36.2705 67.2049 45.7207 62.6333
threshold=7.0869999999999846 -21.246666666665984 12.050932973144848 -1.8337999999999861 -5.2630000000000079 85.511528160085419 -0.2348666666666652 -4.343333333337795 1.6225000000000003 4.1666666660389504 11.29356770556207 3.5700999999999774 -0.51459999999999384 4.014799999999993 5.9341385793756141 -2.4488999999999961 -19.355999999999991 2.8860999999999968 6.6104666666666754
decision_type=2 2 2 2 2 2 2 2 2 2 2 2 2 2 2 2 2 2 2
left_child=1 3 6 10 -4 -6 7 -3 13 -8 -1 14 -12 -2 -5 16 -10 -17 -19
right_child=8 2 4 11 5 -7 9 -9 15 -11 12 -13 -14 -15 -16 17 -18 18 -20
leaf_value=-0.0083778737177294671 0.0055785685705011662 -0.0038018335003532611 -0.053447143708908712 0.015870167049876278 0.004099931560504479 -0.00017344273254257678 0.0065291622638740778 -0.021512998676691132 0.019974826527116938 -0.0073142337121473097 0.007953685882967302 0.017660904064505229 -0.010178959855946905 -0.0088780063349636774 0.0062236790054211533 0.014356960802910492 0.0033526605465335991 0.0039649737994352976 0.017152064390172424
leaf_weight=348.99863500893116 593.05483850836754 1346.2084992229939 24.304641559720039 492.85508066415787 22148.972662031651 4692.4651705175638 795.96223793923855 282.85606119036674 256.60074055194855 341.63638507574797 614.36564035713673 687.63148321211338 142.55993439257145 249.73674547672272 1327.2190623283386 1831.3050084263086 1490.419505417347 1215.9949626475573 441.97101022303104
leaf_count=976 1230 5966 98 1001 55445 16526 3491 1873 363 1698 1127 1040 329 657 2757 2879 2856 2311 661
internal_value=0.00403906 0.00327645 0.00270621 0.00795255 0.00330147 0.00335285 -0.00307409 -0.00687704 0.00820975 0.0023718 0.000462503 0.0112557 0.00453857 0.00129478 0.00883584 0.00932273 0.00579411 0.0110894 0.00748031
internal_weight=39325.1 33246 29632.4 3613.63 26865.7 26841.4 2766.66 1629.06 6079.08 1137.6 1105.92 2507.71 756.926 842.792 1820.07 5236.29 1747.02 3489.27 1657.97
internal_count=103284 92327 85097 7230 72069 71971 13028 7839 10957 5189 2432 4798 1456 1887 3758 9070 3219 5851 2972
is_linear=0
shrinkage=0.03


Tree=83
num_leaves=20
num_cat=0
split_feature=8 9 3 10 4 4 10 8 5 9 10 3 4 5 5 3 4 10 3
split_gain=132.666 81.9412 110.283 103.986 110.698 58.6726 54.4208 45.6021 44.9579 42.8866 51.7448 71.4638 41.2436 67.8522 39.6243 59.1651 35.9138 34.6272 29.4558
threshold=10.675181462886625 16.146666666674722 4.6581999999999866 74.644362386594153 0.53746666666667242 0.13446666666667104 82.341149094439217 0.089442757175528104 7.996699999999989 -54.966666666667145 30.716930613884269 -0.60480000000002698 0.20900000000000393 1.5251999999999948 15.883999999999988 1.3189999999999915 -5.5278999999999936 34.490676655703801 -1.5173000000000123
decision_type=2 2 2 2 2 2 2 2 2 2 2 2 2 2 2 2 2 2 2
left_child=1 2 3 4 -1 -5 7 -3 17 18 11 16 -12 -14 15 -8 -11 -4 -2
right_child=9 6 8 5 -6 -7 14 -9 -10 10 12 -13 13 -15 -16 -17 -18 -19 -20
leaf_value=0.0023480895322137447 0.01090546371262288 0.038421067964299456 0.017042561635701444 0.0036825509625073262 0.007934442700273556 -0.0041059613335413378 0.0068122549808273397 0.0097842280095051439 -0.010034355754325748 -0.015718199019265001 0.010062548951655396 0.013342537737345497 -0.012616615901309223 0.0063351578466693684 0.027155216838129981 -0.0052390662464980742 0.00026196579459616422 -0.047974196004821619 0.025892834896640588
leaf_weight=17650.298563703895 579.06840763986111 51.393669784069061 8.4819685071706754 1234.6640120968223 3897.4020255431533 2951.3433039933443 950.94926007091999 1909.798504665494 166.93591506779194 140.81853301823139 3191.0826793313026 378.77953630685806 177.77486531436443 3898.9557262808084 59.295610696077347 596.69515646994114 1251.1875897496939 56.358442768454552 148.23375780880451
leaf_count=52178 965 83 14 4588 8646 11249 2516 3571 415 346 5511 640 460 7215 83 1634 2757 229 184
internal_value=0.00392052 0.00291821 0.00233242 0.00251797 0.00335851 -0.00180874 0.00718098 0.0105347 -0.0182689 0.00695168 0.00638774 0.00178917 0.00750817 0.00550872 0.00308796 0.00216586 -0.00135462 -0.0394692 0.0139601
internal_weight=39299.5 29533.6 25965.5 25733.7 21547.7 4186.01 3568.13 1961.19 231.776 9765.9 9038.6 1770.79 7267.81 4076.73 1606.94 1547.64 1392.01 64.8404 727.302
internal_count=103284 85206 77319 76661 60824 15837 7887 3654 658 18078 16929 3743 13186 7675 4233 4150 3103 243 1149
is_linear=0
shrinkage=0.03


Tree=84
num_leaves=20
num_cat=0
split_feature=9 9 3 3 10 10 3 10 10 5 3 9 9 4 4 1 9 5 8
split_gain=130.296 163.118 108.382 101.57 90.7316 147.416 111.777 76.6663 70.0482 65.5001 52.8876 64.9151 51.009 44.8676 44.3987 40.1702 36.7781 35.5638 35.373
threshold=-21.246666666665984 17.790000000000877 4.6581999999999866 -0.60480000000002698 32.029567505236429 74.644362386594153 -0.84760000000003244 24.181285429307994 69.440126792845646 7.996699999999989 1.614199999999985 43.673333333339549 -41.560000000004941 -5.5278999999999936 11.089433333333343 -2.2254999999999994 46.903333333335475 33.222199999999994 18.371935117504258
decision_type=2 2 2 2 2 2 2 2 2 2 2 2 2 2 2 2 2 2 2
left_child=3 2 4 7 6 -6 -2 12 16 -4 14 -12 18 -14 -10 -11 -3 -9 -1
right_child=1 8 9 -5 5 -7 -8 17 10 15 11 -13 13 -15 -16 -17 -18 -19 -20
leaf_value=0.012491714353722067 -0.0074669369689993204 0.010450987331179518 -0.035821219288478499 0.014635097435423523 0.0046605720105768831 -0.001492703799444362 0.0015436773171417268 0.0092512170236778522 0.0088005500024499299 0.014849147740449879 -0.0018407174627233581 0.0086109555461257436 -0.021769930410232112 -0.00022263372341695912 -0.054096888395532165 -0.012257991227098992 0.023072985211558244 0.026022188453395528 0.00100219742057603
leaf_weight=533.01620869338512 1671.9375342875719 1864.9225161224604 90.932129770517349 1535.0888285338879 15775.76539812237 4504.6404845938087 4785.4190499335527 1527.0583602637053 2221.3302305191755 61.490989118814468 1444.9979485720396 849.10796132683754 93.391265451908112 1265.7494565546513 10.146726563572882 246.1855600476265 233.81543868780136 122.96125303208828 440.43914832174778
leaf_count=902 5398 3215 323 2663 38910 16732 17428 2650 4750 96 3372 1494 264 3109 40 615 309 152 862
internal_value=0.00380504 0.00310651 0.00207621 0.00807905 0.00230771 0.00329382 -0.000789349 0.00555204 0.00732708 -0.0134517 0.00522625 0.00202772 0.00205127 -0.00170322 0.00851455 -0.00684047 0.0118572 0.010501 0.00729329
internal_weight=39278.4 33760.7 27136.4 5517.7 26737.8 20280.4 6457.36 3982.62 6624.32 398.609 4525.58 2294.11 2332.6 1359.14 2231.48 307.677 2098.74 1650.02 973.455
internal_count=103284 92682 79502 10602 78468 55642 22826 7939 13180 1034 9656 4866 5137 3373 4790 711 3524 2802 1764
is_linear=0
shrinkage=0.03


Tree=85
num_leaves=20
num_cat=0
split_feature=5 9 10 3 9 1 9 3 0 10 0 3 8 4 4 4 3 4 10
split_gain=127.282 90.6953 102.254 95.7732 115.028 77.3253 81.3652 66.9931 47.1279 39.7323 40.7085 37.2775 36.7493 35.7081 34.2161 63.2804 42.6058 58.891 32.2703
threshold=7.0869999999999846 -34.45999999999912 17.236925488313471 0.056800000000013631 -2.9000000000014547 3.4365000000000006 24.280000000006115 -2.1362000000000152 1.6225000000000003 11.29356770556207 1.1205000000000003 4.014799999999993 19.98127875472726 0.27426666666667143 -2.4488999999999961 -19.355999999999991 2.8860999999999968 6.6104666666666754 37.900521153351328
decision_type=2 2 2 2 2 2 2 2 2 2 2 2 2 2 2 2 2 2 2
left_child=1 7 3 4 -3 6 -4 9 11 10 -1 -2 -7 -5 15 -10 -16 -18 -17
right_child=8 2 5 13 -6 12 -8 -9 14 -11 -12 -13 -14 -15 16 18 17 -19 -20
leaf_value=-0.050293429009130475 0.0052143168366297213 -0.0021895164412374236 0.0032242142217307917 0.0040727054974146245 -0.020630299189596177 -0.0035732891585840325 0.0091598419628777673 0.015351806936571011 0.019226496343865578 0.0076251025985285123 -0.0051196409115680762 -0.0086174430040152124 0.012483482902603716 0.019463282549636234 0.013668818313113004 -0.00020562601494685984 0.0035928733854167414 0.01645056561602842 0.0091401176074899174
leaf_weight=20.74050335586071 591.29864570498466 2996.7563549876213 23354.220720924437 791.63786670565605 338.85157818347216 1815.8060594797134 2281.5428193509579 893.67395430803299 252.09576384723186 292.32777674496174 133.62123341858387 249.29491028189659 138.03673374652863 163.73684980720282 1811.3666058927774 979.11155918240547 1209.6984648406506 436.2072122246027 503.52258208394051
leaf_count=81 1230 11706 63757 2819 2310 4297 4418 1470 363 521 308 657 223 417 2879 1994 2311 661 862
internal_value=0.00369334 0.00296538 0.00264397 -0.00166421 -0.00406284 0.00331401 0.00375248 0.0106101 0.00770218 0.00112343 -0.0111893 0.00111223 -0.0024389 0.00671042 0.00876911 0.005331 0.0104942 0.00700049 0.00296831
internal_weight=39253.5 33221 31880.6 4290.98 3335.61 27589.6 25635.8 1340.36 6032.6 446.69 154.362 840.594 1953.84 955.375 5192 1734.73 3457.27 1645.91 1482.63
internal_count=103284 92327 89947 17252 14016 72695 68175 2380 10957 910 389 1887 4520 3236 9070 3219 5851 2972 2856
is_linear=0
shrinkage=0.03


Tree=86
num_leaves=20
num_cat=0
split_feature=0 9 10 3 4 9 3 7 4 10 5 7 7 7 8 8 2 2 4
split_gain=121.498 90.2301 100.683 114.592 109.491 88.257 86.414 76.3444 75.5723 62.4122 61.0669 48.9273 82.8325 73.7387 49.9188 107.607 44.537 39.675 49.8015
threshold=0.15750000000000006 -21.246666666665984 32.029567505236429 -0.82360000000001976 -1.3243666666666634 -8.4333333333270257 -0.60480000000002698 0.00011132429714733051 5.6565000000000039 24.181285429307994 17.081199999999999 1.0000000180025095e-35 0.00010989204205502646 0.00011062118218108098 0.044728565217168413 0.044721269360503607 1.5000000000000002 1.5000000000000002 -0.20279999999999618
decision_type=2 2 2 2 2 2 2 2 2 2 2 2 2 2 2 2 2 2 2
left_child=7 6 3 10 -4 -5 9 11 -6 -2 -3 14 -13 -14 15 -1 -16 18 -9
right_child=1 2 4 5 8 -7 -8 17 -10 -11 -12 12 13 -15 16 -17 -18 -19 -20
leaf_value=0.00046204553233193717 0.0023048855276755222 -0.0085961528893168174 0.010528501002331509 0.0073021136499207247 0.003372024198079799 -0.0022220576813007497 0.014174321848895487 -0.02289741086003259 0.012556058507362784 0.010050955810000201 0.022019125579135945 -0.019476309252164592 0.017622304790691049 -0.011341189234765599 0.011232595314509597 -0.023140486129973731 -0.00015362230406570709 0.0060223243099402747 0.039399125504118573
leaf_weight=517.2927625477314 2235.5359038114548 1399.9931078478694 2392.9614354968071 1806.7106154561043 19702.506210751832 1699.2364501282573 1435.4116747975349 14.036899603903292 840.78803426027298 1610.6289495676756 61.200301975011826 344.480672262609 144.19056899100542 175.27802513539791 339.68672037124634 261.84590718895197 3442.0788830965757 741.9293472096324 65.170970775187016
leaf_count=2611 4853 4460 4352 4961 48212 6553 2463 54 1452 2746 92 1839 426 727 1201 1590 12417 2139 136
internal_value=0.00358468 0.0042973 0.00361672 -0.000255675 0.00445533 0.00268601 0.00789291 -0.000326686 0.0037479 0.00554865 -0.00731387 -0.00166312 -0.00927195 0.00173134 -0.00055547 -0.00747008 0.000869113 0.00817696 0.0283592
internal_weight=39231 33185 27903.4 4967.14 22936.3 3505.95 5281.58 6045.99 20543.3 3846.16 1461.19 5224.85 663.949 319.469 4560.9 779.139 3781.77 821.137 79.2079
internal_count=103284 80144 70082 16066 54016 11514 10062 23140 49664 7599 4552 20811 2992 1153 17819 4201 13618 2329 190
is_linear=0
shrinkage=0.03


Tree=87
num_leaves=20
num_cat=0
split_feature=9 9 3 10 10 3 3 10 5 3 4 10 4 1 9 7 9 2 3
split_gain=116.611 131.069 108.272 96.3097 134.59 88.3326 69.278 66.135 63.025 49.9192 60.5189 46.9686 42.0762 40.4758 35.2469 33.0399 27.3907 33.6026 30.3233
threshold=-30.726666666661909 17.790000000000877 4.6581999999999866 17.748979081042865 74.644362386594153 0.056800000000013631 -0.77540000000002696 69.440126792845646 7.996699999999989 1.614199999999985 8.019100000000007 11.29356770556207 11.089433333333343 -2.2254999999999994 46.903333333335475 0.0016914263299860901 -46.969999999986605 63.500000000000007 -2.3488000000000029
decision_type=2 2 2 2 2 2 2 2 2 2 2 2 2 2 2 2 2 2 2
left_child=6 2 3 5 -5 -2 11 14 -4 12 -11 16 -9 -10 15 -3 18 -18 -1
right_child=1 7 8 4 -6 -7 -8 9 13 10 -12 -13 -14 -15 -16 -17 17 -19 -20
leaf_value=0.00066958738246388383 -0.0040151103832325261 0.014393347749748207 -0.035115361807427969 0.0041358286560125423 -0.0015986875187181092 0.0061718927516268268 0.016759083025087222 0.0082510986530927258 0.013883325964224525 6.889661272021613e-05 0.016621421787478944 0.009277213481124676 -0.052945229948948583 -0.012331899004435825 0.022337775466843426 0.0063195472944085592 0.0006485727659174854 -0.018666570830067172 0.019984610494195539
leaf_weight=265.74170246720314 3416.5823624432087 813.84880559146404 91.302552908658981 20116.983363039792 4509.1586406379938 987.49211771041155 780.24578592181206 2218.4137610793114 66.953095987439156 2065.4682032167912 219.96573244035244 1648.7500031739473 10.158100962638853 254.47147315740585 229.26209916174412 1037.9446971714497 251.63966558873653 119.58502505719662 100.93822698295116
leaf_count=529 14280 1330 325 48996 16732 3323 1220 4750 106 4527 339 2858 40 636 309 1885 609 338 152
internal_value=0.00347945 0.00299443 0.00213816 0.00235508 0.00308581 -0.00173096 0.00899874 0.00681715 -0.0131193 0.00477735 0.00166202 0.00646173 0.00797216 -0.00687124 0.0112417 0.00986792 0.000170907 -0.00557354 0.00598655
internal_weight=39204.9 36038 29442.9 29030.2 24626.1 4404.07 3166.9 6595.06 412.727 4514.01 2285.43 2386.65 2228.57 321.425 2081.06 1851.79 737.905 371.225 366.68
internal_count=103284 97578 84398 83331 65728 17603 5706 13180 1067 9656 4866 4486 4790 742 3524 3215 1628 947 681
is_linear=0
shrinkage=0.03


Tree=88
num_leaves=20
num_cat=0
split_feature=5 4 4 3 10 9 2 3 10 10 0 6 5 4 9 1 9 2 3
split_gain=114.195 83.7489 87.426 103.699 91.8 92.9476 64.4682 63.8049 63.1653 57.1825 55.6695 46.1653 52.5758 42.8391 38.6664 37.6197 36.7153 36.1263 35.7975
threshold=4.9419999999999922 -1.5773999999999961 0.5659333333333364 2.309399999999989 98.347107426661395 0.48666666667122632 4.5000000000000009 0.97460000000001379 75.130412420389106 99.090909078245218 1.6785000000000003 -17.917499999999997 33.222199999999994 -2.4488999999999961 35.393333333333437 11.081000000000001 75.973333333335191 80.500000000000014 5.591400000000001
decision_type=2 2 2 2 2 2 2 2 2 2 2 2 2 2 2 2 2 2 2
left_child=1 6 4 8 5 -3 7 13 -4 -6 18 12 -12 -1 -5 17 -17 -13 -2
right_child=10 2 3 14 9 -7 -8 -9 -10 -11 11 15 -14 -15 -16 16 -18 -19 -20
leaf_value=-3.716536967689689e-05 0.0032074834009251075 -0.00022473140162487077 0.0084608463343306059 -0.007746639319847118 -0.017753252173310474 0.0040318003733055482 0.0099645061584127496 0.0377990295161005 0.0024717143427063974 -0.0019542087528752815 -0.0026444685210924813 0.0067559451687797482 0.016370770976412156 -0.029184164809473796 0.0080077951885421314 -0.00033308790294543801 0.020871666142851873 0.011457085234300595 -0.0091407917758775919
leaf_weight=96.165167711675167 1514.8640237152576 11855.111903011799 4014.3638373017311 731.79024961590767 358.89462516456842 7562.3162212669849 1903.818288654089 24.473898127675056 2618.7529651895165 484.53808009624481 703.78251840174198 2987.0702051818371 160.75743913650513 85.941532179713249 173.43709361553192 675.94759188592434 82.453418731689453 2898.8808928132057 245.53936387598515
leaf_count=339 3267 38354 8584 1991 1674 20466 4018 39 7796 1847 1477 5518 245 398 325 1370 115 4798 663
internal_value=0.0033774 0.00247575 0.00203836 0.0047965 0.00101215 0.00143302 0.0082373 -0.00768037 0.00609634 -0.00867696 0.00628679 0.00741249 0.000891332 -0.0137925 -0.00472817 0.008261 0.00197229 0.0090713 0.00148516
internal_weight=39178.9 29909.6 27799.2 7538.34 20260.9 19417.4 2110.4 206.581 6633.12 843.433 9269.3 7508.89 864.54 182.107 905.227 6644.35 758.401 5885.95 1760.4
internal_count=103284 85831 81037 18696 62341 58820 4794 776 16380 3521 17453 13523 1722 737 2316 11801 1485 10316 3930
is_linear=0
shrinkage=0.03


Tree=89
num_leaves=20
num_cat=0
split_feature=5 9 10 1 9 3 10 4 4 4 3 3 4 5 4 10 8 10 4
split_gain=109.648 78.5875 85.4987 70.7193 75.5645 62.2844 59.1391 73.5408 67.7735 43.06 62.8381 49.8567 67.0581 39.0412 45.7975 35.664 32.7652 28.5297 28.0775
threshold=7.0869999999999846 -34.45999999999912 12.050932973144848 3.4365000000000006 24.280000000006115 -1.8337999999999861 0.74906367038872912 -0.25209999999999549 0.068200000000003771 -19.355999999999991 -6.3554999999999913 4.6581999999999866 6.6104666666666754 12.458599999999986 -3.0616999999999881 95.327102794382526 19.98127875472726 10.526315786940403 -0.71453333333333058
decision_type=2 2 2 2 2 2 2 2 2 2 2 2 2 2 2 2 2 2 2
left_child=1 5 6 4 -4 17 8 -8 -3 -2 13 15 -13 -11 -15 -12 -5 -1 -19
right_child=9 2 3 16 -6 -7 7 -9 -10 10 11 12 -14 14 -16 -17 -18 18 -20
leaf_value=-0.0081901650794109597 0.019085567981014108 0.0019666547542669943 0.0027632498084130641 -0.0036698348872600825 0.0084862151310382602 0.015045369416964501 -0.0092772106893842885 0.0011930924372404921 0.033587020060625 -0.0078498795208086919 0.010683480654467071 -0.00010118585216213662 0.013827786979149654 0.00065600108784482009 0.018273369412878972 -0.035058835362212964 0.011557989707254581 0.011736261459499938 -0.0073304554595719261
leaf_weight=173.73827168345451 254.86906030774117 899.20230605453253 24189.057138703763 1845.528378918767 2271.4150137156248 798.52843435108662 1368.4839947298169 1080.3841667100787 65.44551407545805 357.66112174093723 2911.6851441264153 1115.3268914073706 431.38183422386646 722.32045182585716 162.71725843846798 15.42165459692478 136.57974588871002 260.32366129755974 94.831815093755722
leaf_count=427 372 3449 66082 4368 4418 1310 6342 4914 150 849 4947 2327 705 1470 238 49 224 434 209
internal_value=0.00327815 0.0026047 0.00230668 0.0028451 0.00325452 0.00975671 -0.00217962 -0.00465795 0.00411191 0.00702056 0.00648264 0.00814036 0.00378365 0.000514718 0.00389502 0.0104425 -0.00262054 0.00177185 0.00664516
internal_weight=39154.9 33183.5 31856.1 28442.6 26460.5 1327.42 3413.52 2448.87 964.648 5971.38 5716.51 4473.82 1546.71 1242.7 885.038 2927.11 1982.11 528.894 355.155
internal_count=103284 92327 89947 75092 70500 2380 14855 11256 3599 10957 10585 8028 3032 2557 1708 4996 4592 1070 643
is_linear=0
shrinkage=0.03


Tree=90
num_leaves=20
num_cat=0
split_feature=0 9 10 3 4 9 3 7 4 2 10 5 8 8 7 4 1 7 10
split_gain=106.634 78.9096 86.0032 107.617 98.1241 82.9915 80.159 71.6945 66.9612 57.3018 56.43 56.2979 43.0254 97.5967 46.2472 36.2267 52.4934 36.06 41.7266
threshold=0.15750000000000006 -21.246666666665984 32.029567505236429 -0.82360000000001976 -1.3243666666666634 -8.4333333333270257 -0.60480000000002698 0.00011266348880489831 5.6565000000000039 1.5000000000000002 24.181285429307994 17.081199999999999 0.044734324030187921 0.044721269360503607 0.00011225410738724408 -0.40846666666665499 -0.053999999999999965 0.00021577813287265715 99.758454102910221
decision_type=2 2 2 2 2 2 2 2 2 2 2 2 2 2 2 2 2 2 2
left_child=7 6 3 11 -4 -5 10 9 -6 15 -2 -3 13 -11 -14 16 -1 -9 -19
right_child=1 2 4 5 8 -7 -8 17 -10 12 -12 -13 14 -15 -16 -17 -18 18 -20
leaf_value=0.04700019690547539 0.0018799641731083048 -0.0084497495960796556 0.0097648292814031916 0.0069561315145207775 0.0029714770155605907 -0.0022800853499708677 0.013310436205323425 0.017043703141502463 0.011671402927187885 -6.035818380948349e-05 0.0092770903941913601 0.021078223371202919 -0.00074952568624833086 -0.020760988739315415 -0.029294567779994441 0.011333692793181367 -0.020593333201176126 -0.0098201727970145189 0.059301709905113159
leaf_weight=12.166508980095385 2225.7930804342031 1395.5269878357649 2374.8822131752968 1807.7006071135402 19680.775089308619 1697.9869652986526 1421.3509578853846 298.33351942896843 829.79336647689342 503.4101147800684 1592.0688098520041 60.637219727039337 4217.1780972629786 345.77155819535255 51.708209648728371 451.4641694650054 68.893017753958702 90.679677054286003 8.605993986129759
leaf_count=27 4853 4460 4352 4961 48212 6553 2463 617 1452 2531 2746 92 15358 2054 236 1715 336 257 9
internal_value=0.00318153 0.00385107 0.00321559 -0.00036492 0.00399189 0.00248255 0.00722875 -0.000481164 0.00332345 -0.0013476 0.00496461 -0.00722015 -0.00232209 -0.00848928 -0.00109529 0.00801814 -0.010448 0.0118318 -0.00382875
internal_weight=39134.7 33086.5 27847.3 4961.85 22885.5 3505.69 5239.21 6048.21 20510.6 5650.59 3817.86 1456.16 5118.07 849.182 4268.89 532.524 81.0595 397.619 99.2857
internal_count=103284 80144 70082 16066 54016 11514 10062 23140 49664 22257 7599 4552 20179 4585 15594 2078 363 883 266
is_linear=0
shrinkage=0.03


Tree=91
num_leaves=20
num_cat=0
split_feature=5 0 4 10 3 3 1 6 7 7 7 7 1 1 7 8 5 9 8
split_gain=101.8 69.8308 63.5721 59.8839 103.522 98.5362 53.5887 46.3445 51.6475 113.483 91.2493 71.7596 68.0265 49.4085 40.3516 36.847 36.8461 36.2312 25.4406
threshold=1.2126999999999883 0.066500000000000017 -19.355999999999991 31.612903224741377 0.65439999999997267 -1.0250000000000214 -0.026500000000000013 2.9245000000000005 0.00010994103313288762 1.0000000180025095e-35 0.00011062118218108098 0.00011132429714733051 0.04500000000000004 0.57650000000000012 -0.00011320099005396321 0.054771036805198708 9.1621999999999861 21.243333333331979 3.4326376339371913
decision_type=2 2 2 2 2 2 2 2 2 2 2 2 2 2 2 2 2 2 2
left_child=7 6 18 5 -5 -4 16 8 9 12 15 -12 -1 -11 -8 -10 -2 -16 -3
right_child=1 2 3 4 -6 -7 14 -9 10 13 11 -13 -14 -15 17 -17 -18 -19 -20
leaf_value=-0.00084001861436811725 -0.031777348036365033 0.046651319375854781 -0.0014835452385391023 0.0072148920872004661 0.0027747629069973094 0.0060489304705895917 0.035474608996912946 -0.012608443629165546 0.057580790726715597 -0.015585999692803623 -0.011470475399696414 0.0044645110022986873 0.0050544795698795747 0.011428808814865949 -0.0061219389595410347 0.018942644626696335 0.044841482891422313 0.017161185796123073 0.015855404780606163
leaf_weight=6116.3418970182538 84.448443219065666 26.819387599825859 3645.1664089262486 9951.428805872798 8999.9063068032265 2736.3254194259644 24.888899579644203 224.81001190841198 25.355682291090488 540.55405275523663 278.97455245256424 2880.6069211885333 2475.1698054000735 68.671928115189075 535.0979966968298 179.23425627499819 6.0538439303636542 67.768861457705498 241.88584662973881
leaf_count=23587 359 28 9072 19863 19477 6123 37 802 68 2850 1170 8064 8722 261 1803 473 10 143 372
internal_value=0.00308808 0.00415503 0.00441386 0.00425989 0.00510629 0.00174631 -0.00507061 0.000892421 0.00113398 -2.9061e-05 0.00431479 0.00305753 0.000858156 -0.0125409 -0.00195923 0.0237312 -0.0266522 -0.00350466 0.0189291
internal_weight=39109.5 26319.8 25601.5 25332.8 18951.3 6381.49 718.258 12789.7 12564.9 9200.74 3364.17 3159.58 8591.51 609.226 627.756 204.59 90.5023 602.867 268.705
internal_count=103284 57287 54935 54535 39340 15195 2352 45997 45195 35420 9775 9234 32309 3111 1983 541 369 1946 400
is_linear=0
shrinkage=0.03


Tree=92
num_leaves=20
num_cat=0
split_feature=9 9 3 10 10 10 1 3 4 3 9 5 4 10 9 4 7 10 9
split_gain=102.485 110.624 91.8382 85.3846 117.199 61.1643 59.4387 58.2174 54.6894 46.2449 56.5334 40.2448 39.9598 35.4431 33.7853 31.6369 31.5209 25.6241 21.2534
threshold=-34.45999999999912 17.790000000000877 4.6581999999999866 74.644362386594153 31.612903224741377 69.440126792845646 -1.9224999999999997 -1.7600000000000195 6.6104666666666754 1.614199999999985 43.673333333339549 7.996699999999989 11.089433333333343 0.39551764057157618 46.903333333335475 -1.0942333333333296 0.0016914263299860901 0.25856507248707322 -46.969999999986605
decision_type=2 2 2 2 2 2 2 2 2 2 2 2 2 2 2 2 2 2 2
left_child=7 2 3 4 -2 14 -4 13 -5 12 -11 -8 -7 15 16 17 -3 -1 -15
right_child=1 5 6 8 -6 9 11 -9 -10 10 -12 -13 -14 18 -16 -17 -18 -19 -20
leaf_value=0.00053333273426677821 -0.00020846645951640958 0.01351292762810773 0.011620604934922061 -0.0020713560685447839 0.0041480392899701148 0.007514532417795418 -0.034937438538783144 0.014682647528205243 0.035206002264495752 -0.0024420943910510697 0.0073734063727264581 -0.01141754881540118 -0.052125460487131181 0.010089397859052484 0.021422031108675944 -0.062194041464871425 0.0055871714454313942 -0.033463182644722131 0.0026377911675294296
leaf_weight=126.90365859866142 8311.1514357998967 805.23758526146412 77.615534737706184 4479.6254901811481 16775.112631581724 2212.9052822440863 88.05426050722599 956.2800852060318 35.702893912792206 1440.1563594043255 833.90083415806293 255.35265298187733 10.157330319285391 782.47326083481312 223.51141639053822 9.1742671281099302 1028.3267583847046 23.676423937082291 615.42934218049049
leaf_count=276 27089 1330 128 16661 40724 4750 317 1556 71 3372 1494 632 40 1327 309 39 1885 77 1207
internal_value=0.00299684 0.00259413 0.00182327 0.00202115 0.00270472 0.00612521 -0.0120895 0.00885607 -0.0017766 0.00416515 0.00115727 -0.0174484 0.00724203 0.005279 0.0104102 -0.00810739 0.00906789 -0.0048121 0.00680881
internal_weight=39090.7 36576.8 30022.6 29601.6 25086.3 6554.2 421.022 2513.94 4515.33 4497.12 2274.06 343.407 2223.06 1557.66 2057.08 159.754 1833.56 150.58 1397.9
internal_count=103284 98802 85622 84545 67813 13180 1077 4482 16732 9656 4866 949 4790 2926 3524 392 3215 353 2534
is_linear=0
shrinkage=0.03


Tree=93
num_leaves=20
num_cat=0
split_feature=9 9 3 3 5 1 10 10 3 5 3 4 9 4 4 8 5 9 1
split_gain=98.4529 120.086 92.3366 83.1709 68.3273 77.7882 59.2034 58.074 55.047 53.1303 43.515 53.5212 40.752 43.0941 37.5131 34.2163 33.6509 32.581 32.4622
threshold=-21.246666666665984 17.790000000000877 4.6581999999999866 -0.60480000000002698 4.6710000000000038 3.0965000000000003 24.181285429307994 69.440126792845646 -4.1514999999999995 7.996699999999989 1.614199999999985 8.019100000000007 -41.560000000004941 -5.5278999999999936 11.089433333333343 18.371935117504258 33.222199999999994 46.903333333335475 -2.2254999999999994
decision_type=2 2 2 2 2 2 2 2 2 2 2 2 2 2 2 2 2 2 2
left_child=3 2 4 6 5 -2 12 17 -6 -4 14 -12 15 -14 -9 -1 -8 -3 -11
right_child=1 7 9 -5 8 -7 16 10 -10 18 11 -13 13 -15 -16 -17 -18 -19 -20
leaf_value=0.011168529852160807 0.0013974795041252343 0.0088214348058422015 -0.033137490277604244 0.012658401621458995 -0.0013132078958400678 -0.0072074812779488627 0.0075663828211524091 0.0072925196857799501 0.0074082271386789744 0.012880607120621489 -0.00036395315303668795 0.015375056271135399 -0.021754045299432302 -0.00060907005393122013 -0.05040519948107177 -0.00022021610943703273 0.024296283798353146 0.021015650415044204 -0.011782862579817902
leaf_weight=525.20597612857819 22013.794883914292 1828.3399154245853 90.52108009159565 1503.3701412975788 843.65873093903065 987.92455396056175 1491.7082024663687 2211.8821721225977 2857.0539876669645 59.661148816347122 2057.3656548261642 214.74945022165775 93.148083195090294 1261.9614194184542 10.188359498977659 433.29944795370102 116.66910792887211 221.03628548979759 246.36533576250076
leaf_count=902 68655 3215 323 2663 1864 2637 2650 4750 5312 96 4527 339 264 3109 40 862 152 309 615
internal_value=0.00290872 0.00230395 0.00142319 0.00665893 0.0016366 0.0010279 0.00435923 0.00595141 0.00541998 -0.0129469 0.00404292 0.00112362 0.00128603 -0.00206254 0.00702797 0.00602016 0.00877994 0.0101366 -0.00697462
internal_weight=39067.9 33642.5 27099 5425.36 26702.4 23001.7 3921.99 6543.56 3700.71 396.548 4494.19 2272.12 2313.61 1355.11 2222.07 958.505 1608.38 2049.38 306.026
internal_count=103284 92682 79502 10602 78468 71292 7939 13180 7176 1034 9656 4866 5137 3373 4790 1764 2802 3524 711
is_linear=0
shrinkage=0.03


Tree=94
num_leaves=20
num_cat=0
split_feature=5 9 3 4 0 4 3 9 4 3 3 4 5 4 10 10 8 4 4
split_gain=94.4061 66.4751 83.8361 69.6617 72.9108 65.2365 54.8246 38.3543 38.2169 57.8161 44.6699 59.248 35.5123 43.0504 33.3221 33.1077 39.0729 34.0699 23.5941
threshold=7.0869999999999846 -34.45999999999912 -4.8342000000000054 -1.3243666666666634 0.14750000000000005 0.46970000000000495 -2.1362000000000152 -25.930000000000287 -19.355999999999991 -6.3554999999999913 4.6581999999999866 6.6104666666666754 12.458599999999986 -3.0616999999999881 95.327102794382526 0.39551764057157618 17.099561407357282 1.6386000000000038 0.18626666666667041
decision_type=2 2 2 2 2 2 2 2 2 2 2 2 2 2 2 2 2 2 2
left_child=1 6 7 4 -4 -5 15 -3 -2 12 14 -12 -10 -14 -11 16 -1 -17 -8
right_child=8 2 3 5 -6 -7 18 -9 9 10 11 -13 13 -15 -16 17 -18 -19 -20
leaf_value=-0.0084418473941667831 0.017852493360324871 0.0023960123285983715 -0.010533110084582556 0.00054730255340907459 0.0076569978921190692 0.0035724488868681833 0.010538914216582625 -0.033917646412668298 -0.007908275353904131 0.009845914904438622 -0.00036650659820959948 0.012822411917745302 0.00017821871881040823 0.01738609636286018 -0.034312425559372174 0.0051394493262984717 -0.068983613293916057 -0.044748580509619364 0.022411610135892837
leaf_weight=48.37386217713356 247.65236587822437 37.75560188293457 213.46437451988459 19013.266457624733 2795.1193031966686 9682.9642064869404 678.14695440232754 85.355734512209892 356.83329907059669 2875.331211835146 1110.1039373129606 423.49174743890762 717.53353664278984 160.029814645648 15.462476670742033 367.91482719779015 11.96781215071678 12.747142747044562 193.66264788806438
leaf_count=126 372 82 820 58745 6109 23893 1208 298 849 4947 2327 705 1470 238 49 693 50 41 262
internal_value=0.00282308 0.00220034 0.00192746 0.00202341 0.00636638 0.00156808 0.00881598 -0.022781 0.00631726 0.00581243 0.00741414 0.00327552 7.14808e-05 0.0033162 0.00960972 0.000196178 -0.0204493 0.00346886 0.0131763
internal_weight=39047.2 33140.7 31827.9 31704.8 3008.58 28696.2 1312.81 123.111 5906.44 5658.79 4424.39 1533.6 1234.4 877.563 2890.79 441.004 60.3417 380.662 871.81
internal_count=103284 92327 89947 89567 6929 82638 2380 380 10957 10585 8028 3032 2557 1708 4996 910 176 734 1470
is_linear=0
shrinkage=0.03


Tree=95
num_leaves=20
num_cat=0
split_feature=9 9 3 3 10 9 10 10 1 5 3 9 9 4 4 8 5 9 1
split_gain=89.9174 111.147 86.9944 78.0878 67.2967 108.747 55.541 54.943 52.0542 50.092 41.4868 48.9181 37.8792 40.493 32.6488 32.2419 32.227 31.2935 30.3634
threshold=-21.246666666665984 17.790000000000877 4.6581999999999866 -0.60480000000002698 74.644362386594153 0.48666666667122632 24.181285429307994 69.440126792845646 6.1575000000000015 7.996699999999989 1.2414000000000092 43.673333333339549 -41.560000000004941 -5.5278999999999936 11.089433333333343 18.371935117504258 33.222199999999994 46.903333333335475 -2.2254999999999994
decision_type=2 2 2 2 2 2 2 2 2 2 2 2 2 2 2 2 2 2 2
left_child=3 2 4 6 5 -2 12 17 -6 -4 14 -12 15 -14 -9 -1 -8 -3 -11
right_child=1 7 9 -5 8 -7 16 10 -10 18 11 -13 13 -15 -16 -17 -18 -19 -20
leaf_value=0.010715545492307273 0.00069606460026761614 0.0084757435785534595 -0.032258504355302427 0.012161145541197953 -0.0013723232276017547 0.0051309695648018416 0.0072156837127192513 0.0074867075648246779 -0.025261851385002053 0.012447388307909171 -0.0016034592914895365 0.0070762168286233771 -0.02116894350665384 -0.00068940164728494425 -0.047620453474027331 -0.00035910572484437801 0.023728284059859665 0.020506924379067096 -0.011468682230786764
leaf_weight=522.57297356426716 14647.273547582328 1820.2573921829462 90.375791609287262 1495.6907151043415 4433.0760482475162 7536.5289705842733 1484.2615774273872 1880.908816203475 83.637364238500595 59.24409107863903 1710.4841922074556 887.66901202499866 93.320671334862709 1261.4387216120958 9.7259866744279844 432.33017757534981 114.5849112123251 217.85960458219051 246.82144644856453
leaf_count=902 44383 3215 323 2663 16432 17353 2650 4044 300 96 3975 1599 264 3109 38 862 152 309 615
internal_value=0.00273983 0.00216254 0.00131602 0.00633164 0.00152314 0.00220274 0.00410083 0.00567696 -0.00181469 -0.0126341 0.00382226 0.00136199 0.00112539 -0.00210011 0.00720322 0.00570152 0.0083991 0.00976179 -0.00683933
internal_weight=39028.1 33623.9 27097 5404.2 26700.5 22183.8 3908.51 6526.91 4516.71 396.441 4488.79 2598.15 2309.66 1354.76 1890.63 954.903 1598.85 2038.12 306.066
internal_count=103284 92682 79502 10602 78468 61736 7939 13180 16732 1034 9656 5574 5137 3373 4082 1764 2802 3524 711
is_linear=0
shrinkage=0.03


Tree=96
num_leaves=20
num_cat=0
split_feature=5 0 7 4 3 9 4 10 3 7 3 2 2 4 4 4 4 4 10
split_gain=87.8127 60.8963 71.8432 66.8913 86.8939 94.6406 62.4941 54.2003 45.2129 47.0209 38.9178 36.1091 48.1885 43.637 35.9683 56.1836 58.6323 57.5525 33.7632
threshold=7.0869999999999846 0.15750000000000006 0.00011132429714733051 -1.2866666666666606 -1.6324000000000316 -16.226666666676461 2.9361000000000006 25.721848598416617 -2.7019000000000175 1.0000000180025095e-35 -1.0910000000000295 1.5000000000000002 2.5000000000000004 -0.29819999999999519 -19.355999999999991 -2.4488999999999961 0.89626666666666954 5.6565000000000039 36.598000848112541
decision_type=2 2 2 2 2 2 2 2 2 2 2 2 2 2 2 2 2 2 2
left_child=1 2 8 7 6 -6 -5 10 -1 -10 -3 13 -13 -4 -2 18 -17 -18 -16
right_child=14 3 11 4 5 -7 -8 -9 9 -11 -12 12 -14 -15 15 16 17 -19 -20
leaf_value=-0.028514058998007248 0.017307641053185482 -0.0022053556141485597 -0.031042096036422499 -0.0037425276119798911 0.0078898838705861642 0.0018576271818780288 -0.045042624007081387 0.0096636886854993779 -0.00060202909693888001 -0.0092921162231425179 0.0078467865318495797 -0.015870594809206457 0.0082924336761043896 0.035299763737519911 -0.002082635271698306 0.011805544776714423 0.0011554537232882699 0.011473404021133324 0.0067544542158986618
leaf_weight=57.217338263988495 244.29974494874477 820.21452580392361 10.237754188477991 1594.2746243774891 2661.9357268363237 19401.749549284577 33.671018183231354 2054.8761066347361 4448.6168609261513 641.14707227796316 600.35674238950014 83.905597746372223 647.63588606566191 69.495915450155735 1111.3558792918921 1661.9349772036076 1554.662626594305 708.16750511527061 598.73254811763763
leaf_count=231 372 2104 43 3929 5496 52371 114 3864 17442 2929 1553 332 1774 145 2386 2780 3142 1201 1076
internal_value=0.00265934 0.00205966 -0.000686958 0.00266205 0.00209189 0.00258541 -0.00459674 0.00654871 -0.00199482 -0.0016967 0.00204284 0.00761053 0.00552101 0.0267815 0.00603816 0.00554958 0.00752694 0.00438452 0.00101139
internal_weight=39004.5 33125.3 5958.26 27167.1 23691.6 22063.7 1627.95 3475.45 5146.98 5089.76 1420.57 811.275 731.541 79.7337 5879.15 5634.85 3924.77 2262.83 1710.09
internal_count=103284 92327 22896 69431 61910 57867 4043 7521 20602 20371 3657 2294 2106 188 10957 10585 7123 4343 3462
is_linear=0
shrinkage=0.03


Tree=97
num_leaves=20
num_cat=0
split_feature=9 9 10 10 3 3 4 8 3 10 10 0 9 0 10 4 7 8 3
split_gain=85.3104 92.1754 74.2596 111.378 101.613 82.8036 72.4985 64.3185 49.6617 43.4659 41.1458 39.6254 39.2946 37.5767 31.0356 36.0791 27.5467 24.593 20.1948
threshold=-34.45999999999912 29.136666666672685 74.644362386594153 31.612903224741377 -0.84760000000003244 2.5050999999999961 6.6104666666666754 15.704776352357365 -1.8337999999999861 91.999999974100305 99.613899609838882 0.93350000000000011 41.076666666667741 0.26850000000000007 11.29356770556207 -1.2424999999999977 -0.0084970583415111527 6.2611501548126975 1.614199999999985
decision_type=2 2 2 2 2 2 2 2 2 2 2 2 2 2 2 2 2 2 2
left_child=8 2 3 4 -2 -5 7 -4 14 16 12 -8 -11 -12 15 17 -3 -1 -18
right_child=1 9 6 5 -6 -7 11 -9 -10 10 13 -13 -14 -15 -16 -17 18 -19 -20
leaf_value=-0.029978383009294087 -0.0051552913786672835 0.017397478947427689 -0.0014567744669512586 0.0042884168503528183 0.0018801787034465141 -0.0032860966123644413 0.042875235220290533 -0.05797693875879497 0.013286507817640554 -0.02024633606434488 0.038012416883491475 0.0069896419834890788 0.0012857169091239492 0.0040072399746014474 0.0074714019851627005 -0.028180944043909674 0.011039692653873119 0.0024758155773912456 0.0053528693752785649
leaf_weight=22.151943266391754 2763.6978397890925 291.28892107307911 6159.8768087625504 17263.403524585068 5573.8154411390424 1404.6032127290964 49.189276069402695 18.174015909433365 964.40074381232262 131.26992131769657 33.654438927769661 63.371034517884254 182.08694577217102 223.28419534862041 1043.1132810264826 42.439200729131699 933.4662758409977 409.13823983073235 1412.3133718669415
leaf_count=70 8108 436 20961 41399 19039 3054 82 70 1601 393 54 122 376 489 1850 131 1597 830 2622
internal_value=0.00258093 0.00221505 0.00174716 0.00243095 -0.000451921 0.0037185 -0.00118832 -0.00162304 0.00796372 0.00707223 -0.000437638 0.0226718 -0.00773439 0.00846132 0.00457952 -0.00178816 0.00869632 0.000808902 0.00761585
internal_weight=38984.7 36503.5 33296.1 27005.5 8337.51 18668 6290.61 6178.05 2481.24 3207.36 570.296 112.56 313.357 256.939 1516.84 473.729 2637.07 431.29 2345.78
internal_count=103284 98802 92835 71600 27147 44453 21235 21031 4482 5967 1312 204 769 543 2881 1031 4655 900 4219
is_linear=0
shrinkage=0.03


Tree=98
num_leaves=20
num_cat=0
split_feature=5 6 5 0 8 9 3 9 0 4 9 4 4 4 4 5 4 10 3
split_gain=82.089 59.5999 57.9125 60.9001 108.776 54.775 76.9546 46.2731 35.4056 31.4832 43.9785 31.2295 48.0292 34.679 35.234 33.4615 30.052 26.8145 26.4237
threshold=7.0869999999999846 -26.075499999999995 0.16099999999997597 0.0085000000000000023 0.054771036805198708 50.713333333333146 2.309399999999989 -0.540000000000873 1.6225000000000003 1.8274000000000068 11.926666666659004 -2.4488999999999961 -19.355999999999991 0.67620000000000113 8.019100000000007 48.342800000000004 2.9361000000000006 98.712446345957375 5.591400000000001
decision_type=2 2 2 2 2 2 2 2 2 2 2 2 2 2 2 2 2 2 2
left_child=1 -1 3 4 -3 6 -4 -5 9 -2 -11 12 -10 18 -15 -14 -12 -7 -13
right_child=8 2 5 7 -6 17 -8 -9 11 10 16 13 15 14 -16 -17 -18 -19 -20
leaf_value=-0.053953343079011645 0.0036974838688784329 -0.02970479914962414 0.0023964934215803843 0.0036727266175707986 0.04256506076084253 0.01497287702094436 -0.0039120859038735368 -0.012137742061250959 0.016025404890914065 -0.035050848779669179 -0.026179839264925845 0.012851401151556184 0.0020512097290070874 0.0041733154611995711 0.014553353907084537 -0.028757951736539739 0.0034646506362951881 -0.021894563084496971 -0.018528622831772319
leaf_weight=17.169815331697464 597.56195567548275 27.933194875717163 29920.436158567667 228.34002666920424 56.977660529315472 378.34434317052364 1847.7295547574759 616.18834926187992 233.38968592882156 47.510721951723099 38.888394445180893 1268.1691339164972 1416.9526862353086 1692.244898095727 356.27372375130653 32.453574851155281 147.55772413313389 18.629470199346542 24.619587555527687
leaf_count=69 1264 193 81855 1365 204 593 4468 3529 363 169 126 2044 2766 3184 561 90 328 51 62
internal_value=0.00250468 0.00192564 0.00195463 -0.005428 0.0187904 0.00216796 0.00202957 -0.00786297 0.00577898 4.48921e-05 -0.00928439 0.006728 0.00339514 0.00840654 0.00597859 0.00136136 -0.00271851 0.0132427 0.0122538
internal_weight=38967.4 33111.7 33094.6 929.439 84.9109 32165.1 31768.2 844.528 5855.62 831.519 233.957 5024.1 1682.8 3341.31 2048.52 1449.41 186.446 396.974 1292.79
internal_count=103284 92327 92258 5291 397 86967 86323 4894 10957 1887 623 9070 3219 5851 3745 2856 454 644 2106
is_linear=0
shrinkage=0.03


Tree=99
num_leaves=20
num_cat=0
split_feature=9 9 3 0 10 7 3 10 5 3 9 10 4 1 9 7 9 9 2
split_gain=80.5602 90.2103 85.0612 71.2009 65.4211 63.3843 52.8311 50.7104 47.6633 39.5237 45.961 36.6696 33.897 30.412 29.3693 27.9808 27.2747 22.1822 31.5632
threshold=-30.726666666661909 17.790000000000877 4.6581999999999866 0.060500000000000019 31.612903224741377 0.00011132429714733051 -0.77540000000002696 69.440126792845646 7.996699999999989 1.614199999999985 43.673333333339549 11.29356770556207 11.089433333333343 -2.2254999999999994 55.546666666668905 0.0016914263299860901 -3.753333333334012 -46.969999999986605 63.500000000000007
decision_type=2 2 2 2 2 2 2 2 2 2 2 2 2 2 2 2 2 2 2
left_child=6 2 3 5 -5 -2 11 14 16 12 -11 17 -9 -10 15 -3 -4 -1 -19
right_child=1 7 8 4 -6 -7 -8 9 13 10 -12 -13 -14 -15 -16 -17 -18 18 -20
leaf_value=0.004583730311184875 -0.0047685517384971239 0.012487980295664615 0.0040399541799105059 -0.00046579394001581133 0.0029090088771218403 0.0091706744541096563 0.014007488052645505 0.0065491007503709897 0.011602268958273581 -0.0025775497484617485 0.0063198441889908506 0.0073985265128291349 -0.048291522241573841 -0.011453638722360618 0.024382672314071461 0.0051584146922437372 -0.039102845419812023 0.0001706576264115865 -0.018570443564823416
leaf_weight=360.81097604334354 2417.4053399935365 823.41778139770031 16.026255369186401 7083.6952394470572 19132.786771953106 334.18004532158375 750.50320525467396 2204.4339142739773 64.505834564566612 1437.5430743992329 820.91170926392078 1601.0080346763134 10.19066037237644 255.18093729019165 108.18294706940651 1088.3077401071787 74.473632797598839 251.00810295343399 119.32784993946552
leaf_count=681 10613 1376 34 22451 49271 996 1220 4750 106 3372 1494 2858 40 636 145 2003 291 609 338
internal_value=0.00243041 0.00203047 0.0013232 0.00151529 0.00199714 -0.00307563 0.0070843 0.00523059 -0.0122425 0.003449 0.000656509 0.00485638 0.00629675 -0.00680146 0.00917594 0.0083154 -0.0314629 -0.000710219 -0.00586801
internal_weight=38953.9 35871.2 29378.3 28968.1 26216.5 2751.59 3082.66 6492.99 410.187 4473.08 2258.45 2332.15 2214.62 319.687 2019.91 1911.73 90.4999 731.147 370.336
internal_count=103284 97578 84398 83331 71722 11609 5706 13180 1067 9656 4866 4486 4790 742 3524 3379 325 1628 947
is_linear=0
shrinkage=0.03


Tree=100
num_leaves=20
num_cat=0
split_feature=5 0 3 5 4 5 0 9 3 4 10 9 9 9 8 4 7 2 3
split_gain=78.2317 84.0652 54.332 78.5158 83.6966 50.9844 50.8339 45.1589 43.1774 73.9324 71.2591 60.4875 58.6763 47.341 42.8931 33.6811 31.0683 44.2419 38.0366
threshold=3.0611999999999777 4.7985000000000015 -1.4638000000000122 1.2126999999999883 -1.2866666666666606 1.7734999999999908 0.16750000000000004 0.27333333333808701 2.8860999999999968 6.6104666666666754 35.384615382903277 43.673333333339549 -44.106666666659287 -15.856666666666568 3.3818633848846846 -3.5227999999999944 -0.0066010485872070026 113.50000000000001 0.50809999999998945
decision_type=2 2 2 2 2 2 2 2 2 2 2 2 2 2 2 2 2 2 2
left_child=1 2 5 7 -5 -1 -2 -4 10 11 12 -10 -8 -12 15 -3 17 -16 -18
right_child=6 14 3 4 -6 -7 8 -9 9 -11 13 -13 -14 -15 16 -17 18 -19 -20
leaf_value=-0.033383308805722767 -0.0057873303954724684 0.038869028095370198 -0.0012048412286585436 0.012516094664315011 0.0031472238344248792 -0.0037324675229515034 0.0081516730326019471 0.0023632070660854266 -0.0030435847361754021 0.012460368751178348 0.013123946514681298 0.0078783712464046817 5.4052617880384524e-06 0.0061410238088838434 -0.018250505728795587 -0.017389659781231873 0.011167793294940647 0.0038638617010324249 -0.0044840734243018149
leaf_weight=55.805804572999477 452.36049355566502 9.8818536847829801 6727.9346400871873 953.32453116774559 8598.2799742668867 806.01613719761372 1085.2261803746223 6075.1591574400663 2055.8200354278088 456.08947452902794 1029.1432728767395 586.56871816515923 2983.5016306042671 5788.2951151877642 221.03103882074356 310.90518191456795 217.57137277722359 128.90184810757637 390.60975602269173
leaf_count=253 1334 14 25750 1908 20651 2340 1902 20162 4628 762 1651 1035 6542 10971 667 1047 428 282 957
internal_value=0.00235886 0.00132645 0.00173893 0.00202389 0.00408231 -0.00565246 0.00411056 0.000488223 0.00443073 0.00130619 0.00532006 -0.000619082 0.00217821 0.00719515 -0.00616157 -0.0156566 -0.00298253 -0.0101044 0.00111524
internal_weight=38932.4 24495.4 23216.5 22354.7 9551.6 861.822 14437 12803.1 13984.6 3098.48 10886.2 2642.39 4068.73 6817.44 1278.9 320.787 958.114 349.933 608.181
internal_count=103284 74459 71064 68471 22559 2593 28825 45912 27491 6425 21066 5663 8444 12622 3395 1061 2334 949 1385
is_linear=0
shrinkage=0.03


Tree=101
num_leaves=20
num_cat=0
split_feature=9 9 3 7 7 7 1 3 9 4 9 7 10 8 5 7 10 9 4
split_gain=76.5854 96.3166 93.7981 84.535 127.712 118.191 88.5764 69.5982 58.7915 58.1989 55.995 54.9399 47.7492 42.694 36.4487 32.7921 31.6106 30.8108 38.1075
threshold=-21.246666666665984 10.610000000000584 0.14999999999996991 0.00010994103313288762 0.00010916190402721072 0.00011062118218108098 0.049000000000000037 -0.60480000000002698 -6.3366666666697702 8.019100000000007 43.673333333339549 0.010941102487915801 24.181285429307994 0.044721269360503607 1.7285999999999826 0.00011008820817171029 92.767687695335056 -41.560000000004941 -5.5278999999999936
decision_type=2 2 2 2 2 2 2 2 2 2 2 2 2 2 2 2 2 2 2
left_child=7 3 9 4 6 15 -2 12 -7 14 11 -4 17 -6 -3 -5 -12 -1 -19
right_child=1 2 10 5 13 8 -8 -9 -10 -11 16 -13 -14 -15 -16 -17 -18 18 -20
leaf_value=0.0049066273992714087 -0.0014710215387664725 0.015646800014780568 0.0030210329344055862 0.010022633789200827 0.030059745781664936 0.0071253015232504054 0.0034118917660417723 0.011159536871077616 0.00081962864975568251 -0.064716859803606336 0.010733448991454231 -0.0037175776524862878 0.0075298203767023703 -0.019924077245474632 0.0073188425126422211 0.028632286173016865 -0.0022354451131875977 -0.020646228422256177 -0.00078236429177207462
leaf_weight=944.9732459038496 11515.233807682991 720.52595226466656 5316.2433910369873 150.5330620482564 16.06973622739315 1851.1905214488506 4711.5258278772235 1478.5038944929838 4733.338310547173 9.3792558461427671 1029.1592471301556 1369.3912146687508 1576.3749634623528 358.22316657751799 1376.7302348464727 196.40752355754375 202.41780215501785 93.364802449941635 1259.4399285167456
leaf_count=1764 37608 1672 12478 447 55 3978 14237 2663 12257 42 1733 3086 2802 1674 2583 399 433 264 3109
internal_value=0.00228954 0.00175796 0.0042206 0.000708978 -0.000452872 0.00349164 -5.32417e-05 0.00562205 0.00259242 0.00984651 0.00272364 0.00164079 0.00350876 -0.0177781 0.01018 0.0205578 0.00860193 0.000750142 -0.00215328
internal_weight=38909 33556.4 10023.8 23532.5 16601.1 6931.47 16226.8 5352.66 6584.53 2106.64 7917.21 6685.63 3874.15 374.293 2097.26 346.941 1231.58 2297.78 1352.8
internal_count=103284 92682 22027 70655 53574 17081 51845 10602 16235 4297 17730 15564 7939 1729 4255 846 2166 5137 3373
is_linear=0
shrinkage=0.03


Tree=102
num_leaves=20
num_cat=0
split_feature=5 1 9 7 7 7 3 0 6 5 5 7 3 4 1 1 4 9 4
split_gain=72.5318 70.2145 75.3616 81.0884 132.802 97.9417 70.9387 39.94 44.5104 43.6456 35.2865 34.5103 34.2359 42.3862 36.2263 33.8741 34.8014 33.2863 32.8637
threshold=4.9419999999999922 3.4365000000000006 10.610000000000584 0.00010994103313288762 1.0000000180025095e-35 0.00011062118218108098 0.14999999999996991 1.5915000000000004 -17.917499999999997 7.3082999999999911 2.7580000000000031 -0.011350330817810892 5.591400000000001 2.9361000000000006 0.25750000000000012 11.081000000000001 -2.3322333333333281 11.926666666659004 -19.355999999999991
decision_type=2 2 2 2 2 2 2 2 2 2 2 2 2 2 2 2 2 2 2
left_child=1 2 3 4 -1 -5 -4 12 9 11 -8 -9 -2 14 -14 16 -10 -15 -11
right_child=7 -3 6 5 -6 -7 10 8 15 18 -12 -13 13 17 -16 -17 -18 -19 -20
leaf_value=0.00061793222470832407 0.0021061344991414642 -0.0048370040460706462 0.010519743874089152 0.019516325536975212 -0.011698536747592182 0.0031547970638673207 0.0011651460508602864 -0.035780282855254177 0.0033281436327184388 0.02107871844537609 0.0069775909375946448 -0.0011905786420527695 -0.04358541745527781 -0.037485055154674055 -0.0032971218821693832 0.00030782735985758773 0.0085535727224555439 0.0048324225041119218 -0.00045193493022302656
leaf_weight=16050.806445896626 1427.7974417060614 1490.7107020914555 1489.3496474027634 351.42119523882866 828.58172827214003 5225.7431846410036 3062.7945772707462 54.015512600541115 1575.6369079500437 70.517628490924835 1356.2706099450588 49.979364931583405 50.02227495610714 19.232366040349007 33.564770773053169 737.97688211500645 4217.445584282279 128.51756310462952 670.12909872829914
leaf_count=50298 3123 3682 3188 853 3859 13367 7832 170 3033 101 2752 112 199 74 84 1485 7437 285 1350
internal_value=0.00222193 0.00150922 0.00184275 0.00104957 1.33368e-05 0.00418575 0.00485742 0.00457707 0.0055231 -0.000957362 0.00294906 -0.0191567 0.000371489 -0.0103346 -0.0274075 0.0063612 0.00713233 -0.000675974 0.00159802
internal_weight=38890.5 29855.7 28365 22456.6 16879.4 5577.16 5908.41 9034.84 7375.7 844.642 4419.07 103.995 1659.13 231.337 83.587 6531.06 5793.08 147.75 740.647
internal_count=103284 85831 82149 68377 54157 14220 13772 17453 13688 1733 10584 282 3765 642 283 11955 10470 359 1451
is_linear=0
shrinkage=0.03


Tree=103
num_leaves=20
num_cat=0
split_feature=9 9 3 7 7 7 1 3 10 4 9 7 10 8 9 7 5 7 10
split_gain=71.8547 86.5824 83.7302 75.4513 116.852 104.224 83.7114 66.1906 55.9546 54.8417 52.5143 51.0296 45.0404 40.5058 39.8478 56.9338 33.0447 30.6354 29.8766
threshold=-21.246666666665984 10.610000000000584 0.14999999999996991 0.00010994103313288762 0.00010916190402721072 0.00011062118218108098 0.049000000000000037 -0.60480000000002698 98.058252413814344 8.019100000000007 43.673333333339549 0.010941102487915801 30.716930613884269 0.044721269360503607 -34.45999999999912 -0.023225994566106186 1.7285999999999826 0.00011008820817171029 92.767687695335056
decision_type=2 2 2 2 2 2 2 2 2 2 2 2 2 2 2 2 2 2 2
left_child=7 3 9 4 6 17 -2 12 -7 16 11 -4 14 -6 -1 -16 -3 -5 -12
right_child=1 2 10 5 13 8 -8 -9 -10 -11 18 -13 -14 -15 15 -17 -18 -19 -20
leaf_value=0.0045106363522090095 -0.0014495262478312761 0.014812542105096893 0.0028478088399696215 0.0090924206357737257 0.029256128756188833 0.0029102005134691144 0.0032970824115247386 0.010800899134337308 -0.013447343283827462 -0.063139193302806929 0.010358959480289767 -0.0036467520587995274 0.008853438750273248 -0.019244867071982596 -0.035363718036815192 -0.0013589486812230524 0.0068858427507275327 0.027012847049991677 -0.0022569440201804796
leaf_weight=1632.4814184904099 11510.087194733322 722.85946567356586 5312.957987472415 151.63500858098269 16.207286767661572 6388.5285483002663 4713.2703408002853 1472.8917221426964 193.92275647819042 9.364613860845564 1022.3599526882172 1369.5113110840321 987.85321496427059 353.8137284964323 46.015838354825974 1197.6299836933613 1371.1498415619135 197.91604106128216 202.38541129231453
leaf_count=3140 37608 1672 12478 447 55 15447 14237 2663 788 42 1733 3086 1715 1674 150 2934 2583 399 433
internal_value=0.00215628 0.00164175 0.00397853 0.00064739 -0.000450726 0.00327599 -7.05238e-05 0.00538952 0.0024283 0.00929822 0.00256346 0.00151681 0.00332678 -0.0171205 0.00142856 -0.00261715 0.00962217 0.019239 0.00827422
internal_weight=38872.8 33536 10010.6 23525.4 16593.4 6932 16223.4 5336.87 6582.45 2103.37 7907.21 6682.47 3863.98 370.021 2876.13 1243.65 2094.01 349.551 1224.75
internal_count=103284 92682 22027 70655 53574 17081 51845 10602 16235 4297 17730 15564 7939 1729 6224 3084 4255 846 2166
is_linear=0
shrinkage=0.03


Tree=104
num_leaves=20
num_cat=0
split_feature=9 3 9 3 10 9 10 4 9 9 3 7 9 7 8 4 5 8 5
split_gain=68.2337 92.5534 92.1336 78.8445 72.4993 68.1818 61.6319 84.924 71.0044 182.38 83.8984 51.8093 49.7225 48.0054 45.5175 42.9711 36.7591 32.7719 32.6336
threshold=-15.856666666666568 -0.73030000000002571 10.610000000000584 0.14999999999996991 30.165977960865089 -34.45999999999912 74.126429125103385 0.13446666666667104 0.48666666667122632 -0.069999999999708948 0.46689999999998893 -0.023225994566106186 43.673333333339549 0.010941102487915801 0.054772092646487178 -1.0301666666666618 10.317499999999997 0.054784974901551924 1.7285999999999826
decision_type=2 2 2 2 2 2 2 2 2 2 2 2 2 2 2 2 2 2 2
left_child=1 4 6 18 5 -1 8 14 9 -2 -10 -7 13 -5 -8 -6 -17 -9 -4
right_child=2 -3 3 12 15 11 7 17 10 -11 -12 -13 -14 -15 -16 16 -18 -19 -20
leaf_value=0.0042232957387464218 0.00099179550955301628 0.0091737358155959403 0.014171745877579876 0.0027627060467875523 0.013073773670571696 -0.034307183003257156 0.012495492040438072 -0.0023263784998763387 0.0066140254505151121 -0.010941135736408413 -0.00091848257527403303 -0.0035289206685908221 0.0080570838440352285 -0.0035346903988168112 -0.00093455004810825667 5.7854694908038232e-06 0.018844051665310137 -0.010069184500704036 0.0063102962369819418
leaf_weight=1565.1151446253061 11394.362962901592 2652.682858645916 725.95744143426418 5312.3302571028471 703.69041918218136 50.726685851812363 339.75384484231472 807.37873160839081 3582.655040755868 1282.46718647331 2117.3079372942448 1659.7674224078655 1220.1111775040627 1370.5258768796921 685.14494801312685 640.00179636478424 109.11767603456974 1259.4002202600241 1375.9718548059464
leaf_count=3024 34015 5311 1682 12478 1140 164 1391 3762 8673 5704 5006 4395 2166 3086 2552 1297 158 4665 2615
internal_value=0.0020926 0.00468863 0.00148378 0.00386145 0.00217246 -0.000301481 0.000375713 -0.00354316 0.00103502 -0.000215414 0.003816 -0.00444169 0.002488 0.00147123 0.00351751 0.00775037 0.00274979 -0.00704449 0.00902546
internal_weight=38854.5 7381.1 31473.4 10004.9 4728.42 3275.61 21468.5 3091.68 18376.8 12676.8 5699.96 1710.49 7902.97 6682.86 1024.9 1452.81 749.119 2066.78 2101.93
internal_count=103284 15489 87795 22027 10178 7583 65768 12370 53398 39719 13679 4559 17730 15564 3943 2595 1455 8427 4297
is_linear=0
shrinkage=0.03


Tree=105
num_leaves=20
num_cat=0
split_feature=5 10 10 4 0 9 4 9 9 9 9 3 3 10 1 10 4 3 4
split_gain=65.6638 68.0675 74.8387 64.623 62.5222 61.651 70.8302 53.4169 52.4988 51.2344 153.295 120.923 77.6118 61.9376 59.515 50.41 119.524 57.171 47.3149
threshold=1.843199999999984 80.010515246079123 24.181285429307994 0.89626666666666954 2.5305000000000004 24.280000000006115 -0.13519999999999679 -30.726666666661909 -16.226666666676461 0.27333333333808701 -0.069999999999708948 -0.07600000000000677 0.30980000000001412 59.498207884506122 0.041499999999999974 98.347107426661395 0.5659333333333364 0.32019999999997062 -0.73279999999999956
decision_type=2 2 2 2 2 2 2 2 2 2 2 2 2 2 2 2 2 2 2
left_child=4 2 3 7 9 15 -7 -2 -4 10 11 -1 13 -11 -12 17 -17 -3 -14
right_child=1 5 8 -5 -6 6 -8 -9 -10 12 14 -13 18 -15 -16 16 -18 -19 -20
leaf_value=-0.0020703094859603893 0.0032877329647754165 0.0016037051164085544 0.0085180480503670684 0.019995478047859734 -0.0050428529044391221 0.026961240693796917 0.00093232887910495751 -0.0041418256700423012 0.0039296456680202665 0.011158177794400358 -0.016724704189459715 0.005674771880093043 -0.015705500859335322 0.0033609497993195986 -0.00159128991430545 -0.04247271916737648 0.0081697274004109977 -0.016589287170741488 0.00037046590304571969
leaf_weight=4412.846412666142 1587.6232692748308 221.35130947828293 2778.2163798362017 140.00537143647671 1556.1159797757864 100.55343662202358 1464.067975088954 1929.4038982689381 11676.406724855304 1272.698832064867 652.3315024971962 3080.910766415298 173.64919652044773 3279.6216777712107 364.6024107336998 47.682387486100197 348.52901917695999 522.20889510214329 3223.5463132113218
leaf_count=15095 3155 591 4877 219 4522 130 3128 5508 23331 3267 3500 10186 506 11342 1538 214 988 1714 9473
internal_value=0.00203098 0.00317866 0.00384156 7.62944e-06 0.00070495 -0.00126086 0.00260513 -0.000788044 0.00481155 0.00124834 -0.000369269 0.00111393 0.00298013 0.00554083 -0.0112989 -0.0065679 0.00207512 -0.0111734 -0.000451264
internal_weight=38832.4 20816 18111.7 3657.03 18016.3 2704.39 1564.62 3517.03 14454.6 16460.2 8510.69 7493.76 7949.52 4552.32 1016.93 1139.77 396.211 743.56 3397.2
internal_count=103284 43855 37090 8882 59429 6765 3258 8663 28208 54907 30319 25281 24588 14609 5038 3507 1202 2305 9979
is_linear=0
shrinkage=0.03


Tree=106
num_leaves=20
num_cat=0
split_feature=4 10 9 9 3 3 10 5 9 9 4 3 5 6 9 5 8 9 3
split_gain=65.2071 72.766 73.4657 166.954 91.9445 81.223 85.4968 69.2587 51.8305 47.5939 89.5268 51.662 49.7963 44.76 37.0692 29.8669 19.6352 18.3739 70.0177
threshold=5.6565000000000039 74.644362386594153 0.83000000000174634 -0.069999999999708948 -0.070200000000012586 0.33139999999998643 41.624365479288372 0.30099999999999366 31.269999999989526 10.34666666667181 0.13446666666667104 0.17239999999998531 1.7285999999999826 2.4175000000000009 50.713333333333146 0.73739999999999661 0.054765779134051513 -10.290000000000871 -1.5753000000000104
decision_type=2 2 2 2 2 2 2 2 2 2 2 2 2 2 2 2 2 2 2
left_child=1 2 3 4 -1 6 -4 -5 -7 10 13 12 -11 -3 -13 -12 -2 -18 -19
right_child=16 9 5 7 -6 8 -8 -9 -10 11 15 14 -14 -15 -16 -17 17 18 -20
leaf_value=0.00074419443261791816 0.048874107530640726 0.0049386962304353247 -0.0068212695177428048 -0.017207678189917024 0.0052610515296331256 0.00098456924162813615 0.0087839704284309317 -0.0036506026173715937 0.0094976879351938385 0.013714109802638276 -0.011454360198609711 -0.0015395183558845177 -0.00015758743428691941 -0.023922092115516016 0.0075502218012333854 -0.0040066938724098973 0.021022647996738624 -0.048595309796876651 0.0092959450061945881
leaf_weight=12612.777690075338 11.533813342452047 951.86646163463593 342.37682692706585 503.31348554044962 5978.5342543199658 4779.9777636229992 4097.4101693257689 1039.7570026293397 743.80931481719017 507.6813421100378 928.08105289936066 3478.7976922690868 430.3227191567421 50.952154546976089 456.81047047674656 1014.1721265763044 108.72833451628685 19.284241899847984 753.26522623002529
leaf_count=33281 24 3654 935 2895 15964 10552 8915 3539 1270 1297 4446 9311 958 209 811 3624 152 67 1380
internal_value=0.00197118 0.00178249 0.00245232 0.00140969 0.00219671 0.00455928 0.00758056 -0.0080726 0.00213091 -0.000796045 -0.00380702 0.00102346 0.00735027 0.00347231 -0.000484462 -0.00756547 0.00998492 0.00947595 0.00785087
internal_weight=38809.5 37916.6 30098 20134.4 18591.3 9963.57 4439.79 1543.07 5523.79 7818.68 2945.07 4873.61 938.004 1002.82 3935.61 1942.25 892.812 881.278 772.549
internal_count=103284 101661 77351 55679 49245 21672 9850 6434 11822 24310 11933 12377 2255 3863 10122 8070 1623 1599 1447
is_linear=0
shrinkage=0.03


Tree=107
num_leaves=20
num_cat=0
split_feature=9 9 3 3 10 10 5 10 1 7 5 3 4 10 5 4 5 3 4
split_gain=63.3358 77.5332 74.838 60.3721 52.4184 80.9304 48.2746 46.945 46.4198 45.4983 38.5256 36.8231 41.2482 30.3328 32.2682 29.1898 28.345 37.9222 27.9888
threshold=-21.246666666665984 17.790000000000877 4.6581999999999866 -1.2815000000000267 74.644362386594153 32.029567505236429 2.0187999999999788 69.440126792845646 6.1575000000000015 -0.020632503172812729 7.996699999999989 1.614199999999985 8.019100000000007 24.181285429307994 33.222199999999994 11.089433333333343 2.7580000000000031 1.982399999999964 -5.5278999999999936
decision_type=2 2 2 2 2 2 2 2 2 2 2 2 2 2 2 2 2 2 2
left_child=3 2 4 6 5 -2 -1 16 -6 -4 -11 15 -13 18 -15 -9 17 -3 -8
right_child=1 7 9 -5 8 -7 13 11 -10 10 -12 12 -14 14 -16 -17 -18 -19 -20
leaf_value=-0.018647266044673427 -0.0013091962064298776 0.0031845650979707529 0.018798798202556078 0.0086317282470399596 -0.001610626787487074 0.0026826196427246251 -0.0073493230089080389 0.0056602943538640932 -0.024284509349683125 -0.033026821461542927 -0.010006171784112316 -0.0013252323782899462 0.012819977928416977 0.0049691370901228911 0.022114805381843954 -0.045428492784874486 0.01020690522101046 -0.049786515992864398 0.0022206657479387094
leaf_weight=97.02746807038784 6451.1925348415971 457.02348992228508 38.316211715340614 2289.2280546426773 4437.7439983785152 15683.951828047633 343.87379688024521 2195.6728895306587 82.779081746935844 86.477820038795471 268.77803893387318 2034.6478810012341 204.15254661440849 1092.8338551670313 108.60650961101055 10.111568272113798 1521.3968299031258 12.496081084012983 1374.1462419331074
leaf_count=324 22826 906 55 4342 16432 38910 773 4750 300 321 658 4527 339 2009 152 40 2575 43 3002
internal_value=0.00191295 0.00143041 0.000726275 0.00495828 0.000918019 0.00151922 0.00217048 0.00438997 -0.00202583 -0.0122601 -0.01561 0.00267509 -3.53538e-05 0.00286236 0.00651905 0.0054261 0.00821835 0.00177476 0.000305165
internal_weight=38790.5 33484.7 27049.2 5305.72 26655.7 22135.1 3016.49 6435.5 4520.52 393.572 355.256 4444.58 2238.8 2919.46 1201.44 2205.78 1990.92 469.52 1718.02
internal_count=103284 92682 79502 10602 78468 61736 6260 13180 16732 1034 979 9656 4866 5936 2161 4790 3524 949 3775
is_linear=0
shrinkage=0.03


Tree=108
num_leaves=20
num_cat=0
split_feature=9 10 4 5 9 10 9 3 9 4 3 0 3 3 2 10 4 10 8
split_gain=61.0484 68.831 72.2132 112.64 82.5304 65.6179 59.9714 52.5336 50.9651 79.9416 46.8919 57.9687 44.2532 43.2373 33.8439 26.3867 27.762 23.2013 18.4059
threshold=-34.45999999999912 17.748979081042865 -0.25209999999999549 0.23219999999999943 -3.4666666666671513 74.644362386594153 32.496666666665995 2.5050999999999961 10.34666666667181 0.042533333333342131 -0.070200000000012586 0.60250000000000015 -1.8337999999999861 0.17239999999998531 1.5000000000000002 0.39551764057157618 -1.0942333333333296 0.25856507248707322 6.4624299657815332
decision_type=2 2 2 2 2 2 2 2 2 2 2 2 2 2 2 2 2 2 2
left_child=12 2 3 -2 -5 6 7 -3 9 -7 11 -4 15 -10 -12 16 17 -1 -8
right_child=1 5 10 4 -6 8 18 -9 13 -11 14 -13 -14 -15 -16 -17 -18 -19 -20
leaf_value=-0.0001473811941473403 -0.032865551238955355 0.0029419029153141618 -0.0095325062258627725 -0.0020135776326596494 -0.02159464245203039 0.0055758885669142128 -0.013669964554886628 -0.0027017371233869405 0.0072463140594807894 -0.0061020474739228395 0.032255880693495949 0.0070212408442545931 0.011563931962013118 0.00022291421925009342 0.0065002703481943916 0.004617077549515426 -0.059912210289646183 -0.032686956945653704 0.010865334671414938
leaf_weight=124.50219076871872 121.9944729283452 20911.96539940685 430.43752823770046 2670.1030372083187 208.87894208729267 686.30477998405695 28.344032555818558 1597.8583379685879 967.38119252026081 2281.0730305165052 48.609924882650375 341.39374398440123 938.87756156921387 4275.0665308982134 829.04121676087379 1329.7513612359762 8.8809244781732541 23.432793945074081 944.18765844404697
leaf_count=272 945 50462 2127 9371 1256 2535 68 3447 2318 9466 170 1176 1601 10753 3125 2495 38 76 1583
internal_value=0.00185669 0.00154915 -0.00185911 -0.00463067 -0.00343424 0.00204927 0.00285642 0.00254129 -0.000259389 -0.00340114 0.00318331 -0.00221051 0.00646492 0.00151893 0.00792678 0.00324452 -0.00839438 -0.00530163 0.0101503
internal_weight=38768.1 36342.6 4650.46 3000.98 2878.98 31692.2 23482.4 22509.8 8209.83 2967.38 1649.48 771.831 2425.44 5242.45 877.651 1486.57 156.816 147.935 972.532
internal_count=103284 98802 18170 11572 10627 80632 55560 53909 25072 12001 6598 3303 4482 13071 3295 2881 386 348 1651
is_linear=0
shrinkage=0.03


Tree=109
num_leaves=20
num_cat=0
split_feature=4 4 10 9 0 8 3 5 10 4 10 3 5 4 4 8 9 3 2
split_gain=60.7863 63.0673 63.0674 59.4533 59.2222 74.5402 56.7289 60.1237 54.9455 67.1047 49.8693 43.9077 27.818 24.2055 56.8793 18.3577 17.5422 64.9719 36.2895
threshold=5.6565000000000039 -1.2866666666666606 37.004007695704942 -21.246666666665984 0.34450000000000008 0.044699482002449616 -1.4638000000000122 10.317499999999997 12.050932973144848 -0.2348666666666652 78.947368418746166 -1.8337999999999861 3.3057999999999992 -8.8684999999999921 -3.2744333333333224 0.054765779134051513 -10.290000000000871 -1.5753000000000104 166.50000000000003
decision_type=2 2 2 2 2 2 2 2 2 2 2 2 2 2 2 2 2 2 2
left_child=1 2 4 6 5 -1 7 -3 9 -5 -10 -6 -8 -4 -15 -2 -17 18 -18
right_child=15 3 13 8 11 -7 12 -9 10 -11 -12 -13 -14 14 -16 16 17 -19 -20
leaf_value=0.04884764010804285 0.04694515924579154 -0.0041437697359061366 0.01783682279767055 -0.0084542106155964542 0.00073556099737720699 -0.011310293141575287 0.0054561403932402537 0.020308433837505937 0.0018096994708780871 0.0015762213435236122 -0.0012192036251808794 0.0076587543648263846 0.013000434817739964 -0.00080782899153611463 0.010282532358773071 0.020432279452621511 -0.080425407000841373 0.0088901234069804821 0.0028070569440281816
leaf_weight=19.429202295839787 11.669583633542059 748.31961019337177 216.25294477492571 1258.5148321017623 2201.2676629573107 403.82931232452393 1249.8873732835054 102.9516538977623 19912.133567236364 1147.7192043587565 6485.6723886430264 1318.1663548275828 678.75207141041756 569.32344904541969 1547.5054957270622 107.25933456420898 11.578820854425432 748.262635871768 7.9525600522756568
leaf_count=68 24 1758 325 6427 4693 1434 2605 145 49850 5192 21122 2887 1103 1195 2857 152 52 1380 15
internal_value=0.00180195 0.0016201 0.00436694 0.0010743 0.0020535 -0.00854881 0.00526404 -0.00118655 0.000669938 -0.00366992 0.00106553 0.00332857 0.00811123 0.00827645 0.00729977 0.00956626 0.00906778 0.00748018 -0.0465358
internal_weight=38746.4 37859.7 6275.77 31584 3942.69 423.259 2779.91 851.271 28804 2406.23 26397.8 3519.43 1928.64 2333.08 2116.83 886.723 875.053 767.794 19.5314
internal_count=103284 101661 13459 88202 9082 1502 5611 1903 82591 11619 70972 7580 3708 4377 4052 1623 1599 1447 67
is_linear=0
shrinkage=0.03


Tree=110
num_leaves=20
num_cat=0
split_feature=4 9 10 10 4 5 9 9 3 9 4 3 9 8 9 3 2 9 3
split_gain=57.4753 59.6483 54.95 70.3211 68.7271 88.0855 65.2534 50.9721 43.1305 42.0978 26.129 49.3228 26.9533 16.9065 16.811 60.8624 33.4422 21.9964 14.9187
threshold=5.6565000000000039 -34.45999999999912 17.748979081042865 74.644362386594153 -0.44546666666666485 0.32619999999999399 -9.8033333333296451 0.83000000000174634 -1.8337999999999861 29.136666666672685 -19.355999999999991 -15.94879999999999 -72.660000000010754 0.054765779134051513 -10.290000000000871 -1.5753000000000104 166.50000000000003 5.5466666666688988 3.752299999999996
decision_type=2 2 2 2 2 2 2 2 2 2 2 2 2 2 2 2 2 2 2
left_child=1 8 4 7 5 -3 -6 -4 10 -5 12 -12 -1 -2 -15 16 -16 -17 -10
right_child=13 2 3 9 6 -7 -8 -9 18 -11 11 -13 -14 14 15 17 -18 -19 -20
leaf_value=0.026740342387035876 0.044951605949415142 -0.029594680967485389 0.0013246015272506645 -0.0018838222826128158 0.0077089389231244946 -0.0039756934110276535 -0.0025390447192379178 0.0041752289303520224 0.010467540257384519 0.0035033846524452419 -0.014699585605679718 0.0037153239305479295 6.4194124183586539e-05 0.020011717690556843 -0.076997531978290526 -0.0059165560637258119 0.0027265974383908704 0.010472570627217166 0.029766482132003041
leaf_weight=79.738393679261208 11.819141983985899 127.67152485251427 13067.520023658872 6145.9851047471166 994.54856413602829 2240.2349398881197 1277.4962671324611 9939.3584739044309 881.81844322383404 1657.5902904868126 147.1729940623045 1184.1376961767673 59.543833017349243 106.24360874295235 11.729048803448679 82.920174866914749 7.9417798668146125 663.01719723641872 37.586667284369469
leaf_count=101 24 910 33082 20964 2941 7996 6320 21664 1532 3346 357 2285 120 152 52 200 15 1180 43
internal_value=0.00174894 0.00157233 0.00126306 0.00172142 -0.00178053 -0.005357 0.00194683 0.00255612 0.0061596 -0.000739503 0.00297304 0.0016796 0.0153362 0.00931211 0.00882897 0.00727714 -0.0448102 0.00865072 0.0112565
internal_weight=38724.1 37840.4 35450.4 30810.5 4639.95 2367.91 2272.04 23006.9 2390 7803.58 1470.59 1331.31 139.282 883.671 871.852 765.608 19.6708 745.937 919.405
internal_count=103284 101661 97223 79056 18167 8906 9261 54746 4438 24310 2863 2642 221 1623 1599 1447 67 1380 1575
is_linear=0
shrinkage=0.03


Tree=111
num_leaves=20
num_cat=0
split_feature=9 3 9 3 10 9 7 7 7 1 7 10 4 4 9 7 4 8 5
split_gain=55.808 80.5259 77.4261 65.7913 57.4142 50.8526 50.7189 112.035 104.035 75.9297 56.9088 48.1183 47.3571 41.6152 41.5794 47.6435 38.873 34.1938 30.5111
threshold=-15.856666666666568 -0.60480000000002698 10.610000000000584 0.14999999999996991 30.165977960865089 -34.45999999999912 0.00010994103313288762 0.00010916190402721072 0.00011062118218108098 0.04500000000000004 0.00011132429714733051 0.74906367038872912 8.019100000000007 -0.40846666666665499 43.673333333339549 0.010941102487915801 -1.0301666666666618 6.8884686823623857 10.317499999999997
decision_type=2 2 2 2 2 2 2 2 2 2 2 2 2 2 2 2 2 2 2
left_child=1 4 6 12 5 -1 7 9 17 -2 -10 -7 -4 -9 15 -5 -6 -8 -18
right_child=2 -3 3 14 16 11 8 13 10 -11 -12 -13 -14 -15 -16 -17 18 -19 -20
leaf_value=0.0036624041593247719 -0.0018449778102625019 0.0085933473351067317 0.0083684504967005552 0.0024374271057884642 0.011947359329399391 0.0053035583861288276 0.021746839893063304 -0.03883142453806554 -0.0094714129878724403 0.0028524327048184321 0.0022495084107951443 -0.006275018296098102 -0.059241698700033846 -0.012543939720966733 0.007212284097185542 -0.0038500985177443861 -5.1082067846208865e-07 -0.014601788606949623 0.017217222399746695
leaf_weight=1592.4462896585464 10211.591714628041 2377.3305672705173 2080.3114686086774 5295.7154563367367 697.68557485938072 417.5001063644886 299.17538070678711 66.861610852181911 398.9273370206356 4445.0711109563708 5696.7031820192933 1427.5874404907227 9.3660134077072126 286.2000907510519 1201.8514470309019 1364.0143354088068 700.10627564787865 25.258934676647186 106.7536642998457
leaf_count=3097 34256 4759 4255 12478 1153 1284 722 371 1484 13718 13837 3615 42 1312 2166 3086 1420 68 161
internal_value=0.00169754 0.00405643 0.00114735 0.00333411 0.00187399 -0.000265225 0.00013189 -0.00082262 0.00236348 -0.000420348 0.00148244 -0.00365506 0.00806542 -0.0175222 0.00207648 0.00114965 0.00676161 0.0189169 0.00227753
internal_weight=38700.5 7319.41 31381 9951.26 4942.08 3437.53 21429.8 15009.7 6420.06 14656.7 6095.63 1845.09 2089.68 353.062 7861.58 6659.73 1504.55 324.434 806.86
internal_count=103284 15489 87795 22027 10730 7996 65768 49657 16111 47974 15321 4899 4297 1683 17730 15564 2734 790 1581
is_linear=0
shrinkage=0.03


Tree=112
num_leaves=20
num_cat=0
split_feature=4 4 10 0 8 9 3 5 10 4 6 3 5 4 4 8 9 3 2
split_gain=53.826 58.6531 57.7272 54.4597 69.7814 52.1284 51.879 55.6853 48.7034 62.0066 48.7454 41.0341 26.0176 23.104 53.9829 15.7678 15.862 56.225 30.6924
threshold=5.6565000000000039 -1.2866666666666606 37.004007695704942 0.34450000000000008 0.044699482002449616 -21.246666666665984 -1.4638000000000122 10.317499999999997 12.050932973144848 -0.2348666666666652 12.729000000000003 -1.8337999999999861 3.3057999999999992 -8.8684999999999921 -3.2744333333333224 0.054765779134051513 -10.290000000000871 -1.5753000000000104 166.50000000000003
decision_type=2 2 2 2 2 2 2 2 2 2 2 2 2 2 2 2 2 2 2
left_child=1 2 3 4 -1 6 7 -3 9 -7 -10 -5 -8 -4 -15 -2 -17 18 -18
right_child=15 5 13 11 -6 8 12 -9 10 -11 -12 -13 -14 14 -16 16 17 -19 -20
leaf_value=0.046679808664227142 0.043226760519787001 -0.0041148393134873094 0.017282062280069267 0.00063132050733079976 -0.010975614291659804 -0.0081458399944219738 0.0050532183524913902 0.019608748385836199 0.0011378815944861683 0.0015113594806597736 -0.0076543976835383078 0.0073320362770242162 0.012379294366632513 -0.00097596674406511962 0.0098438714372512288 0.019456686744818187 -0.073546691111853316 0.0083401413367558061 0.0027046664915378457
leaf_weight=19.824412003159523 11.940194830298422 747.96206548810005 213.64393144100904 2197.0702746212482 402.13724057376385 1249.5280765816569 1246.8497153669596 101.08169086277485 25802.212612167001 1148.2730304449797 580.27216766774654 1314.7013879269361 671.10555276274681 568.05515703558922 1540.3661936670542 104.83128742873669 11.829352989792826 742.29723620414734 7.9396816641092292
leaf_count=68 24 1758 325 4693 1434 6427 2605 145 69630 5192 1342 2887 1103 1195 2857 152 52 1380 15
internal_value=0.00164742 0.00147679 0.00413043 0.00191629 -0.00826687 0.000950573 0.00488354 -0.00129046 0.000572448 -0.00352114 0.000944499 0.00313987 0.00761666 0.00788133 0.00692877 0.00898702 0.00851542 0.00701032 -0.0429225
internal_weight=38681.9 37803.1 6255.8 3933.73 421.962 31547.3 2767 849.044 28780.3 2397.8 26382.5 3511.77 1917.96 2322.07 2108.42 878.838 866.898 762.066 19.769
internal_count=103284 101661 13459 9082 1502 88202 5611 1903 82591 11619 70972 7580 3708 4377 4052 1623 1599 1447 67
is_linear=0
shrinkage=0.03


Tree=113
num_leaves=20
num_cat=0
split_feature=9 9 10 4 8 10 4 3 0 7 3 0 10 3 10 0 4 1 5
split_gain=53.0768 55.3689 55.2939 60.3983 60.4397 59.2249 56.0716 45.921 35.2774 34.945 35.1951 39.1727 37.856 25.584 22.9572 50.0852 29.9234 22.3422 15.9558
threshold=-46.969999999986605 29.136666666672685 74.644362386594153 6.6104666666666754 15.704776352357365 17.748979081042865 -0.25209999999999549 2.5050999999999961 0.93350000000000011 -0.0084970583415111527 1.6695999999999758 13.721500000000002 71.236759448585687 -2.852500000000012 8.3333333303966359 7.0025000000000013 -4.423799999999992 -2.7524999999999991 2.9721999999999951
decision_type=2 2 2 2 2 2 2 2 2 2 2 2 2 2 2 2 2 2 2
left_child=13 2 5 4 -4 6 -2 -7 -5 17 11 -11 -12 14 15 16 -1 -3 -15
right_child=1 9 3 8 -6 7 -8 -9 -10 10 12 -13 -14 18 -16 -17 -18 -19 -20
leaf_value=-0.067509796260867325 -0.0034483643706186176 0.0038333012674267612 -0.0017209300913451164 0.03915994017218228 -0.056472142325574286 0.0026406094663027355 0.0031773774388053938 -0.0027511409479361129 0.0052741269725533248 0.0093717880523562277 0.0085287362894976553 -0.021049740826447668 -0.0013458931631139402 0.0033574478123427377 0.0075175180741819036 0.0052401540176294694 -0.016040020868280411 0.021526797405313967 0.016522525943055959
leaf_weight=13.865285992622374 3486.6970739513636 99.052860215306282 6157.0285030379891 49.814583212137222 18.199477508664131 21381.426310323179 1714.9021139740944 1522.9137545078993 62.14569017291069 1097.8709787726402 490.93581655621529 39.463983133435249 1212.0636061578989 108.35709084570408 511.576475456357 125.74234130978584 38.102531224489212 182.70487730205059 352.03320749104023
leaf_count=55 12656 188 20961 82 70 51390 6709 3292 122 1995 857 103 2571 208 906 231 96 253 539
internal_value=0.00159874 0.00140416 0.00105692 -0.00148637 -0.00188229 0.00162584 -0.00126394 0.00228211 0.020351 0.00522945 0.00422981 0.0083162 0.00150074 0.00794812 0.00429065 -0.00499858 -0.0297724 0.0153066 0.013424
internal_weight=38664.9 37515.2 34393.1 6287.19 6175.23 28105.9 5201.6 22904.3 111.96 3122.09 2840.33 1137.33 1703 1149.68 689.287 177.71 51.9678 281.758 460.39
internal_count=103284 101249 95282 21235 21031 74047 19365 54682 204 5967 5526 2098 3428 2035 1288 382 151 441 747
is_linear=0
shrinkage=0.03


Tree=114
num_leaves=20
num_cat=0
split_feature=5 3 1 4 3 0 4 3 10 4 4 4 4 2 9 10 9 7 10
split_gain=51.1481 56.8385 54.2107 44.1463 73.3656 63.5263 31.0649 47.3587 44.3368 40.8288 53.9629 38.0488 28.7682 28.2735 16.4244 33.8767 41.0346 8.72976 4.73806
threshold=7.0869999999999846 6.1905999999999777 -24.729499999999998 -1.2866666666666606 -3.0255000000000347 0.14750000000000005 -19.355999999999991 -5.7609999999999895 58.258088403464633 1.8274000000000068 5.6565000000000039 -2.2192333333333267 -3.8152333333333277 160.50000000000003 -72.660000000010754 23.704866561487247 -46.969999999986605 0.0085440380530599231 82.341149094439217
decision_type=2 2 2 2 2 2 2 2 2 2 2 2 2 2 2 2 2 2 2
left_child=1 2 -1 5 -5 -4 14 8 11 12 -11 -8 -9 -10 -2 16 -16 -17 -3
right_child=6 18 3 4 -6 -7 7 9 13 10 -12 -13 -14 -15 15 17 -18 -19 -20
leaf_value=-0.063329708341772678 0.026172612122211884 -0.071834902215880861 -0.010426670834815532 -0.01266256962759941 0.00092629281943909872 0.0052950051011815876 -0.002384140985444312 8.6151145968735494e-05 -0.043382754631524953 -0.0021766829984447354 0.0087009045156115714 0.011243808925261467 0.0093079847133898854 0.0035667721954511706 -0.047968475448587115 0.023513519208601574 0.013360873294462502 0.0056686690533650991 -0.039554098912585399
leaf_weight=11.739703357219694 78.003082245588303 7.7009090185165432 247.96367418020964 362.06129118800163 28867.268386788666 3444.5660021454096 1078.3433980494738 359.17137262225151 35.549486860632896 1105.3016151413321 652.93335694074631 222.41348269581795 1998.458137050271 17.095564559102058 18.061230108141899 75.257426172494888 21.515211373567581 36.707073539495468 8.7325771450996381
leaf_count=50 101 33 942 937 82791 7541 2328 713 117 2365 1164 382 3484 32 60 103 38 70 33
internal_value=0.00155148 0.00109761 0.00112545 0.00114843 0.000757969 0.00423925 0.00417572 0.00372196 -0.0011463 0.00532277 0.00186279 -5.39286e-05 0.00790309 -0.0281367 0.0149875 0.00923011 -0.0146276 0.0176632 -0.0546812
internal_weight=38648.8 32950 32933.6 32921.9 29229.3 3692.53 5698.81 5469.27 1353.4 4115.86 1758.23 1300.76 2357.63 52.6451 229.544 151.541 39.5764 111.964 16.4335
internal_count=103284 92327 92261 92211 83728 8483 10957 10585 2859 7726 3529 2710 4197 149 372 271 98 173 66
is_linear=0
shrinkage=0.03


Tree=115
num_leaves=20
num_cat=0
split_feature=9 3 9 3 10 9 7 7 7 7 1 7 4 4 9 10 8 5 10
split_gain=49.9973 74.4942 71.4043 61.3347 55.7569 52.6349 48.7802 46.8064 105.634 97.944 71.1943 53.2389 40.1491 38.9063 38.6713 38.7216 32.1135 30.5008 60.1006
threshold=-15.856666666666568 -0.73030000000002571 10.610000000000584 0.14999999999996991 30.165977960865089 -34.45999999999912 -0.023225994566106186 0.00010994103313288762 0.00010916190402721072 0.00011062118218108098 0.04500000000000004 0.00011132429714733051 -0.40846666666665499 -1.0301666666666618 75.973333333335191 71.236759448585687 6.8884686823623857 1.7285999999999826 98.712446345957375
decision_type=2 2 2 2 2 2 2 2 2 2 2 2 2 2 2 2 2 2 2
left_child=1 4 7 17 5 -1 -7 8 10 16 -2 -11 -10 -6 15 -5 -9 -4 -19
right_child=2 -3 3 14 13 6 -8 9 12 11 -12 -13 -14 -15 -16 -17 -18 18 -20
leaf_value=0.0033167802324501074 -0.0018975816039612657 0.0077992789699414013 0.012611899744842366 0.0042030814534993188 0.011575005993012295 -0.033289899058414542 -0.0034373374166770426 0.020911499543199662 -0.038329280406834483 -0.009309722161304693 0.0026500182143539843 0.0020393588979971972 -0.01230659643635681 0.0016441670791068159 0.014019924366265476 -0.00018970113296366237 -0.014302861164655983 0.005890606001206387 -0.039892032214741149
leaf_weight=1546.2438490688801 10206.845541521907 2614.0951963812113 729.01811297237873 2943.7587335705757 685.33651420474052 50.775030300021172 1654.5659955590963 300.53947307914495 65.650585323572159 398.01640677452087 4448.7070835530758 5692.5460482090712 285.01787456125021 736.72499570250511 229.01080307364464 4672.6940236985683 25.266697496175766 1327.3331316411495 26.317592829465866
leaf_count=3024 34256 5311 1682 5731 1140 164 4395 722 371 1484 13718 13837 1312 1455 370 11629 68 2512 103
internal_value=0.00150543 0.0037437 0.000985124 0.00308823 0.0014753 -0.000691677 -0.00432617 1.04544e-05 -0.000906498 0.00215497 -0.000517153 0.0012977 -0.0171784 0.00643015 0.00187333 0.00150811 0.0181806 0.0076648 0.0050005
internal_weight=38638.5 7287.74 31350.7 9928.13 4673.65 3251.58 1705.34 21422.6 15006.2 6416.37 14655.6 6090.56 350.668 1422.06 7845.46 7616.45 325.806 2082.67 1353.65
internal_count=103284 15489 87795 22027 10178 7583 4559 65768 49657 16111 47974 15321 1683 2595 17730 17360 790 4297 2615
is_linear=0
shrinkage=0.03


Tree=116
num_leaves=20
num_cat=0
split_feature=9 9 10 4 8 10 9 3 10 10 0 9 0 3 7 10 0 4 1
split_gain=48.2726 50.9136 51.0485 56.093 56.5089 55.0472 77.5725 65.8494 33.2968 40.8862 34.3769 33.4789 32.9422 24.1266 23.7088 21.76 46.588 27.1419 20.7563
threshold=-46.969999999986605 29.136666666672685 74.644362386594153 6.6104666666666754 15.704776352357365 31.612903224741377 -2.9000000000014547 2.5050999999999961 91.999999974100305 99.613899609838882 0.26850000000000007 41.076666666667741 0.93350000000000011 -2.852500000000012 -0.0084970583415111527 8.3333333303966359 7.0025000000000013 -4.423799999999992 -2.7524999999999991
decision_type=2 2 2 2 2 2 2 2 2 2 2 2 2 2 2 2 2 2 2
left_child=13 2 5 4 -4 6 -2 -7 14 11 -11 -10 -5 15 18 16 17 -1 -3
right_child=1 8 3 12 -6 7 -8 -9 9 10 -12 -13 -14 -15 -16 -17 -18 -19 -20
leaf_value=-0.064449332906750686 0.0006059860792622273 0.0036569956373480599 -0.0017256428160211375 0.037651648692224232 -0.054585980139205591 0.0029301017191148454 -0.0078816162917603946 -0.0038287299209537004 -0.020466720595410066 0.035367614580842796 0.0029497915959749896 -0.00051676402274167992 0.0049202010332139532 0.012890964318807003 0.0054077466803733702 0.0071418719758625125 0.0048773023728422779 -0.015721900503085789 0.020853907693391859
leaf_weight=14.082135200500487 8206.0174258351326 98.115580007433891 6156.0736179500818 50.023051738739014 18.255158066749573 17375.060995213687 1098.9068778976798 1402.0157905369997 131.14454752206802 33.934595376253128 222.29027484357357 179.08778376877308 61.93931870162487 455.58202277123928 2267.4438757672906 507.83926969766617 125.03332158923149 38.18591570854187 177.33796621859074
leaf_count=55 24178 187 20961 82 70 41838 4960 3071 393 54 489 376 122 747 4219 906 231 96 249
internal_value=0.00146103 0.00127598 0.000943395 -0.00150032 -0.00188193 0.00149043 -0.000396395 0.00242544 0.00495216 -0.00162545 0.00724323 -0.00895021 0.0195441 0.00754057 0.00641739 0.00398284 -0.00506547 -0.0288501 0.0147284
internal_weight=38618.4 37477.6 34368.3 6286.29 6174.33 28082 9304.92 18777.1 3109.35 566.457 256.225 310.232 111.962 1140.72 2542.9 685.141 177.301 52.2681 275.454
internal_count=103284 101249 95282 21235 21031 74047 29138 44909 5967 1312 543 769 204 2035 4655 1288 382 151 436
is_linear=0
shrinkage=0.03


Tree=117
num_leaves=20
num_cat=0
split_feature=4 4 6 9 3 9 5 8 9 10 9 1 7 9 3 2 9 7 8
split_gain=47.5067 47.2172 52.0055 46.786 70.2181 56.5039 32.9284 22.8127 26.767 70.3455 27.4721 19.2586 16.2871 14.433 53.6321 28.4003 20.5947 4.91922 6.04004
threshold=-19.355999999999991 5.6565000000000039 26.961500000000004 -15.856666666666568 -0.73030000000002571 10.610000000000584 6.7252999999999954 3.4326376339371913 -72.660000000010754 15.966791926368609 -50.379999999997374 33.867000000000012 -0.011350330817810892 -10.290000000000871 -1.5753000000000104 166.50000000000003 5.5466666666688988 0.010046242336592128 10.675181462886625
decision_type=2 2 2 2 2 2 2 2 2 2 2 2 2 2 2 2 2 2 2
left_child=7 2 3 4 -2 -5 -4 -1 -9 10 -10 -8 -11 17 15 -15 -16 18 -3
right_child=1 13 6 5 -6 -7 11 8 9 12 -12 -13 -14 14 16 -17 -18 -19 -20
leaf_value=0.040318961029534139 0.0011834497924758302 0.025761777783740392 -0.0641178220502749 -7.1233374968517486e-05 0.0074669565192761649 0.0027526538497376135 -0.0050094450177482538 0.02563563789697625 -0.11438735354859496 0.026051784362703365 -0.018579710037080546 -0.022052025902298714 0.0028112889152475968 -0.071185517517141375 -0.0056706448212868292 0.0022453838506061607 0.0099134173539397567 0.033083581776308185 0.0093892924161900881
leaf_weight=27.526473596692085 4288.4121061116457 33.254666849970818 9.7515458017587644 21113.0534209162 2553.8063991218805 9136.9358590841293 309.65996769070625 76.366991519927979 5.798812136054039 38.55975054204464 5.0301694273948652 73.920925989747047 91.629522353410721 11.900133579969408 86.276229068636894 7.8787703067064276 661.33262569457293 17.884218215942383 51.974115595221519
leaf_count=34 9446 42 42 65135 5217 20540 678 101 30 51 13 195 179 52 210 15 1194 19 91
internal_value=0.00141787 0.00133378 0.00117337 0.00128844 0.00352872 0.000781715 -0.00967776 0.0145887 0.0113305 0.00358377 -0.0698838 -0.00829377 0.00969471 0.00824097 0.00682497 -0.0419349 0.00811497 0.0187791 0.0157775
internal_weight=38601 38356 37485.5 37092.2 6842.22 30250 393.332 244.912 217.385 141.018 10.829 383.581 130.189 870.501 767.388 19.7789 747.609 103.113 85.2288
internal_count=103284 102876 101253 100338 14663 85675 915 408 374 273 43 873 230 1623 1471 67 1404 152 133
is_linear=0
shrinkage=0.03


Tree=118
num_leaves=20
num_cat=0
split_feature=0 2 8 8 5 7 8 8 4 3 0 9 8 8 8 5 10 7 10
split_gain=45.8582 63.8432 46.7099 47.4256 47.4759 46.6545 45.9864 39.0753 45.1057 36.711 57.8083 50.0883 35.3404 93.5103 42.9299 33.1788 32.9971 32.115 35.7391
threshold=0.15750000000000006 1.5000000000000002 0.044699482002449616 0.044720580166351435 0.19519999999999865 0.00011287643586488373 0.044721615932894365 1.0000000180025095e-35 -4.423799999999992 -0.19980000000003376 0.019500000000000007 -2.4833333333372134 0.044734324030187921 0.044721269360503607 0.044743889601854638 1.7077000000000047 40.839268586019692 0.00021577813287265715 99.758454102910221
decision_type=2 2 2 2 2 2 2 2 2 2 2 2 2 2 2 2 2 2 2
left_child=1 9 7 -4 -5 12 -6 8 -2 10 -1 -11 13 -3 -14 -10 -13 -7 -19
right_child=2 5 3 4 6 17 -8 -9 15 11 -12 16 14 -15 -16 -17 -18 18 -20
leaf_value=-0.025957058153857949 0.070294842387253753 -0.00011012605763342334 -0.015571103731706008 -0.011168990821716868 0.016851566130172739 0.014734401663796104 0.0017768354335525932 0.028216530327182947 0.0077725701690991508 0.029404553013475665 0.015302665888953496 -0.018473139707055948 0.018432764195524889 -0.020464401763240631 -0.0020711247602364915 -0.025563656477183141 0.010198892054842338 -0.011204001740553542 0.052095949763833006
leaf_weight=63.037743255496025 9.8108978569507581 502.44102662801743 142.72958651185036 253.56511687487364 183.18551194667816 238.97768419981003 31498.053414784372 96.491814255714417 336.79640546441078 117.41422890126705 59.322618693113327 41.41761402785778 93.959022276103497 341.00773446261883 4200.1680418103933 29.199805706739426 282.6637567281723 90.30557020008564 8.8106752932071668
leaf_count=294 14 2532 655 1329 641 487 75800 232 1362 353 199 225 364 2062 15306 111 1053 256 9
internal_value=0.00137582 -0.00102505 0.0018213 0.0016834 0.00176052 -0.00201484 0.001864 0.0111871 0.0068146 0.0085869 -0.00595356 0.0126168 -0.00272521 -0.00833939 -0.00162248 0.00511295 0.00653461 0.00877984 -0.00557712
internal_weight=38589.4 6039.53 32549.8 32077.5 31934.8 5475.67 31681.2 472.299 375.807 563.856 122.36 441.496 5137.58 843.449 4294.13 365.996 324.081 338.094 99.1162
internal_count=103284 23140 80144 78425 77770 21016 76441 1719 1487 2124 493 1631 20264 4594 15670 1473 1278 752 265
is_linear=0
shrinkage=0.03


Tree=119
num_leaves=20
num_cat=0
split_feature=4 4 6 10 9 9 5 8 9 10 9 1 7 8 9 3 7 8 2
split_gain=45.0362 44.5823 48.9475 45.4789 61.1023 38.8003 31.0309 21.3807 25.8145 64.5642 21.5962 17.9122 15.7084 15.2222 14.7879 49.5755 4.81256 4.58614 4.02738
threshold=-19.355999999999991 5.6565000000000039 26.961500000000004 74.644362386594153 0.83000000000174634 15.053333333322373 6.7252999999999954 3.4326376339371913 -72.660000000010754 15.966791926368609 -54.966666666667145 33.867000000000012 -0.011350330817810892 0.04472188166049313 -10.290000000000871 -1.5753000000000104 0.010046242336592128 21.267228327193006 1095.5000000000002
decision_type=2 2 2 2 2 2 2 2 2 2 2 2 2 2 2 2 2 2 2
left_child=7 2 3 4 -2 -5 -4 -1 17 10 -10 -8 -11 -3 16 -16 -15 -9 -19
right_child=1 13 6 5 -6 -7 11 8 9 12 -12 -13 -14 14 15 -17 -18 18 -20
leaf_value=0.039147580075985823 0.0007805349446997667 0.05266393494403359 -0.062288876124318319 -0.0029114137445314828 0.0036841073933877415 0.0013432309963430675 -0.0049050682606474562 0.035252580480471009 -0.10515541571180562 0.025647239876957783 -0.021531431341525006 -0.021293501019762979 0.0026804916876544643 0.015374861206966848 -0.040639459142931697 0.0074394424331705863 0.032632808728450154 0.014051371347240287 0.032845749294114823
leaf_weight=27.443477764725685 19572.925954692066 6.8075546622276297 9.744028300046919 3961.0261174663901 9783.0865539163351 3760.5067686140537 309.99773143231869 26.552905187010765 5.906335324048996 37.923152275383472 5.2500673085451108 74.435222342610359 91.401338502764702 84.554578736424446 19.82033683359623 737.9390000551939 17.563248559832573 33.857431016862392 14.723961174488066
leaf_count=34 54775 10 42 15260 21419 8884 678 27 29 51 14 195 179 133 67 1394 19 57 17
internal_value=0.00133471 0.0012531 0.00109752 0.00120931 0.00174817 -0.000839335 -0.00941834 0.0142075 0.0110332 0.00344175 -0.065803 -0.00807825 0.00941527 0.00797987 0.00762611 0.00618187 0.0183431 0.0252271 0.0197475
internal_weight=38581.5 38338.4 37471.7 37077.5 29356 7721.53 394.177 243.059 215.615 140.481 11.1564 384.433 129.324 866.685 859.877 757.759 102.118 75.1343 48.5814
internal_count=103284 102876 101253 100338 76194 24144 915 408 374 273 43 873 230 1623 1613 1461 152 101 74
is_linear=0
shrinkage=0.03


Tree=120
num_leaves=20
num_cat=0
split_feature=9 9 3 4 10 0 10 10 3 4 5 2 4 3 5 10 0 4 1
split_gain=44.646 46.0808 59.1734 53.4129 100.605 48.3586 41.0401 33.756 33.2989 43.8094 30.0431 29.7604 25.4549 23.1779 22.0474 20.4646 42.8037 24.4614 17.4239
threshold=-46.969999999986605 17.790000000000877 4.6581999999999866 0.5659333333333364 98.347107426661395 1.2185000000000004 62.308002728201366 75.130412420389106 1.614199999999985 5.6565000000000039 6.9078999999999935 10.500000000000002 11.089433333333343 -2.852500000000012 2.7580000000000031 8.3333333303966359 7.0025000000000013 -4.423799999999992 0.13700000000000009
decision_type=2 2 2 2 2 2 2 2 2 2 2 2 2 2 2 2 2 2 2
left_child=13 2 3 4 -2 18 11 -5 12 -10 -7 -3 -8 15 -13 16 17 -1 -4
right_child=1 6 5 7 -6 10 8 -9 9 -11 -12 14 -14 -15 -16 -17 -18 -19 -20
leaf_value=-0.061272711740586301 0.00047278030523368008 0.021119135836597708 -0.043407304432609102 0.0044678067962514775 -0.011263200381516486 -0.03663907999803645 0.004942121212978043 -0.00045759992256673345 -0.0017258053049060799 0.0084947477599062304 -0.0031400796552449664 -0.0031629275978596835 -0.043051542967279498 0.012433168781241146 0.0090345959697190701 0.0067492948105969987 0.0044928183674596295 -0.015293762971481811 -0.014797705782976298
leaf_weight=14.302724272012709 23422.979171305895 152.86790569126606 46.48125221580267 4861.0425060838461 676.37106011807919 26.034094870090485 2639.7751475274563 1686.8725323230028 2216.3289803266525 454.92781736701727 323.45727942883968 163.48639796674252 9.9835758954286558 451.66195212304592 723.97897928208113 503.78461805731058 124.19226743280888 38.298861056566238 32.592612981796265
leaf_count=55 67724 227 204 10473 3042 93 5599 5733 4906 817 692 345 40 747 1246 906 231 96 108
internal_value=0.00129513 0.00111762 0.000641419 0.000796225 0.000143399 -0.0104289 0.00344393 0.00319892 0.00237846 1.48038e-05 -0.00563547 0.0088935 0.00476129 0.00716425 0.0067876 0.00366756 -0.00511402 -0.0277957 -0.031615
internal_weight=38569.4 37437.2 31075.8 30647.3 24099.4 428.565 6361.35 6547.92 5321.02 2671.26 349.491 1040.33 2649.76 1132.24 887.465 680.578 176.794 52.6016 79.0739
internal_count=103284 101249 88069 86972 70766 1097 13180 16206 11362 5723 785 1818 5639 2035 1591 1288 382 151 312
is_linear=0
shrinkage=0.03


Tree=121
num_leaves=20
num_cat=0
split_feature=4 10 0 3 4 5 3 3 10 9 4 3 5 4 8 5 5 9 3
split_gain=43.2357 52.0457 47.8583 62.835 46.7452 99.0533 83.3801 72.627 67.0377 76.6121 62.3186 60.6732 57.6776 46.5417 39.8274 45.5652 38.5856 36.0022 35.2138
threshold=-1.2866666666666606 37.447698743673847 0.054500000000000014 1.1692999999999898 0.46970000000000495 4.6710000000000038 -1.5753000000000104 0.568799999999969 71.236759448585687 5.3733333333439086 0.10643333333333653 0.84579999999998323 0.23219999999999943 1.1398666666666697 0.044699482002449616 1.891999999999977 0.69500000000000373 31.269999999989526 -3.0255000000000347
decision_type=2 2 2 2 2 2 2 2 2 2 2 2 2 2 2 2 2 2 2
left_child=1 2 3 -1 5 6 10 -8 12 16 -2 -11 13 -6 15 -4 -10 -14 -7
right_child=4 -3 14 -5 8 18 7 -9 9 11 -12 -13 17 -15 -16 -17 -18 -19 -20
leaf_value=-0.031433518968778648 -0.01079024901656952 0.0071884745196998563 0.045750242711816748 0.065466305331187621 0.010681049024133676 -0.0012723601940956501 0.00063791107300306986 -0.0046499623672184411 -0.022008782158658237 0.0055784345243475126 0.01343563396072465 -0.0013613504589423337 0.0034437202917075339 0.058762746057608485 0.0016114224462733528 -0.035387143675871729 -0.0050605019049708476 0.012382848514694449 0.0085531953942766231
leaf_weight=66.20080877840519 1043.6315279006958 2253.6389892548323 34.300241246819496 6.6255777776241294 43.841865122318268 419.9416833370924 14351.93978317827 2792.4869666397572 185.10983793437481 1724.0839921459556 105.19843910634518 3311.8156832903624 6046.2813077047467 30.88083790242672 3842.4671856611967 7.6115470230579367 348.51881103217602 434.63933796435595 1503.9452976882458
leaf_count=322 3140 4287 93 8 169 880 46630 7470 940 4686 195 8164 12925 49 8719 30 1177 716 2684
internal_value=0.00125683 0.0035494 0.00147694 -0.0226178 0.000816577 -6.66817e-05 -0.000747671 -0.000223379 0.0022893 -0.000130814 -0.00857188 0.00101455 0.00434537 0.0305519 0.00192868 0.031015 -0.0109397 0.00404322 0.0064085
internal_weight=38553.2 6210.84 3957.21 72.8264 32342.3 20217.1 18293.3 17144.4 12125.2 5569.53 1148.83 5035.9 6555.64 74.7227 3884.38 41.9118 533.629 6480.92 1923.89
internal_count=103284 13459 9172 330 89825 60999 57435 54100 28826 14967 3335 12850 13859 218 8842 123 2117 13641 3564
is_linear=0
shrinkage=0.03


Tree=122
num_leaves=20
num_cat=0
split_feature=9 3 10 3 4 5 4 5 5 0 7 10 8 5 9 5 3 8 9
split_gain=43.3616 74.0229 65.7554 70.845 85.4285 65.8191 60.4999 56.7831 56.4982 67.1823 53.6162 47.3137 45.5666 40.2069 40.0215 37.5621 84.1439 41.7411 35.9099
threshold=-14.476666666669187 -0.73030000000002571 36.204687111157348 -0.16560000000003283 -0.50086666666665958 1.1086999999999954 -0.26026666666666037 26.971299999999992 0.16099999999997597 0.0085000000000000023 -0.00011251264361300527 24.181285429307994 0.044699482002449616 33.222199999999994 -2.3499999999985444 1.5059999999999889 0.41399999999996523 0.21908398286638067 -34.45999999999912
decision_type=2 2 2 2 2 2 2 2 2 2 2 2 2 2 2 2 2 2 2
left_child=1 11 3 7 5 -5 15 14 9 -8 -6 18 -10 -13 -2 16 -4 -17 -1
right_child=2 -3 6 4 10 -7 8 -9 12 -11 -12 13 -14 -15 -16 17 -18 -19 -20
leaf_value=0.0020086907190310982 -0.0046940918432995292 0.0069765423547483146 0.0031863190780595592 -0.016659187894999053 -0.0074985696838947517 0.00035353029817755221 0.022359213791691802 0.035694640786776088 0.01071477958211297 -0.01146427397174995 0.0057188596002764134 0.0032738530360940849 0.0006801145262901677 0.021363206184947189 -0.015499459541378385 -0.013111662756500872 -0.016546155344295051 0.006317840823193123 -0.0048795115863166103
leaf_weight=1274.8273752629757 2367.7285185307264 2937.005321636796 1301.1812830716372 373.81490106135607 320.54135544598103 452.30931870639324 58.324768476188183 29.571367338299751 416.50810015201569 563.24681375920773 1997.3321166783571 2092.7453108876944 18363.601445309818 116.7548796236515 354.71938543021679 102.24604158103466 228.67278075218201 3723.7531366348267 1462.6784848570824
leaf_count=2554 8616 6175 3813 1820 984 1073 254 31 1506 3213 7102 4032 48001 169 1555 338 698 7161 4189
internal_value=0.00121961 0.00320387 0.000709261 -0.00213796 0.000938713 -0.00734459 0.00138733 -0.00565285 0.000608144 -0.00829047 0.00389101 0.000964053 0.000902665 0.00422973 -0.00610197 0.00420993 0.000236835 0.00579861 -0.00167175
internal_weight=38537.6 7884.01 30653.6 5896.02 3144 826.124 24757.5 2752.02 19401.7 621.572 2317.87 4947.01 18780.1 2209.5 2722.45 5355.85 1529.85 3826 2737.51
internal_count=103284 17119 86165 21181 10979 2893 64984 10202 52974 3467 8086 10944 49507 4201 10171 12010 4511 7499 6743
is_linear=0
shrinkage=0.03


Tree=123
num_leaves=20
num_cat=0
split_feature=4 4 6 9 3 9 5 8 9 10 9 8 7 8 9 3 7 8 2
split_gain=41.3236 40.5911 46.8913 41.584 61.8343 50.5219 28.9414 20.436 25.1376 59.0961 18.6614 17.6545 15.1842 14.1365 13.9994 46.2253 4.74689 4.54155 4.01551
threshold=-19.355999999999991 5.6565000000000039 26.961500000000004 -15.856666666666568 -0.60480000000002698 29.136666666672685 6.7252999999999954 3.4326376339371913 -72.660000000010754 15.966791926368609 -54.966666666667145 4.3717273685839384 -0.011350330817810892 0.04472188166049313 -10.290000000000871 -1.5753000000000104 0.010046242336592128 21.267228327193006 1095.5000000000002
decision_type=2 2 2 2 2 2 2 2 2 2 2 2 2 2 2 2 2 2 2
left_child=7 2 3 4 -2 -5 -4 -1 17 10 -10 -8 -11 -3 16 -16 -15 -9 -19
right_child=1 13 6 5 -6 -7 11 8 9 12 -12 -13 -14 14 15 -17 -18 18 -20
leaf_value=0.038028225670838849 0.0011475930442376133 0.050460105564999087 -0.060500453533181418 0.0002124506525575699 0.0071927863890585636 0.0045809656543780259 0.021835766547443892 0.034779747118607464 -0.097898173790204018 0.02502817945723235 -0.020987972450268233 -0.0094304944866160402 0.0021997360403202622 0.01476152495306096 -0.039277860852357925 0.0070253844658826198 0.032090125033759132 0.013435994677641054 0.03244030268222934
leaf_weight=27.317199483513832 4521.7017699331045 6.8542067259550086 9.7059916704893094 27598.296242244542 2296.1243176311255 2607.75205694139 17.006355807185173 25.854358717799187 6.1529674977064133 36.92206197232008 5.2723169028758985 367.1485880613327 90.493203155696392 83.390417665243149 19.931932210922241 733.07938749343157 17.154048308730125 33.235764406621456 14.316862091422079
leaf_count=34 9995 10 42 80636 4668 5039 26 27 29 51 14 847 179 133 67 1394 19 57 17
internal_value=0.0011836 0.00110586 0.000957718 0.00106725 0.00318351 0.000589594 -0.00933899 0.0136045 0.0104611 0.00295399 -0.0624072 -0.00804635 0.0088149 0.00754825 0.00720366 0.00579975 0.017718 0.0246599 0.0191577
internal_weight=38517.7 38278.1 37417.7 37023.9 6817.83 30206 393.861 239.565 212.248 138.841 11.4253 384.155 127.415 860.41 853.556 753.011 100.544 73.407 47.5526
internal_count=103284 102876 101253 100338 14663 85675 915 408 374 273 43 873 230 1623 1613 1461 152 101 74
is_linear=0
shrinkage=0.03


Tree=124
num_leaves=20
num_cat=0
split_feature=9 9 3 0 8 7 0 10 3 5 2 5 4 3 5 10 0 8 1
split_gain=40.471 41.1211 57.0536 47.9633 62.9594 54.3691 45.6753 37.8381 31.2928 41.0197 28.6265 27.9483 23.9428 21.9269 20.1382 19.134 39.6674 22.6849 16.7132
threshold=-46.969999999986605 17.790000000000877 4.6581999999999866 0.060500000000000019 0.044699482002449616 0.00011132429714733051 1.2185000000000004 62.308002728201366 1.614199999999985 11.25369999999999 10.500000000000002 6.9078999999999935 11.089433333333343 -2.852500000000012 2.7580000000000031 8.3333333303966359 7.0025000000000013 10.270589121942605 0.13700000000000009
decision_type=2 2 2 2 2 2 2 2 2 2 2 2 2 2 2 2 2 2 2
left_child=13 2 3 5 -5 -2 18 10 12 -10 -3 -8 -9 15 -12 16 17 -1 -4
right_child=1 7 6 4 -6 -7 11 8 9 -11 14 -13 -14 -15 -16 -17 -18 -19 -20
leaf_value=0.015003333777086621 -0.0046715677126116786 0.020461971522401402 -0.042644257768745003 0.010400689660346156 0.00083823534763120486 0.0081166965866415388 -0.035654659711943919 0.0046468207947842509 -0.0024209175053964329 0.0059253586723314287 -0.0031412888667992516 -0.0032918204431286388 -0.041995867107572971 0.011915017063320708 0.0085268565747864122 0.0063495109526436003 0.004162359937794121 -0.036114694544140527 -0.014553549335814087
leaf_weight=9.5326429009437543 2419.0508362725377 151.92593671381474 46.060049943625927 634.11101027578115 27220.441764436662 341.43861484527588 25.947163313627243 2634.2824223339558 1935.0083013921976 729.86643628031015 163.46739634871483 322.71192818880081 9.9422680959105474 446.99219654500484 717.19256785511971 499.74578338116407 123.52334932982922 43.317461505532265 32.521702378988266
leaf_count=18 10661 227 204 2423 72882 1006 93 5599 4361 1362 345 692 40 747 1246 906 231 133 108
internal_value=0.00114847 0.000979893 0.000530179 0.000682113 0.00105593 -0.00308982 -0.010357 0.00318123 0.00215926 -0.000135006 0.00843572 -0.00570026 0.00447144 0.00675964 0.00636102 0.00335135 -0.00514378 -0.0268945 -0.0310187
internal_weight=38507.1 37384 31042.3 30615 27854.6 2760.49 427.241 6341.69 5309.1 2664.87 1032.59 348.659 2644.22 1123.11 880.66 676.119 176.373 52.8501 78.5818
internal_count=103284 101249 88069 86972 75305 11667 1097 13180 11362 5723 1818 785 5639 2035 1591 1288 382 151 312
is_linear=0
shrinkage=0.03


Tree=125
num_leaves=20
num_cat=0
split_feature=4 10 0 3 3 9 5 7 7 4 4 8 5 5 4 2 4 8 4
split_gain=39.1347 47.0032 44.4819 63.6026 44.0159 68.4649 53.5418 48.2744 52.7511 42.3493 66.1978 37.8572 43.1297 37.5106 36.6678 35.248 27.0568 31.5868 29.4391
threshold=-1.2866666666666606 37.447698743673847 0.066500000000000017 1.1692999999999898 -1.5173000000000123 -21.246666666665984 3.7545999999999951 -0.015446453082146315 -1.0000000180025095e-35 0.10643333333333653 2.3540000000000099 0.044699482002449616 1.891999999999977 2.4293999999999945 -1.9483333333333264 22.500000000000004 -0.4322999999999958 3.7759105041054517 -0.8932666666666641
decision_type=2 2 2 2 2 2 2 2 2 2 2 2 2 2 2 2 2 2 2
left_child=1 2 3 -1 6 16 9 -7 -9 13 -11 12 -4 -2 -13 -8 18 -18 -6
right_child=4 -3 11 -5 5 7 15 8 -10 10 -12 14 -14 -15 -16 -17 17 -19 -20
leaf_value=-0.028646348898430724 -0.0031777603119260401 0.0067690929425613684 0.044249379817500489 0.056555698705102297 0.0098271714669418333 0.0079755061212205495 -0.0074377327772186365 -0.0016405917951023072 0.0012742465626993679 0.0088055273204226247 -0.048413839938265875 -0.00047770219487345455 -0.034766723600565388 -0.015987928080443383 0.0058772834071296742 0.0034237677931416052 0.025477951234293739 0.0076555097425013846 -0.0031567685464799432
leaf_weight=77.487532526254654 333.17697696387768 2241.6221932098269 34.627535410225391 8.7786143124103528 247.72954916954041 783.90018971264362 358.66009368002415 7890.5047522112727 19147.872264951468 200.83544081449509 20.010047242045403 2634.583035312593 7.5776014328002921 537.79226545989513 1184.5404101908207 1074.5291026979685 96.810316145420074 1184.9327194988728 429.90485362708569
leaf_count=372 1096 4287 91 11 479 1456 905 22543 55789 407 75 5932 30 1659 2736 2053 147 2198 1018
internal_value=0.00111435 0.00329971 0.00132964 -0.019976 0.000695685 0.00101812 -0.00310729 0.000636397 0.000423621 -0.0081124 0.00362108 0.00180563 0.0300627 -0.0110876 0.00149336 0.000705643 0.00643835 0.00900164 0.0015899
internal_weight=38495.9 6189.22 3947.59 86.2661 32306.7 29781.7 2525 27822.3 27038.4 1091.81 220.845 3861.33 42.2051 870.969 3819.12 1433.19 1959.38 1281.74 677.634
internal_count=103284 13459 9172 383 89825 83630 6195 79788 78332 3237 482 8789 121 2755 8668 2958 3842 2345 1497
is_linear=0
shrinkage=0.03


Tree=126
num_leaves=20
num_cat=0
split_feature=4 4 6 6 5 5 5 8 9 10 8 9 7 8 4 0 10 2 9
split_gain=38.8513 38.0992 44.3978 41.266 56.6263 27.1451 20.345 19.3471 24.2671 54.5106 16.6681 16.4116 14.6898 13.7088 18.4493 65.3144 21.7227 16.2708 17.7357
threshold=-19.355999999999991 5.6565000000000039 26.961500000000004 -17.917499999999997 4.9419999999999922 6.7252999999999954 7.3082999999999911 3.4326376339371913 -72.660000000010754 15.966791926368609 4.3717273685839384 -54.966666666667145 -0.011350330817810892 8.9806458319586167 11.089433333333343 2.5795000000000008 82.341149094439217 247.50000000000003 -9.0866666666624933
decision_type=2 2 2 2 2 2 2 2 2 2 2 2 2 2 2 2 2 2 2
left_child=7 2 3 6 -5 -4 -2 -1 -9 11 -7 -10 -11 14 16 -16 -3 18 -15
right_child=1 13 5 4 -6 10 -8 8 9 12 -12 -13 -14 17 15 -17 -18 -19 -20
leaf_value=0.036991147219808361 -0.015265248329244092 0.0094803367103315789 -0.0588296319004043 0.00054886269358657143 0.0036004462874033101 0.021220200334068139 -0.003362650146179539 0.024208732289161823 -0.091768435036329782 0.024593545868980569 -0.0092436209727372945 -0.020313076089043206 0.0019731593580140133 0.015194570927293769 -0.05514113288683091 0.015613930766652663 0.027768643089291369 0.01284334191210177 -0.0018525219002901911
leaf_weight=27.199324026703835 165.22981224954128 175.27411039173603 9.656858101487158 29520.768054760993 6718.3086857423186 16.907744586467743 593.46304885298014 72.079365141689777 6.3678802698850632 36.232252463698387 367.64815230667591 5.3010091483592969 90.065607763826847 66.322002604603767 15.845656529068945 45.337759807705879 87.701284140348434 145.66444987803698 319.71044708043337
leaf_count=34 447 325 42 85407 13220 26 1264 101 29 51 847 14 179 105 71 71 145 246 660
internal_value=0.00108123 0.00100616 0.000862916 0.000969623 0.00111459 -0.00915172 -0.00595482 0.0131839 0.0101011 0.00273068 -0.00790422 -0.0593073 0.00846248 0.00726459 0.0121273 -0.00271065 0.0155794 0.00429997 0.00107624
internal_weight=38485.1 38247.8 37392 36997.8 36239.1 394.213 758.693 237.245 210.046 137.967 384.556 11.6689 126.298 855.856 324.159 61.1834 262.975 531.697 386.032
internal_count=103284 102876 101253 100338 98627 915 1711 408 374 273 873 43 230 1623 612 142 470 1011 765
is_linear=0
shrinkage=0.03


Tree=127
num_leaves=20
num_cat=0
split_feature=5 8 3 9 4 4 8 8 8 8 1 8 0 8 4 10 10 10 3
split_gain=37.7757 47.5533 46.1189 67.2757 78.1143 76.4004 44.921 57.2039 106.111 97.4048 71.3561 71.2887 58.7534 50.598 48.4572 45.4779 44.3106 46.5889 36.2486
threshold=0.15219999999998973 2.7386129041815068 0.014200000000015837 0.1699999999982538 0.080733333333334045 0.30913333333333853 0.044699482002449616 0.044728565217168413 0.054752342190794077 0.05477438952120809 0.086000000000000049 0.044721365931288615 2.5305000000000004 1.0000000180025095e-35 -4.423799999999992 0.67415730337224045 95.774647868588929 71.650787887919023 -0.028999999999986117
decision_type=2 2 2 2 2 2 2 2 2 2 2 2 2 2 2 2 2 2 2
left_child=1 2 3 4 -1 -5 13 10 12 -10 11 -8 -9 14 -2 -12 17 -4 -16
right_child=6 -3 16 5 -6 -7 7 8 9 -11 15 -13 -14 -15 18 -17 -18 -19 -20
leaf_value=-0.01413582757683305 0.064700359877641334 0.0459725008125604 -0.016010655971218233 0.025303152922737691 0.025316095190472256 -0.026991707872919171 -0.00052743190264219946 0.015694109871231383 -0.0076125529233163547 0.0013169057927014485 0.05923324846848755 -0.020910973895857169 -0.031275088021461402 0.024843654307027105 -0.0058949165801873071 0.0023678879641746363 -0.03436021473368666 0.016034549913938247 0.009616187396828766
leaf_weight=295.98411364853382 11.869816616177557 16.00206147134304 176.81152158975601 131.02587217837572 53.302920803427696 31.113732673227787 270.25096223503351 576.17659039795399 1135.9841062948108 34178.621662139893 13.117092959582804 360.28526853770018 25.00934150069952 139.45057795196772 224.98115833103657 361.23041941970587 81.45403067022562 53.092760838568211 341.29547412693501
leaf_count=1963 18 30 1093 565 230 184 1211 1877 5256 83787 31 2004 107 349 1092 1416 562 257 1252
internal_value=0.00104907 -0.00524767 -0.00624383 -0.000701965 -0.00811527 0.015268 0.00118939 0.0010449 0.00124243 0.00102967 -0.00601476 -0.0121745 0.0137402 0.00862345 0.00471109 0.00436044 -0.0153467 -0.00861032 0.00345364
internal_weight=38477.1 838.787 822.785 511.427 349.287 162.14 37638.3 36920.7 35915.8 35314.6 1004.88 630.536 601.186 717.597 578.146 374.348 311.358 229.904 566.277
internal_count=103284 4884 4854 2942 2193 749 98400 95689 91027 89043 4662 3215 1984 2711 2362 1447 1912 1350 2344
is_linear=0
shrinkage=0.03


Tree=128
num_leaves=20
num_cat=0
split_feature=9 9 3 4 10 5 10 10 10 7 0 10 1 3 9 10 4 4 5
split_gain=37.571 38.8973 44.0882 64.4428 89.3969 59.77 51.2108 45.9817 41.7948 30.6588 32.8767 31.004 21.521 21.2092 25.7626 40.2863 22.6346 21.2648 18.3948
threshold=-46.969999999986605 29.136666666672685 2.309399999999989 0.5659333333333364 98.347107426661395 4.2562999999999889 98.203592806080465 56.382232694997917 71.650787887919023 -0.0084970583415111527 0.32050000000000006 88.206586669333902 -2.7524999999999991 -6.3554999999999913 -72.660000000010754 10.526315786940403 -3.0616999999999881 -19.355999999999991 48.342800000000004
decision_type=2 2 2 2 2 2 2 2 2 2 2 2 2 2 2 2 2 2 2
left_child=13 2 3 4 -2 7 -7 -4 -5 12 -11 -12 -3 14 17 16 -16 -1 -17
right_child=1 9 5 8 -6 6 -8 -9 -10 10 11 -13 -14 -15 15 18 -18 -19 -20
leaf_value=0.023360699011042395 0.00048497449537176037 0.0022801028153123168 -0.026496004279589282 0.0052730577033217197 -0.0096128469215641509 -0.0021488247503201482 0.017181692408034594 -0.0068326048138501851 0.00045285204251744172 0.014778774656755821 0.004242153233573835 -0.0031390584004826368 0.019928627234176776 0.0095982530235109997 -0.031875184270645895 0.0058591774534782299 0.011563439550930655 0.00034399156703656753 -0.023175331970804437
leaf_weight=68.353939525783062 24176.797081440687 96.102793149650097 145.34923458099365 4250.2057194709778 815.68112103641033 1739.5568984895945 132.75701904296875 405.99302880465984 2615.0502634644508 203.10812567919493 1893.402874186635 702.06580291688442 176.1972294151783 705.19453343003988 58.103468745946884 172.29673756659031 13.259773179888724 76.620254814624786 22.164820395410061
leaf_count=98 69248 188 443 9004 3476 3807 289 1151 7864 378 3559 1589 253 1221 171 313 22 150 60
internal_value=0.00101765 0.00085559 0.000565839 0.000862582 0.000155411 -0.0033347 -0.000778188 -0.0120164 0.00343699 0.00409019 0.00315516 0.00224556 0.0136999 0.0064417 0.00102304 -0.00452512 -0.023804 0.0111961 0.00254981
internal_weight=38468.3 37352.3 34281.4 31857.7 24992.5 2423.66 1872.31 551.342 6865.26 3070.88 2798.58 2595.47 272.3 1115.99 410.799 265.825 71.3632 144.974 194.462
internal_count=103284 101249 95282 89592 72724 5690 4096 1594 16868 5967 5526 5148 441 2035 814 566 193 248 373
is_linear=0
shrinkage=0.03


Tree=129
num_leaves=20
num_cat=0
split_feature=9 10 4 3 9 4 5 0 4 7 10 8 8 7 7 7 3 5 2
split_gain=36.1669 44.5054 76.9116 74.4429 81.6757 72.5643 44.311 70.6605 36.9413 36.2732 40.671 35.3441 33.8186 33.7684 90.891 57.241 32.6432 31.8026 25.9833
threshold=-30.726666666661909 31.612903224741377 -0.20279999999999618 -1.0569000000000071 -2.3499999999985444 0.094233333333343494 0.16099999999997597 0.0085000000000000023 5.6565000000000039 0.00011000446618059102 0.59940119757512644 3.0837476247290323 3.5329875752389923 -0.00011289191841346023 -0.00011201243786951308 -0.00033370578608193918 -1.6324000000000316 6.0917999999999974 65.500000000000014
decision_type=2 2 2 2 2 2 2 2 2 2 2 2 2 2 2 2 2 2 2
left_child=16 3 13 9 11 -6 7 -4 -8 10 -2 -5 -11 15 -15 -3 17 18 -1
right_child=1 2 6 4 5 -7 8 -9 -10 12 -12 -13 -14 14 -16 -17 -18 -19 -20
leaf_value=0.0013932784400383527 0.0035229440548303443 0.0055379939004406471 0.022690261225789658 0.0046592116466163064 -0.01280506255282108 0.0073949466130754319 0.0003091472587176536 -0.010917579929478749 0.0068347449297346393 0.015214792322470435 -0.010248148225089543 -0.00044387858387479604 -0.003381141320825321 -0.033248477227252063 0.0030350722829612748 0.022761956138876542 0.008102462258649969 0.0043014216525024762 -0.011775224946218726
leaf_weight=307.50462737679482 224.57652465999126 1975.9610166922212 62.586788728833199 2338.5958857983351 665.87902650982141 210.69600424170494 18790.682888835669 560.86592207103968 814.60057676583529 115.63818830996752 1373.3978108912706 2557.1590327396989 368.47389072179794 62.88768295943737 5198.8177857846022 190.38505227863789 1159.2500361427665 1237.1156342625618 240.18652944266796
leaf_count=659 792 3835 258 9114 3300 686 49649 3227 1554 279 4330 6836 867 242 12289 320 2108 2363 576
internal_value=0.000987496 0.000722592 0.00128857 -0.00127032 0.000483758 -0.00794973 0.000329901 -0.00754378 0.000580286 -0.0061333 -0.00831278 0.00199376 0.00106081 0.00389931 0.00260141 0.00705169 0.00418277 0.0016369 -0.00438169
internal_weight=38455.3 35511.2 27656.8 7854.42 5772.33 876.575 20228.7 623.453 19605.3 2082.09 1597.97 4895.75 484.112 7428.05 5261.71 2166.35 2944.06 1784.81 547.691
internal_count=103284 97578 71374 26204 19936 3986 54688 3485 51203 6268 5122 15950 1146 16686 12531 4155 5706 3598 1235
is_linear=0
shrinkage=0.03


Tree=130
num_leaves=20
num_cat=0
split_feature=4 4 6 6 4 5 5 8 9 10 1 9 7 3 5 8 5 0 10
split_gain=35.7916 33.4435 42.0152 39.1334 52.2872 25.6648 18.8737 18.4621 22.2782 49.9594 16.2039 14.2136 14.0923 13.5839 20.9129 16.1407 15.7825 22.8492 22.4789
threshold=-19.355999999999991 5.6565000000000039 26.961500000000004 -17.917499999999997 -1.2866666666666606 6.7252999999999954 7.3082999999999911 3.4326376339371913 -72.660000000010754 15.966791926368609 33.867000000000012 -54.966666666667145 -0.012329689099926931 16.191799999999972 48.342800000000004 20.58532246234213 15.883999999999988 15.623000000000003 95.327102794382526
decision_type=2 2 2 2 2 2 2 2 2 2 2 2 2 2 2 2 2 2 2
left_child=7 2 3 6 -5 -4 -2 -1 -9 11 -7 -10 -11 16 15 -15 17 -3 -18
right_child=1 13 5 4 -6 10 -8 8 9 12 -12 -13 -14 14 -16 -17 18 -19 -20
leaf_value=0.035950689577128318 -0.014848479055700142 0.0073428867509521233 -0.057419694116026723 0.0037474549750584007 0.00052516552478414362 -0.0047476671034145206 -0.0033882643752628575 0.023414162145099435 -0.085582163808503517 0.025382291053428201 -0.020284118351407161 -0.019679623886558039 0.0022935649201637123 0.0014739067031148765 0.016838513328033961 -0.020053974829113811 0.0114583069089248 -0.018046761723844253 0.039400209603079051
leaf_weight=27.071671679615974 165.40623818337917 393.73147294670343 9.606403633952139 5311.4211225882173 30892.704441897571 309.93547408282757 593.05652064085007 69.739006489515305 6.5868253409862518 31.916375711560249 75.04563282430172 5.3277706801891309 93.460816517472267 84.264578402042389 46.358880773186684 49.910210847854614 211.44215372204781 34.713137790560722 29.531307369470596
leaf_count=34 447 775 42 11642 86985 678 1264 101 29 45 195 14 185 167 75 130 360 87 29
internal_value=0.000958196 0.000886542 0.000752662 0.000856613 0.0009979 -0.00898483 -0.00588752 0.0126527 0.00960623 0.00259233 -0.00777624 -0.056113 0.0081711 0.00677084 -0.00053223 -0.00653401 0.00874039 0.00528578 0.0148826
internal_weight=38441.2 38207.1 37357.2 36962.6 36204.1 394.588 758.463 234.102 207.031 137.292 384.981 11.9146 125.377 849.952 180.534 134.175 669.418 428.445 240.973
internal_count=103284 102876 101253 100338 98627 915 1711 408 374 273 873 43 230 1623 372 297 1251 862 389
is_linear=0
shrinkage=0.03


Tree=131
num_leaves=20
num_cat=0
split_feature=9 3 10 3 4 5 5 4 7 5 4 3 10 4 5 9 5 3 8
split_gain=34.922 64.2674 58.0734 66.6462 81.735 70.5728 52.6801 51.5326 48.2219 47.508 63.2104 44.4678 42.8742 37.9673 39.2771 37.253 33.9735 79.5572 38.5707
threshold=-14.476666666669187 -0.73030000000002571 36.204687111157348 -0.16560000000003283 -0.51459999999999384 1.1086999999999954 26.971299999999992 -0.26026666666666037 -0.00011251264361300527 0.16099999999997597 -0.048999999999991876 -3.6249000000000255 24.181285429307994 -1.0301666666666618 10.317499999999997 -2.3499999999985444 1.5059999999999889 0.41399999999996523 0.21908398286638067
decision_type=2 2 2 2 2 2 2 2 2 2 2 2 2 2 2 2 2 2 2
left_child=1 12 3 6 5 -5 15 16 -6 10 -9 -11 -1 -14 -15 -2 17 -4 -18
right_child=2 -3 7 4 8 -7 -8 9 -10 11 -12 -13 13 14 -16 -17 18 -19 -20
leaf_value=-0.0018876048391100514 -0.0046935862343900564 0.0062426255311127561 0.0028114308234305141 -0.017422248267258481 -0.0071545368825476421 0.00047734904245892484 0.034507286645711115 -0.029850110910442658 0.0053311268027500577 -0.023029984773064009 -0.0036142491785102191 0.00075011198207024666 0.0075136387852135361 -0.0024665525960498795 0.015921854984361702 -0.015156110472796277 -0.0129591717972559 -0.016382945616471953 0.0057430054723430247
leaf_weight=2726.8282413929701 2366.66939804703 2919.1036295741796 1303.4374370723963 357.00747367739677 322.92067630589008 445.77021639049053 29.136177375912666 98.433979488909245 2019.1139146611094 71.040965661406517 515.41183817386627 18687.898010656238 1147.7182934656739 926.47523851692677 117.8394735082984 351.82006873935461 101.98240901529789 228.40036626160145 3699.7093416452408
leaf_count=6743 8616 6175 3813 1759 990 1051 31 634 7179 192 2833 49315 2053 1963 185 1555 338 698 7161
internal_value=0.000929615 0.0027163 0.00047195 -0.00220423 0.000778018 -0.00748287 -0.00561757 0.00111022 0.0036096 0.000391315 -0.00782133 0.000660056 0.000623598 0.00374746 -0.000391622 -0.00604762 0.00372146 -5.04927e-05 0.00524131
internal_weight=38436.7 7837.96 30598.8 5892.44 3144.81 802.778 2747.63 24706.3 2342.03 19372.8 613.846 18758.9 4918.86 2192.03 1044.31 2718.49 5333.53 1531.84 3801.69
internal_count=103284 17119 86165 21181 10979 2810 10202 64984 8169 52974 3467 49507 10944 4201 2148 10171 12010 4511 7499
is_linear=0
shrinkage=0.03


Tree=132
num_leaves=20
num_cat=0
split_feature=9 9 3 4 10 5 4 10 10 0 10 10 8 0 3 9 10 4 4
split_gain=34.0354 36.0099 47.9953 64.6393 77.4517 60.085 40.4541 36.6636 34.2017 26.9735 25.3777 47.3724 24.9421 20.6022 20.3613 23.6049 36.9503 20.8452 19.6891
threshold=-46.969999999986605 35.393333333333437 2.309399999999989 0.5659333333333364 98.347107426661395 3.8937000000000022 0.89626666666666954 56.382232694997917 93.528797735879962 11.724500000000001 99.613899609838882 98.712446345957375 20.58532246234213 0.4215000000000001 -6.3554999999999913 -72.660000000010754 10.526315786940403 -3.0616999999999881 -19.355999999999991
decision_type=2 2 2 2 2 2 2 2 2 2 2 2 2 2 2 2 2 2 2
left_child=14 2 3 4 -2 9 -7 -5 13 -4 11 -10 -12 -3 15 18 17 -17 -1
right_child=1 8 5 7 -6 6 -8 -9 10 -11 12 -13 -14 -15 -16 16 -18 -19 -20
leaf_value=0.022579040210476617 0.00044071499624327709 0.019169721718685362 -0.011012995117326499 0.0063649235681074844 -0.0088525071690761133 0.0053118809919002899 -0.0036387278473010436 0.0018282461234220607 -0.0055397281294520366 -0.039272276031906993 0.0091518193219116434 -0.049126737142251103 -0.023041206382917442 0.0053939658976637876 0.009190490676293005 -0.030576388369885268 0.0022872543286387827 0.011161147840436342 0.00023106385937308571
leaf_weight=66.18541818857193 24420.034221842885 103.79017770290375 444.07448537647724 2422.2875978350639 834.71371318399906 619.28698432445526 1707.5552403256297 4741.6101092100143 130.62215268611908 32.632680341601372 133.77675528824329 27.09702717512846 25.8440071195364 1667.0173787400126 699.675716124475 58.628649964928627 193.50511093437672 13.19286599755287 76.479770123958588
leaf_count=98 69745 163 1279 5060 3524 1180 3942 12422 295 122 264 99 69 3085 1221 171 373 22 150
internal_value=0.000902147 0.000748293 0.000521364 0.000847027 0.000133558 -0.00324442 -0.00125653 0.00336221 0.00457606 -0.0129475 -0.00449353 -0.0130282 0.00393948 0.00620139 0.00608452 0.000758019 -0.00453332 -0.0229096 0.0105988
internal_weight=38418 37310.3 35222.2 32418.6 25254.7 2803.55 2326.84 7163.9 2088.15 476.707 317.34 157.719 159.621 1770.81 1107.67 407.992 265.327 71.8215 142.665
internal_count=103284 101249 97274 90751 73269 6523 5122 17482 3975 1401 727 394 333 3248 2035 814 566 193 248
is_linear=0
shrinkage=0.03


Tree=133
num_leaves=20
num_cat=0
split_feature=9 10 4 3 5 4 10 3 10 4 4 10 4 2 10 2 5 9 10
split_gain=32.9035 37.9632 46.8256 58.5461 56.3671 82.6633 59.9424 42.8886 56.7281 54.1446 38.2036 36.1184 49.7399 39.7474 29.1082 78.4065 24.3088 22.9154 18.0234
threshold=55.546666666668905 74.644362386594153 0.32843333333333857 0.60120000000000995 4.5720999999999989 -2.2192333333333267 50.681417417544957 0.17239999999998531 99.683544300478331 6.6104666666666754 0.62620000000000242 77.240092636357403 0.018133333333334743 2.5000000000000004 98.712446345957375 221.50000000000003 2.1830000000000092 2.0800000000090226 69.440126792845646
decision_type=2 2 2 2 2 2 2 2 2 2 2 2 2 2 2 2 2 2 2
left_child=1 2 4 16 6 -6 -1 11 9 -9 -5 13 -13 -3 18 -16 -4 -10 -2
right_child=14 7 3 10 5 -7 -8 8 17 -11 -12 12 -14 -15 15 -17 -18 -19 -20
leaf_value=-0.0014016876613813121 0.021024112181959081 0.029939080315245465 0.0036291283159405148 -0.0054281258072827214 -0.00082339222183325136 0.0067778321043365187 0.0027364758587573828 -0.0042605596575061916 0.058169192839773884 0.012625109347361423 0.0019896587130819724 0.010274814699907259 0.00043188080743686508 -0.012249830958649675 -0.068606204004605043 0.021321389195135754 0.0082152134904850422 0.0066122864867519931 0.0068489931564985748
leaf_weight=12348.957444578409 95.221453003585339 22.009402930736542 2386.6274512261152 769.46576645970345 2408.4450788721442 2766.8645144477487 4229.3213038146496 4579.3781228065491 7.8975441753864279 177.53323997557163 3325.5855143070221 658.87317205220461 1546.8391600847244 231.43313333392143 15.818957701325415 19.460358664393425 1843.8584614768624 441.73029643297195 530.39222065359354
leaf_count=38875 145 55 6095 1888 5061 5158 10656 14025 24 313 6847 2097 5810 689 63 27 3346 1154 956
internal_value=0.000875399 0.000759205 0.00123951 0.00315284 0.000507241 0.00324043 -0.000345992 -0.00112545 -0.00266763 -0.00363037 0.000595847 0.00213967 0.00337209 -0.00858607 0.00751142 -0.0190014 0.00562797 0.00751786 0.00900652
internal_weight=38405.7 37744.8 30079.1 8325.54 21753.6 5175.31 16578.3 7665.69 5206.54 4756.91 4095.05 2459.15 2205.71 253.443 660.893 35.2793 4230.49 449.628 625.614
internal_count=103284 102093 77926 18176 59750 10219 49531 24167 15516 14338 8735 8651 7907 744 1191 90 9441 1178 1101
is_linear=0
shrinkage=0.03


Tree=134
num_leaves=20
num_cat=0
split_feature=4 6 5 1 4 6 0 4 5 6 7 10 9 8 9 10 2 2 7
split_gain=33.0127 32.0078 38.8362 67.3434 50.2337 38.3882 33.9031 24.2875 21.733 37.0373 25.8707 20.6245 19.1335 17.8026 20.8857 45.62 17.3863 17.2241 13.6496
threshold=-19.355999999999991 -17.917499999999997 4.9419999999999922 3.4365000000000006 0.5659333333333364 18.513000000000002 2.2625000000000006 5.6565000000000039 7.3082999999999911 -26.075499999999995 -0.016030252653204121 9.8145175156647628 55.546666666668905 3.4326376339371913 -72.660000000010754 15.966791926368609 426.50000000000006 304.50000000000006 -0.012329689099926931
decision_type=2 2 2 2 2 2 2 2 2 2 2 2 2 2 2 2 2 2 2
left_child=13 8 3 4 -3 6 -4 -7 9 -2 -11 17 -5 -1 -15 -16 -13 -10 -17
right_child=1 2 5 12 -6 7 -8 -9 11 10 -12 16 -14 14 15 18 -18 -19 -20
leaf_value=0.035091338610778303 -0.053079226917168515 4.2754339691859898e-05 0.00021889616778915583 -0.0063824913674256044 0.0030232385184437733 -0.0054149738488604403 0.0048965458739740992 0.008991465336760214 -0.035666075349733574 -0.030183497962657794 -0.0017550130498744246 -0.0027084059874284677 0.01524001890546535 0.022742461663606398 -0.053166614112528765 0.024941811625723953 0.01340402773991166 -0.0038551173115892743 0.0020208802798187694
leaf_weight=26.912614464759827 19.893862441182137 21485.065351083875 1953.1338956207037 1436.7444657832384 6669.1571299359202 707.34612458944321 4875.8739406690001 123.74533499777317 29.639147639274597 39.493980765342712 106.4972088187933 574.22677199542522 37.800931125879288 67.774762347340584 12.129620373249052 31.246684215962887 67.3423220962286 31.705802947282791 92.910785593092442
leaf_count=34 82 65328 4313 3621 16710 1574 9117 220 98 120 247 1209 59 101 43 45 109 69 185
internal_value=0.000849551 0.000781105 0.000913731 0.000421452 0.00074877 0.00281783 0.00355871 -0.00326993 -0.0049112 -0.0146784 -0.00944557 -0.00260618 -0.00582818 0.0121571 0.00913245 0.00236427 -0.00101716 -0.0192248 0.00778939
internal_weight=38388.6 38157.7 37288.9 29628.8 28154.2 7660.1 6829.01 831.091 868.799 165.885 145.991 702.914 1474.55 230.974 204.062 136.287 641.569 61.345 124.157
internal_count=103284 102876 100942 85718 82038 15224 13430 1794 1934 449 367 1485 3680 408 374 273 1318 167 230
is_linear=0
shrinkage=0.03


Tree=135
num_leaves=20
num_cat=0
split_feature=4 3 9 9 9 3 7 5 5 10 8 2 7 2 4 9 5 5 3
split_gain=32.0264 43.9811 61.7816 88.2815 93.1784 84.4663 62.8458 57.1589 45.722 40.6885 43.5123 38.1901 41.9105 33.2302 31.1611 45.874 45.0288 30.7232 47.962
threshold=-1.2866666666666606 -1.5173000000000123 -7.0433333333348846 0.48666666667122632 -0.069999999999708948 0.22999999999997137 -1.0000000180025095e-35 1.7510999999999863 3.7545999999999951 25.721848598416617 0.044699482002449616 76.500000000000014 -0.013151559005974976 3.5000000000000004 -5.5278999999999936 -72.660000000010754 13.181400000000005 1.3075999999999939 0.30980000000001412
decision_type=2 2 2 2 2 2 2 2 2 2 2 2 2 2 2 2 2 2 2
left_child=9 8 6 4 -4 -5 7 -3 11 10 -1 -2 -13 -10 15 -12 -16 18 -11
right_child=1 2 3 5 -6 -7 -8 -9 13 17 14 12 -14 -15 16 -17 -18 -19 -20
leaf_value=0.030783896972007223 -0.00564642958869193 -0.0032416374901268002 -0.0011137698284971185 0.0042348264521283605 -0.010024684366546974 -0.00031699950158538563 0.0064137181592889671 0.004377328034579419 -0.035429427860348965 0.001914059533486579 0.0093729300027942507 -0.015022366569094073 -0.057765136294373076 0.00076767486820119386 -0.0004065146105820622 -0.012775563055871127 0.014576121225983769 0.0057482755872982219 -0.027259583855478435
leaf_weight=40.545409291982651 927.86744900792837 1768.0490667819977 5224.5961569845676 5506.2350310385227 1323.6970873102546 10996.604635834694 3123.4552924856544 1776.7911812365055 23.204632684588432 242.65175750851631 110.16825994104147 137.34300182759762 24.298922404646873 1398.6162574291229 1885.1010118052363 356.54439590126276 199.65318176150322 3250.0890771076083 64.119459703564644
leaf_count=123 2746 5204 17467 15812 6109 27565 7938 3535 90 655 196 388 103 2868 4908 909 344 6114 210
internal_value=0.000824309 0.00044579 0.000767934 3.22495e-05 -0.00291506 0.00120173 0.00331107 0.00057724 -0.00336651 0.00280841 -5.03325e-05 -0.00799074 -0.0214477 0.000176925 -0.00054032 -0.00754738 0.00102835 0.00489167 -0.00418364
internal_weight=38379.6 32230.8 29719.4 23051.1 6548.29 16502.8 6668.3 3544.84 2511.33 6148.87 2592.01 1089.51 161.642 1421.82 2551.47 466.713 2084.75 3556.86 306.771
internal_count=103284 89825 83630 66953 23576 43377 16677 8739 6195 13459 6480 3237 491 2958 6357 1105 5252 6979 865
is_linear=0
shrinkage=0.03


Tree=136
num_leaves=20
num_cat=0
split_feature=9 1 5 0 2 7 8 8 8 4 10 6 8 2 8 5 3 10 0
split_gain=31.2084 36.0547 40.5995 34.2622 60.2941 41.45 38.4133 41.4225 35.5434 34.3803 25.8577 25.8665 23.2712 36.636 24.6862 19.7203 19.4 16.4003 35.684
threshold=-46.969999999986605 -4.2534999999999998 3.5700999999999774 0.15750000000000006 1.5000000000000002 0.00011287643586488373 0.044699482002449616 0.044720580166351435 1.0000000180025095e-35 -0.40846666666665499 31.144067795993617 -0.30499999999999983 7.8327837971005563 36.500000000000007 8.2981926238489176 3.9639999999999787 -2.852500000000012 8.3333333303966359 7.0025000000000013
decision_type=2 2 2 2 2 2 2 2 2 2 2 2 2 2 2 2 2 2 2
left_child=16 2 12 4 9 -6 8 -8 -5 -3 11 -4 13 -2 -14 -12 17 18 -1
right_child=1 3 10 6 5 -7 7 -9 -10 -11 15 -13 14 -15 -16 -17 -18 -19 -20
leaf_value=-0.025863692521782302 -0.0037623693161192382 -0.0097479097510643504 -0.0084478546420152286 0.0056090003226992504 -0.0028091417733200823 0.0080442277146314817 -0.015063958121431839 0.0012597585766629593 0.025926268976296605 0.011220616288178005 0.016159722292225835 0.01170307559469406 0.027003938222758501 -0.022090175063567401 -0.0052604785438623534 0.00086437473314295227 0.010697255068749929 0.0053698620422636548 0.003614228385514201
leaf_weight=53.071858033537865 177.33530120551586 82.395288303494453 474.0807126313448 376.98700059950352 5108.5679734125733 337.62251250445843 140.60166493803263 28337.421115338802 97.546454250812531 482.38174083828926 81.649123355746269 65.217832267284393 24.046843558549881 219.85112251341343 189.79379537701607 1070.7660017162561 435.9259424880147 489.3414219841361 121.7359464019537
leaf_count=151 540 371 1141 1471 20240 752 649 70519 229 1753 132 119 45 727 450 2111 747 906 231
internal_value=0.000799847 0.000652841 -0.0029832 0.000892315 -0.00116875 -0.00213632 0.00132022 0.00117917 0.00978548 0.00816152 -0.000589193 -0.00601099 -0.00961135 -0.0139072 -0.00163227 0.00194806 0.00577984 0.0025522 -0.0053353
internal_weight=38366.3 37266.3 2302.74 34963.5 6010.97 5446.19 28952.6 28478 474.533 564.777 1691.71 539.299 611.027 397.186 213.841 1152.42 1100.08 664.149 174.808
internal_count=103284 101249 5265 95984 23116 20992 72868 71168 1700 2124 3503 1260 1762 1267 495 2243 2035 1288 382
is_linear=0
shrinkage=0.03


Tree=137
num_leaves=20
num_cat=0
split_feature=4 8 8 5 8 1 8 8 8 4 9 0 10 2 8 9 10 7 9
split_gain=30.9083 30.5808 106.255 93.6182 90.5561 81.223 79.0814 72.3572 60.1801 54.5608 50.7402 40.2686 36.6248 29.7926 16.9201 19.5748 41.7883 13.1959 12.3809
threshold=-19.355999999999991 0.044699482002449616 1.0000000180025095e-35 0.073199999999988552 0.044728565217168413 0.037000000000000033 0.054752342190794077 0.054776344400722411 0.044760350551158574 -4.423799999999992 -11.533333333332846 0.029500000000000009 0.67415730337224045 7.5000000000000009 3.4326376339371913 -72.660000000010754 15.966791926368609 -0.012329689099926931 -54.966666666667145
decision_type=2 2 2 2 2 2 2 2 2 2 2 2 2 2 2 2 2 2 2
left_child=14 2 9 -4 5 10 8 -8 -6 -2 -3 -11 -7 -5 -1 -16 18 -18 -17
right_child=1 4 3 13 6 12 7 -9 -10 11 -12 -13 -14 -15 15 16 17 -19 -20
leaf_value=0.034207345314847121 0.06548815525230918 0.016853627023103033 0.11201451621323831 0.013474308275991042 0.0056768862628784949 0.044201254280381082 -0.00556098160288661 0.00094953374100087461 0.026032297719469296 -0.017114647212572959 -0.016573847802808891 0.0032059778201213723 -2.4017698508045547e-05 0.04301472046838975 0.022181541819741676 -0.07719672561129054 0.024589769827387236 0.0018948227680277208 -0.016665667196867216
leaf_weight=26.723632842302322 11.71648947149515 43.698563255369663 11.190336667001246 105.88442589342594 498.54186791181564 17.457395039498806 1609.5316015705466 33795.248056299984 177.17296181619167 102.95456962287426 631.0101125985384 594.99386502057314 486.77006436139345 43.28891421854496 66.177508756518364 6.8670434206724167 30.698623143136501 92.643862120807171 5.4585072398185712
leaf_count=34 17 153 13 313 1974 47 7940 83023 396 623 3649 2576 2084 68 101 29 45 185 14
internal_value=0.000776008 0.000710074 0.00626997 0.0283247 0.000580248 -0.00760163 0.000847592 0.00065356 0.0110141 0.00128624 -0.0144089 0.000208477 0.00150715 0.0220467 0.011775 0.00880501 0.00228007 0.00754335 -0.0503899
internal_weight=38358 38129.5 870.029 160.364 37259.4 1178.94 36080.5 35404.8 675.715 709.665 674.709 697.948 504.227 149.173 228.569 201.846 135.668 123.342 12.3256
internal_count=103284 102876 3610 394 99266 5933 93333 90963 2370 3216 3802 3199 2131 381 408 374 273 230 43
is_linear=0
shrinkage=0.03


Tree=138
num_leaves=20
num_cat=0
split_feature=9 10 9 9 3 3 9 10 3 10 4 9 10 4 2 10 2 4 10
split_gain=30.3386 35.7378 42.8146 135.986 75.4642 64.0232 59.8827 52.9669 39.2169 53.1412 50.642 35.7294 33.9736 47.0625 37.2893 27.5043 72.6195 22.4457 17.4395
threshold=55.546666666668905 74.644362386594153 0.83000000000174634 -0.069999999999708948 -0.070200000000012586 0.568799999999969 1.0000000180025095e-35 41.624365479288372 0.17239999999998531 99.683544300478331 6.6104666666666754 11.926666666659004 77.240092636357403 0.018133333333334743 2.5000000000000004 98.712446345957375 221.50000000000003 4.2255666666666682 69.440126792845646
decision_type=2 2 2 2 2 2 2 2 2 2 2 2 2 2 2 2 2 2 2
left_child=1 2 3 4 -1 7 -5 -4 12 10 -10 -7 14 -14 -3 18 -17 -11 -2
right_child=15 8 5 6 -6 11 -8 -9 9 17 -12 -13 13 -15 -16 16 -18 -19 -20
leaf_value=-0.00030515126100043988 0.020554696926420632 0.028669969795086344 -0.0049460510624940775 -0.017319607621688774 0.0037878275815056012 -0.0028485519335774995 -0.0043903783672481029 0.0058554820332792305 -0.0042042237470438894 0.0053665188210589958 0.012167289002419127 0.0024593191201369366 0.009829462008513248 0.00026579211823583176 -0.012035858858837296 -0.065740253579452859 0.020695259116561327 0.03184504663898368 0.0064964218323328498
leaf_weight=12518.608551368117 93.507027365267277 22.198378294706345 445.79641301929951 460.82163432985544 5996.0318448841572 2030.3225094228983 1073.3366192653775 4894.0018551200628 4576.7452341467142 419.56093835830688 176.61152341961861 2606.8478100076318 660.68543665856123 1548.4399519488215 231.24967100471258 16.045737564563751 19.234715759754181 30.937569484114647 527.0312776863575
leaf_count=33421 145 55 1190 2432 16100 4783 4008 10866 14025 1135 313 5126 2097 5810 689 63 27 43 956
internal_value=0.000752832 0.000641527 0.0011083 0.000309159 0.00102037 0.00271419 -0.00827399 0.00495371 -0.00118662 -0.00266264 -0.00359594 0.000135339 0.00193248 0.00312601 -0.00847062 0.00714991 -0.0186161 0.00718491 0.00861482
internal_weight=38348 37692.2 30025.8 20048.8 18514.6 9976.97 1534.16 5339.8 7666.43 5203.86 4753.36 4637.17 2462.57 2209.13 253.448 655.819 35.2805 450.499 620.538
internal_count=103284 102093 77926 55961 49521 21965 6440 12056 24167 15516 14338 9909 8651 7907 744 1191 90 1178 1101
is_linear=0
shrinkage=0.03


Tree=139
num_leaves=20
num_cat=0
split_feature=9 3 10 3 4 5 7 5 4 3 5 7 9 10 10 8 10 4 8
split_gain=30.3902 58.2745 51.8217 61.538 64.5575 56.8049 51.1443 49.9296 45.1415 41.9011 42.393 39.9681 38.5824 33.8634 32.8904 32.7973 32.3246 29.0755 33.292
threshold=-14.476666666669187 -0.73030000000002571 36.204687111157348 -0.19209999999999006 -0.50086666666665958 0.83960000000000012 -0.00011251264361300527 26.971299999999992 -0.26026666666666037 -3.6249000000000255 0.16099999999997597 0.00011000446618059102 -46.969999999986605 44.62387322586499 30.165977960865089 3.0837476247290323 98.347107426661395 -4.0832666666666597 5.9341385793756141
decision_type=2 2 2 2 2 2 2 2 2 2 2 2 2 2 2 2 2 2 2
left_child=1 11 3 7 5 -5 -6 15 16 13 -11 12 -1 -10 -14 -2 -4 -3 -19
right_child=2 17 8 4 6 -7 -8 -9 9 10 -12 -13 14 -15 -16 -17 -18 18 -20
leaf_value=0.00487829349689127 -0.0026601829408691999 -0.012757090952473245 0.0035555794280026482 -0.016800343608868663 -0.0078213124398770328 -0.00071331659067616301 0.0048350636547564692 0.033685426567394407 0.017935735753978364 -0.0074772125730193382 0.00057331946294999288 0.0056093191034381562 -0.0047357433370881939 -0.03327441088861232 0.0018685728576331639 -0.0093882660837349332 -0.024169246711832685 0.010432740981672196 0.0037213021723692605
leaf_weight=795.50957978516817 1289.133159942925 74.309568136930466 5274.6433790028095 309.55626999586821 333.98510805517435 545.9751889705658 2058.2247989550233 28.754941716790199 14.629385769367216 607.87295090407133 18655.846782922745 1044.5099558830261 2039.9207806587219 56.522106617689133 1017.0210481584072 1319.5236339047551 38.121118679642677 1068.158745251596 1763.2980381548405
leaf_count=1490 5540 190 11843 1648 1044 1374 7364 31 22 3467 49315 2025 5427 170 2002 4180 167 2430 3555
internal_value=0.000730472 0.00240136 0.000303473 -0.00222584 0.000538633 -0.00653407 0.00306806 -0.00563004 0.0009074 0.000234406 0.000319282 0.000404242 -0.001007 -0.0227451 -0.00253854 -0.00606342 0.00335664 0.00576702 0.00625317
internal_weight=38335.5 7802.73 30532.8 5885.15 3247.74 855.531 2392.21 2637.41 24647.6 19334.9 19263.7 4896.96 3852.45 71.1515 3056.94 2608.66 5312.76 2905.77 2831.46
internal_count=103284 17119 86165 21181 11430 3022 8408 9751 64984 52974 52782 10944 8919 192 7429 9720 12010 6175 5985
is_linear=0
shrinkage=0.03


Tree=140
num_leaves=20
num_cat=0
split_feature=4 3 9 9 9 3 7 5 5 4 4 3 0 8 4 8 5 10 0
split_gain=29.3858 40.5796 56.0876 80.1447 80.7795 76.7865 58.0339 52.6105 41.8326 37.328 62.8203 36.9937 51.84 39.0257 36.9757 50.8012 45.4015 36.6422 39.0274
threshold=-1.2866666666666606 -1.5173000000000123 -7.0433333333348846 0.48666666667122632 -0.069999999999708948 0.22999999999997137 -1.0000000180025095e-35 1.7510999999999863 3.7545999999999951 0.10643333333333653 2.3540000000000099 -4.8342000000000054 0.14750000000000005 0.044699482002449616 -3.8152333333333277 0.05477263993796453 1.2126999999999883 59.886359964863473 3.3035000000000005
decision_type=2 2 2 2 2 2 2 2 2 2 2 2 2 2 2 2 2 2 2
left_child=11 8 6 4 -4 -5 7 -3 9 -2 -11 17 13 -13 15 -14 -16 -1 -19
right_child=1 2 3 5 -6 -7 -8 -9 -10 10 -12 12 14 -15 16 -17 -18 18 -20
leaf_value=-0.00054831265512331618 -0.010545201267912717 -0.0032135620468052481 -0.0011870234455004843 0.003959720405122275 -0.0095189968645750505 -0.00038073468444735559 0.0060620400923693182 0.0041041907235446822 7.4446598682525848e-05 0.0083403993445295647 -0.047398194908760606 0.038627942543347248 0.03221566786754694 -0.012422531223772593 -0.0039185737793394427 -0.0023174545564113589 0.0074810651904592745 -0.086969915438892251 -0.012191989429375915
leaf_weight=1672.3175134956837 867.61652915179729 1766.3575318679214 5223.0710349231958 5506.9254866316915 1309.8802340626717 10986.448935545981 3121.6204598024487 1770.5192237496376 1419.0839388221502 200.4259978979826 20.015657812356949 14.321129202842711 40.219646289944649 228.65237729996443 351.63559136539698 820.08952204883099 2972.1682168990374 8.8013059645891207 21.940612256526947
leaf_count=3567 2755 5204 17467 15812 6109 27565 7938 3535 2958 407 75 49 94 870 1123 1801 5862 41 52
internal_value=0.000708793 0.000346277 0.000655822 -4.54128e-05 -0.00285761 0.00106849 0.00308082 0.00044962 -0.00331877 -0.00774431 0.00327945 0.00261252 0.00405798 -0.00941356 0.00484027 -0.000703023 0.00627506 -0.00114494 -0.0336007
internal_weight=38322.1 32192 29684.8 23026.3 6532.95 16493.4 6658.5 3536.88 2507.14 1088.06 220.442 6130.15 4427.09 242.974 4184.11 860.309 3323.8 1703.06 30.7419
internal_count=103284 89825 83630 66953 23576 43377 16677 8739 6195 3237 482 13459 9799 919 8880 1895 6985 3660 93
is_linear=0
shrinkage=0.03


Tree=141
num_leaves=20
num_cat=0
split_feature=4 6 2 1 7 7 9 5 8 5 6 7 10 4 2 8 9 10 7
split_gain=29.2941 30.3486 33.5999 43.9872 37.6422 314.793 55.9728 35.1109 33.4078 20.0272 34.8091 24.105 18.8376 17.3126 16.369 15.9648 18.7517 39.11 12.5609
threshold=-19.355999999999991 -17.917499999999997 105.50000000000001 11.081000000000001 -1.0000000180025095e-35 -0.00010983609707859719 -7.0433333333348846 2.7166999999999812 32.408146901555504 7.3082999999999911 -26.075499999999995 -0.016030252653204121 9.8145175156647628 -7.354533333333328 426.50000000000006 3.4326376339371913 -72.660000000010754 14.719713449936707 -0.011350330817810892
decision_type=2 2 2 2 2 2 2 2 2 2 2 2 2 2 2 2 2 2 2
left_child=15 9 4 7 5 -3 -6 -4 -5 10 -2 -12 13 -11 -14 -1 -17 -18 -19
right_child=1 2 3 8 6 -7 -8 -9 -10 12 11 -13 14 -15 -16 16 17 18 -20
leaf_value=0.033300001227775523 -0.051607690387467368 0.00048317808227056939 -0.0018010641122812587 -0.00679901002511492 0.0039864074688814579 -0.018106807158855369 0.00035111218479479757 0.0061241639749611172 0.015587391994185533 -0.050966622527041129 -0.029203298291330695 -0.0017942554205629235 -0.0028206092920834945 -0.010743250804557644 0.012895522999325415 0.021775063096603771 -0.055683958424561572 0.021697206736080523 0.00066624823613783523
leaf_weight=26.5502769947052 19.819565653800964 10764.454900540411 615.12761394679546 519.55406223237514 4943.1002106890082 887.38549513369799 16656.933686956763 2762.6984804347157 67.828462243080139 11.964140519499777 39.642552927136421 106.34440876543522 572.99353560060263 49.373886302113533 66.574728280305862 65.036893911659718 9.7574161589145643 35.778073079884052 89.486363962292671
leaf_count=34 82 27142 1373 1165 12427 3944 49706 5073 112 42 120 247 1209 125 109 101 36 55 182
internal_value=0.000687722 0.00062373 0.000752967 0.00336329 0.000441692 -0.000932605 0.00118304 0.00468092 -0.00421392 -0.00492577 -0.0143019 -0.00923714 -0.00270776 -0.0185889 -0.00118467 0.0114421 0.00854127 0.00216686 0.00667312
internal_weight=38310.4 38083.8 37217.1 3965.21 33251.9 11651.8 21600 3377.83 587.383 866.713 165.807 145.987 700.906 61.338 639.568 226.609 200.059 135.022 125.264
internal_count=103284 102876 100942 7723 93219 31086 62133 6446 1277 1934 449 367 1485 167 1318 408 374 273 237
is_linear=0
shrinkage=0.03


Tree=142
num_leaves=20
num_cat=0
split_feature=2 0 3 0 9 8 8 3 5 4 7 4 3 7 6 9 6 4 4
split_gain=29.3656 56.7856 40.6366 41.5771 41.4937 39.6151 48.4574 39.5163 38.1579 39.6221 37.3816 37.1483 35.3825 35.3596 40.6243 35.2108 33.4315 32.7671 32.3884
threshold=1.5000000000000002 0.054500000000000014 -0.19980000000003376 0.019500000000000007 -2.4833333333372134 0.044699482002449616 1.0000000180025095e-35 -0.23570000000000951 1.2126999999999883 1.9805000000000021 0.00011309575308482424 -4.423799999999992 2.309399999999989 -0.00011267688158067556 0.90450000000000019 13.706666666672392 0.56850000000000001 0.94150000000000067 -0.21919999999999581
decision_type=2 2 2 2 2 2 2 2 2 2 2 2 2 2 2 2 2 2 2
left_child=2 10 3 -1 18 6 11 -8 9 -7 13 -3 -10 14 -2 -15 -5 -6 -4
right_child=1 5 4 16 17 8 7 -9 12 -11 -12 -13 -14 15 -16 -17 -18 -19 -20
leaf_value=-0.025534034080235832 0.017448729174224308 0.054947492389931941 0.00078094157530035483 0.016687479779231348 0.0025221516200682123 -0.00055838690457342877 -0.010043785789330805 0.032062277845925517 0.0018399586391194265 -0.013173519248287432 0.017296895748008977 0.0027882988738066813 -0.0012590718903134478 -0.0070000974808254492 -0.054600105437950783 0.0061558511160160279 -0.033785984660396853 0.029572349658838374 0.034702372948298851
leaf_weight=62.054842926561832 96.861926183104515 12.591099366545675 34.521301135420799 63.798974573612213 320.13373319804668 9822.9714265242219 24.598778694868088 108.71688688546419 20793.160860680044 229.30761513113976 71.102495476603508 512.34369822591543 3944.7820003032684 1833.8054737150669 7.5955849140882483 203.40216690301895 14.493716433644293 46.107984989881516 95.175897859036922
leaf_count=294 219 19 155 209 1322 33401 77 247 46210 755 131 2158 8663 8420 32 562 68 108 234
internal_value=0.000667322 0.000559344 0.00705843 -0.00719322 0.0110916 0.000850391 0.00814137 0.0242931 0.000712441 -0.000846157 -0.00410321 0.00403939 0.00134578 -0.00481369 0.0122097 -0.00568656 0.00734372 0.00592764 0.0256736
internal_weight=38297.5 37661.2 636.286 140.348 495.939 35448.5 658.25 133.316 34790.2 10052.3 2212.77 524.935 24737.9 2141.67 104.458 2037.21 78.2927 366.242 129.697
internal_count=103284 100894 2390 571 1819 91530 2501 324 89029 34156 9364 2177 54873 9233 251 8982 277 1430 389
is_linear=0
shrinkage=0.03


Tree=143
num_leaves=20
num_cat=0
split_feature=9 3 5 10 10 4 10 5 10 5 10 5 6 9 7 7 0 10 4
split_gain=29.3493 38.1089 53.108 48.6052 49.3469 48.4912 80.6174 79.4298 44.4175 40.0643 32.9177 73.4602 48.7411 32.4515 30.8611 28.3205 30.9401 26.5113 33.7415
threshold=29.136666666672685 2.309399999999989 4.2562999999999889 98.203592806080465 71.236759448585687 0.5659333333333364 98.347107426661395 1.7077000000000047 56.382232694997917 4.5720999999999989 56.790123452701046 0.23219999999999943 7.503000000000001 4.4399999999950532 -0.0050899693891270905 -0.0084970583415111527 0.32050000000000006 88.206586669333902 0.24130000000000482
decision_type=2 2 2 2 2 2 2 2 2 2 2 2 2 2 2 2 2 2 2
left_child=1 5 8 4 -4 6 9 -8 14 -1 11 -7 -12 -10 -3 -2 -17 -18 -19
right_child=15 2 3 -5 -6 10 7 -9 13 -11 12 -13 -14 -15 -16 16 17 18 -20
leaf_value=-0.00021070184342593973 0.012809750691977241 -0.074644174512984759 0.00050373190672920343 0.016682424168961998 -0.011688415129415005 0.044700138386904793 -0.0065812697172652965 -0.042435934349391753 -0.057216377892822558 0.0028249962009074632 0.0018901966610353686 0.0049598273612311639 -0.016583696051918558 -0.0048893459366232839 -0.021737620959649373 0.013874855837308971 0.0035527910654827516 0.020929478738998954 -0.0050803560867648465
leaf_weight=20221.959021724761 266.86934931576252 10.711484625935553 1373.7461036965251 132.6947036832571 381.81348774582148 42.579994842410088 749.71107741445303 60.062610983848572 10.963477447628973 4851.4644708484411 4264.6128108352423 2486.6266832277179 132.52932490408421 393.89806914329529 134.77173241972923 202.26165705919266 1870.4173397123814 48.206198155879974 652.1545495390892
leaf_count=61410 441 45 2806 289 1038 100 3199 277 48 9681 11360 5200 363 1103 398 378 3559 75 1514
internal_value=0.000647402 0.00040348 -0.00321475 -0.000824638 -0.00214792 0.000672408 7.57905e-05 -0.00924069 -0.0114153 0.000376676 0.00290192 0.00562887 0.0013334 -0.00630634 -0.025633 0.00347571 0.00257743 0.00168858 -0.00329009
internal_weight=38288.1 35248.1 2438.6 1888.25 1755.56 32809.5 25883.2 809.774 550.345 25073.4 6926.35 2529.21 4397.14 404.862 145.483 3039.91 2773.04 2570.78 700.361
internal_count=103284 97317 5727 4133 3844 91590 74567 3476 1594 71091 17023 5300 11723 1151 443 5967 5526 5148 1589
is_linear=0
shrinkage=0.03


Tree=144
num_leaves=20
num_cat=0
split_feature=9 3 0 5 1 4 4 5 2 9 7 10 3 9 8 6 4 3 10
split_gain=28.5059 48.0458 46.5095 36.0439 74.0631 61.5074 49.4466 37.3448 35.6766 33.2887 36.0847 32.6641 33.0071 31.1929 39.1392 27.9844 30.8657 26.7349 23.5743
threshold=17.790000000000877 4.6581999999999866 1.2185000000000004 4.6710000000000038 3.0965000000000003 -2.3322333333333281 0.5659333333333364 9.5215000000000014 4.5000000000000009 -13.503333333326735 -0.020632503172812729 54.562400518850588 1.6695999999999758 43.673333333339549 7.655782043457962 -7.3184999999999993 8.019100000000007 2.4054999999999835 79.487179484389159
decision_type=2 2 2 2 2 2 2 2 2 2 2 2 2 2 2 2 2 2 2
left_child=1 3 -3 4 6 7 -1 -5 -7 -4 -11 -2 15 14 -14 -13 -17 -6 -15
right_child=11 2 9 5 17 8 -8 -9 -10 10 -12 12 13 18 -16 16 -18 -19 -20
leaf_value=-0.00042622620478134014 0.010811247841489364 -0.030611069366569339 0.013004593075407868 -0.0074143453736523167 -0.0064319890934985777 -0.01268800660396909 0.0029621743104312902 0.0011240708856180817 0.0051391482957002365 0.020263466754486252 -0.013461091063612733 -0.009536146346109553 0.0043125201553247663 0.0095077674794101855 -0.0052110002211838719 0.0049513963863371457 -0.033543243770568387 -0.023579248253406106 -0.00017861080278638169
leaf_weight=19618.126895949244 396.44432044029236 77.983728505671024 73.174631342291832 687.26941746473312 960.91967631876469 103.74231564998627 4830.423172980547 1400.4029387757182 3868.0114168971777 32.171186059713364 253.99227972328663 129.80333414673805 537.99972434341908 409.71264530718327 1396.5576149374247 2885.2428806126118 18.8689831122756 89.451449766755104 504.66968168318272
leaf_count=61506 670 313 121 1613 2509 322 12570 2846 7342 45 639 297 1186 719 3188 6036 65 278 1019
internal_value=0.000628193 0.000265498 -0.00961002 0.000402349 -9.18873e-05 0.00248217 0.000243237 -0.00168681 0.0046735 -0.00505236 -0.0096697 0.00247628 0.00191458 -0.000404366 -0.00256251 0.00409215 0.00470128 -0.00789228 0.00416162
internal_weight=38275 31995.7 437.322 31558.3 25498.9 6059.43 24448.6 2087.67 3971.75 359.338 286.163 6279.3 5882.85 2848.94 1934.56 3033.92 2904.11 1050.37 914.382
internal_count=103284 90104 1118 88986 76863 12123 74076 4459 7664 805 684 13180 12510 6112 4374 6398 6101 2787 1738
is_linear=0
shrinkage=0.03


Tree=145
num_leaves=20
num_cat=0
split_feature=2 0 3 0 9 8 8 8 4 8 4 5 7 7 6 3 6 9 4
split_gain=27.7911 52.6777 37.9757 39.5698 38.5085 37.5313 45.3284 37.646 41.8603 40.8088 36.9827 35.111 35.11 33.2858 38.3281 35.8896 31.5602 31.1159 29.8079
threshold=1.5000000000000002 0.054500000000000014 -0.19980000000003376 0.019500000000000007 -2.4833333333372134 0.044699482002449616 1.0000000180025095e-35 0.044720580166351435 0.10643333333333653 0.044721269360503607 -0.16459999999999339 1.7077000000000047 0.00011309575308482424 -0.00011267688158067556 0.90450000000000019 0.53849999999998854 0.56850000000000001 21.243333333331979 -0.21919999999999581
decision_type=2 2 2 2 2 2 2 2 2 2 2 2 2 2 2 2 2 2 2
left_child=2 12 3 -1 18 6 11 8 -7 -9 -8 -3 13 14 -2 -15 -5 -6 -4
right_child=1 5 4 16 17 7 10 9 -10 -11 -12 -13 -14 15 -16 -17 -18 -19 -20
leaf_value=-0.02502485308659283 0.016878837887658784 0.005966606979006704 0.00077600550981151361 0.016118382811914092 0.0033680989537352803 -0.0019793673427831006 -0.0032077931934591224 0.016351699570055091 -0.031084127417375377 0.00065556872676850652 0.032753568682536927 -0.025198161413837707 0.016756364249412129 -0.0038524689283436632 -0.053345013174820238 -0.014997258073697671 -0.033129657864101214 0.038139246195431846 0.033273113918364301
leaf_weight=61.413424752652645 97.08485572040081 490.87915048748255 34.523650363087654 64.143587544560432 342.04666861146688 121.87239674478769 34.732761681079865 149.72582180052996 70.032018147408962 34417.472340606153 99.381093323230743 34.845112949609756 71.035197049379349 1725.0586315840483 7.5381676852703086 306.2194711342454 14.327129311859606 24.84504297375679 96.155475534498692
leaf_count=294 219 2045 155 209 1388 557 112 546 352 87574 212 132 131 7829 32 1153 68 42 234
internal_value=0.000609579 0.000504343 0.00682115 -0.00698881 0.0107036 0.000784543 0.00787242 0.000649993 -0.0126006 0.000723556 0.0234403 0.003901 -0.00399257 -0.00468263 0.0118192 -0.00553257 0.00712671 0.00572272 0.0246878
internal_weight=38263.3 37625.9 637.455 139.884 497.571 35418.9 659.838 34759.1 191.904 34567.2 134.114 525.724 2206.94 2135.9 104.623 2031.28 78.4707 366.892 130.679
internal_count=103284 100894 2390 571 1819 91530 2501 89029 909 88120 324 2177 9364 9233 251 8982 277 1430 389
is_linear=0
shrinkage=0.03


Tree=146
num_leaves=20
num_cat=0
split_feature=4 1 9 4 0 10 0 10 7 6 4 8 4 0 10 4 10 2 9
split_gain=27.6727 36.7618 29.4931 53.2047 75.0788 30.2921 20.4967 19.5392 56.9536 19.133 16.3516 13.4991 17.3566 60.8843 19.5423 26.3293 17.9199 15.3176 15.6798
threshold=5.6565000000000039 33.867000000000012 55.546666666668905 4.5618666666666714 2.0225000000000004 74.644362386594153 40.430000000000014 98.712446345957375 0.032158649790181577 -52.374999999999993 4.5618666666666714 8.9806458319586167 11.089433333333343 2.5795000000000008 82.341149094439217 8.019100000000007 83.543220460281134 247.50000000000003 -9.0866666666624933
decision_type=2 2 2 2 2 2 2 2 2 2 2 2 2 2 2 2 2 2 2
left_child=1 2 3 5 -5 -1 -3 9 -9 -4 -8 12 14 -14 15 -2 -16 18 -13
right_child=11 6 7 4 -6 -7 10 8 -10 -11 -12 17 13 -15 16 -17 -18 -19 -20
leaf_value=0.00094443735252727604 -0.0020797990746556343 -0.057793599500397128 -0.075804104255537089 -0.038114331271761344 -0.0029290122277574144 -0.0012190723008661441 -0.0075502856546949756 -0.058449959918761521 0.04102690143053845 0.0096671152002215637 -0.049303703475701191 0.013453458504405484 -0.054522264922242249 0.01427499977502408 0.05482943209958982 0.021491442527970809 0.019395523188644445 0.0114542049837637 -0.0028983148245251586
leaf_weight=29328.889055781066 96.506584882736206 11.17945736646652 2.3693963438272467 76.072671145200729 193.18944457173347 7267.7590422034264 55.877893537282944 13.345068350434305 8.4659059792757017 455.56838265061378 9.9436803162097913 63.424554318189621 15.681861460208891 44.231380105018616 15.652832522988318 76.424539133906364 71.613066881895065 140.30793450772762 314.41996303200722
leaf_count=76648 209 41 10 270 414 23272 126 50 7 789 34 105 71 71 13 116 132 246 660
internal_value=0.000591256 0.000470505 0.0005132 0.000417026 -0.0128697 0.000514784 -0.0202368 0.00790358 -0.0198381 0.00922488 -0.013858 0.00598198 0.0108255 -0.00373219 0.0141776 0.00833719 0.0257513 0.00298967 -0.000153525
internal_weight=38260.9 37422.7 37345.7 36865.9 269.262 36596.6 77.001 479.749 21.811 457.938 65.8216 838.263 320.11 59.9132 260.197 172.931 87.2659 518.152 377.845
internal_count=103284 101661 101460 100604 684 99920 201 856 57 799 160 1623 612 142 470 325 145 1011 765
is_linear=0
shrinkage=0.03


Tree=147
num_leaves=20
num_cat=0
split_feature=4 6 2 1 7 7 9 5 8 5 6 7 10 9 8 9 10 9 7
split_gain=27.1536 29.0555 29.5911 39.7992 36.7552 294.895 51.3244 32.4161 30.3934 18.7096 32.868 22.8376 18.0995 19.5019 15.1845 18.1904 36.9841 13.4729 12.4304
threshold=-19.355999999999991 -17.917499999999997 105.50000000000001 11.081000000000001 -1.0000000180025095e-35 -0.00010983609707859719 -7.0433333333348846 2.7166999999999812 32.408146901555504 7.3082999999999911 -26.075499999999995 -0.016030252653204121 31.144067795993617 -28.650000000001452 3.4326376339371913 -72.660000000010754 15.966791926368609 -20.69666666667035 -0.012329689099926931
decision_type=2 2 2 2 2 2 2 2 2 2 2 2 2 2 2 2 2 2 2
left_child=14 9 4 7 5 -3 -6 -4 -5 10 -2 -12 13 -11 -1 -16 -17 -14 -18
right_child=1 2 3 8 6 -7 -8 -9 -10 12 11 -13 17 -15 15 16 18 -19 -20
leaf_value=0.032373005278103682 -0.050352801492360703 0.0003549719903920991 -0.0018741369412661074 -0.0065570389602213645 0.0037654375975439756 -0.017697915726431514 0.00028288387873643837 0.0057483192826166297 0.014974360229800237 -0.0052542939911397165 -0.028464152241353954 -0.001817551963029064 0.011409064906322746 -0.027431416300394359 0.021320535325102027 -0.047284499376585534 0.023824638300945531 -0.0018986772249764217 0.0014633189450683007
leaf_weight=26.36473785340786 19.706823326647282 10754.127197377384 614.54686699807644 520.13773229718208 4938.6418723165989 881.0799016058445 16645.666062407196 2744.9017527252436 66.553082019090652 154.48825493454933 39.788180202245712 106.2436455488205 81.937268540263176 46.407058775424957 63.780322536826134 12.498543053865431 29.58328066021204 416.55072725564241 91.80147048085928
leaf_count=34 82 27142 1373 1165 12427 3944 49706 5073 112 334 120 247 137 138 101 43 45 876 185
internal_value=0.000573645 0.000512301 0.000638814 0.00309489 0.000347057 -0.00101209 0.00107972 0.00435394 -0.00411456 -0.0049227 -0.0139855 -0.00907775 -0.00277502 -0.0103772 0.0109874 0.00813498 0.00185354 0.000288738 0.00691311
internal_weight=38254.8 38030.8 37165.7 3946.14 33219.5 11635.2 21584.3 3359.45 586.691 865.122 165.739 146.032 699.383 200.895 224.028 197.664 133.883 498.488 121.385
internal_count=103284 102876 100942 7723 93219 31086 62133 6446 1277 1934 449 367 1485 472 408 374 273 1013 230
is_linear=0
shrinkage=0.03


Tree=148
num_leaves=20
num_cat=0
split_feature=9 3 0 0 8 7 7 5 9 7 10 3 8 9 8 6 4 6 10
split_gain=27.195 44.9346 43.7672 32.623 45.2274 43.6305 49.2161 39.8143 31.0506 33.6673 30.6476 31.2803 29.9593 28.2267 36.2701 26.4349 28.774 25.6623 22.151
threshold=17.790000000000877 4.6581999999999866 1.2185000000000004 0.060500000000000019 0.044699482002449616 0.00011132429714733051 -0.00011267688158067556 0.19519999999999865 -13.503333333326735 -0.020632503172812729 54.562400518850588 1.6695999999999758 1.0000000180025095e-35 43.673333333339549 7.655782043457962 -7.3184999999999993 8.019100000000007 5.9985000000000008 79.487179484389159
decision_type=2 2 2 2 2 2 2 2 2 2 2 2 2 2 2 2 2 2 2
left_child=1 3 -3 5 12 6 -1 -6 -4 -10 -2 15 -5 14 -13 -12 -17 -7 -15
right_child=10 2 8 4 7 17 -8 -9 9 -11 11 13 -14 18 -16 16 -18 -19 -20
leaf_value=0.013672156253144581 0.010462726293853445 -0.029827942176208287 0.012587825925844778 0.0052535591697779795 -0.0075685926358305287 0.0057473675564349239 -0.0052522630006938964 0.00061095036671825805 0.01972038233259716 -0.013023811123770384 -0.0092839558192599828 0.0041362943727873388 0.021414798996656215 0.0091314141485637421 -0.0050345961831335887 0.004776815367536472 -0.03241605390269657 0.052441023007271464 -0.00028528642261145732
leaf_weight=130.81357979774475 394.04594127833843 77.352813012897968 72.512653432786465 516.73441713303328 546.17519783228636 330.22765613347292 2268.4912757501006 27604.974139124155 31.789593100547791 254.57748782634735 130.17705793678761 537.32717575132847 129.00782468914986 406.18630350381136 1397.7232935577631 2880.7459373921156 18.843208387494087 10.944147780537604 503.51156657189131
leaf_count=307 670 313 121 2109 2985 990 10361 71903 45 639 297 1186 314 719 3188 6036 65 17 1019
internal_value=0.000556625 0.000202397 -0.00936006 0.000334667 0.00063232 -0.00279307 -0.00422048 0.000452255 -0.00494843 -0.00938888 0.00236341 0.00182013 0.00848229 -0.000439061 -0.00248801 0.00394136 0.00453511 0.00724521 0.00391933
internal_weight=38242.2 31973.6 436.233 31537.4 28796.9 2740.48 2399.3 28151.1 358.88 286.367 6268.56 5874.51 645.742 2844.75 1935.05 3029.77 2899.59 341.172 909.698
internal_count=103284 90104 1118 88986 77311 11675 10668 74888 805 684 13180 12510 2423 6112 4374 6398 6101 1007 1738
is_linear=0
shrinkage=0.03


Tree=149
num_leaves=20
num_cat=0
split_feature=2 0 3 0 9 8 8 3 8 4 8 4 7 3 9 7 6 4 9
split_gain=27.1123 46.8242 35.8269 37.6152 35.5765 32.8883 40.0334 35.8337 35.2347 40.2331 38.507 34.5118 32.0461 31.2266 47.0361 38.178 29.8462 29.743 29.8164
threshold=1.5000000000000002 0.054500000000000014 -0.19980000000003376 0.019500000000000007 -2.4833333333372134 0.044699482002449616 1.0000000180025095e-35 -0.23570000000000951 0.044720580166351435 0.10643333333333653 0.044721269360503607 -4.423799999999992 0.00011309575308482424 0.53849999999998854 17.363333333327322 -0.00011340960885397598 0.56850000000000001 -0.50086666666665958 21.243333333331979
decision_type=2 2 2 2 2 2 2 2 2 2 2 2 2 2 2 2 2 2 2
left_child=2 12 3 -1 -4 6 11 -8 9 -7 -10 -3 13 14 -2 -15 -5 -6 -19
right_child=1 5 4 16 17 8 7 -9 10 -11 -12 -13 -14 15 -16 -17 -18 18 -20
leaf_value=-0.024517964480282546 -0.0038314445750315604 0.052315315303419964 0.023825826667627462 0.01559001507922541 -0.033142171091090716 -0.0019100965752293754 -0.010839592793582039 0.029147894063390738 0.015775921867339421 -0.030584702945423592 0.0005781875881567532 0.0023780353892536837 0.016021235201334975 0.04146215237393841 0.023173211301851512 -0.014988012020210679 -0.032513632516332366 0.0051267913198659153 0.039598859995393469
leaf_weight=60.68737930804491 1743.4034186899662 12.763873681426047 131.4530176743865 64.434547305107117 16.977397345006466 121.70463524013758 24.659001410007477 110.7705138027668 150.70367971807718 69.008898966014385 34390.781615175307 515.5140640810132 70.95512156188488 11.167209550738333 60.048665337264538 313.11616503447294 14.159465096890925 325.54978431761265 24.265203803777695
leaf_count=294 7904 19 389 209 86 557 77 247 546 352 87574 2158 131 13 132 1184 68 1305 39
internal_value=0.000540065 0.000436031 0.00667492 -0.006776 0.010435 0.000699906 0.00731511 0.021867 0.000573495 -0.0122859 0.000644495 0.00358458 -0.003812 -0.0044734 -0.00293228 -0.0130441 0.00692368 0.00563597 0.00751797
internal_weight=38232.1 37594.6 637.527 139.281 498.245 35395.9 663.707 135.43 34732.2 190.714 34541.5 528.278 2198.69 2127.74 1803.45 324.283 78.594 366.792 349.815
internal_count=103284 100894 2390 571 1819 91530 2501 324 89029 909 88120 2177 9364 9233 8036 1197 277 1430 1344
is_linear=0
shrinkage=0.03


Tree=150
num_leaves=20
num_cat=0
split_feature=4 1 9 10 8 7 10 4 8 0 4 8 4 0 10 0 10 2 3
split_gain=26.4525 33.6322 28.0946 40.0502 51.5793 38.502 34.6006 42.7323 30.135 18.6564 14.9884 13.0113 16.209 57.4123 18.3604 25.2843 17.0591 14.2758 14.5527
threshold=5.6565000000000039 33.867000000000012 29.136666666672685 74.644362386594153 15.704776352357365 -1.0000000180025095e-35 88.888888854455743 0.22433333333333524 9.4222343466424174 40.430000000000014 4.5618666666666714 8.9806458319586167 11.089433333333343 2.5795000000000008 82.341149094439217 0.20050000000000004 83.543220460281134 247.50000000000003 16.191799999999972
decision_type=2 2 2 2 2 2 2 2 2 2 2 2 2 2 2 2 2 2 2
left_child=1 2 3 5 -5 -1 8 -8 -4 -3 -11 12 14 -14 15 -2 -16 18 -13
right_child=11 9 6 4 -6 -7 7 -9 -10 10 -12 17 13 -15 16 -17 -18 -19 -20
leaf_value=-0.0006120519564509683 -0.050198228777907181 -0.054798793995348462 0.012787693538934912 -0.0018315687546045416 -0.052359328327193089 0.0016215818148129224 0.022727402267626422 -0.0049463604056732271 0.0035516185136160484 -0.0071630843082541463 -0.046874089769427585 0.0028385254187860962 -0.053252554717075302 0.013938428335154799 0.053472859193732097 0.010395685062664722 0.018833645643766682 0.011085484043946698 -0.011719995294978519
leaf_weight=11891.932914942503 6.4381787329912177 11.389187872409819 398.80270449817181 6097.9466353803873 18.237055793404579 16697.781167082489 54.898144021630287 589.10294219851494 1567.9120300114155 56.020974636077881 10.095731720328329 299.54581779241562 15.477749362587927 43.929744213819504 15.584272518754004 165.97670030593872 71.508703485131264 138.86171676963568 77.85585230588913
leaf_count=29921 29 41 675 20870 70 45466 82 1405 2971 126 34 582 71 71 13 296 132 246 183
internal_value=0.000523833 0.000405898 0.000446901 0.000221134 -0.00198223 0.000692499 0.00344816 -0.0025873 0.00542447 -0.0193356 -0.0132268 0.00580426 0.0105685 -0.00356719 0.0138044 0.00813304 0.0250319 0.00286123 -0.000164816
internal_weight=38229.3 37394.1 37316.6 34705.9 6116.18 28589.7 2610.72 644.001 1966.71 77.5059 66.1167 835.179 318.915 59.4075 259.508 172.415 87.093 516.263 377.402
internal_count=103284 101661 101460 96327 20940 75387 5133 1487 3646 201 160 1623 612 142 470 325 145 1011 765
is_linear=0
shrinkage=0.03


Tree=151
num_leaves=20
num_cat=0
split_feature=4 1 5 9 8 7 3 10 10 3 4 0 8 6 0 0 8 9 10
split_gain=25.5912 27.5967 36.4263 35.8709 36.3676 35.3238 35.0934 28.885 46.9179 30.9527 27.3065 27.251 25.1569 21.8913 21.7 18.3635 14.3419 17.6186 34.4685
threshold=-19.355999999999991 -4.2534999999999998 3.5700999999999774 -30.726666666661909 18.874784730270367 -0.024560938371953608 -15.94879999999999 9.8145175156647628 0.83333333318866931 0.3889999999999702 0.18626666666667041 9.3705000000000016 15.410678136439623 -17.917499999999997 7.7275 5.7915000000000019 3.4326376339371913 -72.660000000010754 15.966791926368609
decision_type=2 2 2 2 2 2 2 2 2 2 2 2 2 2 2 2 2 2 2
left_child=16 2 5 4 10 11 -6 8 -5 -9 -3 -2 -7 14 -4 -15 -1 -18 -19
right_child=1 3 13 7 6 12 -8 9 -10 -11 -12 -13 -14 15 -16 -17 17 18 -20
leaf_value=0.03151466202763429 0.019334075885709439 0.0051109420291453357 -0.051726884962029041 0.0030478816352155886 -0.036461987137567209 -0.010450985459571585 -0.00058432274529179732 0.0015128377100408368 -0.0050658942897098564 -0.00042957217704198196 0.016065137650330647 -0.026759766817154074 -0.055642360550069651 -0.01107019025103434 -0.0048792563481268886 0.00229941438109819 0.020969794596237785 -0.045503094484840363 0.0066320915747778517
leaf_weight=26.182912394404411 60.691188812255859 1269.3528968542814 9.0489541143178922 952.29633367806673 25.863907724618912 548.35572924464941 478.22758441418409 17820.600617021322 1964.733027741313 12606.665582112968 244.21123649179935 14.254834830760954 11.315129742026327 99.210448041558266 535.92488352954388 1359.240738004446 62.823899790644646 12.606800466775892 120.53218802064657
leaf_count=34 91 2484 32 3657 79 1629 978 49362 9550 30458 376 43 42 237 1183 2675 101 43 230
internal_value=0.000508237 0.000448885 -0.00251107 0.000669701 0.00455399 -0.0087746 -0.00242513 0.000434664 -0.00241706 0.000708056 0.00687838 0.010567 -0.0113646 -0.000527002 -0.00565713 0.00138995 0.0106609 0.00787464 0.00169546
internal_weight=38222.1 38000 2638.04 35362 2017.66 634.617 504.091 33344.3 2917.03 30427.3 1513.56 74.946 559.671 2003.43 544.974 1458.45 222.146 195.963 133.139
internal_count=103284 102876 5932 96944 3917 1805 1057 93027 13207 79820 2860 134 1671 4127 1215 2912 408 374 273
is_linear=0
shrinkage=0.03


Tree=152
num_leaves=20
num_cat=0
split_feature=2 0 3 0 7 8 8 4 5 8 4 8 7 3 9 7 0 7 9
split_gain=25.543 43.9409 33.6851 35.7451 33.8723 30.84 37.4504 33.5557 33.3981 33.2262 38.6178 35.9882 30.0588 29.2626 44.2808 36.0322 28.949 40.6969 29.5662
threshold=1.5000000000000002 0.054500000000000014 -0.19980000000003376 0.019500000000000007 0.00011132429714733051 0.044699482002449616 1.0000000180025095e-35 -0.16459999999999339 1.7077000000000047 0.044720580166351435 0.10643333333333653 0.044721269360503607 0.00011309575308482424 0.53849999999998854 17.363333333327322 -0.00011340960885397598 0.10150000000000002 -0.00011138666935472939 -4.0533333333369219
decision_type=2 2 2 2 2 2 2 2 2 2 2 2 2 2 2 2 2 2 2
left_child=2 12 3 -1 -4 6 8 -8 -3 10 -7 -11 13 14 -2 -15 18 -18 -5
right_child=1 5 4 16 -6 9 7 -9 -10 11 -12 -13 -14 15 -16 -17 17 -19 -20
leaf_value=-0.024058938702108949 -0.0037527659478999828 0.0054319885967824121 0.006811926914334329 -0.007444964864558712 0.028773172876930313 -0.0018728014657672662 -0.004245371658137884 0.029840511470979183 -0.025017221528812878 0.015170395650547392 -0.030099359462278763 0.0005293063010149545 0.015493015697096345 0.040282171956768725 0.02240924019213384 -0.014584018329700181 0.049459949715917217 -0.043336013169669209 0.037045325614764806
leaf_weight=60.078568153083324 1740.8748869001865 494.48379141837358 425.60014217346907 23.045175939798355 74.23297019302845 121.60476692765951 34.985142163932323 101.13252575695515 34.694684639573097 151.76427314430475 68.025377012789249 34375.742790684104 70.867776080965996 11.158474221825598 60.240659981966019 311.58659188449383 5.5812171250581768 17.879946209490299 32.265236400067806
leaf_count=294 7904 2045 1663 88 156 557 112 212 132 546 352 87574 131 13 132 1184 9 93 87
internal_value=0.000493105 0.00039199 0.00644225 -0.00662959 0.0100735 0.000647489 0.00704556 0.0210797 0.00343564 0.000524881 -0.0119984 0.000593661 -0.00372706 -0.00436839 -0.00287774 -0.0126871 0.00666366 -0.0212606 0.0185084
internal_weight=38215.8 37577.2 638.683 138.85 499.833 35382.4 665.296 136.118 529.178 34717.1 189.63 34527.5 2194.73 2123.86 1801.12 322.745 78.7716 23.4612 55.3104
internal_count=103284 100894 2390 571 1819 91530 2501 324 2177 89029 909 88120 9364 9233 8036 1197 277 102 175
is_linear=0
shrinkage=0.03


Tree=153
num_leaves=20
num_cat=0
split_feature=9 3 0 5 1 4 4 5 2 10 9 2 3 3 5 7 8 1 6
split_gain=25.1537 42.1063 41.2605 31.7956 70.3947 58.3888 47.4681 34.889 33.1062 29.2886 29.2262 28.0858 24.9785 24.8858 31.3542 29.6411 27.3334 23.906 22.2153
threshold=17.790000000000877 4.6581999999999866 1.2185000000000004 4.6710000000000038 3.0965000000000003 -2.3322333333333281 0.5659333333333364 9.5215000000000014 4.5000000000000009 62.308002728201366 -30.726666666661909 10.500000000000002 2.4054999999999835 1.614199999999985 11.25369999999999 -0.00011146364586323009 21.267228327193006 7.3275000000000015 -1.8694999999999997
decision_type=2 2 2 2 2 2 2 2 2 2 2 2 2 2 2 2 2 2 2
left_child=1 3 -3 4 6 7 -1 -5 -7 11 -4 -2 -6 18 15 -15 -16 -12 -11
right_child=9 2 10 5 12 8 -8 -9 -10 13 17 -13 -14 14 16 -17 -18 -19 -20
leaf_value=-0.00052722109159767218 0.018902086783276394 -0.029095751447986949 0.021268538913291134 -0.0073759980451351456 -0.0063932469734695524 -0.012380072986451343 0.0027940500069317678 0.00088317147630777326 0.0048147071467691972 -0.001954242841948966 -0.0030648784921532223 0.0048121987143013743 -0.022971748424127837 0.005290871617196059 0.0088866262240725 -0.0044614806713542754 -0.0035062495432854864 -0.022114039529223129 0.0048192470613292694
leaf_weight=19609.211963437498 149.55183574557304 76.729666076600552 34.798491977155209 687.12228305637836 960.25288082659245 103.48486003279686 4826.0647649616003 1394.5759592428803 3850.2693402394652 552.28915357589722 245.53863504528999 856.70563295483589 89.40938326716423 340.98198004066944 467.5920008122921 1581.0700277537107 243.62997510284185 78.167909488081932 2065.7920561954379
leaf_count=61506 227 313 50 1613 2509 322 12570 2846 7342 1201 535 1591 278 666 837 3695 525 220 4438
internal_value=0.000478277 0.000137676 -0.00912967 0.000265639 -0.000198044 0.00222356 0.000128743 -0.001843 0.00436465 0.00221762 -0.00485639 0.00690626 -0.00780539 0.00131919 -0.000740042 -0.00273136 0.00464143 -0.00766483 0.00339037
internal_weight=38213.2 31955.6 435.235 31520.4 25484.9 6035.45 24435.3 2081.7 3953.75 6257.61 358.505 1006.26 1049.66 5251.36 2633.27 1922.05 711.222 323.707 2618.08
internal_count=103284 90104 1118 88986 76863 12123 74076 4459 7664 13180 805 1818 2787 11362 5723 4361 1362 755 5639
is_linear=0
shrinkage=0.03


Tree=154
num_leaves=20
num_cat=0
split_feature=9 10 9 9 3 3 10 5 5 3 10 4 10 4 2 10 2 10 10
split_gain=25.1466 26.5086 39.5129 145.678 69.4044 58.3252 68.6784 55.7631 40.7864 34.7602 50.0226 45.8085 32.7662 44.9557 35.0867 24.0504 63.1599 21.2019 16.0093
threshold=55.546666666668905 74.644362386594153 0.48666666667122632 -0.069999999999708948 -0.070200000000012586 0.33139999999998643 41.624365479288372 0.30099999999999366 0.45759999999998152 0.17239999999998531 99.683544300478331 6.6104666666666754 77.240092636357403 0.018133333333334743 2.5000000000000004 98.712446345957375 221.50000000000003 99.758454102910221 69.440126792845646
decision_type=2 2 2 2 2 2 2 2 2 2 2 2 2 2 2 2 2 2 2
left_child=1 2 3 4 -1 6 -4 -5 -7 12 11 -11 14 -14 -3 18 -17 -12 -2
right_child=15 9 5 7 -6 8 -8 -9 -10 10 17 -13 13 -15 -16 16 -18 -19 -20
leaf_value=-0.00062048171909366665 0.019451699449823865 0.027411959246465938 -0.0073252881331285777 -0.018194505489101842 0.0033108252176483762 -0.036981268107334028 0.0059154951925887876 -0.0050788001117425263 0.00041450150048971847 -0.0040905636515004822 0.01665099043275628 0.011545646101641634 0.009450793286246718 9.9049065490703457e-05 -0.011982228268042574 -0.060828527705763288 0.019710269609978157 0.0025839392067781362 0.0057166325956982417
leaf_weight=12468.047637842596 89.551067985594273 22.31819748878479 384.99608783423901 462.21500183641911 5980.1307001262903 26.37237049639225 4184.9002301841974 791.05608788132668 5611.3463582322001 4564.479379311204 139.7544267103076 175.0951205343008 660.24300815165043 1545.7859079018235 230.49141798913479 16.387322813272476 18.836689218878746 311.05587428808212 519.09216534346342
leaf_count=33421 145 55 1068 2817 16100 102 9328 2896 12194 14025 329 313 2097 5810 689 63 27 849 956
internal_value=0.0004641 0.000363322 0.000766382 -1.8497e-05 0.000653884 0.00228126 0.00480001 -0.00991596 0.00023957 -0.00121267 -0.00260461 -0.00351291 0.00172558 0.00289794 -0.00850448 0.00634267 -0.0177589 0.00694483 0.0077375
internal_weight=38202.2 37558.3 29909.1 19701.4 18448.2 10207.6 4569.9 1253.27 5637.72 7649.22 5190.38 4739.57 2458.84 2206.03 252.81 643.867 35.224 450.81 608.643
internal_count=103284 102093 77926 55234 49521 22692 10396 5713 12296 24167 15516 14338 8651 7907 744 1191 90 1178 1101
is_linear=0
shrinkage=0.03


Tree=155
num_leaves=20
num_cat=0
split_feature=9 1 5 6 5 0 3 2 3 9 10 6 8 2 8 5 3 9 10
split_gain=24.5839 34.789 33.2781 30.3398 49.4259 66.4741 51.9159 30.0125 25.9069 24.172 21.4174 23.3675 21.3407 34.232 23.6771 19.3159 18.8818 17.7741 31.0519
threshold=-46.969999999986605 -4.2534999999999998 3.5700999999999774 5.9985000000000008 2.1830000000000092 6.3435000000000015 2.309399999999989 14.500000000000002 1.8502999999999876 63.029999999998843 31.144067795993617 -0.30499999999999983 7.8327837971005563 36.500000000000007 8.2981926238489176 3.9639999999999787 -6.3554999999999913 -72.660000000010754 10.526315786940403
decision_type=2 2 2 2 2 2 2 2 2 2 2 2 2 2 2 2 2 2 2
left_child=16 2 12 4 5 -3 -6 8 -5 -9 11 -4 13 -2 -14 -12 17 -1 -19
right_child=1 3 10 7 6 -7 -8 9 -10 -11 15 -13 14 -15 -16 -17 -18 18 -20
leaf_value=0.0085563134047117809 -0.0035732329006107804 -2.6111832220563724e-05 -0.0083278600242278501 -0.0069790877453397562 0.0034418500216865642 -0.043232399736566965 -0.00117255447817772 -0.0016325912847127342 -0.033638766922664425 0.011224809054286513 0.015371207976227508 0.010911299755836563 0.026437161878743069 -0.021318422878793424 -0.0051809091109626827 0.00016604270930104569 0.0079390567833539927 -0.021570333293085393 0.0015225097964572201
leaf_weight=135.20379659533501 176.8273184299469 19657.475046418607 473.16453285515308 506.52246532589197 9198.0728204697371 32.10033968091011 2881.9159831777215 2372.6299129202962 35.077476918697357 139.32554628700018 80.943258866667747 64.571127206087112 24.018720462918282 219.02937418222427 189.40911877155304 1058.3771305978298 682.56440348923206 72.290314689278603 190.51602232456207
leaf_count=248 540 63240 1141 1401 19295 119 6491 5075 121 242 132 119 45 727 450 2111 1221 193 373
internal_value=0.000450287 0.000320403 -0.00326438 0.000555765 0.000830295 -9.6552e-05 0.00234099 -0.00230049 -0.00870574 -0.000919456 -0.00108283 -0.00601763 -0.00926912 -0.0133917 -0.00162268 0.0012463 0.00491081 -0.000282449 -0.00482965
internal_weight=38190 37109.5 2286.34 34823.1 31769.6 19689.6 12080 3053.56 541.6 2511.96 1677.06 537.736 609.285 395.857 213.428 1139.32 1080.57 398.01 262.806
internal_count=103284 101249 5265 95984 89145 63359 25786 6839 1522 5317 3503 1260 1762 1267 495 2243 2035 814 566
is_linear=0
shrinkage=0.03


Tree=156
num_leaves=20
num_cat=0
split_feature=2 0 4 7 3 1 6 8 8 3 4 5 4 3 7 7 5 5 6
split_gain=24.3957 40.2241 32.1609 31.5649 31.5275 31.2507 33.0577 29.5001 34.9058 32.7919 32.1575 31.2725 39.3011 30.2554 28.2261 28.1546 37.356 32.5294 28.0753
threshold=1.5000000000000002 0.054500000000000014 -0.40846666666665499 0.00011110308699713302 -0.096399999999995864 -0.053999999999999965 -0.017999999999999981 0.044699482002449616 1.0000000180025095e-35 -0.23570000000000951 -4.423799999999992 1.2126999999999883 1.9805000000000021 -1.3682000000000076 0.00011309575308482424 -0.00011267688158067556 0.27580000000000365 0.093399999999988839 -0.60049999999999981
decision_type=2 2 2 2 2 2 2 2 2 2 2 2 2 2 2 2 2 2 2
left_child=2 14 5 18 -5 6 -1 8 10 -10 -3 12 -9 -13 15 16 -2 -17 -4
right_child=1 7 3 4 -6 -7 -8 11 9 -11 -12 13 -14 -15 -16 17 -18 -19 -20
leaf_value=-0.025401094289675578 0.042967907452853581 0.050147312428551437 0.021446194833067412 -0.019163992349709336 0.032831367426393893 -0.019557900116279361 0.050859193534287035 -0.00066169041285744608 -0.010985158455878705 0.027244058162546114 0.0021803278050043988 -0.00076761748632363431 -0.013232350599763323 0.0016497790286703685 0.015027547894756453 -0.017139364202980428 0.00091374853603369425 -0.0038202912433170613 0.0023428653136070036
leaf_weight=8.3036676943302172 24.955282166600227 12.892513677477835 84.990389309823513 12.200583845376967 75.100066304206848 71.712232753634453 13.32584687322378 9820.7180752530694 24.634657174348831 112.02059824764729 516.98731174319983 6240.1342106536031 229.05709357559681 18396.749819859862 70.780361458659172 181.37119358032942 79.796333312988281 1832.0528333857656 373.58417554944754
leaf_count=38 45 19 231 46 154 359 25 33401 77 247 2158 14198 755 40675 131 1271 206 7711 1537
internal_value=0.000436906 0.000337956 0.0062484 0.00903101 0.0255648 -0.0100247 0.0215825 0.000582304 0.00683386 0.0203525 0.00334741 0.000462175 -0.000948204 0.00103749 -0.00360844 -0.00423118 0.0109324 -0.00502009 0.0058834
internal_weight=38181.4 37542.2 639.217 545.875 87.3007 93.3417 21.6295 35353.2 666.535 136.655 529.88 34686.7 10049.8 24636.9 2188.96 2118.18 104.752 2013.42 458.575
internal_count=103284 100894 2390 1968 200 422 63 91530 2501 324 2177 89029 34156 54873 9364 9233 251 8982 1768
is_linear=0
shrinkage=0.03


Tree=157
num_leaves=20
num_cat=0
split_feature=4 7 7 7 7 9 10 3 2 3 7 7 7 1 5 5 2 9 10
split_gain=24.1222 25.9892 287.465 78.8582 107.476 53.315 57.4028 45.9834 46.9446 41.1415 40.8773 106.314 74.5021 37.0274 22.8977 22.4031 13.8641 15.8032 33.9444
threshold=-19.355999999999991 -1.0000000180025095e-35 -0.00010983609707859719 -0.00010961985479340795 -0.00010752994574758644 -7.0433333333348846 1.9884023589456705 -1.1618000000000117 2.5000000000000004 0.034499999999989706 -0.00011063274741318628 -0.00011102580628197244 -0.00011001027496737591 3.4365000000000006 0.24999999999999825 0.40479999999997623 8.5000000000000018 -72.660000000010754 22.617869191511755
decision_type=2 2 2 2 2 2 2 2 2 2 2 2 2 2 2 2 2 2 2
left_child=16 2 10 14 -5 7 9 8 -3 -7 11 -2 -12 -8 -4 -9 -1 -18 -19
right_child=1 5 3 4 -6 6 13 15 -10 -11 12 -13 -14 -15 -16 -17 17 18 -20
leaf_value=0.033423220221015064 0.00047327044594473104 -0.032839067635671203 -0.0020313629984089121 -0.0064323487200889668 -0.034069105105328172 -0.023619886819024109 0.0009276707297800888 -0.0031050237728085022 0.00054680591010390308 0.0020320913819138709 0.016608097114091971 -0.019666961980129571 -0.0051339590903986543 -0.0030375371056683628 -0.039254392497311108 0.0063521898497050019 0.020502005378027564 -0.024302031806999622 0.010600491657806268
leaf_weight=21.144795209169388 12272.566800653934 38.693406201899052 16.47149583697319 543.01629981398582 165.16106102615595 154.48794435709715 15944.904635354877 242.57937245070934 1861.5249427556992 88.50896430760622 363.6123906224966 240.50969716161489 232.56689598411322 2444.4330208599567 153.30346877127886 3189.9403708726168 61.570030122995377 33.013589307665825 104.33293411880732
leaf_count=27 29368 177 104 2270 838 1146 46713 1037 4355 382 851 854 857 5576 747 7601 101 90 190
internal_value=0.000423849 0.000366423 -0.000661174 -0.01728 -0.0128778 0.00096618 0.000209176 0.00361111 -0.000133018 -0.0142764 0.000451823 8.61617e-05 0.00812662 0.000400589 -0.035643 0.00568384 0.0103277 0.00787261 0.00221107
internal_weight=38172.3 37952.3 13987.2 877.952 708.177 23965.1 18632.3 5332.74 1900.22 242.997 13109.3 12513.1 596.179 18389.3 169.775 3432.52 220.061 198.917 137.347
internal_count=103284 102876 35889 3959 3108 66987 53817 13170 4532 1528 31930 30222 1708 52289 851 8638 408 381 280
is_linear=0
shrinkage=0.03


Tree=158
num_leaves=20
num_cat=0
split_feature=4 1 9 3 4 5 10 4 8 0 4 3 5 8 8 5 0 10 2
split_gain=23.974 31.3421 26.075 37.1292 41.3857 33.6521 31.8251 39.9355 28.571 17.1273 14.0381 12.7373 18.2393 15.4924 44.7711 14.6403 21.4085 20.7159 36.7034
threshold=5.6565000000000039 33.867000000000012 29.136666666672685 2.8860999999999968 4.5618666666666714 3.8256999999999937 88.888888854455743 0.22433333333333524 9.4222343466424174 40.430000000000014 4.5618666666666714 16.191799999999972 48.342800000000004 20.58532246234213 29.213481498030088 15.883999999999988 15.623000000000003 95.327102794382526 19.500000000000004
decision_type=2 2 2 2 2 2 2 2 2 2 2 2 2 2 2 2 2 2 2
left_child=1 2 3 4 -1 -5 8 -8 -4 -3 -11 15 13 -13 -15 16 -2 18 -17
right_child=11 9 6 5 -6 -7 7 -9 -10 10 -12 12 -14 14 -16 17 -18 -19 -20
leaf_value=0.00039677429823969441 0.006062179466670729 -0.052458537130847131 0.012326928696914215 -0.020224673987039751 -0.017083712594494295 -0.0031940679790429458 0.021998334146892805 -0.0048251960504082396 0.0033110895818457709 -0.0069611195114403866 -0.045249663816670949 0.00065890537867921049 0.015076855820222933 -0.063073919856895269 -0.0013665786358127803 -0.060369981075937544 -0.018637568860019913 0.037240813743289962 0.012356709964876526
leaf_weight=33003.777400411665 386.65506844222546 11.538094148039816 396.74496012926102 112.73832185566425 122.34673656523228 1415.6670905575156 54.581701755523682 589.17974174022675 1560.9642874747515 56.026741474866867 10.184730678796766 82.935748904943466 43.78154756128788 15.361846059560774 34.008925639092922 6.449266478419303 34.391387522220612 28.792831122875214 197.580755405128
leaf_count=92310 775 41 675 382 335 3300 82 1405 2971 126 34 167 75 58 72 25 87 29 335
internal_value=0.000411139 0.000299029 0.000338738 0.000121285 0.000332213 -0.00445028 0.00323545 -0.00255095 0.00513822 -0.0187285 -0.0128507 0.00545414 -0.00170751 -0.00726163 -0.020567 0.00738278 0.00404469 0.0134195 0.0100579
internal_weight=38163.7 37333.7 37256 34654.5 33126.1 1528.41 2601.47 643.761 1957.71 77.7496 66.2115 829.957 176.088 132.307 49.3708 653.869 421.046 232.823 204.03
internal_count=103284 101661 101460 96327 92645 3682 5133 1487 3646 201 160 1623 372 297 130 1251 862 389 360
is_linear=0
shrinkage=0.03


Tree=159
num_leaves=20
num_cat=0
split_feature=2 0 3 0 9 8 8 5 8 4 8 3 4 6 9 3 7 0 4
split_gain=23.2557 37.337 30.2567 33.5312 32.4597 27.7978 32.495 31.9487 30.8838 37.1243 34.2798 30.6628 27.7403 27.5379 26.6499 36.6689 34.8271 26.5929 26.2859
threshold=1.5000000000000002 0.054500000000000014 -0.19980000000003376 0.019500000000000007 -2.4833333333372134 0.044699482002449616 1.0000000180025095e-35 1.7077000000000047 0.044720580166351435 0.10643333333333653 0.044721269360503607 -0.23570000000000951 0.94150000000000067 0.56850000000000001 17.363333333327322 0.30980000000001412 0.00010989204205502646 0.033500000000000009 -0.21919999999999581
decision_type=2 2 2 2 2 2 2 2 2 2 2 2 2 2 2 2 2 2 2
left_child=2 14 3 -1 18 6 7 -3 9 -7 -10 -8 -6 17 15 16 -2 -5 -4
right_child=1 5 4 13 12 8 11 -9 10 -11 -12 -13 -14 -15 -16 -17 -18 -19 -20
leaf_value=-0.023432618385753133 -0.0044194819660113901 0.0051758111623293589 -0.00016258235902143382 0.039728427369651591 0.0017735143893202637 -0.0017996914879214725 -0.010724409142669302 -0.02468504622584208 0.014675124063515134 -0.029621294919613916 0.00042379836182103957 0.026239499241733112 0.02647951115813877 -0.031826109865143969 0.0087827198741846531 -0.012422578955924015 0.0070655624293883097 -6.3750799527116243e-05 0.030166958123980181
leaf_weight=59.191468067467213 1336.9261710941792 495.88875911384821 34.869273975491524 24.007540374994278 321.93709570169449 121.38059458881617 24.610429219901562 34.489963665604591 152.57952262461185 66.987797372043133 34328.280725628138 112.64004082977772 46.855345733463764 13.923707745969294 148.08175593614578 409.48608668148518 288.99196717888117 40.807808250188828 97.990199938416481
leaf_count=294 6393 2045 155 58 1322 557 77 132 546 352 87574 247 108 68 366 1633 972 151 234
internal_value=0.000398894 0.0003022 0.0060713 -0.00637254 0.00949277 0.000537445 0.00660086 0.00323399 0.000420681 -0.0116936 0.000486861 0.0196115 0.00491243 0.00645223 -0.00350492 -0.00439888 -0.00237812 0.0146752 0.0222069
internal_weight=38159.9 37520.3 639.582 137.931 501.652 35336.9 667.629 530.379 34669.2 188.368 34480.9 137.25 368.792 78.7391 2183.49 2035.4 1625.92 64.8153 132.859
internal_count=103284 100894 2390 571 1819 91530 2501 2177 89029 909 88120 324 1430 277 9364 8998 7365 209 389
is_linear=0
shrinkage=0.03


Tree=160
num_leaves=20
num_cat=0
split_feature=4 3 9 3 0 4 8 5 5 8 5 2 7 1 10 0 10 4 3
split_gain=23.1804 42.5278 47.2817 34.8273 45.8881 36.5848 43.5433 41.5144 35.0855 34.3203 33.9848 35.06 39.2317 33.7228 33.6484 38.2673 33.1055 72.7265 33.2868
threshold=-1.2866666666666606 -1.5173000000000123 -28.650000000001452 -4.8342000000000054 0.14750000000000005 -3.8152333333333277 0.05477263993796453 1.2126999999999883 6.3923999999999834 0.044699482002449616 3.7545999999999951 76.500000000000014 -0.013151559005974976 -1.1594999999999998 59.886359964863473 3.3035000000000005 12.050932973144848 -0.44546666666666485 0.3889999999999702
decision_type=2 2 2 2 2 2 2 2 2 2 2 2 2 2 2 2 2 2 2
left_child=3 10 -3 8 9 6 -6 -7 13 -5 11 -2 -13 -1 -10 -16 17 -4 -18
right_child=1 2 16 4 5 7 -8 -9 14 -11 -12 12 -14 -15 15 -17 18 -19 -20
leaf_value=-0.0050366202375314714 -0.0054360463419384818 0.0068103286831301619 -0.011004039541372189 0.035074306084966297 0.028860780315041131 -0.0040821707840035587 -0.0028215034553555102 0.0068222087405174318 -2.8876738559768765e-05 -0.012108447499255168 -0.00062157976334411766 -0.014392498497532281 -0.055891728675086766 -0.045009933168941772 -0.086136742628281415 -0.010583892483715001 0.0014598322883511295 0.00021051325459901676 -0.00068975995463086087
leaf_weight=47.28938689827919 923.73387501388788 995.04567012935877 743.73405515402555 14.779075436294077 41.008788615465164 351.67796518653631 814.01068772375584 2950.4059271365404 1581.1230898872018 226.76878351718187 1405.8555459529161 137.10272805392742 24.10707525908947 31.745335377752781 8.491948604583742 20.840649262070656 14114.698547363281 1733.4564991891384 11991.536874063313
leaf_count=116 2746 1855 3738 49 94 1123 1801 5862 3324 870 2958 388 103 133 39 48 41016 7803 29218
internal_value=0.000386886 6.47126e-05 0.000381738 0.00208394 0.00349017 0.00422878 -0.00130194 0.00566087 -0.00157724 -0.00922158 -0.0037 -0.00768897 -0.0205982 -0.0210924 -0.000619515 -0.0324569 0.000157946 -0.00315646 0.000472447
internal_weight=38157.4 32069.3 29578.5 6088.14 4398.65 4157.1 855.019 3302.08 1689.49 241.548 2490.8 1084.94 161.21 79.0347 1610.46 29.3326 28583.4 2477.19 26106.2
internal_count=103284 89825 83630 13459 9799 8880 1895 6985 3660 919 6195 3237 491 249 3411 87 81775 11541 70234
is_linear=0
shrinkage=0.03


Tree=161
num_leaves=20
num_cat=0
split_feature=9 7 7 7 7 7 7 9 7 1 7 6 7 9 7 10 7 4 5
split_gain=23.4751 43.6641 40.584 83.2234 40.3609 102.806 82.773 53.8722 56.8627 47.715 47.967 37.5251 37.0986 51.2229 35.0357 34.4217 65.2079 33.6562 31.1313
threshold=10.610000000000584 0.00021577813287265715 0.00011266348880489831 0.00011201199872079572 0.00010994103313288762 0.00010916190402721072 0.00011062118218108098 -6.3366666666697702 0.00011110308699713302 0.049000000000000037 1.0000000180025095e-35 0.076000000000000054 0.00010975412332303593 0.1699999999982538 0.0001096243611775627 72.556560364097606 0.00011008820817171029 -0.29819999999999519 0.52880000000000171
decision_type=2 2 2 2 2 2 2 2 2 2 2 2 2 2 2 2 2 2 2
left_child=4 2 3 -2 5 9 15 17 -9 10 -1 -11 14 -14 -7 18 -17 -8 -6
right_child=1 -3 -4 -5 6 12 7 8 -10 11 -12 -13 13 -15 -16 16 -18 -19 -20
leaf_value=-0.0011261544704930023 0.0035036056649858298 -0.00034340468795955294 0.016010935929970889 -0.03353171603807751 0.030493645372141918 -0.013613277547433687 0.0017671431663610834 -0.019127075409208244 -0.00031663667080372509 0.0057942868829514308 -0.014041811066124541 0.00031348887689894935 -0.020985299152490068 0.011975565311497257 -0.038623800172987249 -0.010808629384799281 0.060863581376613241 0.0085075920314923569 0.0073282033496947325
leaf_weight=14461.777415402234 4546.4574216976762 4921.7530318945646 228.54054272174835 55.271773800253868 64.326925933361053 110.67070782184601 1757.4085750132799 149.39002756029367 4543.6568742394447 1600.4601851552725 263.50817098468542 3778.8284297510982 93.65433319658041 77.587268471717834 92.576313346624374 16.840798690915108 35.523045480251312 1074.2206455692649 277.19338451325893
leaf_count=43396 10646 10756 417 208 163 517 3803 602 11655 4644 1352 10964 461 281 513 66 52 2141 647
internal_value=0.00037535 0.00164526 0.00367159 0.00305877 -6.07504e-05 -0.000764031 0.00175808 0.00105633 -0.000915414 -0.000473931 -0.00135728 0.00194415 -0.0163382 -0.00605117 -0.0250052 0.0151642 0.037813 0.00432423 0.0116915
internal_weight=38149.6 9752.02 4830.27 4601.73 28397.6 20479.1 7918.56 7524.68 4693.05 20104.6 14725.3 5379.29 374.489 171.242 203.247 393.884 52.3638 2831.63 341.52
internal_count=103284 22027 11271 10854 81257 62128 19129 18201 12257 60356 44748 15608 1772 742 1030 928 118 5944 810
is_linear=0
shrinkage=0.03


Tree=162
num_leaves=20
num_cat=0
split_feature=9 1 5 4 7 7 7 1 3 7 7 1 7 6 10 2 9 10 5
split_gain=23.1445 24.9253 49.1932 43.1884 39.563 126.076 73.9223 57.6965 45.7771 40.7396 36.4162 25.5176 27.3067 23.3655 22.4248 58.7166 16.9888 15.3534 18.3509
threshold=55.546666666668905 3.4365000000000006 5.4641000000000055 -4.9006999999999925 0.00010994103313288762 0.00010916190402721072 0.00011062118218108098 0.041499999999999974 0.18039999999997938 0.00010982982417973021 0.00011008820817171029 11.081000000000001 0.0027899683902044008 -5.4644999999999984 98.712446345957375 221.50000000000003 -5.6466666666601659 69.440126792845646 4.1063999999999981
decision_type=2 2 2 2 2 2 2 2 2 2 2 2 2 2 2 2 2 2 2
left_child=1 4 3 -3 5 7 10 -1 -8 -7 -6 13 -13 -4 17 -16 -5 -2 -19
right_child=14 2 11 16 6 9 8 -9 -10 -11 -12 12 -14 -15 15 -17 -18 18 -20
leaf_value=-0.00081743686875434401 0.018973151866480169 -0.080834240017302231 -0.011651652793406303 0.0010883314967444829 0.0036217514549611476 -0.022807353481672087 0.0034768438722955833 0.0024832595323699808 -0.00057062694092523472 -0.0031112009745332151 0.020476213125027367 0.010191470460004612 -0.0068251084629992699 0.006016177420014911 -0.058419691986897955 0.019238436113887241 -0.0071276550689701621 0.017126704282937107 0.002676306067994801
leaf_weight=16838.328048631549 87.87665131688118 6.9138014167547217 73.117156714200974 274.5923970490694 195.49343480914831 286.82403471320868 5102.8787156194448 6648.1284740567207 4958.8359748497605 140.96458401530981 281.51372863352299 105.13164453208447 440.43239086121321 856.69926387071609 16.532261833548546 18.644700065255165 1293.5270958244801 97.527620673179626 418.4553360119462
leaf_count=49469 145 30 172 588 559 1411 11971 18913 11809 560 550 185 985 1577 63 27 3314 147 809
internal_value=0.00036409 0.000267625 -0.00233158 -0.00601882 0.000497755 -0.000177112 0.00202915 0.000116866 0.00148208 -0.0163171 0.0135687 0.00160472 -0.00354597 0.00462685 0.00602536 -0.0172589 -0.00568896 0.00738175 0.00540762
internal_weight=38142.4 37503.4 3050.41 1575.03 34453 23914.2 10538.7 23486.5 10061.7 427.789 477.007 1475.38 545.564 929.816 639.037 35.177 1568.12 603.86 515.983
internal_count=103284 102093 6851 3932 95242 70353 24889 68382 23780 1971 1109 2919 1170 1749 1191 90 3902 1101 956
is_linear=0
shrinkage=0.03


Tree=163
num_leaves=20
num_cat=0
split_feature=4 6 7 7 7 9 5 6 7 10 4 10 9 2 4 8 9 10 7
split_gain=22.9945 25.0205 27.258 25.4531 269.242 47.9529 17.1222 30.761 21.2514 16.2824 16.1387 15.4491 21.4709 15.0534 14.9712 13.1933 16.1577 30.9538 12.3151
threshold=-19.355999999999991 -17.917499999999997 -0.02646922343159663 -1.0000000180025095e-35 -0.00010983609707859719 -7.0433333333348846 7.3082999999999911 -26.075499999999995 -0.016030252653204121 9.8145175156647628 -7.354533333333328 31.144067795993617 -34.45999999999912 426.50000000000006 -0.048999999999991876 3.4326376339371913 -72.660000000010754 14.719713449936707 -0.011350330817810892
decision_type=2 2 2 2 2 2 2 2 2 2 2 2 2 2 2 2 2 2 2
left_child=15 6 11 4 -4 -5 7 -2 -9 10 -8 12 -3 -11 -13 -1 -17 -18 -19
right_child=1 2 3 5 -6 -7 9 8 -10 13 -12 14 -14 -15 -16 16 17 18 -20
leaf_value=0.030148172610638943 -0.048804501740308155 0.0042377636127666658 0.00041179886474596136 0.003417814816057887 -0.016890078273794691 0.00017735291336176887 -0.048446574610924484 -0.027336448606385594 -0.0016719110641368851 -0.0028324744847811087 -0.0098209309361049629 0.017034674215030778 -0.026075055987968818 0.012337026525096693 0.0047819816641435668 0.020164740492635273 -0.049302767567062498 0.020846373579372492 -0.0003490680982225615
leaf_weight=25.924730703234673 19.510206252336502 131.97630830109119 11988.999620378017 5293.1256996840239 868.07690197229385 18387.850213065743 12.120436057448385 39.983474999666214 106.0709607899189 570.92435197532177 49.476758822798729 173.26408150792122 25.01636828482151 65.645102806389332 186.20251126587391 60.678997687995434 9.9922401905059797 34.341731041669846 87.616618372499943
leaf_count=34 82 250 29665 13105 3946 53290 42 120 247 1209 125 263 76 109 347 101 36 55 182
internal_value=0.00035323 0.000297304 0.00041496 0.000318223 -0.00075638 0.000901655 -0.0047502 -0.013424 -0.00869777 -0.00269329 -0.0174213 0.00725884 -0.000592504 -0.00126815 0.0106878 0.0100562 0.00735218 0.00146018 0.00561927
internal_weight=38136.8 37918.2 37054.5 36538.1 12857.1 23681 863.731 165.565 146.054 698.167 61.5972 516.459 156.993 636.569 359.467 218.554 192.63 131.951 121.958
internal_count=103284 102876 100942 100006 33611 66395 1934 449 367 1485 167 936 326 1318 610 408 374 273 237
is_linear=0
shrinkage=0.03


Tree=164
num_leaves=20
num_cat=0
split_feature=9 7 7 7 9 3 6 5 7 7 7 10 4 9 3 6 4 8 8
split_gain=22.6862 40.6712 38.2326 78.6103 37.5375 49.6246 34.5929 36.4747 34.6373 88.1853 83.1738 33.1738 31.9296 30.197 29.6736 28.9946 26.7004 33.0471 22.2017
threshold=10.610000000000584 0.00021577813287265715 0.00011266348880489831 0.00011201199872079572 -14.476666666669187 -0.73030000000002571 12.729000000000003 5.0398999999999878 0.00010994103313288762 0.00010818237384802033 0.00011062118218108098 30.165977960865089 -1.0301666666666618 -34.45999999999912 -2.1362000000000152 0.14900000000000022 -4.0832666666666597 5.9341385793756141 4.2109976548686543
decision_type=2 2 2 2 2 2 2 2 2 2 2 2 2 2 2 2 2 2 2
left_child=4 2 3 15 5 11 8 14 9 -6 -10 13 -13 -1 -8 -2 18 -18 -7
right_child=1 -3 -4 -5 6 16 7 -9 10 -11 -12 12 -14 -15 -16 -17 17 -19 -20
leaf_value=0.0013519626904718591 0.0018252445548841549 -0.00032800020851221742 0.015534192734372032 -0.03269091633753643 -0.00097858564976212401 -0.037613631635857701 -0.0085640426521190645 -0.0059220182303875756 0.016214508776928767 -0.014664639414524684 0.00048154687664422814 0.0081874880316487285 -0.00056492970885719867 -0.0043794136255895545 -0.052756485692073633 0.0070673537956837257 0.0094478806536857744 0.0027381342719189627 -0.0020130247492268181
leaf_weight=1495.9241206794977 3191.9022153317928 4920.2600744217634 228.17983232438564 55.0197923630476 13888.732644427568 22.774488940834999 25.1447694003582 282.86210797727108 319.47219286859035 437.05694802105427 5665.2585031762719 706.97669722884893 799.17907911539078 1851.169047549367 29.977714240550995 1351.7770674303174 1065.3627537339926 1739.0062894523144 51.229505926370621
leaf_count=3024 7666 10756 417 208 46024 83 76 633 765 2088 14437 1252 1640 5028 115 2980 2430 3555 107
internal_value=0.000342714 0.0015914 0.00354793 0.00295319 -8.61456e-05 0.00169687 -0.000753779 -0.0102726 -0.000595377 -0.00139613 0.00132139 -0.000154065 0.00354338 -0.00181788 -0.0325976 0.00338481 0.00481775 0.00528713 -0.012969
internal_weight=38127.3 9747.14 4826.88 4598.7 28380.1 7731.62 20648.5 337.985 20310.5 14325.8 5984.73 4853.25 1506.16 3347.09 55.1225 4543.68 2878.37 2804.37 74.004
internal_count=103284 22027 11271 10854 81257 17119 64138 824 63314 48112 15202 10944 2892 8052 191 10646 6175 5985 190
is_linear=0
shrinkage=0.03


Tree=165
num_leaves=20
num_cat=0
split_feature=2 0 4 1 6 7 8 8 5 4 8 4 8 4 4 3 7 3 9
split_gain=22.5628 33.3168 28.4699 29.4011 29.7714 27.9647 25.7732 30.3653 30.3316 29.9833 29.0349 35.7657 32.5863 25.7201 31.7833 26.206 25.1098 27.5241 38.6667
threshold=1.5000000000000002 0.054500000000000014 -0.40846666666665499 -0.032999999999999974 -0.18350000000000019 0.00011132429714733051 0.044699482002449616 1.0000000180025095e-35 1.7077000000000047 -0.16459999999999339 0.044720580166351435 0.10643333333333653 0.044721269360503607 -0.16459999999999339 -0.036399999999982217 0.019200000000007048 0.00011309575308482424 0.53849999999998854 17.363333333327322
decision_type=2 2 2 2 2 2 2 2 2 2 2 2 2 2 2 2 2 2 2
left_child=2 16 3 4 -1 13 7 8 -3 -9 11 -8 -12 15 -15 -4 17 18 -2
right_child=1 6 5 -5 -6 -7 10 9 -10 -11 12 -13 -14 14 -16 -17 -18 -19 -20
leaf_value=-0.042961122024454429 -0.0033320245006152813 0.0049189871406672874 0.0068048552244784951 -0.020200344502174259 0.034270664761035172 0.024783207466827512 -0.001755784554418556 -0.0050865990058071454 -0.024244714581590866 0.027028545567637733 0.014209153267202531 -0.029192173530076831 0.0003488837122173988 -0.018063718392243536 0.0060207839901502596 0.040404694908575421 0.014234456094274111 -0.012066721189278399 0.021061738247274253
leaf_weight=5.7529436126351383 1725.2405939027667 497.5004171282053 51.484849520027637 65.901537425816059 20.496358618140221 81.04941450804472 121.23219306021929 35.11536330729723 34.309601157903671 102.63735617697239 153.34571236371994 66.06428100913763 34291.71564501524 58.256173297762871 321.24898885190487 35.157724522054195 70.587222933769226 319.4191581979394 60.533919274806976
leaf_count=32 7904 2045 239 337 53 172 557 112 132 212 546 352 87574 300 1173 84 131 1197 132
internal_value=0.000332515 0.000237182 0.00592077 -0.00950575 0.0173441 0.00851868 0.000459244 0.00628902 0.0030375 0.0188419 0.000346535 -0.0114333 0.000410588 0.00569075 0.00232368 0.020439 -0.00336576 -0.0039559 -0.00250513
internal_weight=38117 37477.7 639.348 92.1508 26.2493 547.197 35301.9 669.563 531.81 137.753 34632.4 187.296 34445.1 466.148 379.505 86.6426 2175.78 2105.19 1785.77
internal_count=103284 100894 2390 422 85 1968 91530 2501 2177 324 89029 909 88120 1796 1473 323 9364 9233 8036
is_linear=0
shrinkage=0.03


Tree=166
num_leaves=20
num_cat=0
split_feature=4 1 9 4 7 3 10 10 5 0 4 8 4 0 9 0 5 2 8
split_gain=22.354 28.8568 24.2539 36.4238 66.9 32.4288 31.3152 50.6516 20.629 15.8656 13.0349 12.4186 15.6461 53.9303 17.7886 34.7143 28.9633 13.4963 24.0572
threshold=5.6565000000000039 33.867000000000012 33.936666666668323 4.5618666666666714 0.0063783824310714729 2.8860999999999968 93.528797735879962 99.683544300478331 1.7734999999999908 40.430000000000014 4.5618666666666714 8.9806458319586167 11.089433333333343 2.5795000000000008 5.5466666666688988 0.83350000000000024 0.67459999999999487 125.50000000000001 21.267228327193006
decision_type=2 2 2 2 2 2 2 2 2 2 2 2 2 2 2 2 2 2 2
left_child=1 2 3 5 -5 -1 8 -8 -4 -3 -11 12 14 -14 15 -2 -16 18 -13
right_child=11 9 6 4 -6 -7 7 -9 -10 10 -12 17 13 -15 16 -17 -18 -19 -20
leaf_value=0.00035337348909206761 -0.04042605092881385 -0.05024735365266067 0.016210935320395352 -0.022270764628779464 0.01545345005855886 -0.0039665606390025185 -0.017376449760482634 0.0075810328803374398 0.0041725174219080603 -0.0066429729088976989 -0.043367203124050686 0.0013026032422469281 -0.052381748339793664 0.013050305723800445 0.063088731634585324 0.011058751951880668 0.014846875336219586 0.006933305607643242 -0.024487346584553076
leaf_weight=33474.470342367887 14.881946980953215 11.67806728184223 140.5734980404377 158.48326059430838 57.716519221663475 1640.5846931412816 152.91188801825047 140.37258815765381 1444.8669892176986 56.156510502099991 10.292879745364187 202.80242732167244 15.369346559047697 43.209769368171692 11.971740648150442 56.67094112932682 173.89427629113197 268.85178403556347 38.776846311986446
leaf_count=93337 61 41 221 461 95 3916 412 285 2733 126 34 401 71 71 14 102 293 504 106
internal_value=0.000322501 0.00021434 0.000252581 7.59636e-05 -0.0121999 0.000151545 0.00357405 -0.00543123 0.00523991 -0.0179989 -0.0123315 0.00520268 0.0098766 -0.00411704 0.013061 0.000350671 0.0179542 0.00230915 -0.00283704
internal_weight=38114.5 37288.1 37210 35331.3 216.2 35115.1 1878.72 293.284 1585.44 78.1275 66.4494 826.429 315.998 58.5791 257.419 71.5529 185.866 510.431 241.579
internal_count=103284 101661 101460 97809 556 97253 3651 697 2954 201 160 1623 612 142 470 163 307 1011 507
is_linear=0
shrinkage=0.03


Tree=167
num_leaves=20
num_cat=0
split_feature=9 1 7 8 7 7 7 8 9 9 3 10 8 9 3 9 1 1 7
split_gain=21.8629 23.1962 27.9639 41.8922 25.7827 256.341 76.7769 39.1193 36.2557 50.7933 41.8133 25.2119 14.3396 16.4468 13.6277 11.6752 7.79411 19.7002 10.8433
threshold=75.973333333335191 11.081000000000001 0.0025857810842633282 4.1539139423940679 -1.0000000180025095e-35 -0.00010983609707859719 -0.00010961985479340795 0.054797945500999402 -7.0433333333348846 0.48666666667122632 -1.1618000000000117 21.444632382800382 4.9398887336134747 24.910000000003496 0.5846999999999859 -17.413333333337501 5.3150000000000004 2.8135000000000008 -1.0000000180025095e-35
decision_type=2 2 2 2 2 2 2 2 2 2 2 2 2 2 2 2 2 2 2
left_child=1 4 12 11 5 7 -7 -1 10 -10 -6 -4 -3 -14 -2 -5 17 18 -16
right_child=14 2 3 15 8 6 -8 -9 9 -11 -12 -13 13 -15 16 -17 -18 -19 -20
leaf_value=0.006650945474243569 -0.020180980810516988 0.02339036809268704 0.0055081348519634959 0.0071401229493726851 -0.0003796438840171121 -0.034764075450609805 -0.01209864651100381 -3.6866743329012928e-05 -0.0022630965611904821 0.0013185860743946893 0.0051815638262829554 -0.058680188453949643 -0.0096153173049183076 0.016877200596487743 0.024591783725559303 -0.0070701616166781289 0.016489709233759999 -0.026757072572763937 0.0011999137824916792
leaf_weight=841.17942848056555 12.931724384427069 38.245360374450684 7.3620622754097012 57.379611819982529 1908.1204180791974 166.45907248556614 700.73693799600005 12258.421132035553 4913.0366881415248 12972.869364567101 3358.4849337413907 21.859552443027496 50.965150088071823 35.978492483496666 31.058576211333275 558.72150243073702 121.06974103301764 14.841962710022925 41.889546453952789
leaf_count=3168 35 60 15 103 4567 851 3109 28783 17925 34239 8517 95 118 56 43 1281 194 42 83
internal_value=0.000312878 0.000257904 -0.00489413 -0.00741137 0.000364848 -0.000653124 -0.0164493 0.000392585 0.000978942 0.000334742 0.00316671 -0.0425087 0.00808173 0.00134766 0.00970439 -0.00574671 0.0115548 0.00474908 0.0111593
internal_weight=38111.6 37889.8 770.512 645.323 37119.3 13966.8 867.196 13099.6 23152.5 17885.9 5266.61 29.2216 125.189 86.9436 221.792 616.101 208.86 87.7901 72.9481
internal_count=103284 102887 1728 1494 101159 35911 3960 31951 65248 52164 13084 110 234 174 397 1384 362 168 126
is_linear=0
shrinkage=0.03


Tree=168
num_leaves=20
num_cat=0
split_feature=9 1 5 7 9 6 2 5 8 2 8 2 0 8 6 3 1 3 1
split_gain=21.8944 31.6869 30.2998 27.6992 26.494 26.0531 32.7032 30.0191 21.3782 72.2239 26.3191 20.646 20.4691 23.4312 22.0311 17.7473 17.6194 16.6361 37.6332
threshold=-46.969999999986605 -4.2534999999999998 3.6319000000000004 -0.01199818718633505 26.48666666667123 10.641000000000004 101.50000000000001 33.222199999999994 6.4624299657815332 74.500000000000014 6.6030675433370325 62.500000000000007 5.7915000000000019 16.748970131554412 -13.684999999999999 -6.3554999999999913 -2.7524999999999991 -7.1537999999999888 -3.4574999999999996
decision_type=2 2 2 2 2 2 2 2 2 2 2 2 2 2 2 2 2 2 2
left_child=15 2 8 4 11 6 -5 -7 9 -2 -10 -3 13 -4 -14 17 -6 -1 -19
right_child=1 3 12 5 16 7 -8 -9 10 -11 -12 -13 14 -15 -16 -17 -18 18 -20
leaf_value=0.0011570697051091845 -0.0087653880833403492 0.013415074925769443 -0.010166972179894304 0.0001567008142216326 -0.016342613417627033 -0.004668537236672707 0.0043326177813136279 0.014067168726318972 0.034041378948355627 -0.050884736793644282 -0.0051711177537872568 0.0019076938860414778 -0.0047427310727208658 -0.061802054357655706 0.00250210711606175 0.0074816068117198493 0.020268179079709257 -0.001418569082072752 -0.080274541130037194
leaf_weight=367.88445225358009 287.82210261374712 155.07652324438095 72.577991113066673 29696.481103878468 13.084756180644034 1418.9747039377689 1789.5404080748558 81.380356304347515 16.319373533129692 41.985195145010948 274.9822873622179 1474.8296338915825 626.20470528304577 8.876879543066023 952.17871010303497 676.47130220383406 123.4573587179184 19.802466422319416 7.5134825706481925
leaf_count=742 906 275 174 85659 33 3222 3440 137 24 185 677 3040 1394 33 1872 1221 178 40 32
internal_value=0.000303507 0.000181179 -0.00324413 0.000405993 0.00406596 0.000209999 0.000394043 -0.0036523 -0.00889652 -0.0141273 -0.00297435 0.00300256 -0.00112901 -0.0157941 -0.000372196 0.0045308 0.0167598 -0.000520153 -0.0231086
internal_weight=38105.4 37033.8 2280.95 34752.8 1766.45 32986.4 31486 1500.36 621.109 329.807 291.302 1629.91 1659.84 81.4549 1578.38 1071.67 136.542 395.2 27.3159
internal_count=103284 101249 5265 95984 3526 92458 89099 3359 1792 1091 701 3315 3473 207 3266 2035 211 814 72
is_linear=0
shrinkage=0.03


Tree=169
num_leaves=20
num_cat=0
split_feature=4 6 7 7 7 9 5 6 7 10 9 10 9 4 1 2 9 10 2
split_gain=21.7048 23.0569 25.1651 22.8508 240.328 42.2189 15.7609 29.1739 19.8115 15.2893 17.6869 14.7455 19.8476 14.3101 13.4628 12.7448 14.6919 30.9718 22.329
threshold=-19.355999999999991 -17.917499999999997 -0.02646922343159663 -1.0000000180025095e-35 -0.00010983609707859719 -7.0433333333348846 7.3082999999999911 -26.075499999999995 -0.016030252653204121 31.144067795993617 -28.650000000001452 31.144067795993617 -34.45999999999912 -0.048999999999991876 4.3655000000000017 8.5000000000000018 -72.660000000010754 22.617869191511755 161.50000000000003
decision_type=2 2 2 2 2 2 2 2 2 2 2 2 2 2 2 2 2 2 2
left_child=15 6 11 4 -4 -5 7 -2 -9 10 -8 12 -3 -13 -11 -1 -17 18 -18
right_child=1 2 3 5 -6 -7 9 8 -10 14 -12 13 -14 -15 -16 16 17 -19 -20
leaf_value=0.031987406091379497 -0.047504438610893776 0.0039437376900996277 0.00033926239407648689 0.0031751696767084322 -0.016106456624768353 0.00013366877407141345 -0.0047223028077598107 -0.026285415759678406 -0.0015452897512841705 0.0016218956678594502 -0.0257892854844636 0.016568400958913626 -0.025169145932950623 0.0045411096047663496 -0.016963706251792391 0.019787626869883227 -0.051487202213927878 0.010072590867957384 -0.0018281560545871335
leaf_weight=20.972851485013962 19.388495437800884 131.32553511857986 11981.163842909038 5289.6824333146214 856.92551835253835 18378.318136632442 155.03255635499954 40.162496700882912 106.05831949412823 458.288694486022 46.661683425307274 171.34565830230713 25.104447603225708 185.33311349898577 37.984437890350819 59.696981184184551 14.329164922237394 102.81860776245594 18.895138323307037
leaf_count=27 82 250 29665 13105 3946 53290 334 120 247 918 138 263 76 347 95 101 51 190 39
internal_value=0.000294489 0.000240331 0.000353373 0.000260641 -0.000758468 0.000813429 -0.00460545 -0.0129257 -0.00834066 -0.00263127 -0.00959612 0.00695096 -0.000728403 0.0103189 0.000199365 0.00976162 0.0073802 0.0019357 -0.0232454
internal_weight=38099.5 37882.8 37019.2 36506.1 12838.1 23668 863.577 165.609 146.221 697.967 201.694 513.109 156.43 356.679 496.273 216.713 195.74 136.043 33.2243
internal_count=103284 102876 100942 100006 33611 66395 1934 449 367 1485 472 936 326 610 1013 408 381 280 90
is_linear=0
shrinkage=0.03


Tree=170
num_leaves=20
num_cat=0
split_feature=2 0 3 0 9 0 7 9 4 9 10 9 4 7 6 5 3 9 5
split_gain=21.5678 30.8078 27.5318 31.5241 29.7873 26.7132 41.2168 26.8742 26.0044 26.4613 24.5806 26.8023 25.1055 24.253 35.6675 27.8572 29.6042 29.535 24.9576
threshold=1.5000000000000002 0.054500000000000014 -0.19980000000003376 0.019500000000000007 -2.4833333333372134 0.10150000000000002 -0.00011165231469378865 -4.0533333333369219 -0.50086666666665958 21.243333333331979 1.9884023589456705 -8.6533333333281899 0.14820000000001457 -0.00011267688158067556 0.90450000000000019 0.093399999999988839 0.53849999999998854 -0.43000000000756694 0.27580000000000365
decision_type=2 2 2 2 2 2 2 2 2 2 2 2 2 2 2 2 2 2 2
left_child=2 13 3 -1 10 7 -7 -5 -6 -10 11 -4 -12 14 18 17 -17 -15 -2
right_child=1 -3 4 5 8 6 -8 -9 9 -11 12 -13 -14 15 -16 16 -18 -19 -20
leaf_value=-0.022902176395569799 0.041354219009719813 0.00040589401026173803 0.026438398176803806 -0.0074353211002082149 -0.032140458684081379 0.052632431092543626 -0.042768872580556984 0.034952585192783887 0.0040878783663573365 0.036466361494134861 0.035029110914845209 -0.038054287947161411 0.0014009935644379084 0.006017177214305054 -0.052355340023510347 -0.0012254152480690179 -0.011299356546252323 -0.022127457632124252 0.006675048201762024
leaf_weight=58.266713187098503 25.191393345594406 35279.484801225364 11.214497469365599 22.899773180484772 16.556841894984245 5.2867745608091381 17.792918995022774 32.661451086401939 328.10982801765203 24.406174585223198 84.12844068557024 12.010941594839094 26.203969955444336 44.464942697435617 7.4753145873546591 1569.8562347665429 315.26560910791159 136.79783494025469 72.225227937102318
leaf_count=294 45 91530 39 88 86 7 95 87 1305 39 196 85 69 296 32 6658 1180 979 174
internal_value=0.00028572 0.000192433 0.0057485 -0.00617808 0.00899709 0.00621315 -0.0209157 0.0174822 0.00460379 0.00632958 0.0211375 -0.00691373 0.0270424 -0.00327593 0.0107969 -0.00399028 -0.00291017 -0.0152234 0.0156429
internal_weight=38090.3 37450.8 639.538 136.908 502.631 78.6409 23.0797 55.5612 369.073 352.516 133.558 23.2254 110.332 2171.28 104.892 2066.38 1885.12 181.263 97.4166
internal_count=103284 100894 2390 571 1819 277 102 175 1430 1344 389 124 265 9364 251 9113 7838 1275 219
is_linear=0
shrinkage=0.03


Tree=171
num_leaves=20
num_cat=0
split_feature=4 4 8 10 9 10 5 10 0 10 3 4 3 3 8 10 10 2 8
split_gain=20.89 39.8809 55.5084 37.944 103 35.3365 43.3981 34.28 36.7743 61.257 41.0501 39.9935 48.9817 37.4883 34.1164 32.9063 32.1137 31.1999 30.7147
threshold=-1.2866666666666606 -0.48699999999999594 0.044728565217168413 36.204687111157348 -4.343333333337795 0.67415730337224045 0.1778000000000057 37.447698743673847 0.34450000000000008 0.32493928834983171 0.55219999999997949 -4.423799999999992 1.7860000000000043 -5.7609999999999895 0.044721269360503607 64.305366332391614 91.999999974100305 1.5000000000000002 0.044728565217168413
decision_type=2 2 2 2 2 2 2 2 2 2 2 2 2 2 2 2 2 2 2
left_child=7 2 14 4 -4 6 -3 8 9 18 -11 12 -10 -13 16 -5 -2 -7 -1
right_child=1 5 3 15 -6 17 -8 -9 11 10 -12 13 -14 -15 -16 -17 -18 -19 -20
leaf_value=0.063394144343045952 -0.012450684723934513 -0.035874212878613157 -0.0020755392678624219 0.0028509039859777913 -0.020353973763189603 0.0073645687273302118 0.012217783877375182 0.0049011615318999913 -0.0032565804267632903 -0.015977120814393165 0.015722303976683966 -0.0053166308984164438 -0.060299983279358496 0.0047387402877312607 -0.03410438832711573 -0.0067685631573510532 0.049051804584858014 0.00015235536363483417 0.009330490754863011
leaf_weight=12.576129451394079 117.92094995826483 17.775176763534546 2329.4571845382452 1766.8090116679668 314.97907885909081 551.22846613824368 338.19910392910242 2181.0888273641467 917.53033026307821 328.03419707342982 41.407717645168304 395.33534903824329 13.750739879906176 2139.9548415467143 74.194693803787231 390.85342184454203 8.17037086188793 26109.267297953367 38.138912618160248
leaf_count=29 591 149 6851 3875 1390 1991 1033 4287 2033 1282 90 903 51 4676 499 1021 20 72405 108
internal_value=0.000277109 -2.87468e-05 -0.00248926 -0.00184387 -0.00425269 0.000426844 0.00981636 0.00189106 0.000201904 -0.00818006 -0.0124242 0.00121782 -0.00409885 0.00317078 -0.0179633 0.00110837 -0.00846549 0.000301474 0.022737
internal_weight=38086.7 32018.9 5002.38 4802.1 2644.44 27016.5 355.974 6067.82 3886.73 420.157 369.442 3466.57 931.281 2535.29 200.286 2157.66 126.091 26660.5 50.715
internal_count=103284 89825 14247 13137 8241 75578 1182 13459 9172 1509 1372 7663 2084 5579 1110 4896 611 74396 137
is_linear=0
shrinkage=0.03


Tree=172
num_leaves=20
num_cat=0
split_feature=4 1 5 7 9 8 3 0 7 7 10 4 8 6 0 0 8 9 10
split_gain=20.9579 22.6511 29.0725 31.0072 28.5838 34.9435 31.7825 25.2382 24.7878 29.4967 28.3891 24.681 23.8087 16.7853 19.936 16.3032 12.1502 14.9327 28.0178
threshold=-19.355999999999991 -4.2534999999999998 3.5700999999999774 -0.024560938371953608 -30.726666666661909 18.874784730270367 -15.94879999999999 9.3705000000000016 -0.011657254716529451 -1.0000000180025095e-35 57.466918713038133 0.18626666666667041 15.410678136439623 -17.917499999999997 7.7275 6.1415000000000006 3.4326376339371913 -72.660000000010754 15.966791926368609
decision_type=2 2 2 2 2 2 2 2 2 2 2 2 2 2 2 2 2 2 2
left_child=16 2 3 7 5 11 -7 -2 10 -10 -6 -3 -5 14 -4 -15 -1 -18 -19
right_child=1 4 13 12 8 6 -8 -9 9 -11 -12 -13 -14 15 -16 -17 17 18 -20
leaf_value=0.028974171900275222 0.018674534004163357 0.0045141230788275505 -0.048939168037148054 -0.0096067842524664472 0.00096655063498814436 -0.035203511342234282 -0.0011953925185071714 -0.025763877450692831 -0.0014382430578395455 0.00059753562679913913 0.0094897435196402893 0.015029167232615671 -0.053344635460638092 -0.0087587553790550408 -0.0044297997984100862 0.0020321804533763844 0.019511465906234971 -0.04083225764619753 0.0058993157553820785
leaf_weight=25.653730943799019 59.923497408628464 1259.3189442008734 9.212514787912367 546.23111280798912 1021.6200439184904 26.096899032592773 472.99885019659996 14.234583050012587 8912.7211753502488 22770.815886411816 536.37104437500238 239.03494421392679 11.435670793056486 139.42833898961544 536.05637865513563 1309.0956592708826 58.989647224545479 12.796873256564139 118.18590887635946
leaf_count=34 91 2484 32 1629 2184 79 978 43 25251 64638 954 376 42 324 1183 2588 101 43 230
internal_value=0.000268791 0.00021568 -0.00247242 -0.00808017 0.000415968 0.00390152 -0.00297362 0.0101446 0.000206524 2.48619e-05 0.00390084 0.00619161 -0.0105037 -0.000695346 -0.0051818 0.000993494 0.00959513 0.0069782 0.00133369
internal_weight=38080.2 37864.6 2625.62 631.825 35239 1997.45 499.096 74.1581 33241.5 31683.5 1557.99 1498.35 557.667 1993.79 545.269 1448.52 215.626 189.972 130.983
internal_count=103284 102876 5932 1805 96944 3917 1057 134 93027 89889 3138 2860 1671 4127 1215 2912 408 374 273
is_linear=0
shrinkage=0.03


Tree=173
num_leaves=20
num_cat=0
split_feature=4 1 2 10 1 3 8 3 0 8 4 3 9 3 2 9 4 10 0
split_gain=20.6093 26.3915 23.0648 24.5307 23.7753 26.0645 24.8131 18.3955 14.8012 12.4022 12.0759 11.8028 11.3539 40.8889 25.0308 16.4252 10.1702 8.08961 5.52423
threshold=5.6565000000000039 33.867000000000012 390.50000000000006 25.17985611452794 -4.2534999999999998 0.48100000000000748 0.054776883963566288 -11.902500000000009 40.430000000000014 0.054765779134051513 4.5618666666666714 8.3324000000000016 -10.290000000000871 -1.5753000000000104 166.50000000000003 5.5466666666688988 2.6098000000000048 71.236759448585687 2.2185000000000006
decision_type=2 2 2 2 2 2 2 2 2 2 2 2 2 2 2 2 2 2 2
left_child=1 2 4 7 6 -6 -1 -4 11 -2 16 -3 18 14 -14 -15 -10 -5 -11
right_child=9 8 3 17 5 -7 -8 -9 10 12 -12 -13 13 15 -16 -17 -18 -19 -20
leaf_value=-0.034755177840871947 0.034705324769359835 -0.075313720769746975 -0.01181581721980344 0.020619747067972947 0.0009154660778672106 -0.00084260626485621907 -0.0024171317881899255 0.016633785488152315 -0.031062511258041752 -0.0045215182474004608 -0.041450559092082014 -0.014988846938302923 -0.067384684045436433 -0.0082914600910690851 0.001908467325644199 0.0060904211229099274 0.00029572800293994737 -0.00120801459339797 0.017257525140228047
leaf_weight=21.54130132496357 12.423174582421778 6.4935077577829343 60.97943738847971 118.39524148404598 23171.121746201068 11286.429444037378 2466.3191408589482 30.780059561133385 11.767231151461599 12.058305084705351 10.394508033990858 5.3027224987745285 11.6947458088398 80.823423460125923 7.8351002037525168 617.55543275922537 44.544443294405937 17.545567847788334 80.173845842480659
leaf_count=109 24 28 151 176 67930 27448 5562 47 34 26 34 13 52 200 15 1180 92 37 126
internal_value=0.000260813 0.000157096 0.000193791 0.00971255 0.000135126 0.000339617 -0.00269713 -0.0022726 -0.017219 0.00495787 -0.0117411 -0.0481961 0.0045017 0.00322873 -0.0395852 0.00442601 -0.00625708 0.0178025 0.0144102
internal_weight=38074.2 37251.6 37173.1 227.7 36945.4 34457.6 2487.86 91.7595 78.5024 822.564 66.7062 11.7962 810.141 717.909 19.5298 698.379 56.3117 135.941 92.2322
internal_count=103284 101661 101460 411 101049 95378 5671 198 201 1623 160 41 1599 1447 67 1380 126 213 152
is_linear=0
shrinkage=0.03


Tree=174
num_leaves=20
num_cat=0
split_feature=9 7 7 7 10 4 5 8 8 8 8 0 4 3 4 4 5 5 7
split_gain=20.6057 39.0664 35.7073 74.1872 32.7299 65.6732 50.5476 96.8657 32.6902 76.3567 51.8956 31.7363 30.0428 63.4132 52.2448 38.7911 95.3549 52.0205 31.2037
threshold=10.610000000000584 0.00021577813287265715 0.00011266348880489831 0.00011201199872079572 74.126429125103385 0.13446666666667104 0.093399999999988839 0.044722502655681527 0.054784974901551924 0.054783257104769105 0.82885455386445439 2.3465000000000007 0.32843333333333857 0.60120000000000995 0.62620000000000242 0.23290000000000835 0.14300000000000621 0.13340000000000216 0.00011036571334610558
decision_type=2 2 2 2 2 2 2 2 2 2 2 2 2 2 2 2 2 2 2
left_child=4 2 3 -2 12 6 7 -6 9 -7 -10 -8 15 18 -15 17 -17 -1 -14
right_child=1 -3 -4 -5 5 8 11 -9 10 -11 -12 -13 13 14 -16 16 -18 -19 -20
leaf_value=-0.010633215373058582 0.0032072310116064897 -0.00043851161434883514 0.01496041787897452 -0.03192335494649981 -0.027140446895575654 -0.0031335336881905284 0.0030563235582048657 0.051772714989621646 -0.022921177132905091 0.050097931680215299 -0.0064982179466024723 -0.016013068500514503 0.0028752062831184865 -0.010367725856583332 0.00058309424060341126 0.054436372797111124 -0.0087393510619665458 0.00014133410633443788 0.0092163644381426189
leaf_weight=412.42221125587821 4536.2454319894314 4912.3542924746871 227.65768946707249 54.753422662615776 19.928695514798164 764.03021088987589 871.70932028442621 47.054362930357456 208.10664933174849 25.047375351190567 1031.4801546484232 86.324507176876068 2725.383131146431 508.50294162333012 1712.7965067178011 22.132895730435848 754.70283111184835 18215.192046381533 939.05423820018768
leaf_count=2699 10646 10756 417 208 133 3697 3312 189 939 65 3726 309 6517 1374 3721 64 2228 50416 1868
internal_value=0.00025301 0.00144411 0.00336333 0.00278825 -0.000155917 -0.0030897 0.00309962 0.0282946 -0.00621696 -0.00144383 -0.00925537 0.00133806 0.000198325 0.00207577 -0.00192378 -0.000371138 -0.00693941 -9.72184e-05 0.0045002
internal_weight=38074.9 9731.01 4818.66 4591 28343.9 3053.68 1025.02 66.9831 2028.66 789.078 1239.59 958.034 25290.2 5885.74 2221.3 19404.4 776.836 18627.6 3664.44
internal_count=103284 22027 11271 10854 81257 12370 3943 322 8427 3762 4665 3621 68887 13480 5095 55407 2292 53115 8385
is_linear=0
shrinkage=0.03


Tree=175
num_leaves=20
num_cat=0
split_feature=9 1 5 4 7 7 7 1 1 7 7 8 10 2 3 6 4 10 5
split_gain=20.3261 22.9414 45.7066 39.0158 31.9284 115.341 65.6591 52.995 41.1461 38.7042 34.276 23.1917 21.2982 54.2284 20.6317 17.6429 15.467 14.7528 17.8431
threshold=55.546666666668905 3.4365000000000006 5.4641000000000055 -4.9006999999999925 0.00010994103313288762 0.00010916190402721072 0.00011062118218108098 0.041499999999999974 0.21450000000000005 0.00010982982417973021 0.00011008820817171029 7.9269792391288769 98.712446345957375 221.50000000000003 4.6581999999999866 8.001000000000003 -0.030233333333328723 69.440126792845646 4.1063999999999981
decision_type=2 2 2 2 2 2 2 2 2 2 2 2 2 2 2 2 2 2 2
left_child=1 4 3 -3 5 7 10 -1 -8 -7 -6 15 17 -14 -13 -4 -5 -2 -19
right_child=12 2 11 16 6 9 8 -9 -10 -11 -12 14 13 -15 -16 -17 -18 18 -20
leaf_value=-0.00084733742468178191 0.018414280336179662 -0.076352165735412592 0.014769769062374372 -0.011270320655404687 0.0029867590171117567 -0.022146974314274651 0.003567769062722677 0.0023179783738520796 -0.00034509067573788838 -0.0028764764754969927 0.019318046849586153 0.002219913312705225 -0.056386560599787666 0.01844325108707812 -0.0064802431040796461 0.0018485631041560277 -0.004016698456966776 0.016594600831254226 0.0022756881768990793
leaf_weight=16802.416437733918 85.909401908516884 7.0416619330644599 176.68718771636486 337.10695423185825 196.16259831935167 282.76319393143058 4058.6488944962621 6642.2562196552753 5985.9626612663269 140.3672726303339 281.8440887182951 713.14180536568165 16.637777209281921 18.306076914072037 373.95027696341276 205.97761613130569 1229.5359943583608 96.549869656562805 414.89977901428938
leaf_count=49469 145 30 287 847 559 1411 9875 18913 13905 560 550 1379 63 27 828 425 3055 147 809
internal_value=0.000245383 0.000155286 -0.00234123 -0.00589421 0.00037622 -0.000230722 0.00175291 4.94479e-05 0.00123595 -0.0157543 0.0126161 0.00146297 0.00557933 -0.0171854 -0.000772865 0.00781465 -0.00557752 0.006911 0.00497877
internal_weight=38066.2 37433.9 3043.44 1573.68 34390.4 23867.8 10522.6 23444.7 10044.6 423.13 478.007 1469.76 632.303 34.9439 1087.09 382.665 1566.64 597.359 511.45
internal_count=103284 102093 6851 3932 95242 70353 24889 68382 23780 1971 1109 2919 1191 90 2207 712 3902 1101 956
is_linear=0
shrinkage=0.03


Tree=176
num_leaves=20
num_cat=0
split_feature=9 1 7 5 6 7 7 9 9 8 0 1 3 4 4 0 7 6 10
split_gain=20.1854 27.5366 34.3016 26.6228 26.3598 21.8589 224.967 32.5601 20.5659 20.1278 39.0164 21.6076 16.2199 15.9644 32.2332 15.8371 31.5176 19.8151 15.6542
threshold=-46.969999999986605 -4.9684999999999988 -0.015446453082146315 3.6319000000000004 -3.1604999999999994 -1.0000000180025095e-35 -0.00010983609707859719 -7.0433333333348846 -14.813333333331682 8.3854039863101821 2.2185000000000006 -1.1594999999999998 -2.852500000000012 1.051033333333341 4.5618666666666714 5.7915000000000019 -0.00011311750137688036 -0.36999999999999988 8.3333333303966359
decision_type=2 2 2 2 2 2 2 2 2 2 2 2 2 2 2 2 2 2 2
left_child=12 3 9 4 8 6 -4 -7 -2 11 -11 -3 13 18 -15 16 -5 -17 -1
right_child=1 2 5 15 -6 7 -8 -9 -10 10 -12 -13 -14 14 -16 17 -18 -19 -20
leaf_value=-0.0056432127192976266 0.00018609933330340734 0.0066985439314893409 0.00030585123524706981 -0.045943389349223228 -0.062054350479564646 0.0027989649771045211 -0.015850392854261076 7.0118675776170247e-05 -0.013224604609096902 -0.0093462207058908533 0.0064956270900716666 0.025199744478990208 0.0088975699401294527 -0.074916785892649176 0.0086811820044806892 -0.0020251338740453805 0.021183637121649682 0.010452757803334579 0.0049892639386722778
leaf_weight=171.17283103615046 156.49794426560402 170.22681732475758 9621.7713575735688 18.910420119762424 8.4669646769762021 5002.3809621557593 843.69003302976489 18446.859944541007 300.59899447113276 175.37337449193001 692.11040231585503 85.272957548499107 419.9674126803875 7.3083203583955791 9.6085149571299535 1339.052649192512 9.4363188594579679 125.25353683531284 458.28689383715391
leaf_count=379 405 355 24633 64 37 12564 3924 53455 928 407 1278 119 747 30 18 2844 15 221 861
internal_value=0.000238053 0.000120762 0.000314253 -0.00334132 -0.00960468 0.000143447 -0.00099661 0.000652258 -0.00863313 0.00547269 0.00329299 0.0128733 0.00430737 0.001325 -0.0274344 -0.00138775 -0.0235975 -0.000957802 0.00209791
internal_weight=38062.2 36995.9 35037.7 1958.22 465.564 33914.7 10465.5 23449.2 457.097 1122.98 867.484 255.5 1066.34 646.377 16.9168 1492.65 28.3467 1464.31 629.46
internal_count=103284 101249 96735 4514 1370 94576 28557 66019 1333 2159 1685 474 2035 1288 48 3144 79 3065 1240
is_linear=0
shrinkage=0.03


Tree=177
num_leaves=20
num_cat=0
split_feature=10 4 5 9 4 9 3 9 8 8 8 5 3 10 10 4 8 5 3
split_gain=19.9381 42.4383 48.6017 45.0481 40.9777 38.6585 71.7646 34.3728 32.5286 61.5913 49.2969 60.9522 50.4252 49.0459 42.3775 32.3137 29.8638 26.6659 29.1771
threshold=17.748979081042865 0.80643333333333966 0.83960000000000012 -4.0533333333369219 0.67620000000000113 -2.3499999999985444 0.08119999999998033 -15.486666666671224 0.044699482002449616 0.044723337694394315 1.0000000180025095e-35 0.093399999999988839 -0.33980000000000171 49.929775141638054 40.839268586019692 -0.44546666666666485 5.5079942098132415 3.8256999999999937 -1.324899999999994
decision_type=2 2 2 2 2 2 2 2 2 2 2 2 2 2 2 2 2 2 2
left_child=1 4 -3 -4 5 15 -7 16 10 13 12 -12 -9 -10 -11 -1 -2 -18 -19
right_child=7 2 3 -5 -6 6 -8 8 9 14 11 -13 -14 -15 -16 -17 17 18 -20
leaf_value=-0.0027282298079577055 0.0090889445827849434 -0.046011683188581232 0.013973721364413957 0.068239606275326464 -0.047264495612481215 -0.01974988309930998 0.0048540240007711758 -0.024941749697403579 0.0049360506987850775 -0.0024212156265658539 0.079646892588737306 0.015766489969720507 0.0056919793562677365 -0.015051308056383423 0.00073043769292062757 0.0021885574659285985 -0.0011434937020519489 0.0017014959300846503 0.0090649090341275926
leaf_weight=3240.7234729751945 622.741309851408 10.449279867112635 98.17646124958992 16.013473063707352 17.771363772451878 271.90535815060139 175.60026372224092 53.566195994615555 149.99682779610157 4647.5000744089484 15.250525057315825 113.42206573486328 497.62014567106962 419.54348581284285 22091.917558088899 1913.2184577807784 1472.8074046075344 1511.5217606425285 712.66072238981724
leaf_count=10312 1177 50 182 18 79 1996 672 246 601 12061 20 274 2056 2215 56866 7171 3083 2956 1249
internal_value=0.000230974 -0.00139768 0.0159168 0.0215837 -0.00178173 -0.00163743 -0.0100954 0.000520518 0.000136098 -2.52707e-05 0.00661804 0.0233377 0.00271489 -0.00978734 0.000182658 -0.000903047 0.00301129 0.00198754 0.00406084
internal_weight=38052.4 5743.86 124.639 114.19 5619.22 5601.45 447.506 32308.5 27988.8 27309 679.859 128.673 551.186 569.54 26739.4 5153.94 4319.73 3696.99 2224.18
internal_count=103284 20480 250 200 20230 20151 2668 82804 74339 71743 2596 294 2302 2816 68927 17483 8465 7288 4205
is_linear=0
shrinkage=0.03


Tree=178
num_leaves=20
num_cat=0
split_feature=4 6 2 1 5 6 1 8 9 5 6 7 10 2 2 7 7 9 10
split_gain=19.8115 20.7316 22.4673 30.1424 28.2178 26.6653 30.5347 23.3876 17.9119 14.4911 27.65 18.4123 13.7901 15.57 13.519 12.1483 17.9938 17.1264 10.4346
threshold=-19.355999999999991 -17.917499999999997 105.50000000000001 11.081000000000001 2.7166999999999812 7.503000000000001 -2.337499999999999 32.408146901555504 -46.969999999986605 7.3082999999999911 -26.075499999999995 -0.016030252653204121 9.8145175156647628 304.50000000000006 426.50000000000006 0.0062033572817865599 0.021028237988995894 -30.726666666661909 25.721848598416617
decision_type=2 2 2 2 2 2 2 2 2 2 2 2 2 2 2 2 2 2 2
left_child=15 9 5 4 -4 6 -3 -5 -7 10 -2 -12 13 -11 -14 18 17 -17 -1
right_child=1 2 3 7 -6 8 -8 -9 -10 12 11 -13 14 -15 -16 16 -18 -19 -20
leaf_value=0.0068477249900725677 -0.046200345968351715 -0.0029969571523482722 -0.0022795860340455235 -0.0059458056173714397 0.0048621286648735966 0.0078403333086762006 0.00048811782793405545 0.013380498344317874 -0.0046646644726341668 -0.031721742169073808 -0.025204777967557813 -0.0013930066292731477 -0.0026864814958376029 -0.0015894403901337323 0.011778942314045448 -0.053046826097962942 0.013939520088870063 -0.0031512728835138512 0.022454219774222333
leaf_weight=88.597593232989311 19.249801702797413 2453.7819913327694 610.59163291752338 520.13723143935204 2698.3589503243566 110.90126706659794 29044.133922699839 63.202478803694248 1463.6142491772771 29.682796329259872 40.343201205134392 106.05568666756153 571.29016065597534 32.150125831365585 64.735680192708969 9.2809022888541239 29.186201766133308 18.598607391119003 68.267368152737617
leaf_count=176 82 6018 1373 1165 5073 199 83545 112 3457 98 120 247 1209 69 109 34 53 40 105
internal_value=0.000224037 0.000172553 0.000279895 0.00243582 0.00354429 2.61642e-05 0.00021662 -0.00385188 -0.00378387 -0.0044225 -0.0123993 -0.00795483 -0.00252907 -0.0160544 -0.00121417 0.00932775 -0.00252498 -0.0197612 0.0136396
internal_weight=38042.2 37828.2 36964.7 3892.29 3308.95 33072.4 31497.9 583.34 1574.52 863.507 165.649 146.399 697.859 61.8329 636.026 213.931 57.0657 27.8795 156.865
internal_count=103284 102876 100942 7723 6446 93219 89563 1277 3656 1934 449 367 1485 167 1318 408 127 74 281
is_linear=0
shrinkage=0.03


Tree=179
num_leaves=20
num_cat=0
split_feature=4 3 9 10 0 10 3 4 3 5 5 10 4 3 8 5 4 0 10
split_gain=19.5228 38.6993 37.999 31.798 34.6162 57.6124 38.9418 38.7798 45.0977 36.0458 30.1817 29.462 64.6804 30.5427 27.6992 24.0668 80.4836 40.4158 22.239
threshold=-1.2866666666666606 -1.5173000000000123 -28.650000000001452 37.447698743673847 0.34450000000000008 0.32493928834983171 0.55219999999997949 -4.423799999999992 1.7860000000000043 0.56579999999996744 1.7734999999999908 12.050932973144848 -0.44546666666666485 0.3889999999999702 0.044728565217168413 10.317499999999997 2.9361000000000006 1.1975000000000005 38.719070537958018
decision_type=2 2 2 2 2 2 2 2 2 2 2 2 2 2 2 2 2 2 2
left_child=3 10 -3 4 5 14 -7 8 -6 -9 -2 12 -4 -13 -1 16 -12 -17 -5
right_child=1 2 11 18 7 6 -8 9 -10 -11 15 13 -14 -15 -16 17 -18 -19 -20
leaf_value=0.05985256234415462 -0.033330246379906364 0.0060250267259625671 -0.010565548404637399 0.015328632899518673 -0.0032841126449472007 -0.015617360784407784 0.015255267884395211 -0.028660854279670245 -0.057474036599625439 0.0034667452157593594 -0.0033964029672369348 0.0012676207262354692 5.5072709007926565e-05 -0.00079356917580581624 0.0090168686861436861 -0.051883465991350006 -0.040318901840159432 0.0080322228298530373 0.0038191126840641087
leaf_weight=12.905107006430624 30.511082634329796 982.52324725687504 735.02804934233427 163.36756789684296 915.58272246271372 326.40520440042019 41.440003395080566 31.830026388168335 14.033492937684057 2499.0070936828852 2145.6869477853179 14091.415613204241 1732.5081153661013 11963.04685331881 38.204214066267014 10.579097107052801 54.482537284493446 239.96795953065157 2010.8574976697564
leaf_count=29 150 1855 3738 264 2033 1282 90 151 51 5428 5396 41016 7803 29218 108 38 183 428 4023
internal_value=0.000217371 -7.82976e-05 0.000224313 0.00177961 0.000151875 -0.00799257 -0.0121394 0.00113792 -0.00410216 0.00306268 -0.00367666 2.449e-05 -0.00310859 0.000321214 0.0218529 -0.00330748 -0.00431071 0.00550234 0.00468392
internal_weight=38039.4 31985.7 29504.5 6053.63 3879.41 418.955 367.845 3460.45 929.616 2530.84 2481.23 28522 2467.54 26054.5 51.1093 2450.72 2200.17 250.547 2174.23
internal_count=103284 89825 83630 13459 9172 1509 1372 7663 2084 5579 6195 81775 11541 70234 137 6045 5579 466 4287
is_linear=0
shrinkage=0.03


Tree=180
num_leaves=20
num_cat=0
split_feature=9 10 1 10 10 4 3 9 8 4 7 10 8 10 4 3 3 10 9
split_gain=19.4467 33.8751 41.4692 40.2007 89.3287 55.837 46.1418 61.7973 42.3131 37.5774 32.1774 32.6022 48.0586 34.1104 30.4038 25.3533 25.4226 24.9835 21.9802
threshold=13.073333333340999 64.718388776999532 7.3275000000000015 50.681417417544957 49.689440991333903 1.4371000000000034 0.46689999999998893 0.83000000000174634 0.070710812180074481 -0.1142333333333231 0.00021577813287265715 81.129418013813748 0.054782742089872535 77.240092636357403 2.0625000000000053 -1.238699999999995 -0.5880000000000255 99.999999991222495 23.610000000000586
decision_type=2 2 2 2 2 2 2 2 2 2 2 2 2 2 2 2 2 2 2
left_child=1 3 17 4 8 -6 7 -5 -1 -8 11 12 13 -2 -4 18 -17 -3 -13
right_child=10 2 14 6 5 -7 9 -9 -10 -11 -12 15 -14 -15 -16 16 -18 -19 -20
leaf_value=0.0039309825178747105 0.010476605466674145 -0.0018355434123188789 -0.016012110144639373 0.0010168573184145407 -0.01009724205223494 0.014576107132440584 0.0091042451699641907 0.0090110620685671626 -0.00033512212075896086 -0.0038058935609688017 -0.0002756510671300684 -0.05427023355066455 0.0050605177315589172 0.054067275548034158 -0.06771564538243631 0.019585520215728323 7.7855590266029121e-05 -0.032989240460014078 -0.0050652535779078037
leaf_weight=2417.652146872133 33.849016040563583 5446.5970551148057 58.636385336518288 1939.7524626478553 1101.0676839202642 89.238597542047501 242.45531325042248 1578.4855816215277 15555.70070990175 1244.1346073448658 4383.3977768868208 13.966073110699652 2196.3873432576656 30.909593999385834 12.40073876082897 62.500712662935257 1581.4461642503738 23.266316145658493 19.68987537920475
leaf_count=10678 75 18849 186 5149 4252 166 469 3456 38547 2958 9484 61 4293 43 54 117 4282 118 47
internal_value=0.000210894 -0.000148146 -0.00226382 0.000336898 -0.000288374 -0.00824745 0.00273109 0.00460352 0.000238725 -0.00170032 0.00149264 0.00346055 0.00581151 0.0312826 -0.0250378 0.000291819 0.000819512 -0.00196806 -0.0254836
internal_weight=38031.5 29709.4 5540.9 24168.5 19163.7 1190.31 5004.83 3518.24 17973.4 1486.59 8322.15 3938.75 2261.15 64.7586 71.0371 1677.6 1643.95 5469.86 33.6559
internal_count=103284 84882 19207 65675 53643 4418 12032 8605 49225 3427 18402 8918 4411 118 240 4507 4399 18967 108
is_linear=0
shrinkage=0.03


Tree=181
num_leaves=20
num_cat=0
split_feature=9 1 5 4 7 7 7 8 1 7 7 8 6 4 6 3 1 1 2
split_gain=19.2871 20.3813 35.6089 36.1396 29.5557 112.119 60.7711 50.9314 45.0539 38.6216 31.8587 23.5985 21.4571 15.7111 15.6795 13.2217 7.56239 18.6532 10.4681
threshold=75.973333333335191 3.4365000000000006 5.4641000000000055 -4.423799999999992 0.00010994103313288762 1.0000000180025095e-35 0.00011062118218108098 0.054772322957189583 0.041499999999999974 0.00011102321771927494 0.00011008820817171029 7.9269792391288769 -34.450999999999993 -0.030233333333328723 5.6895000000000016 0.5846999999999859 5.3150000000000004 2.8135000000000008 207.50000000000003
decision_type=2 2 2 2 2 2 2 2 2 2 2 2 2 2 2 2 2 2 2
left_child=1 4 3 -3 5 8 10 -7 -1 -8 -6 14 -13 -5 -4 -2 17 -17 -19
right_child=15 2 11 13 6 7 9 -9 -10 -11 -12 12 -14 -15 -16 16 -18 18 -20
leaf_value=-0.00061623701487254195 -0.020429003855611694 -0.060743452767836853 0.016076850274695978 -0.010676715270439716 0.002846198220308723 0.0026416959779811257 -0.010179511019908776 -0.013675170803272475 0.0023522254196653302 0.0014884113748063227 0.018587346821400147 -0.043096712996499711 -0.00063029959643608972 -0.0033829756385825561 0.0032243764143766182 0.01054958606739209 0.01586316066917488 -0.052287864033691567 -0.001998961307315006
leaf_weight=16561.541106190532 12.846805691719053 10.503691509366034 128.41657428443432 336.43158124387264 196.20393908023834 221.15404358133674 262.06243013590574 777.29280336946249 6372.1327761262655 9924.8979084566236 282.08601640164852 10.804412700235842 1204.5569142848253 1265.9798158556223 255.19619788229465 71.827270828187466 118.69685669243336 7.213451147079466 7.7039990648627281
leaf_count=48183 35 40 204 842 559 1093 843 3403 17838 23221 551 35 2447 3115 513 126 194 25 17
internal_value=0.000204566 0.00015323 -0.00213279 -0.00527789 0.000365455 -0.000219894 0.00167894 -0.010061 0.000208552 0.00118825 0.01213 0.00103974 -0.00100782 -0.00491432 0.00752682 0.00909637 0.0109427 0.00420973 -0.0263166
internal_weight=38027.5 37809.3 3211.89 1612.92 34597.4 23932.1 10665.3 998.447 22933.7 10187 478.29 1598.97 1215.36 1602.41 383.613 218.288 205.442 86.7447 14.9175
internal_count=103284 102887 7196 3997 95691 70517 25174 4496 66021 24064 1110 3199 2482 3957 717 397 362 168 42
is_linear=0
shrinkage=0.03


Tree=182
num_leaves=20
num_cat=0
split_feature=2 0 3 0 9 6 4 9 0 4 4 1 9 3 3 7 8 5 4
split_gain=19.3902 27.3859 25.2574 29.9365 27.7308 25.5502 24.2092 24.6571 23.6124 23.3285 27.8738 25.9386 22.796 32.4556 29.2347 24.7699 22.7423 26.5371 37.6304
threshold=1.5000000000000002 0.054500000000000014 -0.19980000000003376 0.019500000000000007 -2.4833333333372134 0.56850000000000001 -0.50086666666665958 21.243333333331979 0.033500000000000009 -0.21919999999999581 0.14820000000001457 -0.0019999999999999992 17.363333333327322 0.30980000000001412 0.10039999999997512 0.00010754717690852901 0.044699482002449616 1.2126999999999883 1.9805000000000021
decision_type=2 2 2 2 2 2 2 2 2 2 2 2 2 2 2 2 2 2 2
left_child=2 12 3 -1 9 8 -6 -8 -5 11 -11 -4 13 14 -2 -15 -3 18 -18
right_child=1 16 4 5 6 -7 7 -9 -10 10 -12 -13 -14 15 -16 -17 17 -19 -20
leaf_value=-0.022513433628274092 -0.0041441510274987338 0.0057764673151675851 0.015602319171837187 0.037167675411094239 -0.031575346454547334 -0.031312821758392409 0.0037171710121508893 0.034932753922899573 -0.00021434966250706905 0.037785744098276695 0.0028841291266152929 -0.04136078266997445 0.0081938141597444059 -0.0079982446852181338 0.0058738113412205376 -0.026906417503247973 -0.00081457915974127366 0.00073672293967034098 -0.013140272168612766
leaf_weight=57.620571255683899 1282.1042464226484 672.14107890427113 24.750197649002075 24.34246951341629 16.247212693095207 13.671914674341677 329.19011397659779 24.466758579015732 40.524013593792915 70.264214485883713 29.133197292685509 10.142923958599566 148.09447030723095 326.67583962529898 329.55898018181324 77.064204625785351 9807.2715616263449 24511.663360580802 228.10982559621334
leaf_count=294 6078 2501 95 58 86 68 1305 39 151 157 77 60 366 1309 1287 324 33401 54873 755
internal_value=0.000198459 0.000109792 0.0053747 -0.0060905 0.00847091 0.00595837 0.00423173 0.00587673 0.013814 0.0201477 0.0275561 -0.000956028 -0.00316634 -0.0040011 -0.00209564 -0.0116074 0.000311043 0.000204709 -0.00109475
internal_weight=38023 37382.7 640.354 136.159 504.195 78.5384 369.904 353.657 64.8665 134.291 99.3974 34.8931 2163.5 2015.4 1611.66 403.74 35219.2 34547 10035.4
internal_count=103284 100894 2390 571 1819 277 1430 1344 209 389 234 155 9364 8998 7365 1633 91530 89029 34156
is_linear=0
shrinkage=0.03


Tree=183
num_leaves=20
num_cat=0
split_feature=4 3 5 4 0 4 4 4 8 10 5 10 8 5 8 7 7 9 10
split_gain=19.178 20.7269 47.0466 38.7546 38.6481 38.4353 37.3929 36.3633 52.1845 35.7803 40.4711 33.8548 31.1601 23.9122 16.2708 11.6119 16.8592 15.228 10.0551
threshold=-19.355999999999991 -4.8342000000000054 6.0917999999999974 -1.2866666666666606 0.14750000000000005 -3.8152333333333277 -2.7067999999999928 -0.48699999999999594 0.044728565217168413 59.886359964863473 8.2484999999999697 0.67415730337224045 0.044699482002449616 48.342800000000004 15.704776352357365 0.0062033572817865599 0.021028237988995894 -30.726666666661909 25.721848598416617
decision_type=2 2 2 2 2 2 2 2 2 2 2 2 2 2 2 2 2 2 2
left_child=15 2 6 4 12 -6 -2 8 -5 13 -11 -9 -3 -4 -8 18 17 -17 -1
right_child=1 3 9 7 5 -7 14 11 -10 10 -12 -13 -14 -15 -16 16 -18 -19 -20
leaf_value=0.0067513088566205645 0.013920639372142052 0.032875927420891418 -0.0007728093888377831 -0.017549237938977967 -0.0023080280008412044 0.0050856812365869296 -0.034475627840172787 0.0095582588723321978 -0.0018078323250351454 0.020618165671605938 -0.038103597724691074 0.00024428827275483413 -0.011568075473799247 -0.026457813067572864 -0.081402367907077833 -0.049578414228939972 0.013684532870840526 -0.0030677152840394104 0.022125117681202074
leaf_weight=88.460556112229824 13.471540555357931 15.158354416489599 1584.4398414418101 197.49524283781648 784.1402630135417 3278.0044693350792 35.652813822031021 355.94737929105759 4704.3493167944252 13.64942182600498 46.714640811085701 26508.278406769037 224.00691255927086 33.307203590869904 8.1745176166295987 9.6061527729034442 28.946282856166363 18.607704572379589 67.508033223450184
leaf_count=176 27 48 3368 1110 1766 6985 132 1179 12965 22 147 74131 868 92 36 34 53 40 105
internal_value=0.000192491 0.000141897 -0.00306056 0.000295985 0.00296842 0.00365843 -0.029792 -6.58774e-05 -0.00244205 -0.00214782 -0.0248255 0.000367697 -0.0087512 -0.00130163 -0.0432282 0.0091664 -0.0024007 -0.0189035 0.0134056
internal_weight=38015.9 37802.8 1735.41 36067.4 4301.31 4062.14 57.2989 31766.1 4901.84 1678.11 60.3641 26864.2 239.165 1617.75 43.8273 213.129 57.1601 28.2139 155.969
internal_count=103284 102876 3824 99052 9667 8751 195 89385 14075 3629 169 75310 916 3460 168 408 127 74 281
is_linear=0
shrinkage=0.03


Tree=184
num_leaves=20
num_cat=0
split_feature=4 3 4 10 5 9 9 5 4 3 0 4 10 5 9 3 5 8 9
split_gain=18.9786 26.1865 38.4876 68.4064 59.1089 34.8255 29.9285 46.0883 55.5471 47.6647 31.4748 30.4834 29.6865 58.5702 55.4035 13.6221 36.807 17.5611 13.5933
threshold=6.6104666666666754 2.309399999999989 0.5659333333333364 98.347107426661395 1.7077000000000047 0.48666666667122632 22.946666666663081 4.2562999999999889 1.4791000000000114 4.6581999999999866 0.06950000000000002 1.108100000000003 76.685393257288993 0.23219999999999943 7.1333333333386699 -1.7600000000000195 23.262599999999974 18.874784730270367 -10.533333333332846
decision_type=2 2 2 2 2 2 2 2 2 2 2 2 2 2 2 2 2 2 2
left_child=1 2 3 5 -5 -1 7 8 -3 -9 -8 -12 13 -4 -14 16 17 -2 -17
right_child=15 6 12 4 -6 -7 10 9 -10 -11 11 -13 14 -15 -16 18 -18 -19 -20
leaf_value=-0.00071047690431486911 -0.070786166138846862 -0.020849367638376037 0.031570837797953367 -0.0062147728201068777 -0.035103887426597501 0.001616085207615049 0.031951932702670528 0.0016238974976942545 0.0024787222202970602 -0.0099174034557950215 0.0065815962070408665 -0.0024984195853599263 -0.0098785197181729557 0.0032498701325716557 0.0016849743525812755 0.022387789419652603 0.019739244101298823 -0.0041789032850382416 0.0051220133022327387
leaf_weight=16683.50674321875 9.8259708434343356 295.91934031993151 66.630602955818176 769.96685694903135 69.495360687375069 8868.4278919994831 28.201644122600555 926.37575782835484 133.22064386308193 493.68478225171566 458.55733766406775 1212.9905696809292 452.21235850453377 4813.5062514692545 2126.4157195836306 44.422796338796616 14.678254082798956 5.5886612609028807 538.73856741935015
leaf_count=49201 44 959 174 3249 299 23093 49 1934 352 1286 864 2630 1924 10276 5777 63 23 12 1075
internal_value=0.000186753 0.000100915 0.000357954 -0.000179825 -0.00860637 9.70137e-05 -0.00235074 -0.00499202 -0.0136075 -0.00238844 0.000522769 -7.49016e-06 0.00226078 0.00363655 -0.000342908 0.00542156 -0.0142612 -0.0466373 0.00643725
internal_weight=38012.4 37399.1 33850.2 26391.4 839.462 25551.9 3548.95 1849.2 429.14 1420.06 1699.75 1671.55 7458.76 4880.14 2578.63 613.254 30.0929 15.4146 583.161
internal_count=103284 102067 93993 75842 3548 72294 8074 4531 1311 3220 3543 3494 18151 10450 7701 1217 79 56 1138
is_linear=0
shrinkage=0.03


Tree=185
num_leaves=20
num_cat=0
split_feature=9 1 7 5 6 10 7 7 9 8 9 5 3 0 3 1 3 3 7
split_gain=18.5893 25.537 31.3299 24.2616 24.7371 22.9783 20.6058 211.001 31.3213 19.5147 19.4695 15.6136 25.3232 19.1767 14.8372 15.7857 24.6139 29.8776 14.7847
threshold=-46.969999999986605 -4.9684999999999988 -0.015446453082146315 3.6319000000000004 -3.1604999999999994 0.25856507248707322 -1.0000000180025095e-35 -0.00010983609707859719 -7.0433333333348846 8.3854039863101821 -14.813333333331682 3.9639999999999787 -3.2070000000000314 6.1415000000000006 -6.3554999999999913 -1.8264999999999996 -9.6305000000000103 -15.94879999999999 -1.0000000180025095e-35
decision_type=2 2 2 2 2 2 2 2 2 2 2 2 2 2 2 2 2 2 2
left_child=14 3 5 4 10 -3 7 -4 -8 -7 -2 12 -5 -13 15 -1 17 -17 -18
right_child=1 2 6 11 -6 9 8 -9 -10 -11 -12 13 -14 -15 -16 16 18 -19 -20
leaf_value=0.0026554317269442684 0.00027155875286549388 -0.040263285478870876 0.00024250795031113072 -0.032172793768188185 -0.060164159075323013 0.01292668762531711 0.0026935143962159638 -0.015459541581011225 1.5122386421491593e-05 0.0034389351594176715 -0.012786336800752952 -0.021518998920252656 0.016296432457334337 -0.0015531666189661075 0.0068201990237950682 -0.026140866452360148 -0.074092882369094448 0.014068518481947118 -0.01974162659087399
leaf_weight=307.58079225569963 156.33373527228832 9.9184588193893415 9611.2756213024259 11.011169686913489 8.4336064010858518 252.75913034379482 4994.5434480831027 837.32076676934958 18426.700202789158 855.43122052401304 299.92016284912825 44.726944237947464 81.551652640104294 1352.8007702603936 667.50526709109545 29.520545966923237 7.7594977021217373 38.092416107654572 10.737501159310339
leaf_count=606 405 37 24633 37 37 466 12564 3924 53455 1656 928 120 137 2850 1221 85 32 62 29
internal_value=0.000181176 6.8723e-05 0.000255159 -0.00326824 -0.00925316 0.00519606 9.20508e-05 -0.00101581 0.000586285 0.00560293 -0.0083121 -0.00140184 0.0105306 -0.00219216 0.00409594 -0.000523071 -0.0118765 -0.00348733 -0.042542
internal_weight=38003.9 36942.7 34987.9 1954.78 464.688 1118.11 33869.8 10448.6 23421.2 1108.19 456.254 1490.09 92.5628 1397.53 1061.2 393.691 86.11 67.613 18.497
internal_count=103284 101249 96735 4514 1370 2159 94576 28557 66019 2122 1333 3144 174 2970 2035 814 208 147 61
is_linear=0
shrinkage=0.03


Tree=186
num_leaves=20
num_cat=0
split_feature=2 5 9 9 9 3 0 8 8 10 3 0 9 0 7 9 7 7 10
split_gain=18.4489 26.0375 40.9328 62.7446 92.6616 52.9411 24.8379 27.9397 47.8332 28.7426 23.6009 28.4979 25.7829 24.5366 40.9953 24.8513 23.52 51.0919 30.9399
threshold=1.5000000000000002 0.15219999999998973 3.996666666665988 0.080000000009022201 -0.33333333332120668 1.0000000180025095e-35 0.063500000000000015 0.044721615932894365 0.044726471012164072 0.39551764057157618 -0.19980000000003376 0.019500000000000007 -2.4833333333372134 0.10150000000000002 -0.00011179911040826161 -4.0533333333369219 0.00011139411404403889 1.0000000180025095e-35 69.88490577946034
decision_type=2 2 2 2 2 2 2 2 2 2 2 2 2 2 2 2 2 2 2
left_child=10 2 3 4 -2 -5 16 9 -9 -8 11 -1 -12 15 -15 -13 17 -3 -18
right_child=1 6 -4 5 -6 -7 7 8 -10 -11 12 13 -14 14 -16 -17 18 -19 -20
leaf_value=-0.022043345593077961 0.004795867067292593 -0.0022540937279027749 -0.02514902846249259 0.026970381587240386 -0.023617362365181981 -0.0034514012663022552 0.027402493865635414 -0.011002714938475317 0.00036066392513746951 0.0041716129000399583 0.019437114946148134 -0.0075262952866653743 0.0041150993308491941 0.054381683604793819 -0.04223897898894282 0.033169321047397379 0.011693539998853678 -0.017284347766363083 -0.011605925237996674
leaf_weight=56.977368861436844 202.47220311686397 1640.7222026512027 84.955173335969448 95.229747161269188 210.90022398158908 112.07143491506577 50.502706535160542 336.77667654305696 33184.184596113861 942.17395652085543 134.87703446298838 22.865100182592869 369.96454383805394 5.0995977669954327 17.56507733464241 32.990711368620396 192.19627486169338 232.37365619838238 69.967633306980133
leaf_count=294 1254 6510 521 416 1523 645 165 1687 82785 3538 389 88 1430 6 96 87 474 1129 247
internal_value=0.000175778 8.92255e-05 -0.00561887 -0.00294567 -0.0097004 0.0105237 0.000199128 0.000393386 0.000246499 0.00535349 0.00522484 -0.00589226 0.00820864 0.00582757 -0.0204991 0.0165102 -0.00294079 -0.00411873 0.00547526
internal_weight=37994.9 37354.5 705.629 620.674 413.372 207.301 36648.9 34513.6 33521 992.677 640.339 135.498 504.842 78.5205 22.6647 55.8558 2135.26 1873.1 262.164
internal_count=103284 100894 4359 3838 2777 1061 96535 88175 84472 3703 2390 571 1819 277 102 175 8360 7639 721
is_linear=0
shrinkage=0.03


Tree=187
num_leaves=20
num_cat=0
split_feature=4 3 5 4 2 8 4 4 4 8 10 5 10 5 5 2 9 10 9
split_gain=18.2445 19.4172 44.2439 36.0962 37.0382 49.4032 40.9052 35.0485 34.3455 49.7641 33.1889 37.3883 31.5667 22.2912 14.834 11.2252 14.5827 26.6577 20.7823
threshold=-19.355999999999991 -4.8342000000000054 6.0917999999999974 -1.2866666666666606 4.5000000000000009 1.4707141164281061 -3.8152333333333277 -2.7067999999999928 -0.48699999999999594 0.044728565217168413 59.886359964863473 8.2484999999999697 0.67415730337224045 48.342800000000004 5.3492999999999871 8.5000000000000018 -72.660000000010754 22.617869191511755 -50.379999999997374
decision_type=2 2 2 2 2 2 2 2 2 2 2 2 2 2 2 2 2 2 2
left_child=15 2 7 4 5 -3 -6 -2 9 -5 13 -12 -10 -4 -9 -1 -17 18 -18
right_child=1 3 10 8 6 -7 -8 14 12 -11 11 -13 -14 -15 -16 16 17 -19 -20
leaf_value=0.029988423925172702 0.013470652685609021 0.0065453156031350353 -0.00076099260526696615 -0.017210951492768359 -0.002581564529142663 -0.017198398216330658 0.0051316026540912229 -0.012875976073598298 0.0092044725364441842 -0.0017720967709259872 0.020031062446731213 -0.03641562767206008 0.00022327272488355712 -0.025434818307311851 -0.052377465353677786 0.019213201384918329 -0.048922092023925466 0.0089784836984522342 -0.0012233211923187921
leaf_weight=20.599306225776672 13.449495390057562 138.82448610663414 1584.3937122821808 195.72137075290084 766.72326698899269 182.6116738691926 3207.5848767012358 11.650123387575148 356.95667964220047 4702.3782324679196 13.592496767640112 47.350937157869339 26489.866228729486 33.653592571616173 32.21636700630188 58.175870321691036 14.547210484743117 99.812966637313366 18.903947278857231
leaf_count=27 27 573 3368 1110 1713 629 6752 34 1179 12965 22 147 74131 92 134 101 51 190 39
internal_value=0.000170419 0.000121164 -0.00297757 0.000270449 0.00285136 -0.00694377 0.00364358 -0.0288967 -7.88018e-05 -0.00238901 -0.00209276 -0.0238261 0.000342687 -0.00127418 -0.0418866 0.00894574 0.00668151 0.00121085 -0.0219665
internal_weight=37989 37777 1736.31 36040.7 4295.74 321.436 3974.31 57.316 31744.9 4898.1 1678.99 60.9434 26846.8 1618.05 43.8665 212.039 191.44 133.264 33.4512
internal_count=103284 102876 3824 99052 9667 1202 8465 195 89385 14075 3629 169 75310 3460 168 408 381 280 90
is_linear=0
shrinkage=0.03


Tree=188
num_leaves=20
num_cat=0
split_feature=4 4 8 9 0 7 1 1 5 4 7 7 7 6 8 3 5 10 10
split_gain=18.1055 25.605 58.7686 36.7007 36.7437 35.4178 26.1771 21.6362 32.8298 33.2698 26.0756 107.584 63.6518 18.5121 13.2802 11.9693 15.2958 21.0441 19.8061
threshold=5.6565000000000039 4.5618666666666714 5.4545852555854681 6.2333333333444907 7.4675000000000011 0.0083122391596468521 33.867000000000012 3.4365000000000006 5.4641000000000055 -4.423799999999992 0.00010994103313288762 1.0000000180025095e-35 0.00021577813287265715 26.961500000000004 0.04472188166049313 16.191799999999972 15.883999999999988 95.327102794382526 95.327102794382526
decision_type=2 2 2 2 2 2 2 2 2 2 2 2 2 2 2 2 2 2 2
left_child=1 7 5 4 -4 -3 -5 10 9 -9 11 -1 -12 -10 -2 16 17 -16 -18
right_child=14 2 3 6 -6 -7 -8 8 13 -11 12 -13 -14 -15 15 -17 18 -19 -20
leaf_value=0.00022642811294797037 0.046209816135598075 -0.042405562936550824 -0.043377279805554982 0.0060948796470215302 0.0049735391673369923 0.021285923888855911 -0.042092516575895168 -0.058126651306964004 0.002600645103556092 -0.0048863085246791003 0.0051372813806870232 -0.0099197297799362271 5.5768219351701372e-05 -0.0073136607790903266 0.0041875664715952682 -0.0027921689622844833 0.0090415035769371103 -0.027809555097947199 0.035911875122521059
leaf_weight=22433.606857810169 6.8409985452890387 56.715644970536232 33.826265931129456 204.55393686890602 24.31254056096077 9.1215737611055356 10.675563782453535 10.63462910056114 1142.1969640627503 1580.8421368896961 3188.2602937705815 981.72423414513469 7294.140562415123 199.03901268541813 390.71937990188599 171.82209201902151 198.67030014097691 19.418546006083488 28.191875532269478
leaf_count=64946 10 218 112 386 45 16 35 40 2228 3909 8522 4467 16282 455 790 371 360 63 29
internal_value=0.000165336 6.83122e-05 -0.00813636 -0.00200829 -0.0231579 -0.0335813 0.00370474 0.000143877 -0.00232818 -0.00524207 0.000357751 -0.000198965 0.00160133 0.00112937 0.00458671 0.00423466 0.00613005 0.00267262 0.0123807
internal_weight=37985.3 37169.7 339.206 273.368 58.1388 65.8372 215.23 36830.4 2932.71 1591.48 33897.7 23415.3 10482.4 1341.24 815.663 808.822 637 410.138 226.862
internal_count=103284 101661 812 578 157 234 421 100849 6632 3949 94217 69413 24804 2683 1623 1613 1242 853 389
is_linear=0
shrinkage=0.03


Tree=189
num_leaves=20
num_cat=0
split_feature=2 6 1 5 0 3 7 8 2 8 0 8 4 2 0 8 4 10 10
split_gain=18.0131 21.6308 24.1565 30.7571 54.9283 37.9505 22.8681 20.9645 18.2416 16.6925 14.9063 13.8484 12.1549 19.1532 11.6911 9.65586 12.3639 9.50182 9.32132
threshold=310.50000000000006 10.641000000000004 -4.2534999999999998 2.1830000000000092 2.3465000000000007 2.309399999999989 0.0068000290325387356 0.054776883963566288 4.5000000000000009 12.220801884151975 32.620500000000007 12.605256892019989 8.019100000000007 245.50000000000003 40.430000000000014 9.7582273463459881 -19.355999999999991 60.370072643075538 23.704866561487247
decision_type=2 2 2 2 2 2 2 2 2 2 2 2 2 2 2 2 2 2 2
left_child=1 2 6 4 -4 -5 7 -1 11 -8 18 -3 13 -10 17 -16 -17 -12 -2
right_child=10 8 3 5 -6 -7 9 -9 12 -11 14 -13 -14 -15 15 16 -18 -19 -20
leaf_value=-0.033549783378139179 -0.010145796367253308 -0.038226388466721453 0.000243620644546275 0.0024020051702733423 -0.0047897843761089721 -0.0013687608820332246 0.017969399852804699 -0.0031556266367527403 -0.0025688124338448795 -0.0031032721791927741 -0.002037905959656681 0.0055185562284388269 0.010631582020928893 -0.017259386613801168 0.018172124625661021 0.014623692886800405 -0.00082642944426453396 -0.035971933585265993 0.015058920085204335
leaf_weight=20.615543648600578 14.426113292574881 22.866029895842079 17672.567488770932 10496.95647303015 2193.439514040947 3114.9942065402865 80.48724453151226 2201.0047279000282 1423.1041445732117 58.364277012646198 18.892846465110782 9.1070747226476652 57.745344907045364 84.623607859015465 37.590858146548271 57.336886323988438 249.30548214167356 12.236210383474825 156.07923498004675
leaf_count=108 33 105 57945 22242 6035 7032 120 5073 3120 122 39 22 101 213 57 109 517 38 253
internal_value=0.000160396 8.1505e-05 0.000233753 0.000440569 -0.000312126 0.00153909 -0.00269946 -0.00343767 -0.00333416 0.0091118 0.00557078 -0.0257663 -0.00287601 -0.00339334 0.00222955 0.00382168 0.00206248 -0.0153767 0.0129264
internal_weight=37981.7 37435.9 35838.4 33478 19866 13612 2360.47 2221.62 1597.45 138.852 545.868 31.9731 1565.47 1507.73 375.362 344.233 306.642 31.1291 170.505
internal_count=103284 102238 98677 93254 63980 29274 5423 5181 3561 242 1046 127 3434 3333 760 683 626 77 286
is_linear=0
shrinkage=0.03


Tree=190
num_leaves=20
num_cat=0
split_feature=9 3 5 4 10 5 9 10 4 4 8 4 0 10 6 5 10 2 10
split_gain=17.9102 20.3515 40.0007 36.1141 63.2358 55.8657 31.8832 30.4939 29.5229 41.4506 38.6538 28.7859 26.8004 26.0881 55.7759 52.8713 20.0646 49.9534 14.0552
threshold=55.546666666668905 2.309399999999989 3.8256999999999937 0.5659333333333364 98.347107426661395 1.7077000000000047 0.48666666667122632 64.718388776999532 0.87070000000000214 6.6104666666666754 2.5894012375712738 3.6332000000000053 9.8345000000000002 76.685393257288993 8.5460000000000012 0.23219999999999943 98.712446345957375 221.50000000000003 69.440126792845646
decision_type=2 2 2 2 2 2 2 2 2 2 2 2 2 2 2 2 2 2 2
left_child=1 3 7 4 6 -6 -1 12 10 -10 -4 -9 -3 15 -15 -5 18 -18 -2
right_child=16 2 8 13 5 -7 -8 11 9 -11 -12 -13 -14 14 -16 -17 17 -19 -20
leaf_value=-0.00073100129006574562 0.017856278565934632 -0.017042720295840405 -0.040220780753836942 0.029704314548890828 -0.0060283404291131852 -0.034299496684019611 0.0015024958966025829 -0.0036891978126282299 -0.0039969810091467963 0.0078516584732467882 0.00565382029577943 -0.054575443482141779 -0.060247892733157019 0.00021673703814174364 -0.035682797195405548 0.0030291232223649289 -0.054317869051347611 0.017721463656923474 0.0046064516353869212
leaf_weight=16668.46998269856 83.973229862749577 137.359384521842 16.932815760374069 67.794968865811825 767.41183349490166 68.524460107088089 8783.2417302578688 356.97042374312878 1998.3027670606971 306.48200617730618 695.98206873238087 10.293603256344793 14.263258397579191 2505.1098683029413 39.565520793199539 4914.6776873767376 16.716728210449219 17.981333330273628 507.64826294034719
leaf_count=49201 145 389 62 176 3249 298 22942 990 4629 563 1311 44 59 7531 141 10508 63 27 956
internal_value=0.000155625 7.12623e-05 -0.00209408 0.000297729 -0.000226892 -0.00834582 3.9766e-05 -0.00978831 -0.000771077 -0.00242139 0.00456423 -0.00511543 -0.0211071 0.0021299 -0.000341442 0.00339208 0.00518672 -0.0169854 0.0064871
internal_weight=37977.7 37351.4 3536.59 33814.8 26287.6 835.936 25451.7 518.887 3017.7 2304.78 712.915 367.264 151.623 7527.15 2544.68 4982.47 626.32 34.6981 591.621
internal_count=103284 102093 8047 94046 75690 3547 72143 1482 6565 5192 1373 1034 448 18356 7672 10684 1191 90 1101
is_linear=0
shrinkage=0.03


Tree=191
num_leaves=20
num_cat=0
split_feature=9 8 5 5 3 10 4 5 1 3 10 9 9 3 6 5 10 5 10
split_gain=17.8097 36.6225 49.4592 48.1786 45.9564 34.8169 69.115 34.5145 33.4067 28.7348 27.286 28.7271 27.2131 41.4545 29.5328 31.6817 28.2172 30.0968 26.1844
threshold=10.610000000000584 2.0801445164831205 0.48399999999997873 1.686999999999991 0.18880000000001507 86.848206895552181 0.5659333333333364 0.20499999999999313 0.51649999999999996 -0.096399999999995864 63.909478269170215 16.146666666674722 -14.476666666669187 -0.73030000000002571 12.729000000000003 5.0398999999999878 30.165977960865089 26.971299999999992 99.999999991222495
decision_type=2 2 2 2 2 2 2 2 2 2 2 2 2 2 2 2 2 2 2
left_child=12 2 5 4 -4 6 -2 -3 -7 -5 -9 -12 13 16 18 -16 -1 -18 -14
right_child=1 7 3 9 -6 8 -8 10 -10 -11 11 -13 14 -15 15 -17 17 -19 -20
leaf_value=-0.0019380580083764498 -0.029662777842350271 0.044656346176982442 0.028428815953784829 -0.025079681897898529 0.0080099375689200308 -0.025891863862320074 0.043129704650024463 0.0034524170954479136 0.032631924600092267 0.0046341237558512145 -0.0041392089035816376 0.000688012832211214 -0.0006221115334648082 0.0041564538909659365 -0.030466144216378114 -0.0055508502712595508 0.0019311288379691238 0.019605171386880709 -0.040175094671793365
leaf_weight=3331.5935869216919 20.512696251273155 16.059761479496956 183.91890420019627 34.191022038459778 215.37059789896011 81.36861477047205 27.447064831852913 2298.6375974789262 9.8398598432540876 204.38634590059519 1410.5595591142774 5199.0277322456241 20232.968995105475 2858.9749600365758 54.842806696891785 282.71189130842686 1399.5745458677411 92.441740140318871 15.074770383536814
leaf_count=8052 81 27 344 117 634 382 55 4482 24 536 3955 11390 63229 6175 191 633 2752 140 85
internal_value=0.000150988 0.00126008 0.00750672 0.011042 0.0174152 -0.00869718 0.0119959 0.000716183 -0.0195781 0.000375776 0.000636968 -0.00034217 -0.000229638 0.00129403 -0.000798273 -0.00959886 -0.000402546 0.00302617 -0.000651559
internal_weight=37969.5 9701.32 777.035 637.867 399.29 139.168 47.9598 8924.28 91.2085 238.577 8908.22 6609.59 28268.2 7682.58 20585.6 337.555 4823.61 1492.02 20248
internal_count=103284 22027 2173 1631 978 542 136 19854 406 653 19827 15345 81257 17119 64138 824 10944 2892 63314
is_linear=0
shrinkage=0.03


Tree=192
num_leaves=20
num_cat=0
split_feature=9 1 7 5 6 10 7 7 9 8 9 2 0 10 8 10 1 9 3
split_gain=17.59 23.1556 28.9113 22.1935 23.3962 21.5801 19.778 198.209 28.6649 18.664 18.3659 15.3566 28.27 14.0199 18.1633 16.1837 25.8448 14.4137 11.076
threshold=-46.969999999986605 -4.9684999999999988 -0.015446453082146315 3.6319000000000004 -3.1604999999999994 0.25856507248707322 -1.0000000180025095e-35 -0.00010983609707859719 -7.0433333333348846 8.3854039863101821 -12.059999999990394 7.5000000000000009 5.7915000000000019 33.652619306874989 18.874784730270367 2.1739130427856925 -2.337499999999999 -54.966666666667145 1.2815000000000139
decision_type=2 2 2 2 2 2 2 2 2 2 2 2 2 2 2 2 2 2 2
left_child=13 3 5 4 10 -3 7 -4 -8 -7 -2 -5 -13 14 18 16 -16 -17 -1
right_child=1 2 6 11 -6 9 8 -9 -10 -11 -12 12 -14 -15 15 17 -18 -19 -20
leaf_value=0.0059536169620694919 -0.0010450614101080952 -0.039148882933600318 0.00018857930926907153 0.024362885315230752 -0.058529586865203709 0.012535653841904932 0.0025593383349826644 -0.015079591023137931 -4.087564371483794e-06 0.0032436232213745586 -0.013206432961996025 -0.034858196138939167 -0.0011950516624049925 0.013970866489613945 -0.004637330388570721 0.0038610025513777253 -0.050808459890084687 -0.0090910266187438672 0.027649335083936851
leaf_weight=443.32473566383123 196.64131524413824 9.8900938481092435 9605.1192738860846 20.604176595807076 8.384513705968855 252.05985963344574 4990.3152035176754 831.47168655693531 18408.219888608903 852.65743674337864 258.91590517759323 22.806197851896286 1446.3530333265662 112.5342463105917 43.806043401360512 319.10917011648417 14.530525952577589 102.06163139641285 22.240041926503181
leaf_count=817 534 37 24633 39 37 466 12564 3924 53455 1656 799 70 3035 194 95 617 52 231 29
internal_value=0.000146472 3.71486e-05 0.000214822 -0.00314125 -0.00887094 0.00496879 5.82157e-05 -0.00102782 0.000542626 0.00536376 -0.00795698 -0.00135691 -0.00171761 0.00396114 0.00276924 -0.00132882 -0.0161377 0.000722359 0.00699002
internal_weight=37961 36903.4 34949.7 1953.71 463.942 1114.61 33835.1 10436.6 23398.5 1104.72 455.557 1489.76 1469.16 1057.61 945.072 479.507 58.3366 421.171 465.565
internal_count=103284 101249 96735 4514 1370 2159 94576 28557 66019 2122 1333 3144 3105 2035 1841 995 147 848 846
is_linear=0
shrinkage=0.03


Tree=193
num_leaves=20
num_cat=0
split_feature=2 5 2 9 4 1 5 6 6 1 10 3 8 8 8 1 4 10 10
split_gain=17.5876 24.1833 40.7184 52.3805 64.0328 23.787 44.35 23.4553 42.5608 24.6533 27.4057 26.9153 23.0625 72.4644 79.8243 77.7149 40.0613 44.7431 21.0893
threshold=1.5000000000000002 0.15219999999998973 4.5000000000000009 3.996666666665988 0.068200000000003771 -0.026500000000000013 0.093399999999988839 -0.60049999999999981 -0.13199999999999984 0.0040000000000000062 65.136317487181586 0.14999999999996991 0.044721365931288615 0.044728565217168413 0.054752342190794077 0.086000000000000049 2.9361000000000006 98.468410346510936 1.9884023589456705
decision_type=2 2 2 2 2 2 2 2 2 2 2 2 2 2 2 2 2 2 2
left_child=7 2 3 4 -2 6 -4 9 -9 10 11 -1 16 15 -15 -14 17 -3 -10
right_child=1 12 5 -5 -6 -7 -8 8 18 -11 -12 -13 13 14 -16 -17 -18 -19 -20
leaf_value=-0.017458817142981174 -0.0061047351885585802 0.0057034049438864079 0.030101411446994335 -0.028081969179924244 0.017081987140502002 -0.026401537751243896 -0.02310723423406565 -0.018171681536000128 -0.015142358829558115 0.033767385550907886 -0.025480490413518183 0.034050888203695479 -0.020375712920074562 0.011219836855698072 7.5223488122016646e-06 0.0035195024104356628 0.040679165548681478 -0.013165645459230688 0.0079423222939813184
leaf_weight=13.172752916812895 308.06111027300358 971.75869634747505 22.69651111215353 58.712376840412617 164.39647380262613 111.13614539429545 37.216161370277405 76.922330170869827 38.961724504828453 48.195465430617332 18.44856321811676 29.747341811656952 316.50164725631475 581.11959929764271 34385.386646281928 199.84262294322252 26.728034794330597 127.99926803261042 414.88803673908114
leaf_count=56 2100 3743 113 388 821 704 233 343 227 100 78 65 1857 1913 87575 804 52 591 1521
internal_value=0.000142104 5.75006e-05 -0.00545714 -0.00135771 0.00196332 -0.0181874 -0.00295039 0.00507186 0.00246319 0.0177093 0.00509811 0.0182419 0.000163279 2.91162e-05 0.000193863 -0.0111275 0.00438924 0.00350726 0.00596057
internal_weight=37951.9 37311.6 702.219 531.17 472.458 171.049 59.9127 640.336 530.772 109.564 61.3687 42.9201 36609.3 35482.9 34966.5 516.344 1126.49 1099.76 453.85
internal_count=103284 100894 4359 3309 2921 1050 346 2390 2091 299 199 121 96535 92149 89488 2661 4386 4334 1748
is_linear=0
shrinkage=0.03


Tree=194
num_leaves=20
num_cat=0
split_feature=10 4 5 9 4 9 3 3 5 4 9 5 10 3 2 10 9 8 0
split_gain=17.254 38.3886 46.1285 41.7029 39.4377 36.1295 67.8174 32.8843 45.5632 47.1115 35.9579 61.713 50.1771 51.8907 36.2308 34.9474 32.0138 31.3958 26.4563
threshold=17.748979081042865 0.80643333333333966 0.83960000000000012 -4.0533333333369219 0.67620000000000113 -2.3499999999985444 0.056800000000013631 0.32019999999997062 0.74939999999999973 2.6098000000000048 5.5466666666688988 0.48399999999997873 98.591549276352836 0.014200000000015837 18.500000000000004 49.408124787620913 21.840000000003787 3.0837476247290323 0.0055000000000000005
decision_type=2 2 2 2 2 2 2 2 2 2 2 2 2 2 2 2 2 2 2
left_child=1 4 -3 -4 5 17 -7 10 9 16 12 15 13 -2 -13 -12 -9 -1 -14
right_child=7 2 3 -5 -6 6 -8 8 -10 -11 11 14 18 -15 -16 -17 -18 -19 -20
leaf_value=0.0021172898100576582 -0.00024747279392273272 -0.045583662022153221 0.013231293780716889 0.065181455511168634 -0.046527885691621362 -0.019947903868937664 0.0037798508248395265 -0.0096618643884662497 -0.00022895209401664027 0.035551165114755798 0.023530743996312064 0.0084778389802989875 0.056963614067669664 0.0042095506948425033 0.0024164997472979634 -0.0063676140836842719 0.0093284594818334194 -0.0027188354555514353 -0.020551571256162998
leaf_weight=1939.5187407173216 11310.016137853265 10.325066350400446 97.473198562860489 16.221471458673477 17.642324060201645 254.04688928648829 189.10954025760293 876.77044424414635 12588.176138758659 22.959064058959484 37.258723676204681 1651.9276870563626 4.0923390313982955 2967.8551903292537 1918.030272655189 632.31446839123964 87.904401898384094 3203.8503224775195 125.16075770556927
leaf_count=8371 29173 50 182 18 79 1905 763 3255 29647 49 75 3930 18 9286 3943 2522 200 9112 706
internal_value=0.000137723 -0.00137942 0.0151297 0.0206433 -0.00174477 -0.00160334 -0.00982248 0.000407426 -0.000715765 -0.00692058 0.00122517 0.00365373 0.000510531 0.000678982 0.00522127 -0.00470391 -0.0079314 -0.000895176 -0.0180973
internal_weight=37950.7 5728.19 124.02 113.695 5604.17 5586.53 443.156 32222.5 13575.8 987.634 18646.7 4239.53 14407.1 14277.9 3569.96 669.573 964.675 5143.37 129.253
internal_count=103284 20480 250 200 20230 20151 2668 82804 33151 3504 49653 10470 39183 38459 7873 2597 3455 17483 724
is_linear=0
shrinkage=0.03


Tree=195
num_leaves=20
num_cat=0
split_feature=9 1 5 4 7 7 7 7 0 1 8 10 6 4 5 3 1 1 7
split_gain=17.2226 18.2142 30.5063 32.2881 24.2706 195.093 72.6388 40.2949 28.8405 29.6632 22.5529 21.9809 20.027 16.317 15.492 12.5674 7.21402 17.5962 10.4427
threshold=75.973333333335191 3.4365000000000006 5.4641000000000055 -4.9006999999999925 -1.0000000180025095e-35 -0.00010983609707859719 -0.00010961985479340795 -0.00011063274741318628 3.3785000000000003 3.0965000000000003 7.9269792391288769 85.511528160085419 -34.450999999999993 -0.030233333333328723 8.2484999999999697 0.5846999999999859 5.3150000000000004 2.8135000000000008 -1.0000000180025095e-35
decision_type=2 2 2 2 2 2 2 2 2 2 2 2 2 2 2 2 2 2 2
left_child=1 4 3 -3 5 7 -7 -1 9 -6 14 -10 -12 -5 -4 -2 17 18 -17
right_child=15 2 10 13 8 6 -8 -9 11 -11 12 -13 -14 -15 -16 16 -18 -19 -20
leaf_value=-0.00015643120916369584 -0.020162560606220972 -0.068209694261645262 0.00091872315064554181 -0.010535025580610183 0.00060327494270468916 -0.033067827265510941 -0.010488188996628709 0.0078887273984937483 0.0049982344762527818 -0.021059171165958977 -0.041491768276349608 -0.0056679644667677895 -0.00076863510510813253 -0.0031335888972043153 0.013019213469116196 0.02358385955270614 0.015278190918369593 -0.025666626478036962 0.0002708451687831832
leaf_weight=12147.262667499483 12.863806590437887 7.2376134544610968 182.67902787029743 340.1918423101306 18625.644173715264 158.60724248364568 669.41911121830344 587.39761877059937 2090.5051813498139 57.065578535199165 10.967969931662081 189.66349121928215 1200.3770697638392 1264.5110720098019 198.90399049222469 29.829490691423416 116.60502310842276 15.026622310280798 41.144952043890953
leaf_count=29600 35 30 387 852 55674 848 3083 1686 4103 178 35 519 2447 3115 330 43 194 42 83
internal_value=0.000133532 8.52332e-05 -0.00207821 -0.00498782 0.000286057 -0.000702824 -0.0148133 0.000214659 0.000925849 0.000537108 0.000866124 0.00411102 -0.00113736 -0.00470267 0.00722623 0.008591 0.0104166 0.00382502 0.010069
internal_weight=37945.9 37730.4 3204.87 1611.94 34525.6 13562.7 828.026 12734.7 20962.9 18682.7 1592.93 2280.17 1211.35 1604.7 381.583 215.47 202.606 86.0011 70.9744
internal_count=103284 102887 7196 3997 95691 35217 3931 31286 60474 55852 3199 4622 2482 3967 717 397 362 168 126
is_linear=0
shrinkage=0.03


Tree=196
num_leaves=20
num_cat=0
split_feature=9 10 10 3 9 4 9 5 3 7 7 7 0 3 4 1 9 10 10
split_gain=17.0696 23.6924 54.3874 56.8924 55.4105 48.7751 49.2944 107.309 56.5798 45.1264 87.2033 35.9399 35.0059 22.956 49.0298 29.2928 32.1528 23.6241 30.8833
threshold=-39.560000000004941 31.612903224741377 31.144067795993617 -1.0569000000000071 -8.4333333333270257 -0.13519999999999679 0.48666666667122632 1.9917999999999978 0.34199999999997194 -0.00011124281024676995 -1.0000000180025095e-35 0.00011000446618059102 5.0585000000000013 -15.94879999999999 -8.8684999999999921 -0.41449999999999992 -61.313333333338953 26.315789471665202 0.67415730337224045
decision_type=2 2 2 2 2 2 2 2 2 2 2 2 2 2 2 2 2 2 2
left_child=13 2 3 11 -5 9 7 -7 -8 12 -11 -2 -3 14 15 -1 -17 18 -16
right_child=1 5 -4 4 -6 6 8 -9 -10 10 -12 -13 -14 -15 17 16 -18 -19 -20
leaf_value=0.0051532291228348686 -0.0067573058101484777 0.0078185316715664258 -0.02097376242242319 0.0029434044656700352 -0.0029062161692646766 -0.0064640988230493072 0.003119086447797089 0.0020858301445908717 -0.00087316839554484786 -0.014310692172183611 0.0017497191798119083 0.00167616618170233 0.00037886935375824031 0.0044500196029075099 -0.0093920708236942194 -0.0040032563125434687 -0.07651254692444083 0.00207880578050124 -0.07659089435582675
leaf_weight=155.44950222223997 1979.6955093964934 1867.3088059723377 125.55745077133179 3509.5667952746153 2492.412366785109 3108.4424506649375 4953.5080176219344 2297.762323141098 8999.7441484257579 323.16990200430155 5203.3182445839047 590.4196562692523 818.81957655400038 1454.0201220437884 9.6268918961286563 14.965452693402769 8.7056844234466535 9.8123495131731016 17.068185672163963
leaf_count=307 6087 3792 372 9451 10874 10773 14759 4656 22572 1160 12529 1342 1658 2766 24 34 37 19 72
internal_value=0.000129538 -6.99215e-06 -0.00137216 -0.00108505 0.000514261 0.000423653 -0.000398173 -0.00283018 0.000544112 0.00236093 0.000810562 -0.00481993 0.00555068 0.00309538 -0.00603921 0.00041906 -0.0306705 -0.0377262 -0.0523574
internal_weight=37939.4 36269.7 8697.65 8572.09 6001.98 27572.1 19359.5 5406.2 13953.3 8212.62 5526.49 2570.12 2686.13 1669.65 215.628 179.121 23.6711 36.5074 26.6951
internal_count=103284 100025 28126 27754 20325 71899 52760 15429 37331 19139 13689 7429 5450 3259 493 378 71 115 96
is_linear=0
shrinkage=0.03


Tree=197
num_leaves=20
num_cat=0
split_feature=9 1 4 3 5 5 10 10 9 5 8 8 0 5 10 5 6 7 2
split_gain=16.9212 29.0301 23.22 35.6129 36.974 26.8793 23.1321 24.6895 38.51 32.7932 22.4839 46.2015 18.5937 17.7577 15.2443 18.0608 14.2514 13.6896 16.6406
threshold=35.393333333333437 33.867000000000012 6.6104666666666754 2.8860999999999968 3.8256999999999937 6.0917999999999974 93.528797735879962 99.613899609838882 43.673333333339549 2.2124999999999821 20.58532246234213 38.599034885986541 0.4215000000000001 15.883999999999988 69.440126792845646 4.3312000000000044 -1.3474999999999997 0.015543991556798977 197.50000000000003
decision_type=2 2 2 2 2 2 2 2 2 2 2 2 2 2 2 2 2 2 2
left_child=1 2 3 5 -5 -1 12 8 16 -10 13 -12 -2 -9 -14 -16 -8 -3 -19
right_child=6 17 -4 4 -6 -7 7 10 9 -11 11 -13 14 -15 15 -17 -18 18 -20
leaf_value=-0.00016124007305795787 0.016640780539404924 -0.046019012117203578 0.0075886867031215713 -0.019691411239262043 -0.0029707498695534526 0.0024248900090204865 -0.060391894009651899 0.0047830093233273306 0.029071254517556093 -0.0117723532729582 -0.052206213547610479 0.032484076629863037 0.0081766769884017675 0.040118554305505205 0.0071941899034318017 -0.00088995238912472946 -0.024631312913950477 0.013643659824486653 -0.025045450236780308
leaf_weight=29530.742901396006 101.33726832270622 14.641658112406729 360.24353048205376 127.94880397617817 1706.2349153459072 4121.9795016869903 14.963133722543715 118.82551917433739 22.117027446627617 88.428860500454903 16.381120160222054 8.972970664501192 435.94002440571785 14.345107823610304 359.52108784019947 807.0360065549612 30.420657984912395 14.682840868830679 31.407862976193428
leaf_count=85856 163 50 704 433 3945 8208 61 251 28 212 59 10 797 13 645 1643 93 26 87
internal_value=0.000125703 -2.45294e-05 1.05809e-05 -6.63479e-05 -0.00413715 0.000155524 0.00279853 -0.00467752 -0.0131534 -0.00360073 0.00365956 -0.0222338 0.00417829 0.00858935 0.0033902 0.0016015 -0.0364217 -0.0207483 -0.0127205
internal_weight=37926.2 35907.9 35847.1 35486.9 1834.18 33652.7 2018.29 314.454 155.93 110.546 158.525 25.3541 1703.83 133.171 1602.5 1166.56 45.3838 60.7324 46.0907
internal_count=103284 99309 99146 98442 4378 94064 3975 727 394 240 333 69 3248 264 3085 2288 154 163 113
is_linear=0
shrinkage=0.03


Tree=198
num_leaves=20
num_cat=0
split_feature=2 0 7 6 9 9 3 5 6 6 1 10 3 8 8 4 8 8 5
split_gain=16.9008 22.211 22.3087 33.7592 26.2854 46.9971 37.5807 23.1145 21.9724 40.3023 22.8352 25.9224 25.1857 20.7995 26.1501 34.2215 31.915 26.0468 29.4789
threshold=1.5000000000000002 0.054500000000000014 -0.00011267688158067556 0.90450000000000019 -3.3300000000017458 0.1699999999982538 -0.10319999999998559 0.27580000000000365 -0.60049999999999981 -0.13199999999999984 0.0040000000000000062 65.136317487181586 0.14999999999996991 0.044699482002449616 0.044720580166351435 0.10643333333333653 0.044721269360503607 1.0000000180025095e-35 1.7077000000000047
decision_type=2 2 2 2 2 2 2 2 2 2 2 2 2 2 2 2 2 2 2
left_child=8 2 3 7 6 -6 -4 -2 10 -10 11 12 -1 17 15 -15 -16 18 -3
right_child=1 13 4 -5 5 -7 -8 -9 9 -11 -12 -13 -14 14 16 -17 -18 -19 -20
leaf_value=-0.017013589452103357 0.039893893088488286 0.0042741768455493538 -0.0041875588214796405 -0.051227934939286991 -0.013547595382058037 -0.0020421769751912296 0.011470396197222753 0.0065973294781886066 -0.017739435860490947 0.0058170558479920548 0.032558163019923266 -0.024932656389267813 0.032885414970076736 -0.001677141610232964 0.013822655260562824 -0.028704831391956016 0.00011747592388243624 0.017027061309794943 -0.024572415858231337
leaf_weight=13.079448640346525 25.367081522941589 500.58398827165365 363.49884241074324 7.3935151100158683 472.54886018112302 986.74655523896217 222.33602204918861 72.087815284729004 76.355360254645348 454.16545445099473 48.475781515240669 18.272334799170494 29.948315516114235 120.75024478882551 153.60960505157709 64.782288685441017 34116.013463310897 138.68851777911186 34.052313357591629
leaf_count=56 45 2045 1463 32 2786 3999 865 174 343 1748 100 78 65 557 546 352 87574 324 132
internal_value=0.000121989 3.89834e-05 -0.002921 0.0105755 -0.00361293 -0.00576786 0.00175495 0.0152643 0.00495465 0.00242668 0.0171717 0.00500418 0.0177173 0.000220144 0.000118096 -0.0111144 0.000178908 0.00544209 0.00243687
internal_weight=37918.8 37278.5 2149.98 104.848 2045.13 1459.3 585.835 97.4549 640.297 530.521 109.776 61.3001 43.0278 35128.5 34455.2 185.533 34269.6 673.325 534.636
internal_count=103284 100894 9364 251 9113 6785 2328 219 2390 2091 299 199 121 91530 89029 909 88120 2501 2177
is_linear=0
shrinkage=0.03


Tree=199
num_leaves=20
num_cat=0
split_feature=4 3 9 8 5 8 8 1 10 7 1 4 1 9 5 7 10 2 5
split_gain=16.3973 18.8354 36.8997 38.4731 49.0705 34.585 56.1006 37.7189 30.5961 30.3446 33.8993 27.6485 26.9437 17.4868 14.1297 11.4132 12.4647 29.2046 13.8912
threshold=-19.355999999999991 -1.6324000000000316 -14.476666666669187 0.054780830325144324 0.4489999999999898 0.05478951771676626 0.054797945500999402 0.061000000000000033 33.652619306874989 -0.015446453082146315 -4.2534999999999998 -4.423799999999992 0.16950000000000004 -12.343333333337794 11.25369999999999 0.0016914263299860901 28.775510203260776 157.50000000000003 48.342800000000004
decision_type=2 2 2 2 2 2 2 2 2 2 2 2 2 2 2 2 2 2 2
left_child=15 5 3 4 -3 7 -7 14 -8 13 -11 -5 -9 -4 -2 -1 17 -17 -18
right_child=1 2 9 11 -6 6 8 12 -10 10 -12 -13 -14 -15 -16 16 18 -19 -20
leaf_value=0.013403349882967288 -0.04263377953773357 -0.024170375816815241 -0.012212025157329354 -0.014088675954146803 0.026099945693495229 0.082412279354973417 -0.0035030645599040686 0.046234527422936864 0.0010892153544803428 -0.007612137486954525 -6.0909345237131359e-05 0.002762125482521402 -0.018575191052721002 0.0074216573457582223 0.0081825058138705973 -0.068411953766545922 -0.0047548408632039438 0.00096745021501424915 0.031531015793382494
leaf_weight=140.32940205186605 43.973385065793991 20.561116188764572 43.596126809716225 89.533753149211407 116.46719017624855 7.1961492151021949 2862.7447918727994 10.090615704655649 2400.7190829738975 545.96424467861652 26774.340058598667 4130.1610990166664 13.493246063590048 642.80822978168726 5.5456543862819663 7.2921743541955975 24.387707620859146 21.739261575043201 15.549456402659414
leaf_count=256 249 103 108 232 257 6 7081 23 4943 1403 78115 9124 49 1170 13 29 55 46 22
internal_value=0.000118271 7.17917e-05 0.000344246 0.00291261 0.0185569 -0.00157827 -0.00129404 -0.0220713 -0.00140848 -5.52888e-05 -0.000211812 0.00240458 0.00915436 0.00617465 -0.0369428 0.00849207 -0.00150082 -0.0164594 0.00937299
internal_weight=37916.5 37707.2 32363.4 4356.72 137.028 5343.76 5270.66 73.1029 5263.46 28006.7 27320.3 4219.69 23.5839 686.404 49.519 209.298 68.9686 29.0314 39.9372
internal_count=103284 102876 90512 9716 360 12364 12030 334 12024 80796 79518 9356 72 1278 262 408 152 75 77
is_linear=0
shrinkage=0.03


end of trees

feature_importances:
dist_ma15=646
rsi=646
net_flow_ma15=449
net_flow_ma5=426
volume_ma5=389
std_5=374
price_change=344
trade_count=167
total_volume=156
net_flow=120
net_flow_diff=83

parameters:
[boosting: gbdt]
[objective: binary]
[metric: binary_logloss]
[tree_learner: serial]
[device_type: cpu]
[data_sample_strategy: bagging]
[data: ]
[valid: ]
[num_iterations: 200]
[learning_rate: 0.03]
[num_leaves: 20]
[num_threads: 8]
[seed: 42]
[deterministic: 0]
[force_col_wise: 0]
[force_row_wise: 0]
[histogram_pool_size: -1]
[max_depth: 5]
[min_data_in_leaf: 20]
[min_sum_hessian_in_leaf: 0.001]
[bagging_fraction: 1]
[pos_bagging_fraction: 1]
[neg_bagging_fraction: 1]
[bagging_freq: 0]
[bagging_seed: 400]
[bagging_by_query: 0]
[feature_fraction: 1]
[feature_fraction_bynode: 1]
[feature_fraction_seed: 30056]
[extra_trees: 0]
[extra_seed: 12879]
[early_stopping_round: 0]
[early_stopping_min_delta: 0]
[first_metric_only: 0]
[max_delta_step: 0]
[lambda_l1: 0]
[lambda_l2: 0]
[linear_lambda: 0]
[min_gain_to_split: 0]
[drop_rate: 0.1]
[max_drop: 50]
[skip_drop: 0.5]
[xgboost_dart_mode: 0]
[uniform_drop: 0]
[drop_seed: 17869]
[top_rate: 0.2]
[other_rate: 0.1]
[min_data_per_group: 100]
[max_cat_threshold: 32]
[cat_l2: 10]
[cat_smooth: 10]
[max_cat_to_onehot: 4]
[top_k: 20]
[monotone_constraints: ]
[monotone_constraints_method: basic]
[monotone_penalty: 0]
[feature_contri: ]
[forcedsplits_filename: ]
[refit_decay_rate: 0.9]
[cegb_tradeoff: 1]
[cegb_penalty_split: 0]
[cegb_penalty_feature_lazy: ]
[cegb_penalty_feature_coupled: ]
[path_smooth: 0]
[interaction_constraints: ]
[verbosity: -1]
[saved_feature_importance_type: 0]
[use_quantized_grad: 0]
[num_grad_quant_bins: 4]
[quant_train_renew_leaf: 0]
[stochastic_rounding: 1]
[linear_tree: 0]
[max_bin: 255]
[max_bin_by_feature: ]
[min_data_in_bin: 3]
[bin_construct_sample_cnt: 200000]
[data_random_seed: 175]
[is_enable_sparse: 1]
[enable_bundle: 1]
[use_missing: 1]
[zero_as_missing: 0]
[feature_pre_filter: 1]
[pre_partition: 0]
[two_round: 0]
[header: 0]
[label_column: ]
[weight_column: ]
[group_column: ]
[ignore_column: ]
[categorical_feature: ]
[forcedbins_filename: ]
[precise_float_parser: 0]
[parser_config_file: ]
[objective_seed: 16083]
[num_class: 1]
[is_unbalance: 0]
[scale_pos_weight: 6.37637]
[sigmoid: 1]
[boost_from_average: 1]
[reg_sqrt: 0]
[alpha: 0.9]
[fair_c: 1]
[poisson_max_delta_step: 0.7]
[tweedie_variance_power: 1.5]
[lambdarank_truncation_level: 30]
[lambdarank_norm: 1]
[label_gain: ]
[lambdarank_position_bias_regularization: 0]
[eval_at: ]
[multi_error_top_k: 1]
[auc_mu_weights: ]
[num_machines: 1]
[local_listen_port: 12400]
[time_out: 120]
[machine_list_filename: ]
[machines: ]
[gpu_platform_id: -1]
[gpu_device_id: -1]
[gpu_use_dp: 0]
[num_gpu: 1]

end of parameters

pandas_categorical:[]
